<?xml version="1.0" encoding="UTF-8"?>
<DOCUMENT><P/><P><SENTENCE><W>bought</W><W>my</W><W>Calphalon</W><W>Non-stick</W><W>pan</W><W>because</W><W>I</W><C><cue ID="0" type="speculation"><W>believed</W></cue></C><xcope ID="12"><ref COMMENTS="" ID="31" SRC="0"/><W>that</W><W>you</W><C><cue ID="1" type="speculation"><W>must</W></cue></C><xcope ID="11"><ref ID="30" SRC="1"/><W>have</W><W>at</W><W>least</W><W>one</W><W>non-stick</W><W>in</W><W>your</W><W>kitchen</W></xcope></xcope><W>.</W></SENTENCE><SENTENCE><W>I</W><W>picked</W><W>this</W><W>product</W><W>because</W><W>I</W><W>figured</W><W>for</W><W>the</W><W>price</W><W>I</W><W>was</W><W>getting</W><W>a</W><W>top</W><W>quality</W><W>product</W><W>that</W><C><cue ID="2" type="speculation"><W>would</W></cue></C><xcope ID="13"><ref ID="22" SRC="2"/><W>last</W></xcope><W>.</W></SENTENCE></P><P/><P><SENTENCE><W>My</W><W>pan</W><W>lasted</W><W>less</W><W>than</W><W>a</W><W>year</W><W>.</W></SENTENCE><SENTENCE><W>It</W><W>was</W><C><cue ID="3" type="negation"><W>never</W></cue></C><xcope ID="14"><ref ID="21" SRC="3"/><W>the</W><W>same</W><W>after</W><W>I</W><W>burned</W><W>pancakes</W><W>on</W><W>it</W></xcope><W>.</W></SENTENCE><SENTENCE><W>The</W><W>accident</W><W>left</W><W>a</W><W>round</W><W>burnt</W><W>mark</W><W>on</W><W>my</W><W>pan</W><W>that</W><W>I</W><C><cue ID="4" type="speculation"><W>could</W></cue></C><C><cue ID="5" type="negation"><W>not</W></cue></C><xcope ID="15"><ref ID="24" SRC="4"/><W>get</W><W>rid</W><W>of</W></xcope><W>.</W></SENTENCE><SENTENCE><W>Then</W><W>the</W><W>pan</W><W>lost</W><W>it</W><W>&apos;s</W><W>non-stick</W><W>luster</W><C><W>and</W></C><W>everything</W><W>I</W><W>cooked</W><W>adhered</W><W>to</W><W>the</W><W>pan</W><W>.</W></SENTENCE><SENTENCE><W>Very</W><W>frustrating</W><C><cue ID="6" type="speculation"><W>if</W></cue></C><xcope ID="16"><ref ID="25" SRC="6"/><W>your</W><W>trying</W><W>to</W><W>make</W><W>omelettes</W></xcope><W>.</W></SENTENCE><SENTENCE><W>Besides</W><W>burning</W><W>the</W><W>pancakes</W><W>,</W><W>I</W><W>always</W><W>handwashed</W><W>it</W><W>,</W><C><W>and</W></C><W>only</W><W>during</W><W>the</W><W>pancake</W><W>incident</W><W>did</W><W>I</W><W>cook</W><W>it</W><W>at</W><W>high</W><W>heat</W><W>.</W></SENTENCE><SENTENCE><W>Ok</W><W>,</W><W>I</W><W>&apos;m</W><C><cue ID="7" type="negation"><W>not</W></cue></C><xcope ID="17"><ref ID="26" SRC="7"/><W>perfect</W></xcope><W>,</W><W>but</W><W>products</W><C><cue ID="8" type="speculation"><W>should</W></cue></C><xcope ID="18"><ref ID="27" SRC="8"/><W>be</W><W>a</W><W>little</W><W>forgiving</W><W>through</W><W>one</W><W>mistake</W></xcope><W>.</W></SENTENCE></P><P/><P><SENTENCE><W>Eventually</W><W>,</W><W>I</W><W>gave</W><W>my</W><W>pan</W><W>up</W><W>to</W><W>Goodwill</W><C><W>and</W></C><W>good</W><W>riddance</W><W>to</W><W>a</W><W>poorly</W><W>made</W><W>product</W><W>.</W></SENTENCE><SENTENCE><W>Later</W><W>,</W><W>I</W><W>received</W><W>the</W><W>Farberware</W><W>Non-Stick</W><W>pan</W><W>as</W><W>a</W><W>gift</W><C><W>and</W></C><W>even</W><W>though</W><W>the</W><W>quality</W><W>(</W><W>weight</W><C><W>and</W></C><W>style</W><W>)</W><W>is</W><C><cue ID="9" type="negation"><W>not</W></cue></C><xcope ID="19"><ref ID="28" SRC="9"/><W>like</W><W>the</W><W>Calphalon</W></xcope><W>,</W><W>that</W><W>pan</W><W>has</W><W>lasted</W><W>me</W><W>more</W><W>than</W><W>2</W><W>years</W><C><W>and</W></C><W>I</W><W>have</W><C><cue ID="10" type="negation"><W>not</W></cue></C><xcope ID="20"><ref ID="29" SRC="10"/><W>encountered</W><W>the</W><W>same</W><W>problems</W><W>as</W><W>I</W><W>have</W><W>with</W><W>Calphalon</W></xcope><W>.</W></SENTENCE></P></DOCUMENT>