<?xml version="1.0" encoding="UTF-8"?>
<DOCUMENT><DESC></DESC><TIME>309</TIME><P></P><P><SENTENCE><W>I</W><W>bought</W><W>a</W><W>12</W><W>&#34;</W><W>fry</W><W>pan</W><W>.</W></SENTENCE><SENTENCE><W>After</W><W>using</W><W>it</W><W>for</W><W>a</W><W>few</W><W>months</W><W>,</W><W>I</W><W>take</W><W>issue</W><W>with</W><W>the</W><W>manufacturer</W><W>&#39;s</W><W>claim</W><W>that</W><W>it</W><W>is</W><W>non-stick</W><W>.</W></SENTENCE><SENTENCE><W>It</W><W>is</W><C><cue ID="0" type="negation"><W>no</W></cue></C><xcope ID="9"><ref COMMENTS="" ID="10" SRC="0"></ref><W>more</W><W>non-stick</W><W>than</W><W>a</W><W>pan</W><W>with</W><W>a</W><W>finely</W><W>polished</W><W>stainless</W><W>steel</W><W>surface</W><W>(eg</W><W>,</W><W>All-Clad</W><W>)</W></xcope><W>.</W></SENTENCE><SENTENCE><W>Cleaning</W><W>the</W><W>pan</W><W>will</W><W>often</W><W>entail</W><W>the</W><W>use</W><W>of</W><W>stainless</W><W>steel</W><W>scouring</W><W>pad</W><W>(</W><W>provided</W><W>with</W><W>the</W><W>pan</W><W>)</W><C><W>and</W></C><W>a</W><W>fair</W><W>amount</W><W>of</W><W>energy</W><W>.</W></SENTENCE></P><P></P><P><SENTENCE><W>My</W><W>other</W><W>gripe</W><W>is</W><W>the</W><W>shallow</W><W>sides</W><W>of</W><W>the</W><W>pan</W><W>.</W></SENTENCE><SENTENCE><W>I</W><W>like</W><W>to</W><W>toss</W><W>fast-cooking</W><W>vegetables</W><W>in</W><W>the</W><W>pan</W><W>,</W><W>to</W><W>ensure</W><W>they</W><cue ID="1" type="negation"><W>do</W><W>n&#39;t</W></cue><xcope ID="8"><ref COMMENTS="" ID="11" SRC="1"></ref><W>burn</W></xcope><W>.</W></SENTENCE><SENTENCE><W>Mind</W><W>you</W><W>,</W><W>the</W><W>pan</W><W>is</W><W>very</W><W>heavy</W><W>,</W><W>so</W><W>shaking</W><W>it</W><W>is</W><W>quite</W><W>aerobic</W><W>,</W><W>for</W><W>those</W><W>of</W><W>you</W><W>who</W><cue ID="2" type="negation"><W>do</W><W>n&#39;t</W></cue><xcope ID="6"><ref COMMENTS="" ID="12" SRC="2"></ref><W>exercise</W><W>enough</W></xcope><W>.</W></SENTENCE><SENTENCE><W>However</W><W>,</W><W>between</W><W>the</W><W>shallow</W><W>sides</W><C><W>and</W></C><W>the</W><W>weight</W><W>,</W><W>it</W><W>&#39;s</W><W>a</W><W>chore</W><W>to</W><W>toss</W><W>the</W><W>pan</W><W>&#39;s</W><W>contents</W><W>around</W><C><cue ID="3" type="negation"><W>without</W></cue></C><xcope ID="7"><ref ID="13" SRC="3"></ref><W>launching</W><W>a</W><W>bit</W><W>of</W><W>it</W><W>across</W><W>the</W><W>stove</W></xcope><W>.</W></SENTENCE></P><P></P><P><SENTENCE><W>On</W><W>the</W><W>plus</W><W>side</W><W>,</W><xcope ID="6"><ref COMMENTS="" ID="7" SRC="4"></ref><W>its</W><W>heft</W></xcope><C><cue ID="4" type="speculation"><W>seems</W></cue></C><xcope ID="5"><ref COMMENTS="" ID="14" SRC="4"></ref><W>to</W><W>contribute</W><W>to</W><W>its</W><W>even</W><W>cooking</W></xcope><W>.</W></SENTENCE><SENTENCE><W>I</W><W>also</W><W>like</W><W>the</W><W>tall</W><W>,</W><W>see-through</W><W>cover</W></SENTENCE></P></DOCUMENT>
