<?xml version="1.0" encoding="UTF-8"?>
<DOCUMENT><P></P><P><SENTENCE><W>I</W><W>bought</W><W>this</W><W>pan</W><C><W>and</W></C><W>the</W><W>two-quart</W><W>saucepan</W><C><W>and</W></C><W>a</W><W>saute</W><W>pan</W><W>in</W><W>the</W><W>same</W><W>line</W><W>when</W><W>I</W><W>first</W><W>upgraded</W><W>my</W><W>cookware</W><W>.</W></SENTENCE><SENTENCE><W>I</W><W>found</W><W>that</W><W>they</W><W>all</W><W>performed</W><W>well</W><W>.</W></SENTENCE><SENTENCE><W>They</W><W>are</W><W>heavier</W><W>than</W><W>most</W><W>mass-market</W><W>cookware</W><W>,</W><W>make</W><W>good</W><W>contact</W><W>with</W><W>the</W><W>electric</W><W>burner</W><W>,</W><C><W>and</W></C><W>they</W><W>cook</W><W>with</W><W>quick</W><W>,</W><W>even</W><W>heat</W><W>compared</W><W>to</W><W>the</W><W>lighter</W><W>mass-market</W><W>items</W><W>.</W></SENTENCE><SENTENCE><W>The</W><W>plastic</W><W>handles</W><W>are</W><W>a</W><W>bit</W><W>bulky</W><W>for</W><W>small</W><W>hands</W><C><W>and</W></C><W>harder</W><W>to</W><W>clean</W><W>than</W><W>straight</W><W>steel</W><W>handles</W><W>,</W><W>but</W><xcope ID="54"><ref COMMENTS="" ID="55" SRC="0"></ref><W>they</W></xcope><C><cue ID="0" type="speculation"><W>seem</W></cue></C><xcope ID="28"><ref ID="54" SRC="0"></ref><W>well-built</W></xcope><C><W>and</W></C><W>do</W><W>provide</W><W>excellent</W><W>heat</W><W>insulation</W><W>.</W></SENTENCE><SENTENCE><W>Though</W><W>I</W><W>&#39;d</W><C><cue ID="1" type="negation"><W>never</W></cue></C><xcope ID="29"><ref ID="55" SRC="1"></ref><W>wished</W><W>I</W><W>had</W><W>them</W><W>in</W><W>my</W><W>old</W><W>pans</W></xcope><W>,</W><W>the</W><W>pouring</W><W>spout</W><W>was</W><W>a</W><W>nice</W><W>touch</W><W>.</W></SENTENCE><SENTENCE><W>In</W><W>all</W><W>,</W><W>this</W><W>was</W><W>a</W><W>nice</W><W>pan</W><W>to</W><W>use</W><W>when</W><W>it</W><W>was</W><W>new</W><W>.</W></SENTENCE><SENTENCE><W>It</W><cue ID="2" type="negation"><W>was</W><W>n&#39;t</W></cue><xcope ID="30"><ref ID="56" SRC="2"></ref><W>long</W></xcope><W>,</W><W>however</W><W>,</W><W>before</W><W>my</W><W>cooking</W><W>style</W><W>left</W><W>its</W><W>mark</W><W>on</W><W>these</W><W>pans</W><W>,</W><W>literally</W><W>.</W></SENTENCE></P><P></P><P><SENTENCE><W>I</W><W>knew</W><C><cue ID="4" type="negation"><W>not</W></cue></C><xcope ID="31"><ref ID="57" SRC="4"></ref><W>to</W><W>use</W><W>a</W><W>metal</W><W>spoon</W><W>in</W><W>the</W><W>non-stick</W><W>pans</W></xcope><W>,</W><W>so</W><W>I</W><W>used</W><W>plastic</W><C><W>and</W></C><W>wooden</W><W>spoons</W><W>.</W></SENTENCE><SENTENCE><W>Still</W><W>,</W><W>the</W><W>non-stick</W><W>surfaces</W><W>of</W><W>the</W><W>saucepans</W><W>are</W><W>scratched</W><W>enough</W><W>that</W><W>they</W><cue ID="5" type="negation"><W>are</W><W>n&#39;t</W></cue><xcope ID="32"><ref COMMENTS="" ID="58" SRC="5"></ref><W>as</W><W>non-stick</W><W>as</W><W>they</W><W>used</W><W>to</W><W>be</W></xcope><W>.</W></SENTENCE><SENTENCE><W>The</W><W>saute</W><W>pan</W><W>has</W><W>fared</W><W>better</W><W>with</W><W>the</W><W>use</W><W>of</W><W>plastic</W><C><W>and</W></C><W>rubber</W><W>spatulas</W><W>,</W><C><W>and</W></C><W>only</W><W>occaisional</W><xcope ID="33"><W>plastic</W></xcope><C><cue ID="6" type="speculation"><W>or</W></cue></C><xcope ID="34"><W>wooden</W><W>spoons</W></xcope><W>.</W></SENTENCE></P><P></P><P><SENTENCE><W>Also</W><W>I</W><W>tend</W><W>to</W><W>bang</W><W>the</W><W>handle</W><W>of</W><W>the</W><W>spoon</W><W>on</W><W>the</W><W>rim</W><W>of</W><W>the</W><W>pan</W><W>to</W><W>clear</W><W>it</W><W>of</W><W>sauce</W><W>,</W><C><W>and</W></C><W>this</W><W>has</W><W>left</W><W>little</W><W>dents</W><W>along</W><W>the</W><W>inside</W><W>of</W><W>the</W><W>rim</W><W>.</W></SENTENCE><SENTENCE><W>Lastly</W><W>,</W><W>hot</W><W>oil</W><W>stains</W><W>the</W><W>outside</W><W>finish</W><W>of</W><W>these</W><W>pans</W><W>.</W></SENTENCE></P><P></P><P><SENTENCE><W>Cleanup</W><W>requires</W><W>some</W><W>care</W><W>,</W><W>too</W><W>.</W></SENTENCE><SENTENCE><W>While</W><W>the</W><W>interior</W><W>of</W><W>the</W><W>pans</W><W>is</W><W>easy</W><W>to</W><W>clean</W><W>,</W><W>being</W><W>non-stick</W><W>,</W><W>you</W><W>still</W><C><cue ID="7" type="speculation"><W>must</W></cue></C><xcope ID="36"><ref ID="60" SRC="7"></ref><W>remember</W><W>to</W><C><cue ID="8" type="negation"><W>not</W></cue></C><xcope ID="35"><ref ID="59" SRC="8"></ref><W>use</W><W>the</W><W>scouring</W><W>side</W><W>of</W><W>the</W><W>sponge</W><W>on</W><W>the</W><W>interior</W></xcope></xcope><W>,</W><W>according</W><W>to</W><W>the</W><W>instructions</W><W>.</W></SENTENCE><SENTENCE><W>These</W><W>pans</W><W>are</W><C><cue ID="9" type="negation"><W>not</W></cue></C><xcope ID="37"><ref ID="61" SRC="9"></ref><W>dishwasher-safe</W></xcope><W>,</W><W>which</W><cue ID="10" type="negation"><W>is</W><W>n&#39;t</W></cue><xcope ID="38"><ref COMMENTS="" ID="62" SRC="10"></ref><W>an</W><W>issue</W><W>with</W><W>me</W></xcope><W>since</W><W>I</W><cue ID="11" type="negation"><W>do</W><W>n&#39;t</W></cue><xcope ID="39"><ref COMMENTS="" ID="63" SRC="11"></ref><W>use</W><W>one</W></xcope><W>.</W></SENTENCE></P><P></P><P><SENTENCE><W>Note</W><W>that</W><W>the</W><W>Kitchen</W><W>Essentials</W><W>line</W><W>is</W><C><cue ID="12" type="negation"><W>not</W></cue></C><xcope ID="40"><ref ID="64" SRC="12"></ref><W>Calphalon</W><W>&#39;s</W><W>best</W><W>line</W></xcope><C><W>and</W></C><C><cue ID="13" type="speculation"><W>perhaps</W></cue></C><xcope ID="41"><ref ID="65" SRC="13"></ref><W>the</W><W>professional</W><W>lines</W><W>are</W><W>more</W><W>durable</W></xcope><W>.</W></SENTENCE><SENTENCE><W>I</W><cue ID="14" type="negation"><W>ca</W><W>n&#39;t</W></cue><xcope ID="42"><ref COMMENTS="" ID="66" SRC="14"></ref><W>recommend</W><W>non-stick</W><W>sauce</W><W>pans</W></xcope><W>,</W><W>however</W><W>,</W><C><W>and</W></C><W>the</W><W>annodized</W><W>exterior</W><W>finish</W><W>of</W><W>the</W><W>Kitchen</W><W>Essentials</W><W>non-stick</W><W>line</W><W>is</W><W>difficult</W><W>to</W><W>keep</W><W>looking</W><W>good</W><W>.</W></SENTENCE></P><P></P><P><SENTENCE><W>Do</W><W>your</W><W>sauces</W><W>stick</W><W>to</W><W>your</W><xcope ID="43"><ref ID="67" SRC="15"></ref><W>stainless</W></xcope><C><cue ID="15" type="speculation"><W>or</W></cue></C><xcope ID="44"><ref ID="68" SRC="15"></ref><W>aluminum</W><W>pans</W></xcope><W>?</W></SENTENCE><SENTENCE><C><cue ID="16" type="speculation"><W>If</W></cue></C><C><cue ID="17" type="negation"><xcope COMMENTS="" ID="79"><ref COMMENTS="" ID="80" SRC="16"></ref><W>not</W></xcope></cue></C><W>,</W><C><cue ID="18" type="speculation"><W>perhaps</W></cue></C><xcope ID="46"><ref COMMENTS="" ID="70" SRC="18"></ref><W>you</W><cue ID="19" type="negation"><W>do</W><W>n&#39;t</W></cue><xcope ID="45"><ref COMMENTS="" ID="69" SRC="19"></ref><W>need</W><W>non-stick</W><W>sauce</W><W>pans</W></xcope></xcope><W>.</W></SENTENCE><SENTENCE><W>Note</W><W>that</W><W>the</W><W>hot</W><W>spots</W><W>you</W><W>get</W><W>with</W><W>thin</W><W>,</W><W>steel</W><W>pans</W><W>that</W><W>cause</W><W>some</W><W>food</W><W>to</W><W>burn</W><C><W>and</W></C><W>stick</W><C><cue ID="20" type="speculation"><W>may</W></cue></C><xcope ID="47"><ref ID="73" SRC="21"></ref><W>be</W><W>the</W><W>fault</W><W>of</W><W>uneven</W><W>cooking</W></xcope><W>,</W><C><cue ID="21" type="speculation"><W>or</W></cue></C><xcope ID="48"><ref ID="72" SRC="21"></ref><W>heat</W><W>that</W><W>is</W><W>too</W><W>high</W></xcope><W>,</W><C><W>and</W></C><C><cue ID="22" type="negation"><W>not</W></cue></C><xcope ID="49"><ref COMMENTS="" ID="74" SRC="22"></ref><W>necessarily</W><W>the</W><W>surface</W><W>of</W><W>the</W><W>pan</W></xcope><W>.</W></SENTENCE><SENTENCE><W>Uneven</W><W>heat</W><W>is</W><W>solved</W><W>with</W><W>better</W><W>,</W><W>heavier</W><W>pans</W><W>.</W></SENTENCE><SENTENCE><W>They</W><cue ID="24" type="negation"><W>do</W><W>n&#39;t</W></cue><xcope ID="50"><ref COMMENTS="" ID="75" SRC="24"></ref><W>necessarily</W><W>need</W><W>to</W><W>be</W><W>non-stick</W></xcope><W>.</W></SENTENCE></P><P></P><P><SENTENCE><W>I</W><W>still</W><W>use</W><W>the</W><W>saute</W><W>pan</W><W>to</W><W>cook</W><W>felafel</W><xcope ID="51"><ref COMMENTS="" ID="76" SRC="26"></ref><W>patties</W></xcope><C><cue ID="26" type="speculation"><W>or</W></cue></C><xcope ID="52"><ref COMMENTS="" ID="77" SRC="26"></ref><W>similar</W></xcope><C><cue ID="27" type="negation"><W>without</W></cue></C><xcope ID="53"><ref COMMENTS="" ID="78" SRC="27"></ref><W>oil</W></xcope><W>,</W><W>but</W><W>the</W><W>sauce</W><W>pans</W><W>have</W><W>been</W><W>replaced</W><W>with</W><W>tri-ply</W><W>pans</W><W>with</W><W>stainless</W><W>steel</W><W>cook</W><W>surfaces</W><C><W>and</W></C><W>exterior</W><W>finishes</W><W>.</W></SENTENCE><SENTENCE><W>They</W><W>&#39;ve</W><W>proven</W><W>to</W><W>be</W><W>much</W><W>more</W><W>durable</W><C><W>and</W></C><W>easier</W><W>to</W><W>clean</W><W>.</W></SENTENCE></P><P></P><P><SENTENCE><W>A.</W></SENTENCE></P></DOCUMENT>
