<?xml version="1.0" encoding="UTF-8"?>
<DOCUMENT><P></P><P><SENTENCE><W>One</W><W>of</W><W>those</W><W>&#34;</W><W>when</W><W>I</W><W>get</W><W>around</W><W>to</W><W>it</W><W>&#34;</W><W>household</W><W>projects</W><W>many</W><W>of</W><W>us</W><C><cue ID="0" type="speculation"><W>think</W></cue></C><xcope ID="2"><ref COMMENTS="" ID="4" SRC="0"></ref><W>of</W><W>when</W><W>Spring</W><W>Cleaning</W><W>rolls</W><W>around</W></xcope><W>,</W><W>is</W><W>the</W><W>organization</W><C><W>and</W></C><W>streamlining</W><W>of</W><W>our</W><W>kitchen</W><W>utility</W><W>drawer</W><W>.</W></SENTENCE><SENTENCE><W>Often</W><W>times</W><W>this</W><W>drawer</W><W>becomes</W><W>a</W><W>catch-all</W><W>for</W><W>a</W><W>number</W><W>of</W><W>dubious</W><W>utensils</W><W>,</W><W>twisty-ties</W><W>,</W><W>rubber</W><W>bands</W><W>,</W><W>little</W><W>packets</W><W>of</W><W>spice</W><W>mixes</W><C><W>and</W></C><W>soy</W><W>sauce</W><C><W>and</W></C><W>other</W><W>less</W><W>savory</W><W>items</W><W>I</W><W>&#39;d</W><W>rather</W><C><cue ID="1" type="speculation"><W>not</W></cue></C><xcope ID="3"><ref ID="5" SRC="1"></ref><C><W>think</W></C><W>about</W></xcope><W>.</W></SENTENCE></P><P></P><P><SENTENCE><W>In</W><W>California</W><W>&#39;s</W><W>San</W><W>Joaquin</W><W>Delta</W><W>region</W><W>,</W><W>peat</W><W>dirt</W><W>islands</W><W>which</W><W>help</W><W>to</W><W>make</W><W>up</W><W>the</W><W>Riparian</W><W>feature</W><W>known</W><W>as</W><W>1,000</W><W>Miles</W><W>Of</W><W>Waterways</W><W>,</W><W>alternately</W><W>flood</W><C><W>and</W></C><W>serve</W><W>to</W><W>provide</W><W>the</W><W>ideal</W><W>growing</W><W>medium</W><W>for</W><W>one</W><W>of</W><W>local</W><W>agribusinesses</W><W>major</W><W>vegetable</W><W>crops</W><W>,</W><W>the</W><W>asparagus</W><W>.</W></SENTENCE></P><P></P><P><SENTENCE><W>For</W><W>many</W><W>consumers</W><W>,</W><W>this</W><W>King</W><W>of</W><W>Spears</W><W>is</W><W>only</W><W>known</W><W>as</W><W>a</W><W>canned</W><W>product</W><W>,</W><W>to</W><W>be</W><W>served</W><W>chilled</W><W>,</W><xcope ID="12"><ref ID="20" SRC="6"></ref><W>in</W><W>aspics</W></xcope><W>,</W><W>(</W><W>feh</W><W>!</W><W>)</W><W>,</W><C><cue ID="6" type="speculation"><W>or</W></cue></C><xcope ID="11"><ref ID="19" SRC="6"></ref><W>salads</W></xcope><W>.</W></SENTENCE><SENTENCE><W>Others</W><W>,</W><W>encountering</W><W>the</W><W>raw</W><W>variety</W><W>with</W><W>its</W><W>woody</W><W>base</W><W>,</W><W>scaled</W><W>stalk</W><C><W>and</W></C><W>feathered</W><W>head</W><W>,</W><C><cue ID="7" type="speculation"><W>may</W></cue></C><xcope ID="14"><ref ID="22" SRC="7"></ref><W>be</W><cue ID="8" type="speculation"><W>unsure</W></cue><xcope ID="13"><ref COMMENTS="" ID="21" SRC="8"></ref><W>just</W><W>what</W><W>to</W><W>do</W><W>with</W><W>it</W></xcope></xcope><W>.</W></SENTENCE><SENTENCE><W>Which</W><W>leads</W><W>me</W><W>to</W><W>this</W><W>niche</W><W>tool</W><W>,</W><W>someone</W><W>&#39;s</W><W>clever</W><C><W>idea</W></C><W>,</W><W>when</W><W>to</W><W>my</W><W>mind</W><W>a</W><W>simple</W><xcope ID="18"><ref ID="23" SRC="9"></ref><W>4&#34;</W><W>paring</W><W>knife</W></xcope><C><cue ID="9" type="speculation"><W>or</W></cue></C><xcope ID="16"><ref ID="24" SRC="9"></ref><W>slightly</W><W>larger</W><W>utility</W><W>knife</W></xcope><C><cue ID="10" type="speculation"><W>would</W></cue></C><xcope ID="17"><ref ID="25" SRC="10"></ref><W>do</W></xcope><W>.</W></SENTENCE></P><P></P><P><SENTENCE><W>Cooking.com</W><W>Stainless</W><W>Steel</W><W>Asparagus</W><W>Peeler</W><C><W>and</W></C><W>Tongs</W></SENTENCE></P><P></P><P><SENTENCE><W>Cooking.com</W><W>is</W><W>a</W><W>fine</W><W>website</W><W>,</W><W>with</W><W>all</W><W>sorts</W><W>of</W><W>pots</W><C><W>and</W></C><W>pans</W><C><W>and</W></C><W>baking</W><W>supplies</W><W>.</W></SENTENCE><SENTENCE><W>Like</W><W>many</W><W>more</W><W>esoteric</W><W>cooking</W><W>supplies</W><W>companies</W><W>,</W><W>this</W><W>site</W><W>offers</W><W>a</W><W>mind-boggling</W><W>array</W><W>of</W><W>single-use</W><W>cooking</W><W>tools</W><W>.</W></SENTENCE><SENTENCE><W>Such</W><W>as</W><W>this</W><W>one</W><W>.</W></SENTENCE></P><P></P><P><SENTENCE><W>Pluses</W><W>include</W><W>relative</W><W>low</W><W>cost</W><W>,</W><C><W>and</W></C><W>easy</W><W>care</W><W>stainless</W><W>steel</W><W>.</W></SENTENCE><SENTENCE><W>Three</W><W>finger</W><W>grips</W><W>make</W><W>this</W><cue ID="28" type="speculation"><C><W>feel</W></C><W>vaguely</W><W>like</W></cue><xcope ID="29"><ref COMMENTS="" ID="30" SRC="28"></ref><W>a</W><W>cross</W><W>between</W><W>a</W><W>pair</W><W>of</W><W>scissors</W><C><W>and</W></C><W>tongs</W><W>in</W><W>the</W><W>hand</W></xcope><W>.</W></SENTENCE><SENTENCE><W>A</W><W>separate</W><W>blade</W><W>serves</W><W>to</W><W>peel</W><W>off</W><W>those</W><W>nasty</W><W>purplish</W><C><W>and</W></C><W>papery</W><W>scales</W><W>from</W><W>the</W><W>stalks</W><W>,</W><C><W>and</W></C><W>does</W><W>this</W><W>with</W><W>dispatch</W><W>.</W></SENTENCE></P><P></P><P><SENTENCE><W>There</W><W>&#39;s</W><C><cue ID="31" type="negation"><W>no</W></cue></C><xcope ID="34"><ref ID="37" SRC="31"></ref><W>need</W><W>for</W><W>your</W><W>hands</W><W>to</W><W>touch</W><W>the</W><W>blade</W></xcope><W>,</W><C><W>and</W></C><W>even</W><W>people</W><W>with</W><W>impaired</W><W>eye</W><W>sight</W><W>,</W><W>(</W><W>thinking</W><W>of</W><W>my</W><W>elderly</W><W>parents</W><W>here</W><W>,</W><W>who</W><W>were</W><W>&#39;gifted</W><W>&#39;</W><W>with</W><W>this</W><W>contraption</W><W>,</W><W>touted</W><W>as</W><W>perfect</W><W>for</W><W>people</W><W>who</W><W>have</W><W>everything</W><W>)</W><W>,</W><C><cue ID="32" type="speculation"><W>can</W></cue></C><xcope ID="35"><ref ID="38" SRC="32"></ref><W>make</W><W>safe</W><W>use</W><W>of</W><W>this</W><W>7</W><W>&#34;</W><W>gadget</W></xcope><W>.</W></SENTENCE></P><P></P><P><SENTENCE><W>The</W><W>5&#34;</W><W>tongs</W><W>are</W><W>cunningly</W><W>shaped</W><W>like</W><W>a</W><W>pair</W><W>of</W><W>asparagus</W><W>spears</W><W>,</W><C><W>and</W></C><W>joined</W><W>on</W><W>one</W><W>end</W><W>.</W></SENTENCE><SENTENCE><W>There</W><W>are</W><W>some</W><W>nooks</W><C><W>and</W></C><W>crannies</W><W>that</W><W>require</W><W>a</W><W>bit</W><W>of</W><W>extra</W><W>cleaning</W><W>,</W><C><W>and</W></C><W>a</W><W>bottle</W><W>brush</W><C><cue ID="33" type="speculation"><W>could</W></cue></C><xcope ID="36"><ref ID="39" SRC="33"></ref><W>be</W><W>put</W><W>to</W><W>good</W><W>use</W><W>here</W></xcope><W>.</W></SENTENCE></P><P></P><P><SENTENCE><W>The</W><W>tongs</W><W>supposedly</W><W>adjust</W><W>to</W><W>lift</W><W>,</W><W>remove</W><C><W>and</W></C><W>transport</W><W>a</W><W>variety</W><W>of</W><W>spear</W><W>diameters</W><W>,</W><W>but</W><W>did</W><C><cue ID="40" type="negation"><W>not</W></cue></C><xcope ID="45"><ref ID="49" SRC="40"></ref><W>work</W><W>on</W><W>the</W><W>pound</W><W>of</W><W>freshly</W><W>steamed</W><W>&#34;</W><W>jumbo</W><W>&#34;</W><W>spears</W></xcope><W>one</W><W>of</W><W>my</W><W>Dad</W><W>&#39;s</W><W>Island</W><W>buddies</W><W>gifted</W><W>us</W><W>with</W><W>just</W><W>this</W><W>past</W><W>month</W><W>.</W></SENTENCE><SENTENCE><W>I</W><W>found</W><C><cue ID="41" type="negation"><W>no</W></cue></C><xcope ID="46"><ref ID="50" SRC="41"></ref><W>benefit</W><W>to</W><W>using</W><W>these</W><W>tongs</W><W>over</W><W>the</W><W>usual</W><W>variety</W><W>of</W><W>open</W></xcope><C><cue ID="42" type="speculation"><W>or</W></cue></C><xcope ID="47"><ref ID="51" SRC="42"></ref><W>solid</W><W>metal</W><W>&#34;pincher</W><W>&#34;</W><W>type</W><W>tongs</W></xcope><W>you</W><C><cue ID="43" type="speculation"><W>can</W></cue></C><xcope ID="48"><ref ID="52" SRC="43"></ref><W>find</W><W>in</W><W>an</W><W>housewares</W><W>section</W><W>of</W><W>local</W><W>department</W><W>stores</W></xcope><W>.</W></SENTENCE></P><P></P><P><SENTENCE><W>The</W><W>very</W><W>short</W><W>length</W><W>actually</W><W>works</W><W>against</W><W>these</W><W>tongs</W><W>,</W><W>as</W><W>your</W><W>hand</W><W>is</W><W>exposed</W><W>to</W><W>more</W><W>steam</W><W>,</W><C><W>and</W></C><W>conducted</W><W>heat</W><W>than</W><W>with</W><W>a</W><W>longer</W><W>,</W><W>(</W><W>standard</W><W>9</W><W>&#34;</W><W>to</W><W>12&#34;</W><W>)</W><W>,</W><W>pair</W><W>of</W><W>kitchen</W><W>tongs</W><W>.</W></SENTENCE><SENTENCE><W>This</W><W>is</W><W>especially</W><W>true</W><C><cue ID="53" type="speculation"><W>if</W></cue></C><xcope ID="54"><ref ID="55" SRC="53"></ref><W>you</W><W>use</W><W>the</W><W>tall</W><W>inserts</W><W>that</W><W>most</W><W>cookware</W><W>brands</W><W>tout</W><W>as</W><W>asparagus</W><W>steamers</W></xcope><W>.</W></SENTENCE></P><P></P><P><SENTENCE><W>My</W><W>advice</W><W>?</W></SENTENCE><SENTENCE><W>You</W><W>will</W><W>do</W><W>just</W><W>as</W><W>well</W><W>,</W><C><cue ID="56" type="speculation"><W>if</W></cue></C><xcope ID="60"><ref ID="63" SRC="56"></ref><C><cue ID="57" type="negation"><W>not</W></cue></C><xcope ID="59"><ref ID="62" SRC="57"></ref><W>better</W></xcope></xcope><W>,</W><W>with</W><W>the</W><W>sort</W><W>of</W><W>small</W><W>knife</W><W>mentioned</W><W>above</W><W>,</W><W>a</W><W>standard</W><W>,</W><W>swivel</W><W>peeler</W><W>,</W><W>(</W><W>the</W><W>Oxo</W><W>cushion-handled</W><W>one</W><W>is</W><W>dandy</W><W>)</W><W>,</W><C><W>and</W></C><W>garden-variety</W><W>kitchen</W><W>tongs</W><W>,</W><C><cue ID="58" type="speculation"><W>probably</W></cue></C><xcope ID="61"><ref ID="64" SRC="58"></ref><W>already</W><W>in</W><W>your</W><W>cooking</W><W>arsenal</W></xcope><W>.</W></SENTENCE><SENTENCE><W>Save</W><W>the</W><W>$</W><W>7.50</W><W>plus</W><W>shipping/handling</W><W>charges</W><W>from</W><W>this</W><W>Internet</W><W>shopping</W><W>site</W><W>for</W><W>something</W><W>better-like</W><W>maybe</W><W>a</W><W>luscious</W><W>box</W><W>of</W><W>chocolates</W><W>!</W></SENTENCE></P></DOCUMENT>
