<?xml version="1.0" encoding="UTF-8"?>
<DOCUMENT><P></P><P><SENTENCE><W>I</W><W>met</W><W>up</W><W>with</W><W>Calphalon</W><W>cookware</W><W>way</W><W>back</W><W>in</W><W>1986</W><W>,</W><W>when</W><W>I</W><W>worked</W><W>for</W><W>Williams-Sonoma</W><W>,</W><W>the</W><W>King</W><W>of</W><W>Kitchen</W><W>stores</W><W>!</W></SENTENCE><SENTENCE><W>As</W><W>an</W><W>avid</W><W>cook</W><W>,</W><W>I</W><W>tried</W><W>it</W><C><W>and</W></C><W>many</W><W>other</W><W>types</W><W>of</W><W>cookware</W><W>,</W><W>myself--and</W><W>I</W><W>have</W><W>continued</W><W>trying</W><W>out</W><W>various</W><W>Calphalon</W><W>pieces</W><W>as</W><W>they</W><W>come</W><W>out</W><W>.</W></SENTENCE></P><P></P><P><SENTENCE><W>As</W><W>you</W><C><cue ID="0" type="speculation"><W>would</W></cue></C><C><cue ID="1" type="speculation"><xcope ID="4"><ref COMMENTS="" ID="7" SRC="0"></ref><W>expect</W></xcope></cue></C><W>,</W><W>we</W><W>sales</W><W>associates</W><W>were</W><W>bombarded</W><W>with</W><W>a</W><W>ton</W><W>of</W><W>product</W><W>literature</W><W>on</W><W>all</W><W>of</W><W>the</W><W>different</W><W>cookware</W><W>lines</W><W>(</W><W>Le</W><W>Creuset</W><W>,</W><W>Cuisinart</W><W>,</W><W>etc.</W><W>)</W><C><W>and</W></C><W>we</W><W>were</W><C><cue ID="2" type="speculation"><W>expected</W></cue></C><xcope ID="5"><ref COMMENTS="" ID="8" SRC="2"></ref><W>to</W><W>absorb</W><C><W>and</W></C><W>memorize</W><W>the</W><W>benefits</W><C><W>and</W></C><W>features</W><W>of</W><W>each</W><W>brand</W><W>of</W><W>cookware</W></xcope><W>...BUT</W><W>,</W><W>I</W><W>liked</W><W>the</W><W>extra</W><W>selling</W><W>edge</W><W>of</W><W>being</W><W>able</W><W>to</W><W>tell</W><W>customers</W><W>what</W><W>I</W><W>had</W><C><cue ID="3" type="speculation"><W>thought</W></cue></C><xcope ID="6"><ref COMMENTS="" ID="9" SRC="3"></ref><W>after</W><W>USING</W><W>each</W><W>item</W></xcope><W>...so</W><W>I</W><W>cooked</W><W>a</W><W>lot</W><W>of</W><W>things</W><W>in</W><W>Calphalon</W><W>pots--just</W><W>to</W><W>test</W><W>them</W><W>out</W><W>!</W></SENTENCE></P><P></P><P><SENTENCE><W>I</W><W>regret</W><W>to</W><W>say</W><W>that</W><W>I</W><W>felt</W><W>then</W><W>,</W><C><W>and</W></C><W>still</W><C><cue ID="10" type="speculation"><W>feel</W></cue></C><W>Calphalon</W><W>is</W><W>highly</W><W>over-rated</W><W>.</W></SENTENCE><SENTENCE><W>I</W><W>had</W><W>to</W><W>revise</W><W>my</W><W>whole</W><W>way</W><W>of</W><W>cooking</W><W>because</W><W>the</W><W>black</W><W>anodized</W><W>aluminum</W><W>surface</W><W>of</W><W>Calphalon</W><W>heats</W><W>a</W><W>lot</W><W>hotter</W><C><W>and</W></C><W>faster</W><W>than</W><W>regular</W><W>cookware</W><W>.</W></SENTENCE><SENTENCE><W>It</W><W>is</W><W>very</W><W>easy</W><W>to</W><W>quickly</W><W>ruin</W><W>your</W><W>food</W><W>,</W><W>set</W><W>off</W><W>the</W><W>smoke</W><W>alarm</W><W>,</W><C><W>and</W></C><W>scrub</W><W>your</W><W>head</W><W>off</W><W>just</W><W>trying</W><W>to</W><W>remove</W><W>the</W><W>stuck-on</W><W>remains</W><W>.</W></SENTENCE><SENTENCE><W>(</W><W>Yes-Calphalon</W><W>sticks</W><W>...</W><W>)</W></SENTENCE></P><P></P><P><SENTENCE><W>I</W><W>was</W><W>also</W><W>disappointed</W><W>in</W><W>the</W><W>&#34;artsy</W><W>&#34;</W><W>design</W><W>of</W><W>the</W><W>pots</W><W>...interesting</W><W>shapes</W><W>,</W><W>but</W><W>HOT</W><W>metal</W><W>handles</W><W>!</W><W>!</W><W>Calphalon</W><W>brags</W><W>that</W><W>their</W><W>cookware</W><W>is</W><W>&#34;oven-safe</W><W>,</W><W>&#34;</W><W>but</W><W>those</W><W>handles</W><W>make</W><W>it</W><C><W>impossible</W></C><W>to</W><W>use</W><W>the</W><W>oven</W><W>feature</W><C><cue ID="11" type="negation"><W>without</W></cue></C><xcope ID="15"><ref ID="19" SRC="11"></ref><W>getting</W><W>3rd</W><W>degree</W><W>burns</W></xcope><W>.</W></SENTENCE><SENTENCE><W>The</W><W>non-solution</W><W>for</W><W>that</W><W>problem</W><W>was</W><W>manufacturing</W><W>suede</W><W>covers</W><W>for</W><W>the</W><W>handles</W><W>,</W><W>which</W><W>are</W><W>pricey</W><C><W>and</W></C><W>slide</W><W>off</W><C><cue ID="12" type="negation"><W>without</W></cue></C><xcope ID="16"><ref ID="20" SRC="12"></ref><W>too</W><W>much</W><W>warning</W></xcope><W>.</W></SENTENCE></P><P></P><P><SENTENCE><W>I</W><cue ID="13" type="negation"><W>do</W><W>n&#39;t</W></cue><xcope ID="17"><ref COMMENTS="" ID="21" SRC="13"></ref><W>mind</W><W>paying</W><W>premium</W><W>price</W><W>for</W><W>good</W><W>cookware</W></xcope><W>,</W><W>but</W><W>it</W><W>has</W><W>to</W><W>be</W><W>much</W><W>better</W><W>designed</W><W>that</W><W>Calphalon</W><W>!</W></SENTENCE><SENTENCE><W>I</W><cue ID="14" type="negation"><W>ca</W><W>n&#39;t</W></cue><xcope ID="18"><ref COMMENTS="" ID="22" SRC="14"></ref><W>recommend</W><W>buying</W><W>Calphalon</W></xcope><W>.</W></SENTENCE></P></DOCUMENT>
