<?xml version="1.0" encoding="UTF-8"?>
<DOCUMENT><P></P><P><SENTENCE><W>I</W><W>went</W><W>on</W><W>a</W><W>Calphalon</W><W>Hard-Anodized</W><W>Cookware</W><W>a</W><W>few</W><W>years</W><W>back</W><W>.</W></SENTENCE><SENTENCE><W>The</W><W>pots</W><W>looked</W><W>great</W><W>.</W></SENTENCE><SENTENCE><xcope ID="3"><ref COMMENTS="" ID="4" SRC="0"></ref><W>They</W></xcope><C><cue ID="0" type="speculation"><W>seemed</W></cue></C><xcope ID="2"><ref ID="4" SRC="0"></ref><W>to</W><W>say</W><W>&#34;</W><W>the</W><W>owner</W><W>of</W><W>these</W><W>pots</W><W>has</W><W>class</W></xcope><W>.</W><W>&#34;</W></SENTENCE></P><P></P><P><SENTENCE><W>However</W><W>,</W><W>after</W><W>using</W><W>them</W><W>for</W><W>a</W><W>while</W><W>,</W><W>I</W><W>went</W><W>back</W><W>to</W><W>less-expensive</W><W>non-stick</W><W>cookware</W><W>for</W><W>most</W><W>jobs</W><W>.</W></SENTENCE></P><P></P><P><SENTENCE><W>The</W><W>Calphalon</W><W>pots</W><W>are</W><W>heavy</W><C><W>and</W></C><W>hard</W><W>to</W><W>clean</W><W>.</W></SENTENCE><SENTENCE><C><W>And</W></C><W>you</W><cue ID="1" type="negation"><W>ca</W><W>n&#39;t</W></cue><xcope ID="3"><ref COMMENTS="" ID="5" SRC="1"></ref><W>put</W><W>them</W><W>in</W><W>the</W><W>dishwasher--they</W></xcope><W>&#39;ll</W><W>get</W><W>white</W><W>spots</W><W>on</W><W>them</W><W>(</W><W>I</W><W>tried</W><W>with</W><W>one</W><W>small</W><W>piece</W><W>.</W><W>)</W></SENTENCE></P><P></P><P><SENTENCE><W>However</W><W>,</W><W>the</W><W>very</W><W>heavy</W><W>aluminum</W><W>does</W><W>work</W><W>better</W><W>for</W><W>some</W><W>purposes</W><W>.</W></SENTENCE><SENTENCE><W>For</W><W>example</W><W>,</W><W>I</W><W>use</W><W>my</W><W>Calphalon</W><W>when</W><W>I</W><W>&#39;m</W><W>searing</W><W>fish--I</W><W>need</W><W>to</W><W>get</W><W>the</W><W>pan</W><W>very</W><W>hot</W><W>first</W><W>,</W><C><W>and</W></C><W>the</W><W>olive</W><W>oil</W><W>I</W><W>&#39;m</W><W>using</W><W>ensures</W><W>the</W><W>fish</W><W>wo</W><W>n&#39;t</W><W>stick</W><W>.</W></SENTENCE></P><P></P><P><SENTENCE><W>Because</W><W>the</W><W>handles</W><W>are</W><W>metal</W><W>,</W><W>they</W><W>heat</W><W>up</W><W>with</W><W>the</W><W>pot</W><W>.</W></SENTENCE><SENTENCE><W>You</W><W>need</W><W>a</W><W>potholder</W><W>when</W><W>lifting</W><W>one</W><W>of</W><W>these</W><W>pots</W><W>off</W><W>the</W><W>stove</W><W>...and</W><W>I</W><W>&#39;m</W><W>always</W><W>unsure</W><W>of</W><W>my</W><W>grip</W><W>when</W><W>using</W><W>a</W><W>potholder</W><W>to</W><W>lift</W><W>a</W><W>pan</W><W>with</W><W>bubbling</W><W>oil</W><W>off</W><W>the</W><W>stove</W><W>.</W></SENTENCE></P><P></P><P><SENTENCE><W>For</W><W>a</W><W>quick</W><W>omelet</W><W>in</W><W>the</W><W>morning</W><W>,</W><W>I</W><W>reach</W><W>for</W><W>the</W><W>budged</W><W>non-stick</W><W>.</W></SENTENCE><SENTENCE><W>Only</W><W>for</W><W>special</W><W>dishes</W><W>which</W><W>reqire</W><W>a</W><W>hot</W><W>,</W><W>smooth</W><W>,</W><W>evenly</W><W>heated</W><W>surface</W><W>do</W><W>I</W><W>use</W><W>the</W><W>Calphalon</W><W>.</W></SENTENCE></P></DOCUMENT>
