<?xml version="1.0" encoding="UTF-8"?>
<DOCUMENT><P></P><P><SENTENCE><W>We</W><W>got</W><W>two</W><W>pieces</W><W>of</W><W>hard-anodized</W><W>Calphalon</W><W>for</W><W>our</W><W>wedding</W><W>:</W><W>the</W><W>2.5</W><W>quart</W><W>saucepan</W><W>with</W><W>lid</W><C><W>and</W></C><W>the</W><W>wok</W><W>.</W></SENTENCE><SENTENCE><W>At</W><W>the</W><W>time</W><W>it</W><C><cue ID="0" type="speculation"><W>seemed</W></cue></C><xcope ID="10"><ref ID="21" SRC="0"></ref><W>like</W><W>a</W><W>good</W><C><W>idea</W></C></xcope><W>.</W></SENTENCE><SENTENCE><W>We</W><cue ID="1" type="negation"><W>did</W><W>n&#39;t</W></cue><xcope ID="11"><ref COMMENTS="" ID="22" SRC="1"></ref><W>want</W><W>anything</W><W>with</W><W>a</W><W>nonstick</W><W>coating</W></xcope><W>,</W><W>but</W><W>we</W><W>also</W><cue ID="2" type="negation"><W>did</W><W>n&#39;t</W></cue><xcope ID="12"><ref COMMENTS="" ID="23" SRC="2"></ref><W>want</W><W>to</W><W>spend</W><W>hours</W><W>scrubbing</W><W>pots</W></xcope><W>.</W></SENTENCE><SENTENCE><W>Calphalon</W><W>,</W><W>with</W><W>its</W><W>sturdy</W><W>anodized</W><W>finish</W><W>,</W><C><cue ID="3" type="speculation"><W>appeared</W></cue></C><xcope ID="13"><ref ID="24" SRC="3"></ref><W>to</W><W>be</W><W>a</W><W>good</W><W>compromise</W></xcope><W>.</W></SENTENCE><SENTENCE><W>The</W><W>heavy</W><W>aluminum</W><W>core</W><W>,</W><W>we</W><W>figured</W><W>,</W><C><cue ID="4" type="speculation"><W>would</W></cue></C><xcope ID="14"><ref ID="25" SRC="4"></ref><W>keep</W><W>things</W><W>from</W><W>burning</W></xcope><W>.</W></SENTENCE></P><P></P><P><SENTENCE><W>Then</W><W>we</W><W>opened</W><W>the</W><W>boxes</W><C><W>and</W></C><W>read</W><W>the</W><W>directions</W><W>.</W></SENTENCE><SENTENCE><W>Do</W><W>n&#39;t</W><W>use</W><W>metal</W><W>utensils</W><W>,</W><W>they</W><W>said</W><W>.</W></SENTENCE><SENTENCE><cue ID="5" type="negation"><W>Do</W><W>n&#39;t</W></cue><xcope ID="15"><ref COMMENTS="" ID="26" SRC="5"></ref><W>place</W><W>your</W><W>Calphalon</W><W>on</W><W>more</W><W>than</W><W>medium</W><W>heat</W></xcope><W>.</W></SENTENCE><SENTENCE><cue ID="6" type="negation"><W>Do</W><W>n&#39;t</W></cue><xcope ID="16"><ref COMMENTS="" ID="27" SRC="6"></ref><W>leave</W><W>food</W><W>in</W><W>it</W></xcope><W>.</W></SENTENCE><SENTENCE><C><W>And</W></C><cue ID="7" type="negation"><W>do</W><W>n&#39;t</W></cue><xcope ID="17"><ref COMMENTS="" ID="28" SRC="7"></ref><W>use</W><W>a</W><W>scouring</W><W>pad</W></xcope><W>.</W></SENTENCE><SENTENCE><C><cue ID="8" type="speculation"><W>If</W></cue></C><xcope ID="19"><ref ID="29" SRC="8"></ref><W>we</W><W>&#39;d</W><W>wanted</W><W>to</W><W>baby</W><W>our</W><W>pans</W><W>like</W><W>this</W></xcope><W>we</W><C><cue ID="9" type="speculation"><W>would</W></cue></C><xcope ID="20"><ref ID="30" SRC="9"></ref><W>have</W><W>gotten</W><W>Teflon</W></xcope><W>!</W></SENTENCE></P><P></P><P><SENTENCE><W>We</W><W>did</W><W>our</W><W>best</W><W>but</W><W>it</W><cue ID="31" type="negation"><W>was</W><W>n&#39;t</W></cue><xcope ID="42"><ref COMMENTS="" ID="54" SRC="31"></ref><W>long</W><W>before</W><W>the</W><W>pans</W></xcope><W>,</W><W>especially</W><W>the</W><W>saucepan</W><W>,</W><W>were</W><W>nicked</W><C><W>and</W></C><W>scratched</W><W>.</W></SENTENCE><SENTENCE><xcope ID="72"><ref COMMENTS="" ID="73" SRC="32"></ref><W>They</W></xcope><C><cue ID="32" type="speculation"><W>seemed</W></cue></C><xcope ID="43"><ref ID="53" SRC="32"></ref><W>to</W><W>develop</W><W>odd</W><W>filmy</W><W>stains</W></xcope><W>that</W><cue ID="33" type="speculation"><C><W>could</W></C><W>n&#39;t</W></cue><xcope ID="71"><ref COMMENTS="" ID="72" SRC="33"></ref><xcope ID="44"><ref ID="57" SRC="34"></ref><W>be</W><W>removed</W><W>by</W><W>soaking</W></xcope><C><cue ID="34" type="speculation"><W>or</W></cue></C><xcope ID="45"><ref ID="56" SRC="34"></ref><W>scrubbing</W></xcope></xcope><W>(</W><W>we</W><W>even</W><W>cheated</W><C><W>and</W></C><W>tried</W><W>a</W><W>nylon</W><W>scouring</W><W>pad</W><W>)</W><W>.</W></SENTENCE><SENTENCE><W>It</W><W>&#39;s</W><W>hard</W><W>to</W><W>say</W><C><cue ID="35" type="speculation"><W>whether</W></cue></C><xcope ID="46"><ref ID="60" SRC="36"></ref><W>the</W><W>stains</W><W>were</W><W>from</W><W>cooked-on</W><W>food</W></xcope><C><cue ID="36" type="speculation"><W>or</W></cue></C><xcope ID="47"><ref ID="59" SRC="36"></ref><W>from</W><W>the</W><W>slowly-dissolving</W><W>coating</W></xcope><W>.</W></SENTENCE><SENTENCE><C><cue ID="37" type="speculation"><W>If</W></cue></C><xcope ID="48"><ref COMMENTS="" ID="61" SRC="37"></ref><W>food</W><W>was</W><W>left</W><W>in</W><W>the</W><W>pans</W><W>for</W><W>any</W><W>length</W><W>of</W><W>time</W><W>beyond</W><W>a</W><W>couple</W><W>of</W><W>hours</W><W>the</W><W>finish</W><W>started</W><W>to</W><W>wear</W><W>away</W></xcope><W>,</W><W>exposing</W><W>the</W><W>plain</W><W>aluminum</W><W>interior</W><W>.</W></SENTENCE></P><P></P><P><SENTENCE><W>Calphalon</W><W>acts</W><W>...</W><W>strangely</W><W>when</W><W>you</W><W>put</W><W>it</W><W>on</W><W>a</W><W>lit</W><W>burner</W><W>.</W></SENTENCE><SENTENCE><W>It</W><W>heats</W><W>up</W><W>very</W><W>slowly</W><C><W>and</W></C><C><cue ID="38" type="negation"><W>never</W></cue></C><xcope ID="49"><ref ID="62" SRC="38"></ref><W>really</W><W>gets</W><W>hot</W></xcope><W>,</W><W>even</W><C><cue ID="39" type="speculation"><W>if</W></cue></C><xcope ID="50"><ref ID="63" SRC="39"></ref><W>you</W><W>disregard</W><W>the</W><W>warning</W><W>about</W><W>higher</W><W>than</W><W>medium</W><W>heat</W></xcope><W>.</W></SENTENCE><SENTENCE><W>This</W><W>makes</W><W>it</W><W>hard</W><W>to</W><W>saute</W><W>things</W><W>,</W><C><W>and</W></C><W>stir-frying</W><W>is</W><W>especially</W><W>challenging</W><W>.</W></SENTENCE><SENTENCE><W>It</W><W>also</W><W>takes</W><W>a</W><W>long</W><W>time</W><W>to</W><W>cool</W><W>down</W><W>,</W><W>so</W><W>that</W><W>even</W><W>when</W><W>you</W><W>take</W><W>the</W><W>pan</W><W>off</W><W>the</W><W>burner</W><W>the</W><W>food</W><W>inside</W><W>continues</W><W>to</W><W>cook</W><W>.</W></SENTENCE><SENTENCE><W>After</W><W>the</W><W>finish</W><W>started</W><W>wearing</W><W>away</W><W>,</W><W>the</W><W>aluminum</W><W>core</W><W>made</W><W>things</W><W>taste</W><W>funny</W><W>,</W><C><cue ID="40" type="negation"><W>not</W></cue></C><xcope ID="51"><ref ID="64" SRC="40"></ref><W>just</W><W>acidic</W><W>foods</W><W>like</W><W>tomatoes</W><W>but</W><W>even</W><W>boiling</W><W>water</W></xcope><W>.</W></SENTENCE><SENTENCE><C><cue ID="41" type="negation"><W>Not</W></cue></C><xcope ID="52"><ref ID="65" SRC="41"></ref><W>exactly</W><W>what</W><W>we</W><W>had</W><W>in</W><W>mind</W><W>when</W><W>we</W><W>asked</W><W>our</W><W>relatives</W><W>for</W><W>this</W><W>pricey</W><W>stuff</W></xcope><W>.</W></SENTENCE></P><P></P><P><SENTENCE><W>Finally</W><W>,</W><W>after</W><W>less</W><W>than</W><W>three</W><W>years</W><W>,</W><W>we</W><W>were</W><W>forced</W><W>to</W><W>toss</W><W>the</W><W>saucepan</W><W>.</W></SENTENCE><SENTENCE><W>The</W><W>wok</W><W>is</W><W>still</W><W>with</W><W>us</W><W>,</W><W>but</W><W>rarely</W><W>used</W><W>.</W></SENTENCE><SENTENCE><W>So</W><W>my</W><W>recommendation</W><W>is</W><W>:</W><W>skip</W><W>the</W><W>Calphalon</W><W>.</W></SENTENCE><SENTENCE><W>For</W><W>frying</W><C><W>and</W></C><W>sauteing</W><W>,</W><W>get</W><W>some</W><W>nice</W><W>cheap</W><W>cast</W><W>iron</W><W>;</W><W>it</W><W>works</W><W>better</W><C><W>and</W></C><W>requires</W><W>just</W><W>a</W><W>minor</W><W>investment</W><W>of</W><W>time</W><W>at</W><W>the</W><W>beginning</W><W>to</W><W>get</W><W>it</W><W>seasoned</W><W>.</W></SENTENCE><SENTENCE><W>For</W><W>boiling</W><C><W>and</W></C><W>stewing</W><W>,</W><W>your</W><W>basic</W><W>stainless</W><W>steel</W><W>,</W><W>preferably</W><W>with</W><W>a</W><W>heavy</W><W>aluminum</W><W>disk</W><W>on</W><W>the</W><W>bottom</W><W>,</W><W>will</W><W>do</W><W>just</W><W>fine</W><W>.</W></SENTENCE><SENTENCE><W>Then</W><W>take</W><W>the</W><W>money</W><W>you</W><W>&#39;ve</W><W>saved</W><C><W>and</W></C><xcope ID="68"><ref ID="73" SRC="67"></ref><W>buy</W><W>some</W><W>good</W><W>knives</W></xcope><C><cue ID="66" type="speculation"><W>or</W></cue></C><xcope ID="69"><ref ID="74" SRC="67"></ref><W>a</W><W>Kitchenaid</W><W>mixer</W></xcope><W>,</W><C><cue ID="67" type="speculation"><W>or</W></cue></C><xcope ID="70"><ref ID="75" SRC="67"></ref><W>stock</W><W>up</W><W>your</W><W>liquor</W><W>cabinet</W></xcope><W>.</W></SENTENCE><SENTENCE><W>Cheers</W><W>!</W></SENTENCE></P></DOCUMENT>
