<?xml version="1.0" encoding="UTF-8"?>
<DOCUMENT><P></P><P><SENTENCE><W>I</W><W>love</W><W>to</W><W>cook</W><C><W>and</W></C><W>,</W><W>like</W><W>most</W><W>,</W><W>prefer</W><W>to</W><W>use</W><W>highest</W><W>quality</W><W>tools</W><W>for</W><W>ease</W><C><W>and</W></C><W>best</W><W>results</W><W>.</W></SENTENCE><SENTENCE><W>I</W><W>was</W><W>so</W><W>happy</W><W>to</W><W>&#34;</W><W>step</W><W>up</W><W>&#34;</W><W>to</W><W>Calphalon</W><xcope ID="5"><ref ID="11" SRC="0"></ref><W>about</W><W>five</W></xcope><C><cue ID="0" type="speculation"><W>or</W></cue></C><xcope ID="6"><ref ID="12" SRC="0"></ref><W>six</W><W>years</W><W>ago</W></xcope><W>.</W></SENTENCE><SENTENCE><W>I</W><W>did</W><C><cue ID="1" type="negation"><W>not</W></cue></C><xcope ID="7"><ref ID="13" SRC="1"></ref><W>do</W><W>any</W><W>checking</W><W>around</W></xcope><W>...the</W><W>choice</W><W>was</W><W>made</W><W>on</W><W>the</W><W>recommendation</W><W>of</W><W>friends</W><W>who</W><W>also</W><W>are</W><W>passionate</W><W>amateurs</W><W>.</W></SENTENCE></P><P></P><P><SENTENCE><W>Initially</W><W>,</W><W>I</W><W>babied</W><W>these</W><W>pans</W><W>,</W><W>even</W><W>though</W><W>it</W><C><cue ID="2" type="speculation"><W>seemed</W></cue></C><xcope ID="10"><ref ID="16" SRC="2"></ref><W>a</W><W>little</W><W>odd</W><W>that</W><W>the</W><C><cue ID="3" type="speculation"><W>supposed</W></cue></C><xcope ID="9"><ref ID="15" SRC="3"></ref><W>choice</W><W>of</W><W>professional</W><W>chefs</W></xcope><C><cue ID="4" type="speculation"><W>would</W></cue></C><xcope ID="8"><ref ID="14" SRC="4"></ref><W>require</W><W>this</W><W>kind</W><W>of</W><W>treatment</W></xcope><W>.</W></xcope></SENTENCE><SENTENCE><W>I</W><W>mean</W><W>,</W><W>any</W><W>time</W><W>I</W><W>watch</W><W>film</W><W>footage</W><W>of</W><W>restaurant</W><W>chefs</W><W>,</W><W>they</W><W>are</W><W>banging</W><W>their</W><W>stuff</W><W>around</W><W>like</W><W>crazy</W><W>.</W></SENTENCE><SENTENCE><W>Imagine</W><W>a</W><W>high</W><W>volume</W><W>restaurant</W><W>dishwasher</W><W>gently</W><W>coddling</W><W>a</W><W>pan</W><W>with</W><W>Dormand</W><W>low</W><W>abrasive</W><W>cleaner</W><W>.</W></SENTENCE></P><P></P><P><SENTENCE><W>I</W><W>,</W><W>too</W><W>,</W><W>used</W><W>the</W><W>hideously</W><W>expensive</W><W>Dormand</W><W>cleaner</W><C><W>and</W></C><W>carefully</W><W>stacked</W><W>the</W><W>pans</W><W>in</W><W>the</W><W>cupboard</W><W>with</W><W>towels</W><W>in</W><W>between</W><W>.</W></SENTENCE><SENTENCE><W>Irrespective</W><W>of</W><W>this</W><W>,</W><W>the</W><W>finish</W><W>VERY</W><W>quickly</W><W>began</W><W>to</W><W>ding</W><C><W>and</W></C><W>wear</W><W>.</W></SENTENCE><SENTENCE><W>Had</W><W>I</W><W>been</W><W>a</W><W>little</W><W>smarter</W><W>at</W><W>the</W><W>time</W><W>,</W><W>I</W><C><cue ID="17" type="speculation"><W>would</W></cue></C><xcope ID="22"><ref ID="28" SRC="17"></ref><W>have</W><W>demanded</W><W>my</W><W>money</W><W>back</W><W>on</W><W>the</W><W>spot</W></xcope><W>.</W></SENTENCE></P><P></P><P><SENTENCE><W>They</W><W>have</W><C><cue ID="18" type="negation"><W>never</W></cue></C><xcope ID="23"><ref ID="29" SRC="18"></ref><W>been</W><W>easy</W><W>to</W><W>clean</W></xcope><W>.</W></SENTENCE><SENTENCE><W>They</W><W>required</W><W>a</W><W>great</W><W>deal</W><W>of</W><W>soaking</W><C><W>and</W></C><W>gentle</W><W>nylon</W><W>abrasion</W><W>over</W><xcope ID="24"><ref ID="31" SRC="19"></ref><W>a</W><W>day</W></xcope><C><cue ID="19" type="speculation"><W>or</W></cue></C><xcope ID="25"><ref ID="30" SRC="19"></ref><W>more</W></xcope><C><cue ID="20" type="speculation"><W>if</W></cue></C><xcope ID="26"><ref ID="32" SRC="20"></ref><W>something</W><W>got</W><W>really</W><W>stuck</W></xcope><W>.</W></SENTENCE><SENTENCE><W>I</W><W>have</W><C><cue ID="21" type="negation"><W>never</W></cue></C><xcope ID="27"><ref ID="33" SRC="21"></ref><W>been</W><W>happy</W><W>with</W><W>the</W><W>surface</W><W>for</W><W>sauteeing</W><W>tasks</W></xcope><W>(</W><W>although</W><W>the</W><W>heating</W><W>is</W><W>very</W><W>even</W><C><W>and</W></C><W>the</W><W>pans</W><W>sit</W><W>nicely</W><W>on</W><W>the</W><W>burner...the</W><W>structural</W><W>integrity</W><W>is</W><W>just</W><W>wonderful</W><W>)</W><W>.</W></SENTENCE></P><P></P><P><SENTENCE><W>Now</W><W>,</W><W>the</W><W>anodization</W><W>has</W><W>completely</W><W>worn</W><W>off</W><W>the</W><W>bottoms</W><W>of</W><W>the</W><W>saucepans</W><W>(</W><W>the</W><W>most-used</W><W>pans</W><W>for</W><W>everyday</W><W>)</W><W>,</W><C><W>and</W></C><W>is</W><W>starting</W><W>to</W><W>come</W><W>off</W><W>the</W><W>skillets</W><W>.</W></SENTENCE><SENTENCE><W>After</W><W>a</W><W>few</W><W>years</W><W>,</W><W>I</W><W>gave</W><W>up</W><W>completely</W><C><W>and</W></C><W>now</W><W>we</W><W>just</W><W>stick</W><W>them</W><W>in</W><W>the</W><W>dishwasher</W><W>.</W></SENTENCE><SENTENCE><W>Who</W><W>cares</W><W>?</W><W>?</W></SENTENCE><SENTENCE><C><cue ID="34" type="negation"><W>No</W></cue></C><xcope ID="38"><ref ID="42" SRC="34"></ref><W>matter</W><W>what</W><W>we</W><W>did</W></xcope><W>,</W><xcope ID="40"><ref COMMENTS="" ID="41" SRC="35"></ref><W>they</W></xcope><C><cue ID="35" type="speculation"><W>seemed</W></cue></C><xcope ID="39"><ref ID="43" SRC="35"></ref><W>to</W><W>wear</W><W>out</W><W>anyhow</W></xcope><W>.</W></SENTENCE></P><P></P><P><SENTENCE><W>I</W><W>will</W><C><cue ID="36" type="negation"><W>never</W></cue></C><xcope ID="40"><ref ID="44" SRC="36"></ref><W>purchase</W><W>anything</W><W>again</W><W>requiring</W><W>this</W><W>degree</W><W>of</W><W>care</W></xcope><W>.</W></SENTENCE><SENTENCE><W>After</W><W>reading</W><W>other</W><W>Epinions</W><W>,</W><W>our</W><W>next</W><W>purchase</W><W>will</W><W>definitely</W><W>be</W><W>All-Clad</W><W>stainless</W><W>.</W></SENTENCE><SENTENCE><W>I</W><W>recently</W><W>received</W><W>a</W><W>heavy</W><W>,</W><W>multi-ply</W><W>stainless</W><W>steel</W><W>griddle</W><W>as</W><W>a</W><W>gift</W><W>,</W><C><W>and</W></C><W>am</W><W>so</W><W>happy</W><W>with</W><W>its</W><W>performance</W><W>.</W></SENTENCE></P><P></P><P><SENTENCE><W>Thanks</W><W>for</W><W>reading</W><C><W>and</W></C><W>I</W><C><cue ID="37" type="speculation"><W>hope</W></cue></C><xcope ID="41"><ref ID="45" SRC="37"></ref><W>this</W><W>helps</W><W>you</W><W>in</W><W>your</W><W>decision</W></xcope><W>.</W></SENTENCE></P></DOCUMENT>
