<?xml version="1.0" encoding="UTF-8"?>
<DOCUMENT><P></P><P><SENTENCE><W>As</W><W>someone</W><W>who</W><W>loves</W><W>to</W><W>cook</W><C><W>and</W></C><W>enjoys</W><W>entertaining</W><W>,</W><W>I</W><W>am</W><W>always</W><W>trying</W><W>new</W><W>recipes</W><W>.</W></SENTENCE><SENTENCE><W>I</W><W>have</W><W>tried</W><W>many</W><W>different</W><W>types</W><W>of</W><W>cookware</W><W>including</W><W>Revere</W><W>Ware</W><C><W>and</W></C><W>T-FAL</W><W>,</W><W>both</W><W>were</W><W>fine</W><W>but</W><W>I</W><W>wanted</W><W>to</W><W>upgrade</W><W>to</W><W>&#34;restaurant</W><W>quality</W><W>&#34;</W><W>cookware</W><W>.</W></SENTENCE></P><P></P><P><SENTENCE><W>Calphalon</W><W>was</W><W>my</W><W>first</W><W>choice</W><W>.</W></SENTENCE><SENTENCE><W>The</W><W>look</W><W>of</W><W>it</W><W>combined</W><W>with</W><W>the</W><W>reputation</W><W>I</W><W>was</W><W>convinced</W><W>it</W><W>had</W><W>made</W><W>me</W><W>want</W><W>it</W><W>in</W><W>my</W><W>own</W><W>kitchen</W><W>.</W></SENTENCE><SENTENCE><W>I</W><W>bought</W><W>it</W><W>piece</W><W>by</W><W>piece</W><W>.</W></SENTENCE><SENTENCE><W>Knowing</W><W>which</W><W>pans</W><W>I</W><C><cue ID="0" type="speculation"><W>would</W></cue></C><xcope ID="6"><ref ID="12" SRC="0"></ref><W>use</W><W>most</W></xcope><W>,</W><W>allowed</W><W>me</W><W>to</W><W>purchase</W><W>just</W><W>the</W><W>ones</W><W>I</W><W>wanted</W><W>,</W><W>as</W><W>each</W><W>went</W><W>on</W><W>sale</W><W>.</W></SENTENCE><SENTENCE><W>Some</W><W>even</W><W>came</W><W>with</W><W>videos</W><W>on</W><W>how</W><W>to</W><W>cook</W><W>in</W><W>it</W><C><W>and</W></C><W>clean</W><W>it</W><W>.</W></SENTENCE><SENTENCE><W>Of</W><W>course</W><W>,</W><W>I</W><W>,</W><W>being</W><W>the</W><W>chef</W><W>in</W><W>my</W><W>own</W><W>mind</W><W>,</W><W>was</W><W>sure</W><W>I</W><W>did</W><C><cue ID="1" type="negation"><W>not</W></cue></C><xcope ID="7"><ref ID="13" SRC="1"></ref><W>need</W><W>to</W><W>view</W><W>it</W></xcope><W>,</W><W>but</W><W>did</W><W>just</W><W>for</W><W>fun</W><W>.</W></SENTENCE><SENTENCE><W>As</W><W>I</W><W>watched</W><W>,</W><W>I</W><W>saw</W><W>that</W><W>I</W><W>needed</W><W>to</W><W>use</W><W>a</W><W>ScotchBrite</W><W>pad</W><W>(</W><W>included</W><W>with</W><W>the</W><W>pan</W><C><W>and</W></C><W>video</W><W>)</W><C><W>and</W></C><W>was</W><W>told</W><C><cue ID="2" type="negation"><W>not</W></cue></C><xcope ID="25"><ref COMMENTS="" ID="26" SRC="2"></ref><xcope ID="8"><ref ID="16" SRC="3"></ref><W>to</W><W>ever</W><W>use</W><W>dish</W><W>liquid</W></xcope><C><cue ID="3" type="speculation"><W>or</W></cue></C><xcope ID="9"><ref ID="15" SRC="3"></ref><W>put</W><W>it</W><W>in</W><W>the</W><W>dishwasher</W></xcope></xcope><W>,</W><W>at</W><W>that</W><W>point</W><W>I</W><W>began</W><W>to</W><W>wonder</W><C><cue ID="4" type="speculation"><W>if</W></cue></C><xcope ID="10"><ref ID="17" SRC="4"></ref><W>these</W><W>pans</W><W>were</W><W>going</W><W>to</W><W>be</W><W>a</W><W>hassle</W><W>to</W><W>clean</W></xcope><W>.</W></SENTENCE><SENTENCE><W>But</W><W>they</W><W>looked</W><W>so</W><W>beautiful</W><W>hanging</W><W>from</W><W>a</W><W>stainless</W><W>steel</W><W>rack</W><W>,</W><W>I</W><W>figured</W><W>it</W><C><cue ID="5" type="speculation"><W>would</W></cue></C><xcope ID="11"><ref ID="18" SRC="5"></ref><W>be</W><W>worth</W><W>it</W></xcope><W>.</W></SENTENCE></P><P></P><P><SENTENCE><W>As</W><W>I</W><W>began</W><W>cooking</W><W>with</W><W>my</W><W>Calphalon</W><W>I</W><W>started</W><W>to</W><W>become</W><W>more</W><C><W>and</W></C><W>more</W><W>disillusioned</W><W>.</W></SENTENCE><SENTENCE><W>This</W><W>commercial-type</W><W>,</W><W>quite</W><W>expensive</W><W>cookware</W><W>was</W><C><cue ID="19" type="negation"><W>not</W></cue></C><xcope ID="23"><ref ID="25" SRC="19"></ref><W>only</W><W>a</W><W>chore</W><W>to</W><W>clean</W><W>due</W><W>to</W><W>having</W><W>to</W><W>use</W><W>special</W><W>&#34;equipment&#34;</W></xcope><W>,</W><W>but</W><W>it</W><C><cue ID="20" type="speculation"><W>seemed</W></cue></C><xcope ID="22"><ref ID="26" SRC="20"></ref><W>as</W><W>though</W><W>just</W><W>about</W><W>everything</W><W>I</W><W>created</W><W>stuck</W><W>to</W><W>the</W><W>pans</W></xcope><W>.</W></SENTENCE><SENTENCE><W>Granted</W><W>,</W><W>I</W><W>was</W><W>well</W><W>aware</W><W>that</W><W>it</W><W>was</W><C><cue ID="21" type="negation"><W>not</W></cue></C><xcope ID="24"><ref ID="27" SRC="21"></ref><W>non-stick</W></xcope><W>,</W><W>however</W><W>it</W><W>truly</W><W>was</W><W>incredibly</W><W>daunting</W><W>to</W><W>have</W><W>to</W><W>be</W><W>scraping</W><W>the</W><W>bottom</W><C><W>and</W></C><W>sides</W><W>of</W><W>the</W><W>pan</W><W>,</W><W>rather</W><W>than</W><W>just</W><W>stirring</W><W>the</W><W>food</W><W>inside</W><W>.</W></SENTENCE><SENTENCE><W>I</W><W>found</W><W>myself</W><W>using</W><W>it</W><W>just</W><W>for</W><W>certain</W><W>types</W><W>of</W><W>cooking</W><C><W>and</W></C><W>for</W><W>certain</W><W>dishes</W><W>.</W></SENTENCE></P><P></P><P><SENTENCE><W>Basically</W><W>,</W><W>I</W><W>personally</W><W>am</W><W>disappointed</W><W>in</W><W>the</W><W>Calphalon</W><W>Commercial</W><W>Hard-Anodized</W><W>pans</W><W>.</W></SENTENCE><SENTENCE><W>However</W><W>,</W><W>I</W><W>have</W><W>recently</W><W>purchased</W><W>a</W><W>Calphalon</W><W>Hard-Anodized</W><W>Non-Stick</W><W>Wok</W><C><W>and</W></C><W>I</W><W>love</W><W>it</W><W>.</W></SENTENCE><SENTENCE><W>It</W><W>looks</W><W>beautiful</W><W>hanging</W><W>with</W><W>the</W><W>others</W><C><W>and</W></C><W>it</W><W>used</W><W>much</W><W>more</W><W>.</W></SENTENCE></P></DOCUMENT>
