<?xml version="1.0" encoding="UTF-8"?>
<DOCUMENT><P/><P><SENTENCE><W>Recently</W><W>got</W><W>married</W><C><W>and</W></C><W>registered</W><W>for</W><W>the</W><W>obligatory</W><W>kitchen</W><W>&quot;</W><W>stuff&quot;</W><W>,</W><W>including</W><W>a</W><W>set</W><W>of</W><W>calphalon</W><W>hard-anodized</W><W>cookware</W><W>.</W></SENTENCE><SENTENCE><W>I</W><C><cue ID="0" type="speculation"><W>must</W></cue></C><xcope ID="30"><ref COMMENTS="" ID="31" SRC="0"/><W>say</W><W>I</W><W>am</W><W>underwhelmed</W></xcope><W>,</W><W>considering</W><W>how</W><W>much</W><W>they</W><W>cost</W><W>.</W></SENTENCE></P><P/><P><SENTENCE><W>--</W><W>Cool</W><W>things</W><W>about</W><W>the</W><W>pots</W><W>&apos;n</W><W>pans</W><W>:</W></SENTENCE></P><P/><P><SENTENCE><W>*/SYM</W><W>Glass</W><W>lids</W><W>!</W></SENTENCE><SENTENCE><W>I</W><cue ID="1" type="negation"><W>did</W><W>n&apos;t</W></cue><xcope ID="29"><ref COMMENTS="" ID="32" SRC="1"/><W>know</W><W>what</W><W>I</W><W>was</W><C><W>missing</W></C><W>with</W><W>my</W><W>old</W><W>target</W><W>pots</W><W>and</W><W>pans</W></xcope><W>.</W></SENTENCE><SENTENCE><W>When</W><W>cooking</W><W>,</W><W>I</W><W>want</W><W>to</W><W>check</W><W>the</W><W>status</W><W>of</W><W>the</W><W>food</W><W>often</W><C><W>and</W></C><W>the</W><W>glass</W><W>lids</W><W>are</W><W>a</W><W>simple</W><W>but</W><W>amazingly</W><W>effective</W><W>feature</W><W>.</W></SENTENCE></P><P/><P><SENTENCE><W>*/SYM</W><W>The</W><W>handles</W><W>do</W><W>n&apos;t</W><W>get</W><W>hot</W><W>when</W><W>the</W><W>pots</W><W>are</W><W>.</W></SENTENCE></P><P/><P><SENTENCE><W>*/SYM</W><W>While</W><W>they</W><W>&apos;re</W><C><cue ID="2" type="negation"><W>not</W></cue></C><xcope ID="28"><ref COMMENTS="" ID="33" SRC="2"/><W>dishwasher</W><W>safe</W></xcope><W>(</W><W>see</W><W>below</W><W>)</W><W>,</W><W>they</W><W>are</W><W>amazingly</W><W>easy</W><W>to</W><W>clean</W><W>,</W><W>cooked</W><W>in</W><W>food</W><W>does</W><W>slide</W><W>right</W><W>off</W><W>the</W><W>surface</W><W>.</W></SENTENCE></P><P/><P><SENTENCE><W>*/SYM</W><W>Very</W><W>sturdy</W><W>.</W></SENTENCE><SENTENCE><W>You</W><cue ID="3" type="negation"><W>ca</W><W>n&apos;t</W></cue><xcope ID="27"><ref COMMENTS="" ID="34" SRC="3"/><W>knock</W><W>it</W><W>off</W><W>the</W><W>stove</W><W>accidentally</W></xcope><W>,</W><C><W>and</W></C><W>nothing</W><W>you</W><W>do</W><W>to</W><W>these</W><W>pots</W><W>is</W><W>going</W><W>to</W><W>damage</W><W>them</W><W>(</W><W>well</W><W>,</W><C><W>except</W></C><W>use</W><W>metal</W><W>utensils</W><W>in</W><W>them</W><W>:-)</W></SENTENCE></P><P/><P><SENTENCE><W>--</W><C><cue ID="4" type="negation"><W>Not</W></cue></C><xcope ID="26"><ref COMMENTS="" ID="35" SRC="4"/><W>so</W><W>cool</W><W>things</W><W>about</W><W>the</W><W>pots</W><W>&apos;n</W><W>pans</W></xcope><W>:</W></SENTENCE></P><P/><P><SENTENCE><W>*/SYM</W><W>heaaaavy</W><W>.</W></SENTENCE><SENTENCE><W>I</W><W>have</W><W>to</W><W>use</W><W>two</W><W>hands</W><W>to</W><W>move</W><W>the</W><W>larger</W><W>saucepan</W><W>when</W><W>it</W><W>&apos;s</W><W>full</W><W>of</W><W>water</W><W>.</W></SENTENCE></P><P/><P><SENTENCE><W>*/SYM</W><C><cue ID="5" type="negation"><W>Not</W></cue></C><xcope ID="25"><ref COMMENTS="" ID="37" SRC="5"/><W>dishwasher</W><W>safe</W></xcope><W>.</W></SENTENCE><SENTENCE><W>Aww</W><W>,</W><W>shucks</W><W>.</W></SENTENCE><SENTENCE><W>I</W><W>&apos;ve</W><W>long</W><W>been</W><W>one</W><W>of</W><W>those</W><W>people</W><W>who</W><W>says</W><W>&quot;</W><W>Hey</W><W>,</W><W>why</W><W>bother</W><W>scrubbing</W><W>pots</W><C><cue ID="6" type="speculation"><W>if</W></cue></C><xcope ID="24"><ref ID="36" SRC="6"/><W>we</W><W>have</W><W>a</W><W>dishwasher</W></xcope><W>,</W><W>so</W><W>what</W><C><cue ID="7" type="speculation"><W>if</W></cue></C><xcope ID="23"><ref COMMENTS="" ID="39" SRC="7"/><W>we</W><C><cue ID="8" type="speculation"><W>can</W></cue></C><xcope ID="22"><ref COMMENTS="" ID="38" SRC="8"/><W>only</W><W>fit</W><W>4</W><W>things</W><W>in</W><W>before</W><W>having</W><W>to</W><W>reload</W></xcope></xcope><W>.</W><W>.</W><W>&quot;</W><W>so</W><W>I</W><W>&apos;ve</W><W>found</W><W>this</W><W>to</W><W>be</W><W>a</W><W>fairly</W><W>big</W><W>drawback</W><W>.</W></SENTENCE></P><P/><P><SENTENCE><W>*/SYM</W><W>You</W><cue ID="10" type="negation"><W>ca</W><W>n&apos;t</W></cue><xcope ID="19"><ref COMMENTS="" ID="40" SRC="10"/><W>use</W><W>metal</W><W>utensils</W><W>in</W><W>them</W></xcope><W>-</W><W>I</W><W>&apos;m</W><W>lazy</W><W>,</W><W>I</W><W>used</W><W>to</W><W>grab</W><W>a</W><W>spoon</W><W>from</W><W>the</W><W>silverware</W><W>drawer</W><W>to</W><W>stir</W><W>.</W></SENTENCE><SENTENCE><W>Now</W><W>I</W><W>have</W><W>to</W><W>use</W><W>an</W><W>actual</W><W>*gasp*</W><xcope ID="21"><ref ID="42" SRC="9"/><W>plastic</W></xcope><C><cue ID="9" type="speculation"><W>or</W></cue></C><xcope ID="20"><ref COMMENTS="" ID="41" SRC="9"/><W>wooden</W><W>spoon</W></xcope><W>.</W></SENTENCE></P><P/><P><SENTENCE><W>*/SYM</W><W>Cost</W><W>.</W></SENTENCE><SENTENCE><W>$</W><W>200</W><W>for</W><W>a</W><W>*pot*</W><W>?</W><W>?</W></SENTENCE></P><P/><P><SENTENCE><W>So</W><W>overall</W><W>,</W><W>I</W><W>&apos;m</W><W>sure</W><W>the</W><W>calphalons</W><W>are</W><W>great</W><W>for</W><W>professional</W><W>cooks</W><W>who</W><W>are</W><W>constantly</W><W>making</W><W>things</W><W>that</W><W>require</W><W>these</W><W>heavy</W><W>duty</W><W>pots</W><C><W>and</W></C><W>pans</W><W>(</W><W>the</W><W>same</W><W>type</W><W>of</W><W>person</W><W>who</W><C><cue ID="11" type="speculation"><W>probably</W></cue></C><xcope ID="18"><ref ID="43" SRC="11"/><W>pays</W><W>someone</W><W>else</W><W>to</W><W>wash</W><W>the</W><W>dishes</W></xcope><W>)</W><W>,</W><W>but</W><W>for</W><W>the</W><W>average</W><W>joe</W><W>it</W><W>&apos;s</W><C><cue ID="12" type="speculation"><W>probably</W></cue></C><xcope ID="17"><ref COMMENTS="" ID="45" SRC="12"/><C><cue ID="13" type="negation"><W>not</W></cue></C><xcope ID="16"><ref COMMENTS="" ID="44" SRC="13"/><W>worth</W><W>it</W></xcope></xcope><W>.</W></SENTENCE><SENTENCE><W>I</W><W>&apos;d</W><W>rather</W><W>buy</W><W>a</W><W>set</W><W>at</W><W>target</W><C><W>and</W></C><W>replace</W><W>it</W><W>every</W><W>year</W><W>for</W><W>the</W><W>convenience</W><W>of</W><W>being</W><W>able</W><W>to</W><W>put</W><W>them</W><W>in</W><W>the</W><W>dishwasher</W><C><W>and</W></C><W>their</W><W>lighter</W><W>construction</W><W>.</W></SENTENCE></P><P/><P><SENTENCE><W>The</W><W>glass</W><W>lids</W><W>is</W><W>the</W><W>one</W><W>feature</W><W>that</W><W>keeps</W><W>me</W><W>using</W><W>the</W><W>calph</W><W>&apos;s</W><W>,</W><W>so</W><C><cue ID="14" type="speculation"><W>if</W></cue></C><xcope ID="15"><ref COMMENTS="" ID="46" SRC="14"/><W>I</W><W>ever</W><W>find</W><W>a</W><W>cheaper</W><W>,</W><W>lighter</W><W>,</W><W>dishwasher</W><W>safe</W><W>set</W><W>with</W><W>glass</W><W>lids</W></xcope><W>.</W><W>.</W></SENTENCE></P></DOCUMENT>