<?xml version="1.0" encoding="UTF-8"?>
<DOCUMENT><P></P><P><SENTENCE><W>I</W><W>bought</W><W>this</W><W>cookware</W><W>set</W><W>because</W><W>I</W><W>finally</W><W>graduated</W><W>college</W><W>,</W><W>got</W><W>married</W><C><W>and</W></C><W>decided</W><W>that</W><W>I</W><W>was</W><W>finished</W><W>using</W><W>the</W><W>&#34;</W><W>cheapies</W><W>&#34;</W><W>.</W></SENTENCE><SENTENCE><W>I</W><W>decided</W><W>on</W><W>this</W><W>brand</W><W>because</W><W>quite</W><W>a</W><W>number</W><W>of</W><W>professional</W><W>chefs</W><W>I</W><W>know</W><W>also</W><W>have</W><W>these</W><W>pans</W><W>in</W><W>their</W><W>home</W><W>kitchens</W><W>.</W></SENTENCE><SENTENCE><W>I</W><W>was</W><W>originally</W><W>very</W><W>impressed</W><W>with</W><W>the</W><W>set</W><C><W>and</W></C><W>loved</W><W>the</W><W>design</W><C><W>and</W></C><W>heaviness</W><W>.</W></SENTENCE><SENTENCE><W>After</W><W>many</W><W>uses</W><W>I</W><W>have</W><W>now</W><W>discovered</W><W>several</W><W>items</W><W>worth</W><W>mentioning</W><W>to</W><C><cue COMMENTS="" ID="0" type="speculation"><W>potential</W></cue></C><xcope ID="4"><ref ID="9" SRC="0"></ref><W>buyers</W></xcope><W>.</W></SENTENCE><SENTENCE><W>First</W><W>,</W><W>on</W><W>the</W><W>positive</W><W>side</W><W>,</W><W>I</W><C><cue ID="1" type="speculation"><W>must</W></cue></C><xcope ID="12"><ref COMMENTS="" ID="13" SRC="1"></ref><W>say</W><W>that</W><W>the</W><W>heat</W><W>distribution</W><W>is</W><W>great</W><C><W>and</W></C><W>this</W><W>cookware</W><W>cooks</W><W>very</W><W>evenly</W></xcope><W>.</W></SENTENCE><SENTENCE><C><W>And</W></C><W>,</W><W>as</W><W>I</W><W>mentioned</W><W>before</W><W>,</W><W>stylistically</W><W>they</W><W>are</W><W>quite</W><W>lovely</W><W>to</W><W>look</W><W>at</W><W>.</W></SENTENCE><SENTENCE><W>They</W><W>add</W><W>a</W><W>touch</W><W>of</W><W>class</W><W>to</W><W>any</W><W>kitchen</W><W>.</W></SENTENCE><SENTENCE><W>A</W><W>problem</W><W>I</W><W>have</W><W>discovered</W><C><W>and</W></C><W>have</W><W>been</W><W>greatly</W><W>disappointed</W><W>with</W><W>is</W><W>the</W><W>heat</W><W>retention</W><C><W>and</W></C><W>conduction</W><W>of</W><W>the</W><W>handles</W><W>.</W></SENTENCE><SENTENCE><W>I</W><W>have</W><W>been</W><W>burned</W><W>several</W><W>times</W><W>now</W><W>by</W><W>grabbing</W><W>on</W><W>to</W><W>the</W><W>handles</W><W>which</W><C><cue ID="9" type="speculation"><W>appear</W></cue></C><xcope ID="10"><ref COMMENTS="" ID="11" SRC="9"></ref><W>to</W><W>have</W><W>been</W><W>designed</W><W>to</W><W>avoid</W><W>just</W><W>such</W><W>accidents</W></xcope><W>.</W></SENTENCE><SENTENCE><W>I</W><cue ID="2" type="negation"><W>do</W><W>n&#39;t</W></cue><xcope ID="14"><ref COMMENTS="" ID="15" SRC="2"></ref><W>know</W><W>why</W><W>this</W><W>occurs</W></xcope><W>but</W><W>it</W><W>is</W><W>a</W><W>hazard</W><C><W>and</W></C><W>I</W><W>have</W><W>to</W><W>constantly</W><W>remember</W><W>to</W><W>grab</W><W>a</W><W>pot</W><W>holder</W><W>before</W><W>grabbing</W><W>the</W><W>handle</W><W>of</W><W>the</W><xcope ID="7"><ref ID="13" SRC="3"></ref><W>pan</W></xcope><C><cue ID="3" type="speculation"><W>or</W></cue></C><xcope ID="8"><ref ID="12" SRC="3"></ref><W>pot</W></xcope><W>.</W></SENTENCE><SENTENCE><W>I</W><W>do</W><W>A</W><W>LOT</W><W>of</W><W>cooking</W><C><W>and</W></C><W>this</W><W>is</W><W>a</W><W>huge</W><W>problem</W><W>for</W><W>me</W><W>.</W></SENTENCE></P></DOCUMENT>
