<?xml version="1.0" encoding="UTF-8"?>
<DOCUMENT><P></P><P><SENTENCE><W>I</W><W>always</W><W>wanted</W><W>professional</W><W>cookware</W><W>.</W></SENTENCE><SENTENCE><W>Now</W><W>that</W><W>I</W><W>have</W><W>it</W><W>-</W><W>I</W><W>have</W><W>the</W><W>professional</W><W>burns</W><C><W>and</W></C><W>scars</W><W>that</W><W>come</W><W>with</W><W>it</W><W>!</W></SENTENCE><SENTENCE><W>The</W><W>danger</W><W>of</W><W>using</W><W>this</W><W>product</W><W>(</W><W>because</W><W>they</W><W>are</W><W>made</W><W>to</W><W>conduct</W><W>heat</W><C><W>and</W></C><W>distribute</W><W>it</W><W>evenly</W><W>)</W><W>is</W><W>the</W><W>handles</W><W>.</W></SENTENCE><SENTENCE><W>EVERYTHING</W><W>on</W><W>these</W><W>pots</W><C><W>and</W></C><W>pans</W><W>gets</W><W>hot</W><W>.</W></SENTENCE><SENTENCE><W>Until</W><W>I</W><W>became</W><W>fairly</W><W>use</W><W>to</W><W>this</W><W>my</W><W>family</W><C><cue ID="0" type="speculation"><W>thought</W></cue></C><xcope ID="5"><ref ID="10" SRC="0"></ref><W>I</W><W>was</W><W>going</W><W>to</W><W>lose</W><W>my</W><W>hands</W><C><W>and</W></C><W>fingers</W><W>while</W><W>cooking</W></xcope><W>.</W></SENTENCE></P><P></P><P><SENTENCE><cue ID="1" type="negation"><W>Do</W><W>n&#39;t</W></cue><xcope ID="6"><ref COMMENTS="" ID="11" SRC="1"></ref><W>get</W><W>me</W><W>wrong</W><W>I</W><W>like</W><W>the</W><W>finished</W><W>product</W><W>of</W><W>using</W><W>my</W><W>new</W><W>cookware</W></xcope><W>.</W></SENTENCE><SENTENCE><W>It</W><W>is</W><W>just</W><W>the</W><W>means</W><W>to</W><W>the</W><W>end</W><W>that</W><W>is</W><W>hard</W><W>for</W><W>me</W><W>to</W><W>overcome</W><W>,</W><W>at</W><W>least</W><W>until</W><W>I</W><W>get</W><W>it</W><W>in</W><W>my</W><W>head</W><W>that</W><W>the</W><W>handles</W><W>are</W><W>VERY</W><W>HOT</W><W>!</W></SENTENCE><SENTENCE><W>The</W><W>food</W><W>comes</W><W>out</W><W>wonderful</W><C><W>and</W></C><W>takes</W><W>less</W><W>time</W><W>to</W><W>prepare</W><W>.</W></SENTENCE><SENTENCE><W>But</W><W>you</W><C><cue ID="2" type="speculation"><W>think</W></cue></C><xcope ID="9"><ref COMMENTS="" ID="14" SRC="2"></ref><W>it</W><cue ID="3" type="speculation"><C><W>would</W></C><W>n&#39;t</W></cue><xcope ID="8"><ref COMMENTS="" ID="13" SRC="3"></ref><W>matter</W><C><cue ID="4" type="speculation"><W>whether</W></cue></C><xcope ID="7"><ref COMMENTS="" ID="12" SRC="4"></ref><W>the</W><W>handles</W><W>conducted</W><W>heat</W><W>evenly</W></xcope></xcope></xcope><W>!</W></SENTENCE><SENTENCE><W>Just</W><W>do</W><W>something</W><W>with</W><W>those</W><W>handles</W><W>so</W><W>we</W><W>do</W><W>n&#39;t</W><W>have</W><W>to</W><W>have</W><W>the</W><W>professional</W><W>scars</W><W>that</W><W>come</W><W>with</W><W>restaurant-like</W><W>food</W><W>.</W></SENTENCE></P></DOCUMENT>
