<?xml version="1.0" encoding="UTF-8"?>
<DOCUMENT><P></P><P><SENTENCE><W>I</W><W>&#39;ve</W><W>enjoyed</W><W>cooking</W><W>with</W><W>Le</W><W>Creuset</W><W>cookware</W><W>.</W></SENTENCE><SENTENCE><W>It</W><W>&#39;s</W><W>solid</W><W>.</W></SENTENCE><SENTENCE><W>It</W><W>cooks</W><W>well</W><W>.</W></SENTENCE><SENTENCE><W>It</W><W>works</W><W>.</W></SENTENCE></P><P></P><P><SENTENCE><W>It</W><W>&#39;s</W><W>also</W><W>heavy</W><W>to</W><W>the</W><W>point</W><W>where</W><W>the</W><W>usage</W><W>is</W><W>impaired</W><W>,</W><W>the</W><W>enamel</W><W>coating</W><cue ID="0" type="negation"><W>does</W><W>n&#39;t</W></cue><xcope ID="5"><ref COMMENTS="" ID="8" SRC="0"></ref><W>last</W><W>as</W><W>long</W><W>as</W><W>it</W><C><cue ID="1" type="speculation"><W>should</W></cue></C><xcope ID="3"><ref ID="7" SRC="1"></ref><W>for</W><W>the</W><W>price</W></xcope></xcope><W>,</W><C><W>and</W></C><W>some</W><W>of</W><W>it</W><W>is</W><W>just</W><W>plain</W><W>ugly</W><W>(</W><W>see</W><W>especially</W><W>the</W><W>flame</W><W>orange</W><W>colour</W><W>)</W><W>.</W></SENTENCE><SENTENCE><C><W>And</W></C><W>the</W><W>pans</W><W>with</W><W>wooden</W><W>handles</W><W>will</W><W>outlive</W><W>the</W><W>handles</W><W>,</W><W>another</W><W>thing</W><C><cue ID="2" type="negation"><W>not</W></cue></C><xcope ID="4"><ref ID="6" SRC="2"></ref><W>commensurate</W><W>with</W><W>the</W><W>price</W></xcope><W>.</W></SENTENCE></P><P></P><P><SENTENCE><W>I</W><W>got</W><W>rid</W><W>of</W><W>most</W><W>of</W><W>my</W><W>Le</W><W>Creuset</W><W>in</W><W>a</W><W>move</W><W>--</W><W>it</W><W>is</W><W>the</W><W>last</W><W>cookware</W><W>you</W><W>&#39;ll</W><W>ever</W><W>want</W><C><cue ID="9" type="speculation"><W>if</W></cue></C><xcope ID="22"><ref ID="33" SRC="9"></ref><W>you</W><W>move</W><W>a</W><W>long</W><W>distance</W></xcope><W>,</W><C><W>and</W></C><W>the</W><W>last</W><W>cookware</W><W>you</W><W>&#39;ll</W><W>ever</W><W>want</W><C><cue ID="10" type="speculation"><W>if</W></cue></C><xcope ID="23"><ref ID="34" SRC="10"></ref><W>you</W><W>move</W><W>frequently</W></xcope><W>.</W></SENTENCE><SENTENCE><W>Most</W><W>of</W><W>mine</W><W>was</W><W>actually</W><W>inherited</W><W>,</W><W>which</W><W>is</W><W>a</W><W>bit</W><W>of</W><W>a</W><W>rare</W><W>thing</W><W>with</W><W>pots</W><C><W>and</W></C><W>pans</W><W>,</W><C><W>and</W></C><W>that</W><W>says</W><W>nice</W><W>things</W><W>about</W><W>the</W><W>quality</W><W>.</W></SENTENCE><SENTENCE><W>That</W><W>I</W><W>parted</W><W>ways</W><W>with</W><W>these</W><W>particular</W><W>family</W><W>heirlooms</W><cue ID="11" type="negation"><W>does</W><W>n&#39;t</W></cue><W>,</W><W>though</W><W>.</W></SENTENCE><SENTENCE><W>The</W><W>handles</W><W>were</W><W>starting</W><W>to</W><W>go</W><W>,</W><W>as</W><W>was</W><W>the</W><W>enamel</W><W>coating</W><W>which</W><C><cue ID="12" type="negation"><W>never</W></cue></C><xcope ID="24"><ref ID="35" SRC="12"></ref><W>stuck</W><W>me</W><W>as</W><W>a</W><W>good</W><C><W>idea</W></C><W>in</W><W>the</W><W>first</W><W>place</W></xcope><W>;</W><W>it</W><W>is</W><W>only</W><W>marginally</W><W>more</W><W>&#39;non-stick</W><W>&#39;</W><W>than</W><W>uncoated</W><W>metals</W><W>.</W></SENTENCE><SENTENCE><C><W>And</W></C><W>it</W><W>was</W><W>just</W><W>too</W><W>heavy</W><W>:</W><W>it</W><W>worked</W><W>well</W><W>to</W><W>slow-cook</W><W>a</W><W>curry</W><W>,</W><W>but</W><W>boiling</W><W>something</W><W>that</W><C><cue ID="13" type="speculation"><W>might</W></cue></C><xcope ID="25"><ref ID="36" SRC="13"></ref><W>require</W><W>draining</W></xcope><W>--</W><W>well</W><W>,</W><W>forget</W><W>it</W><W>.</W></SENTENCE><SENTENCE><W>I</W><W>did</W><W>put</W><W>pieces</W><W>in</W><W>the</W><W>oven</W><W>,</W><W>a</W><W>nice</W><W>bit</W><W>of</W><W>functionality</W><W>,</W><W>but</W><W>they</W><W>were</W><W>so</W><W>unpleasant</W><W>to</W><W>take</W><W>out</W><W>of</W><W>the</W><W>oven</W><W>that</W><W>I</W><W>gave</W><W>up</W><W>.</W></SENTENCE></P><P></P><P><SENTENCE><W>You</W><C><cue ID="14" type="speculation"><W>may</W></cue></C><xcope ID="33"><ref COMMENTS="" ID="34" SRC="14"></ref><xcope ID="26"><ref ID="39" SRC="15"></ref><W>enjoy</W><W>one</W></xcope><C><cue ID="15" type="speculation"><W>or</W></cue></C><xcope ID="27"><ref ID="38" SRC="15"></ref><W>two</W><W>pieces</W><W>of</W><W>Le</W><W>Creuset</W></xcope><W>for</W><W>things</W><W>that</W><W>want</W><W>to</W><W>be</W><W>slowly</W><W>cooked</W><W>at</W><W>a</W><W>low</W></xcope><W>,</W><W>constant</W><W>temperature</W><W>,</W><C><W>and</W></C><C><cue ID="16" type="speculation"><W>if</W></cue></C><xcope ID="28"><ref ID="40" SRC="16"></ref><W>you</W><W>are</W><W>the</W><W>type</W><W>to</W><W>constantly</W><W>have</W><W>an</W><W>unmoving</W><W>pot</W></xcope><W>(</W><W>of</W><W>soup</W><W>stock</W><W>,</W><W>porridge</W><W>,</W><W>anything</W><W>)</W><W>on</W><W>your</W><W>stove</W><W>,</W><W>this</W><C><cue ID="17" type="speculation"><W>may</W></cue></C><xcope ID="29"><ref ID="41" SRC="17"></ref><W>also</W><W>be</W><W>your</W><W>cookware</W></xcope><W>.</W></SENTENCE><SENTENCE><W>A</W><W>small</W><W>pan</W><C><cue ID="18" type="speculation"><W>would</W></cue></C><xcope ID="36"><ref COMMENTS="" ID="38" SRC="18"></ref><C><cue ID="19" type="speculation"><W>probably</W></cue></C><xcope ID="35"><ref COMMENTS="" ID="37" SRC="19"></ref><W>turn</W><W>out</W><W>some</W><W>lovely</W><W>sauces</W></xcope><W>,</W></xcope><W>though</W><W>only</W><W>in</W><W>small</W><W>quantities</W><W>--</W><W>anything</W><W>much</W><W>over</W><W>a</W><W>quart</W><W>suffers</W><W>from</W><W>the</W><W>weight</W><W>problem</W><W>so</W><W>much</W><W>that</W><W>it</W><W>&#39;s</W><C><cue ID="20" type="negation"><W>not</W></cue></C><xcope ID="31"><ref ID="44" SRC="20"></ref><W>worth</W><W>it</W></xcope><W>.</W></SENTENCE><SENTENCE><W>I</W><cue ID="21" type="negation"><W>have</W><W>n&#39;t</W></cue><xcope ID="32"><ref COMMENTS="" ID="45" SRC="21"></ref><W>quite</W><W>been</W><W>able</W><W>to</W><W>duplicate</W><W>some</W><W>of</W><W>the</W><W>stews</W></xcope><C><W>and</W></C><W>curries</W><W>made</W><W>in</W><W>the</W><W>Le</W><W>Creuset</W><W>pans</W><W>,</W><W>but</W><W>it</W><W>&#39;s</W><W>a</W><W>small</W><W>price</W><W>(unlike</W><W>the</W><W>retail</W><W>selling</W><W>one</W><W>...</W><W>)</W><W>to</W><W>pay</W><W>to</W><W>be</W><W>free</W><W>of</W><W>pots</W><W>that</W><W>were</W><W>so</W><W>heavy</W><W>as</W><W>to</W><W>be</W><W>immobile</W><C><W>and</W></C><W>unwashable</W><W>.</W></SENTENCE></P></DOCUMENT>
