<?xml version="1.0" encoding="UTF-8"?>
<DOCUMENT><P/><P><SENTENCE><W>Yes</W><W>,</W><W>Le</W><W>Creuset</W><W>is</W><W>attractive</W><W>,</W><W>long</W><W>lasting</W><C><W>and</W></C><W>comes</W><W>in</W><W>a</W><W>variety</W><W>of</W><W>lovely</W><W>colors</W><W>,</W><C><W>and</W></C><W>are</W><W>suitable</W><W>for</W><W>most</W><W>heat</W><W>sources</W><W>.</W></SENTENCE><SENTENCE><W>However</W><W>,</W><W>as</W><W>a</W><W>classically</W><W>trained</W><W>chef</W><C><W>and</W></C><W>manager</W><W>of</W><W>a</W><W>cookshop</W><W>,</W><W>I</W><C><cue ID="0" type="speculation"><W>feel</W></cue></C><xcope ID="17"><ref ID="18" SRC="0"/><W>that</W><W>the</W><W>disadvantages</W><W>to</W><W>owning</W><W>it</W><W>far</W><W>outweigh</W><W>the</W><W>advantages</W></xcope><W>.</W></SENTENCE><SENTENCE><W>It</W><W>is</W><W>obviously</W><W>extremely</W><W>heavy</W><W>on</W><W>it</W><W>&apos;s</W><W>own</W><C><cue ID="1" type="negation"><W>without</W></cue></C><xcope ID="16"><ref ID="19" SRC="1"/><W>any</W><W>food</W><W>in</W><W>it</W></xcope><W>,</W><C><W>and</W></C><W>the</W><W>price</W><W>tag</W><W>is</W><W>quite</W><W>hefty</W><W>as</W><W>well</W><W>.</W></SENTENCE><SENTENCE><W>Furthermore</W><W>,</W><C><cue ID="3" type="speculation"><W>if</W></cue></C><xcope ID="15"><ref ID="23" SRC="3"/><W>you</W><C><cue ID="4" type="speculation"><W>should</W></cue></C><xcope ID="14"><ref ID="22" SRC="4"/><W>happen</W><W>to</W><W>chip</W></xcope><C><cue ID="5" type="speculation"><W>or</W></cue></C><xcope ID="13"><ref ID="20" SRC="5"/><W>crack</W><W>it</W><W>in</W><W>any</W><W>way</W></xcope></xcope><W>,</W><W>having</W><W>it</W><W>re-enameled</W><W>is</W><W>as</W><W>costly</W><W>as</W><W>replacing</W><W>it</W><W>.</W></SENTENCE><SENTENCE><W>Another</W><W>problem</W><W>...what</W><C><cue ID="6" type="speculation"><W>if</W></cue></C><xcope ID="28"><ref ID="29" SRC="6"/><W>you</W><W>decide</W><W>to</W><W>redecorate</W><W>your</W><W>kitchen</W></xcope><C><W>and</W></C><W>it</W><W>&apos;s</W><W>color</W><W>scheme</W><W>?</W></SENTENCE><SENTENCE><W>I</W><C><cue ID="7" type="speculation"><W>suggest</W></cue></C><xcope ID="29"><ref COMMENTS="" ID="30" SRC="7"/><xcope ID="12"><ref ID="26" SRC="8"/><W>that</W><W>you</W><W>are</W><W>far</W><W>better</W><W>off</W><W>with</W><W>stainless</W><W>steel</W></xcope><C><cue ID="8" type="speculation"><W>or</W></cue></C><xcope ID="11"><ref ID="25" SRC="8"/><W>anodised</W><W>cookware</W></xcope></xcope><W>.</W></SENTENCE><SENTENCE><W>They</W><C><cue ID="9" type="speculation"><W>can</W></cue></C><xcope ID="10"><ref ID="27" SRC="9"/><W>be</W><W>found</W><W>in</W><W>a</W><W>variety</W><W>of</W><W>price</W><W>ranges</W></xcope><W>,</W><W>suitable</W><W>for</W><W>all</W><W>heat</W><W>sources</W><W>,</W><C><W>and</W></C><W>fit</W><W>in</W><W>with</W><W>all</W><W>color</W><W>schemes</W><W>.</W></SENTENCE></P></DOCUMENT>