<?xml version="1.0" encoding="UTF-8"?>
<DOCUMENT><P/><P><SENTENCE><W>I</W><W>received</W><W>a</W><W>Smoothie</W><W>Elite</W><W>as</W><W>a</W><W>Christmas</W><W>gift</W><C><W>and</W></C><W>was</W><W>mildly</W><W>appreciative</W><W>of</W><W>the</W><W>gesture</W><W>,</W><W>but</W><W>needed</W><W>a</W><W>blender</W><W>,</W><W>so</W><W>I</W><cue ID="0" type="negation"><W>did</W><W>n&apos;t</W></cue><xcope ID="5"><ref COMMENTS="" ID="6" SRC="0"/><W>return</W><W>it</W></xcope><W>.</W></SENTENCE><SENTENCE><W>After</W><W>using</W><W>it</W><W>once</W><W>,</W><W>I</W><W>figured</W><W>out</W><W>it</W><C><cue ID="1" type="speculation"><W>would</W></cue></C><xcope ID="20"><ref COMMENTS="" ID="22" SRC="1"/><C><cue ID="2" type="negation"><W>never</W></cue></C><xcope ID="19"><ref COMMENTS="" ID="21" SRC="2"/><W>replace</W><W>a</W><W>true</W><W>blender</W><W>in</W><W>my</W><W>kitchen</W></xcope></xcope><W>.</W></SENTENCE><SENTENCE><W>Now</W><W>it</W><W>&apos;s</W><W>just</W><W>a</W><W>prop</W><W>at</W><W>my</W><W>bar</W><W>.</W></SENTENCE></P><P/><P><SENTENCE><W>The</W><W>500-watt</W><W>pulse-power</W><W>motor</W><W>with</W><W>3</W><W>speeds</W><W>(on</W><W>,</W><W>mix</W><W>,</W><C><W>and</W></C><W>smooth</W><W>)</W><W>is</W><W>loud</W><W>-</W><W>almost</W><W>whiney</W><W>-</W><W>more</W><W>so</W><W>than</W><W>other</W><W>blenders</W><W>.</W></SENTENCE><SENTENCE><W>What</W><W>does</W><W>&quot;mix</W><W>&quot;</W><C><W>and</W></C><W>&quot;</W><W>smooth</W><W>&quot;</W><W>mean</W><W>anyway</W><W>?</W><W>!</W><W>Give</W><W>me</W><W>high</W><C><W>and</W></C><W>low</W><C><W>and</W></C><W>we</W><W>&apos;re</W><W>talking</W><W>.</W></SENTENCE></P><P/><P><SENTENCE><W>56</W><W>ounce</W><W>/</W><W>7</W><W>cup</W><W>capacity</W><W>is</W><W>quite</W><W>sufficient</W><W>.</W></SENTENCE></P><P/><P><SENTENCE><W>Unique</W><W>stir</W><W>stick</W><W>breaks</W><W>up</W><W>air</W><W>pockets</W><W>,</W><W>increases</W><W>mixing</W><W>efficiency</W><W>.</W></SENTENCE><SENTENCE><W>But</W><W>this</W><W>thing</W><W>is</W><W>a</W><W>nuisance</W><W>-</W><W>just</W><W>gets</W><W>in</W><W>the</W><W>way</W><W>.</W></SENTENCE><SENTENCE><W>I</W><W>usually</W><W>just</W><W>keep</W><W>the</W><W>alternate</W><W>removable</W><W>lid</W><W>center</W><W>on</W><W>it</W><W>.</W></SENTENCE></P><P/><P><SENTENCE><W>The</W><W>dispenser</W><W>valve</W><W>serves</W><W>smoothies</W><C><cue ID="10" type="speculation"><W>without</W></cue></C><xcope ID="9"><ref ID="14" SRC="10"/><W>a</W><W>mess</W></xcope><W>,</W><W>but</W><W>keeps</W><W>on</W><W>serving</W><W>when</W><W>you</W><cue ID="17" type="negation"><W>do</W><W>n&apos;t</W></cue><xcope ID="18"><ref COMMENTS="" ID="19" SRC="17"/><W>want</W><W>it</W><W>to</W></xcope><W>.</W></SENTENCE><SENTENCE><W>From</W><W>day</W><W>1</W><W>the</W><W>valve</W><W>dripped</W><W>onto</W><W>the</W><W>counter</W><W>after</W><W>using</W><W>it</W><W>once</W><W>.</W></SENTENCE><SENTENCE><W>It</W><W>&apos;s</W><W>difficult</W><W>to</W><W>clean</W><W>,</W><W>as</W><W>well</W><W>.</W></SENTENCE><SENTENCE><W>You</W><W>have</W><W>to</W><W>disassemble</W><W>the</W><W>entire</W><W>valve</W><W>-</W><W>a</W><W>15-minute</W><W>ordeal</W><W>.</W></SENTENCE></P><P/><P><SENTENCE><W>The</W><W>base</W><W>is</W><W>oversized</W><C><W>and</W></C><W>bulky</W><W>.</W></SENTENCE></P><P/><P><SENTENCE><W>The</W><W>owner</W><W>&apos;s</W><W>manual</W><C><cue ID="11" type="speculation"><W>suggests</W></cue></C><xcope ID="24"><ref COMMENTS="" ID="26" SRC="11"/><C><cue ID="12" type="negation"><W>not</W></cue></C><xcope ID="23"><ref COMMENTS="" ID="25" SRC="12"/><W>using</W><W>a</W><W>dishwasher</W><W>to</W><W>clean</W></xcope></xcope><W>.</W></SENTENCE><SENTENCE><W>Great...so</W><W>much</W><W>for</W><W>convenience</W><W>!</W></SENTENCE></P></DOCUMENT>