<?xml version="1.0" encoding="UTF-8"?>
<DOCUMENT><P></P><P><SENTENCE><W>As</W><W>you</W><C><cue ID="0" type="speculation"><W>can</W></cue></C><xcope ID="16"><ref ID="43" SRC="0"></ref><W>see</W><W>by</W><W>the</W><W>title</W><W>here</W></xcope><W>I</W><W>&#39;m</W><C><cue ID="1" type="negation"><W>not</W></cue></C><xcope ID="17"><ref ID="44" SRC="1"></ref><W>a</W><W>fan</W><W>of</W><W>Farberware</W><W>cookware</W></xcope><W>.</W></SENTENCE><SENTENCE><W>Purchased</W><W>a</W><W>set</W><W>in</W><C><W>May</W></C><C><W>and</W></C><W>it</W><W>has</W><C><cue ID="2" type="negation"><W>not</W></cue></C><xcope ID="18"><ref ID="45" SRC="2"></ref><W>held</W><W>up</W><W>to</W><W>its</W><W>reputation</W></xcope><W>.</W></SENTENCE><SENTENCE><W>I</W><cue ID="3" type="negation"><W>do</W><W>n&#39;t</W></cue><xcope ID="19"><ref ID="49" SRC="4"></ref><W>know</W><W>what</W><W>they</W><W>are</W><W>doing</W></xcope><C><cue ID="4" type="speculation"><W>or</W></cue></C><xcope ID="21"><ref ID="48" SRC="4"></ref><C><cue ID="5" type="negation"><W>not</W></cue></C><xcope ID="20"><ref ID="47" SRC="5"></ref><W>doing</W></xcope></xcope><W>,</W><W>but</W><W>this</W><W>set</W><W>left</W><W>a</W><W>bad</W><W>experience</W><W>for</W><W>me</W><W>.</W></SENTENCE></P><P></P><P><SENTENCE><cue ID="6" type="negation"><W>Can&#39;t</W></cue><xcope ID="22"><ref COMMENTS="" ID="50" SRC="6"></ref><W>go</W><W>in</W><W>the</W><W>dishwasher</W></xcope><W>,</W><cue ID="7" type="negation"><W>ca</W><W>n&#39;t</W></cue><xcope ID="43"><ref COMMENTS="" ID="44" SRC="7"></ref><xcope ID="24"><ref ID="53" SRC="8"></ref><W>use</W><W>oil</W></xcope><C><cue ID="8" type="speculation"><W>or</W></cue></C><xcope ID="23"><ref ID="52" SRC="8"></ref><W>sprays</W><W>in</W><W>it</W></xcope></xcope><W>.</W></SENTENCE><SENTENCE><W>It</W><W>scratches</W><W>easily</W><C><W>and</W></C><W>stains</W><C><W>and</W></C><W>peels</W><W>.</W></SENTENCE><SENTENCE><W>This</W><W>cookware</W><W>is</W><C><cue ID="9" type="negation"><W>not</W></cue></C><xcope ID="25"><ref ID="54" SRC="9"></ref><W>a</W><W>cooks</W><W>friend</W><W>what</W><W>so</W><W>ever</W></xcope><W>!</W><W>!</W><W>Shipped</W><W>set</W><W>back</W><W>to</W><W>Meyer</W><W>corp</W><W>.</W></SENTENCE><SENTENCE><C><W>and</W></C><C><cue ID="10" type="speculation"><W>would</W></cue></C><xcope ID="28"><ref ID="57" SRC="10"></ref><W>you</W><C><cue ID="11" type="speculation"><W>believe</W></cue></C><xcope ID="27"><ref ID="56" SRC="11"></ref><W>they</W><cue ID="12" type="negation"><W>did</W><W>n&#39;t</W></cue><xcope ID="26"><ref ID="55" SRC="12"></ref><W>stand</W><W>behind</W><W>their</W><W>&#34;</W><W>Lifetime</W><W>Limited</W><W>Waranty</W></xcope><W>&#34;</W></xcope><W>due</W></xcope><W>to</W><W>their</W><W>explanation</W><W>of</W><W>telling</W><W>me</W><W>that</W><W>is</W><W>was</W><C><cue ID="13" type="negation"><W>not</W></cue></C><xcope ID="29"><ref ID="58" SRC="13"></ref><W>defective</W></xcope><W>.</W></SENTENCE><SENTENCE><W>Well</W><C><cue ID="14" type="speculation"><W>if</W></cue></C><xcope ID="45"><ref COMMENTS="" ID="46" SRC="14"></ref><W>peeling</W><C><cue ID="32" type="speculation"><W>and</W></cue></C><W>scratching</W><cue ID="33" type="negation"><W>are</W><W>n&#39;t</W></cue><xcope ID="34"><ref COMMENTS="" ID="59" SRC="33"></ref><W>covered</W><W>under</W><W>this</W><W>&#34;WARRANTY</W></xcope></xcope><W>&#34;</W><W>after</W><W>less</W><W>than</W><W>3</W><W>months</W><W>use</W><W>then</W><W>I</W><W>have</W><C><cue ID="15" type="negation"><W>no</W></cue></C><xcope ID="35"><ref ID="63" SRC="15"></ref><W>clue</W><W>what</W><W>is</W><W>covered</W></xcope><W>.</W></SENTENCE></P><P></P><P><SENTENCE><W>It</W><W>cost</W><W>me</W><W>over</W><W>$</W><W>15</W><W>to</W><W>return</W><C><W>and</W></C><W>they</W><W>send</W><W>me</W><W>back</W><W>the</W><W>exact</W><W>set</W><W>.</W></SENTENCE><SENTENCE><W>Is</W><W>this</W><W>customer</W><W>service</W><W>?</W></SENTENCE><SENTENCE><W>Is</W><W>this</W><W>what</W><W>we</W><W>buy</W><W>now</W><W>is</W><W>use</W><W>for</W><W>less</W><W>than</W><W>90</W><W>days</W><C><W>and</W></C><W>throw</W><W>the</W><W>cookware</W><W>away</W><W>?</W></SENTENCE><SENTENCE><C><cue ID="36" type="speculation"><W>If</W></cue></C><xcope ID="40"><ref ID="64" SRC="36"></ref><W>you</W><W>are</W><W>considering</W><W>purchasing</W><W>this</W><W>&#34;</W><W>stuff</W><W>&#34;</W></xcope><W>I</W><W>&#39;d</W><C><W>think</W></C><W>twice</W><W>.</W></SENTENCE><SENTENCE><W>It</W><W>&#39;s</W><C><cue ID="38" type="negation"><W>not</W></cue></C><xcope ID="47"><ref COMMENTS="" ID="48" SRC="38"></ref><xcope ID="41"><ref ID="67" SRC="39"></ref><W>worth</W><W>the</W><W>price</W></xcope><C><cue ID="39" type="speculation"><W>or</W></cue></C><xcope ID="42"><ref ID="66" SRC="39"></ref><W>the</W><W>hassel</W></xcope></xcope></SENTENCE></P></DOCUMENT>
