<?xml version="1.0" encoding="UTF-8"?>
<DOCUMENT><P></P><P><SENTENCE><W>Lodge</W><W>is</W><W>celebrating</W><W>100</W><W>years</W><W>of</W><W>making</W><W>pans</W><W>cast</W><W>from</W><W>iron</W><W>.</W></SENTENCE><SENTENCE><W>They</W><W>even</W><W>have</W><W>a</W><W>special</W><W>cookbook</W><W>to</W><W>go</W><W>with</W><W>the</W><W>Lodge</W><W>pans</W><W>which</W><W>is</W><W>available</W><W>at</W><W>the</W><W>web</W><W>site</W><W>.</W></SENTENCE></P><P></P><P><SENTENCE><W>Lodge</W><W>makes</W><W>the</W><W>entire</W><W>pan</W><W>in</W><W>a</W><W>cast</W><W>(</W><W>mold</W><W>)</W><W>which</W><W>is</W><W>where</W><W>the</W><W>cast</W><W>name</W><W>comes</W><W>from</W><W>,</W><C><W>and</W></C><W>the</W><W>pan</W><W>is</W><W>made</W><W>out</W><W>of</W><W>iron</W><W>.</W></SENTENCE></P><P></P><P><SENTENCE><W>Why</W><C><cue ID="0" type="speculation"><W>should</W></cue></C><xcope ID="2"><ref ID="4" SRC="0"></ref><W>you</W><W>care</W><W>about</W><W>a</W><W>pan</W><W>being</W><W>a</W><W>cast</W><W>iron</W></xcope><W>?</W></SENTENCE></P><P></P><P><SENTENCE><W>Well--lots</W><W>of</W><W>pans</W><W>fall</W><W>apart</W><W>.</W></SENTENCE><SENTENCE><W>Pieces</W><W>come</W><W>off</W><W>.</W></SENTENCE><SENTENCE><W>The</W><W>finish</W><W>flakes</W><W>off</W><W>.</W></SENTENCE><SENTENCE><W>That</W><cue ID="1" type="negation"><W>does</W><W>n&#39;t</W></cue><xcope ID="3"><ref COMMENTS="" ID="5" SRC="1"></ref><W>happen</W><W>with</W><W>a</W><W>pan</W><W>cast</W><W>in</W><W>one</W><W>solid</W><W>piece</W><C><W>and</W></C><W>made</W><W>of</W><W>iron</W></xcope><W>.</W></SENTENCE></P><P></P><P><SENTENCE><W>As</W><W>for</W><W>the</W><W>iron--iron</W><W>has</W><W>been</W><W>used</W><W>for</W><W>centuries</W><W>in</W><W>cooking</W><W>.</W></SENTENCE><SENTENCE><W>It</W><W>holds</W><W>up</W><W>to</W><W>the</W><W>heat</W><C><W>and</W></C><W>it</W><W>absorbs</W><W>the</W><W>heat</W><C><W>and</W></C><W>cooks</W><W>evenly</W><W>.</W></SENTENCE><SENTENCE><W>It</W><W>is</W><C><cue ID="6" type="negation"><W>not</W></cue></C><xcope ID="9"><ref ID="12" SRC="6"></ref><W>a</W><W>smooth</W><W>finish</W><W>like</W><W>most</W><W>pans</W></xcope><W>.</W></SENTENCE><SENTENCE><W>It</W><W>has</W><W>pores</W><W>which</W><W>absorb</W><W>oil</W><W>(</W><W>which</W><W>means</W><W>these</W><W>pans</W><W>get</W><W>better</W><W>over</W><W>time</W><W>)</W><W>.</W></SENTENCE><SENTENCE><W>Also</W><W>the</W><W>iron</W><W>gets</W><W>in</W><W>the</W><W>food</W><W>(</W><W>faint</W><W>traces</W><W>)</W><W>.</W></SENTENCE><SENTENCE><W>This</W><W>is</W><W>fine</W><C><W>and</W></C><W>actually</W><W>a</W><W>good</W><W>thing</W><W>,</W><W>since</W><W>we</W><W>all</W><W>need</W><W>iron</W><W>in</W><W>our</W><W>diet</W><W>.</W></SENTENCE><SENTENCE><C><cue ID="7" type="speculation"><W>If</W></cue></C><xcope ID="10"><ref ID="13" SRC="7"></ref><W>you</W><W>are</W><W>anemic</W></xcope><W>,</W><W>then</W><W>you</W><C><cue ID="8" type="speculation"><W>might</W></cue></C><xcope ID="11"><ref ID="14" SRC="8"></ref><W>want</W><W>to</W><W>consider</W><W>cast</W><W>iron</W><W>for</W><W>cooking</W></xcope><W>.</W></SENTENCE></P><P></P><P><SENTENCE><W>Lodge</W><W>makes</W><W>a</W><W>variety</W><W>of</W><W>sizes</W><W>from</W><W>the</W><W>tiny</W><W>one</W><W>you</W><W>see</W><W>in</W><W>the</W><W>product</W><W>to</W><W>picture</W><W>up</W><W>to</W><W>the</W><W>large</W><W>size</W><W>in</W><W>the</W><W>picture</W><W>.</W></SENTENCE><SENTENCE><W>I</W><W>do</W><W>like</W><W>the</W><W>small</W><xcope ID="16"><ref COMMENTS="" ID="18" SRC="15"></ref><W>size</W><W>for</W><W>meling</W><W>butter</W><W>for</W><W>popcorn</W></xcope><C><cue ID="15" type="speculation"><W>or</W></cue></C><xcope ID="17"><ref COMMENTS="" ID="19" SRC="15"></ref><W>for</W><W>frying</W><W>onions</W><W>to</W><W>go</W><W>on</W><W>a</W><W>sandwich</W></xcope><W>.</W></SENTENCE><SENTENCE><W>The</W><W>larger</W><W>sizes</W><W>are</W><W>a</W><W>problem</W><W>though</W><W>due</W><W>to</W><W>the</W><W>weight</W><W>.</W></SENTENCE><SENTENCE><W>Cast</W><W>iron</W><W>is</W><W>heavier</W><W>than</W><W>other</W><W>types</W><W>of</W><W>cooking</W><W>materials</W><W>.</W></SENTENCE></P><P></P><P><SENTENCE><W>Lodge</W><W>also</W><W>has</W><W>the</W><W>cookbook</W><W>plus</W><W>items</W><W>like</W><W>covers</W><W>for</W><W>the</W><W>pans</W><W>(</W><W>though</W><W>I</W><W>just</W><W>use</W><W>a</W><W>regular</W><W>lid</W><W>)</W><W>.</W></SENTENCE><SENTENCE><W>They</W><W>have</W><W>other</W><W>kinds</W><W>of</W><W>pans</W><W>like</W><W>a</W><W>wok</W><C><W>and</W></C><W>Dutch</W><W>oven</W><W>.</W></SENTENCE></P><P></P><P><SENTENCE><W>Actually</W><W>the</W><W>20SK2</W><W>is</W><C><cue ID="20" type="negation"><W>not</W></cue></C><xcope ID="21"><ref ID="22" SRC="20"></ref><W>even</W><W>pictured</W><W>for</W><W>you</W><W>to</W><W>look</W><W>at</W></xcope><W>.</W></SENTENCE><SENTENCE><W>It</W><W>is</W><W>a</W><W>two</W><W>handled</W><W>huge</W><W>sized</W><W>pan</W><W>.</W></SENTENCE><SENTENCE><W>It</W><W>is</W><W>20</W><W>inches</W><W>in</W><W>diameter</W><C><W>and</W></C><W>2</W><W>1/4</W><W>inches</W><W>deep</W><W>.</W></SENTENCE><SENTENCE><W>In</W><W>other</W><W>words</W><W>this</W><W>pan</W><W>is</W><W>almost</W><W>2</W><W>feet</W><W>across</W><W>.</W></SENTENCE><SENTENCE><W>Since</W><W>cast</W><W>iron</W><W>is</W><W>heavy</W><W>,</W><W>this</W><W>pan</W><W>weighs</W><W>in</W><W>at</W><W>27</W><W>pounds</W><C><W>and</W></C><W>then</W><W>more</W><W>when</W><W>filled</W><W>with</W><W>food</W><W>.</W></SENTENCE></P><P></P><P><SENTENCE><W>I</W><C><cue ID="23" type="speculation"><W>would</W></cue></C><C><cue ID="24" type="speculation"><W>suggest</W></cue></C><xcope ID="29"><ref ID="35" SRC="23"></ref><W>the</W><W>Lodge</W><W>3</W><W>piece</W><W>pan</W><W>set</W></xcope><W>.</W></SENTENCE><SENTENCE><W>That</W><W>comes</W><W>with</W><W>3</W><W>pans</W><W>that</W><W>are</W><W>approx</W><W>8</W><W>,</W><W>10</W><W>,</W><C><W>and</W></C><W>12</W><W>inches</W><W>.</W></SENTENCE><SENTENCE><W>Those</W><W>are</W><W>the</W><W>sizes</W><W>I</W><W>generally</W><W>use</W><W>.</W></SENTENCE><SENTENCE><W>The</W><W>small</W><W>size</W><W>is</W><W>nice</W><W>.</W></SENTENCE><SENTENCE><W>The</W><W>large</W><W>ones</W><W>are</W><W>just</W><W>too</W><W>heavy</W><W>.</W></SENTENCE><SENTENCE><C><cue ID="25" type="speculation"><W>If</W></cue></C><xcope ID="97"><ref COMMENTS="" ID="98" SRC="25"></ref><W>I</W><W>have</W><W>to</W><W>cook</W><W>those</W><W>kinds</W><W>of</W><W>quantities</W></xcope><W>,</W><W>then</W><W>I</W><W>use</W><W>a</W><W>stew</W><W>pot</W><C><W>and</W></C><xcope ID="30"><ref ID="39" SRC="27"></ref><W>make</W><W>soup</W></xcope><C><cue ID="26" type="speculation"><W>or</W></cue></C><xcope ID="31"><ref ID="40" SRC="27"></ref><W>stew</W></xcope><C><cue ID="27" type="speculation"><W>or</W></cue></C><xcope ID="32"><ref ID="41" SRC="27"></ref><W>something</W><W>like</W><W>that</W></xcope><W>.</W></SENTENCE><SENTENCE><W>For</W><W>a</W><W>large</W><W>skillet</W><W>meal</W><W>,</W><W>I</W><cue ID="28" type="speculation"><W>&#39;d</W></cue><xcope ID="33"><ref COMMENTS="" ID="42" SRC="28"></ref><W>go</W><W>with</W><W>a</W><W>lighter</W><W>weight</W><W>cookware</W><W>product</W></xcope><W>.</W></SENTENCE></P><P></P><P><SENTENCE><W>Maybe</W><W>the</W><W>model</W><W>number</W><W>is</W><W>a</W><W>mistake</W><W>on</W><W>this</W><W>item</W><W>.</W></SENTENCE><SENTENCE><W>Note</W><W>that</W><W>you</W><W>see</W><W>a</W><W>price</W><W>of</W><W>$</W><W>5</W><W>to</W><W>$</W><W>35.</W></SENTENCE><SENTENCE><W>Well</W><W>,</W><W>that</W><W>jumbo</W><W>Lodge</W><W>runs</W><W>almost</W><W>$</W><W>160</W><W>.</W></SENTENCE><SENTENCE><W>But</W><W>this</W><W>model</W><W>number</W><W>is</W><W>the</W><W>big</W><W>pan</W><W>,</W><C><W>and</W></C><W>I</W><C><cue ID="43" type="speculation"><W>would</W></cue></C><xcope ID="92"><ref COMMENTS="" ID="94" SRC="43"></ref><C><cue ID="44" type="negation"><W>not</W></cue></C><xcope ID="91"><ref COMMENTS="" ID="93" SRC="44"></ref><W>use</W><W>that</W><W>order</W><W>number</W><W>unless</W><W>you</W><W>really</W><W>do</W><W>want</W><W>this</W><W>really</W><W>large</W><W>pan</W></xcope></xcope><W>.</W></SENTENCE></P><P></P><P><SENTENCE><W>The</W><W>only</W><W>way</W><W>I</W><C><cue ID="48" type="speculation"><W>could</W></cue></C><xcope ID="95"><ref COMMENTS="" ID="96" SRC="48"></ref><W>see</W><W>this</W><W>pan</W><W>as</W><W>a</W><W>good</W><W>buy</W><W>is</W><C><cue ID="49" type="speculation"><W>if</W></cue></C><xcope ID="55"><ref ID="62" SRC="49"></ref><W>you</W><W>own</W><W>a</W><W>restaurant</W></xcope></xcope><W>.</W></SENTENCE><SENTENCE><W>Even</W><W>then</W><W>I</W><cue ID="50" type="negation"><W>do</W><W>n&#39;t</W></cue><xcope ID="100"><ref COMMENTS="" ID="102" SRC="50"></ref><C><cue ID="51" type="speculation"><W>think</W></cue></C><xcope ID="99"><ref COMMENTS="" ID="101" SRC="51"></ref><W>you</W><C><cue ID="52" type="speculation"><W>could</W></cue></C><xcope ID="58"><ref ID="64" SRC="52"></ref><W>hire</W><W>many</W><W>people</W></xcope><W>who</W><C><cue ID="53" type="speculation"><W>could</W></cue></C><xcope ID="57"><ref ID="63" SRC="53"></ref><W>really</W><W>handle</W><W>27</W><W>pounds</W><W>of</W><W>pan</W></xcope></xcope></xcope><W>.</W></SENTENCE><SENTENCE><C><cue ID="54" type="negation"><W>Not</W></cue></C><xcope ID="60"><W>only</W><W>is</W><W>it</W><W>hard</W><W>to</W><W>move</W><W>the</W><W>pan</W><W>around</W><W>to</W><W>cook</W></xcope><W>,</W><W>it</W><W>is</W><W>really</W><W>hard</W><W>to</W><W>wash</W><W>such</W><W>a</W><W>large</W><C><W>and</W></C><W>heavy</W><W>pan</W><W>.</W></SENTENCE></P><P></P><P><SENTENCE><cue ID="67" type="negation"><W>Do</W><W>n&#39;t</W></cue><xcope ID="70"><ref COMMENTS="" ID="74" SRC="67"></ref><W>give</W><W>up</W><W>on</W><W>cast</W><W>iron</W><W>based</W><W>on</W><W>this</W><W>pan</W></xcope><W>.</W></SENTENCE><SENTENCE><W>Check</W><W>out</W><W>my</W><W>review</W><C><W>and</W></C><W>others</W><W>on</W><W>other</W><W>Lodge</W><W>pans</W><W>.</W></SENTENCE><SENTENCE><W>They</W><W>really</W><W>are</W><W>fabulous</W><W>pans</W><W>.</W></SENTENCE></P><P></P><P><SENTENCE><W>Cast</W><W>iron</W><W>does</W><xcope ID="71"><ref ID="75" SRC="68"></ref><W>require</W><W>seasoning</W><W>with</W><W>lard</W></xcope><C><cue ID="68" type="speculation"><W>or</W></cue></C><xcope ID="72"><ref ID="76" SRC="68"></ref><W>crisco</W></xcope><W>(</W><C><W>and</W></C><C><cue ID="69" type="negation"><W>not</W></cue></C><xcope ID="73"><ref COMMENTS="" ID="77" SRC="69"></ref><W>just</W><W>oil</W></xcope><W>)</W><W>.</W></SENTENCE><SENTENCE><W>You</W><W>rub</W><W>that</W><W>in</W><C><W>and</W></C><W>then</W><W>heat</W><W>the</W><W>pan</W><W>on</W><W>200</W><W>degrees</W><W>for</W><W>a</W><W>couple</W><W>of</W><W>hours</W><W>.</W></SENTENCE></P><P></P><P><SENTENCE><W>A</W><W>newly</W><W>seasoned</W><W>pan</W><W>is</W><W>best</W><W>for</W><W>meat</W><W>of</W><W>deep</W><W>frying</W><W>(</W><W>they</W><W>do</W><W>have</W><W>a</W><W>deep</W><W>fryer</W><W>in</W><W>fact</W><W>but</W><W>you</W><C><cue ID="78" type="speculation"><W>can</W></cue></C><xcope ID="85"><ref ID="91" SRC="78"></ref><W>use</W><W>the</W><W>regular</W><W>fry</W><W>pan</W></xcope><W>)</W><W>.</W></SENTENCE><SENTENCE><W>To</W><W>start</W><W>with</W><W>you</W><W>want</W><W>to</W><W>build</W><W>up</W><W>the</W><W>oil</W><W>base</W><W>.</W></SENTENCE><SENTENCE><W>Then</W><W>you</W><C><cue ID="79" type="speculation"><W>can</W></cue></C><xcope ID="84"><ref ID="92" SRC="79"></ref><W>cook</W><W>most</W><W>anything</W><W>in</W><W>the</W><W>cast</W><W>iron</W></xcope><W>.</W></SENTENCE><SENTENCE><W>Tomato</W><W>based</W><W>products</W><W>tend</W><W>to</W><W>break</W><W>down</W><W>the</W><W>seasoning</W><W>,</W><W>but</W><W>other</W><W>items</W><W>are</W><W>fine</W><W>.</W></SENTENCE></P><P></P><P><SENTENCE><W>Although</W><W>some</W><W>people</W><W>do</W><W>baby</W><W>the</W><W>cast</W><W>iron</W><C><W>and</W></C><xcope ID="87"><ref ID="94" SRC="80"></ref><W>scrape</W><W>out</W><C><W>and</W></C><W>wipe</W></xcope><C><cue ID="80" type="speculation"><W>or</W></cue></C><xcope ID="86"><ref ID="93" SRC="80"></ref><W>use</W><W>a</W><W>special</W><W>sand</W><W>cleaner</W></xcope><W>,</W><W>I</W><W>just</W><W>wash</W><W>mine</W><W>right</W><W>in</W><W>the</W><W>sink</W><W>.</W></SENTENCE><SENTENCE><W>I</W><W>do</W><W>n&#39;t</W><W>let</W><W>them</W><W>sit</W><W>in</W><W>the</W><W>water</W><W>though</W><W>as</W><W>that</W><C><cue ID="81" type="speculation"><W>can</W></cue></C><xcope ID="88"><ref ID="95" SRC="81"></ref><W>cause</W><W>rust</W></xcope><W>.</W></SENTENCE><SENTENCE><C><cue ID="82" type="speculation"><W>If</W></cue></C><xcope ID="89"><ref ID="96" SRC="82"></ref><W>a</W><W>pan</W><W>does</W><W>rust</W></xcope><W>,</W><W>then</W><W>just</W><W>use</W><W>a</W><W>brillo</W><W>pad</W><C><W>and</W></C><W>rub</W><W>down</W><W>.</W></SENTENCE><SENTENCE><W>Then</W><W>reseason</W><W>.</W></SENTENCE><SENTENCE><W>They</W><C><cue ID="83" type="speculation"><W>can</W></cue></C><xcope ID="90"><ref ID="97" SRC="83"></ref><W>be</W><W>recovered</W><W>easily</W><W>as</W><W>I</W><W>have</W><W>had</W><W>them</W><W>rust</W><W>during</W><W>military</W><W>transitions</W><W>when</W><W>they</W><W>are</W><W>in</W><W>storage</W><W>for</W><W>months</W></xcope><W>.</W></SENTENCE></P></DOCUMENT>
