<?xml version="1.0" encoding="UTF-8"?>
<DOCUMENT><P></P><P><SENTENCE><W>Do</W><C><cue ID="0" type="negation"><W>not</W></cue></C><xcope ID="10"><ref ID="13" SRC="0"></ref><W>buy</W><W>these</W><W>spoons</W></xcope><C><cue ID="1" type="speculation"><W>if</W></cue></C><xcope ID="11"><ref ID="12" SRC="1"></ref><W>you</W><W>are</W><W>looking</W><W>for</W><W>a</W><W>decent</W><W>product</W></xcope><W>.</W></SENTENCE></P><P></P><P><SENTENCE><W>Yes</W><W>these</W><W>spoons</W><W>are</W><W>modestly</W><W>priced</W><W>,</W><W>but</W><W>the</W><W>quality</W><W>is</W><W>highly</W><C><W>lacking</W></C><W>.</W></SENTENCE></P><P></P><P><SENTENCE><W>My</W><W>first</W><W>impression</W><W>,</W><W>was</W><W>&#34;what</W><W>the</W><W>hell</W><W>are</W><W>these</W><W>&#34;</W></SENTENCE></P><P></P><P><SENTENCE><W>Upon</W><W>inspection</W><W>of</W><W>the</W><W>spoons</W><xcope ID="10"><ref COMMENTS="" ID="11" SRC="2"></ref><W>they</W></xcope><C><cue ID="2" type="speculation"><W>appear</W></cue></C><xcope ID="9"><ref ID="14" SRC="2"></ref><W>to</W><W>be</W><W>a</W><W>cheap</W><W>type</W><W>of</W><W>&#34;pot</W><W>metal</W><W>&#34;</W><W>stamping</W></xcope><W>.</W></SENTENCE><SENTENCE><W>The</W><W>finish</W><W>on</W><W>most</W><W>of</W><W>the</W><W>spoons</W><W>was</W><W>a</W><W>flat</W><W>unpolished</W><W>grey</W><W>color</W><W>.</W></SENTENCE><SENTENCE><W>The</W><W>only</W><W>part</W><W>of</W><W>the</W><W>spoon</W><W>that</W><W>was</W><W>even</W><W>remotely</W><W>shiny</W><W>was</W><W>the</W><W>head</W><W>of</W><W>the</W><W>spoon</W><W>.</W></SENTENCE></P><P></P><P><SENTENCE><W>It</W><W>looks</W><W>like</W><W>a</W><W>big</W><W>machine</W><W>stamped</W><W>them</W><W>out</W><C><W>and</W></C><W>then</W><W>some</W><W>poor</W><W>enslaved</W><W>Chinese</W><W>12</W><W>year</W><W>old</W><W>was</W><W>forced</W><W>to</W><W>quickly</W><W>(</W><C><W>and</W></C><W>unevenly</W><W>)</W><W>polish</W><W>just</W><W>the</W><W>part</W><W>of</W><W>the</W><W>spoon</W><W>you</W><W>put</W><W>into</W><W>your</W><W>mouth</W><W>.</W></SENTENCE><SENTENCE><W>As</W><W>was</W><W>evidenced</W><W>by</W><W>each</W><W>spoon</W><W>having</W><W>a</W><W>very</W><W>nice</W><W>&#34;made</W><W>in</W><W>China</W><W>&#34;</W><W>sticker</W><W>on</W><W>it</W><W>.</W></SENTENCE></P><P></P><P><SENTENCE><W>However</W><W>each</W><W>spoon</W><W>on</W><W>the</W><W>bottom</W><W>has</W><W>unevenly</W><W>stamped</W><W>into</W><W>it</W><W>the</W><W>words</W><W>,</W><W>&#34;</W><W>stainless</W><W>steel</W><W>&#34;</W><W>which</W><W>is</W><W>about</W><W>the</W><W>only</W><C><cue ID="3" type="speculation"><W>indication</W></cue></C><xcope ID="6"><ref ID="15" SRC="3"></ref><W>that</W><W>these</W><W>are</W><W>actually</W><W>stainless</W><W>steel</W></xcope><W>.</W></SENTENCE><SENTENCE><W>To</W><W>be</W><W>honest</W><W>I</W><C><cue ID="4" type="speculation"><W>think</W></cue></C><xcope ID="8"><ref COMMENTS="" ID="17" SRC="4"></ref><W>that</W><W>it</W><W>is</W><W>stamped</W><W>there</W><W>just</W><W>to</W><W>make</W><W>you</W><C><cue ID="5" type="speculation"><W>believe</W></cue></C><xcope ID="7"><ref ID="16" SRC="5"></ref><W>that</W><W>they</W><W>are</W><W>stainless</W><W>steel</W></xcope></xcope><C><W>and</W></C><W>keep</W><W>you</W><W>from</W><W>immediately</W><W>demanding</W><W>a</W><W>refund</W><W>.</W></SENTENCE></P></DOCUMENT>
