<?xml version="1.0" encoding="UTF-8"?>
<DOCUMENT><P></P><P><SENTENCE><W>We</W><W>received</W><W>this</W><W>Farberware</W><W>stainless</W><W>steel</W><W>set</W><W>when</W><W>we</W><W>got</W><W>married</W><C><W>and</W></C><W>found</W><W>them</W><W>to</W><W>be</W><W>great</W><W>at</W><W>first</W><W>.</W></SENTENCE><SENTENCE><W>However</W><W>,</W><W>we</W><W>did</W><W>end</W><W>up</W><W>having</W><W>some</W><W>problems</W><W>with</W><W>them</W><W>.</W></SENTENCE></P><P></P><P><SENTENCE><W>The</W><W>main</W><W>problem</W><W>we</W><W>had</W><W>was</W><W>with</W><W>the</W><W>handles</W><W>coming</W><W>unscrewed</W><W>.</W></SENTENCE><SENTENCE><W>We</W><W>kept</W><W>screwing</W><W>them</W><W>back</W><W>in</W><W>time</W><W>after</W><W>time</W><C><W>and</W></C><W>they</W><W>kept</W><W>loosening</W><W>up</W><W>.</W></SENTENCE><SENTENCE><W>We</W><W>ended</W><W>up</W><W>having</W><W>to</W><W>send</W><W>three</W><W>of</W><W>the</W><W>pans</W><W>back</W><W>for</W><W>repair--which</W><W>they</W><W>did</W><W>gladly</W><W>(</W><W>we</W><W>had</W><W>to</W><W>pay</W><W>to</W><W>ship</W><W>them</W><W>for</W><W>repair</W><W>)</W><W>.</W></SENTENCE><SENTENCE><W>So</W><W>on</W><W>this</W><W>note</W><W>,</W><W>we</W><W>were</W><W>very</W><W>pleased</W><W>with</W><W>the</W><W>warranty</W><W>.</W></SENTENCE></P><P></P><P><SENTENCE><W>The</W><W>other</W><W>problem</W><W>we</W><W>had</W><W>was</W><W>with</W><W>the</W><W>smallest</W><W>sauce</W><W>pan</W><W>.</W></SENTENCE><SENTENCE><W>One</W><W>day</W><W>,</W><W>we</W><W>noticed</W><W>that</W><W>the</W><W>lip</W><W>of</W><W>the</W><W>pan</W><W>was</W><W>cracking</W><W>at</W><W>the</W><W>top</W><W>.</W></SENTENCE><SENTENCE><W>Since</W><W>we</W><W>had</W><W>always</W><W>followed</W><W>the</W><W>care</W><W>instructions</W><W>,</W><W>I</W><W>&#39;m</W><C><cue ID="0" type="negation"><W>not</W></cue></C><xcope ID="17"><ref COMMENTS="" ID="18" SRC="0"></ref><W>sure</W><W>why</W><W>this</W><W>happened</W></xcope><W>.</W></SENTENCE><SENTENCE><W>However</W><W>,</W><W>we</W><W>do</W><W>use</W><W>babysitters</W><W>who</W><W>have</W><W>used</W><W>our</W><W>pans</W><W>so</W><W>maybe</W><W>they</W><W>caused</W><W>the</W><W>problem</W><W>.</W></SENTENCE><SENTENCE><W>Who</W><W>knows</W><W>?</W></SENTENCE><SENTENCE><W>But</W><W>,</W><W>we</W><W>are</W><W>still</W><W>waiting</W><W>to</W><W>get</W><W>our</W><W>replacement</W><W>pan</W><W>from</W><W>Farberware</W><W>since</W><W>the</W><W>repair</W><W>place</W><cue ID="1" type="negation"><C><W>could</W></C><W>n&#39;t</W></cue><xcope ID="16"><ref COMMENTS="" ID="19" SRC="1"></ref><W>repair</W><W>it</W><W>.</W></xcope></SENTENCE></P><P></P><P><SENTENCE><W>On</W><W>a</W><W>more</W><W>positive</W><W>note</W><W>,</W><W>I</W><W>have</W><W>loved</W><W>the</W><W>fact</W><W>that</W><W>these</W><W>pans</W><W>are</W><W>n&#39;t</W><W>too</W><W>heavy</W><W>.</W></SENTENCE><SENTENCE><W>We</W><W>have</W><W>some</W><W>Scanpan</W><W>2000</W><W>pans</W><W>that</W><W>are</W><W>sooooo</W><W>heavy</W><W>(</W><W>I</W><W>know</W><W>they</W><W>have</W><W>some</W><W>lighter</W><W>ones</W><W>now</W><W>)</W><W>!</W></SENTENCE><SENTENCE><W>Also</W><W>,</W><xcope ID="16"><ref COMMENTS="" ID="17" SRC="2"></ref><W>this</W><W>set</W></xcope><C><cue ID="2" type="speculation"><W>seems</W></cue></C><xcope ID="15"><ref ID="20" SRC="2"></ref><W>to</W><W>have</W><W>everything</W><W>you</W><W>need</W><W>for</W><W>basic</W><W>cooking</W><W>in</W><W>the</W><W>kitchen</W></xcope><W>.</W></SENTENCE><SENTENCE><W>The</W><W>only</W><W>thing</W><W>I</W><W>wish</W><W>it</W><W>had</W><W>was</W><W>a</W><W>small</W><W>omelet</W><W>pan</W><W>.</W></SENTENCE></P><P></P><P><SENTENCE><W>I</W><C><cue ID="3" type="speculation"><W>would</W></cue></C><xcope ID="14"><ref ID="22" SRC="3"></ref><W>recommend</W><C><cue ID="4" type="negation"><W>not</W></cue></C><xcope ID="13"><ref ID="21" SRC="4"></ref><W>placing</W><W>these</W><W>pans</W><W>in</W><W>the</W><W>dishwasher</W></xcope></xcope><W>.</W></SENTENCE><SENTENCE><W>Although</W><W>the</W><W>instructions</W><W>do</W><W>say</W><W>&#34;dishwasher</W><W>safe</W><W>,</W><W>&#34;</W><W>I</W><C><cue ID="5" type="speculation"><W>think</W></cue></C><xcope ID="18"><ref COMMENTS="" ID="19" SRC="5"></ref><W>they</W><W>will</W><W>last</W><W>longer</W><C><cue ID="6" type="speculation"><W>if</W></cue></C><xcope ID="11"><ref ID="23" SRC="6"></ref><W>you</W><W>wash</W><W>them</W><W>by</W><W>hand</W></xcope></xcope><W>.</W></SENTENCE></P><P></P><P><SENTENCE><W>For</W><W>the</W><W>price</W><W>,</W><W>I</W><C><cue ID="7" type="speculation"><W>think</W></cue></C><xcope ID="9"><ref ID="25" SRC="7"></ref><W>this</W><W>is</W><W>a</W><W>worthwhile</W><W>set</W></xcope><W>.</W></SENTENCE><SENTENCE><W>However</W><W>,</W><W>you</W><C><cue ID="8" type="speculation"><W>may</W></cue></C><xcope ID="10"><ref ID="26" SRC="8"></ref><W>have</W><W>some</W><W>problems</W><W>like</W><W>I</W><W>did</W></xcope><W>.</W></SENTENCE><SENTENCE><W>At</W><W>least</W><W>the</W><W>warranty</W><W>is</W><W>what</W><W>they</W><W>say</W><W>it</W><W>is</W><C><W>and</W></C><W>that</W><W>gives</W><W>me</W><W>more</W><W>confidence</W><W>in</W><W>the</W><W>product</W></SENTENCE></P></DOCUMENT>
