<?xml version="1.0" encoding="UTF-8"?>
<DOCUMENT><P></P><P><SENTENCE><C><cue ID="0" type="speculation"><W>If</W></cue></C><xcope ID="7"><ref COMMENTS="" ID="21" SRC="0"></ref><W>you</W><W>like</W><W>washing</W><W>dishes</W><W>all</W><W>of</W><W>the</W><W>time</W></xcope><W>,</W><W>this</W><W>cookware</W><W>set</W><W>is</W><W>for</W><W>you</W><W>.</W></SENTENCE></P><P></P><P><SENTENCE><W>Yes</W><W>,</W><W>they</W><W>cook</W><W>great</W><C><W>and</W></C><W>they</W><W>are</W><W>classics</W><W>,</W><C><cue ID="1" type="speculation"><W>probably</W></cue></C><xcope ID="8"><ref ID="20" SRC="1"></ref><W>before</W><W>the</W><W>turn</W><W>of</W><W>the</W><W>century</W></xcope><W>!</W></SENTENCE><SENTENCE><cue ID="2" type="negation"><W>Do</W><W>n&#39;t</W></cue><xcope ID="10"><ref COMMENTS="" ID="19" SRC="2"></ref><W>buy</W><C><cue ID="3" type="speculation"><W>if</W></cue></C><xcope ID="9"><ref ID="18" SRC="3"></ref><W>you</W><W>cook</W><W>low</W><W>fat</W><W>meals</W></xcope></xcope><W>as</W><W>you</W><C><cue ID="4" type="speculation"><W>must</W></cue></C><xcope ID="12"><ref ID="17" SRC="4"></ref><W>use</W><W>oil</W><W>to</W><W>keep</W><W>everything</W><W>from</W><W>sticking</W></xcope><W>.</W></SENTENCE></P><P></P><P><SENTENCE><W>You</W><C><cue ID="5" type="speculation"><W>can</W></cue></C><xcope ID="13"><ref ID="16" SRC="5"></ref><W>wash</W><W>in</W><W>the</W><W>dishwasher</W><C><W>and</W></C><W>use</W><W>metal</W><W>tools</W></xcope><W>,</W><W>but</W><W>I</W><W>bought</W><W>non-stick</W><W>skillets</W><W>because</W><W>I</W><W>was</W><W>tired</W><W>of</W><W>scrubbing</W><C><W>and</W></C><W>soaking</W><W>before</W><W>I</W><W>put</W><W>them</W><W>in</W><W>the</W><W>dishwasher</W><W>.</W></SENTENCE></P><P></P><P><SENTENCE><W>My</W><W>mom</W><W>told</W><W>me</W><W>the</W><W>other</W><W>day</W><W>that</W><W>she</W><W>had</W><W>a</W><W>set</W><W>that</W><W>she</W><W>bought</W><W>before</W><W>I</W><W>was</W><W>born</W><W>(</W><W>1950&#39;s</W><W>)</W><C><W>and</W></C><W>I</W><cue ID="6" type="negation"><W>do</W><W>n&#39;t</W></cue><xcope ID="14"><ref COMMENTS="" ID="15" SRC="6"></ref><W>remember</W><W>ever</W><W>seeing</W><W>them</W></xcope><W>.</W></SENTENCE><SENTENCE><W>She</W><W>said</W><W>because</W><W>she</W><W>spent</W><W>all</W><W>of</W><W>her</W><W>time</W><W>scrubbing</W><C><W>and</W></C><W>soaking</W><W>them</W><W>so</W><W>now</W><W>she</W><W>uses</W><W>non-stick</W><W>.</W></SENTENCE></P><P></P><P><SENTENCE><W>They</W><W>are</W><W>great</W><W>for</W><W>frying</W><C><W>and</W></C><W>browning</W><W>foods</W><W>but</W><W>do</W><W>yourself</W><W>a</W><W>favor</W><C><W>and</W></C><W>purchase</W><W>some</W><W>additional</W><W>non-stick</W><W>cookware</W><W>too</W><W>.</W></SENTENCE></P></DOCUMENT>
