<?xml version="1.0" encoding="UTF-8"?>
<DOCUMENT><P/><P><SENTENCE><W>When</W><W>I</W><W>got</W><W>married</W><W>my</W><W>mother</W><W>bought</W><W>me</W><W>a</W><W>set</W><W>of</W><W>Revere</W><W>Ware</W><C><W>and</W></C><W>my</W><W>mother-in-law</W><W>bought</W><W>me</W><W>a</W><W>set</W><W>of</W><W>Farberware</W><W>.</W></SENTENCE><SENTENCE><W>Each</W><W>swore</W><W>up</W><C><W>and</W></C><W>down</W><W>that</W><W>their</W><W>choice</W><W>was</W><W>the</W><W>best</W><W>set</W><W>of</W><W>dishes</W><W>on</W><W>earth</W><W>.</W></SENTENCE><SENTENCE><W>Well</W><W>after</W><W>4</W><W>years</W><W>of</W><W>testing</W><W>,</W><W>I</W><W>have</W><W>to</W><W>say</W><W>that</W><W>my</W><W>choice</W><W>is</W><W>Revere</W><W>Ware</W><W>!</W></SENTENCE></P><P/><P><SENTENCE><W>I</W><W>found</W><W>the</W><W>Farberware</W><W>to</W><C><cue ID="0" type="negation"><W>not</W></cue></C><cue ID="2" type="speculation"><ref ID="4" SRC="0"/><W>be</W><W>so</W><W>durable</W></cue><W>.</W></SENTENCE><SENTENCE><W>For</W><W>starters</W><W>,</W><W>the</W><W>handles</W><W>fell</W><W>off</W><W>two</W><W>pans</W><W>.</W></SENTENCE><SENTENCE><W>Second</W><W>,</W><W>I</W><W>dropped</W><W>a</W><W>Farberware</W><W>pan</W><W>once</W><C><W>and</W></C><W>it</W><W>cracked</W><W>in</W><W>the</W><W>rim</W><W>.</W></SENTENCE><SENTENCE><W>Third</W><W>,</W><W>I</W><W>dropped</W><W>my</W><W>farberware</W><W>skillet</W><C><W>and</W></C><W>revere</W><W>ware</W><W>skillet</W><W>one</W><W>day</W><W>while</W><W>cleaning</W><W>.</W></SENTENCE><SENTENCE><W>My</W><W>farberware</W><W>skillet</W><W>is</W><W>now</W><W>oval</W><C><cue ID="1" type="negation"><W>not</W></cue></C><cue ID="3" type="speculation"><ref ID="5" SRC="1"/><W>round</W></cue><W>.</W></SENTENCE><SENTENCE><W>My</W><W>revere</W><W>ware</W><W>skillet</W><W>is</W><W>just</W><W>fine</W><W>.</W></SENTENCE><SENTENCE><W>Fourth</W><W>,</W><W>I</W><W>found</W><W>that</W><W>the</W><W>Revere</W><W>Ware</W><W>heats</W><W>through</W><W>faster</W><C><W>and</W></C><W>more</W><W>evenly</W><W>.</W></SENTENCE></P><P/><P><SENTENCE><W>My</W><W>recommendation</W><W>to</W><W>anyone</W><W>who</W><W>wants</W><W>a</W><W>durable</W><W>long</W><W>lasting</W><W>set</W><W>of</W><W>pots</W><C><W>and</W></C><W>pans</W><W>-</W><W>that</W><W>they</W><W>choose</W><W>Revere</W><W>Ware</W><W>.</W></SENTENCE><SENTENCE><W>My</W><W>mother</W><W>has</W><W>been</W><W>using</W><W>her</W><W>pots</W><W>for</W><W>26</W><W>years</W><W>.</W></SENTENCE><SENTENCE><W>They</W><W>look</W><W>great</W><C><W>and</W></C><W>work</W><W>wonderfully</W><W>!</W></SENTENCE></P></DOCUMENT>