<?xml version="1.0" encoding="UTF-8"?>
<DOCUMENT><P/><P><SENTENCE><W>I</W><W>&apos;ve</W><W>had</W><W>these</W><W>for</W><W>20</W><W>years</W><W>now</W><W>.</W></SENTENCE><SENTENCE><W>I</W><W>always</W><C><cue ID="0" type="speculation"><W>thought</W></cue></C><xcope ID="4"><ref ID="8" SRC="0"/><W>they</W><W>were</W><W>very</W><W>good</W></xcope><W>,</W><W>until</W><W>I</W><W>tried</W><W>All-Clad</W><W>.</W></SENTENCE><SENTENCE><W>I</W><C><cue ID="1" type="negation"><W>never</W></cue></C><xcope ID="5"><ref ID="9" SRC="1"/><W>knew</W><W>any</W><W>better</W></xcope><W>.</W></SENTENCE></P><P/><P><SENTENCE><W>For</W><W>novice</W><W>cooks</W><W>,</W><W>these</W><W>Farberware</W><W>pans</W><W>are</W><W>good</W><W>,</W><W>durable</W><W>,</W><W>inexpensive</W><W>,</W><W>competent</W><W>products</W><W>.</W></SENTENCE><SENTENCE><W>For</W><W>more</W><W>experienced</W><W>cooks</W><W>,</W><W>well</W><W>...</W></SENTENCE></P><P/><P><SENTENCE><W>My</W><W>biggest</W><W>complaint</W><W>is</W><W>that</W><W>the</W><W>sides</W><W>of</W><W>the</W><W>pans</W><W>are</W><W>thin</W><W>stainless</W><W>steel</W><W>-</W><W>the</W><W>aluminum</W><W>bottom</W><W>is</W><W>just</W><W>that</W><W>-</W><W>on</W><W>the</W><W>bottom</W><W>.</W></SENTENCE><SENTENCE><W>This</W><W>causes</W><W>sauces</W><W>,</W><W>soups</W><W>,</W><W>etc</W><W>-</W><W>anything</W><W>liquid</W><W>in</W><W>the</W><W>pan</W><W>-</W><W>to</W><W>scorch</W><W>along</W><W>the</W><W>outside</W><W>edge</W><W>.</W></SENTENCE></P><P/><P><SENTENCE><W>Any</W><W>serious</W><W>cook</W><W>will</W><W>spend</W><W>the</W><W>extra</W><W>cash</W><W>on</W><W>All-Clad</W><W>-</W><W>at</W><W>least</W><W>for</W><W>a</W><W>few</W><W>key</W><W>pieces</W><W>,</W><W>such</W><W>as</W><W>a</W><W>Saute</W><W>Pan</W><W>,</W><W>Fry</W><W>Pan</W><W>,</W><C><W>and</W></C><W>a</W><W>good</W><W>Sauce</W><W>pot</W><W>.</W></SENTENCE></P><P/><P><SENTENCE><W>However</W><W>,</W><C><cue ID="2" type="speculation"><W>if</W></cue></C><xcope ID="12"><ref ID="13" SRC="2"/><W>you</W><W>need</W><W>a</W><W>good</W><W>set</W><W>of</W><W>pots</W></xcope><W>(</W><W>starter</W><W>set</W><W>?</W><W>)</W><C><W>and</W></C><xcope ID="6"><ref ID="10" SRC="3"/><W>you</W><W>need</W><W>a</W><W>whole</W><W>set</W><W>for</W><W>$</W><W>100</W></xcope><C><cue ID="3" type="speculation"><W>or</W></cue></C><xcope ID="7"><ref ID="11" SRC="3"/><W>so</W></xcope><W>,</W><C><W>instead</W></C><W>of</W><W>$</W><W>100</W><W>per</W><W>pot</W><W>,</W><W>these</W><W>are</W><W>very</W><W>adequate</W><W>.</W></SENTENCE></P></DOCUMENT>