<?xml version="1.0" encoding="UTF-8"?>
<DOCUMENT><P/><P><SENTENCE><W>Desperately</W><W>in</W><W>need</W><W>of</W><W>new</W><W>cookware</W><W>,</W><W>I</W><W>added</W><W>Farberware</W><W>to</W><W>my</W><W>Christmas</W></SENTENCE></P><P/><P><SENTENCE><W>list</W><W>a</W><W>few</W><W>years</W><W>ago</W><W>.</W></SENTENCE><SENTENCE><W>I</W><W>wanted</W><W>something</W><W>that</W><C><cue ID="0" type="speculation"><W>would</W></cue></C><xcope ID="6"><ref ID="12" SRC="0"/><W>last</W><C><W>and</W></C><W>wear</W><W>well</W></xcope><W>.</W></SENTENCE><SENTENCE><W>To</W><W>my</W><W>surprise</W><W>I</W><W>received</W><W>two</W><W>sets</W><W>of</W><W>cookware</W><W>,</W><W>one</W><W>Farberware</W><W>Classic</W><C><W>and</W></C><W>the</W><W>other</W><W>a</W><W>brand</W><W>I</W><W>&apos;d</W><C><cue ID="1" type="negation"><W>never</W></cue></C><xcope ID="7"><ref ID="13" SRC="1"/><W>heard</W><W>of</W><W>called</W><W>Meyer</W><W>Bella</W><W>Cuisine</W></xcope><W>.</W></SENTENCE><SENTENCE><W>Both</W><W>are</W><W>stainless</W><W>steel</W><W>.</W></SENTENCE></P><P/><P><SENTENCE><W>While</W><W>I</W><W>have</W><W>enjoyed</W><W>using</W><W>the</W><W>Farberware</W><W>,</W><W>I</W><W>find</W><W>that</W><W>the</W><W>other</W><W>brand</W><W>is</W><W>heavier</W><C><W>and</W></C><W>nicer</W><W>to</W><W>use</W><W>.</W></SENTENCE><SENTENCE><W>For</W><W>the</W><W>most</W><W>part</W><W>I</W><W>have</W><W>put</W><W>my</W><W>Farberware</W><W>away</W><W>.</W></SENTENCE></P><P/><P><SENTENCE><W>Though</W><W>I</W><cue ID="2" type="negation"><W>did</W><W>n&apos;t</W></cue><xcope ID="8"><ref COMMENTS="" ID="14" SRC="2"/><W>personally</W><W>have</W><W>to</W><W>pay</W><W>for</W><W>the</W><W>Farberware</W></xcope><W>,</W><W>for</W><W>my</W><W>money</W><W>I</W><C><cue ID="3" type="speculation"><W>would</W></cue></C><xcope ID="9"><ref ID="15" SRC="3"/><W>go</W><W>with</W><W>another</W><W>brand</W></xcope><W>that</W><W>is</W><C><cue ID="4" type="negation"><W>not</W></cue></C><xcope ID="10"><ref ID="16" SRC="4"/><W>so</W><W>expensive</W></xcope><W>.</W></SENTENCE><SENTENCE><W>The</W><W>Farberware</W><W>is</W><W>thinner</W><C><W>and</W></C><W>just</W><W>feels</W><W>of</W><W>lesser</W><W>quality</W><W>when</W><W>you</W><W>handle</W><W>it</W><W>.</W></SENTENCE><SENTENCE><W>Considering</W><W>the</W><W>expense</W><W>that</W><W>this</W><W>brand</W><W>costs</W><W>,</W><W>check</W><W>out</W><W>other</W><W>brands</W><W>.</W></SENTENCE><SENTENCE><W>You</W><C><cue ID="5" type="speculation"><W>can</W></cue></C><xcope ID="11"><ref ID="17" SRC="5"/><W>find</W><W>better</W><W>quality</W><W>for</W><W>less</W><W>money</W></xcope></SENTENCE></P></DOCUMENT>