<?xml version="1.0" encoding="UTF-8"?>
<DOCUMENT><P></P><P><SENTENCE><W>Dear</W><W>Calphalon</W><W>®</W></SENTENCE></P><P></P><P><SENTENCE><W>We</W><W>regret</W><W>to</W><W>inform</W><W>you</W><W>of</W><W>the</W><W>demise</W><W>of</W><W>your</W><W>product</W><W>.</W></SENTENCE><SENTENCE><W>I</W><C><cue ID="1" type="speculation"><W>hope</W></cue></C><xcope ID="31"><ref COMMENTS="" ID="58" SRC="1"></ref><W>you</W><C><cue ID="0" type="speculation"><W>can</W></cue></C><xcope ID="30"><ref COMMENTS="" ID="57" SRC="0"></ref><W>take</W><W>comfort</W><W>in</W><W>the</W><W>fact</W><W>that</W><W>it</W><W>performed</W><W>bravely</W><W>under</W><W>adverse</W><W>conditions</W><W>.</W><W>.</W></xcope></xcope></SENTENCE></P><P></P><P><SENTENCE><W>In</W><W>our</W><W>household</W><W>,</W><W>the</W><W>cooking</W><C><W>and</W></C><W>clean-up</W><W>chores</W><W>fall</W><W>mainly</W><W>upon</W><W>me</W><W>,</W><W>THE</W><W>MAN</W><W>.</W></SENTENCE><SENTENCE><W>you</W><W>know</W><W>,</W><W>the</W><W>one</W><W>who</W><W>throws</W><W>everything</W><W>into</W><W>the</W><W>dishwasher</W><W>.</W></SENTENCE><SENTENCE><W>I</W><cue ID="5" type="negation"><W>do</W><W>n&#39;t</W></cue><xcope ID="32"><ref COMMENTS="" ID="59" SRC="5"></ref><W>complain</W><W>about</W><W>this</W><W>chore</W></xcope><W>,</W><W>it</W><W>&#39;s</W><W>the</W><W>hand</W><W>washing</W><W>that</W><W>bothers</W><W>me</W><W>.</W></SENTENCE><SENTENCE><W>I</W><W>mean</W><W>,</W><W>why</W><W>have</W><W>a</W><W>dishwasher</W><C><cue ID="2" type="speculation"><W>if</W></cue></C><xcope ID="34"><ref COMMENTS="" ID="61" SRC="2"></ref><W>you</W><cue ID="3" type="negation"><W>ca</W><W>n&#39;t</W></cue><xcope ID="33"><ref COMMENTS="" ID="60" SRC="3"></ref><W>wash</W><W>the</W><W>dishes</W><W>in</W><W>it</W></xcope></xcope><W>.</W></SENTENCE><SENTENCE><W>I</W><C><cue ID="4" type="speculation"><W>can</W></cue></C><xcope ID="35"><ref COMMENTS="" ID="62" SRC="4"></ref><W>tell</W><W>you</W></xcope><W>,</W><W>this</W><W>has</W><W>been</W><W>the</W><W>subject</W><W>of</W><W>many</W><W>conversations</W><W>in</W><W>our</W><W>house</W><W>.</W></SENTENCE></P><P></P><P><SENTENCE><W>My</W><W>better</W><W>half</W><W>claimed</W><W>that</W><W>she</W><C><cue ID="6" type="speculation"><W>would</W></cue></C><xcope ID="36"><ref COMMENTS="" ID="63" SRC="6"></ref><W>hand</W><W>wash</W><W>any</W><W>Calphalon</W><W>®</W><W>cookware</W></xcope><W>,</W><W>but</W><W>after</W><W>three</W><W>days</W><W>,</W><W>I</W><W>figured</W><W>it</W><W>was</W><C><cue ID="7" type="speculation"><W>either</W></cue></C><xcope ID="37"><ref COMMENTS="" ID="66" SRC="8"></ref><W>throw</W><W>it</W><W>in</W><W>the</W><W>dishwasher</W></xcope><W>,</W><C><cue ID="8" type="speculation"><W>or</W></cue></C><xcope ID="38"><ref COMMENTS="" ID="65" SRC="8"></ref><W>succumb</W><W>to</W><W>the</W><W>science</W><W>experiment</W><W>that</W><W>had</W><W>formed</W><W>in</W><W>the</W><W>dregs</W><W>of</W><W>the</W><W>Spanish</W><W>rice</W></xcope><W>.</W></SENTENCE><SENTENCE><W>In</W><W>the</W><W>dishwasher</W><W>with</W><W>you</W><W>,</W><W>I</W><W>muttered</W><W>.</W></SENTENCE><SENTENCE><W></W><W></W></SENTENCE></P><P></P><P><SENTENCE><W>&#34;</W><W>Honey</W><W>,</W><W>did</W><W>you</W><W>put</W><W>this</W><W>pot</W><W>in</W><W>the</W><W>dishwasher</W><W>?</W><W>&#34;</W></SENTENCE><SENTENCE><W>This</W><W>was</W><W>the</W><W>first</W><C><cue ID="11" type="speculation"><W>indication</W></cue></C><xcope ID="41"><ref COMMENTS="" ID="70" SRC="11"></ref><W>that</W><cue ID="9" type="speculation"><W>maybe</W></cue><W>;</W><xcope ID="40"><ref COMMENTS="" ID="69" SRC="9"></ref><W>just</W><cue ID="10" type="speculation"><W>maybe</W></cue><xcope ID="39"><ref COMMENTS="" ID="68" SRC="10"></ref><W>I</W><W>was</W><W>busted</W></xcope></xcope></xcope><W>.</W></SENTENCE><SENTENCE><W>&#34;</W><W>Give</W><W>me</W><W>a</W><W>minute</W><W>,</W><W>I</W><W>need</W><W>to</W><W>see</W><W>a</W><W>man</W><W>about</W><W>a</W><W>horse</W><W>&#34;</W><W>There</W><W>,</W><W>that</W><C><cue ID="12" type="speculation"><W>might</W></cue></C><xcope ID="42"><ref COMMENTS="" ID="71" SRC="12"></ref><W>stall</W><W>her</W></xcope><W>,</W><W>take</W><W>a</W><W>magazine</W><W>in</W><W>with</W><W>me</W><W>.</W></SENTENCE></P><P></P><P><SENTENCE><W>Grunt..readfinishedflush</W><W>..wash..Open</W><W>door</W></SENTENCE></P><P></P><P><SENTENCE><W>&#34;</W><W>Honey</W><W>,</W><W>did</W><W>you</W><W>put</W><W>this</W><W>pot</W><W>in</W><W>the</W><W>dishwasher</W><W>?</W><W>&#34;</W><W>damn</W><W>30</W><W>minutes</W><W>wasted</W><W>.</W></SENTENCE><SENTENCE><W>&#34;</W><W>Um</W><W>,</W><W>er</W><W>,</W><W>um</W><W>yes</W><W>I</W><W>did</W><W>&#34;</W><W>.</W></SENTENCE><SENTENCE><C><cue ID="13" type="speculation"><W>Would</W></cue></C><xcope ID="44"><ref COMMENTS="" ID="72" SRC="13"></ref><W>you</W><W>like</W><W>to</W><W>see</W><W>why</W><W>I</W><W>asked</W><W>you</W><C><cue ID="14" type="negation"><W>not</W></cue></C><xcope ID="43"><ref COMMENTS="" ID="73" SRC="14"></ref><W>to</W><W>put</W><W>it</W><W>in</W></xcope></xcope><W>?</W></SENTENCE><SENTENCE><W>It</W><cue ID="15" type="negation"><W>was</W><W>n&#39;t</W></cue><xcope ID="45"><ref COMMENTS="" ID="74" SRC="15"></ref><W>the</W><W>peeled</W></xcope><C><W>and</W></C><W>beaded</W><W>non-stick</W><W>surface</W><W>that</W><W>bothered</W><W>me</W><W>,</W><W>it</W><W>was</W><W>the</W><W>look</W><W>in</W><W>her</W><W>eyes</W><W>,</W><W>like</W><W>I</W><W>had</W><W>just</W><W>eaten</W><W>the</W><W>last</W><W>Reese</W><W>&#39;s</W><W>miniature</W><C><cue ID="16" type="negation"><W>without</W></cue></C><xcope COMMENTS="" ID="75"><ref COMMENTS="" ID="77" SRC="16"></ref><W>asking</W><W>her</W><C><cue ID="17" type="speculation"><W>if</W></cue></C><xcope ID="46"><ref COMMENTS="" ID="76" SRC="17"></ref><W>she</W><W>wanted</W><W>it</W><W>first</W></xcope></xcope><W>.</W></SENTENCE></P><P></P><P><SENTENCE><W>I</W><W>will</W><W>admit</W><W>,</W><W>this</W><W>cookware</W><W>was</W><W>fantastic</W><W>,</W><W>I</W><W>mean</W><W>,</W><W>nothing</W><W>stuck</W><W>to</W><W>it</W><W>.</W></SENTENCE><SENTENCE><W>It</W><W>has</W><W>a</W><W>nice</W><W>weight</W><W>,</W><W>attractive</W><W>in</W><W>appearance</W><C><W>and</W></C><W>truth</W><W>be</W><W>told</W><W>,</W><W>hand</W><W>cleanup</W><W>is</W><W>a</W><W>breeze</W><W>(</W><W>of</W><W>course</W><W>,</W><W>she</W><W>is</W><W>the</W><W>one</W><W>who</W><W>washes</W><W>?</W></SENTENCE><SENTENCE><W>it</W><W>)</W><W>.</W></SENTENCE><SENTENCE><W>At</W><W>least</W><W>it</W><W>was</W><W>,</W><W>now</W><W>it</W><W>just</W><W>takes</W><W>up</W><W>space</W><W>.</W></SENTENCE><SENTENCE><W>You</W><W>see</W><W>,</W><W>I</W><W>am</W><W>afraid</W><W>to</W><W>use</W><W>it</W><W>now</W><W>.</W></SENTENCE><SENTENCE><W>I</W><W>just</W><cue ID="18" type="negation"><W>do</W><W>n&#39;t</W></cue><xcope ID="47"><ref COMMENTS="" ID="78" SRC="18"></ref><W>like</W><W>to</W><W>see</W><W>disappointment</W><W>in</W><W>her</W><W>eyes</W></xcope><W>,</W><C><W>and</W></C><W>I</W><W>am</W><W>stuck</W><W>using</W><W>the</W><W>same</W><W>three</W><W>pots</W><W>,</W><W>over</W><C><W>and</W></C><W>over</W><C><W>and</W></C><W>over</W><W>.</W></SENTENCE></P><P></P><P><SENTENCE><W>I</W><C><cue ID="19" type="speculation"><W>can</W></cue></C><xcope ID="51"><ref COMMENTS="" ID="79" SRC="19"></ref><W>recommend</W><W>this</W><W>product</W><W>to</W><W>the</W><W>household</W><W>that</W><W>does</W><C><cue ID="20" type="negation"><W>not</W></cue></C><xcope ID="48"><ref COMMENTS="" ID="82" SRC="21"></ref><W>own</W><W>a</W><W>dishwasher</W></xcope></xcope><W>,</W><C><cue ID="21" type="speculation"><W>or</W></cue></C><xcope ID="49"><ref COMMENTS="" ID="81" SRC="21"></ref><W>the</W><W>single</W><W>female</W></xcope><W>.</W></SENTENCE><SENTENCE><W>But</W><C><cue ID="22" type="speculation"><W>if</W></cue></C><xcope ID="50"><ref COMMENTS="" ID="83" SRC="22"></ref><W>you</W><W>have</W><W>a</W><W>flesh</W><W>eating</W></xcope><W>,</W><W>beer</W><W>swilling</W><W>,</W><W>belching</W><W>male</W><W>in</W><W>the</W><W>household</W><W>,</W><W>DO</W><C><cue ID="23" type="negation"><W>NOT</W></cue></C><xcope ID="52"><ref COMMENTS="" ID="84" SRC="23"></ref><W>BUY</W><W>THIS</W><W>PRODUCT</W></xcope><W>at</W><W>least</W><C><cue ID="24" type="negation"><W>not</W></cue></C><xcope ID="77"><ref COMMENTS="" ID="79" SRC="24"></ref><C><cue ID="25" type="speculation"><W>if</W></cue></C><xcope ID="76"><ref COMMENTS="" ID="78" SRC="25"></ref><W>you</W><W>want</W><W>to</W><W>keep</W><W>it</W><W>around</W><W>as</W><W>more</W><W>than</W><W>an</W><W>expensive</W><W>paperweight</W></xcope></xcope><W>.</W></SENTENCE></P><P></P><P><SENTENCE><W>I</W><W>used</W><W>to</W><W>own</W><W>a</W><W>restaurant</W><W>,</W><C><W>and</W></C><W>for</W><W>the</W><W>same</W><W>amount</W><W>of</W><W>money</W><W>,</W><W>we</W><W>will</W><W>be</W><W>able</W><W>to</W><W>outfit</W><W>our</W><W>kitchen</W><W>in</W><W>stainless</W><W>steel</W><W>cookware</W><C><W>and</W></C><W>I</W><W>will</W><W>be</W><W>able</W><W>to</W><W>do</W><W>the</W><W>dishes</W><C><cue ID="26" type="negation"><W>without</W></cue></C><xcope ID="54"><ref COMMENTS="" ID="87" SRC="26"></ref><W>feeling</W><W>guilty</W></xcope><W>(yes</W><W>I</W><W>do</W><C><W>feel</W></C><W>guilty</W><W>now</W><W>,</W><W>imagine</W><W>)</W><W>.</W></SENTENCE></P><P></P><P><SENTENCE><W>In</W><W>closing</W><W>,</W><W>Mrs.</W><W>Calphalon®</W><W>,</W><W>please</W><W>take</W><W>comfort</W><W>in</W><W>the</W><W>fact</W><W>that</W><W>your</W><W>product</W><W>performed</W><W>above</W><C><W>and</W></C><W>beyond</W><W>the</W><W>call</W><W>of</W><W>duty</W><W>,</W><C><W>and</W></C><W>I</W><W>was</W><W>proud</W><W>to</W><W>serve</W><W>(</W><W>carrots</W><W>,</W><W>spinach</W><C><W>and</W></C><W>even</W><W>potatoes</W><W>)</W><W>with</W><W>it</W><W>.</W></SENTENCE><SENTENCE><C><cue ID="27" type="speculation"><W>If</W></cue></C><xcope ID="56"><ref COMMENTS="" ID="89" SRC="27"></ref><W>I</W><C><cue ID="28" type="speculation"><W>can</W></cue></C><xcope ID="55"><ref COMMENTS="" ID="88" SRC="28"></ref><W>be</W><W>of</W><W>further</W><W>assistance</W></xcope></xcope><W>,</W><C><W>feel</W></C><W>free</W><W>to</W><W>contact</W><W>me</W><W>.</W></SENTENCE><SENTENCE><W>Until</W><W>then</W><W>,</W><W>I</W><W>am</W><W>sincerely</W><W>Yours</W><W>Briansdad</W><W>Dept</W><W>.</W><W>of</W><W>Destructio</W></SENTENCE></P></DOCUMENT>
