<?xml version="1.0" encoding="UTF-8"?>
<DOCUMENT><P/><P><SENTENCE><W>My</W><W>wife</W><W>and</W><W>I</W><W>received</W><W>the</W><W>wonderful</W><W>gift</W><W>of</W><W>a</W><W>ten</W><W>piece</W><W>set</W><W>of</W><W>Calphalon</W><W>for</W><W>a</W><W>wedding</W><W>present</W><W>eight</W><W>years</W><W>ago</W><W>.</W></SENTENCE><SENTENCE><W>It</W><W>was</W><W>a</W><W>joy</W><W>to</W><W>cook</W><W>with</W><W>in</W><W>the</W><W>beginning</W><W>.</W></SENTENCE><SENTENCE><W>It</W><W>is</W><W>now</W><W>time</W><W>to</W><W>trash</W><W>these</W><W>pots</W><C><W>and</W></C><W>pans</W><C><W>and</W></C><W>buy</W><W>a</W><W>new</W><W>set</W><W>-</W><W>a</W><W>more</W><W>durable</W><W>one</W><W>!</W></SENTENCE><SENTENCE><W>Had</W><W>I</W><W>known</W><W>that</W><W>you</W><C><cue ID="0" type="negation"><W>cannot</W></cue></C><xcope ID="17"><ref COMMENTS="" ID="18" SRC="0"/><W>put</W><W>them</W><W>in</W><W>the</W><W>dishwasher</W></xcope><W>-</W><C><cue ID="1" type="speculation"><W>nor</W></cue></C><xcope ID="15"><ref ID="20" SRC="1"/><C><cue ID="2" type="speculation"><W>can</W></cue></C><xcope ID="14"><ref COMMENTS="" ID="19" SRC="2"/><W>you</W><W>cook</W><W>on</W><W>high</W><W>heat</W></xcope></xcope><W>-</W><W>I</W><C><cue ID="3" type="speculation"><W>would</W></cue></C><xcope ID="16"><ref ID="21" SRC="3"/><W>have</W><W>pampered</W><W>this</W><W>stuff</W></xcope><W>.</W></SENTENCE><SENTENCE><W>No,</W><W>on</W><W>second</W><C><W>thought</W></C><W>,</W><W>even</W><W>had</W><W>I</W><W>known</W><W>,</W><W>I</W><cue ID="5" type="speculation"><C><W>would</W></C><W>n&apos;t</W></cue><xcope ID="13"><ref COMMENTS="" ID="22" SRC="5"/><W>have</W></xcope><W>.</W></SENTENCE><SENTENCE><W>I</W><cue ID="10" type="negation"><W>do</W><W>n&apos;t</W></cue><xcope ID="11"><ref COMMENTS="" ID="23" SRC="10"/><W>have</W><W>the</W><W>patience</W><W>to</W><W>hand</W><W>wash</W><W>large</W><W>skillets</W><C><W>and</W></C><W>stock</W><W>pots</W></xcope><W>.</W></SENTENCE><SENTENCE><W>I</W><C><cue ID="4" type="speculation"><W>think</W></cue></C><xcope ID="12"><ref COMMENTS="" ID="24" SRC="4"/><W>the</W><W>replacement</W><W>set</W><W>will</W><W>be</W><W>a</W><W>less</W><W>expensive</W><W>brand</W><W>which</W><W>is</W><W>much</W><W>more</W><W>durable</W></xcope><W>.</W></SENTENCE><SENTENCE><C><W>And</W></C><C><cue ID="6" type="speculation"><W>if</W></cue></C><xcope ID="9"><ref COMMENTS="" ID="26" SRC="6"/><W>I</W><W>have</W><W>to</W><W>throw</W><W>it</W><W>away</W></xcope><W>,</W><W>I</W><cue ID="7" type="negation"><W>wo</W><W>n&apos;t</W></cue><xcope ID="8"><ref COMMENTS="" ID="25" SRC="7"/><C><W>feel</W></C><W>as</W><W>bad</W></xcope><W>.</W></SENTENCE></P></DOCUMENT>