<?xml version="1.0" encoding="UTF-8"?>
<DOCUMENT><DESC></DESC><TIME>487</TIME><P></P><P><SENTENCE><W>Have</W><W>you</W><W>ever</W><W>bitten</W><W>into</W><W>a</W><W>gritty</W><W>piece</W><W>of</W><W>lettuce</W><W>in</W><W>your</W><W>salad</W><W>?</W></SENTENCE><SENTENCE><W>Yuck</W><W>!</W></SENTENCE><SENTENCE><W>I</W><W>&#39;ve</W><W>discovered</W><W>the</W><W>absolute</W><W>BEST</W><W>way</W><W>to</W><W>clean</W><W>your</W><W>greens</W><C><W>and</W></C><W>keep</W><W>them</W><W>hydrated</W><W>,</W><W>crisp</W><C><W>and</W></C><W>fresh</W><W>.</W></SENTENCE><SENTENCE><W>Let</W><W>me</W><W>introduce</W><W>you</W><W>to</W><W>the</W><W>OXO</W><W>Pump</W><W>Action</W><W>Salad</W><W>Spinner</W><W>.</W></SENTENCE></P><P></P><P><SENTENCE><W>~</W><W>What</W><W>is</W><W>it</W><C><W>and</W></C><W>How</W><W>Does</W><W>it</W><W>Work</W><W>?</W></SENTENCE></P><P></P><P><SENTENCE><W>The</W><W>OXO</W><W>Salad</W><W>Spinner</W><W>consists</W><W>of</W><W>a</W><W>large</W><W>,</W><W>clear</W><W>,</W><W>heavy-duty</W><W>plastic</W><W>bowl</W><W>,</W><W>measuring</W><W>about</W><W>10</W><W>1/2</W><W>&#34;</W><W>in</W><W>diameter</W><C><W>and</W></C><W>about</W><W>6</W><W>&#34;</W><W>high</W><W>,</W><W>a</W><W>white</W><W>plastic</W><W>open</W><W>weave</W><W>basket</W><W>that</W><W>fits</W><W>inside</W><W>the</W><W>bowl</W><W>,</W><C><W>and</W></C><W>the</W><W>pump</W><W>action</W><W>top/lid</W><W>.</W></SENTENCE></P><P></P><P><SENTENCE><W>To</W><W>use</W><W>,</W><W>rinse</W><W>your</W><W>greens</W><W>under</W><W>cold</W><W>running</W><W>water</W><W>,</W><C><W>and</W></C><W>then</W><W>place</W><W>them</W><W>in</W><W>the</W><W>basket</W><W>.</W></SENTENCE><SENTENCE><W>Put</W><W>the</W><W>basket</W><W>containing</W><W>the</W><W>greens</W><W>into</W><W>the</W><W>clear</W><W>plastic</W><W>bowl</W><W>.</W></SENTENCE><SENTENCE><W>Put</W><W>the</W><W>pump</W><W>action</W><W>lid</W><W>on</W><W>top</W><W>to</W><W>cover</W><W>the</W><W>bowl</W><W>.</W></SENTENCE></P><P></P><P><SENTENCE><W>The</W><W>pump</W><W>top</W><W>has</W><W>a</W><W>simple</W><W>locking</W><W>tab</W><W>that</W><W>keeps</W><W>the</W><W>push-down</W><W>pump</W><W>compressed</W><C><W>and</W></C><W>flush</W><W>to</W><W>the</W><W>lid</W><W>for</W><W>storage</W><W>.</W></SENTENCE><SENTENCE><W>To</W><W>unlock</W><W>,</W><W>just</W><W>slide</W><W>the</W><W>lock</W><W>back</W><W>.</W></SENTENCE><SENTENCE><W>It</W><W>&#39;s</W><W>very</W><W>easy</W><W>to</W><W>do</W><W>.</W></SENTENCE><SENTENCE><W>The</W><W>pumper</W><W>then</W><W>pops</W><W>up</W><C><W>and</W></C><xcope ID="4"><ref ID="9" SRC="0"></ref><W>extends</W><W>above</W><W>the</W><W>lid</W><W>about</W><W>3&#34;</W></xcope><C><cue ID="0" type="speculation"><W>or</W></cue></C><xcope ID="5"><ref ID="10" SRC="0"></ref><W>so</W></xcope><W>.</W></SENTENCE><SENTENCE><W>Then</W><W>just</W><W>push</W><W>down</W><W>on</W><W>the</W><W>pumper</W><W>.</W></SENTENCE><SENTENCE><W>The</W><W>basket</W><W>inside</W><W>the</W><W>bowl</W><W>spins</W><W>,</W><C><W>and</W></C><W>water</W><W>is</W><W>extracted</W><W>from</W><W>the</W><W>greens</W><W>out</W><W>of</W><W>the</W><W>basket</W><W>,</W><W>away</W><W>from</W><W>the</W><W>greens</W><W>,</W><C><W>and</W></C><W>out</W><W>into</W><W>the</W><W>bowl</W><W>.</W></SENTENCE><SENTENCE><W>Push</W><W>the</W><W>pumper</W><W>down</W><W>a</W><W>few</W><W>times</W><W>to</W><W>keep</W><W>it</W><W>spinning</W><C><W>and</W></C><W>allow</W><W>the</W><W>centrifugal</W><W>force</W><W>to</W><W>extract</W><W>the</W><W>water</W><W>.</W></SENTENCE><SENTENCE><W>You</W><cue ID="2" type="negation"><W>do</W><W>n&#39;t</W></cue><xcope ID="7"><ref COMMENTS="" ID="12" SRC="2"></ref><W>need</W><W>to</W><W>push</W><W>more</W><W>than</W><cue ID="3" type="speculation"><W>maybe</W></cue><xcope ID="6"><ref ID="11" SRC="3"></ref><W>four</W><W>to</W><W>six</W><W>times</W></xcope></xcope><W>,</W><W>but</W><W>trust</W><W>me</W><W>,</W><W>you</W><W>&#39;ll</W><C><cue ID="1" type="speculation"><W>probably</W></cue></C><xcope ID="8"><ref ID="13" SRC="1"></ref><W>keep</W><W>pushing</W><W>because</W><W>it</W><W>&#39;s</W><W>so</W><W>much</W><W>fun</W></xcope><W>!</W></SENTENCE></P><P></P><P><SENTENCE><W>The</W><W>pumper</W><W>has</W><W>a</W><W>really</W><W>neat</W><W>wide</W><W>,</W><W>rubber-like</W><W>non-slip</W><W>top</W><W>that</W><W>you</W><W>push</W><W>down</W><W>.</W></SENTENCE><SENTENCE><W>It</W><W>is</W><W>easy</W><W>on</W><W>your</W><W>hands</W><W>,</W><C><W>and</W></C><W>very</W><W>easy</W><W>to</W><W>push</W><W>.</W></SENTENCE><SENTENCE><W>It</W><cue ID="14" type="negation"><W>does</W><W>n&#39;t</W></cue><xcope ID="17"><ref COMMENTS="" ID="20" SRC="14"></ref><W>take</W><W>a</W><W>lot</W><W>of</W><W>pressure</W><W>at</W><W>all</W></xcope><W>.</W></SENTENCE><SENTENCE><W>The</W><W>basket</W><W>spins</W><W>smoothly</W><C><W>and</W></C><W>quietly</W><W>.</W></SENTENCE><SENTENCE><W>There</W><W>is</W><W>also</W><W>a</W><W>brake</W><W>button</W><W>on</W><W>top</W><W>of</W><W>the</W><W>lid</W><W>.</W></SENTENCE><SENTENCE><W>Just</W><W>press</W><W>the</W><W>black</W><W>rubber</W><W>brake</W><W>button</W><W>to</W><W>stop</W><W>the</W><W>spinning</W><W>.</W></SENTENCE></P><P></P><P><SENTENCE><W>The</W><W>bottom</W><W>of</W><W>the</W><W>bowl</W><W>has</W><W>a</W><W>non-skid</W><W>surface</W><W>,</W><W>which</W><W>helps</W><W>to</W><W>keep</W><W>the</W><W>bowl</W><W>steady</W><W>as</W><W>the</W><W>basket</W><W>spins</W><W>.</W></SENTENCE><SENTENCE><W>I</W><W>&#39;ve</W><W>got</W><W>it</W><W>going</W><W>pretty</W><W>fast</W><W>a</W><W>couple</W><W>of</W><W>times</W><W>,</W><C><W>and</W></C><W>the</W><W>bowl</W><W>will</W><W>move</W><W>a</W><W>little</W><W>bit</W><W>,</W><W>but</W><W>it</W><W>&#39;s</W><C><cue ID="15" type="negation"><W>not</W></cue></C><xcope ID="18"><ref ID="21" SRC="15"></ref><W>a</W><W>problem</W></xcope><W>.</W></SENTENCE><SENTENCE><W>You</W><C><cue ID="16" type="speculation"><W>can</W></cue></C><xcope ID="19"><ref ID="22" SRC="16"></ref><W>use</W><W>this</W><W>on</W><W>any</W><W>convenient</W><W>surface</W></xcope><W>.</W></SENTENCE></P><P></P><P><SENTENCE><W>After</W><W>you</W><W>&#39;re</W><W>done</W><W>playing</W><W>-</W><W>er</W><W>,</W><W>I</W><W>mean</W><W>cleaning</W><W>your</W><W>greens</W><W>,</W><W>take</W><W>out</W><W>the</W><W>basket</W><W>with</W><W>the</W><W>greens</W><C><W>and</W></C><W>empty</W><W>out</W><W>all</W><W>the</W><W>water</W><W>from</W><W>the</W><W>bowl</W><W>that</W><W>was</W><W>extracted</W><W>from</W><W>your</W><W>greens</W><W>.</W></SENTENCE><SENTENCE><xcope ID="82"><ref COMMENTS="" ID="85" SRC="24"></ref><W>You</W><C><cue ID="23" type="speculation"><W>can</W></cue></C><xcope ID="30"><ref ID="38" SRC="24"></ref><W>then</W><W>store</W><W>the</W><W>greens</W><W>in</W><W>the</W><W>refrigerator</W><W>in</W><W>a</W><W>ziplock</W><W>bag</W></xcope><W>,</W><W>which</W><W>is</W><W>what</W><W>I</W><W>usually</W><W>do</W></xcope><W>.</W></SENTENCE><SENTENCE><C><cue ID="24" type="speculation"><W>Or</W></cue></C><W>,</W><xcope ID="83"><ref COMMENTS="" ID="84" SRC="24"></ref><C><cue ID="25" type="speculation"><W>if</W></cue></C><xcope ID="32"><ref ID="36" SRC="25"></ref><W>you</W><W>&#39;d</W><W>like</W></xcope><xcope ID="33"><ref ID="37" SRC="24"></ref><W>you</W><C><cue ID="26" type="speculation"><W>can</W></cue></C><xcope ID="31"><ref ID="35" SRC="26"></ref><W>even</W><W>store</W><W>the</W><W>greens</W><W>right</W><W>in</W><W>the</W><W>Salad</W><W>Spinner</W><W>bowl</W></xcope><W>.</W></xcope></xcope></SENTENCE></P><P></P><P><SENTENCE><W>The</W><W>Salad</W><W>Spinner</W><W>is</W><W>easy</W><W>to</W><W>clean</W><W>.</W></SENTENCE><SENTENCE><W>The</W><W>plastic</W><W>bowl</W><W>is</W><W>top-rack</W><W>dishwasher</W><W>safe</W><W>,</W><W>but</W><W>since</W><W>it</W><W>primarily</W><W>only</W><W>has</W><W>water</W><W>in</W><W>it</W><W>,</W><W>I</W><W>just</W><W>rinse</W><C><W>and</W></C><W>dry</W><W>.</W></SENTENCE><SENTENCE><W>The</W><W>whole</W><W>unit</W><W>it</W><W>light</W><W>weight</W><W>,</W><W>uses</W><xcope ID="42"><ref ID="44" SRC="29"></ref><C><cue COMMENTS="" ID="28" type="negation"><W>no</W></cue></C><xcope ID="39"><ref ID="43" SRC="28"></ref><W>electricity</W></xcope></xcope><C><cue ID="29" type="speculation"><W>or</W></cue></C><xcope ID="40"><ref ID="41" SRC="29"></ref><W>batteries</W></xcope><W>.</W></SENTENCE></P><P></P><P><SENTENCE><W>~</W><W>My</W><W>Experience</W><W>,</W><W>Tips</W><W>,</W><C><W>and</W></C><W>Other</W><W>Notes</W></SENTENCE></P><P></P><P><SENTENCE><W>I</W><W>&#39;ve</W><W>found</W><W>that</W><W>a</W><W>full</W><W>head</W><W>of</W><W>iceberg</W><W>lettuce</W><C><cue ID="45" type="speculation"><W>must</W></cue></C><xcope ID="86"><ref COMMENTS="" ID="87" SRC="45"></ref><xcope ID="50"><ref ID="58" SRC="46"></ref><W>be</W><W>broken</W><W>into</W><W>wedges</W></xcope><W>,</W><C><cue ID="46" type="speculation"><W>or</W></cue></C><xcope ID="51"><ref COMMENTS="" ID="56" SRC="46"></ref><W>in</W><W>half</W></xcope></xcope><W>,</W><W>depending</W><W>on</W><W>the</W><W>size</W><W>of</W><W>the</W><W>head</W><W>,</W><W>before</W><W>it</W><W>will</W><W>fit</W><W>into</W><W>the</W><W>basket</W><W>.</W></SENTENCE><SENTENCE><C><W>And</W></C><W>of</W><W>course</W><W>to</W><W>adequately</W><W>wash</W><C><W>and</W></C><W>rinse</W><W>a</W><W>head</W><W>of</W><W>lettuce</W><W>it</W><W>&#39;s</W><W>best</W><W>to</W><W>break</W><W>it</W><W>up</W><W>anyway</W><W>.</W></SENTENCE><SENTENCE><W>You</W><C><cue ID="47" type="speculation"><W>can</W></cue></C><xcope ID="52"><ref ID="59" SRC="47"></ref><W>rinse</W><W>your</W><W>lettuce</W></xcope><W>,</W><W>then</W><W>fill</W><W>the</W><W>Salad</W><W>Spinner</W><W>bowl</W><W>with</W><W>water</W><C><W>and</W></C><W>let</W><W>it</W><W>soak</W><W>for</W><W>a</W><W>little</W><W>bit</W><W>.</W></SENTENCE><SENTENCE><W>Then</W><W>rinse</W><W>again</W><W>,</W><C><W>and</W></C><W>place</W><W>the</W><W>greens</W><W>into</W><W>the</W><W>basket</W><C><W>and</W></C><W>spin</W><W>.</W></SENTENCE><SENTENCE><W>This</W><W>will</W><W>really</W><W>get</W><W>your</W><W>greens</W><W>super</W><W>clean</W><W>,</W><W>very</W><W>hydrated</W><W>,</W><C><W>and</W></C><W>after</W><W>chilling</W><W>they</W><W>will</W><W>be</W><W>crisp</W><C><W>and</W></C><W>delicious</W><W>.</W></SENTENCE></P><P></P><P><SENTENCE><W>Remember</W><W>,</W><cue ID="48" type="negation"><W>do</W><W>n&#39;t</W></cue><xcope ID="53"><ref COMMENTS="" ID="60" SRC="48"></ref><W>use</W><W>a</W><W>metal</W><W>knife</W><W>to</W><W>cut</W><W>your</W><W>lettuce</W><W>up</W><W>though</W></xcope><W>,</W><W>because</W><W>the</W><W>edges</W><W>will</W><W>turn</W><W>brown</W><W>.</W></SENTENCE><SENTENCE><xcope ID="55"><ref ID="61" SRC="49"></ref><W>Always</W><W>tear</W><W>your</W><W>lettuce</W><W>by</W><W>hand</W><W>to</W><W>avoid</W><W>browning</W></xcope><W>,</W><C><cue ID="49" type="speculation"><W>or</W></cue></C><xcope ID="54"><ref ID="62" SRC="49"></ref><W>use</W><W>a</W><W>special</W><W>&#34;lettuce</W><W>knife</W></xcope><W>.</W><W>&#34;</W></SENTENCE></P><P></P><P><SENTENCE><W>The</W><W>greens</W><W>I</W><W>&#39;ve</W><W>washed</W><C><W>and</W></C><W>then</W><W>put</W><W>in</W><W>the</W><W>OXO</W><W>Pump</W><W>Action</W><W>Salad</W><W>Spinner</W><W>are</W><W>the</W><W>tastiest</W><W>,</W><W>crispiest</W><W>greens</W><W>I</W><W>&#39;ve</W><W>ever</W><W>had</W><W>.</W></SENTENCE><SENTENCE><C><W>And</W></C><W>I</W><W>swear</W><W>,</W><W>it</W><W>is</W><W>so</W><W>easy</W><C><W>and</W></C><W>fun</W><W>to</W><W>use</W><W>this</W><W>handy</W><W>tool</W><W>!</W></SENTENCE><SENTENCE><C><cue ID="67" type="speculation"><W>If</W></cue></C><xcope ID="74"><ref ID="82" SRC="67"></ref><W>you</W><W>have</W><W>children</W><W>who</W><W>want</W><W>to</W><W>help</W></xcope><W>,</W><W>this</W><W>is</W><W>a</W><W>perfect</W><W>task</W><W>for</W><W>them</W><W>.</W></SENTENCE></P><P></P><P><SENTENCE><W>The</W><W>Salad</W><W>Spinner</W><W>bowl</W><W>by</W><W>itself</W><W>is</W><W>a</W><W>perfectly</W><W>nice</W><W>bowl</W><W>that</W><C><cue ID="63" type="speculation"><W>can</W></cue></C><xcope ID="75"><ref ID="83" SRC="63"></ref><W>be</W><W>used</W><W>for</W><W>many</W><W>other</W><W>things</W><W>as</W><W>well</W></xcope><W>.</W></SENTENCE><SENTENCE><xcope ID="81"><ref ID="85" SRC="65"></ref><W>You</W><C><cue ID="64" type="speculation"><W>can</W></cue></C><xcope ID="80"><ref ID="84" SRC="64"></ref><W>of</W><W>course</W><W>store</W><W>the</W><W>greens</W></xcope></xcope><C><cue ID="65" type="speculation"><W>or</W></cue></C><xcope ID="79"><ref ID="86" SRC="65"></ref><W>serve</W><W>the</W><W>finished</W><W>salad</W><W>in</W><W>the</W><W>bowl</W></xcope><W>.</W></SENTENCE><SENTENCE><xcope ID="76"><ref ID="88" SRC="66"></ref><W>Try</W><W>it</W><W>for</W><W>serving</W><W>popcorn</W></xcope><W>,</W><xcope ID="77"><ref ID="89" SRC="66"></ref><W>potato</W><W>chips</W></xcope><W>,</W><C><cue ID="66" type="speculation"><W>or</W></cue></C><xcope ID="78"><ref ID="90" SRC="66"></ref><W>snacks</W><W>as</W><W>well</W></xcope><W>.</W></SENTENCE></P><P></P><P><SENTENCE><W>I</W><W>found</W><W>my</W><W>OXO</W><W>Salad</W><W>Spinner</W><W>at</W><W>Target</W><W>for</W><W>$</W><W>24.99</W><W>.</W></SENTENCE></P><P></P><P><SENTENCE><W>The</W><W>only</W><C><cue ID="68" type="speculation"><W>possible</W></cue></C><xcope ID="73"><ref ID="92" SRC="68"></ref><W>drawback</W><W>I</W><C><cue ID="69" type="speculation"><W>can</W></cue></C><xcope ID="72"><ref ID="91" SRC="69"></ref><W>see</W><W>to</W><W>this</W><W>wonderful</W><W>kitchen</W><W>tool</W><W>is</W><W>storage</W></xcope></xcope><W>.</W></SENTENCE><SENTENCE><W>It</W><W>&#39;s</W><W>a</W><W>big</W><W>bowl</W><W>that</W><W>will</W><W>hold</W><W>about</W><W>4</W><W>quarts</W><W>.</W></SENTENCE><SENTENCE><W>But</W><W>finding</W><W>a</W><W>spot</W><W>for</W><W>this</W><W>is</W><W>worth</W><W>it</W><W>.</W></SENTENCE><SENTENCE><W>You</W><W>&#39;ll</W><W>have</W><W>the</W><W>cleanest</W><W>,</W><W>tastiest</W><W>,</W><W>crispest</W><W>greens</W><W>,</W><C><W>and</W></C><W>it</W><W>&#39;s</W><W>just</W><W>so</W><W>darned</W><W>much</W><W>fun</W><W>to</W><W>use</W><W>!</W><W>Go</W><W>take</W><W>it</W><W>for</W><W>a</W><W>spin</W><W>!</W></SENTENCE></P><P></P><P><SENTENCE><W>eating</W><W>since</W><W>we</W><W>purchased</W><W>them</W><W>.</W></SENTENCE><SENTENCE><W>We</W><W>have</W><W>used</W><W>metal</W><W>spoons</W><W>,</W><W>whisks</W><W>,</W><W>spatulas</W><C><W>and</W></C><W>tools</W><W>of</W><W>all</W><W>kinds</W><W>.</W></SENTENCE><SENTENCE><W>Through</W><W>it</W><W>all</W><W>,</W><C><cue ID="70" type="negation"><W>not</W></cue></C><xcope ID="71"><ref ID="93" SRC="70"></ref><W>only</W><W>have</W><W>they</W><W>continued</W><W>to</W><W>cook</W><W>wonderfully</W></xcope><W>,</W><W>but</W><W>they</W><W>look</W><W>good</W><W>too</W></SENTENCE></P></DOCUMENT>
