<?xml version="1.0" encoding="UTF-8"?>
<DOCUMENT><P></P><P><SENTENCE><W>All-Clad</W><W>Stainless</W><W>Steel</W><W>Fry</W><W>Pans</W><W>hold</W><W>a</W><W>place</W><W>of</W><W>high</W><W>esteem</W><W>in</W><W>my</W><W>cooking</W><W>endeavors</W><W>.</W></SENTENCE><SENTENCE><W>The</W><W>acquisition</W><W>of</W><W>the</W><W>12</W><W>&#34;</W><W>model</W><W>to</W><W>my</W><W>collection</W><W>of</W><W>cookware</W><W>prompted</W><W>this</W><W>review</W><W>,</W><W>though</W><W>other</W><W>sizes</W><W>(</W><W>7&#34;</W><W>,</W><W>8&#34;</W><W>,</W><C><W>and</W></C><W>10&#34;</W><W>)</W><W>endure</W><W>similar</W><W>use</W><W>in</W><W>my</W><W>home</W><C><W>and</W></C><W>are</W><W>of</W><W>equal</W><W>quality</W><W>.</W></SENTENCE><SENTENCE><W>Superb</W><W>skillets/fry</W><W>pans</W><W>.</W><W>.</W><W>.</W></SENTENCE><SENTENCE><C><cue ID="0" type="negation"><W>no</W></cue></C><xcope ID="3"><ref ID="6" SRC="0"></ref><W>doubt</W></xcope><W>,</W><C><cue ID="1" type="negation"><W>no</W></cue></C><xcope ID="4"><ref ID="7" SRC="1"></ref><W>question</W></xcope><C><W>and</W></C><C><cue ID="2" type="negation"><W>no</W></cue></C><xcope ID="5"><ref ID="8" SRC="2"></ref><W>contest</W></xcope><W>!</W></SENTENCE></P><P></P><P><SENTENCE><W>Dateline</W><W>:</W><W>A</W><W>Mid-Summer</W><W>&#39;s</W><W>Day</W></SENTENCE></P><P></P><P><SENTENCE><W>Place</W><W>:</W><W>Flea</W><W>Market</W></SENTENCE></P><P></P><P><SENTENCE><W>Time</W><W>:</W><W>for</W><W>coffee</W></SENTENCE></P><P></P><P><SENTENCE><W>As</W><W>I</W><W>strolled</W><W>the</W><W>grounds</W><W>of</W><W>a</W><W>local</W><W>flea</W><W>market</W><W>on</W><W>a</W><W>cooler-than-usual</W><W>summer</W><W>morning</W><W>,</W><W>something</W><W>caught</W><W>my</W><W>eye</W><W>.</W></SENTENCE><SENTENCE><W>A</W><W>gleam</W><W>of</W><W>sorts</W><W>,</W><W>almost</W><W>like</W><W>a</W><W>lightning</W><W>flash</W><W>,</W><W>off</W><W>to</W><W>one</W><W>side</W><C><W>and</W></C><W>at</W><W>the</W><W>back</W><W>of</W><W>one</W><W>of</W><W>the</W><W>long</W><W>,</W><W>church</W><W>supper</W><W>tables</W><W>set</W><W>up</W><W>for</W><W>flea-marketing</W><W>fanatics</W><W>(</W><cue ID="9" type="negation"><W>do</W><W>n&#39;t</W></cue><xcope ID="65"><ref COMMENTS="" ID="70" SRC="9"></ref><W>look</W><W>at</W><W>me</W></xcope><W>!</W><W>)</W><W>.</W></SENTENCE></P><P></P><P><SENTENCE><W>Ever</W><C><cue ID="10" type="speculation"><W>feel</W></cue></C><xcope ID="67"><ref ID="74" SRC="10"></ref><W>like</W><W>you</W><C><cue ID="11" type="speculation"><W>should</W></cue></C><xcope ID="66"><ref ID="73" SRC="11"></ref><W>steal</W><W>quietly</W><W>up</W><W>to</W><W>a</W><W>store</W><W>shelf</W></xcope></xcope><W>,</W><xcope ID="68"><ref ID="72" SRC="12"></ref><W>yard</W><W>sale</W><W>box</W></xcope><C><cue ID="12" type="speculation"><W>or</W></cue></C><xcope ID="69"><ref ID="71" SRC="12"></ref><W>flea</W><W>market</W><W>table</W></xcope><W>for</W><W>fear</W><W>someone</W><W>else</W><W>will</W><W>see</W><W>what</W><W>you</W><W>see</W><C><W>and</W></C><W>beat</W><W>you</W><W>to</W><W>it</W><W>?</W></SENTENCE></P><P></P><P><SENTENCE><cue ID="77" type="speculation"><W>Maybe</W></cue><xcope ID="197"><ref COMMENTS="" ID="199" SRC="77"></ref><xcope ID="196"><ref COMMENTS="" ID="198" SRC="13"></ref><W>you</W><W>&#39;ve</W><W>felt</W><W>that</W><W>surge</W><W>of</W><W>adrenalin</W><W>as</W><W>you</W><W>hurdle</W><W>your</W><W>small</W><W>child</W></xcope><W>(</W><C><cue ID="13" type="speculation"><W>or</W></cue></C><xcope ID="75"><ref ID="79" SRC="13"></ref><W>someone</W><W>else</W><W>&#39;s</W></xcope></xcope><W>)</W><W>in</W><W>effort</W><W>to</W><W>beat</W><W>the</W><W>imagined</W><W>crowd</W><W>thronging</W><W>to</W><W>the</W><W>object</W><W>of</W><W>your</W><W>desire</W><W>,</W><W>then</W><W>halt</W><W>suddenly</W><W>,</W><W>about</W><W>four</W><W>steps</W><W>from</W><W>the</W><W>object</W><C><W>and</W></C><W>try</W><W>to</W><W>act</W><W>casual</W><W>?</W></SENTENCE></P><P></P><P><SENTENCE><W>Me</W><W>?</W><W>I</W><cue ID="14" type="negation"><W>do</W><W>n&#39;t</W></cue><xcope ID="82"><ref COMMENTS="" ID="94" SRC="14"></ref><W>remember</W><W>what</W><W>I</W><W>did</W></xcope><W>,</W><W>it</W><W>all</W><W>happened</W><W>so</W><W>fast</W><W>.</W></SENTENCE><SENTENCE><W>But</W><W>I</W><W>do</W><W>remember</W><C><cue ID="15" type="negation"><W>no</W></cue></C><xcope ID="83"><ref ID="95" SRC="15"></ref><W>one</W><W>was</W><W>injured</W><W>in</W><W>the</W><W>process</W></xcope><C><W>and</W></C><W>I</W><W>came</W><W>away</W><W>with</W><W>a</W><W>brand-spankin&#39;-new</W><W>All-Clad</W><W>Stainless</W><W>Steel</W><W>Fry</W><W>Pan</W><W>(</W><W>12</W><W>inch</W><W>)</W><W>for</W><W>a</W><W>whopping</W><W>$</W><W>7.50</W><W>(</W><W>actual</W><W>retail</W><W>price</W><W>?</W></SENTENCE><SENTENCE><W>about</W><W>$</W><W>125</W><W>)</W><W>.</W></SENTENCE><SENTENCE><C><cue ID="16" type="negation"><W>No</W></cue></C><xcope ID="84"><ref ID="96" SRC="16"></ref><W>quibbling</W></xcope><W>,</W><C><W>and</W></C><W>I</W><cue ID="17" type="negation"><W>did</W><W>n&#39;t</W></cue><xcope ID="85"><ref COMMENTS="" ID="97" SRC="17"></ref><W>even</W><W>ask</W><W>for</W><W>a</W><W>bag</W></xcope><W>!</W></SENTENCE></P><P></P><P><SENTENCE><C><cue ID="18" type="negation"><W>Not</W></cue></C><xcope ID="86"><ref ID="98" SRC="18"></ref><W>My</W><W>First</W><W>Experience</W><W>with</W><W>All-Clad</W><W>Stainless</W><W>Steel</W><W>Fry</W><W>Pans</W></xcope></SENTENCE></P><P></P><P><SENTENCE><W>I</W><W>admit</W><W>I</W><W>am</W><W>an</W><W>All-Clad</W><W>,</W><W>fan</W><W>club</W><W>member</W><W>,</W><W>in</W><W>my</W><W>mind</W><W>.</W><W>.</W><W>.</W></SENTENCE><SENTENCE><W>since</W><W>they</W><cue ID="20" type="negation"><W>do</W><W>n&#39;t</W></cue><xcope ID="87"><ref COMMENTS="" ID="99" SRC="20"></ref><W>have</W><W>a</W><W>club</W></xcope><W>.</W></SENTENCE><SENTENCE><W>I</W><cue ID="19" type="negation"><W>do</W><W>n&#39;t</W></cue><xcope ID="88"><ref COMMENTS="" ID="100" SRC="19"></ref><W>have</W><W>a</W><W>card</W><W>to</W><W>carry</W></xcope><W>,</W><xcope ID="89"><ref ID="101" SRC="21"></ref><W>a</W><W>poster</W><W>to</W><W>hang</W><W>up</W><W>in</W><W>my</W><W>kitchen</W></xcope><W>,</W><C><cue ID="21" type="speculation"><W>or</W></cue></C><xcope ID="90"><ref ID="102" SRC="21"></ref><W>even</W><W>a</W><W>bubblegum</W><W>card</W><W>to</W><W>show</W><W>for</W><W>it</W></xcope><W>,</W><W>but</W><W>I</W><W>do</W><W>have</W><W>a</W><W>nice</W><W>collection</W><W>of</W><W>All-Clad</W><W>Stainless</W><W>Steel</W><W>Cookware</W><W>stowed</W><W>in</W><W>my</W><W>cupboards</W><W>.</W></SENTENCE><SENTENCE><W>I</W><W>&#39;d</W><W>display</W><W>them</W><W>on</W><W>a</W><W>rack</W><C><cue ID="22" type="speculation"><W>if</W></cue></C><xcope ID="93"><ref ID="104" SRC="22"></ref><W>my</W><W>kitchen</W><C><cue ID="23" type="speculation"><W>would</W></cue></C><xcope ID="92"><ref ID="103" SRC="23"></ref><W>move</W><W>over</W></xcope></xcope><C><W>and</W></C><W>make</W><W>room</W><W>for</W><W>one</W><W>.</W></SENTENCE></P><P></P><P><SENTENCE><W>This</W><W>pan</W><W>came</W><W>into</W><W>my</W><W>kitchen</W><W>to</W><C><W>support</W></C><W>two</W><W>other</W><W>All-Clad</W><W>Stainless</W><W>Steel</W><W>Fry</W><W>Pans</W><W>as</W><W>the</W><W>bottom</W><W>of</W><W>the</W><W>stack</W><W>,</W><W>the</W><W>&#34;</W><C><W>support</W></C><W>pan</W><W>&#34;</W><W>of</W><W>the</W><W>bunch</W><W>,</W><C><W>and</W></C><W>the</W><W>&#34;big</W><W>gun</W><W>&#34;</W><W>of</W><W>the</W><W>All-Clad</W><W>Stainless</W><W>Steel</W><W>Fry</W><W>Pan</W><W>line</W><W>.</W></SENTENCE><SENTENCE><W>It</W><W>also</W><W>supports</W><W>my</W><W>efforts</W><W>in</W><W>cooking</W><W>to</W><W>such</W><W>a</W><W>degree</W><W>that</W><W>I</W><W>have</W><W>tossed</W><W>my</W><W>copper-bottomed</W><W>RevereWare</W><W>pans</W><W>into</W><W>my</W><W>own</W><W>yard</W><W>saleable</W><W>items</W><W>box</W><W>.</W></SENTENCE></P><P></P><P><SENTENCE><W>Oh</W><W>,</W><C><W>and</W></C><W>,</W><W>like</W><W>its</W><W>smaller</W><W>siblings</W><W>,</W><W>the</W><W>12</W><W>&#34;</W><W>All-Clad</W><W>Stainless</W><W>Steel</W><W>Fry</W><W>Pan</W><W>does</W><W>a</W><W>little</W><W>sizzling</W><W>on</W><W>the</W><W>stove</W><W>top</W><C><W>and</W></C><W>some</W><W>undercover</W><W>work</W><W>in</W><W>the</W><W>oven</W><W>,</W><W>too</W><W>!</W></SENTENCE></P><P></P><P><SENTENCE><W>Paying</W><W>a</W><W>Premium</W><W>Price</W><W>for</W><W>Premium</W><W>Performance</W></SENTENCE></P><P></P><P><SENTENCE><W>All-Clad</W><W>is</W><W>expensive</W><W>.</W></SENTENCE><SENTENCE><W>That</W><W>&#39;s</W><C><cue ID="25" type="negation"><W>no</W></cue></C><xcope ID="105"><ref ID="109" SRC="25"></ref><W>secret</W></xcope><W>,</W><W>but</W><W>it</W><W>is</W><W>often</W><W>a</W><W>drawback</W><W>to</W><W>regular</W><W>people</W><W>,</W><W>from</W><W>the</W><W>everyday</W><W>cook</W><W>to</W><W>the</W><W>every-so-often</W><W>gourmet</W><W>.</W></SENTENCE></P><P></P><P><SENTENCE><C><cue ID="26" type="negation"><W>No</W></cue></C><xcope ID="106"><ref ID="112" SRC="26"></ref><W>one</W><W>wants</W><W>to</W><W>put</W><W>forth</W><W>this</W><W>number</W><W>of</W><W>greenbacks</W></xcope><C><cue ID="27" type="speculation"><W>if</W></cue></C><xcope ID="108"><ref ID="111" SRC="27"></ref><W>they</W><cue ID="28" type="negation"><W>do</W><W>n&#39;t</W></cue><xcope ID="107"><ref ID="110" SRC="28"></ref><W>have</W><W>to</W></xcope></xcope><W>,</W><W>but</W><W>every</W><W>now</W><C><W>and</W></C><W>then</W><W>,</W><W>someone</W><W>gets</W><W>curious</W><C><W>and</W></C><W>bites</W><W>the</W><W>stainless</W><W>steel</W><W>.</W></SENTENCE><SENTENCE><W>I</W><W>know</W><W>I</W><W>did</W><W>.</W></SENTENCE><SENTENCE><W>Lucked</W><W>out</W><W>on</W><W>a</W><W>7-piece</W><W>set</W><W>at</W><W>the</W><W>price</W><W>of</W><W>one</W><W>pan</W><W>when</W><W>a</W><W>nearby</W><W>store</W><W>closed</W><W>.</W></SENTENCE><SENTENCE><W>How</W><W>&#39;s</W><W>that</W><W>for</W><W>a</W><W>sign</W><W>?</W></SENTENCE></P><P></P><P><SENTENCE><W>Now</W><W>,</W><W>I</W><W>look</W><W>for</W><W>signs</W><W>like</W><W>these</W><W>:</W><W>&#34;</W><W>SALE&#34;</W><W>,</W><W>&#34;</W><W>Half</W><W>Off&#34;</W><W>,</W><W>&#34;</W><W>Try-Me</W><W>Price</W><W>&#34;</W><C><W>and</W></C><W>&#34;</W><W>Seconds</W><W>&#34;</W><W>.</W></SENTENCE><SENTENCE><W>All-Clad</W><W>,</W><W>even</W><W>as</W><W>a</W><W>&#34;</W><W>second</W><W>&#34;</W><W>(visual</W><W>,</W><W>surface</W><W>flaws</W><W>only</W><W>,</W><W>such</W><W>as</W><W>scratches/nicks</W><W>)</W><W>,</W><W>All-Clad</W><W>Stainless</W><W>Steel</W><W>is</W><C><cue ID="29" type="negation"><W>no</W></cue></C><xcope ID="113"><ref ID="114" SRC="29"></ref><W>second-skimmings</W></xcope><W>.</W></SENTENCE></P><P></P><P><SENTENCE><W>Let</W><W>the</W><W>Cooking</W><W>Commence</W><W>!</W></SENTENCE></P><P></P><P><SENTENCE><W>I</W><W>have</W><W>already</W><W>test-driven</W><W>the</W><W>12</W><W>&#34;</W><W>All-Clad</W><W>Stainless</W><W>Steel</W><W>Fry</W><W>Pan</W><W>,</W><W>knowing</W><W>full</W><W>well</W><W>what</W><W>performance</W><W>I</W><W>&#39;d</W><W>get</W><W>after</W><W>years</W><W>of</W><W>using</W><W>it</W><W>&#39;s</W><W>10</W><W>&#34;</W><C><W>and</W></C><W>7</W><W>&#34;</W><W>Stainless</W><W>siblings</W><W>.</W></SENTENCE></P><P></P><P><SENTENCE><W>Sautéing</W><C><W>and</W></C><W>browning</W><W>is</W><W>a</W><W>snap</W><W>with</W><W>the</W><W>All-Clad</W><W>Stainless</W><W>Steel</W><W>Fry</W><W>Pans</W><W>.</W></SENTENCE><SENTENCE><W>In</W><W>any</W><W>of</W><W>the</W><W>three</W><W>skillets</W><W>(</W><W>fry</W><W>pans</W><W>)</W><W>I</W><W>own</W><W>,</W><W>I</W><W>just</W><W>heat</W><W>a</W><W>few</W><W>puddles</W><W>of</W><W>oil</W><W>until</W><W>they</W><W>smoke</W><W>,</W><W>add</W><W>the</W><W>food</W><W>to</W><W>the</W><W>pan</W><W>,</W><W>turn</W><W>down</W><W>the</W><W>heat</W><W>to</W><W>medium-high</W><W>(</W><W>gas</W><W>range</W><W>)</W><C><W>and</W></C><W>stand</W><W>back</W><W>to</W><W>watch</W><W>the</W><W>results</W><W>,</W><W>returning</W><W>now</W><C><W>and</W></C><W>then</W><W>to</W><W>stir</W><W>,</W><W>turn</W><C><cue ID="30" type="speculation"><W>or</W></cue></C><xcope ID="115"><ref ID="116" SRC="30"></ref><W>simply</W><W>admire</W><W>the</W><W>results</W></xcope><W>.</W></SENTENCE></P><P></P><P><SENTENCE><W>I</W><W>much</W><W>prefer</W><W>the</W><W>All-Clad</W><W>Stainless</W><W>Steel</W><W>Fry</W><W>Pans</W><W>to</W><W>my</W><W>non-stick</W><W>pans</W><W>for</W><W>sautéing</W><C><W>and</W></C><W>browning</W><W>because</W><W>the</W><W>difference</W><W>in</W><W>them</W><W>is</W><W>amazing</W><W>.</W></SENTENCE><SENTENCE><W>The</W><W>stainless</W><W>works</W><W>with</W><W>the</W><W>moisture</W><W>in</W><W>the</W><W>food</W><W>better</W><W>,</W><W>sealing</W><W>the</W><W>outside</W><W>of</W><W>the</W><W>food</W><C><W>and</W></C><W>steaming</W><W>away</W><W>excess</W><W>moisture</W><W>with</W><W>mouth-watering</W><W>results</W><W>.</W></SENTENCE><SENTENCE><W>Something</W><W>about</W><W>the</W><W>non-stick</W><W>pans</W><W>causes</W><W>the</W><W>same</W><W>foods</W><W>to</W><W>be</W><W>a</W><W>bit</W><W>more</W><W>dry</W><W>.</W></SENTENCE><SENTENCE><W>I</W><W>attribute</W><W>this</W><W>to</W><W>the</W><W>ability</W><W>of</W><W>the</W><W>stainless</W><W>surface</W><W>to</W><W>&#34;hold</W><W>&#34;</W><W>the</W><W>food</W><W>until</W><W>it</W><W>has</W><W>cooked</W><W>away</W><W>enough</W><W>moisture</W><W>to</W><W>&#34;let</W><W>go&#34;</W><W>,</W><W>while</W><W>with</W><W>non-stick</W><W>cookware</W><W>we</W><W>&#39;d</W><W>ask</W><W>for</W><W>a</W><W>refund</W><C><cue ID="31" type="speculation"><W>if</W></cue></C><xcope ID="117"><ref ID="120" SRC="31"></ref><W>the</W><W>pan</W><W>&#34;held</W><W>&#34;</W><W>the</W><W>food</W></xcope><W>.</W></SENTENCE><SENTENCE><W>I</W><W>reserve</W><W>the</W><W>non-stick</W><xcope ID="118"><ref ID="121" SRC="32"></ref><W>for</W><W>eggs</W><W>over-easy</W></xcope><C><cue ID="32" type="speculation"><W>or</W></cue></C><xcope ID="119"><ref ID="122" SRC="32"></ref><W>omelettes</W></xcope><W>.</W></SENTENCE></P><P></P><P><SENTENCE><W>The</W><W>&#34;</W><W>A&#34;</W><W>List</W><W>for</W><W>the</W><W>All-Clad</W><W>Stainless</W><W>Steel</W><W>Fry</W><W>Pans</W><W>includes</W><W>:</W></SENTENCE></P><P></P><P><SENTENCE><W></W><W>All-Clad</W><W>Lifetime</W><W>Warranty</W></SENTENCE></P><P></P><P><SENTENCE><W></W><W>Long</W><W>handle</W><W>for</W><W>easy</W><W>maneuvering</W><C><W>and</W></C><W>better</W><W>balance</W></SENTENCE></P><P></P><P><SENTENCE><W></W><W>Little</W><W>chance</W><W>of</W><W>burning/scorching</W><W>(unless</W><W>you</W><W>leave</W><W>the</W><W>pan</W><W>on</W><W>high</W><W>,</W><W>unattended</W><W>,</W><W>for</W><W>an</W><W>unreasonable</W><W>length</W><W>of</W><W>time</W><W>--</W><W>you</W><cue ID="33" type="speculation"><W>ca</W><W>n&#39;t</W></cue><C><cue ID="34" type="speculation"><W>expect</W></cue></C><xcope ID="123"><ref COMMENTS="" ID="125" SRC="33"></ref><W>miracles</W></xcope><W>,</W><W>even</W><W>from</W><W>miraculous</W><W>cookware</W><W>)</W></SENTENCE></P><P></P><P><SENTENCE><W></W><W>Cooking</W><W>performance</W><W>like</W><W>you</W><W>&#39;ve</W><C><cue ID="35" type="negation"><W>never</W></cue></C><xcope ID="126"><ref ID="131" SRC="35"></ref><W>experienced</W><W>before</W></xcope><W>.</W></SENTENCE><SENTENCE><C><cue ID="36" type="speculation"><W>If</W></cue></C><xcope ID="127"><ref ID="132" SRC="36"></ref><W>you</W><W>&#39;re</W><W>a</W><W>good</W><W>cook</W></xcope><W>,</W><W>All-Clad</W><W>Stainless</W><W>Steel</W><W>Fry</W><W>Pans</W><W>make</W><W>you</W><W>a</W><W>great</W><W>cook</W><W>,</W><C><W>and</W></C><W>you</W><W>&#39;ll</W><C><W>feel</W></C><W>the</W><W>difference</W><W>.</W></SENTENCE></P><P></P><P><SENTENCE><W></W><W>Looks</W><W>are</W><W>n&#39;t</W><W>everything</W><W>,</W><W>but</W><W>you</W><W>&#39;ll</W><W>see</W><W>looks</W><W>of</W><W>longing</W><W>by</W><W>others</W><W>toward</W><W>your</W><W>All-Clad</W><W>Stainless</W><W>Steel</W><W>Fry</W><W>Pans</W><W>as</W><W>they</W><W>note</W><W>the</W><W>gorgeous</W><W>,</W><W>stainless</W><W>sparkle</W><W>on</W><W>your</W><W>stove</W><W>top</W><W>,</W><xcope ID="130"><ref ID="135" SRC="37"></ref><W>hanging</W><W>from</W><W>hooks</W></xcope><W>,</W><C><cue ID="37" type="speculation"><W>or</W></cue></C><xcope ID="129"><ref ID="134" SRC="37"></ref><W>peeking</W><W>from</W><W>your</W><W>cabinets</W></xcope><W>(</W><C><cue ID="38" type="speculation"><W>if</W></cue></C><xcope ID="128"><ref ID="133" SRC="38"></ref><W>you</W><W>have</W><W>to</W><W>stow</W><W>them</W></xcope><W>,</W><W>as</W><W>I</W><W>do</W><W>)</W><W>.</W></SENTENCE></P><P></P><P><SENTENCE><W></W><W>Above-average</W><W>customer</W><W>service</W><W>for</W><W>questions</W><W>,</W><W>advice</W><C><W>and</W></C><W>where</W><W>to</W><W>purchase</W></SENTENCE></P><P></P><P><SENTENCE><W></W><W>Durability</W><W>far</W><W>beyond</W><W>what</W><W>you</W><W>&#39;ve</W><W>enjoyed</W><W>with</W><W>cookware</W><W>before</W><W>.</W></SENTENCE><SENTENCE><W>Your</W><W>All-Clad</W><W>Stainless</W><W>Steel</W><W>Fry</W><W>Pan</W><W>will</W><W>receive</W><W>some</W><W>battle</W><W>scars</W><W>(</W><W>generally</W><W>from</W><W>less-than</W><W>coordinated</W><W>moves</W><W>on</W><W>your</W><W>part</W><W>)</W><C><W>and</W></C><W>minor</W><W>surface</W><W>wear</W><W>(</W><W>mostly</W><W>on</W><W>the</W><W>bottom</W><W>from</W><W>cast-iron</W><W>gas</W><W>stove</W><W>grates</W><W>)</W></SENTENCE></P><P></P><P><SENTENCE><W>That</W><W>,</W><W>in</W><W>slightly-skewed</W><W>acrostic</W><W>form</W><W>,</W><W>is</W><W>ALL-CLAD.</W></SENTENCE><SENTENCE><W>Add</W><W>to</W><W>that</W><W>list</W><W>the</W><W>stay-cool</W><W>handles</W><C><W>and</W></C><W>how</W><C><cue ID="39" type="speculation"><W>can</W></cue></C><xcope ID="136"><ref ID="137" SRC="39"></ref><W>you</W><W>miss</W></xcope><W>?</W></SENTENCE></P><P></P><P><SENTENCE><W>All-Clad</W><W>Stainless</W><W>Steel</W><W>Fry</W><W>Pans</W><W>are</W><W>oven-safe</W><W>,</W><W>though</W><W>the</W><W>stay-cool</W><W>handles</W><W>will</W><W>get</W><W>hot</W><W>in</W><W>the</W><W>oven</W><W>.</W></SENTENCE><SENTENCE><C><W>Feel</W></C><W>free</W><W>to</W><W>brown</W><W>some</W><W>chicken</W><W>on</W><W>the</W><W>range</W><W>,</W><W>add</W><W>seasonings</W><W>and/or</W><W>sauces</W><C><W>and</W></C><W>pop</W><W>it</W><W>into</W><W>the</W><W>oven</W><W>--</W><W>all</W><W>in</W><W>the</W><W>same</W><W>pan</W><W>.</W></SENTENCE><SENTENCE><W>The</W><cue ID="40" type="negation"><W>&#34;do</W><W>n&#39;t</W></cue><xcope ID="139"><ref COMMENTS="" ID="142" SRC="40"></ref><W>wash</W><W>a</W><W>dish</W><W>by</W><W>hand</W><W>unless</W><xcope ID="140"><ref COMMENTS="" ID="141" SRC="41"></ref><W>you</W><W>have</W><W>to</W></xcope><W>(</W></xcope><C><cue ID="41" type="speculation"><W>or</W></cue></C><xcope ID="138"><ref ID="140" SRC="41"></ref><W>want</W><W>to</W></xcope><W>)</W><W>&#34;</W><W>motto</W><W>I</W><W>uphold</W><W>is</W><W>quite</W><W>satisfied</W><W>by</W><W>the</W><W>oven-safe</W><W>aspect</W><W>of</W><W>All-Clad</W><W>Stainless</W><W>Steel</W><W>Fry</W><W>Pans</W><W>.</W></SENTENCE><SENTENCE><W>One</W><W>pan</W><W>to</W><W>wash</W><W>!</W></SENTENCE></P><P></P><P><SENTENCE><W>The</W><W>&#34;</W><W>Clad</W><W>&#34;</W><W>in</W><W>All-Clad</W><W>Stainless</W><W>Steel</W><W>Fry</W><W>Pans</W></SENTENCE></P><P></P><P><SENTENCE><W>Aside</W><W>from</W><W>the</W><W>shock</W><W>of</W><W>the</W><W>price</W><W>tag</W><W>,</W><W>an</W><W>All-Clad</W><W>Stainless</W><W>Steel</W><W>Fry</W><W>Pan</W><W>will</W><W>do</W><W>nothing</W><W>but</W><W>please</W><W>you</W><W>,</W><W>both</W><W>in</W><W>its</W><W>attributes</W><W>related</W><W>to</W><W>your</W><W>cooking</W><C><W>and</W></C><W>in</W><W>its</W><W>ease</W><W>of</W><W>cleaning</W><W>.</W></SENTENCE></P><P></P><P><SENTENCE><W>Every</W><W>All-Clad</W><W>Stainless</W><W>Steel</W><W>Fry</W><W>Pan</W><W>,</W><C><cue ID="42" type="negation"><W>no</W></cue></C><xcope ID="143"><ref ID="144" SRC="42"></ref><W>matter</W><W>the</W><W>size</W></xcope><W>,</W><W>offers</W><W>these</W><W>things</W><W>:</W></SENTENCE></P><P></P><P><SENTENCE><W></W><W>an</W><W>aluminum</W><W>core</W><W>for</W><W>dependable</W><W>,</W><W>even</W><W>heating</W></SENTENCE></P><P></P><P><SENTENCE><W></W><W>stainless</W><W>steel</W><W>surrounding</W><W>the</W><W>aluminum</W><W>from</W><W>top</W><W>to</W><W>bottom</W><W>,</W><W>side</W><W>to</W><W>side</W><C><W>and</W></C><W>all</W><W>the</W><W>way</W><W>to</W><W>the</W><W>end</W><W>of</W><W>the</W><W>handle</W><W>.</W></SENTENCE><SENTENCE><C><cue ID="43" type="negation"><W>No</W></cue></C><xcope ID="145"><ref ID="148" SRC="43"></ref><W>fillers</W></xcope><W>,</W><C><cue ID="44" type="negation"><W>no</W></cue></C><xcope ID="146"><ref ID="147" SRC="44"></ref><W>coatings</W></xcope><W>,</W><W>just</W><W>SOLID</W><W>stainless</W><W>steel</W></SENTENCE></P><P></P><P><SENTENCE><W></W><W>highly</W><W>polished</W><W>finish</W><W>,</W><W>that</W><W>with</W><W>proper</W><W>care</W><W>will</W><W>look</W><W>pretty</W><W>much</W><W>like</W><W>the</W><W>day</W><W>you</W><W>bought</W><W>it</W><W>after</W><W>every</W><W>cleaning</W></SENTENCE></P><P></P><P><SENTENCE><W></W><C><cue ID="45" type="negation"><W>no</W></cue></C><xcope ID="149"><ref ID="154" SRC="45"></ref><W>gimmicks</W></xcope><W>,</W><C><cue ID="46" type="negation"><W>no</W></cue></C><xcope ID="150"><ref ID="153" SRC="46"></ref><W>teasers</W></xcope><W>,</W><C><cue ID="47" type="negation"><W>no</W></cue></C><xcope ID="151"><ref ID="152" SRC="47"></ref><W>empty</W><W>promises</W></xcope><W>--</W><W>just</W><W>good</W><W>,</W><W>solid</W><W>,</W><W>built-to-last</W><W>cookware</W></SENTENCE></P><P></P><P><SENTENCE><W>Another</W><W>solid</W><W>part</W><W>of</W><W>your</W><W>All-Clad</W><W>Stainless</W><W>Steel</W><W>Fry</W><W>Pan</W><W>is</W><W>the</W><W>customer</W><W>service</W><W>you</W><W>&#39;ll</W><W>find</W><W>via</W><W>e-mail</W><W>.</W></SENTENCE><SENTENCE><C><cue ID="48" type="negation"><W>No</W></cue></C><W>&#34;</W><xcope ID="155"><ref ID="156" SRC="48"></ref><W>canned</W><W>&#34;</W><W>answers</W></xcope><W>,</W><W>but</W><W>a</W><W>real</W><W>live</W><W>person</W><W>with</W><W>a</W><W>name</W><W>to</W><W>answer</W><W>your</W><W>questions</W><W>!</W></SENTENCE></P><P></P><P><SENTENCE><W>I</W><W>used</W><W>the</W><W>e-mail</W><W>service</W><W>about</W><W>5</W><W>hours</W><W>after</W><W>making</W><W>my</W><W>first</W><W>All-Clad</W><W>purchase</W><W>.</W><W>.</W><W>.</W></SENTENCE><SENTENCE><W>a</W><W>rainbow</W><C><W>appeared</W></C><W>on</W><W>the</W><W>All-Clad</W><W>Stainless</W><W>Steel</W><W>Fry</W><W>Pan</W><W>after</W><W>its</W><W>first</W><W>use</W><C><W>and</W></C><W>cleaning</W><W>.</W></SENTENCE><SENTENCE><W>A</W><W>rainbow</W><W>.</W><W>.</W><W>.</W></SENTENCE><SENTENCE><W>horror</W><W>of</W><W>horrors</W><W>!</W></SENTENCE><SENTENCE><C><W>And</W></C><W>I</W><W>have</W><W>felt</W><W>so</W><W>awed</W><W>by</W><W>them</W><W>before</W><W>this</W><W>unexpected</W><W>encounter</W><W>.</W></SENTENCE></P><P></P><P><SENTENCE><W>I</W><C><cue ID="49" type="speculation"><W>thought</W></cue></C><xcope ID="158"><ref ID="164" SRC="49"></ref><W>I</W><C><cue ID="50" type="speculation"><W>may</W></cue></C><xcope ID="157"><ref ID="163" SRC="50"></ref><W>have</W><W>used</W><W>something</W><W>out</W><W>of</W><W>the</W><W>ordinary</W><W>to</W><W>clean</W><W>it</W></xcope></xcope><W>(</W><W>Dawn</W><W>dish</W><W>liquid</W><C><W>and</W></C><W>a</W><W>dish</W><W>cloth</W><W>)</W><W>,</W><W>but</W><W>learned</W><W>,</W><W>through</W><W>the</W><W>quick</W><W>(</W><W>within</W><W>hours</W><W>)</W><W>customer</W><W>service</W><W>reply</W><W>,</W><W>that</W><W>the</W><W>&#34;rainbow</W><W>effect</W><W>&#34;</W><W>often</W><W>occurs</W><W>after</W><W>the</W><W>first</W><W>few</W><W>uses</W><C><W>and</W></C><W>then</W><cue ID="51" type="negation"><W>does</W><W>n&#39;t</W></cue><xcope ID="159"><ref COMMENTS="" ID="165" SRC="51"></ref><W>return</W></xcope><W>.</W></SENTENCE><SENTENCE><C><cue ID="52" type="speculation"><W>If</W></cue></C><xcope ID="160"><ref ID="166" SRC="52"></ref><W>it</W><W>&#39;s</W><W>that</W><W>unsightly</W><W>in</W><W>your</W><W>beholding</W><W>eyes</W></xcope><W>,</W><W>sprinkle</W><W>on</W><W>a</W><W>bit</W><W>of</W><W>Bar-Keeper</W><W>&#39;s</W><W>Friend</W><W>,</W><W>a</W><W>bit</W><W>of</W><W>water</W><C><W>and</W></C><W>polish</W><W>in</W><W>small</W><W>,</W><W>circular</W><W>motions</W><W>.</W><W>.</W><W>.</W></SENTENCE><SENTENCE><C><W>and</W></C><W>the</W><W>bloom</W><W>is</W><W>back</W><W>on</W><W>the</W><W>rose</W><W>!</W></SENTENCE></P><P></P><P><SENTENCE><W>That</W><W>has</W><W>been</W><W>my</W><W>worst</W><W>&#34;problem</W><W>&#34;</W><xcope ID="162"><ref ID="168" SRC="53"></ref><W>with</W><W>All-Clad</W><W>Stainless</W><W>Steel</W><W>Fry</W><W>Pans</W></xcope><C><cue ID="53" type="speculation"><W>or</W></cue></C><xcope ID="161"><ref ID="167" SRC="53"></ref><W>any</W><W>other</W><W>All-Clad</W><W>product</W></xcope><W>.</W></SENTENCE></P><P></P><P><SENTENCE><W>Stainless</W><W>Sanitation</W><W>,</W><W>Simply</W><W>Stated</W></SENTENCE></P><P></P><P><SENTENCE><W>Dishwasher</W><W>safe</W><W>?</W></SENTENCE><SENTENCE><W>Yes</W><W>,</W><W>but</W><W>I</W><cue ID="55" type="negation"><W>do</W><W>n&#39;t</W></cue><xcope ID="169"><ref COMMENTS="" ID="174" SRC="55"></ref><W>go</W><W>that</W><W>route</W></xcope><W>.</W></SENTENCE><SENTENCE><W>This</W><W>is</W><W>a</W><W>big</W><W>deal</W><W>,</W><W>as</W><W>I</W><W>abhor</W><W>doing</W><W>dishes</W><W>by</W><W>hand</W><W>.</W></SENTENCE><SENTENCE><W>In</W><W>the</W><W>case</W><W>of</W><W>cookware</W><W>,</W><W>I</W><W>want</W><W>to</W><W>be</W><W>sure</W><W>any</W><W>residue</W><W>comes</W><W>off</W><W>the</W><W>surface</W><W>,</W><W>including</W><W>grease</W><W>that</W><W>sometimes</W><cue ID="56" type="negation"><W>does</W><W>n&#39;t</W></cue><xcope ID="170"><ref COMMENTS="" ID="175" SRC="56"></ref><W>come</W><W>off</W><C><W>and</W></C><W>gets</W><W>baked</W><W>on</W><W>in</W><W>the</W><W>dishwasher</W></xcope><W>.</W></SENTENCE><SENTENCE><W>A</W><W>hand-washing</W><W>of</W><W>my</W><W>All-Clad</W><W>Stainless</W><W>Steel</W><W>Fry</W><W>Pans</W><W>wo</W><W>n&#39;t</W><W>kill</W><W>me</W><W>,</W><C><W>and</W></C><W>I</W><W>get</W><W>better</W><W>results</W><W>in</W><W>the</W><W>end</W><W>.</W></SENTENCE></P><P></P><P><SENTENCE><W>Regular</W><W>liquid</W><W>detergent</W><C><W>and</W></C><xcope ID="171"><ref ID="177" SRC="54"></ref><W>a</W><W>soft</W><W>cloth</W></xcope><C><cue ID="54" type="speculation"><W>or</W></cue></C><xcope ID="172"><ref ID="176" SRC="54"></ref><W>sponge</W></xcope><W>are</W><W>all</W><W>you</W><W>need</W><W>to</W><W>clean</W><W>the</W><W>All-Clad</W><W>Stainless</W><W>Steel</W><W>Fry</W><W>Pans</W><W>.</W><W>.</W><W>.</W></SENTENCE><SENTENCE><C><W>and</W></C><W>water</W><W>.</W></SENTENCE></P><P></P><P><SENTENCE><W>As</W><W>far</W><W>as</W><W>harsh</W><W>scrubbers</W><W>(</W><W>SOS</W><W>pads</W><W>,</W><W>Brillo</W><W>,</W><W>other</W><W>steel-based</W><W>cleaning</W><W>items</W><W>)</W><W>,</W><W>the</W><W>company</W><cue ID="57" type="negation"><W>does</W><W>n&#39;t</W></cue><xcope ID="173"><ref COMMENTS="" ID="178" SRC="57"></ref><W>recommend</W><W>using</W><W>them</W></xcope><W>,</W><C><W>and</W></C><W>I</W><W>avoid</W><W>them</W><W>anyway</W><W>.</W></SENTENCE><SENTENCE><C><cue ID="58" type="speculation"><W>Would</W></cue></C><xcope ID="200"><ref COMMENTS="" ID="201" SRC="58"></ref><W>you</W><W>use</W><W>one</W><W>of</W><W>these</W><W>things</W><W>to</W><W>wash</W><W>your</W><W>car</W></xcope><W>?</W></SENTENCE></P><P></P><P><SENTENCE><W>A</W><W>plastic</W><W>scrubbing</W><W>pad</W><W>works</W><W>well</W><W>,</W><C><W>and</W></C><W>Bar</W><W>Keeper</W><W>&#39;s</W><W>Friend</W><W>really</W><W>is</W><W>a</W><W>friend</W><W>,</W><C><W>and</W></C><W>to</W><W>many</W><W>other</W><W>products</W><W>besides</W><W>All-Clad</W><W>Stainless</W><W>Steel</W><W>Fry</W><W>Pans</W><W>!</W></SENTENCE></P><P></P><P><SENTENCE><cue ID="59" type="negation"><W>Do</W><W>n&#39;t</W></cue><xcope ID="179"><ref COMMENTS="" ID="184" SRC="59"></ref><W>Settle</W><W>for</W><W>Substitutes</W></xcope></SENTENCE></P><P></P><P><SENTENCE><C><cue ID="60" type="speculation"><W>If</W></cue></C><xcope ID="180"><ref ID="185" SRC="60"></ref><W>you</W><W>really</W><W>are</W><W>in</W><W>the</W><W>market</W><W>for</W><W>excellent</W><W>cookware</W></xcope><C><W>and</W></C><W>are</W><W>willing</W><W>to</W><C><cue ID="61" type="speculation"><W>either</W></cue></C><xcope ID="205"><ref COMMENTS="" ID="206" SRC="61"></ref><xcope ID="181"><ref COMMENTS="" ID="204" SRC="62"></ref><W>fork</W><W>over</W><W>the</W><W>cash</W><W>to</W><W>pay</W><W>full</W><W>price</W></xcope><C><cue ID="62" type="speculation"><W>or</W></cue></C><xcope ID="182"><ref COMMENTS="" ID="203" SRC="62"></ref><W>pay</W><W>a</W><W>bit</W><W>less</W><W>wait</W><W>for</W><W>a</W><W>great</W><W>sale</W></xcope><W>(</W><C><cue ID="63" type="speculation"><W>or</W></cue></C><xcope ID="183"><ref COMMENTS="" ID="202" SRC="63"></ref><W>a</W><W>lot</W><W>less</W><C><W>and</W></C><W>go</W><W>the</W><W>&#34;</W><W>seconds</W><W>&#34;</W><W>route</W></xcope></xcope><W>)</W><W>,</W><W>All-Clad</W><W>Stainless</W><W>Steel</W><W>Fry</W><W>Pans</W><W>make</W><W>a</W><W>wonderful</W><W>investment</W><W>.</W></SENTENCE></P><P></P><P><SENTENCE><W>Over</W><W>time</W><W>,</W><W>they</W><W>will</W><W>pay</W><W>for</W><W>themselves</W><W>in</W><W>the</W><W>more-than-palateable</W><W>results</W><W>you</W><W>get</W><W>from</W><W>them</W><W>.</W></SENTENCE><SENTENCE><W>I</W><C><cue ID="64" type="negation"><W>no</W></cue></C><xcope COMMENTS="" ID="195"><ref COMMENTS="" ID="196" SRC="64"></ref><W>longer</W><W>look</W><W>at</W><W>any</W><W>other</W><W>lines</W><W>of</W><W>stainless</W><W>steel</W><W>cookware</W></xcope><W>--</W><W>a</W><W>big</W><W>deal</W><W>for</W><W>a</W><W>bargain</W><W>shopper</W><W>such</W><W>as</W><W>myself</W><W>.</W></SENTENCE><SENTENCE><W>After</W><W>all</W><W>,</W><W>I</W><W>shop</W><W>at</W><W>flea</W><W>markets</W><W>,</W><W>do</W><W>n&#39;t</W><W>I</W><W>?</W></SENTENCE></P><P></P><P><SENTENCE><W>Read</W><W>some</W><W>,</W><W>rate</W><W>some</W><W>,</W><W>COMMENT</W><W>LOTS</W><W>!</W></SENTENCE></P></DOCUMENT>
