<?xml version="1.0" encoding="UTF-8"?>
<DOCUMENT><P></P><P><SENTENCE><W>October</W><W>is</W><W>national</W><W>popcorn</W><W>month</W><W>,</W><W>but</W><W>popcorn</W><W>rocks</W><W>year</W><W>round</W><W>.</W></SENTENCE><SENTENCE><W>My</W><W>family</W><W>ate</W><W>popcorn</W><W>all</W><W>the</W><W>time</W><W>when</W><W>I</W><W>was</W><W>growing</W><W>up</W><W>,</W><C><W>and</W></C><W>my</W><W>boys</W><C><W>and</W></C><W>I</W><W>continue</W><W>that</W><W>family</W><W>tradition</W><W>.</W></SENTENCE><SENTENCE><W>Over</W><W>the</W><W>years</W><W>,</W><W>Ive</W><W>used</W><C><W>and</W></C><W>owned</W><W>all</W><W>kinds</W><W>of</W><W>popcorn</W><W>contraptions</W><W>from</W><W>the</W><W>yellow</W><W>plastic</W><W>air</W><W>popper</W><W>to</W><W>the</W><W>metal</W><W>one</W><W>that</W><W>you</W><W>poke</W><W>in</W><W>the</W><W>fireplace</W><W>.</W></SENTENCE></P><P></P><P><SENTENCE><W>The</W><W>hands-down</W><W>BEST</W><W>popcorn</W><W>popper</W><W>is</W><W>Whirley</W><W>Pop</W><W>.</W></SENTENCE></P><P></P><P><SENTENCE><W>Taste</W><W>is</W><W>really</W><W>the</W><W>key</W><W>when</W><W>you</W><W>get</W><W>down</W><W>to</W><W>it</W><W>.</W></SENTENCE></P><P></P><P><SENTENCE><W>Although</W><W>microwave</W><W>popcorn</W><W>is</W><W>quick</W><C><W>and</W></C><W>easy</W><W>,</W><W>it</W><W>has</W><W>a</W><W>heavy</W><W>non-natural</W><W>taste</W><W>.</W></SENTENCE><SENTENCE><C><cue ID="0" type="speculation"><W>If</W></cue></C><xcope ID="3"><ref ID="7" SRC="0"></ref><W>you</W><W>look</W><W>inside</W><W>the</W><W>microwave</W><W>bag</W></xcope><C><W>and</W></C><W>see</W><W>the</W><W>sticky</W><W>mess</W><W>on</W><W>the</W><W>sides</W><W>of</W><W>the</W><W>bag</W><W>,</W><W>then</W><W>you</W><W>know</W><W>why</W><W>this</W><W>stuff</W><W>is</W><W>heavy</W><C><W>and</W></C><W>why</W><W>eating</W><W>a</W><W>lot</W><W>of</W><W>microwave</W><W>popcorn</W><W>will</W><W>make</W><W>you</W><W>heavy</W><W>too</W><W>.</W></SENTENCE></P><P></P><P><SENTENCE><W>Stovetop</W><C><W>and</W></C><W>old</W><W>metal</W><W>poppers</W><W>make</W><W>decent</W><W>popcorn</W><W>,</W><xcope ID="4"><ref ID="8" SRC="1"></ref><W>but</W><W>you</W><W>have</W><W>to</W><W>stay</W><W>on</W><W>top</W><W>of</W><W>things</W></xcope><C><cue ID="1" type="speculation"><W>or</W></cue></C><xcope ID="5"><ref ID="9" SRC="1"></ref><W>you</W><W>end</W><W>up</W><W>with</W><W>burned</W><W>corn</W></xcope><W>.</W></SENTENCE><SENTENCE><W>I</W><C><cue ID="2" type="speculation"><W>can</W></cue></C><xcope ID="6"><ref ID="10" SRC="2"></ref><W>make</W><W>a</W><W>good</W><W>pan</W><W>of</W><W>skillet</W><W>corn</W></xcope><W>,</W><W>but</W><W>it</W><W>takes</W><W>some</W><W>doing</W><W>.</W></SENTENCE></P><P></P><P><SENTENCE><cue ID="11" type="negation"><W>Dont</W></cue><xcope ID="15"><ref COMMENTS="" ID="19" SRC="11"></ref><W>even</W><W>get</W><W>me</W><W>started</W><W>on</W><W>the</W><W>air</W><W>poppers</W></xcope><W>.</W></SENTENCE><SENTENCE><W>That</W><W>stuff</W><C><cue ID="12" type="speculation"><W>should</W></cue></C><xcope ID="16"><ref ID="20" SRC="12"></ref><W>be</W><W>used</W><W>far</W><W>packing</W><W>boxes</W></xcope><W>.</W></SENTENCE><SENTENCE><W>My</W><W>review</W><W>of</W><W>the</W><W>Presto</W><W>is</W><W>at</W><W>www.epinions.com/content_40127532676</W><W>.</W></SENTENCE></P><P></P><P><SENTENCE><W>Whirley</W><W>Pop</W><W>has</W><W>that</W><W>soft</W><C><W>and</W></C><W>light</W><W>taste</W><W>that</W><W>you</W><W>find</W><W>in</W><W>some</W><W>old</W><W>movie</W><W>theatersthe</W><W>ones</W><W>where</W><W>they</W><W>measure</W><W>the</W><W>oil</W><C><W>and</W></C><W>buy</W><W>popcorn</W><W>in</W><W>bulk</W><W>bags</W><C><W>and</W></C><C><cue ID="13" type="negation"><W>not</W></cue></C><xcope ID="17"><ref ID="21" SRC="13"></ref><W>the</W><W>ones</W><W>that</W><W>have</W><W>handy</W><W>packages</W><W>loaded</W><W>with</W><W>butter</W><W>flavored</W><W>oil</W></xcope><W>.</W></SENTENCE><SENTENCE><W>The</W><W>combination</W><W>of</W><W>minimal</W><W>oil</W><C><W>and</W></C><W>high</W><W>heat</W><W>with</W><W>the</W><W>hand</W><W>crank</W><W>spinner</W><C><W>and</W></C><W>air</W><W>vents</W><W>mean</W><W>the</W><W>corn</W><W>pops</W><W>fast</W><C><W>and</W></C><W>fluffy</W><W>.</W></SENTENCE><SENTENCE><W>While</W><W>the</W><W>kernels</W><W>are</W><C><cue ID="14" type="negation"><W>not</W></cue></C><xcope ID="18"><ref ID="22" SRC="14"></ref><W>the</W><W>steroid</W><W>version</W><W>you</W><W>see</W><W>in</W><W>Orville</W><W>Redenbockers</W><W>bags</W></xcope><W>,</W><W>they</W><W>pop</W><W>big</W><W>for</W><W>real</W><W>corn</W><W>.</W></SENTENCE></P><P></P><P><SENTENCE><W>Although</W><W>I</W><W>like</W><W>plain</W><W>popcorn</W><W>best</W><W>,</W><W>you</W><C><cue ID="23" type="speculation"><W>can</W></cue></C><xcope ID="27"><ref ID="33" SRC="23"></ref><W>use</W><W>the</W><W>base</W><W>corn</W><W>from</W><W>Whirley</W><W>Pop</W><C><W>and</W></C><W>make</W><W>loads</W><W>of</W><W>variations</W></xcope><W>.</W></SENTENCE><SENTENCE><W>These</W><W>range</W><W>from</W><W>sprinkling</W><W>cheese</W><W>on</W><xcope ID="28"><ref ID="34" SRC="24"></ref><W>after</W><W>to</W><W>mixing</W><W>up</W><W>as</W><W>trail</W><W>mix</W></xcope><C><cue ID="24" type="speculation"><W>or</W></cue></C><xcope ID="29"><ref ID="35" SRC="24"></ref><W>baking</W><W>a</W><W>chocolate</W><W>popcorn</W><W>treat</W><W>in</W><W>the</W><W>oven</W></xcope><W>.</W></SENTENCE><SENTENCE><W>Microwave</W><C><W>and</W></C><W>air</W><W>popped</W><W>corn</W><cue ID="25" type="negation"><W>dont</W></cue><xcope ID="30"><ref COMMENTS="" ID="36" SRC="25"></ref><W>work</W><W>well</W><W>for</W><W>variations</W></xcope><W>.</W></SENTENCE><SENTENCE><xcope ID="31"><ref ID="37" SRC="26"></ref><W>Any</W><W>old</W><W>standard</W><W>popper</W></xcope><C><cue ID="26" type="speculation"><W>or</W></cue></C><xcope ID="32"><ref ID="38" SRC="26"></ref><W>stove</W><W>pan</W><W>with</W><W>lid</W><W>will</W><W>make</W><W>the</W><W>corn</W><W>for</W><W>recipes</W></xcope><W>,</W><W>but</W><W>Whirley</W><W>Pop</W><W>produces</W><W>better</W><W>corn</W><W>.</W></SENTENCE></P><P></P><P><SENTENCE><C><cue ID="39" type="speculation"><W>If</W></cue></C><xcope ID="41"><ref ID="43" SRC="39"></ref><W>you</W><W>like</W><W>to</W><W>play</W><W>around</W><W>with</W><W>your</W><W>popcorn</W></xcope><W>,</W><W>then</W><W>Whirley</W><W>Pop</W><W>includes</W><W>a</W><W>nice</W><W>recipe</W><W>booklet</W><W>.</W></SENTENCE><SENTENCE><W>They</W><W>also</W><W>have</W><W>a</W><W>website</W><W>with</W><W>free</W><W>recipes</W><W>at</W><W>www.popcornpopper.com</W><W>.</W></SENTENCE><SENTENCE><W>My</W><W>favorite</W><W>Halloween</W><W>project</W><W>using</W><W>popcorn</W><W>is</W><W>at</W><W>http</W><W>://www.epinions.com/content_2209390724</W></SENTENCE><SENTENCE><W>Halloween</W><W>Scary</W><W>Hands</W><W>are</W><W>easy</W><W>to</W><W>make</W><W>,</W><C><W>and</W></C><W>even</W><W>preschool</W><W>kids</W><C><cue ID="40" type="speculation"><W>can</W></cue></C><xcope ID="42"><ref COMMENTS="" ID="44" SRC="40"></ref><W>have</W><W>fun</W><W>with</W><W>this</W><W>easy</W><W>treat</W><W>for</W><W>ghoulies</W></xcope><W>.</W></SENTENCE></P><P></P><P><SENTENCE><W>Im</W><W>a</W><W>lazy</W><W>bum</W><W>.</W><W>.</W><W>.</W></SENTENCE></P><P></P><P><SENTENCE><W>There</W><W>are</W><W>so</W><W>many</W><W>options</W><W>for</W><W>making</W><W>popcorn</W><W>that</W><W>a</W><W>complex</W><W>popper</W><W>is</W><C><cue ID="45" type="negation"><W>not</W></cue></C><xcope ID="52"><ref ID="61" SRC="45"></ref><W>going</W><W>to</W><W>fly</W></xcope><W>.</W></SENTENCE><SENTENCE><C><cue ID="46" type="negation"><W>No</W></cue></C><xcope ID="53"><ref ID="62" SRC="46"></ref><W>one</W><W>will</W><W>slave</W><W>over</W><W>a</W><W>popper</W><W>when</W><W>those</W><W>microwave</W><W>bags</W><W>are</W><W>so</W><W>easy</W><W>to</W><W>use</W></xcope><W>.</W></SENTENCE></P><P></P><P><SENTENCE><cue ID="47" type="negation"><W>Dont</W></cue><xcope ID="54"><ref COMMENTS="" ID="63" SRC="47"></ref><W>worry</W></xcope><W>.</W></SENTENCE><SENTENCE><W>The</W><W>Whirley</W><W>Pop</W><W>is</W><W>quick</W><C><W>and</W></C><W>easy</W><W>.</W></SENTENCE><SENTENCE><W>In</W><W>fact</W><W>,</W><W>you</W><C><cue ID="48" type="speculation"><W>can</W></cue></C><xcope ID="64"><ref ID="65" SRC="48"></ref><W>make</W><W>popcorn</W><W>just</W><W>as</W><W>fast</W><W>with</W><W>the</W><W>Whirley</W><W>Pop</W></xcope><W>as</W><W>you</W><C><cue ID="49" type="speculation"><W>can</W></cue></C><xcope ID="55"><ref ID="66" SRC="49"></ref><W>with</W><W>the</W><W>microwave</W></xcope><W>(</W><C><cue ID="50" type="speculation"><W>if</W></cue></C><xcope ID="57"><ref ID="67" SRC="50"></ref><W>you</W><cue ID="51" type="negation"><W>dont</W></cue><xcope ID="56"><W>include</W><W>clean</W><W>up</W></xcope></xcope><W>)</W><W>.</W></SENTENCE><SENTENCE><W>The</W><W>time</W><W>runs</W><W>4</W><W>minutes</W><W>on</W><W>average</W><C><cue ID="59" type="speculation"><W>either</W></cue></C><xcope ID="60"><ref ID="68" SRC="59"></ref><W>way</W><W>you</W><W>go</W></xcope><W>.</W></SENTENCE></P><P></P><P><SENTENCE><W>Whirley</W><W>Gig</W><W>has</W><W>two</W><W>main</W><W>piecesthe</W><W>bucket</W><C><W>and</W></C><W>the</W><W>top</W><W>with</W><W>the</W><W>hand</W><W>crank</W><W>.</W></SENTENCE><SENTENCE><W>Put</W><W>2</W><W>tablespoons</W><W>of</W><W>oil</W><C><W>and</W></C><W>½</W><W>cup</W><W>of</W><W>popcorn</W><W>in</W><W>the</W><W>bucket</W><W>(</W><C><cue ID="69" type="speculation"><W>or</W></cue></C><xcope ID="71"><ref COMMENTS="" ID="73" SRC="69"></ref><W>buy</W><W>the</W><W>bagged</W><W>oil</W><C><W>and</W></C><W>corn</W><W>combos</W><C><W>and</W></C><W>pour</W><W>in</W></xcope><W>)</W><W>.</W></SENTENCE><SENTENCE><W>Snap</W><W>the</W><W>lid</W><W>on</W><W>.</W></SENTENCE><SENTENCE><W>It</W><W>has</W><W>two</W><W>snaps</W><W>that</W><W>click</W><W>on</W><W>easily</W><W>.</W></SENTENCE><SENTENCE><W>Put</W><W>the</W><W>contraption</W><W>on</W><W>the</W><W>stove</W><W>eye</W><W>turned</W><W>to</W><W>high</W><W>.</W></SENTENCE><SENTENCE><W>Slowly</W><W>crank</W><W>the</W><W>wooden</W><W>handle</W><W>,</W><W>which</W><W>is</W><W>kind</W><W>of</W><W>like</W><W>the</W><W>crank</W><W>on</W><W>an</W><W>old</W><W>ice</W><W>cream</W><W>bucket</W><W>.</W></SENTENCE><SENTENCE><W>The</W><W>handle</W><W>moves</W><W>the</W><W>whisk</W><W>inside</W><C><W>and</W></C><W>keeps</W><W>the</W><W>corn</W><W>moving</W><W>around</W><C><W>and</W></C><C><cue ID="70" type="negation"><W>not</W></cue></C><xcope ID="72"><ref COMMENTS="" ID="74" SRC="70"></ref><W>stuck</W><W>to</W><W>the</W><W>bottom</W><W>turning</W><W>black</W></xcope><W>.</W></SENTENCE><SENTENCE><W>Crank</W><W>faster</W><W>as</W><W>the</W><W>corn</W><W>starts</W><W>popping</W><W>.</W></SENTENCE><SENTENCE><W>When</W><W>the</W><W>popping</W><W>slows</W><W>down</W><W>,</W><W>take</W><W>the</W><W>pan</W><W>off</W><W>.</W></SENTENCE><SENTENCE><W>Open</W><W>the</W><W>flip</W><W>top</W><W>(</W><W>it</W><W>has</W><W>two</W><W>for</W><W>pouring</W><W>out</W><W>the</W><W>corn</W><W>)</W><W>.</W></SENTENCE></P><P></P><P><SENTENCE><W>You</W><W>have</W><W>a</W><W>perfect</W><W>bowl</W><W>of</W><W>popcorn</W><W>!</W></SENTENCE></P><P></P><P><SENTENCE><W>Another</W><W>good</W><W>thing</W><W>is</W><W>that</W><W>you</W><C><cue ID="75" type="speculation"><W>can</W></cue></C><xcope ID="79"><ref ID="82" SRC="75"></ref><W>half</W><W>the</W><W>portions</W><C><W>and</W></C><W>make</W><W>a</W><W>small</W><W>popper</W><W>of</W><W>corn</W></xcope><W>.</W></SENTENCE><SENTENCE><W>When</W><W>the</W><W>boys</W><W>are</W><W>visiting</W><W>the</W><W>grandparents</W><W>,</W><W>I</W><C><cue ID="76" type="speculation"><W>can</W></cue></C><xcope ID="80"><ref COMMENTS="" ID="83" SRC="76"></ref><W>still</W><W>make</W><W>popcorn</W></xcope><C><W>and</W></C><cue ID="77" type="negation"><W>dont</W></cue><xcope ID="81"><ref COMMENTS="" ID="84" SRC="77"></ref><W>end</W><W>up</W><W>eating</W><W>way</W><W>more</W><W>than</W><W>I</W><C><cue ID="78" type="speculation"><W>should</W></cue></C></xcope><W>.</W></SENTENCE></P><P></P><P><SENTENCE><W>Gee</W><W>.</W><W>.</W><W>.</W></SENTENCE><SENTENCE><W>that</W><W>was</W><W>fun</W><W>!</W></SENTENCE></P><P></P><P><SENTENCE><W>Sometimes</W><W>I</W><W>buy</W><W>those</W><W>little</W><W>metal</W><W>popcorn</W><W>pans</W><W>at</W><W>the</W><W>grocerythe</W><W>ones</W><W>that</W><W>grow</W><C><W>and</W></C><W>get</W><W>bigger</W><W>as</W><W>you</W><W>pop</W><W>the</W><W>corn</W><W>.</W></SENTENCE><SENTENCE><W>Whirley</W><W>Pop</W><W>is</W><W>fun</W><W>like</W><W>the</W><W>growing</W><W>corn</W><W>pans</W><W>,</W><W>but</W><W>it</W><W>s</W><W>less</W><W>expensive</W><W>to</W><W>use</W><W>the</W><W>Whirley</W><W>Pop</W><C><W>and</W></C><W>the</W><W>corn</W><W>tastes</W><W>better</W><W>.</W></SENTENCE></P><P></P><P><SENTENCE><W>Of</W><W>course</W><W>,</W><W>it</W><W>s</W><C><cue ID="85" type="negation"><W>not</W></cue></C><xcope ID="141"><ref COMMENTS="" ID="142" SRC="85"></ref><W>going</W><W>to</W><W>be</W><W>much</W><W>fun</W><C><cue ID="86" type="speculation"><W>if</W></cue></C><xcope ID="89"><ref ID="92" SRC="86"></ref><W>someone</W><W>gets</W><W>burned</W></xcope></xcope><W>.</W></SENTENCE><SENTENCE><W>Whirley</W><W>Pop</W><W>does</W><W>get</W><W>really</W><W>hot</W><W>to</W><W>produce</W><W>those</W><W>airy</W><W>kernels</W><W>.</W></SENTENCE><SENTENCE><W>The</W><W>wooden</W><W>handles</W><cue ID="87" type="negation"><W>dont</W></cue><xcope ID="90"><ref COMMENTS="" ID="93" SRC="87"></ref><W>get</W><W>hot</W></xcope><W>,</W><W>but</W><W>the</W><W>metal</W><W>does</W><W>get</W><W>really</W><W>hot</W><W>.</W></SENTENCE></P><P></P><P><SENTENCE><W>Kids</W><C><cue ID="94" type="speculation"><W>may</W></cue></C><xcope ID="144"><ref COMMENTS="" ID="146" SRC="94"></ref><C><cue ID="95" type="negation"><W>not</W></cue></C><xcope ID="143"><ref COMMENTS="" ID="145" SRC="95"></ref><W>remember</W><W>to</W><W>hold</W><W>ONLY</W><W>the</W><W>wooden</W><W>parts</W></xcope></xcope><W>.</W></SENTENCE><SENTENCE><W>We</W><W>get</W><W>around</W><W>that</W><W>here</W><W>by</W><W>wearing</W><W>oven</W><W>mitts</W><W>from</W><W>Wal-Mart</W><W>.</W></SENTENCE><SENTENCE><W>Those</W><W>go</W><W>way</W><W>up</W><W>on</W><W>Caleb</W><C><W>and</W></C><W>Elis</W><W>arms</W><C><W>and</W></C><W>protect</W><W>them</W><W>when</W><W>they</W><W>crank</W><W>.</W></SENTENCE><SENTENCE><W>I</W><W>handle</W><W>moving</W><C><W>and</W></C><W>pouring</W><W>,</W><W>but</W><W>the</W><W>boys</W><W>do</W><W>most</W><W>of</W><W>the</W><W>cranking</W><C><W>and</W></C><W>have</W><W>a</W><W>lot</W><W>of</W><W>fun</W><W>doing</W><W>that</W><W>.</W></SENTENCE><SENTENCE><W>I</W><C><cue ID="96" type="speculation"><W>would</W></cue></C><xcope ID="147"><ref COMMENTS="" ID="148" SRC="96"></ref><W>say</W><W>that</W><W>kids</W><W>from</W><W>ages</W><W>8</W><C><W>and</W></C><W>up</W><C><cue ID="97" type="speculation"><W>can</W></cue></C><xcope ID="100"><ref COMMENTS="" ID="104" SRC="97"></ref><W>crank</W><W>this</W><W>popper</W><W>with</W><W>mitts</W><C><W>and</W></C><W>supervision</W></xcope></xcope><W>.</W></SENTENCE></P><P></P><P><SENTENCE><W>The</W><W>clean</W><W>up</W><W>is</W><C><cue ID="105" type="negation"><W>no</W></cue></C><xcope ID="106"><ref ID="107" SRC="105"></ref><W>problem</W></xcope><W>.</W></SENTENCE></P><P></P><P><SENTENCE><W>Whirley</W><W>Pop</W><C><cue ID="108" type="speculation"><W>can</W></cue></C><xcope ID="112"><ref ID="116" SRC="108"></ref><W>go</W><W>in</W><W>the</W><W>dishwasher</W></xcope><W>,</W><W>but</W><W>I</W><cue ID="109" type="negation"><W>dont</W></cue><xcope ID="113"><ref COMMENTS="" ID="117" SRC="109"></ref><W>have</W><W>one</W></xcope><W>)-:</W><W>It</W><W>only</W><W>takes</W><W>a</W><W>few</W><W>seconds</W><W>to</W><W>hand-wash</W><W>the</W><W>popper</W><W>,</W><W>so</W><W>that</W><W>s</W><C><cue ID="110" type="negation"><W>not</W></cue></C><xcope ID="114"><ref ID="118" SRC="110"></ref><W>a</W><W>big</W><W>deal</W></xcope><W>.</W></SENTENCE><SENTENCE><W>The</W><W>corn</W><W>pops</W><W>fast</W><C><W>and</W></C><W>the</W><W>pan</W><W>comes</W><W>out</W><W>pretty</W><W>clean</W><W>.</W></SENTENCE><SENTENCE><W>Traces</W><W>of</W><W>oil</W><W>wipe</W><W>off</W><W>the</W><W>popper</W><W>,</W><W>which</W><cue ID="111" type="negation"><W>does</W><W>nt</W></cue><xcope ID="115"><ref COMMENTS="" ID="119" SRC="111"></ref><W>have</W><W>serious</W><W>cracks</W><C><W>and</W></C><W>crannies</W><W>requiring</W><W>serious</W><W>probing</W></xcope><W>.</W></SENTENCE></P><P></P><P><SENTENCE><W>I</W><C><cue ID="120" type="speculation"><W>would</W></cue></C><xcope ID="150"><ref COMMENTS="" ID="152" SRC="120"></ref><C><cue ID="121" type="speculation"><W>suggest</W></cue></C><xcope ID="149"><ref COMMENTS="" ID="151" SRC="121"></ref><W>Dawn</W><W>dish</W><W>liquid</W><W>,</W><W>which</W><W>cuts</W><W>that</W><W>oil</W></xcope></xcope><W>.</W></SENTENCE><SENTENCE><W>I</W><W>used</W><W>cheaper</W><W>dish</W><W>liquid</W><W>before</W><W>my</W><W>drain</W><W>stopped</W><W>up</W><W>.</W></SENTENCE><SENTENCE><W>The</W><W>plumber</W><W>said</W><W>to</W><W>use</W><W>Dawn</W><W>,</W><C><W>and</W></C><W>I</W><W>have</W><C><cue ID="122" type="negation"><W>not</W></cue></C><xcope ID="126"><ref COMMENTS="" ID="131" SRC="122"></ref><W>stopped</W><W>the</W><W>drain</W><W>up</W><W>since</W><W>I</W><W>switched</W></xcope><W>.</W></SENTENCE><SENTENCE><W>While</W><W>the</W><W>small</W><W>traces</W><W>of</W><W>oil</W><W>from</W><W>the</W><W>popper</W><cue ID="123" type="negation"><W>dont</W></cue><xcope ID="127"><ref COMMENTS="" ID="132" SRC="123"></ref><W>cause</W><W>a</W><W>problem</W></xcope><W>,</W><W>the</W><W>build</W><W>up</W><W>over</W><W>time</W><C><cue ID="124" type="speculation"><W>can</W></cue></C><xcope ID="128"><ref COMMENTS="" ID="133" SRC="124"></ref><W>plug</W><W>pipes</W><W>especially</W><W>in</W><W>a</W><W>southern</W><W>home</W><W>where</W><W>oil</W><W>is</W><W>almost</W><W>a</W><W>beverage</W></xcope><W>.</W></SENTENCE></P><P></P><P><SENTENCE><W>Im</W><W>saving</W><W>money</W><W>too</W><W>!</W></SENTENCE></P><P></P><P><SENTENCE><W>Microwave</W><W>popcorn</W><W>gets</W><W>expensive</W><W>over</W><W>time</W><W>.</W></SENTENCE><SENTENCE><W>Its</W><W>much</W><W>cheaper</W><W>to</W><W>pop</W><W>with</W><W>Whirley</W><W>Pop</W><W>.</W></SENTENCE><SENTENCE><W>You</W><C><cue ID="134" type="speculation"><W>can</W></cue></C><xcope ID="137"><ref COMMENTS="" ID="143" SRC="135"></ref><W>make</W><W>enough</W><W>popcorn</W><W>to</W><W>feed</W><W>the</W><W>whole</W><W>neighborhood</W></xcope><W>(</W><C><cue ID="135" type="speculation"><W>or</W></cue></C><xcope ID="138"><ref COMMENTS="" ID="142" SRC="135"></ref><W>to</W><W>last</W><W>a</W><W>good</W><W>long</W><W>time</W></xcope><W>)</W><W>for</W><W>a</W><W>couple</W><W>of</W><W>dollars</W><W>.</W></SENTENCE><SENTENCE><W>The</W><W>ready-to-pop</W><W>bags</W><W>for</W><W>Whirley</W><W>Pop</W><W>are</W><W>more</W><W>expensive</W><W>,</W><W>but</W><W>they</W><W>still</W><W>run</W><W>lower</W><W>than</W><W>the</W><W>microwave</W><W>bags</W><W>.</W></SENTENCE></P><P></P><P><SENTENCE><W>The</W><W>unit</W><W>costs</W><W>a</W><W>little</W><W>more</W><W>than</W><W>some</W><W>poppers</W><W>.</W></SENTENCE><SENTENCE><W>The</W><W>going</W><W>price</W><W>is</W><W>about</W><W>$</W><W>25.</W></SENTENCE><SENTENCE><xcope ID="140"><ref ID="145" SRC="136"></ref><W>A</W><W>standard</W><W>metal</W><W>popper</W></xcope><C><cue ID="136" type="speculation"><W>or</W></cue></C><xcope ID="139"><ref ID="144" SRC="136"></ref><W>the</W><W>air</W><W>popper</W><W>go</W><W>for</W><W>under</W><W>$</W><W>15.</W></xcope></SENTENCE><SENTENCE><W>Its</W><W>worth</W><W>the</W><W>slight</W><W>price</W><W>difference</W><W>for</W><W>the</W><W>better</W><W>corn</W><W>,</W><W>so</W><W>I</W><W>did</W><W>nt</W><W>mind</W><W>the</W><W>cost</W><W>.</W></SENTENCE><SENTENCE><W>I</W><W>bought</W><W>mine</W><W>at</W><W>Amazon</W><W>,</W><C><W>and</W></C><W>it</W><W>came</W><W>with</W><W>the</W><W>recipe</W><W>booklet</W><C><W>and</W></C><W>4</W><W>bags</W><W>of</W><W>the</W><W>ready-to-pop</W><W>corn</W><W>.</W></SENTENCE></P><P></P><P><SENTENCE><W>What</W><W>are</W><W>you</W><W>waiting</W><W>for</W><W>?</W></SENTENCE></P><P></P><P><SENTENCE><W>Whirley</W><W>Pop</W><W>is</W><W>terrific</W><W>!</W></SENTENCE><SENTENCE><W>It</W><W>makes</W><W>perfect</W><W>popcorn</W><W>every</W><W>time</W><W>.</W></SENTENCE><SENTENCE><W>We</W><W>have</W><W>fun</W><W>making</W><C><W>and</W></C><W>eating</W><W>this</W><W>popcorn</W><W>.</W></SENTENCE><SENTENCE><W>This</W><W>popper</W><W>is</W><W>on</W><W>my</W><W>list</W><W>of</W><W>great</W><W>presents</W><W>to</W><W>buy</W><W>for</W><W>family</W><C><W>and</W></C><W>friends</W><W>.</W></SENTENCE><SENTENCE><W>Actually</W><W>,</W><W>the</W><W>first</W><W>one</W><W>was</W><W>planned</W><W>as</W><W>a</W><W>gift</W><W>,</W><W>but</W><W>it</W><W>rained</W><W>.</W></SENTENCE><SENTENCE><W>The</W><W>boys</W><W>were</W><W>bored</W><C><W>and</W></C><W>hungry</W><W>,</W><W>so</W><W>we</W><W>claimed</W><W>the</W><W>Whirley</W><W>Pop</W><W>.</W></SENTENCE><SENTENCE><W>Now</W><W>,</W><W>it</W><W>s</W><W>our</W><W>favorite</W><W>,</W><C><W>and</W></C><W>well</W><W>have</W><W>to</W><W>buy</W><W>more</W><W>of</W><W>these</W><C><W>and</W></C><W>share</W><W>the</W><W>fun</W><W>.</W></SENTENCE></P></DOCUMENT>
