<?xml version="1.0" encoding="UTF-8"?>
<DOCUMENT><P></P><P><SENTENCE><W>I</W><W>got</W><W>this</W><W>popper</W><W>for</W><W>a</W><W>Christmas</W><W>gift</W><W>last</W><W>year</W><C><W>and</W></C><W>it</W><W>has</W><W>been</W><W>one</W><W>of</W><W>my</W><W>favorite</W><W>items</W><W>since</W><W>.</W></SENTENCE><SENTENCE><W>It</W><W>consists</W><W>of</W><W>an</W><W>aluminum</W><W>pan</W><W>with</W><W>a</W><W>snap</W><W>on</W><W>top</W><W>.</W></SENTENCE><SENTENCE><W>the</W><W>top</W><W>has</W><W>2</W><W>flaps</W><W>with</W><W>steam</W><W>vents</W><C><W>and</W></C><W>a</W><W>handle</W><W>.</W></SENTENCE><SENTENCE><W>The</W><W>handle</W><W>turns</W><W>a</W><W>stirrer</W><W>that</W><W>is</W><W>attached</W><W>to</W><W>the</W><W>bottom</W><W>of</W><W>the</W><W>lid</W><W>.</W></SENTENCE><SENTENCE><W>The</W><W>popper</W><C><cue COMMENTS="" ID="0" type="speculation"><W>if</W></cue></C><xcope COMMENTS="" ID="4"><ref COMMENTS="" ID="8" SRC="0"></ref><W>very</W><W>well</W><W>constructed</W></xcope><W>.</W></SENTENCE><SENTENCE><W>It</W><W>is</W><W>entirely</W><W>aluminum</W><W>,</W><W>feels</W><W>sturdy</W><C><W>and</W></C><W>cleans</W><W>up</W><W>very</W><W>easily</W><W>.</W></SENTENCE></P><P></P><P><SENTENCE><W>Flat</W><W>out</W><W>,</W><W>this</W><W>popcorn</W><W>popper</W><W>makes</W><W>some</W><W>of</W><W>the</W><W>best</W><W>popcorn</W><W>I</W><W>&#39;ve</W><W>had</W><W>.</W></SENTENCE><SENTENCE><W>It</W><W>comes</W><W>out</W><W>light</W><C><W>and</W></C><W>fluffy</W><W>,</W><C><W>and</W></C><W>very</W><W>tasty</W><W>.</W></SENTENCE><SENTENCE><W>Using</W><W>this</W><W>popper</W><W>I</W><C><cue COMMENTS="" ID="1" type="speculation"><W>can</W></cue></C><xcope COMMENTS="" ID="5"><ref COMMENTS="" ID="9" SRC="1"></ref><W>actually</W><W>make</W><W>popcorn</W><W>in</W><W>shorter</W><W>time</W><W>than</W><W>using</W><W>a</W><W>microwave</W></xcope><W>.</W></SENTENCE><SENTENCE><W>It</W><W>is</W><W>cheaper</W><W>,</W><W>better</W><W>tasting</W><C><W>and</W></C><W>faster</W><W>...what</W><W>are</W><W>you</W><W>waiting</W><W>for</W><W>!</W><W>!</W><W>Go</W><W>buy</W><W>one</W><W>right</W><W>now</W><W>.</W></SENTENCE></P><P></P><P><SENTENCE><W>I</W><W>got</W><W>mine</W><W>from</W><W>www.popcornpopper.com</W></SENTENCE><SENTENCE><W>along</W><W>with</W><W>some</W><W>of</W><W>their</W><W>gourmet</W><W>popcorn</W><C><W>and</W></C><W>real</W><W>theater</W><W>popping</W><W>oil</W><W>.</W></SENTENCE><SENTENCE><W>I</W><C><cue COMMENTS="" ID="2" type="speculation"><W>would</W></cue></C><xcope COMMENTS="" ID="7"><ref COMMENTS="" ID="11" SRC="2"></ref><W>highly</W><C><cue COMMENTS="" ID="3" type="speculation"><W>suggest</W></cue></C><xcope COMMENTS="" ID="6"><ref COMMENTS="" ID="10" SRC="3"></ref><W>these</W><W>items</W><W>to</W><W>go</W><W>along</W><W>with</W><W>the</W><W>popper</W></xcope></xcope></SENTENCE></P></DOCUMENT>
