<?xml version="1.0" encoding="UTF-8"?>
<DOCUMENT><P></P><P><SENTENCE><W>An</W><W>All-Clad</W><W>Stainless</W><W>Steel</W><W>Set</W><W>is</W><W>worth</W><W>its</W><W>weight</W><W>in</W><W>gold</W><W>,</W><C><W>and</W></C><W>though</W><W>you</W><C><cue ID="0" type="speculation"><W>might</W></cue></C><xcope ID="4"><ref ID="8" SRC="0"></ref><W>consider</W><W>it</W><W>about</W><W>as</W><W>costly</W></xcope><W>,</W><W>it</W><W>is</W><W>well</W><W>worth</W><W>the</W><W>investment</W><W>.</W></SENTENCE><SENTENCE><W>It</W><W>is</W><W>truly</W><W>a</W><W>&#34;guilty</W><W>pleasure</W><W>&#34;</W><W>when</W><W>considering</W><W>the</W><W>price</W><W>you</W><C><cue ID="1" type="speculation"><W>might</W></cue></C><xcope ID="5"><ref ID="9" SRC="1"></ref><W>pay</W><W>in</W><W>respect</W><W>to</W><W>the</W><W>delights</W><W>it</W><W>holds</W></xcope><W>,</W><W>once</W><W>you</W><W>get</W><W>it</W><W>out</W><W>of</W><W>the</W><W>box</W><C><W>and</W></C><W>onto</W><W>your</W><W>range</W><W>.</W></SENTENCE><SENTENCE><W>You</W><cue ID="2" type="negation"><W>do</W><W>n&#39;t</W></cue><xcope ID="6"><ref COMMENTS="" ID="10" SRC="2"></ref><W>have</W><W>to</W><W>take</W><W>a</W><W>chance</W><W>on</W><W>All-Clad</W></xcope><W>.</W></SENTENCE><SENTENCE><C><W>Instead</W></C><W>,</W><W>you</W><C><cue ID="3" type="speculation"><W>can</W></cue></C><xcope ID="7"><ref ID="11" SRC="3"></ref><W>put</W><W>trust</W><W>in</W><W>it</W><W>(</W><W>along</W><W>with</W><W>your</W><W>food</W><W>)</W><W>for</W><W>all</W><W>of</W><W>your</W><W>cooking</W><W>needs</W></xcope><W>.</W></SENTENCE></P><P></P><P><SENTENCE><W>Mismatched</W><W>,</W><W>Bargain</W><W>Basement</W><W>,</W><W>Re-Gifted</W><W>Cookware</W><W>Steels</W><W>Me</W><W>for</W><W>Making</W><W>a</W><W>Decision</W><W>(</W><C><W>and</W></C><W>a</W><W>&#34;</W><W>Going</W><W>out</W><W>of</W><W>Business</W><W>&#34;</W><W>Sale</W><W>Makes</W><W>It</W><W>Easier</W><W>)</W></SENTENCE></P><P></P><P><SENTENCE><W>I</W><W>began</W><W>my</W><W>kitchen</W><W>career</W><W>(</W><W>I</W><W>am</W><W>an</W><W>amateur</W><W>)</W><W>at</W><W>my</W><W>mother</W><W>&#39;s</W><W>elbow</W><W>.</W></SENTENCE><SENTENCE><W>I</W><W>admired</W><W>her</W><W>copper-bottomed</W><W>Revereware</W><W>from</W><W>my</W><W>earliest</W><W>recollections</W><W>,</W><C><W>and</W></C><cue ID="13" type="speculation"><W>hoped</W></cue><W>I</W><xcope COMMENTS="" ID="15"><ref COMMENTS="" ID="17" SRC="13"></ref><C><cue ID="12" type="speculation"><W>would</W></cue></C><xcope COMMENTS="" ID="14"><ref COMMENTS="" ID="16" SRC="12"></ref><W>have</W><W>a</W><W>set</W><W>of</W><W>it</W><W>one</W><W>day</W></xcope><W>.</W></xcope></SENTENCE><SENTENCE><W>It</W><W>looked</W><W>beautiful</W><W>,</W><C><W>and</W></C><W>my</W><W>mother</W><W>&#39;s</W><W>cooking</W><W>was</W><W>always</W><W>delicious</W><W>.</W></SENTENCE></P><P></P><P><SENTENCE><W>Well</W><W>,</W><W>now</W><W>I</W><W>know</W><W>my</W><W>mom</W><W>is</W><W>really</W><W>good</W><W>,</W><W>because</W><W>I</W><W>got</W><W>my</W><W>set</W><W>of</W><W>Revereware</W><W>(</W><W>from</W><W>her</W><C><W>and</W></C><W>Dad</W><W>as</W><W>a</W><W>wedding</W><W>gift</W><W>)</W><C><W>and</W></C><W>I</W><W>used</W><W>it</W><W>for</W><W>years</W><W>,</W><W>scraping</W><C><W>and</W></C><W>scrubbing</W><W>at</W><W>scorched</W><W>spots</W><W>,</W><W>soaking</W><C><W>and</W></C><W>slaving</W><W>over</W><W>baked-on</W><W>scraps</W><C><W>and</W></C><W>generally</W><W>wondering</W><W>how</W><W>she</W><W>managed</W><W>to</W><W>keep</W><W>her</W><W>cookware</W><W>looking</W><W>good</W><W>,</W><C><W>and</W></C><W>wondering</W><W>even</W><W>more</W><W>how</W><W>she</W><W>turned</W><W>out</W><W>great</W><W>food</W><W>.</W></SENTENCE></P><P></P><P><SENTENCE><W>I</W><W>supplemented</W><W>my</W><W>Revereware</W><W>with</W><W>odds</W><C><W>and</W></C><W>ends</W><W>from</W><W>sales</W><W>at</W><W>department</W><W>stores</W><C><W>and</W></C><W>sometimes</W><W>received</W><W>gifts</W><W>from</W><W>good-intentioned</W><W>givers</W><W>.</W><W>.</W><W>.</W></SENTENCE><SENTENCE><W>finding</W><W>a</W><W>card</W><W>in</W><W>the</W><W>wrappings</W><W>to</W><W>the</W><W>giver</W><W>from</W><W>someone</W><W>else</W><W>is</W><W>quite</W><W>an</W><W>interesting</W><W>occurrence</W><W>.</W></SENTENCE><SENTENCE><W>Nice</W><W>,</W><W>uh</W><W>.</W><W>.</W><W>.</W></SENTENCE><SENTENCE><C><W>thought</W></C><W>?</W></SENTENCE></P><P></P><P><SENTENCE><W>After</W><W>several</W><W>years</W><W>,</W><W>I</W><W>had</W><W>quite</W><W>an</W><W>eclectic</W><W>collection</W><W>,</W><C><cue COMMENTS="" ID="18" type="negation"><W>none</W></cue></C><xcope COMMENTS="" ID="23"><ref COMMENTS="" ID="27" SRC="18"></ref><W>of</W><W>which</W><W>I</W><C><cue COMMENTS="" ID="19" type="speculation"><W>could</W></cue></C><xcope COMMENTS="" ID="22"><ref COMMENTS="" ID="26" SRC="19"></ref><W>call</W><W>&#34;favorites</W></xcope></xcope><W>&#34;</W><W>.</W></SENTENCE><SENTENCE><W>I</W><W>tolerated</W><W>my</W><W>cookware</W><W>.</W></SENTENCE><SENTENCE><W>I</W><W>used</W><W>it</W><W>,</W><W>but</W><W>I</W><W>did</W><C><cue COMMENTS="" ID="20" type="negation"><W>not</W></cue></C><xcope COMMENTS="" ID="24"><ref COMMENTS="" ID="28" SRC="20"></ref><W>enjoy</W><W>it</W></xcope><W>.</W></SENTENCE><SENTENCE><C><cue COMMENTS="" ID="21" type="negation"><W>Not</W></cue></C><xcope COMMENTS="" ID="25"><ref COMMENTS="" ID="29" SRC="21"></ref><W>a</W><W>good</W><W>thing</W><W>for</W><W>someone</W><W>who</W><W>loves</W><W>to</W><W>cook</W></xcope><C><W>and</W></C><W>experiment</W><W>with</W><W>ingredients</W><C><W>and</W></C><W>recipes</W><W>.</W></SENTENCE></P><P></P><P><SENTENCE><W>How</W><W>All-Clad</W><W>Slipped</W><W>into</W><W>My</W><W>Cabinets</W></SENTENCE></P><P></P><P><SENTENCE><W>Okay</W><W>,</W><W>I</W><W>&#39;ll</W><W>admit</W><W>it</W><W>.</W></SENTENCE><SENTENCE><W>My</W><W>first</W><W>All-Clad</W><W>purchase</W><W>was</W><W>a</W><W>big</W><W>one</W><W>(</W><W>set-wise</W><W>)</W><W>.</W></SENTENCE><SENTENCE><W>A</W><W>local</W><W>kitchen</W><W>store</W><W>advertised</W><W>a</W><W>closing</W><W>sale</W><W>,</W><C><W>and</W></C><W>I</W><W>went</W><W>to</W><W>look</W><W>at</W><W>the</W><W>leftovers</W><W>.</W></SENTENCE></P><P></P><P><SENTENCE><W>Color</W><W>me</W><W>stainless</W><W>.</W><W>.</W><W>.</W></SENTENCE><SENTENCE><W>there</W><W>was</W><W>a</W><W>9-Piece</W><W>All-Clad</W><W>Stainless</W><W>set</W><W>sitting</W><W>in</W><W>a</W><W>corner</W><W>for</W><W>the</W><W>rock</W><W>bottom</W><W>price</W><W>of</W><W>$</W><W>275</W><W>.</W></SENTENCE><SENTENCE><W>At</W><W>the</W><W>time</W><W>,</W><W>I</W><W>knew</W><W>little</W><W>about</W><W>the</W><W>pricing</W><W>,</W><W>but</W><W>figured</W><W>this</W><W>was</W><W>a</W><W>pretty</W><W>good</W><W>deal</W><W>(</W><W>what</W><W>an</W><W>understatement</W><W>!</W><W>)</W><W>.</W></SENTENCE><SENTENCE><W>Turned</W><W>out</W><W>to</W><W>be</W><W>more</W><W>than</W><W>50</W><W>%</W><W>off</W><W>of</W><W>the</W><W>retail</W><W>price</W><W>.</W></SENTENCE><SENTENCE><W>It</W><W>&#39;s</W><W>always</W><W>nice</W><W>to</W><W>have</W><W>your</W><W>guilty</W><W>pleasure</W><W>at</W><W>cut-rate</W><W>cost</W><W>.</W></SENTENCE></P><P></P><P><SENTENCE><C><W>And</W></C><W>slip</W><W>into</W><W>my</W><W>cabinet</W><W>it</W><W>did</W><W>.</W></SENTENCE><SENTENCE><W>I</W><W>was</W><W>consumed</W><W>with</W><W>guilt</W><W>for</W><W>making</W><W>the</W><W>purchase</W><W>,</W><W>because</W><W>Husband</W><W>of</W><W>Mine</W><W>,</W><W>as</W><W>considerate</W><W>as</W><W>he</W><W>is</W><W>,</W><W>sees</W><C><cue COMMENTS="" ID="30" type="negation"><W>no</W></cue></C><xcope COMMENTS="" ID="35"><ref COMMENTS="" ID="40" SRC="30"></ref><W>logic</W><W>in</W><W>spending</W><W>hundreds</W><W>of</W><W>dollars</W><W>on</W><W>pots</W><C><W>and</W></C><W>pans</W></xcope><W>.</W></SENTENCE><SENTENCE><cue COMMENTS="" ID="31" type="negation"><W>Do</W><W>n&#39;t</W></cue><xcope COMMENTS="" ID="36"><ref COMMENTS="" ID="41" SRC="31"></ref><W>we</W><W>already</W><W>have</W><W>some</W></xcope><W>?</W></SENTENCE><SENTENCE><W>They</W><W>work</W><W>,</W><cue COMMENTS="" ID="32" type="negation"><W>do</W><W>n&#39;t</W></cue><xcope COMMENTS="" ID="37"><ref COMMENTS="" ID="42" SRC="32"></ref><W>they</W></xcope><W>?</W></SENTENCE><SENTENCE><W>Why</W><W>buy</W><W>new</W><W>ones</W><W>?</W></SENTENCE></P><P></P><P><SENTENCE><W>This</W><W>question</W><W>does</W><C><cue COMMENTS="" ID="33" type="negation"><W>not</W></cue></C><xcope COMMENTS="" ID="38"><ref COMMENTS="" ID="43" SRC="33"></ref><W>apply</W><W>in</W><W>reverse</W></xcope><W>,</W><W>when</W><C><W>implying</W></C><W>that</W><W>his</W><W>sports</W><W>card</W><W>collection</W><W>grows</W><W>in</W><W>leaps</W><C><W>and</W></C><W>bounds</W><C><W>and</W></C><cue COMMENTS="" ID="34" type="negation"><W>&#34;do</W><W>n&#39;t</W></cue><xcope COMMENTS="" ID="39"><ref COMMENTS="" ID="44" SRC="34"></ref><W>&#39;we</W><W>&#39;</W><W>already</W><W>have</W><W>one</W><W>of</W><W>that</W><W>guy</W></xcope><W>?</W><W>&#34;</W></SENTENCE><SENTENCE><W>The</W><W>same</W><W>rules</W><W>do</W><W>n&#39;t</W><W>apply</W><W>.</W></SENTENCE></P><P></P><P><SENTENCE><W>So</W><W>,</W><W>my</W><W>9-piece</W><W>set</W><W>of</W><W>All-Clad</W><W>remained</W><W>a</W><W>truly</W><W>hidden</W><W>guilty</W><W>pleasure</W><W>for</W><W>several</W><W>weeks</W><W>while</W><W>I</W><W>worked</W><W>up</W><W>the</W><W>courage</W><W>to</W><W>reveal</W><W>it</W><W>.</W></SENTENCE><SENTENCE><W>How</W><C><cue ID="45" type="speculation"><W>can</W></cue></C><xcope ID="52"><ref COMMENTS="" ID="56" SRC="45"></ref><W>it</W><W>be</W><W>a</W><W>guilty</W><W>pleasure</W></xcope><C><cue ID="46" type="speculation"><W>if</W></cue></C><xcope ID="51"><ref COMMENTS="" ID="58" SRC="46"></ref><W>you</W><cue ID="47" type="negation"><W>do</W><W>n&#39;t</W></cue><xcope ID="50"><ref COMMENTS="" ID="57" SRC="47"></ref><W>use</W><W>it</W></xcope></xcope><W>?</W></SENTENCE><SENTENCE><W>Heck</W><W>,</W><W>I</W><W>found</W><W>pleasure</W><W>in</W><W>simply</W><W>knowing</W><W>it</W><W>was</W><W>there</W><C><W>and</W></C><W>knowing</W><W>it</W><C><cue ID="48" type="speculation"><W>would</W></cue></C><xcope ID="53"><ref COMMENTS="" ID="59" SRC="48"></ref><W>make</W><W>a</W><W>difference</W><W>in</W><W>my</W><W>kitchen</W></xcope><W>.</W><W>.</W><W>.</W></SENTENCE><SENTENCE><W>also</W><W>,</W><xcope ID="54"><ref COMMENTS="" ID="60" SRC="49"></ref><W>I</W><W>removed</W><W>a</W><W>piece</W></xcope><C><cue ID="49" type="speculation"><W>or</W></cue></C><xcope ID="55"><ref COMMENTS="" ID="61" SRC="49"></ref><W>two</W><W>to</W><W>admire</W></xcope><C><W>and</W></C><W>&#34;practice</W><W>&#34;</W><W>while</W><W>the</W><W>&#34;</W><W>Cat</W><W>&#34;</W><W>was</W><W>away</W><W>.</W><W>.</W><W>.</W></SENTENCE></P><P></P><P><SENTENCE><W>Revealing</W><W>the</W><W>Objects/NNPS|VBZ</W><W>of</W><W>My</W><W>Guilt</W></SENTENCE></P><P></P><P><SENTENCE><W>I</W><W>admitted</W><W>my</W><W>guilt</W><W>under</W><W>the</W><W>guise</W><W>of</W><W>preparing</W><W>Husband</W><W>&#39;s</W><W>favorite</W><W>meal</W><W>on</W><W>our</W><W>gas</W><W>range</W><W>:</W><W>Chicken</W><W>Parmesan</W><W>.</W></SENTENCE></P><P></P><P><SENTENCE><W>The</W><C><W>idea</W></C><W>for</W><W>unveiling</W><W>my</W><W>guilty</W><W>pleasure</W><W>was</W><W>rather</W><W>last-minute</W><W>,</W><C><W>and</W></C><xcope ID="309"><ref COMMENTS="" ID="310" SRC="62"></ref><W>the</W><W>9-Piece</W><W>All-Clad</W><W>Stainless</W><W>set</W><W>just</W></xcope><C><cue ID="62" type="speculation"><W>seemed</W></cue></C><xcope ID="66"><ref ID="69" SRC="62"></ref><W>to</W><W>present</W><W>itself</W><W>in</W><W>filling</W><W>out</W><W>the</W><W>menu</W></xcope><W>.</W></SENTENCE><SENTENCE><W>I</W><W>made</W><W>use</W><W>of</W><W>every</W><W>single</W><W>one</W><W>of</W><W>the</W><W>nine</W><W>pieces</W><W>for</W><W>this</W><W>fabulous</W><W>dinner</W><W>,</W><C><W>and</W></C><W>it</W><W>was</W><W>fabulous</W><W>for</W><W>several</W><W>reasons</W><W>,</W><C><cue ID="63" type="negation"><W>not</W></cue></C><xcope ID="67"><ref ID="70" SRC="63"></ref><W>including</W><W>the</W><W>finished</W><W>product</W></xcope><W>,</W><W>which</W><W>I</W><W>&#39;ll</W><W>detail</W><W>as</W><W>I</W><W>go</W><W>along</W><W>.</W></SENTENCE></P><P></P><P><SENTENCE><W>I</W><W>turned</W><W>up</W><W>the</W><W>flame</W><W>under</W><W>the</W><W>10</W><W>&#34;</W><W>Fry</W><W>Pan</W><W>to</W><W>pan-fry</W><W>the</W><W>breaded</W><W>chicken</W><W>filets</W><W>for</W><W>this</W><W>dish</W><W>.</W></SENTENCE><SENTENCE><W>When</W><W>I</W><W>dropped</W><W>a</W><W>bit</W><W>of</W><W>water</W><W>into</W><W>the</W><W>pan</W><C><W>and</W></C><W>droplets</W><W>jumped</W><W>out</W><W>,</W><W>I</W><W>added</W><W>the</W><W>filets</W><C><W>and</W></C><W>watched</W><W>them</W><W>brown</W><W>nicely</W><W>,</W><W>evenly</W><C><W>and</W></C><W>expertly</W><W>.</W><W>.</W><W>.</W></SENTENCE><SENTENCE><W>all</W><W>I</W><W>had</W><W>to</W><W>do</W><W>was</W><W>turn</W><W>them</W><W>once</W><C><W>and</W></C><W>watch</W><W>.</W></SENTENCE><SENTENCE><W>I</W><cue ID="64" type="negation"><W>did</W><W>n&#39;t</W></cue><xcope ID="68"><ref ID="72" SRC="65"></ref><W>have</W><W>to</W><W>hang</W><W>onto</W><W>the</W><W>pan</W><W>handle</W><W>for</W><W>dear</W><W>life</W><W>to</W><W>turn</W><W>the</W><W>chicken</W><W>,</W></xcope><C><cue ID="65" type="negation"><W>either</W></cue></C><W>.</W></SENTENCE><SENTENCE><W>The</W><W>pan</W><W>&#34;let</W><W>go</W><W>&#34;</W><W>of</W><W>the</W><W>food</W><W>easily</W><W>(</W><W>pre-heating</W><W>helps</W><W>this</W><W>effect</W><W>--</W><W>better</W><W>than</W><W>non-stick</W><W>)</W><W>.</W></SENTENCE><SENTENCE><W>When</W><W>I</W><W>did</W><W>touch</W><W>the</W><W>handle</W><W>to</W><W>remove</W><W>the</W><W>pan</W><W>from</W><W>the</W><W>heat</W><W>it</W><W>was</W><W>still</W><W>room</W><W>temperature</W><W>,</W><W>after</W><W>almost</W><W>15</W><W>minutes</W><W>on</W><W>medium-high</W><W>heat</W><W>,</W><W>thanks</W><W>to</W><W>the</W><W>stay-cool</W><W>handle</W><W>.</W></SENTENCE></P><P></P><P><SENTENCE><W>Most</W><W>amazing</W><W>for</W><W>me</W><W>was</W><W>that</W><W>I</W><cue ID="73" type="negation"><W>did</W><W>n&#39;t</W></cue><xcope ID="76"><ref COMMENTS="" ID="78" SRC="73"></ref><W>have</W><W>to</W><W>promenade</W><W>the</W><W>chicken</W><W>around</W><W>the</W><W>pan</W><W>to</W><W>get</W><W>each</W><W>piece</W><W>cooked</W><W>evenly</W></xcope><C><cue ID="74" type="negation"><W>without</W></cue></C><xcope ID="77"><ref COMMENTS="" ID="79" SRC="74"></ref><W>one</W><W>browning</W><W>too</W><W>quickly</W></xcope><C><W>and</W></C><W>the</W><W>others</W><C><cue ID="75" type="negation"><W>not</W></cue></C><xcope COMMENTS="" ID="80"><ref COMMENTS="" ID="81" SRC="75"></ref><W>enough</W></xcope><W>.</W></SENTENCE><SENTENCE><W>I</W><W>&#39;m</W><W>surprised</W><W>I</W><W>remembered</W><W>to</W><W>continue</W><W>with</W><W>the</W><W>remaining</W><W>elements</W><W>of</W><W>the</W><W>meal</W><W>,</W><W>as</W><W>awed</W><W>as</W><W>I</W><W>was</W><W>with</W><W>this</W><W>experience</W><W>.</W></SENTENCE><SENTENCE><W>Into</W><W>the</W><W>oven</W><W>with</W><W>the</W><W>10</W><W>&#34;</W><W>Fry</W><W>Pan</W><W>to</W><W>keep</W><W>warm</W><W>(</W><W>All-Clad</W><W>stainless</W><W>is</W><W>oven-safe</W><W>,</W><W>lids</W><W>,</W><W>too!</W><W>)</W><W>.</W></SENTENCE></P><P></P><P><SENTENCE><W>A</W><W>few</W><W>servings</W><W>of</W><W>sugar</W><W>snap</W><W>peas</W><W>had</W><W>the</W><W>honor</W><W>of</W><W>simmering</W><W>for</W><W>several</W><W>minutes</W><W>in</W><W>the</W><W>2-Quart</W><W>Sauce</W><W>Pan</W><W>w/</W><W>Lid</W><W>,</W><W>before</W><W>being</W><W>slotted-spooned</W><W>away</W><W>to</W><W>a</W><W>serving</W><W>bowl</W><W>with</W><W>a</W><W>bit</W><W>of</W><W>butter</W><W>.</W></SENTENCE><SENTENCE><W>I</W><W>found</W><W>that</W><W>medium-low</W><W>heat</W><W>kept</W><W>the</W><W>water</W><W>at</W><W>a</W><W>simmer</W><W>,</W><W>just</W><W>on</W><W>this</W><W>side</W><W>of</W><W>boiling</W><W>.</W></SENTENCE></P><P></P><P><SENTENCE><W>The</W><W>3-Quart</W><W>Sauté</W><W>Pan</W><W>w/Lid</W><W>expertly</W><W>sautéed</W><W>onion</W><W>,</W><W>celery</W><W>,</W><W>green</W><W>pepper</W><C><W>and</W></C><W>garlic</W><W>for</W><W>the</W><W>thick</W><W>sauce</W><W>Husband</W><W>has</W><W>come</W><W>to</W><C><W>expect</W></C><W>with</W><W>this</W><W>meal</W><W>.</W></SENTENCE><SENTENCE><W>In</W><W>order</W><W>to</W><W>simmer</W><C><W>and</W></C><W>reduce</W><W>the</W><W>sauce</W><W>a</W><W>bit</W><W>,</W><W>knowing</W><W>I</W><W>was</W><W>on</W><W>the</W><W>clock</W><W>,</W><W>I</W><W>made</W><W>use</W><W>of</W><W>the</W><W>wide</W><W>,</W><W>flat</W><W>expanse</W><W>of</W><W>the</W><W>sauté</W><W>pan</W><W>rather</W><W>than</W><W>a</W><W>larger</W><W>pot</W><W>requiring</W><W>more</W><W>cooking</W><W>time</W><W>for</W><W>the</W><W>same</W><W>results</W><W>.</W></SENTENCE><SENTENCE><W>Larger</W><W>pan</W><W>,</W><W>more</W><W>heat</W><W>.</W></SENTENCE><SENTENCE><W>Right</W><W>?</W></SENTENCE><SENTENCE><W>Nope</W><W>.</W></SENTENCE><SENTENCE><W>The</W><W>sauce</W><W>simmered</W><W>nicely</W><W>,</W><W>uncovered</W><W>on</W><W>low</W><W>.</W></SENTENCE><SENTENCE><W>A</W><W>stir</W><W>now</W><C><W>and</W></C><W>then</W><W>was</W><W>all</W><W>the</W><W>work</W><W>.</W></SENTENCE><SENTENCE><C><cue ID="82" type="negation"><W>No</W></cue></C><xcope ID="87"><ref ID="91" SRC="82"></ref><W>scorching</W></xcope><W>,</W><C><cue ID="83" type="negation"><W>no</W></cue></C><xcope ID="88"><ref ID="92" SRC="83"></ref><W>hot</W><W>spots</W></xcope><W>,</W><W>just</W><W>thickening</W><W>sauce</W><W>.</W></SENTENCE></P><P></P><P><SENTENCE><W>I</W><W>had</W><W>the</W><W>pasta</W><W>water</W><W>on</W><W>to</W><W>boil</W><C><W>and</W></C><W>covered</W><W>until</W><W>just</W><W>before</W><W>serving</W><W>time</W><W>in</W><W>the</W><W>6-Quart</W><W>Stock</W><W>Pot</W><W>w/Lid</W><W>.</W></SENTENCE><SENTENCE><W>Ten</W><W>minutes</W><W>before</W><W>serving</W><W>dear</W><W>Husband</W><W>of</W><W>Mine</W><W>&#34;</W><W>The</W><W>Meal&#34;</W><W>,</W><W>I</W><W>popped</W><W>the</W><W>pasta</W><W>in</W><W>the</W><W>pot</W><C><W>and</W></C><W>let</W><W>it</W><W>roll</W><W>.</W><W>.</W><W>.</W><W>the</W><W>only</W><W>down</W><W>side</W><W>to</W><W>this</W><W>piece</W><W>of</W><W>equipment</W><W>is</W><W>that</W><W>I</W><W>did</W><C><cue ID="84" type="negation"><W>not</W></cue></C><xcope ID="89"><ref ID="93" SRC="84"></ref><W>have</W><W>a</W><W>pasta</W><W>insert</W></xcope><W>(</W><W>still</W><cue ID="85" type="negation"><W>do</W><W>n&#39;t</W></cue><W>.</W><W>.</W><W>.</W></SENTENCE><SENTENCE><cue ID="86" type="speculation"><W>maybe</W></cue><xcope ID="90"><ref COMMENTS="" ID="94" SRC="86"></ref><W>soon</W></xcope><W>?</W><W>)</W><W>!</W></SENTENCE></P><P></P><P><SENTENCE><W>Now</W><W>,</W><W>because</W><W>Husband</W><W>of</W><W>Mine</W><cue ID="95" type="negation"><W>is</W><W>n&#39;t</W></cue><xcope ID="99"><ref COMMENTS="" ID="100" SRC="95"></ref><W>always</W><W>the</W><W>most</W><W>observant</W><W>of</W><W>men</W></xcope><C><W>and</W></C><C><cue ID="96" type="speculation"><W>might</W></cue></C><xcope ID="320"><ref COMMENTS="" ID="322" SRC="96"></ref><C><cue ID="97" type="negation"><W>not</W></cue></C><xcope ID="319"><ref COMMENTS="" ID="321" SRC="97"></ref><W>notice</W><W>the</W><W>gleaming</W><W>All-Clad</W><W>on</W><W>the</W><W>stove</W><W>top</W><W>when</W><W>passing</W><W>through</W><W>the</W><W>kitchen</W><W>to</W><W>the</W><W>dining</W><W>room</W></xcope></xcope><W>,</W><W>I</W><W>made</W><W>use</W><W>of</W><W>the</W><W>3-Quart</W><W>Casserole</W><W>w/lid(</W><W>8</W><W>&#34;</W><W>X</W><W>3&#34;</W><W>)</W><W>on</W><W>this</W><W>occasion</W><W>as</W><W>a</W><W>serving</W><W>piece</W><W>--</W><W>layering</W><W>pasta</W><W>,</W><W>sauce</W><W>,</W><W>chicken</W><C><W>and</W></C><W>cheese</W><W>in</W><W>it</W><W>,</W><W>placing</W><W>the</W><W>lid</W><W>on</W><C><W>and</W></C><W>delivering</W><W>it</W><W>to</W><W>the</W><W>table</W><W>as</W><W>a</W><W>functional</W><W>centerpiece</W><W>.</W></SENTENCE><SENTENCE><W>Also</W><W>,</W><W>I</W><W>needed</W><W>a</W><W>&#34;</W><W>story-starter</W><W>&#34;</W><W>to</W><W>introduce</W><W>the</W><W>newest</W><W>additions</W><W>to</W><W>our</W><W>family</W><W>.</W></SENTENCE></P><P></P><P><SENTENCE><W>You</W><W>Said</W><W>a</W><W>Mouthful</W></SENTENCE></P><P></P><P><SENTENCE><W>Well</W><W>,</W><W>dear</W><W>Husband</W><W>made</W><W>his</W><W>way</W><W>to</W><W>the</W><W>table</W><W>,</W><W>sat</W><W>,</W><C><W>and</W></C><W>looked</W><W>over</W><W>the</W><W>offering</W><W>before</W><W>him</W><W>.</W></SENTENCE><SENTENCE><W>I</W><W>,</W><W>opposite</W><W>him</W><C><W>and</W></C><W>nervous</W><W>,</W><W>yet</W><W>giddy</W><W>with</W><W>my</W><W>newfound</W><W>&#34;</W><W>Superb</W><W>,</W><W>Efficient</W><W>,</W><W>Conspicuous</W><W>Restaurant</W><W>Equipment</W><W>Treasury</W><W>&#34;</W><W>(</W><W>SECRET</W><W>,</W><W>for</W><W>short</W><W>)</W><W>,</W><W>gazed</W><W>hopefully</W><W>at</W><W>him</W><W>.</W><W>.</W><W>.</W></SENTENCE></P><P></P><P><SENTENCE><W>Nothing</W><W>.</W></SENTENCE></P><P></P><P><SENTENCE><W>I</W><W>removed</W><W>the</W><W>lid</W><W>from</W><W>the</W><W>casserole</W><W>.</W><W>.</W><W>.</W><W>the</W><W>shining</W><W>,</W><W>stainless</W><W>,</W><W>brand-new</W><W>All-Clad</W><W>casserole</W><W>,</W><W>adding</W><W>a</W><W>flourish</W><C><W>and</W></C><W>cocking</W><W>the</W><W>lid</W><W>against</W><W>the</W><W>salt</W><C><W>and</W></C><W>pepper</W><W>shakers</W><W>so</W><W>that</W><W>my</W><W>mate</W><C><cue ID="103" type="speculation"><W>could</W></cue></C><xcope ID="323"><ref COMMENTS="" ID="324" SRC="103"></ref><W>see</W><W>his</W><W>reflection</W><W>in</W><W>it</W><C><cue ID="104" type="speculation"><W>if</W></cue></C><xcope ID="106"><ref ID="108" SRC="104"></ref><W>he</W><W>so</W><W>desired</W></xcope></xcope><W>.</W></SENTENCE></P><P></P><P><SENTENCE><W>Still</W><W>nothing</W><W>.</W></SENTENCE></P><P></P><P><SENTENCE><W>We</W><W>went</W><W>about</W><W>filling</W><W>our</W><W>plates</W><C><W>and</W></C><W>I</W><W>tried</W><W>to</W><W>be</W><W>nonchalant</W><W>.</W></SENTENCE><SENTENCE><W>Clearly</W><W>I</W><W>pulled</W><W>it</W><W>off</W><W>,</W><W>because</W><W>aside</W><W>from</W><W>a</W><W>comment</W><W>about</W><W>how</W><W>much</W><W>he</W><W>enjoys</W><W>Chicken</W><W>Parmesan</W><W>,</W><xcope ID="311"><ref COMMENTS="" ID="312" SRC="109"></ref><W>Husband</W><W>of</W><W>Mine</W></xcope><C><cue ID="109" type="speculation"><W>seemed</W></cue></C><xcope ID="308"><ref COMMENTS="" ID="310" SRC="109"></ref><C><cue ID="110" type="negation"><W>not</W></cue></C><xcope ID="307"><ref COMMENTS="" ID="309" SRC="110"></ref><W>to</W><W>notice</W><W>a</W><W>thing</W></xcope></xcope><C><W>and</W></C><W>was</W><W>his</W><W>usual</W><W>silent</W><W>self</W><W>.</W></SENTENCE></P><P></P><P><SENTENCE><W>Toward</W><W>the</W><W>last</W><W>few</W><W>bites</W><W>,</W><W>he</W><W>did</W><W>say</W><W>,</W><W>&#34;</W><W>This</W><W>is</W><W>really</W><W>good</W><W>.</W></SENTENCE><SENTENCE><C><W>And</W></C><W>it</W><W>&#39;s</W><W>always</W><W>good</W><W>.</W><W>.</W></SENTENCE><SENTENCE><W>but</W><W>this</W><W>is</W><W>better</W><W>.</W><W>&#34;</W></SENTENCE></P><P></P><P><SENTENCE><W>That</W><W>&#39;s</W><W>all</W><W>I</W><W>needed</W><W>to</W><W>hear</W><W>.</W></SENTENCE></P><P></P><P><SENTENCE><W>How</W><W>Much</W><W>Did</W><W>We</W><W>Save</W><W>?</W></SENTENCE></P><P></P><P><SENTENCE><W>Weeks</W><W>later</W><W>--</W><W>months</W><W>,</W><W>actually</W><W>,</W><W>after</W><W>enjoying</W><W>the</W><W>company</W><W>of</W><W>my</W><W>9-Piece</W><W>All-Clad</W><W>Stainless</W><W>set</W><W>in</W><W>the</W><W>kitchen</W><W>,</W><W>turning</W><W>out</W><W>better-than-before</W><W>versions</W><W>of</W><W>everything</W><W>in</W><W>my</W><W>repertoire</W><C><cue ID="114" type="negation"><W>not</W></cue></C><xcope ID="115"><ref ID="116" SRC="114"></ref><W>only</W><W>easier</W></xcope><W>but</W><W>with</W><W>a</W><W>completely</W><W>different</W><C><W>and</W></C><W>more</W><W>controlled</W><C><W>feel</W></C><W>in</W><W>the</W><W>process</W><W>,</W><W>Husband</W><W>noticed</W><W>the</W><W>3-Quart</W><W>Sauté</W><W>Pan</W><W>w/Lid</W><W>.</W></SENTENCE></P><P></P><P><SENTENCE><W>He</W><W>walked</W><W>into</W><W>the</W><W>kitchen</W><W>as</W><W>I</W><W>put</W><W>together</W><W>my</W><W>&#34;</W><W>Saturday</W><W>Scramblette</W><W>&#34;</W><W>(</W><W>it</W><W>changes</W><W>names</W><W>,</W><W>depending</W><W>on</W><W>the</W><W>day</W><W>of</W><W>the</W><W>week</W><W>)</W><W>,</W><W>stopped</W><W>in</W><W>his</W><W>tracks</W><C><W>and</W></C><W>said</W><W>,</W></SENTENCE></P><P></P><P><SENTENCE><W>&#34;</W><W>When</W><W>did</W><W>we</W><W>get</W><W>that</W><W>?</W><W>&#34;</W></SENTENCE><SENTENCE><W>casting</W><W>a</W><W>wary</W><W>eye</W><W>on</W><W>the</W><W>sauté</W><W>pan</W><W>.</W></SENTENCE></P><P></P><P><SENTENCE><W>&#34;</W><W>Months</W><W>ago</W><W>,</W><W>&#34;</W><W>I</W><W>replied</W><W>innocently</W><W>.</W></SENTENCE></P><P></P><P><SENTENCE><W>&#34;</W><W>Oh</W><W>.</W></SENTENCE><SENTENCE><W>How</W><W>much</W><W>did</W><W>we</W><W>save</W><W>on</W><W>this</W><W>particular</W><W>purchase</W><W>?</W><W>&#34;</W><W>he</W><W>returned</W><W>,</W><W>a</W><W>little</W><W>snidely</W><W>.</W></SENTENCE></P><P></P><P><SENTENCE><W>I</W><W>told</W><W>a</W><W>partial</W><W>truth</W><W>,</W><W>&#34;</W><W>A</W><W>little</W><W>less</W><W>than</W><W>$</W><W>300</W><W>.</W><W>&#34;</W></SENTENCE></P><P></P><P><SENTENCE><W>He</W><W>continued</W><W>on</W><W>his</W><W>way</W><W>,</W><C><W>and</W></C><C><cue ID="117" type="negation"><W>never</W></cue></C><xcope ID="128"><ref COMMENTS="" ID="138" SRC="117"></ref><W>asked</W><W>again</W></xcope><W>.</W></SENTENCE><SENTENCE><W>I</W><C><cue ID="118" type="speculation"><W>either</W></cue></C><xcope ID="129"><ref COMMENTS="" ID="295" SRC="118"></ref><W>confused</W><W>him</W></xcope><C><cue ID="119" type="speculation"><W>or</W></cue></C><xcope ID="130"><ref COMMENTS="" ID="296" SRC="118"></ref><W>impressed</W><W>him</W></xcope><W>.</W></SENTENCE><SENTENCE><C><cue ID="120" type="speculation"><W>If</W></cue></C><W>I</W><xcope ID="131"><ref COMMENTS="" ID="143" SRC="120"></ref><W>want</W><W>to</W><W>know</W><W>which</W></xcope><W>,</W><W>I</W><W>&#39;ll</W><W>have</W><W>to</W><W>divulge</W><W>my</W><W>SECRET</W><W>to</W><W>him</W><W>,</W><C><W>and</W></C><W>I</W><cue ID="121" type="negation"><W>wo</W><W>n&#39;t</W></cue><xcope ID="132"><ref COMMENTS="" ID="144" SRC="121"></ref><W>have</W><W>this</W><W>guilty</W><W>pleasure</W><W>to</W><W>hold</W><W>dear</W><W>any</W><W>longer</W></xcope><W>.</W></SENTENCE></P><P></P><P><SENTENCE><W>I</W><W>&#39;ll</W><W>Let</W><W>You</W><W>in</W><W>On</W><W>the</W><W>SECRET</W></SENTENCE></P><P></P><P><SENTENCE><W>All-Clad</W><W>stainless</W><W>steel</W><W>cookware</W><W>is</W><W>many</W><W>things</W><W>in</W><W>the</W><W>kitchen</W><W>:</W><W>solid</W><W>,</W><W>high-performance</W><W>,</W><W>sturdy</W><W>,</W><W>oven-proof</W><W>,</W><W>versatile</W><W>,</W><C><W>and</W></C><W>beautiful</W><W>.</W></SENTENCE><SENTENCE><W>Hide</W><W>it</W><C><cue ID="122" type="speculation"><W>if</W></cue></C><xcope ID="305"><ref COMMENTS="" ID="306" SRC="122"></ref><xcope ID="133"><ref COMMENTS="" ID="147" SRC="123"></ref><W>you</W><W>have</W><W>to</W></xcope><C><cue ID="123" type="speculation"><W>or</W></cue></C><xcope ID="134"><ref COMMENTS="" ID="146" SRC="123"></ref><W>hang</W><W>it</W><W>on</W><W>a</W><W>rack</W><W>for</W><W>all</W><W>to</W><W>see</W></xcope></xcope><W>--</W><W>which</W><W>I</W><C><cue ID="124" type="speculation"><W>would</W></cue></C><C><cue ID="125" type="speculation"><W>if</W></cue></C><xcope ID="297"><ref COMMENTS="" ID="298" SRC="125"></ref><W>my</W><W>long</W><W>,</W><W>narrow</W><W>kitchen</W><C><cue ID="126" type="speculation"><W>would</W></cue></C><xcope ID="136"><ref COMMENTS="" ID="150" SRC="126"></ref><W>allow</W><W>it</W></xcope></xcope><W>.</W></SENTENCE><SENTENCE><W>We</W><W>&#39;re</W><W>planning</W><W>to</W><W>remodel</W><W>one</W><W>of</W><W>these</W><W>days</W><W>.</W><W>.</W><W>.</W></SENTENCE><SENTENCE><W>I</W><W>wonder</W><C><cue ID="127" type="speculation"><W>if</W></cue></C><xcope ID="137"><ref COMMENTS="" ID="151" SRC="127"></ref><W>local</W><W>contractors</W><W>have</W><W>ever</W><W>planned</W><W>kitchens</W><W>around</W><W>cookware</W><W>before</W></xcope><W>?</W></SENTENCE></P><P></P><P><SENTENCE><W>Each</W><W>piece</W><W>of</W><W>All-Clad</W><W>comes</W><W>with</W><W>a</W><W>lifetime</W><W>warranty</W><W>against</W><W>manufacturer</W><W>&#39;s</W><W>defects</W><W>.</W></SENTENCE><SENTENCE><W>I</W><W>have</W><C><cue COMMENTS="" ID="152" type="negation"><W>not</W></cue></C><xcope ID="156"><ref ID="161" SRC="152"></ref><W>had</W><W>to</W><W>make</W><W>use</W><W>of</W><W>the</W><W>warranty</W></xcope><W>,</W><C><W>and</W></C><cue ID="153" type="negation"><W>ca</W><W>n&#39;t</W></cue><xcope ID="157"><ref COMMENTS="" ID="162" SRC="153"></ref><W>imagine</W><W>needing</W><W>to</W><W>do</W><W>so</W></xcope><W>.</W></SENTENCE></P><P></P><P><SENTENCE><W>The</W><W>stay-cool</W><W>(</W><C><W>and</W></C><W>they</W><W>do</W><W>stay</W><W>cool</W><W>on</W><W>the</W><W>stove</W><W>top</W><W>)</W><W>handles</W><W>are</W><W>double-riveted</W><W>to</W><W>the</W><W>sides</W><W>of</W><W>each</W><W>piece</W><W>,</W><W>as</W><W>are</W><W>handles</W><W>on</W><W>the</W><W>lids</W><W>,</W><C><W>and</W></C><xcope ID="159"><ref COMMENTS="" ID="163" SRC="154"></ref><W>each</W><W>piece</W></xcope><W>(</W><W>pot</W><W>,</W><W>skillet</W><C><cue ID="154" type="speculation"><W>or</W></cue></C><xcope ID="158"><ref ID="164" SRC="154"></ref><W>pan</W></xcope><W>--</W><W>any</W><W>piece</W><W>that</W><C><cue ID="155" type="speculation"><W>may</W></cue></C><xcope ID="160"><ref ID="165" SRC="155"></ref><W>rest</W><W>on</W><W>a</W><W>heat</W><W>source</W></xcope><W>)</W><W>is</W><W>of</W><W>three-ply</W><W>construction</W><W>:</W><W>a</W><W>core</W><W>of</W><W>aluminum</W><W>(</W><W>to</W><W>conduct</W><W>even</W><W>,</W><W>lasting</W><W>heat</W><W>)</W><W>coated</W><W>on</W><W>both</W><W>sides</W><W>by</W><W>polished</W><W>stainless</W><W>steel</W><W>for</W><W>beauty</W><W>,</W><W>ease</W><W>of</W><W>cleaning</W><C><W>and</W></C><W>non-reactivity</W><W>with</W><W>all</W><W>foods</W><W>.</W></SENTENCE><SENTENCE><W>Everything</W><W>about</W><W>this</W><W>cookware</W><W>says</W><W>&#34;</W><W>solid</W><W>&#34;</W><W>.</W></SENTENCE><SENTENCE><C><W>And</W></C><W>the</W><W>lids</W><W>(</W><W>one</W><W>for</W><W>each</W><W>pot</W><C><W>and</W></C><W>pan</W><C><W>except</W></C><W>for</W><W>the</W><W>10</W><W>&#34;</W><W>skillet</W><W>in</W><W>this</W><W>set</W><W>)</W><W>are</W><W>made</W><W>of</W><W>solid</W><W>stainless</W><W>steel</W><W>,</W><W>too</W><W>.</W></SENTENCE><SENTENCE><W>Great</W><W>stuff</W><W>,</W><W>All-Clad</W><W>.</W></SENTENCE></P><P></P><P><SENTENCE><C><W>And</W></C><W>when</W><W>you</W><W>lift</W><W>a</W><W>piece</W><W>of</W><W>it</W><W>,</W><W>you</W><W>&#39;ll</W><W>know</W><W>it</W><W>.</W></SENTENCE><SENTENCE><W>The</W><W>long</W><W>,</W><W>angled</W><W>handles</W><W>of</W><W>the</W><W>All-Clad</W><W>sauce</W><W>pan</W><C><W>and</W></C><W>sauté</W><W>pan</W><W>balance</W><W>perfectly</W><W>with</W><W>the</W><W>weight</W><W>of</W><W>the</W><W>pans</W><W>themselves</W><W>.</W></SENTENCE><SENTENCE><W>This</W><W>means</W><W>they</W><W>have</W><W>good</W><W>&#34;heft</W><W>&#34;</W><W>.</W></SENTENCE><SENTENCE><W>I</W><W>&#39;ll</W><W>vouch</W><W>for</W><W>that</W><W>.</W></SENTENCE><SENTENCE><W>My</W><W>Revereware</W><W>had</W><C><cue ID="166" type="negation"><W>no</W></cue></C><xcope ID="174"><ref ID="181" SRC="166"></ref><W>heft</W></xcope><W>,</W><C><cue ID="167" type="speculation"><W>or</W></cue></C><xcope ID="175"><ref ID="182" SRC="167"></ref><W>at</W><W>the</W><W>most</W></xcope><W>,</W><W>unmeasurable</W><W>heft</W><W>--</W><W>meaning</W><W>that</W><W>anytime</W><W>I</W><W>filled</W><W>a</W><W>pot</W><W>with</W><W>food</W><W>,</W><W>I</W><W>had</W><W>to</W><W>do</W><W>some</W><W>work</W><W>to</W><W>hold</W><W>the</W><W>pot</W><W>at</W><W>the</W><W>right</W><W>angle</W><W>to</W><W>keep</W><W>from</W><W>spilling</W><W>it</W><W>when</W><W>moving</W><W>from</W><W>the</W><W>stove</W><xcope ID="311"><ref COMMENTS="" ID="312" SRC="168"></ref><W>to</W><W>the</W><W>table</W></xcope><C><cue ID="168" type="speculation"><W>or</W></cue></C><xcope ID="176"><ref ID="183" SRC="168"></ref><W>counter</W></xcope><W>.</W></SENTENCE><SENTENCE><W>I</W><C><cue ID="169" type="speculation"><W>could</W></cue></C><xcope ID="316"><ref COMMENTS="" ID="318" SRC="169"></ref><C><cue ID="170" type="negation"><W>never</W></cue></C><xcope ID="315"><ref COMMENTS="" ID="317" SRC="170"></ref><W>get</W><W>enough</W><W>strength</W><W>in</W><W>my</W><W>forearms</W><W>to</W><W>cart</W><W>food-laden</W><W>vessels</W><W>with</W><W>handles</W><W>around</W><W>the</W><W>kitchen</W><C><cue ID="171" type="negation"><W>without</W></cue></C><xcope ID="313"><ref COMMENTS="" ID="314" SRC="171"></ref><xcope ID="178"><ref ID="188" SRC="172"></ref><W>clutching</W><W>the</W><W>handle</W><W>with</W><W>two</W><W>hands</W></xcope><C><cue ID="172" type="speculation"><W>or</W></cue></C><xcope ID="179"><ref ID="187" SRC="172"></ref><W>gripping</W><W>the</W><W>other</W><W>side</W><W>of</W><W>the</W><W>pot</W><W>none-too-gracefully</W></xcope></xcope></xcope></xcope><W>.</W></SENTENCE></P><P></P><P><SENTENCE><W>Large</W><W>pieces</W><W>,</W><W>like</W><W>the</W><W>3-quart</W><W>sauté</W><W>pan</W><W>offer</W><W>a</W><W>loop</W><W>handle</W><W>opposite</W><W>the</W><W>long</W><W>handle</W><W>,</W><W>for</W><W>carrying</W><W>convenience</W><W>.</W></SENTENCE><SENTENCE><W>Nice</W><W>touch</W><W>,</W><C><W>and</W></C><W>very</W><W>helpful</W><W>,</W><W>especially</W><W>when</W><W>pouring</W><W>sauce</W><W>from</W><W>the</W><W>pan</W><W>to</W><W>a</W><xcope ID="190"><ref ID="191" SRC="173"></ref><W>platter</W></xcope><C><cue ID="173" type="speculation"><W>or</W></cue></C><xcope ID="180"><ref ID="189" SRC="173"></ref><W>bowl</W></xcope><W>.</W></SENTENCE></P><P></P><P><SENTENCE><W>Cleaning</W><W>?</W></SENTENCE><SENTENCE><C><cue ID="192" type="negation"><W>No</W></cue></C><xcope ID="207"><ref ID="221" SRC="192"></ref><W>Secrets</W><W>Here</W></xcope></SENTENCE></P><P></P><P><SENTENCE><C><W>Feel</W></C><W>free</W><W>to</W><W>place</W><W>All-Clad</W><W>Stainless</W><W>in</W><W>the</W><W>dishwasher</W><W>,</W><C><cue ID="193" type="speculation"><W>or</W></cue></C><xcope ID="209"><ref ID="223" SRC="193"></ref><C><cue ID="194" type="speculation"><W>if</W></cue></C><xcope ID="208"><ref ID="222" SRC="194"></ref><W>you</W><W>prefer</W></xcope><W>,</W></xcope><W>as</W><W>I</W><W>do</W><W>,</W><W>hand</W><W>wash</W><W>it</W><W>in</W><W>the</W><W>sink</W><W>.</W></SENTENCE><SENTENCE><W>Regular</W><W>dishwashing</W><W>liquid</W><C><W>and</W></C><W>a</W><W>soft</W><W>cloth</W><W>will</W><W>work</W><W>just</W><W>fine</W><W>.</W></SENTENCE><SENTENCE><C><cue ID="195" type="speculation"><W>If</W></cue></C><xcope ID="210"><ref ID="224" SRC="195"></ref><W>you</W><W>find</W><W>something</W><W>baked</W><W>on</W></xcope><W>,</W><W>a</W><W>simple</W><W>soaking</W><C><cue ID="196" type="speculation"><W>should</W></cue></C><xcope ID="211"><ref ID="225" SRC="196"></ref><W>allow</W><W>easy</W><W>removal</W></xcope><W>.</W></SENTENCE><SENTENCE><W>Plastic</W><W>scouring</W><W>pads</W><W>are</W><W>fine</W><W>for</W><W>use</W><W>,</W><W>but</W><W>do</W><C><cue ID="197" type="negation"><W>not</W></cue></C><xcope ID="325"><ref COMMENTS="" ID="326" SRC="197"></ref><xcope ID="212"><ref ID="227" SRC="198"></ref><W>use</W><W>an</W><W>abrasive</W><W>cleaning</W><W>pad</W></xcope><C><cue ID="198" type="speculation"><W>or</W></cue></C><xcope ID="213"><ref ID="228" SRC="198"></ref><W>cleanser</W></xcope></xcope><W>.</W></SENTENCE><SENTENCE><C><cue ID="199" type="negation"><W>Not</W></cue></C><xcope ID="214"><ref ID="229" SRC="199"></ref><W>only</W><W>do</W><W>you</W></xcope><C><cue ID="200" type="negation"><W>not</W></cue></C><xcope ID="215"><ref ID="230" SRC="200"></ref><W>need</W><W>them</W></xcope><W>,</W><W>they</W><W>will</W><W>dull</W><W>the</W><W>finish</W><W>of</W><W>the</W><W>cookware</W><W>.</W></SENTENCE><SENTENCE><C><cue ID="201" type="speculation"><W>If</W></cue></C><xcope ID="299"><ref COMMENTS="" ID="300" SRC="201"></ref><xcope ID="216"><ref ID="232" SRC="202"></ref><W>you</W><W>find</W><W>a</W><W>trouble</W><W>spot</W></xcope><W>,</W><C><cue ID="202" type="speculation"><W>or</W></cue></C><xcope ID="217"><ref ID="233" SRC="202"></ref><W>want</W><W>to</W><W>polish</W><W>up</W><W>your</W><W>All-Clad</W><W>set</W><W>to</W><W>its</W><W>original</W><W>luster</W></xcope></xcope><W>,</W><W>break</W><W>out</W><W>a</W><C><W>can</W></C><W>of</W><W>&#34;</W><W>Bar</W><W>Keeper</W><W>&#39;s</W><W>Friend</W><W>&#34;</W><W>(</W><W>BKF)</W><W>.</W></SENTENCE><SENTENCE><W>A</W><W>gently</W><W>cleanser</W><W>,</W><W>BKF</W><W>buffs</W><W>the</W><W>surface</W><W>of</W><W>the</W><W>stainless</W><W>steel</W><W>,</W><W>eliminating</W><C><cue ID="204" type="speculation"><W>possible</W></cue></C><xcope ID="218"><ref ID="234" SRC="204"></ref><W>stains</W></xcope><C><W>and</W></C><W>restoring</W><W>the</W><W>gleam</W><W>to</W><W>your</W><W>cookware</W><W>.</W></SENTENCE><SENTENCE><W>It</W><W>works</W><W>like</W><W>magic</W><W>(</W><C><W>and</W></C><W>removes</W><W>rust</W><W>,</W><C><cue ID="205" type="speculation"><W>should</W></cue></C><xcope ID="219"><ref ID="235" SRC="205"></ref><W>you</W><W>have</W><W>any</W><W>rust-prone</W><W>gadgets</W><W>in</W><W>your</W><W>kitchen</W></xcope><W>--</W><W>All-Clad</W><cue ID="206" type="negation"><W>WON&#39;T</W></cue><xcope ID="220"><ref COMMENTS="" ID="236" SRC="206"></ref><W>rust</W></xcope><W>!</W><W>)</W><W>.</W></SENTENCE></P><P></P><P><SENTENCE><C><cue ID="237" type="speculation"><W>Should</W></cue></C><xcope ID="301"><ref COMMENTS="" ID="302" SRC="237"></ref><xcope ID="244"><ref ID="252" SRC="238"></ref><W>you</W><W>accidentally</W><W>leave</W><W>a</W><W>pot</W></xcope><C><cue ID="238" type="speculation"><W>or</W></cue></C><xcope ID="245"><ref ID="253" SRC="238"></ref><W>pan</W><W>on</W><W>the</W><W>heat</W><W>too</W><W>long</W></xcope><C><W>and</W></C><W>come</W><W>back</W><W>to</W><W>a</W><W>scorched</W><W>panful</W><W>of</W><W>food</W></xcope><W>,</W><W>empty</W><W>what</W><W>you</W><C><cue ID="239" type="speculation"><W>can</W></cue></C><W>,</W><W>fill</W><W>the</W><W>pot</W><W>with</W><W>water</W><C><W>and</W></C><W>a</W><W>few</W><W>teaspoonfuls</W><W>of</W><W>baking</W><W>soda</W><C><W>and</W></C><W>set</W><W>the</W><W>water</W><W>to</W><W>boil</W><W>.</W></SENTENCE><SENTENCE><W>Allow</W><W>a</W><W>full</W><W>boil</W><W>for</W><W>a</W><W>few</W><W>minutes</W><C><W>and</W></C><W>the</W><W>scorched</W><W>food</W><C><cue ID="240" type="speculation"><W>should</W></cue></C><xcope ID="247"><ref ID="254" SRC="240"></ref><W>come</W><W>away</W><W>from</W><W>the</W><W>pan</W><W>quite</W><W>easily</W></xcope><W>.</W></SENTENCE><SENTENCE><C><cue ID="241" type="negation"><W>No</W></cue></C><xcope ID="246"><ref ID="255" SRC="241"></ref><W>kidding</W></xcope><W>.</W></SENTENCE><SENTENCE><W>This</W><W>happened</W><W>to</W><W>me</W><W>when</W><W>making</W><W>a</W><W>boiled</W><W>icing</W><W>base</W><W>a</W><W>few</W><W>years</W><W>ago</W><W>.</W></SENTENCE><SENTENCE><W>I</W><W>doubted</W><W>that</W><W>blackened</W><W>flour</W><C><W>and</W></C><W>milk</W><C><cue ID="242" type="speculation"><W>would</W></cue></C><xcope ID="248"><ref ID="256" SRC="242"></ref><W>give</W><W>up</W><W>easily</W></xcope><W>,</W><W>but</W><W>the</W><W>mess</W><W>literally</W><W>peeled</W><W>away</W><W>from</W><W>the</W><W>sides</W><C><W>and</W></C><W>bottom</W><W>of</W><W>the</W><W>pan</W><W>with</W><W>this</W><W>method</W><W>.</W></SENTENCE></P><P></P><P><SENTENCE><cue ID="243" type="negation"><W>Do</W><W>n&#39;t</W></cue><xcope ID="249"><ref COMMENTS="" ID="257" SRC="243"></ref><W>Keep</W><W>It</W><W>to</W><W>Yourself</W></xcope><W>,</W><W>Unless</W><W>You</W><W>Want</W><W>To</W></SENTENCE></P><P></P><P><SENTENCE><W>Though</W><W>Husband</W><W>of</W><W>Mine</W><W>is</W><W>enlightened</W><W>about</W><W>All-Clad</W><W>,</W><W>he</W><cue ID="258" type="negation"><W>does</W><W>n&#39;t</W></cue><xcope ID="267"><ref COMMENTS="" ID="277" SRC="258"></ref><W>buy</W><W>it</W></xcope><W>.</W></SENTENCE><SENTENCE><W>He</W><cue ID="259" type="negation"><W>does</W><W>n&#39;t</W></cue><xcope ID="268"><ref COMMENTS="" ID="278" SRC="259"></ref><W>cook</W></xcope><W>,</W><W>so</W><W>he</W><cue ID="260" type="negation"><W>ca</W><W>n&#39;t</W></cue><xcope ID="269"><ref COMMENTS="" ID="279" SRC="260"></ref><W>appreciate</W><W>the</W><W>comparison</W><W>between</W><W>my</W><W>old</W><W>cookware</W><C><W>and</W></C><W>All-Clad</W></xcope><W>,</W><C><W>and</W></C><W>he</W><cue ID="261" type="negation"><W>does</W><W>n&#39;t</W></cue><xcope ID="270"><ref COMMENTS="" ID="280" SRC="261"></ref><W>purchase</W><W>pieces</W><W>for</W><W>me</W></xcope><W>because</W><W>he</W><cue ID="262" type="negation"><W>does</W><W>n&#39;t</W></cue><xcope ID="303"><ref COMMENTS="" ID="304" SRC="262"></ref><xcope ID="271"><ref COMMENTS="" ID="284" SRC="263"></ref><W>know</W><W>what</W><W>price</W><W>is</W><W>good</W></xcope><C><cue ID="263" type="speculation"><W>or</W></cue></C><xcope ID="272"><ref COMMENTS="" ID="283" SRC="263"></ref><W>what</W><W>piece</W></xcope><xcope COMMENTS="" ID="274"><C><cue ID="264" type="speculation"><W>might</W></cue></C><xcope ID="273"><ref COMMENTS="" ID="282" SRC="264"></ref><W>be</W><W>best</W><W>to</W><W>add</W><W>next</W></xcope></xcope></xcope><W>.</W></SENTENCE></P><P></P><P><SENTENCE><W>I</W><W>&#39;ve</W><W>offered</W><W>to</W><W>make</W><W>him</W><W>a</W><W>list</W><W>,</W><W>in</W><W>order</W><W>of</W><W>&#34;need</W><W>&#34;</W><W>.</W><W>.</W><W>.</W></SENTENCE></P><P></P><P><SENTENCE><W>His</W><W>unwillingness</W><W>to</W><W>supply</W><W>my</W><W>guilty</W><W>pleasure</W><W>lets</W><W>me</W><W>still</W><C><W>feel</W></C><W>&#34;</W><W>secretive</W><W>&#34;</W><W>about</W><W>All-Clad</W><W>,</W><W>going</W><W>about</W><W>admiring</W><W>pieces</W><W>in</W><W>stores</W><W>with</W><W>a</W><W>wistful</W><W>look</W><C><W>and</W></C><W>a</W><W>hopeful</W><W>gleam</W><W>in</W><W>my</W><W>eye</W><W>.</W><W>.</W><W>.</W></SENTENCE><SENTENCE><W>wondering</W><W>when</W><W>I</W><C><cue ID="265" type="speculation"><W>might</W></cue></C><xcope ID="327"><ref COMMENTS="" ID="328" SRC="265"></ref><xcope COMMENTS="" ID="275"><ref COMMENTS="" ID="287" SRC="266"></ref><W>smuggle</W><W>home</W><W>this</W></xcope><C><cue ID="266" type="speculation"><W>or</W></cue></C><xcope COMMENTS="" ID="276"><ref COMMENTS="" ID="286" SRC="266"></ref><W>that</W></xcope></xcope><W>(</W><W>after</W><W>paying</W><W>at</W><W>the</W><W>register</W><W>,</W><W>of</W><W>course</W><W>)</W><W>.</W></SENTENCE></P><P></P><P><SENTENCE><W>What</W><W>will</W><W>make</W><W>it</W><W>&#39;s</W><W>way</W><W>,</W><W>under</W><W>wraps</W><W>,</W><W>to</W><W>my</W><W>kitchen</W><W>remains</W><W>to</W><W>be</W><W>seen</W><W>,</W><W>but</W><W>rest</W><W>assured</W><W>,</W><W>it</W><W>will</W><W>be</W><W>nothing</W><W>short</W><W>of</W><W>All-Clad</W><W>.</W></SENTENCE><SENTENCE><W>Time</W><C><W>and</W></C><W>Kitchen</W><W>Tested</W><C><W>and</W></C><W>Guilty-Pleasure-Enjoying</W><W>Mom</W><W>Approved</W><W>.</W></SENTENCE></P><P></P><P><SENTENCE><W>~~Saturday</W><W>Scramblette~</W><W>~</W></SENTENCE></P><P></P><P><SENTENCE><W>Serves</W><W>4-6</W></SENTENCE></P><P></P><P><SENTENCE><W>1</W><W>lb</W><W>.</W></SENTENCE><SENTENCE><W>roll</W><W>sausage</W><W>,</W><W>browned</W><C><W>and</W></C><W>drained</W></SENTENCE></P><P></P><P><SENTENCE><W>2</W><W>Tbsp.</W></SENTENCE><SENTENCE><W>oil</W></SENTENCE></P><P></P><P><SENTENCE><W>4</W><W>medium</W><W>russet</W><W>potatoes</W><W>,</W><W>washed</W><C><W>and</W></C><W>cubed</W></SENTENCE></P><P></P><P><SENTENCE><W>1</W><W>medium</W><W>onion</W><W>,</W><W>chopped</W></SENTENCE></P><P></P><P><SENTENCE><W>2</W><W>cloves</W><W>garlic</W><W>,</W><W>minced</W></SENTENCE></P><P></P><P><SENTENCE><W>1/2</W><W>green</W><W>pepper</W><W>,</W><W>chopped</W><W>(</W><W>optional</W><W>)</W></SENTENCE></P><P></P><P><SENTENCE><W>1/2</W><W>-</W><W>1</W><W>c.</W></SENTENCE><SENTENCE><W>water</W></SENTENCE></P><P></P><P><SENTENCE><W>1-1/2</W><W>c.</W><W>grated</W><W>cheddar</W><W>cheese</W></SENTENCE></P><P></P><P><SENTENCE><W>8</W><W>eggs</W><W>,</W><W>beaten</W></SENTENCE></P><P></P><P><SENTENCE><W>salt</W><C><W>and</W></C><W>pepper</W></SENTENCE></P><P></P><P><SENTENCE><W>Heat</W><W>the</W><W>All-Clad</W><W>3-quart</W><W>Sauté</W><W>Pan</W><W>over</W><W>medium-high</W><W>flame</W><W>.</W></SENTENCE><SENTENCE><W>Add</W><W>sausage</W><C><W>and</W></C><W>brown</W><W>,</W><W>breaking</W><W>it</W><W>into</W><W>bite-sized</W><W>pieces</W><W>.</W></SENTENCE><SENTENCE><W>Drain</W><W>fat</W><C><W>and</W></C><W>remove</W><W>sausage</W><W>to</W><W>side</W><W>bowl</W><W>.</W></SENTENCE><SENTENCE><W>Add</W><W>potatoes</W><W>to</W><W>the</W><W>skillet</W><W>with</W><W>the</W><W>oil</W><W>,</W><W>browning</W><W>lightly</W><W>on</W><W>all</W><W>sides</W><W>.</W></SENTENCE><SENTENCE><W>Salt</W><C><W>and</W></C><W>pepper</W><W>to</W><W>taste</W><W>.</W></SENTENCE><SENTENCE><W>Just</W><W>before</W><W>finished</W><W>,</W><W>add</W><W>onion</W><C><W>and</W></C><W>sauté</W><W>with</W><W>potatoes</W><W>.</W></SENTENCE><SENTENCE><W>Add</W><W>garlic</W><C><W>and</W></C><W>pepper</W><W>(</W><W>opt.</W><W>)</W><W>,</W><C><W>and</W></C><W>sauté</W><W>until</W><W>tender</W><W>.</W></SENTENCE></P><P></P><P><SENTENCE><W>Add</W><W>enough</W><W>water</W><W>to</W><W>make</W><W>ingredients</W><W>moist</W><W>.</W></SENTENCE><SENTENCE><W>Cover</W><C><W>and</W></C><W>reduce</W><W>heat</W><W>to</W><W>cook</W><W>potatoes</W><W>through</W><C><cue ID="288" type="negation"><W>without</W></cue></C><xcope ID="289"><ref ID="290" SRC="288"></ref><W>scorching</W></xcope><W>(</W><W>medium</W><W>to</W><W>low</W><W>)</W><W>.</W></SENTENCE></P><P></P><P><SENTENCE><W>When</W><W>potatoes</W><W>are</W><W>tender</W><W>,</W><W>return</W><W>sausage</W><W>to</W><W>the</W><W>pan</W><C><W>and</W></C><W>add</W><W>beaten</W><W>egg</W><C><W>and</W></C><W>grated</W><W>cheese</W><W>.</W></SENTENCE><SENTENCE><W>Add</W><W>salt</W><C><W>and</W></C><W>pepper</W><W>to</W><W>taste</W><W>.</W></SENTENCE><SENTENCE><W>Fold</W><W>eggs</W><C><W>and</W></C><W>cheese</W><W>into</W><W>the</W><W>mixture</W><C><W>and</W></C><W>continue</W><W>to</W><W>fold</W><W>until</W><W>eggs</W><W>are</W><W>set</W><W>.</W></SENTENCE></P><P></P><P><SENTENCE><W>Serve</W><W>hot</W><W>with</W><xcope ID="292"><ref ID="295" SRC="291"></ref><W>toast</W></xcope><W>,</W><xcope ID="293"><ref ID="296" SRC="291"></ref><W>biscuits</W></xcope><C><cue ID="291" type="speculation"><W>or</W></cue></C><xcope ID="294"><ref ID="297" SRC="291"></ref><W>bagels</W></xcope><W>.</W></SENTENCE></P><P></P><P><SENTENCE><W>Excellent</W><W>reheated</W><W>.</W></SENTENCE></P><P></P><P><SENTENCE><W>ENJOY</W><W>!</W></SENTENCE></P></DOCUMENT>
