<?xml version="1.0" encoding="UTF-8"?>
<DOCUMENT><P></P><P><SENTENCE><W>Like</W><W>popcorn</W><W>?</W></SENTENCE><SENTENCE><C><cue ID="0" type="speculation"><W>If</W></cue></C><xcope ID="5"><ref ID="6" SRC="0"></ref><W>so</W></xcope><W>youll</W><W>love</W><W>(</W><W>let</W><W>me</W><W>repeat</W><W>that</W><W>emphatically</W><W>,</W><W>LOVE</W><W>)</W><W>Whirley</W><W>Pop</W><W>.</W></SENTENCE></P><P></P><P><SENTENCE><W>My</W><W>husband</W><C><W>and</W></C><W>I</W><W>were</W><W>given</W><W>the</W><W>Whirley</W><W>Pop</W><W>for</W><W>Christmas</W><W>.</W></SENTENCE><SENTENCE><W>Honestly</W><W>,</W><W>we</W><cue ID="1" type="negation"><W>had</W><W>nt</W></cue><xcope ID="4"><ref COMMENTS="" ID="7" SRC="1"></ref><W>been</W><W>munching</W><W>much</W><W>on</W><W>popcorn</W><W>recently</W></xcope><W>because</W><W>my</W><W>tiny</W><W>microwave</W><W>was</W><W>on</W><W>the</W><W>fritz</W><C><W>and</W></C><W>refused</W><W>to</W><W>work</W><W>on</W><W>microwave</W><W>popcorn</W><W>.</W></SENTENCE><SENTENCE><W>The</W><W>Whirley</W><W>Pop</W><W>entered</W><W>our</W><W>lives</W><W>just</W><W>in</W><W>time</W><W>.</W></SENTENCE></P><P></P><P><SENTENCE><W>Manufactured</W><W>by</W><W>Monon</W><W>,</W><W>Indiana-based</W><W>Wabash</W><W>Valley</W><W>Farms</W><W>,</W><W>the</W><W>Whirley</W><W>Pop</W><C><cue ID="8" type="speculation"><W>can</W></cue></C><xcope ID="9"><ref ID="12" SRC="8"></ref><W>be</W><W>purchased</W><W>in</W><W>three</W><W>sizes</W></xcope><W></W><W>4</W><W>quart</W><W>,</W><W>6</W><W>quart</W><W>,</W><C><W>and</W></C><W>8</W><W>quart</W><W>.</W></SENTENCE><SENTENCE><W>We</W><W>were</W><W>fortunate</W><W>to</W><W>have</W><W>been</W><W>given</W><W>the</W><W>6</W><W>quart</W><W>popper</W><W>.</W></SENTENCE><SENTENCE><W>The</W><W>popper</W><W>looks</W><W>very</W><W>similar</W><W>to</W><W>a</W><W>small</W><W>crock</W><W>pot</W><W>with</W><W>a</W><W>shiny</W><W>silver</W><W>finish</W><C><W>and</W></C><W>flip-top</W><W>.</W></SENTENCE><SENTENCE><W>The</W><W>pot</W><W>itself</W><W>is</W><W>dishwasher</W><W>safe</W><W>,</W><W>while</W><W>the</W><W>top</W><C><cue ID="2" type="speculation"><W>can</W></cue></C><xcope ID="10"><ref ID="13" SRC="2"></ref><W>be</W><W>easily</W><W>removed</W></xcope><C><W>and</W></C><C><cue ID="3" type="speculation"><W>should</W></cue></C><xcope ID="11"><ref ID="14" SRC="3"></ref><W>be</W><W>washed</W><W>by</W><W>hand</W></xcope><W>(</W><W>its</W><W>got</W><W>wooden</W><W>handles</W><W>)</W><W>.</W></SENTENCE></P><P></P><P><SENTENCE><W>The</W><W>best</W><W>thing</W><W>about</W><W>the</W><W>Whirley</W><W>Pop</W><W>is</W><W>just</W><W>how</W><W>easy</W><W>it</W><W>is</W><W>to</W><W>use</W><W>.</W></SENTENCE><SENTENCE><W>You</W><C><cue ID="15" type="speculation"><W>may</W></cue></C><xcope ID="48"><ref COMMENTS="" ID="50" SRC="15"></ref><C><cue ID="16" type="speculation"><W>think</W></cue></C><xcope ID="47"><ref COMMENTS="" ID="49" SRC="16"></ref><W>that</W><W>that</W><W>microwave</W><W>popcorn</W><W>is</W><W>a</W><W>cinch</W></xcope></xcope><W>.</W></SENTENCE><SENTENCE><W>Well</W><W>,</W><W>check</W><W>this</W><W>out</W><W>.</W></SENTENCE><SENTENCE><W>The</W><W>Whirley</W><W>Pop</W><W>makes</W><W>twice</W><W>the</W><W>amount</W><W>of</W><W>popcorn</W><W>in</W><W>less</W><W>than</W><W>five</W><W>mines</W><W>.</W></SENTENCE><SENTENCE><C><W>Instead</W></C><W>of</W><W>using</W><W>the</W><W>microwave</W><W>,</W><W>you</W><W>use</W><W>your</W><W>stove</W><W>set</W><W>on</W><W>medium</W><W>to</W><W>medium</W><W>high</W><W>.</W></SENTENCE><SENTENCE><W>Simply</W><W>add</W><W>at</W><W>least</W><W>at</W><W>least</W><W>one</W><W>teaspoon</W><W>of</W><W>oil</W><W>(</W><W>at</W><W>most</W><W>half</W><W>a</W><W>cup</W><W>)</W><C><W>and</W></C><W>your</W><W>popcorn</W><W>(</W><W>1/2</W><W>cup</W><W>at</W><W>most</W><W>)</W><C><W>and</W></C><W>crank</W><W>the</W><W>handle</W><W>until</W><W>the</W><W>popcorn</W><W>is</W><W>done</W><W>popping</W><W>.</W></SENTENCE></P><P></P><P><SENTENCE><W>Voila</W><W>!</W><W>Six</W><W>quarts</W><W>of</W><W>sumptuous</W><W>theater</W><W>style</W><W>popcorn</W><W>!</W></SENTENCE></P><P></P><P><SENTENCE><W>But</W><W>the</W><W>fun</W><W>part</W><W>is</W><W>that</W><W>you</W><C><cue ID="20" type="speculation"><W>can</W></cue></C><xcope ID="24"><ref COMMENTS="" ID="30" SRC="20"></ref><W>try</W><W>different</W><W>recipes</W></xcope><C><W>and</W></C><W>experiment</W><W>with</W><W>different</W><W>oils</W><C><W>and</W></C><W>salt-based</W><W>seasonings</W><W>.</W></SENTENCE><SENTENCE><W>As</W><W>long</W><W>as</W><W>you</W><cue ID="21" type="negation"><W>dont</W></cue><xcope ID="25"><ref COMMENTS="" ID="31" SRC="21"></ref><W>do</W><W>anything</W><W>too</W><W>strange</W></xcope><W>,</W><W>your</W><W>popcorn</W><W>will</W><W>turn</W><W>out</W><W>perfectly</W><W>.</W></SENTENCE><SENTENCE><W>The</W><W>manual</W><W>that</W><W>accompanies</W><W>the</W><W>Whirley</W><W>Pop</W><C><W>suggests</W></C><W>canola</W><W>,</W><W>coconut</W><W>,</W><W>peanut</W><W>,</W><C><W>and</W></C><W>olive</W><W>oil</W><W>among</W><W>others</W><W>.</W></SENTENCE><SENTENCE><W>Salt-based</W><W>seasonings</W><W>are</W><W>readily</W><W>available</W><W>at</W><W>the</W><W>local</W><W>supermarket</W><W>in</W><W>addition</W><W>to</W><W>pre-measured</W><W>packets</W><W>available</W><W>at</W><W>the</W><W>Wabash</W><W>Valley</W><W>Farms</W><W>website</W><W>.</W></SENTENCE><SENTENCE><W>Popcorn</W><C><cue ID="22" type="speculation"><W>can</W></cue></C><xcope ID="51"><ref COMMENTS="" ID="52" SRC="22"></ref><xcope ID="26"><ref COMMENTS="" ID="33" SRC="23"></ref><W>be</W><W>purchased</W><W>via</W><W>that</W><W>site</W></xcope><W>,</W><C><cue ID="23" type="speculation"><W>or</W></cue></C><xcope ID="27"><ref COMMENTS="" ID="34" SRC="23"></ref><W>for</W><W>a</W><W>better</W><W>price</W><W>at</W><W>the</W><W>local</W><W>grocery</W></xcope></xcope><W>.</W></SENTENCE></P><P></P><P><SENTENCE><W>Whirley</W><W>Pop</W><W>is</W><W>easy</W><W>for</W><W>children</W><W>to</W><W>use</W><W>,</W><W>but</W><W>they</W><C><cue ID="28" type="speculation"><W>must</W></cue></C><xcope ID="29"><ref COMMENTS="" ID="35" SRC="28"></ref><W>be</W><W>monitored</W><W>at</W><W>all</W><W>times</W><W>as</W><W>popcorn</W><W>is</W><W>hot</W></xcope><C><W>and</W></C><W>stoves</W><W>are</W><W>even</W><W>hotter</W><W>.</W></SENTENCE></P><P></P><P><SENTENCE><W>The</W><W>Whirley</W><W>Pop</W><W>is</W><W>inexpensive</W><C><W>and</W></C><W>easy</W><W>to</W><W>use</W><W>when</W><W>compared</W><W>to</W><W>air</W><W>poppers</W><C><W>and</W></C><W>other</W><W>electric</W><W>popcorn</W><W>poppers</W><W>.</W></SENTENCE><SENTENCE><xcope ID="41"><ref ID="47" SRC="36"></ref><W>At</W><W>just</W><W>$</W><W>25</W></xcope><C><cue ID="36" type="speculation"><W>or</W></cue></C><xcope ID="42"><ref ID="48" SRC="36"></ref><W>so</W></xcope><W>,</W><W>this</W><W>unique</W><W>appliance</W><C><cue ID="37" type="speculation"><W>can</W></cue></C><xcope ID="43"><ref ID="51" SRC="37"></ref><W>be</W><W>yours</W></xcope><W>.</W></SENTENCE><SENTENCE><W>Personally</W><W>,</W><W>I</W><W>intend</W><W>on</W><W>purchasing</W><W>this</W><W>as</W><W>a</W><W>wedding</W><W>gift</W><W>when</W><W>friends</W><W>get</W><W>married</W><W>.</W></SENTENCE><SENTENCE><C><cue ID="38" type="negation"><W>Without</W></cue></C><xcope ID="44"><ref ID="49" SRC="38"></ref><W>a</W><W>doubt</W></xcope><W>,</W><W>they</W><cue ID="39" type="negation"><W>wont</W></cue><xcope ID="45"><ref COMMENTS="" ID="50" SRC="39"></ref><W>be</W><W>returning</W><W>the</W><W>Whirley</W><W>Pop</W></xcope><W>.</W></SENTENCE><SENTENCE><W>Its</W><W>uniquely</W><W>fun</W><C><W>and</W></C><W>makes</W><W>the</W><W>best</W><W>popcorn</W><W>you</W><C><cue ID="40" type="speculation"><W>can</W></cue></C><xcope ID="46"><ref ID="52" SRC="40"></ref><W>imagine</W></xcope><W>.</W></SENTENCE><SENTENCE><W>As</W><W>an</W><W>added</W><W>bonus</W><W>,</W><W>it</W><W>also</W><W>works</W><W>over</W><W>a</W><W>camp</W><W>stove</W><W>.</W></SENTENCE></P><P></P><P><SENTENCE><W>Wabash</W><W>Valley</W><W>Farms</W><W>website</W><W>:</W><W>http</W><W>://www.wfarms.com/</W></SENTENCE></P><P></P><P><SENTENCE><W>Whirley</W><W>Pop</W><W>Recipes</W><W>:</W><W>http</W><W>://wfarms.com/lib/wfarms/FreeRecipes</W><W>.htm</W></SENTENCE></P></DOCUMENT>
