<?xml version="1.0" encoding="UTF-8"?>
<DOCUMENT><P/><P><SENTENCE><W>I</W><W>received</W><W>this</W><W>set</W><W>of</W><W>Pans</W><W>three</W><W>years</W><W>ago</W><W>for</W><W>Christmas</W><W>.</W></SENTENCE><SENTENCE><W>(</W><W>Was</W><W>my</W><W>husband</W><W>trying</W><W>to</W><W>tell</W><W>me</W><W>something</W><W>?</W><W>)</W></SENTENCE><SENTENCE><W>I</W><W>love</W><W>them</W><W>.</W></SENTENCE><SENTENCE><W>Mine</W><W>are</W><W>hanging</W><W>from</W><W>a</W><W>beautiful</W><W>copper</W><W>pan</W><W>wrack</W><W>from</W><W>my</W><W>ceiling</W><C><W>and</W></C><W>they</W><W>still</W><W>look</W><W>like</W><W>new</W><W>.</W></SENTENCE></P><P/><P><SENTENCE><W>The</W><W>wedge</W><W>of</W><W>copper</W><W>between</W><W>the</W><W>stainless</W><W>steel</W><W>in</W><W>the</W><W>bottom</W><W>of</W><W>the</W><W>pan</W><W>helps</W><W>the</W><W>food</W><W>to</W><W>heat</W><W>up</W><W>faster</W><W>.</W></SENTENCE><SENTENCE><W>It</W><W>really</W><W>does</W><cue ID="0" type="negation"><W>...do</W><W>n&apos;t</W></cue><xcope ID="9"><ref COMMENTS="" ID="28" SRC="0"/><W>leave</W><W>them</W><W>alone</W><W>for</W><W>a</W><W>long</W><W>period</W><W>of</W><W>time</W><W>.</W></xcope></SENTENCE></P><P/><P><SENTENCE><W>I</W><W>have</W><W>taken</W><W>good</W><W>care</W><W>of</W><W>my</W><W>pans</W><C><W>and</W></C><W>I</W><W>am</W><W>sure</W><W>that</W><W>they</W><W>look</W><W>like</W><W>new</W><W>because</W><W>of</W><W>that</W><W>.</W></SENTENCE><SENTENCE><W>I</W><W>always</W><W>wash</W><W>mine</W><W>by</W><W>hand</W><W>.</W></SENTENCE><SENTENCE><W>The</W><W>particles</W><W>of</W><W>food</W><W>in</W><W>a</W><W>dishwasher</W><C><cue ID="1" type="speculation"><W>can</W></cue></C><xcope ID="10"><ref ID="27" SRC="1"/><W>scratch</W><W>the</W><W>surface</W></xcope><W>.</W></SENTENCE><SENTENCE><W>Most</W><W>spots</W><C><cue ID="2" type="speculation"><W>can</W></cue></C><xcope ID="11"><ref ID="26" SRC="2"/><W>safely</W><W>be</W><W>removed</W><W>by</W><W>Cerama</W><W>Bryte</W></xcope><W>,</W><W>a</W><W>ceramic</W><W>cooktop</W><W>cleaner</W><W>.</W></SENTENCE><SENTENCE><xcope ID="12"><ref ID="25" SRC="3"/><W>I</W><W>also</W><W>try</W><W>to</W><W>use</W><W>heavy</W><W>duty</W><W>plastic</W></xcope><C><cue ID="3" type="speculation"><W>or</W></cue></C><xcope ID="13"><ref ID="24" SRC="3"/><W>wooden</W><W>spoons</W></xcope><C><W>and</W></C><W>spatulas</W><W>because</W><W>scraping</W><W>the</W><W>bottom</W><W>with</W><W>a</W><W>metal</W><W>utensil</W><W>will</W><W>scratch</W><W>the</W><W>surface</W><W>.</W></SENTENCE></P><P/><P><SENTENCE><C><cue ID="4" type="speculation"><W>If</W></cue></C><xcope ID="14"><ref ID="23" SRC="4"/><W>you</W><W>enjoy</W><W>cooking</W><W>with</W><W>good</W></xcope><W>,</W><W>heavy</W><W>duty</W><W>pans</W><C><W>and</W></C><W>are</W><W>willing</W><W>to</W><W>take</W><W>good</W><W>care</W><W>of</W><W>them</W><W>,</W><W>then</W><W>they</W><W>will</W><W>definitely</W><W>be</W><W>worth</W><W>the</W><W>money</W><W>.</W></SENTENCE><SENTENCE><C><cue ID="5" type="speculation"><W>If</W></cue></C><xcope ID="16"><ref ID="22" SRC="5"/><W>you</W><cue ID="6" type="negation"><W>do</W><W>n&apos;t</W></cue><xcope ID="15"><ref ID="21" SRC="6"/><W>want</W><W>to</W><W>take</W><W>the</W><W>time</W><W>to</W><W>wash</W><W>by</W><W>hand</W></xcope></xcope><C><W>and</W></C><cue ID="7" type="negation"><W>do</W><W>n&apos;t</W></cue><xcope ID="17"><ref COMMENTS="" ID="20" SRC="7"/><W>care</W><W>what</W><W>your</W><W>pots</W><C><W>and</W></C><W>pans</W><W>look</W><W>like</W></xcope><W>,</W><W>you</W><C><cue ID="8" type="speculation"><W>might</W></cue></C><xcope ID="18"><ref ID="19" SRC="8"/><W>want</W><W>to</W><W>invest</W><W>in</W><W>something</W><W>less</W><W>expensive</W></xcope><W>.</W></SENTENCE></P><P/><P><SENTENCE><W>They</W><W>were</W><W>the</W><W>perfect</W><W>set</W><W>for</W><W>me</W><W>!</W></SENTENCE></P></DOCUMENT>