<?xml version="1.0" encoding="UTF-8"?>
<DOCUMENT><P></P><P><SENTENCE><W>The</W><W>All-Clad</W><W>Stainless</W><W>1-Quart</W><W>Sauce</W><W>Pan</W><W>is</W><W>what</W><W>I</W><W>consider</W><W>the</W><W>&#34;baby</W><W>&#34;</W><W>of</W><W>the</W><W>saucepan</W><W>line</W><W>,</W><W>though</W><W>there</W><W>is</W><W>a</W><W>1/2-quart</W><W>model</W><W>as</W><W>well</W><W>as</W><W>a</W><W>one-cup</W><W>butter</W><W>warmer</W><W>.</W></SENTENCE><SENTENCE><W>The</W><W>one-quart</W><W>pan</W><W>is</W><W>about</W><W>as</W><W>low</W><W>as</W><W>I</W><W>care</W><W>to</W><W>go</W><W>in</W><W>the</W><W>All-Clad</W><W>limbo</W><W>I</W><W>play</W><W>.</W></SENTENCE></P><P></P><P><SENTENCE><W>Starting</W><W>Out</W><W>Small</W></SENTENCE></P><P></P><P><SENTENCE><W>I</W><W>did</W><C><cue ID="0" type="negation"><W>not</W></cue></C><xcope ID="5"><ref ID="10" SRC="0"></ref><W>start</W><W>my</W><W>All-Clad</W><W>cookware</W><W>collection</W><W>in</W><W>a</W><W>small</W><W>way</W><W>by</W><W>any</W><W>stretch</W><W>of</W><W>the</W><W>imagination</W></xcope><W>.</W></SENTENCE><SENTENCE><W>I</W><W>bought</W><W>a</W><W>set</W><W>,</W><W>but</W><W>I</W><W>lucked</W><W>into</W><W>a</W><W>low</W><W>price</W><C><W>and</W></C><cue ID="1" type="speculation"><C><W>could</W></C><W>n&#39;t</W></cue><xcope ID="6"><ref ID="11" SRC="1"></ref><W>pass</W><W>on</W><W>it</W></xcope><W>.</W></SENTENCE></P><P></P><P><SENTENCE><C><cue ID="2" type="speculation"><W>If</W></cue></C><xcope ID="8"><ref COMMENTS="" ID="14" SRC="2"></ref><W>I</W><cue ID="3" type="negation"><W>had</W><W>n&#39;t</W></cue><xcope ID="7"><ref COMMENTS="" ID="13" SRC="3"></ref><W>had</W><W>that</W><W>kind</W><W>of</W><W>luck</W></xcope></xcope><W>,</W><W>I</W><C><cue ID="4" type="speculation"><W>would</W></cue></C><xcope ID="9"><ref ID="12" SRC="4"></ref><W>have</W><W>started</W><W>out</W><W>with</W><W>the</W><W>All-Clad</W><W>Stainless</W><W>1-Quart</W><W>Sauce</W><W>Pan</W></xcope><W>,</W><W>a</W><W>dependable</W><W>,</W><W>often-used</W><W>size</W><W>pan</W><W>in</W><W>my</W><W>kitchen</W><W>.</W></SENTENCE></P><P></P><P><SENTENCE><W>Many</W><W>a</W><W>&#34;non-gourmet</W><W>&#34;</W><W>meal</W><W>simmers</W><W>away</W><W>in</W><W>this</W><W>handy</W><W>piece</W><W>of</W><W>aluminum</W><W>clad</W><W>in</W><W>stainless</W><W>steel</W><W>.</W></SENTENCE><SENTENCE><W>When</W><W>pregnant</W><W>with</W><W>my</W><W>first</W><W>child</W><W>,</W><W>I</W><W>craved</W><W>ravioli</W><W>,</W><C><W>and</W></C><C><cue ID="15" type="negation"><W>not</W></cue></C><xcope ID="22"><ref ID="32" SRC="15"></ref><W>the</W><W>home-made</W></xcope><C><cue ID="16" type="speculation"><W>or</W></cue></C><xcope ID="23"><ref ID="30" SRC="16"></ref><W>even</W><W>frozen</W><W>variety</W></xcope><W>.</W><W>.</W><W>.</W></SENTENCE><SENTENCE><W>Chef</W><W>Boyardee</W><C><W>and</W></C><W>I</W><W>became</W><W>chummy</W><W>for</W><W>many</W><W>months</W><W>,</W><C><W>and</W></C><W>his</W><W>concoction</W><W>(</W><C><cue ID="17" type="negation"><W>no</W></cue></C><W>,</W><W>I</W><cue ID="18" type="negation"><W>do</W><W>n&#39;t</W></cue><xcope ID="24"><ref COMMENTS="" ID="33" SRC="18"></ref><W>want</W><W>to</W><W>know</W><W>what</W><W>&#39;s</W><W>in</W><W>it</W></xcope><W>)</W><W>simmered</W><W>to</W><W>preservative-laden</W><W>perfection</W><W>within</W><W>my</W><W>All-Clad</W><W>Stainless</W><W>1-Quart</W><W>Sauce</W><W>Pan</W><W>.</W></SENTENCE></P><P></P><P><SENTENCE><W>So</W><W>too</W><W>,</W><W>condensed</W><W>soup</W><W>schlogs</W><W>into</W><W>this</W><W>gleaming</W><W>beauty</W><W>.</W></SENTENCE><SENTENCE><W>Add</W><W>a</W><C><cue ID="19" type="speculation"><W>can</W></cue></C><xcope ID="25"><ref ID="34" SRC="19"></ref><W>of</W><W>water</W><C><W>and</W></C><W>presto!</W></xcope></SENTENCE><SENTENCE><W>Chicken</W><W>noodle</W><W>soup</W><W>(</W><W>in</W><W>a</W><W>pinch</W><W>.</W><W>.</W><W>.</W></SENTENCE><SENTENCE><C><W>and</W></C><W>with</W><W>just</W><W>a</W><W>pinch</W><W>of</W><W>actual</W><W>chicken</W><W>)</W><W>.</W></SENTENCE></P><P></P><P><SENTENCE><C><cue ID="20" type="negation"><W>No</W></cue></C><xcope ID="26"><ref ID="35" SRC="20"></ref><W>Way</W></xcope><W>,</W><W>I</W><W>&#39;m</W><C><cue ID="21" type="negation"><W>No</W></cue></C><xcope ID="27"><ref ID="36" SRC="21"></ref><W>Gourmet</W></xcope><W>--</W><W>All-Clad</W><cue ID="28" type="negation"><W>Does</W><W>n&#39;t</W></cue><xcope ID="29"><ref COMMENTS="" ID="37" SRC="28"></ref><W>Belong</W><W>in</W><W>My</W><W>Kitchen</W></xcope></SENTENCE></P><P></P><P><SENTENCE><cue ID="38" type="negation"><W>Do</W><W>n&#39;t</W></cue><xcope ID="43"><ref COMMENTS="" ID="49" SRC="38"></ref><W>let</W><W>anyone</W><W>try</W><W>to</W><W>convince</W><W>you</W><W>that</W><W>All-Clad</W><W>cookware</W><W>is</W><W>&#34;yuppy&#34;</W></xcope><W>,</W><xcope ID="44"><ref ID="50" SRC="39"></ref><W>for</W><W>those</W><W>who</W><W>have</W><W>everything</W></xcope><W>,</W><C><cue ID="39" type="speculation"><W>or</W></cue></C><xcope ID="45"><ref ID="51" SRC="39"></ref><W>&#34;out</W><W>of</W><W>the</W><W>regular</W><W>person</W><W>&#39;s</W><W>league</W></xcope><W>&#34;</W><W>.</W></SENTENCE><SENTENCE><W>It</W><W>&#39;s</W><W>pricey</W><W>,</W><W>yes</W><W>,</W><W>but</W><W>beyond</W><W>that</W><W>,</W><W>it</W><C><cue ID="40" type="speculation"><W>can</W></cue></C><xcope ID="46"><ref ID="52" SRC="40"></ref><W>be</W><W>the</W><W>cookware</W><W>that</W><W>allows</W><W>you</W><W>to</W><W>enjoy</W><W>cooking</W></xcope><W>.</W></SENTENCE><SENTENCE><W>You</W><W>just</W><C><cue ID="41" type="speculation"><W>may</W></cue></C><xcope ID="47"><ref ID="53" SRC="41"></ref><W>become</W><W>a</W><W>gourmet</W></xcope><W>,</W><C><cue ID="42" type="speculation"><W>if</W></cue></C><xcope ID="48"><ref ID="54" SRC="42"></ref><W>that</W><W>&#39;s</W><W>the</W><W>direction</W><W>you</W><W>want</W><W>to</W><W>go</W></xcope><W>.</W></SENTENCE></P><P></P><P><SENTENCE><W>Why</W><W>is</W><W>this</W><W>All-Clad</W><W>sauce</W><W>pan</W><W>so</W><W>good</W><W>?</W></SENTENCE></P><P></P><P><SENTENCE><W>First</W><W>,</W><W>the</W><W>construction</W><W>of</W><W>the</W><W>All-Clad</W><W>Stainless</W><W>1-Quart</W><W>Sauce</W><W>Pan</W><W>is</W><W>top</W><W>quality</W><W>.</W></SENTENCE><SENTENCE><W>The</W><W>heat</W><W>conducting</W><W>metal</W><W>,</W><W>aluminum</W><W>,</W><W>is</W><W>at</W><W>the</W><W>core</W><W>of</W><W>each</W><W>pan</W><W>.</W></SENTENCE><SENTENCE><W>Surrounding</W><W>the</W><W>aluminum</W><W>is</W><W>a</W><W>layer</W><W>of</W><W>stainless</W><W>steel</W><W>--</W><W>inside</W><C><W>and</W></C><W>outside</W><W>.</W></SENTENCE><SENTENCE><W>This</W><W>makes</W><W>a</W><W>three-layer</W><W>,</W><W>bonded</W><W>piece</W><W>of</W><W>cookware</W><W>that</W><W>heats</W><W>quickly</W><W>,</W><W>holds</W><W>the</W><W>heat</W><W>,</W><W>cooks</W><W>evenly</W><W>,</W><C><W>and</W></C><W>looks</W><W>fantastic</W><W>while</W><W>doing</W><W>it</W><W>.</W></SENTENCE><SENTENCE><C><W>And</W></C><W>the</W><W>part</W><W>that</W><cue ID="55" type="negation"><W>is</W><W>n&#39;t</W></cue><xcope ID="61"><ref COMMENTS="" ID="63" SRC="55"></ref><C><cue ID="56" type="speculation"><W>supposed</W></cue></C><xcope ID="60"><ref COMMENTS="" ID="62" SRC="56"></ref><W>to</W><W>heat</W></xcope></xcope><W>--</W><W>the</W><W>stay-cool</W><W>handle</W><W>--</W><cue ID="57" type="negation"><W>does</W><W>n&#39;t</W></cue><xcope ID="59"><ref COMMENTS="" ID="62" SRC="57"></ref><W>get</W><W>hot</W></xcope><W>,</W><W>unless</W><W>you</W><W>use</W><W>the</W><W>All-Clad</W><W>Stainless</W><W>1-Quart</W><W>Sauce</W><W>Pan</W><W>in</W><W>the</W><W>oven</W><W>.</W></SENTENCE></P><P></P><P><SENTENCE><W>A</W><W>short</W><W>summary</W><W>of</W><W>the</W><W>All-Clad</W><W>Stainless</W><W>1-Quart</W><W>Sauce</W><W>Pan</W><W>:</W></SENTENCE></P><P></P><P><SENTENCE><W></W><W>aluminum</W><W>core</W><W>for</W><W>excellent</W><W>heat</W><W>conducting</W><W>purposes</W></SENTENCE></P><P></P><P><SENTENCE><W></W><W>stainless</W><W>steel</W><W>surrounding</W><W>the</W><W>aluminum</W><W>core</W><W>(3-ply</W><W>construction</W><W>)</W></SENTENCE></P><P></P><P><SENTENCE><W></W><W>stay-cool</W><W>handle</W></SENTENCE></P><P></P><P><SENTENCE><W></W><W>oven-safe</W></SENTENCE></P><P></P><P><SENTENCE><W></W><W>energy-saving</W><W>(</W><W>requires</W><W>lower</W><W>heat</W><W>throughout</W><W>cooking</W><W>than</W><W>does</W><W>other</W><W>pans</W><W>)</W></SENTENCE></P><P></P><P><SENTENCE><W></W><W>All-Clad</W><W>lifetime</W><W>warranty</W><W>covering</W><W>manufacturer</W><W>&#39;s</W><W>defects</W></SENTENCE></P><P></P><P><SENTENCE><W>What</W><W>you</W><cue ID="63" type="negation"><W>do</W><W>n&#39;t</W></cue><xcope ID="65"><ref COMMENTS="" ID="66" SRC="63"></ref><W>get</W><W>with</W><W>this</W><W>All-Clad</W><W>Stainless</W><W>1-Quart</W><W>Sauce</W><W>Pan</W></xcope></SENTENCE></P><P></P><P><SENTENCE><W></W><W>a</W><W>lid</W><W>(</W><W>Usually</W><W>All-Clad</W><W>saucepans</W><W>come</W><W>with</W><W>a</W><W>lid</W><W>.</W></SENTENCE><SENTENCE><W>Mine</W><cue ID="64" type="negation"><W>did</W><W>n&#39;t</W></cue><W>.</W></SENTENCE><SENTENCE><W>Lids</W><W>are</W><W>available</W><W>separately</W><W>for</W><W>about</W><W>$</W><W>25.)</W></SENTENCE></P><P></P><P><SENTENCE><W></W><W>scorching</W><W>food</W><W>,</W><W>unless</W><W>left</W><W>on</W><W>too</W><W>high</W><W>heat</W><W>for</W><W>too</W><W>long</W></SENTENCE></P><P></P><P><SENTENCE><W></W><W>&#34;hot</W><W>spots</W><W>&#34;</W><xcope ID="68"><ref ID="71" SRC="67"></ref><W>in</W><W>the</W><W>pan</W><W>that</W><W>burn</W></xcope><C><cue ID="67" type="speculation"><W>or</W></cue></C><xcope ID="69"><ref ID="70" SRC="67"></ref><W>scorch</W></xcope></SENTENCE></P><P></P><P><SENTENCE><W></W><W>difficult</W><W>clean-up</W><W>.</W><W>.</W><W>.</W></SENTENCE><SENTENCE><W>very</W><W>little</W><W>elbow</W><W>grease</W><W>required</W></SENTENCE></P><P></P><P><SENTENCE><W>What</W><W>&#39;s</W><W>the</W><W>Big</W><W>Deal</W><W>about</W><W>This</W><W>Sauce</W><W>Pan</W><W>?</W></SENTENCE></P><P></P><P><SENTENCE><W>Right</W><W>now</W><W>,</W><W>the</W><W>big</W><W>deal</W><W>is</W><W>that</W><W>I</W><W>bought</W><W>another</W><W>one</W><W>of</W><W>these</W><W>for</W><W>$</W><W>25</W><W>as</W><W>a</W><W>&#34;</W><W>try</W><W>me</W><W>&#34;</W><W>deal</W><W>at</W><W>Amazon.com</W><W>.</W></SENTENCE><SENTENCE><W>It</W><W>&#39;s</W><W>a</W><W>much-used</W><W>size</W><W>in</W><W>my</W><W>kitchen</W><W>,</W><C><W>and</W></C><W>it</W><W>makes</W><W>sense</W><W>for</W><W>me</W><W>to</W><W>have</W><W>two</W><W>of</W><W>them</W><W>.</W></SENTENCE><SENTENCE><W>At</W><W>this</W><W>price</W><W>,</W><W>I</W><cue ID="72" type="speculation"><C><W>could</W></C><W>n&#39;t</W></cue><xcope ID="76"><ref COMMENTS="" ID="80" SRC="72"></ref><W>pass</W></xcope><W>!</W></SENTENCE><SENTENCE><C><cue ID="73" type="negation"><W>No</W></cue></C><xcope ID="77"><ref ID="81" SRC="73"></ref><W>lid</W><W>on</W><W>this</W><W>one</W></xcope><W>,</W><C><cue ID="74" type="negation"><ref COMMENTS="" ID="82" SRC="77"></ref><W>either</W></cue></C><W>,</W><W>but</W><W>that</W><W>&#39;s</W><W>okay</W><W>(</W><W>the</W><W>regular</W><W>price</W><W>on</W><W>the</W><W>1-quart</W><W>is</W><W>roughly</W><W>$</W><W>60</W><W>)</W><W>.</W></SENTENCE></P><P></P><P><SENTENCE><W>Aside</W><W>from</W><W>my</W><W>luck</W><W>running</W><W>over</W><W>once</W><W>again</W><W>,</W><W>you</W><W>&#39;ll</W><W>find</W><W>that</W><W>the</W><W>All-Clad</W><W>Stainless</W><W>1-Quart</W><W>Sauce</W><W>Pan</W><W>,</W><W>after</W><W>getting</W><W>to</W><W>know</W><W>it</W><W>&#39;s</W><W>abilities</W><W>on</W><W>your</W><W>particular</W><W>heating</W><W>elements</W><W>,</W><W>wo</W><W>n&#39;t</W><W>run</W><W>over</W><W>when</W><W>you</W><W>&#39;re</W><W>simmering</W><W>a</W><W>serving</W><W>of</W><W>soup</W><W>,</W><xcope ID="79"><ref ID="84" SRC="75"></ref><W>making</W><W>a</W><W>sauce</W></xcope><C><cue ID="75" type="speculation"><W>or</W></cue></C><xcope ID="78"><ref ID="83" SRC="75"></ref><W>doing</W><W>up</W><W>a</W><W>vegetable</W><W>for</W><W>dinner</W></xcope><W>.</W></SENTENCE></P><P></P><P><SENTENCE><W>The</W><W>key</W><W>to</W><W>success</W><W>with</W><W>this</W><W>pan</W><W>,</W><W>like</W><W>any</W><W>other</W><W>,</W><W>is</W><W>to</W><W>know</W><W>its</W><W>capabilities</W><W>when</W><W>matched</W><W>with</W><W>your</W><W>cooking</W><W>appliance</W><W>,</W><C><cue ID="85" type="speculation"><W>whether</W></cue></C><xcope ID="91"><ref ID="97" SRC="86"></ref><W>it</W><W>be</W><W>gas</W></xcope><C><cue ID="86" type="speculation"><W>or</W></cue></C><xcope ID="90"><ref ID="96" SRC="86"></ref><W>electric</W></xcope><W>.</W></SENTENCE><SENTENCE><W>I</W><C><cue ID="87" type="speculation"><W>can</W></cue></C><xcope ID="92"><ref ID="98" SRC="87"></ref><W>set</W><W>a</W><W>pan</W><W>of</W><W>soup</W><W>on</W><W>the</W><W>stove</W></xcope><W>,</W><W>bring</W><W>it</W><W>to</W><W>a</W><W>boil</W><C><W>and</W></C><W>then</W><W>set</W><W>it</W><W>at</W><W>just</W><W>about</W><W>the</W><W>lowest</W><W>setting</W><W>(</W><W>gas</W><W>range</W><W>)</W><C><W>and</W></C><W>know</W><W>that</W><W>the</W><W>soup</W><W>will</W><W>just</W><W>barely</W><W>simmer</W><W>.</W></SENTENCE><SENTENCE><W>With</W><W>my</W><W>former</W><W>cookware</W><W>,</W><W>I</W><W>had</W><W>to</W><W>adjust</W><W>the</W><W>heat</W><W>often</W><W>,</W><W>even</W><W>after</W><W>owning</W><W>the</W><W>pans</W><W>for</W><W>years</W><W>.</W></SENTENCE><SENTENCE><W>I</W><C><cue ID="88" type="speculation"><W>thought</W></cue></C><xcope ID="93"><ref ID="99" SRC="88"></ref><W>something</W><W>was</W><W>wrong</W><W>with</W><W>me</W></xcope><W>.</W></SENTENCE><SENTENCE><W>I</W><W>&#39;m</W><C><cue ID="89" type="negation"><W>not</W></cue></C><xcope ID="94"><ref ID="100" SRC="89"></ref><W>perfect</W></xcope><W>,</W><W>but</W><W>those</W><W>pans</W><W>were</W><W>even</W><W>less</W><W>so</W><W>!</W></SENTENCE></P><P></P><P><SENTENCE><W>Is</W><W>This</W><W>Pan</W><W>Right</W><W>for</W><W>Me</W><W>?</W></SENTENCE></P><P></P><P><SENTENCE><W>You</W><W>have</W><W>to</W><W>know</W><W>your</W><W>cooking</W><W>needs</W><W>before</W><W>making</W><W>any</W><W>cookware</W><W>purchase</W><W>.</W></SENTENCE><SENTENCE><C><cue ID="101" type="speculation"><W>If</W></cue></C><xcope ID="113"><ref ID="124" SRC="101"></ref><W>you</W><cue ID="102" type="negation"><W>do</W><W>n&#39;t</W></cue><xcope ID="112"><ref ID="126" SRC="103"></ref><W>make</W><W>pancakes</W></xcope></xcope><C><cue ID="103" type="speculation"><W>or</W></cue></C><xcope ID="114"><ref ID="125" SRC="103"></ref><W>grilled</W><W>cheese</W></xcope><W>,</W><W>why</W><W>own</W><W>a</W><W>griddle</W><W>?</W></SENTENCE><SENTENCE><W>The</W><W>same</W><W>goes</W><W>for</W><W>various</W><W>sizes</W><W>of</W><W>pots</W><C><W>and</W></C><W>pans</W><W>.</W></SENTENCE></P><P></P><P><SENTENCE><C><cue ID="104" type="speculation"><W>If</W></cue></C><xcope ID="115"><ref ID="127" SRC="104"></ref><W>you</W><W>have</W><W>a</W><W>family</W><W>of</W><W>6</W><C><W>and</W></C><W>you</W><W>rarely</W><W>make</W><W>small</W><W>amounts</W><W>of</W><W>anything</W></xcope><W>,</W><W>the</W><W>All-Clad</W><W>Stainless</W><W>1-Quart</W><W>Sauce</W><W>Pan</W><C><cue ID="105" type="speculation"><W>may</W></cue></C><xcope ID="145"><ref COMMENTS="" ID="147" SRC="105"></ref><C><cue ID="106" type="negation"><W>not</W></cue></C><xcope ID="144"><ref COMMENTS="" ID="146" SRC="106"></ref><W>be</W><W>for</W><W>you</W></xcope></xcope><W>.</W></SENTENCE><SENTENCE><W>But</W><W>for</W><W>some</W><W>purposes</W><W>,</W><W>like</W><W>melting</W><W>butter</W><W>,</W><xcope ID="117"><ref COMMENTS="" ID="133" SRC="108"></ref><W>making</W><W>glazes</W></xcope><C><cue ID="107" type="speculation"><W>or</W></cue></C><xcope ID="118"><ref ID="134" SRC="108"></ref><W>few-person</W><W>servings</W><W>of</W><W>soups</W></xcope><C><cue ID="108" type="speculation"><W>or</W></cue></C><xcope ID="119"><ref COMMENTS="" ID="135" SRC="108"></ref><W>vegetables</W></xcope><W>,</W><W>the</W><W>All-Clad</W><W>Stainless</W><W>1-Quart</W><W>Sauce</W><W>Pan</W><W>is</W><W>the</W><W>perfect</W><W>size</W><C><W>and</W></C><W>you</W><W>&#39;ll</W><W>use</W><W>it</W><W>often</W><W>.</W></SENTENCE></P><P></P><P><SENTENCE><W>Other</W><W>than</W><W>the</W><W>sizing</W><W>issue</W><W>,</W><W>there</W><W>&#39;s</W><C><cue ID="109" type="negation"><W>no</W></cue></C><xcope ID="120"><ref ID="136" SRC="109"></ref><W>question</W><W>that</W><W>All-Clad</W><W>is</W><W>right</W></xcope><W>--</W><C><cue ID="110" type="speculation"><W>if</W></cue></C><xcope ID="121"><ref ID="137" SRC="110"></ref><W>you</W><W>want</W><W>your</W><W>cooking</W><W>endeavors</W><W>to</W><W>be</W><W>easier</W></xcope><W>,</W><W>more</W><W>satisfying</W><C><W>and</W></C><W>deliver</W><W>more</W><W>wonderful</W><W>results</W><W>than</W><W>you</W><W>&#39;ve</W><W>ever</W><W>had</W><W>,</W><W>it</W><W>&#39;s</W><C><cue ID="111" type="negation"><W>not</W></cue></C><xcope ID="122"><ref ID="138" SRC="111"></ref><W>only</W><W>right</W></xcope><W>,</W><W>it</W><W>&#39;s</W><W>the</W><W>only</W><W>choice</W><W>.</W></SENTENCE></P><P></P><P><SENTENCE><W>The</W><W>All-Clad</W><W>Limbo</W></SENTENCE></P><P></P><P><SENTENCE><W>What</W><W>is</W><W>the</W><W>&#34;</W><W>All-Clad</W><W>Limbo</W><W>&#34;</W><W>?</W></SENTENCE></P><P></P><P><SENTENCE><W>Maybe</W><W>you</W><W>do</W><W>n&#39;t</W><W>know</W><W>that</W><W>tune</W><W>now</W><W>,</W><W>but</W><W>once</W><W>you</W><W>begin</W><W>seriously</W><W>contemplating</W><W>an</W><W>All-Clad</W><W>purchase</W><W>you</W><W>will</W><W>.</W></SENTENCE><SENTENCE><W>Maybe</W><W>you</W><W>&#39;re</W><W>there</W><W>now</W><W>.</W></SENTENCE></P><P></P><P><SENTENCE><W>When</W><W>you</W><W>make</W><W>the</W><W>purchase</W><W>of</W><W>the</W><W>All-Clad</W><W>Stainless</W><W>1-Quart</W><W>Sauce</W><W>Pan</W><C><W>and</W></C><W>begin</W><W>to</W><W>use</W><W>it</W><W>,</W><W>you</W><W>&#39;ll</W><W>get</W><W>results</W><W>with</W><W>your</W><W>cooking</W><W>that</W><W>make</W><W>you</W><W>wonder</W><W>.</W></SENTENCE><SENTENCE><W>What</W><W>you</W><W>&#39;ll</W><W>wonder</W><W>is</W><W>,</W><W>when</W><W>will</W><W>you</W><W>pick</W><W>up</W><W>your</W><W>next</W><W>piece</W><W>of</W><W>All-Clad</W><W>?</W></SENTENCE></P><P></P><P><SENTENCE><W>As</W><W>the</W><W>&#34;</W><W>Limbo</W><W>&#34;</W><W>begins</W><W>,</W><W>you</W><W>begin</W><W>asking</W><W>yourself</W><W>,</W><W>&#34;</W><W>Which</W><W>piece</W><W>do</W><W>I</W><W>want</W><W>to</W><W>get</W><W>next</W><W>?</W><W>&#34;</W></SENTENCE><SENTENCE><C><W>And</W></C><W>the</W><W>tempo</W><W>quickens</W><W>when</W><W>you</W><W>see</W><W>the</W><W>words</W><W>&#34;</W><xcope ID="140"><ref COMMENTS="" ID="144" SRC="143"></ref><W>Sale</W></xcope><W>&#34;</W><C><cue COMMENTS="" ID="143" type="speculation"><W>or</W></cue></C><W>&#34;</W><xcope ID="141"><ref COMMENTS="" ID="145" SRC="143"></ref><W>Special</W><W>Offer</W></xcope><W>&#34;</W><W>in</W><W>conjunction</W><W>with</W><W>All-Clad</W><W>cookware</W><W>.</W></SENTENCE><SENTENCE><W>The</W><W>beat</W><W>goes</W><W>on</W><W>.</W></SENTENCE></P><P></P><P><SENTENCE><W>Do</W><W>you</W><W>hear</W><W>the</W><W>music</W><W>?</W></SENTENCE></P></DOCUMENT>
