<?xml version="1.0" encoding="UTF-8"?>
<DOCUMENT><P></P><P><SENTENCE><W>All-Clad</W><W>is</W><W>the</W><W>best</W><W>cookware</W><W>I</W><W>have</W><W>ever</W><W>used</W><W>!</W></SENTENCE></P><P></P><P><SENTENCE><W>My</W><W>wife</W><C><W>and</W></C><W>I</W><W>purchased</W><W>our</W><W>first</W><W>All-Clad</W><W>saucepan</W><W>with</W><W>a</W><W>gift</W><W>certificate</W><W>we</W><W>received</W><W>when</W><W>we</W><W>were</W><W>married</W><W>.</W></SENTENCE><SENTENCE><W>Ever</W><W>since</W><W>then</W><W>,</W><W>we</W><cue ID="26" type="negation"><C><W>could</W></C><W>n&#39;t</W></cue><xcope ID="3"><ref COMMENTS="" ID="27" SRC="26"></ref><W>wait</W><W>for</W><W>the</W><W>day</W><W>when</W><W>we</W><C><cue ID="1" type="speculation"><W>could</W></cue></C><xcope ID="2"><ref COMMENTS="" ID="4" SRC="1"></ref><W>replace</W><W>our</W><W>entire</W><W>collection</W><W>of</W><W>old</W><C><W>and</W></C><W>worn</W><W>pots</W><W>and</W><W>pans</W><W>with</W><W>nothing</W><W>but</W><W>All-Clad</W></xcope></xcope><W>.</W></SENTENCE></P><P></P><P><SENTENCE><W>A</W><W>year</W><W>later</W><W>,</W><W>we</W><W>finally</W><W>purchased</W><W>the</W><W>Stainless</W><W>Steel</W><W>Nine-Piece</W><W>Set</W><C><W>and</W></C><W>we</W><cue ID="28" type="negation"><C><W>could</W></C><W>n&#39;t</W></cue><xcope ID="7"><ref COMMENTS="" ID="29" SRC="28"></ref><W>be</W><W>happier</W></xcope><W>.</W></SENTENCE></P><P></P><P><SENTENCE><W>Here</W><W>is</W><W>what</W><W>the</W><W>set</W><W>we</W><W>purchased</W><W>contains</W><W>:</W></SENTENCE></P><P></P><P><SENTENCE><W></W><W>10</W><W>&#34;</W><W>Non-stick</W><W>Fry</W><W>Pan</W></SENTENCE></P><P></P><P><SENTENCE><W></W><W>2</W><W>Quart</W><W>Sauce</W><W>Pan</W><W>w/Lid</W></SENTENCE></P><P></P><P><SENTENCE><W></W><W>2</W><W>Quart</W><W>Saute</W><W>Pan</W><W>w/Lid</W></SENTENCE></P><P></P><P><SENTENCE><W></W><W>3</W><W>Quart</W><W>Sauce</W><W>Pan</W><W>w/Lid</W></SENTENCE></P><P></P><P><SENTENCE><W></W><W>6</W><W>Quart</W><W>Stock</W><W>Pot</W><W>w/Lid</W></SENTENCE></P><P></P><P><SENTENCE><W>Cooking</W><W>on</W><W>All-Clad</W><W>is</W><W>a</W><W>joy</W><W>.</W></SENTENCE><SENTENCE><W>Things</W><W>cook</W><W>well</W><W>,</W><W>fast</W><W>and</W><W>evenly</W><W>.</W></SENTENCE><SENTENCE><W>There</W><W>is</W><W>one</W><W>modification</W><W>one</W><C><cue ID="9" type="speculation"><W>must</W></cue></C><xcope ID="14"><ref COMMENTS="" ID="15" SRC="9"></ref><W>make</W><W>to</W><W>their</W><W>cooking</W><W>style</W><W>though</W></xcope><W>.</W></SENTENCE><SENTENCE><W>KEEP</W><W>THE</W><W>HEAT</W><W>DOWN</W><W>for</W><W>sautéing</W><W>.</W></SENTENCE><SENTENCE><W>Following</W><W>that</W><W>rule</W><W>,</W><W>we</W><W>have</W><C><cue ID="10" type="negation"><W>never</W></cue></C><xcope ID="13"><ref COMMENTS="" ID="17" SRC="10"></ref><W>had</W><W>a</W><W>problem</W><W>with</W><W>sticking</W></xcope><W>-</W><C><cue ID="11" type="negation"><W>no</W></cue></C><xcope ID="12"><ref COMMENTS="" ID="16" SRC="11"></ref><W>matter</W><W>the</W><W>recipe</W></xcope><W>.</W></SENTENCE><SENTENCE><W>From</W><W>fried</W><W>and</W><W>seared</W><W>fish</W><W>to</W><W>Chicken</W><W>Dijon</W><W>-</W><W>they</W><W>all</W><W>turn</W><W>out</W><W>perfectly</W><W>(</W><W>provided</W><W>the</W><W>cook</W><cue ID="30" type="negation"><W>does</W><W>n&#39;t</W></cue><xcope ID="31"><ref COMMENTS="" ID="32" SRC="30"></ref><W>make</W><W>any</W><W>mistakes</W></xcope><W>!</W><W>)</W><W>.</W></SENTENCE></P><P></P><P><SENTENCE><W>Everything</W><W>cooks</W><W>easily</W><W>,</W><W>rapidly</W><W>,</W><C><W>and</W></C><W>clean</W><W>up</W><W>is</W><W>breeze</W><W>.</W></SENTENCE><SENTENCE><W>The</W><W>full</W><W>length</W><W>handles</W><C><cue ID="18" type="negation"><W>NEVER</W></cue></C><xcope ID="19"><ref COMMENTS="" ID="20" SRC="18"></ref><W>get</W><W>hot</W></xcope><W>.</W></SENTENCE></P><P></P><P><SENTENCE><W>Because</W><W>of</W><W>the</W><W>nature</W><W>of</W><W>the</W><W>shiny</W><W>stainless</W><W>steel</W><W>surface</W><W>,</W><C><cue ID="21" type="speculation"><W>if</W></cue></C><xcope ID="22"><ref COMMENTS="" ID="23" SRC="21"></ref><W>you</W><C><cue ID="33" type="speculation"><W>expect</W></cue></C><xcope ID="34"><ref COMMENTS="" ID="35" SRC="33"></ref><W>to</W><W>keep</W><W>your</W><W>All-Clad</W><W>in</W><W>its</W><W>&#34;</W><W>as</W><W>new</W><W>&#34;</W><W>shiny</W><W>condition</W><W>,</W><W>it</W><W>&#39;s</W><W>important</W><W>to</W><W>clean</W><W>it</W><W>well</W><W>inside</W><C><W>AND</W></C><W>out</W><W>after</W><W>every</W><W>use</W></xcope></xcope><W>.</W></SENTENCE><SENTENCE><W>That</W><W>being</W><W>said</W><W>,</W><W>we</W><W>managed</W><W>to</W><W>leave</W><W>a</W><W>lid</W><W>on</W><W>a</W><W>hot</W><W>burner</W><W>one</W><W>night</W><W>.</W></SENTENCE><SENTENCE><W>Fortunately</W><W>,</W><W>my</W><W>wife</W><W>picked</W><W>it</W><W>up</W><W>with</W><W>an</W><W>oven</W><W>glove</W><W>but</W><W>it</W><W>left</W><W>a</W><W>rather</W><W>large</W><W>amount</W><W>of</W><W>burned</W><W>oven</W><W>glove</W><W>stuck</W><W>to</W><W>it</W><W>.</W></SENTENCE><SENTENCE><W>With</W><W>a</W><W>good</W><W>amount</W><W>of</W><W>scrubbing</W><W>,</W><W>even</W><W>that</W><W>came</W><W>off</W><W>,</W><W>leaving</W><W>the</W><W>lid</W><W>looking</W><W>as</W><W>good</W><W>as</W><W>new</W><W>.</W></SENTENCE></P><P></P><P><SENTENCE><W>Our</W><W>All-Clad</W><W>have</W><W>taken</W><W>a</W><W>real</W><W>beating</W><W>since</W><W>we</W><W>purchased</W><W>them</W><W>.</W></SENTENCE><SENTENCE><W>We</W><W>have</W><W>used</W><W>metal</W><W>spoons</W><W>,</W><W>whisks</W><W>,</W><W>spatulas</W><C><W>and</W></C><W>tools</W><W>of</W><W>all</W><W>kinds</W><W>.</W></SENTENCE><SENTENCE><W>Through</W><W>it</W><W>all</W><W>,</W><C><cue ID="24" type="negation"><W>not</W></cue></C><xcope ID="25"><ref COMMENTS="" ID="26" SRC="24"></ref><W>only</W><W>have</W><W>they</W><W>continued</W><W>to</W><W>cook</W><W>wonderfully</W><W>,</W><W>but</W><W>they</W><W>look</W><W>good</W><W>too</W></xcope></SENTENCE></P></DOCUMENT>
