<?xml version="1.0" encoding="UTF-8"?>
<DOCUMENT><P></P><P><SENTENCE><W>It</W><W>all</W><W>started</W><W>some</W><W>20</W><W>years</W><W>ago</W><W>.</W></SENTENCE><SENTENCE><W>My</W><W>dad</W><W>bought</W><W>his</W><W>mother-in-law</W><W>,</W><W>my</W><W>Nana</W><W>,</W><W>a</W><W>big</W><W>shiny</W><W>fry</W><W>pan</W><W>.</W></SENTENCE><SENTENCE><W>He</W><W>bought</W><W>the</W><W>best</W><W>the</W><W>store</W><W>had</W><W>to</W><W>offer</W><C><W>and</W></C><W>that</W><W>was</W><W>All-Clad</W><W>.</W></SENTENCE><SENTENCE><W>It</W><W>was</W><W>a</W><W>smart</W><W>buy</W><W>then</W><W>,</W><C><W>and</W></C><W>remains</W><W>one</W><W>today</W><W>.</W></SENTENCE></P><P></P><P><SENTENCE><W>That</W><W>big</W><W>sucker</W><W>of</W><W>a</W><W>fry</W><W>pan</W><W>somehow</W><W>ended</W><W>up</W><W>in</W><W>my</W><W>house</W><W>along</W><W>the</W><W>way</W><W>.</W></SENTENCE><SENTENCE><W>It</W><W>now</W><W>hangs</W><W>prominently</W><W>in</W><W>my</W><W>kitchen</W><W>.</W></SENTENCE><SENTENCE><C><cue ID="0" type="negation"><W>Not</W></cue></C><xcope ID="23"><ref ID="43" SRC="0"></ref><W>merely</W><W>as</W><W>a</W><W>coveted</W><W>heirloom</W></xcope><W>,</W><W>but</W><W>as</W><W>a</W><W>trusty</W><W>pan</W><W>that</W><W>sees</W><W>action</W><W>at</W><W>least</W><W>four</W><W>times</W><W>a</W><W>week</W><W>.</W></SENTENCE><SENTENCE><W>Little</W><W>scratched</W><W>,</W><W>little</W><W>grimy</W><W>along</W><W>the</W><W>rivets</W><W>,</W><W>but</W><W>it</W><W>still</W><W>cooks</W><W>like</W><W>nobody</W><W>&#39;s</W><W>business</W><W>!</W></SENTENCE></P><P></P><P><SENTENCE><W>When</W><W>I</W><W>first</W><W>got</W><W>married</W><W>,</W><W>I</W><W>made</W><W>a</W><W>HUGE</W><W>mistake</W><W>.</W></SENTENCE><SENTENCE><W>At</W><W>the</W><W>time</W><W>,</W><W>the</W><W>buzz</W><W>word</W><W>in</W><W>kitchen</W><W>must-haves</W><W>was</W><W>Calphalon</W><W>.</W></SENTENCE><SENTENCE><W>I</W><W>received</W><W>a</W><W>whole</W><W>set</W><W>of</W><W>those</W><W>pots</W><C><W>and</W></C><W>pans</W><W>,</W><C><W>and</W></C><W>quickly</W><W>grew</W><W>to</W><W>hate</W><W>them</W><W>.</W></SENTENCE><SENTENCE><W>The</W><W>pans</W><W>pitted</W><W>from</W><W>accidental</W><W>cycles</W><W>in</W><W>the</W><W>dishwasher</W><W>,</W><C><W>and</W></C><W>the</W><W>handles</W><W>were</W><W>very</W><W>hot</W><C><W>and</W></C><W>awkward</W><W>.</W></SENTENCE><SENTENCE><W>I</W><W>bought</W><W>the</W><W>cleaner</W><W>specified</W><W>for</W><W>them</W><W>,</W><W>but</W><W>that</W><W>just</W><W>became</W><W>a</W><W>chore</W><W>.</W></SENTENCE><SENTENCE><W>I</W><W>&#39;ve</W><W>heard</W><W>that</W><W>they</W><W>&#39;ve</W><W>improved</W><W>some</W><W>since</W><W>I</W><W>purchased</W><W>mine</W><W>,</W><W>but</W><W>you</W><cue ID="1" type="speculation"><W>ca</W><W>n&#39;t</W></cue><xcope ID="24"><ref COMMENTS="" ID="44" SRC="1"></ref><W>pay</W><W>me</W><W>to</W><W>own</W><W>those</W><W>ugly</W><W>coal</W><W>colored</W><W>pots</W><W>again</W></xcope><W>.</W></SENTENCE><SENTENCE><W>Utilitarian</W><cue ID="2" type="negation"><W>does</W><W>n&#39;t</W></cue><xcope ID="25"><ref ID="45" SRC="2"></ref><W>have</W><W>to</W><W>equal</W><W>ugly</W></xcope><W>.</W></SENTENCE></P><P></P><P><SENTENCE><W>Once</W><W>I</W><W>threw</W><W>out</W><W>my</W><W>last</W><W>Calphalon</W><W>,</W><W>I</W><W>knew</W><W>that</W><W>All-Clad</W><W>had</W><W>my</W><W>business</W><W>.</W></SENTENCE><SENTENCE><W>The</W><W>company</W><cue ID="3" type="negation"><W>did</W><W>n&#39;t</W></cue><xcope ID="26"><ref ID="46" SRC="3"></ref><W>have</W><W>to</W><W>wow</W><W>me</W><W>with</W><W>flashy</W><W>ads</W></xcope><W>,</W><C><W>and</W></C><W>I</W><cue ID="4" type="negation"><W>did</W><W>n&#39;t</W></cue><xcope ID="27"><ref ID="47" SRC="4"></ref><W>have</W><W>to</W><W>read</W><W>any</W><W>reviews</W></xcope><W>(</W><W>gasp</W><W>)</W><W>.</W></SENTENCE><SENTENCE><W>As</W><W>long</W><W>as</W><W>the</W><W>new</W><W>generation</W><W>had</W><W>the</W><W>same</W><W>heft</W><C><W>and</W></C><W>same</W><W>workmanship</W><W>as</W><W>my</W><W>old</W><W>one</W><W>,</W><W>I</W><W>was</W><W>sold</W><W>.</W></SENTENCE></P><P></P><P><SENTENCE><W>Just</W><W>as</W><W>Good</W><W>as</W><W>the</W><W>Relic</W></SENTENCE></P><P></P><P><SENTENCE><W>I</W><W>have</W><W>owned</W><W>my</W><W>9</W><W>piece</W><W>set</W><W>of</W><W>All-Clad</W><W>stainless</W><W>for</W><W>a</W><W>year</W><W>now</W><W>.</W></SENTENCE><SENTENCE><W>As</W><W>I</W><W>had</W><W>hoped</W><W>,</W><W>the</W><W>shiny</W><W>stainless</W><W>exterior</W><W>has</W><W>a</W><W>mirror</W><W>like</W><W>finish</W><W>that</W><W>comes</W><W>out</W><W>of</W><W>the</W><W>dishwasher</W><W>looking</W><W>glorious</W><W>,</W><C><W>and</W></C><W>unlike</W><W>the</W><W>Calphalon</W><W>,</W><cue ID="5" type="negation"><W>has</W><W>n&#39;t</W></cue><xcope ID="28"><ref ID="48" SRC="5"></ref><W>deteriorated</W><W>(</W><W>pitted</W><W>)</W><W>in</W><W>any</W><W>way</W></xcope><W>.</W></SENTENCE><SENTENCE><W>I</W><W>know</W><W>I</W><cue ID="6" type="negation"><W>have</W><W>n&#39;t</W></cue><xcope ID="29"><ref ID="49" SRC="6"></ref><W>had</W><W>the</W><W>set</W><W>for</W><W>that</W><W>long</W></xcope><W>,</W><W>but</W><W>I</W><cue ID="7" type="negation"><W>do</W><W>n&#39;t</W></cue><C><cue ID="8" type="speculation"><W>expect</W></cue></C><xcope ID="30"><ref ID="51" SRC="7"></ref><W>the</W><W>same</W><W>troubles</W><W>that</W><W>I</W><W>had</W><W>with</W><W>my</W><W>Calphalon</W></xcope><W>.</W></SENTENCE><SENTENCE><W>The</W><W>composition</W><W>is</W><W>quite</W><W>different</W><W>.</W></SENTENCE></P><P></P><P><SENTENCE><W>My</W><W>set</W><W>included</W><W>:</W></SENTENCE></P><P></P><P><SENTENCE><W>10</W><W>&#34;</W><W>Fry</W><W>Pan</W></SENTENCE></P><P></P><P><SENTENCE><W>2</W><W>Quart</W><W>Sauce</W><W>Pan</W><W>with</W><W>Lid</W></SENTENCE></P><P></P><P><SENTENCE><W>3</W><W>Quart</W><W>Casserole</W><W>with</W><W>Lid</W></SENTENCE></P><P></P><P><SENTENCE><W>3</W><W>Quart</W><W>Saute</W><W>Pan</W><W>with</W><W>Lid</W></SENTENCE></P><P></P><P><SENTENCE><W>6</W><W>Quart</W><W>Stock</W><W>Pot</W><W>with</W><W>Lid</W><W>-</W><W>I</W><W>love</W><W>it</W><W>.</W></SENTENCE><SENTENCE><W>Short</W><C><W>and</W></C><W>fat</W><W>.</W></SENTENCE></P><P></P><P><SENTENCE><W>From</W><W>international-gourmet</W><W>.net</W><W>....</W></SENTENCE></P><P></P><P><SENTENCE><W>&#34;</W><W>The</W><W>Collection</W><W>features</W><W>a</W><W>magnetic</W><W>stainless</W><W>exterior</W><W>that</W><W>is</W><W>safe</W><W>for</W><W>both</W><W>conventional</W><C><W>and</W></C><W>induction</W><W>ranges</W><W>.</W></SENTENCE><SENTENCE><W>The</W><W>cooking</W><W>surface</W><W>is</W><W>hand-polished</W><W>18/10</W><W>stainless</W><W>steel</W><W>that</W><W>will</W><C><cue ID="9" type="negation"><W>not</W></cue></C><xcope ID="31"><ref ID="53" SRC="9"></ref><W>react</W><W>with</W><W>food</W></xcope><W>.</W></SENTENCE><SENTENCE><W>The</W><W>inner</W><W>core</W><W>is</W><W>pure</W><W>aluminum</W><C><cue ID="10" type="negation"><W>not</W></cue></C><xcope ID="32"><ref ID="52" SRC="10"></ref><W>just</W><W>at</W><W>the</W><W>bottom</W></xcope><W>,</W><W>but</W><W>all</W><W>the</W><W>way</W><W>up</W><W>the</W><W>sides</W><W>.</W></SENTENCE><SENTENCE><W>All</W><W>three</W><W>layers</W><W>are</W><W>bonded</W><W>together</W><W>for</W><W>optimum</W><W>heat</W><W>conductivity</W><W>.</W></SENTENCE><SENTENCE><W>The</W><W>long</W><W>,</W><W>stay-cool</W><W>handles</W><W>,</W><W>non-corrosive</W><W>rivets</W><W>,</W><C><W>and</W></C><W>sure-fitting</W><W>lids</W><W>are</W><W>all</W><W>of</W><W>gleaming</W><W>stainless</W><W>.</W><W>&#34;</W></SENTENCE></P><P></P><P><SENTENCE><W>Why</W><W>I</W><W>Chose</W><W>the</W><W>Stainless</W></SENTENCE></P><P></P><P><SENTENCE><W>Short</W><W>Story</W><W>:</W><W>Dishwasher</W><W>safe</W></SENTENCE></P><P></P><P><SENTENCE><W>Long</W><W>Story</W><W>:</W><C><cue ID="11" type="speculation"><W>If</W></cue></C><xcope ID="33"><ref ID="54" SRC="11"></ref><W>you</W><W>&#39;ve</W><W>been</W><W>shopping</W><W>around</W></xcope><W>,</W><W>you</W><C><cue ID="12" type="speculation"><W>may</W></cue></C><xcope ID="34"><ref ID="55" SRC="12"></ref><W>already</W><W>know</W><W>that</W><W>All-Clad</W><W>is</W><W>available</W><W>in</W><W>four</W><W>collections</W></xcope><W>:</W><W>Stainless</W><W>Steel</W><W>,</W><W>Cop-R-Chef</W><W>,</W><W>LTD</W><W>aluminum</W><W>,</W><C><W>and</W></C><W>Master</W><W>Chef</W><W>.</W></SENTENCE></P><P></P><P><SENTENCE><W>I</W><W>did</W><W>court</W><W>the</W><W>Copper</W><W>version</W><W>,</W><W>but</W><W>was</W><W>worried</W><W>about</W><W>the</W><W>upkeep</W><W>of</W><W>the</W><W>material</W><W>.</W></SENTENCE><SENTENCE><W>Copper</W><W>needs</W><W>to</W><W>be</W><W>polished</W><C><W>and</W></C><W>retinned</W><W>.</W></SENTENCE><SENTENCE><W>Frankly</W><W>,</W><W>I</W><W>&#39;m</W><C><cue ID="13" type="negation"><W>not</W></cue></C><xcope ID="35"><ref ID="56" SRC="13"></ref><W>ready</W><W>for</W><W>that</W><W>kind</W><W>of</W><W>commitment</W></xcope><W>.</W></SENTENCE></P><P></P><P><SENTENCE><W>The</W><W>LTD</W><W>just</W><W>wreaked</W><W>of</W><W>Calphalon</W><W>.</W></SENTENCE><SENTENCE><W>It</W><W>has</W><W>that</W><W>anodized</W><W>coal</W><W>colored</W><W>exterior</W><W>that</W><W>I</W><W>just</W><cue ID="14" type="negation"><C><W>could</W></C><W>n&#39;t</W></cue><xcope ID="37"><ref COMMENTS="" ID="57" SRC="14"></ref><W>bear</W><W>to</W><W>see</W><W>again</W></xcope><W>.</W></SENTENCE><SENTENCE><W>It</W><cue ID="15" type="negation"><W>is</W><W>n&#39;t</W></cue><xcope ID="43"><ref COMMENTS="" ID="44" SRC="15"></ref><xcope ID="36"><ref ID="59" SRC="16"></ref><W>dishwasher</W><W>friendly</W></xcope><C><cue ID="16" type="negation"><W>either</W></cue></C></xcope><W>.</W></SENTENCE></P><P></P><P><SENTENCE><W>The</W><W>Master</W><W>Chef</W><W>has</W><W>a</W><W>brushed</W><W>aluminum</W><W>exterior</W><W>that</W><C><W>lacks</W></C><W>the</W><W>glorious</W><W>shiny</W><W>appeal</W><W>of</W><W>the</W><W>Stainless</W><W>.</W></SENTENCE><SENTENCE><W>Lo</W><C><W>and</W></C><W>behold</W><W>,</W><W>you</W><cue ID="18" type="negation"><W>ca</W><W>n&#39;t</W></cue><xcope ID="38"><ref ID="61" SRC="17"></ref><W>dishwasher</W><W>this</W><W>variety</W></xcope><C><cue ID="17" type="negation"><W>either</W></cue></C><W>.</W></SENTENCE></P><P></P><P><SENTENCE><W>**Stainless</W><W>it</W><W>is</W><W>.**</W></SENTENCE></P><P></P><P><SENTENCE><W>Important</W><W>Ditties</W><W>:</W></SENTENCE></P><P></P><P><SENTENCE><W>-dishwasher</W><W>safe</W></SENTENCE></P><P></P><P><SENTENCE><W>-goes</W><W>from</W><W>range</W><W>to</W><W>oven</W><W>thanks</W><W>to</W><W>heavy</W><W>duty</W><W>handles</W><C><W>and</W></C><W>rivets</W><W>(</W><W>try</W><W>to</W><W>do</W><W>that</W><W>with</W><W>a</W><W>plastic</W><W>handled</W><W>pot</W><W>)</W></SENTENCE></P><P></P><P><SENTENCE><W>-handles</W><W>stay</W><W>*quite</W><W>cool</W><W>even</W><W>on</W><W>long</W><W>simmers</W><W>(</W><W>*you</W><C><cue ID="19" type="speculation"><W>may</W></cue></C><xcope ID="39"><ref ID="62" SRC="19"></ref><W>need</W><W>a</W><W>cloth</W><W>from</W><W>time</W><W>to</W><W>time</W></xcope><W>)</W></SENTENCE></P><P></P><P><SENTENCE><W>-mirror</W><W>finish</W><W>looks</W><W>spectacular</W><W>in</W><W>a</W><W>gourmet</W><W>setting</W></SENTENCE></P><P></P><P><SENTENCE><W>-love</W><W>the</W><W>fit</W><W>of</W><W>the</W><W>recessed</W><W>lids</W></SENTENCE></P><P></P><P><SENTENCE><W>-sides</W><W>of</W><W>pans</W><W>make</W><W>flipping</W><W>easy</W></SENTENCE></P><P></P><P><SENTENCE><W>-heavy</W><W>,</W><W>yes</W><W>,</W><W>but</W><W>any</W><W>quality</W><W>pot</W><W>is</W><W>.</W></SENTENCE><SENTENCE><W>HONEST.</W></SENTENCE><SENTENCE><W>These</W><W>are</W><C><cue ID="20" type="negation"><W>not</W></cue></C><xcope ID="40"><ref ID="63" SRC="20"></ref><W>grocery</W><W>store</W><W>quality</W><W>throw-aways</W></xcope></SENTENCE></P><P></P><P><SENTENCE><W>-stainless</W><W>finish</W><C><cue ID="21" type="speculation"><W>can</W></cue></C><xcope ID="41"><ref ID="64" SRC="21"></ref><W>take</W><W>a</W><W>thorough</W><W>scouring</W><W>when</W><W>needed</W></xcope><C><W>and</W></C><W>will</W><W>come</W><W>back</W><W>for</W><W>more</W><W>.</W></SENTENCE><SENTENCE><W>Even</W><W>20</W><W>years</W><W>later</W></SENTENCE></P><P></P><P><SENTENCE><W>**Buying</W><W>these</W><W>does</W><C><cue ID="22" type="negation"><W>not</W></cue></C><xcope ID="42"><ref ID="65" SRC="22"></ref><W>ensure</W><W>that</W><W>you</W><W>will</W><W>be</W><W>a</W><W>culinary</W><W>genius</W></xcope><W>,</W><W>but</W><W>it</W><W>ca</W><W>n&#39;t</W><W>hurt</W><W>.</W></SENTENCE><SENTENCE><W>You</W><W>only</W><W>go</W><W>around</W><W>once</W><W>.</W></SENTENCE><SENTENCE><W>Buy</W><W>quality</W><W>.</W><W>**</W></SENTENCE></P><P></P><P><SENTENCE><W>P.S</W><W>You</W><W>still</W><W>need</W><W>one</W><W>of</W><W>those</W><W>cheap</W><W>throwaways</W><W>for</W><W>scrambled</W><W>eggs</W><W>.</W></SENTENCE><SENTENCE><W>Trust</W><W>me</W><W>on</W><W>that</W><W>one</W><W>.</W></SENTENCE><SENTENCE><W>Who</W><W>said</W><W>teflon</W><W>does</W><W>n&#39;t</W><W>have</W><W>it</W><W>&#39;s</W><W>place</W><W>?</W><W>?</W></SENTENCE></P><P></P><P><SENTENCE><W>Eat</W><W>,</W><C><W>and</W></C><W>be</W><W>merry</W><W>.</W></SENTENCE></P><P></P><P><SENTENCE><W>GF</W></SENTENCE></P></DOCUMENT>
