<?xml version="1.0" encoding="UTF-8"?>
<DOCUMENT><P></P><P><SENTENCE><W>Let</W><W>me</W><W>start</W><W>by</W><W>making</W><W>two</W><W>things</W><W>very</W><W>clear</W><W>.</W></SENTENCE><SENTENCE><W>I</W><W>LOVE</W><W>POPCORN</W><C><W>AND</W></C><W>I</W><W>LOVE</W><W>MY</W><W>WHIRLEY</W><W>POPCORN</W><W>POPPER</W><W>!</W></SENTENCE><SENTENCE><W>OK</W><W>,</W><W>I</W><W>bought</W><W>this</W><W>popper</W><W>about</W><W>six</W><W>months</W><W>ago</W><C><W>and</W></C><W>it</W><W>was</W><W>love</W><W>at</W><W>first</W><W>batch</W><W>.</W></SENTENCE><SENTENCE><W>I</W><W>just</W><W>finished</W><W>popping</W><W>a</W><W>batch</W><C><W>and</W></C><W>I</W><W>am</W><W>eating</W><W>it</W><W>as</W><W>I</W><W>write</W><W>this</W><W>review</W><W>.</W></SENTENCE><SENTENCE><W>This</W><W>popcorn</W><W>is</W><W>GOOD</W><W>!</W></SENTENCE><SENTENCE><W>Its</W><W>so</W><W>easy</W><W>to</W><W>make</W><W>great</W><W>popcorn</W><W>with</W><W>this</W><W>popper</W><W>.</W></SENTENCE><SENTENCE><C><cue COMMENTS="" ID="0" type="speculation"><W>If</W></cue></C><xcope ID="4"><ref COMMENTS="" ID="6" SRC="0"></ref><W>you</W><W>follow</W><W>the</W><W>simple</W><W>directions</W><W>that</W><W>are</W><W>included</W></xcope><W>,</W><W>youll</W><W>make</W><W>flawless</W><W>popcorn</W><W>every</W><W>time</W><W>you</W><W>use</W><W>this</W><W>popper</W><W>.</W></SENTENCE><SENTENCE><W>Thats</W><W>right</W><W>,</W><C><cue COMMENTS="" ID="1" type="negation"><W>no</W></cue></C><xcope ID="3"><ref COMMENTS="" ID="7" SRC="1"></ref><W>more</W><W>burnt</W><W>popcorn</W></xcope><C><W>and</W></C><W>almost</W><C><cue COMMENTS="" ID="2" type="negation"><W>no</W></cue></C><xcope ID="5"><ref COMMENTS="" ID="8" SRC="2"></ref><W>more</W><W>un-popped</W><W>kernels</W></xcope><W>.</W></SENTENCE></P><P></P><P><SENTENCE><W>This</W><W>is</W><W>a</W><W>very</W><W>high</W><W>heat</W><W>popper</W><W>.</W></SENTENCE><SENTENCE><W>Its</W><W>made</W><W>of</W><W>thin</W><W>aluminum</W><W>that</W><W>conducts</W><W>quickly</W><W>.</W></SENTENCE><SENTENCE><W>Theres</W><W>a</W><W>snap</W><W>on</W><W>lid</W><W>that</W><W>s</W><W>hinged</W><W>down</W><W>the</W><W>middle</W><W>to</W><W>allow</W><W>one</W><W>side</W><W>to</W><W>flip</W><W>open</W><W>so</W><W>that</W><W>popped</W><W>corn</W><C><cue COMMENTS="" ID="9" type="speculation"><W>can</W></cue></C><xcope COMMENTS="" ID="14"><ref COMMENTS="" ID="16" SRC="9"></ref><W>be</W><W>poured</W><W>out</W></xcope><W>.</W></SENTENCE><SENTENCE><W>The</W><W>lid</W><W>has</W><W>four</W><W>small</W><W>incisions</W><W>that</W><W>allow</W><W>steam</W><W>to</W><W>escape</W><W>during</W><W>popping</W><W>.</W></SENTENCE><SENTENCE><W>This</W><W>keeps</W><W>the</W><W>popcorn</W><W>crisp</W><C><W>and</W></C><W>prevents</W><W>it</W><W>from</W><W>becoming</W><W>too</W><W>chewy</W><W>.</W></SENTENCE><SENTENCE><W>During</W><W>popping</W><W>,</W><W>this</W><W>baby</W><W>really</W><W>gets</W><W>hot</W><C><W>and</W></C><W>it</W><C><cue COMMENTS="" ID="10" type="speculation"><W>should</W></cue></C><xcope ID="44"><ref COMMENTS="" ID="46" SRC="10"></ref><C><cue COMMENTS="" ID="11" type="negation"><W>not</W></cue></C><xcope ID="43"><ref COMMENTS="" ID="45" SRC="11"></ref><W>be</W><W>used</W><W>by</W><W>children</W><W>who</W><W>have</W><C><cue COMMENTS="" ID="12" type="negation"><W>not</W></cue></C><xcope COMMENTS="" ID="13"><ref COMMENTS="" ID="19" SRC="12"></ref><W>reached</W><W>their</W><W>teen</W><W>years</W></xcope></xcope></xcope><W>(</W><W>in</W><W>my</W><W>opinion</W><W>)</W><W>.</W></SENTENCE><SENTENCE><W>There</W><W>is</W><W>a</W><W>wooden</W><W>for</W><W>holding</W><W>the</W><W>popper</W><C><W>and</W></C><W>it</W><W>stays</W><W>pretty</W><W>cool</W><W>at</W><W>all</W><W>times</W><W>.</W></SENTENCE><SENTENCE><W>There</W><W>are</W><W>two</W><W>small</W><W>wooden</W><W>knobs</W><W>on</W><W>each</W><W>side</W><W>of</W><W>the</W><W>lid</W><W>that</W><W>also</W><W>stay</W><W>pretty</W><W>cool</W><W>.</W></SENTENCE></P><P></P><P><SENTENCE><W>Now</W><W>the</W><W>thing</W><W>that</W><W>really</W><W>helps</W><W>this</W><W>popper</W><W>make</W><W>great</W><W>popcorn</W><W>is</W><W>the</W><W>hand</W><W>turned</W><W>paddle</W><W>.</W></SENTENCE><SENTENCE><W>At</W><W>the</W><W>end</W><W>of</W><W>the</W><W>wooden</W><W>pot</W><W>handle</W><W>theres</W><W>a</W><W>metal</W><W>crank</W><W>that</W><W>has</W><W>a</W><W>small</W><W>wooden</W><W>knob</W><W>on</W><W>it</W><W>.</W></SENTENCE><SENTENCE><W>When</W><W>the</W><W>first</W><W>kernels</W><W>of</W><W>popcorn</W><W>begin</W><W>to</W><W>pop</W><W>,</W><W>you</W><W>have</W><W>to</W><W>slowly</W><W>turn</W><W>this</W><W>crank</W><W>.</W></SENTENCE><SENTENCE><W>This</W><W>crank</W><W>turns</W><W>a</W><W>gear</W><W>driven</W><W>,</W><W>wire</W><W>paddle</W><W>inside</W><W>of</W><W>the</W><W>popper</W><W>.</W></SENTENCE><SENTENCE><W>The</W><W>wire</W><W>paddle</W><W>(</W><W>wand</W><W>)</W><W>keeps</W><W>the</W><W>popcorn</W><W>moving</W><C><W>and</W></C><W>prevents</W><W>it</W><W>from</W><W>sticking</W><W>to</W><W>the</W><W>bottom</W><W>of</W><W>the</W><W>popper</W><W>.</W></SENTENCE><SENTENCE><W>This</W><W>prevents</W><W>the</W><W>popcorn</W><W>from</W><W>burning</W><C><W>and</W></C><W>it</W><W>gets</W><W>ever</W><W>kernel</W><W>to</W><W>contact</W><W>the</W><W>bottom</W><C><W>and</W></C><W>pop</W><W>.</W></SENTENCE><SENTENCE><W>Its</W><W>really</W><W>a</W><W>very</W><W>simple</W><W>but</W><W>effective</W><W>mechanism</W><W>.</W></SENTENCE></P><P></P><P><SENTENCE><W>There</W><W>are</W><W>several</W><W>different</W><W>methods</W><W>of</W><W>popping</W><W>but</W><W>a</W><W>standard</W><W>method</W><W>is</W><W>to</W><W>put</W><W>the</W><W>oil</W><W>in</W><W>the</W><W>popper</W><C><W>and</W></C><W>then</W><W>get</W><W>it</W><W>hot</W><W>before</W><W>adding</W><W>the</W><W>popcorn</W><W>kernels</W><W>.</W></SENTENCE><SENTENCE><W>The</W><W>amount</W><C><W>and</W></C><W>kind</W><W>of</W><W>oil</W><W>to</W><W>use</W><W>is</W><W>strictly</W><W>dependant</W><W>upon</W><W>personal</W><W>taste</W><C><W>and</W></C><W>preference</W><W>.</W></SENTENCE><SENTENCE><W>I</W><W>have</W><W>found</W><W>a</W><W>place</W><W>locally</W><W>that</W><W>sells</W><W>pre-packaged</W><W>corn</W><C><W>and</W></C><W>popping</W><W>oil</W><W>that</W><W>works</W><W>beautifully</W><W>with</W><W>this</W><W>popper</W><C><W>and</W></C><W>it</W><W>s</W><W>delicious</W><W>.</W></SENTENCE><SENTENCE><W>Corn</W><W>popped</W><W>in</W><W>this</W><W>popper</W><W>is</W><W>much</W><W>better</W><W>than</W><W>microwave</W><W>popcorn</W><W>.</W></SENTENCE><SENTENCE><W>Its</W><W>less</W><W>greasy</W><W>,</W><C><cue COMMENTS="" ID="20" type="negation"><W>no</W></cue></C><xcope COMMENTS="" ID="22"><ref COMMENTS="" ID="24" SRC="20"></ref><W>preservatives</W></xcope><W>,</W><C><W>and</W></C><W>much</W><W>healthier</W><W>.</W></SENTENCE><SENTENCE><W>Pop</W><W>up</W><W>a</W><W>batch</W><W>,</W><W>light</W><W>up</W><W>the</W><W>big</W><W>screen</W><W>,</W><W>pop</W><W>in</W><W>a</W><W>good</W><W>movie</W><W>,</W><C><W>and</W></C><W>it</W><W>s</W><W>show</W><W>time</W><W>!</W></SENTENCE><SENTENCE><W>Oh</W><W>,</W><W>I</W><W>forgot</W><W>the</W><W>Miller</W><W>Light</W><W>.</W></SENTENCE><SENTENCE><cue COMMENTS="" ID="21" type="speculation"><W>Cant</W></cue><xcope COMMENTS="" ID="23"><ref COMMENTS="" ID="25" SRC="21"></ref><W>forget</W><W>that</W><W>.</W></xcope></SENTENCE></P><P></P><P><SENTENCE><W>Clean</W><W>up</W><W>is</W><W>very</W><W>easy</W><W>.</W></SENTENCE><SENTENCE><W>The</W><W>popper</W><W>lid</W><W>snaps</W><W>off</W><C><W>and</W></C><W>the</W><W>paddle</W><W>comes</W><W>out</W><W>when</W><W>the</W><W>lid</W><W>is</W><W>removed</W><W>.</W></SENTENCE><SENTENCE><W>All</W><W>of</W><W>the</W><W>parts</W><W>are</W><W>dish</W><W>washer</W><W>safe</W><C><W>and</W></C><W>they</W><C><cue COMMENTS="" ID="26" type="speculation"><W>can</W></cue></C><xcope COMMENTS="" ID="41"><ref COMMENTS="" ID="42" SRC="26"></ref><W>be</W><W>easily</W><W>washed</W><W>by</W><W>hand</W><W>with</W><W>warm</W><W>soapy</W><W>water</W></xcope><W>.</W></SENTENCE><SENTENCE><W>One</W><W>very</W><W>minor</W><W>thing</W><W>to</W><W>watch</W><W>out</W><W>for</W><W>is</W><W>;</W><C><cue COMMENTS="" ID="27" type="speculation"><W>if</W></cue></C><xcope COMMENTS="" ID="31"><ref COMMENTS="" ID="36" SRC="27"></ref><W>you</W><W>use</W><W>a</W><W>fair</W><W>amount</W><W>of</W><W>oil</W><W>to</W><W>pop</W></xcope><W>,</W><W>very</W><W>tiny</W><W>droplets</W><W>of</W><W>hot</W><W>oil</W><W>do</W><W>escape</W><W>through</W><W>the</W><W>lid</W><C><W>and</W></C><W>they</W><C><cue COMMENTS="" ID="28" type="speculation"><W>can</W></cue></C><xcope COMMENTS="" ID="32"><ref COMMENTS="" ID="37" SRC="28"></ref><W>sting</W><W>your</W><W>hand</W><W>while</W><W>youre</W><W>turning</W><W>the</W><W>crank</W></xcope><W>.</W></SENTENCE><SENTENCE><xcope COMMENTS="" ID="33"><ref COMMENTS="" ID="38" SRC="29"></ref><W>A</W><W>cooking</W><W>mitt</W></xcope><C><cue COMMENTS="" ID="29" type="speculation"><W>or</W></cue></C><xcope COMMENTS="" ID="34"><ref COMMENTS="" ID="39" SRC="29"></ref><W>some</W><W>kind</W><W>of</W><W>hand</W><W>protection</W></xcope><C><cue COMMENTS="" ID="30" type="speculation"><W>would</W></cue></C><xcope COMMENTS="" ID="35"><ref COMMENTS="" ID="40" SRC="30"></ref><W>be</W><W>good</W></xcope><W>,</W><W>especially</W><W>for</W><W>anyone</W><W>who</W><W>has</W><W>sensitive</W><W>skin</W><W>.</W></SENTENCE></P></DOCUMENT>
