<?xml version="1.0" encoding="UTF-8"?>
<DOCUMENT><P></P><P><SENTENCE><W>I</W><W>love</W><W>to</W><W>cook</W><W>fancy</W><W>,</W><W>gourmet</W><W>dishes</W><W>,</W><W>but</W><W>my</W><W>pots</W><C><W>and</W></C><W>pans</W><W>were</W><W>always</W><W>&#34;fast</W><W>food</W><W>&#34;</W><W>quality</W><W>.</W></SENTENCE><SENTENCE><W>For</W><W>years</W><W>,</W><W>I</W><W>&#39;ve</W><W>been</W><W>limping</W><W>along</W><W>with</W><W>a</W><W>hodge-podge</W><W>collection</W><W>of</W><W>scratched</W><W>up</W><W>non-sticks</W><C><W>and</W></C><W>some</W><W>ancient</W><W>cast</W><W>iron</W><W>pans</W><W>.</W></SENTENCE><SENTENCE><W>I</W><W>bought</W><W>the</W><W>9</W><W>piece</W><W>set</W><W>a</W><W>few</W><W>years</W><W>ago</W><C><W>and</W></C><W>it</W><W>&#39;s</W><W>been</W><W>one</W><W>of</W><W>my</W><W>better</W><W>purchases</W><W>.</W></SENTENCE><SENTENCE><W>I</W><cue ID="0" type="negation"><W>did</W><W>n&#39;t</W></cue><xcope ID="32"><ref COMMENTS="" ID="64" SRC="0"></ref><W>want</W><W>anything</W><W>that</W><W>required</W><W>lots</W><W>of</W><W>care</W><C><W>and</W></C><W>fussing</W></xcope><W>-</W><C><W>and</W></C><W>these</W><cue ID="1" type="negation"><W>DON&#39;T</W></cue><W>!</W><W>!</W></SENTENCE><SENTENCE><W>I</W><W>throw</W><W>them</W><W>in</W><W>the</W><W>dishwasher</W><C><W>and</W></C><W>then</W><W>throw</W><W>them</W><W>in</W><W>a</W><W>messy</W><W>pile</W><W>in</W><W>my</W><W>cabinet</W><C><W>and</W></C><W>the</W><W>still</W><W>look</W><W>new</W><W>!</W><W>!</W></SENTENCE></P><P></P><P><SENTENCE><W>I</W><W>have</W><W>burned</W><W>sauces</W><W>in</W><W>them</W><C><W>and</W></C><xcope ID="34"><ref ID="65" SRC="2"></ref><W>they</W><W>&#39;ve</W><W>cleaned</W><W>right</W><W>up</W><W>with</W><W>little</W><W>effort</W></xcope><C><cue ID="2" type="speculation"><W>or</W></cue></C><xcope ID="33"><ref ID="66" SRC="2"></ref><W>scouring</W></xcope><W>.</W></SENTENCE><SENTENCE><W>I</W><W>even</W><W>use</W><W>(</W><W>gasp</W><W>!</W><W>!</W><W>)</W><W>those</W><W>green</W><W>scratch</W><W>pads</W><C><W>and</W></C><W>they</W><W>still</W><W>look</W><W>great</W><W>!</W></SENTENCE><SENTENCE><W>For</W><W>really</W><W>stubborn</W><W>stuff</W><W>,</W><W>an</W><W>overnight</W><W>soak</W><W>is</W><W>sufficient</W><C><W>and</W></C><W>then</W><W>it</W><W>rinses</W><W>right</W><W>out</W><W>.</W></SENTENCE><SENTENCE><W>I</W><W>always</W><W>use</W><W>a</W><W>spray-on</W><W>shortening</W><W>when</W><W>I</W><W>cook</W><C><W>and</W></C><W>it</W><W>does</W><W>sometimes</W><W>leave</W><W>a</W><W>brown</W><W>residue</W><W>,</W><W>but</W><W>that</W><W>also</W><W>cleans</W><W>up</W><W>with</W><W>a</W><W>tiny</W><W>bit</W><W>of</W><W>effort</W><W>.</W></SENTENCE><SENTENCE><W>The</W><W>manufacturers</W><W>at</W><W>All</W><W>Clad</W><W>caution</W><C><cue ID="3" type="negation"><W>not</W></cue></C><xcope ID="36"><ref ID="67" SRC="3"></ref><W>to</W><W>use</W><W>salt</W><W>in</W><W>the</W><W>pan</W></xcope><C><cue ID="4" type="negation"><W>without</W></cue></C><xcope ID="35"><ref ID="68" SRC="4"></ref><W>first</W><W>adding</W><W>some</W><W>kind</W><W>of</W><W>liquid</W><W>-</W></xcope><W>I</W><W>&#39;m</W><W>imagining</W><W>that</W><W>the</W><W>chemical</W><W>reaction</W><W>of</W><W>the</W><W>salt</W><C><cue ID="5" type="speculation"><W>could</W></cue></C><xcope ID="105"><ref COMMENTS="" ID="106" SRC="5"></ref><xcope ID="103"><ref COMMENTS="" ID="104" SRC="6"></ref><W>pit</W></xcope><C><cue ID="6" type="speculation"><W>or</W></cue></C><xcope ID="38"><ref ID="70" SRC="6"></ref><W>discolor</W><W>the</W><W>pan</W></xcope></xcope><W>.</W></SENTENCE><SENTENCE><W>I</W><W>use</W><W>both</W><W>metal</W><C><W>and</W></C><W>plastic</W><W>tools</W><C><W>and</W></C><xcope ID="109"><ref COMMENTS="" ID="110" SRC="7"></ref><W>they</W></xcope><W>both</W><W>work</W><W>fine</W><C><W>and</W></C><cue ID="8" type="negation"><W>do</W><W>n&#39;t</W></cue><xcope ID="108"><ref COMMENTS="" ID="110" SRC="8"></ref><C><cue ID="7" type="speculation"><W>seem</W></cue></C><xcope ID="107"><ref COMMENTS="" ID="109" SRC="7"></ref><W>to</W><W>cause</W><W>any</W><W>serious</W><W>scratching</W></xcope></xcope><W>.</W></SENTENCE></P><P></P><P><SENTENCE><W>These</W><W>pans</W><C><cue ID="9" type="negation"><W>not</W></cue></C><xcope ID="40"><ref ID="73" SRC="9"></ref><W>only</W><W>look</W><W>professional</W><C><W>and</W></C><W>stylish</W></xcope><W>,</W><W>they</W><W>are</W><W>also</W><W>very</W><W>well-made</W><W>.</W></SENTENCE><SENTENCE><W>They</W><C><W>feel</W></C><W>comfortable</W><W>in</W><W>your</W><W>hand</W><C><W>and</W></C><W>the</W><W>handles</W><cue ID="42" type="negation"><W>do</W><W>n&#39;t</W></cue><xcope ID="43"><ref ID="74" SRC="42"></ref><W>get</W><W>very</W><W>hot</W></xcope><W>.</W></SENTENCE><SENTENCE><W>After</W><W>3</W><W>yrs</W><W>.</W><W>of</W><W>serious</W><W>use</W><W>,</W><xcope ID="111"><ref COMMENTS="" ID="112" SRC="11"></ref><W>the</W><W>handles</W></xcope><C><cue ID="11" type="speculation"><W>seem</W></cue></C><xcope ID="41"><ref ID="75" SRC="11"></ref><W>as</W><W>solidly</W><W>attached</W><W>as</W><W>the</W><W>day</W><W>I</W><W>bought</W><W>them</W></xcope><W>.</W></SENTENCE><SENTENCE><W>Food</W><W>cooks</W><W>evenly</W><C><W>and</W></C><W>pans</W><W>are</W><W>heavily</W><W>weighted</W><W>on</W><W>the</W><W>bottom</W><W>so</W><W>they</W><cue ID="13" type="negation"><W>do</W><W>n&#39;t</W></cue><xcope ID="113"><ref COMMENTS="" ID="114" SRC="13"></ref><xcope COMMENTS="" ID="111"><ref COMMENTS="" ID="112" SRC="12"></ref><W>tip</W></xcope><C><cue ID="12" type="speculation"><W>or</W></cue></C><xcope ID="45"><ref ID="76" SRC="12"></ref><W>warp</W></xcope></xcope><W>.</W></SENTENCE></P><P></P><P><SENTENCE><xcope ID="46"><ref ID="79" SRC="14"></ref><W>The</W><W>dutch</W><W>oven</W></xcope><C><cue ID="14" type="speculation"><W>or</W></cue></C><xcope ID="47"><ref ID="80" SRC="14"></ref><W>stock-type</W><W>pan</W></xcope><W>is</W><W>sufficient</W><W>for</W><W>my</W><W>purposes</W><W>,</W><W>but</W><C><cue ID="15" type="speculation"><W>could</W></cue></C><xcope ID="48"><ref ID="81" SRC="15"></ref><W>be</W><W>a</W><W>tad</W><W>small</W><W>for</W><W>Thanksgiving</W><W>size</W><W>proportions</W></xcope><W>.</W></SENTENCE><SENTENCE><W>It</W><W>&#39;s</W><W>perfect</W><W>for</W><W>pasta</W><W>for</W><W>a</W><W>family</W><W>of</W><W>four</W><W>.</W></SENTENCE><SENTENCE><W>The</W><W>skillet</W><W>is</W><W>a</W><W>fairly</W><W>standard</W><W>size</W><W>,</W><W>but</W><W>is</W><W>nice</W><W>in</W><W>that</W><W>it</W><W>has</W><W>a</W><W>little</W><W>handle</W><W>opposite</W><W>the</W><W>long</W><W>one</W><W>,</W><W>giving</W><W>you</W><W>something</W><W>to</W><W>hold</W><W>on</W><W>to</W><W>when</W><W>pouring</W><W>.</W></SENTENCE><SENTENCE><W>Foods</W><W>,</W><W>such</W><W>as</W><W>omelets</W><W>,</W><W>slide</W><W>gracefully</W><W>out</W><W>of</W><W>the</W><W>sautee</W><W>pan</W><W>(</W><W>the</W><W>only</W><W>pan</W><C><cue ID="16" type="negation"><W>without</W></cue></C><xcope ID="49"><ref ID="82" SRC="16"></ref><W>it</W><W>&#39;s</W><W>own</W><W>lid</W></xcope><W>)</W><W>.</W></SENTENCE><SENTENCE><W>The</W><W>larger</W><W>saucepan</W><W>gets</W><W>a</W><W>lot</W><W>of</W><W>use</W><W>in</W><W>my</W><W>kitchen</W><W>.</W></SENTENCE><SENTENCE><xcope ID="50"><ref COMMENTS="" ID="117" SRC="17"></ref><W>It</W><W>&#39;s</W><W>big</W><W>enough</W><W>to</W><W>boil</W><W>3</W></xcope><C><cue ID="17" type="speculation"><W>or</W></cue></C><xcope ID="51"><ref COMMENTS="" ID="116" SRC="17"></ref><W>4</W><W>potatoes</W></xcope><W>,</W><C><cue ID="19" type="speculation"><W>or</W></cue></C><xcope ID="52"><ref COMMENTS="" ID="115" SRC="17"></ref><W>most</W><W>side</W><W>dishes</W><W>for</W><W>a</W><W>family</W><W>of</W><W>four</W></xcope><W>.</W></SENTENCE><SENTENCE><W>The</W><W>smallest</W><W>saucepan</W><W>is</W><W>tall</W><C><W>and</W></C><W>narrow</W><C><W>and</W></C><W>fit</W><W>perfectly</W><W>on</W><W>the</W><W>smallest</W><W>burner</W><W>of</W><W>your</W><W>stove</W><W>.</W></SENTENCE><SENTENCE><W>Because</W><W>the</W><W>entire</W><W>bottom</W><W>is</W><W>making</W><W>contact</W><W>with</W><W>the</W><W>burner</W><W>,</W><xcope ID="53"><ref ID="89" SRC="20"></ref><W>the</W><W>food</W></xcope><C><cue ID="20" type="speculation"><W>or</W></cue></C><xcope ID="54"><ref ID="90" SRC="20"></ref><W>sauces</W><W>cooked</W><W>in</W><W>this</W><W>pan</W><W>heat</W><W>up</W><W>quickly</W></xcope><W>.</W></SENTENCE><SENTENCE><xcope ID="55"><ref ID="91" SRC="21"></ref><W>I</W><W>use</W><W>it</W><W>for</W><W>soup</W></xcope><C><cue ID="21" type="speculation"><W>or</W></cue></C><xcope ID="56"><ref ID="92" SRC="21"></ref><W>those</W><W>small</W><W>pasta</W><W>mix</W><W>packages</W></xcope><W>.</W></SENTENCE><SENTENCE><xcope ID="57"><ref ID="93" SRC="22"></ref><W>This</W><W>smaller</W><W>saucepan</W><W>is</W><W>perfect</W><W>for</W><W>hollandaise</W></xcope><C><cue ID="22" type="speculation"><W>or</W></cue></C><xcope ID="58"><ref ID="94" SRC="22"></ref><W>white</W><W>sauce</W></xcope><W>!</W></SENTENCE><SENTENCE><W>The</W><W>photo</W><W>is</W><W>deceiving</W><W>in</W><W>that</W><W>there</W><W>is</W><C><cue ID="23" type="negation"><W>not</W></cue></C><xcope ID="59"><ref ID="95" SRC="23"></ref><W>a</W><W>spatula</W><W>included</W><W>in</W><W>this</W><W>set</W><W>.</W></xcope></SENTENCE></P><P></P><P><SENTENCE><W>I</W><C><cue ID="24" type="speculation"><W>think</W></cue></C><xcope ID="60"><ref ID="96" SRC="24"></ref><W>this</W><W>set</W><W>has</W><W>more</W><W>lids</W><W>than</W><W>most</W><W>sets</W><W>of</W><W>its</W><W>size</W></xcope><W>.</W></SENTENCE><SENTENCE><W>The</W><W>photos</W><W>is</W><W>correct</W><W>-</W><W>you</W><W>get</W><W>4</W><W>lids</W><W>in</W><W>this</W><W>set</W><W>!</W></SENTENCE><SENTENCE><W>I</W><W>was</W><W>worried</W><W>about</W><W>the</W><W>lids</W><W>at</W><W>first</W><W>.</W></SENTENCE><SENTENCE><W>While</W><xcope ID="113"><ref COMMENTS="" ID="114" SRC="25"></ref><W>they</W></xcope><C><cue ID="25" type="speculation"><W>seem</W></cue></C><xcope ID="61"><ref ID="97" SRC="25"></ref><W>pretty</W><W>industrial</W></xcope><W>,</W><W>they</W><W>&#39;re</W><W>flat</W><C><W>instead</W></C><W>of</W><W>domed</W><C><W>and</W></C><W>I</W><W>&#39;m</W><W>used</W><W>to</W><W>those</W><W>heavy</W><W>cast</W><W>iron</W><W>type</W><W>.</W></SENTENCE><SENTENCE><W>These</W><W>flat</W><W>lids</W><W>actually</W><W>work</W><W>much</W><W>better</W><W>at</W><W>sealing</W><W>in</W><W>heat</W><W>than</W><W>my</W><W>old</W><W>cast</W><W>iron</W><W>type</W><W>lids</W><W>.</W></SENTENCE><SENTENCE><W>Additionally</W><W>,</W><W>they</W><W>are</W><W>easier</W><W>to</W><W>fit</W><W>in</W><W>the</W><W>dishwasher</W><C><W>and</W></C><W>cabinets</W><W>because</W><W>of</W><W>their</W><W>flat</W><W>shape</W><W>.</W></SENTENCE></P><P></P><P><SENTENCE><W>While</W><W>I</W><W>stated</W><W>several</W><W>times</W><W>that</W><W>these</W><W>pans</W><W>are</W><W>heavy</W><W>,</W><W>I</W><W>need</W><W>to</W><W>point</W><W>that</W><W>they</W><W>are</W><C><cue ID="26" type="negation"><W>not</W></cue></C><xcope ID="62"><ref ID="98" SRC="26"></ref><W>cumbersome</W></xcope><W>.</W></SENTENCE><SENTENCE><W>I</W><W>have</W><W>used</W><W>a</W><W>lot</W><W>of</W><W>cast</W><W>iron</W><W>pans</W><W>(</W><C><W>and</W></C><W>swore</W><W>by</W><W>them</W><W>)</W><W>in</W><W>the</W><W>past</W><C><W>and</W></C><W>these</W><W>are</W><C><cue ID="27" type="negation"><W>not</W></cue></C><xcope ID="100"><ref ID="101" SRC="27"></ref><W>nearly</W><W>as</W><W>bulky</W><C><W>and</W></C><W>hard</W><W>to</W><W>wash</W></xcope><W>.</W></SENTENCE><SENTENCE><W>These</W><W>pans</W><W>are</W><W>much</W><W>,</W><W>much</W><W>easier</W><W>to</W><W>tip</W><W>out</W><W>sauces</W><C><W>and</W></C><W>such</W><W>than</W><W>my</W><W>cast</W><W>iron</W><W>pans</W><W>.</W></SENTENCE></P><P></P><P><SENTENCE><W>They</W><W>cost</W><W>more</W><W>than</W><W>most</W><W>,</W><W>but</W><W>are</W><W>worth</W><W>every</W><W>penny</W><W>!</W><W>!</W></SENTENCE><SENTENCE><C><cue ID="29" type="negation"><W>No</W></cue></C><xcope ID="63"><ref ID="99" SRC="29"></ref><W>more</W><W>of</W><W>those</W><W>gosh</W><W>darn</W><W>non-sticks</W><W>for</W><W>me</W></xcope><W>!</W><W>!</W></SENTENCE></P><P></P><P><SENTENCE><W>WORD</W><W>OF</W><W>WARNING</W><W>:</W><C><cue ID="30" type="speculation"><W>If</W></cue></C><xcope ID="102"><ref ID="103" SRC="30"></ref><W>your</W><W>guests</W><W>see</W><W>you</W><W>pull</W><W>out</W><W>these</W><W>professional-looking</W><W>pans</W><W>to</W><W>cook</W></xcope><W>,</W><W>they</W><W>&#39;re</W><W>going</W><W>to</W><C><W>expect</W></C><W>big</W><W>things</W><W>out</W><W>of</W><W>you</W><W>!</W></SENTENCE></P></DOCUMENT>
