<?xml version="1.0" encoding="UTF-8"?>
<DOCUMENT><P></P><P><SENTENCE><W>I</W><W>guess</W><W>it</W><W>is</W><W>only</W><W>befitting</W><W>that</W><W>since</W><W>I</W><W>wrote</W><W>a</W><W>review</W><W>about</W><W>a</W><W>potato</W><W>masher</W><W>that</W><W>I</W><C><cue ID="0" type="speculation"><W>should</W></cue></C><xcope ID="29"><ref ID="57" SRC="0"></ref><W>write</W><W>about</W><W>the</W><W>companion</W><W>piece</W><W>that</W><W>usually</W><W>goes</W><W>along</W><W>with</W><W>it</W><W>hand</W><C><W>and</W></C><W>hand</W><W>.</W></xcope></SENTENCE></P><P></P><P><SENTENCE><W>When</W><W>purchasing</W><W>a</W><W>peeler</W><W>I</W><W>always</W><W>try</W><W>to</W><W>look</W><W>for</W><W>something</W><W>with</W><W>a</W><W>handle</W><W>that</W><C><cue ID="1" type="speculation"><W>if</W></cue></C><xcope ID="30"><ref ID="58" SRC="1"></ref><W>large</W><W>enough</W><W>to</W><W>grip</W></xcope><C><W>and</W></C><C><cue ID="2" type="negation"><W>not</W></cue></C><xcope ID="31"><ref ID="59" SRC="2"></ref><W>cut</W><W>into</W><W>the</W><W>palms</W><W>of</W><W>your</W><W>hand</W><W>when</W><W>you</W><W>are</W><W>using</W><W>it</W><W>.</W></xcope></SENTENCE></P><P></P><P><SENTENCE><W>I</W><W>have</W><W>tried</W><W>the</W><W>Ecco</W><W>but</W><W>they</W><W>are</W><W>so</W><W>very</W><W>uncomfortable</W><W>as</W><W>the</W><W>handle</W><W>is</W><W>made</W><W>of</W><W>a</W><W>thin</W><W>wire</W><W>that</W><W>does</W><W>cut</W><W>in</W><W>to</W><W>the</W><W>palms</W><W>of</W><W>your</W><W>hand</W><C><W>and</W></C><W>the</W><W>blade</W><W>is</W><W>hard</W><W>to</W><W>control</W><W>.</W></SENTENCE></P><P></P><P><SENTENCE><W>When</W><W>I</W><W>was</W><W>in</W><W>Wal-Mart</W><W>one</W><W>day</W><W>I</W><W>discovered</W><W>the</W><W>Oxo</W><W>7.25</W><W>&#34;</W><W>Steel</W><W>Swivel</W><W>Peeler</W><W>quite</W><W>by</W><W>accident</W><W>.</W></SENTENCE><SENTENCE><W>I</W><W>had</W><W>ground</W><W>my</W><W>old</W><W>Ecco</W><W>peeler</W><W>in</W><W>the</W><W>garbage</W><W>disposal</W><W>by</W><W>accident</W><C><W>and</W></C><W>needed</W><W>something</W><W>to</W><W>replace</W><W>it</W><W>.</W></SENTENCE></P><P></P><P><SENTENCE><W>I</W><W>saw</W><W>the</W><W>Oxo</W><W>7.25</W><W>&#34;</W><W>Steel</W><W>Swivel</W><W>Peeler</W><W>hanging</W><W>on</W><W>the</W><W>display</W><C><W>and</W></C><C><cue ID="3" type="speculation"><W>thought</W></cue></C><xcope ID="33"><ref COMMENTS="" ID="61" SRC="3"></ref><W>I</W><C><cue ID="4" type="speculation"><W>would</W></cue></C><xcope ID="32"><ref ID="60" SRC="4"></ref><W>give</W><W>it</W><W>a</W><W>try</W></xcope><W>.</W></xcope></SENTENCE></P><P></P><P><SENTENCE><W>The</W><W>Oxo</W><W>7.25</W><W>&#34;</W><W>Steel</W><W>Swivel</W><W>Peeler</W><W>says</W><W>it</W><W>is</W><W>made</W><W>of</W><W>steel</W><W>but</W><W>there</W><W>is</W><W>a</W><W>major</W><W>difference</W><W>between</W><W>it</W><C><W>and</W></C><W>the</W><W>Ecco</W><W>.</W></SENTENCE><SENTENCE><W>The</W><W>handle</W><W>of</W><W>the</W><W>Oxo</W><W>7.25</W><W>&#34;</W><W>Steel</W><W>Swivel</W><W>Peeler</W><W>is</W><W>quite</W><W>large</W><C><W>and</W></C><W>made</W><W>out</W><W>of</W><W>a</W><W>rubber</W><W>so</W><W>that</W><W>when</W><xcope ID="86"><ref COMMENTS="" ID="87" SRC="5"></ref><W>your</W><W>hands</W></xcope><W>are</W><W>wet</W><W>it</W><cue ID="6" type="negation"><W>does</W><W>n&#39;t</W></cue><xcope ID="85"><ref COMMENTS="" ID="87" SRC="6"></ref><C><cue ID="5" type="speculation"><W>seem</W></cue></C><xcope ID="84"><ref COMMENTS="" ID="86" SRC="5"></ref><W>to</W><W>slide</W><W>around</W><W>nearly</W><W>as</W><W>much</W></xcope></xcope><W>.</W></SENTENCE><SENTENCE><W>That</W><W>makes</W><W>your</W><W>peeling</W><W>time</W><W>less</W><C><W>and</W></C><W>your</W><W>hands</W><C><W>feel</W></C><W>more</W><W>comfortable</W><C><W>and</W></C><C><cue ID="7" type="negation"><W>not</W></cue></C><xcope ID="35"><ref ID="64" SRC="7"></ref><W>nearly</W><W>as</W><W>fatigued</W></xcope><W>.</W></SENTENCE></P><P></P><P><SENTENCE><C><cue ID="9" type="speculation"><W>If</W></cue></C><xcope ID="36"><ref ID="65" SRC="9"></ref><W>you</W><W>are</W><W>looking</W><W>for</W><W>something</W><W>shiney</W><W>like</W><W>the</W><W>Ecco</W></xcope><W>then</W><W>I</W><C><cue ID="10" type="speculation"><W>suggest</W></cue></C><xcope ID="38"><ref ID="66" SRC="10"></ref><W>that</W><W>you</W><W>stick</W><W>with</W><W>Ecco</W><W>as</W><W>this</W><W>peeler</W><cue ID="11" type="negation"><W>is</W><W>n&#39;t</W></cue><xcope ID="37"><W>it</W></xcope><W>.</W></xcope></SENTENCE><SENTENCE><W>It</W><W>has</W><W>brushed</W><W>steel</W><W>so</W><W>that</W><W>leaves</W><W>the</W><W>shine</W><W>out</W><W>.</W></SENTENCE></P><P></P><P><SENTENCE><W>The</W><W>blade</W><W>itself</W><W>it</W><W>made</W><W>of</W><W>steel</W><C><W>and</W></C><W>has</W><C><cue ID="12" type="negation"><W>not</W></cue></C><xcope ID="39"><ref ID="67" SRC="12"></ref><W>rusted</W><W>on</W><W>me</W><W>like</W><W>the</W><W>Ecco</W></xcope><W>.</W></SENTENCE><SENTENCE><W>I</W><W>like</W><W>that</W><W>a</W><W>lot</W><W>since</W><W>I</W><W>am</W><C><cue ID="13" type="negation"><W>not</W></cue></C><xcope ID="41"><ref ID="69" SRC="13"></ref><W>having</W><W>to</W><W>replace</W><W>what</W><C><cue ID="14" type="speculation"><W>seems</W></cue></C><xcope ID="40"><ref ID="68" SRC="14"></ref><W>to</W><W>be</W><W>like</W><W>very</W><W>other</W><W>month</W></xcope></xcope><W>,</W><W>in</W><W>fact</W><W>I</W><W>have</W><C><cue ID="15" type="negation"><W>never</W></cue></C><xcope ID="42"><ref ID="70" SRC="15"></ref><W>replaced</W><W>the</W><W>Oxo</W><W>7.25</W><W>&#34;</W><W>Steel</W><W>Swivel</W><W>Peeler</W><W>since</W><W>I</W><W>bought</W><W>it</W><W>over</W><W>a</W><W>year</W><W>ago</W></xcope><W>.</W></SENTENCE></P><P></P><P><SENTENCE><W>When</W><W>looking</W><W>at</W><W>the</W><W>Oxo</W><W>7.25</W><W>&#34;</W><W>Steel</W><W>Swivel</W><W>Peeler</W><W>you</W><W>will</W><W>see</W><W>that</W><W>the</W><W>blade</W><W>has</W><W>a</W><W>elongated</W><W>hole</W><W>right</W><W>down</W><W>the</W><W>middle</W><W>of</W><W>it</W><W>.</W></SENTENCE><SENTENCE><W>On</W><C><cue ID="16" type="speculation"><W>either</W></cue></C><xcope ID="43"><ref ID="71" SRC="16"></ref><W>side</W><W>of</W><W>the</W><W>hole</W><W>there</W><W>is</W><W>a</W><W>blade</W></xcope><W>that</W><W>you</W><C><cue ID="17" type="speculation"><W>can</W></cue></C><xcope ID="44"><ref ID="72" SRC="17"></ref><W>use</W><W>so</W><W>that</W><W>makes</W><W>it</W><W>nice</W><W>for</W><W>people</W><W>that</W><W>are</W><W>left</W><W>handed</W><C><W>and</W></C><W>right</W><W>handed</W></xcope><W>.</W></SENTENCE></P><P></P><P><SENTENCE><W>Also</W><W>with</W><W>this</W><W>blade</W><W>when</W><W>scraping</W><W>vegetables</W><W>you</W><C><cue ID="18" type="speculation"><W>can</W></cue></C><xcope ID="45"><ref ID="73" SRC="18"></ref><W>go</W><W>up</W><C><W>and</W></C><W>down</W></xcope><C><W>instead</W></C><W>of</W><W>one</W><W>directions</W><C><W>and</W></C><W>the</W><W>blade</W><W>will</W><W>catch</W><W>the</W><W>skin</W><W>going</W><W>both</W><W>ways</W><W>.</W></SENTENCE><SENTENCE><W>The</W><W>blade</W><W>does</W><W>swivel</W><W>back</W><C><W>and</W></C><W>forth</W><W>for</W><W>ease</W><W>of</W><W>use</W><W>but</W><cue ID="19" type="negation"><W>does</W><W>n&#39;t</W></cue><xcope ID="46"><ref COMMENTS="" ID="74" SRC="19"></ref><W>go</W><W>too</W><W>far</W><W>so</W><W>that</W><W>you</W><W>have</W><W>trouble</W></xcope><W>.</W></SENTENCE></P><P></P><P><SENTENCE><W>The</W><W>Oxo</W><W>7.25</W><W>&#34;</W><W>Steel</W><W>Swivel</W><W>Peeler</W><W>measures</W><W>7</W><W>1/4</W><W>inches</W><W>from</W><W>the</W><W>top</W><W>of</W><W>the</W><W>blade</W><W>to</W><W>the</W><W>end</W><W>of</W><W>the</W><W>handle</W><W>.</W></SENTENCE><SENTENCE><W>That</W><W>makes</W><W>it</W><W>nice</W><W>as</W><W>it</W><cue ID="20" type="negation"><W>is</W><W>n&#39;t</W></cue><xcope ID="47"><ref COMMENTS="" ID="75" SRC="20"></ref><W>too</W><W>large</W><W>but</W><W>large</W><W>enough</W><W>to</W><W>get</W><W>the</W><W>job</W><W>done</W><W>effectively</W><W>.</W></xcope></SENTENCE></P><P></P><P><SENTENCE><W>On</W><W>the</W><W>end</W><W>of</W><W>the</W><W>blade</W><W>you</W><W>will</W><W>see</W><W>something</W><W>that</W><W>resembles</W><W>a</W><W>point</W><W>,</W><xcope ID="48"><ref ID="76" SRC="21"></ref><W>this</W><W>is</W><W>what</W><W>you</W><W>use</W><W>to</W><W>remove</W><W>the</W><W>eyes</W><W>from</W><W>potatoes</W></xcope><C><cue ID="21" type="speculation"><W>or</W></cue></C><xcope ID="49"><ref ID="77" SRC="21"></ref><W>spots</W><W>from</W><W>your</W><W>other</W><W>vegetables</W><W>.</W></xcope></SENTENCE></P><P></P><P><SENTENCE><W>Now</W><W>the</W><W>Oxo</W><W>7.25</W><W>&#34;</W><W>Steel</W><W>Swivel</W><W>Peeler</W><cue ID="24" type="negation"><W>is</W><W>n&#39;t</W></cue><xcope ID="50"><ref COMMENTS="" ID="78" SRC="24"></ref><W>just</W><W>for</W><W>potatoes</W></xcope><W>,</W><W>you</W><C><cue ID="22" type="speculation"><W>can</W></cue></C><xcope ID="51"><ref ID="79" SRC="22"></ref><W>use</W><W>it</W><W>for</W><W>cucumbers</W></xcope><W>,</W><W>carrots</W><W>,</W><W>zucchini</W><W>,</W><W>apples</W><W>,</W><W>peaches</W><C><W>and</W></C><xcope ID="53"><ref ID="80" SRC="23"></ref><W>whatever</W><W>fruit</W></xcope><C><cue ID="23" type="speculation"><W>or</W></cue></C><xcope ID="54"><ref ID="81" SRC="23"></ref><W>vegetable</W><W>that</W><W>is</W><W>firm</W><C><W>and</W></C><W>has</W><W>a</W><W>very</W><W>thin</W><W>skin</W></xcope><W>.</W></SENTENCE></P><P></P><P><SENTENCE><W>Another</W><W>thing</W><W>I</W><W>like</W><W>the</W><W>Oxo</W><W>7.25</W><W>&#34;</W><W>Steel</W><W>Swivel</W><W>Peeler</W><W>is</W><W>you</W><C><cue ID="25" type="speculation"><W>can</W></cue></C><xcope ID="55"><ref ID="82" SRC="25"></ref><W>make</W><W>chocolate</W><W>curles</W><W>for</W><W>cakes</W></xcope><C><W>and</W></C><W>cupcakes</W><W>by</W><W>running</W><W>the</W><W>blade</W><W>down</W><W>the</W><W>side</W><W>of</W><W>a</W><W>piece</W><W>of</W><W>baking</W><W>chocolate</W><W>that</W><W>has</W><W>been</W><W>chilled</W><W>.</W></SENTENCE></P><P></P><P><SENTENCE><C><cue ID="27" type="speculation"><W>If</W></cue></C><xcope ID="83"><ref ID="84" SRC="27"></ref><W>you</W><W>are</W><W>one</W><W>of</W><W>these</W><W>people</W><W>that</W><W>prefers</W><W>to</W><W>hang</W><W>thing</W><C><W>instead</W></C><W>of</W><W>placing</W><W>them</W><W>in</W><W>the</W><W>drawer</W><W>then</W><W>you</W><W>are</W><W>in</W><W>luck</W></xcope><W>.</W></SENTENCE><SENTENCE><W>The</W><W>Oxo</W><W>7.25</W><W>&#34;</W><W>Steel</W><W>Swivel</W><W>Peeler</W><W>does</W><W>have</W><W>a</W><W>hole</W><W>in</W><W>the</W><W>handle</W><W>for</W><W>this</W><W>purpose</W><W>.</W></SENTENCE></P><P></P><P><SENTENCE><W>I</W><W>usually</W><W>just</W><W>place</W><W>mine</W><W>in</W><W>the</W><W>drawer</W><C><W>and</W></C><W>when</W><W>the</W><W>dishwasher</W><W>is</W><W>too</W><W>full</W><W>I</W><W>slip</W><W>the</W><W>handle</W><W>over</W><W>one</W><W>of</W><W>the</W><W>spindles</W><W>in</W><W>the</W><W>dishwasher</W><C><W>and</W></C><W>let</W><W>it</W><W>hang</W><W>so</W><W>that</W><W>way</W><W>I</W><C><cue ID="28" type="speculation"><W>can</W></cue></C><xcope ID="56"><ref ID="85" SRC="28"></ref><W>get</W><W>it</W><W>good</W><C><W>and</W></C><W>clean</W></xcope><W>.</W></SENTENCE></P><P></P><P><SENTENCE><W>The</W><W>clean</W><W>up</W><W>is</W><W>easy</W><W>,</W><W>like</W><W>I</W><W>said</W><W>above</W><W>,</W><W>just</W><W>place</W><W>in</W><W>the</W><W>dishwasher</W><C><W>and</W></C><W>slip</W><W>into</W><W>the</W><W>drawer</W><W>when</W><W>done</W><W>.</W></SENTENCE></P><P></P><P><SENTENCE><W>The</W><W>next</W><W>time</W><W>you</W><W>are</W><W>looking</W><W>for</W><W>a</W><W>peeler</W><W>give</W><W>Oxo</W><W>7.25</W><W>&#34;</W><W>Steel</W><W>Swivel</W><W>Peeler</W><W>a</W><W>try</W><W>it</W><W>&#39;s</W><W>worth</W><W>the</W><W>extra</W><W>$</W><W>2.00</W><W>that</W><W>you</W><W>will</W><W>spend</W><W>.</W></SENTENCE></P><P></P><P><SENTENCE><W>Thanks</W><W>for</W><W>reading</W><W>.</W></SENTENCE></P></DOCUMENT>
