<?xml version="1.0" encoding="UTF-8"?>
<DOCUMENT><P></P><P><SENTENCE><W>I</W><W>am</W><W>a</W><W>trained</W><W>chef</W><C><W>and</W></C><W>I</W><W>have</W><W>owned</W><W>2</W><W>of</W><W>my</W><W>own</W><W>restaurants</W><C><W>and</W></C><W>I</W><W>have</W><W>to</W><W>tell</W><W>you</W><W>I</W><W>have</W><C><cue ID="0" type="negation"><W>never</W></cue></C><xcope ID="25"><ref ID="55" SRC="0"></ref><W>cooked</W><W>on</W><W>anything</W><W>that</W><W>comes</W><W>even</W><W>close</W><W>to</W><W>the</W><W>performance</W><W>of</W><W>All-Clad</W><W>cookware</W></xcope><W>.</W></SENTENCE><SENTENCE><cue ID="1" type="negation"><W>Do</W><W>n&#39;t</W></cue><xcope ID="26"><ref COMMENTS="" ID="56" SRC="1"></ref><W>get</W><W>me</W><W>wrong</W></xcope><W>,</W><W>I</W><W>have</W><W>owned</W><W>lots</W><W>of</W><W>other</W><W>cookware</W><W>,</W><xcope ID="28"><ref ID="57" SRC="2"></ref><W>but</W><W>they</W><W>all</W><W>fell</W><W>short</W><W>in</W><W>one</W><W>way</W></xcope><C><cue ID="2" type="speculation"><W>or</W></cue></C><xcope ID="27"><ref ID="58" SRC="2"></ref><W>another</W></xcope><W>.</W></SENTENCE><SENTENCE><W>There</W><W>is</W><W>a</W><W>so</W><W>called</W><W>professional</W><W>cookware</W><W>that</W><W>is</W><W>made</W><W>from</W><W>hard</W><W>anodized</W><W>aluminum</W><W>I</W><C><cue ID="3" type="speculation"><W>think</W></cue></C><xcope ID="29"><ref ID="59" SRC="3"></ref><W>it</W><W>is</W><W>spelled</W><W>Calaphon</W></xcope><W>,</W><cue ID="4" type="negation"><W>DON&#39;T</W></cue><xcope ID="30"><ref COMMENTS="" ID="60" SRC="4"></ref><W>waste</W><W>your</W><W>hard</W><W>earned</W><W>money</W><W>on</W><W>this</W><W>hard</W><W>anodized</W><W>cookware</W></xcope><W>,</W><C><W>and</W></C><W>then</W><W>there</W><W>is</W><W>a</W><W>very</W><W>famous</W><W>chef</W><W>from</W><W>Austria</W><W>that</W><W>sells</W><W>his</W><W>own</W><W>cookware</W><W>on</W><W>HSN</W><W>network</W><C><W>and</W></C><W>he</W><W>claims</W><W>he</W><W>uses</W><W>it</W><W>in</W><W>his</W><W>restaurants</W><W>.</W></SENTENCE><SENTENCE><W>Mr.</W><W>Puck</W><C><cue ID="5" type="speculation"><W>might</W></cue></C><xcope ID="31"><ref ID="61" SRC="5"></ref><W>use</W><W>it</W><W>in</W><W>his</W><W>restaurant</W></xcope><W>but</W><C><cue ID="6" type="speculation"><W>if</W></cue></C><xcope ID="32"><ref ID="62" SRC="6"></ref><W>he</W><W>does</W><W>he</W><W>destroyes</W><W>a</W><W>bunch</W><W>of</W><W>it</W></xcope><W>.</W></SENTENCE><SENTENCE><W>On</W><W>the</W><W>other</W><W>hand</W><W>I</W><W>did</W><W>use</W><W>my</W><W>All-Clad</W><W>in</W><W>both</W><W>of</W><W>my</W><W>restaurants</W><C><W>and</W></C><W>I</W><W>&#39;m</W><C><cue ID="7" type="negation"><W>not</W></cue></C><xcope ID="33"><ref ID="63" SRC="7"></ref><W>saying</W><W>that</W><W>I</W><W>am</W><W>a</W><W>famous</W><W>chef</W></xcope><W>but</W><W>I</W><W>am</W><W>saying</W><W>that</W><W>anybody</W><W>that</W><W>wants</W><W>to</W><W>cook</W><W>like</W><W>one</W><W>of</W><W>the</W><W>famous</W><W>chefs</W><W>,</W><W>buy</W><W>a</W><W>set</W><W>of</W><W>All-Clad</W><W>cookware</W><W>.</W></SENTENCE><SENTENCE><W>The</W><W>reason</W><W>I</W><W>love</W><W>cooking</W><W>on</W><W>it</W><W>so</W><W>much</W><W>is</W><W>the</W><W>way</W><W>it</W><W>conducts</W><W>heat</W><W>.</W></SENTENCE><SENTENCE><C><W>And</W></C><W>afterall</W><W>that</W><W>is</W><W>what</W><W>cooking</W><W>is</W><W>all</W><W>about</W><W>.</W></SENTENCE><SENTENCE><W>The</W><W>reason</W><W>All-Clad</W><W>conducts</W><W>heat</W><W>so</W><W>much</W><W>better</W><W>is</W><W>that</W><W>they</W><W>have</W><W>a</W><W>stainless</W><W>steel</W><W>outside</W><C><W>and</W></C><W>an</W><W>aluminum</W><W>in</W><W>the</W><W>middle</W><C><W>and</W></C><xcope ID="35"><ref ID="64" SRC="8"></ref><W>another</W><W>stainless</W><W>steel</W><W>skin</W><W>on</W><W>the</W><W>inside</W><W>of</W><W>the</W><W>pans</W></xcope><C><cue ID="8" type="speculation"><W>or</W></cue></C><xcope ID="34"><ref ID="65" SRC="8"></ref><W>pots</W></xcope><W>.</W></SENTENCE><SENTENCE><W>Stainless</W><W>steel</W><W>is</W><W>a</W><W>great</W><W>metal</W><W>but</W><W>it</W><cue ID="9" type="negation"><W>does</W><W>n&#39;t</W></cue><xcope ID="36"><ref COMMENTS="" ID="66" SRC="9"></ref><W>conduct</W><W>heat</W><W>very</W><W>evenly</W></xcope><W>,</W><W>on</W><W>the</W><W>other</W><W>hand</W><W>,</W><W>aluminum</W><W>is</W><W>great</W><W>at</W><W>conducting</W><W>heat</W><W>evenly</W><W>but</W><W>it</W><W>does</W><W>n&#39;t</W><W>hold</W><W>up</W><W>very</W><W>well</W><W>,</W><W>but</W><W>put</W><W>them</W><W>together</W><C><W>and</W></C><W>WOW</W><W>WEE</W><W>what</W><W>a</W><W>wonderful</W><W>marrage</W><W>of</W><W>two</W><W>great</W><W>metals</W><W>.</W></SENTENCE><SENTENCE><C><W>And</W></C><C><cue ID="10" type="speculation"><W>if</W></cue></C><xcope ID="37"><ref ID="67" SRC="10"></ref><W>you</W><W>ever</W><W>see</W><W>an</W><W>All-Clad</W><W>pan</W><W>cut</W><W>in</W><W>half</W></xcope><W>,</W><W>you</W><W>will</W><W>see</W><W>what</W><W>I</W><W>mean</W><W>.</W></SENTENCE><SENTENCE><W>The</W><W>bottom</W><W>of</W><W>all</W><W>,</W><W>All-Clad</W><W>cookware</W><W>has</W><W>about</W><W>1/4</W><W>inch</W><W>of</W><W>aluminum</W><W>sandwitched</W><W>between</W><W>two</W><W>skins</W><W>of</W><W>stainless</W><W>steel</W><W>.</W></SENTENCE><SENTENCE><W>As</W><W>far</W><W>a</W><W>finish</W><W>is</W><W>concerned</W><W>,</W><W>I</W><W>have</W><C><cue ID="11" type="negation"><W>not</W></cue></C><xcope ID="38"><ref ID="68" SRC="11"></ref><W>seen</W><W>a</W><W>better</W><W>set</W><W>of</W><W>cookware</W><W>in</W><W>my</W><W>life</W></xcope><W>.</W></SENTENCE><SENTENCE><C><cue ID="13" type="speculation"><W>If</W></cue></C><xcope ID="39"><ref ID="69" SRC="13"></ref><W>you</W><W>want</W><W>to</W><W>keep</W><W>the</W><W>beautiful</W><W>finish</W><W>on</W><W>your</W><W>All-Clad</W><W>cookware</W></xcope><cue ID="40" type="negation"><W>dont</W></cue><xcope ID="41"><ref COMMENTS="" ID="81" SRC="72"></ref><W>use</W><W>steel</W><W>wool</W></xcope><C><cue ID="12" type="speculation"><W>or</W></cue></C><xcope ID="42"><ref COMMENTS="" ID="82" SRC="72"></ref><W>the</W><W>green</W><W>scotchbrite</W><W>sponges</W></xcope><C><cue COMMENTS="" ID="72" type="speculation"><W>or</W></cue></C><xcope ID="43"><ref COMMENTS="" ID="83" SRC="72"></ref><W>pads</W><W>on</W><W>the</W><W>outside</W><W>of</W><W>your</W><W>pots</W><C><W>and</W></C><W>pans</W></xcope><W>.</W></SENTENCE><SENTENCE><W>All-Clad</W><W>does</W><W>make</W><W>many</W><W>types</W><W>of</W><W>exterior</W><W>materials</W><W>for</W><W>there</W><W>cookware</W><C><cue ID="14" type="speculation"><W>or</W></cue></C><xcope COMMENTS="" ID="80"><ref COMMENTS="" ID="81" SRC="14"></ref><W>I</W><C><cue ID="15" type="speculation"><W>should</W></cue></C><xcope ID="44"><ref COMMENTS="" ID="79" SRC="15"></ref><W>say</W><W>finishes</W></xcope></xcope><W>.</W></SENTENCE><SENTENCE><W>The</W><W>one</W><W>I</W><W>use</W><W>is</W><W>the</W><W>bright</W><W>Stainless</W><W>steel</W><W>inside</W><C><W>and</W></C><W>out</W><W>,</W><W>but</W><W>they</W><W>have</W><W>the</W><W>chefs</W><W>style</W><W>which</W><W>is</W><W>a</W><W>dull</W><W>stainless</W><W>outside</W><W>and.They</W><W>also</W><W>have</W><W>the</W><W>LTD</W><W>version</W><C><W>and</W></C><W>that</W><W>is</W><W>black</W><W>on</W><W>the</W><W>outside</W><C><W>and</W></C><W>they</W><W>also</W><W>have</W><W>the</W><W>Copper</W><W>but</W><W>I</W><W>do</W><W>n&#39;t</W><W>know</W><W>much</W><W>about</W><W>this</W><W>beautiful</W><W>cookware</W><C><W>except</W></C><W>that</W><W>it</W><W>is</W><W>the</W><W>most</W><W>expensive</W><C><W>and</W></C><W>most</W><C><cue ID="16" type="speculation"><W>likely</W></cue></C><xcope ID="45"><ref COMMENTS="" ID="82" SRC="16"></ref><W>the</W><W>best</W><W>at</W><W>conducting</W><W>heat</W><C><W>and</W></C><W>keeping</W><W>it</W><W>hot</W><W>.</W></xcope></SENTENCE></P><P></P><P><SENTENCE><W>I</W><C><cue ID="17" type="speculation"><W>could</W></cue></C><xcope ID="46"><ref COMMENTS="" ID="83" SRC="17"></ref><W>go</W><W>on</W><C><W>and</W></C><W>on</W><W>about</W><W>how</W><W>wonderful</W><W>this</W><W>cookware</W></xcope><W>is</W><W>,</W><W>but</W><W>the</W><W>bottom</W><W>line</W><W>is</W><W>you</W><C><cue ID="18" type="speculation"><W>should</W></cue></C><xcope ID="47"><ref COMMENTS="" ID="84" SRC="18"></ref><W>try</W><W>it</W><W>for</W><W>yourself</W></xcope><W>.</W></SENTENCE><SENTENCE><C><cue ID="19" type="speculation"><W>If</W></cue></C><xcope ID="49"><ref COMMENTS="" ID="87" SRC="19"></ref><W>you</W><cue ID="20" type="speculation"><W>ca</W><W>n&#39;t</W></cue><xcope ID="48"><ref COMMENTS="" ID="86" SRC="20"></ref><W>afford</W><W>a</W><W>whole</W><W>set</W></xcope></xcope><W>,</W><W>buy</W><W>one</W><W>peice</W><C><W>and</W></C><W>see</W><W>for</W><W>yourself</W><W>.</W></SENTENCE><SENTENCE><W>I</W><W>did</W><W>read</W><W>some</W><W>other</W><W>reviews</W><C><W>and</W></C><W>the</W><W>reviewers</W><W>said</W><W>that</W><W>the</W><W>thing</W><W>they</W><cue ID="22" type="negation"><W>did</W><W>n&#39;t</W></cue><xcope ID="50"><ref COMMENTS="" ID="88" SRC="22"></ref><W>like</W><W>about</W><W>All-Clad</W><W>cookware</W><W>is</W><W>that</W><W>it</W><W>was</W><W>hard</W><W>to</W><W>clean</W></xcope><W>,</W><C><cue ID="21" type="negation"><W>NO</W></cue></C><xcope ID="51"><ref COMMENTS="" ID="89" SRC="21"></ref><W>WAY</W></xcope><W>!</W><W>!</W><W>!</W></SENTENCE></P><P></P><P><SENTENCE><W>it</W><W>is</W><W>harder</W><W>than</W><W>a</W><W>non</W><W>stick</W><W>surface</W><W>,</W><W>but</W><C><cue ID="23" type="speculation"><W>if</W></cue></C><xcope ID="52"><ref ID="90" SRC="23"></ref><W>you</W><W>really</W><W>burn</W><W>something</W><W>into</W><W>the</W><W>pan</W></xcope><W>just</W><W>put</W><W>a</W><W>small</W><W>amount</W><W>of</W><W>Dawn</W><C><W>and</W></C><xcope ID="53"><ref ID="91" SRC="24"></ref><W>a</W><W>little</W><W>bit</W><W>of</W><W>water</W><W>in</W><W>the</W><W>pan</W></xcope><C><cue ID="24" type="speculation"><W>or</W></cue></C><xcope ID="54"><ref ID="92" SRC="24"></ref><W>pot</W></xcope><C><W>and</W></C><W>let</W><W>it</W><W>soak</W><C><W>and</W></C><W>in</W><W>a</W><W>few</W><W>minutes</W><W>it</W><W>will</W><W>come</W><W>clean</W><W>.</W></SENTENCE><SENTENCE><W>The</W><W>good</W><W>really</W><W>out</W><W>weighs</W><W>the</W><W>bad</W><W>when</W><W>it</W><W>comes</W><W>to</W><W>All-Clad</W><W>cookware</W><W>.</W></SENTENCE></P></DOCUMENT>
