<?xml version="1.0" encoding="UTF-8"?>
<DOCUMENT><P></P><P><SENTENCE><W>hello</W><W>,</W></SENTENCE></P><P></P><P><SENTENCE><W>one</W><W>of</W><W>my</W><W>favorite</W><W>hobbies</W><W>is</W><W>cooking</W><W>.</W></SENTENCE><SENTENCE><W>i</W><W>have</W><W>enjoyed</W><W>this</W><W>since</W><W>i</W><W>was</W><W>nine</W><W>years</W><W>old</W><W>when</W><W>i</W><C><cue COMMENTS="" ID="0" type="speculation"><W>would</W></cue></C><xcope COMMENTS="" ID="1"><ref COMMENTS="" ID="2" SRC="0"></ref><W>come</W><W>home</W><W>at</W><W>lunch</W><W>time</W></xcope><C><W>and</W></C><W>prepare</W><W>my</W><W>own</W><W>meals</W><W>(</W><W>latch-key</W><W>kid</W><W>,</W><W>you</W><W>know</W><W>)</W><W>.</W></SENTENCE><SENTENCE><W>i</W><W>did</W><W>that</W><W>through</W><W>high</W><W>school</W><C><W>and</W></C><W>yep</W><W>this</W><W>went</W><W>through</W><W>college</W><C><W>and</W></C><C><W>and</W></C><W>then</W><W>professional</W><W>school</W><W>.</W></SENTENCE></P><P></P><P><SENTENCE><W>i</W><W>bought</W><W>my</W><W>first</W><W>set</W><W>of</W><W>all-clad</W><W>when</W><W>i</W><W>was</W><W>doing</W><W>my</W><W>residency</W><W>.</W></SENTENCE><SENTENCE><W>a</W><W>residents</W><W>life</W><W>is</W><W>miserable</W><C><W>and</W></C><W>the</W><W>only</W><W>joy</W><W>i</W><W>had</W><W>was</W><W>cooking</W><W>a</W><W>nice</W><W>meal</W><W>.</W></SENTENCE><SENTENCE><W>all-clad</W><W>fit</W><W>the</W><W>bill</W><W>.</W></SENTENCE><SENTENCE><W>its</W><W>weight</W><C><W>and</W></C><W>balance</W><W>is</W><W>perfect</W><W>.</W></SENTENCE><SENTENCE><C><W>and</W></C><W>after</W><W>learning</W><W>the</W><W>correct</W><W>temperature</W><C><W>and</W></C><W>slightly</W><W>different</W><W>techniques</W><W>to</W><W>cook</W><W>the</W><W>things</W><W>i</W><W>loved</W><W>,</W><W>i</W><W>was</W><W>more</W><W>than</W><W>content</W><W>.</W></SENTENCE></P><P></P><P><SENTENCE><W>this</W><W>line</W><W>of</W><W>cookware</W><W>allowed</W><W>me</W><W>to</W><W>push</W><W>the</W><W>boundaries</W><W>of</W><W>what</W><W>i</W><W>was</W><W>used</W><W>to</W><W>.</W></SENTENCE><SENTENCE><W>caramelization</W><W>was</W><W>easier</W><C><W>and</W></C><W>simmering</W><W>was</W><W>more</W><W>even</W><W>.</W></SENTENCE><SENTENCE><W>i</W><cue ID="3" type="negation"><W>did</W><W>n&#39;t</W></cue><xcope ID="58"><ref COMMENTS="" ID="60" SRC="3"></ref><C><cue ID="4" type="speculation"><W>believe</W></cue></C><xcope ID="57"><ref COMMENTS="" ID="59" SRC="4"></ref><W>it</W><W>at</W><W>first</W><W>that</W><W>cookware</W><W>made</W><W>such</W><W>a</W><W>difference</W><W>but</W><W>now</W><W>i</W><W>do</W></xcope></xcope><W>!</W></SENTENCE></P><P></P><P><SENTENCE><W>i</W><cue ID="5" type="negation"><W>do</W><W>n&#39;t</W></cue><xcope ID="9"><ref COMMENTS="" ID="14" SRC="5"></ref><W>like</W><W>the</W><W>master-chef</W><W>line</W></xcope><W>.</W></SENTENCE><SENTENCE><C><cue ID="6" type="negation"><W>no</W></cue></C><xcope ID="10"><ref COMMENTS="" ID="13" SRC="6"></ref><W>performance</W><W>reason</W></xcope><W>,</W><W>just</W><W>for</W><W>me</W><W>,</W><W>the</W><W>black</W><W>is</W><W>unesthetic</W><W>.</W></SENTENCE><SENTENCE><W>better</W><W>performance</W><W>from</W><W>the</W><W>anodized</W><W>aluminum</W><W>exterior</W><W>?</W></SENTENCE><SENTENCE><C><cue ID="7" type="speculation"><W>probably</W></cue></C><W>.</W></SENTENCE></P><P></P><P><SENTENCE><W>i</W><W>started</W><W>with</W><W>a</W><W>ten</W><W>piece</W><W>set</W><W>.</W></SENTENCE><SENTENCE><xcope ID="20"><ref ID="21" SRC="15"></ref><W>i</W><W>now</W><W>have</W><W>over</W><W>forty-five</W><W>pieces</W><W>with</W><W>one</W></xcope><C><cue ID="15" type="speculation"><W>or</W></cue></C><xcope ID="17"><ref ID="19" SRC="15"></ref><W>two</W><W>items</W><W>being</W><W>redundant</W></xcope><W>.</W></SENTENCE><SENTENCE><W>i</W><W>started</W><W>with</W><W>mostly</W><W>stainless</W><W>steel</W><W>,</W><W>then</W><W>tried</W><W>a</W><W>few</W><W>copper</W><W>pieces</W><W>but</W><W>the</W><W>constant</W><W>attention</W><W>that</W><W>the</W><W>copper</W><W>exterior</W><W>needed</W><W>was</W><W>annoying</W><W>.</W></SENTENCE><SENTENCE><W>i</W><W>finally</W><W>stumbled</W><W>onto</W><W>williams</W><W>sonoma</W><W>&#39;s</W><W>&#39;copper-core</W><W>&#39;</W><W>.</W><W>it</W><W>has</W><W>a</W><W>core</W><W>of</W><W>copper</W><C><W>and</W></C><W>is</W><W>an</W><W>absolute</W><W>dream</W><W>to</W><W>cook</W><W>with</W><W>.</W></SENTENCE><SENTENCE><W>i</W><C><cue ID="16" type="speculation"><W>thought</W></cue></C><xcope ID="18"><ref ID="22" SRC="16"></ref><W>my</W><W>beginner</W><W>stainless</W><W>was</W><W>excellent</W><W>but</W><W>the</W><W>copper-core</W><W>is</W><W>unbelievable</W></xcope><W>.</W></SENTENCE><SENTENCE><W>i</W><W>have</W><W>almost</W><W>every</W><W>piece</W><W>in</W><W>that</W><W>line</W><W>.</W></SENTENCE><SENTENCE><W>temperature</W><W>eveness</W><W>is</W><W>unmatched</W><W>!</W></SENTENCE></P><P></P><P><SENTENCE><W>copper-core</W><W>is</W><W>expensive</W><W>but</W><C><cue ID="23" type="speculation"><W>if</W></cue></C><xcope ID="25"><ref ID="28" SRC="23"></ref><W>i</W><W>had</W><W>to</W><W>recommend</W><W>essential</W><W>three</W><W>pieces</W></xcope><W>,</W><W>they</W><C><cue ID="24" type="speculation"><W>would</W></cue></C><xcope ID="26"><ref ID="27" SRC="24"></ref><W>be</W><W>as</W><W>follows</W></xcope><W>:</W><W>the</W><W>chef</W><W>&#39;s</W><W>pan</W><W>,</W><W>the</W><W>4</W><W>quart</W><W>sauce</W><C><W>and</W></C><W>the</W><W>8</W><W>quart</W><W>stock</W><W>pot</W><W>.</W></SENTENCE></P><P></P><P><SENTENCE><W>i</W><W>wish</W><W>they</W><C><cue ID="29" type="speculation"><W>would</W></cue></C><xcope ID="30"><ref ID="31" SRC="29"></ref><W>make</W><W>the</W><W>pasta</W><W>pentola</W><W>in</W><W>a</W><W>beautiful</W><W>copper</W><W>core</W><W>for</W></xcope><W>,</W><W>as</W><W>far</W><W>as</W><W>i</W><W>know</W><W>,</W><W>it</W><W>comes</W><W>only</W><W>in</W><W>stainless</W><W>steel</W><W>.</W></SENTENCE></P><P></P><P><SENTENCE><W>am</W><W>i</W><W>being</W><W>biased</W><W>towards</W><W>all-clad</W><W>?</W></SENTENCE><SENTENCE><W>i</W><cue ID="33" type="negation"><W>do</W><W>n&#39;t</W></cue><xcope ID="62"><ref COMMENTS="" ID="64" SRC="33"></ref><C><cue ID="32" type="speculation"><W>think</W></cue></C><xcope COMMENTS="" ID="61"><ref COMMENTS="" ID="63" SRC="32"></ref><W>so</W></xcope></xcope><W>(</W><W>their</W><W>tea</W><W>kettle</W><W>is</W><W>one</W><W>of</W><W>the</W><W>ugliest</W><W>i</W><W>have</W><W>seen</W><W>)</W><W>.</W></SENTENCE><SENTENCE><W>i</W><W>have</W><W>tried</W><W>the</W><W>other</W><W>brands</W><W>like</W><W>calphalon</W><W>which</W><W>i</W><W>instantly</W><W>did</W><C><cue ID="34" type="negation"><W>not</W></cue></C><xcope ID="42"><ref ID="50" SRC="34"></ref><W>like</W></xcope><W>.</W></SENTENCE><SENTENCE><W>then</W><W>there</W><W>is</W><W>analon</W><W>,</W><W>circulon</W><W>.</W></SENTENCE><SENTENCE><W>all</W><W>of</W><W>which</W><W>i</W><W>have</W><W>purchased</W><C><W>and</W></C><W>returned</W><W>.</W></SENTENCE><SENTENCE><W>i</W><W>picked</W><W>up</W><W>the</W><W>kitchen</W><W>aid</W><W>line</W><W>while</W><W>window</W><W>shopping</W><W>.</W></SENTENCE><SENTENCE><xcope ID="46"><ref COMMENTS="" ID="47" SRC="35"></ref><W>it</W></xcope><C><cue ID="35" type="speculation"><W>seems</W></cue></C><xcope ID="43"><ref ID="51" SRC="35"></ref><W>they</W><W>tried</W><W>to</W><W>copy</W><W>all-clad</W><W>in</W><W>design</W><C><W>and</W></C><W>function</W></xcope><W>.</W></SENTENCE><SENTENCE><xcope ID="48"><ref COMMENTS="" ID="49" SRC="36"></ref><W>the</W><W>handle</W></xcope><C><cue ID="36" type="speculation"><W>seemed</W></cue></C><xcope ID="44"><ref ID="52" SRC="36"></ref><W>uncomfortable</W></xcope><C><W>and</W></C><W>was</W><C><cue ID="37" type="negation"><W>not</W></cue></C><xcope ID="45"><ref ID="53" SRC="37"></ref><W>balanced</W></xcope><W>.</W></SENTENCE><SENTENCE><W>calphalon</W><W>has</W><W>a</W><W>similar</W><W>handle</W><W>to</W><W>all-clad</W><C><W>and</W></C><W>the</W><W>balance</W><W>is</W><W>pretty</W><W>good</W><W>but</W><W>the</W><W>line</W><W>is</W><W>mostly</W><W>aluminum</W><C><W>and</W></C><W>a</W><W>lot</W><W>of</W><W>their</W><W>lines</W><W>have</W><W>glass</W><W>lids</W><W>which</W><W>for</W><W>me</W><W>(</W><W>who</W><W>has</W><W>worked</W><W>in</W><W>three</W><W>different</W><W>restaurants</W><W>as</W><W>chefs</W><W>while</W><W>attending</W><W>university</W><W>)</W><W>is</W><W>silly</W><W>as</W><W>one</W><W>is</W><W>bound</W><W>to</W><W>&#39;drop</W><W>&#39;</W><W>things</W><W>,</W><W>especially</W><W>lids</W><W>.</W></SENTENCE></P><P></P><P><SENTENCE><C><cue ID="38" type="speculation"><W>if</W></cue></C><xcope ID="46"><ref ID="55" SRC="38"></ref><W>i</W><W>were</W><W>to</W><W>open</W><W>a</W><W>restaurant</W></xcope><W>,</W><W>i</W><C><cue ID="39" type="speculation"><W>would</W></cue></C><xcope ID="47"><ref ID="54" SRC="39"></ref><W>definitely</W><W>have</W><W>all-clad</W><W>as</W><W>my</W><W>main</W><W>cookware</W></xcope><W>.</W></SENTENCE><SENTENCE><W>a</W><W>distant</W><W>second</W><W>choice</W><C><cue ID="40" type="speculation"><W>would</W></cue></C><xcope ID="56"><ref ID="57" SRC="40"></ref><W>be</W><W>calphalon</W><W>stainless</W><W>line</W></xcope><W>.</W></SENTENCE><SENTENCE><W>take</W><W>care</W><W>!</W></SENTENCE></P></DOCUMENT>
