<?xml version="1.0" encoding="UTF-8"?>
<DOCUMENT><P></P><P><SENTENCE><W>I</W><W>woke</W><W>up</W><W>one</W><W>morning</W><W>with</W><W>one</W><C><W>thought</W></C><W>...</W><W>I</W><W>am</W><W>35</W><W>years</W><W>old</W><W>,</W><W>a</W><W>good</W><W>cook</W><W>,</W><C><W>and</W></C><W>it</W><W>&#39;s</W><W>high</W><W>time</W><W>I</W><W>bought</W><W>a</W><W>REAL</W><W>set</W><W>of</W><W>cookware</W><W>.</W></SENTENCE><SENTENCE><W>A</W><W>full</W><W>set</W><W>,</W><C><W>and</W></C><W>,</W><W>yes</W><W>,</W><C><cue ID="0" type="speculation"><W>if</W></cue></C><xcope ID="3"><ref ID="7" SRC="0"></ref><W>need</W><W>be</W><W>,</W><W>an</W><W>expensive</W><W>set</W></xcope><W>!</W></SENTENCE><SENTENCE><W>Luckily</W><W>,</W><W>I</W><C><cue ID="1" type="speculation"><W>could</W></cue></C><xcope ID="4"><ref ID="6" SRC="1"></ref><W>further</W><W>justify</W><W>my</W><W>purchase</W><W>with</W><W>two</W><W>facts</W></xcope><W>:</W><W>one</W><W>,</W><W>it</W><W>was</W><W>Mother</W><W>&#39;s</W><W>Day</W><W>,</W><C><W>and</W></C><W>I</W><W>am</W><W>a</W><W>mother</W><W>;</W><W>two</W><W>,</W><W>I</W><W>ran</W><W>a</W><W>home</W><W>daycare</W><W>at</W><W>the</W><W>time</W><W>,</W><C><W>and</W></C><C><cue ID="2" type="speculation"><W>could</W></cue></C><xcope ID="5"><ref ID="8" SRC="2"></ref><W>write</W><W>it</W><W>off</W><W>as</W><W>a</W><W>business</W><W>expense</W></xcope><W>!</W></SENTENCE></P><P></P><P><SENTENCE><W>Feeling</W><W>uncharacteristically</W><W>decadent</W><W>,</W><W>I</W><W>set</W><W>of</W><W>to</W><W>the</W><W>chicly</W><W>overpriced</W><W>Williams</W><W>Sonoma</W><W>,</W><W>giddy</W><W>with</W><W>the</W><C><W>thought</W></C><W>of</W><W>putting</W><W>all</W><W>my</W><W>old</W><W>,</W><W>dilapidated</W><W>cookware</W><W>out</W><W>to</W><W>pasture</W><W>to</W><W>make</W><W>room</W><W>for</W><W>the</W><W>shiny</W><W>new</W><W>.</W></SENTENCE></P><P></P><P><SENTENCE><W>The</W><W>sales</W><W>lady</W><W>was</W><W>matronly</W><W>,</W><W>kind</W><W>,</W><C><W>and</W></C><W>almost</W><W>frighteningly</W><W>astute</W><W>about</W><W>the</W><W>many</W><W>different</W><W>types</W><W>of</W><W>cookware</W><W>they</W><W>offered</W><W>.</W></SENTENCE><SENTENCE><W>I</W><W>had</W><W>my</W><W>eye</W><W>on</W><W>the</W><W>copper</W><W>,</W><W>which</W><W>was</W><W>the</W><W>most</W><W>expensive</W><W>.</W></SENTENCE><SENTENCE><W>She</W><W>discouraged</W><W>me</W><W>at</W><W>once</W><W>,</W><W>agreeing</W><W>it</W><W>was</W><W>the</W><W>most</W><W>beautiful</W><W>,</W><W>but</W><W>...</W><W>the</W><W>polishing</W><W>....</W><W>I</W><W>&#39;d</W><W>be</W><W>sorry</W><W>,</W><W>she</W><W>said</W><W>.</W></SENTENCE><SENTENCE><W>Oh</W><W>.</W></SENTENCE><SENTENCE><W>Having</W><W>gained</W><W>my</W><W>trust</W><W>by</W><W>steering</W><W>me</W><W>away</W><W>from</W><W>the</W><W>big</W><W>sale</W><W>,</W><W>I</W><W>was</W><W>now</W><W>ready</W><W>to</W><W>take</W><W>her</W><W>every</W><W>word</W><W>as</W><W>gospel</W><W>.</W></SENTENCE><SENTENCE><W>&#34;</W><W>I</W><W>like</W><W>the</W><W>clear</W><W>lids</W><W>on</W><W>these</W><W>,</W><W>&#34;</W><W>I</W><W>said</W><W>of</W><W>another</W><W>set</W><W>.</W></SENTENCE><SENTENCE><W>Wrong</W><W>again</W><W>.</W></SENTENCE><SENTENCE><W>She</W><W>said</W><W>,</W><W>&#34;</W><W>Clear</W><W>lids</W><W>make</W><C><cue ID="9" type="negation"><W>no</W></cue></C><xcope ID="14"><ref ID="19" SRC="9"></ref><W>sense</W><W>since</W></xcope><W>,</W><W>well</W><W>,</W><W>putting</W><W>a</W><W>lid</W><W>on</W><W>cooking</W><W>food</W><W>causes</W><W>steam</W><W>,</W><C><W>and</W></C><W>steam</W><W>is</W><W>hard</W><W>to</W><W>see</W><W>through</W><W>.</W><W>&#34;</W></SENTENCE><SENTENCE><W>I</W><W>&#39;d</W><W>be</W><W>sorry</W><W>.</W></SENTENCE><SENTENCE><W>Oh</W><W>.</W></SENTENCE></P><P></P><P><SENTENCE><W>I</W><W>looked</W><W>around</W><W>hopelessly</W><W>...</W><xcope ID="126"><ref COMMENTS="" ID="127" SRC="10"></ref><W>the</W><W>other</W><W>choices</W></xcope><C><cue ID="10" type="speculation"><W>seemed</W></cue></C><xcope ID="15"><ref ID="22" SRC="11"></ref><W>so</W><W>boring</W></xcope><W>,</W><C><cue ID="11" type="speculation"><W>or</W></cue></C><xcope ID="16"><ref ID="20" SRC="11"></ref><W>worse</W></xcope><W>,</W><W>gray</W><C><W>and</W></C><W>ugly</W><W>.</W></SENTENCE><SENTENCE><W>I</W><W>sighed</W><W>heavily</W><W>.</W></SENTENCE><SENTENCE><W>&#34;</W><W>Guess</W><W>I</W><W>&#39;ll</W><W>just</W><W>go</W><W>for</W><W>practicality</W><W>,</W><W>then</W><W>&#34;</W><W>,</W><W>I</W><W>said</W><W>,</W><W>&#34;what</W><W>about</W><W>these</W><W>non-stick</W><W>babies</W><W>over</W><W>here</W><W>?</W><W>&#34;</W></SENTENCE><SENTENCE><W>Her</W><W>face</W><W>grew</W><W>dark</W><C><W>and</W></C><W>her</W><W>brow</W><W>furrowed</W><W>with</W><W>concern</W><W>as</W><W>she</W><W>pointed</W><W>out</W><W>that</W><W>even</W><W>the</W><W>best</W><W>non-stick</W><W>cookware</W><W>(</W><C><W>and</W></C><W>hers</W><W>was</W><W>the</W><W>best</W><W>,</W><W>of</W><W>course</W><W>)</W><W>just</W><W>was</W><W>n&#39;t</W><W>very</W><W>sturdy</W><W>in</W><W>terms</W><W>of</W><W>the</W><W>cooking</W><W>surface</W><W>.</W></SENTENCE><SENTENCE><C><W>And</W></C><W>it</W><W>required</W><W>a</W><W>fleet</W><W>of</W><W>gentle</W><W>,</W><W>special</W><W>utensils</W><W>,</W><C><W>and</W></C><C><cue ID="13" type="speculation"><W>if</W></cue></C><xcope ID="17"><ref ID="23" SRC="13"></ref><W>I</W><W>had</W><W>teenagers</W></xcope><W>,</W><W>they</W><C><cue ID="12" type="speculation"><W>would</W></cue></C><xcope ID="18"><ref ID="24" SRC="12"></ref><W>scrape</W><W>the</W><W>surface</W><W>with</W><W>the</W><W>nearest</W><W>(</W><W>un-gentle</W><C><W>and</W></C><W>un-special</W><W>)</W><W>utensil</W></xcope><W>,</W><C><W>and</W></C><W>...</W><W>I</W><W>&#39;d</W><W>be</W><W>sorry</W><W>.</W></SENTENCE><SENTENCE><W>Oh</W><W>.</W></SENTENCE></P><P></P><P><SENTENCE><C><W>And</W></C><W>then</W><W>I</W><W>saw</W><W>them</W><W>...</W><W>the</W><W>All</W><W>Clad</W><W>,</W><W>beaming</W><W>at</W><W>me</W><W>,</W><W>nay</W><W>,</W><W>beckoning</W><W>me</W><W>from</W><W>the</W><W>far</W><W>wall</W><W>.</W></SENTENCE><SENTENCE><W>Stylishly</W><W>minimalist</W><W>looking</W><W>...</W><W>I</W><W>liked</W><W>that</W><W>.</W></SENTENCE><SENTENCE><W>Aluminum</W><W>core</W><W>with</W><W>stainless</W><W>steel</W><W>food</W><W>surface</W><W>...</W><W>that</W><W>was</W><W>a</W><W>good</W><W>thing</W><W>,</W><W>too</W><W>,</W><W>since</W><W>my</W><W>husband</W><W>is</W><W>convinced</W><W>that</W><W>cooking</W><W>on</W><W>aluminum</W><W>surfaces</W><W>causes</W><W>Alzheimer</W><W>&#39;s</W><W>.</W></SENTENCE></P><P></P><P><SENTENCE><W>Afraid</W><W>to</W><W>say</W><W>anything</W><W>this</W><W>time</W><W>,</W><W>I</W><W>merely</W><W>caressed</W><W>a</W><W>fry</W><W>pan</W><W>hopefully</W><W>while</W><W>waiting</W><W>for</W><W>my</W><W>guru</W><W>&#39;s</W><W>verdict</W><W>.</W></SENTENCE><SENTENCE><C><W>And</W></C><W>just</W><W>as</W><W>I</W><W>began</W><W>to</W><W>wonder</W><C><cue ID="26" type="speculation"><W>if</W></cue></C><xcope ID="32"><ref ID="34" SRC="26"></ref><W>she</W><W>somehow</W><W>got</W><W>an</W><W>extra</W><W>bonus</W><W>for</W><C><cue ID="25" type="negation"><W>NOT</W></cue></C><xcope ID="29"><ref ID="33" SRC="25"></ref><W>selling</W><W>cookware</W><W>to</W><W>woefully</W><W>inexperienced</W></xcope></xcope><W>,</W><W>unworthy</W><W>candidates</W><W>,</W><W>she</W><W>beamed</W><W>back</W><W>at</W><W>the</W><W>beaming</W><W>All</W><W>Clad</W><C><W>and</W></C><W>said</W><W>,</W><W>simply</W><W>,</W><W>&#34;</W><W>Yes</W><W>.</W></SENTENCE><SENTENCE><W>Oh</W><W>Yes</W><W>,</W><W>these</W><W>are</W><W>...</W><W>well</W><W>,</W><W>they</W><W>&#39;re</W><W>just</W><W>wonderful</W><W>.</W></SENTENCE><SENTENCE><W>You</W><W>will</W><C><cue ID="27" type="negation"><W>never</W></cue></C><xcope ID="30"><ref ID="35" SRC="27"></ref><W>need</W><W>to</W><W>buy</W><W>another</W><W>set</W><W>of</W><W>cookware</W></xcope><W>.</W></SENTENCE><SENTENCE><W>You</W><cue ID="28" type="negation"><W>wo</W><W>n&#39;t</W></cue><xcope ID="31"><ref COMMENTS="" ID="36" SRC="28"></ref><W>be</W><W>sorry</W></xcope><W>.</W></SENTENCE><SENTENCE><W>Oh</W><W>,</W><C><W>no</W></C><W>,</W><W>you</W><W>&#39;ll</W><W>be</W><W>GLAD</W><W>for</W><W>these</W><W>in</W><W>your</W><W>kitchen</W><W>.</W><W>&#34;</W></SENTENCE></P><P></P><P><SENTENCE><C><W>And</W></C><W>to</W><W>boot</W><W>,</W><W>they</W><W>just</W><W>happened</W><W>to</W><W>be</W><W>on</W><W>&#34;</W><W>sale</W><W>&#34;</W><W>...</W></SENTENCE></P><P></P><P><SENTENCE><W>a</W><W>DELUXE</W><W>&#34;extended</W><W>&#34;</W><W>&#39;</W><W>All</W><W>Clad</W><W>Stainless</W><W>&#39;</W><W>set</W><W>for</W><W>a</W><W>mere</W><W>$</W><W>560.00</W><W>.</W></SENTENCE><SENTENCE><W>This</W><W>included</W><W>2</W><W>fry</W><W>pans</W><W>(</W><W>one</W><W>very</W><W>large</W><W>with</W><W>a</W><W>lid</W><W>)</W><W>,</W><W>a</W><W>stock</W><W>pot</W><W>with</W><W>lid</W><W>,</W><W>a</W><W>sauce</W><W>pan</W><W>(</W><W>small</W><W>pot</W><W>,</W><W>very</W><W>handy</W><W>)</W><W>with</W><W>lid</W><W>,</W><C><W>and</W></C><W>a</W><W>3</W><W>piece</W><W>double</W><W>boiler</W><W>,</W><W>(</W><W>steamer</W><W>)</W><W>my</W><W>personal</W><W>favorite</W><W>.</W></SENTENCE><SENTENCE><W>Since</W><W>they</W><W>were</W><W>throwing</W><W>in</W><W>the</W><W>extra</W><W>smaller</W><W>fry</W><W>pan</W><W>,</W><W>that</W><W>made</W><W>TEN</W><W>pieces</W><W>in</W><W>all</W><W>,</W><W>including</W><W>lids</W><W>the</W><W>way</W><W>they</W><W>do</W><W>.</W></SENTENCE><SENTENCE><W>I</W><W>personally</W><C><cue ID="37" type="speculation"><W>think</W></cue></C><xcope ID="44"><ref COMMENTS="" ID="51" SRC="37"></ref><W>counting</W><W>the</W><W>lid</W><W>as</W><W>a</W><W>&#39;piece</W><W>&#39;</W><W>is</W><W>sort</W><W>of</W><W>a</W><W>stretch</W></xcope><W>,</W><W>do</W><W>n&#39;t</W><W>you</W><W>?</W><W>...</W><W>kind</W><W>of</W><W>like</W><W>trying</W><W>to</W><W>count</W><W>one</W><W>&#39;s</W><W>dog</W><W>as</W><W>a</W><W>dependent</W><W>at</W><W>tax</W><W>time</W><W>.</W></SENTENCE></P><P></P><P><SENTENCE><W>Anyway</W><W>,</W><W>my</W><W>set</W><W>did</W><C><cue ID="38" type="negation"><W>not</W></cue></C><xcope ID="45"><ref COMMENTS="" ID="52" SRC="38"></ref><W>include</W><W>the</W><W>piece</W><W>shown</W><W>in</W><W>the</W><W>photo</W><W>for</W><W>this</W><W>category</W></xcope><W>,</W><W>so</W><W>i</W><W>figure</W><W>since</W><W>the</W><W>time</W><W>I</W><W>purchased</W><W>my</W><W>&#39;Stainless</W><W>&#39;</W><W>set</W><W>,</W><W>they</W><C><cue ID="39" type="speculation"><W>must</W></cue></C><xcope ID="46"><ref COMMENTS="" ID="53" SRC="39"></ref><W>have</W><W>taken</W><W>out</W><W>a</W><W>piece</W></xcope><C><W>and</W></C><W>replaced</W><W>it</W><W>with</W><W>the</W><W>pasta</W><W>insert</W><W>.</W></SENTENCE><SENTENCE><C><cue ID="40" type="speculation"><W>Or</W></cue></C><xcope ID="48"><ref COMMENTS="" ID="55" SRC="40"></ref><cue ID="41" type="speculation"><W>maybe</W></cue><xcope ID="47"><ref COMMENTS="" ID="54" SRC="41"></ref><W>they</W><W>just</W><W>chose</W><W>any</W><W>pretty</W><W>piece</W><W>of</W><W>ALL</W><W>CLAD</W><W>Stainless</W><W>for</W><W>the</W><W>photo</W></xcope></xcope><W>,</W><W>even</W><C><cue ID="42" type="speculation"><W>if</W></cue></C><xcope ID="50"><ref COMMENTS="" ID="57" SRC="42"></ref><W>it</W><cue ID="43" type="negation"><W>is</W><W>n&#39;t</W></cue><xcope ID="49"><ref COMMENTS="" ID="56" SRC="43"></ref><W>in</W><W>the</W><W>set</W></xcope></xcope><W>.</W></SENTENCE><SENTENCE><W>Who</W><W>knows</W><W>.</W></SENTENCE></P><P></P><P><SENTENCE><W>Even</W><W>given</W><W>the</W><W>extra</W><W>pan</W><W>I</W><W>&#39;d</W><W>be</W><W>getting</W><W>,</W><xcope ID="128"><ref COMMENTS="" ID="129" SRC="58"></ref><W>the</W><W>price</W></xcope><C><cue ID="58" type="speculation"><W>seemed</W></cue></C><xcope ID="61"><ref ID="64" SRC="58"></ref><W>a</W><W>bit</W><W>ludicrous</W></xcope><W>,</W><W>even</W><W>in</W><W>my</W><W>self-indulgent</W><W>frame</W><W>of</W><W>mind</W><W>.</W></SENTENCE><SENTENCE><W>I</W><W>mean</W><W>,</W><W>we</W><W>were</W><W>talking</W><W>about</W><W>pots</W><C><W>and</W></C><W>pans</W><W>,</W><W>for</W><W>god</W><W>&#39;s</W><W>sake</W><W>.</W></SENTENCE><SENTENCE><W>My</W><W>husband</W><W>&#39;s</W><W>face</W><W>looked</W><W>a</W><W>little</W><W>greenish</W><C><W>and</W></C><W>moist</W><W>.</W></SENTENCE><SENTENCE><W>I</W><W>vaguely</W><W>recall</W><W>him</W><W>stammering</W><W>something</W><W>about</W><W>being</W><W>able</W><W>to</W><W>buy</W><W>quite</W><W>competent</W><W>cookware</W><W>elsewhere</W><W>for</W><W>a</W><W>lot</W><W>less</W><W>.</W></SENTENCE><SENTENCE><W>But</W><W>I</W><cue ID="59" type="negation"><W>did</W><W>n&#39;t</W></cue><xcope ID="62"><ref COMMENTS="" ID="65" SRC="59"></ref><W>trust</W><W>him</W></xcope><W>.</W></SENTENCE><SENTENCE><W>I</W><W>trusted</W><W>HER</W><W>.</W></SENTENCE><SENTENCE><C><W>And</W></C><W>over</W><W>two</W><W>years</W><W>later</W><W>,</W><W>I</W><W>&#39;m</W><C><cue ID="60" type="negation"><W>not</W></cue></C><xcope ID="63"><ref COMMENTS="" ID="66" SRC="60"></ref><W>sorry</W></xcope><W>.</W></SENTENCE><SENTENCE><W>Here</W><W>&#39;s</W><W>why</W><W>:</W></SENTENCE></P><P></P><P><SENTENCE><W>PROS</W><W>:</W></SENTENCE></P><P></P><P><SENTENCE><W>Downright</W><W>elegant</W><W>looking</W><W>...</W><W>very</W><W>streamlined</W><W>/</W><W>modern</W><W>looking</W></SENTENCE></P><P></P><P><SENTENCE><W>Heavy</W><C><W>and</W></C><W>solid</W><W>;</W><W>well</W><W>crafted</W><W>,</W><W>durable</W><W>(</W><C><cue ID="67" type="negation"><W>no</W></cue></C><xcope ID="71"><ref ID="75" SRC="67"></ref><W>warping</W></xcope><W>)</W></SENTENCE></P><P></P><P><SENTENCE><W>Heats</W><W>evenly</W></SENTENCE></P><P></P><P><SENTENCE><W>Cleans</W><W>super</W><W>easy</W><C><cue ID="68" type="speculation"><W>if</W></cue></C><xcope ID="74"><ref COMMENTS="" ID="78" SRC="68"></ref><W>you</W><cue ID="70" type="negation"><W>do</W><W>n&#39;t</W></cue><xcope ID="73"><ref COMMENTS="" ID="77" SRC="70"></ref><W>stick</W></xcope><C><cue ID="69" type="speculation"><W>or</W></cue></C><xcope ID="72"><ref ID="76" SRC="69"></ref><W>burn</W><W>food</W></xcope></xcope></SENTENCE></P><P></P><P><SENTENCE><W>All</W><W>pieces</W><C><cue ID="79" type="speculation"><W>can</W></cue></C><xcope ID="80"><ref ID="81" SRC="79"></ref><W>go</W><W>into</W><W>the</W><W>oven</W></xcope><W>!</W><W>!</W><W>!</W></SENTENCE><SENTENCE><W>I</W><W>love</W><W>this</W><W>.</W></SENTENCE></P><P></P><P><SENTENCE><W>Stays</W><W>shiny</W><W>with</W><W>a</W><W>little</W><W>TLC</W></SENTENCE></P><P></P><P><SENTENCE><W>Long</W><W>handles</W><W>that</W><W>stay</W><W>COOL</W><W>!</W><W>!</W><W>!</W></SENTENCE></P><P></P><P><SENTENCE><W>LIFETIME</W><W>Warranty</W></SENTENCE></P><P></P><P><SENTENCE><W>CONS</W><W>:</W></SENTENCE></P><P></P><P><SENTENCE><W>It</W><W>&#39;s</W><W>important</W><W>to</W><W>note</W><W>that</W><W>the</W><W>makers</W><W>of</W><W>ALL</W><W>CLAD</W><W>say</W><W>that</W><W>because</W><W>of</W><W>this</W><W>product</W><W>&#39;s</W><W>aluminum</W><W>core</W><C><W>and</W></C><W>excellent</W><W>conductivity</W><W>,</W><W>it</W><W>is</W><C><cue ID="82" type="negation"><W>never</W></cue></C><xcope ID="94"><ref ID="105" SRC="83"></ref><W>necessary</W><W>to</W><W>use</W><W>high</W><W>heat</W><W>to</W><W>cook</W></xcope><C><cue ID="83" type="speculation"><W>or</W></cue></C><xcope ID="95"><ref ID="104" SRC="83"></ref><W>brown</W><W>foods</W></xcope><W>.</W></SENTENCE><SENTENCE><W>This</W><W>is</W><W>true</W><W>,</W><W>but</W><W>requires</W><W>a</W><W>little</W><W>patience</W><W>.</W></SENTENCE><SENTENCE><W>Because</W><C><cue ID="84" type="speculation"><W>if</W></cue></C><xcope ID="97"><ref ID="107" SRC="84"></ref><W>you</W><cue ID="85" type="negation"><W>do</W><W>n&#39;t</W></cue><xcope ID="96"><ref COMMENTS="" ID="106" SRC="85"></ref><W>remember</W><W>to</W><W>refrain</W><W>from</W><W>cooking</W><W>on</W><W>high</W></xcope></xcope><W>,</W><W>food</W><W>WILL</W><W>stick</W><C><cue ID="86" type="speculation"><W>if</W></cue></C><xcope ID="98"><ref ID="108" SRC="86"></ref><W>you</W><W>&#39;re</W><W>frying</W></xcope><W>,</W><W>even</W><W>with</W><xcope ID="100"><ref ID="109" SRC="87"></ref><W>oil</W><W>spray</W></xcope><C><cue ID="87" type="speculation"><W>or</W></cue></C><xcope ID="99"><ref ID="110" SRC="87"></ref><W>butter</W></xcope><W>.</W></SENTENCE><SENTENCE><W>But</W><C><cue ID="88" type="speculation"><W>if</W></cue></C><xcope ID="101"><ref ID="111" SRC="88"></ref><W>you</W><W>&#39;re</W><W>patient</W><C><W>and</W></C><W>cook</W><W>on</W><W>medium</W></xcope><W>,</W><W>you</W><C><cue ID="89" type="speculation"><W>CAN</W></cue></C><xcope ID="102"><ref ID="112" SRC="89"></ref><W>fry</W><W>beautifully</W><W>in</W><W>these</W><W>pans</W></xcope><W>.</W></SENTENCE></P><P></P><P><SENTENCE><W>Food</W><W>cooking</W><W>surface</W><W>will</W><W>show</W><W>very</W><W>mild</W><W>scratch</W><W>marks</W><C><W>and</W></C><W>slight</W><W>rainbow</W><W>colored</W><W>haziness</W><C><cue ID="113" type="speculation"><W>if</W></cue></C><xcope ID="118"><ref ID="130" SRC="92"></ref><W>you</W><W>use</W><W>metal</W><W>cooking</W><W>utensils</W><W>regularly</W></xcope><W>,</W><C><cue ID="91" type="speculation"><W>or</W></cue></C><xcope ID="119"><ref ID="131" SRC="92"></ref><W>of</W><W>you</W><W>scrub</W><W>too</W><W>hard</W></xcope><C><cue ID="92" type="speculation"><W>or</W></cue></C><xcope ID="120"><ref ID="132" SRC="92"></ref><W>burn</W><W>something</W></xcope><W>.</W></SENTENCE><SENTENCE><W>This</W><W>is</W><W>mortifying</W><W>!</W><W>...</W><W>like</W><W>getting</W><W>that</W><W>first</W><W>scuff</W><W>mark</W><W>on</W><W>a</W><W>black</W><W>suede</W><W>purse</W><W>.</W></SENTENCE><SENTENCE><W>It</W><C><cue ID="93" type="speculation"><W>can</W></cue></C><xcope ID="121"><W>be</W><W>helpful</W><W>to</W><W>call</W><W>a</W><W>friend</W><W>to</W><W>help</W><W>&#34;talk</W><W>you</W><W>down</W><W>&#34;</W><W>when</W><W>the</W><W>first</W><W>scratch</W><W>occurs</W><W>.</W></xcope></SENTENCE></P><P></P><P><SENTENCE><W>Says</W><W>&#34;dish</W><W>washer</W><W>safe</W><W>&#34;</W><W>in</W><W>the</W><W>insert</W><W>info</W><W>,</W><C><W>and</W></C><W>their</W><W>web</W><W>site</W><W>says</W><W>that</W><W>&#39;s</W><W>O.K.</W><W>for</W><W>their</W><W>Stainless</W><W>line</W><W>,</W><W>but</W><W>their</W><W>recommended</W><W>cleaning</W><W>method</W><W>is</W><W>with</W><W>a</W><W>low-abrasive</W><W>cleanser</W><W>called</W><W>&#34;</W><W>Bar</W><W>Keeper</W><W>&#39;s</W><W>Friend</W><W>,</W><W>&#34;</W><W>which</W><W>also</W><W>supposedly</W><W>removes</W><W>any</W><W>of</W><W>that</W><W>&#39;cloudy</W><W>rainbow</W><W>&#39;</W><W>discoloration</W><W>that</W><C><cue ID="114" type="speculation"><W>can</W></cue></C><xcope ID="124"><ref ID="133" SRC="114"></ref><W>crop</W><W>up</W><W>over</W><W>time</W></xcope><C><cue ID="115" type="speculation"><W>if</W></cue></C><xcope ID="125"><ref ID="134" SRC="115"></ref><W>high</W><W>heat</W><W>is</W><W>used</W></xcope><W>.</W></SENTENCE><SENTENCE><W>I</W><W>use</W><W>&#34;</W><W>Bon</W><W>Ami&#34;</W><W>cleaner</W><W>,</W><W>also</W><W>a</W><W>low</W><W>abrasion</W><W>brand</W><W>,</W><C><W>and</W></C><W>I</W><W>hand</W><W>wash</W><W>my</W><W>set</W><W>to</W><W>try</W><W>to</W><W>preserve</W><W>the</W><W>high</W><W>polish</W><W>shine</W><W>.</W></SENTENCE><SENTENCE><W>I</W><W>have</W><W>to</W><W>admit</W><W>,</W><W>hand</W><W>washing</W><W>is</W><W>a</W><W>little</W><W>inconvenient</W><W>.</W></SENTENCE><SENTENCE><W>But</W><W>all</W><W>things</W><W>that</W><W>last</W><W>(</W><cue ID="116" type="speculation"><W>wether</W></cue><xcope ID="123"><ref ID="137" SRC="117"></ref><W>it</W><W>&#39;s</W><W>a</W><W>great</W><W>marriage</W></xcope><C><cue ID="117" type="speculation"><W>or</W></cue></C><xcope ID="122"><ref ID="135" SRC="117"></ref><W>a</W><W>great</W><W>fry</W><W>pan</W></xcope><W>)</W><W>require</W><W>a</W><W>little</W><W>extra</W><W>care</W><W>...</W><W>so</W><W>all</W><W>said</W><W>,</W><W>she</W><W>was</W><W>right</W><W>...I</W><W>&#39;m</W><W>glad</W><W>I</W><W>got</W><W>Clad</W><W>.</W></SENTENCE></P></DOCUMENT>
