<?xml version="1.0" encoding="UTF-8"?>
<DOCUMENT><P></P><P><SENTENCE><W>I</W><W>had</W><W>ample</W><W>opportunity</W><W>to</W><W>find</W><W>out</W><W>before</W><W>the</W><W>wedding</W><W>that</W><W>my</W><W>now-husband</W><W>is</W><C><cue COMMENTS="" ID="0" type="negation"><W>not</W></cue></C><xcope COMMENTS="" ID="1"><ref COMMENTS="" ID="2" SRC="0"></ref><W>a</W><W>friend</W><W>of</W><W>nonstick</W><W>cookware</W></xcope><W>.</W></SENTENCE><SENTENCE><W>Metal</W><W>utensils</W><W>,</W><W>scraping</W><W>with</W><W>a</W><W>fork</W><W>,</W><W>burning</W><W>things</W><W>,</W><W>steel</W><W>wool</W><W>,</W><W>you</W><W>name</W><W>it</W><W>.</W></SENTENCE><SENTENCE><W>So</W><W>when</W><W>I</W><W>went</W><W>looking</W><W>for</W><W>cookware</W><W>for</W><W>our</W><W>gift</W><W>registry</W><W>,</W><W>I</W><W>only</W><C><W>considered</W></C><W>stainless</W><W>.</W></SENTENCE><SENTENCE><W>All-Clad</W><W>had</W><W>the</W><W>best</W><W>selection</W><W>,</W><W>the</W><W>best</W><W>price</W><W>,</W><W>the</W><W>best</W><W>handles</W><W>,</W><W>you</W><W>name</W><W>it</W><W>.</W></SENTENCE><SENTENCE><W>It</W><W>was</W><W>also</W><W>recommended</W><W>by</W><W>the</W><W>major</W><W>nameless</W><W>consumer</W><W>guide</W><W>(</W><W>this</W><W>was</W><W>in</W><W>my</W><W>pre-Epinions</W><W>days</W><W>)</W><W>.</W></SENTENCE></P><P></P><P><SENTENCE><W>We</W><W>have</W><W>a</W><W>winner</W><W>.</W></SENTENCE><SENTENCE><W>The</W><W>handles</W><W>stay</W><W>cool</W><W>on</W><W>the</W><W>stove</W><C><W>and</W></C><W>have</W><W>such</W><W>a</W><W>nice</W><C><W>feel</W></C><W>to</W><W>them</W><W>.</W></SENTENCE><SENTENCE><W>The</W><W>pan</W><W>&#39;s</W><W>shape</W><W>is</W><W>just</W><W>right</W><W>for</W><xcope COMMENTS="" ID="10"><ref COMMENTS="" ID="13" SRC="5"></ref><W>sauteeing</W></xcope><C><cue COMMENTS="" ID="5" type="speculation"><W>or</W></cue></C><xcope COMMENTS="" ID="9"><ref COMMENTS="" ID="14" SRC="5"></ref><W>omelets</W></xcope><W>.</W></SENTENCE><SENTENCE><C><W>And</W></C><W>they</W><W>clean</W><W>up</W><W>easily</W><W>enough</W><W>,</W><W>even</W><W>when</W><W>that</W><W>man</W><W>I</W><W>married</W><W>burns</W><W>something</W><W>on</W><W>the</W><W>bottom</W><C><W>and</W></C><W>then</W><cue COMMENTS="" ID="7" type="negation"><W>does</W><W>n&#39;t</W></cue><xcope COMMENTS="" ID="11"><ref COMMENTS="" ID="15" SRC="7"></ref><W>soak</W><W>it</W></xcope><W>.</W></SENTENCE><SENTENCE><W>I</W><W>handwash</W><W>everything</W><W>(</W><W>we</W><W>have</W><C><cue COMMENTS="" ID="8" type="negation"><W>no</W></cue></C><xcope COMMENTS="" ID="12"><ref COMMENTS="" ID="16" SRC="8"></ref><W>dishwasher</W></xcope><W>)</W><W>,</W><W>so</W><W>ease</W><W>of</W><W>cleanup</W><W>was</W><W>a</W><W>major</W><W>consideration</W><W>.</W></SENTENCE></P><P></P><P><SENTENCE><W>I</W><W>&#39;ve</W><W>been</W><W>especially</W><W>pleased</W><W>with</W><W>my</W><W>results</W><W>with</W><W>grilled-cheese</W><W>sandwiches</W><W>in</W><W>these</W><W>pans</W><W>.</W></SENTENCE><SENTENCE><W>They</W><W>turn</W><W>out</W><W>much</W><W>less</W><W>greasy</W><W>than</W><W>those</W><W>made</W><W>on</W><W>the</W><W>electric</W><W>grill</W><W>.</W></SENTENCE></P><P></P><P><SENTENCE><W>My</W><W>only</W><W>real</W><W>concerns</W><W>are</W><W>that</W><W>the</W><W>handles</W><W>are</W><W>heavy</W><W>enough</W><W>that</W><W>the</W><W>pan</W><C><cue COMMENTS="" ID="17" type="speculation"><W>can</W></cue></C><xcope ID="24"><ref COMMENTS="" ID="25" SRC="17"></ref><W>overbalance</W><C><cue COMMENTS="" ID="18" type="speculation"><W>if</W></cue></C><xcope COMMENTS="" ID="22"><ref COMMENTS="" ID="25" SRC="18"></ref><W>your</W><W>burner</W><cue COMMENTS="" ID="20" type="negation"><W>is</W><W>n&#39;t</W></cue><xcope COMMENTS="" ID="21"><ref COMMENTS="" ID="24" SRC="20"></ref><W>steady</W></xcope></xcope></xcope><W>,</W><C><W>and</W></C><W>ours</W><W>(</W><W>old</W><W>electric</W><W>rounds</W><W>)</W><W>sometimes</W><cue COMMENTS="" ID="19" type="negation"><W>are</W><W>n&#39;t</W></cue><W>.</W></SENTENCE><SENTENCE><W>I</W><W>have</W><W>to</W><W>be</W><W>very</W><W>careful</W><W>about</W><W>that</W><W>.</W></SENTENCE><SENTENCE><C><W>And</W></C><W>the</W><W>pans</W><W>are</W><W>heavyish</W><W>.</W></SENTENCE><SENTENCE><W>Prolonged</W><W>shaking</W><W>for</W><W>sauteeing</W><W>takes</W><W>some</W><W>arm</W><W>strength</W><W>.</W></SENTENCE><SENTENCE><W>But</W><W>I</W><W>*am*</W><W>something</W><W>of</W><W>a</W><W>wimp</W><W>.</W></SENTENCE></P></DOCUMENT>
