<?xml version="1.0" encoding="UTF-8"?>
<DOCUMENT><P></P><P><SENTENCE><W>What</W><W>a</W><W>beautiful</W><W>set</W><W>!</W></SENTENCE><SENTENCE><W>By</W><W>far</W><W>,</W><W>this</W><W>is</W><W>the</W><W>best</W><W>cookware</W><W>set</W><W>I</W><W>&#39;ve</W><W>ever</W><W>purchased</W><W>.</W></SENTENCE><SENTENCE><W>A</W><W>tough</W><W>competitor</W><W>to</W><W>,</W><C><W>and</W></C><W>better</W><W>value</W><W>than</W><W>Calphalon</W><W>&#39;s</W><W>Stainless</W><W>.</W></SENTENCE></P><P></P><P><SENTENCE><W>The</W><W>special</W><W>characteristics</W><W>of</W><W>this</W><W>Farberware</W><W>line</W><W>is</W><W>the</W><W>combination</W><W>of</W><W>18/10</W><W>stainless</W><W>with</W><W>a</W><W>mirror-like</W><W>luster</W><W>,</W><W>a</W><W>Cooper</W><W>base</W><C><W>and</W></C><W>long</W><W>,</W><W>riveted</W><W>handles</W><W>.</W></SENTENCE></P><P></P><P><SENTENCE><W>Our</W><W>new</W><W>stove</W><W>has</W><W>high</W><W>stovetop</W><W>grates</W><C><W>and</W></C><W>was</W><W>adding</W><W>too</W><W>much</W><W>time</W><W>to</W><W>cooking</W><W>(</W><W>pasta</W><W>water</W><W>took</W><W>1/2</W><W>hour</W><W>to</W><W>boil</W><W>)</W><W>.</W></SENTENCE><SENTENCE><W>We</W><W>decided</W><W>on</W><W>FMCC</W><W>for</W><W>the</W><W>good</W><W>Farberware</W><W>reputation</W><W>,</W><C><W>and</W></C><W>because</W><W>it</W><W>offered</W><W>copper</W><W>with</W><W>an</W><W>aluminum</W><W>core</W><W>(</W><W>called</W><W>&#34;</W><W>clad</W><W>&#34;</W><W>)</W><W>.</W></SENTENCE><SENTENCE><W>This</W><W>manufacturing</W><W>process</W><W>is</W><W>well</W><W>established</W><W>as</W><W>an</W><W>excellent</W><W>heat</W><W>conduit</W><W>=</W><W>even</W><W>heating</W><W>with</W><C><cue ID="0" type="negation"><W>no</W></cue></C><xcope ID="5"><ref ID="10" SRC="0"></ref><W>hot</W><W>spots</W></xcope><W>.</W></SENTENCE><SENTENCE><W>Our</W><W>FMCC</W><W>set</W><W>delivers</W><W>as</W><W>promised</W><W>-</W><W>even</W><W>cooking</W><C><W>and</W></C><W>a</W><W>noticeable</W><W>shorter</W><W>cooking</W><W>time</W><W>(</W><W>pasta</W><W>water</W><W>is</W><W>back</W><W>to</W><W>where</W><W>I</W><W>was</W><W>:</W><W>12-15</W><W>min</W><W>boil</W><W>)</W><W>.</W></SENTENCE><SENTENCE><W>Cooking</W><W>is</W><W>back</W><W>to</W><W>a</W><W>pleasure</W><W>.</W></SENTENCE><SENTENCE><W>The</W><W>Copper</W><W>bottom</W><W>will</W><W>require</W><W>some</W><W>maintenance</W><C><cue ID="1" type="speculation"><W>if</W></cue></C><xcope ID="7"><ref ID="11" SRC="1"></ref><W>you</W><W>want</W><W>to</W><W>retain</W><W>the</W><W>beauty</W></xcope><W>.</W></SENTENCE><SENTENCE><W>&#34;</W><W>Noxon</W><W>&#34;</W><W>does</W><W>the</W><W>trick</W><W>.</W></SENTENCE><SENTENCE><W>I</W><cue ID="2" type="negation"><W>have</W><W>n&#39;t</W></cue><xcope ID="6"><ref COMMENTS="" ID="12" SRC="2"></ref><W>had</W><W>the</W><W>set</W><W>long</W><W>enough</W><W>to</W><W>see</W><W>how</W><W>the</W><W>mirror-like</W><W>finish</W><W>will</W><W>stand</W><W>up</W></xcope><W>.</W></SENTENCE><SENTENCE><W>Stay</W><W>posted</W><W>.</W></SENTENCE></P><P></P><P><SENTENCE><W>Matching</W><W>stainless</W><W>lids</W><W>are</W><W>cast</W><W>with</W><W>a</W><W>recessed</W><W>rim</W><W>for</W><W>good</W><W>steaming</W><C><W>and</W></C><W>basting</W><W>.</W></SENTENCE><SENTENCE><W>Lids</W><W>are</W><W>included</W><W>on</W><W>most</W><W>pieces</W><W>so</W><W>you</W><cue ID="3" type="negation"><W>wo</W><W>n&#39;t</W></cue><xcope ID="45"><ref COMMENTS="" ID="46" SRC="3"></ref><xcope ID="8"><ref ID="15" SRC="4"></ref><W>have</W><W>to</W><W>scramble</W><W>to</W><W>find</W><W>a</W><W>retrofit</W></xcope><C><cue ID="4" type="speculation"><W>or</W></cue></C><xcope ID="9"><ref ID="14" SRC="4"></ref><W>open</W><W>stock</W><W>piece</W></xcope></xcope><W>.</W></SENTENCE><SENTENCE><W>Farberware</W><W>went</W><W>the</W><W>extra</W><W>mile</W><C><W>and</W></C><W>included</W><W>nice</W><W>long</W><W>handles</W><W>that</W><W>are</W><W>elegantly</W><W>riveted</W><W>.</W></SENTENCE><SENTENCE><W>A</W><W>simple</W><W>Fleur</W><W>de</W><W>lis</W><W>pattern</W><W>at</W><W>the</W><W>rivets</W><W>is</W><W>a</W><W>lovely</W><W>detail</W><W>.</W></SENTENCE></P><P></P><P><SENTENCE><W>This</W><W>collection</W><W>is</W><W>suitable</W><W>from</W><W>oven-to-stovetop</W><W>so</W><W>you</W><C><cue ID="16" type="speculation"><W>can</W></cue></C><xcope ID="23"><ref ID="27" SRC="16"></ref><W>go</W><W>from</W><W>the</W><W>cook</W><W>top</W><W>to</W><W>oven</W><C><W>and</W></C><W>keep</W><W>food</W><W>warm</W><W>last</W><W>minute</W></xcope><W>.</W></SENTENCE><SENTENCE><W>Baking/browning</W><W>is</W><W>also</W><C><cue ID="17" type="speculation"><W>possible</W></cue></C><W>though</W><W>I</W><C><cue ID="18" type="speculation"><W>would</W></cue></C><xcope ID="48"><ref COMMENTS="" ID="50" SRC="18"></ref><C><cue ID="19" type="negation"><W>never</W></cue></C><xcope ID="47"><ref COMMENTS="" ID="49" SRC="19"></ref><W>bake</W><W>in</W><W>them</W><W>myself</W></xcope></xcope><W>.</W></SENTENCE></P><P></P><P><SENTENCE><W>Clean</W><W>up</W><W>is</W><W>good</W><W>too</W><W>!</W></SENTENCE><SENTENCE><W>Our</W><W>new</W><W>home</W><W>has</W><W>very</W><W>hard</W><W>water</W><W>making</W><W>all</W><W>cleanup</W><W>a</W><W>chore</W><W>I</W><W>&#39;m</W><C><cue ID="20" type="negation"><W>not</W></cue></C><xcope ID="25"><ref ID="30" SRC="20"></ref><W>used</W><W>to</W></xcope><W>.</W></SENTENCE><SENTENCE><W>My</W><W>Calphalon</W><W>stainless</W><W>is</W><W>a</W><W>nuisance</W><W>to</W><W>keep</W><W>clean</W><W>within</W><W>warranty</W><W>.</W></SENTENCE><SENTENCE><W>Unlike</W><W>Calph</W><W>,</W><W>this</W><W>Farberware</W><W>set</W><W>has</W><W>the</W><W>recessed</W><W>rim</W><W>in</W><W>the</W><W>lid</W><W>which</W><W>is</W><W>far</W><W>more</W><W>manageable</W><W>in</W><W>the</W><W>sink</W><W>.</W></SENTENCE><SENTENCE><C><cue ID="21" type="speculation"><W>Or</W></cue></C><W>,</W><C><cue ID="22" type="speculation"><W>if</W></cue></C><xcope ID="26"><ref ID="31" SRC="22"></ref><W>everything</W><W>goes</W><W>in</W><W>your</W><W>dishwasher</W></xcope><W>,</W><W>pop</W><W>your</W><W>FMCC</W><W>in</W><W>-</W><W>it</W><W>&#39;s</W><W>safe</W><W>!</W></SENTENCE><SENTENCE><W>The</W><W>tips</W><W>included</W><W>are</W><W>thorough</W><C><W>and</W></C><W>very</W><W>friendly</W><W>,</W><W>unlike</W><W>the</W><W>competition</W><W>.</W></SENTENCE></P><P></P><P><SENTENCE><W>There</W><W>are</W><W>2</W><W>sets</W><W>to</W><W>choose</W><W>from</W><W>:</W><xcope ID="33"><ref ID="36" SRC="32"></ref><W>8</W></xcope><C><cue ID="32" type="speculation"><W>or</W></cue></C><xcope ID="34"><ref ID="35" SRC="32"></ref><W>10</W><W>pieces</W></xcope><W>.</W></SENTENCE></P><P></P><P><SENTENCE><W>-</W><W>The</W><W>8</W><W>piece</W><W>had</W><W>a</W><W>1.5</W><C><W>and</W></C><W>3</W><W>QT</W><W>sauce/steamer</W><W>combo</W><W>,</W><W>6</W><W>QT</W><W>stock</W><W>pot</W><W>all</W><W>with</W><W>rim-fitted</W><W>covers</W><W>,</W><C><W>and</W></C><W>a</W><W>10</W><W>&#34;</W><W>open</W><W>saute</W><W>(</W><C><cue ID="37" type="speculation"><W>would</W></cue></C><xcope ID="39"><ref ID="41" SRC="37"></ref><W>have</W><W>loved</W><W>a</W><W>lid</W><W>here</W><W>too</W></xcope><W>)</W><W>.</W></SENTENCE></P><P></P><P><SENTENCE><W>-</W><W>The</W><W>10</W><W>piece</W><W>set</W><W>adds</W><W>a</W><W>12</W><W>&#34;</W><W>covered</W><W>skillet</W><W>w/</W><W>helper</W><W>handle</W><W>,</W><W>but</W><W>substitutes</W><W>an</W><W>8</W><W>qt</W><W>.</W></SENTENCE><SENTENCE><W>covered</W><W>stockpot</W><W>w/</W><W>steamer</W><W>insert</W><W>for</W><W>the</W><W>6</W><W>QT</W><W>stock</W><W>pot</W><W>,</W><C><W>and</W></C><W>a</W><W>2</W><W>QT</W><W>sauce</W><W>for</W><W>the</W><W>1.5</W><W>sauce</W><W>.</W></SENTENCE><SENTENCE><C><cue ID="38" type="negation"><W>None</W></cue></C><xcope ID="40"><ref ID="42" SRC="38"></ref><W>of</W><W>the</W><W>substitions</W><W>are</W><W>available</W><W>in</W><W>open</W><W>stock</W><W>so</W><W>I</W><W>&#39;m</W><W>short</W><W>the</W><W>2</W><W>QT</W><W>saucepan-</W></xcope><W>my</W><W>preferred</W><W>size</W><W>for</W><W>everyday</W><W>.</W></SENTENCE></P><P></P><P><SENTENCE><W>I</W><W>chose</W><W>the</W><W>8</W><W>piece</W><W>set</W><W>(</W><W>from</W><W>Amazon.com</W><W>with</W><W>a</W><W>free</W><W>XL</W><W>stainless</W><W>colander</W><W>+/SYM</W><W>free</W><W>shipping</W><W>)</W><W>,</W><C><W>and</W></C><W>purchased</W><W>another</W><W>brand</W><W>8</W><W>QT</W><W>stockpot</W><W>to</W><W>complete</W><W>my</W><W>immediate</W><W>cookware</W><W>needs</W><W>.</W></SENTENCE><SENTENCE><W>I</W><W>&#39;m</W><W>chomping</W><W>at</W><W>the</W><W>bit</W><W>for</W><W>the</W><W>Farberware</W><W>Copper</W><W>12</W><W>&#34;</W><W>skillet</W><W>.</W></SENTENCE><SENTENCE><W>That</W><W>&#39;s</W><W>next</W><W>!</W></SENTENCE></P><P></P><P><SENTENCE><W>Farberware</W><W>comes</W><W>with</W><W>a</W><W>lifetime</W><W>warranty</W><W>,</W><C><W>and</W></C><W>it</W><W>has</W><W>always</W><W>been</W><W>a</W><W>&#34;no-questions-asked</W><W>&#34;</W><W>replacement</W><W>policy</W><W>!</W></SENTENCE><SENTENCE><W>I</W><W>have</W><W>killed</W><W>a</W><W>few</W><W>Farberware</W><W>percolators</W><W>in</W><W>my</W><W>day</W><W>(</W><W>on</W><W>15</W><W>hrs/day</W><W>)</W><W>.</W></SENTENCE><SENTENCE><W>But</W><W>,</W><W>when</W><W>I</W><W>felt</W><W>it</W><W>warranted</W><W>replacement</W><W>,</W><W>my</W><W>percolator</W><W>was</W><W>replaced</W><W>-</W><W>quickly</W><W>.</W></SENTENCE><SENTENCE><W>Farberware</W><W>was</W><W>sold</W><W>off</W><W>to</W><W>a</W><W>few</W><W>years</W><W>ago</W><W>to</W><W>Salton*</W><C><W>and</W></C><W>I</W><W>have</W><C><cue COMMENTS="" ID="43" type="negation"><W>not</W></cue></C><xcope COMMENTS="" ID="44"><ref COMMENTS="" ID="45" SRC="43"></ref><W>had</W><W>a</W><W>replacement</W><W>issue</W><W>since</W></xcope><W>.</W></SENTENCE><SENTENCE><W>I</W><C><W>hope</W></C><W>their</W><W>past</W><W>protocol</W><W>remains</W><W>.</W></SENTENCE></P><P></P><P><SENTENCE><W>*(</W><W>Salton(</W><W>R</W><W>)</W><W>,</W><W>George</W><W>Foreman(</W><W>TM)</W><W>,</W><W>Toastmaster(</W><W>R</W><W>)</W><W>,</W><W>Breadman(</W><W>R</W><W>)</W><W>,</W><W>Juiceman(</W><W>R</W><W>)</W><W>,</W><W>Juicelady(</W><W>R</W><W>)</W><W>,</W><W>White-Westinghouse(</W><W>R</W><W>)</W><W>,</W><W>Farberware(</W><W>R</W><W>)</W><W>,</W><W>Melitta(</W><W>R</W><W>)</W><W>,</W><W>Welbilt(</W><W>R</W><W>)</W><W>,</W><W>Aircore(</W><W>R</W><W>)</W><W>,</W><W>Russell</W><W>Hobbs(</W><W>R</W><W>)</W><W>,</W><W>Tower(</W><W>R</W><W>)</W><W>,</W><W>Haden(</W><W>R</W><W>)</W><C><W>and</W></C><W>Pifco(</W><W>R</W><W>)</W><W>.</W></SENTENCE></P><P></P><P><SENTENCE><W>Open</W><W>stock</W><W>is</W><W>limited</W><W>.</W></SENTENCE><SENTENCE><W>I</W><W>&#39;m</W><W>hoping</W><W>they</W><W>add</W><W>saucepans</W><C><W>and</W></C><W>more</W><W>to</W><W>open</W><W>stock</W><W>soon</W><W>.</W></SENTENCE></P><P></P><P><SENTENCE><W>Overall</W><W>,</W><W>I</W><W>&#39;m</W><W>thrilled</W><W>!</W></SENTENCE></P></DOCUMENT>
