<?xml version="1.0" encoding="UTF-8"?>
<DOCUMENT><P></P><P><SENTENCE><W>I</W><W>wrote</W><W>an</W><W>earlier</W><W>opinion</W><W>on</W><W>non-stick</W><W>cookware</W><W>.</W></SENTENCE><SENTENCE><W>I</W><W>was</W><W>told</W><W>by</W><W>one</W><W>particular</W><W>cookware</W><W>company</W><W>that</W><W>non-stick</W><W>cookware</W><C><cue ID="0" type="speculation"><W>can</W></cue></C><xcope ID="5"><ref ID="9" SRC="0"></ref><W>emit</W><W>formaldehyde</W><W>into</W><W>the</W><W>air</W><W>when</W><W>you</W><W>cook</W><W>with</W><W>it</W></xcope><W>.</W></SENTENCE><SENTENCE><W>I</W><W>had</W><W>cooked</W><W>with</W><W>an</W><W>expensive</W><W>set</W><W>of</W><W>non-stick</W><W>cookware</W><W>for</W><W>years</W><W>,</W><C><W>and</W></C><W>I</W><W>found</W><W>this</W><W>hard</W><W>to</W><C><W>believe</W></C><W>.</W></SENTENCE><SENTENCE><W>So</W><W>I</W><W>did</W><W>some</W><W>investigating</W><W>on</W><W>the</W><W>interne</W><W>,</W><C><W>and</W></C><W>while</W><W>some</W><W>information</W><W>did</W><W>confirm</W><W>this</W><W>,</W><W>one</W><W>manufacturer</W><W>of</W><W>non-stick</W><W>cookware</W><W>addressed</W><W>this</W><W>concern</W><W>by</W><W>stating</W><W>that</W><C><cue ID="1" type="speculation"><W>if</W></cue></C><xcope ID="6"><ref ID="10" SRC="1"></ref><W>nonstick</W><W>cookware</W><W>is</W><W>extremely</W><W>overheated</W></xcope><W>(</W><W>as</W><W>in</W><W>unattended</W><W>cookware</W><W>)</W><W>the</W><W>fumes</W><C><cue ID="2" type="speculation"><W>could</W></cue></C><xcope ID="7"><ref ID="11" SRC="2"></ref><W>be</W><W>deadly</W><W>to</W><W>birds</W></xcope><W>.</W></SENTENCE><SENTENCE><W>They</W><W>also</W><C><cue ID="3" type="speculation"><W>suggested</W></cue></C><xcope ID="109"><ref COMMENTS="" ID="110" SRC="3"></ref><C><cue ID="4" type="negation"><W>not</W></cue></C><xcope ID="8"><ref ID="13" SRC="4"></ref><W>keeping</W><W>your</W><W>bird</W><W>near</W><W>the</W><W>kitchen</W></xcope></xcope><W>,</W><W>because</W><W>their</W><W>respiratory</W><W>systems</W><W>are</W><W>sensitive</W><W>.</W></SENTENCE></P><P></P><P><SENTENCE><W>I</W><W>am</W><W>a</W><W>health</W><W>nut</W><W>anyway</W><W>,</W><C><W>and</W></C><W>like</W><W>to</W><W>avoid</W><W>breathing</W><W>irritants</W><W>like</W><W>aerosol</W><W>hairspray</W><W>,</W><W>fumes</W><W>from</W><W>some</W><W>cleaning</W><W>products</W><W>,</W><W>some</W><W>scented</W><W>candles</W><W>,</W><W>etc</W><W>.</W></SENTENCE><SENTENCE><W>So</W><W>I</W><W>decided</W><W>to</W><W>replace</W><W>my</W><W>non-stick</W><W>cookware</W><W>.</W></SENTENCE></P><P></P><P><SENTENCE><W>The</W><W>Search</W><W>Was</W><W>On</W></SENTENCE></P><P></P><P><SENTENCE><W>Before</W><W>I</W><W>make</W><W>any</W><W>large</W><W>purchases</W><W>,</W><C><W>and</W></C><W>I</W><W>consider</W><W>a</W><W>new</W><W>set</W><W>of</W><W>pots</W><C><W>and</W></C><W>pans</W><W>an</W><W>investment</W><C><W>and</W></C><W>a</W><W>large</W><W>purchase</W><W>,</W><W>I</W><W>check</W><W>out</W><W>all</W><W>the</W><W>brands</W><W>on</W><W>the</W><W>market</W><W>.</W></SENTENCE><SENTENCE><W>I</W><W>speak</W><W>with</W><W>people</W><C><W>and</W></C><W>see</W><W>what</W><W>they</W><W>use</W><C><W>and</W></C><W>like</W><W>,</W><C><W>and</W></C><W>I</W><W>read</W><W>epinions</W><W>!</W></SENTENCE><SENTENCE><W>I</W><W>kept</W><W>hearing</W><W>how</W><W>people</W><W>loved</W><W>their</W><W>stainless</W><W>steel</W><W>pots</W><C><W>and</W></C><W>pans</W><W>.</W></SENTENCE><SENTENCE><W>I</W><W>also</W><W>got</W><W>out</W><W>my</W><W>handy</W><W>Consumer</W><W>Reports</W><W>Buying</W><W>Guide</W><W>(</W><W>I</W><W>love</W><W>these</W><W>guys</W><W>!</W><W>)</W><C><W>and</W></C><W>read</W><W>what</W><W>they</W><W>had</W><W>to</W><W>say</W><W>.</W></SENTENCE></P><P></P><P><SENTENCE><W>My</W><W>main</W><W>choices</W><W>,</W><C><cue ID="14" type="speculation"><W>if</W></cue></C><xcope ID="22"><ref ID="30" SRC="14"></ref><W>I</W><cue ID="15" type="negation"><W>did</W><W>n&#39;t</W></cue><xcope ID="21"><ref ID="29" SRC="15"></ref><W>want</W><W>non-stick</W><W>surfaces</W></xcope></xcope><W>,</W><W>were</W><W>Commercial-style</W><W>stainless</W><W>steel</W><W>,</W><W>aluminum</W><W>,</W><W>copper</W><W>,</W><xcope ID="24"><ref ID="31" SRC="16"></ref><W>cast</W><W>iron</W></xcope><W>,</W><C><cue ID="16" type="speculation"><W>or</W></cue></C><xcope ID="23"><ref ID="32" SRC="16"></ref><W>tempered</W><W>glass</W></xcope><W>.</W></SENTENCE><SENTENCE><W>I</W><W>had</W><W>already</W><W>owned</W><W>tempered</W><W>glass</W><W>in</W><W>the</W><W>past</W><C><W>and</W></C><W>I</W><cue ID="17" type="negation"><W>did</W><W>n&#39;t</W></cue><xcope ID="26"><ref COMMENTS="" ID="34" SRC="17"></ref><W>like</W><W>the</W><W>way</W><xcope ID="91"><ref COMMENTS="" ID="93" SRC="18"></ref><W>everything</W><W>I</W><W>cooked</W></xcope><C><cue ID="18" type="speculation"><W>seemed</W></cue></C><xcope ID="25"><ref ID="33" SRC="18"></ref><W>to</W><W>burn</W><W>on</W><W>the</W><W>bottom</W><W>of</W><W>the</W><W>pans</W></xcope></xcope><W>.</W></SENTENCE><SENTENCE><W>I</W><W>also</W><W>had</W><W>previous</W><W>experience</W><W>with</W><W>aluminum</W><W>pans</W><W>with</W><W>copper</W><W>bottoms</W><W>,</W><C><W>and</W></C><W>the</W><W>copper</W><W>was</W><W>very</W><W>difficult</W><W>to</W><W>keep</W><W>shiny</W><C><W>and</W></C><W>new</W><W>looking</W><C><W>and</W></C><W>I</W><W>am</W><W>wary</W><W>about</W><W>the</W><W>connection</W><W>between</W><W>aluminum</W><C><W>and</W></C><W>Alzheimers</W><W>(</W><W>I</W><cue ID="19" type="negation"><W>wo</W><W>n&#39;t</W></cue><xcope ID="27"><ref COMMENTS="" ID="35" SRC="19"></ref><W>even</W><W>use</W><W>deodorant</W><W>with</W><W>aluminum</W><W>in</W><W>it</W></xcope><W>,</W><W>why</W><C><cue ID="20" type="speculation"><W>would</W></cue></C><xcope ID="28"><ref ID="36" SRC="20"></ref><W>I</W><W>cook</W><W>with</W><W>it</W></xcope><W>?</W><W>)</W></SENTENCE><SENTENCE><C><W>And</W></C><W>cast</W><W>iron</W><W>was</W><W>out</W><W>,</W><W>because</W><W>the</W><W>one</W><W>skillet</W><W>that</W><W>I</W><W>own</W><W>(</W><W>just</W><W>for</W><W>making</W><W>my</W><W>famous</W><W>biscuits</W><C><W>and</W></C><W>gravy</W><W>)</W><W>has</W><W>some</W><W>upkeep</W><W>to</W><W>it</W><W>to</W><W>keep</W><W>it</W><W>rust</W><W>free</W><W>.</W></SENTENCE><SENTENCE><W>That</W><W>left</W><W>stainless</W><W>steel</W><W>.</W></SENTENCE><SENTENCE><W>So</W><W>I</W><W>spoke</W><W>with</W><W>a</W><W>wealthy</W><W>friend</W><W>who</W><W>has</W><W>the</W><W>best</W><W>of</W><W>everything</W><C><W>and</W></C><W>asked</W><W>her</W><W>what</W><W>she</W><W>cooks</W><W>with</W><W>...</W><W>walla</W><W>!</W><W>!</W><W>-</W><W>she</W><W>uses</W><C><W>and</W></C><W>LOVES</W><W>stainless</W><W>steel</W><W>,</W><W>with</W><W>copper</W><W>sandwiched</W><W>between</W><W>the</W><W>layers</W><W>of</W><W>steel</W><W>.</W></SENTENCE></P><P></P><P><SENTENCE><W>Which</W><W>Brand</W><W>of</W><W>Stainless</W><W>Steel</W><C><cue ID="37" type="speculation"><W>Should</W></cue></C><xcope ID="43"><ref ID="50" SRC="37"></ref><W>I</W><W>Buy</W></xcope></SENTENCE></P><P></P><P><SENTENCE><W>I</W><W>found</W><W>this</W><W>set</W><W>on</W><W>sale</W><C><W>and</W></C><cue ID="38" type="speculation"><C><W>could</W></C><W>n&#39;t</W></cue><xcope ID="44"><ref COMMENTS="" ID="49" SRC="38"></ref><W>pass</W><W>it</W><W>up</W></xcope><W>.</W></SENTENCE><SENTENCE><W>Very</W><W>similar</W><W>pans</W><W>made</W><W>by</W><W>Kirkland</W><W>were</W><W>available</W><W>through</W><W>Costco</W><W>,</W><W>but</W><W>I</W><W>liked</W><W>some</W><W>features</W><W>of</W><W>the</W><W>Cuisinart</W><C><W>and</W></C><W>felt</W><W>the</W><W>brand</W><W>name</W><W>was</W><W>reliable</W><C><W>and</W></C><C><cue ID="39" type="speculation"><W>if</W></cue></C><xcope ID="45"><ref ID="51" SRC="39"></ref><W>I</W><W>were</W><W>going</W><W>to</W><W>plan</W><W>on</W><W>using</W><W>these</W><W>pans</W><W>for</W><W>the</W><W>next</W><W>30</W><W>years</W><W>I</W><W>had</W><W>better</W><W>find</W><W>a</W><W>company</W><W>that</W><W>will</W><W>be</W><W>around</W><W>in</W><W>30</W><W>years</W></xcope><W>(</W><W>in</W><W>case</W><W>something</W><W>needed</W><W>to</W><W>be</W><W>replaced</W><W>,</W><W>my</W><W>collection</W><W>added</W><W>to</W><W>,</W><W>etc</W><W>)</W><W>.</W></SENTENCE><SENTENCE><W>This</W><W>set</W><W>comes</W><W>with</W><W>a</W><W>stock</W><W>pot</W><W>(</W><W>7</W><W>quarts</W><W>)</W><C><W>and</W></C><W>two</W><W>smaller</W><W>pans</W><W>-</W><W>(</W><W>2</W><W>3/4</W><C><W>and</W></C><W>2</W><W>qt</W><W>.</W></SENTENCE><SENTENCE><W>sizes</W><W>)</W><W>all</W><W>with</W><W>lids</W><W>,</W><C><W>and</W></C><W>a</W><W>skillet</W><W>that</W><W>uses</W><W>the</W><W>lid</W><W>from</W><W>one</W><W>of</W><W>the</W><W>pots</W><W>.</W></SENTENCE><SENTENCE><W>I</W><W>plan</W><W>on</W><W>adding</W><W>to</W><W>it</W><W>in</W><W>the</W><W>future</W><W>.</W></SENTENCE><SENTENCE><W>I</W><C><cue ID="41" type="speculation"><W>can</W></cue></C><xcope ID="46"><ref ID="52" SRC="41"></ref><W>get</W><W>a</W><W>spaghetti</W><W>cooker</W></xcope><W>,</W><W>a</W><W>chafing</W><W>dish</W><W>,</W><C><W>and</W></C><W>other</W><W>styles</W><W>to</W><W>match</W><W>my</W><W>collection</W><W>.</W></SENTENCE><SENTENCE><W>In</W><W>case</W><W>you</W><cue ID="40" type="negation"><W>are</W><W>n&#39;t</W></cue><xcope ID="47"><ref COMMENTS="" ID="53" SRC="40"></ref><W>aware</W><W>of</W><W>it</W></xcope><W>,</W><W>the</W><W>lids</W><W>are</W><C><W>considered</W></C><W>pieces</W><W>of</W><W>the</W><W>cookware</W><W>...</W><W>they</W><W>are</W><W>included</W><W>in</W><W>the</W><W>set</W><W>-</W><W>this</W><W>does</W><C><cue ID="42" type="negation"><W>not</W></cue></C><xcope ID="48"><ref ID="54" SRC="42"></ref><W>come</W><W>with</W><W>7</W><W>pots</W></xcope><W>.</W></SENTENCE></P><P></P><P><SENTENCE><W>The</W><W>set</W><W>is</W><W>18/10</W><W>stainless</W><W>steel</W><W>.</W></SENTENCE><SENTENCE><W>The</W><W>interior</W><W>has</W><W>a</W><W>semi-mirror</W><W>look</W><W>to</W><W>it</W><W>.</W></SENTENCE><SENTENCE><W>The</W><W>handles</W><W>are</W><W>welded</W><W>onto</W><W>the</W><W>pots</W><W>-</W><W>they</W><W>are</W><W>very</W><W>sturdy</W><W>.</W></SENTENCE><SENTENCE><W>They</W><C><cue ID="55" type="speculation"><W>can</W></cue></C><xcope ID="57"><ref ID="59" SRC="55"></ref><W>be</W><W>used</W><W>in</W><W>the</W><W>oven</W></xcope><W>,</W><W>under</W><W>the</W><W>broiler</W><W>,</W><W>in</W><W>the</W><W>freezer</W><C><W>and</W></C><W>are</W><W>dishwasher</W><W>safe</W><W>.</W></SENTENCE><SENTENCE><W>They</W><W>also</W><W>come</W><W>with</W><W>a</W><W>lifetime</W><W>warranty</W><W>.</W></SENTENCE><SENTENCE><W>Product</W><W>registration</W><W>is</W><W>easy</W><W>,</W><W>you</W><C><cue ID="56" type="speculation"><W>can</W></cue></C><xcope ID="58"><ref ID="60" SRC="56"></ref><W>do</W><W>it</W><W>right</W></xcope><W>online</W><W>!</W></SENTENCE></P><P></P><P><SENTENCE><W>What</W><W>I</W><W>Like</W><W>About</W><W>This</W><W>Set</W></SENTENCE></P><P></P><P><SENTENCE><W>I</W><W>absolutely</W><W>love</W><W>these</W><W>pots</W><C><W>and</W></C><W>pans</W><W>.</W></SENTENCE><SENTENCE><W>It</W><W>took</W><W>me</W><W>a</W><W>little</W><W>while</W><W>to</W><W>get</W><W>used</W><W>to</W><W>them</W><W>because</W><W>I</W><W>have</W><W>to</W><W>cook</W><W>on</W><W>a</W><W>lower</W><W>heat</W><W>to</W><W>avoid</W><W>burning</W><W>my</W><W>food</W><W>,</W><W>but</W><W>they</W><W>cook</W><W>wonderful</W><W>.</W></SENTENCE><SENTENCE><W>The</W><W>copper</W><W>helps</W><W>distribute</W><W>the</W><W>heat</W><W>evenly</W><C><W>and</W></C><W>quickly</W><W>across</W><W>the</W><W>bottom</W><W>surface</W><W>,</W><C><W>and</W></C><W>I</W><W>have</W><C><cue ID="61" type="negation"><W>not</W></cue></C><xcope ID="63"><ref ID="64" SRC="61"></ref><W>burned</W><W>anything</W><W>yet</W><W>!</W></xcope></SENTENCE></P><P></P><P><SENTENCE><W>They</W><W>are</W><W>absolutely</W><W>gorgeous</W><W>to</W><W>look</W><W>at</W><W>!</W></SENTENCE><SENTENCE><W>They</W><W>shine</W><W>like</W><W>mirrors</W><W>!</W></SENTENCE><SENTENCE><W>The</W><W>handles</W><W>have</W><W>a</W><W>nice</W><C><W>feel</W></C><W>in</W><W>my</W><W>hand</W><W>.</W></SENTENCE><SENTENCE><W>I</W><W>am</W><W>proud</W><W>to</W><W>have</W><W>them</W><W>in</W><W>my</W><W>cupboards</W><W>,</W><C><W>and</W></C><C><W>feel</W></C><W>good</W><W>about</W><W>cooking</W><W>with</W><W>a</W><W>material</W><W>that</W><W>I</W><C><cue ID="62" type="speculation"><W>think</W></cue></C><xcope ID="65"><ref COMMENTS="" ID="66" SRC="62"></ref><W>is</W><W>safer</W><W>for</W><W>my</W><W>family</W></xcope><W>.</W></SENTENCE></P><P></P><P><SENTENCE><W>They</W><W>wash</W><W>nicely</W><W>in</W><W>the</W><W>dishwasher</W><W>,</W><W>but</W><W>since</W><W>we</W><W>have</W><W>hard</W><W>water</W><C><W>and</W></C><W>pots</W><C><W>and</W></C><W>pans</W><W>come</W><W>out</W><W>with</W><W>spots</W><W>on</W><W>them</W><W>,</W><W>I</W><W>choose</W><W>to</W><W>wash</W><W>them</W><W>by</W><W>hand</W><C><W>instead</W></C><W>,</W><C><W>and</W></C><W>I</W><cue ID="67" type="negation"><W>do</W><W>n&#39;t</W></cue><xcope ID="68"><ref COMMENTS="" ID="69" SRC="67"></ref><W>even</W><W>mind</W><W>it</W></xcope><W>!</W></SENTENCE><SENTENCE><W>They</W><W>also</W><W>stack</W><W>very</W><W>nicely</W><W>so</W><W>they</W><W>tend</W><W>to</W><W>take</W><W>up</W><W>less</W><W>room</W><W>in</W><W>my</W><W>cupboards</W><W>than</W><W>my</W><W>old</W><W>set</W><W>did</W><W>,</W><C><W>and</W></C><W>that</W><W>means</W><W>more</W><W>room</W><W>for</W><W>more</W><W>pots</W><W>!</W><W>!</W><W>Yeah</W><W>!</W></SENTENCE></P><P></P><P><SENTENCE><W>They</W><W>have</W><W>a</W><W>little</W><W>curved</W><W>lip</W><W>on</W><W>them</W><W>that</W><W>makes</W><W>pouring</W><W>liquids</W><W>a</W><W>cinch</W><W>!</W></SENTENCE><SENTENCE><W>They</W><W>are</W><W>MUCH</W><W>heavier</W><W>than</W><W>the</W><W>non-stick</W><W>cookware</W><W>I</W><W>was</W><W>using</W><W>before</W><W>!</W></SENTENCE><SENTENCE><W>This</W><W>took</W><W>a</W><W>little</W><W>getting</W><W>used</W><W>to</W><W>as</W><W>well</W><W>,</W><W>but</W><W>I</W><cue ID="70" type="negation"><W>do</W><W>n&#39;t</W></cue><xcope ID="79"><ref COMMENTS="" ID="91" SRC="70"></ref><W>mind</W></xcope><W>,</W><W>I</W><W>know</W><W>that</W><W>the</W><W>pans</W><W>are</W><W>very</W><W>sturdy</W><C><W>and</W></C><W>well</W><W>built</W><W>!</W></SENTENCE><SENTENCE><W>I</W><cue ID="81" type="speculation"><C><W>feel</W></C><W>like</W></cue><xcope ID="82"><ref COMMENTS="" ID="92" SRC="81"></ref><W>one</W><W>of</W><W>the</W><W>pro</W><W>&#39;s</W><W>while</W><W>using</W><W>this</W><W>set</W></xcope><W>!</W></SENTENCE></P><P></P><P><SENTENCE><W>What</W><W>I</W><cue ID="71" type="negation"><W>Do</W><W>n&#39;t</W></cue><xcope ID="80"><ref COMMENTS="" ID="93" SRC="71"></ref><W>Like</W></xcope></SENTENCE></P><P></P><P><SENTENCE><W>There</W><W>&#39;s</W><C><cue ID="72" type="negation"><W>not</W></cue></C><xcope ID="84"><ref ID="95" SRC="72"></ref><W>much</W><W>I</W><cue ID="73" type="negation"><W>do</W><W>n&#39;t</W></cue><xcope ID="83"><ref COMMENTS="" ID="94" SRC="73"></ref><W>like</W></xcope></xcope><W>,</W><W>but</W><W>I</W><C><cue ID="74" type="speculation"><W>would</W></cue></C><xcope ID="85"><ref ID="96" SRC="74"></ref><W>say</W><W>that</W><W>the</W><W>handles</W><W>get</W><W>hotter</W><W>than</W><W>the</W><W>plastic</W><W>ones</W><W>I</W><W>was</W><W>used</W><W>to</W><W>using</W></xcope><W>.</W></SENTENCE><SENTENCE><W>But</W><W>that</W><W>&#39;s</W><W>okay</W><W>-</W><xcope ID="88"><ref ID="97" SRC="75"></ref><W>I</W><W>just</W><W>use</W><W>a</W><W>potholder</W></xcope><C><cue ID="75" type="speculation"><W>or</W></cue></C><xcope ID="87"><ref ID="98" SRC="75"></ref><W>a</W><W>towel</W></xcope><W>(</W><W>I</W><C><W>feel</W></C><W>like</W><W>Julia</W><W>Child</W><W>)</W><C><W>and</W></C><W>it</W><cue ID="76" type="negation"><W>is</W><W>n&#39;t</W></cue><xcope ID="86"><ref COMMENTS="" ID="99" SRC="76"></ref><W>a</W><W>problem</W><W>at</W><W>all</W></xcope><W>.</W></SENTENCE><SENTENCE><W>They</W><W>are</W><W>a</W><W>little</W><W>harder</W><W>to</W><W>clean</W><W>,</W><W>but</W><W>I</W><W>use</W><W>a</W><W>plastic</W><W>scrubbie</W><W>with</W><W>liquid</W><W>dish</W><W>soap</W><C><W>and</W></C><W>they</W><W>clean</W><W>right</W><W>up</W><W>.</W></SENTENCE><SENTENCE><C><cue ID="77" type="speculation"><W>If</W></cue></C><xcope ID="90"><ref ID="100" SRC="77"></ref><W>I</W><W>do</W><W>get</W><W>something</W><W>that</W><W>resists</W><W>cleaning</W></xcope><W>,</W><W>I</W><W>add</W><W>a</W><W>little</W><W>soap</W><C><W>and</W></C><W>water</W><W>to</W><W>the</W><W>pan</W><C><W>and</W></C><W>let</W><W>it</W><W>sit</W><W>on</W><W>the</W><W>stove</W><W>top</W><W>on</W><W>a</W><W>very</W><W>low</W><W>heat</W><W>for</W><W>a</W><W>few</W><W>minutes</W><W>,</W><C><W>and</W></C><xcope COMMENTS="" ID="94"><ref COMMENTS="" ID="95" SRC="78"></ref><W>this</W></xcope><C><cue ID="78" type="speculation"><W>seems</W></cue></C><xcope ID="89"><ref ID="101" SRC="78"></ref><W>to</W><W>help</W><W>jump</W><W>start</W><W>the</W><W>cleaning</W><W>process</W></xcope><W>.</W></SENTENCE></P><P></P><P><SENTENCE><W>I</W><W>Do</W><cue ID="104" type="negation"><W>Not</W></cue><xcope ID="106"><ref COMMENTS="" ID="109" SRC="104"></ref><W>Regret</W><W>This</W><W>Purchase</W></xcope></SENTENCE></P><P></P><P><SENTENCE><W>I</W><cue ID="103" type="negation"><W>do</W><W>n&#39;t</W></cue><xcope ID="107"><ref COMMENTS="" ID="110" SRC="103"></ref><W>regret</W><W>one</W><W>penny</W><W>that</W><W>I</W><W>spent</W><W>on</W><W>this</W><W>set</W><W>of</W><W>pans</W></xcope><W>.</W></SENTENCE><SENTENCE><W>They</W><W>are</W><W>beautiful</W><C><W>and</W></C><C><cue ID="105" type="speculation"><W>should</W></cue></C><xcope ID="108"><ref COMMENTS="" ID="111" SRC="105"></ref><W>last</W><W>a</W><W>lifetime</W></xcope><W>.</W></SENTENCE></P></DOCUMENT>
