<?xml version="1.0" encoding="UTF-8"?>
<DOCUMENT><P></P><P><SENTENCE><W>I</W><W>was</W><W>really</W><W>skeptical</W><W>about</W><W>putting</W><W>non-stick</W><W>cookware</W><W>on</W><W>our</W><W>wedding</W><W>resgistry</W><W>;</W><W>I</W><W>worried</W><W>burnt</W><W>food</W><C><cue COMMENTS="" ID="0" type="speculation"><W>would</W></cue></C><xcope COMMENTS="" ID="10"><ref COMMENTS="" ID="19" SRC="0"></ref><W>create</W><W>a</W><W>permanent</W><W>layer</W><W>on</W><W>the</W><W>pan</W></xcope><C><W>and</W></C><cue COMMENTS="" ID="1" type="speculation"><W>I</W><W>&#39;d</W></cue><xcope COMMENTS="" ID="11"><ref COMMENTS="" ID="20" SRC="1"></ref><W>have</W><W>to</W><W>call</W><W>my</W><W>omelettes</W><W>scrambled</W><W>eggs</W></xcope><W>.</W></SENTENCE><SENTENCE><W>After</W><W>all</W><W>,</W><W>is</W><W>n&#39;t</W><W>that</W><W>why</W><W>they</W><W>invented</W><W>teflon-coated</W><W>cookware</W><W>in</W><W>the</W><W>first</W><W>place</W><W>?</W></SENTENCE></P><P></P><P><SENTENCE><W>Even</W><W>though</W><W>,</W><W>my</W><W>husband</W><W>convinced</W><W>me</W><W>to</W><W>get</W><W>the</W><W>Cuisinart</W><W>Everyday</W><W>Stainless</W><W>7-Piece</W><W>Cookware</W><W>Set</W><W>.</W></SENTENCE><SENTENCE><W>The</W><W>7</W><W>pieces</W><W>are</W><W>-</W><W>two</W><W>saucepanes</W><W>(</W><W>one</W><W>small</W><W>,</W><W>one</W><W>large</W><W>)</W><W>,</W><W>a</W><W>skillet</W><W>,</W><C><W>and</W></C><W>a</W><W>saucepot</W><W>--</W><W>then</W><W>there</W><W>are</W><W>three</W><W>covers</W><W>,</W><W>one</W><W>cover</W><W>does</W><W>double</W><W>duty</W><W>.</W></SENTENCE><SENTENCE><W>Anyhow</W><W>,</W><W>my</W><W>husband</W><W>cooks</W><W>better</W><W>than</W><W>I</W><W>do</W><C><W>and</W></C><W>he</W><W>also</W><W>pointed</W><W>out</W><W>that</W><W>Emeril</W><C><W>and</W></C><W>a</W><W>lot</W><W>of</W><W>KPBS</W><W>cooks</W><W>use</W><W>the</W><W>very</W><W>same</W><W>stainless</W><W>pans</W><W>.</W></SENTENCE><SENTENCE><W>OK</W><W>,</W><W>I</W><W>was</W><W>sold</W><W>.</W></SENTENCE></P><P></P><P><SENTENCE><W>I</W><W>have</W><W>fallen</W><W>in</W><W>love</W><W>with</W><W>my</W><W>Cuisinart</W><W>Everyday</W><W>Stainless</W><W>7-Piece</W><W>Cookware</W><W>Set</W><W>!</W><W>First</W><W>off</W><W>,</W><W>the</W><W>pots</W><C><W>and</W></C><W>pans</W><W>are</W><W>gorgeous</W><W>;</W><W>professional</W><W>,</W><W>highly</W><W>polished</W><W>steel</W><W>with</W><W>lids</W><W>that</W><W>are</W><W>partially</W><W>glass</W><W>so</W><W>you</W><C><cue COMMENTS="" ID="2" type="speculation"><W>can</W></cue></C><xcope COMMENTS="" ID="12"><ref COMMENTS="" ID="21" SRC="2"></ref><W>monitor</W><W>what</W><W>&#39;s</W><W>going</W><W>on</W><W>inside</W></xcope><W>.</W></SENTENCE><SENTENCE><W>The</W><W>lids</W><W>are</W><W>functional</W><W>too--</W><W>they</W><W>fit</W><W>tightly</W><W>over</W><W>the</W><W>pots</W><W>.</W></SENTENCE><SENTENCE><W>They</W><W>&#39;re</W><W>so</W><W>cool-looking</W><W>that</W><W>they</W><W>&#39;re</W><W>designed</W><W>for</W><W>hanging</W><W>--</W><W>like</W><W>little</W><W>pieces</W><W>of</W><W>kitchen</W><W>art</W><W>.</W></SENTENCE></P><P></P><P><SENTENCE><W>The</W><W>pans</W><W>also</W><W>have</W><W>a</W><W>copper</W><W>layer</W><W>on</W><W>the</W><W>bottoms</W><W>so</W><W>they</W><W>heat</W><W>evenly</W><W>;</W><W>the</W><W>edges</W><W>of</W><W>the</W><W>pans</W><W>are</W><W>as</W><W>hot</W><W>as</W><W>the</W><W>middle</W><W>.</W></SENTENCE><SENTENCE><W>My</W><W>omelettes</W><C><cue COMMENTS="" ID="3" type="negation"><W>never</W></cue></C><xcope COMMENTS="" ID="13"><ref COMMENTS="" ID="22" SRC="3"></ref><W>looked</W><W>so</W><W>good</W></xcope><W>.</W></SENTENCE><SENTENCE><W>I</W><W>also</W><W>like</W><W>the</W><W>handles</W><W>,</W><W>which</W><W>are</W><W>rounded</W><W>sheets</W><W>of</W><W>stainless</W><W>(</W><C><W>except</W></C><W>on</W><W>giant</W><W>pot</W><W>,</W><W>which</W><W>are</W><W>more</W><W>like</W><W>little</W><W>solid</W><W>pipes</W><W>)</W><W>.</W></SENTENCE><SENTENCE><W>They</W><W>&#39;re</W><W>comfortable</W><W>to</W><W>hold</W><W>on</W><W>to</W><C><W>and</W></C><C><cue COMMENTS="" ID="4" type="negation"><W>never</W></cue></C><xcope COMMENTS="" ID="14"><ref COMMENTS="" ID="23" SRC="4"></ref><W>get</W><W>hot</W></xcope><W>.</W></SENTENCE></P><P></P><P><SENTENCE><W>They</W><W>&#39;re</W><W>also</W><W>easy</W><W>to</W><W>clean</W><W>,</W><W>even</W><W>the</W><W>stuff</W><W>that</W><W>gets</W><W>cooked</W><W>onto</W><W>the</W><W>bottom</W><W>.</W></SENTENCE><SENTENCE><W>Sure</W><W>,</W><W>it</W><W>&#39;s</W><C><cue COMMENTS="" ID="5" type="negation"><W>not</W></cue></C><xcope COMMENTS="" ID="15"><ref COMMENTS="" ID="24" SRC="5"></ref><W>quite</W><W>as</W><W>easy</W><W>as</W><W>cleaning</W><W>a</W><W>teflon</W><W>pan</W></xcope><W>,</W><W>but</W><W>it</W><W>&#39;s</W><W>a</W><W>far</W><W>cry</W><W>from</W><W>scrubbing</W><W>with</W><W>an</W><W>industrial</W><W>strength</W><W>scrub</W><W>pad</W><W>.</W></SENTENCE><SENTENCE><W>I</W><W>usually</W><W>wash</W><W>them</W><W>by</W><W>hand</W><W>because</W><W>I</W><W>use</W><W>them</W><W>so</W><W>much</W><W>but</W><W>you</W><C><cue COMMENTS="" ID="6" type="speculation"><W>can</W></cue></C><xcope COMMENTS="" ID="17"><ref COMMENTS="" ID="25" SRC="6"></ref><W>put</W><W>them</W><W>in</W><W>the</W><W>dishwasher</W></xcope><C><cue COMMENTS="" ID="7" type="speculation"><W>if</W></cue></C><xcope COMMENTS="" ID="16"><ref COMMENTS="" ID="26" SRC="7"></ref><W>you</W><W>want</W><W>to</W><W>.</W></xcope></SENTENCE></P><P></P><P><SENTENCE><W>This</W><W>was</W><W>a</W><W>great</W><W>investment</W><W>.</W></SENTENCE><SENTENCE><W>The</W><W>pots</W><C><W>and</W></C><W>pans</W><W>are</W><W>attractive</W><W>,</W><W>heat</W><W>evenly</W><W>,</W><W>are</W><W>easy</W><W>to</W><W>clean</W><W>,</W><C><W>and</W></C><W>everytime</W><W>I</W><W>use</W><W>them</W><W>,</W><W>I</W><W>pretend</W><W>like</W><W>I</W><W>&#39;m</W><W>professional</W><W>chef</W><W>on</W><W>TV</W><W>.</W></SENTENCE><SENTENCE><W>Sometimes</W><W>,</W><W>when</W><W>noone</W><W>&#39;s</W><W>around</W><W>,</W><W>I</W><W>even</W><W>explain</W><W>what</W><W>I</W><W>&#39;m</W><W>doing</W><W>.</W></SENTENCE><SENTENCE><W>I</W><C><cue COMMENTS="" ID="8" type="speculation"><W>might</W></cue></C><xcope ID="20"><ref COMMENTS="" ID="22" SRC="8"></ref><C><cue COMMENTS="" ID="9" type="negation"><W>not</W></cue></C><xcope ID="19"><ref COMMENTS="" ID="21" SRC="9"></ref><W>create</W><W>gourmet</W><W>food</W></xcope></xcope><W>,</W><W>but</W><W>with</W><W>these</W><W>pans</W><W>,</W><W>I</W><C><W>feel</W></C><W>like</W><W>I</W><W>am</W><W>!</W></SENTENCE></P></DOCUMENT>
