<?xml version="1.0" encoding="UTF-8"?>
<DOCUMENT><P></P><P><SENTENCE><W>I</W><W>have</W><W>finally</W><W>found</W><W>a</W><W>set</W><W>of</W><W>pans</W><W>that</W><W>are</W><W>worth</W><W>the</W><W>money</W><W>I</W><W>paid</W><W>for</W><W>them</W><W>.</W></SENTENCE><SENTENCE><W>I</W><C><cue COMMENTS="" ID="0" type="speculation"><W>thought</W></cue></C><xcope COMMENTS="" ID="8"><ref COMMENTS="" ID="15" SRC="0"></ref><W>I</W><W>needed</W><W>a</W><W>new</W><W>stove</W></xcope><W>,</W><C><W>instead</W></C><W>a</W><W>new</W><W>set</W><W>of</W><W>pans</W><W>was</W><W>a</W><W>better</W><W>deal</W><W>.</W></SENTENCE></P><P></P><P><SENTENCE><W>I</W><W>researched</W><W>all</W><W>of</W><W>the</W><W>different</W><W>sets</W><W>available</W><C><W>and</W></C><W>decided</W><W>that</W><W>these</W><W>pans</W><W>were</W><W>the</W><W>best</W><W>fit</W><W>for</W><W>the</W><W>money</W><W>that</W><W>was</W><W>available</W><W>for</W><W>me</W><W>.</W></SENTENCE></P><P></P><P><SENTENCE><W>I</W><W>absolutely</W><W>love</W><W>the</W><W>speed</W><W>at</W><W>which</W><W>these</W><W>copper</W><W>core</W><W>bottom</W><W>pans</W><W>heat</W><W>up</W><W>.</W></SENTENCE><SENTENCE><W>I</W><C><cue COMMENTS="" ID="1" type="speculation"><W>can</W></cue></C><xcope COMMENTS="" ID="9"><ref COMMENTS="" ID="16" SRC="1"></ref><W>now</W><W>boil</W><W>water</W><W>in</W><W>half</W><W>the</W><W>time</W><C><W>and</W></C><W>at</W><W>a</W><W>much</W><W>lower</W><W>setting</W><W>that</W><W>before</W></xcope><W>.</W></SENTENCE><SENTENCE><W>The</W><W>pans</W><W>are</W><W>sturdy</W><C><W>and</W></C><W>I</W><cue COMMENTS="" ID="2" type="negation"><W>do</W><W>n&#39;t</W></cue><xcope ID="16"><ref COMMENTS="" ID="18" SRC="2"></ref><cue COMMENTS="" ID="3" type="speculation"><C><W>feel</W></C><W>like</W></cue><xcope ID="15"><ref COMMENTS="" ID="17" SRC="3"></ref><W>the</W><W>handle</W><W>is</W><W>going</W><W>to</W><W>come</W><W>loose</W><W>as</W><W>I</W><W>carry</W><W>something</W><W>to</W><W>the</W><W>table</W></xcope></xcope><W>.</W></SENTENCE><SENTENCE><W>I</W><W>also</W><W>enjoy</W><W>the</W><W>fact</W><W>that</W><W>the</W><W>handles</W><W>are</W><W>welded</W><W>to</W><W>the</W><W>outside</W><W>of</W><W>the</W><W>pan</W><W>,</W><W>this</W><W>ensures</W><W>that</W><W>there</W><W>are</W><C><cue COMMENTS="" ID="4" type="negation"><W>no</W></cue></C><xcope COMMENTS="" ID="11"><ref COMMENTS="" ID="19" SRC="4"></ref><W>rough</W><W>surfaces</W><W>on</W><W>the</W><W>interior</W><W>for</W><W>food</W><W>particles</W><W>to</W><W>adhere</W><W>to</W></xcope><W>.</W></SENTENCE><SENTENCE><W>I</W><W>also</W><W>enjoy</W><W>the</W><W>ability</W><W>to</W><W>cook</W><W>at</W><W>high</W><W>temps</W><W>with</W><W>out</W><W>the</W><W>sides</W><W>of</W><W>the</W><W>pan</W><W>heating</W><W>up</W><W>.</W></SENTENCE><SENTENCE><W>The</W><W>heat</W><W>source</W><W>is</W><W>concentrated</W><W>at</W><W>the</W><W>base</W><W>of</W><W>the</W><W>pan</W><W>vice</W><W>the</W><W>handle</W><C><W>and</W></C><W>sides</W><W>.</W></SENTENCE><SENTENCE><W>This</W><W>is</W><W>safer</W><C><W>and</W></C><W>more</W><W>efficient</W><W>.</W></SENTENCE></P><P></P><P><SENTENCE><W>The</W><W>only</W><W>disadvantage</W><W>I</W><W>have</W><W>found</W><W>so</W><W>far</W><W>is</W><W>the</W><W>clean</W><W>up</W><W>.</W></SENTENCE><SENTENCE><W>The</W><W>instructions</W><W>say</W><W>the</W><W>pans</W><W>are</W><W>dishwasher</W><W>safe</W><W>but</W><W>it</W><W>is</W><C><cue COMMENTS="" ID="5" type="negation"><W>not</W></cue></C><xcope COMMENTS="" ID="13"><ref COMMENTS="" ID="21" SRC="5"></ref><W>recommended</W><W>due</W><W>to</W><C><cue COMMENTS="" ID="6" type="speculation"><W>possible</W></cue></C><xcope COMMENTS="" ID="12"><ref COMMENTS="" ID="20" SRC="6"></ref><W>cosmetic</W><W>changes</W><W>in</W><W>the</W><W>surface</W><W>of</W><W>the</W><W>pans</W></xcope></xcope><W>.</W></SENTENCE><SENTENCE><W>My</W><W>wife</W><W>used</W><W>a</W><W>metal</W><W>spoon</W><W>to</W><W>sir</W><C><W>and</W></C><W>this</W><W>left</W><W>metal</W><W>scratches</W><W>in</W><W>the</W><W>pan</W><W>surface</W><W>.</W></SENTENCE><SENTENCE><W>It</W><W>did</W><C><cue COMMENTS="" ID="7" type="negation"><W>not</W></cue></C><xcope COMMENTS="" ID="14"><ref COMMENTS="" ID="22" SRC="7"></ref><W>affect</W><W>the</W><W>use</W><W>only</W><W>the</W><W>appearance</W></xcope></SENTENCE></P></DOCUMENT>
