<?xml version="1.0" encoding="UTF-8"?>
<DOCUMENT><P/><P><SENTENCE><W>When</W><W>me</W><C><W>and</W></C><W>my</W><W>husband</W><W>got</W><W>married</W><W>,my</W><W>new</W><W>mother</W><W>in</W><W>law</W><W>gave</W><W>us</W><W>this</W><W>set</W><W>of</W><W>cookware</W><W>as</W><W>a</W><W>gift</W><W>to</W><W>us</W><W>.</W></SENTENCE><SENTENCE><W>She</W><W>bought</W><W>herself</W><W>a</W><W>set</W><W>as</W><W>well</W><W>as</W><W>a</W><W>set</W><W>for</W><W>us</W><W>.</W></SENTENCE></P><P/><P><SENTENCE><W>As</W><W>soon</W><W>as</W><W>I</W><W>pulled</W><W>the</W><W>first</W><W>pot</W><W>out</W><W>of</W><W>the</W><W>box</W><W>,</W><W>I</W><W>knew</W><W>I</W><C><cue COMMENTS="" ID="0" type="speculation"><W>would</W></cue></C><xcope COMMENTS="" ID="13"><ref COMMENTS="" ID="27" SRC="0"/><W>be</W><W>happy</W><W>with</W><W>this</W><W>cookware</W></xcope><W>.</W></SENTENCE><SENTENCE><W>You</W><C><cue COMMENTS="" ID="1" type="speculation"><W>can</W></cue></C><xcope COMMENTS="" ID="14"><ref COMMENTS="" ID="28" SRC="1"/><W>simply</W><W>look</W><W>at</W><W>it</W></xcope><C><W>and</W></C><W>know</W><W>it</W><W>&apos;s</W><C><cue COMMENTS="" ID="2" type="negation"><W>not</W></cue></C><xcope COMMENTS="" ID="15"><ref COMMENTS="" ID="30" SRC="2"/><W>a</W><W>set</W><W>of</W><W>pots</W></xcope><C><W>and</W></C><W>pans</W><W>you</W><C><cue COMMENTS="" ID="3" type="speculation"><W>can</W></cue></C><xcope COMMENTS="" ID="16"><ref COMMENTS="" ID="29" SRC="3"/><W>get</W><W>for</W><W>20</W><W>dollars</W><W>at</W><W>Wal-mart</W></xcope><W>,and</W><W>I</W><C><cue COMMENTS="" ID="4" type="speculation"><W>think</W></cue></C><xcope COMMENTS="" ID="17"><ref COMMENTS="" ID="31" SRC="4"/><W>that</W><W>made</W><W>me</W><C><W>feel</W></C><W>good</W></xcope><W>,knowing</W><W>that</W><W>I</W><C><cue COMMENTS="" ID="5" type="speculation"><W>could</W></cue></C><xcope COMMENTS="" ID="20"><ref COMMENTS="" ID="34" SRC="5"/><W>start</W><W>my</W><W>own</W><W>home</W><C><W>and</W></C><W>kitchen</W><W>with</W><W>something</W><W>I</W><cue COMMENTS="" ID="6" type="speculation"><C><W>would</W></C><W>n&apos;t</W></cue><xcope COMMENTS="" ID="19"><ref COMMENTS="" ID="33" SRC="6"/><W>be</W><W>replacing</W><W>in</W><W>a</W><W>year</W></xcope><C><cue COMMENTS="" ID="7" type="speculation"><W>or</W></cue></C><xcope COMMENTS="" ID="18"><ref COMMENTS="" ID="32" SRC="7"/><W>so</W></xcope></xcope><W>.</W></SENTENCE></P><P/><P><SENTENCE><W>While</W><W>the</W><W>stainless</W><W>steel</W><W>accounts</W><W>for</W><W>a</W><W>couple</W><W>of</W><W>burns</W><W>I</W><W>&apos;ve</W><W>received</W><W>from</W><W>my</W><W>own</W><W>stupidity</W><W>,</W><W>I</W><W>also</W><C><cue COMMENTS="" ID="8" type="speculation"><W>think</W></cue></C><xcope COMMENTS="" ID="21"><ref COMMENTS="" ID="35" SRC="8"/><W>it</W><W>&apos;s</W><W>one</W><W>of</W><W>my</W><W>favorite</W><W>things</W><W>about</W><W>this</W><W>set.It</W></xcope><W>just</W><W>makes</W><W>it</W><W>look</W><W>so</W><W>clean</W><C><W>and</W></C><W>attractive</W><C><W>and</W></C><W>durable</W><W>.</W></SENTENCE><SENTENCE><W>I</W><W>got</W><W>a</W><W>lot</W><W>of</W><W>use</W><W>out</W><W>of</W><W>the</W><W>largest</W><W>pot</W><W>for</W><W>the</W><W>first</W><W>year</W><W>by</W><W>boiling</W><W>bottles</W><W>in</W><W>it</W><W>constantly</W><W>.</W><W>I</W><cue COMMENTS="" ID="9" type="negation"><W>do</W><W>n&apos;t</W></cue><xcope COMMENTS="" ID="24"><ref COMMENTS="" ID="38" SRC="9"/><W>know</W><W>what</W><W>I</W><C><cue COMMENTS="" ID="10" type="speculation"><W>would</W></cue></C><xcope COMMENTS="" ID="23"><ref COMMENTS="" ID="37" SRC="10"/><W>have</W><W>done</W><C><cue COMMENTS="" ID="11" type="speculation"><W>without</W></cue></C><xcope COMMENTS="" ID="22"><ref COMMENTS="" ID="36" SRC="11"/><W>it</W></xcope></xcope></xcope><W>.</W></SENTENCE><SENTENCE><W>The</W><W>pot</W><W>is</W><W>large</W><W>enough</W><xcope COMMENTS="" ID="25"><ref COMMENTS="" ID="39" SRC="12"/><W>to</W><W>fit</W><W>even</W><W>two</W><W>days</W></xcope><C><cue COMMENTS="" ID="12" type="speculation"><W>or</W></cue></C><xcope COMMENTS="" ID="26"><ref COMMENTS="" ID="40" SRC="12"/><W>better</W><W>worth</W><W>of</W><W>bottles</W></xcope><W>.</W></SENTENCE></P><P/><P><SENTENCE><W>Since</W><W>the</W><W>time</W><W>my</W><W>son</W><W>was</W><W>weaned</W><W>I</W><W>&apos;ve</W><W>found</W><W>other</W><W>uses</W><W>for</W><W>it</W><xcope COMMENTS="" ID="44"><ref COMMENTS="" ID="47" SRC="41"/><W>,such</W><W>as</W><W>making</W><W>a</W><W>big</W><W>pot</W><W>of</W><W>spaghetti</W></xcope><C><cue COMMENTS="" ID="41" type="speculation"><W>or</W></cue></C><xcope COMMENTS="" ID="43"><ref COMMENTS="" ID="46" SRC="41"/><W>some</W><W>home</W><W>made</W><W>soup</W></xcope><W>,or</W><W>boiling</W><W>fresh</W><W>vegetables</W><W>,it</W><W>&apos;s</W><W>large</W><W>enough</W><W>to</W><W>hold</W><W>any</W><W>amount</W><W>with</W><W>ease</W><W>.</W></SENTENCE></P><P/><P><SENTENCE><W>The</W><W>smallest</W><W>of</W><W>the</W><W>pots</W><W>is</W><W>great</W><W>for</W><W>things</W><W>like</W><W>macaroni</W><W>,noodles</W><W>,and</W><W>making</W><W>tea.</W><W>I</W><C><cue COMMENTS="" ID="42" type="speculation"><W>think</W></cue></C><xcope COMMENTS="" ID="45"><ref COMMENTS="" ID="48" SRC="42"/><W>I</W><W>use</W><W>this</W><W>piece</W><W>more</W><W>than</W><W>any</W><W>other</W></xcope><W>.</W></SENTENCE></P><P/><P><SENTENCE><W>The</W><W>second</W><W>largest</W><W>pot</W><W>is</W><W>great</W><W>for</W><W>anything</W><W>,</W><W>I</W><W>use</W><W>it</W><W>for</W><W>all</W><W>my</W><W>cooking</W><W>needs</W><W>,for</W><W>anything</W><W>from</W><W>boiling</W><W>nipples</W><W>in</W><W>the</W><W>past</W><W>to</W><W>gravies</W><C><W>and</W></C><W>other</W><W>things</W><W>.</W></SENTENCE></P><P/><P><SENTENCE><W>The</W><W>skillet</W><W>is</W><W>however</W><W>still</W><W>my</W><W>very</W><W>favorite</W><W>piece</W><W>.</W></SENTENCE><SENTENCE><W>It</W><cue COMMENTS="" ID="49" type="speculation"><W>ca</W><W>n&apos;t</W></cue><xcope COMMENTS="" ID="59"><ref COMMENTS="" ID="70" SRC="49"/><W>be</W><W>described</W><W>as</W><W>anything</W><W>other</W><W>than</W><W>wonderful</W><C><W>and</W></C><W>useful</W></xcope><W>.</W></SENTENCE></P><P/><P><SENTENCE><C><cue COMMENTS="" ID="50" type="speculation"><W>If</W></cue></C><xcope COMMENTS="" ID="60"><ref COMMENTS="" ID="71" SRC="50"/><W>this</W><W>were</W><W>cheap</W><W>cookware</W></xcope><W>,it</W><C><cue COMMENTS="" ID="51" type="speculation"><W>would</W></cue></C><xcope COMMENTS="" ID="61"><ref COMMENTS="" ID="72" SRC="51"/><W>have</W><W>already</W><W>proved</W><W>itself</W><W>with</W><W>me</W></xcope><W>.</W></SENTENCE><SENTENCE><W>I</W><W>&apos;ve</W><W>forgotten</W><W>about</W><W>boiling</W><W>nipples</W><W>more</W><W>than</W><W>once</W><W>,and</W><W>even</W><W>after</W><W>that</W><W>,my</W><W>cookware</W><W>still</W><W>looks</W><W>brand</W><W>new</W><W>.</W></SENTENCE></P><P/><P><SENTENCE><xcope COMMENTS="" ID="63"><ref COMMENTS="" ID="74" SRC="52"/><W>The</W><W>only</W><W>other</W><W>pot</W></xcope><C><cue COMMENTS="" ID="52" type="speculation"><W>or</W></cue></C><xcope COMMENTS="" ID="64"><ref COMMENTS="" ID="73" SRC="52"/><W>pan</W></xcope><W>I</W><W>own</W><W>outside</W><W>of</W><W>this</W><W>set</W><W>is</W><W>a</W><W>cast</W><W>iron</W><W>small</W><W>skillet</W><W>my</W><W>mother</W><W>passed</W><W>down</W><W>for</W><W>things</W><W>like</W><W>pancakes</W><C><W>and</W></C><W>eggs</W><W>,and</W><W>these</W><W>are</W><W>all</W><W>I</W><W>have</W><W>needed</W><W>.</W></SENTENCE><SENTENCE><W>I</W><C><cue COMMENTS="" ID="53" type="speculation"><W>think</W></cue></C><xcope COMMENTS="" ID="66"><ref COMMENTS="" ID="76" SRC="53"/><W>that</W><C><cue COMMENTS="" ID="54" type="speculation"><W>if</W></cue></C><xcope COMMENTS="" ID="65"><ref COMMENTS="" ID="75" SRC="54"/><W>you</W><W>walked</W><W>up</W><W>to</W><W>me</W><W>10</W><W>years</W><W>from</W><W>now</W></xcope></xcope><W>,</W><W>I</W><C><cue COMMENTS="" ID="55" type="speculation"><W>would</W></cue></C><xcope COMMENTS="" ID="67"><ref COMMENTS="" ID="77" SRC="55"/><W>still</W><W>be</W><W>using</W><W>these</W><W>dishes</W></xcope><C><W>and</W></C><C><cue COMMENTS="" ID="56" type="speculation"><W>if</W></cue></C><C><cue COMMENTS="" ID="57" type="speculation"><xcope COMMENTS="" ID="68"><ref COMMENTS="" ID="78" SRC="56"/><W>not</W></xcope></cue></C><W>,another</W><W>set</W><W>of</W><W>the</W><W>same</W><W>kind</W><W>.</W></SENTENCE><SENTENCE><W>I</W><W>absolutely</W><W>love</W><W>the</W><W>quality</W><C><W>and</W></C><W>durability</W><C><W>and</W></C><cue COMMENTS="" ID="58" type="speculation"><C><W>would</W></C><W>n&apos;t</W></cue><xcope COMMENTS="" ID="69"><ref COMMENTS="" ID="79" SRC="58"/><W>trade</W><W>my</W><W>pots</W><C><W>and</W></C><W>pans</W><W>for</W><W>any</W><W>other</W></xcope><W>,they</W><W>&apos;re</W><W>just</W><W>what</W><W>I</W><W>need</W><W>.</W></SENTENCE></P></DOCUMENT>