<?xml version="1.0" encoding="UTF-8"?>
<DOCUMENT><P></P><P><SENTENCE><W>Remix</W><W>albums</W><W>are</W><W>usually</W><W>pointless</W><W>exercises</W><W>by</W><W>a</W><W>record</W><W>company</W><W>to</W><W>bleed</W><W>loads</W><W>of</W><W>money</W><W>out</W><W>of</W><W>unsuspecting</W><W>fans</W><C><W>and</W></C><W>into</W><W>pockets</W><W>of</W><W>artists-and</W><W>moreso</W><W>,</W><W>the</W><W>labels</W><W>themselves</W><W>.</W></SENTENCE><SENTENCE><W>Since</W><W>the</W><W>remix</W><W>album</W><W>exploded</W><W>in</W><W>1989-90</W><W>with</W><W>the</W><W>likes</W><W>of</W><W>Bobby</W><W>Brown</W><W>,</W><W>Paula</W><W>Abdul</W><C><W>and</W></C><W>the</W><W>New</W><W>Kids</W><W>,</W><W>there</W><cue ID="0" type="negation"><W>have</W><W>n&#39;t</W></cue><xcope ID="3"><ref COMMENTS="" ID="5" SRC="0"></ref><W>been</W><W>many</W><W>remix</W><W>albums</W><W>that</W><W>are</W><C><cue ID="1" type="negation"><W>not</W></cue></C><xcope ID="2"><ref COMMENTS="" ID="4" SRC="1"></ref><W>average</W><W>,</W><W>at</W><W>best</W></xcope></xcope><W>.</W></SENTENCE></P><P></P><P><SENTENCE><W>Now</W><W>St</W><W>.</W><W>Louis</W><W>rapper</W><W>nelly</W><W>joins</W><W>the</W><W>fray</W><W>with</W><W>his</W><W>clunkily</W><W>titled</W><W>&#34;</W><W>The</W><W>Derrty</W><W>Versions</W><W>:</W><W>The</W><W>Reinvention</W><W>&#34;</W><W>.</W></SENTENCE><SENTENCE><W>This</W><W>is</W><W>basically</W><W>a</W><W>souped-up</W><W>greatest</W><W>hits</W><W>album</W><W>.</W></SENTENCE><SENTENCE><W>While</W><W>some</W><W>of</W><W>his</W><W>hits</W><W>enjoy</W><W>a</W><W>slight</W><W>adjustment</W><W>in</W><W>beat</W><W>,</W><C><cue ID="6" type="negation"><W>none</W></cue></C><W>of</W><W>these</W><W>songs</W><W>is</W><W>extraordinarily</W><W>different</W><W>than</W><W>te</W><W>original</W><W>version</W><W>,</W><W>which</W><W>is</W><W>a</W><W>good</W><C><W>and</W></C><W>a</W><W>bad</W><W>thing</W><W>.</W></SENTENCE><SENTENCE><C><cue ID="7" type="speculation"><W>If</W></cue></C><xcope ID="20"><ref COMMENTS="" ID="21" SRC="7"></ref><W>you</W><W>&#39;re</W><W>a</W><W>Nelly</W><W>fan</W><W>,</W><W>you</W><W>&#39;re</W><W>getting</W><W>jerked</W><W>out</W><W>of</W><W>your</W><W>money</W><W>to</W><W>get</W><W>a</W><W>buncha</W><W>stuff</W><W>you</W><W>already</W><W>own</W></xcope><W>.</W></SENTENCE><SENTENCE><C><cue ID="8" type="speculation"><W>If</W></cue></C><xcope ID="23"><ref COMMENTS="" ID="25" SRC="8"></ref><W>you</W><W>&#39;re</W><W>like</W><W>me</W><C><W>and</W></C><C><cue ID="9" type="speculation"><W>think</W></cue></C><xcope ID="22"><ref COMMENTS="" ID="24" SRC="9"></ref><W>the</W><W>man</W><W>has</W><W>a</W><W>couple</W><W>of</W><W>hot</W><W>singles</W><W>,</W><W>it</W><W>&#39;s</W><W>an</W><W>OK</W><W>buy</W><W>because</W><W>it</W><W>means</W><W>you</W><cue ID="10" type="negation"><W>do</W><W>n&#39;t</W></cue><xcope ID="13"><ref COMMENTS="" ID="15" SRC="10"></ref><W>have</W><W>to</W><W>buy</W><C><cue ID="11" type="speculation"><W>either</W></cue></C><xcope ID="12"><ref COMMENTS="" ID="14" SRC="11"></ref><W>of</W><W>his</W><W>middling-to-weak</W><W>albums</W></xcope></xcope></xcope></xcope><W>.</W></SENTENCE></P><P></P><P><SENTENCE><W>I</W><W>&#39;ll</W><W>be</W><W>the</W><W>first</W><W>to</W><W>admit</W><W>I</W><W>&#39;m</W><C><cue ID="26" type="negation"><W>not</W></cue></C><xcope COMMENTS="" ID="37"><ref COMMENTS="" ID="38" SRC="26"></ref><W>a</W><W>Nelly</W><W>hater</W></xcope><W>,</W><W>but</W><W>he</W><W>grew</W><W>on</W><W>me</W><W>very</W><W>slowly</W><W>.</W></SENTENCE><SENTENCE><W>I</W><W>respect</W><W>the</W><W>dude</W><W>because</W><W>he</W><W>has</W><W>his</W><W>own</W><W>style</W><W>,</W><C><W>and</W></C><W>he</W><W>&#39;s</W><C><cue ID="27" type="negation"><W>not</W></cue></C><xcope COMMENTS="" ID="36"><ref COMMENTS="" ID="41" SRC="27"></ref><W>afraid</W><W>to</W><W>admit</W><W>that</W><W>he</W><W>&#39;s</W><C><cue ID="28" type="negation"><W>not</W></cue></C><xcope COMMENTS="" ID="35"><ref COMMENTS="" ID="40" SRC="28"></ref><W>the</W><W>greatest</W><W>MC</W><W>in</W><W>the</W><W>world</W><W>,</W><W>but</W><W>he</W><W>has</W><W>his</W><W>own</W><W>little</W><W>niche</W></xcope></xcope><W>.</W></SENTENCE><SENTENCE><W>Of</W><W>course</W><W>,</W><W>his</W><W>success</W><W>far</W><W>outweights</W><W>his</W><W>artistry</W><W>,</W><W>but</W><W>how</W><W>many</W><W>artists</W><C><cue ID="29" type="speculation"><W>can</W></cue></C><xcope COMMENTS="" ID="34"><ref COMMENTS="" ID="42" SRC="29"></ref><W>we</W><W>say</W><W>that</W><W>of</W></xcope><W>?</W></SENTENCE><SENTENCE><W>hey</W><W>,</W><W>the</W><W>dude</W><W>wants</W><W>to</W><W>make</W><W>you</W><W>dance</W><W>,</W><W>he</W><W>&#39;s</W><W>relatively</W><W>inoffensive</W><W>,</W><W>he</W><cue ID="30" type="negation"><W>does</W><W>n&#39;t</W></cue><xcope COMMENTS="" ID="33"><ref COMMENTS="" ID="43" SRC="30"></ref><W>traffic</W><W>into</W><W>the</W><W>super-violent</W><W>and</W><W>misogynist</W><W>cliches</W><W>that</W><W>most</W><W>other</W><W>popular</W><W>MC</W><W>&#39;s</W><W>fall</W><W>into</W></xcope><W>.</W></SENTENCE><SENTENCE><W>Hey</W><W>,</W><C><cue COMMENTS="" ID="31" type="negation"><W>no</W></cue></C><xcope COMMENTS="" ID="32"><ref COMMENTS="" ID="44" SRC="31"></ref><W>one</W><W>will</W><W>ever</W><W>confuse</W><W>him</W><W>with</W><W>Rakim</W><W>,</W><W>but</W><W>he</W><W>&#39;s</W><W>OK</W><W>,</W><W>damn</W></xcope><W>it</W><W>.</W></SENTENCE></P><P></P><P><SENTENCE><W>Some</W><W>of</W><W>the</W><W>remixes</W><W>leave</W><W>very</W><W>little</W><W>unchanged</W><W>from</W><W>the</W><W>original</W><W>version</W><W>.</W></SENTENCE><SENTENCE><W>&#34;</W><W>Country</W><W>Grammar&#34;</W><W>,</W><W>Nelly</W><W>&#39;s</W><W>breakout</W><W>hit</W><W>,</W><W>is</W><W>exactly</W><W>the</W><W>same</W><W>as</W><W>the</W><W>original</W><W>version</W><W>with</W><W>one</W><W>minor</W><W>alteration</W><W>in</W><W>the</W><W>chorus</W><W>as</W><W>well</W><W>as</W><W>a</W><W>verse</W><W>from</W><W>E-40</W><W>,</W><W>the</W><W>hip-hop</W><W>king</W><W>of</W><W>&#34;what</W><W>the</W><W>f***</W><W>is</W><W>that</W><W>dude</W><W>saying</W><W>?</W><W>&#34;</W><W>.</W></SENTENCE><SENTENCE><W>&#34;</W><W>Dilemma</W><W>&#34;</W><C><W>and</W></C><W>&#34;</W><W>Work</W><W>It</W><W>&#34;</W><W>add</W><W>slightly</W><W>harder</W><W>beats</W><W>(</W><W>courtesy</W><W>of</W><W>Jermaine</W><W>Dupri</W><C><W>and</W></C><W>Scott</W><W>Storch</W><W>)</W><W>respectively</W><W>.</W></SENTENCE><SENTENCE><W>JD</W><W>brings</W><W>up</W><W>Nelly</W><W>&#39;s</W><W>vocal</W><W>,</W><W>which</W><W>is</W><W>almost</W><W>buried</W><W>into</W><W>the</W><W>mix</W><W>on</W><W>&#34;</W><W>Dilemma</W><W>&#39;s</W><W>&#34;</W><W>studio</W><W>version</W><W>,</W><W>while</W><W>Nelly</W><W>alters</W><W>his</W><W>flow</W><W>on</W><W>&#34;</W><W>Work</W><W>It&#34;</W><W>,</W><W>which</W><W>was</W><W>originally</W><W>a</W><W>pretty</W><W>decent</W><W>party</W><W>anthem</W><W>but</W><W>now</W><W>is</W><W>only</W><W>interesting</W><W>because</W><W>of</W><W>Justin</W><W>Timberlake</W><W>&#39;s</W><W>best</W><W>Michael</W><W>Jackson</W><W>impression</W><W>to</W><W>date</W><W>.</W></SENTENCE></P><P></P><P><SENTENCE><W>&#34;</W><W>E.I.</W><W>&#34;</W><W>is</W><W>remixed</W><W>by</W><W>crunk</W><W>king</W><W>David</W><W>Banner</W><W>,</W><C><W>and</W></C><W>Banner</W><W>&#39;s</W><W>rock-etched</W><W>production</W><W>is</W><W>the</W><W>standout</W><W>on</W><W>a</W><W>couple</W><W>of</W><W>tracks</W><W>here</W><W>.</W></SENTENCE><SENTENCE><W>He</W><W>takes</W><W>it</W><W>back</W><W>to</W><W>the</W><W>old-school</W><W>Rick</W><W>Rubin</W><W>Casio-drumbeat</W><C><W>and</W></C><W>loud</W><W>guitar</W><W>days</W><W>on</W><W>this</W><W>one</W><W>,</W><W>despite</W><W>its</W><W>&#39;</W><W>somewhat</W><W>sexist</W><W>refrain</W><W>of</W><W>&#34;is</W><W>that</W><W>yo</W><W>&#39;</W><W>a**</W><W>cuz</W><W>it</W><W>ai</W><W>n&#39;t</W><W>yo</W><W>face</W><W>&#34;</W><W>plastered</W><W>throughout</W><W>the</W><W>song</W><W>.</W></SENTENCE><SENTENCE><W>For</W><W>whatever</W><W>reason</W><W>,</W><W>it</W><C><W>appears</W></C><W>twice</W><W>on</W><W>this</W><W>set</W><W>.</W></SENTENCE><SENTENCE><W>The</W><W>album</W><W>&#39;s</W><W>two</W><W>best</W><W>songs</W><W>are</W><W>the</W><W>most</W><W>chilled-out</W><W>tracks</W><W>here</W><W>,</W><W>giving</W><W>Nelly</W><W>more</W><W>of</W><W>an</W><W>RandB</W><W>than</W><W>a</W><W>hip-hop</W><W>vibe</W><W>.</W></SENTENCE><SENTENCE><W>&#34;</W><W>Pimp</W><W>Juice</W><W>&#34;</W><W>coasts</W><W>along</W><W>on</W><W>a</W><W>jazz-kissed</W><W>soul</W><W>background</W><W>with</W><W>some</W><W>sultry</W><W>sax</W><C><W>and</W></C><W>a</W><W>guest</W><W>vocal</W><W>by</W><W>the</W><W>legendary</W><W>Ron</W><W>Isley</W><W>.</W></SENTENCE><SENTENCE><W>&#34;</W><W>Groovin&#39;</W><W>Tonight</W><W>&#34;</W><W>is</W><W>all</W><W>about</W><W>Brian</W><W>McKnight</W><W>&#39;s</W><W>great</W><W>guest</W><W>vocal</W><W>.</W></SENTENCE><SENTENCE><W>You</W><W>almost</W><W>forget</W><W>that</W><W>there</W><W>&#39;s</W><W>rapping</W><W>on</W><W>this</W><W>track</W><W>(</W><C><cue ID="45" type="negation"><W>not</W></cue></C><xcope ID="46"><ref COMMENTS="" ID="47" SRC="45"></ref><W>to</W><W>mention</W><W>a</W><W>samle</W><W>of</W><W>the</W><W>opening</W><W>drumbeat</W><W>of</W><W>Michael</W><W>Jackson</W><W>&#39;s</W><W>&#34;</W><W>Rock</W><W>With</W><W>You</W><W>&#34;</W><W>)</W><W>.</W></xcope></SENTENCE></P><P></P><P><SENTENCE><W>However</W><W>,</W><W>that</W><W>&#39;s</W><W>about</W><W>it</W><W>for</W><W>the</W><W>good</W><W>stuff</W><W>here</W><W>.</W></SENTENCE><SENTENCE><W>The</W><W>Neptunes</W><W>severely</W><W>bland</W><W>&#34;</W><C><cue ID="48" type="speculation"><W>If</W></cue></C><W>&#34;</W><W>segues</W><W>into</W><W>an</W><W>unnecessary</W><W>remix</W><W>of</W><W>&#34;</W><W>Hot</W><W>In</W><W>Herre</W><W>&#34;</W><W>.</W></SENTENCE><SENTENCE><W>Originally</W><W>produced</W><W>by</W><W>The</W><W>&#34;tunes</W><W>also</W><W>,</W><W>this</W><W>remix</W><W>is</W><W>helmed</W><W>by</W><W>Nelly</W><W>&#39;s</W><W>in-house</W><W>production</W><W>team</W><W>,</W><C><W>and</W></C><cue ID="49" type="negation"><W>does</W><W>n&#39;t</W></cue><xcope ID="50"><ref COMMENTS="" ID="51" SRC="49"></ref><W>really</W><W>change</W><W>the</W><W>song</W><W>a</W><W>whole</W><W>lot</W></xcope><W>.</W></SENTENCE><SENTENCE><W>&#34;</W><W>Ride</W><W>Wit</W><W>Me</W><W>&#34;</W><W>is</W><W>the</W><W>weirdest</W><W>remix</W><W>of</W><W>all</W><W>.</W></SENTENCE><SENTENCE><W>How</W><W>many</W><W>hip-hop</W><W>albums</W><W>do</W><W>you</W><W>know</W><W>that</W><W>feature</W><W>a</W><W>shout</W><W>out</W><W>to</W><W>my</W><W>&#34;</W><W>n*gga</W><W>John</W><W>Mayer</W><W>&#34;</W><W>?</W></SENTENCE><SENTENCE><W>This</W><W>reconstruction</W><W>liberally</W><W>lifts</W><W>from</W><W>mayer</W><W>&#39;s</W><W>breakout</W><W>hit</W><W>&#34;</W><C><W>No</W></C><W>Such</W><W>Thing&#34;</W><W>,</W><C><W>and</W></C><W>while</W><W>it</W><W>&#39;s</W><W>weird</W><W>to</W><W>hear</W><W>Nelly</W><W>twisting</W><W>the</W><W>melody</W><W>of</W><W>Mayer</W><W>&#39;s</W><W>hit</W><W>,</W><W>some</W><W>experiments</W><W>are</W><W>best</W><W>left</W><W>untried</W><W>.</W></SENTENCE><SENTENCE><W>This</W><W>album</W><W>also</W><W>loses</W><W>cool</W><W>points</W><W>for</W><W>the</W><W>annoying-*ss</W><W>interview</W><W>skits</W><W>that</W><C><W>appear</W></C><W>throughout</W><W>the</W><W>album</W><W>.</W></SENTENCE></P><P></P><P><SENTENCE><W>Altogether</W><W>,</W><W>this</W><W>is</W><W>a</W><W>decidedly</W><W>average</W><W>effort</W><W>.</W></SENTENCE><SENTENCE><C><cue ID="52" type="speculation"><W>Neither</W></cue></C><xcope COMMENTS="" ID="61"><ref COMMENTS="" ID="62" SRC="52"></ref><W>of</W><W>Nelly</W><W>&#39;s</W><W>two</W><W>studio</W><W>albums</W><W>is</W><W>exactly</W><W>a</W><W>classic</W></xcope><W>,</W><W>so</W><W>I</W><W>actually</W><W>recommend</W><W>this</W><W>album</W><W>to</W><W>folks</W><W>who</W><W>want</W><W>the</W><W>hit</W><W>singles</W><C><cue ID="53" type="negation"><W>without</W></cue></C><xcope ID="60"><ref COMMENTS="" ID="63" SRC="53"></ref><W>wanting</W><W>to</W><W>spring</W><W>for</W><W>&#34;</W><W>Country</W><W>Grammar</W><W>&#34;</W><C><W>and</W></C><W>&#34;nellyville</W></xcope><W>&#34;</W><W>.</W></SENTENCE><SENTENCE><W>These</W><W>songs</W><cue ID="54" type="negation"><W>are</W><W>n&#39;t</W></cue><xcope ID="59"><ref COMMENTS="" ID="64" SRC="54"></ref><W>so</W><W>radically</W><W>changed</W><W>that</W><W>you</W><W>&#39;ll</W><W>miss</W><W>the</W><W>original</W><W>versions-well</W><W>,</W><C><cue ID="55" type="negation"><W>not</W></cue></C><xcope ID="58"><W>most</W><W>of</W><W>&#39;em</W><W>anyway</W></xcope></xcope><W>.</W></SENTENCE><SENTENCE><W>Buy</W><W>this</W><W>only</W><C><cue ID="56" type="speculation"><W>if</W></cue></C><xcope ID="57"><ref COMMENTS="" ID="65" SRC="56"></ref><W>you</W><W>own</W><W>nothing</W><W>else</W><W>by</W><W>Nelly</W><C><W>and</W></C><W>want</W><W>his</W><W>hit</W><W>singles</W></xcope><W>.</W></SENTENCE></P><P></P><P><SENTENCE><W>Rating</W><W>:</W><W>2</W><W>1/2</W><W>stars</W><W>.</W></SENTENCE></P><P></P><P><SENTENCE><W>Key</W><W>tracks</W><W>:</W><W>&#34;</W><W>Pimp</W><W>Juice</W><W>&#34;</W><W>f/Ron</W><W>Isley</W><W>,</W><W>&#34;</W><W>Groovin&#39;</W><W>Tonight</W><W>&#34;</W><W>f/St</W><W>.</W></SENTENCE><SENTENCE><W>Lunatics</W><W>and</W><W>Brian</W><W>McKnight</W><W>,</W><W>&#34;</W><W>Dilemma</W><W>&#34;</W><W>f/Jermaine</W><W>Dupri</W><W>and</W><W>Kelly</W><W>Rowland</W></SENTENCE></P></DOCUMENT>
