<?xml version="1.0" encoding="UTF-8"?>
<DOCUMENT><P></P><P><SENTENCE><W>For</W><W>the</W><W>past</W><W>2</W><W>years</W><W>,</W><W>the</W><W>Neptunes</W><W>team</W><W>of</W><W>Chad</W><W>Hugo</W><C><W>and</W></C><W>Pharrell</W><W>Williams</W><W>have</W><W>plagued</W><W>the</W><W>commercial</W><W>music</W><W>industry</W><W>like</W><W>cancer</W><W>.</W></SENTENCE><SENTENCE><W>Theyve</W><W>produced</W><W>a</W><W>countless</W><W>amount</W><W>of</W><W>hits</W><W>for</W><C><cue ID="0" type="negation"><W>not</W></cue></C><xcope ID="3"><ref COMMENTS="" ID="4" SRC="0"></ref><W>only</W><W>hip-hop</W><W>artists</W></xcope><W>,</W><W>but</W><W>have</W><W>crossed</W><W>over</W><W>into</W><W>RandB</W><C><W>and</W></C><W>pop</W><C><W>and</W></C><W>supplied</W><W>their</W><W>futurisitic</W><W>beats</W><W>for</W><W>other</W><W>artists</W><W>in</W><W>other</W><W>genres</W><W>.</W></SENTENCE><SENTENCE><W>Both</W><W>usually</W><W>stand</W><W>behind</W><W>the</W><W>boards</W><W>,</W><W>but</W><W>Pharrell</W><W>Williams</W><W>has</W><W>grown</W><W>accustomed</W><W>to</W><W>singing</W><W>hooks</W><W>for</W><W>acts</W><W>such</W><W>as</W><W>The</W><W>Clipse</W><W>,</W><W>Jay-Z</W><W>,</W><W>Snoop</W><W>Dogg</W><W>,</W><C><W>and</W></C><W>Ludacris</W><W>.</W></SENTENCE><SENTENCE><W>Pharrell</W><W>Williams</W><W>is</W><W>talented</W><W>to</W><W>me</W><C><W>and</W></C><W>his</W><W>voice</W><W>is</W><W>great</W><W>for</W><W>hip-hop</W><W>/</W><W>RandB</W><W>,</W><W>but</W><W>a</W><W>bit</W><W>too</W><W>commercial</W><W>.</W></SENTENCE><SENTENCE><W>Anyways</W><W>,</W><W>recently</W><W>the</W><W>Neptunes</W><W>have</W><W>released</W><W>a</W><W>compilation</W><W>of</W><W>new</W><W>beats</W><W>with</W><W>the</W><W>so-called</W><W>&#34;hottest</W><W>&#34;</W><W>rappers</W><W>out</W><W>there</W><W>,</W><W>an</W><W>album</W><W>entitled</W><W>Clones</W><W>.</W></SENTENCE><SENTENCE><W>Even</W><W>though</W><W>these</W><W>guys</W><W>are</W><W>relatively</W><W>good</W><W>behind</W><W>the</W><W>boards</W><W>,</W><W>they</W><W>dont</W><W>bring</W><W>anything</W><W>new</W><W>to</W><W>the</W><W>table</W><C><W>and</W></C><W>are</W><W>extremely</W><W>repetitive</W><W>,</W><C><cue ID="1" type="negation"><W>not</W></cue></C><xcope ID="2"><ref COMMENTS="" ID="5" SRC="1"></ref><W>to</W><W>mention</W><W>their</W><W>choice</W><W>of</W><W>rappers</W><W>for</W><W>this</W><W>album</W><W>is</W><W>...</W><W>in</W><W>a</W><W>word</W><W>.</W><W>.</W><W>poor</W></xcope><W>.</W></SENTENCE><SENTENCE><W>The</W><W>real</W><W>name</W><W>of</W><W>this</W><W>album</W><W>shoud</W><W>&#39;ve</W><W>been</W><W>&#34;</W><W>The</W><W>Neptunes</W><W>Present</W><W>...</W><W>CRAP&#34;</W><W>.</W></SENTENCE></P><P></P><P><SENTENCE><W>Track</W><W>List</W><W>and</W><W>Rating</W></SENTENCE></P><P></P><P><SENTENCE><W>1</W><W>.</W><W>Intro</W><W>(</W><C><W>NOT</W></C><W>RATED</W><W>)</W></SENTENCE></P><P></P><P><SENTENCE><W>2.</W><W>Busta</W><W>Rhymes</W><W>-</W><W>Light</W><W>Your</W><W>A**</W><W>on</W><W>Fire</W><W>(</W><W>1</W><W>1/2</W><W>Stars</W><W>)</W></SENTENCE></P><P></P><P><SENTENCE><W>3.</W><W>Clipse</W><W>,</W><W>Pharrell</W><W>,</W><W>Ab-Liva</W><W>-</W><W>Blaze</W><W>of</W><W>Glory</W><W>(</W><W>1</W><W>Star</W><W>)</W></SENTENCE></P><P></P><P><SENTENCE><W>4</W><W>.</W><W>Ludacris</W><W>and</W><W>I-20</W><W>-</W><W>It</W><W>Was</W><W>n&#39;t</W><W>Us</W><W>(</W><W>1</W><W>Star</W><W>)</W></SENTENCE></P><P></P><P><SENTENCE><W>5</W><W>.</W><W>Pharrell</W><W>and</W><W>Jay-Z</W><W>-</W><W>Frontin</W><W>(</W><W>4</W><W>Stars</W><W>)</W></SENTENCE></P><P></P><P><SENTENCE><W>6</W><W>.</W><W>Vanessa</W><W>Marquez</W><W>-</W><W>Good</W><W>Girl</W><W>(</W><W>1</W><W>Star</W><W>)</W></SENTENCE></P><P></P><P><SENTENCE><W>7.</W><W>Nelly</W><W>-</W><C><W>If</W></C><W>(</W><W>1</W><W>Star</W><W>)</W></SENTENCE></P><P></P><P><SENTENCE><W>8.</W><W>Rosco</W><W>P.</W><W>Coldchain</W><W>,</W><W>Pusha</W><W>T</W><W>and</W><W>Boo-Bonic</W><W>-</W><W>Hot</W><W>(</W><W>2</W><W>1/2</W><W>Stars</W><W>)</W></SENTENCE></P><P></P><P><SENTENCE><W>9</W><W>.</W><W>Snoop</W><W>Dogg</W><W>-</W><W>It</W><W>Blows</W><W>My</W><W>Mind</W><W>(</W><W>2</W><W>Stars</W><W>)</W></SENTENCE></P><P></P><P><SENTENCE><W>10</W><W>.</W><W>Spymob</W><W>-</W><W>Half-Steering</W><W>(</W><W>2</W><W>Stars</W><W>)</W></SENTENCE></P><P></P><P><SENTENCE><W>11</W><W>.</W><W>High</W><W>Speed</W><W>-</W><W>F*ckin</W><W>Spend</W><W>(</W><W>3</W><W>1/2</W><W>Stars</W><W>)</W></SENTENCE></P><P></P><P><SENTENCE><W>12</W><W>.</W><W>N.E.R.D.</W><W>and</W><W>Clipse</W><W>-</W><W>Loser</W><W>(</W><W>2</W><W>Stars</W><W>)</W></SENTENCE></P><P></P><P><SENTENCE><W>13</W><W>.</W><W>Fam-Lay</W><W>-</W><W>Rock</W><W>N&#39;</W><W>Roll</W><W>(</W><W>1</W><W>Star</W><W>)</W></SENTENCE></P><P></P><P><SENTENCE><W>14</W><W>.</W><W>Jadakiss</W><W>and</W><W>Supercat</W><W>-</W><W>The</W><W>Don</W><W>of</W><W>Dons</W><W>(</W><W>1</W><W>1/2</W><W>Star</W><W>)</W></SENTENCE></P><P></P><P><SENTENCE><W>15</W><W>.</W><W>Clipse</W><W>,</W><W>Ab-Liva</W><W>,</W><W>Pharrell</W><W>and</W><W>Rosco</W><W>P.</W><W>Coldchain</W><W>-</W><W>Hot</W><W>Damn</W><W>(</W><W>3</W><W>Stars</W><W>)</W></SENTENCE></P><P></P><P><SENTENCE><W>16</W><W>.</W><W>Noreaga</W><W>and</W><W>Pharrell</W><W>-</W><W>Put</W><W>&#39;Em</W><W>Up</W><W>(</W><W>0</W><W>Stars</W><W>)</W></SENTENCE></P><P></P><P><SENTENCE><W>17</W><W>.</W><W>Dirt</W><W>McGirt</W><W>-</W><W>Pop</W><W>Sh*t</W><W>(</W><W>4</W><W>Stars</W><W>)</W></SENTENCE></P><P></P><P><SENTENCE><W>18</W><W>.</W><W>Kelis</W><W>and</W><W>Nas</W><W>-</W><W>Popular</W><W>Thug</W><W>(</W><W>1</W><W>Star</W><W>)</W></SENTENCE></P><P></P><P><SENTENCE><W>Admittedly</W><W>,</W><W>a</W><W>lot</W><W>of</W><W>the</W><W>beats</W><W>on</W><W>this</W><W>album</W><W>are</W><W>well-produced</W><W>,</W><C><W>and</W></C><W>this</W><C><cue ID="6" type="speculation"><W>would</W></cue></C><xcope ID="18"><ref COMMENTS="" ID="19" SRC="6"></ref><W>be</W><W>a</W><W>perfectly</W><W>competent</W><W>album</W><C><cue ID="7" type="speculation"><W>if</W></cue></C><xcope ID="12"><ref COMMENTS="" ID="17" SRC="7"></ref><W>the</W><W>Neptunes</W><W>did</W><W>one</W><W>of</W><W>two</W><W>things</W></xcope><W>,</W><xcope ID="10"><ref COMMENTS="" ID="14" SRC="8"></ref><W>get</W><W>better</W><W>lyricists</W></xcope><C><cue ID="8" type="speculation"><W>or</W></cue></C><xcope ID="9"><ref COMMENTS="" ID="13" SRC="8"></ref><W>provide</W><W>just</W><W>instrumentals</W></xcope></xcope><W>.</W></SENTENCE><SENTENCE><W>A</W><W>lot</W><W>of</W><W>the</W><W>songs</W><W>are</W><W>heavy</W><W>on</W><W>production</W><W>,</W><W>featuring</W><W>some</W><W>unique</W><W>production</W><C><W>and</W></C><W>great</W><W>new</W><W>sounds</W><W>found</W><W>by</W><W>the</W><W>Neptunes</W><W>,</W><W>but</W><W>with</W><W>poor</W><W>subject</W><W>matter</W><C><W>and</W></C><W>lyrics</W><W>,</W><W>which</W><W>brings</W><W>Clones</W><W>down</W><W>for</W><W>people</W><W>who</W><W>favor</W><W>lyrics</W><W>over</W><W>beats</W><W>.</W></SENTENCE></P><P></P><P><SENTENCE><W>A</W><W>perfect</W><W>example</W><W>of</W><W>this</W><W>is</W><W>Busta</W><W>Rhymes</W><W>second</W><W>single</W><W>&#34;</W><W>Light</W><W>Your</W><W>A**</W><W>on</W><W>Fire</W><W>&#34;</W><W>.</W></SENTENCE><SENTENCE><W>The</W><W>beat</W><W>,</W><W>though</W><W>clubbish</W><W>,</W><W>features</W><W>some</W><W>new</W><W>sounds</W><W>.</W></SENTENCE><SENTENCE><W>The</W><W>bongo</W><W>drums</W><W>mixed</W><W>with</W><W>claps</W><W>are</W><W>in</W><W>a</W><W>somewhat</W><W>different</W><W>assortment</W><W>,</W><W>giving</W><W>it</W><W>a</W><W>unique</W><W>echo</W><W>which</W><W>ive</W><W>rarely</W><W>heard</W><W>on</W><W>a</W><W>hip-hop</W><W>track</W><W>.</W></SENTENCE><SENTENCE><W>However</W><W>,</W><W>Busta</W><W>Rhymes</W><W>comes</W><W>off</W><W>as</W><W>terrible</W><W>,</W><W>proving</W><W>to</W><W>me</W><W>once</W><W>again</W><W>that</W><W>his</W><W>best</W><W>moments</W><W>are</W><W>far</W><W>behind</W><W>him</W><W>.</W></SENTENCE><SENTENCE><W>He</W><W>spits</W><W>nonsensical</W><W>commercial</W><W>dribble</W><W>about</W><W>booty-dancing</W><C><W>and</W></C><W>clubbish</W><W>themes</W><W>.</W></SENTENCE><SENTENCE><W>I</W><C><cue ID="20" type="speculation"><W>would</W></cue></C><xcope ID="21"><ref COMMENTS="" ID="22" SRC="20"></ref><W>light</W><W>my</W><W>a**</W><W>on</W><W>fire</W><W>literally</W><W>than</W><W>listen</W><W>to</W><W>this</W></xcope><W>...</W><W>(</W><W>HERE</W><W>WE</W><W>GO</W><W>!</W><W>!</W><W>!</W><W>!</W><W>)</W></SENTENCE></P><P></P><P><SENTENCE><W>Of</W><W>course</W><W>,</W><C><cue ID="23" type="speculation"><W>if</W></cue></C><xcope ID="26"><ref COMMENTS="" ID="27" SRC="23"></ref><W>this</W><W>is</W><W>a</W><W>Neptunes</W><W>album</W><W>,</W><W>you</W><W>know</W><W>The</W><W>Clipse</W><W>is</W><W>gonna</W><W>pop</W><W>in</W><W>there</W><W>more</W><W>than</W><W>once</W></xcope><W>.</W></SENTENCE><SENTENCE><W>Their</W><W>first</W><W>track</W><W>is</W><W>&#34;</W><W>Blaze</W><W>of</W><W>Glory</W><W>&#34;</W><W>.</W></SENTENCE><SENTENCE><W>Plain</W><C><W>and</W></C><W>Simple</W><W>,</W><W>i</W><W>just</W><C><cue ID="24" type="negation"><W>cannot</W></cue></C><xcope ID="25"><ref COMMENTS="" ID="28" SRC="24"></ref><W>stand</W><W>this</W><W>song</W></xcope><W>.</W></SENTENCE><SENTENCE><W>The</W><W>beat</W><W>is</W><W>terrible</W><W>,</W><W>featuring</W><W>a</W><W>completely</W><W>off-balance</W><W>medley</W><W>of</W><W>bass</W><W>,</W><W>synthesizer</W><W>,</W><C><W>and</W></C><W>trumpets</W><W>which</W><W>sound</W><W>completely</W><W>terrible</W><W>.</W></SENTENCE><SENTENCE><W>The</W><W>rappers</W><W>on</W><W>this</W><W>track</W><W>are</W><W>less</W><W>than</W><W>average</W><W>,</W><W>as</W><W>Clipse</W><W>once</W><W>again</W><W>tries</W><W>their</W><W>very</W><W>best</W><W>to</W><W>hit</W><W>us</W><W>with</W><W>dope</W><W>rhymes</W><W>,</W><W>but</W><C><W>fails</W></C><W>miserably</W><W>.</W></SENTENCE><SENTENCE><W>Ab-Liva</W><W>is</W><W>a</W><W>tiny</W><W>bit</W><W>better</W><W>,</W><W>with</W><W>a</W><W>small</W><W>multi-syllable</W><W>flow</W><W>at</W><W>times</W><C><W>and</W></C><W>a</W><W>couple</W><W>of</W><W>dope</W><W>punches</W><W>,</W><W>but</W><W>nothing</W><W>special</W><W>.</W></SENTENCE><SENTENCE><W>The</W><W>song</W><W>tries</W><W>too</W><W>hard</W><W>to</W><W>be</W><W>aggressive</W><W>,</W><W>but</W><W>it</W><W>sounds</W><W>terrible</W><W>.</W></SENTENCE><SENTENCE><W>Skip</W><W>it</W><W>...</W></SENTENCE></P><P></P><P><SENTENCE><W>&#34;</W><W>It</W><W>Was</W><W>n&#39;t</W><W>Us</W><W>&#34;</W><W>is</W><W>a</W><W>pure</W><W>club</W><W>piece</W><W>of</W><W>trash</W><W>.</W></SENTENCE><SENTENCE><W>Ludacris</W><W>is</W><W>usually</W><W>humorous</W><W>on</W><W>the</W><W>mic</W><W>,</W><W>but</W><W>on</W><W>this</W><W>track</W><W>hes</W><C><W>missing</W></C><W>out</W><W>on</W><W>his</W><W>normally</W><W>memorable</W><W>punches</W><W>.</W></SENTENCE><SENTENCE><W>The</W><W>beat</W><W>is</W><W>just</W><W>too</W><W>damn</W><W>clubbish</W><W>,</W><W>with</W><W>the</W><W>Neptunes</W><W>over-use</W><W>of</W><W>synthesizers</W><W>,</W><W>adding</W><W>a</W><W>unique</W><W>whistling</W><W>sound</W><W>.</W></SENTENCE><SENTENCE><W>Ill</W><W>give</W><W>the</W><W>Neptunes</W><W>credit</W><W>,</W><W>they</W><C><cue ID="29" type="speculation"><W>can</W></cue></C><xcope ID="30"><ref COMMENTS="" ID="31" SRC="29"></ref><W>definetely</W><W>be</W><W>innovative</W><C><W>and</W></C><W>creative</W></xcope><W>,</W><W>but</W><W>at</W><W>times</W><W>this</W><W>leads</W><W>to</W><W>annoying</W><W>clubbish</W><W>beats</W><W>,</W><C><W>and</W></C><W>im</W><W>sure</W><W>the</W><W>Neptunes</W><W>are</W><W>capable</W><W>of</W><W>more</W><W>,</W><W>it</W><W>sort</W><W>of</W><W>saddens</W><W>me</W><W>.</W></SENTENCE></P><P></P><P><SENTENCE><W>I</W><W>find</W><W>it</W><W>rather</W><W>humorous</W><W>that</W><W>the</W><W>first</W><W>dope</W><W>track</W><W>on</W><W>this</W><W>album</W><W>is</W><W>n&#39;t</W><W>even</W><W>a</W><W>hip-hop</W><W>track</W><W>,</W><W>but</W><W>an</W><W>RandB</W><W>track</W><W>.</W></SENTENCE><SENTENCE><W>Pharrell</W><W>hits</W><W>us</W><W>with</W><W>his</W><W>solo</W><W>jam</W><C><W>and</W></C><W>lead-single</W><W>&#34;</W><W>Frontin&#34;</W><W>.</W></SENTENCE></P><P></P><P><SENTENCE><W>Pharrell</W><W>has</W><W>an</W><W>excellent</W><W>RandB</W><W>singing</W><W>voice</W><W>,</W><W>as</W><W>he</W><W>has</W><W>the</W><W>ability</W><W>to</W><W>raise</W><C><W>and</W></C><W>lower</W><W>the</W><W>pitch</W><W>of</W><W>his</W><W>voice</W><W>,</W><W>but</W><W>usually</W><W>stays</W><W>high</W><W>.</W></SENTENCE><SENTENCE><W>The</W><W>track</W><W>sounds</W><W>a</W><W>tiny</W><W>bit</W><W>too</W><W>much</W><W>like</W><W>a</W><W>Justin</W><W>Timberlake</W><W>song</W><W>,</W><W>but</W><W>it</W><W>still</W><W>hits</W><W>the</W><W>spot</W><W>.</W></SENTENCE><SENTENCE><W>Pharrell</W><W>&#39;s</W><W>smooth</W><W>RandB</W><W>vocals</W><W>,</W><W>the</W><W>dope</W><C><W>and</W></C><W>soothing</W><W>Neptunes</W><W>production</W><W>,</W><C><W>and</W></C><W>Jay-Z</W><W>&#39;s</W><W>short</W><W>,</W><W>but</W><W>on-point</W><W>flow</W><W>make</W><W>this</W><W>track</W><W>an</W><W>excellent</W><W>one</W><C><W>and</W></C><W>actually</W><W>one</W><W>of</W><W>the</W><W>highlights</W><W>of</W><W>Clones</W><W>.</W></SENTENCE><SENTENCE><C><cue ID="32" type="speculation"><W>If</W></cue></C><xcope ID="39"><ref COMMENTS="" ID="41" SRC="32"></ref><W>the</W><W>album</W><W>were</W><W>loaded</W><W>with</W><W>more</W><W>songs</W><W>like</W><W>this</W><W>,</W><W>it</W><C><cue ID="33" type="negation"><W>would</W></cue></C><xcope ID="38"><ref COMMENTS="" ID="40" SRC="33"></ref><W>be</W><W>a</W><W>more</W><W>than</W><W>worthy</W><W>purchase</W></xcope></xcope><W>.</W></SENTENCE><SENTENCE><W>Im</W><W>usually</W><W>against</W><W>producers</W><W>making</W><W>records</W><W>,</W><W>but</W><W>Pharrell</W><W>has</W><W>enough</W><W>talent</W><W>to</W><W>make</W><W>it</W><W>far</W><C><cue ID="34" type="negation"><W>without</W></cue></C><xcope ID="37"><ref COMMENTS="" ID="42" SRC="34"></ref><W>selling-out</W></xcope><W>.</W></SENTENCE><SENTENCE><W>Unfortunately</W><W>,</W><W>by</W><W>just</W><W>having</W><W>a</W><W>look</W><W>at</W><W>the</W><W>track</W><W>list</W><W>,</W><W>you</W><C><cue ID="35" type="speculation"><W>can</W></cue></C><xcope ID="36"><ref COMMENTS="" ID="43" SRC="35"></ref><W>tell</W><W>that</W><W>its</W><W>too</W><W>late</W><W>for</W><W>that</W></xcope><W>.</W></SENTENCE></P><P></P><P><SENTENCE><W>We</W><W>go</W><W>from</W><W>good</W><W>RandB</W><W>to</W><W>absolutely</W><W>awful</W><W>RandB</W><W>with</W><W>&#34;</W><W>Good</W><W>Girl&#34;</W><W>.</W></SENTENCE><SENTENCE><W>Vanessa</W><W>Marquez</W><W>sings</W><W>over</W><W>superb</W><W>Neptunes</W><W>production</W><W>,</W><W>but</W><W>her</W><W>voice</W><W>is</W><W>just</W><W>...</W><W>terrible</W><W>,</W><W>at</W><W>least</W><W>on</W><W>this</W><W>song</W><W>.</W></SENTENCE><SENTENCE><W>The</W><W>song</W><W>has</W><W>a</W><W>more</W><W>poppy</W><C><W>feel</W></C><W>to</W><W>it</W><W>,</W><W>sounding</W><W>like</W><W>a</W><W>Britney</W><W>Spears</W><W>song</W><W>,</W><W>but</W><W>i</W><W>personally</W><cue ID="44" type="negation"><W>ca</W><W>n&#39;t</W></cue><xcope ID="54"><ref COMMENTS="" ID="57" SRC="44"></ref><xcope ID="53"><ref COMMENTS="" ID="56" SRC="45"></ref><W>stand</W><W>the</W><W>premise</W></xcope><C><cue ID="45" type="speculation"><W>or</W></cue></C><xcope ID="52"><ref COMMENTS="" ID="55" SRC="45"></ref><W>the</W><W>vocals</W><W>of</W><W>this</W><W>song</W></xcope></xcope><W>,</W><W>making</W><W>it</W><W>somewhat</W><W>unlistenable</W><W>.</W></SENTENCE><SENTENCE><W>Even</W><W>though</W><W>the</W><W>beat</W><cue ID="46" type="negation"><W>is</W><W>n&#39;t</W></cue><xcope ID="51"><ref COMMENTS="" ID="60" SRC="46"></ref><W>bad</W><W>whatsoever</W></xcope><W>,</W><W>it</W><C><cue ID="47" type="speculation"><W>might</W></cue></C><xcope ID="50"><ref COMMENTS="" ID="59" SRC="47"></ref><W>fit</W><W>better</W><W>for</W><W>Pharrell</W><W>to</W><W>sing</W><W>over</W><W>it</W><C><W>and</W></C><C><cue ID="48" type="negation"><W>not</W></cue></C><xcope ID="49"><ref COMMENTS="" ID="58" SRC="48"></ref><W>this</W><W>b*tch</W></xcope></xcope><W>.</W></SENTENCE></P><P></P><P><SENTENCE><W>Everybody</W><W>knows</W><W>i</W><W>hate</W><W>Nelly</W><W>,</W><W>but</W><W>im</W><C><cue ID="61" type="negation"><W>not</W></cue></C><xcope ID="66"><ref COMMENTS="" ID="67" SRC="61"></ref><W>biased</W></xcope><W>.</W></SENTENCE><SENTENCE><W>However</W><W>,</W><W>as</W><C><cue ID="62" type="speculation"><W>expected</W></cue></C><W>&#34;</W><xcope ID="65"><ref COMMENTS="" ID="68" SRC="62"></ref><C><W>If</W></C><W>&#34;</W><W>is</W><W>terrible</W></xcope><W>.</W></SENTENCE><SENTENCE><W>The</W><W>sad</W><W>thing</W><W>is</W><W>that</W><W>the</W><W>beat</W><W>is</W><W>rather</W><W>good</W><W>.</W></SENTENCE><SENTENCE><W>The</W><W>Neptunes</W><W>provide</W><W>Nelly</W><W>a</W><W>very</W><W>dope</W><W>piano</W><C><W>and</W></C><W>synthesized</W><W>beat</W><W>,</W><W>which</W><W>reminds</W><W>me</W><W>of</W><W>early</W><W>Playstation</W><W>music</W><W>,</W><W>but</W><W>it</W><W>sounds</W><W>very</W><W>good</W><W>.</W></SENTENCE><SENTENCE><W>However</W><W>,</W><W>Nelly</W><W>&#39;s</W><W>choppy</W><W>flow</W><W>,</W><W>terribly</W><W>commercialized</W><W>lyrics</W><W>,</W><C><W>and</W></C><C><W>lack</W></C><W>of</W><W>vocabulary</W><W>kill</W><W>any</W><W>momentum</W><W>the</W><W>track</W><C><cue ID="63" type="speculation"><W>could</W></cue></C><xcope ID="64"><ref COMMENTS="" ID="69" SRC="63"></ref><W>&#39;ve</W><W>had</W></xcope><W>.</W></SENTENCE><SENTENCE><W>Nelly</W><W>raps</W><W>mysogonystic</W><W>commercialism</W><W>with</W><W>terrible</W><W>rhymes</W><C><W>and</W></C><W>his</W><W>typical</W><W>sing-song</W><W>bullsh*t</W><W>.</W></SENTENCE><SENTENCE><W>His</W><W>lyrics</W><W>bring</W><W>the</W><W>song</W><W>all</W><W>the</W><W>way</W><W>down</W><W>to</W><W>a</W><W>0</W><W>Star</W><W>Rating</W><W>,</W><W>but</W><W>the</W><W>beat</W><W>puts</W><W>it</W><W>at</W><W>1</W><W>Star</W><W>.</W></SENTENCE></P><P></P><P><SENTENCE><W>Newly</W><W>signed</W><W>Star</W><W>Trak</W><W>artist</W><W>Roscoe</W><W>P.</W><W>Goldchain</W><W>gets</W><W>a</W><W>joint</W><W>with</W><W>a</W><W>few</W><W>other</W><W>members</W><W>of</W><W>the</W><W>Neptunes</W><W>label</W><W>on</W><W>&#34;</W><W>Hot&#34;</W><W>.</W></SENTENCE><SENTENCE><W>The</W><W>beat</W><W>is</W><W>very</W><W>simplistic</W><W>,</W><W>unique</W><W>,</W><C><W>and</W></C><cue ID="70" type="speculation"><W>seemingly</W></cue><xcope ID="71"><ref COMMENTS="" ID="72" SRC="70"></ref><W>unheard</W><W>of</W></xcope><W>.</W></SENTENCE><SENTENCE><W>Featuring</W><W>a</W><W>scratch</W><W>snare</W><W>,</W><W>some</W><W>very</W><W>low</W><W>chimes</W><W>,</W><C><W>and</W></C><W>a</W><W>simple</W><W>drum</W><W>loop</W><W>with</W><C><cue ID="73" type="negation"><W>no</W></cue></C><xcope ID="81"><ref COMMENTS="" ID="98" SRC="73"></ref><W>bass</W></xcope><W>,</W><W>the</W><W>atmosphere</W><W>is</W><W>seemingly</W><W>non-existant</W><C><W>and</W></C><W>the</W><W>song</W><W>is</W><W>low</W><W>,</W><W>im</W><W>guessing</W><W>so</W><W>that</W><W>the</W><W>emcees</W><C><cue ID="74" type="speculation"><W>could</W></cue></C><xcope ID="82"><ref COMMENTS="" ID="97" SRC="74"></ref><W>flex</W><W>their</W><W>vocal</W><W>muscles</W></xcope><W>.</W></SENTENCE><SENTENCE><W>Admittedly</W><W>,</W><W>some</W><W>of</W><W>the</W><W>lyrics</W><W>on</W><W>this</W><W>track</W><W>are</W><W>indeed</W><W>dope</W><W>,</W><W>but</W><W>their</W><W>refusal</W><W>to</W><W>remain</W><W>on</W><W>subject</W><W>sort</W><W>of</W><W>pulls</W><W>it</W><W>down</W><W>,</W><W>besides</W><W>the</W><W>fact</W><W>that</W><W>their</W><W>lyrics</W><W>are</W><W>average</W><W>as</W><C><W>expected</W></C><W>.</W></SENTENCE><SENTENCE><W>The</W><W>main</W><W>event</W><W>here</W><W>though</W><W>is</W><W>the</W><W>abstract</W><W>production</W><W>,</W><W>which</W><W>is</W><W>something</W><W>that</W><W>ive</W><W>honestly</W><C><cue ID="75" type="negation"><W>never</W></cue></C><xcope ID="83"><ref COMMENTS="" ID="96" SRC="75"></ref><W>heard</W></xcope><W>,</W><W>making</W><W>it</W><W>sound</W><W>as</W><C><cue ID="76" type="speculation"><W>if</W></cue></C><xcope ID="84"><ref COMMENTS="" ID="95" SRC="76"></ref><W>somebody</W><W>vocally</W><W>scratched</W><W>these</W><W>noises</W><W>in</W><W>a</W><W>cypher</W><W>,</W><W>which</W><W>is</W><W>a</W><W>unique</W><C><W>feel</W></C></xcope><W>.</W></SENTENCE><SENTENCE><W>I</W><C><cue ID="77" type="speculation"><W>suggest</W></cue></C><xcope ID="89"><ref COMMENTS="" ID="94" SRC="77"></ref><W>checking</W><W>this</W><W>song</W><W>out</W><C><cue ID="78" type="speculation"><W>if</W></cue></C><xcope ID="88"><ref COMMENTS="" ID="93" SRC="78"></ref><W>you</W><C><cue ID="79" type="speculation"><W>can</W></cue></C><xcope ID="87"><xcope ID="86"><ref COMMENTS="" ID="92" SRC="79"></ref><W>just</W><W>to</W><W>hear</W><W>the</W><W>beat</W></xcope><W>,</W><C><cue ID="80" type="speculation"><W>or</W></cue></C><xcope ID="85"><ref COMMENTS="" ID="90" SRC="80"></ref><W>lack-there-of</W><W>a</W><W>beat</W></xcope></xcope></xcope></xcope><W>.</W></SENTENCE></P><P></P><P><SENTENCE><W>Commercial</W><W>Sell-Out</W><W>Snoop</W><W>Dogg</W><W>pops</W><W>up</W><W>here</W><W>on</W><W>&#34;</W><W>It</W><W>Blows</W><W>My</W><W>Mind</W><W>&#34;</W><W>as</W><W>he</W><W>returns</W><W>to</W><W>rapping</W><W>about</W><W>nothing</W><W>,</W><C><W>except</W></C><W>himself</W><W>.</W></SENTENCE><SENTENCE><W>Snoop</W><W>does</W><W>his</W><W>sort</W><W>of</W><W>charismatic</W><W>flow</W><W>which</W><W>everybody</W><W>knows</W><W>,</W><C><W>and</W></C><W>his</W><W>rhymes</W><W>are</W><W>below</W><W>average</W><W>,</W><W>but</W><C><cue ID="99" type="negation"><W>not</W></cue></C><xcope ID="109"><ref COMMENTS="" ID="116" SRC="99"></ref><W>as</W><W>terrible</W><W>as</W><W>i</W><C><cue ID="100" type="speculation"><W>thought</W></cue></C><xcope ID="108"><ref COMMENTS="" ID="115" SRC="100"></ref><W>they</W><C><cue ID="101" type="speculation"><W>would</W></cue></C><xcope ID="107"><ref COMMENTS="" ID="114" SRC="101"></ref><W>be</W></xcope></xcope></xcope><W>.</W></SENTENCE><SENTENCE><W>But</W><W>its</W><W>nothing</W><W>special</W><W>whatsoever</W><W>as</W><W>he</W><W>once</W><W>again</W><W>proves</W><W>why</W><W>his</W><W>best</W><W>days</W><W>are</W><W>far</W><W>behind</W><W>him</W><W>.</W></SENTENCE><SENTENCE><W>The</W><W>beat</W><W>however</W><W>,</W><W>is</W><W>extraordinarily</W><W>unique</W><W>,</W><W>as</W><W>always</W><W>.</W></SENTENCE><SENTENCE><W>The</W><W>Neptunes</W><W>give</W><W>us</W><W>a</W><W>thumping</W><W>echoing</W><W>drum</W><W>with</W><W>some</W><W>chimes</W><W>in</W><W>the</W><W>background</W><W>,</W><C><W>and</W></C><W>seemingly</W><C><cue ID="102" type="negation"><W>no</W></cue></C><xcope ID="110"><ref COMMENTS="" ID="113" SRC="102"></ref><W>bass</W></xcope><W>,</W><C><W>except</W></C><W>for</W><W>what</W><W>the</W><W>drum</W><W>gives</W><W>it</W><W>.</W></SENTENCE><SENTENCE><W>The</W><W>chorus</W><W>is</W><W>done</W><W>by</W><W>Pharrell</W><W>im</W><W>guessing</W><W>,</W><C><W>and</W></C><W>its</W><W>sort</W><W>of</W><W>catchy</W><W>,</W><W>but</W><C><cue ID="103" type="speculation"><W>probably</W></cue></C><xcope ID="106"><ref COMMENTS="" ID="112" SRC="103"></ref><C><cue ID="104" type="negation"><W>not</W></cue></C><xcope ID="105"><ref COMMENTS="" ID="111" SRC="104"></ref><W>enough</W><W>for</W><W>a</W><W>commercial</W><W>single</W></xcope></xcope><W>.</W></SENTENCE><SENTENCE><W>Message</W><W>for</W><W>Snoop</W><W>:</W><W>RETIRE</W><W>!</W><W>!</W><W>!</W><W>!</W><W>!</W><W>RETIRE</W><W>!</W><W>!</W><W>!</W><W>!</W><W>!</W><W>RETIRE</W><W>NOW!</W><W>!</W><W>!</W><W>!</W><W>!</W></SENTENCE></P><P></P><P><SENTENCE><W>Spymob</W><W>is</W><W>...</W><W>rock</W><W>.</W></SENTENCE><SENTENCE><W>I</W><W>heard</W><W>that</W><W>the</W><W>Neptunes</W><W>signed</W><W>a</W><W>rock</W><W>group</W><W>onto</W><W>their</W><W>label</W><W>,</W><W>but</W><W>i</W><W>had</W><C><cue ID="117" type="negation"><W>no</W></cue></C><xcope ID="121"><ref COMMENTS="" ID="128" SRC="117"></ref><W>clue</W><W>it</W><W>was</W><W>on</W><W>here</W></xcope><W>.</W></SENTENCE><SENTENCE><W>Well</W><W>,</W><W>to</W><W>me</W><W>&#34;</W><W>Half-Steering</W><W>&#34;</W><W>is</W><W>typical</W><W>punk-sounding</W><W>with</W><W>rock</W><W>lyrics</W><W>.</W></SENTENCE><SENTENCE><W>The</W><W>guitar</W><W>rift</W><W>is</W><W>alright</W><W>,</W><W>but</W><W>nothing</W><W>special</W><W>.</W></SENTENCE><SENTENCE><W>Im</W><C><cue ID="118" type="negation"><W>not</W></cue></C><xcope ID="123"><ref COMMENTS="" ID="126" SRC="118"></ref><W>a</W><W>big</W><W>fan</W><W>of</W><W>punk</W><W>music</W></xcope><W>,</W><W>but</W><W>i</W><W>do</W><W>know</W><W>good</W><W>music</W><W>when</W><W>i</W><W>hear</W><W>it</W><W>,</W><C><W>and</W></C><W>this</W><W>is</W><C><cue ID="119" type="negation"><W>not</W></cue></C><xcope COMMENTS="" ID="122"><ref COMMENTS="" ID="127" SRC="119"></ref><W>good</W><W>music</W><W>to</W><W>me</W></xcope><W>.</W></SENTENCE><SENTENCE><W>Even</W><W>though</W><W>one</W><W>riveting</W><W>part</W><W>on</W><W>the</W><W>song</W><W>with</W><W>the</W><W>violins</W><W>is</W><W>dope</W><W>,</W><W>the</W><W>rest</W><W>of</W><W>it</W><W>is</W><W>sort</W><W>of</W><W>mediocre</W><W>to</W><W>me</W><W>.</W></SENTENCE><SENTENCE><C><cue ID="120" type="speculation"><W>If</W></cue></C><xcope ID="124"><ref COMMENTS="" ID="125" SRC="120"></ref><W>you</W><W>bought</W><W>this</W><W>album</W><W>for</W><W>the</W><W>hip-hop</W><W>,</W><W>the</W><W>skip</W><W>this</W><W>,</W><W>along</W><W>with</W><W>the</W><W>High</W><W>Speed</W><W>track</W><W>&#34;</W><W>F*ckin</W><W>Spend</W><W>&#34;</W><W>.</W></xcope></SENTENCE><SENTENCE><W>In</W><W>my</W><W>opinion</W><W>,</W><W>the</W><W>High</W><W>Speed</W><W>track</W><W>is</W><W>a</W><W>lot</W><W>better</W><W>,</W><W>with</W><W>a</W><W>louder</W><W>vocalist</W><C><W>and</W></C><W>a</W><W>pounding</W><W>guitar</W><W>rift</W><W>.</W></SENTENCE><SENTENCE><W>This</W><W>is</W><W>good</W><W>rock</W><W>music</W><W>,</W><W>but</W><W>nothing</W><W>extraordinary</W><W>,</W><C><W>and</W></C><W>a</W><W>bit</W><W>too</W><W>short</W><W>.</W></SENTENCE><SENTENCE><W>Im</W><W>guessing</W><W>that</W><W>the</W><W>Neptunes</W><W>wanted</W><W>to</W><W>give</W><W>previews</W><W>of</W><W>their</W><W>new</W><W>rock</W><W>acts</W><W>coming</W><W>out</W><W>on</W><W>Star</W><W>Trak</W><W>.</W></SENTENCE><SENTENCE><W>Well</W><W>there</W><W>ya</W><W>go</W><W>.</W></SENTENCE></P><P></P><P><SENTENCE><W>N.E.R.D.</W><W>return</W><W>on</W><W>&#34;</W><W>Loser</W><W>&#34;</W><W>.</W></SENTENCE><SENTENCE><W>N.E.R.D.</W><W>team</W><W>up</W><W>with</W><W>Clipse</W><W>for</W><W>a</W><W>very</W><W>pseudo-rock</W><W>sounding</W><W>track</W><W>,</W><W>which</W><W>sounds</W><W>like</W><W>a</W><W>freakin</W><W>punk</W><W>song</W><W>at</W><W>the</W><W>start</W><W>,</W><W>with</W><W>a</W><W>guitar</W><W>rift</W><W>,</W><W>melodic</W><W>vocals</W><W>,</W><C><W>and</W></C><cue ID="129" type="speculation"><W>seemingly</W></cue><xcope ID="134"><ref COMMENTS="" ID="135" SRC="129"></ref><W>a</W><W>steel</W><W>drum</W></xcope><W>.</W></SENTENCE><SENTENCE><W>After</W><W>listening</W><W>to</W><W>the</W><W>track</W><W>we</W><W>get</W><W>to</W><W>The</W><W>Clipse</W><W>flow</W><W>,</W><W>which</W><W>is</W><W>actually</W><C><cue ID="130" type="negation"><W>not</W></cue></C><xcope ID="133"><ref COMMENTS="" ID="136" SRC="130"></ref><W>too</W><W>bad</W></xcope><C><W>and</W></C><W>they</W><W>manage</W><W>to</W><W>fit</W><W>within</W><W>the</W><W>music</W><W>in</W><W>the</W><W>background</W><W>.</W></SENTENCE><SENTENCE><W>This</W><W>track</W><W>is</W><W>more</W><W>of</W><W>a</W><W>rock-rap</W><W>mixture</W><W>,</W><C><W>and</W></C><C><cue ID="131" type="negation"><W>not</W></cue></C><xcope ID="132"><ref COMMENTS="" ID="137" SRC="131"></ref><W>just</W><W>hip-hop</W><W>music</W></xcope><W>.</W></SENTENCE><SENTENCE><W>Ill</W><W>give</W><W>the</W><W>Neptunes</W><W>credit</W><W>,</W><W>they</W><W>are</W><W>great</W><W>at</W><W>experimenting</W><W>with</W><W>new</W><W>styles</W><C><W>and</W></C><W>blending</W><W>styles</W><C><W>and</W></C><W>being</W><W>creative</W><W>,</W><W>but</W><W>they</W><W>need</W><W>to</W><W>knock</W><W>out</W><W>the</W><W>commercial</W><W>crap</W><W>.</W></SENTENCE></P><P></P><P><SENTENCE><W>I</W><C><cue ID="138" type="speculation"><W>suggest</W></cue></C><xcope ID="139"><ref COMMENTS="" ID="140" SRC="138"></ref><W>skipping</W><W>&#34;</W><W>Rock</W><W>n</W><W>Roll&#34;</W></xcope><W>.</W></SENTENCE><SENTENCE><W>Even</W><W>though</W><W>the</W><W>beat</W><W>is</W><W>worth</W><W>listening</W><W>to</W><W>,</W><W>the</W><W>rapper</W><W>Fam-Lay</W><W>is</W><W>the</W><W>worst</W><W>emcee</W><W>ive</W><W>heard</W><W>thusfar</W><W>on</W><W>this</W><W>album</W><W>,</W><W>yes</W><W>hes</W><W>worse</W><W>than</W><W>Nelly</W><W>.</W></SENTENCE><SENTENCE><W>Fam-Lay</W><W>&#39;s</W><W>lyrics</W><W>are</W><W>among</W><W>the</W><W>worst</W><W>ever</W><W>,</W><W>as</W><W>he</W><W>spits</W><W>uninspired</W><W>,</W><W>whack-a**</W><W>lyrics</W><W>,</W><W>with</W><W>a</W><W>vocabulary</W><W>matching</W><W>that</W><W>of</W><W>an</W><W>unborn</W><W>child</W><W>,</W><C><W>and</W></C><W>a</W><W>choppy</W><W>flow</W><W>.</W></SENTENCE><SENTENCE><W>Fam-Lay</W><W>raps</W><W>about</W><W>money</W><C><W>and</W></C><W>drugs</W><W>as</W><W>every</W><W>rapper</W><W>does</W><W>,</W><W>but</W><W>he</W><W>sounds</W><W>just</W><W>terrible</W><W>.</W></SENTENCE><SENTENCE><W>This</W><W>is</W><W>the</W><W>pure</W><W>definition</W><W>of</W><W>commercial</W><W>rap</W><W>in</W><W>my</W><W>honest</W><W>opinion</W><W>,</W><C><W>and</W></C><W>i</W><W>simply</W><W>hate</W><W>it</W><W>.</W></SENTENCE><SENTENCE><W>This</W><W>is</W><W>terrible</W><W>.</W></SENTENCE><SENTENCE><W>I</W><W>&#39;d</W><W>rather</W><W>watch</W><W>Golf</W><W>than</W><W>listen</W><W>to</W><W>this</W><W>...</W></SENTENCE></P><P></P><P><SENTENCE><W>&#34;</W><W>The</W><W>Don</W><W>of</W><W>the</W><W>Dons</W><W>&#34;</W><W>is</W><W>terrible</W><W>.</W></SENTENCE><SENTENCE><W>First</W><W>,</W><W>we</W><W>get</W><W>a</W><W>fake-a**</W><W>Sean</W><W>Paul</W><W>rapping</W><W>his</W><W>unlistenable</W><W>jamaican</W><W>lyrics</W><W>,</W><C><W>and</W></C><W>Jadakiss</W><W>giving</W><W>us</W><W>a</W><W>relatively</W><W>dope</W><W>performance</W><W>.</W></SENTENCE><SENTENCE><W>However</W><W>,</W><W>both</W><W>these</W><W>vocalists</W><W>are</W><W>brung</W><W>down</W><W>by</W><W>bad</W><W>production</W><W>.</W></SENTENCE><SENTENCE><W>There</W><W>is</W><W>simply</W><W>too</W><W>much</W><W>going</W><W>on</W><W>in</W><W>the</W><W>background</W><W>.</W></SENTENCE><SENTENCE><W>The</W><W>funky</W><W>guitar</W><W>does</W><W>n&#39;t</W><W>match</W><W>with</W><W>the</W><W>synthesizers</W><W>whatsoever</W><W>,</W><C><W>and</W></C><W>the</W><W>track</W><W>sounds</W><W>a</W><W>bit</W><W>funny</W><W>production-wise</W><W>.</W></SENTENCE><SENTENCE><W>Personally</W><W>myself</W><W>,</W><W>i</W><C><cue ID="141" type="speculation"><W>would</W></cue></C><xcope ID="144"><ref COMMENTS="" ID="146" SRC="141"></ref><C><cue ID="142" type="negation"><W>not</W></cue></C><xcope ID="143"><ref COMMENTS="" ID="145" SRC="142"></ref><W>stick</W><W>this</W><W>into</W><W>my</W><W>cd</W><W>player</W></xcope></xcope><W>.</W></SENTENCE></P><P></P><P><SENTENCE><W>Fans</W><W>of</W><W>The</W><W>Clipse</W><C><cue ID="147" type="speculation"><W>should</W></cue></C><xcope ID="148"><ref COMMENTS="" ID="149" SRC="147"></ref><W>recognize</W><W>&#34;</W><W>Hot</W><W>Damn</W></xcope><W>&#34;</W><W>.</W></SENTENCE><SENTENCE><W>This</W><W>track</W><W>was</W><W>originally</W><W>on</W><W>the</W><W>Lord</W><W>Willin&#39;</W><W>album</W><W>,</W><W>but</W><W>this</W><W>is</W><W>the</W><W>clean</W><W>remixed</W><W>version</W><W>.</W></SENTENCE><SENTENCE><W>The</W><W>lyrics</W><W>are</W><W>altered</W><W>,</W><W>as</W><W>well</W><W>as</W><W>the</W><W>chorus</W><W>.</W></SENTENCE><SENTENCE><W>The</W><W>beat</W><W>thankfully</W><W>stays</W><W>the</W><W>same</W><W>,</W><W>with</W><W>that</W><W>epic</W><W>piano</W><C><W>and</W></C><W>trumpet</W><W>medley</W><W>which</W><W>is</W><W>definetely</W><W>head-knodding</W><C><W>and</W></C><W>one</W><W>of</W><W>the</W><W>best</W><W>Neptunes</W><W>beat</W><W>ever</W><W>.</W></SENTENCE><SENTENCE><W>The</W><W>lyrics</W><W>in</W><W>my</W><W>opinion</W><W>,</W><W>are</W><W>watered-down</W><W>on</W><W>this</W><W>version</W><W>,</W><W>with</W><W>less</W><W>memorable</W><W>punchlines</W><C><W>and</W></C><W>less</W><W>witty</W><W>clever</W><W>flows</W><W>.</W></SENTENCE><SENTENCE><W>The</W><W>Clipse</W><W>stays</W><W>with</W><W>their</W><W>slightly</W><W>above</W><W>average</W><W>performance</W><W>,</W><W>but</W><W>the</W><W>guests</W><W>get</W><W>a</W><W>tad</W><W>bit</W><W>on</W><W>the</W><W>annoying</W><W>side</W><W>.</W></SENTENCE><SENTENCE><W>It</W><W>was</W><W>smart</W><W>to</W><W>put</W><W>this</W><W>track</W><W>on</W><W>this</W><W>album</W><W>,</W><W>since</W><W>it</W><W>&#39;ll</W><W>definetely</W><W>help</W><W>sell</W><W>the</W><W>album</W><W>.</W></SENTENCE></P><P></P><P><SENTENCE><W>Noreaga</W><C><W>and</W></C><W>Pharrell</W><W>drop</W><W>by</W><W>to</W><W>make</W><W>an</W><W>absolutely</W><W>terrible</W><W>clubbish</W><W>song</W><W>&#34;</W><W>Put</W><W>Em</W><W>Up&#34;</W><W>.</W></SENTENCE><SENTENCE><W>This</W><C><cue ID="150" type="speculation"><W>could</W></cue></C><xcope ID="159"><ref COMMENTS="" ID="164" SRC="150"></ref><W>be</W><W>the</W><W>worst</W><W>song</W><W>on</W><W>this</W><W>entire</W><W>album</W></xcope><W>.</W></SENTENCE><SENTENCE><W>The</W><W>clubbish</W><W>beat</W><W>,</W><W>overproduced</W><W>bullsh*t</W><W>,</W><W>triple-cadence</W><W>flow</W><C><W>and</W></C><W>female</W><W>vocals</W><W>make</W><W>this</W><W>as</W><W>commercial</W><W>as</W><W>it</W><C><cue ID="151" type="speculation"><W>can</W></cue></C><xcope ID="158"><ref COMMENTS="" ID="163" SRC="151"></ref><C><cue ID="152" type="speculation"><W>possibly</W></cue></C><xcope ID="157"><ref COMMENTS="" ID="162" SRC="152"></ref><W>get</W></xcope></xcope><W>.</W></SENTENCE><SENTENCE><W>I</W><cue ID="153" type="negation"><W>dont</W></cue><xcope ID="156"><ref COMMENTS="" ID="161" SRC="153"></ref><W>know</W><W>who</W><W>started</W><W>that</W><W>crap</W><W>about</W><W>Noreaga</W><W>being</W><W>a</W><W>dope</W><W>lyricist</W><W>,</W><W>cause</W><W>he</W><W>is</W><W>FAR</W><W>from</W><W>it</W></xcope><W>.</W></SENTENCE><SENTENCE><W>Noreaga</W><W>is</W><W>TERRIBLE.</W></SENTENCE><SENTENCE><W>Personally</W><W>,</W><W>i</W><C><cue ID="154" type="speculation"><W>would</W></cue></C><xcope ID="155"><ref COMMENTS="" ID="160" SRC="154"></ref><W>rather</W><W>nail</W><W>my</W><W>testicles</W><W>to</W><W>a</W><W>board</W><W>with</W><W>a</W><W>nail</W><W>than</W><W>listen</W><W>to</W><W>this</W></xcope><W>.</W></SENTENCE></P><P></P><P><SENTENCE><W>At</W><W>last</W><W>,</W><W>after</W><W>the</W><W>many</W><W>years</W><W>of</W><W>being</W><W>away</W><W>,</W><W>Old</W><W>Dirty</W><W>Bastard</W><W>a.k</W><W>.a</W><W>.</W></SENTENCE><SENTENCE><W>Dirt</W><W>McGirt</W><W>is</W><W>BACK.</W></SENTENCE><SENTENCE><W>The</W><W>Neptunes</W><W>provide</W><W>the</W><W>beat</W><W>for</W><W>the</W><W>excellent</W><W>&#34;</W><W>Pop</W><W>Sh*t&#34;</W><W>.</W></SENTENCE><SENTENCE><W>The</W><W>Neptunes</W><W>beat</W><W>is</W><W>a</W><W>very</W><W>fitting</W><W>,</W><W>over-the-top</W><W>sounding</W><W>arrangement</W><W>with</W><W>a</W><W>crazy</W><W>guitar</W><W>rift</W><C><W>and</W></C><W>drum</W><W>loop</W><W>.</W></SENTENCE><SENTENCE><W>The</W><W>sound</W><W>effects</W><W>in</W><W>the</W><W>background</W><W>are</W><W>fitting</W><W>for</W><W>Dirt</W><W>,</W><W>as</W><W>he</W><W>makes</W><W>his</W><W>triumphant</W><W>return</W><W>.</W></SENTENCE><SENTENCE><W>His</W><W>lyrics</W><W>are</W><W>,</W><W>as</W><C><W>expected</W></C><W>,</W><W>insane</W><W>!</W></SENTENCE><SENTENCE><W>ODB</W><W>is</W><W>truly</W><W>back</W><W>,</W><W>as</W><W>he</W><W>spits</W><W>exactly</W><W>the</W><W>same</W><W>as</W><W>he</W><W>did</W><W>when</W><W>we</W><W>left</W><W>off</W><W>,</W><W>with</W><W>over-the-top</W><W>lyrics</W><W>,</W><W>his</W><W>memorable</W><W>angry</W><W>delivery</W><W>,</W><C><W>and</W></C><W>a</W><W>dope</W><W>flow</W><W>.</W></SENTENCE><SENTENCE><W>ODB</W><W>is</W><W>excellent</W><W>on</W><W>the</W><W>track</W><W>as</W><W>i</W><W>truly</W><C><W>feel</W></C><W>that</W><W>his</W><W>lyrics</W><W>have</W><W>maybe</W><W>even</W><W>improved</W><W>a</W><W>tiny</W><W>bit</W><W>since</W><W>his</W><W>last</W><W>outing</W><W>.</W></SENTENCE></P><P></P><P><SENTENCE><W>Engaged</W><W>to</W><W>be</W><W>Married</W><W>couple</W><W>Nas</W><C><W>and</W></C><W>Kelis</W><W>(</W><W>I</W><C><cue ID="165" type="speculation"><W>think</W></cue></C><xcope ID="166"><ref COMMENTS="" ID="167" SRC="165"></ref><W>they</W><W>&#39;re</W><W>engaged</W></xcope><W>)</W><W>finish</W><W>off</W><W>the</W><W>album</W><W>with</W><W>the</W><W>terrible</W><W>&#34;</W><W>Popular</W><W>Thug&#34;</W><W>,</W><W>which</W><W>is</W><W>a</W><W>huge</W><W>dissapointment</W><W>for</W><W>a</W><W>Nas</W><W>fan</W><W>like</W><W>myself</W><W>.</W></SENTENCE><SENTENCE><W>This</W><W>track</W><W>sounds</W><W>as</W><C><cue ID="168" type="speculation"><W>if</W></cue></C><xcope ID="170"><ref COMMENTS="" ID="173" SRC="168"></ref><W>it</W><W>was</W><W>seemingly</W><W>pulled</W><W>right</W><W>out</W><W>of</W><W>Nastradamus</W></xcope><W>.</W></SENTENCE><SENTENCE><W>Nas</W><W>tries</W><W>be</W><W>a</W><W>player</W><W>/</W><W>thug</W><W>/</W><W>gangsta</W><W>once</W><W>again</W><W>,</W><W>with</W><W>uninspired</W><W>lyrics</W><C><W>and</W></C><W>terrible</W><W>subject</W><W>matter</W><W>,</W><W>which</W><W>is</W><W>saddening</W><W>.</W></SENTENCE><SENTENCE><W>It</W><W>sort</W><W>of</W><W>bothers</W><W>me</W><W>that</W><xcope ID="176"><ref COMMENTS="" ID="177" SRC="169"></ref><W>Nas</W></xcope><W>refuses</W><W>to</W><W>stick</W><W>to</W><W>one</W><W>persona</W><W>,</W><C><W>and</W></C><C><cue ID="169" type="speculation"><W>seems</W></cue></C><xcope ID="171"><ref COMMENTS="" ID="172" SRC="169"></ref><W>to</W><W>sound</W><W>like</W><W>he</W><W>is</W><W>selling</W><W>out</W><W>once</W><W>again</W></xcope><W>.</W></SENTENCE><SENTENCE><W>Kelis</W><W>&#39;</W><W>vocals</W><W>are</W><W>admittedly</W><W>nice</W><W>,</W><W>but</W><W>boring</W><W>at</W><W>the</W><W>same</W><W>time</W><W>.</W></SENTENCE><SENTENCE><W>The</W><W>song</W><W>has</W><W>a</W><W>unique</W><C><W>feel</W></C><W>when</W><W>it</W><W>comes</W><W>to</W><W>production</W><W>,</W><W>as</W><W>the</W><W>Neptunes</W><W>give</W><W>us</W><W>a</W><W>semi-clubbish</W><W>RandB</W><W>beat</W><W>,</W><W>with</W><W>guitars</W><W>,</W><W>synthesizers</W><W>,</W><C><W>and</W></C><W>organ</W><W>piano</W><W>.</W></SENTENCE><SENTENCE><W>However</W><W>Nas</W><W>(</W><W>incredibly</W><W>enough</W><W>)</W><W>,</W><W>has</W><W>made</W><W>this</W><W>track</W><W>unlistenable</W><W>,</W><W>with</W><W>his</W><W>terrible</W><W>lyrics</W><W>.</W></SENTENCE></P><P></P><P><SENTENCE><W>The</W><W>only</W><W>thing</W><W>Clones</W><W>has</W><W>going</W><W>for</W><W>itself</W><W>is</W><W>the</W><W>beats</W><W>.</W></SENTENCE><SENTENCE><W>The</W><W>Neptunes</W><W>,</W><W>though</W><W>commercial</W><W>,</W><W>are</W><W>very</W><W>good</W><W>producers</W><C><W>and</W></C><W>skilled</W><W>at</W><W>making</W><W>unique</W><W>beats</W><W>with</W><W>extraordinary</W><W>sounds</W><W>.</W></SENTENCE><SENTENCE><W>Unfortunately</W><W>for</W><W>them</W><W>,</W><W>their</W><W>choice</W><W>of</W><W>emcees</W><W>is</W><W>somewhat</W><W>limited</W><W>,</W><W>as</W><xcope ID="178"><ref COMMENTS="" ID="179" SRC="174"></ref><W>they</W></xcope><cue ID="174" type="speculation"><W>seemingly</W></cue><xcope ID="175"><ref COMMENTS="" ID="176" SRC="174"></ref><W>choose</W><C><W>and</W></C><W>sign</W><W>some</W><W>of</W><W>the</W><W>worst</W><W>lyricists</W><W>in</W><W>the</W><W>game</W></xcope><W>.</W></SENTENCE><SENTENCE><W>The</W><W>sad</W><W>thing</W><W>is</W><W>,</W><W>even</W><W>when</W><W>they</W><W>bring</W><W>Nas</W><W>along</W><W>,</W><W>who</W><W>is</W><W>one</W><W>of</W><W>the</W><W>greatest</W><W>of</W><W>all</W><W>time</W><W>,</W><W>even</W><W>he</W><W>f*cks</W><W>it</W><W>up</W><W>with</W><W>his</W><W>sell-out</W><W>mentality</W><W>.</W></SENTENCE><SENTENCE><W>I</W><C><cue ID="177" type="speculation"><W>would</W></cue></C><xcope ID="178"><ref COMMENTS="" ID="179" SRC="177"></ref><W>&#39;ve</W><W>preferred</W><W>that</W><W>this</W><W>album</W><W>be</W><W>more</W><W>of</W><W>an</W><W>instrumental</W><W>piece</W><W>than</W><W>a</W><W>showcase</W><W>of</W><W>artists</W></xcope><W>.</W></SENTENCE><SENTENCE><W>With</W><W>only</W><W>2</W><W>good</W><W>songs</W><W>,</W><W>there</W><W>really</W><cue ID="180" type="negation"><W>is</W><W>n&#39;t</W></cue><xcope ID="181"><ref COMMENTS="" ID="182" SRC="180"></ref><W>much</W><C><W>hope</W></C><W>for</W><W>this</W><W>album</W><W>to</W><W>be</W><W>good</W><W>,</W><W>but</W><W>im</W><W>positive</W><W>it</W><W>will</W><W>sell</W><W>tons</W><W>of</W><W>records</W></xcope><W>.</W></SENTENCE><SENTENCE><W>Big</W><W>D</W><C><cue ID="183" type="speculation"><W>suggests</W></cue></C><xcope ID="193"><ref COMMENTS="" ID="194" SRC="183"></ref><W>you</W><W>skip</W><W>this</W><W>one</W><C><W>and</W></C><W>pick</W><W>up</W><W>the</W><W>new</W><xcope ID="188"><ref COMMENTS="" ID="192" SRC="184"></ref><W>Cunninlynguists</W></xcope><W>,</W><xcope ID="187"><ref COMMENTS="" ID="191" SRC="184"></ref><W>Gangstarr</W></xcope><W>,</W><xcope ID="186"><ref COMMENTS="" ID="190" SRC="184"></ref><W>Canibus</W></xcope><W>,</W><C><cue ID="184" type="speculation"><W>or</W></cue></C><xcope ID="185"><ref COMMENTS="" ID="189" SRC="184"></ref><W>Little</W><W>Brother</W><W>albums</W></xcope></xcope><W>.</W></SENTENCE><SENTENCE><W>Those</W><W>will</W><W>definetely</W><W>provide</W><W>enjoyment</W><W>,</W><W>a</W><W>LOT</W><W>more</W><W>than</W><W>this</W><W>.</W></SENTENCE></P><P></P><P><SENTENCE><W>1</W><W>Star</W></SENTENCE></P></DOCUMENT>
