<?xml version="1.0" encoding="UTF-8"?>
<DOCUMENT><P></P><P><SENTENCE><W>The</W><W>Neptunes</W><W>made</W><W>the</W><W>album</W><W>I</W><W>always</W><W>wished</W><W>P.</W><W>Diddy</W><C><cue ID="0" type="speculation"><W>would</W></cue></C><xcope ID="28"><ref ID="59" SRC="0"></ref><W>&#39;ve</W><W>made</W></xcope><W>.</W></SENTENCE><SENTENCE><W>Rather</W><W>than</W><W>being</W><W>the</W><W>focal</W><W>point</W><W>of</W><W>the</W><W>album</W><W>,</W><W>they</W><W>&#39;re</W><W>making</W><W>the</W><W>beats</W><W>(</W><W>most</W><W>of</W><W>them</W><W>)</W><W>,</W><W>producing</W><W>the</W><W>music</W><W>,</W><C><W>and</W></C><W>simply</W><W>adding</W><W>their</W><W>touches</W><W>to</W><W>the</W><W>album</W><W>.</W></SENTENCE><SENTENCE><W>I</W><W>always</W><C><cue ID="1" type="speculation"><W>thought</W></cue></C><xcope ID="29"><ref ID="60" SRC="1"></ref><W>rather</W><W>than</W><W>rapping</W><W>all</W><W>over</W><W>an</W><W>album</W></xcope><W>,</W><W>Diddy</W><C><cue ID="2" type="speculation"><W>would</W></cue></C><xcope ID="30"><ref ID="61" SRC="2"></ref><W>be</W><W>better</W><W>served</W><W>simply</W><W>executively</W><W>producing</W><W>an</W><W>album</W><W>of</W><W>all</W><W>star</W><W>MC&#39;s</W></xcope><W>.</W></SENTENCE><SENTENCE><xcope ID="55"><ref COMMENTS="" ID="56" SRC="3"></ref><W>He</W></xcope><C><cue ID="3" type="speculation"><W>seems</W></cue></C><xcope ID="32"><ref ID="63" SRC="3"></ref><W>to</W><C><cue ID="4" type="speculation"><W>think</W></cue></C><xcope ID="31"><ref ID="62" SRC="4"></ref><W>that</W><W>he</W><W>makes</W><W>all</W><W>the</W><W>hits</W></xcope></xcope><W>,</W><W>why</W><C><cue ID="5" type="negation"><W>not</W></cue></C><xcope ID="33"><ref ID="64" SRC="5"></ref><W>make</W><W>an</W><W>album</W><W>full</W><W>of</W><W>them</W></xcope><W>?</W></SENTENCE><SENTENCE><W>But</W><W>,</W><W>he</W><W>&#39;d</W><W>rather</W><W>rap</W><W>about</W><W>J.</W><W>Lo</W><W>.</W></SENTENCE><SENTENCE><W>Puffy</W><W>the</W><W>business</W><W>man</W><W>?</W></SENTENCE><SENTENCE><W>The</W><W>man</W><W>.</W></SENTENCE><SENTENCE><W>Puffy</W><W>the</W><W>rapper</W><W>?</W></SENTENCE><SENTENCE><W>Wack</W><W>.</W></SENTENCE></P><P></P><P><SENTENCE><W>This</W><W>album</W><W>has</W><W>nothing</W><W>to</W><W>do</W><W>with</W><W>Diddy</W><W>,</W><W>but</W><W>the</W><W>Neptunes</W><W>,</W><W>Pharrell</W><W>Williams</W><C><W>and</W></C><W>Chad</W><W>Hugo</W><W>have</W><W>made</W><W>a</W><W>smart</W><W>move</W><W>here</W><W>.</W></SENTENCE><SENTENCE><W>Since</W><W>they</W><W>make</W><W>music</W><W>for</W><W>everyone</W><W>anyway</W><W>,</W><W>rather</W><W>than</W><W>putting</W><W>those</W><W>songs</W><W>on</W><W>other</W><W>people</W><W>&#39;s</W><W>albums</W><W>,</W><W>put</W><W>them</W><W>all</W><W>on</W><W>one</W><W>album</W><W>,</W><W>on</W><W>Star</W><W>Trak</W><W>(</W><W>their</W><W>label</W><W>)</W><W>,</W><C><W>and</W></C><W>reap</W><W>the</W><W>benefits</W><W>.</W></SENTENCE></P><P></P><P><SENTENCE><W>The</W><W>two</W><W>singles</W><W>that</W><W>were</W><W>released</W><W>received</W><W>a</W><W>ton</W><W>of</W><W>radio</W><W>airplay</W><W>.</W></SENTENCE><SENTENCE><W>Frontin&#39;</W><W>by</W><W>Pharrell</W><C><W>and</W></C><W>featuring</W><W>Jay-Z</W><W>is</W><W>everywhere</W><W>.</W></SENTENCE><SENTENCE><W>You</W><W>turn</W><W>on</W><W>the</W><W>radio</W><W>,</W><W>Pharrell</W><W>shrieks</W><W>.</W></SENTENCE><SENTENCE><W>You</W><W>watch</W><W>MTV</W><W>,</W><W>Pharrell</W><W>is</W><W>crooning</W><W>.</W></SENTENCE><SENTENCE><W>Go</W><W>to</W><W>a</W><W>music</W><W>related</W><W>website</W><W>,</W><W>they</W><W>&#39;re</W><W>talking</W><W>about</W><W>how</W><W>the</W><W>song</W><W>is</W><W>on</W><W>top</W><W>of</W><W>the</W><W>charts</W><W>.</W></SENTENCE><SENTENCE><W>All</W><W>this</W><W>song</W><W>does</W><W>is</W><W>give</W><W>Pharrell</W><W>the</W><W>power</W><W>to</W><W>release</W><W>a</W><W>solo</W><W>album</W><W>.</W></SENTENCE><SENTENCE><W>I</W><W>&#39;ve</W><W>talked</W><W>to</W><W>a</W><W>few</W><W>people</W><C><W>and</W></C><W>most</W><W>of</W><W>them</W><W>like</W><W>this</W><W>song</W><W>.</W></SENTENCE><SENTENCE><W>I</W><W>will</W><W>listen</W><W>to</W><W>it</W><C><cue ID="6" type="speculation"><W>if</W></cue></C><xcope ID="34"><ref ID="65" SRC="6"></ref><W>it</W><W>&#39;s</W><W>on</W></xcope><W>,</W><W>but</W><cue ID="35" type="speculation"><W>in</W><W>my</W><W>opinion</W></cue><W>,</W><xcope ID="36"><ref COMMENTS="" ID="66" SRC="35"></ref><W>he</W><W>sounds</W><W>like</W><W>he</W><W>&#39;s</W><W>playing</W><W>singer</W></xcope><W>.</W></SENTENCE><SENTENCE><W>He</W><W>sounds</W><W>like</W><W>an</W><W>excellent</W><W>karaoke</W><W>singer</W><W>.</W></SENTENCE><SENTENCE><W>The</W><W>song</W><W>does</W><W>have</W><W>it</W><W>&#39;s</W><W>quality</W><W>production</W><C><W>and</W></C><W>Jay-Z</W><W>lends</W><W>his</W><W>stamp</W><W>to</W><W>it</W><W>as</W><W>well</W><W>.</W></SENTENCE><SENTENCE><W>The</W><W>second</W><W>single</W><W>is</W><W>Light</W><W>Your</W><W>Ass</W><W>On</W><W>Fire</W><W>by</W><W>Busta</W><W>Rhymes</W><W>.</W></SENTENCE><SENTENCE><W>When</W><W>I</W><W>heard</W><W>the</W><W>title</W><W>of</W><W>the</W><W>song</W><W>,</W><W>I</W><cue ID="7" type="negation"><W>did</W><W>n&#39;t</W></cue><xcope ID="37"><ref COMMENTS="" ID="67" SRC="7"></ref><W>know</W><W>that</W><W>they</W><W>were</W><W>singing</W><W>about</W><W>literally</W><W>lighting</W><W>someone</W><W>&#39;s</W><W>rear</W><W>end</W><W>on</W><W>fire</W></xcope><W>.</W></SENTENCE><SENTENCE><W>Actually</W><W>,</W><W>the</W><W>song</W><W>is</W><W>more</W><W>about</W><W>Busta</W><W>&#39;s</W><W>fascination</W><W>of</W><W>watching</W><W>a</W><W>female</W><W>shake</W><W>her</W><W>huge</W><W>rear</W><W>end</W><W>.</W></SENTENCE><SENTENCE><W>It</W><W>&#39;s</W><C><cue ID="8" type="negation"><W>no</W></cue></C><xcope ID="38"><ref ID="68" SRC="8"></ref><W>where</W><W>near</W><W>as</W><W>clever</W><W>as</W><W>Sir</W><W>Mix-a-lot</W><W>&#39;s</W><W>Baby</W><W>Got</W><W>Back</W></xcope><W>.</W></SENTENCE><SENTENCE><W>Pitiful</W><W>song</W><W>for</W><W>someone</W><W>like</W><W>Rhymes</W><W>who</W><W>is</W><W>an</W><W>energetic</W><W>force</W><C><W>and</W></C><W>lately</W><W>had</W><W>picked</W><W>up</W><W>his</W><W>word</W><W>play</W><W>,</W><W>but</W><W>this</W><W>is</W><W>just</W><W>bad</W><W>.</W></SENTENCE></P><P></P><P><SENTENCE><W>Of</W><W>course</W><W>,</W><W>this</W><W>CD</W><W>is</W><W>also</W><W>an</W><W>attempt</W><W>to</W><W>showcase</W><W>some</W><W>of</W><W>their</W><W>own</W><W>talent</W><W>.</W></SENTENCE><SENTENCE><W>The</W><W>Clipse</W><W>are</W><W>featured</W><W>on</W><W>two</W><W>songs</W><W>.</W></SENTENCE><SENTENCE><W>Blaze</W><W>of</W><W>Glory</W><W>is</W><W>a</W><W>decent</W><W>track</W><W>.</W></SENTENCE><SENTENCE><W>It</W><W>&#39;s</W><W>one</W><W>of</W><W>those</W><W>tracks</W><W>I</W><W>mentioned</W><W>in</W><W>the</W><W>title</W><W>that</W><W>I</W><W>&#39;d</W><W>love</W><W>to</W><W>have</W><W>the</W><W>instrumental</W><W>rather</W><W>than</W><W>the</W><W>actual</W><W>song</W><W>,</W><W>but</W><C><cue ID="9" type="speculation"><W>if</W></cue></C><xcope ID="39"><ref ID="69" SRC="9"></ref><W>you</W><W>dig</W><W>the</W><W>Clipse</W></xcope><W>,</W><W>it</W><W>&#39;s</W><W>ok</W><W>.</W></SENTENCE><SENTENCE><W>Hot</W><W>Damn</W><W>which</W><W>is</W><W>nice</W><W>,</W><W>but</W><W>again</W><W>I</W><W>&#39;d</W><W>love</W><W>listening</W><W>to</W><W>the</W><W>instrumentals</W><W>.</W></SENTENCE><SENTENCE><W>The</W><W>beats</W><W>are</W><W>so</W><W>intuitive</W><C><W>and</W></C><W>while</W><W>it</W><W>is</W><W>all</W><W>similar</W><W>lending</W><W>one</W><W>to</W><C><cue ID="10" type="speculation"><W>believe</W></cue></C><xcope ID="40"><ref ID="70" SRC="10"></ref><W>the</W><W>Neptunes</W><W>are</W><W>stuck</W><W>in</W><W>their</W><W>own</W><W>formula</W><W>,</W><W>it</W><W>still</W><W>has</W><W>charm</W></xcope><W>.</W></SENTENCE><SENTENCE><W>I</W><W>&#39;m</W><C><cue ID="41" type="negation"><W>not</W></cue></C><xcope ID="42"><ref ID="71" SRC="41"></ref><W>sure</W><W>what</W><W>to</W><W>make</W><W>of</W><W>Roscoe</W><W>P.</W><W>Coldchain</W></xcope><W>,</W><W>other</W><W>than</W><W>the</W><W>fact</W><W>that</W><W>I</W><C><cue ID="11" type="speculation"><W>think</W></cue></C><xcope ID="43"><ref ID="72" SRC="11"></ref><W>his</W><W>rap</W><W>name</W><W>is</W><W>hilarious</W></xcope><W>.</W></SENTENCE><SENTENCE><W>On</W><W>Hot</W><W>he</W><W>sounds</W><W>very</W><W>monotone</W><W>.</W></SENTENCE><SENTENCE><W>Musically</W><W>,</W><W>the</W><W>beat</W><W>is</W><W>very</W><W>plain</W><W>,</W><W>giving</W><W>Coldchain</W><W>a</W><W>chance</W><W>to</W><W>show</W><W>off</W><W>his</W><W>skills</W><W>.</W></SENTENCE><SENTENCE><W>But</W><W>I</W><W>did</W><W>n&#39;t</W><W>hear</W><W>much</W><W>out</W><W>of</W><W>his</W><W>mouth</W><W>that</W><W>made</W><W>me</W><C><cue ID="12" type="speculation"><W>think</W></cue></C><xcope ID="44"><ref ID="73" SRC="12"></ref><W>he</W><W>&#39;s</W><W>going</W><W>to</W><W>be</W><W>anything</W><W>special</W></xcope><W>.</W></SENTENCE></P><P></P><P><SENTENCE><W>The</W><W>Neptunes</W><W>did</W><W>get</W><W>some</W><W>big</W><W>stars</W><W>as</W><W>well</W><W>.</W></SENTENCE><SENTENCE><W>Other</W><W>than</W><W>Busta</W><W>Bus</W><C><W>and</W></C><W>Jay-Z</W><W>,</W><W>they</W><W>also</W><W>got</W><W>Nelly</W><W>,</W><W>Ludacris</W><W>,</W><W>N.O.R.E.</W><W>,</W><W>Snoop</W><W>,</W><W>Old</W><W>Dirty</W><W>Bastard</W><W>,</W><C><W>and</W></C><W>the</W><W>duo</W><W>of</W><W>Nas</W><C><W>and</W></C><W>Kelis</W><W>.</W></SENTENCE><SENTENCE><W>For</W><W>the</W><W>most</W><W>part</W><W>,</W><C><cue ID="13" type="speculation"><W>if</W></cue></C><xcope ID="45"><ref ID="74" SRC="13"></ref><W>you</W><W>like</W><W>Nelly</W><C><W>and</W></C><W>Luda</W></xcope><W>,</W><W>you</W><W>&#39;ll</W><W>like</W><W>these</W><W>songs</W><W>.</W></SENTENCE><SENTENCE><W>They</W><W>&#39;re</W><W>simply</W><W>what</W><W>you</W><W>&#39;d</W><C><cue ID="14" type="speculation"><W>expect</W></cue></C><W>.</W></SENTENCE><SENTENCE><W>Snoop</W><W>comes</W><W>strong</W><W>with</W><W>It</W><W>Blows</W><W>My</W><W>Mind</W><W>in</W><W>what</W><W>&#39;s</W><W>simply</W><W>another</W><W>solid</W><W>track</W><W>from</W><W>him</W><W>after</W><W>what</W><W>I</W><C><cue ID="15" type="speculation"><W>thought</W></cue></C><xcope ID="46"><ref ID="75" SRC="15"></ref><W>was</W><W>a</W><W>successful</W><W>last</W><W>album</W></xcope><W>.</W></SENTENCE><SENTENCE><W>Old</W><W>Dirty</W><W>is</W><W>joined</W><W>by</W><W>Pharrell</W><W>on</W><W>Pop</W><W>Sh*t</W><W>,</W><W>but</W><W>with</W><W>his</W><W>new</W><W>moniker</W><W>,</W><W>Dirt</W><W>McGirt</W><W>.</W></SENTENCE><SENTENCE><W>It</W><W>&#39;s</W><W>a</W><W>fun</W><W>track</W><W>with</W><W>Dirty</W><W>&#39;s</W><W>usual</W><W>crazy</W><W>antics</W><W>.</W></SENTENCE><SENTENCE><C><cue ID="16" type="negation"><W>Not</W></cue></C><xcope ID="47"><ref ID="76" SRC="16"></ref><W>to</W><W>say</W><W>I</W><W>completely</W><W>understand</W><W>what</W><W>Dirt</W><W>is</W><W>rapping</W><W>about</W><W>since</W><W>he</W><W>sounds</W><W>like</W><W>a</W><W>child</W><W>learning</W><W>to</W><W>speak</W><W>with</W><W>new</W><W>braces</W></xcope><W>,</W><W>but</W><W>what</W><C><cue ID="17" type="speculation"><W>would</W></cue></C><xcope ID="49"><ref ID="78" SRC="17"></ref><W>you</W><C><cue ID="18" type="speculation"><W>expect</W></cue></C><xcope ID="48"><ref ID="77" SRC="18"></ref><W>from</W><W>Dirt</W><C><W>and</W></C><W>the</W><W>Neptunes</W></xcope></xcope><W>?</W></SENTENCE><SENTENCE><W>N.O.R.E.</W><W>,</W><W>who</W><W>scored</W><W>several</W><W>summers</W><W>back</W><W>with</W><W>Superthug</W><W>which</W><W>was</W><W>one</W><W>of</W><W>the</W><W>songs</W><W>which</W><W>put</W><W>the</W><W>Neptunes</W><W>on</W><W>another</W><W>level</W><W>,</W><W>stars</W><W>on</W><W>Put</W><W>&#39;Em</W><W>Up</W><W>.</W></SENTENCE><SENTENCE><W>N.O.R.E.</W><W>has</W><W>always</W><W>been</W><W>mildly</W><W>entertaining</W><W>but</W><W>I</W><W>lost</W><W>respect</W><W>for</W><W>him</W><W>when</W><W>he</W><W>freestyled</W><W>on</W><W>&#34;</W><W>The</W><W>Wake</W><W>Up</W><W>Show</W><W>&#34;</W><C><W>and</W></C><W>simply</W><cue ID="19" type="negation"><C><W>could</W></C><W>n&#39;t</W></cue><xcope ID="50"><ref COMMENTS="" ID="79" SRC="19"></ref><W>finish</W><W>his</W><W>verse</W></xcope><W>.</W></SENTENCE><SENTENCE><W>They</W><W>kept</W><W>restarting</W><W>him</W><C><W>and</W></C><W>he</W><cue ID="20" type="negation"><C><W>could</W></C><W>n&#39;t</W></cue><xcope ID="51"><ref COMMENTS="" ID="80" SRC="20"></ref><W>ride</W><W>the</W><W>beat</W><W>at</W><W>all</W></xcope><W>.</W></SENTENCE><SENTENCE><W>This</W><W>track</W><W>is</W><W>nothing</W><W>special</W><W>,</W><W>save</W><W>for</W><W>a</W><W>catchy</W><W>chorus</W><W>,</W><W>but</W><W>that</W><W>&#39;s</W><W>about</W><W>it</W><W>.</W></SENTENCE><SENTENCE><W>The</W><W>most</W><W>interesting</W><W>track</W><W>for</W><W>me</W><W>on</W><W>the</W><W>entire</W><W>album</W><W>is</W><W>the</W><W>last</W><W>track</W><W>,</W><W>Popular</W><W>Thug</W><W>with</W><W>Nas</W><C><W>and</W></C><W>his</W><W>bride</W><W>to</W><W>be</W><W>,</W><W>Kelis</W><W>.</W></SENTENCE><SENTENCE><W>Nas</W><W>does</W><W>n&#39;t</W><W>bag</W><W>in</W><W>his</W><W>performance</W><C><W>and</W></C><W>brings</W><W>his</W><W>A</W><W>game</W><W>to</W><W>balance</W><W>Kelis</W><W>&#39;</W><W>awesome</W><W>vocals</W><W>.</W></SENTENCE></P><P></P><P><SENTENCE><W>The</W><W>Neptunes</W><W>do</W><W>supply</W><W>one</W><W>track</W><W>for</W><W>themselves</W><W>in</W><W>their</W><W>N.E.R.D.</W><W>alter</W><W>ego</W><W>.</W></SENTENCE><SENTENCE><W>It</W><W>an</W><W>interesting</W><W>track</W><W>called</W><W>Losers</W><W>that</W><C><cue ID="21" type="speculation"><W>should</W></cue></C><xcope ID="52"><ref ID="81" SRC="21"></ref><W>&#39;ve</W><W>been</W><W>the</W><W>theme</W><W>song</W><W>for</W><W>Revenge</W><W>of</W><W>the</W><W>Nerds</W></xcope><W>.</W></SENTENCE><SENTENCE><W>The</W><W>chorus</W><W>goes</W><W>,</W><W>&#34;</W><W>We</W><W>will</W><C><cue ID="22" type="negation"><W>not</W></cue></C><xcope ID="53"><ref ID="82" SRC="22"></ref><W>be</W><W>the</W><W>losers</W></xcope><W>,</W><W>we</W><W>will</W><C><cue ID="23" type="negation"><W>not</W></cue></C><xcope ID="54"><ref ID="83" SRC="23"></ref><W>leave</W><W>until</W><W>the</W><W>job</W><W>is</W><W>done</W></xcope><W>.</W><W>&#34;</W></SENTENCE><SENTENCE><W>Very</W><W>odd</W><W>track</W><W>with</W><C><cue ID="24" type="negation"><W>not</W></cue></C><xcope ID="55"><ref ID="84" SRC="24"></ref><W>only</W><W>the</W><W>lyrical</W><W>content</W><W>,</W><W>but</W><W>also</W><W>just</W><W>the</W><W>style</W></xcope><W>.</W></SENTENCE><SENTENCE><W>It</W><W>&#39;s</W><C><cue ID="25" type="negation"><W>not</W></cue></C><xcope ID="56"><ref ID="85" SRC="25"></ref><W>what</W><W>you</W><W>&#39;d</W><C><W>expect</W></C></xcope><W>.</W></SENTENCE></P><P></P><P><SENTENCE><W>It</W><W>was</W><W>a</W><W>good</W><C><W>idea</W></C><W>,</W><W>with</W><W>decent</W><W>execution</W><W>,</W><W>but</W><W>in</W><W>the</W><W>end</W><W>,</W><W>it</W><W>&#39;s</W><W>simply</W><C><cue ID="26" type="negation"><W>not</W></cue></C><xcope ID="57"><ref ID="86" SRC="26"></ref><W>my</W><W>cup</W><W>of</W><W>tea</W></xcope><W>.</W></SENTENCE><SENTENCE><W>The</W><W>production</W><W>is</W><W>flawless</W><W>at</W><W>times</W><W>,</W><W>but</W><W>the</W><W>way</W><W>the</W><W>Neptunes</W><W>make</W><W>beats</W><W>sort</W><W>of</W><W>limits</W><W>what</W><W>MC</W><W>&#39;s</W><C><cue ID="27" type="speculation"><W>can</W></cue></C><xcope ID="58"><ref ID="87" SRC="27"></ref><W>do</W></xcope><W>.</W></SENTENCE><SENTENCE><W>That</W><W>&#39;s</W><W>why</W><W>much</W><W>of</W><W>what</W><W>they</W><W>do</W><W>sounds</W><W>so</W><W>similar</W><W>.</W></SENTENCE></P><P></P><P><SENTENCE><W>The</W><W>CD</W><W>did</W><W>come</W><W>with</W><W>a</W><W>DVD</W><W>which</W><W>included</W><W>videos</W><W>for</W><W>Frontin&#39;</W><W>,</W><W>Hot</W><W>Damn</W><W>,</W><C><W>and</W></C><W>Rock</W><W>N&#39;</W><W>Roll</W><W>by</W><W>Fam-Lay</W><W>.</W></SENTENCE></P><P></P><P><SENTENCE><W>Great</W><W>Music</W><W>to</W><W>Play</W><W>While</W><W>:</W><W>Experimenting</W><W>with</W><W>your</W><W>keyboard</W></SENTENCE></P></DOCUMENT>
