<?xml version="1.0" encoding="UTF-8"?>
<DOCUMENT><P></P><P><SENTENCE><W>After</W><W>20</W><W>million</W><W>plus</W><W>records</W><W>sold</W><W>St</W><W>.</W><W>Lunatic</W><W>Nelly</W><W>has</W><W>started</W><W>his</W><W>own</W><W>record</W><W>label</W><W>called</W><W>Derrty</W><W>Entertainment</W><W>.</W></SENTENCE><SENTENCE><W>The</W><W>first</W><W>artist</W><W>to</W><W>drop</W><W>an</W><W>album</W><W>from</W><W>Derrty</W><W>is</W><C><cue ID="0" type="negation"><W>none</W></cue></C><xcope ID="1"><ref COMMENTS="" ID="2" SRC="0"></ref><W>other</W><W>than</W><W>fellow</W><W>St</W><W>.</W><W>Lunatic</W><W>Murphy</W><W>Lee</W></xcope><W>,</W><W>with</W><W>his</W><W>debut</W><W>album</W><W>Murphy</W><W>&#39;s</W><W>Law</W><W>.</W></SENTENCE><SENTENCE><W>The</W><W>&#34;</W><W>School</W><W>Boy</W><W>&#34;</W><W>along</W><W>with</W><W>the</W><W>other</W><W>St</W><W>.</W><W>Lunatics</W><W>dropped</W><W>the</W><W>groups</W><W>debut</W><W>Free</W><W>City</W><W>back</W><W>in</W><W>2001</W><W>.</W></SENTENCE><SENTENCE><W>After</W><W>that</W><W>album</W><W>dropped</W><W>Nelly</W><W>fans</W><W>started</W><W>to</W><W>really</W><W>notice</W><W>Murphy</W><W>Lee(</W><W>Which</W><W>aint</W><W>sayin</W><W>much</W><W>)</W><W>.</W></SENTENCE><SENTENCE><W>After</W><W>that</W><W>many</W><W>commercial</W><W>artist</W><W>also</W><W>noticed</W><W>Murphy</W><W>Lee</W><W>.</W></SENTENCE><SENTENCE><W>He</W><W>featured</W><W>on</W><W>The</W><W>&#34;</W><W>Roc</W><W>Da</W><W>Mic</W><W>&#34;</W><W>remix</W><W>which</W><W>also</W><W>featured</W><W>Nelly</W><W>,</W><W>Freeway</W><W>and</W><W>Beanie</W><W>Sigel</W><W>,</W><C><W>and</W></C><W>he</W><W>he</W><W>featured</W><W>on</W><W>the</W><W>&#34;</W><W>Welcome</W><W>to</W><W>Atlanta</W><W>&#34;</W><W>remix</W><W>wich</W><W>,</W><W>Snoop</W><W>,</W><W>P.</W><W>Diddy</W><C><W>and</W></C><W>Jermaine</W><W>Dupri</W><W>.</W></SENTENCE></P><P></P><P><SENTENCE><W>Murphy</W><W>Lee</W><W>is</W><W>the</W><W>second</W><W>St</W><W>.</W><W>Lunatic</W><W>other</W><W>than</W><W>Nelly</W><W>to</W><W>release</W><W>a</W><W>solo</W><W>album</W><W>.</W></SENTENCE><SENTENCE><W>Ali</W><W>was</W><W>the</W><W>first</W><C><W>and</W></C><W>he</W><W>record</W><W>bombed</W><W>worst</W><W>than</W><W>Baghdad</W><W>.</W></SENTENCE><SENTENCE><W>After</W><W>Ali</W><W>&#39;s</W><W>dismal</W><W>sales</W><W>Murphy</W><W>Lee</W><W>is</W><W>setting</W><W>out</W><W>to</W><W>prove</W><W>that</W><W>he</W><C><cue ID="3" type="speculation"><W>can</W></cue></C><xcope ID="4"><ref COMMENTS="" ID="5" SRC="3"></ref><W>sell</W></xcope><W>.</W></SENTENCE><SENTENCE><W>The</W><W>first</W><W>real</W><W>single</W><W>for</W><W>this</W><W>album</W><W>is</W><W>Wat</W><W>Da</W><W>Hook</W><W>Gon</W><W>Be</W><W>.</W></SENTENCE><SENTENCE><W>Even</W><W>though</W><W>Shake</W><W>Ya</W><W>Tailfeather</W><W>is</W><W>getting</W><W>ridiculous</W><W>radio</W><C><W>and</W></C><W>video</W><W>play</W><W>that</W><W>was</W><W>actually</W><W>a</W><W>single</W><W>from</W><W>that</W><W>Bad</W><W>Boys</W><W>Soundtrack</W><W>.</W></SENTENCE><SENTENCE><W>Murphy</W><W>&#39;s</W><W>Law</W><W>is</W><W>all</W><W>about</W><W>having</W><W>fun</W><W>.</W></SENTENCE></P><P></P><P><SENTENCE><W>1</W><W>.</W><W>Be</W><W>Myself(</W><W>Intro</W><W>)</W><W>-</W><W>N/A</W><W>-</W><W>Just</W><W>a</W><W>sample</W><W>of</W><W>a</W><W>woman</W><W>singing</W><W>I</W><W>Just</W><W>wanna</W><W>be</W><W>myself</W><W>.</W></SENTENCE></P><P></P><P><SENTENCE><W>2.</W><W>Do</W><W>n&#39;t</W><W>Blow</W><W>It(feat</W><W>.</W></SENTENCE><SENTENCE><W>City</W><W>Spud</W><W>)</W><W>-</W><W>$</W><W>/$</W><W>-</W><W>Opens</W><W>up</W><W>with</W><W>a</W><W>City</W><W>Spud</W><W>phone</W><W>message</W><W>.</W></SENTENCE><SENTENCE><W>Murphy</W><W>Lee</W><W>gives</W><W>a</W><W>poor</W><W>intro</W><C><W>and</W></C><W>then</W><W>you</W><C><cue ID="6" type="speculation"><W>can</W></cue></C><xcope ID="7"><ref COMMENTS="" ID="8" SRC="6"></ref><W>barely</W><W>hear</W><W>City</W><W>Spud</W><W>chorus</W><W>over</W><W>Murphy</W><W>Lee</W><W>yelling</W></xcope><W>.</W></SENTENCE><SENTENCE><W>The</W><W>beat</W><W>is</W><W>instantly</W><W>a</W><W>commercial</W><W>sh</W><W>!tter</W><W>.</W></SENTENCE><SENTENCE><W>Murphy</W><W>Lee</W><W>takes</W><W>the</W><W>first</W><W>verse</W><C><W>and</W></C><W>spits</W><W>some</W><W>really</W><W>weak</W><W>punchlines</W><W>with</W><W>a</W><W>sad</W><W>attempt</W><W>at</W><W>humor</W><W>.</W></SENTENCE><SENTENCE><W>He</W><W>continues</W><W>using</W><W>weak</W><W>metafores</W><C><W>and</W></C><W>punchlines</W><W>.</W></SENTENCE><SENTENCE><W>In</W><W>his</W><W>last</W><W>verse</W><W>it</W><W>is</W><W>still</W><W>pretty</W><W>weak</W><W>but</W><W>some</W><W>of</W><W>his</W><W>lyrics</W><W>are</W><W>a</W><W>bit</W><W>better</W><W>at</W><W>first</W><W>then</W><W>he</W><W>just</W><W>falls</W><W>off</W><W>a</W><W>cliff</W><W>.</W></SENTENCE></P><P></P><P><SENTENCE><W>3.</W><W>Hold</W><W>Up(feat</W><W>.</W></SENTENCE><SENTENCE><W>Nelly</W><W>)</W><W>-</W><W>$</W><W>/$</W><W>-</W><W>This</W><W>beat</W><W>is</W><W>of</W><W>the</W><W>commercial</W><W>club</W><W>type</W><W>.</W></SENTENCE><SENTENCE><W>Murphy</W><W>starts</W><W>off</W><C><W>and</W></C><W>spits</W><W>some</W><W>real</W><W>garbage</W><W>.</W></SENTENCE><SENTENCE><W>Nelly</W><W>is</W><W>on</W><W>the</W><W>chorus</W><C><W>and</W></C><W>it</W><W>is</W><W>f!ckin</W><W>terrible</W><W>&#34;</W><W>I</W><W>dont</W><W>wanna</W><W>leave</W><W>by</W><W>myself</W><W>,</W><W>Boy</W><W>you</W><W>aint</W><W>gotta</W><W>leave</W><W>by</W><W>yourself</W><W>,</W><W>Sh!t...TAXI&#34;</W><W>.</W></SENTENCE><SENTENCE><W>Murphy</W><W>Lee</W><W>raps</W><W>about</W><W>him</W><C><W>and</W></C><W>how</W><W>women</W><cue ID="9" type="negation"><W>ca</W><W>n&#39;t</W></cue><xcope ID="10"><ref COMMENTS="" ID="11" SRC="9"></ref><W>get</W><W>enough</W><W>of</W><W>him</W></xcope><W>.</W></SENTENCE><SENTENCE><W>&#34;</W><W>I</W><W>hit</W><W>em</W><W>up</W><W>like</W><W>Blu</W><W>Cantrell</W><W>,</W><W>He-He-He-He-He-He-He-Hell</W><W>&#34;</W><W>Murphy</W><W>take</W><W>the</W><W>mic</W><W>again</W><W>for</W><W>another</W><W>agonizing</W><W>verse</W><W>full</W><W>of</W><W>pimpin&#39;</W><C><W>and</W></C><W>bullsh</W><W>!t</W><W>.</W></SENTENCE></P><P></P><P><SENTENCE><W>4</W><W>.</W><W>Grandpa</W><W>Game</W><W>Tight</W><W>-</W><W>0</W><W>-</W><W>This</W><W>sh</W><W>!t</W><W>is</W><W>just</W><W>embarassing</W><W>.</W></SENTENCE><SENTENCE><W>This</W><W>clown</W><W>refers</W><W>to</W><W>himself</W><W>as</W><W>Grandpa</W><W>Game</W><W>Tight.</W><W>He</W><W>talks</W><W>about</W><W>girls</W><C><W>and</W></C><W>his</W><W>pimpin</W><W>.</W></SENTENCE><SENTENCE><W>He</W><W>is</W><W>singing</W><W>on</W><W>the</W><W>chorus</W><W>about</W><W>his</W><W>Grandpa</W><W>Game</W><W>Tight</W><W>game</W><W>.</W></SENTENCE><SENTENCE><W>His</W><W>lyrics</W><W>on</W><W>the</W><W>second</W><W>verse</W><cue ID="12" type="negation"><W>are</W><W>n&#39;t</W></cue><xcope ID="13"><ref COMMENTS="" ID="14" SRC="12"></ref><W>too</W><W>bad</W><W>but</W><W>the</W><W>subject</W><W>matter</W><W>is</W><W>awful</W></xcope><W>,</W><C><W>and</W></C><W>once</W><W>the</W><W>chorus</W><W>comes</W><W>around</W><W>again</W><W>you</W><W>will</W><W>be</W><W>slamming</W><W>your</W><W>head</W><W>against</W><W>the</W><W>wall</W><W>.</W></SENTENCE><SENTENCE><W>In</W><W>his</W><W>wack</W><W>a$</W><W>$</W><W>last</W><W>verse</W><W>he</W><W>talks</W><W>about</W><W>his</W><W>different</W><W>women</W><C><W>and</W></C><W>pimping</W><W>tendencies</W><W>.</W></SENTENCE><SENTENCE><W>The</W><W>chorus</W><W>comes</W><W>around</W><W>for</W><W>the</W><W>last</W><W>time</W><C><W>and</W></C><W>you</W><W>will</W><W>have</W><W>an</W><W>urge</W><W>to</W><W>break</W><W>something</W><W>after</W><W>that</W><W>garbage</W><W>.</W></SENTENCE><SENTENCE><W>Trust</W><W>me</W><W>its</W><W>terrible</W><W>.</W></SENTENCE><SENTENCE><W>The</W><W>beat</W><W>on</W><W>the</W><W>other</W><W>hand</W><W>kind</W><W>of</W><W>saves</W><W>this</W><W>stink</W><W>.</W></SENTENCE><SENTENCE><W>It</W><W>is</W><W>commercial</W><W>but</W><W>it</W><W>does</W><W>n&#39;t</W><W>sound</W><W>bad</W><C><W>and</W></C><W>the</W><W>violins</W><W>add</W><W>nice</W><W>touch</W><W>.</W></SENTENCE><SENTENCE><W>Still</W><W>an</W><W>egregious</W><W>trac.</W></SENTENCE></P><P></P><P><SENTENCE><W>5</W><W>.</W><W>Luv</W><W>Me</W><W>Baby(feat</W><W>.</W></SENTENCE><SENTENCE><W>Jazze</W><W>Pha</W><W>and</W><W>Sleepy</W><W>Brown</W><W>)</W><W>-</W><W>$</W><W>$</W><W>$</W><W>-</W><W>Murphy</W><W>talks</W><W>about</W><W>his</W><W>dream</W><W>woman</W><W>on</W><W>this</W><W>track</W><W>.</W></SENTENCE><SENTENCE><W>He</W><W>raps</W><W>about</W><W>what</W><W>he</W><W>wants</W><W>from</W><W>that</W><W>special</W><W>lady</W><W>on</W><W>this</W><W>track</W><W>.</W></SENTENCE><SENTENCE><W>Jazze</W><W>Pha</W><W>takes</W><W>care</W><W>of</W><W>the</W><W>chorus</W><C><W>and</W></C><W>Sleepy</W><W>does</W><W>his</W><W>thing</W><W>at</W><W>the</W><W>end</W><W>of</W><W>the</W><W>song</W><W>.</W></SENTENCE><SENTENCE><W>This</W><W>song</W><W>is</W><W>commercial</W><W>as</W><W>hell</W><W>but</W><W>it</W><W>is</W><W>n&#39;t</W><W>all</W><W>that</W><W>bad</W><C><W>and</W></C><W>much</W><W>better</W><W>than</W><W>that</W><W>bullsh</W><W>!t</W></SENTENCE><SENTENCE><W>Grandpa</W><W>Sh!t</W><W>Raps</W><W>.</W></SENTENCE></P><P></P><P><SENTENCE><W>6</W><W>.</W><W>Murphy</W><W>&#39;s</W><W>Law(</W><W>feat</W><W>.</W></SENTENCE><SENTENCE><W>Darius</W><W>Bradford</W><W>and</W><W>St</W><W>.</W><W>Louis</W><W>Slim</W><W>)</W><W>-</W><W>N/A</W><W>-</W><W>Darius</W><W>Bradford</W><C><W>and</W></C><W>St</W><W>.</W><W>Louis</W><W>Slim</W><W>making</W><W>a</W><W>speech</W><W>.</W></SENTENCE></P><P></P><P><SENTENCE><W>7.</W><W>Cool</W><W>Wit</W><W>It(feat</W><W>.</W></SENTENCE><SENTENCE><W>St</W><W>.</W><W>Lunatics</W><W>)</W><W>-</W><W>$</W><W>$</W><W>-</W><W>The</W><W>beat</W><W>on</W><W>this</W><W>track</W><W>is</W><W>pretty</W><W>tight</W><W>,</W><W>its</W><W>laid</W><W>back</W><C><W>and</W></C><W>on</W><W>the</W><W>chorus</W><W>a</W><W>sax</W><W>jumps</W><W>in</W><W>along</W><W>with</W><W>some</W><W>humming</W><W>from</W><W>a</W><W>woman</W><W>.</W></SENTENCE><SENTENCE><W>However</W><W>when</W><W>these</W><W>guys</W><W>rap</W><W>they</W><W>end</W><W>every</W><W>bar</W><W>with</W><W>&#34;</W><W>Cool</W><W>Wit</W><W>It</W><W>&#34;</W><W>.</W></SENTENCE><SENTENCE><W>Now</W><W>anyone</W><W>who</W><W>has</W><W>consistantly</W><W>read</W><W>my</W><W>review</W><W>knows</W><W>that</W><W>I</W><W>hate</W><W>that</W><W>unoriginal</W><W>wack</W><W>sh</W><W>!t</W><W>.</W></SENTENCE><SENTENCE><C><cue ID="15" type="negation"><W>No</W></cue></C><xcope ID="16"><ref COMMENTS="" ID="17" SRC="15"></ref><W>need</W><W>to</W><W>say</W><W>much</W><W>more</W><W>the</W><W>only</W><W>thing</W><W>of</W><W>value</W><W>is</W><W>the</W><W>chorus</W></xcope><W>.</W></SENTENCE></P><P></P><P><SENTENCE><W>8.</W><W>This</W><W>Goes</W><W>Out(feat</W><W>.</W></SENTENCE><SENTENCE><W>Nelly</W><W>,</W><W>Roscoe</W><W>,</W><W>Cardin</W><W>,</W><W>Lil</W><W>Jon</W><W>and</W><W>Lil</W><W>Wayne</W><W>)</W><W>-</W><W>$</W><W>$</W><W>$</W><W>$</W><W>-</W><W>This</W><W>beat</W><W>features</W><W>some</W><W>hitting</W><W>bass</W><C><W>and</W></C><W>synthesized</W><W>effects</W><W>along</W><W>with</W><W>Nelly</W><W>in</W><W>the</W><W>background</W><W>yellin</W><W>&#34;</W><W>Ooooo&#34;</W><W>.</W></SENTENCE><SENTENCE><W>Lil</W><W>Jon</W><W>as</W><W>usual</W><W>is</W><W>yellin</W><W>&#34;</W><W>Yeah</W><W>&#34;</W><W>when</W><W>the</W><W>track</W><W>opens</W><W>.</W></SENTENCE><SENTENCE><W>Murphy</W><W>Lee</W><W>spits</W><W>some</W><W>above</W><W>average</W><W>pucnhlines</W><W>in</W><W>his</W><W>verse</W><W>.</W></SENTENCE><SENTENCE><W>Nelly</W><W>has</W><W>a</W><W>sing</W><W>along</W><W>chorus</W><W>.</W></SENTENCE><SENTENCE><W>Young</W><W>Roscoe</W><W>grips</W><W>the</W><W>track</W><C><W>and</W></C><W>spits</W><W>fire</W><W>.</W></SENTENCE><SENTENCE><W>Sure</W><W>his</W><W>verse</W><W>is</W><W>a</W><W>bit</W><W>commercial</W><W>but</W><W>he</W><W>rips</W><W>this</W><W>sh</W><W>!t</W><W>crazy</W><W>.</W></SENTENCE><SENTENCE><W>Cardin</W><W>spits</W><W>some</W><W>commercial</W><W>a$</W><W>$</W><W>rhymes</W><W>about</W><W>his</W><W>pimpin</W><C><W>and</W></C><W>ruins</W><W>it</W><W>.</W></SENTENCE><SENTENCE><W>Lil</W><W>Jon</W><W>comes</W><W>on</W><W>yelling</W><W>&#34;</W><W>Okaaaaayyyyy&#34;</W><W>.</W></SENTENCE><SENTENCE><W>Everyone</W><W>know</W><W>Lil</W><W>Jon</W><cue ID="18" type="negation"><W>does</W><W>n&#39;t</W></cue><xcope ID="19"><ref COMMENTS="" ID="20" SRC="18"></ref><W>really</W><W>rhymes</W><W>but</W><W>all</W><W>he</W><W>does</W><W>is</W><W>yell</W><W>with</W><W>doubles</W><W>of</W><W>him</W><W>yelling</W><W>in</W><W>the</W><W>background</W><W>which</W><W>tends</W><W>to</W><W>just</W><W>make</W><W>noise</W><W>,</W><W>but</W><W>here</W><W>it</W><W>is</W><W>n&#39;t</W><W>bad</W><W>because</W><W>his</W><W>verse</W><W>is</W><W>only</W><W>about</W><W>20</W><W>seconds</W><W>long</W></xcope><W>.</W></SENTENCE><SENTENCE><W>Lil</W><W>Weezy</W><W>f!cking</W><W>rips</W><W>this</W><W>up</W><W>ugly</W><W>.</W></SENTENCE><SENTENCE><W>He</W><W>continues</W><W>the</W><W>fire</W><W>that</W><W>was</W><W>recently</W><W>heard</W><W>on</W><W>his</W><W>sqad</W><W>mixtapes</W><C><W>and</W></C><W>I</W><W>am</W><W>really</W><W>hyped</W><W>for</W><W>his</W><W>next</W><W>joint</W><W>.</W></SENTENCE><SENTENCE><W>Of</W><W>course</W><W>what</W><W>song</W><W>with</W><W>Lil</W><W>Jon</W><cue ID="21" type="negation"><W>does</W><W>n&#39;t</W></cue><xcope ID="22"><ref COMMENTS="" ID="23" SRC="21"></ref><W>end</W><W>with</W><W>him</W><W>yelling</W><W>at</W><W>the</W><W>end</W><W>of</W><W>a</W><W>song</W></xcope><W>.</W></SENTENCE></P><P></P><P><SENTENCE><W>9</W><W>.</W><W>What</W><W>Da</W><W>Hook</W><W>Gon</W><W>Be(feat</W><W>.</W></SENTENCE><SENTENCE><W>Jermaine</W><W>Dupri</W><W>)</W><W>-</W><W>$</W><W>$</W><W>-</W><W>Jermaine</W><W>Dupri</W><W>ask</W><W>what</W><W>the</W><W>hook</W><W>gonna</W><W>be</W><C><W>and</W></C><W>Murphy</W><W>Lee</W><W>answers</W><W>he</W><cue ID="24" type="negation"><W>does</W><W>n&#39;t</W></cue><xcope ID="25"><ref COMMENTS="" ID="26" SRC="24"></ref><W>need</W><W>a</W><W>hook</W></xcope><W>...But</W><W>that</W><W>IS</W><W>the</W><W>hook</W><W>.</W></SENTENCE><SENTENCE><W>Well</W><W>Murphy</W><W>spits</W><W>more</W><W>commercial</W><W>lyrics</W><W>than</W><W>a</W><W>TV</W><W>.</W></SENTENCE><SENTENCE><W>JD</W><W>on</W><W>the</W><W>chorus</W><W>is</W><W>sh</W><W>!t</W><W>because</W><W>he</W><W>is</W><W>sh</W><W>!t</W><C><W>and</W></C><W>everything</W><W>he</W><W>does</W><W>is</W><W>sh</W><W>!t</W><C><W>and</W></C><W>he</W><W>along</W><W>with</W><W>Baby</W><W>The</W><W>Birdman</W><W>are</W><W>on</W><W>my</W><W>hip-hop</W><W>sh</W><W>!tlist</W><W>.</W></SENTENCE><SENTENCE><C><cue ID="27" type="negation"><W>Not</W></cue></C><xcope ID="28"><ref COMMENTS="" ID="29" SRC="27"></ref><W>the</W><W>worst</W><W>song</W><W>on</W><W>this</W><W>album</W><W>but</W><W>it</W><W>damn</W><W>sure</W><W>is</W><W>below</W><W>average</W></xcope><W>.</W></SENTENCE></P><P></P><P><SENTENCE><W>10</W><W>.</W></SENTENCE><SENTENCE><W>So</W><W>X-Treme(feat</W><W>.</W></SENTENCE><SENTENCE><W>King</W><W>Jacob</W><C><W>and</W></C><W>Prentice</W><W>Church</W><W>)</W><W>-</W><W>0</W><W>-</W><W>This</W><W>song</W><W>has</W><W>a</W><W>very</W><W>laid</W><W>back</W><W>beat</W><W>.</W></SENTENCE><SENTENCE><W>All</W><W>three</W><W>of</W><W>these</W><W>guys</W><W>rap</W><W>pimp</W><W>type</W><W>of</W><W>lyrics</W><W>.</W></SENTENCE><SENTENCE><W>The</W><W>beat</W><W>is</W><W>so</W><W>laid</W><W>back</W><W>that</W><W>after</W><W>a</W><W>few</W><W>seconds</W><W>all</W><W>you</W><W>will</W><W>hear</W><W>is</W><W>Z</W><W>&#39;s</W><W>.</W></SENTENCE><SENTENCE><W>Yes</W><W>this</W><W>muthaf!cka</W><W>is</W><W>boring</W><W>.</W></SENTENCE><SENTENCE><W>Elementary</W><W>Rhymes</W><C><W>and</W></C><W>bored</W><W>beat</W><W>equal</W><W>terrible</W><W>song</W><W>.</W></SENTENCE></P><P></P><P><SENTENCE><W>11</W><W>.</W><W>How</W><W>Many</W><W>Kids</W><W>You</W><W>Got(feat</W><W>.</W></SENTENCE><SENTENCE><W>Darious</W><W>Bradford</W><W>and</W><W>St</W><W>.</W><W>Louis</W><W>Slim</W><W>)</W><W>-</W><W>N/A</W><W>-</W><W>These</W><W>two</W><W>ask</W><W>each</W><W>other</W><W>how</W><W>many</W><W>kids</W><C><W>and</W></C><W>baby</W><W>momma</W><W>&#39;s</W><W>they</W><W>have</W><W>.</W></SENTENCE><SENTENCE><W>Sh!tty</W><W>skit</W><W>.</W></SENTENCE></P><P></P><P><SENTENCE><W>12</W><W>.</W><W>I</W><W>Better</W><W>Go(feat</W><W>.</W></SENTENCE><SENTENCE><W>Avery</W><W>Storm</W><W>)</W><W>-</W><W>$</W><W>$</W><W>$</W><W>1/2</W><W>-</W><W>In</W><W>this</W><W>song</W><W>Murphy</W><W>Lee</W><W>speaks</W><W>of</W><W>a</W><W>past</W><W>love</W><C><W>and</W></C><W>how</W><W>it</W><W>went</W><W>wrong</W><W>.</W></SENTENCE><SENTENCE><W>Murphy</W><W>Lee</W><W>comes</W><W>correct</W><W>with</W><W>his</W><W>lyrics</W><W>but</W><W>it</W><cue ID="30" type="speculation"><C><W>would</W></C><W>n&#39;t</W></cue><xcope ID="35"><ref COMMENTS="" ID="38" SRC="30"></ref><W>sound</W><W>so</W><W>bad</W><C><cue ID="31" type="speculation"><W>if</W></cue></C><xcope ID="34"><ref COMMENTS="" ID="37" SRC="31"></ref><W>he</W><cue ID="32" type="negation"><W>did</W><W>n&#39;t</W></cue><xcope ID="33"><ref COMMENTS="" ID="36" SRC="32"></ref><W>do</W><W>that</W><W>Nelly</W><W>sing</W><W>rapping</W><C><W>and</W></C><W>herre</W></xcope></xcope></xcope><W>,</W><W>thurr</W><W>sh</W><W>!t</W><W>.</W></SENTENCE><SENTENCE><W>Murphy</W><W>Lee</W><W>talks</W><W>about</W><W>how</W><W>he</W><W>caught</W><W>her</W><W>cheating</W><W>on</W><W>him</W><W>.</W></SENTENCE><SENTENCE><W>He</W><W>tells</W><W>how</W><W>the</W><W>more</W><W>time</W><W>they</W><W>spent</W><W>together</W><W>the</W><W>more</W><W>they</W><W>just</W><W>made</W><W>each</W><W>other</W><W>sick</W><W>.</W></SENTENCE><SENTENCE><W>Avery</W><W>Storm</W><W>does</W><W>a</W><W>phenomenal</W><W>job</W><W>on</W><W>the</W><W>chorus</W><W>.</W></SENTENCE><SENTENCE><W>The</W><W>beat</W><W>is</W><W>great</W><W>for</W><W>this</W><W>type</W><W>of</W><W>song</W><W>.</W></SENTENCE></P><P></P><P><SENTENCE><W>13</W><W>.</W><W>Red</W><W>Hot</W><W>Riplets(feat</W><W>.</W></SENTENCE><SENTENCE><W>St</W><W>.</W><W>Lunatics</W><W>)</W><W>-</W><W>$</W><W>$</W><W>$</W><W>-</W><W>Right</W><W>off</W><W>the</W><W>top</W><W>we</W><W>get</W><W>a</W><W>madly</W><W>commercial</W><W>beat</W><C><W>and</W></C><W>Mr.</W><W>Commercial</W><W>himself</W><W>Nelly</W><W>opening</W><W>up</W><W>the</W><W>track</W><W>,</W><W>rapping</W><W>about</W><W>how</W><C><cue ID="39" type="negation"><W>no</W></cue></C><xcope ID="42"><ref COMMENTS="" ID="44" SRC="39"></ref><W>one</W><C><cue ID="40" type="speculation"><W>can</W></cue></C><xcope ID="41"><ref COMMENTS="" ID="43" SRC="40"></ref><W>mess</W><W>with</W><W>him</W><C><W>and</W></C><W>how</W><W>he</W><W>is</W><W>just</W><W>making</W><W>sure</W><W>his</W><W>offspring</W><W>are</W><W>gonna</W><W>be</W><W>rich</W></xcope></xcope><W>.</W></SENTENCE><SENTENCE><W>Ali</W><C><W>and</W></C><W>Nellys</W><W>chorus</W><W>is</W><W>plain</W><W>sh</W><W>!t</W><W>.</W></SENTENCE><SENTENCE><W>Kyjuan</W><W>takes</W><W>the</W><W>second</W><W>verse</W><C><W>and</W></C><W>it</W><cue ID="45" type="negation"><W>is</W><W>n&#39;t</W></cue><xcope ID="46"><ref COMMENTS="" ID="47" SRC="45"></ref><W>bad</W><W>at</W><W>first</W><W>then</W><W>he</W><W>starts</W><W>talkin</W><W>some</W><W>wack</W><W>sh</W><W>!t</W><W>about</W><W>how</W><W>his</W><W>girl</W><W>is</W><W>All</W><W>That</W><C><W>and</W></C><W>a</W><W>Bag</W><W>of</W><W>Chips(</W><W>Circa</W><W>1991</W><W>)</W></xcope><W>.</W></SENTENCE><SENTENCE><W>Murphy</W><W>Lee</W><W>once</W><W>again</W><W>spits</W><W>some</W><W>above</W><W>average</W><W>lyrics</W><W>but</W><W>his</W><W>sh</W><W>!tty</W><W>sing</W><W>rapping</W><W>ruins</W><W>it</W><W>terribly</W><W>.</W></SENTENCE><SENTENCE><W>Ali</W><W>comes</W><W>up</W><W>last</W><C><W>and</W></C><W>for</W><W>some</W><W>reason</W><W>I</W><W>am</W><W>feeling</W><W>his</W><W>verse</W><W>.</W></SENTENCE><SENTENCE><W>He</W><W>spits</W><W>some</W><W>commercial</W><W>a$</W><W>$</W><W>elementary</W><W>rhymes</W><W>but</W><W>for</W><W>some</W><W>reason</W><W>i</W><W>am</W><W>feeling</W><W>it</W><W>.</W></SENTENCE><SENTENCE><cue ID="48" type="speculation"><W>Maybe</W></cue><xcope ID="51"><ref COMMENTS="" ID="53" SRC="48"></ref><W>its</W><W>his</W><W>flow</W><W>i</W><cue ID="49" type="negation"><W>do</W><W>n&#39;t</W></cue><xcope ID="50"><ref COMMENTS="" ID="52" SRC="49"></ref><W>know</W></xcope></xcope><W>.</W></SENTENCE></P><P></P><P><SENTENCE><W>14</W><W>.</W><W>Regular</W><W>Guy(feat</W><W>.</W></SENTENCE><SENTENCE><W>Seven</W><W>)</W><W>-</W><W>$</W><W>$</W><W>$</W><W>$</W><W>1/4</W><W>-</W><W>Murphy</W><W>Lee</W><W>starts</W><W>off</W><W>with</W><W>rap</W><W>singing</W><C><W>and</W></C><W>one</W><W>thing</W><W>that</W><W>is</W><W>heard</W><W>off</W><W>the</W><W>start</W><W>is</W><W>his</W><W>herre</W><W>bullsh</W><W>!t</W><W>.</W></SENTENCE><SENTENCE><W>The</W><W>beat</W><W>is</W><W>for</W><W>the</W><W>clubs</W><C><W>and</W></C><W>is</W><W>sickly</W><W>commercial</W><W>.</W></SENTENCE><SENTENCE><W>Seven</W><W>&#39;s</W><W>chorus</W><W>also</W><W>is</W><W>clubby</W><C><W>and</W></C><W>commercial</W><W>as</W><W>hell</W><W>.</W></SENTENCE><SENTENCE><W>However</W><W>that</W><W>is</W><W>where</W><W>the</W><W>wack</W><W>sh</W><W>!t</W><W>on</W><W>this</W><W>track</W><W>ends</W><W>.</W></SENTENCE><SENTENCE><W>Murphy</W><W>Lee</W><W>does</W><W>some</W><W>minor</W><W>sing</W><W>rap</W><W>but</W><W>for</W><W>the</W><W>most</W><W>part</W><W>he</W><W>spits</W><W>flames</W><W>.</W></SENTENCE><SENTENCE><W>He</W><W>gives</W><W>some</W><W>braggadocio</W><C><W>and</W></C><W>tell</W><W>of</W><W>how</W><W>people</W><W>cant</W><W>mess</W><W>with</W><W>the</W><W>Lunatics</W><C><W>and</W></C><W>also</W><W>how</W><W>he</W><cue ID="54" type="negation"><W>is</W><W>n&#39;t</W></cue><xcope ID="55"><ref COMMENTS="" ID="56" SRC="54"></ref><W>going</W><W>to</W><W>change</W><W>for</W><W>anyone</W></xcope><W>.</W></SENTENCE><SENTENCE><W>He</W><W>tells</W><W>of</W><W>how</W><W>he</W><W>had</W><W>a</W><W>number</W><W>one</W><W>song</W><W>while</W><W>still</W><W>in</W><W>high</W><W>school</W><W>.</W></SENTENCE><SENTENCE><W>This</W><W>is</W><W>the</W><W>best</W><W>song</W><W>on</W><W>this</W><W>album</W><W>.</W></SENTENCE></P><P></P><P><SENTENCE><W>&#34;</W><W>Im</W><W>with</W><W>five</W><W>individuals</W><W>/</W></SENTENCE></P><P></P><P><SENTENCE><W>They</W><W>say</W><W>we</W><C><W>not</W></C><W>original/</W></SENTENCE></P><P></P><P><SENTENCE><W>We</W><W>all</W><W>started</W><W>underground</W><W>like</W><W>digital/</W></SENTENCE></P><P></P><P><SENTENCE><W>Now</W><W>the</W><W>haters</W><W>lookin&#39;</W><W>pitiful/</W></SENTENCE></P><P></P><P><SENTENCE><W>We</W><W>humble</W><C><W>and</W></C><W>hospitable/</W></SENTENCE></P><P></P><P><SENTENCE><W>But</W><W>lyrical</W><W>we</W><W>still</W><W>sh-sh</W><W>!t</W><W>on</W><W>you</W><W>/</W><W>&#34;</W></SENTENCE></P><P></P><P><SENTENCE><W>15</W><W>.</W><W>God</W><W>Do</W><W>n&#39;t</W><W>Chill(feat</W><W>.</W></SENTENCE><SENTENCE><W>King</W><W>Jacob</W><W>and</W><W>Prentice</W><W>Church</W><W>)</W><W>-</W><W>0</W><W>-</W><W>These</W><W>two</W><W>clown</W><W>Prentice</W><W>Church</W><C><W>and</W></C><W>King</W><W>Jacob</W><W>are</W><W>garbage</W><W>as</W><W>f!ck</W><W>.</W></SENTENCE><SENTENCE><W>The</W><W>first</W><W>song</W><W>was</W><W>only</W><W>one</W><W>song</W><W>so</W><W>I</W><cue ID="57" type="speculation"><C><W>could</W></C><W>n&#39;t</W></cue><xcope ID="58"><ref COMMENTS="" ID="59" SRC="57"></ref><W>come</W><W>to</W><W>that</W><C><W>conclusion</W></C></xcope><W>.</W></SENTENCE><SENTENCE><W>After</W><W>this</W><W>however</W><W>I</W><W>wonder</W><W>why</W><W>the</W><W>hell</W><W>Murphy</W><W>Lee</W><W>put</W><W>these</W><W>clowns</W><W>on</W><W>an</W><W>already</W><W>slacking</W><W>album</W><W>.</W></SENTENCE><SENTENCE><W>This</W><W>dumb</W><W>a$</W><W>$</W><W>song</W><W>is</W><W>once</W><W>again</W><W>about</W><W>pimpin</W><C><W>and</W></C><W>partying</W><W>.</W></SENTENCE><SENTENCE><W>Murphy</W><W>Lee</W><W>spits</W><W>the</W><W>garbage</W><W>also</W><W>.</W></SENTENCE><SENTENCE><W>The</W><W>production</W><W>on</W><W>this</W><W>track</W><W>is</W><W>lazy</W><W>.</W></SENTENCE><SENTENCE><W>The</W><W>chorus</W><W>is</W><W>album</W><W>stupid</W><W>sing</W><W>raps</W><W>from</W><W>Murphy</W><W>Lee</W><W>.</W></SENTENCE></P><P></P><P><SENTENCE><W>16</W><W>.</W><W>Murphy</W><W>Lee(feat</W><W>.</W></SENTENCE><SENTENCE><W>Zee</W><W>)</W><W>-</W><W>$</W><W>$</W><W>-</W><W>Commercial</W><W>a$</W><W>$</W><W>beat</W><W>.</W></SENTENCE><SENTENCE><W>This</W><W>track</W><W>sees</W><W>Murphy</W><W>Lee</W><W>kicking</W><W>game</W><W>to</W><W>a</W><W>girl</W><W>at</W><W>a</W><W>party</W><W>.</W></SENTENCE><SENTENCE><W>Zee</W><W>does</W><W>a</W><W>great</W><W>job</W><W>on</W><W>the</W><W>chorus</W><W>for</W><W>this</W><W>type</W><W>of</W><W>song</W><W>.</W></SENTENCE><SENTENCE><W>Murphy</W><W>Lee</W><W>&#39;s</W><W>lyrics</W><W>are</W><W>pretty</W><W>average</W><W>here</W><C><W>and</W></C><W>he</W><W>does</W><W>the</W><W>err</W><W>,</W><W>urr</W><W>crap</W><W>again</W><C><W>and</W></C><W>he</W><W>also</W><W>rap</W><W>sings</W><W>as</W><W>usual</W><W>.</W></SENTENCE></P><P></P><P><SENTENCE><W>17</W><W>.</W><W>Head</W><W>From</W><W>A</W><W>Midget(feat</W><W>.</W></SENTENCE><SENTENCE><W>Darius</W><W>Bradford</W><W>and</W><W>St</W><W>.</W><W>Louis</W><W>Slim</W><W>)</W><W>-</W><W>N/A</W><W>-</W><W>These</W><W>Brothas</W><W>aint</W><W>funny</W><W>.</W></SENTENCE><SENTENCE><W>Period</W><W>!</W></SENTENCE></P><P></P><P><SENTENCE><W>18</W><W>.</W><W>Shake</W><W>Ya</W><W>Tailfeather(feat</W><W>.</W></SENTENCE><SENTENCE><W>Nelly</W><W>and</W><W>P.</W><W>Diddy</W><W>)</W><W>-</W><W>$</W><W>1/2</W><W>-</W><W>Since</W><W>this</W><W>song</W><W>is</W><W>so</W><W>sh</W><W>!tty</W></SENTENCE><SENTENCE><W>I</W><W>wont</W><W>write</W><W>a</W><W>new</W><W>review</W><W>for</W><W>it</W><W>i</W><W>&#39;ll</W><W>just</W><W>use</W><W>the</W><W>one</W><W>I</W><W>used</W><W>for</W><W>Bad</W><W>Boys</W><W>II</W><W>Soundtrack</W><W>.</W></SENTENCE><SENTENCE><W>We</W><W>got</W><W>P.</W><W>Diddy</W><C><W>and</W></C><W>Nelly</W><W>on</W><W>the</W><W>same</W><W>track</W><W>wit</W><W>Murphy</W><W>Lee</W><W>.</W></SENTENCE><SENTENCE><W>Then</W><W>again</W><W>this</W><W>song</W><W>gets</W><W>ya</W><W>bouncin</W><W>in</W><W>the</W><W>club</W><C><cue ID="60" type="negation"><W>no</W></cue></C><xcope ID="61"><ref COMMENTS="" ID="62" SRC="60"></ref><W>doubt</W><W>so</W><W>I</W><W>guess</W><W>you</W><W>gotta</W><W>respect</W><W>it</W><W>for</W><W>what</W><W>it</W><W>is</W></xcope><W>,</W><C><W>and</W></C><W>it</W><W>is</W><W>a</W><W>pretty</W><W>good</W><W>party</W><W>track</W><W>.</W></SENTENCE><SENTENCE><W>Lyrically</W><W>Nelly</W><W>spits</W><W>his</W><W>herre</W><W>,</W><W>thurr</W><W>,</W><W>abuse</W><W>of</W><W>the</W><W>english</W><W>language</W><W>.</W></SENTENCE><SENTENCE><W>The</W><W>best</W><W>rapper</W><W>in</W><W>St</W><W>.</W><W>Lunatics</W><W>,</W><W>Murphy</W><W>Lee</W><W>spits</W><W>some</W><W>mediocre</W><W>sh</W><W>!t</W><W>but</W><W>damn</W><W>that</W><W>&#34;</W><W>I</W><W>&#39;m</W><C><cue ID="63" type="negation"><W>not</W></cue></C><xcope ID="64"><ref COMMENTS="" ID="65" SRC="63"></ref><W>hard</W></xcope><W>,</W><W>I</W><W>got</W><W>women</W><W>to</W><W>handle</W><W>that/They</W><W>be</W><W>like</W><W>,</W><W>he</W><W>the</W><W>man</W><W>when</W><W>I</W><W>&#39;m</W><W>really</W><W>a</W><W>Thunder</W><W>Cat</W><W>&#34;</W><W>was</W><W>f!ckin</W><W>terrible</W><W>.</W></SENTENCE><SENTENCE><W>This</W><W>cat</W><W>also</W><W>said</W><W>&#34;</W><W>I</W><W>&#39;m</W><W>Young</W><W>Like</W><W>Turk</W><W>,</W><W>I</W><W>like</W><W>that</W><W>Cash</W><C><W>and</W></C><W>that</W><W>Money</W><W>&#34;</W><W>Then</W><W>at</W><W>the</W><W>end</W><W>his</W><W>&#34;</W><W>Im</W><W>starvin</W><W>like</W><W>Marvin</W><W>Gurrl(</W><W>girl</W><W>)/</W><W>I</W><W>got</W><W>16</W><W>bars</W><W>of</W><W>ferre(fire</W><W>)</W><W>&#34;</W><W>was</W><W>...whooo</W><W>.</W></SENTENCE><SENTENCE><W>As</W><W>I</W><W>said</W><W>before</W><W>this</W><W>is</W><W>a</W><W>club</W><W>hit</W><W>,</W><W>but</W><W>as</W><W>a</W><W>song</W><W>in</W><W>general</W><W>it</W><W>just</W><W>suck</W><W>!</W><W>...</W></SENTENCE></P><P></P><P><SENTENCE><W>19</W><W>.</W><W>Same</W><W>ol</W><W>&#39;</W><W>Dirty(feat</W><W>.</W></SENTENCE><SENTENCE><W>Toya</W><W>)</W><W>-</W><W>$</W><W>$</W><W>$</W><W>1/2</W><W>-</W><W>The</W><W>beat</W><W>on</W><W>this</W><W>song</W><W>is</W><W>pretty</W><W>good</W><C><W>and</W></C><W>gives</W><W>you</W><W>a</W><W>beat</W><W>you</W><C><cue ID="66" type="speculation"><W>would</W></cue></C><xcope ID="67"><ref COMMENTS="" ID="68" SRC="66"></ref><W>find</W><W>in</W><W>a</W><W>70</W><W>&#39;s</W><W>blaxploitation</W><W>movie</W><C><W>and</W></C><W>it</W><W>serves</W><W>its</W><W>purpose</W><W>in</W><W>this</W><W>retrospective</W><W>track</W></xcope><W>.</W></SENTENCE><SENTENCE><W>We</W><W>have</W><W>Murphy</W><W>Lee</W><W>rappin</W><W>about</W><W>back</W><W>in</W><W>the</W><W>day</W><W>when</W><W>he</W><W>was</W><W>a</W><W>young</W><W>buck</W><W>.</W></SENTENCE><SENTENCE><W>Well</W><W>at</W><W>least</W><W>in</W><W>his</W><W>first</W><C><W>and</W></C><W>third</W><W>verses</W><W>.</W></SENTENCE><SENTENCE><W>In</W><W>the</W><W>second</W><W>verse</W><W>he</W><W>ruins</W><W>it</W><W>spitting</W><W>terrible</W><W>commercial</W><W>a$</W><W>$</W><W>lyrics</W><W>.</W></SENTENCE><SENTENCE><W>Toya</W><W>does</W><W>a</W><W>superb</W><W>job</W><W>on</W><W>the</W><W>chorus</W><W>however</W><W>helping</W><W>to</W><W>uplift</W><W>this</W><W>track</W><W>.</W></SENTENCE><SENTENCE><W>In</W><W>the</W><W>third</W><W>verse</W><W>Murphy</W><W>Lee</W><W>talks</W><W>about</W><W>the</W><W>struggles</W><W>he</W><C><W>and</W></C><W>the</W><W>St</W><W>.</W><W>Lunatics</W><W>had</W><W>to</W><W>deal</W><W>with</W><W>before</W><W>Nelly</W><W>blew</W><W>up</W><W>.</W></SENTENCE></P><P></P><P><SENTENCE><W>Like</W><W>I</W><W>said</W><W>earlier</W><W>Murphy</W><W>Lee</W><W>&#39;s</W><W>rapping</W><W>is</W><W>just</W><W>like</W><W>Nelly</W><W>.</W></SENTENCE><SENTENCE><W>He</W><W>is</W><W>all</W><W>about</W><W>having</W><W>fun</W><W>.</W></SENTENCE><SENTENCE><W>He</W><C><cue ID="69" type="speculation"><W>could</W></cue></C><xcope ID="108"><ref COMMENTS="" ID="109" SRC="69"></ref><W>care</W><W>less</W><W>about</W><W>introspective</W><xcope ID="105"><ref COMMENTS="" ID="107" SRC="70"></ref><W>rapping</W></xcope><W>,</W><C><cue ID="70" type="speculation"><W>or</W></cue></C><xcope ID="104"><ref COMMENTS="" ID="106" SRC="70"></ref><W>gangsta</W><W>rapping</W></xcope></xcope><W>,</W><W>he</W><W>wants</W><W>to</W><W>talks</W><W>about</W><W>partying</W><W>,</W><C><W>and</W></C><W>pimpin</W><W>hoes</W><W>,</W><W>with</W><W>a</W><W>few</W><W>love</W><W>stories</W><W>thrown</W><W>in</W><W>.</W></SENTENCE><SENTENCE><W>You</W><W>will</W><C><cue ID="71" type="negation"><W>not</W></cue></C><xcope ID="98"><ref COMMENTS="" ID="103" SRC="71"></ref><W>find</W><W>once</W><W>on</W><W>this</W><W>track</W><W>where</W><xcope ID="97"><ref COMMENTS="" ID="102" SRC="72"></ref><W>Murphy</W><W>Lee</W><W>raps</W><W>about</W><W>killing</W></xcope><W>,</W><xcope ID="96"><ref COMMENTS="" ID="101" SRC="72"></ref><W>shooting</W></xcope><W>,</W><xcope ID="95"><ref COMMENTS="" ID="100" SRC="72"></ref><W>stabbing</W></xcope><W>,</W><C><cue ID="72" type="speculation"><W>or</W></cue></C><xcope ID="94"><ref COMMENTS="" ID="99" SRC="72"></ref><W>beatting</W><W>the</W><W>living</W><W>hell</W><W>out</W><W>of</W><W>someone</W></xcope></xcope><W>.</W></SENTENCE><SENTENCE><C><cue ID="73" type="speculation"><W>If</W></cue></C><xcope ID="92"><ref COMMENTS="" ID="93" SRC="73"></ref><W>you</W><W>wanna</W><W>hear</W><W>that</W><W>go</W><W>buy</W><W>DMX</W><W>,</W><W>he</W><W>has</W><W>plenty</W><W>of</W><W>it</W></xcope><W>.</W></SENTENCE><SENTENCE><W>For</W><W>the</W><W>most</W><W>part</W><W>Murphy</W><W>Lee</W><W>&#39;s</W><W>guest</W><W>appearances</W><W>are</W><W>really</W><W>weak</W><C><W>except</W></C><W>on</W><W>This</W><W>Goes</W><W>Out</W><W>.</W></SENTENCE><SENTENCE><W>Also</W><W>some</W><W>of</W><W>the</W><W>singles</W><W>he</W><W>got</W><W>for</W><W>the</W><W>chorus</W><W>&#39;s</W><W>such</W><W>as</W><W>Toya</W><W>,</W><W>Zee</W><W>and</W><W>Avery</W><W>Storm</W><W>do</W><W>great</W><W>jobs</W><W>.</W></SENTENCE><SENTENCE><W>When</W><W>Nelly</W><C><W>and</W></C><W>the</W><W>St</W><W>.</W><W>Lunatics</W><W>show</W><W>up</W><W>on</W><W>a</W><W>track</W><W>for</W><W>the</W><W>most</W><W>part</W><W>its</W><W>pretty</W><W>wack</W><W>.</W></SENTENCE><SENTENCE><W>King</W><W>Jacob</W><C><W>and</W></C><W>Prentice</W><W>Church</W><W>are</W><W>some</W><W>of</W><W>the</W><W>sh</W><W>!ttiest</W><W>rappers</W><W>i</W><W>&#39;ve</W><W>ever</W><W>heard</W><C><W>and</W></C><C><cue ID="75" type="speculation"><W>hope</W></cue></C><xcope ID="89"><ref COMMENTS="" ID="91" SRC="75"></ref><W>I</W><C><cue ID="76" type="negation"><W>never</W></cue></C><xcope ID="88"><ref COMMENTS="" ID="90" SRC="76"></ref><W>have</W><W>to</W><W>hear</W><W>them</W><W>again</W></xcope></xcope><W>.</W></SENTENCE><SENTENCE><W>The</W><W>stupid</W><W>Darius</W><W>Bradford</W><C><W>and</W></C><W>St</W><W>.</W><W>Louis</W><W>Slim</W><W>interludes</W><W>are</W><W>n&#39;t</W><W>funny</W><W>at</W><W>all</W><C><W>and</W></C><W>are</W><W>just</W><W>a</W><W>waste</W><W>of</W><W>wax</W><W>.</W></SENTENCE><SENTENCE><W>I</W><W>really</W><cue ID="77" type="speculation"><C><W>would</W></C><W>n&#39;t</W></cue><xcope ID="86"><ref COMMENTS="" ID="87" SRC="77"></ref><W>recommend</W><W>this</W><W>to</W><W>anyone</W></xcope><W>but</W><C><cue ID="78" type="speculation"><W>if</W></cue></C><xcope ID="82"><ref COMMENTS="" ID="85" SRC="78"></ref><W>you</W><W>are</W><xcope ID="81"><ref COMMENTS="" ID="84" SRC="79"></ref><W>a</W><W>Nelly</W></xcope><C><cue ID="79" type="speculation"><W>or</W></cue></C><xcope ID="80"><ref COMMENTS="" ID="83" SRC="79"></ref><W>St</W><W>.</W><W>Lunatics</W><W>fan</W><W>you</W><W>will</W><W>like</W><W>this</W></xcope></xcope><W>.</W></SENTENCE><SENTENCE><W>Why</W><W>?</W></SENTENCE><SENTENCE><W>Because</W><W>you</W><W>f!cking</W><W>like</W><W>Nelly</W><W>.</W></SENTENCE><SENTENCE><W>Then</W><W>again</W><W>I</W><W>wont</W><W>front</W><W>when</W><W>I</W><W>was</W><W>a</W><W>couple</W><W>years</W><W>younger</W><W>I</W><W>was</W><W>a</W><W>Nelly</W><W>fan</W><W>,</W><W>just</W><W>check</W><W>my</W><W>Country</W><W>Grammar</W><W>review</W><W>.</W></SENTENCE></P></DOCUMENT>
