<?xml version="1.0" encoding="UTF-8"?>
<DOCUMENT><P></P><P><SENTENCE><W>Lets</W><W>just</W><W>face</W><W>the</W><W>facts</W><W>at</W><W>hand</W><W></W><W>even</W><C><cue ID="0" type="speculation"><W>if</W></cue></C><xcope ID="25"><ref ID="49" SRC="0"></ref><W>Obie</W><W>Trice</W><W>was</W><W>a</W><W>garbage</W><W>rapper</W></xcope><W>(</W><C><W>and</W></C><W>he</W><W>is</W><W>)</W><W></W><W>hes</W><W>packed</W><W>by</W><W>the</W><W>Superman</W><W>of</W><W>Hip-Hop</W><W>,</W><W>the</W><W>seemingly</W><W>invincible</W><W>Eminem</W><W>-</W><W>able</W><W>to</W><W>make</W><W>death</W><W>threats</W><W>in</W><W>16</W><W>bars</W><W>,</W><C><W>and</W></C><W>pistol</W><W>whip</W><W>fools</W><W>for</W><W>jealousy</W><W>,</W><W>everything</W><W>that</W><W>Eminem</W><W>touches</W><W>really</W><W>does</W><W>turn</W><W>gold</W><W>.</W></SENTENCE><SENTENCE><W>Taking</W><W>executive</W><W>producer</W><W>credits</W><W>on</W><W>his</W><W>protégés</W><W>debut</W><W>album</W><W>Cheers</W><W></W><W></W><W>Obie</W><W>Trice</W><W>has</W><W>been</W><W>literally</W><W>blessed</W><W>with</W><W>success</W><W>before</W><W>he</W><W>even</W><W>said</W><W>one</W><W>whack</W><W>word</W><W>.</W></SENTENCE><SENTENCE><W>From</W><W>the</W><W>promise</W><W>that</W><W>in</W><W>several</W><W>copies</W><W>of</W><W>his</W><W>album</W><W>are</W><W>golden</W><W>tickets</W><W>to</W><W>meet</W><W>the</W><W>blonde</W><W>one</W><W>(</W><W>why</W><C><cue ID="1" type="negation"><W>not</W></cue></C><xcope ID="26"><ref ID="50" SRC="1"></ref><W>meet</W><W>Obie</W></xcope><W>?</W></SENTENCE><SENTENCE><W>Oh</W><W>yeah</W><W></W><C><cue ID="2" type="negation"><W>no</W></cue></C><xcope ID="27"><ref ID="51" SRC="2"></ref><W>one</W><W>cares</W></xcope><W>)</W><W>,</W><W>to</W><W>the</W><W>cornball</W><W>lead</W><W>single</W><W></W><W>the</W><W>sky</W><W>is</W><W>the</W><W>limit</W><W>.</W></SENTENCE></P><P></P><P><SENTENCE><W>The</W><W>aforementioned</W><W>lead</W><W>single</W><W>entitled</W><W>Got</W><W>Some</W><W>Teeth</W><W></W><W>is</W><W>classic</W><W>Eminem</W><W>material</W><W></W><W>from</W><W>its</W><W>attempt</W><W>at</W><W>humor</W><W>(</W><W>it</W><C><W>fails</W></C><W>)</W><W>,</W><W>to</W><W>its</W><W>elementary</W><W>lyrics</W><W>:</W><C><W>and</W></C><W>this</W><W>is</W><W>my</W><W>favorite</W><W>song</W><W>/</W><W>to</W><W>sing</W><W>along</W><W>/</W><W>when</W><W>the</W><W>deejay</W><W>throws</W><W>it</W><W>on/</W><C><W>and</W></C><C><cue ID="4" type="speculation"><W>if</W></cue></C><xcope ID="28"><ref ID="52" SRC="4"></ref><W>I</W><W>leave</W><W>here</W><W>tonight</W></xcope><C><W>and</W></C><W>I</W><W>fall</W><W>asleep/and</W><W>wake</W><W>up</W><W>/</W><W>hopefully</W><W>she</W><W>got</W><W>some</W><W>teeth</W><W>.</W></SENTENCE><SENTENCE><W>Right</W><W>.</W></SENTENCE><SENTENCE><xcope ID="29"><ref ID="53" SRC="5"></ref><W>Raise</W><W>the</W><W>roof</W><W>yo</W></xcope><W></W><C><cue ID="5" type="speculation"><W>or</W></cue></C><W>,</W><xcope ID="30"><ref ID="54" SRC="5"></ref><W>lets</W><C><cue ID="6" type="negation"><W>not</W></cue></C></xcope><C><W>and</W></C><W>pretend</W><W>we</W><W>did</W><W>.</W></SENTENCE></P><P></P><P><SENTENCE><W>Average</W><W>Man</W><W>finds</W><W>Obie</W><W>busting</W><W>more</W><W>caps</W><W>than</W><W>the</W><W>folks</W><W>that</W><cue ID="8" type="negation"><W>dont</W></cue><xcope ID="31"><ref COMMENTS="" ID="55" SRC="8"></ref><W>like</W><W>50</W><W>Cent</W></xcope><W>,</W><W>which</W><W>brings</W><W>me</W><W>to</W><W>another</W><W>important</W><W>point</W><W>:</W><W>Hip-Hop</W><W>is</W><W>seeing</W><W>the</W><W>resurgence</W><W>of</W><W>thug</W><W>mentality</W><C><W>and</W></C><W>while</W><W>there</W><W>are</W><W>plenty</W><W>of</W><W>artists</W><W>on</W><W>higher</W><W>planes</W><W>,</W><W>the</W><W>mainstream</W><W>is</W><W>so</W><W>convoluted</W><W>with</W><W>thuggery</W><C><W>and</W></C><W>ignorance</W><W>that</W><W>it</W><W>s</W><W>enough</W><W>to</W><W>break</W><W>my</W><W>b-boy</W><W>loving</W><W>heart</W><W>.</W></SENTENCE><SENTENCE><W>The</W><W>bad</W><W>boy</W><W>persona</W><W>continues</W><W>with</W><W>Cheers</W><W>,</W><W>a</W><W>mediocre</W><W>track</W><W>that</W><C><cue ID="7" type="speculation"><W>can</W></cue></C><xcope ID="32"><ref ID="56" SRC="7"></ref><W>only</W><W>be</W><W>described</W><W>as</W><W>well</W><W></W><W>mediocre</W></xcope><W>.</W></SENTENCE></P><P></P><P><SENTENCE><W>Dont</W><W>Come</W><W>Down</W><W></W><W>has</W><W>an</W><W>ill</W><W>sample</W><W>,</W><W>but</W><W>then</W><W>Obie</W><W>had</W><W>to</W><W>go</W><C><W>and</W></C><W>mess</W><W>it</W><W>up</W><W>by</W><W>rapping</W><W>.</W></SENTENCE><SENTENCE><W>The</W><W>parallels</W><W>to</W><W>Slim</W><W>Shady</W><W>continue</W><W>with</W><W>Obies</W><C><cue ID="9" type="speculation"><W>apparent</W></cue></C><xcope ID="33"><ref ID="57" SRC="9"></ref><W>disdain</W><W>for</W><W>the</W><W>woman</W><W>who</W><W>gave</W><W>him</W><W>life</W></xcope><C><W>and</W></C><W>sadness</W><W>for</W><W>the</W><W>hardships</W><W>he</W><W>experience</W><W>growing</W><W>up</W><W>as</W><W>a</W><W>young</W><W>ghetto</W><W>youth</W><W></W><W>which</W><C><cue ID="10" type="speculation"><W>apparently</W></cue></C><xcope ID="34"><ref ID="58" SRC="10"></ref><W>is</W><W>the</W><W>only</W><W>requirement</W><W>for</W><W>getting</W><W>a</W><W>record</W><W>deal</W><W>these</W><W>days</W></xcope><W>.</W></SENTENCE><SENTENCE><W>While</W><W>Eminem</W><W>does</W><W>get</W><W>the</W><W>executive</W><W>producer</W><W>credit</W><W></W><W>his</W><W>beats</W><W>are</W><W>just</W><W>the</W><W>swap</W><W>meet</W><W>equivalent</W><W>of</W><W>Dr.</W><W>Dres</W><W>harder</W><C><W>and</W></C><W>edgier</W><W>material</W><C><W>and</W></C><W>so</W><W>all</W><W>of</W><W>the</W><W>tracks</W><W>produced</W><W>by</W><W>Em</W><W>sound</W><W>budget</W><W>.</W></SENTENCE><SENTENCE><W>Perpetual</W><W>hook</W><W>singer</W><W>Nate</W><W>Dogg</W><W>stops</W><W>by</W><W>to</W><W>bore</W><W>me</W><W>with</W><W>his</W><W>voice</W><W>on</W><W>The</W><W>Set</W><W>Up</W><W>,</W><W>where</W><W>Obie</W><W>rambles</W><W>on</W><W>about</W><W>a</W><W>shady</W><W>woman</W><W>(yawn</W><W>)</W><W>.</W></SENTENCE><SENTENCE><W>Dr.</W><W>Dre</W><W>also</W><W>gets</W><W>his</W><W>flow</W><W>on</W><W>on</W><W>Sh!t</W><W>Hits</W><W>The</W><W>Fan</W><W>-</W><C><W>and</W></C><W>while</W><W>I</W><W>like</W><W>the</W><W>sound</W><W>of</W><W>Dres</W><W>voice</W><W>,</W><W>his</W><W>flow</W><W>is</W><W>just</W><C><cue ID="11" type="negation"><W>not</W></cue></C><xcope ID="35"><ref ID="59" SRC="11"></ref><W>getting</W><W>it</W><W>so</W><W>his</W><W>best</W><W>bet</W><W>is</W><W>to</W><W>stay</W><W>behind</W><W>the</W><W>boards</W></xcope><W>,</W><W>Obies</W><W>on</W><W>this</W><W>track</W><W>too</W><W></W><W>but</W><W>he</W><W>sucks</W><W>.</W></SENTENCE></P><P></P><P><SENTENCE><W>We</W><W>All</W><W>Die</W><W>One</W><W>Day</W><W></W><W>finds</W><W>two</W><W>thugs</W><W>(</W><W>50</W><C><W>and</W></C><W>Obie</W><W>)</W><W>uniting</W><W>for</W><W>what</W><W>sounds</W><W>like</W><W>a</W><W>cheap</W><W>mix</W><W>tape</W><W>track</W><W>.</W></SENTENCE><SENTENCE><W>The</W><W>gun</W><W>talk</W><W>,</W><cue ID="12" type="negation"><W>dont</W></cue><W>f(</W><W>$</W><W>8k</W><W>with</W><W>me</W><W>talk</W><W>keeps</W><W>on</W><W>going</W><W>like</W><W>the</W><W>energizer</W><W>bunny</W><C><W>and</W></C><W>it</W><cue ID="13" type="negation"><W>was</W><W>nt</W></cue><xcope ID="36"><ref COMMENTS="" ID="60" SRC="13"></ref><W>original</W><W>on</W><W>track</W><W>1</W><C><W>and</W></C><W>at</W><W>9</W></xcope><W></W><W>it</W><W>s</W><W>wearing</W><W>thin</W><W>on</W><W>my</W><W>nerves</W><W>.</W></SENTENCE><SENTENCE><W>D-12</W><W>fans</W><W>(</W><W>all</W><W>one</W><W>of</W><W>you</W><W>)</W><C><cue ID="14" type="speculation"><W>can</W></cue></C><xcope ID="37"><ref ID="61" SRC="14"></ref><W>be</W><W>happy</W><W>since</W><W>Kon</W><W>Artis</W><W>guests</W><W>on</W><W>Spread</W><W>Yo</W><W>Sh!t</W><W>whose</W><W>only</W><W>savior</W><W>is</W><W>that</W><W>the</W><W>beat</W><W>is</W><W>a</W><W>head</W><W>nodder</W></xcope><W>.</W></SENTENCE></P><P></P><P><SENTENCE><W>The</W><W>one</W><W>good</W><W>track</W><W>(</W><C><W>and</W></C><W>I</W><W>use</W><W>the</W><W>word</W><W>good</W><W>loosely</W><W>)</W><W>on</W><W>Cheers</W><W></W><C><cue ID="15" type="speculation"><W>would</W></cue></C><xcope ID="38"><ref ID="62" SRC="15"></ref><W>be</W><W>Hands</W><W>On</W><W>You</W></xcope><W></W><C><W>and</W></C><cue ID="16" type="speculation"><W>maybe</W></cue><xcope ID="39"><ref COMMENTS="" ID="63" SRC="16"></ref><W>it</W><W>s</W><W>only</W><W>because</W><W>Obie</W><W>sounds</W><W>like</W><W>50</W><W>Cents</W><W>Hip-Hop</W><W>stepchild</W></xcope><W>.</W></SENTENCE><SENTENCE><W>Featuring</W><W>Eminem</W><W></W><W>the</W><W>song</W><W>has</W><W>a</W><W>strong</W><W>hook</W><W>,</W><W>average</W><W>beat</W><W>on</W><W>this</W><W>thugged-out</W><W>love</W><W>song</W><W>of</W><W>sorts</W><W>.</W></SENTENCE></P><P></P><P><SENTENCE><W>I</W><C><cue ID="17" type="speculation"><W>might</W></cue></C><xcope ID="40"><ref ID="64" SRC="17"></ref><W>be</W><W>alone</W><W>in</W><W>my</W><W>beliefs</W></xcope><W></W><W>but</W><W>I</W><cue ID="18" type="speculation"><C><W>feel</W></C><W>like</W></cue><xcope ID="41"><ref COMMENTS="" ID="65" SRC="18"></ref><W>lately</W><W>Busta</W><W>Rhymes</W><W>has</W><W>been</W><W>good</W><W>lately</W><W>on</W><W>everyones</W><W>material</W><W>but</W><W>his</W><W>own</W></xcope><W></W><W>case</W><W>in</W><W>point</W><C><cue ID="19" type="speculation"><W>would</W></cue></C><xcope ID="42"><ref ID="66" SRC="19"></ref><W>be</W><W>Oh</W><W>!</W><W>,</W><W>despite</W><W>the</W><W>fact</W><W>that</W><W>the</W><W>music</W><W>sounds</W><W>like</W><W>the</W><W>score</W><W>from</W><W>Gremlins</W></xcope><W></W><W></W><W>Obie</W><C><W>and</W></C><W>Busta</W><W>sound</W><W>pretty</W><W>damn</W><W>good</W><W>on</W><W>the</W><W>track</W><C><W>and</W></C><W>it</W><C><cue ID="20" type="speculation"><W>would</W></cue></C><xcope ID="43"><ref ID="67" SRC="20"></ref><W>get</W><W>my</W><W>pick</W><W>for</W><W>one</W><W>of</W><W>the</W><W>better</W><W>tracks</W><W>.</W></xcope></SENTENCE></P><P></P><P><SENTENCE><W>-</W><W>Final</W><W>Thoughts</W><W>-</W></SENTENCE></P><P></P><P><SENTENCE><W>While</W><W>I</W><W>respect</W><W>everyones</W><W>right</W><W>to</W><W>try</W><W>to</W><W>help</W><W>their</W><W>friends</W><W>out</W><W>once</W><W>they</W><W>get</W><W>famous</W><W>,</W><W>everybody</W><W>cant</W><W>be</W><W>a</W><W>star</W><C><W>and</W></C><W>Obie</W><W>Trice</W><W>is</W><W>just</W><C><cue ID="21" type="negation"><W>not</W></cue></C><xcope ID="44"><ref ID="68" SRC="21"></ref><W>a</W><W>star</W></xcope><W>.</W></SENTENCE><SENTENCE><W>His</W><W>rhymes</W><W>are</W><W>average</W><W>at</W><W>best</W><W>,</W><W>his</W><W>flow</W><W>is</W><W>monotonous</W><C><W>and</W></C><W>the</W><W>fact</W><W>that</W><W>he</W><W>seemingly</W><W>cant</W><W>stand</W><W>independent</W><W>of</W><W>Marshall</W><W>Mathers</W><W>,</W><cue ID="22" type="negation"><W>does</W><W>nt</W></cue><xcope ID="49"><ref COMMENTS="" ID="50" SRC="22"></ref><xcope ID="45"><ref ID="71" SRC="23"></ref><W>help</W><W>his</W><W>cause</W></xcope><C><cue ID="23" type="negation"><W>either</W></cue></C></xcope><W>.</W></SENTENCE><SENTENCE><W>So</W><C><cue ID="24" type="speculation"><W>if</W></cue></C><xcope ID="46"><ref ID="72" SRC="24"></ref><W>youre</W><W>thinking</W><W>about</W><W>getting</W><W>a</W><W>shiny</W><W>gold</W><W>ticket</W></xcope><W>,</W><cue ID="47" type="negation"><W>dont</W></cue><xcope ID="48"><ref COMMENTS="" ID="73" SRC="47"></ref><W>even</W><W>waste</W><W>your</W><W>time</W></xcope><W></W><W>its</W><W>back</W><W>to</W><W>the</W><W>drawing</W><W>boards</W><W>for</W><W>Obie</W><W>:</W><W>real</W><W>name</W><W>,</W><W>too</W><W>many</W><W>gimmicks</W><W>.</W></SENTENCE></P><P></P><P><SENTENCE><W>Great</W><W>Music</W><W>to</W><W>Play</W><W>While</W><W>:</W><W>counting</W><W>the</W><W>minutes</W><W>to</W><W>the</W><W>album</W><W>ends</W><W>.</W></SENTENCE></P></DOCUMENT>
