<?xml version="1.0" encoding="UTF-8"?>
<DOCUMENT><P></P><P><SENTENCE><W>David</W><W>Banner</W><W>has</W><W>been</W><W>around</W><W>for</W><W>a</W><W>minute</W><W>but</W><W>has</W><W>yet</W><W>to</W><W>score</W><W>a</W><W>big</W><W>hit</W><W>.</W></SENTENCE><SENTENCE><W>That</W><W>is</W><W>until</W><W>now</W><W>.</W></SENTENCE><SENTENCE><W>With</W><W>his</W><W>collaboration</W><W>with</W><W>Lil</W><W>Flip</W><W>burning</W><W>up</W><W>the</W><W>radio</W><W>I</W><W>figured</W><W>I</W><W>&#39;d</W><W>give</W><W>this</W><W>a</W><W>listen</W><W>.</W></SENTENCE><SENTENCE><W>So</W><W>since</W><W>my</W><W>brother</W><W>had</W><W>already</W><W>picked</W><W>this</W><W>up</W><W>I</W><W>borrowed</W><W>it</W><W>from</W><W>him</W><W>.</W></SENTENCE></P><P></P><P><SENTENCE><W>This</W><W>is</W><W>Banner</W><W>&#39;s</W><W>second</W><W>album</W><W>after</W><W>he</W><W>scored</W><W>a</W><W>southern</W><W>hit</W><W>with</W><W>Them</W><W>Firewater</W><W>Boyz</W><W>.</W></SENTENCE><SENTENCE><W>This</W><W>second</W><W>album</W><W>has</W><W>already</W><W>sold</W><W>a</W><W>ton</W><W>of</W><W>copies</W><C><W>and</W></C><W>with</W><W>constant</W><W>rotation</W><W>of</W><W>the</W><W>single</W><W>Like</W><W>a</W><W>Pimp</W><W>currently</W><W>heating</W><W>up</W><W>dance</W><W>floors</W><W>across</W><W>the</W><W>south</W><W>it</W><W>&#39;s</W><W>bound</W><W>to</W><W>sell</W><W>even</W><W>more</W><W>.</W></SENTENCE><SENTENCE><W>But</W><W>does</W><W>this</W><W>mean</W><W>the</W><W>album</W><W>is</W><W>a</W><W>hit</W><W>.</W></SENTENCE><SENTENCE><W>I</W><cue ID="0" type="negation"><W>do</W><W>n&#39;t</W></cue><xcope ID="30"><ref COMMENTS="" ID="59" SRC="0"></ref><C><cue ID="1" type="speculation"><W>think</W></cue></C><xcope ID="29"><ref ID="58" SRC="1"></ref><W>so</W><W>but</W><W>then</W><W>again</W><W>I</W><W>&#39;m</W><W>only</W><W>one</W><W>person</W></xcope></xcope><W>.</W></SENTENCE></P><P></P><P><SENTENCE><W>Banner</W><W>is</W><W>from</W><W>the</W><W>state</W><W>of</W><W>Mississippi</W><W>in</W><W>case</W><W>you</W><cue ID="35" type="negation"><W>did</W><W>n&#39;t</W></cue><xcope ID="34"><ref COMMENTS="" ID="62" SRC="35"></ref><W>know</W></xcope><W>.</W></SENTENCE><SENTENCE><C><W>And</W></C><W>even</W><C><cue ID="2" type="speculation"><W>if</W></cue></C><xcope ID="33"><ref ID="61" SRC="2"></ref><W>the</W><W>album</W><W>title</W><cue ID="3" type="negation"><W>does</W><W>n&#39;t</W></cue><xcope ID="31"><ref ID="60" SRC="3"></ref><W>tip</W><W>you</W><W>off</W><W>to</W><W>his</W><W>home</W><W>state</W></xcope></xcope><W>trust</W><W>me</W><W>he</W><W>hollars</W><W>it</W><W>out</W><W>enough</W><W>on</W><W>this</W><W>album</W><W>to</W><W>drive</W><W>you</W><W>insane</W><W>.</W></SENTENCE><SENTENCE><W>Here</W><W>is</W><W>the</W><W>tracklising</W><W>for</W><W>Mississippi</W><W>,</W></SENTENCE></P><P></P><P><SENTENCE><W>1</W><W>.</W><W>Intro</W></SENTENCE></P><P></P><P><SENTENCE><W>2.</W><W>What</W><W>It</W><W>Do</W><W>(</W><W>featuring</W><W>Smoke</W><W>D)</W></SENTENCE></P><P></P><P><SENTENCE><W>3.</W><C><W>Might</W></C><W>Getcha</W><W>(</W><W>featuring</W><W>Lil</W><W>&#39;</W><W>Jon</W><W>)</W></SENTENCE></P><P></P><P><SENTENCE><W>4</W><W>.</W><W>Like</W><W>A</W><W>Pimp</W><W>(</W><W>featuring</W><W>Lil</W><W>Flip</W><W>)</W></SENTENCE></P><P></P><P><SENTENCE><W>5</W><W>.</W><W>Wh**remonger</W></SENTENCE></P><P></P><P><SENTENCE><W>6</W><W>.</W><W>F***</W><W>&#39;Em</W><W>(</W><W>featuring</W><W>Pastor</W><W>Troy</W><W>)</W></SENTENCE></P><P></P><P><SENTENCE><W>7.</W><W>Mississippi</W></SENTENCE></P><P></P><P><SENTENCE><W>8.</W><W>Cadillac</W><W>on</W><W>22s</W></SENTENCE></P><P></P><P><SENTENCE><W>9</W><W>.</W><W>Fast</W><W>Life</W></SENTENCE></P><P></P><P><SENTENCE><W>10</W><W>.</W><W>Choose</W><W>Me</W><W>(</W><W>featuring</W><W>Sky</W><W>)</W></SENTENCE></P><P></P><P><SENTENCE><W>11</W><W>.</W><W>Really</W><W>Do</W><W>n&#39;t</W><W>Wanna</W><W>Go</W><W>(</W><W>featuring</W><W>B-Flat</W><C><W>and</W></C><W>Marcus</W><W>.</W><W>)</W></SENTENCE></P><P></P><P><SENTENCE><W>12</W><W>.</W></SENTENCE><SENTENCE><W>So</W><W>Trill</W></SENTENCE></P><P></P><P><SENTENCE><W>13</W><W>.</W><W>My</W><W>Shawty</W><W>(</W><W>featuring</W><W>Fiend</W><W>)</W></SENTENCE></P><P></P><P><SENTENCE><W>14</W><W>.</W><W>Phone</W><W>Tap</W></SENTENCE></P><P></P><P><SENTENCE><W>15</W><W>.</W><W>Bush</W></SENTENCE></P><P></P><P><SENTENCE><W>16</W><W>.</W><W>Bring</W><W>It</W><W>On</W><W>(</W><W>featuring</W><W>J</W><W>Da</W><W>Groover</W><C><W>and</W></C><W>Mississippi</W><W>Shawty</W><W>)</W></SENTENCE></P><P></P><P><SENTENCE><W>17</W><W>.</W><W>Still</W><W>Pimpin&#39;</W><W>(</W><W>featuring</W><W>Marcus</W><W>.</W></SENTENCE><SENTENCE><C><W>and</W></C><W>Kamikaze</W><W>)</W></SENTENCE></P><P></P><P><SENTENCE><W>18</W><W>.</W><W>Outro</W></SENTENCE></P><P></P><P><SENTENCE><W>This</W><W>cd</W><W>has</W><W>left</W><W>me</W><W>with</W><W>mixed</W><W>feelings</W><W>.</W></SENTENCE><SENTENCE><W>On</W><W>one</W><W>hand</W><W>there</W><W>are</W><W>the</W><W>tracks</W><W>which</W><W>I</W><W>know</W><W>Banner</W><W>put</W><W>some</W><C><W>thought</W></C><W>into</W><C><W>and</W></C><W>then</W><W>there</W><W>&#39;s</W><W>the</W><W>tracks</W><W>that</W><W>just</W><W>leave</W><W>you</W><W>wondering</W><W>who</W><C><cue ID="4" type="speculation"><W>would</W></cue></C><xcope ID="36"><ref ID="64" SRC="4"></ref><W>put</W><W>out</W><W>such</W><W>trash</W></xcope><W>.</W></SENTENCE><SENTENCE><W>With</W><W>tracks</W><W>like</W><W>Cadillac</W><W>on</W><W>22s</W><W>,</W><W>Bush</W><W>,</W><C><W>and</W></C><W>Mississippi</W><W>you</W><W>start</W><W>to</W><C><cue ID="5" type="speculation"><W>believe</W></cue></C><xcope ID="37"><ref ID="63" SRC="5"></ref><W>that</W><W>there</W><W>&#39;s</W><W>something</W><W>to</W><W>this</W><W>rapper</W><W>from</W><W>the</W><W>poorest</W><W>state</W><W>in</W><W>the</W><W>Union</W></xcope><W>.</W></SENTENCE><SENTENCE><W>But</W><W>then</W><W>you</W><W>get</W><W>obvious</W><W>club</W><W>tracks</W><W>like</W><W>Really</W><W>Do</W><W>n&#39;t</W><W>Wanna</W><W>Go</W><W>,</W><W>Like</W><W>a</W><W>Pimp</W><W>,</W><C><W>and</W></C><C><W>Might</W></C><W>Getcha</W><C><W>and</W></C><W>you</W><W>start</W><W>to</W><W>see</W><W>why</W><W>Southern</W><W>rap</W><W>has</W><W>such</W><W>a</W><W>bad</W><W>reputation</W><W>.</W></SENTENCE></P><P></P><P><SENTENCE><W>In</W><W>case</W><W>you</W><W>&#39;ve</W><C><cue ID="6" type="negation"><W>never</W></cue></C><xcope ID="38"><ref ID="65" SRC="6"></ref><W>heard</W><W>David</W><W>Banner</W><W>before</W></xcope><W>his</W><W>flow</W><C><cue ID="7" type="speculation"><W>can</W></cue></C><xcope ID="39"><ref ID="66" SRC="7"></ref><W>best</W><W>be</W><W>described</W><W>as</W><W>a</W><W>sort</W><W>of</W><W>raspy</W></xcope><W>,</W><W>ruff</W><W>sound</W><W>.</W></SENTENCE><SENTENCE><W>His</W><W>production</W><W>on</W><W>the</W><W>other</W><W>hand</W><W>is</W><W>loud</W><W>,</W><W>but</W><W>at</W><W>the</W><W>same</W><W>time</W><W>very</W><W>intricate</W><W>.</W></SENTENCE></P><P></P><P><SENTENCE><W>Banner</W><W>incorporates</W><W>live</W><W>instruments</W><W>on</W><W>my</W><W>personal</W><W>favorite</W><W>track</W><W>Cadillac</W><W>on</W><W>22s</W><W>.</W></SENTENCE><SENTENCE><W>When</W><W>looking</W><W>at</W><W>the</W><W>tracklisting</W><W>for</W><W>this</W><W>album</W><W>I</W><W>singled</W><W>this</W><W>song</W><W>out</W><W>as</W><C><cue ID="8" type="speculation"><W>possibly</W></cue></C><xcope ID="40"><ref ID="67" SRC="8"></ref><W>the</W><W>worst</W><W>track</W><W>on</W><W>the</W><W>album</W></xcope><W>.</W></SENTENCE><SENTENCE><W>But</W><W>once</W><W>I</W><W>heard</W><W>the</W><W>laid</W><W>back</W><W>beat</W><C><W>and</W></C><W>the</W><W>acoustic</W><W>guitar</W><W>I</W><W>realized</W><W>I</W><W>had</W><W>this</W><W>track</W><W>all</W><W>wrong</W><W>.</W></SENTENCE><SENTENCE><W>Here</W><W>&#39;s</W><W>a</W><W>few</W><W>bars</W><W>from</W><W>this</W><W>introspective</W><W>song</W><W>,</W></SENTENCE></P><P></P><P><SENTENCE><W>Lord</W><W>I</W><W>&#39;m</W><W>sick</W><W>of</W><W>jumping</W><W>,</W><W>Lord</W><W>just</W><W>please</W><W>tell</W><W>me</W><W>something</W></SENTENCE></P><P></P><P><SENTENCE><W>My</W><W>folks</W><W>still</W><W>dumping</W><W>my</W><W>music</W><W>,</W><W>bumping</W><W>but</W><W>I</W><C><W>feel</W></C><W>nothing</W></SENTENCE></P><P></P><P><SENTENCE><W>My</W><W>heart</W><W>is</W><W>stelly</W><W>pumping</W></SENTENCE></P><P></P><P><SENTENCE><W>My</W><W>heart</W><W>is</W><W>stelly</W><W>breaking</W></SENTENCE></P><P></P><P><SENTENCE><W>Sometimes</W><W>I</W><cue ID="9" type="speculation"><C><W>feel</W></C><W>like</W></cue><xcope ID="41"><ref ID="68" SRC="9"></ref><W>I</W><W>&#39;m</W><W>faking</W></xcope><W>,</W><W>man</W></SENTENCE></P><P></P><P><SENTENCE><W>I</W><W>&#39;m</W><W>so</W><W>sick</W><W>of</W><W>taking</W></SENTENCE></P><P></P><P><SENTENCE><W>Maybe</W><W>hell</W><W>ai</W><W>n&#39;t</W><W>a</W><W>place</W><W>meant</W><W>for</W><W>us</W><W>to</W><W>burn</W></SENTENCE></P><P></P><P><SENTENCE><W>Maybe</W><W>Earth</W><W>is</W><W>telling</W><W>just</W><W>a</W><W>place</W><W>for</W><W>us</W><W>to</W><W>learn</W></SENTENCE></P><P></P><P><SENTENCE><W>Bout</W><W>yo</W><W>love</W><W>,</W><W>yo</W><W>will</W><C><W>and</W></C><W>grace</W></SENTENCE></P><P></P><P><SENTENCE><W>Sometimes</W><W>I</W><W>wish</W><W>I</W><cue ID="40" type="negation"><W>was</W><W>n&#39;t</W></cue><xcope ID="41"><ref COMMENTS="" ID="42" SRC="40"></ref><W>born</W><W>in</W><W>the</W><W>first</W><W>place</W></xcope></SENTENCE></P><P></P><P><SENTENCE><W>Maybe</W><W>this</W><W>first</W><W>base</W><W>,</W><W>God</W><W>knocked</W><W>the</W><W>ball</W><W>up</W><W>out</W><W>the</W><W>park</W></SENTENCE></P><P></P><P><SENTENCE><W>So</W><W>we</W><C><cue ID="10" type="speculation"><W>can</W></cue></C><xcope ID="42"><ref ID="69" SRC="10"></ref><W>come</W><W>home</W><W>this</W><W>world</W><W>right</W><W>here</W><W>is</W><W>feeling</W><W>so</W><W>dark</W></xcope></SENTENCE></P><P></P><P><SENTENCE><W>Feeling</W><W>so</W><W>cold</W><W>,</W><W>Lord</W><W>I</W><W>&#39;m</W><W>feeling</W><W>so</W><W>old</W></SENTENCE></P><P></P><P><SENTENCE><W>I</W><W>dunno</W><C><cue ID="11" type="speculation"><W>if</W></cue></C><xcope ID="45"><ref ID="72" SRC="11"></ref><W>I</W><C><cue ID="12" type="speculation"><W>can</W></cue></C><xcope ID="44"><ref ID="71" SRC="12"></ref><W>take</W><W>this</W><W>world</W><W>right</W><W>here</W><C><cue ID="13" type="negation"><W>no</W></cue></C><xcope ID="43"><ref ID="70" SRC="13"></ref><W>more</W></xcope></xcope></xcope></SENTENCE></P><P></P><P><SENTENCE><W>22</W><W>inch</W><W>rims</W><W>on</W><W>the</W><W>&#39;</W><W>Lac</W></SENTENCE></P><P></P><P><SENTENCE><W>I</W><W>guess</W><W>that</W><W>was</W><W>yo</W><W>footprint</W><W>in</W><W>the</W><W>sand</W><W>carrying</W><W>us</W><W>on</W><W>yo</W><W>back</W></SENTENCE></P><P></P><P><SENTENCE><W>Banner</W><W>also</W><W>manages</W><W>to</W><W>touch</W><W>on</W><W>keeping</W><W>kids</W><W>off</W><W>drugs</W><W>,</W><C><W>and</W></C><W>out</W><W>of</W><W>the</W><W>streets</W><W>on</W><W>this</W><W>track</W><W>.</W></SENTENCE><SENTENCE><W>While</W><C><cue ID="14" type="negation"><W>not</W></cue></C><xcope ID="46"><ref ID="73" SRC="14"></ref><W>the</W><W>most</W><W>intricate</W><W>rhymes</W><W>they</W><W>are</W><W>flawless</W><W>when</W><W>spit</W><W>over</W><W>this</W><W>beat</W><W>.</W></xcope></SENTENCE></P><P></P><P><SENTENCE><W>Bush</W><W>is</W><W>a</W><W>track</W><W>that</W><W>gets</W><W>at</W><W>the</W><W>president</W><C><W>and</W></C><W>the</W><W>way</W><W>Mississippi</W><W>is</W><W>treated</W><W>.</W></SENTENCE><SENTENCE><W>Banner</W><W>does</W><C><cue ID="15" type="negation"><W>not</W></cue></C><xcope ID="47"><ref ID="74" SRC="15"></ref><W>hide</W><W>his</W><W>displeasure</W><W>for</W><W>the</W><W>president</W></xcope><C><W>and</W></C><W>his</W><W>hypocritical</W><W>ways</W><W>over</W><W>a</W><W>bass</W><W>beat</W><W>with</W><W>another</W><W>acoustic</W><W>guitar</W><W>.</W></SENTENCE><SENTENCE><W>Banner</W><W>raps</W><W>,</W><W>I</W><W>&#39;m</W><W>runnin&#39;</W><W>up</W><W>in</W><W>this</W><W>sh*t</W><W>like</W><W>a</W><W>track</W><W>meet/You</W><W>murdered</W><W>,</W><W>up</W><W>in</W><W>Texas</W><W>where</W><W>killin&#39;</W><W>is</W><W>such</W><W>a</W><W>sin/</W></SENTENCE></P><P></P><P><SENTENCE><W>The</W><W>first</W><W>month</W><W>you</W><W>in</W><W>office</W><W>you</W><W>started</W><W>killin&#39;</W><W>again</W><W>.</W></SENTENCE></P><P></P><P><SENTENCE><W>My</W><W>feelings</W><W>on</W><W>Like</W><W>a</W><W>Pimp</W><W>are</W><W>mixed</W><W>.</W></SENTENCE><SENTENCE><W>I</W><W>enjoy</W><W>the</W><W>beat</W><W>but</W><W>the</W><W>subject</W><W>matter</W><W>is</W><W>horrible</W><W>.</W></SENTENCE><SENTENCE><W>I</W><W>also</W><W>want</W><W>to</W><W>point</W><W>out</W><W>that</W><W>I</W><W>&#39;m</W><C><cue ID="16" type="negation"><W>no</W></cue></C><xcope ID="51"><ref ID="75" SRC="16"></ref><W>fan</W><W>of</W><W>Lil</W><W>Flip</W></xcope><W>so</W><W>the</W><W>fact</W><W>that</W><W>I</W><W>dislike</W><W>this</W><W>song</W><C><cue ID="17" type="speculation"><W>should</W></cue></C><xcope ID="49"><ref ID="77" SRC="17"></ref><W>come</W><W>as</W><C><cue ID="18" type="negation"><W>no</W></cue></C><xcope ID="48"><ref ID="76" SRC="18"></ref><W>surprise</W></xcope></xcope><W>.</W></SENTENCE><SENTENCE><W>But</W><W>my</W><W>personal</W><W>feelings</W><W>have</W><W>in</W><C><cue ID="19" type="negation"><W>no</W></cue></C><xcope ID="50"><ref COMMENTS="" ID="78" SRC="19"></ref><W>way</W><W>hampered</W><W>this</W><W>song</W><W>&#39;s</W><W>rise</W><W>on</W><W>the</W><W>charts</W></xcope><W>.</W></SENTENCE><SENTENCE><W>This</W><W>once</W><W>again</W><W>proves</W><W>how</W><W>stupid</W><W>most</W><W>people</W><W>are</W><W>.</W></SENTENCE><SENTENCE><W>The</W><W>lyrics</W><W>are</W><W>boring</W><W>attempts</W><W>at</W><W>humor</W><C><W>and</W></C><W>braggadocio</W><C><W>and</W></C><W>in</W><C><cue ID="20" type="negation"><W>no</W></cue></C><xcope ID="79"><ref ID="80" SRC="20"></ref><W>way</W><W>add</W><W>to</W><W>the</W><W>albums</W><W>overall</W><W>value</W></xcope><W>.</W></SENTENCE></P><P></P><P><SENTENCE><W>Songs</W><W>like</W><W>F***</W><W>&#39;Em</W><W>,</W><C><W>and</W></C><W>What</W><W>it</W><W>Do</W><W>are</W><W>detestable</W><W>pieces</W><W>of</W><W>sediment</W><W>.</W></SENTENCE><SENTENCE><W>Please</W><W>avoid</W><W>these</W><W>songs</W><W>at</W><W>all</W><W>costs</W><W>.</W></SENTENCE><SENTENCE><W>The</W><W>lyrics</W><W>are</W><W>just</W><W>a</W><W>mixed</W><W>bag</W><W>of</W><W>profanities</W><W>spit</W><W>over</W><W>average</W><W>beats</W><W>.</W></SENTENCE><SENTENCE><W>DJ</W><W>KLC</W><W>of</W><W>Beats</W><W>by</W><W>the</W><W>Pound</W><W>fame</W><W>handles</W><W>the</W><W>production</W><W>on</W><W>F***</W><W>&#39;Em</W><W>with</W><W>all</W><W>the</W><W>skill</W><W>he</W><W>exuded</W><W>while</W><W>working</W><W>for</W><C><W>No</W></C><W>Limit</W><W>.</W></SENTENCE><SENTENCE><W>Which</W><W>in</W><W>case</W><W>you</W><W>did</W><W>n&#39;t</W><W>know</W><W>that</W><W>was</W><C><cue ID="21" type="negation"><W>not</W></cue></C><xcope ID="52"><ref ID="81" SRC="21"></ref><W>a</W><W>compliment</W></xcope><W>.</W></SENTENCE></P><P></P><P><SENTENCE><W>Overall</W><W>I</W><C><cue ID="22" type="speculation"><W>would</W></cue></C><xcope ID="84"><ref COMMENTS="" ID="89" SRC="22"></ref><W>have</W><W>to</W><W>say</W><W>that</W><C><cue ID="23" type="speculation"><W>if</W></cue></C><xcope ID="83"><ref COMMENTS="" ID="88" SRC="23"></ref><W>you</W><cue ID="24" type="negation"><W>do</W><W>n&#39;t</W></cue><xcope ID="82"><ref COMMENTS="" ID="87" SRC="24"></ref><W>really</W><W>love</W><W>southern</W><W>rap</W><W>you</W><C><cue ID="25" type="speculation"><W>should</W></cue></C><xcope ID="81"><ref COMMENTS="" ID="86" SRC="25"></ref><C><cue ID="26" type="speculation"><W>probably</W></cue></C><xcope ID="80"><ref COMMENTS="" ID="85" SRC="26"></ref><W>stay</W><W>away</W><W>from</W><W>this</W><W>one</W></xcope></xcope></xcope></xcope></xcope><W>.</W></SENTENCE><SENTENCE><W>Granted</W><W>a</W><W>couple</W><W>of</W><W>the</W><W>tracks</W><W>are</W><W>worth</W><W>downloading</W><W>but</W><W>I</W><cue ID="27" type="speculation"><C><W>would</W></C><W>n&#39;t</W></cue><xcope ID="90"><ref COMMENTS="" ID="91" SRC="27"></ref><xcope ID="53"><ref ID="83" SRC="28"></ref><W>rush</W><W>out</W><W>to</W><W>do</W><W>that</W></xcope><C><cue ID="28" type="negation"><W>either</W></cue></C></xcope><W>.</W></SENTENCE></P></DOCUMENT>
