<?xml version="1.0" encoding="UTF-8"?>
<DOCUMENT><P></P><P><SENTENCE><W>He</W><W>gained</W><W>about</W><W>3</W><W>inches</W><W>,</W><W>got</W><W>a</W><W>Jheri</W><W>curl</W><W>,</W><W>got</W><W>some</W><W>tattoo</W><W>&#39;s</W><C><W>and</W></C><W>dropped</W><W>the</W><W>Lil</W><W>off</W><W>of</W><W>his</W><W>name</W><W>.</W></SENTENCE><SENTENCE><W>He</W><W>&#39;s</W><W>a</W><W>big</W><W>boy</W><W>now</W><C><W>and</W></C><W>his</W><W>voice</W><W>is</W><W>starting</W><W>to</W><W>crack</W><W>.</W></SENTENCE><SENTENCE><W>&#34;</W><W>Hip-Hop</W><W>&#39;s</W><W>Top-Tot</W><W>&#34;</W><W>as</W><W>RollingStone</W><W>proclaims</W><W>is</W><W>now</W><W>back</W><W>to</W><W>release</W><W>his</W><W>third</W><W>album</W><W>.</W></SENTENCE><SENTENCE><W>Now</W><W>that</W><W>he</W><W>is</W><W>all</W><W>grown</W><W>up</W><W>he</W><W>is</W><W>writing</W><W>his</W><W>own</W><W>rhymes</W><W>.</W></SENTENCE><SENTENCE><W>Maybe</W><W>this</W><W>is</W><W>a</W><W>positive</W><W>considering</W><W>JD</W><W>was</W><W>writing</W><W>his</W><W>previous</W><W>stuff</W><W>,</W><W>but</W><W>than</W><W>again</W><W>it</W><C><cue ID="0" type="speculation"><W>could</W></cue></C><xcope ID="7"><ref COMMENTS="" ID="10" SRC="0"></ref><W>be</W><W>worst</W></xcope><W>.</W></SENTENCE><SENTENCE><W>Lil</W><W>Bow</W><W>Wow</W><W>&#39;s</W><W>first</W><W>albums</W><W>were</W><W>purely</W><W>commercial</W><W>,</W><W>with</W><W>catchy</W><W>hooks</W><C><W>and</W></C><W>forgettable</W><W>elementary</W><W>lyrics</W><W>.</W></SENTENCE><SENTENCE><W>But</W><W>he</W><W>was</W><W>a</W><W>junior</W><W>high</W><W>kid</W><W>so</W><W>that</W><W>is</W><W>forgivable</W><W>.</W></SENTENCE><SENTENCE><W>Now</W><W>however</W><W>is</W><W>high</W><W>school</W><W>time</W><C><W>and</W></C><xcope ID="6"><ref COMMENTS="" ID="9" SRC="1"></ref><W>he</W><W>needs</W><W>to</W><W>step</W><W>it</W><W>up</W></xcope><W>,</W><C><cue ID="1" type="speculation"><W>or</W></cue></C><xcope ID="5"><ref COMMENTS="" ID="8" SRC="1"></ref><W>become</W><W>an</W><W>afterthought</W></xcope><W>.</W></SENTENCE><SENTENCE><W>Sure</W><W>everyone</W><W>loves</W><W>a</W><W>little</W><W>kid</W><W>rappin</W><W>because</W><W>it</W><W>is</W><W>just</W><W>&#34;</W><W>so</W><W>cute&#34;</W><W>.</W></SENTENCE><SENTENCE><W>Well</W><W>with</W><C><cue ID="2" type="negation"><W>no</W></cue></C><xcope ID="3"><ref COMMENTS="" ID="4" SRC="2"></ref><W>furthur</W><W>adue</W><W>lets</W><W>check</W><W>out</W><W>Unleashed</W></xcope></SENTENCE></P><P></P><P><SENTENCE><W>1</W><W>.</W><W>Get</W><W>it</W><W>Poppin&#39;</W><W>-</W><W>$</W><W>/$</W><W>-</W><W>We</W><W>get</W><W>some</W><W>dog</W><W>barking</W><C><W>and</W></C><W>then</W><W>Swizz</W><W>comes</W><W>on</W><W>the</W><W>track</W><W>making</W><W>noise</W><W>in</W><W>the</W><W>background</W><C><W>and</W></C><W>on</W><W>the</W><W>chorus</W><W>.</W></SENTENCE><SENTENCE><W>Lil</W><W>Bow</W><W>Wow</W><C><cue ID="11" type="speculation"><W>should</W></cue></C><xcope ID="16"><ref COMMENTS="" ID="17" SRC="11"></ref><W>change</W><W>his</W><W>name</W><W>to</W><W>Pretty</W><W>Boy</W><W>Wow</W></xcope><W>,</W><C><W>and</W></C><W>team</W><W>up</W><W>the</W><W>P.B.T.</W><W>aka</W><W>Pretty</W><W>Boy</W><W>Thug...Then</W><W>again</W><W>P.B.T.</W><C><cue ID="12" type="speculation"><W>would</W></cue></C><xcope ID="15"><ref COMMENTS="" ID="19" SRC="12"></ref><W>lyrically</W><W>outshine</W><W>him</W><W>on</W><W>every</W><W>track</W></xcope><W>.</W></SENTENCE><SENTENCE><W>Man</W><W>,</W><W>Lil</W><W>Bow</W><W>Wow</W><W>talks</W><W>about</W><W>the</W><W>girl</W><C><W>and</W></C><W>booty</W><C><W>and</W></C><W>how</W><W>aint</W><C><cue ID="13" type="negation"><W>no</W></cue></C><xcope ID="14"><ref COMMENTS="" ID="18" SRC="13"></ref><W>brother</W><W>is</W><W>as</W><W>fly</W><W>as</W><W>he</W><W>is</W></xcope><W>.</W></SENTENCE><SENTENCE><W>The</W><W>beat</W><W>that</W><W>Swizz</W><W>Beat</W><W>drop</W><W>is</W><W>n&#39;t</W><W>bad</W><W>,</W><W>but</W><W>its</W><W>ruined</W><W>by</W><W>Lil</W><W>Bow</W><W>Wow</W><W>.</W></SENTENCE></P><P></P><P><SENTENCE><W>2.</W><W>Let</W><W>&#39;s</W><W>Get</W><W>Down(feat</W><W>.</W></SENTENCE><SENTENCE><W>Baby</W><W>)</W><W>-</W><W>0</W><W>-</W><W>Terrible</W><W>song</W><W>...</W></SENTENCE><SENTENCE><W>I</W><W>wont</W><W>dare</W><W>to</W><W>explain</W><W>.</W></SENTENCE><SENTENCE><xcope ID="27"><ref COMMENTS="" ID="32" SRC="20"></ref><W>Turn</W><W>on</W><W>MTV</W></xcope><W>,</W><xcope ID="28"><ref COMMENTS="" ID="31" SRC="20"></ref><W>BET</W></xcope><C><cue ID="20" type="speculation"><W>or</W></cue></C><xcope ID="29"><ref COMMENTS="" ID="30" SRC="20"></ref><W>the</W><W>radio</W></xcope><C><cue ID="21" type="speculation"><W>if</W></cue></C><xcope ID="26"><ref COMMENTS="" ID="33" SRC="21"></ref><W>you</W><W>wanna</W><W>hear</W><W>this</W><W>mess</W></xcope><W>.</W></SENTENCE><SENTENCE><W>Baby</W><C><cue ID="22" type="speculation"><W>should</W></cue></C><xcope ID="25"><ref COMMENTS="" ID="34" SRC="22"></ref><W>be</W><W>expelled</W><W>from</W><W>the</W><W>rap</W><W>game</W></xcope><W>.</W></SENTENCE><SENTENCE><W>He</W><W>suffers</W><W>from</W><W>the</W><W>disease</W><W>of</W><W>wackneitis</W><W>,</W><W>which</W><W>is</W><C><cue ID="23" type="speculation"><W>apparently</W></cue></C><xcope ID="24"><ref COMMENTS="" ID="35" SRC="23"></ref><W>contageous</W></xcope><W>,</W><C><W>and</W></C><W>he</W><W>&#39;s</W><W>touched</W><W>Bow</W><W>Wow</W><W>.</W></SENTENCE><SENTENCE><W>Even</W><W>worst</W><W>the</W><W>chick</W><W>on</W><W>the</W><W>chorus</W><W>does</W><W>n&#39;t</W><W>even</W><W>sound</W><W>sexy</W><W>,</W><W>which</W><W>what</W><W>she</W><W>&#39;s</W><W>trying</W><W>to</W><W>do</W><W>...</W><W>What</W><W>a</W><W>mess</W><W>...Check</W><W>out</W><W>more</W><W>on</W><W>this</W><W>song</W><W>here</W></SENTENCE></P><P></P><P><SENTENCE><W>&#34;</W><W>I</W><W>know</W><W>a</W><W>girl</W><W>named</W><W>Kiesha/</W></SENTENCE></P><P></P><P><SENTENCE><W>She</W><W>&#39;s</W><C><W>no</W></C><W>groupie/</W></SENTENCE></P><P></P><P><SENTENCE><W>but</W><W>far</W><W>from</W><W>a</W><W>star</W><W>,</W><W>22</W><W>&#39;s</W><W>made</W><W>her</W><W>choose</W><W>me/</W></SENTENCE></P><P></P><P><SENTENCE><W>Like</W><W>Ooh</W><W>Wee/</W></SENTENCE></P><P></P><P><SENTENCE><W>Tellin</W><W>all</W><W>her</W><W>friends</W><W>in</W><W>the</W><W>Benz</W><W>,</W><W>he</W><W>do</W><W>n&#39;t</W><W>really</W><W>look</W><W>16</W><W>do</W><W>heeee/</W><W>&#34;</W></SENTENCE></P><P></P><P><SENTENCE><W>Tragic...</W><W>I</W><C><W>feel</W></C><W>sorry</W><W>for</W><W>the</W><W>beat</W><W>,</W><W>even</W><W>though</W><W>it</W><W>&#39;s</W><W>terrible</W><W>.</W></SENTENCE></P><P></P><P><SENTENCE><W>3.</W><W>Eighteen</W><W>-</W><W>$</W><W>$</W><W>-</W><W>He</W><W>is</W><W>talking</W><W>to</W><W>all</W><W>the</W><W>&#34;young</W><W>n</W><W>&#39;s</W><W>&#34;</W><W>out</W><W>here</W><W>...Anyway</W><W>he</W><W>raps</W><W>about</W><W>when</W><W>he</W><W>talks</W><W>eighteen</W><W>.</W></SENTENCE><SENTENCE><W>He</W><W>wants</W><W>a</W><W>girl</W><W>friend</W><W>,</W><W>some</W><W>cars</W><C><W>and</W></C><W>everything</W><W>...He</W><W>then</W><W>says</W><W>&#34;</W><W>It</W><W>&#39;s</W><W>Weezy-Baby&#34;</W><W>...Im</W><W>thinkin</W><W>my</W><W>n</W><W>!gga</W><W>Lil</W><W>Wayne</W><W>gonna</W><W>jump</W><W>up</W><C><W>and</W></C><W>rip</W><W>the</W><W>track</W><W>,</W><W>nope</W><W>Bow</W><W>Wow</W><W>calls</W><W>himself</W><W>that</W><W>.</W></SENTENCE><SENTENCE><W>Last</W><W>year</W><W>when</W><W>I</W><W>turned</W><W>Eighteen</W><W>i</W><W>had</W><W>these</W><W>wishes</W><W>too</W><W>,</W><W>but</W><W>I</W><W>know</W><W>I</W><C><cue ID="36" type="speculation"><W>could</W></cue></C><xcope ID="37"><ref COMMENTS="" ID="38" SRC="36"></ref><W>write</W><W>a</W><W>better</W><W>song</W><W>than</W><W>this</W></xcope><W>.</W></SENTENCE><SENTENCE><W>He</W><W>then</W><W>gives</W><W>us</W><W>some</W><W>terrible</W><W>news</W><W>stating</W><W>he</W><W>&#39;s</W><W>&#34;</W><W>Unfadable&#34;</W><W>,</W><W>so</W><W>we</W><W>will</W><W>be</W><W>bombarded</W><W>with</W><W>garbage</W><W>from</W><W>him</W><W>for</W><W>a</W><W>long</W><W>time</W><W>.</W></SENTENCE></P><P></P><P><SENTENCE><W>4</W><W>.</W><W>Follow</W><W>Me</W><W>-</W><W>0</W><W>-</W><W>Another</W><W>commercial</W><W>beat</W><W>.</W></SENTENCE><SENTENCE><W>After</W><W>listening</W><W>to</W><W>this</W><W>track</W><W>I</W><cue ID="39" type="negation"><W>do</W><W>n&#39;t</W></cue><xcope ID="52"><ref COMMENTS="" ID="53" SRC="39"></ref><W>respect</W><W>Bow</W><W>Wow</W><W>as</W><W>an</W><W>artist</W><W>anymore</W><W>,</W><W>therefore</W><W>he</W><W>is</W><W>still</W><W>LIL</W><W>Bow</W><W>Wow</W><W>to</W><W>me</W></xcope><W>.</W></SENTENCE><SENTENCE><W>Back</W><W>to</W><W>the</W><W>track</W><W>.</W></SENTENCE><SENTENCE><W>He</W><W>gives</W><W>advice</W><W>to</W><W>all</W><W>the</W><W>youngsters</W><W>out</W><W>there</W><C><cue ID="40" type="speculation"><W>if</W></cue></C><xcope ID="51"><ref COMMENTS="" ID="55" SRC="40"></ref><W>they</W><W>wanna</W><W>be</W><W>like</W><W>him</W><W>they</W><C><cue ID="41" type="speculation"><W>must</W></cue></C><xcope ID="50"><ref COMMENTS="" ID="54" SRC="41"></ref><W>have</W><W>they</W><W>pants</W><W>hangin</W><W>off</W><W>the</W><W>@ss</W></xcope><W>,</W></xcope><W>they</W><C><cue ID="42" type="speculation"><W>must</W></cue></C><xcope ID="49"><ref COMMENTS="" ID="56" SRC="42"></ref><W>have</W><W>the</W><W>sticker</W><W>show</W><W>on</W><W>there</W><W>New</W><W>Era</W><W>fitted</W><W>cap</W></xcope><W>.</W></SENTENCE><SENTENCE><W>You</W><C><cue ID="43" type="speculation"><W>must</W></cue></C><xcope ID="48"><ref COMMENTS="" ID="57" SRC="43"></ref><W>be</W><W>cocky</W></xcope><W>.</W></SENTENCE><SENTENCE><W>Its</W><W>a</W><C><cue ID="44" type="speculation"><W>must</W></cue></C><xcope ID="47"><ref COMMENTS="" ID="58" SRC="44"></ref><W>you</W><W>rock</W><W>two</W><W>chains</W></xcope><W>,</W><W>clothes</W><W>over</W><W>sized</W><C><W>and</W></C><W>of</W><W>course</W><W>you</W><W>gotta</W><W>have</W><W>the</W><W>sickenin</W><W>rims</W><W>...</W><W>I</W><W>will</W><W>add</W><W>on</W><W>another</W><W>one</W><W>for</W><W>the</W><W>youngster</W><W>wanting</W><W>to</W><W>be</W><W>like</W><W>Lil</W><W>Bow</W><W>Wow...You</W><W>absolutely</W><C><cue ID="45" type="speculation"><W>MUST</W></cue></C><xcope ID="46"><ref COMMENTS="" ID="59" SRC="45"></ref><W>write</W><W>wack</W><W>rhymes</W></xcope><W>.</W></SENTENCE><SENTENCE><W>Anything</W><W>more</W><W>is</W><W>unacceptable</W><W>,</W><W>seriously</W><W>!</W></SENTENCE></P><P></P><P><SENTENCE><W>5</W><W>.</W><W>My</W><W>Baby(feat</W><W>.</W></SENTENCE><SENTENCE><W>Jagged</W><W>Edge</W><W>)</W><W>-</W><W>$</W><W>$</W><W>$</W><W>-</W><W>This</W><W>beat</W><W>is</W><W>pretty</W><W>tight</W><W>for</W><W>the</W><W>type</W><W>of</W><W>song</W><W>this</W><W>is</W><C><W>and</W></C><W>Lil</W><W>Bow</W><W>Wow</W><W>jumps</W><W>on</W><W>the</W><W>track</W><W>with</W><W>lyrical</W><W>feces</W><W>.</W></SENTENCE><SENTENCE><W>Well</W><W>it</W><W>really</W><cue ID="60" type="negation"><W>is</W><W>n&#39;t</W></cue><xcope ID="63"><ref COMMENTS="" ID="65" SRC="60"></ref><W>that</W><W>bad</W><W>,</W><W>but</W><W>it</W><C><cue ID="61" type="speculation"><W>seems</W></cue></C><xcope ID="62"><ref COMMENTS="" ID="64" SRC="61"></ref><W>like</W><W>Lil</W><W>Bow</W><W>Wow</W><W>is</W><W>kind</W><W>of</W><W>trying</W><W>to</W><W>be</W><W>like</W><W>Jay-Z</W><W>here</W></xcope></xcope><W>.</W></SENTENCE><SENTENCE><W>From</W><W>the</W><W>uh-huh-uh-huh</W><W>&#39;s</W><W>that</W><W>Jay-Z</W><W>does</W><W>to</W><W>his</W><W>overall</W><W>flow</W><W>.</W></SENTENCE><SENTENCE><W>This</W><W>song</W><W>is</W><W>about</W><W>Lil</W><W>Bow</W><W>Wow</W><C><W>and</W></C><W>a</W><W>girl</W><W>from</W><W>the</W><W>time</W><W>he</W><W>met</W><W>her</W><C><W>and</W></C><W>lost</W><W>her</W><C><W>and</W></C><W>wants</W><W>her</W><W>back</W><W>.</W></SENTENCE><SENTENCE><W>Jagged</W><W>Edge</W><W>does</W><W>a</W><W>nice</W><W>job</W><W>on</W><W>the</W><W>chorus</W><W>.</W></SENTENCE><SENTENCE><W>At</W><W>the</W><W>end</W><W>of</W><W>the</W><W>song</W><W>we</W><W>get</W><W>a</W><W>freestyle</W><W>from</W><W>Lil</W><W>Bow</W><W>Wow</W><W>.</W></SENTENCE><SENTENCE><W>Then</W><W>a</W><W>voice</W><W>states</W><W>&#34;</W><W>Thats</W><W>what</W><W>I</W><W>&#39;m</W><W>talkin</W><W>bout</W><W>,</W><W>thats</W><W>old</W><W>school&#34;</W><W>,</W><W>which</W><W>is</W><W>just</W><W>blatant</W><W>disrespect</W><W>to</W><W>any</W><W>old</W><W>school</W><W>rapper</W><W>.</W></SENTENCE></P><P></P><P><SENTENCE><W>6</W><W>.</W></SENTENCE><SENTENCE><W>The</W><W>Don</W><W>,</W><W>The</W><W>Dutch</W><W>-</W><W>$</W><W>$</W><W>1/2</W><W>-</W><W>The</W><W>Neptunes</W><W>drop</W><W>this</W><W>club</W><W>banger</W><W>.</W></SENTENCE><SENTENCE><W>This</W><W>beat</W><W>is</W><W>tight</W><W>for</W><W>the</W><W>clubs</W><W>.</W></SENTENCE><SENTENCE><W>Lil</W><W>Bow</W><W>Wow</W><W>spits</W><W>some</W><W>aight</W><W>lyrics</W><W>on</W><W>this</W><W>track</W><W>.</W></SENTENCE><SENTENCE><W>He</W><W>spits</W><W>braggadocio</W><W>on</W><W>the</W><W>first</W><W>verse</W><W>,</W><W>then</W><W>he</W><W>goes</W><W>on</W><W>to</W><W>spit</W><W>some</W><W>cocky</W><W>rhymes</W><W>of</W><W>him</W><C><W>and</W></C><W>women</W><W>.</W></SENTENCE><SENTENCE><W>He</W><W>talks</W><W>of</W><W>a</W><W>chick</W><W>at</W><W>one</W><W>of</W><W>his</W><W>shows</W><W>.</W></SENTENCE><SENTENCE><W>The</W><W>chorus</W><W>is</W><W>track</W><W>,</W><W>but</W><W>the</W><W>chick</W><W>singing</W><W>does</W><W>a</W><W>nice</W><W>job</W><W>.</W></SENTENCE></P><P></P><P><SENTENCE><W>7.</W><W>The</W><W>Movement</W><W>-</W><W>$</W><W>$</W><W>$</W><W>$</W><W>$</W><W>-</W><W>Hold</W><W>Up</W><W>!</W><W>!</W><W>!</W><W>Do</W><W>I</W><W>hear</W><W>a</W><W>hint</W><W>of</W><W>introspection</W><W>from</W><W>Lil</W><W>Bow</W><W>Wow...Check</W><W>that</W><W>I</W><W>respect</W><W>him</W><W>now</W><W>.</W></SENTENCE><SENTENCE><W>Bow</W><W>Wow</W><W>raps</W><W>about</W><W>being</W><W>a</W><W>young</W><W>black</W><W>child</W><W>in</W><W>the</W><W>ghetto</W><W>.</W></SENTENCE><SENTENCE><W>He</W><W>talks</W><W>about</W><W>how</W><W>the</W><W>ghetto</W><W>has</W><W>a</W><W>terrible</W><W>rap</W><W>,</W><W>but</W><W>stuff</W><W>happens</W><W>due</W><W>to</W><W>cultural</W><W>bias</W><W>.</W></SENTENCE><SENTENCE><W>He</W><W>talks</W><W>about</W><W>how</W><W>the</W><W>world</W><W>is</W><W>placed</W><W>on</W><W>his/our</W><W>generation</W><W>.</W></SENTENCE><SENTENCE><W>He</W><W>tells</W><W>about</W><W>the</W><W>wars</W><W>.</W></SENTENCE><SENTENCE><W>He</W><W>says</W><W>that</W><W>the</W><W>generation</W><W>is</W><W>in</W><W>the</W><W>crossfire</W><W>.</W></SENTENCE><SENTENCE><W>He</W><W>tells</W><W>that</W><W>we</W><C><cue COMMENTS="" ID="66" type="negation"><W>never</W></cue></C><xcope ID="69"><ref COMMENTS="" ID="70" SRC="66"></ref><W>get</W><W>answers</W><W>when</W><W>he</W><W>ask</W><W>question</W><W>,</W><W>but</W><W>they</W><W>only</W><W>tell</W><W>us</W><W>to</W><W>pull</W><W>our</W><W>pants</W><W>up</W></xcope><W>.</W></SENTENCE><SENTENCE><W>The</W><W>chorus</W><W>is</W><W>tight</W><C><W>and</W></C><W>sums</W><W>up</W><W>the</W><W>situation</W><W>of</W><W>a</W><W>teenager</W><W>in</W><W>the</W><W>hood</W><W>.</W></SENTENCE><SENTENCE><W>I</W><W>know</W><W>this</W><W>song</W><cue ID="67" type="negation"><W>is</W><W>n&#39;t</W></cue><xcope ID="68"><ref COMMENTS="" ID="71" SRC="67"></ref><W>really</W><W>a</W><W>five</W><W>star</W><W>song</W></xcope><W>...More</W><W>like</W><W>a</W><W>4</W><W>star</W><W>song</W><W>,</W><W>but</W><W>on</W><W>this</W><W>album</W><W>it</W><W>sticks</W><W>out</W><W>like</W><W>a</W><W>sore</W><W>thumb...In</W><W>a</W><W>positive</W><W>way</W><W>.</W></SENTENCE></P><P></P><P><SENTENCE><W>&#34;</W><W>I&#39;ll</W><C><W>probably</W></C><W>be</W><W>banned/But</W><W>I</W><W>gotta</W><W>take</W><W>a</W><W>stand/</W></SENTENCE></P><P></P><P><SENTENCE><W>Cause</W><W>you</W><W>see</W><W>what</W><W>happen</W><W>when</W><W>Eminem</W><W>make</W><W>ya</W><W>stand/</W></SENTENCE></P><P></P><P><SENTENCE><W>He</W><W>just</W><W>buff</W><W>,</W><W>be</W><W>cautious</W><W>/</W></SENTENCE></P><P></P><P><SENTENCE><W>See</W><W>we</W><W>all</W><W>targets</W><W>/</W></SENTENCE></P><P></P><P><SENTENCE><W>My</W><W>thoughts</W><W>are</W><W>sporadic/</W></SENTENCE></P><P></P><P><SENTENCE><W>I</W><C><W>feel</W></C><W>so</W><W>asthmatic/</W></SENTENCE></P><P></P><P><SENTENCE><W>Outta</W><W>breath</W><W>,</W><W>Sic</W><W>it</W><W>UP(</W><W>?</W><W>)</W><W>/</W></SENTENCE></P><P></P><P><SENTENCE><W>So</W><W>we</W><W>taking</W><W>action</W><W>against</W><W>the</W><W>democracy</W><W>,</W><W>full</W><W>of</W><W>hypocracy</W><W>/</W></SENTENCE></P><P></P><P><SENTENCE><W>I</W><W>know</W><W>its</W><W>more</W><W>to</W><W>me</W><W>than</W><W>my</W><W>hip-hop</W><W>eyes</W><C><W>can</W></C><W>see/</W></SENTENCE></P><P></P><P><SENTENCE><W>That</W><W>&#39;s</W><W>what</W><W>the</W><W>homies</W><W>said</W><W>to</W><W>me</W><W>&#34;</W></SENTENCE></P><P></P><P><SENTENCE><W>8.</W><W>I</W><W>Can&#39;t</W><W>Lose</W><W>-</W><W>$</W><W>$</W><W>$</W><W>-</W><W>This</W><W>beat</W><W>is</W><W>commercial</W><W>as</W><W>hell</W><W>,</W><W>but</W><W>its</W><W>still</W><W>pretty</W><W>tight</W><W>.</W></SENTENCE><SENTENCE><W>Bow</W><W>Wow</W><W>spits</W><W>some</W><W>braggadocio</W><W>stating</W><W>that</W><W>all</W><W>the</W><W>garbage</W><W>in</W><W>the</W><W>rap</W><W>game</W><W>is</W><W>gonna</W><W>end</W><W>.</W></SENTENCE><SENTENCE><W>He</W><W>does</W><W>throw</W><W>in</W><W>his</W><W>raps</W><W>about</W><W>girls</W><W>loving</W><W>him</W><W>,</W><W>but</W><W>form</W><W>the</W><W>most</W><W>part</W><W>it</W><cue ID="72" type="negation"><W>is</W><W>n&#39;t</W></cue><xcope ID="73"><ref COMMENTS="" ID="74" SRC="72"></ref><W>commercial</W><W>bullsh</W><W>!t</W></xcope><W>.</W></SENTENCE><SENTENCE><W>He</W><W>shouts</W><W>out</W><W>Jay-Z</W><W>,</W><W>Ja</W><W>,</W><W>Nelly</W><W>,</W><W>Nas</W><W>,</W><W>Eminem</W><W>and</W><W>Jadakiss</W><W>,</W><W>but</W><W>he</W><W>says</W><W>he</W><W>is</W><W>holding</W><W>it</W><W>down</W><W>for</W><W>the</W><W>kids</W><W>.</W></SENTENCE><SENTENCE><W>He</W><W>throws</W><W>out</W><W>a</W><W>challege</W><W>to</W><W>all</W><W>the</W><W>young</W><W>rappers</W><W>stating</W><W>&#34;</W><C><cue ID="75" type="negation"><W>No</W></cue></C><xcope ID="76"><ref COMMENTS="" ID="77" SRC="75"></ref><W>Rapper</W><W>in</W><W>my</W><W>age</W><W>bracket</W><W>,</W><W>is</W><W>makin</W><W>it</W><W>happen</W><W>,</W><W>the</W><W>way</W><W>that</W><W>I</W><W>made</W><W>it</W><W>happen</W><W>&#34;</W></xcope><W>.</W></SENTENCE><SENTENCE><W>This</W><W>whole</W><W>song</W><W>is</W><W>pretty</W><W>much</W><W>a</W><W>battle</W><W>rhymes</W><W>towards</W><W>the</W><W>younger</W><W>rappers</W><W>...Such</W><W>at</W><W>the</W><W>horrendous</W><W>Lil</W><W>J.</W></SENTENCE></P><P></P><P><SENTENCE><W>9</W><W>.</W><W>Hey</W><W>Lil</W><W>Mamma(feat</W><W>.</W></SENTENCE><SENTENCE><W>Jagged</W><W>Edge</W><W>)</W><W>-</W><W>$</W><W>/$</W><W>-</W><W>See</W><W>My</W><W>Baby</W><W>...But</W><W>a</W><W>bit</W><W>worst</W><W>,</W><W>he</W><W>raps</W><W>to</W><W>a</W><W>girl</W><W>,</W><W>sayin</W><W>he</W><W>wants</W><W>to</W><W>come</W><W>over</W><W>a</W><W>watch</W><W>a</W><W>movie</W><W>...sure</W><W>.</W></SENTENCE></P><P></P><P><SENTENCE><W>10</W><W>.</W></SENTENCE><SENTENCE><W>I</W><W>Got</W><W>Y&#39;all</W><W>-</W><W>0</W><W>-</W><W>This</W><W>song</W><W>features</W><W>Bow</W><W>Wow</W><W>rappin</W><W>to</W><W>the</W><W>females</W><W>again</W><W>.</W></SENTENCE><SENTENCE><W>This</W><W>is</W><W>another</W><W>Let</W><W>&#39;s</W><W>Get</W><W>Down</W><W>.</W></SENTENCE><SENTENCE><W>Another</W><W>wack</W><W>track</W><W>full</W><W>of</W><W>Bow</W><W>Wow</W><W>claiming</W><W>he</W><W>is</W><W>the</W><W>best</W><W>cat</W><W>in</W><W>the</W><W>world</W><C><W>and</W></C><W>telling</W><W>the</W><W>girls</W><W>that</W><C><cue ID="78" type="negation"><W>no</W></cue></C><xcope ID="80"><ref COMMENTS="" ID="83" SRC="78"></ref><W>other</W><W>boys</W><W>are</W><W>close</W><W>to</W><W>his</W><W>status</W></xcope><W>...</W></SENTENCE><SENTENCE><C><cue ID="79" type="negation"><W>Not</W></cue></C><xcope ID="81"><ref COMMENTS="" ID="82" SRC="79"></ref><W>only</W><W>is</W><W>this</W><W>track</W><W>wack</W><W>,</W><W>but</W><W>it</W><W>also</W><W>loses</W><W>the</W><W>respect</W><W>I</W><W>had</W><W>for</W><W>him</W></xcope><W>.</W></SENTENCE><SENTENCE><W>Back</W><W>to</W><W>Lil</W><W>Bow</W><W>Wow</W><W>.</W></SENTENCE></P><P></P><P><SENTENCE><W>11</W><W>.</W><W>I</W><W>&#39;ll</W><W>Move</W><W>On(feat</W><W>.</W></SENTENCE><SENTENCE><W>Mario</W><W>)</W><W>-</W><W>$</W><W>$</W><W>1/2</W><W>-</W><W>The</W><W>song</W><W>features</W><W>the</W><W>Teen</W><W>RandB</W><W>sensation</W><W>and</W><W>Chris</W><W>Rock</W><W>look-alike</W><W>Mario</W><W>.</W></SENTENCE><SENTENCE><W>This</W><W>beat</W><W>sounds</W><W>strikingly</W><W>similar</W><W>to</W><W>Bounce</W><W>Wit</W><W>Me</W><W>.</W></SENTENCE><SENTENCE><W>Lil</W><W>Bow</W><W>Wow</W><W>spits</W><W>some</W><W>pretty</W><W>introspective</W><W>lyrics</W><W>in</W><W>his</W><W>first</W><W>verse</W><W>about</W><W>opinions</W><W>on</W><W>him</W><C><W>and</W></C><W>his</W><W>life</W><W>,</W><W>but</W><W>he</W><W>is</W><W>just</W><W>trying</W><W>to</W><W>grow</W><W>up</W><W>.</W></SENTENCE><SENTENCE><W>After</W><W>that</W><W>however</W><W>,</W><W>Lil</W><W>Bow</W><W>Wow</W><W>goes</W><W>back</W><W>to</W><W>the</W><W>commercial</W><W>garbage</W><W>that</W><W>we</W><W>are</W><W>accustomed</W><W>to</W><W>.</W></SENTENCE><SENTENCE><W>Mario</W><W>does</W><W>a</W><W>superb</W><W>job</W><W>on</W><W>the</W><W>chorus</W></SENTENCE></P><P></P><P><SENTENCE><W>12</W><W>.</W><W>To</W><W>My</W><W>Mama(feat</W><W>.</W></SENTENCE><SENTENCE><W>Amerie</W><W>)</W><W>-</W><W>$</W><W>$</W><W>$</W><W>1/2</W><W>-</W><W>Lil</W><W>Bow</W><W>Wow</W><W>drops</W><W>a</W><W>nice</W><W>heartfelt</W><W>song</W><W>about</W><W>his</W><W>mom</W><W>.</W></SENTENCE><SENTENCE><W>He</W><W>talks</W><W>about</W><W>his</W><W>life</W><W>before</W><W>he</W><W>got</W><W>big</W><W>,</W><C><W>and</W></C><W>now</W><W>how</W><W>he</W><W>is</W><W>helping</W><W>take</W><W>care</W><W>of</W><W>her</W><W>now</W><W>.</W></SENTENCE><SENTENCE><W>That</W><W>My</W><W>Mama</W><W>,</W><W>My</W><W>Roaddogg</W><W>stuff</W><W>is</W><W>crazy</W><W>annoying</W><W>however</W><W>.</W></SENTENCE><SENTENCE><W>Amerie</W><W>,</W><W>really</W><W>shines</W><W>on</W><W>this</W><W>track</W><C><W>and</W></C><W>helps</W><W>it</W><W>out</W><W>a</W><W>load</W><W>.</W></SENTENCE></P><P></P><P><SENTENCE><W>13</W><W>.</W><W>Im</W><W>Back(</W><W>Hidden</W><W>Bonus</W><W>Track</W><W>)</W><W>-</W><W>$</W><W>$</W><W>-</W><W>This</W><W>song</W><W>has</W><W>a</W><W>west</W><W>coast</W><W>type</W><W>of</W><W>sound</W><W>to</W><W>it</W><W>.</W></SENTENCE><SENTENCE><C><cue ID="84" type="negation"><W>Not</W></cue></C><xcope ID="85"><ref COMMENTS="" ID="86" SRC="84"></ref><W>quite</W><W>G-Funk</W><W>but</W><W>tight</W><W>nonetheless</W></xcope><W>.</W></SENTENCE><SENTENCE><W>Lil</W><W>Bow</W><W>Wow</W><W>raps</W><W>some</W><W>purely</W><W>commercial</W><W>lyrics</W><W>here</W><W>.</W></SENTENCE><SENTENCE><W>He</W><W>raps</W><W>about</W><W>his</W><W>fans</W><C><W>and</W></C><W>the</W><W>sitcoms</W><W>he</W><C><W>appears</W></C><W>on</W><W>.</W></SENTENCE><SENTENCE><W>He</W><W>raps</W><W>to</W><W>the</W><W>girl</W><C><W>and</W></C><W>he</W><W>talks</W><W>about</W><W>his</W><W>ride</W><W>.</W></SENTENCE></P><P></P><P><SENTENCE><W>&#34;</W><W>Had</W><W>to</W><W>retire</W><W>my</W><W>Mickey</W><W>Mouse</W><W>,</W><W>had</W><W>gotten</W><W>to</W><W>old</W><W>/</W></SENTENCE></P><P></P><P><SENTENCE><W>Peach</W><W>Fuzz</W><W>on</W><W>my</W><W>lip</W><W>,</W><W>homeboy</W><W>,</W><W>I</W><W>&#39;m</W><W>grown</W><W>&#34;</W></SENTENCE></P><P></P><P><SENTENCE><W>Come</W><W>on</W><W>duke</W><W>,</W><W>just</W><W>look</W><W>at</W><W>the</W><W>album</W><W>cover...You</W><W>still</W><W>look</W><W>like</W><W>a</W><W>lil</W><W>boy</W><W>,</W><W>put</W><W>that</W><W>Mickey</W><W>Mouse</W><W>chain</W><W>back</W><W>on</W><W>!</W></SENTENCE></P><P></P><P><SENTENCE><W>Ok</W><W>Now</W><W>I</W><W>know</W><W>this</W><W>album</W><W>is</W><W>for</W><W>the</W><W>little</W><W>girlies</W><W>so</W><W>Bow</W><W>Wow</W><C><cue ID="87" type="speculation"><W>can</W></cue></C><xcope ID="96"><ref COMMENTS="" ID="101" SRC="87"></ref><W>come</W><W>over</W><C><W>and</W></C><W>get</W><W>som</W><W>pus</W></xcope><W>...umm</W><W>,</W><W>watch</W><W>some</W><W>movies</W><W>.</W></SENTENCE><SENTENCE><W>The</W><W>Movement</W><W>is</W><W>the</W><W>best</W><W>song</W><W>on</W><W>this</W><W>album</W><W>by</W><W>far</W><C><W>and</W></C><W>it</W><W>is</W><W>the</W><W>only</W><W>reason</W><W>to</W><W>have</W><W>this</W><W>.</W></SENTENCE><SENTENCE><W>So</W><C><W>instead</W></C><W>of</W><W>buying</W><W>this</W><W>,</W><W>go</W><C><W>and</W></C><W>download</W><W>The</W><W>Movement</W><W>.</W></SENTENCE><SENTENCE><C><cue ID="88" type="speculation"><W>If</W></cue></C><xcope ID="95"><ref COMMENTS="" ID="100" SRC="88"></ref><W>in</W><W>some</W><W>odd</W><W>way</W><W>Bow</W><W>Wow</W><C><cue ID="89" type="speculation"><W>can</W></cue></C><xcope ID="94"><ref COMMENTS="" ID="99" SRC="89"></ref><W>comtinues</W><W>to</W><W>rap</W><W>like</W><W>he</W><W>does</W><W>on</W><W>The</W><W>Movement</W><W>,</W><W>he</W><C><cue ID="90" type="speculation"><W>may</W></cue></C><xcope ID="93"><ref COMMENTS="" ID="98" SRC="90"></ref><W>be</W><W>able</W><W>to</W><W>put</W><W>out</W><W>a</W><W>tight</W><W>album</W></xcope></xcope></xcope><W>.</W></SENTENCE><SENTENCE><W>I</W><W>mean</W><W>rapping</W><W>about</W><W>the</W><W>young</W><W>girls</W><W>is</W><W>gonna</W><W>get</W><W>old</W><W>unless</W><W>he</W><W>wants</W><W>to</W><W>take</W><W>the</W><W>approach</W><W>of</W><W>R.Ke</W><W>...Nope</W><W>I</W><W>wont</W><W>say</W><W>that</W><W>,</W><W>because</W><W>I</W><W>like</W><W>Kels</W><W>.</W></SENTENCE><SENTENCE><W>I</W><W>only</W><W>recommend</W><W>this</W><W>to</W><W>16</W><W>year</W><W>old</W><W>girls</W><W>who</W><W>want</W><W>to</W><W>heard</W><W>Bow</W><W>Wow</W><W>rap</W><W>over</W><C><W>and</W></C><W>over</W><W>again</W><W>,</W><W>because</W><W>they</W><C><cue ID="91" type="speculation"><W>think</W></cue></C><xcope ID="92"><ref COMMENTS="" ID="97" SRC="91"></ref><W>they</W><W>have</W><W>a</W><W>chance</W><W>at</W><W>landing</W><W>a</W><W>date</W><W>with</W><W>him</W></xcope><W>.</W></SENTENCE><SENTENCE><W>Otherwise</W><W>,</W><W>steer</W><W>clear</W><W>of</W><W>this</W><W>garbage</W><W>,</W><W>please</W><W>.</W></SENTENCE></P><P></P><P><SENTENCE><W>Since</W><W>Lil</W><W>Bow</W><W>Wow</W><C><W>can</W></C><W>rhyme</W><W>,</W><W>let</W><W>me</W><W>give</W><W>it</W><W>a</W><W>shot</W><W>.</W></SENTENCE></P><P></P><P><SENTENCE><W>Leash</W><W>him</W><W>back</W><W>up</W><W>,</W><C><W>and</W></C><W>put</W><W>the</W><W>muzzle</W><W>on</W><W>his</W><W>mouth/</W></SENTENCE></P><P></P><P><SENTENCE><W>Because</W><W>this</W><W>young</W><W>boy</W><W>belongs</W><W>in</W><W>the</W><W>dog</W><W>house</W></SENTENCE></P><P></P><P><SENTENCE><W>How</W><W>was</W><W>that</W><W>y</W><W>&#39;all</W><W>?</W></SENTENCE></P><P></P><P><SENTENCE><W>Top</W><W>3</W><W>Songs</W><W>:</W></SENTENCE></P><P></P><P><SENTENCE><W>1.The</W><W>Movement</W></SENTENCE></P><P></P><P><SENTENCE><W>2.To</W><W>My</W><W>Mama</W><W>(</W><W>feat</W><W>.</W></SENTENCE><SENTENCE><W>Amerie</W><W>)</W></SENTENCE></P><P></P><P><SENTENCE><W>3.I</W><W>Can&#39;t</W><W>Lose</W></SENTENCE></P><P></P><P><SENTENCE><W>Like</W><W>This</W><W>?</W></SENTENCE><SENTENCE><W>Well</W><W>You</W><W>&#39;ll</W><W>love</W><W>this</W><W>garbage</W><W>:</W></SENTENCE></P><P></P><P><SENTENCE><W>Lil</W><W>J-</W><W>Back</W><W>to</W><W>J</W></SENTENCE></P></DOCUMENT>
