<?xml version="1.0" encoding="UTF-8"?>
<DOCUMENT><P></P><P><SENTENCE><W>I</W><W>am</W><C><cue ID="0" type="negation"><W>not</W></cue></C><xcope ID="2"><ref COMMENTS="" ID="3" SRC="0"></ref><W>a</W><W>fan</W><W>of</W><W>rap</W></xcope><W>.</W></SENTENCE><SENTENCE><W>I</W><W>&#39;m</W><W>slowly</W><W>coming</W><W>around</W><W>to</W><W>it</W><W>,</W><W>but</W><W>it</W><W>takes</W><W>a</W><W>lot</W><W>to</W><W>impress</W><W>me</W><W>,</W><W>in</W><W>any</W><W>genre</W><W>of</W><W>music</W><W>for</W><W>that</W><W>matter</W><W>.</W></SENTENCE><SENTENCE><W>Needless</W><W>to</W><W>say</W><W>,</W><W>I</W><cue ID="1" type="negation"><W>wo</W><W>n&#39;t</W></cue><xcope ID="4"><ref COMMENTS="" ID="5" SRC="1"></ref><W>be</W><W>shouting</W><W>praises</W><W>for</W><W>Bow</W><W>Wow</W><W>&#39;s</W><W>&#34;</W><W>Unleashed</W><W>&#34;</W><W>anytime</W><W>soon</W><W>.</W></xcope></SENTENCE></P><P></P><P><SENTENCE><W>The</W><W>first</W><W>track</W><W>is</W><W>suprisingly</W><W>good</W><W>.</W></SENTENCE><SENTENCE><W>It</W><W>has</W><W>a</W><W>nice</W><W>beat</W><W>,</W><C><W>and</W></C><W>the</W><W>lyrics</W><W>are</W><W>of</W><W>the</W><W>rap-star</W><W>breed</W><W>.</W></SENTENCE><SENTENCE><W>Totally</W><W>danceable</W><W>,</W><C><W>and</W></C><W>imagineable</W><W>as</W><W>music</W><W>at</W><W>a</W><W>teenaged</W><W>club</W><W>.</W></SENTENCE></P><P></P><P><SENTENCE><W>The</W><W>second</W><W>track</W><W>,</W><W>Bow</W><W>&#39;s</W><W>first</W><W>single</W><W>off</W><W>this</W><W>album</W><W>,</W><W>is</W><W>listenable</W><W>,</W><W>but</W><W>nothing</W><W>outstanding</W><W>.</W></SENTENCE><SENTENCE><W>The</W><W>sixteen-year-old</W><W>Bow</W><W>Wow</W><W>&#39;s</W><W>music</W><W>video</W><W>to</W><W>this</W><W>song</W><W>is</W><W>of</W><W>him</W><W>taking</W><W>his</W><W>driver</W><W>&#39;s</W><W>test</W><W>,</W><W>which</W><W>just</W><W>goes</W><W>to</W><W>show</W><W>the</W><W>audience</W><W>Bow</W><W>is</W><W>rapping</W><W>to</W><W>.</W></SENTENCE><SENTENCE><W>Adults</W><W>need</W><C><cue ID="6" type="negation"><W>not</W></cue></C><xcope ID="7"><ref COMMENTS="" ID="8" SRC="6"></ref><W>apply</W></xcope><W>.</W></SENTENCE></P><P></P><P><SENTENCE><W>&#34;</W><W>Eighteen</W><W>,</W><W>&#34;</W><W>the</W><W>third</W><W>track</W><W>is</W><W>one</W><W>of</W><W>the</W><W>most</W><W>annoying</W><W>songs</W><W>I</W><W>&#39;ve</W><W>heard</W><W>a</W><W>rapper</W><W>sing</W><W>in</W><W>a</W><W>long</W><W>time</W><W>.</W></SENTENCE><SENTENCE><W>The</W><W>underbeat</W><W>is</W><W>headache-inducing</W><W>,</W><C><W>and</W></C><W>even</W><W>though</W><W>I</W><W>&#39;ve</W><W>yet</W><W>to</W><W>turn</W><W>eighteen</W><W>,</W><W>I</W><cue ID="9" type="negation"><W>ca</W><W>n&#39;t</W></cue><xcope ID="10"><ref COMMENTS="" ID="11" SRC="9"></ref><W>relate</W><W>to</W><W>any</W><W>of</W><W>his</W><W>lyrics</W><W>,</W><W>which</W><W>leave</W><W>a</W><W>lot</W><W>to</W><W>be</W><W>desired</W></xcope><W>.</W></SENTENCE></P><P></P><P><SENTENCE><W>Most</W><W>of</W><W>the</W><W>tracks</W><W>on</W><W>this</W><W>CD</W><W>are</W><W>what</W><W>one</W><C><cue ID="12" type="speculation"><W>would</W></cue></C><C><cue ID="13" type="speculation"><xcope ID="15"><ref COMMENTS="" ID="17" SRC="12"></ref><W>expect</W></xcope></cue></C><W>.</W></SENTENCE><SENTENCE><W>It</W><W>sounds</W><W>slightly</W><W>more</W><W>mature</W><W>than</W><W>&#34;</W><W>Lil</W><W>&#34;</W><W>Bow</W><W>Wow</W><W>&#39;s</W><W>album</W><W>(</W><xcope ID="17"><ref COMMENTS="" ID="18" SRC="14"></ref><W>Bow</W></xcope><W>has</W><W>dropped</W><W>the</W><W>Lil</W><W>in</W><W>an</W><W>attempt</W><W>to</W><C><cue ID="14" type="speculation"><W>seem</W></cue></C><xcope ID="16"><ref COMMENTS="" ID="18" SRC="14"></ref><W>more</W><W>mature</W></xcope><W>)</W><W>but</W><W>it</W><W>still</W><W>plays</W><W>to</W><W>the</W><W>same</W><W>,</W><W>younger</W><W>fan</W><W>base</W><W>.</W></SENTENCE></P><P></P><P><SENTENCE><W>I</W><W>understand</W><W>why</W><W>pre-teen</W><W>girls</W><C><W>and</W></C><W>guys</W><W>like</W><W>Bow</W><W>Wow</W><W>.</W></SENTENCE><SENTENCE><W>For</W><W>them</W><W>,</W><W>he</W><W>&#39;s</W><W>a</W><W>rapper</W><W>close</W><W>to</W><W>their</W><W>age</W><W>,</W><W>singing</W><W>about</W><W>things</W><W>that</W><W>they</W><W>find</W><W>cool</W><W>.</W></SENTENCE></P><P></P><P><SENTENCE><W>Bow</W><W>&#39;s</W><W>last</W><W>track</W><W>&#34;</W><W>To</W><W>My</W><W>Mama</W><W>&#34;</W><W>was</W><W>meant</W><W>to</W><W>be</W><W>a</W><W>rap</W><W>dedicated</W><W>to</W><W>(</W><W>obviously</W><W>)</W><W>his</W><W>mother</W><W>.</W></SENTENCE><SENTENCE><W>It</W><W>loses</W><W>it</W><W>&#39;s</W><W>meaning</W><W>,</W><W>at</W><W>least</W><W>to</W><W>me</W><W>,</W><W>because</W><W>Bow</W><W>enjoys</W><W>rapping</W><W>,</W><W>&#34;</W><W>My</W><W>Mama/My</W><W>road</W><W>dogg</W><W>&#34;</W><W>several</W><W>times</W><W>.</W></SENTENCE></P><P></P><P><SENTENCE><W>But</W><W>maybe</W><W>that</W><W>&#39;s</W><W>the</W><W>new</W><W>compliment</W><W>in</W><W>rap</W><W>star</W><W>language</W><W>.</W></SENTENCE><SENTENCE><W>I</W><W>guess</W><W>I</W><W>&#39;m</W><W>just</W><C><W>not</W></C><W>hip</W><W>,</W><W>yo</W><W>.</W></SENTENCE></P><P></P><P><SENTENCE><W>Tracks</W><W>:</W><W>12</W><W>,</W><W>plus</W><W>a</W><W>bonus</W><W>track</W></SENTENCE></P><P></P><P><SENTENCE><W>Buy</W><W>For</W><W>:</W><W>A</W><W>younger</W><W>girl</W><C><W>or</W></C><W>boy</W><W>,</W><W>around</W><W>ten-fourteen</W><W>that</W><W>likes</W><W>rap</W><W>.</W></SENTENCE></P><P></P><P><SENTENCE><W>Play</W><W>During</W><W>:</W><W>Your</W><W>daughter</W><W>&#39;s</W><W>13th</W><W>birthday</W><W>party</W><W>.</W></SENTENCE></P><P></P><P><SENTENCE><W>Price</W><W>:</W><W>Around</W><W>thirteen</W><W>dollars</W><W>,</W><W>depending</W><W>where</W><W>you</W><W>buy</W><W>it</W><W>.</W></SENTENCE></P></DOCUMENT>
