<?xml version="1.0" encoding="UTF-8"?>
<DOCUMENT><P></P><P><SENTENCE><W>When</W><W>I</W><W>first</W><W>heard</W><W>about</W><W>Loud</W><W>Rocks</W><W>I</W><W>was</W><W>completely</W><W>jacked</W><W>.</W></SENTENCE><SENTENCE><xcope ID="25"><ref COMMENTS="" ID="26" SRC="0"></ref><W>The</W><C><W>idea</W></C><W>of</W><W>a</W><W>CD</W><W>with</W><W>rappers</W><W>teaming</W><W>up</W><W>with</W><W>rock</W><W>bands</W><W>to</W><W>do</W><W>re-makes</W><W>of</W><W>hip</W><W>hop</W><W>classics</W><W>just</W></xcope><C><cue ID="0" type="speculation"><W>seemed</W></cue></C><xcope ID="1"><ref COMMENTS="" ID="2" SRC="0"></ref><W>like</W><W>such</W><W>a</W><W>great</W><C><W>idea</W></C></xcope><W>.</W></SENTENCE><SENTENCE><W>When</W><W>Loud</W><W>Rocks</W><W>came</W><W>out</W><W>I</W><W>went</W><W>out</W><C><W>and</W></C><W>got</W><W>it</W><W>.</W></SENTENCE><SENTENCE><W>The</W><W>concept</W><W>of</W><W>this</W><W>CD</W><W>is</W><W>great</W><W>is</W><W>was</W><W>just</W><W>poorly</W><W>executed</W><W>by</W><W>Loud</W><W>records</W><W>.</W></SENTENCE></P><P></P><P><SENTENCE><W>This</W><W>CD</W><W>has</W><W>a</W><W>great</W><W>line-up</W><W>.</W></SENTENCE><SENTENCE><W>With</W><W>tracks</W><W>by</W><W>Xzibit</W><W>and</W><W>Sevendust</W><W>,</W><W>Sugar</W><W>Ray</W><W>and</W><W>the</W><W>Alkaholics</W><W>(</W><W>now</W><W>the</W><W>Liks</W><W>)</W><W>,</W><W>Incubus</W><C><W>and</W></C><W>the</W><W>late</W><W>Big</W><W>Punisher</W><W>,</W><W>Ozzy</W><C><W>and</W></C><W>the</W><W>Wu</W><W>Tang</W><W>Clan</W><W>,</W><W>System</W><W>of</W><W>a</W><W>Down</W><C><W>and</W></C><W>Wu</W><W>Tang</W><W>,</W><C><W>and</W></C><W>many</W><W>more</W><W>.</W></SENTENCE><SENTENCE><W>The</W><W>line-up</W><W>is</W><W>stacked</W><W>,</W><W>but</W><W>this</W><W>CD</W><W>is</W><C><cue ID="3" type="negation"><W>not</W></cue></C><W>.</W></SENTENCE><SENTENCE><W>The</W><W>main</W><W>problem</W><W>that</W><W>faces</W><W>almost</W><W>every</W><W>pairing</W><W>of</W><W>rap</W><W>artists</W><C><W>and</W></C><W>rock</W><W>bands</W><W>is</W><W>that</W><W>there</W><W>is</W><C><cue ID="4" type="negation"><W>no</W></cue></C><xcope ID="7"><ref COMMENTS="" ID="8" SRC="4"></ref><W>chemistry</W><W>between</W><W>the</W><W>two</W></xcope><W>,</W><C><W>and</W></C><xcope ID="27"><ref COMMENTS="" ID="28" SRC="5"></ref><W>the</W><W>songs</W></xcope><C><cue ID="5" type="speculation"><W>seem</W></cue></C><xcope ID="6"><ref COMMENTS="" ID="9" SRC="5"></ref><W>forced</W></xcope><W>.</W></SENTENCE><SENTENCE><W>Some</W><W>songs</W><cue ID="10" type="negation"><W>dont</W></cue><xcope ID="11"><ref COMMENTS="" ID="12" SRC="10"></ref><W>even</W><W>sound</W><W>like</W><W>the</W><W>two</W><W>parts</W><W>were</W><W>even</W><W>recorded</W><W>together</W></xcope><W>.</W></SENTENCE><SENTENCE><W>On</W><W>a</W><W>few</W><W>songs</W><W>I</W><W>doubt</W><W>the</W><W>rapper</W><W>was</W><W>even</W><W>involved</W><W>,</W><W>it</W><W>just</W><W>sounds</W><W>like</W><W>they</W><W>edited</W><W>him</W><W>in</W><W>from</W><W>past</W><W>recordings</W><W>.</W></SENTENCE><SENTENCE><W>I</W><W>know</W><W>for</W><W>a</W><W>fact</W><W>that</W><W>Old</W><W>Dirty</W><W>B*stard</W><W>was</W><W>in</W><W>jail</W><W>when</W><W>they</W><W>made</W><W>this</W><W>album</W><W>so</W><W>they</W><W>obviously</W><W>just</W><W>edited</W><W>his</W><W>part</W><W>from</W><W>shame</W><W>into</W><W>the</W><W>System</W><W>of</W><W>a</W><W>Down</W><W>version</W><W>.</W></SENTENCE><SENTENCE><W>All</W><W>the</W><W>songs</W><W>sound</W><W>worse</W><W>than</W><W>the</W><W>originals</W><W>.</W></SENTENCE><SENTENCE><W>The</W><W>rock</W><W>parts</W><W>are</W><W>also</W><W>sloopily</W><W>throw</W><W>together</W><W>,</W><C><W>and</W></C><cue ID="13" type="negation"><W>dont</W></cue><xcope ID="16"><ref COMMENTS="" ID="17" SRC="13"></ref><W>sound</W><W>like</W><W>time</W><W>was</W><W>put</W><W>into</W><W>them</W></xcope><W>.</W></SENTENCE><SENTENCE><W>It</W><W>just</W><W>sounds</W><W>like</W><W>the</W><W>bands</W><W>adapted</W><W>guitar</W><W>riffs</W><W>to</W><W>the</W><W>beat</W><W>of</W><W>the</W><W>original</W><W>hip</W><W>hop</W><W>beat</W><W>.</W></SENTENCE><SENTENCE><W>This</W><W>whole</W><W>albums</W><W>is</W><W>flawed</W><W>,</W><W>I</W><C><cue ID="14" type="speculation"><W>think</W></cue></C><xcope ID="15"><ref COMMENTS="" ID="18" SRC="14"></ref><W>it</W><W>was</W><W>just</W><W>a</W><W>gimmick</W></xcope><W>.</W></SENTENCE><SENTENCE><W>Im</W><W>sure</W><W>it</W><W>lined</W><W>the</W><W>pockets</W><W>of</W><W>some</W><W>Loud</W><W>executive</W><W>.</W></SENTENCE><SENTENCE><W>They</W><W>cashed</W><W>in</W><W>on</W><W>the</W><W>rap-rock</W><W>trend</W><W>.</W></SENTENCE><SENTENCE><W>They</W><W>sure</W><W>suckered</W><W>my</W><W>nieve</W><W>self</W><W>in</W><C><W>and</W></C><W>got</W><W>my</W><W>cash</W><W>.</W></SENTENCE></P><P></P><P><SENTENCE><W>This</W><W>CD</W><W>is</W><W>nt</W><W>horrid</W><W>,</W><W>there</W><W>are</W><W>a</W><W>couple</W><W>tracks</W><W>that</W><W>stand-out</W><W>.</W></SENTENCE><SENTENCE><W>The</W><W>Shootyz</W><W>Groove</W><W>song</W><W>Caribbean</W><W>Connection</W><W></W><W>is</W><W>pretty</W><W>good</W><W>.</W></SENTENCE><SENTENCE><W>Its</W><W>mainly</W><W>because</W><W>Shootyz</W><W>Groove</W><W>is</W><W>a</W><W>hip</W><W>hop</W><W>group</W><W>with</W><W>some</W><W>rock</W><W>influences</W><W>.</W></SENTENCE><SENTENCE><C><cue ID="19" type="speculation"><W>If</W></cue></C><xcope ID="24"><ref COMMENTS="" ID="25" SRC="19"></ref><W>one</W><W>good</W><W>thing</W><W>came</W><W>out</W><W>of</W><W>this</W><W>album</W><W>is</W><W>was</W><W>that</W><W>I</W><W>was</W><W>introduced</W><W>to</W><W>Shootyz</W><W>Groove</W></xcope><W>.</W></SENTENCE><SENTENCE><W>The</W><W>have</W><W>a</W><W>real</W><W>band</W><W>backing</W><W>their</W><W>lyricists</W><W>.</W></SENTENCE><SENTENCE><W>Kind</W><W>of</W><W>like</W><W>a</W><W>Latin</W><W>version</W><W>of</W><W>the</W><W>Roots</W><W>.</W></SENTENCE><SENTENCE><W>The</W><W>System</W><W>of</W><W>a</W><W>Down</W><W>cover</W><W>of</W><W>Wu</W><W>Tangs</W><W>Shame</W><W>also</W><cue ID="21" type="negation"><W>does</W><W>nt</W></cue><xcope ID="23"><ref COMMENTS="" ID="26" SRC="21"></ref><W>blow</W></xcope><W>,</W><W>mainly</W><W>because</W><W>the</W><W>lead</W><W>singer</W><W>of</W><W>System</W><W>of</W><W>a</W><W>Down</W><C><cue ID="20" type="speculation"><W>can</W></cue></C><xcope ID="22"><ref COMMENTS="" ID="27" SRC="20"></ref><W>rap</W></xcope><W>.</W></SENTENCE></P><P></P><P><SENTENCE><W>On</W><W>the</W><W>other</W><W>hand</W><W>,</W><W>there</W><W>is</W><W>a</W><W>ton</W><W>of</W><W>pure</W><W>sh*te</W><W>on</W><W>this</W><W>album</W><W>.</W></SENTENCE><SENTENCE><W>Crazytown</W><W>is</W><W>so</W><W>bad</W><W>it</W><W>hurts</W><W>my</W><W>ears</W><W>.</W></SENTENCE><SENTENCE><W>The</W><W>Incubus</W><W>cover</W><W>of</W><W>Still</W><C><W>Not</W></C><W>a</W><W>Playa</W><W>is</W><W>pure</W><W>bubble-gum</W><W>pop</W><W>.</W></SENTENCE><SENTENCE><W>They</W><W>sound</W><W>like</W><W>a</W><W>bad</W><W>cover</W><W>band</W><W>that</W><C><cue ID="28" type="speculation"><W>should</W></cue></C><xcope ID="33"><ref COMMENTS="" ID="34" SRC="28"></ref><W>be</W><W>playing</W><W>childrens</W><W>birthday</W><W>parties</W></xcope><W>.</W></SENTENCE><SENTENCE><W>A</W><W>lot</W><W>of</W><W>these</W><W>covers</W><W>ruin</W><W>the</W><W>originals</W><W>.</W></SENTENCE><SENTENCE><W>I</W><W>have</W><C><cue ID="29" type="negation"><W>no</W></cue></C><xcope ID="32"><ref COMMENTS="" ID="35" SRC="29"></ref><W>clue</W><W>why</W><W>Everlast</W><W>needed</W><W>to</W><W>re-make</W><W>the</W><W>Mobb</W><W>Deep</W><W>classic</W><W>Shook</W><W>Ones</W></xcope><W>,</W><W>he</W><W>just</W><W>made</W><W>it</W><W>sound</W><W>band</W><W>.</W></SENTENCE><SENTENCE><W>The</W><W>MOP</W><W>song</W><W>How</W><W>About</W><W>Some</W><W>Hardcore</W><W></W><W>was</W><W>butchered</W><W>by</W><W>Butch</W><W>Vig</W><W>.</W></SENTENCE><SENTENCE><W>Im</W><C><cue ID="30" type="negation"><W>not</W></cue></C><xcope ID="31"><ref COMMENTS="" ID="36" SRC="30"></ref><W>sure</W><W>who</W><W>Butch</W><W>Vig</W><W>is</W><W>,</W><W>but</W><W>their</W><W>blend</W><W>of</W><W>rock</W><C><W>and</W></C><W>techno</W><W>ruined</W><W>How</W><W>About</W><W>Some</W><W>Hardcore</W><W>.</W></xcope></SENTENCE></P><P></P><P><SENTENCE><W>All</W><W>of</W><W>the</W><W>songs</W><W>on</W><W>this</W><W>album</W><W>sound</W><W>forced</W><C><W>and</W></C><W>will</W><C><cue ID="37" type="negation"><W>never</W></cue></C><xcope ID="53"><ref COMMENTS="" ID="56" SRC="37"></ref><xcope ID="51"><ref COMMENTS="" ID="55" SRC="38"></ref><W>get</W><W>that</W><W>rap-rock</W><W>chemistry</W><W>that</W><W>songs</W><W>like</W><W>Bring</W><W>the</W><W>Noise</W><W>by</W><W>PE</W><C><W>and</W></C><W>Anthrax</W></xcope><C><cue ID="38" type="speculation"><W>or</W></cue></C><xcope ID="52"><ref COMMENTS="" ID="54" SRC="38"></ref><W>even</W><W>Walk</W><W>this</W><W>Way</W><W></W><W>by</W><W>Run</W><W>DMC</W><C><W>and</W></C><W>Aerosmith</W><W>had</W></xcope></xcope><W>.</W></SENTENCE><SENTENCE><C><cue ID="39" type="negation"><W>None</W></cue></C><xcope ID="46"><ref COMMENTS="" ID="50" SRC="39"></ref><W>of</W><W>these</W><W>songs</W><W>will</W><W>ever</W><W>be</W><W>performed</W><W>live</W><W>by</W><W>the</W><W>two</W><W>groups</W><W>that</W><W>laid</W><W>them</W><W>down</W><W>for</W><W>this</W><W>album</W><W>because</W><W>it</W><W>s</W><W>all</W><W>studio</W><W>magic</W></xcope><W>.</W></SENTENCE><SENTENCE><cue ID="41" type="negation"><W>Dont</W></cue><xcope ID="44"><ref COMMENTS="" ID="49" SRC="41"></ref><W>waste</W><W>your</W><W>money</W><W>on</W><W>this</W><W>album</W></xcope><W>.</W></SENTENCE><SENTENCE><C><cue ID="40" type="speculation"><W>If</W></cue></C><xcope ID="45"><ref COMMENTS="" ID="48" SRC="40"></ref><W>you</W><W>want</W><W>good</W><W>rap-rock</W><W>check</W><W>out</W><W>Confrontation</W><W>Camp</W></xcope><W>.</W></SENTENCE><SENTENCE><W>Loud</W><W>Rocks</W><W>is</W><W>a</W><W>train</W><W>wreck</W><W>that</W><W>you</W><C><cue ID="42" type="speculation"><W>should</W></cue></C><xcope ID="43"><ref COMMENTS="" ID="47" SRC="42"></ref><W>avoid</W><W>at</W><W>all</W><W>costs</W><W>.</W></xcope></SENTENCE></P></DOCUMENT>
