<?xml version="1.0" encoding="UTF-8"?>
<DOCUMENT><P/><P><SENTENCE><W>What</W><W>a</W><W>very</W><W>surprising</W><W>let</W><W>down</W><W>.</W></SENTENCE><SENTENCE><W>I</W><W>am</W><W>a</W><W>fan</W><W>of</W><W>DJ</W><W>Muggs</W><W>,</W><C><W>and</W></C><W>the</W><W>rest</W><W>of</W><W>the</W><W>artists</W><W>on</W><W>this</W><W>album</W><W>,</W><W>but</W><W>for</W><W>the</W><W>amount</W><W>of</W><W>starpower</W><W>compiled</W><W>onto</W><W>one</W><W>CD</W><W>one</W><C><cue ID="0" type="speculation"><W>would</W></cue></C><xcope ID="8"><ref ID="14" SRC="0"/><C><cue ID="1" type="speculation"><W>expect</W></cue></C><xcope ID="7"><ref ID="13" SRC="1"/><W>better</W></xcope><W>.</W></xcope></SENTENCE><SENTENCE><W>The</W><W>very</W><W>poor</W><W>beat</W><W>mixing</W><C><W>and</W></C><W>sloppy</W><W>freestyling</W><W>has</W><W>me</W><W>at</W><W>a</W><C><W>loss</W></C><W>.</W></SENTENCE><SENTENCE><W>With</W><W>an</W><W>exeption</W><W>of</W><W>one</W><C><cue ID="3" type="speculation"><W>or</W></cue></C><xcope ID="9"><ref ID="15" SRC="3"/><W>maybe</W><W>two</W><W>songs</W></xcope><W>,</W><W>this</W><W>CD</W><W>is</W><C><cue ID="4" type="negation"><W>not</W></cue></C><xcope ID="10"><ref ID="16" SRC="4"/><W>worth</W><W>a</W><W>second</W><W>look</W></xcope><W>.</W></SENTENCE><SENTENCE><cue ID="5" type="speculation"><W>Maybe</W></cue><xcope ID="11"><ref COMMENTS="" ID="17" SRC="5"/><W>listen</W><W>to</W><W>your</W><W>buddies</W><W>copy</W></xcope><W>,</W><W>to</W><W>check</W><W>it</W><W>out</W><W>,</W><C><cue ID="6" type="speculation"><W>if</W></cue></C><xcope ID="12"><ref ID="18" SRC="6"/><W>your</W><W>curious</W></xcope></SENTENCE></P></DOCUMENT>