<?xml version="1.0" encoding="UTF-8"?>
<DOCUMENT><P></P><P><SENTENCE><W>DJ</W><W>Kay</W><W>Slay</W><W>is</W><W>the</W><W>king</W><W>of</W><W>the</W><W>mixtape</W><W>scene</W><W>.</W></SENTENCE><SENTENCE><W>He</W><W>has</W><W>won</W><W>the</W><W>Justo</W><W>Mixtape</W><W>Award</W><W>for</W><W>Best</W><W>Mixtape</W><W>DJ</W><W>4</W><W>year</W><W>in</W><W>a</W><W>row</W><W>.</W></SENTENCE><SENTENCE><W>He</W><W>has</W><W>many</W><W>classic</W><W>mixtape</W><W>series</W><W>such</W><W>as</W><W>&#34;</W><W>The</W><W>Regulator</W><W>&#34;</W><W>and</W><W>&#34;</W><W>Renegades</W><W>&#34;</W><W>.</W></SENTENCE><SENTENCE><W>He</W><W>is</W><W>also</W><W>the</W><W>reason</W><W>why</W><W>DJ</W><W>Clue</W><W>boycotts</W><W>the</W><W>mixtape</W><W>award</W><W>because</W><W>Clue</W><W>b!tched</W><W>about</W><W>now</W><W>winning</W><W>the</W><W>award</W><W>last</W><W>year</W><C><W>and</W></C><W>Kay</W><W>Slay</W><W>shut</W><W>him</W><W>up</W><W>with</W><W>an</W><W>intimidating</W><W>call</W><W>out</W><W>on</W><W>one</W><W>of</W><W>his</W><W>mixtapes(</W><W>even</W><W>though</W><W>it</W><C><cue ID="0" type="speculation"><W>seems</W></cue></C><xcope ID="18"><ref COMMENTS="" ID="19" SRC="0"></ref><W>to</W><W>me</W><W>he</W><W>was</W><W>really</W><W>calling</W><W>out</W><W>DJ</W><W>Envy</W><W>,</W><W>everyone</W><W>wants</W><W>to</W><C><W>believe</W></C><W>he</W><W>is</W><W>calling</W><W>out</W><W>Clue</W><W>because</W><W>Clue</W><W>is</W><W>a</W><W>bigger</W><W>name</W><W>)</W></xcope><W>.</W></SENTENCE><SENTENCE><W>This</W><W>is</W><W>Kay</W><W>Slay</W><W>&#39;s</W><W>first</W><W>commecial</W><W>mixtape</W><W>release</W><W>.</W></SENTENCE><SENTENCE><W>Even</W><W>though</W><W>He</W><W>is</W><C><cue ID="92" type="speculation"><W>considered</W></cue></C><W>&#34;</W><xcope ID="93"><ref COMMENTS="" ID="94" SRC="92"></ref><W>The</W><W>StreetSweeper</W></xcope><W>&#34;</W><W>The</W><W>Streetsweeper</W><W>DJ</W><W>&#39;s</W><W>consist</W><W>of</W><W>him</W><W>,</W><W>DJ</W><W>Pruitt</W><C><W>and</W></C><W>others</W><W>.</W></SENTENCE><SENTENCE><W>Him</W><W>talking</W><W>over</W><W>song</W><W>in</W><W>him</W><W>husty</W><W>voice</W><C><cue ID="1" type="speculation"><W>can</W></cue></C><xcope ID="16"><ref COMMENTS="" ID="17" SRC="1"></ref><W>get</W><W>annoying</W><W>but</W><W>his</W><W>exclusive</W><C><cue ID="2" type="speculation"><W>whether</W></cue></C><xcope ID="14"><ref COMMENTS="" ID="15" SRC="2"></ref><xcope ID="12"><ref COMMENTS="" ID="13" SRC="4"></ref><W>its</W><W>a</W><W>new</W><W>song</W><C><cue ID="3" type="speculation"><W>no</W></cue></C><xcope ID="10"><ref COMMENTS="" ID="11" SRC="3"></ref><W>other</W><W>DJ</W><W>has</W></xcope></xcope><C><cue ID="4" type="speculation"><W>or</W></cue></C><xcope ID="5"><ref COMMENTS="" ID="9" SRC="4"></ref><W>an</W><W>exclusive</W><W>freestyle</W><W>,</W><W>makes</W><W>up</W><W>for</W><W>it</W></xcope></xcope></xcope><W>.</W></SENTENCE><SENTENCE><W>Well</W><W>enough</W><W>on</W><W>Kay</W><W>Slay</W><W>Lets</W><W>get</W><W>into</W><W>the</W><W>review</W><W>.</W></SENTENCE></P><P></P><P><SENTENCE><W>1</W><W>.</W><W>Intro</W><W>(</W><W>DJ</W><W>Kayslay</W><W>)</W><W>-</W><W>$</W><W>/$</W><W>-</W><W>This</W><W>opens</W><W>with</W><W>a</W><W>dedication</W><W>to</W><W>Kayslay</W><W>&#39;s</W><W>father</W><W>.</W></SENTENCE><SENTENCE><W>Kayslay</W><W>actually</W><W>raps</W><W>with</W><W>Aaron</W><W>Hall</W><W>singing</W><W>in</W><W>the</W><W>background</W><W>.</W></SENTENCE><SENTENCE><W>DJ</W><W>Kayslay</W><W>sounds</W><W>terrible</W><W>as</W><W>a</W><W>rapper</W><W>as</W><W>he</W><W>sounds</W><W>as</W><W>Darth</W><W>Vader</W><W>mixed</W><W>with</W><W>Ja</W><W>Rule</W><W>.</W></SENTENCE><SENTENCE><W>Kayslay</W><W>is</W><W>a</W><W>pretty</W><W>bad</W><W>rapper</W><W>.</W></SENTENCE><SENTENCE><W>Also</W><W>This</W><W>beat</W><W>is</W><W>lazy</W><W>making</W><W>this</W><W>a</W><W>terrible</W><W>intro</W><W>.</W></SENTENCE></P><P></P><P><SENTENCE><W>2.</W><W>I</W><C><W>Never</W></C><W>Liked</W><W>Ya</W><W>@ss</W><W>(</W><W>Scarface</W><W>,</W><W>Raekwon</W><W>and</W><W>Fat</W><W>Joe</W><W>)</W><W>-</W><W>$</W><W>$</W><W>1/2</W><W>-</W><W>Face</W><W>starts</W><W>off</W><W>this</W><W>song</W><W>spitting</W><W>some</W><W>pretty</W><W>tight</W><W>rhymes</W><W>.</W></SENTENCE><SENTENCE><W>Raekwon</W><W>really</W><W>dissapoints</W><W>me</W><W>on</W><W>this</W><W>song</W><W>.</W></SENTENCE><SENTENCE><W>I</W><W>was</W><W>expection</W><W>some</W><W>classic</W><W>Raekwon</W><W>flame</W><C><W>and</W></C><W>I</W><W>got</W><W>nothing</W><W>but</W><W>a</W><W>crappy</W><W>verse</W><W>.</W></SENTENCE><SENTENCE><W>Fat</W><W>Joe</W><W>comes</W><W>up</W><W>after</W><W>Raekwon</W><C><W>and</W></C><W>follows</W><W>suit</W><W>spitting</W><W>stench</W><W>.</W></SENTENCE><SENTENCE><W>The</W><W>best</W><W>thing</W><W>about</W><W>this</W><W>song</W><W>is</W><W>that</W><W>face</W><W>spits</W><W>first</W><W>so</W><W>after</W><W>he</W><W>is</W><W>done</W><W>you</W><C><cue ID="20" type="speculation"><W>can</W></cue></C><xcope ID="21"><ref COMMENTS="" ID="22" SRC="20"></ref><W>go</W><W>to</W><W>the</W><W>next</W><W>track</W></xcope><W>.</W></SENTENCE></P><P></P><P><SENTENCE><W>3.</W><W>The</W><W>Streetsweeper</W><W>(</W><W>The</W><W>Lox</W><W>)</W><W>-</W><W>$</W><W>$</W><W>$</W><W>-</W><W>Styles</W><W>P</W><W>opens</W><W>up</W><W>spitting</W><W>flames</W><W>.</W></SENTENCE><SENTENCE><W>Basic</W><W>SP</W><W>styles</W><W>talking</W><W>about</W><W>brutally</W><W>killing</W><W>people</W><C><W>and</W></C><W>junk</W><W>but</W><W>he</W><W>alway</W><W>does</W><W>a</W><W>good</W><W>job</W><W>of</W><W>it</W><W>to</W><W>me</W><W>.</W></SENTENCE><SENTENCE><W>The</W><W>chorus</W><W>to</W><W>this</W><W>song</W><W>is</W><W>wack</W><W>.</W></SENTENCE><SENTENCE><W>Sheek</W><W>is</W><W>second</W><C><W>and</W></C><W>is</W><W>just</W><W>terrible</W><W>.</W></SENTENCE><SENTENCE><W>He</W><W>really</W><cue ID="23" type="negation"><W>does</W><W>n&#39;t</W></cue><xcope ID="34"><ref COMMENTS="" ID="35" SRC="23"></ref><W>make</W><W>sence</W><W>when</W><W>he</W><W>raps</W><C><W>and</W></C><W>his</W><W>metafores</W><W>are</W><W>crap</W></xcope><W>.</W></SENTENCE><SENTENCE><W>I</W><C><cue ID="24" type="speculation"><W>think</W></cue></C><xcope ID="33"><ref COMMENTS="" ID="37" SRC="24"></ref><W>he</W><W>tries</W><W>to</W><W>hard</W><W>to</W><W>fix</W><W>funny</W><W>with</W><W>gangsta</W><C><W>and</W></C><W>it</W><cue ID="25" type="negation"><W>does</W><W>n&#39;t</W></cue><xcope ID="32"><ref COMMENTS="" ID="36" SRC="25"></ref><W>work</W><W>at</W><W>all</W></xcope></xcope><W>.</W></SENTENCE><SENTENCE><W>Jadakiss</W><W>comes</W><W>up</W><W>last</W><W>with</W><W>an</W><W>average</W><W>verse</W><W>.</W></SENTENCE><SENTENCE><W>It</W><cue ID="26" type="negation"><W>is</W><W>n&#39;t</W></cue><xcope ID="31"><ref COMMENTS="" ID="40" SRC="26"></ref><W>bad</W><W>but</W><W>it</W><cue ID="27" type="negation"><W>is</W><W>n&#39;t</W></cue><xcope ID="30"><ref COMMENTS="" ID="39" SRC="27"></ref><W>nearly</W><W>what</W><W>you</W><C><cue ID="28" type="speculation"><W>would</W></cue></C><xcope ID="29"><ref COMMENTS="" ID="38" SRC="28"></ref><C><W>expect</W></C><W>from</W><W>Kiss</W></xcope></xcope></xcope><W>.</W></SENTENCE><SENTENCE><W>The</W><W>beat</W><W>here</W><W>is</W><W>pretty</W><W>mediocre</W><W>but</W><W>it</W><W>has</W><W>that</W><W>D</W><W>Block</W><C><W>feel</W></C><W>to</W><W>it</W><W>.</W></SENTENCE></P><P></P><P><SENTENCE><W>4</W><W>.</W><W>50</W><W>Shot</W><W>Ya</W><W>(</W><W>50</W><W>Cent</W><W>)</W><W>-</W><W>$</W><W>$</W><W>1/2</W><W>-</W><W>This</W><W>starts</W><W>out</W><W>with</W><W>Kayslay</W><W>talking</W><W>some</W><W>super</W><W>hardcore</W><W>crap</W><W>.</W></SENTENCE><SENTENCE><W>&#34;</W><W>I&#39;ll</W><W>smack</W><W>the</W><W>f*ckin&#39;</W><W>sh</W><W>!t</W><W>out</W><W>ya</W><W>favorite</W><W>DJ&#34;</W><W>.</W></SENTENCE><SENTENCE><W>I</W><W>&#39;ve</W><C><cue ID="41" type="negation"><W>never</W></cue></C><xcope ID="47"><ref COMMENTS="" ID="52" SRC="41"></ref><W>understood</W><W>why</W><W>Kayslay</W><W>is</W><W>so</W><W>made</W><W>all</W><W>the</W><W>time</W></xcope><W>.</W></SENTENCE><SENTENCE><W>Now</W><W>to</W><W>the</W><W>song</W><W>...50</W><W>Shot</W><W>Ya</W><W>is</W><W>OOLLDD</W><W>!</W></SENTENCE><SENTENCE><W>I</W><W>swear</W><W>this</W><W>song</W><W>&#39;s</W><W>been</W><W>around</W><W>since</W><W>last</W><W>summer</W><W>.</W></SENTENCE><SENTENCE><W>It</W><W>also</W><cue ID="42" type="negation"><W>is</W><W>n&#39;t</W></cue><xcope ID="48"><ref COMMENTS="" ID="53" SRC="42"></ref><W>the</W><W>best</W><W>50</W><W>track</W><W>out</W></xcope><W>.</W></SENTENCE><SENTENCE><W>In</W><W>a</W><W>matter</W><W>of</W><W>fact</W><W>I</W><C><cue ID="43" type="speculation"><W>think</W></cue></C><xcope ID="49"><ref COMMENTS="" ID="54" SRC="43"></ref><W>it</W><W>&#39;s</W><W>one</W><W>of</W><W>50</W><W>&#39;s</W><W>worst</W></xcope><W>.</W></SENTENCE><SENTENCE><W>This</W><W>beat</W><W>gets</W><W>annoying</W><W>to</W><W>me</W><W>.</W></SENTENCE><SENTENCE><cue ID="44" type="speculation"><C><W>Could</W></C><W>n&#39;t</W></cue><xcope ID="50"><ref COMMENTS="" ID="55" SRC="44"></ref><W>they</W><W>have</W><W>found</W><W>a</W><W>better</W><W>50</W><W>Song</W><W>to</W><W>put</W><W>on</W><W>here</W></xcope><W>.</W></SENTENCE><SENTENCE><cue ID="45" type="speculation"><W>Maybe</W></cue><xcope ID="51"><ref COMMENTS="" ID="57" SRC="46"></ref><W>&#34;</W><W>Dem</W><C><W>Not</W></C><W>Ready</W><W>&#34;</W><W>by</W><W>50</W><W>and</W><W>Sean</W><W>Paul</W></xcope><C><cue ID="46" type="speculation"><W>perhaps</W></cue></C><W>?</W></SENTENCE></P><P></P><P><SENTENCE><W>5</W><W>.</W><W>Get</W><W>Shot</W><W>the</W><W>F!ck</W><W>Up</W><W>(</W><W>Mobb</W><W>Deep</W><W>and</W><W>Prodigy</W><W>)</W><W>-</W><W>$</W><W>$</W><W>$</W><W>-</W><W>This</W><W>beat</W><W>is</W><W>pretty</W><W>damn</W><W>tight</W><W>but</W><W>let</W><W>it</W><W>be</W><W>known</W><W>I</W><W>hate</W><W>Mobb</W><W>Deep.</W></SENTENCE><SENTENCE><W>Prodigy</W><W>in</W><W>particular</W><W>.</W></SENTENCE><SENTENCE><W>He</W><W>was</W><W>at</W><W>one</W><W>time</W><W>hot</W><W>as</W><W>hell</W><W>.</W></SENTENCE><SENTENCE><W>Now</W><W>he</W><W>as</W><W>a</W><W>lazy</W><W>laid</W><W>back</W><W>flow</W><C><W>and</W></C><W>I</W><W>hate</W><W>it</W><W>.</W></SENTENCE><SENTENCE><W>So</W><W>when</W><W>he</W><W>opens</W><W>up</W><W>I</W><W>get</W><W>what</W><W>I</W><C><W>expect</W></C><W>.</W></SENTENCE><SENTENCE><W>I</W><W>sloppy</W><C><W>and</W></C><W>bad</W><W>1st</W><W>verse</W><W>.</W></SENTENCE><SENTENCE><W>The</W><W>chorus</W><cue ID="58" type="negation"><W>is</W><W>n&#39;t</W></cue><xcope ID="61"><ref COMMENTS="" ID="62" SRC="58"></ref><W>bad</W><W>though</W></xcope><W>.</W></SENTENCE><SENTENCE><W>Big</W><W>Noyd</W><W>goes</W><W>next</W><C><W>and</W></C><W>I</W><W>like</W><W>his</W><W>verse</W><W>.</W></SENTENCE><SENTENCE><W>Right</W><W>now</W><W>i</W><W>&#39;d</W><W>say</W><W>Noyd</W><W>is</W><W>better</W><W>then</W><W>P</W><W>and</W><W>Hav.</W></SENTENCE><SENTENCE><W>Hav</W><W>goes</W><W>after</W><W>Noyd</W><C><W>and</W></C><W>he</W><W>spits</W><W>some</W><W>pretty</W><W>sub-par</W><W>sh</W><W>!t...Well</W><W>It</W><W>&#39;s</W><C><cue ID="59" type="negation"><W>not</W></cue></C><xcope ID="60"><ref COMMENTS="" ID="63" SRC="59"></ref><W>that</W><W>bad</W><W>but</W><W>it</W><W>&#39;s</W><W>hard</W><W>for</W><W>me</W><W>to</W><W>like</W><W>anything</W><W>the</W><W>Mobb</W><W>does</W><W>nowadays</W></xcope><W>,</W><W>but</W><W>Noyd</W><W>&#39;s</W><W>verse</W><W>combined</W><W>with</W><W>this</W><W>beat</W><C><W>and</W></C><W>some</W><W>ok</W><W>spittage</W><W>from</W><W>Havoc</W><W>save</W><W>it</W><W>from</W><W>P</W><W>&#39;s</W><W>trash</W><W>.</W></SENTENCE></P><P></P><P><SENTENCE><W>6</W><W>.</W><W>Everybody</W><W>Wanna</W><W>Shine</W><W>(</W><W>Black</W><W>Rob</W><W>,</W><W>G-Dep</W><W>and</W><W>Craig</W><W>Mack</W><W>)</W><W>-</W><W>$</W><W>$</W><W>-</W><W>So</W><W>Will</W><W>the</W><W>real</W><W>Kayslay</W><W>please</W><W>shut</W><W>up</W><W>!</W></SENTENCE><SENTENCE><W>I</W><W>am</W><W>getting</W><W>tired</W><W>of</W><W>Kayslay</W><W>&#39;s</W><W>hardcore</W><W>blabber</W><W>already</W><W>.</W></SENTENCE><SENTENCE><W>Black</W><W>Rob</W><W>has</W><W>a</W><W>crap</W><W>verse</W><W>,</W><C><W>and</W></C><W>next</W><W>G-Dep</W><W>has</W><W>a</W><W>pretty</W><W>bad</W><W>one</W><W>also</W><W>.</W></SENTENCE><SENTENCE><W>Craig</W><W>Mack</W><W>comes</W><W>up</W><C><W>and</W></C><W>really</W><W>rips</W><W>it</W><W>though</W><W>.</W></SENTENCE><SENTENCE><W>The</W><W>chorus</W><W>goes</W><W>with</W><W>Kayslay</W><W>taking</W><W>sh</W><W>!t</W><W>as</W><W>usual</W><W>.</W></SENTENCE><SENTENCE><W>I</W><W>guess</W><C><W>instead</W></C><W>of</W><W>talking</W><W>crap</W><W>over</W><W>someone</W><W>elses</W><W>song</W><W>they</W><W>give</W><W>him</W><W>a</W><W>chorus</W><W>to</W><W>run</W><W>wild</W><W>on</W><W>.</W></SENTENCE></P><P></P><P><SENTENCE><W>7.</W><W>Too</W><W>Much</W><W>For</W><W>Me</W><W>(</W><W>Nas</W><W>,</W><W>Baby</W><W>,</W><W>Foxy</W><W>Brown</W><W>and</W><W>Amerie</W><W>)</W><W>-</W><W>$</W><W>$</W><W>$</W><W>1/2</W><W>-</W><W>The</W><W>first</W><W>single</W><W>for</W><W>this</W><W>album</W><C><W>and</W></C><C><cue ID="64" type="speculation"><W>if</W></cue></C><xcope ID="69"><ref COMMENTS="" ID="71" SRC="64"></ref><W>you</W><W>see</W><W>the</W><W>video</W><W>you</W><W>will</W><W>notice</W><W>Nas</W><cue ID="65" type="negation"><W>is</W><W>n&#39;t</W></cue><xcope ID="68"><ref COMMENTS="" ID="70" SRC="65"></ref><W>there</W></xcope></xcope><W>.</W></SENTENCE><SENTENCE><W>Kayslay</W><C><W>and</W></C><W>Nas</W><W>now</W><W>have</W><W>beef</W><W>because</W><W>Nas</W><cue ID="66" type="negation"><W>did</W><W>n&#39;t</W></cue><xcope ID="67"><ref COMMENTS="" ID="72" SRC="66"></ref><W>show</W><W>up</W><W>for</W><W>the</W><W>video</W><W>shoot</W></xcope><W>.</W></SENTENCE><SENTENCE><W>It</W><W>&#39;s</W><W>a</W><W>shame</W><W>considering</W><W>Nas</W><W>has</W><W>a</W><W>sickening</W><W>verse</W><W>.</W></SENTENCE><SENTENCE><W>I</W><W>mean</W><W>Nas</W><W>kills</W><W>this</W><W>thing</W><W>something</W><W>ridiculous</W><W>.</W></SENTENCE><SENTENCE><W>Amerie</W><W>&#39;s</W><W>chorus</W><W>is</W><W>pretty</W><W>average</W><W>.</W></SENTENCE><SENTENCE><W>Baby</W><W>spits</W><W>some</W><W>of</W><W>his</W><W>better</W><W>bars</W><W>on</W><W>this</W><W>track</W><W>,</W><W>as</W><W>Foxy</W><W>spits</W><W>crappage</W><W>.</W></SENTENCE><SENTENCE><W>This</W><W>beat</W><W>is</W><W>nice</W><W>andfits</W><W>the</W><W>song</W><W>perfectly</W><W>,</W><C><W>and</W></C><W>Nas</W><W>&#39;s</W><W>&#34;</W><W>Oh</W><W>Yeah</W><W>&#39;s</W><W>&#34;</W><W>in</W><W>the</W><W>background</W><W>are</W><W>a</W><W>nice</W><W>touch</W><W>.</W></SENTENCE></P><P></P><P><SENTENCE><W>8.</W><W>Purple</W><W>Haze</W><W>(</W><W>Cam&#39;Ron</W><W>)</W><W>-</W><W>$</W><W>$</W><W>$</W><W>-</W><C><cue ID="73" type="speculation"><W>If</W></cue></C><xcope ID="78"><ref COMMENTS="" ID="84" SRC="73"></ref><W>it</W><cue ID="74" type="negation"><W>is</W><W>n&#39;t</W></cue><xcope ID="77"><ref COMMENTS="" ID="83" SRC="74"></ref><W>the</W><W>beat</W><W>waster</W><W>himself</W></xcope><W>!</W></xcope></SENTENCE><SENTENCE><W>Along</W><W>with</W><W>the</W><W>rest</W><W>of</W><W>the</W><W>Diplomats</W><W>I</W><W>&#39;ve</W><C><cue ID="75" type="negation"><W>never</W></cue></C><xcope ID="79"><ref COMMENTS="" ID="82" SRC="75"></ref><W>seen</W><W>anyone</W><W>in</W><W>the</W><W>history</W><W>of</W><W>the</W><W>rap</W><W>game</W><W>just</W><W>trash</W><W>so</W><W>many</W><W>sickenin</W><W>beats</W></xcope><W>!</W></SENTENCE><SENTENCE><W>This</W><W>song</W><W>is</W><W>another</W><W>example</W><W>.</W></SENTENCE><SENTENCE><W>This</W><W>beat</W><W>is</W><W>hot</W><W>as</W><W>hell</W><W>!</W></SENTENCE><SENTENCE><W>Camron</W><W>comes</W><W>on</W><W>with</W><W>his</W><W>lazy</W><W>@ss</W><W>flow</W><C><W>and</W></C><W>stinks</W><W>it</W><W>.</W></SENTENCE><SENTENCE><W>However</W><W>this</W><W>beat</W><W>is</W><W>so</W><W>hot</W><W>I</W><C><cue ID="76" type="speculation"><W>can</W></cue></C><xcope ID="80"><ref COMMENTS="" ID="81" SRC="76"></ref><W>still</W><W>listen</W><W>to</W><W>this</W><W>song</W></xcope><W>.</W></SENTENCE><SENTENCE><W>Even</W><W>the</W><W>chorus</W><W>is</W><W>tight</W><W>.</W></SENTENCE></P><P></P><P><SENTENCE><W>9</W><W>.</W><W>Freestyle</W><W>(</W><W>Eminem</W><W>)</W><W>-</W><W>$</W><W>$</W><W>$</W><W>-</W><W>Eminem</W><W>starts</W><W>explaining</W><W>how</W><W>bad</W><W>of</W><W>a</W><W>mixtape</W><W>DJ.</W></SENTENCE><SENTENCE><W>This</W><W>freestyle</W><W>is</W><W>over</W><W>the</W><W>&#34;</W><W>Love</W><W>Me</W><W>&#34;</W><W>beat</W><W>off</W><W>of</W><W>8</W><W>Mile</W><W>.</W></SENTENCE><SENTENCE><W>This</W><cue ID="85" type="negation"><W>is</W><W>n&#39;t</W></cue><xcope ID="92"><ref COMMENTS="" ID="93" SRC="85"></ref><W>a</W><W>traditional</W><W>Slim</W><W>Shady</W><W>crazy/funny</W><W>freestyle</W></xcope><W>.</W></SENTENCE><SENTENCE><xcope ID="95"><ref COMMENTS="" ID="96" SRC="86"></ref><W>Shady</W></xcope><C><cue ID="86" type="speculation"><W>seem</W></cue></C><xcope ID="91"><ref COMMENTS="" ID="94" SRC="86"></ref><W>to</W><W>be</W><W>really</W><W>p</W><W>!ssed</W><C><W>and</W></C><W>he</W><W>just</W><W>talks</W><W>about</W><W>his</W><W>involvment</W><W>in</W><W>the</W><W>rap</W><W>game</W><W>from</W><W>rappin</W><W>to</W><W>producing</W><W>for</W><W>people</W><W>like</W><W>Jay-Z</W><W>and</W><W>Freeway</W></xcope><W>.</W></SENTENCE><SENTENCE><C><cue ID="87" type="negation"><W>Not</W></cue></C><xcope ID="90"><ref COMMENTS="" ID="96" SRC="87"></ref><W>bad</W><W>but</W><C><cue ID="88" type="negation"><W>not</W></cue></C><xcope ID="89"><ref COMMENTS="" ID="95" SRC="88"></ref><W>what</W><W>I</W><W>was</W><W>expection</W></xcope></xcope><W>.</W></SENTENCE><SENTENCE><W>I</W><W>was</W><W>expecting</W><W>another</W><W>&#34;</W><W>Peg</W><W>Legged</W><W>Greg</W><W>&#34;</W><W>type</W><W>of</W><W>freestyle</W><W>.</W></SENTENCE></P><P></P><P><SENTENCE><W>10</W><W>.</W></SENTENCE><SENTENCE><W>The</W><W>Champions</W><W>(</W><W>Doo</W><W>Wop</W><W>,</W><W>Tony</W><W>Touch</W><W>,</W><W>DJ</W><W>Clue</W><W>,</W><W>Funk</W><W>Master</W><W>Flex</W><W>,</W><W>DJ</W><W>S</W><W>and</W><W>S</W><W>,</W><W>Brucie</W><W>B</W><W>,</W><W>Kid</W><W>Capri</W><W>and</W><W>Ron</W><W>G</W><W>)</W><W>-</W><W>$</W><W>$</W><W>-</W><W>Doo</W><W>Wop</W><W>starts</W><W>off</W><C><W>and</W></C><W>spits</W><W>a</W><W>pretty</W><W>tight</W><W>verse</W><W>.</W></SENTENCE><SENTENCE><W>Tony</W><W>Toca</W><W>is</W><W>next</W><C><W>and</W></C><W>his</W><W>bar</W><W>are</W><W>straight</W><W>wack</W><W>!</W></SENTENCE><SENTENCE><W>DJ</W><W>Kay</W><W>Slay</W><W>is</W><W>next</W><C><W>and</W></C><W>he</W><W>spits</W><W>some</W><W>angry</W><W>garbage</W><W>.</W></SENTENCE><SENTENCE><W>S</W><W>and</W><W>S</W><W>I</W><C><cue ID="97" type="speculation"><W>think</W></cue></C><xcope ID="102"><ref COMMENTS="" ID="103" SRC="97"></ref><W>goes</W><W>next</W><C><W>and</W></C><W>spits</W><W>an</W><W>average</W><W>verse</W></xcope><W>.</W></SENTENCE><SENTENCE><W>I</W><C><cue ID="98" type="speculation"><W>think</W></cue></C><xcope ID="101"><ref COMMENTS="" ID="104" SRC="98"></ref><W>Ron</W><W>G</W><W>is</W><W>next</W><C><W>and</W></C><W>spits</W><W>a</W><W>doo</W><W>doo</W><W>verse</W></xcope><W>.</W></SENTENCE><SENTENCE><W>Kid</W><W>Capri</W><W>then</W><W>comes</W><W>up</W><C><W>and</W></C><W>spits</W><W>an</W><W>above</W><W>average</W><W>verse</W><W>.</W></SENTENCE><SENTENCE><W>Brucie</W><W>B</W><W>is</W><W>on</W><W>the</W><W>chorus</W><W>,</W><C><W>and</W></C><W>Clue</W><W>and</W><W>Funk</W><W>Flex</W><W>are</W><W>in</W><W>the</W><W>intro</W><W>.</W></SENTENCE><SENTENCE><C><cue ID="99" type="speculation"><W>Apparently</W></cue></C><xcope ID="100"><ref COMMENTS="" ID="105" SRC="99"></ref><W>Clue</W><W>and</W><W>Kayslay</W><W>have</W><W>resolved</W><W>their</W><W>differences</W></xcope><W>.</W></SENTENCE></P><P></P><P><SENTENCE><W>11</W><W>.</W><W>7</W><W>Deadly</W><W>Sins</W><W>(</W><W>Vita</W><W>,</W><W>Angie</W><W>Martinez</W><W>,</W><W>Duchess</W><W>,</W><W>Lady</W><C><W>May</W></C><W>,</W><W>Amil</W><W>,</W><W>Sonya</W><W>Blade</W><W>and</W><W>Remi</W><W>Martin</W><W>)</W><W>-</W><W>$</W><W>$</W><W>$</W><W>$</W><W>-</W><W>The</W><W>beat</W><W>here</W><W>is</W><W>tight</W><W>.</W></SENTENCE><SENTENCE><W>Listening</W><W>to</W><W>Vita</W><C><W>and</W></C><W>I</W><W>beg</W><W>to</W><W>know</W><W>why</W><W>the</W><W>hell</W><W>Murder</W><W>Inc.</W><W>chose</W><W>Charli</W><W>Baltimore</W><W>in</W><W>favor</W><W>of</W><W>Vita</W><W>?</W></SENTENCE><SENTENCE><W>Vita</W><W>really</W><W>rips</W><W>this</W><W>joint</W><W>.</W></SENTENCE><SENTENCE><W>Amillion</W><W>spits</W><W>some</W><W>sub-par</W><W>lyrics</W><W>here</W><W>.</W></SENTENCE><SENTENCE><W>Angir</W><W>Martinez</W><W>lays</W><W>it</W><W>down</W><W>for</W><W>the</W><W>haters</W><C><W>and</W></C><W>it</W><W>comes</W><W>off</W><W>pretty</W><W>tight</W><W>.</W></SENTENCE><SENTENCE><W>Vita</W><W>lets</W><W>you</W><W>know</W><W>who</W><W>it</W><W>is</W><W>on</W><W>this</W><W>track</W><W>on</W><W>the</W><W>chorus</W><W>.</W></SENTENCE><SENTENCE><W>Lady</W><C><W>May</W></C><W>spits</W><W>the</W><W>best</W><W>verse</W><W>I</W><W>&#39;ve</W><W>ever</W><W>heard</W><W>from</W><W>her</W><W>,</W><C><cue ID="106" type="negation"><W>not</W></cue></C><xcope ID="112"><ref COMMENTS="" ID="113" SRC="106"></ref><W>that</W><W>I</W><W>hear</W><W>much</W><W>of</W><W>her</W></xcope><W>.</W></SENTENCE><SENTENCE><W>Sonya</W><W>Blade</W><W>also</W><W>spits</W><W>the</W><W>best</W><W>i</W><W>&#39;ve</W><W>ever</W><W>heard</W><W>of</W><W>her</W><W>.</W></SENTENCE><SENTENCE><W>Duchess</W><W>just</W><W>straight</W><W>rips</W><W>her</W><W>part</W><W>.</W></SENTENCE><SENTENCE><W>She</W><W>spits</W><W>flames</W><W>here</W><W>.</W></SENTENCE><SENTENCE><W>&#34;</W><W>Open</W><W>my</W><W>mouth/and</W><W>they</W><W>respect</W><W>my</W><W>diction/You</W><W>Open</W><W>ya</W><W>mouth/and</W><W>cats</W><W>wanna</W><W>let</W><W>they</W><W>kids</W><W>in&#34;</W><W>.</W></SENTENCE><SENTENCE><C><cue ID="107" type="speculation"><W>If</W></cue></C><xcope ID="111"><ref COMMENTS="" ID="114" SRC="107"></ref><W>Duchess</W><W>spits</W><W>the</W><W>flame</W><W>then</W><W>Remi</W><W>lets</W><W>out</W><W>the</W><W>inferno</W></xcope><W>.</W></SENTENCE><SENTENCE><W>Remi</W><cue ID="108" type="negation"><W>does</W><W>n&#39;t</W></cue><xcope ID="109"><ref COMMENTS="" ID="115" SRC="108"></ref><W>dissapoint</W><W>as</W><W>the</W><W>best</W><W>female</W><W>rapper</W><W>out</W><W>there</W><W>(</W><W>in</W><W>my</W><W>opinion</W><W>)</W></xcope><W>.</W></SENTENCE><SENTENCE><W>This</W><W>is</W><W>the</W><W>second</W><W>best</W><W>song</W><W>on</W><W>the</W><W>album</W><W>.</W></SENTENCE></P><P></P><P><SENTENCE><W>12</W><W>.</W><W>New</W><W>Jack</W><W>City</W><W>(</W><W>Posta</W><W>Boy</W><W>,</W><W>Shells</W><W>,</W><W>Grafh</W><W>,</W><W>Cassidy</W><W>and</W><W>Jae</W><W>Hood</W><W>)</W><W>-</W><W>$</W><W>$</W><W>$</W><W>$</W><W>1/2</W><W>-</W><W>The</W><W>future</W><W>of</W><W>the</W><W>rap</W><W>game</W><W>at</W><W>its</W><W>finest</W><W>.</W></SENTENCE><SENTENCE><C><cue ID="116" type="negation"><W>Not</W></cue></C><xcope ID="117"><ref COMMENTS="" ID="118" SRC="116"></ref><W>to</W><W>mention</W><W>these</W><W>5</W><W>spit</W><W>the</W><W>best</W><W>punch</W><W>line</W><W>out</W><W>there</W></xcope><W>.</W></SENTENCE><SENTENCE><W>Posta</W><W>Boy</W><W>opens</W><W>up</W><C><W>and</W></C><W>shows</W><W>when</W><W>he</W><W>was</W><W>the</W><W>first</W><W>rapper</W><W>from</W><W>106th</W><W>and</W><W>Park</W><W>to</W><W>be</W><W>retired</W><W>.</W></SENTENCE><SENTENCE><W>He</W><W>opens</W><W>up</W><C><W>and</W></C><W>spits</W><C><W>and</W></C><W>above-average</W><W>verse</W><W>here</W><W>.</W></SENTENCE><SENTENCE><W>Next</W><W>up</W><W>is</W><W>Shells</W><W>,</W><W>andhe</W><W>spits</W><W>flame</W><W>.</W></SENTENCE><SENTENCE><W>&#34;</W><W>Yo</W><W>you</W><W>boys</W><W>is</W><W>silly/Im</W><W>next</W><W>says</W><W>Pac</W><W>and</W><W>Biggie/and</W><W>I</W><W>&#39;m</W><W>bout</W><W>Major</W><W>Figgaz</W><W>like</W><W>Dutch</W><W>and</W><W>Gillie/Catch</W><W>Shells</W><W>all-star</W><W>weekend</W><W>down</W><W>in</W><W>Philly/on</W><W>my</W><W>hip</W><W>pack</W><W>heat</W><W>like</W><W>a</W><W>bowl</W><W>of</W><W>chilly</W><W>.</W><W>&#34;</W></SENTENCE><SENTENCE><W>Grafh</W><W>steps</W><W>up</W><W>to</W><W>the</W><W>plate</W><C><W>and</W></C><W>he</W><W>also</W><W>spits</W><W>heat</W><W>.</W></SENTENCE><SENTENCE><W>He</W><W>follows</W><W>the</W><W>chorus</W><W>of</W><W>&#34;</W><W>We</W><W>Just</W><W>Can&#39;t</W><W>get</W><W>along</W><W>&#34;</W><W>with</W><W>&#34;</W><W>cause</W><W>a</W><W>lot</W><W>of</W><W>y</W><W>&#39;all</W><W>are</W><W>fakin/1</W><W>minute</W><W>later</W><W>its</W><W>a</W><W>salama</W><W>lenkum(</W><W>?</W><W>)/2</W><W>minutes</W><W>later</W><W>,</W><W>its</W><W>wheres</W><W>my</W><W>salami</W><W>bacon</W><W>/&#34;</W><W>.</W></SENTENCE><SENTENCE><W>The</W><W>punchline</W><W>king</W><W>Cass</W><W>is</W><W>next</W><C><W>and</W></C><W>spits</W><W>fire</W><W>.</W></SENTENCE><SENTENCE><W>This</W><W>is</W><W>n&#39;t</W><W>nearly</W><W>the</W><W>best</W><W>of</W><W>Cassidy</W><W>but</W><W>its</W><W>still</W><W>tight</W><W>nontheless</W><W>.</W></SENTENCE><SENTENCE><W>The</W><W>prince</W><W>of</W><W>D</W><W>Block</W><W>Jae</W><W>Hood</W><W>comes</W><W>up</W><W>to</W><W>bat</W><C><W>and</W></C><W>knocks</W><W>out</W><W>a</W><W>homer</W><W>,</W><W>like</W><W>he</W><W>had</W><W>a</W><W>corked</W><W>bat</W><W>.</W></SENTENCE><SENTENCE><W>This</W><W>is</W><W>the</W><W>best</W><W>track</W><W>on</W><W>this</W><W>album</W><W>.</W></SENTENCE></P><P></P><P><SENTENCE><W>13</W><W>.</W><W>Westside</W><W>Driveby</W><W>(E-A-Ski</W><W>,</W><W>Mc</W><W>Ren</W><W>and</W><W>Kam</W><W>)</W><W>-</W><W>$</W><W>$</W><W>1/2</W><W>-</W><W>I</W><W>Like</W><W>this</W><W>G-Funk</W><W>beat</W><W>.</W></SENTENCE><SENTENCE><W>Ski</W><W>&#39;s</W><W>verse</W><W>is</W><W>aight</W><W>,</W><C><cue ID="119" type="negation"><W>not</W></cue></C><xcope ID="120"><ref COMMENTS="" ID="121" SRC="119"></ref><W>bad</W><W>at</W><W>all</W></xcope><W>.</W></SENTENCE><SENTENCE><W>Mc</W><W>Ren</W><W>&#39;s</W><W>on</W><W>the</W><W>other</W><W>hand</W><cue ID="122" type="negation"><W>is</W><W>n&#39;t</W></cue><xcope ID="123"><ref COMMENTS="" ID="124" SRC="122"></ref><W>a</W><W>favorite</W><W>of</W><W>mine</W></xcope><W>.</W></SENTENCE><SENTENCE><W>Kam</W><W>just</W><W>spits</W><W>crap</W><W>.</W></SENTENCE><SENTENCE><W>I</W><W>like</W><W>the</W><W>chorus</W><W>though</W><W>.</W></SENTENCE></P><P></P><P><SENTENCE><W>14</W><W>.</W><W>Ima</W><W>Smack</W><W>this</W><W>Muthaf!cka</W></SENTENCE><SENTENCE><W>(</W><W>Nore</W><W>)</W><W>-</W><W>$</W><W>/$</W><W>-</W><W>What</W><W>the</W><W>hell</W><W>is</W><W>this</W><W>?</W></SENTENCE><SENTENCE><W>Dirty</W><W>South</W><W>Nore</W><W>?</W><W>!</W><W>?</W></SENTENCE><SENTENCE><W>He</W><W>musta</W><W>spent</W><W>some</W><W>time</W><W>in</W><W>kentucky</W><W>.</W></SENTENCE><SENTENCE><W>The</W><W>chorus</W><W>here</W><W>is</W><W>trash</W><W>,</W><W>the</W><W>lyrics</W><W>here</W><W>are</W><W>trash</W><C><W>and</W></C><W>the</W><W>beat</W><W>here</W><W>is</W><W>trash</W><W>.</W></SENTENCE><SENTENCE><W>That</W><W>about</W><W>sums</W><W>it</W><W>up</W><W>.</W></SENTENCE></P><P></P><P><SENTENCE><W>15</W><W>.</W><W>Angel</W><W>&#39;s</W><W>Voice</W><W>(</W><W>The</W><W>Flipmode</W><W>Squad</W><W>)</W><W>-</W><W>$</W><W>$</W><W>$</W><W>-</W><W>Bad</W><W>beat</W><W>.</W></SENTENCE><SENTENCE><W>Rampage</W><W>spits</W><W>some</W><W>really</W><W>violent</W><W>lyrics</W><W>here</W><W>,</W><W>even</W><W>though</W><W>that</W><cue ID="125" type="negation"><W>does</W><W>n&#39;t</W></cue><xcope ID="126"><ref COMMENTS="" ID="127" SRC="125"></ref><W>make</W><W>it</W><W>good</W></xcope><W>.</W></SENTENCE><SENTENCE><W>Busta</W><W>comes</W><W>up</W><C><W>and</W></C><W>rips</W><W>this</W><W>song</W><W>up</W><W>.</W></SENTENCE><SENTENCE><W>This</W><W>is</W><W>classic</W><W>Busta</W><W>right</W><W>here</W><W>.</W></SENTENCE><SENTENCE><W>Rah</W><W>Digga</W><W>also</W><W>spits</W><W>a</W><W>tight</W><W>one</W><W>here</W><W>.</W></SENTENCE></P><P></P><P><SENTENCE><W>16</W><W>.</W></SENTENCE><SENTENCE><W>I</W><W>got</W><W>U</W><W>(</W><W>Styles</W><W>P</W><W>and</W><W>Bristal</W><W>)</W><W>-</W><W>$</W><W>$</W><W>-</W><W>This</W><W>is</W><W>a</W><W>Bristal</W><W>song</W><W>with</W><W>an</W><W>SP</W><W>chorus</W><W>.</W></SENTENCE><SENTENCE><W>Styles</W><W>&#39;s</W><W>chorus</W><W>is</W><W>the</W><W>only</W><W>reason</W><W>this</W><W>song</W><W>gets</W><C><W>and</W></C><W>extra</W><W>$</W><W>.</W></SENTENCE><SENTENCE><W>Bristal</W><W>spits</W><W>two</W><W>wack</W><W>verses</W><W>over</W><W>a</W><W>corny</W><W>beat</W><W>.</W></SENTENCE></P><P></P><P><SENTENCE><W>17</W><W>.</W><W>Take</W><W>a</W><W>Look</W><W>at</W><W>My</W><W>Life</W><W>[remix</W><W>]</W><W>(</W><W>Fat</W><W>Joe</W><W>,</W><W>Remi</W><W>Martin</W><W>and</W><W>A</W><W>Bless</W><W>)</W><W>-</W><W>$</W><W>$</W><W>$</W><W>1/2</W><W>-</W><W>This</W><W>beat</W><W>is</W><W>hot</W><W>as</W><W>hell</W><W>.</W></SENTENCE><SENTENCE><W>Fat</W><W>Joe</W><W>starts</W><W>off</W><W>spitting</W><W>his</W><W>own</W><W>version</W><W>of</W><W>Special</W><W>Ed</W><W>&#39;s</W><W>&#34;</W><W>I</W><W>Got</W><W>it</W><W>Made&#34;</W><W>.</W></SENTENCE><SENTENCE><W>After</W><W>that</W><W>he</W><W>spits</W><W>some</W><W>tight</W><W>bars</W><W>then</W><W>it</W><W>goes</W><W>into</W><W>the</W><W>chorus</W><W>which</W><cue ID="128" type="negation"><W>is</W><W>n&#39;t</W></cue><xcope ID="136"><ref COMMENTS="" ID="140" SRC="128"></ref><W>good</W><W>but</W><C><cue ID="129" type="negation"><W>not</W></cue></C><xcope ID="135"><ref COMMENTS="" ID="139" SRC="129"></ref><W>bad</W><C><cue ID="130" type="negation"><W>either</W></cue></C><W>.</W></xcope></xcope></SENTENCE><SENTENCE><W>Reminese</W><W>comes</W><W>up</W><W>next</W><C><W>and</W></C><W>rips</W><W>it</W><W>as</W><W>usual</W><W>.</W></SENTENCE><SENTENCE><W>This</W><cue ID="131" type="negation"><W>is</W><W>n&#39;t</W></cue><xcope ID="134"><ref COMMENTS="" ID="138" SRC="131"></ref><W>her</W><W>best</W></xcope><W>...far</W><W>from</W><W>it</W><W>but</W><W>it</W><W>&#39;s</W><W>still</W><W>good</W><W>.</W></SENTENCE><SENTENCE><W>A</W><W>Bless</W><W>comes</W><W>up</W><C><W>and</W></C><W>even</W><W>though</W><W>i</W><W>&#39;ve</W><C><cue ID="132" type="negation"><W>never</W></cue></C><xcope ID="133"><ref COMMENTS="" ID="137" SRC="132"></ref><W>heard</W><W>of</W><W>him</W><W>he</W><W>rips</W><W>it</W></xcope><W>.</W></SENTENCE><SENTENCE><W>DJ</W><W>Kayslay</W><W>comes</W><W>up</W><W>at</W><W>the</W><W>end</W><W>ruining</W><W>it</W><W>screaming</W><W>more</W><W>i</W><W>&#39;ll</W><W>slap</W><W>your</W><W>favorite</W><W>DJ</W><W>trash</W><W>.</W></SENTENCE></P><P></P><P><SENTENCE><W>18</W><W>.</W><W>Coast</W><W>to</W><W>Coast</W><W>gangstas</W><W>(</W><W>Sauce</W><W>Money</W><W>,</W><W>Joe</W><W>Budden</W><W>,</W><W>WC</W><W>,</W><W>Bun</W><W>B</W><W>,</W><W>Killer</W><W>Mike</W><W>and</W><W>Hak</W><W>Ditty</W><W>)</W><W>-</W><W>$</W><W>$</W><W>$</W><W>-</W><W>Sauce</W><W>Money</W><W>starts</W><W>off</W><C><W>and</W></C><W>spits</W><W>a</W><W>terrible</W><W>verse</W><W>.</W></SENTENCE><SENTENCE><W>Next</W><W>up</W><W>Killer</W><W>Mike</W><W>.</W></SENTENCE><SENTENCE><W>A</W><W>pretty</W><W>tight</W><W>verse</W><W>for</W><W>Mike</W><W>even</W><W>though</W><W>I</W><W>am</W><C><cue ID="141" type="negation"><W>not</W></cue></C><xcope ID="142"><ref COMMENTS="" ID="143" SRC="141"></ref><W>a</W><W>fan</W><W>of</W><W>his</W></xcope><W>.</W></SENTENCE><SENTENCE><W>Bun</W><W>B</W><W>is</W><W>next</W><C><W>and</W></C><W>he</W><W>does</W><W>a</W><W>nice</W><W>job</W><W>on</W><W>this</W><W>track</W><W>.</W></SENTENCE><SENTENCE><W>Someone</W><W>comes</W><W>up</W><W>just</W><W>naming</W><W>different</W><W>types</W><W>of</W><W>guns</W><W>,</W><W>then</W><W>WC</W><W>comes</W><W>up</W><W>spittin</W><W>fire</W><W>.</W></SENTENCE><SENTENCE><W>Joe</W><W>Budden</W><W>also</W><W>kills</W><W>this</W><W>track</W><W>.</W></SENTENCE><SENTENCE><W>Hak</W><W>Ditty</W><W>comes</W><W>up</W><W>last</W><C><W>and</W></C><W>spoils</W><W>the</W><W>track</W><W>with</W><W>a</W><W>bad</W><W>rap</W><W>.</W></SENTENCE></P><P></P><P><SENTENCE><W>19</W><W>.</W><W>Nino</W><W>Brown</W><W>(</W><W>Wyclef</W><W>and</W><W>Hollywood</W><W>)</W><W>-</W><W>0.1$</W><W>-</W><W>TRASH</W></SENTENCE></P><P></P><P><SENTENCE><W>20</W><W>.</W></SENTENCE><SENTENCE><W>Put</W><W>that</W><W>Thing</W><W>Down</W><W>(8Ball</W><W>and</W><W>MJG)</W><W>-</W><W>$</W><W>$</W><W>$</W><W>-</W><W>This</W><W>beat</W><W>is</W><W>aight</W><W>.</W></SENTENCE><SENTENCE><W>8Ball</W><W>rips</W><W>this</W><W>joint</W><W>up</W><W>.</W></SENTENCE><SENTENCE><W>MJG</W><W>is</W><W>a</W><W>funny</W><W>dude</W><W>.</W></SENTENCE><SENTENCE><W>He</W><W>just</W><W>talks</W><W>stupid</W><W>sh</W><W>!t</W><W>but</W><W>it</W><W>does</W><W>n&#39;t</W><W>mess</W><W>up</W><W>the</W><W>song</W><W>,</W><W>it</W><W>fits</W><W>perfectly</W><W>.</W></SENTENCE><SENTENCE><W>A</W><W>pretty</W><W>nice</W><W>track</W><W>to</W><W>end</W><W>the</W><W>album</W><W>with</W><W>.</W></SENTENCE></P><P></P><P><SENTENCE><W>I</W><C><cue ID="144" type="speculation"><W>can</W></cue></C><xcope ID="155"><ref COMMENTS="" ID="157" SRC="144"></ref><W>honestly</W><W>say</W><W>there</W><W>are</W><W>only</W><W>3</W><W>tracks</W><W>that</W><W>I</W><C><cue ID="145" type="speculation"><W>could</W></cue></C><xcope ID="154"><ref COMMENTS="" ID="156" SRC="145"></ref><W>listen</W><W>to</W><W>on</W><W>the</W><W>regular</W><W>basis</W></xcope></xcope><W>.</W></SENTENCE><SENTENCE><W>They</W><W>are</W><W>&#34;</W><W>7</W><W>deadly</W><W>Sins</W><W>&#34;</W><W>&#34;</W><W>New</W><W>Jack</W><W>City</W><W>&#34;</W><W>and</W><W>&#34;</W><W>Take</W><W>a</W><W>Look</W><W>at</W><W>my</W><W>Life[remix</W><W>]&#34;</W><W>.</W></SENTENCE><SENTENCE><W>Kayslay</W><C><cue ID="146" type="speculation"><W>should</W></cue></C><xcope ID="153"><ref COMMENTS="" ID="158" SRC="146"></ref><W>have</W><W>officially</W><W>released</W><W>&#34;</W><W>Month</W><W>of</W><W>the</W><W>Bad</W><W>Guy</W><W>pt.2&#34;</W><C><W>instead</W></C><W>of</W><W>this</W><W>trash</W></xcope><W>.</W></SENTENCE><SENTENCE><W>That</W><W>has</W><W>songs</W><W>I</W><C><cue ID="147" type="speculation"><W>can</W></cue></C><xcope ID="152"><ref COMMENTS="" ID="159" SRC="147"></ref><W>actually</W><W>listen</W><W>to</W><W>,</W><W>such</W><W>as</W><W>&#34;</W><W>When</W><W>You</W><W>hear</W><W>That</W><W>&#34;</W><W>by</W><W>Beanie</W><W>Sigel</W><W>,</W><W>ODB</W><W>and</W><W>Peedi</W><W>Crakk</W><W>,</W><W>&#34;</W><W>7</W><W>Deadly</W><W>Sins</W><W>&#34;</W><W>,</W><W>&#34;</W><W>Fire</W><W>&#34;</W><W>by</W><W>Joe</W><W>Budden</W><W>and</W><W>Busta</W><W>Rhymes</W><W>,</W><W>a</W><W>couple</W><W>Lumidee</W><W>remixes</W><W>,</W><W>&#34;</W><W>Money</W><W>Mayne</W><W>&#34;</W><W>by</W><W>50</W><W>Cent</W><W>and</W><W>Lil</W><W>Flip</W><W>,</W><W>&#34;</W><W>Get</W><W>Familiar</W><W>&#34;</W><W>by</W><W>50</W><W>Cent</W><W>and</W><W>XL</W><W>,</W><C><W>and</W></C><W>&#34;</W><W>Party</W><W>Ova</W><W>Here</W><W>&#34;</W><W>by</W><W>Rah</W><W>Digga</W><W>and</W><W>Lloyd</W><W>Banks</W></xcope><W>.</W></SENTENCE><SENTENCE><C><W>Instead</W></C><W>of</W><W>picking</W><W>up</W><W>this</W><W>garbage</W><W>,</W><W>you</W><C><cue ID="148" type="speculation"><W>might</W></cue></C><xcope ID="151"><ref COMMENTS="" ID="161" SRC="148"></ref><W>as</W><W>well</W><W>hit</W><W>a</W><W>street</W><W>corner</W><W>up</W><C><W>and</W></C><W>see</W><C><cue ID="149" type="speculation"><W>if</W></cue></C><xcope ID="150"><ref COMMENTS="" ID="160" SRC="149"></ref><W>someone</W><W>is</W><W>pushin</W><W>the</W><W>newest</W><W>Streetsweepers</W><W>mixtape</W><C><W>instead</W></C><W>of</W><W>picking</W><W>up</W><W>this</W><W>crappy</W><W>one</W></xcope></xcope><W>.</W></SENTENCE></P></DOCUMENT>
