<?xml version="1.0" encoding="UTF-8"?>
<DOCUMENT><P></P><P><SENTENCE><W>Ok</W><W>.</W><W>.</W><W>so</W><W>lemme</W><W>break</W><W>it</W><W>down</W><W>for</W><W>ya</W><W>.</W></SENTENCE><SENTENCE><W>Cash</W><W>Money</W><W>Millionaires</W><W>came</W><W>along</W><W>many</W><W>years</W><W>ago</W><W>,</W><W>but</W><cue ID="0" type="negation"><W>were</W><W>n&#39;t</W></cue><xcope ID="5"><ref COMMENTS="" ID="14" SRC="0"></ref><W>recognized</W><W>until</W><W>1998</W><W>when</W><W>they</W><W>had</W><W>a</W><W>huge</W><W>empire</W><W>of</W><W>hit-making</W><W>south</W><W>rappers</W><W>with</W><C><cue ID="1" type="negation"><W>no</W></cue></C><xcope ID="4"><ref COMMENTS="" ID="13" SRC="1"></ref><W>talent</W></xcope><W>,</W><W>but</W><W>catchy</W><W>songs</W></xcope><W>.</W></SENTENCE><SENTENCE><W>The</W><W>main</W><W>acts</W><W>in</W><W>Cash</W><W>Money</W><W>were</W><W>Juvenile</W><W>,</W><W>Lil</W><W>Wayne</W><W>,</W><W>Turk</W><W>,</W><C><W>and</W></C><W>B.G.</W><W>,</W><W>known</W><W>as</W><W>the</W><W>Hot</W><W>Boys</W><W>.</W></SENTENCE><SENTENCE><W>However</W><W>,</W><W>in</W><W>2001</W><W>,</W><W>they</W><W>all</W><W>made</W><W>the</W><W>smartest</W><W>moves</W><W>in</W><W>their</W><W>careers</W><W>,</W><C><W>and</W></C><W>walked</W><W>out</W><W>on</W><W>Cash</W><W>Money</W><W>Records</W><W>,</W><W>excluding</W><W>Lil</W><W>Wayne</W><W>,</W><W>who</W><W>remained</W><W>.</W></SENTENCE><SENTENCE><W>The</W><W>others</W><W>complained</W><W>about</W><C><cue ID="2" type="negation"><W>not</W></cue></C><xcope ID="6"><ref COMMENTS="" ID="12" SRC="2"></ref><W>recieving</W><W>their</W><W>neccessary</W><W>money</W><W>from</W><W>album</W><W>sales</W><W>,</W><C><W>and</W></C><W>walked</W><W>out</W></xcope><W>.</W></SENTENCE><SENTENCE><W>The</W><W>Cash</W><W>Money</W><W>empire</W><W>was</W><W>all</W><W>but</W><W>destroyed</W><W>as</W><W>they</W><W>released</W><W>mediocre</W><W>record</W><W>in</W><W>which</W><W>even</W><W>commercial</W><W>fans</W><W>were</W><W>shunning</W><W>.</W></SENTENCE><SENTENCE><W>The</W><W>underground</W><W>fans</W><W>cheered</W><W>as</W><W>the</W><W>downfall</W><W>of</W><W>one</W><W>of</W><W>hip</W><W>hop</W><W>&#39;s</W><W>horrible</W><W>empires</W><W>was</W><W>destroyed</W><W>worse</W><W>than</W><W>Rome</W><W>.</W></SENTENCE><SENTENCE><W>These</W><W>guys</W><W>gave</W><W>Hip</W><W>Hop</W><W>a</W><W>bad</W><W>name</W><W>,</W><C><W>and</W></C><W>it</W><W>was</W><W>only</W><W>a</W><W>matter</W><W>of</W><W>time</W><W>before</W><W>they</W><W>fell</W><W>.</W></SENTENCE><SENTENCE><W>Unfortunately</W><W>,</W><W>this</W><W>was</W><C><cue ID="3" type="negation"><W>not</W></cue></C><xcope ID="7"><ref COMMENTS="" ID="11" SRC="3"></ref><W>the</W><W>case</W></xcope><W>.</W></SENTENCE><SENTENCE><W>The</W><W>CEO</W><W>of</W><W>the</W><W>company</W><W>,</W><W>Brian</W><W>Williams</W><W>,</W><W>a.k</W><W>.a</W><W>.</W></SENTENCE><SENTENCE><W>Baby</W><W>...</W><W>the</W><W>#</W><W>1</W><W>Stunna</W><W>,</W><W>decided</W><W>to</W><W>become</W><W>a</W><W>rapper</W><C><W>and</W></C><W>go</W><W>solo</W><W>.</W></SENTENCE><SENTENCE><W>Hed</W><W>been</W><W>rapping</W><W>as</W><W>part</W><W>of</W><W>the</W><W>duo</W><W>of</W><W>the</W><W>Big</W><W>Tymers</W><W>,</W><W>but</W><W>this</W><W>time</W><W>has</W><W>decided</W><W>to</W><W>rest</W><W>the</W><W>company</W><W>&#39;s</W><W>fate</W><W>on</W><W>his</W><W>shoulders</W><W>,</W><C><W>and</W></C><W>release</W><W>Birdman</W><W>in</W><W>2003</W><W>.</W></SENTENCE><SENTENCE><W>The</W><W>album</W><W>sucks</W><W>,</W><W>but</W><W>it</W><W>sold</W><W>...</W><W>everybody</W><W>likes</W><W>it</W><W>.</W><W>.</W><C><W>and</W></C><W>i</W><cue ID="8" type="speculation"><C><W>feel</W></C><W>like</W></cue><xcope ID="9"><ref COMMENTS="" ID="10" SRC="8"></ref><W>quitting</W><W>rap</W><C><W>and</W></C><W>becoming</W><W>a</W><W>sniper</W><W>now</W><W>just</W><W>to</W><W>end</W><W>Baby</W><W>&#39;s</W><W>life</W></xcope><W>...</W></SENTENCE></P><P></P><P><SENTENCE><W>Track</W><W>List</W><W>and</W><W>Rating</W></SENTENCE></P><P></P><P><SENTENCE><W>1</W><W>.</W><W>Bird</W><W>Lady</W><W>Talkin&#39;</W><W>(</W><W>Intro</W><W>)</W><W>(</W><C><W>NOT</W></C><W>RATED</W><W>)</W></SENTENCE></P><P></P><P><SENTENCE><W>2.</W><W>Looks</W><W>Like</W><W>a</W><W>Job</W><W>4...</W><W>(</W><W>0</W><W>Stars</W><W>)</W></SENTENCE></P><P></P><P><SENTENCE><W>3.</W><W>Fly</W><W>in</W><W>Any</W><W>Weather</W><W>f/</W><W>Jazze</W><W>Pha</W><W>(</W><W>0</W><W>Stars</W><W>)</W></SENTENCE></P><P></P><P><SENTENCE><W>4</W><W>.</W><W>Ms.</W><W>Bird</W><W>Pageant</W><W>,</W><W>Pt</W><W>.</W><W>1</W><W>(</W><C><W>NOT</W></C><W>RATED</W><W>)</W></SENTENCE></P><P></P><P><SENTENCE><W>5</W><W>.</W><W>Ms.</W><W>Bird</W><W>f/</W><W>Mannie</W><W>Fresh</W><W>(</W><W>0</W><W>Stars</W><W>)</W></SENTENCE></P><P></P><P><SENTENCE><W>6</W><W>.</W></SENTENCE><SENTENCE><W>I</W><W>Got</W><W>To</W><W>f/</W><W>Lil</W><W>Wayne</W><W>(</W><W>0</W><W>Stars</W><W>)</W></SENTENCE></P><P></P><P><SENTENCE><W>7.</W><C><W>Never</W></C><W>Had</W><W>Nothin&#39;</W><W>(</W><W>0</W><W>Stars</W><W>)</W></SENTENCE></P><P></P><P><SENTENCE><W>8.</W><W>Baby</W><W>You</W><C><W>Can</W></C><W>Do</W><W>It</W><W>f/</W><W>Toni</W><W>Braxton</W><W>(</W><W>0</W><W>Stars</W><W>)</W></SENTENCE></P><P></P><P><SENTENCE><W>9</W><W>.</W><W>Ms.</W><W>Bird</W><W>Live</W><W>from</W><W>Superdome</W><W>(</W><C><W>NOT</W></C><W>RATED</W><W>)</W></SENTENCE></P><P></P><P><SENTENCE><W>10</W><W>.</W><W>What</W><W>Happened</W><W>to</W><W>That</W><W>Boy</W><W>f/</W><W>The</W><W>Clipse</W><W>and</W><W>Pharrell</W><W>Williams</W><W>(</W><W>1</W><W>Star</W><W>)</W></SENTENCE></P><P></P><P><SENTENCE><W>11</W><W>.</W><W>On</W><W>the</W><W>Rocks</W><W>f/</W><W>Stone</W><W>,</W><W>&#39;</W><W>Lac</W><W>,</W><W>Jazze</W><W>Pha</W><W>(</W><W>0</W><W>Stars</W><W>)</W></SENTENCE></P><P></P><P><SENTENCE><W>12</W><W>.</W><W>How</W><W>It</W><W>Be</W><W>f/</W><W>Jermaine</W><W>Dupri</W><W>,</W><W>TQ</W><W>(</W><W>0</W><W>Stars</W><W>)</W></SENTENCE></P><P></P><P><SENTENCE><W>13</W><W>.</W><W>Heads</W><W>Up</W><W>f/</W><W>The</W><W>D</W><W>Boys</W><W>(</W><W>0</W><W>Stars</W><W>)</W></SENTENCE></P><P></P><P><SENTENCE><W>14</W><W>.</W><W>Hustlas</W><W>,</W><W>Pimps</W><C><W>and</W></C><W>Thugs</W><W>(</W><W>0</W><W>Stars</W><W>)</W></SENTENCE></P><P></P><P><SENTENCE><W>15</W><W>.</W><W>Fly</W><W>Away</W><W>(</W><W>0</W><W>Stars</W><W>)</W></SENTENCE></P><P></P><P><SENTENCE><W>16</W><W>.</W><W>Say</W><W>It</W><W>Ain&#39;t</W><W>So</W><W>f/</W><W>Boo</W><W>and</W><W>Gotti</W><W>,</W><W>Keith</W><W>Murray</W><W>,</W><W>Mikkey</W><W>(</W><W>0</W><W>Stars</W><W>)</W></SENTENCE></P><P></P><P><SENTENCE><W>17</W><W>.</W></SENTENCE><SENTENCE><W>Ms.</W><W>Bird</W><W>Pageant</W><W>,</W><W>Pt</W><W>.</W><W>3</W><W>(</W><C><W>NOT</W></C><W>RATED</W><W>)</W></SENTENCE></P><P></P><P><SENTENCE><W>18</W><W>.</W><W>Do</W><W>That</W><W>....</W><W>f/</W><W>Mannie</W><W>Fresh</W><W>and</W><W>P.</W><W>Diddy</W><W>(</W><W>0</W><W>Stars</W><W>)</W></SENTENCE></P><P></P><P><SENTENCE><W>19</W><W>.</W><W>Ice</W><W>Cold</W><W>f/</W><W>Jazze</W><W>Pha</W><W>,</W><W>TQ</W><W>(</W><W>0</W><W>Stars</W><W>)</W></SENTENCE></P><P></P><P><SENTENCE><W>20</W><W>.</W></SENTENCE><SENTENCE><W>Ms.</W><W>Bird</W><W>Pageant</W><W>,</W><W>Pt</W><W>.</W><W>4</W><W>(</W><C><W>NOT</W></C><W>RATED</W><W>)</W></SENTENCE></P><P></P><P><SENTENCE><W>21</W><W>.</W><W>Ghetto</W><W>Life</W><W>f/</W><W>Lil</W><W>&#39;</W><W>Wayne</W><W>,</W><W>Cam&#39;Ron</W><W>(</W><W>0</W><W>Stars</W><W>)</W></SENTENCE></P><P></P><P><SENTENCE><W>22</W><W>.</W><W>Keeps</W><W>Spinnin</W><W>f/</W><W>Petey</W><W>Pablo</W><W>(</W><W>0</W><W>Stars</W><W>)</W></SENTENCE></P><P></P><P><SENTENCE><W>The</W><W>production</W><W>on</W><W>this</W><W>album</W><W>is</W><W>led</W><W>by</W><W>two</W><W>main</W><W>producers</W><W>:</W><W>Mannie</W><W>Fresh</W><C><W>and</W></C><W>newly</W><W>signed</W><W>Jazze</W><W>Pha</W><W>.</W></SENTENCE><SENTENCE><W>Both</W><W>individuals</W><W>have</W><W>something</W><W>in</W><W>common</W><W>:</W><W>they</W><W>are</W><W>both</W><W>ridiculously</W><W>out</W><W>of</W><W>shape</W><W>,</W><C><W>and</W></C><W>they</W><W>both</W><W>have</W><C><cue ID="15" type="negation"><W>no</W></cue></C><xcope ID="23"><ref COMMENTS="" ID="25" SRC="15"></ref><W>skill</W></xcope><W>.</W></SENTENCE><SENTENCE><W>Both</W><W>have</W><W>the</W><W>same</W><W>style</W><W>of</W><W>production</W><W>as</W><W>well</W><W>,</W><W>typically</W><W>synthesized</W><W>club</W><W>beats</W><C><W>and</W></C><W>jazzy</W><W>instrumentals</W><W>.</W></SENTENCE><SENTENCE><W>Using</W><W>fast</W><W>cellos</W><C><W>and</W></C><W>guitars</W><W>,</W><W>mixed</W><W>with</W><W>thumping</W><W>basslines</W><W>,</W><W>it</W><W>sounds</W><W>good</W><W>,</W><W>but</W><W>its</W><W>horribly</W><W>orchestrated</W><W>.</W></SENTENCE><SENTENCE><W>At</W><W>times</W><W>,</W><W>its</W><W>so</W><W>loud</W><W>that</W><W>its</W><W>unlistenable</W><W>.</W></SENTENCE><SENTENCE><W>The</W><W>other</W><W>producers</W><W>on</W><W>here</W><W>are</W><W>Jermaine</W><W>Dupri</W><W>,</W><W>P.</W><W>Diddy</W><W>,</W><W>Timbaland</W><W>,</W><C><W>and</W></C><W>The</W><W>Neptunes</W><W>,</W><W>which</W><W>all</W><W>suck</W><W>.</W></SENTENCE><SENTENCE><W>The</W><W>production</W><W>isnt</W><W>as</W><W>annoying</W><W>as</W><W>the</W><W>lyricism</W><W>,</W><W>because</W><W>as</W><W>most</W><W>of</W><W>you</W><W>know</W><W>,</W><W>commercial</W><W>rappers</W><W>,</W><W>specially</W><W>those</W><W>in</W><W>Cash</W><W>Money</W><W>,</W><W>have</W><W>absolutely</W><C><cue ID="16" type="negation"><W>no</W></cue></C><xcope ID="20"><ref COMMENTS="" ID="24" SRC="16"></ref><xcope ID="19"><ref COMMENTS="" ID="21" SRC="17"></ref><W>talent</W><W>,</W></xcope><C><cue ID="17" type="speculation"><W>or</W></cue></C><xcope ID="18"><ref COMMENTS="" ID="22" SRC="17"></ref><W>taste</W></xcope></xcope><W>.</W></SENTENCE></P><P></P><P><SENTENCE><W>Baby</W><W>proves</W><W>time</W><C><W>and</W></C><W>time</W><W>again</W><W>that</W><W>he</W><W>has</W><W>an</W><W>extreme</W><C><W>lack</W></C><W>of</W><W>charisma</W><W>,</W><W>though</W><W>he</W><W>tries</W><W>his</W><W>best</W><W>,</W><C><W>and</W></C><C><W>lack</W></C><W>of</W><W>talent</W><W>.</W></SENTENCE><SENTENCE><W>Even</W><W>with</W><W>a</W><W>plethora</W><W>of</W><W>guest</W><W>appearances</W><C><W>and</W></C><W>useless</W><W>skits</W><W>,</W><W>Baby</W><W>proves</W><W>that</W><W>there</W><W>is</W><W>still</W><C><cue ID="26" type="negation"><W>no</W></cue></C><xcope ID="29"><ref COMMENTS="" ID="30" SRC="26"></ref><W>way</W><W>for</W><W>him</W><W>to</W><W>put</W><W>together</W><W>a</W><W>solid</W><W>album</W></xcope><W>.</W></SENTENCE><SENTENCE><W>He</W><W>is</W><W>extremely</W><W>unintelligent</W><W>,</W><W>uncreative</W><W>,</W><W>cliche</W><W>,</W><C><W>and</W></C><W>frankly</W><W>,</W><W>extremely</W><W>BORING.</W></SENTENCE><SENTENCE><W>I</W><W>almost</W><W>fell</W><W>asleep</W><W>listening</W><W>to</W><W>this</W><W>album</W><W>at</W><W>how</W><W>bad</W><W>it</W><W>is</W><W>.</W></SENTENCE><SENTENCE><C><cue ID="27" type="negation"><W>Not</W></cue></C><xcope ID="28"><ref COMMENTS="" ID="31" SRC="27"></ref><W>to</W><W>mention</W><W>he</W><W>relies</W><W>on</W><W>his</W><W>ridiculous</W><W>birdcall</W></xcope><W>.</W></SENTENCE><SENTENCE><W>It</W><W>makes</W><W>me</W><W>laugh</W><W>that</W><W>he</W><W>goes</W><W>on</W><W>TV</W><C><W>and</W></C><W>thinks</W><W>hes</W><W>cool</W><W>,</W><W>when</W><W>hes</W><W>making</W><W>himself</W><W>look</W><W>like</W><W>a</W><W>complete</W><W>idiot</W><W>with</W><W>his</W><W>wobbly</W><W>movements</W><C><W>and</W></C><W>his</W><W>attempt</W><W>to</W><W>dance</W><W>makes</W><W>him</W><W>look</W><W>like</W><W>a</W><W>piece</W><W>of</W><W>80</W><W>year</W><W>old</W><W>jello</W><W>after</W><W>its</W><W>been</W><W>hit</W><W>with</W><W>a</W><W>fork</W><W>.</W></SENTENCE><SENTENCE><W>The</W><W>dude</W><W>looks</W><W>80</W><W>too</W><W>,</W><W>did</W><W>i</W><W>mention</W><W>that</W><W>?</W></SENTENCE><SENTENCE><W>Musically</W><W>,</W><W>Birdman</W><W>has</W><W>NOTHING</W><W>to</W><W>offer</W><W>whatsoever</W><W>.</W></SENTENCE><SENTENCE><W>The</W><W>sad</W><W>thing</W><W>is</W><W>,</W><W>this</W><W>album</W><W>has</W><C><cue ID="32" type="negation"><W>NO</W></cue></C><xcope ID="34"><ref COMMENTS="" ID="35" SRC="32"></ref><W>LISTENABLE</W><W>material</W><W>at</W><W>all</W></xcope><W>.</W></SENTENCE><SENTENCE><C><cue ID="33" type="negation"><W>None</W></cue></C><W>.</W></SENTENCE><SENTENCE><W>Zero</W><W>.</W></SENTENCE><SENTENCE><W>Zip</W><W>.</W></SENTENCE><SENTENCE><W>Nada</W><W>.</W></SENTENCE></P><P></P><P><SENTENCE><W>The</W><W>lead</W><W>single</W><W>from</W><W>this</W><W>album</W><W>is</W><W>the</W><C><cue ID="36" type="speculation"><W>supposed</W></cue></C><W>&#34;</W><xcope ID="44"><ref COMMENTS="" ID="45" SRC="36"></ref><W>catchy</W><W>&#34;</W><W>club</W><W>song</W><W>&#34;</W><W>Do</W><W>That&#34;</W></xcope><W>.</W></SENTENCE><SENTENCE><W>We</W><W>hear</W><W>the</W><W>words</W><W>&#34;</W><W>This</W><W>is</W><W>a</W><W>Cash</W><W>Money</W><W>/</W><W>Bad</W><W>Boy</W><W>...</W><W>Collaboration&#34;</W><W>,</W><W>to</W><W>me</W><W>,</W><W>its</W><W>the</W><W>equivalent</W><W>of</W><W>hearing</W><W>This</W><W>is</W><W>a</W><W>Saddam</W><W>Hussein</W><W>/</W><W>Osama</W><W>Bin</W><W>Laden</W><W>Collaboration</W><W>,</W><W>two</W><W>completely</W><W>evil</W><W>entities</W><W>combining</W><W>to</W><W>give</W><W>us</W><W>a</W><W>complete</W><W>trash</W><W>of</W><W>a</W><W>record</W><W>,</W><W>which</W><W>makes</W><W>me</W><W>want</W><W>to</W><W>shoot</W><W>the</W><W>television</W><W>.</W></SENTENCE><SENTENCE><W>Sad</W><W>thing</W><W>is</W><W>,</W><W>these</W><W>guys</W><C><W>think</W></C><W>they</W><W>are</W><W>&#34;</W><W>cool&#34;</W><W>,</W><C><W>and</W></C><W>they</W><W>are</W><W>making</W><W>complete</W><W>fools</W><W>out</W><W>of</W><W>themselves</W><W>.</W></SENTENCE><SENTENCE><W>Im</W><W>100</W><W>%</W><W>sure</W><W>that</W><C><cue ID="37" type="speculation"><W>if</W></cue></C><xcope ID="48"><ref COMMENTS="" ID="49" SRC="37"></ref><W>they</W><cue ID="38" type="negation"><W>were</W><W>n&#39;t</W></cue><xcope ID="43"><ref COMMENTS="" ID="47" SRC="38"></ref><W>rich</W></xcope></xcope><W>,</W><W>women</W><cue ID="41" type="speculation"><C><W>would</W></C><W>n&#39;t</W></cue><xcope ID="42"><ref COMMENTS="" ID="46" SRC="41"></ref><W>even</W><W>look</W><W>at</W><W>them</W></xcope><W>.</W></SENTENCE><SENTENCE><W>I</W><W>mean</W><W>,</W><W>asking</W><W>my</W><W>girlfriend</W><W>Rocio</W><W>,</W><W>she</W><W>even</W><W>agreed</W><W>100</W><W>%</W><W>that</W><W>those</W><W>guys</W><W>are</W><W>hideous</W><W>inside</W><C><W>and</W></C><W>out</W><W>,</W><C><W>and</W></C><W>its</W><C><cue ID="50" type="negation"><W>not</W></cue></C><xcope ID="51"><ref COMMENTS="" ID="52" SRC="50"></ref><W>even</W><W>about</W><W>looks</W></xcope><W>,</W><W>they</W><W>are</W><W>complete</W><W>a**holes</W><W>due</W><W>to</W><W>their</W><W>love</W><W>of</W><W>money</W><C><W>and</W></C><W>p*ssy</W><W>,</W><W>which</W><W>is</W><W>why</W><W>only</W><W>greedy</W><W>sluts</W><W>hang</W><W>out</W><W>with</W><W>them</W><W>...</W><W>makes</W><W>sense</W><W>doesnt</W><W>it</W><W>?</W></SENTENCE></P><P></P><P><SENTENCE><W>I</W><W>was</W><W>recently</W><W>driving</W><W>along</W><W>my</W><W>neighborhood</W><W>when</W><W>i</W><W>hear</W><W>a</W><W>young</W><W>latino</W><W>boy</W><W>,</W><W>about</W><W>13</W><W>years</W><W>old</W><W>,</W><W>with</W><W>two</W><W>of</W><W>his</W><W>friends</W><W>,</W><W>doing</W><W>a</W><W>very</W><W>gay</W><W>birdcall</W><C><W>and</W></C><W>yelling</W><W>&#34;</W><W>What</W><W>happened</W><W>to</W><W>dat</W><W>Boy&#34;</W><W>.</W></SENTENCE><SENTENCE><W>At</W><W>this</W><W>point</W><W>,</W><W>one</W><W>word</W><W>instantly</W><W>entered</W><W>my</W><W>mind</W><W>:</W><W>&#34;</W><W>Driveby&#34;</W><W>.</W></SENTENCE><SENTENCE><W>Of</W><W>course</W><W>,</W><W>then</W><W>i</W><W>remembered</W><W>that</W><W>i</W><W>cant</W><W>go</W><W>to</W><W>jail</W><W>again</W><W>,</W><W>so</W><W>i</W><W>proceeded</W><W>driving</W><W>,</W><W>gritting</W><W>my</W><W>teeth</W><W>in</W><W>anger</W><C><W>and</W></C><W>going</W><W>at</W><W>about</W><W>50</W><W>in</W><W>a</W><W>residential</W><W>area</W><W>.</W></SENTENCE><SENTENCE><W>My</W><W>love</W><W>for</W><W>hip</W><W>hop</W><W>is</W><W>truly</W><W>strong</W><W>.</W></SENTENCE><SENTENCE><W>Of</W><W>course</W><W>,</W><W>they</W><W>were</W><W>singing</W><W>the</W><W>ridiculously</W><W>stupid</W><W>&#34;</W><W>What</W><W>happened</W><W>to</W><W>that</W><W>Boy&#34;</W><W>.</W></SENTENCE><SENTENCE><W>On</W><W>here</W><W>,</W><W>Baby</W><W>brings</W><W>in</W><W>former-underground</W><W>sell-outs</W><W>The</W><W>Clipse</W><W>to</W><W>help</W><W>Baby</W><W>try</W><W>to</W><W>rap</W><W>.</W></SENTENCE><SENTENCE><W>Baby</W><W>gives</W><W>us</W><W>a</W><W>ridiculously</W><W>mediocre</W><W>verse</W><W>,</W><W>while</W><W>the</W><W>Clipse</W><W>raps</W><W>crap</W><W>also</W><W>,</W><W>but</W><W>they</W><W>admittedly</W><W>have</W><W>a</W><W>few</W><W>clever</W><W>punchlines</W><W>.</W></SENTENCE><SENTENCE><W>Typical</W><W>rags</W><W>to</W><W>riches</W><W>story</W><W>which</W><W>is</W><W>ruined</W><W>by</W><W>Baby</W><W>&#39;s</W><W>ridiculously</W><W>materialistic</W><W>verse</W><W>.</W></SENTENCE><SENTENCE><W>Funny</W><W>that</W><W>on</W><W>both</W><W>the</W><W>singles</W><W>from</W><W>his</W><W>videos</W><W>,</W><W>you</W><W>see</W><W>him</W><W>prancing</W><W>around</W><C><W>and</W></C><W>wiggling</W><W>his</W><W>hands</W><W>like</W><W>a</W><W>little</W><W>girl</W><W>,</W><W>in</W><W>which</W><W>i</W><W>really</W><C><cue ID="53" type="speculation"><W>think</W></cue></C><xcope ID="54"><ref COMMENTS="" ID="55" SRC="53"></ref><W>that</W><W>Baby</W><W>is</W><W>a</W><W>f*ckin</W><W>f*ggot</W></xcope><W>.</W></SENTENCE></P><P></P><P><SENTENCE><W>But</W><W>of</W><W>course</W><W>,</W><W>the</W><W>materialism</W><W>conquers</W><W>this</W><W>entire</W><W>album</W><W>.</W></SENTENCE><SENTENCE><W>I</W><W>swear</W><W>to</W><W>god</W><W>you</W><W>hear</W><W>f*ckin</W><W>Baby</W><W>rapping</W><W>about</W><W>his</W><W>cars</W><W>,</W><W>jewelry</W><W>,</W><W>money</W><W>,</W><C><W>and</W></C><W>girls</W><W>over</W><C><W>and</W></C><W>over</W><W>again</W><W>sooooo</W><W>much</W><W>that</W><W>it</W><W>drives</W><W>you</W><W>to</W><W>shoot</W><W>yourself</W><W>literally</W><W>.</W></SENTENCE><SENTENCE><W>Baby</W><W>brags</W><W>about</W><W>his</W><W>amazing</W><W>status</W><C><W>and</W></C><W>i</W><W>guarantee</W><W>you</W><W>that</W><C><cue ID="56" type="speculation"><W>if</W></cue></C><xcope ID="61"><ref COMMENTS="" ID="62" SRC="56"></ref><W>he</W><W>comes</W><W>around</W><W>to</W><W>my</W><W>neighborhood</W><W>,</W><W>i</W><W>will</W><W>personally</W><W>kick</W><W>his</W><W>a**</W><W>,</W><W>steal</W><W>all</W><W>his</W><W>jewelry</W><W>,</W><W>even</W><W>his</W><W>teeth</W><W>,</W><C><W>and</W></C><W>pawn</W><W>the</W><W>sh*t</W></xcope><W>.</W></SENTENCE><SENTENCE><C><W>And</W></C><W>yes</W><W>,</W><W>i</W><W>promise</W><W>i</W><W>will</W><W>....</W><W>swear</W><W>on</W><W>my</W><W>life</W><W>,</W><W>hed</W><W>better</W><W>be</W><W>armed</W><W>.</W></SENTENCE><SENTENCE><W>On</W><W>tracks</W><W>like</W><W>&#34;</W><W>How</W><W>it</W><W>Be&#34;</W><W>,</W><W>&#34;</W><W>Baby</W><W>You</W><C><W>Can</W></C><W>Do</W><W>It&#34;</W><W>,</W><W>&#34;</W><W>Keeps</W><W>Spinnin&#34;</W><W>,</W><W>&#34;</W><W>On</W><W>the</W><W>Rocks</W><W>&#34;</W><C><W>and</W></C><W>&#34;</W><W>I</W><W>Got</W><W>To&#34;</W><W>,</W><W>Baby</W><W>stresses</W><W>all</W><W>of</W><W>the</W><W>material</W><W>possessions</W><W>he</W><W>has</W><W>,</W><C><W>and</W></C><W>yet</W><W>hes</W><W>still</W><W>single</W><W>...</W><W>how</W><W>about</W><W>that</W><W>....</W><W>news</W><W>flash</W><W>bro...</W><W>they</W><W>DO</W><C><cue ID="57" type="negation"><W>NOT</W></cue></C><xcope ID="60"><ref COMMENTS="" ID="63" SRC="57"></ref><W>Like</W><W>you</W><W>for</W><W>you</W><W>&#39;re</W><W>personality</W><C><W>and</W></C><W>looks</W></xcope><W>....</W><W>bro...</W><W>its</W><W>for</W><W>you</W><W>&#39;re</W><W>money</W><W>.</W></SENTENCE><SENTENCE><W>But</W><W>of</W><W>course</W><W>,</W><W>he</W><W>knows</W><W>that</W><W>...</W><W>he</W><W>KNOWS</W><W>IT.</W></SENTENCE><SENTENCE><W>I</W><W>Pray</W><W>to</W><W>god</W><W>that</W><W>some</W><W>day</W><W>he</W><W>gets</W><W>poor</W><W>so</W><W>he</W><C><cue ID="58" type="speculation"><W>can</W></cue></C><xcope ID="59"><ref COMMENTS="" ID="64" SRC="58"></ref><W>be</W><W>as</W><W>miserable</W><W>as</W><W>we</W><W>poor</W><W>folks</W><W>are</W></xcope><W>.</W></SENTENCE></P><P></P><P><SENTENCE><W>As</W><W>usual</W><W>for</W><W>these</W><W>pop-rappers</W><W>,</W><W>they</W><W>have</W><W>to</W><W>try</W><W>their</W><W>best</W><W>to</W><W>tie</W><W>to</W><W>the</W><W>streets</W><C><W>and</W></C><W>be</W><W>thuggish</W><W>,</W><W>but</W><W>of</W><W>course</W><W>they</W><C><W>fail</W></C><W>miserably</W><W>.</W></SENTENCE><SENTENCE><W>On</W><W>&#34;</W><W>Ghetto</W><W>Life&#34;</W><W>,</W><W>&#34;</W><C><cue ID="65" type="negation"><W>Never</W></cue></C><xcope ID="75"><ref COMMENTS="" ID="76" SRC="65"></ref><W>Had</W><W>Nothin&#34;</W></xcope><W>,</W><C><W>and</W></C><W>&#34;</W><W>Heads</W><W>Up&#34;</W><W>.</W></SENTENCE><SENTENCE><W>With</W><W>their</W><W>horrible</W><W>,</W><W>mono-syllablistic</W><W>,</W><W>nonsensical</W><W>trash</W><W>lyricism</W><C><W>and</W></C><W>jazzy</W><W>production</W><W>,</W><W>each</W><W>of</W><W>these</W><W>songs</W><W>mirror</W><W>each</W><W>other</W><W>with</W><W>horrible</W><W>subject</W><W>matter</W><W>about</W><W>killing</W><C><W>and</W></C><W>murder</W><W>,</W><C><W>and</W></C><W>all</W><W>that</W><W>gay</W><W>ridiculous</W><W>crap</W><W>which</W><W>just</W><W>happens</W><W>to</W><W>sell</W><W>records</W><W>to</W><W>the</W><W>idiotic</W><W>public</W><W>.</W></SENTENCE><SENTENCE><W>Besides</W><W>the</W><W>fact</W><W>that</W><W>Baby</W><W>has</W><W>absolutely</W><C><cue ID="66" type="negation"><W>no</W></cue></C><xcope ID="73"><ref COMMENTS="" ID="74" SRC="66"></ref><W>skill</W><W>as</W><W>a</W><W>lyricist</W></xcope><W>,</W><W>his</W><W>delivery</W><W>is</W><W>always</W><W>off-point</W><C><W>and</W></C><W>he</W><W>f*cks</W><W>up</W><W>every</W><W>single</W><W>line</W><W>he</W><W>spits</W><W>.</W></SENTENCE><SENTENCE><W>His</W><W>meaningless</W><C><W>and</W></C><W>uninspired</W><W>attempt</W><W>to</W><W>be</W><W>introspective</W><W>sucks</W><W>,</W><W>as</W><W>im</W><W>very</W><W>very</W><W>sure</W><W>that</W><W>he</W><W>manufactured</W><W>his</W><W>childhood</W><W>just</W><W>to</W><W>be</W><W>equal</W><W>to</W><W>other</W><W>rappers</W><W>...</W><W>meaning</W><W>he</W><W>&#34;</W><W>sold</W><W>drugs</W><W>&#34;</W><C><W>and</W></C><W>was</W><W>a</W><W>&#34;</W><W>thug&#34;</W><W>,</W><W>which</W><W>i</W><W>find</W><W>hard</W><W>to</W><C><W>believe</W></C><W>just</W><W>like</W><W>looking</W><W>into</W><W>his</W><W>fat</W><W>nasty</W><W>face</W><W>.</W></SENTENCE><SENTENCE><W>Its</W><W>easy</W><W>to</W><W>tell</W><W>a</W><W>liar</W><W>sometimes</W><W>,</W><W>this</W><W>guy</W><C><cue ID="67" type="speculation"><W>would</W></cue></C><xcope ID="71"><ref COMMENTS="" ID="72" SRC="67"></ref><W>break</W><W>a</W><W>polygraph</W><W>faster</W><W>than</W><W>id</W><W>break</W><W>his</W><W>CD.</W></xcope></SENTENCE><SENTENCE><W>To</W><W>me</W><W>,</W><W>this</W><W>is</W><W>sooo</W><W>unlistenable</W><W>,</W><W>its</W><W>a</W><W>miracle</W><W>that</W><W>it</W><W>sells</W><W>,</W><C><W>and</W></C><W>frankly</W><W>IT</W><W>P*SSES</W><W>ME</W><W>OFF</W><W>!</W><W>!</W><W>!</W><W>!</W><W>!</W><W>Everything</W><W>on</W><W>this</W><W>album</W><W>is</W><W>horrible</W><W>...</W><W>terrible</W><W>...</W><W>unlistenable</W><W>...</W><W>what</W><W>else</W><C><cue ID="68" type="speculation"><W>can</W></cue></C><xcope ID="69"><ref COMMENTS="" ID="70" SRC="68"></ref><W>i</W><W>say</W></xcope><W>?</W></SENTENCE></P><P></P><P><SENTENCE><W>The</W><W>amazing</W><W>thing</W><W>is</W><W>that</W><W>there</W><W>is</W><W>one</W><W>competent</W><W>lyricist</W><W>here</W><W>.</W></SENTENCE><SENTENCE><W>On</W><W>&#34;</W><W>Say</W><W>it</W><W>aint</W><W>so&#34;</W><W>,</W><W>Keith</W><W>Murray</W><W>raps</W><W>.</W></SENTENCE><SENTENCE><W>He</W><W>is</W><W>a</W><W>good</W><W>lyricist</W><W>,</W><W>but</W><W>his</W><W>appearance</W><W>on</W><W>this</W><W>album</W><W>befuddles</W><W>me</W><W>.</W></SENTENCE><SENTENCE><C><cue ID="77" type="negation"><W>Not</W></cue></C><xcope ID="80"><ref COMMENTS="" ID="81" SRC="77"></ref><W>to</W><W>mention</W><W>that</W><W>the</W><W>particular</W><W>verse</W><W>he</W><W>spits</W><W>is</W><W>horribly</W><W>materialistic</W><C><W>and</W></C><W>whack</W></xcope><W>.</W></SENTENCE><SENTENCE><W>Keith</W><W>Murray</W><W>is</W><W>a</W><W>great</W><W>rapper</W><W>,</W><W>but</W><W>he</W><W>has</W><C><cue ID="78" type="negation"><W>no</W></cue></C><xcope ID="79"><ref COMMENTS="" ID="82" SRC="78"></ref><W>place</W><W>on</W><W>this</W><W>album</W><W>whatsoever</W></xcope><W>...</W><W>Say</W><W>it</W><W>aint</W><W>so</W><W>Keith</W><W>...</W><W>Say</W><W>it</W><W>aint</W><W>so</W><W>....</W></SENTENCE></P><P></P><P><SENTENCE><W>Is</W><W>this</W><W>album</W><W>complete</W><W>trash</W><W>?</W></SENTENCE><SENTENCE><W>OH</W><W>YEAH</W><W>!</W></SENTENCE><SENTENCE><W>Is</W><W>it</W><W>worth</W><W>burning</W><W>in</W><W>fire</W><W>?</W></SENTENCE><SENTENCE><W>OH</W><W>YEAH</W><W>!</W></SENTENCE><SENTENCE><W>Is</W><W>Birdman</W><C><cue ID="83" type="speculation"><W>possibly</W></cue></C><xcope ID="86"><ref COMMENTS="" ID="90" SRC="83"></ref><W>the</W><W>worst</W><W>individual</W><W>to</W><W>even</W><W>come</W><W>close</W><W>to</W><W>a</W><W>mic</W></xcope><W>?</W></SENTENCE><SENTENCE><W>OH</W><W>YEAH</W><W>!</W></SENTENCE><SENTENCE><W>Does</W><W>this</W><W>man</W><W>deserve</W><W>absolutely</W><C><cue ID="84" type="negation"><W>no</W></cue></C><xcope ID="87"><ref COMMENTS="" ID="91" SRC="84"></ref><W>money</W><W>from</W><W>us</W><W>whatsoever</W></xcope><W>?</W></SENTENCE><SENTENCE><W>OH</W><W>YEAH</W><W>!</W></SENTENCE><SENTENCE><W>Is</W><W>this</W><W>quite</W><C><cue ID="85" type="speculation"><W>possibly</W></cue></C><xcope ID="88"><ref COMMENTS="" ID="89" SRC="85"></ref><W>the</W><W>worst</W><W>album</W><W>in</W><W>the</W><W>history</W><W>of</W><W>music</W></xcope><W>?</W></SENTENCE><SENTENCE><W>OH</W><W>YEAH</W><W>!</W></SENTENCE><SENTENCE><W>Is</W><W>Birdman</W><W>a</W><W>f*ckin</W><W>queer</W><W>?</W></SENTENCE><SENTENCE><W>OH</W><W>YEAH</W><W>!</W><W>Do</W><W>i</W><W>wanna</W><W>kick</W><W>his</W><W>a**</W><W>?</W></SENTENCE><SENTENCE><W>OH</W><W>YEAH</W><W>!</W></SENTENCE><SENTENCE><W>Does</W><W>he</W><W>deserve</W><W>to</W><W>be</W><W>stripped</W><W>of</W><W>his</W><W>riches</W><C><W>and</W></C><W>live</W><W>his</W><W>life</W><W>as</W><W>a</W><W>janitor</W><W>?</W></SENTENCE><SENTENCE><W>OH</W><W>YEAH</W><W>!</W></SENTENCE><SENTENCE><W>Does</W><W>he</W><W>deserve</W><W>to</W><W>be</W><W>spit</W><W>on</W><W>?</W></SENTENCE><SENTENCE><W>OH</W><W>YEAH</W><W>!</W></SENTENCE></P><P></P><P><SENTENCE><W>Nuff</W><W>Said</W><W>...</W></SENTENCE></P><P></P><P><SENTENCE><W>0</W><W>Stars</W></SENTENCE></P><P></P><P><SENTENCE><W>I</W><W>have</W><W>my</W><W>own</W><W>personal</W><W>message</W><W>towards</W><W>Cash</W><W>Money</W><W>.</W></SENTENCE><SENTENCE><W>Lets</W><W>say</W><W>you</W><W>&#39;re</W><W>on</W><W>the</W><W>internet</W><W>,</W><C><W>and</W></C><W>you</W><W>read</W><W>this</W><W>review</W><W>,</W><W>i</W><W>personally</W><W>challenge</W><W>each</W><C><W>and</W></C><W>every</W><W>single</W><W>one</W><W>of</W><W>you</W><W>a**holes</W><W>to</W><W>a</W><W>battle</W><C><W>and</W></C><W>watch</W><W>me</W><W>rip</W><W>you</W><W>down</W><W>to</W><W>pieces</W><W>one</W><W>by</W><W>one</W><W>...</W><W>come</W><W>on</W><W>...</W><W>BRING</W><W>IT</W><W>!</W><W>!</W><W>!</W><W>!</W><W>Of</W><W>course</W><W>they</W><cue ID="92" type="negation"><W>are</W><W>n&#39;t</W></cue><xcope ID="93"><ref COMMENTS="" ID="94" SRC="92"></ref><W>gonna</W><W>respond</W></xcope><W>,</W><W>because</W><W>as</W><W>ive</W><W>stated</W><W>before</W><W>,</W><W>&#34;</W><W>The</W><W>Industry</W><W>Fears</W><W>Big</W><W>D&#34;</W><W>.</W></SENTENCE></P><P></P><P><SENTENCE><W>This</W><W>is</W><W>a</W><W>part</W><W>of</W><W>Awoolcott</W><W>&#39;s</W><W>&#34;</W><W>I</W><W>Can&#39;t</W><C><W>Believe</W></C><W>What</W><W>People</W><C><W>Think</W></C><W>About</W><W>This</W><W>!</W><W>&#34;</W><W>Write-Off.</W><W>.</W></SENTENCE><SENTENCE><W>Here</W><W>is</W><W>a</W><W>shoutout</W><W>to</W><W>the</W><W>other</W><W>participants</W><W>.</W></SENTENCE><SENTENCE><W>Sorry</W><W>for</W><W>being</W><W>a</W><W>Day</W><W>Early</W><W>Bro...</W><W>but</W><W>i</W><C><cue ID="95" type="speculation"><W>might</W></cue></C><xcope ID="98"><ref COMMENTS="" ID="100" SRC="95"></ref><C><cue ID="96" type="negation"><W>not</W></cue></C><xcope ID="97"><ref COMMENTS="" ID="99" SRC="96"></ref><W>be</W><W>online</W><W>tommorow</W></xcope></xcope><W>...</W></SENTENCE></P></DOCUMENT>
