<?xml version="1.0" encoding="UTF-8"?>
<DOCUMENT><P/><P><SENTENCE><W>&quot;</W><W>Cha</W><W>Cha</W><W>Slide</W><W>&quot;</W><W>is</W><W>the</W><W>hottest</W><W>group</W><W>routine</W><W>with</W><W>hops</W><W>,</W><W>twists</W><W>,</W><W>turns</W><C><W>and</W></C><W>Latin</W><W>Cha</W><W>Cha</W><W>steps</W><W>at</W><W>many</W><W>parties</W><C><W>and</W></C><W>dance</W><W>clubs</W><W>nowadays.The</W><W>inventor</W><W>!</W><W>is</W><W>Mr.C</W><W>The</W><W>Slide</W><W>Man</W><W>(</W><W>Willie</W><W>Perry</W><W>Jr.</W><W>a.k</W><W>.a</W></SENTENCE><SENTENCE><W>Casper</W><W>)</W><W>who</W><W>has</W><W>created</W><W>this</W><W>dance</W><W>as</W><W>an</W><W>aerobic</W><W>workout</W><W>for</W><W>a</W><W>fitness</W><W>club</W><W>.</W></SENTENCE><SENTENCE><W>Years</W><W>later</W><W>a</W><W>Chicago</W><W>radio</W><W>decided</W><W>that</W><W>this</W><W>electric</W><W>slide</W><W>is</W><W>what</W><W>was</W><C><W>missing</W></C><W>from</W><W>our</W><W>lives</W><C><W>and</W></C><W>started</W><W>a</W><W>big</W><W>promotion</W><W>for</W><W>it</W><W>.</W></SENTENCE><SENTENCE><W>(</W><C><W>not</W></C><W>to</W><W>forget</W><W>an</W><W>instructional</W><W>dance</W><W>video</W><W>they</W><W>&apos;ve</W><W>started</W><W>advertising</W><W>for</W><W>)</W><W>Today</W><W>little</W><W>kindergarteners</W><W>are</W><W>dancing</W><W>with</W><W>their</W><W>grannies</W><W>to</W><W>this</W><W>music</W><W>!</W></SENTENCE></P><P/><P><SENTENCE><W>Hard</W><W>to</W><W>speak</W><W>of</W><W>good</W><W>,</W><W>meaningful</W><W>music</W><W>here</W><W>(</W><W>does</W><W>anybody</W><W>remember</W><W>&quot;</W><W>Macarena</W><W>&quot;</W><W>?</W></SENTENCE><SENTENCE><W>:</W><W>)</W><W>,</W><W>but</W><C><cue ID="23" type="speculation"><W>if</W></cue></C><xcope ID="26"><ref COMMENTS="" ID="27" SRC="23"/><xcope ID="24"><ref COMMENTS="" ID="25" SRC="18"/><W>you</W><W>just</W><W>want</W><W>to</W><W>exercise</W></xcope><C><cue ID="18" type="speculation"><W>or</W></cue></C><xcope ID="15"><ref COMMENTS="" ID="21" SRC="18"/><W>dance</W></xcope><W>you</W><C><cue ID="19" type="speculation"><W>might</W></cue></C><xcope ID="14"><ref COMMENTS="" ID="20" SRC="19"/><W>give</W><W>it</W><W>a</W><W>try</W><W>.</W></xcope></xcope></SENTENCE><SENTENCE><W>There</W><W>is</W><W>even</W><W>an</W><W>instructor</W><W>(</W><W>I</W><cue ID="2" type="negation"><W>do</W><W>n&apos;t</W></cue><xcope ID="6"><ref COMMENTS="" ID="9" SRC="2"/><W>know</W><C><cue COMMENTS="" ID="0" type="speculation"><W>if</W></cue></C><xcope ID="5"><ref ID="8" SRC="0"/><W>I</W><C><cue ID="1" type="speculation"><W>should</W></cue></C><xcope ID="3"><ref COMMENTS="" ID="11" SRC="10"/><W>call</W><W>him</W><W>singer</W></xcope></xcope></xcope><xcope ID="7"><ref COMMENTS="" ID="12" SRC="10"/><W>,DJ</W></xcope><C><cue ID="10" type="speculation"><W>or</W></cue></C><xcope ID="8"><ref COMMENTS="" ID="13" SRC="10"/><W>performer</W></xcope><W>)</W><W>giving</W><W>you</W><W>the</W><W>directions</W><W>over</W><W>a</W><W>house</W><W>beat</W><W>:</W><W>&quot;</W><W>Slide</W><W>to</W><W>the</W><W>left</W><W>!</W></SENTENCE><SENTENCE><W>Now</W><W>,</W><W>slide</W><W>to</W><W>the</W><W>right</W><W>!</W><W>&quot;</W></SENTENCE></P><P/><P><SENTENCE><C><cue ID="28" type="speculation"><W>If</W></cue></C><xcope ID="33"><ref COMMENTS="" ID="36" SRC="28"/><W>you</W><W>do</W><W>it</W><W>right</W><W>it</W><cue ID="29" type="speculation"><W>&apos;s</W><C><W>supposed</W></C><W>to</W></cue><xcope ID="32"><ref COMMENTS="" ID="35" SRC="29"/><W>work</W><W>your</W><W>whole</W><W>body</W></xcope></xcope><W>.</W></SENTENCE></P><P/><P><SENTENCE><W>With</W><W>nine</W><W>different</W><W>steps</W><C><W>and</W></C><W>dedicated</W><W>wills</W><W>this</W><cue ID="30" type="negation"><W>wo</W><W>n&apos;t</W></cue><xcope ID="34"><ref COMMENTS="" ID="37" SRC="30"/><W>be</W><W>a</W><W>problem</W><W>for</W><W>us</W></xcope><W>!</W></SENTENCE></P><P/><P><SENTENCE><W>I</W><C><cue ID="31" type="speculation"><W>can</W></cue></C><W>hardly</W><W>recommend</W><W>it</W><W>for</W><W>your</W><W>wedding</W><W>dance</W><W>though</W><W>!</W></SENTENCE><SENTENCE><W>;</W><W>)</W></SENTENCE></P><P/><P><SENTENCE><W>Clap</W><W>your</W><W>hands</W><W>everybody</W></SENTENCE></P><P/><P><SENTENCE><W>Slide</W><W>to</W><W>the</W><W>left</W></SENTENCE></P><P/><P><SENTENCE><W>Take</W><W>it</W><W>back</W><W>now</W><W>yal</W></SENTENCE></P><P/><P><SENTENCE><W>One</W><W>hop</W><W>this</W><W>time</W></SENTENCE></P><P/><P><SENTENCE><W>Right</W><W>foot</W><W>lets</W><W>stomp</W></SENTENCE></P><P/><P><SENTENCE><W>Left</W><W>foot</W><W>lets</W><W>stomp</W></SENTENCE></P><P/><P><SENTENCE><W>Cha</W><W>Cha</W><W>now</W><W>yal</W></SENTENCE></P><P/><P><SENTENCE><W>To</W><W>the</W><W>left</W></SENTENCE></P><P/><P><SENTENCE><W>Take</W><W>it</W><W>back</W><W>now</W><W>yal</W></SENTENCE></P><P/><P><SENTENCE><W>Two</W><W>hops</W><W>this</W><W>time</W></SENTENCE></P><P/><P><SENTENCE><W>Two</W><W>on</W><W>the</W><W>left</W></SENTENCE></P><P/><P><SENTENCE><W>Two</W><W>on</W><W>the</W><W>right</W></SENTENCE></P><P/><P><SENTENCE><W>Cha</W><W>Cha</W><W>now</W><W>yal</W></SENTENCE></P><P/><P><SENTENCE><W>Slide</W><W>to</W><W>the</W><W>right</W></SENTENCE></P><P/><P><SENTENCE><W>Slide</W><W>to</W><W>the</W><W>left</W></SENTENCE></P><P/><P><SENTENCE><W>Take</W><W>it</W><W>back</W><W>now</W><W>yal</W></SENTENCE></P><P/><P><SENTENCE><W>One</W><W>hop</W><W>this</W><W>time</W></SENTENCE></P><P/><P><SENTENCE><W>Right</W><W>foot</W><W>lets</W><W>stomp</W></SENTENCE></P><P/><P><SENTENCE><W>Left</W><W>foot</W><W>lets</W><W>stomp</W></SENTENCE></P><P/><P><SENTENCE><W>Charlie</W><W>Brown</W></SENTENCE></P><P/><P><SENTENCE><W>Cha</W><W>Cha</W><W>now</W><W>yal</W></SENTENCE></P><P/><P><SENTENCE><W>Five</W><W>hops</W><W>this</W><W>time</W></SENTENCE></P><P/><P><SENTENCE><W>Touch</W><W>your</W><W>knees</W></SENTENCE></P><P/><P><SENTENCE><W>How</W><W>low</W><C><W>can</W></C><W>you</W><W>go</W></SENTENCE></P><P/><P><SENTENCE><C><W>Can</W></C><W>go</W><W>down</W><W>low</W></SENTENCE></P><P/><P><SENTENCE><W>All</W><W>the</W><W>way</W><W>to</W><W>floor</W></SENTENCE></P><P/><P><SENTENCE><C><W>Can</W></C><W>you</W><W>bring</W><W>it</W><W>the</W><W>top</W></SENTENCE></P><P/><P><SENTENCE><W>Like</W><W>you</W><C><W>never</W></C><C><W>never</W></C><W>stop</W></SENTENCE></P><P/><P><SENTENCE><W>One</W><W>hop</W><W>this</W><W>time</W></SENTENCE></P><P/><P><SENTENCE><W>Right</W><W>foot</W><W>lets</W><W>stomp</W></SENTENCE></P><P/><P><SENTENCE><W>Left</W><W>lets</W><W>stomp</W></SENTENCE></P><P/><P><SENTENCE><W>Reverse</W><W>Reverse</W></SENTENCE></P><P/><P><SENTENCE><W>Reverse</W><W>Reverse</W></SENTENCE></P><P/><P><SENTENCE><W>Cha</W><W>Cha</W><W>now</W><W>y</W><W>&apos;all</W></SENTENCE></P><P/><P><SENTENCE><W>11</W><W>tracks</W><W>featured</W><W>have</W><W>all</W><W>derived</W><W>from</W><W>this</W><W>&apos;</W><W>Master</W><W>&apos;</W><W>song</W><W>.</W></SENTENCE></P><P/><P><SENTENCE><W>1</W><W>.</W><W>Cha-Cha</W><W>Slide</W><W>[Radio</W><W>Edit</W><W>]</W><W>-</W><W>Casper</W></SENTENCE></P><P/><P><SENTENCE><W>2.</W><W>Cha-Cha</W><W>Slide</W><W>[Club</W><W>]</W><W>-</W><W>Casper</W></SENTENCE></P><P/><P><SENTENCE><W>3.</W><W>Bus</W><W>Stop</W><W>(</W><W>Electric</W><W>Slide</W><W>)</W><W>[Radio</W><W>Edit</W><W>]</W><W>-</W><W>Green</W><W>,</W><W>Charles</W></SENTENCE></P><P/><P><SENTENCE><W>4</W><W>.</W><W>Casper</W><W>Cha-Cha</W><W>Slide</W><W>-</W><W>Casper</W></SENTENCE></P><P/><P><SENTENCE><W>5</W><W>.</W><W>Step</W><W>to</W><W>This</W><W>-</W><W>Col&apos;</W><W>Ta</W></SENTENCE></P><P/><P><SENTENCE><W>6</W><W>.</W><W>Unworthy</W><W>-</W><W>Col&apos;ta</W></SENTENCE></P><P/><P><SENTENCE><W>7.</W><W>Unworthy</W><W>-</W><W>Col&apos;ta</W></SENTENCE></P><P/><P><SENTENCE><W>8.</W><W>Bus</W><W>Stop/Electric</W><W>Slide</W><W>[</W><W>Original</W><W>]</W><W>-</W><W>Green</W><W>,</W><W>Charles</W></SENTENCE></P><P/><P><SENTENCE><W>9</W><W>.</W><W>DJ</W><W>Eric-B</W><W>Slide</W><W>-</W><W>Dj</W><W>Eric</W><W>B</W></SENTENCE></P><P/><P><SENTENCE><W>10</W><W>.</W><W>Step</W><W>to</W><W>This</W><W>-</W><W>Col&apos;ta</W></SENTENCE></P><P/><P><SENTENCE><W>11</W><W>.</W><W>R-U-Here</W><W>-</W><W>Col&apos;ta</W></SENTENCE></P></DOCUMENT>