<?xml version="1.0" encoding="UTF-8"?>
<DOCUMENT><P></P><P><SENTENCE><C><cue ID="0" type="speculation"><W>If</W></cue></C><xcope ID="5"><ref COMMENTS="" ID="7" SRC="0"></ref><W>you</W><W>are</W><W>looking</W><W>for</W><W>generic</W><W>,</W><W>rip-off</W><W>rap</W><W>for</W><W>the</W><W>holidae</W><W>season</W><W>then</W><W>look</W><C><cue ID="1" type="negation"><W>no</W></cue></C><xcope ID="4"><ref COMMENTS="" ID="6" SRC="1"></ref><W>further</W><W>than</W><W>Chingy</W><W>&#39;s</W><W>Jackpot</W></xcope></xcope><W>.</W></SENTENCE><SENTENCE><W>Filled</W><W>with</W><W>senseless</W><W>raps</W><W>in</W><W>an</W><W>Steve</W><W>Erkel</W><W>meets</W><W>Nelly</W><W>cross</W><W>pollinated</W><W>by</W><W>Snoop</W><W>Dogg</W><W>fashion</W><W>,</W><W>Chingy</W><W>comes</W><W>off</W><W>sounding</W><W>completely</W><W>inane</W><C><W>and</W></C><W>pointless</W><W>.</W></SENTENCE><SENTENCE><W>His</W><W>grating</W><W>vocals</W><W>are</W><W>like</W><W>nails</W><W>on</W><W>a</W><W>chalkboard</W><C><W>and</W></C><W>even</W><W>guest</W><W>stars</W><W>by</W><W>real</W><W>rappers</W><W>(</W><W>Snoop</W><W>Dogg</W><W>,</W><W>Murphy</W><W>Lee</W><W>)</W><cue ID="2" type="negation"><W>do</W><W>n&#39;t</W></cue><xcope ID="3"><ref COMMENTS="" ID="8" SRC="2"></ref><W>keep</W><W>this</W><W>jackpot</W><W>from</W><W>going</W><W>broke</W></xcope><W>.</W></SENTENCE></P><P></P><P><SENTENCE><W>Breakout</W><W>single</W><W>&#34;</W><W>Right</W><W>Thurr</W><W>&#34;</W><cue ID="9" type="speculation"><W>is</W><C><W>supposed</W></C><W>to</W><W>be</W></cue><xcope ID="14"><ref COMMENTS="" ID="15" SRC="9"></ref><W>a</W><W>party</W><W>song</W><W>for</W><W>the</W><W>ladies</W><W>to</W><W>shake</W><W>their</W><W>$</W><W>ss</W><W>to</W></xcope><W>.</W></SENTENCE><SENTENCE><W>That</W><W>&#39;s</W><W>all</W><W>well</W><C><W>and</W></C><W>good</W><W>until</W><W>the</W><W>vocals</W><W>come</W><W>in</W><C><W>and</W></C><W>ruin</W><W>the</W><W>beat</W><C><W>and</W></C><W>decent</W><W>production</W><W>.</W></SENTENCE><SENTENCE><W>The</W><W>remix</W><W>is</W><C><cue ID="10" type="speculation"><W>possibly</W></cue></C><xcope ID="13"><ref COMMENTS="" ID="16" SRC="10"></ref><W>just</W><W>a</W><W>little</W><W>bit</W><W>better</W><W>with</W><W>the</W><W>addition</W><W>of</W><W>Trina</W></xcope><W>.</W></SENTENCE><SENTENCE><W>She</W><W>provides</W><W>some</W><W>needed</W><W>relief</W><W>for</W><W>Chingy</W><W>audio</W><W>assault</W><W>.</W></SENTENCE><SENTENCE><W>The</W><W>follow</W><W>up</W><W>single</W><W>&#34;</W><W>Holidae</W><W>In</W><W>&#34;</W><W>has</W><W>a</W><W>great</W><W>beat</W><C><W>and</W></C><W>production</W><C><W>and</W></C><W>when</W><W>Ludacris</W><C><W>and</W></C><W>Snoop</W><W>Dogg</W><W>check</W><W>into</W><W>the</W><W>hotel</W><W>I</W><W>literally</W><C><W>feel</W></C><W>like</W><W>kissing</W><W>their</W><W>feet</W><W>in</W><W>gratitude</W><W>.</W></SENTENCE><SENTENCE><W>So</W><W>this</W><W>song</W><W>is</W><C><cue ID="11" type="speculation"><W>probably</W></cue></C><xcope ID="12"><ref COMMENTS="" ID="17" SRC="11"></ref><W>the</W><W>best</W><W>song</W><W>on</W><W>the</W><W>album</W></xcope><W>.</W></SENTENCE></P><P></P><P><SENTENCE><W>&#34;</W><W>Wurrs</W><W>My</W><W>Cash</W><W>&#34;</W><W>just</W><W>plain</W><W>out</W><W>sucks</W><W>with</W><W>its</W><W>almost</W><W>80</W><W>&#39;s</W><W>production</W><W>,</W><W>stupid</W><W>lyrics</W><C><W>and</W></C><W>redundant</W><W>hook</W><W>(</W><W>I</W><W>use</W><W>the</W><W>term</W><W>hook</W><W>very</W><W>loosely</W><W>)</W><W>.</W></SENTENCE><SENTENCE><W>It</W><W>&#39;s</W><W>a</W><W>weak</W><W>attempt</W><W>to</W><W>have</W><W>the</W><W>charisma</W><W>of</W><W>Snoop</W><W>Dogg</W><W>but</W><W>it</W><W>comes</W><W>off</W><W>once</W><W>again</W><W>like</W><W>Erkel</W><W>just</W><W>stepped</W><W>into</W><W>the</W><W>hood</W><W>.</W></SENTENCE></P><P></P><P><SENTENCE><W>&#34;</W><W>Bagg</W><W>Up</W><W>&#34;</W><W>is</W><W>almost</W><W>palatable</W><W>with</W><W>its</W><W>slight</W><W>funky</W><W>groove</W><W>that</W><W>is</W><W>more</W><W>fun</W><W>than</W><W>some</W><W>of</W><W>the</W><W>other</W><W>tracks</W><W>.</W></SENTENCE><SENTENCE><W>He</W><W>actually</W><W>establishes</W><W>a</W><W>flow</W><W>that</W><W>is</W><W>n&#39;t</W><W>hindered</W><W>by</W><W>cutesy</W><W>word</W><W>mangling</W><W>.</W></SENTENCE><SENTENCE><W>It</W><W>still</W><W>is</W><W>pretty</W><W>stagnant</W><W>but</W><W>at</W><W>least</W><W>it</W><cue ID="18" type="negation"><W>does</W><W>n&#39;t</W></cue><xcope ID="21"><ref COMMENTS="" ID="23" SRC="18"></ref><W>make</W><W>me</W><C><cue ID="19" type="speculation"><W>think</W></cue></C><xcope ID="20"><ref COMMENTS="" ID="22" SRC="19"></ref><W>that</W><W>Chinese</W><W>water</W><W>torture</W><W>is</W><W>preferable</W></xcope></xcope><W>.</W></SENTENCE></P><P></P><P><SENTENCE><W>&#34;</W><W>One</W><W>Call</W><W>Away</W><W>&#34;</W><W>has</W><W>a</W><W>promising</W><W>intro</W><W>with</W><W>its</W><W>RandB</W><C><W>feel</W></C><W>but</W><W>once</W><W>again</W><W>it</W><W>deteriorates</W><W>into</W><W>bad</W><W>reception</W><W>once</W><W>Chingy</W><W>opens</W><W>his</W><W>mouth</W><W>.</W></SENTENCE><SENTENCE><W>I</W><W>was</W><W>hopeful</W><W>I</W><C><cue ID="24" type="speculation"><W>would</W></cue></C><xcope ID="29"><ref COMMENTS="" ID="30" SRC="24"></ref><W>like</W><W>at</W><W>least</W><W>one</W><W>another</W><W>song</W></xcope><W>but</W><W>I</W><cue ID="25" type="negation"><W>do</W><W>n&#39;t</W></cue><xcope ID="28"><ref COMMENTS="" ID="32" SRC="25"></ref><C><cue ID="26" type="speculation"><W>think</W></cue></C><xcope ID="27"><ref COMMENTS="" ID="31" SRC="26"></ref><W>that</W><W>is</W><W>going</W><W>to</W><W>happen</W><W>my</W><W>friends</W></xcope></xcope><W>.</W></SENTENCE><SENTENCE><W>I</W><W>do</W><W>have</W><W>to</W><W>give</W><W>it</W><W>props</W><W>for</W><W>being</W><W>the</W><W>only</W><W>track</W><W>on</W><W>the</W><W>album</W><W>that</W><W>is</W><W>n&#39;t</W><W>mispelled</W><W>.</W></SENTENCE></P><P></P><P><SENTENCE><W>Other</W><W>tracks</W><W>which</W><C><cue ID="33" type="speculation"><W>could</W></cue></C><xcope ID="34"><ref COMMENTS="" ID="35" SRC="33"></ref><W>be</W><W>describe</W><W>in</W><W>a</W><W>creative</W><W>variation</W><W>of</W><W>the</W><W>last</W><W>couple</W><W>of</W><W>descriptions</W><W>include</W></xcope></SENTENCE></P><P></P><P><SENTENCE><W>&#34;</W><W>He</W><W>&#39;s</W><W>Herre</W><W>&#34;</W><W>which</W><W>rips</W><W>off</W><W>Kelly</W><W>Rowlands</W><W>&#34;</W><W>Can&#39;t</W><W>Nobody&#34;</W><W>,</W><W>&#34;</W><W>Madd</W><W>@</W><W>Me</W><W>&#34;</W><W>which</W><W>is</W><W>dedicated</W><W>to</W><W>the</W><W>fans</W><W>that</W><W>bought</W><W>the</W><W>album</W><W>,</W><W>&#34;</W><W>Represent</W><W>&#34;</W><W>(</W><W>with</W><W>co-rapper</W><W>Tity-Boi</W><W>.</W></SENTENCE><SENTENCE><W>I</W><W>guess</W><W>mispelled</W><W>we</W><cue ID="36" type="speculation"><W>are</W><W>n&#39;t</W><C><W>supposed</W></C><W>to</W></cue><xcope ID="37"><ref COMMENTS="" ID="38" SRC="36"></ref><W>know</W><W>what</W><W>that</W><W>means</W><W>)the</W><W>unbelievably</W><W>dingy</W><W>&#34;</W><W>Juice</W><W>&#34;</W><W>(</W><W>which</W><W>encourages</W><W>the</W><W>listeners</W><W>to</W><W>endulge</W><W>in</W><W>some</W><W>freshly</W><W>sqeezed</W><W>hos</W><W>,</W><W>&#34;</W><W>Gettin&#39;</W><W>It</W><W>&#34;</W><W>(</W><W>which</W><W>makes</W><W>anything</W><W>by</W><W>Bow</W><W>Wow</W><W>look</W><W>mature</W><W>,</W><W>Chingy</W><W>Jackpot</W><C><W>and</W></C><W>finally</W><W>the</W><W>eloquently</W><W>titled</W><W>Fu*k</W><W>&#34;</W><W>Dat</W><W>N*gga&#34;</W></xcope><W>.</W></SENTENCE></P><P></P><P><SENTENCE><W>I</W><C><cue ID="39" type="speculation"><W>could</W></cue></C><xcope ID="47"><ref COMMENTS="" ID="51" SRC="39"></ref><W>sit</W><W>here</W><C><W>and</W></C><W>give</W><W>you</W><W>a</W><W>track</W><W>by</W><W>track</W><W>acount</W><W>of</W><W>this</W><W>album</W><C><W>and</W></C><C><cue ID="40" type="speculation"><W>if</W></cue></C><xcope ID="46"><ref COMMENTS="" ID="50" SRC="40"></ref><W>you</W><W>give</W><W>me</W><W>helpful</W><W>&#39;s</W><W>then</W><W>I</W><W>guess</W><W>I</W><W>will</W></xcope></xcope><W>.</W></SENTENCE><SENTENCE><W>But</W><W>in</W><W>order</W><W>to</W><W>write</W><W>about</W><W>real</W><W>music</W><W>I</W><C><cue ID="41" type="speculation"><W>would</W></cue></C><xcope ID="48"><ref COMMENTS="" ID="49" SRC="41"></ref><W>rather</W><W>just</W><W>cut</W><W>to</W><W>the</W><W>chase</W></xcope><W>.</W></SENTENCE><SENTENCE><C><cue ID="42" type="speculation"><W>If</W></cue></C><xcope ID="45"><ref COMMENTS="" ID="52" SRC="42"></ref><W>this</W><W>is</W><W>the</W><W>jackpot</W><W>then</W><W>remind</W><W>me</W><W>to</W><W>stay</W><W>far</W><W>away</W><W>from</W><W>scratch</W><W>tickets</W><C><W>and</W></C><W>casino</W><W>&#39;s</W></xcope><W>.</W></SENTENCE><SENTENCE><W>I</W><C><cue ID="43" type="speculation"><W>would</W></cue></C><xcope ID="44"><ref COMMENTS="" ID="53" SRC="43"></ref><W>rather</W><W>sit</W><W>here</W><C><W>and</W></C><W>languish</W><W>in</W><W>poverty</W><W>...a</W><W>poverty</W><W>of</W><W>sound</W><W>.</W></xcope></SENTENCE></P></DOCUMENT>
