<?xml version="1.0" encoding="UTF-8"?>
<DOCUMENT><P></P><P><SENTENCE><W>The</W><W>Demigodz</W><W>;</W><W>first</W><W>of</W><W>all</W><W>,</W><W>what</W><W>exactly</W><W>is</W><W>a</W><W>Demigod</W><W>?</W></SENTENCE><SENTENCE><W>According</W><W>to</W><W>Webster</W><W>himself</W><W>,</W><W>he</W><W>states</W><W>that</W><W>a</W><W>Demigod</W><W>is</W><W>a</W><W>person</W><W>who</W><W>is</W><W>partly</W><W>divine</W><W>.</W></SENTENCE><SENTENCE><C><cue ID="0" type="speculation"><W>If</W></cue></C><xcope ID="19"><ref ID="54" SRC="0"></ref><W>that</W><W>is</W><W>really</W><W>the</W><W>case</W></xcope><W>,</W><W>then</W><W>this</W><W>group</W><W>of</W><W>10+</W><W>MCs</W><C><cue ID="1" type="speculation"><W>must</W></cue></C><xcope ID="18"><ref ID="53" SRC="1"></ref><W>be</W><W>hiding</W><W>their</W><W>latent</W><W>skills</W><W>until</W><W>the</W><W>LP</W><W>drops</W></xcope><W>.</W></SENTENCE><SENTENCE><W>Just</W><W>from</W><W>me</W><W>perceiving</W><W>through</W><W>7</W><W>tracks</W><W>,</W><W>I</W><W>have</W><W>yet</W><W>to</W><W>unveil</W><W>any</W><W>divine</W><W></W><W>qualities</W><W>from</W><W>any</W><W>of</W><W>these</W><W>musicians</W><W>.</W></SENTENCE><SENTENCE><W>Unfortunately</W><W>,</W><W>these</W><W>MCs</W><W>are</W><W>too</W><W>obsessed</W><W>with</W><W>their</W><W>little</W><W>punchlines</W><C><W>and</W></C><W>battling</W><W>skills</W><W>,</W><C><W>and</W></C><W>therefore</W><W>throwing</W><W>away</W><W>every</W><W>other</W><W>component</W><W>that</W><W>is</W><W>integral</W><W>in</W><W>making</W><W>a</W><W>good</W><C><W>and</W></C><W>complete</W><W>album</W><W>.</W></SENTENCE><SENTENCE><W>So</W><W>,</W><W>unless</W><C><cue ID="2" type="speculation"><W>if</W></cue></C><xcope ID="20"><ref ID="52" SRC="3"></ref><W>the</W><W>producer</W><W>of</W><W>your</W><W>group</W><W>is</W><W>named</W><W>Stoupe</W></xcope><W>,</W><xcope ID="21"><ref ID="51" SRC="3"></ref><W>Primo</W></xcope><W>,</W><xcope ID="22"><ref ID="50" SRC="3"></ref><W>4th</W><W>Disciple</W></xcope><W>,</W><C><cue ID="3" type="speculation"><W>or</W></cue></C><xcope ID="23"><ref ID="49" SRC="3"></ref><W>Rza</W></xcope><W>,</W><W>an</W><W>EP</W><W>full</W><W>of</W><W>battle</W><W>verses</W><W>is</W><W>what</W><C><cue ID="4" type="speculation"><W>would</W></cue></C><xcope ID="24"><ref COMMENTS="" ID="47" SRC="4"></ref><W>be</W><W>called</W><W>skating</W><W>on</W><W>thin</W><W>ice</W></xcope><W>.</W></SENTENCE><SENTENCE><W>The</W><W>producer</W><W>of</W><W>Demigodz</W><W>Entertainment</W><W>happens</W><W>to</W><W>be</W><W>Apathy</W><W>(</W><W>the</W><W>guy</W><W>who</W><W>first</W><C><W>appeared</W></C><W>on</W><W>that</W><W>Jedi</W><W>Mind</W><W>Tricks</W><W>album</W><W>)</W><W>,</W><C><W>and</W></C><W>although</W><W>his</W><W>production</W><W>is</W><W>dogged</W><C><W>and</W></C><W>elaborate</W><W>,</W><W>it</W><W>s</W><W>nowhere</W><W>near</W><W>Godlike</W><W>.</W></SENTENCE></P><P></P><P><SENTENCE><W>The</W><W>two</W><W>MCs</W><W>that</W><W>make</W><W>themselves</W><W>known</W><W>right</W><W>off</W><W>the</W><W>bat</W><W>is</W><W>Apathy</W><C><W>and</W></C><W>Celph</W><W>Titled</W><W>.</W></SENTENCE><SENTENCE><W>Apathy</W><W>is</W><W>brash</W><W>,</W><W>candor</W><W>,</W><C><W>and</W></C><W>just</W><W>plain</W><W>mean</W><W>when</W><W>it</W><W>comes</W><W>to</W><W>spitting</W><W>lyrics</W><W>.</W></SENTENCE><SENTENCE><W>Celph</W><W>Titled</W><W>has</W><W>the</W><W>voice</W><W>of</W><W>a</W><W>mean</W><W>cartoon</W><W>character</W><C><W>and</W></C><C><cue ID="6" type="speculation"><W>can</W></cue></C><xcope ID="25"><ref COMMENTS="" ID="46" SRC="6"></ref><W>land</W><W>more</W><W>than</W><W>a</W><W>few</W><W>clever</W><W>punchlines</W></xcope><W>.</W></SENTENCE><SENTENCE><W>These</W><W>two</W><W>compliments</W><W>each</W><W>other</W><W>on</W><W>the</W><W>first</W><W>track</W><W>Science</W><W>of</W><W>the</W><W>Bumrush</W><W>,</W><C><W>and</W></C><W>flexes</W><W>their</W><W>tongue</W><W>muscles</W><W>by</W><W>throwing</W><W>up</W><W>some</W><W>heavy</W><W>punchlines</W><W>:</W></SENTENCE></P><P></P><P><SENTENCE><W>In</W><W>fact</W><W>the</W><W>same</W><W>fist</W><W>that</W><W>I</W><W>hit</W><W>you</W><W>up</W><W>with</W></SENTENCE></P><P></P><P><SENTENCE><W>Was</W><W>found</W><W>inside</W><W>your</W><W>b*tchs</W><W>clitor*s</W><W>after</W><W>sucked</W><W>my</W><W>d*ck</W></SENTENCE></P><P></P><P><SENTENCE><W>Youre</W><W>just</W><W>a</W><W>g*y</W><W>rapper</W><W>,</W><W>loving</W><W>what</W><W>them</W><W>f*gs</W><W>do</W></SENTENCE></P><P></P><P><SENTENCE><W>You</W><W>aint</W><W>had</W><W>pu*sy</W><W>since</W><W>pu*sy</W><W>had</W><W>you</W></SENTENCE></P><P></P><P><SENTENCE><W>Get</W><W>outta</W><W>line</W><C><W>and</W></C><W>Ill</W><W>draw</W><W>you</W><W>a</W><W>chalk</W><W>outline</W></SENTENCE></P><P></P><P><SENTENCE><W>I</W><W>heard</W><W>you</W><W>did</W><W>a</W><W>track</W><W>with</W><W>Puff</W><W>Daddy</W><C><W>and</W></C><W>got</W><W>outshined</W></SENTENCE></P><P></P><P><SENTENCE><W>Esoteric</W><W>actually</W><W>does</W><W>a</W><W>favor</W><W>this</W><W>time</W><W>by</W><W>showing</W><W>up</W><W>on</W><W>Captivate/Deactivate</W><W>.</W></SENTENCE><SENTENCE><W>The</W><W>chopped</W><W>up</W><W>string</W><W>samples</W><W>are</W><W>just</W><W>insane</W><W>,</W><W>along</W><W>with</W><W>a</W><W>colorful</W><W>hook</W><W>done</W><W>by</W><W>using</W><W>samples</W><W>from</W><W>Big</W><W>Pun</W><W>to</W><W>Raekwon</W><W>.</W></SENTENCE><SENTENCE><W>I</W><W>especially</W><W>liked</W><W>it</W><W>when</W><W>Apathy</W><W>playfully</W><W>provoked</W><W>Esoteric</W><W>by</W><W>asking</W><W>Yo</W><W>Eso</W><W>,</W><W>tellem</W><W>why</W><W>you</W><W>bringing</W><W>the</W><W>pain</W><W>son</W><W>?</W><W>,</W><W>then</W><W>Eso</W><W>responded</W><W>with</W><W>its</W><C><cue ID="7" type="speculation"><W>probably</W></cue></C><xcope ID="26"><ref COMMENTS="" ID="45" SRC="7"></ref><W>getting</W><W>done</W><W>as</W><W>we</W><W>speak</W><W>like</W><W>Jenna</W><W>Jameson</W></xcope><W>.</W><W></W></SENTENCE><SENTENCE><W>Apathy</W><W>also</W><W>brought</W><W>the</W><W>pain</W><W>himself</W><W>with</W><W>one</W><W>of</W><W>the</W><W>best</W><W>punchlines</W><W>I</W><W>have</W><W>ever</W><W>heard</W><W>:</W><W>You</W><C><cue ID="8" type="speculation"><W>think</W></cue></C><xcope ID="28"><ref COMMENTS="" ID="44" SRC="8"></ref><W>you</W><C><cue ID="9" type="speculation"><W>can</W></cue></C><xcope ID="27"><ref COMMENTS="" ID="43" SRC="9"></ref><W>battle</W><W>me</W><C><W>and</W></C><W>win</W></xcope></xcope><W>?</W></SENTENCE><SENTENCE><W>Next</W><W>plan/</W><W>Cuz</W><W>theres</W><W>a</W><W>better</W><W>chance</W><W>of</W><W>Eminem</W><W>joining</W><W>X-Clan</W><W>!</W><W></W></SENTENCE></P><P></P><P><SENTENCE><W>The</W><W>pages</W><W>in</W><W>the</W><W>Demigodz</W><W></W><W>rhyme</W><W>book</W><W>were</W><C><cue ID="10" type="speculation"><W>probably</W></cue></C><xcope ID="29"><ref COMMENTS="" ID="42" SRC="10"></ref><W>invaded</W><W>by</W><W>the</W><W>pens</W><W>of</W><W>Apathy</W><C><W>and</W></C><W>Celph</W><W>Titled</W></xcope><W>,</W><W>leaving</W><W>very</W><W>little</W><W>lines</W><C><W>and</W></C><W>spaces</W><W>for</W><W>the</W><W>11</W><W>other</W><W>members</W><W>.</W></SENTENCE><SENTENCE><W>To</W><W>experience</W><W>the</W><W>official</W><W>Demigod</W><W>sound</W><W>,</W><W>just</W><W>skip</W><W>to</W><W>the</W><W>final</W><W>song</W><W>on</W><W>here</W><W>as</W><W>all</W><W>of</W><W>the</W><W>MCs</W><W>show</W><W>up</W><C><W>and</W></C><W>boasts</W><W>their</W><W>skills</W><W>.</W></SENTENCE><SENTENCE><W>You</W><C><cue ID="11" type="speculation"><W>should</W></cue></C><xcope ID="30"><ref COMMENTS="" ID="41" SRC="11"></ref><W>get</W><W>a</W><W>rise</W><W>after</W><W>hearing</W><W>MC</W><W>Rise</W><W>as</W><W>he</W><W>delivered</W><W>a</W><W>unique</W><W>verse</W><W>:</W></xcope></SENTENCE></P><P></P><P><SENTENCE><W>The</W><W>crowd</W><W>is</W><W>out</W><W>for</W><W>ya</W><W>set</W><W>,</W><W>they</W><W>aint</W><W>respect</W></SENTENCE></P><P></P><P><SENTENCE><W>They</W><W>aint</W><W>happy</W><W>you</W><W>wrecked</W><W>,</W><W>they</W><W>happy</W><W>you</W><W>left</W></SENTENCE></P><P></P><P><SENTENCE><W>They</W><W>mad</W><W>upset</W><W>,</W><W>pis*ed</W><W>that</W><W>they</W><W>for</W><W>your</W><W>rhyming</W></SENTENCE></P><P></P><P><SENTENCE><W>They</W><W>barely</W><W>survived</W><W>your</W><W>set</W><W>,</W><W>families</W><W>hugging</W><C><W>and</W></C><W>crying</W></SENTENCE></P><P></P><P><SENTENCE><W>Dont</W><W>come</W><W>back</W><W>,</W><W>the</W><W>rap</W><W>competition</W><W>s</W><W>getting</W><W>hurt</W><W>up</W></SENTENCE></P><P></P><P><SENTENCE><W>Beat</W><W>within</W><W>an</W><W>inch</W><W>of</W><W>your</W><W>life</W><W>,</W><W>then</W><W>beat</W><W>you</W><W>one</W><W>inch</W><W>further</W></SENTENCE></P><P></P><P><SENTENCE><W>Parental</W><W>Discretion</W><W>is</W><W>definitely</W><W>advised</W><W>.</W></SENTENCE><SENTENCE><W>The</W><W>rest</W><W>of</W><W>what</W><W>this</W><W>EP</W><W>had</W><W>to</W><W>offer</W><cue ID="12" type="negation"><W>was</W><W>nt</W></cue><xcope ID="31"><ref COMMENTS="" ID="40" SRC="12"></ref><W>very</W><W>different</W><W>from</W><W>what</W><W>I</W><W>had</W><W>reviewed</W></xcope><W>,</W><W>with</W><W>the</W><W>exception</W><W>of</W><W>You</W><W>Dont</W><W>Wanna</W><W>Go</W><W>There</W><W>,</W><W>which</W><W>had</W><W>the</W><W>best</W><W>beat</W><W>(</W><W>Latin</W><W>guitar</W><W>riffs</W><C><W>and</W></C><W>an</W><W>ill</W><W>sample</W><W>)</W><W>on</W><W>the</W><W>album</W><W>.</W></SENTENCE><SENTENCE><W>My</W><W>experiment</W><W>with</W><W>this</W><W>EP</W><cue ID="13" type="negation"><W>was</W><W>nt</W></cue><xcope ID="32"><ref COMMENTS="" ID="39" SRC="13"></ref><W>very</W><W>fond</W></xcope><W>,</W><xcope ID="34"><ref ID="38" SRC="15"></ref><C><cue ID="14" type="speculation"><W>believe</W></cue></C><W>it</W></xcope><C><cue ID="15" type="speculation"><W>or</W></cue></C><C><cue ID="16" type="negation"><xcope ID="33"><ref ID="37" SRC="15"></ref><W>not</W></xcope></cue></C><W>,</W><W>it</W><W>actually</W><W>left</W><W>me</W><W>fazed</W><W>.</W></SENTENCE><SENTENCE><W>Sure</W><W>it</W><W>had</W><W>a</W><W>few</W><W>good</W><W>songs</W><W>with</W><W>superman</W><W>Apathy</W><W>behind</W><W>the</W><W>boards</W><C><W>and</W></C><W>Celph</W><W>Titled</W><W>slashing</W><W>his</W><W>tongue</W><W>of</W><W>steel</W><W>.</W></SENTENCE><SENTENCE><W>However</W><W>they</W><W>need</W><W>to</W><W>do</W><W>A</W><W>LOT</W><W>more</W><W>than</W><W>just</W><W>a</W><W>few</W><W>good</W><W>beats</W><C><W>and</W></C><W>a</W><W>few</W><W>decent</W><W>punchlines</W><C><cue ID="17" type="speculation"><W>if</W></cue></C><xcope ID="35"><ref ID="36" SRC="17"></ref><W>they</W><W>ever</W><W>want</W><W>to</W><W>be</W><W>the</W><W>real</W><W>Demigodz</W><W>of</W><W>the</W><W>music</W><W>industry</W></xcope><W>.</W></SENTENCE></P></DOCUMENT>
