<?xml version="1.0" encoding="UTF-8"?>
<DOCUMENT><P></P><P><SENTENCE><W>Reviewing</W><W>a</W><W>CD</W><W>is</W><W>going</W><W>to</W><W>be</W><W>really</W><W>difficult</W><W>for</W><W>me</W><W>.</W></SENTENCE><SENTENCE><W>I</W><cue ID="0" type="negation"><W>do</W><W>n&#39;t</W></cue><xcope ID="3"><ref COMMENTS="" ID="4" SRC="0"></ref><W>even</W><W>know</W><W>here</W><W>to</W><W>start</W><W>!</W></xcope></SENTENCE><SENTENCE><W>So</W><W>,</W><C><W>instead</W></C><W>of</W><W>categorizing</W><W>like</W><W>usual</W><W>,</W><W>I</W><W>&#39;ll</W><C><cue ID="1" type="speculation"><W>probably</W></cue></C><xcope ID="2"><ref COMMENTS="" ID="6" SRC="1"></ref><W>just</W><W>type</W><W>out</W><W>paragraphs</W><C><W>and</W></C><W>how</W><W>it</W><W>is</W><W>somewhat</W><W>organized</W></xcope><W>.</W></SENTENCE><SENTENCE><W>=</W><W>(</W></SENTENCE></P><P></P><P><SENTENCE><W>So</W><W>,</W><W>wondering</W><W>about</W><W>the</W><W>title</W><W>eh</W><W>?</W></SENTENCE><SENTENCE><W>You</W><W>know</W><W>those</W><W>songs</W><W>you</W><W>always</W><W>hear</W><W>on</W><W>the</W><W>radio</W><W>,</W><W>that</W><W>sound</W><W>spectacular</W><C><W>and</W></C><W>a</W><W>couple</W><W>of</W><W>other</W><W>songs</W><W>by</W><W>the</W><W>same</W><W>singer</W><W>gets</W><W>popular</W><W>?</W></SENTENCE><SENTENCE><W>I</W><W>&#39;ll</W><W>assume</W><W>you</W><W>do</W><W>,</W><C><W>and</W></C><W>I</W><W>&#39;ll</W><W>also</W><W>assume</W><W>you</W><W>go</W><W>out</W><W>to</W><W>buy</W><W>the</W><W>CD</W><W>expecting</W><W>the</W><W>same</W><W>quality</W><W>o</W><W>f</W><W>songs</W><W>,</W><W>only</W><W>to</W><W>be</W><W>highly</W><W>disappointed</W><W>.</W></SENTENCE></P><P></P><P><SENTENCE><W>This</W><W>is</W><W>the</W><W>exact</W><W>same</W><W>case</W><W>here</W><W>,</W><W>as</W><W>it</W><W>is</W><W>with</W><W>Confessions</W><W>of</W><W>Fire</W><W>.</W></SENTENCE><SENTENCE><W>IMO</W><W>,</W><W>Cam&#39;Ron</W><W>has</W><W>become</W><W>legendary</W><W>to</W><W>this</W><W>.</W></SENTENCE><SENTENCE><xcope ID="9"><ref COMMENTS="" ID="11" SRC="7"></ref><W>He</W><W>has</W><W>one</W></xcope><C><cue ID="7" type="speculation"><W>or</W></cue></C><xcope ID="8"><ref COMMENTS="" ID="10" SRC="7"></ref><W>two</W><W>amazingly</W><W>popular</W><W>songs</W></xcope><W>,</W><W>then</W><W>the</W><W>rest</W><W>of</W><W>the</W><W>CD</W><W>sucks</W><W>.</W></SENTENCE></P><P></P><P><SENTENCE><W>The</W><W>hit</W><W>song</W><W>in</W><W>Confessions</W><W>of</W><W>Fire</W><W>was</W><W>&#34;</W><W>Horse</W><W>and</W><W>Carriage</W><W>&#34;</W><W>featuring</W><W>Ma$</W><W>e</W><W>.</W></SENTENCE><SENTENCE><W>Of</W><W>course</W><W>,</W><W>back</W><W>then</W><W>there</W><W>was</W><C><cue ID="12" type="negation"><W>no</W></cue></C><xcope ID="17"><ref COMMENTS="" ID="21" SRC="12"></ref><xcope ID="16"><ref COMMENTS="" ID="20" SRC="13"></ref><W>Napster</W></xcope><W>,</W><xcope ID="15"><ref COMMENTS="" ID="19" SRC="13"></ref><W>KaZaa</W></xcope><C><cue ID="13" type="speculation"><W>or</W></cue></C><xcope ID="14"><ref COMMENTS="" ID="18" SRC="13"></ref><W>Morpheus</W></xcope></xcope><W>,</W><C><W>and</W></C><W>that</W><W>was</W><W>just</W><W>a</W><W>few</W><W>years</W><W>ago</W><W>.</W></SENTENCE><SENTENCE><W>Amazing</W><W>how</W><W>much</W><W>the</W><W>internet</W><W>has</W><W>changed</W><W>music</W><W>.</W></SENTENCE><SENTENCE><W>The</W><W>hit</W><W>in</W><W>Come</W><W>Home</W><W>With</W><W>Me</W><W>is</W><W>&#34;</W><W>Hey</W><W>Ma&#34;</W><W>,</W><W>a</W><W>mellow</W><W>rap</W><W>song</W><W>with</W><W>awesome</W><W>lyrics</W><W>.</W></SENTENCE><SENTENCE><W>So</W><W>,</W><W>I</W><W>bought</W><W>the</W><W>song</W><W>on</W><W>iTunes</W><W>Music</W><W>Store</W><W>,</W><C><W>and</W></C><W>I</W><W>love</W><W>it</W><W>.</W></SENTENCE><SENTENCE><W>It</W><W>is</W><W>my</W><W>second</W><W>highest</W><W>played</W><W>song</W><W>,</W><W>only</W><W>behind</W><W>&#34;</W><W>Do</W><W>n&#39;t</W><W>Stop</W><W>Til</W><W>&#39;</W><W>You</W><W>Get</W><W>Enough&#34;</W><W>,</W><W>by</W><W>Michael</W><W>Jackson</W><W>.</W></SENTENCE></P><P></P><P><SENTENCE><W>I</W><W>bought</W><W>the</W><W>CD</W><W>because</W><W>I</W><W>have</W><W>always</W><W>like</W><W>Cam&#39;Ron</W><W>&#39;s</W><W>style</W><W>.</W></SENTENCE><SENTENCE><W>After</W><W>the</W><W>death</W><W>of</W><W>Tupac</W><C><W>and</W></C><W>B.I.G.</W><W>,</W><W>the</W><W>sellout</W><W>of</W><W>P.</W><W>Diddy</W><W>,</W><C><W>and</W></C><W>the</W><W>retirement</W><W>of</W><W>Jay</W><W>Z</W><W>,</W><W>I</W><W>crave</W><W>for</W><W>good</W><W>ol</W><W>&#39;</W><W>rap</W><W>.</W></SENTENCE><SENTENCE><W>I</W><W>am</W><W>talking</W><W>about</W><W>the</W><W>Gangsta</W><W>rap</W><W>of</W><W>the</W><W>early</W><W>90</W><W>&#39;s</W><W>,</W><W>as</W><W>opposed</W><W>to</W><W>the</W><W>crap</W><W>Nelly</W><W>,</W><W>Eminem</W><C><W>and</W></C><W>50</W><W>Cent</W><W>sh</W><W>!t</W><W>out</W><W>.</W></SENTENCE><SENTENCE><W>I</W><W>mean</W><W>the</W><W>crap</W><W>aimed</W><W>towards</W><W>fourteen</W><W>year</W><W>olds</W><W>.</W></SENTENCE><SENTENCE><W>Back</W><W>in</W><W>the</W><W>early</W><W>90s</W><W>,</W><C><cue ID="22" type="speculation"><W>if</W></cue></C><xcope ID="25"><ref COMMENTS="" ID="27" SRC="22"></ref><W>an</W><W>underaged</W><W>kid</W><W>played</W><W>rap</W><W>,</W><W>like</W><W>&#34;</W><W>Hit</W><W>Em</W><W>Up&#34;</W><W>,</W><W>they</W><C><cue ID="23" type="speculation"><W>would</W></cue></C><xcope ID="24"><ref COMMENTS="" ID="26" SRC="23"></ref><W>inadvertently</W><W>pee</W><W>their</W><W>pants</W><W>because</W><W>of</W><W>the</W><W>feeling</W><W>in</W><W>the</W><W>lyrics</W></xcope></xcope><W>.</W></SENTENCE></P><P></P><P><SENTENCE><W>Now</W><W>that</W><W>has</W><W>all</W><W>changed</W><W>.</W></SENTENCE></P><P></P><P><SENTENCE><W>So</W><W>,</W><W>aware</W><W>of</W><W>Cam&#39;Ron</W><W>&#39;s</W><W>new</W><W>CD</W><W>,</W><C><W>and</W></C><W>impressed</W><W>by</W><W>his</W><W>single</W><W>,</W><W>&#34;</W><W>Hey</W><W>Ma&#34;</W><W>,</W><W>I</W><W>bought</W><W>the</W><W>whole</W><W>CD</W><W>at</W><W>iTunes</W><W>Music</W><W>Store</W><W>for</W><W>around</W><W>$</W><W>10.00US.</W></SENTENCE></P><P></P><P><SENTENCE><W>Luckily</W><W>I</W><W>did</W><C><cue ID="28" type="negation"><W>not</W></cue></C><xcope ID="35"><ref COMMENTS="" ID="36" SRC="28"></ref><W>pay</W><W>full</W><W>retail</W><W>price</W></xcope><W>,</W><W>which</W><C><cue ID="29" type="speculation"><W>would</W></cue></C><xcope ID="34"><ref COMMENTS="" ID="38" SRC="29"></ref><W>have</W><C><cue ID="30" type="speculation"><W>probably</W></cue></C><xcope ID="33"><ref COMMENTS="" ID="37" SRC="30"></ref><W>been</W><W>$</W><W>15.</W></xcope></xcope></SENTENCE><SENTENCE><W>The</W><W>CD</W><W>SUCKED.</W></SENTENCE><SENTENCE><W>Besides</W><W>&#34;</W><W>Hey</W><W>Ma&#34;</W><W>which</W><W>I</W><W>have</W><W>two</W><W>copies</W><W>of</W><W>,</W><C><W>and</W></C><W>&#34;</W><W>Oh</W><W>Boy&#34;</W><W>,</W><W>the</W><W>rest</W><W>of</W><W>the</W><W>CD</W><W>is</W><W>poor</W><W>music</W><W>with</W><W>just</W><W>as</W><W>bad</W><W>lyrics</W><W>.</W></SENTENCE><SENTENCE><W>(</W><C><cue ID="31" type="speculation"><W>No</W></cue></C><xcope ID="32"><ref COMMENTS="" ID="39" SRC="31"></ref><W>offense</W><W>Cam&#39;Ron</W></xcope><W>,</W><W>I</W><W>&#39;m</W><W>still</W><W>a</W><W>big</W><W>fan</W><W>!</W><W>)</W></SENTENCE></P><P></P><P><SENTENCE><W>Cons</W></SENTENCE></P><P></P><P><SENTENCE><W>This</W><W>is</W><W>another</W><W>example</W><W>of</W><W>why</W><W>people</W><W>&#34;</W><W>share</W><W>&#34;</W><W>music</W><W>.</W></SENTENCE><SENTENCE><W>You</W><W>put</W><W>a</W><W>couple</W><W>of</W><W>good</W><W>songs</W><W>on</W><W>the</W><W>CD</W><W>,</W><C><W>and</W></C><W>the</W><W>rest</W><W>sounds</W><W>like</W><W>it</W><W>was</W><W>there</W><W>to</W><W>fill</W><W>the</W><W>void</W><W>.</W></SENTENCE></P><P></P><P><SENTENCE><W>The</W><W>lyrics</W><W>suck</W><W>,</W><C><W>and</W></C><W>the</W><W>beat</W><W>is</W><W>in</W><C><cue COMMENTS="" ID="40" type="negation"><W>no</W></cue></C><xcope ID="48"><ref COMMENTS="" ID="49" SRC="40"></ref><W>way</W><W>catchy</W></xcope><W>.</W></SENTENCE><SENTENCE><W>Try</W><W>singing</W><W>along</W><W>to</W><W>&#34;</W><W>Come</W><W>Home</W><W>with</W><W>Me&#34;</W><W>.</W></SENTENCE><SENTENCE><W>You</W><cue COMMENTS="" ID="41" type="negation"><W>ca</W><W>n&#39;t</W></cue><W>!</W></SENTENCE><SENTENCE><C><cue COMMENTS="" ID="42" type="negation"><W>No</W></cue></C><xcope ID="47"><ref COMMENTS="" ID="52" SRC="42"></ref><W>rhythmic</W><W>style</W></xcope><W>.</W></SENTENCE><SENTENCE><cue COMMENTS="" ID="44" type="negation"><W>Nothing</W></cue><xcope ID="46"><ref COMMENTS="" ID="51" SRC="44"></ref><W>you</W><C><cue COMMENTS="" ID="43" type="speculation"><W>can</W></cue></C><xcope ID="45"><ref COMMENTS="" ID="50" SRC="43"></ref><C><W>feel</W></C><W>out</W><W>of</W><W>the</W><W>song</W><W>!</W></xcope></xcope></SENTENCE></P><P></P><P><SENTENCE><W>Out</W><W>of</W><W>the</W><W>fifteen</W><W>tracks</W><W>on</W><W>the</W><W>CD</W><W>,</W><W>their</W><W>are</W><W>two</W><W>that</W><W>I</W><W>play</W><W>.</W></SENTENCE></P><P></P><P><SENTENCE><W>The</W><W>lyrics</W><cue ID="53" type="negation"><W>are</W><W>n&#39;t</W></cue><xcope ID="60"><ref COMMENTS="" ID="61" SRC="53"></ref><W>smooth</W></xcope><W>,</W><C><W>and</W></C><W>the</W><W>beat</W><cue ID="54" type="negation"><W>is</W><W>n&#39;t</W></cue><xcope ID="59"><ref COMMENTS="" ID="62" SRC="54"></ref><W>catchy</W></xcope><W>.</W></SENTENCE><SENTENCE><W>That</W><W>is</W><W>basically</W><W>the</W><W>bottom</W><W>line</W><W>.</W></SENTENCE><SENTENCE><C><cue ID="55" type="negation"><W>Not</W></cue></C><xcope ID="58"><ref COMMENTS="" ID="64" SRC="55"></ref><W>much</W><W>detail</W><C><cue ID="56" type="speculation"><W>can</W></cue></C><xcope ID="57"><ref COMMENTS="" ID="63" SRC="56"></ref><W>be</W><W>given</W><W>besides</W><W>the</W><W>fact</W><W>that</W><W>the</W><W>CD</W><W>sucks</W><W>for</W><W>those</W><W>two</W><W>reasons</W><W>.</W></xcope></xcope></SENTENCE></P><P></P><P><SENTENCE><W>Cam&#39;Ron</W><cue ID="65" type="negation"><W>has</W><W>n&#39;t</W></cue><xcope ID="72"><ref COMMENTS="" ID="73" SRC="65"></ref><W>had</W><W>a</W><W>huge</W><W>fit</W><W>for</W><W>a</W><W>long</W><W>time</W><W>now</W></xcope><W>.</W></SENTENCE><SENTENCE><W>He</W><W>did</W><W>do</W><W>a</W><W>remix</W><W>of</W><W>&#34;</W><W>Horse</W><W>and</W><W>Carriage&#34;</W><W>,</W><W>which</W><W>was</W><W>okay</W><W>.</W></SENTENCE><SENTENCE><W>It</W><C><cue ID="66" type="speculation"><W>seemed</W></cue></C><xcope ID="71"><ref COMMENTS="" ID="74" SRC="66"></ref><W>kind</W><W>of</W><W>desperate</W><W>,</W><W>but</W><W>of</W><W>course</W><W>many</W><W>artists</W><W>do</W><W>remixes</W></xcope><W>.</W></SENTENCE><SENTENCE><W>Rarely</W><W>are</W><W>they</W><W>as</W><W>good</W><W>as</W><W>the</W><W>first</W><W>.</W></SENTENCE><SENTENCE><W>With</W><W>the</W><W>quality</W><W>of</W><W>the</W><W>original</W><W>song</W><W>in</W><W>this</W><W>case</W><W>,</W><W>I</W><cue ID="67" type="negation"><W>do</W><W>n&#39;t</W></cue><xcope ID="70"><ref COMMENTS="" ID="76" SRC="67"></ref><C><cue ID="68" type="speculation"><W>think</W></cue></C><xcope ID="69"><ref COMMENTS="" ID="75" SRC="68"></ref><W>anyone</W><C><W>expected</W></C><W>it</W><W>to</W><W>be</W></xcope></xcope><W>.</W></SENTENCE></P><P></P><P><SENTENCE><W>Again</W><W>,</W><W>the</W><W>songs</W><W>sound</W><W>like</W><W>they</W><W>were</W><W>whipped</W><W>together</W><W>to</W><W>fill</W><W>up</W><W>space</W><W>as</W><W>to</W><W>make</W><W>it</W><W>different</W><W>from</W><W>a</W><W>single</W><W>.</W></SENTENCE></P><P></P><P><SENTENCE><W>Pros</W></SENTENCE></P><P></P><P><SENTENCE><W>Despite</W><W>most</W><W>of</W><W>the</W><W>downfalls</W><W>,</W><W>Cam&#39;Ron</W><W>is</W><W>a</W><W>great</W><W>lyricist</W><W>,</W><W>especially</W><W>when</W><W>his</W><W>songs</W><W>have</W><W>a</W><W>great</W><W>beat</W><W>.</W></SENTENCE></P><P></P><P><SENTENCE><W>Songs</W><W>he</W><W>has</W><W>put</W><W>out</W><W>like</W><W>&#34;</W><W>Horse</W><W>and</W><W>Carriage&#34;</W><W>,</W><W>easily</W><W>puts</W><W>Cam&#39;Ron</W><W>on</W><W>the</W><W>Top</W><W>40</W><W>Rappers</W><W>of</W><W>all</W><W>time</W><W>list</W><W>.</W></SENTENCE></P><P></P><P><SENTENCE><W>&#34;</W><W>Hey</W><W>Ma&#34;</W><W>,</W><W>is</W><W>a</W><W>perfect</W><W>example</W><W>.</W></SENTENCE><SENTENCE><W>With</W><W>a</W><W>mellow</W><W>rhythm</W><W>,</W><W>it</W><W>is</W><W>perfect</W><W>for</W><W>night</W><W>drives</W><C><W>and</W></C><W>stuff</W><W>.</W></SENTENCE><SENTENCE><W>Very</W><W>soothing</W><W>,</W><W>for</W><W>a</W><W>rap</W><W>song</W><W>at</W><W>least</W><W>.</W></SENTENCE></P><P></P><P><SENTENCE><W>&#34;</W><W>Hey</W><W>Ma&#34;</W><W>is</W><W>a</W><W>perfect</W><W>example</W><W>of</W><W>how</W><W>great</W><W>rap</W><W>was</W><W>in</W><W>the</W><W>90</W><W>&#39;s</W><W>.</W></SENTENCE><SENTENCE><W>For</W><W>example</W><W>,</W><W>during</W><W>the</W><W>chorus</W><W>they</W><W>talk</W><W>to</W><W>each</W><W>other</W><W>with</W><W>things</W><W>like</W><W>,</W><W>&#34;</W><W>What</W><W>&#39;s</W><W>up</W><W>,</W><W>All</W><W>right</W><W>&#34;</W><W>.</W></SENTENCE><SENTENCE><W>Pure</W><W>90</W><W>&#39;s</W><W>.</W></SENTENCE></P><P></P><P><SENTENCE><W>They</W><W>also</W><W>pass</W><W>back</W><W>to</W><W>each</W><W>other</W><W>:</W><W>&#34;</W><W>Got</W><W>drops</W><W>,</W><W>got</W><W>Coups</W><W>,</W><W>got</W><W>Trucks</W><W>,</W><W>got</W><W>juice</W><W>,</W><W>all</W><W>right</W><W>.</W><W>&#34;</W></SENTENCE></P><P></P><P><SENTENCE><W>Perfect</W><W>.</W></SENTENCE><SENTENCE><W>Absolutely</W><W>perfect</W><W>.</W></SENTENCE><SENTENCE><W>You</W><W>ca</W><W>n&#39;t</W><W>ask</W><W>for</W><W>a</W><W>better</W><W>song</W><W>than</W><W>this</W><W>.</W></SENTENCE></P><P></P><P><SENTENCE><W>Another</W><W>popular</W><W>song</W><W>is</W><W>Oh</W><W>Boy</W><W>,</W><W>which</W><W>is</W><W>kind</W><W>of</W><W>weird</W><W>but</W><W>still</W><W>counts</W><W>as</W><W>good</W><W>music</W><W>.</W></SENTENCE></P><P></P><P><SENTENCE><W>Those</W><W>two</W><W>songs</W><W>,</W><C><W>and</W></C><W>Cam&#39;Ron</W><W>&#39;s</W><W>consistent</W><W>style</W><W>throughout</W><W>the</W><W>CD</W><W>is</W><W>what</W><W>gives</W><W>it</W><W>two</W><W>stars</W><W>,</W><W>as</W><W>opposed</W><W>to</W><W>one</W><W>.</W></SENTENCE><SENTENCE><W>Cam&#39;Ron</W><W>has</W><W>a</W><W>very</W><W>original</W><C><W>and</W></C><W>classy</W><W>style</W><W>that</W><W>you</W><C><cue ID="77" type="speculation"><W>can</W></cue></C><xcope ID="78"><ref COMMENTS="" ID="79" SRC="77"></ref><W>listen</W><W>to</W><W>over</W><C><W>and</W></C><W>over</W><W>again</W></xcope><W>.</W></SENTENCE></P><P></P><P><SENTENCE><C><W>Conclusion</W></C></SENTENCE></P><P></P><P><SENTENCE><W>Do</W><W>n&#39;t</W><W>buy</W><W>the</W><W>CD</W><W>,</W><W>but</W><W>definitely</W><W>buy</W><W>the</W><W>song</W><W>,</W><W>&#34;</W><W>Hey</W><W>Ma&#34;</W><W>.</W></SENTENCE><SENTENCE><W>It</W><W>is</W><W>well</W><W>worth</W><W>the</W><W>99</W><W>Cents</W><W>that</W><W>iTunes</W><W>Music</W><W>Store</W><W>charges</W><W>.</W></SENTENCE><SENTENCE><C><cue ID="80" type="speculation"><W>If</W></cue></C><xcope ID="84"><ref COMMENTS="" ID="86" SRC="80"></ref><W>you</W><cue ID="81" type="negation"><W>do</W><W>n&#39;t</W></cue><xcope ID="83"><ref COMMENTS="" ID="85" SRC="81"></ref><W>want</W><W>to</W><W>download</W><W>iTunes</W><W>,</W><W>try</W><W>BuyMusic.com</W><W>.</W></xcope></xcope></SENTENCE></P><P></P><P><SENTENCE><W>&#34;</W><W>Oh</W><W>Boy</W><W>&#34;</W><cue ID="87" type="negation"><W>is</W><W>n&#39;t</W></cue><xcope ID="89"><ref COMMENTS="" ID="90" SRC="87"></ref><W>bad</W><C><cue ID="88" type="negation"><W>either</W></cue></C></xcope><W>.</W></SENTENCE></P><P></P><P><SENTENCE><W>I</W><W>really</W><C><W>hope</W></C><W>Cam&#39;Ron</W><W>keeps</W><W>up</W><W>his</W><W>style</W><C><W>and</W></C><cue ID="91" type="negation"><W>does</W><W>n&#39;t</W></cue><xcope ID="94"><ref COMMENTS="" ID="95" SRC="91"></ref><W>follow</W><W>the</W><W>&#34;</W><W>Nelly</W><W>&#34;</W><W>trend</W></xcope><W>.</W></SENTENCE><SENTENCE><W>Hey</W><W>,</W><C><cue ID="92" type="speculation"><W>if</W></cue></C><xcope ID="93"><ref COMMENTS="" ID="96" SRC="92"></ref><W>he</W><W>does</W><W>,</W><W>he</W><W>&#39;ll</W><W>always</W><W>have</W><W>listeners</W></xcope><W>.</W></SENTENCE><SENTENCE><W>The</W><W>real</W><W>rap</W><W>fans</W><W>will</W><W>listen</W><W>,</W><C><W>and</W></C><W>really</W><W>appreciate</W><W>the</W><W>music</W><W>.</W></SENTENCE><SENTENCE><W>Right</W><W>now</W><W>,</W><W>Cam&#39;Ron</W><W>IMO</W><W>is</W><W>one</W><W>of</W><W>the</W><W>best</W><W>living/non-retired</W><W>rappers</W><W>.</W></SENTENCE><SENTENCE><W>Hopefully</W><W>he</W><W>keeps</W><W>up</W><W>the</W><W>good</W><W>work</W><C><W>and</W></C><W>style</W></SENTENCE></P><P></P><P><SENTENCE><W>Cam&#39;Ron</W><W>&#39;s</W><W>last</W><W>CD</W><W>was</W><W>better</W><W>,</W><W>even</W><W>though</W><W>it</W><W>was</W><W>basically</W><W>the</W><W>same</W><W>,</W><W>&#34;one</W><W>good</W><W>song</W><W>&#34;</W><W>story</W><W>.</W></SENTENCE><SENTENCE><W>That</W><W>one</W><W>good</W><W>song</W><W>though</W><W>,</W><W>is</W><W>really</W><W>good</W><W>.</W></SENTENCE></P><P></P><P><SENTENCE><W>Worth</W><W>ten</W><W>bucks</W><W>?</W></SENTENCE><SENTENCE><C><cue ID="97" type="speculation"><W>Probably</W></cue></C><C><cue ID="98" type="negation"><xcope ID="99"><ref COMMENTS="" ID="100" SRC="97"></ref><W>not</W></xcope></cue></C><W>.</W></SENTENCE></P><P></P><P><SENTENCE><W>Worth</W><W>a</W><W>buck</W><W>?</W></SENTENCE><SENTENCE><W>Easily</W><W>.</W></SENTENCE></P></DOCUMENT>
