<?xml version="1.0" encoding="UTF-8"?>
<DOCUMENT><P></P><P><SENTENCE><W>I</W><C><cue ID="0" type="speculation"><W>would</W></cue></C><xcope ID="10"><ref COMMENTS="" ID="38" SRC="0"></ref><W>like</W><W>to</W><W>start</W><W>off</W><W>by</W><W>saying</W><W>this</W><W>album</W><W>is</W><W>straight</W><W>WHACK!</W></xcope><W>!</W><W>!</W></SENTENCE></P><P></P><P><SENTENCE><W>Why</W><C><cue ID="1" type="speculation"><W>would</W></cue></C><xcope ID="11"><ref COMMENTS="" ID="37" SRC="1"></ref><W>any</W><W>of</W><W>you</W><W>want</W><W>an</W><W>album</W><W>where</W><W>all</W><W>you</W><W>here</W><W>is</W><W>how</W><W>much</W><W>money</W></xcope></SENTENCE></P><P></P><P><SENTENCE><W>he</W><W>has</W><W>?</W><W>?</W></SENTENCE><SENTENCE><W>People</W><W>who</W><W>rap</W><W>about</W><W>their</W><W>personal</W><W>possesions</W><W>have</W><C><cue ID="2" type="negation"><W>no</W></cue></C><xcope ID="12"><ref COMMENTS="" ID="36" SRC="2"></ref><W>respect</W><W>for</W><W>hiphop</W></xcope><W>.</W></SENTENCE><SENTENCE><W>Hiphop</W><W>is</W><W>an</W><W>artform</W><W>which</W><W>was</W><C><cue ID="3" type="negation"><W>NOT</W></cue></C><xcope ID="13"><ref COMMENTS="" ID="35" SRC="3"></ref><W>meant</W><W>to</W><W>be</W><W>made</W><W>money</W><W>off</W><W>of</W></xcope><W>.</W></SENTENCE><SENTENCE><W>I</W><C><cue ID="4" type="speculation"><W>could</W></cue></C><xcope ID="32"><ref COMMENTS="" ID="34" SRC="4"></ref><W>care</W><W>less</W><xcope ID="31"><ref COMMENTS="" ID="33" SRC="5"></ref><W>how</W><W>many</W><W>damn</W><W>cars</W></xcope><C><cue ID="5" type="speculation"><W>or</W></cue></C><xcope ID="14"><ref COMMENTS="" ID="30" SRC="5"></ref><W>jewels</W><W>he</W><W>has</W></xcope></xcope><W>.</W></SENTENCE><SENTENCE><W>I</W><W>&#39;d</W><W>rather</W><W>listen</W><W>to</W><W>an</W><W>album</W><W>that</W><cue ID="6" type="negation"><W>does</W><W>n&#39;t</W></cue><xcope ID="24"><ref COMMENTS="" ID="29" SRC="6"></ref><xcope ID="23"><ref COMMENTS="" ID="26" SRC="7"></ref><W>state</W><W>how</W><W>much</W><W>sh*t</W><W>you</W><W>got</W></xcope><C><cue ID="7" type="speculation"><W>or</W></cue></C><xcope ID="17"><ref COMMENTS="" ID="27" SRC="7"></ref><W>an</W><W>album</W><W>about</W><W>killing</W><W>the</W><W>most</W><W>people</W></xcope><C><cue ID="8" type="speculation"><W>or</W></cue></C><xcope ID="16"><ref COMMENTS="" ID="28" SRC="7"></ref><W>smoking</W><W>te</W><W>most</W><W>weed</W></xcope></xcope><W>.</W></SENTENCE><SENTENCE><W>Why</W><cue ID="9" type="negation"><W>do</W><W>n&#39;t</W></cue><xcope ID="19"><ref COMMENTS="" ID="20" SRC="9"></ref><W>you</W><W>all</W><W>do</W><W>yourself</W><W>a</W><W>favour</W><C><W>and</W></C><W>goto</W><W>to</W><W>your</W><W>local</W><W>underground</W><W>hiphop</W><W>store</W><C><W>and</W></C><W>purchase</W><W>an</W><W>album</W><W>that</W><W>was</W><W>mad</W><W>for</W><W>strictly</W><W>flows</W><W>,</W><W>strictly</W><W>skillz</W><W>,</W><C><W>and</W></C><W>strictly</W><W>hiphop</W></xcope><W>.</W></SENTENCE></P><P></P><P><SENTENCE><W>peace</W></SENTENCE></P></DOCUMENT>
