<?xml version="1.0" encoding="UTF-8"?>
<DOCUMENT><P></P><P><SENTENCE><W>DaBrat</W><W>is</W><W>a</W><W>girl/lady/whatever</W><W>-</W><W>so</W><W>why</W><cue ID="0" type="negation"><W>does</W><W>n&#39;t</W></cue><xcope ID="81"><ref COMMENTS="" ID="89" SRC="0"></ref><W>she</W><W>act</W><W>like</W><W>it</W></xcope><W>?</W></SENTENCE><SENTENCE><W>With</W><W>her</W><W>brazen</W><W>,</W><W>rough</W><W>tones</W><C><W>and</W></C><W>word</W><W>choice</W><W>,</W><W>she</W><cue ID="1" type="negation"><W>does</W><W>n&#39;t</W></cue><xcope ID="82"><ref COMMENTS="" ID="88" SRC="1"></ref><W>sound</W><W>very</W><W>ladylike</W><W>to</W><W>me</W></xcope><W>.</W></SENTENCE><SENTENCE><C><cue ID="2" type="negation"><W>Not</W></cue></C><xcope ID="83"><ref COMMENTS="" ID="87" SRC="2"></ref><W>that</W><W>she</W><W>tries</W><W>to</W><W>act</W><W>like</W><W>a</W><W>lady</W></xcope><W>...Just</W><W>as</W><W>most</W><W>other</W><W>female</W><W>rappers</W><W>(</W><W>Missy</W><W>Elliott</W><W>,</W><W>Eve</W><W>,</W><W>Amil</W><W>)</W><xcope COMMENTS="" ID="225"><ref COMMENTS="" ID="227" SRC="4"></ref><W>,</W><W>she</W></xcope><cue ID="3" type="negation"><W>does</W><W>n&#39;t</W></cue><xcope ID="80"><ref COMMENTS="" ID="86" SRC="3"></ref><C><cue ID="4" type="speculation"><W>seem</W></cue></C><xcope ID="79"><ref COMMENTS="" ID="85" SRC="4"></ref><W>to</W><W>have</W><W>much</W><W>originality</W></xcope></xcope><W>.</W></SENTENCE><SENTENCE><cue ID="6" type="negation"><W>Nor</W></cue><xcope ID="78"><ref COMMENTS="" ID="84" SRC="6"></ref><W>is</W><W>there</W><W>much</W><W>distinction</W><W>between</W><W>her</W><W>songs</W></xcope><W>.</W></SENTENCE><SENTENCE><W>Most</W><W>all</W><W>of</W><W>the</W><W>17</W><W>tracks</W><W>sound</W><W>the</W><W>same</W><W>.</W></SENTENCE></P><P></P><P><SENTENCE><W>What</W><W>is</W><W>wrong</W><W>with</W><W>rap</W><W>these</W><W>days</W><W>?</W></SENTENCE></P><P></P><P><SENTENCE><W>In</W><W>general</W><W>,</W><W>rap</W><W>has</W><W>lost</W><W>so</W><W>much</W><W>of</W><W>its</W><W>meaning</W><W>.</W></SENTENCE><SENTENCE><W>It</W><W>used</W><W>to</W><W>be</W><W>purely</W><W>lyrical</W><W>genious</W><W>,</W><W>but</W><W>nowadays</W><W>,</W><W>with</W><W>the</W><W>progression</W><W>of</W><W>rap</W><W>merging</W><W>into</W><W>some</W><W>pop/rock</W><W>,</W><W>it</W><W>has</W><W>totally</W><W>changed</W><W>.</W></SENTENCE><SENTENCE><W>You</W><C><cue ID="7" type="speculation"><W>can</W></cue></C><xcope ID="90"><ref COMMENTS="" ID="93" SRC="7"></ref><W>now</W><W>hear</W><W>tunes</W><W>from</W><W>DMX</W><W>being</W><W>played</W><W>on</W><W>pop</W><W>radio</W><W>stations</W></xcope><W>.</W></SENTENCE><SENTENCE><W>You</W><C><cue ID="8" type="speculation"><W>can</W></cue></C><xcope ID="91"><ref COMMENTS="" ID="92" SRC="8"></ref><W>hear</W><W>ODB</W><W>on</W><W>pop</W><W>stations</W></xcope><W>.</W></SENTENCE><SENTENCE><W>Is</W><W>there</W><W>anything</W><W>wrong</W><W>with</W><W>a</W><W>pop</W><W>station</W><W>playing</W><W>it</W><W>?</W></SENTENCE><SENTENCE><W>Nope</W><W>.</W></SENTENCE><SENTENCE><W>But</W><W>it</W><W>affects</W><W>the</W><W>production</W><C><W>and</W></C><W>composition</W><W>of</W><W>rap</W><W>songs</W><W>.</W></SENTENCE></P><P></P><P><SENTENCE><W>The</W><W>stereotype</W><W>of</W><W>rap</W><W>used</W><W>to</W><W>be</W><W>that</W><W>hard-core</W><W>gangsta</W><W>rap</W><W>stuff</W><W>that</W><W>almost</W><C><cue ID="9" type="negation"><W>no</W></cue></C><xcope ID="94"><ref COMMENTS="" ID="95" SRC="9"></ref><W>caucasian</W><W>people</W><W>wanted</W><W>to</W><W>listen</W><W>to</W></xcope><W>.</W></SENTENCE><SENTENCE><W>As</W><W>the</W><W>years</W><W>pass</W><W>,</W><W>it</W><W>changes</W><W>,</W><C><W>and</W></C><W>more</W><C><W>and</W></C><W>more</W><W>white</W><W>people</W><W>like</W><W>rap</W><W>.</W></SENTENCE><SENTENCE><W>Why</W><W>?</W></SENTENCE><SENTENCE><W>It</W><W>has</W><W>altered</W><W>some</W><W>of</W><W>its</W><W>style</W><C><W>and</W></C><W>sound</W><W>to</W><W>accomodate</W><W>others</W><W>.</W></SENTENCE><SENTENCE><C><cue ID="10" type="negation"><W>No</W></cue></C><xcope ID="96"><ref COMMENTS="" ID="97" SRC="10"></ref><W>offense</W></xcope><W>,</W><W>but</W><W>white</W><W>influence</W><W>on</W><W>&#34;black</W><W>&#34;</W><W>music</W><W>is</W><W>n&#39;t</W><W>good</W><W>.</W></SENTENCE></P><P></P><P><SENTENCE><W>Also</W><W>,</W><W>lyrical</W><W>genious</W><W>in</W><W>rap</W><W>nowadays</W><W>tends</W><W>to</W><W>go</W><W>along</W><W>the</W><W>lines</W><W>of</W><W>&#34;</W><W>f*ck</W><W>you</W><W>&#34;</W><C><W>and</W></C><W>&#34;</W><W>suck</W><W>my</W><W>__</W><W>__</W><W>.</W><W>&#34;</W></SENTENCE><SENTENCE><W>What</W><W>&#39;s</W><W>happened</W><W>to</W><W>the</W><W>awesome</W><W>rhymes</W><C><W>and</W></C><W>,</W><W>well</W><W>,</W><W>less</W><W>profane</W><W>side</W><W>of</W><W>rap</W><W>?</W><W>Society</W><W>has</W><W>made</W><W>this</W><W>every-other-word-is-f*ck</W><W>music</W><W>into</W><W>the</W><W>norm</W><W>.</W></SENTENCE><SENTENCE><W>Rarely</W><W>will</W><W>you</W><W>listen</W><W>to</W><W>a</W><W>rap</W><W>song</W><C><cue ID="11" type="negation"><W>without</W></cue></C><xcope ID="98"><ref COMMENTS="" ID="99" SRC="11"></ref><W>the</W><W>colorful</W><W>language</W><W>in</W><W>it</W></xcope><W>.</W></SENTENCE></P><P></P><P><SENTENCE><W>Back</W><W>to</W><W>DABRAT...</W></SENTENCE></P><P></P><P><SENTENCE><xcope COMMENTS="" ID="228"><ref COMMENTS="" ID="229" SRC="12"></ref><W>DaBrat</W></xcope><C><cue ID="12" type="speculation"><W>seems</W></cue></C><xcope ID="103"><ref COMMENTS="" ID="107" SRC="12"></ref><W>to</W><W>have</W><W>been</W><W>using</W><W>a</W><W>mini-version</W><W>of</W><W>Webster</W><W>&#39;s</W><W>when</W><W>she</W><C><W>and</W></C><W>her</W><W>co-writers</W><W>wrote</W><W>those</W><W>songs</W></xcope><W>.</W></SENTENCE><SENTENCE><C><cue ID="13" type="negation"><W>Not</W></cue></C><xcope ID="102"><ref COMMENTS="" ID="106" SRC="13"></ref><W>only</W><W>do</W><W>they</W><W>recycle</W><W>all</W><W>the</W><W>same</W><W>words</W></xcope><W>,</W><W>the</W><W>lyrics</W><W>have</W><C><cue ID="14" type="negation"><W>no</W></cue></C><xcope ID="101"><ref ID="105" SRC="14"></ref><W>deep</W><W>meaning</W></xcope><W>.</W></SENTENCE><SENTENCE><W>Unlike</W><W>many</W><W>other</W><W>rap</W><W>artists</W><W>,</W><xcope COMMENTS="" ID="230"><ref COMMENTS="" ID="231" SRC="15"></ref><W>she</W></xcope><C><cue ID="15" type="speculation"><W>seems</W></cue></C><xcope ID="100"><ref COMMENTS="" ID="104" SRC="15"></ref><W>to</W><W>just</W><W>be</W><W>rapping</W><W>for</W><W>the</W><W>heck</W><W>of</W><W>it</W></xcope><W>.</W></SENTENCE><SENTENCE><W>It</W><W>&#39;s</W><W>worse</W><W>than</W><W>Britney</W><W>Spears</W><W>.</W></SENTENCE><SENTENCE><W>DaBrat</W><W>also</W><W>has</W><W>a</W><W>voice</W><W>similar</W><W>to</W><W>Britney</W><W>&#39;s</W><W>-</W><W>strained</W><W>,</W><W>throaty</W><W>,</W><C><W>and</W></C><W>squeaky</W><W>.</W></SENTENCE><SENTENCE><W>It</W><W>is</W><W>very</W><W>painful</W><W>to</W><W>listen</W><W>to</W><W>,</W><W>at</W><W>times</W><W>,</W><C><W>and</W></C><W>her</W><W>redundancy</W><W>does</W><W>get</W><W>on</W><W>my</W><W>nerves</W><W>.</W></SENTENCE></P><P></P><P><SENTENCE><W>Track</W><W>1</W><W>-</W><W>Intro</W></SENTENCE></P><P></P><P><SENTENCE><W>The</W><W>intro</W><W>is</W><W>so</W><W>useless</W><W>because</W><W>it</W><W>is</W><W>basically</W><W>celebrating</W><W>the</W><W>return</W><W>of</W><W>DaBrat</W><W>.</W></SENTENCE><SENTENCE><W>However</W><W>,</W><W>I</W><W>&#39;ll</W><W>give</W><W>her</W><W>a</W><W>few</W><W>brownie</W><W>points</W><W>because</W><W>of</W><W>the</W><W>excellent</W><W>rap</W><W>skills</W><W>showed</W><W>here</W><W>.</W></SENTENCE><SENTENCE><W>She</W><C><cue ID="16" type="speculation"><W>can</W></cue></C><xcope ID="108"><ref COMMENTS="" ID="111" SRC="16"></ref><W>rap</W><W>so</W><W>fast</W><C><W>and</W></C><W>clear</W><W>-</W><W>a</W><W>great</W><W>feat</W><W>of</W><W>skill</W></xcope><W>.</W></SENTENCE><SENTENCE><W>The</W><W>tune</W><W>is</W><W>very</W><W>boring</W><W>,</W><W>but</W><W>it</W><W>suffices</W><W>.</W></SENTENCE><SENTENCE><W>Here</W><C><W>and</W></C><W>there</W><W>you</W><C><cue ID="17" type="speculation"><W>can</W></cue></C><xcope ID="109"><ref COMMENTS="" ID="110" SRC="17"></ref><W>pick</W><W>up</W><W>some</W><W>lyrics</W></xcope><W>,</W><W>but</W><W>it</W><W>&#39;s</W><W>hard</W><W>to</W><W>because</W><W>of</W><W>the</W><W>speed</W><W>they</W><W>rap</W><W>.</W></SENTENCE></P><P></P><P><SENTENCE><W>Track</W><W>2</W><W>-</W><W>We</W><W>Ready</W></SENTENCE></P><P></P><P><SENTENCE><W>I</W><C><cue ID="18" type="negation"><W>never</W></cue></C><xcope ID="112"><ref COMMENTS="" ID="126" SRC="18"></ref><W>said</W><W>I</W><W>was</W><W>ready</W></xcope><W>!</W></SENTENCE><SENTENCE><W>:</W><W>)</W><W>Again</W><W>,</W><W>the</W><W>tune</W><cue ID="19" type="negation"><W>is</W><W>n&#39;t</W></cue><xcope ID="113"><ref COMMENTS="" ID="127" SRC="19"></ref><W>great</W></xcope><W>.</W></SENTENCE><SENTENCE><W>In</W><W>fact</W><W>,</W><W>it</W><W>&#39;s</W><W>horrible</W><W>.</W></SENTENCE><SENTENCE><W>It</W><W>sounds</W><W>like</W><W>something</W><W>Dr.</W><W>Dre</W><C><cue ID="20" type="speculation"><W>would</W></cue></C><xcope ID="114"><ref COMMENTS="" ID="128" SRC="20"></ref><W>use</W></xcope><W>,</W><W>especially</W><C><cue ID="21" type="speculation"><W>if</W></cue></C><xcope ID="117"><ref COMMENTS="" ID="131" SRC="21"></ref><xcope ID="116"><ref COMMENTS="" ID="129" SRC="22"></ref><W>his</W><W>music</W><W>were</W><W>like</W><W>TQ</W></xcope><C><cue ID="22" type="speculation"><W>or</W></cue></C><xcope ID="115"><ref COMMENTS="" ID="130" SRC="22"></ref><W>something</W></xcope></xcope><W>.</W></SENTENCE><SENTENCE><W>This</W><W>music</W><cue ID="23" type="negation"><W>does</W><W>n&#39;t</W></cue><xcope ID="120"><ref COMMENTS="" ID="134" SRC="23"></ref><xcope ID="119"><ref COMMENTS="" ID="133" SRC="24"></ref><W>fit</W><W>the</W><W>lyrics</W></xcope><C><cue ID="24" type="speculation"><W>or</W></cue></C><xcope ID="118"><ref COMMENTS="" ID="132" SRC="24"></ref><W>the</W><W>voice</W></xcope></xcope><W>.</W></SENTENCE><SENTENCE><W>Too</W><W>soft</W><W>music</W><W>for</W><W>too</W><W>harsh</W><W>a</W><W>voice</W><W>.</W></SENTENCE><SENTENCE><W>There</W><W>is</W><W>barely</W><W>a</W><W>tune</W><W>,</W><W>actully</W><W>,</W><W>so</W><W>I</W><W>take</W><W>back</W><W>the</W><W>part</W><W>of</W><W>the</W><W>tune</W><C><cue ID="25" type="negation"><W>not</W></cue></C><xcope ID="121"><ref COMMENTS="" ID="135" SRC="25"></ref><W>being</W><W>great</W></xcope><W>.</W></SENTENCE><SENTENCE><W>Ther</W><W>are</W><W>3</W><W>notes</W><W>in</W><W>the</W><W>tune</W><W>,</W><W>that</W><W>&#39;s</W><W>it</W><W>.</W></SENTENCE><SENTENCE><C><cue ID="26" type="negation"><W>Not</W></cue></C><xcope ID="122"><ref COMMENTS="" ID="137" SRC="26"></ref><W>much</W><W>to</W><W>look</W><W>forward</W><W>to</W></xcope><W>,</W><C><cue ID="27" type="speculation"><W>if</W></cue></C><xcope ID="123"><ref COMMENTS="" ID="136" SRC="27"></ref><W>you</W><W>ask</W><W>me</W></xcope><W>.</W></SENTENCE><SENTENCE><W>It</W><W>&#39;s</W><W>a</W><W>bit</W><W>slow</W><W>for</W><W>dancing</W><W>,</W><W>but</W><W>it</W><W>&#39;s</W><C><cue ID="28" type="negation"><W>not</W></cue></C><xcope ID="125"><ref COMMENTS="" ID="139" SRC="28"></ref><W>something</W><W>you</W><C><cue ID="29" type="speculation"><W>would</W></cue></C><xcope ID="124"><ref COMMENTS="" ID="138" SRC="29"></ref><W>grind</W><W>to</W><W>,</W><C><cue ID="30" type="negation"><W>either</W></cue></C><W>.</W></xcope></xcope></SENTENCE></P><P></P><P><SENTENCE><W>Track</W><W>3</W><W>-</W><W>What</W><W>You</W><W>Like</W><W>featuring</W><W>Tyrese</W><W>.</W></SENTENCE></P><P></P><P><SENTENCE><W>This</W><W>is</W><W>the</W><W>EXACT</W><W>same</W><W>tune</W><W>as</W><W>Montell</W><W>Jordan</W><W>-</W><W>Get</W><W>it</W><W>On</W><W>Tonight</W><W>.</W></SENTENCE><SENTENCE><W>Why</W><W>?</W></SENTENCE><SENTENCE><W>I</W><W>dunno</W><W>.</W></SENTENCE><SENTENCE><W>But</W><W>the</W><W>lyrics</W><W>do</W><W>n&#39;t</W><W>fit</W><W>.</W></SENTENCE><SENTENCE><W>Also</W><W>,</W><W>she</W><W>altered</W><W>the</W><W>tune</W><W>so</W><W>that</W><W>half</W><W>the</W><W>accompaniment</W><W>sounds</W><W>are</W><C><W>missing</W></C><W>.</W></SENTENCE><SENTENCE><W>She</W><C><W>and</W></C><W>Tyrese</W><W>do</W><W>a</W><W>bad</W><W>job</W><W>handling</W><W>the</W><W>lyrics</W><C><W>and</W></C><W>the</W><W>presentation</W><W>of</W><W>the</W><W>lyrics</W><W>.</W></SENTENCE><SENTENCE><W>Their</W><W>voices</W><W>clash</W><W>so</W><W>badly</W><W>-</W><W>she</W><W>has</W><W>a</W><W>high</W><W>,</W><W>throaty</W><W>,</W><W>forced</W><W>voice</W><W>.</W></SENTENCE><SENTENCE><W>Tyrese</W><W>has</W><W>a</W><W>Montell-type</W><W>voice</W><W>-</W><W>smooth</W><W>,</W><W>flowing</W><W>,</W><W>euphonious</W><W>.</W></SENTENCE><SENTENCE><W>A</W><W>good</W><W>voice</W><C><W>and</W></C><W>bad</W><W>voice</W><W>do</W><W>n&#39;t</W><W>cancel</W><W>each</W><W>other</W><W>out</W><W>-</W><W>they</W><W>make</W><W>the</W><W>situation</W><W>worse</W><W>.</W></SENTENCE><SENTENCE><W>The</W><W>lyrics</W><W>are</W><W>,</W><W>again</W><W>,</W><W>worthless</W><W>.</W></SENTENCE><SENTENCE><W>There</W><W>&#39;s</W><C><cue ID="31" type="negation"><W>no</W></cue></C><xcope ID="140"><ref COMMENTS="" ID="142" SRC="31"></ref><W>point</W><W>in</W><W>singing</W><W>this</W></xcope><W>-</W><W>it</W><W>tells</W><W>basically</W><W>the</W><W>same</W><W>type</W><W>of</W><W>story</W><W>the</W><W>rest</W><W>of</W><W>the</W><W>songs</W><W>do</W><W>-</W><C><W>except</W></C><W>,</W><W>story</W><cue ID="32" type="negation"><W>is</W><W>n&#39;t</W></cue><xcope ID="141"><ref COMMENTS="" ID="143" SRC="32"></ref><W>the</W><W>word</W><W>to</W><W>describe</W><W>it</W></xcope><W>.</W></SENTENCE></P><P></P><P><SENTENCE><W>Track</W><W>4</W><W>-</W><W>At</W><W>the</W><W>Club</W></SENTENCE></P><P></P><P><SENTENCE><W>This</W><cue ID="144" type="negation"><W>is</W><W>n&#39;t</W></cue><xcope ID="145"><ref COMMENTS="" ID="148" SRC="144"></ref><W>even</W><W>a</W><W>song</W></xcope><W>-</W><W>it</W><W>&#39;s</W><W>like</W><W>a</W><W>skit</W><W>.</W></SENTENCE><SENTENCE><W>It</W><W>&#39;s</W><W>also</W><W>37</W><W>seconds</W><W>long</W><W>.</W></SENTENCE><SENTENCE><W>This</W><W>has</W><C><cue ID="33" type="negation"><W>no</W></cue></C><xcope ID="146"><ref COMMENTS="" ID="147" SRC="33"></ref><W>point</W></xcope><W>-</W><W>it</W><W>talks</W><W>about</W><W>DaBrat</W><W>&#34;blowing</W><W>things</W><W>out</W><W>of</W><W>proportion</W><W>&#34;</W><C><W>and</W></C><W>getting</W><W>mad</W><W>at</W><W>this</W><W>guy</W><W>.</W></SENTENCE><SENTENCE><W>It</W><W>&#39;s</W><W>pretty</W><W>boring</W><W>.</W></SENTENCE><SENTENCE><W>They</W><W>basically</W><W>quibble</W><W>over</W><W>her</W><W>tendency</W><W>to</W><W>be</W><W>incited</W><W>into</W><W>anger</W><C><W>and</W></C><W>let</W><W>her</W><W>temper</W><W>take</W><W>over</W><W>.</W></SENTENCE></P><P></P><P><SENTENCE><W>Track</W><W>5</W><W>-</W><W>F*ck</W><W>You</W></SENTENCE></P><P></P><P><SENTENCE><W>The</W><W>tune</W><W>sounds</W><W>like</W><W>some</W><W>Jamaican</W><W>tin</W><W>drum</W><W>tune</W><W>.</W></SENTENCE><SENTENCE><W>It</W><W>also</W><W>sounds</W><W>a</W><W>bit</W><W>like</W><W>the</W><W>Rugrats</W><W>song</W><W>,</W><W>for</W><W>some</W><W>reason</W><W>.</W></SENTENCE><SENTENCE><W>The</W><W>beat</W><W>is</W><W>n&#39;t</W><W>that</W><W>great</W><W>-</W><W>similar</W><W>to</W><W>the</W><W>other</W><W>songs</W><W>.</W></SENTENCE><SENTENCE><W>The</W><W>bass</W><W>line</W><cue ID="34" type="negation"><W>does</W><W>n&#39;t</W></cue><xcope ID="152"><ref COMMENTS="" ID="156" SRC="34"></ref><W>sound</W><W>complete</W></xcope><W>-</W><W>more</W><W>like</W><W>little</W><W>fragments</W><W>pieced</W><W>together</W><W>.</W></SENTENCE><SENTENCE><W>The</W><W>lyrics</W><W>are</W><W>a</W><W>bit</W><W>harsh</W><W>-</W><C><cue ID="35" type="negation"><W>not</W></cue></C><xcope ID="151"><ref COMMENTS="" ID="155" SRC="35"></ref><W>that</W><W>her</W><W>others</W><cue ID="36" type="negation"><W>are</W><W>n&#39;t</W></cue></xcope><W>.</W></SENTENCE><SENTENCE><W>I</W><W>just</W><W>am</W><C><cue ID="37" type="negation"><W>not</W></cue></C><xcope ID="150"><ref COMMENTS="" ID="154" SRC="37"></ref><W>used</W><W>to</W><W>hearing</W><W>the</W><W>female</W><W>type</W><W>using</W><W>such</W><W>abrasive</W><W>words</W></xcope><W>.</W></SENTENCE><SENTENCE><W>This</W><W>is</W><C><cue ID="38" type="negation"><W>no</W></cue></C><xcope ID="149"><ref COMMENTS="" ID="153" SRC="38"></ref><W>good</W><W>for</W><W>dancing</W></xcope><W>.</W></SENTENCE></P><P></P><P><SENTENCE><W>Track</W><W>6</W><W>-</W><W>Back</W><W>Up</W></SENTENCE></P><P></P><P><SENTENCE><W>A</W><W>song</W><W>featuring</W><W>Ja</W><W>Rule</W><W>-</W><W>I</W><W>hate</W><W>him</W><W>too</W><W>!</W></SENTENCE><SENTENCE><W>It</W><W>&#39;s</W><W>basically</W><W>the</W><W>same</W><W>note</W><W>in</W><W>the</W><W>background</W><W>being</W><W>repeated</W><W>over</W><C><W>and</W></C><W>over</W><W>again</W><W>.</W></SENTENCE><SENTENCE><W>JaRule</W><W>says</W><W>&#34;baby</W><W>&#34;</W><W>every</W><W>once</W><W>in</W><W>a</W><W>while</W><W>.</W></SENTENCE><SENTENCE><W>DaBrat</W><W>&#39;s</W><W>voice</W><W>still</W><W>sticks</W><W>out</W><W>a</W><W>little</W><W>compared</W><W>to</W><W>the</W><W>mellower</W><W>tones</W><W>of</W><W>the</W><W>xylophone-type</W><W>instrument</W><W>used</W><W>in</W><W>the</W><W>background</W><W>tune</W><W>.</W></SENTENCE><SENTENCE><W>Then</W><W>,</W><W>the</W><W>chorus</W><W>has</W><W>this</W><W>nasal</W><W>sound</W><W>that</W><W>makes</W><W>it</W><W>altogether</W><W>painful</W><W>to</W><W>hear</W><W>.</W></SENTENCE><SENTENCE><W>Another</W><W>song</W><W>that</W><cue ID="39" type="negation"><W>is</W><W>n&#39;t</W></cue><xcope ID="157"><ref COMMENTS="" ID="158" SRC="39"></ref><W>decent</W><W>for</W><W>dancing</W></xcope><W>.</W></SENTENCE></P><P></P><P><SENTENCE><W>Track</W><W>7</W><W>-</W><W>Hands</W><W>in</W><W>da</W><W>Air</W></SENTENCE></P><P></P><P><SENTENCE><W>A</W><W>song</W><W>with</W><W>Mystikal</W><W>,</W><W>this</W><W>is</W><W>horrible</W><W>.</W></SENTENCE><SENTENCE><W>The</W><W>background</W><W>has</W><W>trumpet</W><W>tunes</W><W>that</W><W>sound</W><W>like</W><W>somehing</W><W>you</W><W>&#39;d</W><W>here</W><W>on</W><xcope ID="159"><ref COMMENTS="" ID="162" SRC="40"></ref><W>Hawaii</W></xcope><C><cue ID="40" type="speculation"><W>or</W></cue></C><xcope ID="160"><ref COMMENTS="" ID="161" SRC="40"></ref><W>Matlock</W></xcope><W>.</W></SENTENCE><SENTENCE><W>One</W><W>of</W><W>the</W><W>old</W><W>shows</W><W>.</W></SENTENCE><SENTENCE><W>However</W><W>,</W><W>with</W><W>the</W><W>modern-type</W><W>sound</W><W>of</W><W>her</W><W>voice</W><C><W>and</W></C><W>lyrics</W><W>,</W><W>the</W><W>song</W><W>sounds</W><W>a</W><W>little</W><W>strange</W><W>.</W></SENTENCE><SENTENCE><W>All</W><W>in</W><W>all</W><W>,</W><W>the</W><W>lyrics</W><cue ID="41" type="negation"><W>are</W><W>n&#39;t</W></cue><xcope ID="163"><ref COMMENTS="" ID="164" SRC="41"></ref><W>great</W></xcope><W>,</W><W>because</W><W>it</W><W>basically</W><W>has</W><W>the</W><W>same</W><W>theme</W><W>as</W><W>all</W><W>the</W><W>other</W><W>songs</W><W>-</W><W>NONE.</W></SENTENCE></P><P></P><P><SENTENCE><W>Track</W><W>8</W><W>-</W><W>Runnin</W><W>Out</W><W>of</W><W>Time</W></SENTENCE></P><P></P><P><SENTENCE><W>This</W><W>time</W><W>,</W><W>DaBrat</W><W>has</W><W>paired</W><W>up</W><W>with</W><W>Kelly</W><W>Price</W><W>.</W></SENTENCE><SENTENCE><W>Kelly</W><W>has</W><W>a</W><W>nice</W><W>voice</W><W>,</W><W>a</W><W>little</W><W>like</W><W>Toni</W><W>Braxton</W><W>crossed</W><W>with</W><W>Whitney</W><W>Houston</W><W>.</W></SENTENCE><SENTENCE><W>DaBrat</W><W>sounds</W><W>virtually</W><W>the</W><W>exact</W><W>opposite</W><W>.</W></SENTENCE><SENTENCE><W>This</W><W>is</W><C><cue ID="42" type="negation"><W>not</W></cue></C><xcope ID="165"><ref COMMENTS="" ID="167" SRC="42"></ref><W>that</W><W>great</W><W>for</W><W>the</W><W>song</W><W>because</W><W>it</W><W>takes</W><W>attention</W><W>from</W><W>areas</W><W>of</W><W>the</W><W>song</W><W>that</W><W>want</W><W>attention</W></xcope><W>,</W><C><W>and</W></C><W>directs</W><W>the</W><W>attention</W><W>to</W><W>the</W><W>voice</W><W>.</W></SENTENCE><SENTENCE><W>Rather</W><W>than</W><W>focus</W><W>on</W><W>appreciating</W><W>the</W><W>song</W><W>,</W><xcope COMMENTS="" ID="232"><ref COMMENTS="" ID="233" SRC="43"></ref><W>DaBrat</W></xcope><C><cue ID="43" type="speculation"><W>seems</W></cue></C><xcope ID="166"><ref COMMENTS="" ID="168" SRC="43"></ref><W>to</W><W>have</W><W>decided</W><W>to</W><W>write</W><W>crapppy</W><W>lyrics</W><W>again</W></xcope><W>,</W><W>coupled</W><W>with</W><W>a</W><W>shallow</W><W>&#34;melody</W><W>.</W><W>&#34;</W></SENTENCE></P><P></P><P><SENTENCE><W>Track</W><W>9</W><W>-</W><W>That</W><W>&#39;s</W><W>What</W><W>I</W><W>&#39;m</W><W>Lookin</W><W>For</W></SENTENCE></P><P></P><P><SENTENCE><C><cue ID="44" type="speculation"><W>If</W></cue></C><xcope ID="169"><ref COMMENTS="" ID="172" SRC="44"></ref><W>there</W><W>is</W><W>one</W><W>,</W><W>this</W><W>is</W><W>the</W><W>prime</W><W>of</W><W>the</W><W>CD.</W></xcope></SENTENCE><SENTENCE><W>This</W><W>song</W><W>,</W><W>although</W><W>quite</W><W>characteristic</W><W>of</W><W>this</W><W>crapppy</W><W>DaBrat</W><W>style</W><W>,</W><W>has</W><W>a</W><W>decent</W><W>tune</W><W>,</W><C><W>and</W></C><W>it</W><W>is</W><W>great</W><W>for</W><W>dancing/whatever</W><W>.</W></SENTENCE><SENTENCE><W>It</W><W>has</W><W>a</W><W>good</W><W>,</W><W>steady</W><W>beat</W><W>that</W><W>is</W><W>fit</W><W>for</W><W>moving</W><W>around</W><W>.</W></SENTENCE><SENTENCE><W>I</W><W>even</W><W>play</W><W>basketball</W><W>to</W><W>this</W><W>song</W><W>(</W><W>it</W><W>is</W><W>on</W><W>a</W><W>mix</W><W>)</W><W>.</W></SENTENCE><SENTENCE><W>I</W><C><cue ID="45" type="speculation"><W>think</W></cue></C><xcope ID="170"><ref COMMENTS="" ID="173" SRC="45"></ref><W>that</W><W>the</W><W>voice</W><C><W>and</W></C><W>tune</W><C><W>and</W></C><W>lyrics</W><W>come</W><W>together</W><W>very</W><W>well</W><W>,</W><W>as</W><W>opposed</W><W>to</W><W>all</W><W>the</W><W>other</W><W>songs</W><W>on</W><W>this</W><W>CD.</W></xcope></SENTENCE><SENTENCE><W>It</W><cue ID="46" type="negation"><W>does</W><W>n&#39;t</W></cue><xcope ID="171"><ref COMMENTS="" ID="174" SRC="46"></ref><W>clash</W><W>at</W><W>all</W></xcope><W>-</W><W>a</W><W>good</W><W>sign</W><W>.</W></SENTENCE><SENTENCE><W>The</W><W>cuss</W><W>words</W><W>are</W><W>still</W><W>rampant</W><W>,</W><C><W>and</W></C><W>the</W><W>rhymes</W><W>a</W><W>bit</W><W>weak</W><W>,</W><W>but</W><W>overall</W><W>,</W><W>the</W><W>lyrics</W><W>are</W><W>a</W><W>little</W><W>better</W><W>than</W><W>in</W><W>other</W><W>songs</W><W>.</W></SENTENCE></P><P></P><P><SENTENCE><W>Track</W><W>10</W><W>-</W><W>Breeve</W><W>on</W><W>Em</W><W>featuring</W><W>22</W></SENTENCE></P><P></P><P><SENTENCE><W>This</W><W>sounds</W><W>like</W><W>a</W><W>cross</W><W>between</W><W>Eminem</W><W>-</W><W>&#34;</W><W>My</W><W>Name</W><W>is</W><W>&#34;</W><C><W>and</W></C><W>Puff</W><W>DAddy</W><W>-</W><W>&#34;</W><W>It</W><W>&#39;s</W><W>all</W><W>about</W><W>the</W><W>Benjamins</W><W>.</W><W>&#34;</W></SENTENCE><SENTENCE><W>The</W><W>voice</W><C><W>and</W></C><W>music</W><W>do</W><W>blend</W><W>,</W><W>somewhat</W><W>,</W><W>but</W><W>I</W><C><cue ID="47" type="speculation"><W>think</W></cue></C><xcope ID="181"><ref COMMENTS="" ID="184" SRC="47"></ref><W>the</W><W>song</W><W>just</W><cue ID="48" type="negation"><W>is</W><W>n&#39;t</W></cue><xcope ID="180"><ref COMMENTS="" ID="183" SRC="48"></ref><W>what</W><W>it</W><C><cue ID="49" type="speculation"><W>could</W></cue></C><xcope ID="179"><ref COMMENTS="" ID="182" SRC="49"></ref><W>be</W></xcope></xcope></xcope><W>.</W></SENTENCE><SENTENCE><W>Take</W><W>22</W><W>out</W><W>,</W><C><W>and</W></C><W>change</W><W>some</W><W>lyrics</W><W>,</W><C><W>and</W></C><cue ID="50" type="speculation"><W>maybe</W></cue><xcope ID="176"><ref COMMENTS="" ID="178" SRC="50"></ref><W>you</W><C><cue ID="51" type="speculation"><W>can</W></cue></C><xcope ID="175"><ref COMMENTS="" ID="177" SRC="51"></ref><W>salvage</W><W>this</W><W>one</W></xcope></xcope><W>.</W></SENTENCE></P><P></P><P><SENTENCE><W>Track</W><W>11</W><W>-</W><W>What</W><W>&#39;s</W><W>On</W><W>Your</W><W>Mind</W></SENTENCE></P><P></P><P><SENTENCE><cue ID="52" type="negation"><W>Nothing</W></cue><xcope ID="185"><ref COMMENTS="" ID="192" SRC="52"></ref><W>is</W><W>on</W><W>her</W><W>mind</W></xcope><W>.</W></SENTENCE><SENTENCE><W>That</W><W>&#39;s</W><W>why</W><W>this</W><W>song</W><W>is</W><W>absolutely</W><W>horrifying</W><W>,</W><C><W>and</W></C><W>I</W><W>am</W><W>too</W><W>predictable</W><W>,</W><W>so</W><W>you</W><C><cue ID="55" type="speculation"><W>probably</W></cue></C><xcope ID="188"><ref COMMENTS="" ID="191" SRC="55"></ref><C><cue ID="54" type="speculation"><W>can</W></cue></C><xcope ID="187"><ref COMMENTS="" ID="190" SRC="54"></ref><C><cue ID="53" type="speculation"><W>infer</W></cue></C><xcope ID="186"><ref COMMENTS="" ID="189" SRC="53"></ref><W>what</W><W>I</W><W>&#39;ll</W><W>tell</W><W>you</W></xcope></xcope></xcope><W>.</W></SENTENCE></P><P></P><P><SENTENCE><W>Track</W><W>12</W><W>-</W><W>Leave</W><W>Me</W><W>Alone</W></SENTENCE></P><P></P><P><SENTENCE><W>another</W><W>skit</W><W>!</W></SENTENCE><SENTENCE><W>It</W><W>&#39;s</W><W>15</W><W>seconds</W><W>long</W><W>this</W><W>time</W><W>.</W></SENTENCE><SENTENCE><cue ID="56" type="speculation"><W>It</W><W>&#39;s</W><C><W>supposed</W></C><W>to</W></cue><xcope ID="195"><ref COMMENTS="" ID="197" SRC="56"></ref><W>be</W><W>a</W><W>phone</W><W>call</W><W>that</W><W>I</W><cue ID="193" type="negation"><W>wo</W><W>n&#39;t</W></cue><xcope ID="194"><ref COMMENTS="" ID="196" SRC="193"></ref><W>bother</W><W>to</W><W>explain</W></xcope></xcope><W>-</W><W>the</W><W>title</W><W>pretty</W><W>much</W><W>sums</W><W>it</W><W>up</W><W>.</W></SENTENCE></P><P></P><P><SENTENCE><W>Track</W><W>13</W><W>-</W><W>High</W><W>Come</W><W>Down</W></SENTENCE></P><P></P><P><SENTENCE><W>Another</W><W>80&#39;s-sounding</W><W>song</W><W>.</W></SENTENCE><SENTENCE><W>Sheesh</W><W>,</W><W>this</W><W>is</W><W>getting</W><W>boring</W><W>.</W></SENTENCE><SENTENCE><W>This</W><W>is</W><C><cue ID="57" type="negation"><W>no</W></cue></C><xcope ID="198"><ref COMMENTS="" ID="199" SRC="57"></ref><W>goodfor</W><W>dancing</W><W>because</W><W>it</W><W>&#39;s</W><W>too</W><W>slow</W></xcope><W>-</W><W>too</W><W>fastr</W><W>for</W><W>grinding</W><W>!</W></SENTENCE><SENTENCE><W>haha</W><W>.</W></SENTENCE></P><P></P><P><SENTENCE><W>The</W><W>chorus</W><cue ID="58" type="negation"><W>does</W><W>n&#39;t</W></cue><xcope ID="203"><ref COMMENTS="" ID="204" SRC="58"></ref><W>fit</W><W>because</W><W>the</W><W>person</W><W>singing</W><W>it</W><W>has</W><W>a</W><W>smooth</W><W>,</W><W>mellow</W><W>voice</W></xcope><W>,</W><W>but</W><W>the</W><W>lyrics</W><W>are</W><W>so</W><W>coarse</W><W>you</W><W>&#39;d</W><C><cue ID="59" type="speculation"><W>think</W></cue></C><xcope ID="202"><ref COMMENTS="" ID="206" SRC="59"></ref><W>DaBrat</W><C><cue ID="60" type="speculation"><W>can</W></cue></C><xcope ID="200"><ref COMMENTS="" ID="205" SRC="60"></ref><W>sing</W><W>them</W><W>herself</W></xcope></xcope><W>.</W></SENTENCE><SENTENCE><W>The</W><W>only</W><W>thing</W><W>is</W><W>-</W><W>she</W><cue ID="61" type="negation"><W>ca</W><W>n&#39;t</W></cue><xcope ID="201"><ref COMMENTS="" ID="207" SRC="61"></ref><W>sing</W></xcope><W>.</W></SENTENCE></P><P></P><P><SENTENCE><W>Track</W><W>14</W><W>-</W><W>All</W><W>My</W><W>B*tches</W></SENTENCE></P><P></P><P><SENTENCE><W>All</W><W>my</W><W>b_tches</W><W>say</W><W>that</W><W>THIS</W><W>SONG</W><W>STINKS.</W></SENTENCE><SENTENCE><W>She</W><W>basically</W><W>yells</W><W>through</W><W>the</W><W>beginning</W><W>.</W></SENTENCE><SENTENCE><W>Then</W><W>,</W><W>she</W><W>has</W><W>about</W><W>3</W><W>other</W><W>people</W><W>helping</W><W>her</W><W>.</W></SENTENCE><SENTENCE><W>The</W><W>beat</W><W>is</W><W>good</W><W>,</W><W>the</W><W>rapping</W><W>is</W><W>good</W><W>(</W><W>speed</W><W>,</W><W>skill</W><W>...</W><W>)</W><W>.</W></SENTENCE><SENTENCE><W>However</W><W>,</W><W>the</W><W>lyrics</W><W>are</W><W>kind</W><W>of</W><W>hard</W><W>to</W><W>catch</W><W>,</W><C><W>and</W></C><W>when</W><W>they</W><W>are</W><W>heard</W><W>,</W><W>they</W><cue ID="63" type="negation"><W>are</W><W>n&#39;t</W></cue><xcope ID="208"><ref COMMENTS="" ID="210" SRC="63"></ref><W>great</W></xcope><W>.</W></SENTENCE><SENTENCE><W>The</W><W>lyrics</W><W>have</W><C><cue ID="62" type="negation"><W>no</W></cue></C><xcope ID="209"><ref COMMENTS="" ID="211" SRC="62"></ref><W>real</W><W>point</W><W>to</W><W>them</W></xcope><W>.</W></SENTENCE><SENTENCE><W>This</W><W>is</W><W>ok</W><W>for</W><W>dancing</W><W>.</W></SENTENCE></P><P></P><P><SENTENCE><W>Track</W><W>15</W><W>-</W><W>Pink</W><W>Limonade</W></SENTENCE></P><P></P><P><SENTENCE><W>The</W><W>tune</W><W>is</W><W>barely</W><W>there</W><W>-</W><W>another</W><W>one</W><W>of</W><W>those</W><W>2-note</W><W>melodies</W><W>.</W></SENTENCE><SENTENCE><W>This</W><W>has</W><W>a</W><W>dull</W><W>sound</W><W>,</W><W>but</W><W>then</W><W>when</W><W>you</W><W>hear</W><W>DaBrat</W><W>&#39;s</W><W>voice</W><W>,</W><W>it</W><W>makes</W><W>you</W><W>want</W><W>to</W><W>cringe</W><W>.</W></SENTENCE><SENTENCE><W>This</W><W>is</W><W>ok</W><W>for</W><W>dancing</W><W>,</W><W>although</W><W>I</W><cue ID="64" type="speculation"><C><W>would</W></C><W>n&#39;t</W></cue><xcope ID="212"><ref COMMENTS="" ID="213" SRC="64"></ref><W>ever</W><W>get</W><W>up</W><C><W>and</W></C><W>dance</W><W>to</W><W>this</W><W>one</W></xcope><W>.</W></SENTENCE></P><P></P><P><SENTENCE><W>Track</W><W>16</W><W>-</W><W>Bishop</W><W>Don</W><W>Juan</W></SENTENCE></P><P></P><P><SENTENCE><W>Another</W><W>phone</W><W>call</W><W>-</W><W>totally</W><W>worthless</W><W>.</W></SENTENCE><SENTENCE><W>&#34;</W><W>Bishop</W><W>Don</W><W>Juan</W><W>&#34;</W><W>is</W><W>a</W><W>pimp</W><W>.</W></SENTENCE><SENTENCE><W>He</W><W>&#39;s</W><W>basically</W><W>advertising</W><W>.</W></SENTENCE></P><P></P><P><SENTENCE><W>Track</W><W>17</W><W>-</W><W>Chi</W><W>Town</W></SENTENCE></P><P></P><P><SENTENCE><W>This</W><W>song</W><W>is</W><W>absolutely</W><W>terrible</W><W>.</W></SENTENCE><SENTENCE><W>It</W><W>sounds</W><W>like</W><W>what</W><W>you</W><W>&#39;d</W><W>get</W><C><cue ID="65" type="speculation"><W>if</W></cue></C><xcope ID="214"><ref COMMENTS="" ID="229" SRC="65"></ref><W>you</W><W>crossed</W><W>Michael</W><W>Jackson</W><W>with</W><W>Eve</W></xcope><W>.</W></SENTENCE><SENTENCE><W>The</W><W>tune</W><W>sounds</W><W>so</W><W>retrospective</W><W>-</W><xcope ID="215"><ref COMMENTS="" ID="230" SRC="66"></ref><W>80</W><W>&#39;s</W></xcope><C><cue ID="66" type="speculation"><W>or</W></cue></C><xcope ID="216"><ref COMMENTS="" ID="231" SRC="66"></ref><W>early</W><W>90</W><W>&#39;s</W></xcope><W>-</W><C><W>and</W></C><W>the</W><W>lyrics</W><W>are</W><W>so</W><W>&#34;</W><W>today</W><W>&#34;</W><W>that</W><W>it</W><W>sounds</W><W>ridiculous</W><W>.</W></SENTENCE><SENTENCE><C><cue ID="67" type="negation"><W>Not</W></cue></C><xcope ID="218"><ref COMMENTS="" ID="233" SRC="67"></ref><W>only</W><W>that</W><W>,</W><W>as</W><W>you</W><C><cue ID="68" type="speculation"><W>can</W></cue></C><xcope ID="217"><ref COMMENTS="" ID="232" SRC="68"></ref><W>see</W></xcope></xcope><W>,</W><W>all</W><W>her</W><W>songs</W><cue ID="69" type="negation"><W>do</W><W>n&#39;t</W></cue><xcope ID="221"><ref COMMENTS="" ID="236" SRC="69"></ref><W>have</W><xcope ID="220"><ref COMMENTS="" ID="235" SRC="70"></ref><W>much</W><W>of</W><W>a</W><W>theme</W></xcope><C><cue ID="70" type="speculation"><W>or</W></cue></C><xcope ID="219"><ref COMMENTS="" ID="234" SRC="70"></ref><W>point</W><W>to</W><W>them</W></xcope></xcope><W>.</W></SENTENCE><SENTENCE><xcope ID="234"><ref COMMENTS="" ID="235" SRC="72"></ref><W>They</W></xcope><cue ID="71" type="negation"><W>do</W><W>n&#39;t</W></cue><xcope ID="223"><ref COMMENTS="" ID="238" SRC="71"></ref><C><cue ID="72" type="speculation"><W>seem</W></cue></C><xcope ID="222"><ref COMMENTS="" ID="237" SRC="72"></ref><W>to</W><W>be</W><W>well</W><C><W>thought</W></C><W>out</W></xcope></xcope><W>.</W></SENTENCE><SENTENCE><W>It</W><C><cue ID="73" type="speculation"><W>seems</W></cue></C><xcope ID="224"><ref COMMENTS="" ID="239" SRC="73"></ref><W>to</W><W>me</W><W>like</W><W>she</W><W>is</W><W>merely</W><W>rapping</W><W>just</W><W>because</W></xcope><W>.</W></SENTENCE><SENTENCE><C><cue ID="74" type="negation"><W>No</W></cue></C><xcope ID="225"><ref COMMENTS="" ID="240" SRC="74"></ref><W>reason</W></xcope><W>!</W></SENTENCE><SENTENCE><W>This</W><W>song</W><W>talks</W><W>about</W><W>Chicago</W><W>&#34;</W><W>Chi</W><W>Town</W><W>,</W><W>&#34;</W><W>the</W><W>city</W><W>&#34;</W><W>with</W><W>the</W><W>best</W><W>skylines</W><W>&#34;</W><W>where</W><W>DaBrat</W><W>grew</W><W>up</W><W>,</W><W>etc</W><W>.</W><W>etc</W><W>.</W><W>etc</W><W>.</W></SENTENCE><SENTENCE><W>We</W><cue ID="75" type="negation"><W>did</W><W>n&#39;t</W></cue><xcope ID="226"><ref COMMENTS="" ID="241" SRC="75"></ref><W>really</W><W>ask</W><W>to</W><W>hear</W><W>her</W><W>life</W><W>story</W></xcope><W>.</W></SENTENCE><SENTENCE><C><cue ID="76" type="negation"><W>Not</W></cue></C><xcope ID="228"><ref COMMENTS="" ID="243" SRC="76"></ref><W>only</W><W>does</W><W>this</W><W>song</W><W>have</W><C><cue ID="77" type="negation"><W>no</W></cue></C><xcope ID="227"><ref COMMENTS="" ID="242" SRC="77"></ref><W>point</W></xcope></xcope><W>,</W><W>it</W><W>&#39;s</W><W>so</W><W>worthless</W><W>that</W><W>all</W><W>it</W><W>basically</W><W>talks</W><W>about</W><W>Chicago</W><W>&#39;s</W><W>people</W><W>doing</W><W>drugs</W><W>,</W><W>bad</W><W>things</W><W>about</W><W>the</W><W>city</W><W>,</W><W>how</W><W>she</W><W>fits</W><W>in</W><W>with</W><W>the</W><W>people</W><W>,</W><C><W>and</W></C><W>encourages</W><W>the</W><W>drug</W><W>use</W><W>there</W><W>.</W></SENTENCE><SENTENCE><W>Whoop-dee-doo</W><W>.</W></SENTENCE></P><P></P><P><SENTENCE><W>Final</W><C><W>thought</W></C><W>-</W><W>this</W><W>is</W><W>a</W><W>waste</W><W>of</W><W>14.99</W><W>at</W><W>a</W><W>record</W><W>store</W><W>.</W></SENTENCE></P></DOCUMENT>
