<?xml version="1.0" encoding="UTF-8"?>
<DOCUMENT><P/><P><SENTENCE><W>I</W><W>bought</W><W>this</W><W>album</W><W>when</W><W>I</W><W>read</W><W>an</W><W>artical</W><W>in</W><W>Rolling</W><W>Stones</W><W>magizine</W><W>.</W></SENTENCE><SENTENCE><W>I</W><W>still</W><C><cue ID="0" type="speculation"><W>think</W></cue></C><xcope ID="13"><ref ID="24" SRC="0"/><W>I</W><C><cue ID="1" type="speculation"><W>should</W></cue></C><xcope ID="12"><ref ID="23" SRC="1"/><W>have</W><W>waited</W><W>until</W><W>I</W><W>found</W><W>it</W><W>in</W><W>a</W><W>store</W><W>that</W><W>sells</W><W>used</W><W>CDs</W></xcope></xcope><W>.</W></SENTENCE><SENTENCE><cue ID="2" type="speculation"><W>Maybe</W></cue><xcope ID="15"><ref COMMENTS="" ID="26" SRC="2"/><W>then</W><W>I</W><C><cue ID="3" type="speculation"><W>would</W></cue></C><xcope ID="14"><ref ID="25" SRC="3"/><W>have</W><C><W>thought</W></C><W>it</W><W>was</W><W>worth</W><W>the</W><W>money</W></xcope></xcope><W>.</W></SENTENCE></P><P/><P><SENTENCE><W>The</W><W>album</W><cue ID="4" type="speculation"><W>was</W><C><W>supposed</W></C><W>to</W></cue><xcope ID="27"><ref COMMENTS="" ID="28" SRC="4"/><W>be</W><W>a</W><W>movement</W><W>toward</W><W>feminest</W><W>hip-hop...</W></xcope><W>it</W><cue ID="5" type="negation"><W>din&apos;t</W></cue><xcope ID="16"><ref COMMENTS="" ID="29" SRC="5"/><W>make</W><W>it</W><W>.</W></xcope></SENTENCE><SENTENCE><W>There</W><W>is</W><W>one</W><W>track</W><W>that</W><W>I</W><W>really</W><W>like</W><W>though</W><W>.</W></SENTENCE><SENTENCE><W>It</W><W>is</W><W>Da</W><W>Brat</W><W>with</W><W>Kelly</W><W>Price</W><W>.</W></SENTENCE><SENTENCE><W>It</W><W>is</W><W>soulful</W><C><W>and</W></C><C><W>thought</W></C><W>out</W><W>.</W></SENTENCE><SENTENCE><W>I</W><cue ID="6" type="negation"><W>do</W><W>n&apos;t</W></cue><xcope ID="17"><ref COMMENTS="" ID="30" SRC="6"/><W>like</W><W>that</W><W>in</W><W>this</W><W>album</W><W>she</W><W>sells</W><W>her</W><W>body</W><C><W>instead</W></C><W>of</W><W>her</W><W>talent</W></xcope><W>.</W></SENTENCE></P><P/><P><SENTENCE><W>This</W><W>CD</W><W>is</W><W>similar</W><W>to</W><W>Missy</W><W>Elliots</W><C><W>and</W></C><W>Foxy</W><W>Brown</W><W>.</W></SENTENCE><SENTENCE><W>There</W><W>is</W><W>only</W><W>one</W><W>real</W><W>diffrence</W><W>.</W></SENTENCE><SENTENCE><W>This</W><W>album</W><W>is</W><W>n&apos;t</W><W>that</W><W>good</W><W>,</W><C><W>and</W></C><W>those</W><W>other</W><W>2</W><W>are</W><W>.</W></SENTENCE><SENTENCE><W>It</W><W>is</W><W>WAY</W><W>diffrent</W><W>than</W><W>her</W><W>first</W><W>...</W><W>so</W><W>do</W><W>n&apos;t</W><W>buy</W><W>this</W><W>album</W><C><cue ID="7" type="speculation"><W>if</W></cue></C><xcope ID="18"><ref COMMENTS="" ID="31" SRC="7"/><W>you</W><W>want</W><W>the</W><W>same</W><W>old</W><W>same</W><W>old</W></xcope><W>.</W></SENTENCE></P><P/><P><SENTENCE><W>Buy</W><W>this</W><W>album</W><W>new</W><C><cue ID="8" type="speculation"><W>if</W></cue></C><xcope ID="22"><ref COMMENTS="" ID="35" SRC="8"/><xcope ID="21"><ref COMMENTS="" ID="34" SRC="10"/><W>you</W><W>have</W><W>money</W><W>to</W><W>burn</W></xcope><W>,</W><C><cue ID="10" type="speculation"><W>or</W></cue></C><C><cue ID="9" type="speculation"><W>if</W></cue></C><xcope ID="20"><ref COMMENTS="" ID="33" SRC="9"/><W>you</W><W>want</W><W>an</W><W>entire</W><W>collection</W><W>of</W><W>female</W><W>hip-hop</W><W>artists</W><C><W>and</W></C><W>this</W><W>one</W><W>puts</W><W>you</W><W>all</W><W>the</W><W>way</W><W>there</W></xcope></xcope><W>.</W></SENTENCE><SENTENCE><C><cue ID="11" type="speculation"><W>If</W></cue></C><xcope ID="19"><ref COMMENTS="" ID="32" SRC="11"/><W>you</W><W>are</W><W>looking</W><W>for</W><W>a</W><W>good</W><W>female</W><W>album</W><W>,</W><W>buy</W><W>Missy</W><C><W>instead</W></C></xcope><W>.</W></SENTENCE></P></DOCUMENT>