<?xml version="1.0" encoding="UTF-8"?>
<DOCUMENT><P></P><P><SENTENCE><W>I</W><W>first</W><W>started</W><W>listening</W><W>to</W><W>rap</W><W>in</W><W>the</W><W>early</W><W>1990s</W><W>,</W><W>when</W><W>members</W><W>of</W><W>my</W><W>peer</W><W>group</W><W>,</W><W>Kris</W><W>Kross</W><W>were</W><W>the</W><W>hottest</W><W>act</W><W>going</W><W>.</W></SENTENCE><SENTENCE><W>It</W><W>was</W><W>obvious</W><W>that</W><W>the</W><W>2</W><W>kids</W><W>in</W><W>Kris</W><W>Kross</W><W>had</W><C><cue ID="0" type="negation"><W>no</W></cue></C><xcope ID="22"><ref COMMENTS="" ID="42" SRC="0"></ref><W>talent</W><W>whatsoever</W></xcope><W>,</W><W>just</W><W>used</W><W>as</W><W>marketing</W><W>objects</W><W>to</W><W>make</W><W>rap</W><W>appeal</W><W>to</W><W>the</W><W>young</W><W>crowd</W><W>in</W><W>America</W><W>.</W></SENTENCE><SENTENCE><W>The</W><C><W>idea</W></C><W>with</W><W>Kris</W><W>Kross</W><W>was</W><W>to</W><W>give</W><W>them</W><W>a</W><W>squeaky</W><W>clean</W><W>image</W><W>,</W><W>with</W><W>a</W><W>thugged</W><W>out</W><W>look</W><C><W>and</W></C><W>sound</W><W>.</W></SENTENCE><SENTENCE><W>Obviously</W><W>when</W><W>one</W><W>thing</W><W>real</W><W>,</W><C><W>and</W></C><W>one</W><W>thing</W><W>fake</W><W>collide</W><W>,</W><C><W>and</W></C><W>you</W><W>have</W><W>the</W><W>ultimate</W><W>phasing</W><W>out</W><W>of</W><W>this</W><W>music</W><W>.</W></SENTENCE></P><P></P><P><SENTENCE><W>What</W><W>does</W><W>this</W><W>have</W><W>to</W><W>do</W><W>with</W><W>Shyne</W><W>?</W></SENTENCE><SENTENCE><W>Absolutely</W><W>nothing</W><W>,</W><W>that</W><W>was</W><W>a</W><W>brief</W><W>introduction</W><W>to</W><W>a</W><W>situation</W><W>that</W><W>occurs</W><W>in</W><W>rap</W><W>known</W><W>as</W><W>being</W><W>a</W><W>&#34;</W><W>studio</W><W>gangsta&#34;</W><W>.</W></SENTENCE><SENTENCE><W>Studio</W><W>gangstas</W><W>are</W><W>the</W><W>lowest</W><W>form</W><W>of</W><W>human</W><W>beings</W><W>in</W><W>the</W><W>rap</W><W>game</W><W>.</W></SENTENCE><SENTENCE><W>Shyne</W><W>falls</W><W>into</W><W>the</W><W>category</W><W>of</W><W>studio</W><W>gangsta</W><W>,</W><W>because</W><W>he</W><cue ID="46" type="speculation"><W>claims</W></cue><xcope ID="47"><ref COMMENTS="" ID="48" SRC="46"></ref><W>he</W><W>was</W><W>a</W><W>poor</W><W>kid</W><W>on</W><W>the</W><W>streets</W><W>of</W><W>Brooklyn</W></xcope><W>,</W><W>who</W><C><cue ID="1" type="negation"><W>never</W></cue></C><xcope ID="23"><ref COMMENTS="" ID="43" SRC="1"></ref><W>sold</W><W>a</W><W>record</W><W>in</W><W>his</W><W>life</W></xcope><W>.</W></SENTENCE><SENTENCE><W>Yet</W><W>he</W><W>has</W><W>a</W><W>song</W><W>on</W><W>his</W><W>album</W><W>called</W><W>&#34;</W><W>That</W><W>&#39;s</W><W>Gangsta&#34;</W><W>,</W><W>quite</W><C><cue ID="2" type="speculation"><W>possibly</W></cue></C><xcope ID="24"><ref COMMENTS="" ID="44" SRC="2"></ref><W>the</W><W>worst</W><W>rap</W><W>song</W><W>of</W><W>all</W><W>time</W></xcope><W>.</W></SENTENCE><SENTENCE><W>That</W><W>&#39;s</W><W>Gangsta</W><W>has</W><W>Shyne</W><W>bsing</W><W>the</W><W>rap</W><W>world</W><W>about</W><W>he</W><W>is</W><W>a</W><W>true</W><W>street</W><W>thug</W><W>,</W><W>he</W><W>&#39;s</W><W>dodged</W><W>the</W><W>cops</W><W>,</W><C><W>and</W></C><W>he</W><W>has</W><W>100</W><W>carats</W><W>in</W><W>his</W><W>watch</W><W>.</W></SENTENCE><SENTENCE><C><cue ID="3" type="speculation"><W>If</W></cue></C><xcope ID="45"><ref COMMENTS="" ID="46" SRC="3"></ref><W>Shyne</W><W>has</W><W>100</W><W>carats</W><W>in</W><W>his</W><W>watch</W></xcope><W>,</W><W>before</W><W>he</W><W>had</W><W>a</W><W>job</W><W>,</W><C><W>and</W></C><W>he</W><W>got</W><W>it</W><W>from</W><W>street</W><W>hustling</W><W>,</W><W>the</W><W>FBI</W><C><cue ID="4" type="speculation"><W>would</W></cue></C><xcope ID="25"><ref COMMENTS="" ID="47" SRC="4"></ref><C><W>investigate</W></C><W>the</W><W>purchase</W><W>of</W><W>100</W><W>carats</W><W>worth</W><W>of</W><W>diamonds</W></xcope><W>,</W><C><W>and</W></C><W>Shyne</W><C><cue ID="5" type="speculation"><W>would</W></cue></C><xcope ID="27"><ref COMMENTS="" ID="49" SRC="5"></ref><W>obviously</W><W>be</W><W>jailed</W><W>for</W><W>the</W><W>reason</W><W>that</W><W>he</W><C><cue ID="6" type="negation"><W>cannot</W></cue></C><xcope ID="26"><ref COMMENTS="" ID="48" SRC="6"></ref><W>explain</W><W>where</W><W>his</W><W>source</W><W>of</W><W>funds</W><W>originated</W></xcope></xcope><W>.</W></SENTENCE><SENTENCE><W>Rather</W><W>than</W><W>go</W><W>deeper</W><W>into</W><W>speaking</W><W>of</W><W>this</W><W>horrible</W><W>fraudulent</W><W>piece</W><W>of</W><W>rap</W><W>music</W><W>,</W><W>I</W><W>will</W><W>go</W><W>on</W><W>to</W><W>his</W><W>next</W><W>song</W><W>,</W><C><W>and</W></C><W>equally</W><W>deplorable</W><W>attempt</W><W>to</W><W>try</W><C><W>and</W></C><W>tell</W><W>you</W><W>Shyne</W><W>is</W><W>something</W><W>he</W><W>&#39;s</W><C><cue ID="7" type="negation"><W>not</W></cue></C><W>.</W></SENTENCE></P><P></P><P><SENTENCE><W>Shyne</W><W>first</W><W>debuted</W><W>on</W><W>the</W><W>radio</W><W>with</W><W>a</W><W>song</W><W>called</W><W>Bad</W><W>Boy</W><W>,</W><W>featuring</W><W>Barrington</W><W>Levy</W><W>,</W><W>an</W><C><W>unknown</W></C><W>reggae</W><W>star</W><W>who</W><W>only</W><W>existed</W><W>in</W><W>the</W><W>underground</W><W>world</W><W>.</W></SENTENCE><SENTENCE><W>Shyne</W><W>too</W><W>,</W><W>only</W><W>existed</W><W>in</W><W>the</W><W>underground</W><W>world</W><W>until</W><W>this</W><W>album</W><W>was</W><W>released</W><W>.</W></SENTENCE><SENTENCE><W>His</W><W>songs</W><W>like</W><W>Guch</W><W>,</W><W>Prad</W><W>,</W><W>on</W><W>the</W><W>horrible</W><W>Cutmaster</W><W>C</W><W>underground</W><W>release</W><W>brought</W><W>me</W><W>to</W><C><cue ID="49" type="speculation"><W>believe</W></cue></C><xcope ID="50"><ref COMMENTS="" ID="51" SRC="49"></ref><W>that</W><W>Shyne</W><W>had</W><C><cue ID="8" type="negation"><W>no</W></cue></C><W>future</W><W>,</W><C><W>and</W></C><W>my</W><W>instincts</W><W>were</W><W>correct</W></xcope><W>.</W></SENTENCE><SENTENCE><W>Bad</W><W>Boy</W><W>is</W><cue ID="9" type="negation"><W>nothing</W></cue><xcope ID="29"><ref COMMENTS="" ID="51" SRC="9"></ref><W>more</W><W>than</W><W>a</W><W>sappy</W><W>attempt</W><W>to</W><W>convince</W><W>the</W><W>American</W><W>hip</W><W>hop</W><W>listening</W><W>audience</W><W>that</W><W>Shyne</W><W>is</W><W>more</W><W>than</W><W>just</W><W>a</W><W>rapper</W></xcope><W>,</W><W>he</W><W>had</W><W>to</W><W>earn</W><W>his</W><W>keep</W><W>on</W><W>the</W><W>streets</W><W>,</W><C><W>and</W></C><W>he</W><W>is</W><W>still</W><W>doing</W><W>so</W><W>.</W></SENTENCE><SENTENCE><cue ID="10" type="negation"><W>Do</W><W>n&#39;t</W></cue><xcope ID="30"><ref COMMENTS="" ID="52" SRC="10"></ref><W>fall</W><W>for</W><W>it</W></xcope><W>,</W><W>Shyne</W><W>is</W><cue ID="52" type="negation"><W>nothing</W></cue><xcope ID="53"><ref COMMENTS="" ID="54" SRC="52"></ref><W>more</W><W>than</W><W>a</W><W>really</W><W>bad</W><W>actor</W></xcope><W>,</W><C><W>and</W></C><W>a</W><W>pathetic</W><W>attempt</W><W>to</W><W>match</W><W>the</W><W>superior</W><W>lyrical</W><W>stylings</W><W>,</W><W>of</W><W>one</W><W>,</W><W>Biggie</W><W>Smalls</W><W>.</W></SENTENCE></P><P></P><P><SENTENCE><C><cue ID="11" type="speculation"><W>Perhaps</W></cue></C><xcope ID="31"><ref COMMENTS="" ID="53" SRC="11"></ref><W>what</W><W>is</W><C><W>considered</W></C><W>one</W><W>of</W><W>the</W><W>worst</W><W>publicity</W><W>stunts</W><W>of</W><W>all</W><W>time</W></xcope><W>,</W><C><W>and</W></C><W>the</W><W>stupidest</W><W>career</W><W>move</W><W>Shyne</W><C><cue ID="12" type="speculation"><W>could</W></cue></C><xcope ID="32"><ref COMMENTS="" ID="54" SRC="12"></ref><W>make</W></xcope><W>,</W><W>Shyne</W><W>was</W><W>indicted</W><W>for</W><W>the</W><W>infamous</W><W>club</W><W>shooting</W><W>at</W><W>a</W><W>party</W><W>,</W><W>thrown</W><W>by</W><W>the</W><W>head</W><W>of</W><W>Bad</W><W>Boy</W><W>Records</W><W>,</W><W>Puff</W><W>Daddy</W><W>.</W></SENTENCE><SENTENCE><W>To</W><W>pump</W><W>the</W><W>upcoming</W><W>debut</W><W>of</W><W>Shyne</W><W>&#39;s</W><W>album</W><W>,</W><W>it</W><W>was</W><W>rumored</W><W>that</W><W>Shyne</W><W>was</W><W>the</W><W>shooter</W><W>in</W><W>this</W><W>party</W><W>,</W><W>the</W><W>one</W><W>that</W><W>Puffy</W><C><W>and</W></C><W>Jennifer</W><W>Lopez</W><W>fled</W><W>from</W><W>to</W><W>avoid</W><C><cue ID="13" type="speculation"><W>possibly</W></cue></C><xcope ID="33"><ref COMMENTS="" ID="55" SRC="13"></ref><W>being</W><W>shot</W><W>at</W></xcope><W>.</W></SENTENCE><SENTENCE><W>Now</W><W>,</W><W>lets</W><W>point</W><W>out</W><W>the</W><W>obvious</W><W>.</W></SENTENCE><SENTENCE><W>Puffy</W><W>who</W><W>signs</W><W>Shyne</W><W>promises</W><W>to</W><W>make</W><W>him</W><W>millions</W><W>because</W><W>his</W><W>record</W><W>will</W><W>be</W><W>sent</W><W>straight</W><W>to</W><W>the</W><W>top</W><W>through</W><W>his</W><W>promotions</W><W>.</W></SENTENCE><SENTENCE><W>Puff</W><W>also</W><W>takes</W><W>Shyne</W><W>in</W><W>despite</W><W>his</W><W>ongoing</W><W>fued</W><W>with</W><W>long</W><W>time</W><W>friend</W><C><W>and</W></C><W>partner</W><W>Lil</W><W>Kim</W><W>.</W></SENTENCE><SENTENCE><W>So</W><W>,</W><W>Shyne</W><W>,</W><W>the</W><W>shooter</W><W>?</W></SENTENCE><SENTENCE><W>I</W><C><cue ID="14" type="speculation"><W>think</W></cue></C><C><cue ID="15" type="negation"><xcope ID="34"><ref COMMENTS="" ID="56" SRC="14"></ref><W>not</W></xcope></cue></C><W>,</W><W>just</W><W>a</W><W>shameless</W><W>attempt</W><W>to</W><W>push</W><W>an</W><W>album</W><W>that</W><W>has</W><C><cue ID="16" type="negation"><W>no</W></cue></C><xcope ID="35"><ref COMMENTS="" ID="57" SRC="16"></ref><W>reason</W><W>to</W><W>ever</W><W>be</W><W>shelved</W></xcope><W>.</W></SENTENCE></P><P></P><P><SENTENCE><W>Shyne</W><W>is</W><W>one</W><W>of</W><W>the</W><W>great</W><W>travesties</W><W>of</W><W>rap</W><W>music</W><W>.</W></SENTENCE><SENTENCE><W>He</W><W>has</W><W>a</W><W>horrible</W><W>voice</W><W>for</W><W>the</W><W>business</W><W>,</W><W>a</W><W>look</W><W>similar</W><W>to</W><W>that</W><W>of</W><W>Warren</W><W>G</W><W>,</W><W>who</W><cue ID="17" type="negation"><W>has</W><W>n&#39;t</W></cue><xcope ID="36"><ref COMMENTS="" ID="58" SRC="17"></ref><W>been</W><W>popular</W><W>since</W><W>the</W><W>mid</W><W>90</W><W>&#39;s</W></xcope><W>,</W><C><W>and</W></C><W>is</W><W>obviously</W><W>just</W><W>a</W><W>cheap</W><W>Biggie</W><W>imitation</W><W>.</W></SENTENCE><SENTENCE><C><cue ID="18" type="speculation"><W>If</W></cue></C><xcope ID="39"><ref COMMENTS="" ID="60" SRC="18"></ref><W>it</W><W>was</W><W>up</W><W>to</W><W>me</W><W>,</W><W>his</W><W>album</W><cue ID="19" type="negation"><C><W>would</W></C><W>n&#39;t</W></cue><xcope ID="37"><ref COMMENTS="" ID="59" SRC="19"></ref><W>even</W><W>go</W><W>double</W><W>wood</W></xcope></xcope><W>,</W><W>but</W><W>it</W><W>has</W><W>sold</W><W>somewhere</W><W>in</W><W>the</W><W>area</W><W>of</W><W>almost</W><W>reaching</W><W>gold</W><W>status</W><W>,</W><W>which</W><W>is</W><W>pretty</W><W>pathetic</W><W>.</W></SENTENCE><SENTENCE><W>I</W><C><cue ID="20" type="speculation"><W>think</W></cue></C><xcope ID="41"><ref COMMENTS="" ID="62" SRC="20"></ref><C><cue ID="21" type="speculation"><W>if</W></cue></C><xcope ID="40"><ref COMMENTS="" ID="61" SRC="21"></ref><W>people</W><W>put</W><W>blindfolds</W><W>on</W><C><W>and</W></C><W>take</W><W>the</W><W>earplugs</W><W>out</W></xcope></xcope><W>,</W><W>they</W><W>will</W><W>realize</W><W>what</W><W>type</W><W>of</W><W>garbage</W><W>Shyne</W><W>is</W><W>delivering</W><W>.</W></SENTENCE><SENTENCE><W>I</W><W>put</W><W>that</W><W>this</W><W>is</W><W>Great</W><W>Music</W><W>to</W><W>Play</W><W>While</W><W>Getting</W><W>ready</W><W>to</W><W>go</W><W>out</W><W>,</W><W>because</W><W>hearing</W><W>this</W><W>garbage</W><W>makes</W><W>you</W><W>want</W><W>to</W><W>leave</W><W>as</W><W>fast</W><W>as</W><C><W>possible</W></C><W>.</W></SENTENCE></P></DOCUMENT>
