<?xml version="1.0" encoding="UTF-8"?>
<DOCUMENT><P></P><P><SENTENCE><W>Warning</W><W>:</W><W>This</W><W>opinion</W><W>is</W><W>very</W><W>graphic</W><W>.</W></SENTENCE><SENTENCE><W>It</W><W>is</W><W>intended</W><W>for</W><W>adults</W><W>.</W></SENTENCE><SENTENCE><W>Minors</W><C><cue ID="0" type="speculation"><W>should</W></cue></C><xcope ID="25"><ref COMMENTS="" ID="30" SRC="0"></ref><C><cue ID="1" type="negation"><W>not</W></cue></C><xcope ID="24"><ref COMMENTS="" ID="29" SRC="1"></ref><W>read</W><W>this</W><W>opinion</W></xcope></xcope><W>.</W></SENTENCE><SENTENCE><W>I</W><W>have</W><W>used</W><W>*/SYM</W><W>to</W><W>make</W><W>some</W><W>of</W><W>the</W><W>content</W><W>&#34;</W><W>clean</W><W>&#34;</W><W>but</W><C><W>feel</W></C><W>that</W><W>I</W><W>needed</W><W>to</W><W>include</W><W>the</W><W>profanity</W><W>in</W><W>order</W><W>to</W><W>illustrate</W><W>what</W><W>I</W><W>was</W><W>referring</W><W>to</W><W>.</W></SENTENCE><SENTENCE><W>I</W><C><W>hope</W></C><W>that</W><C><cue ID="2" type="negation"><W>no</W></cue></C><xcope ID="26"><ref COMMENTS="" ID="31" SRC="2"></ref><W>one</W><W>is</W><W>offended</W><W>by</W><W>this</W><W>opinion</W></xcope><W>,</W><C><W>and</W></C><C><cue ID="3" type="speculation"><W>if</W></cue></C><xcope ID="27"><ref COMMENTS="" ID="32" SRC="3"></ref><W>they</W><W>are</W></xcope><W>,</W><W>I</W><W>sincerely</W><W>apologize</W><W>.</W></SENTENCE></P><P></P><P><SENTENCE><W>Let</W><W>me</W><W>preface</W><W>this</W><W>opinion</W><W>by</W><W>stating</W><W>I</W><W>have</W><C><cue ID="4" type="negation"><W>never</W></cue></C><xcope ID="28"><ref COMMENTS="" ID="33" SRC="4"></ref><W>before</W><W>had</W><W>a</W><W>problem</W><W>with</W><W>profanity</W><W>in</W><W>music</W></xcope><W>.</W></SENTENCE><SENTENCE><W>I</W><W>have</W><W>always</W><W>preferred</W><W>to</W><W>buy</W><W>the</W><W>unedited</W><W>versions</W><W>of</W><W>CDs</W><W>.</W></SENTENCE></P><P></P><P><SENTENCE><W>Having</W><W>seen</W><W>the</W><W>video</W><W>for</W><W>&#34;</W><W>Get</W><W>Your</W><W>Roll</W><W>On</W><W>&#34;</W><W>on</W><W>BET</W><W>,</W><W>I</W><C><cue ID="5" type="speculation"><W>thought</W></cue></C><xcope ID="34"><ref COMMENTS="" ID="35" SRC="5"></ref><W>I</W><W>&#39;d</W><W>enjoy</W><W>this</W><W>CD.</W></xcope></SENTENCE><SENTENCE><W>I</W><W>liked</W><W>the</W><W>beat</W><C><W>and</W></C><W>liked</W><W>the</W><W>lyrics</W><W>.</W></SENTENCE></P><P></P><P><SENTENCE><W>Yet</W><W>,</W><W>when</W><W>I</W><W>listened</W><W>to</W><W>the</W><W>same</W><W>song</W><W>on</W><W>the</W><W>CD</W><W>,</W><W>I</W><W>was</W><W>shocked</W><W>.</W></SENTENCE><SENTENCE><W>It</W><cue ID="6" type="speculation"><W>sounded</W><W>like</W></cue><xcope ID="36"><ref COMMENTS="" ID="37" SRC="6"></ref><W>an</W><W>almost</W><W>completely</W><W>different</W><W>song</W></xcope><W>.</W></SENTENCE></P><P></P><P><SENTENCE><W>As</W><W>I</W><W>already</W><W>stated</W><W>,</W><W>I</W><W>&#39;ve</W><C><cue ID="7" type="negation"><W>never</W></cue></C><xcope ID="38"><ref COMMENTS="" ID="39" SRC="7"></ref><W>been</W><W>one</W><W>to</W><W>get</W><W>offended</W><W>by</W><W>profanity</W><W>in</W><W>music</W></xcope><W>.</W></SENTENCE><SENTENCE><W>A</W><W>lot</W><W>of</W><W>my</W><W>favorite</W><W>artists</W><W>use</W><W>profanity</W><W>in</W><W>their</W><W>lyrics</W><W>.</W></SENTENCE><SENTENCE><W>However</W><W>,</W><W>I</W><C><cue ID="8" type="speculation"><W>believe</W></cue></C><xcope ID="40"><ref COMMENTS="" ID="41" SRC="8"></ref><W>that</W><W>there</W><W>is</W><W>a</W><W>way</W><W>to</W><W>do</W><W>it</W><W>so</W><W>it</W><W>blends</W><W>well</W><W>in</W><W>the</W><W>music</W><W>.</W></xcope></SENTENCE></P><P></P><P><SENTENCE><C><cue ID="9" type="speculation"><W>Apparently</W></cue></C><xcope ID="43"><ref COMMENTS="" ID="45" SRC="9"></ref><W>Big</W><W>Tymers</W><W>are</W><C><cue ID="10" type="negation"><W>not</W></cue></C><xcope ID="42"><ref COMMENTS="" ID="44" SRC="10"></ref><W>familiar</W><W>with</W><W>that</W><W>technique</W></xcope></xcope><W>.</W></SENTENCE></P><P></P><P><SENTENCE><W>Big</W><W>Tymers</W><W>sprinkle</W><W>curse</W><W>words</W><W>in</W><W>their</W><W>lyrics</W><W>in</W><W>places</W><W>where</W><C><cue ID="11" type="negation"><W>not</W></cue></C><xcope ID="47"><ref COMMENTS="" ID="49" SRC="11"></ref><W>only</W><W>is</W><W>it</W><C><cue ID="12" type="negation"><W>not</W></cue></C><xcope ID="46"><ref COMMENTS="" ID="48" SRC="12"></ref><W>necessary</W></xcope></xcope><W>,</W><W>but</W><W>it</W><W>detracts</W><W>from</W><W>the</W><W>rhythm</W><W>.</W></SENTENCE><SENTENCE><C><W>Instead</W></C><W>of</W><W>the</W><W>lyrics</W><W>flowing</W><W>,</W><W>as</W><W>with</W><xcope ID="51"><ref COMMENTS="" ID="53" SRC="13"></ref><W>Ice</W><W>Cube</W></xcope><C><cue ID="13" type="speculation"><W>or</W></cue></C><xcope ID="50"><ref COMMENTS="" ID="52" SRC="13"></ref><W>Dr</W><W>Dre</W></xcope><W>,</W><W>Big</W><W>Tymers</W><W>&#39;</W><W>lyrics</W><W>have</W><W>a</W><W>stutter</W><W>quality</W><W>to</W><W>them</W><W>that</W><W>makes</W><W>listening</W><W>to</W><W>the</W><W>songs</W><W>unenjoyable</W><W>.</W></SENTENCE></P><P></P><P><SENTENCE><W>Here</W><W>are</W><W>some</W><W>examples</W><W>of</W><W>what</W><W>I</W><W>am</W><W>talking</W><W>about</W><W>.</W></SENTENCE><SENTENCE><W>These</W><W>lyrics</W><W>were</W><W>all</W><W>taken</W><W>from</W><W>the</W><W>song</W><W>,</W><W>&#34;</W><W>Get</W><W>Your</W><W>Roll</W><W>On&#34;</W><W>.</W></SENTENCE></P><P></P><P><SENTENCE><W>&#34;</W><W>Everybody</W><W>Get</W><W>Your</W><W>Roll</W><W>On</W><W>,</W></SENTENCE></P><P></P><P><SENTENCE><W>Everybody</W><W>Get</W><W>Your</W><W>Mother</W><W>F**king</W><W>Roll</W><W>On</W><W>&#34;</W></SENTENCE></P><P></P><P><SENTENCE><W>That</W><W>is</W><W>the</W><W>chorus</W><W>,</W><W>it</W><W>is</W><W>said</W><W>four</W><W>times</W><W>.</W></SENTENCE><SENTENCE><W>The</W><W>chorus</W><W>is</W><W>said</W><W>many</W><W>times</W><W>throughout</W><W>the</W><W>song</W><W>.</W></SENTENCE></P><P></P><P><SENTENCE><W>Other</W><W>lyrics</W><W>are</W><W>:</W></SENTENCE></P><P></P><P><SENTENCE><W>&#34;</W><W>Slap</W><W>that</W><W>b**ch</W><W>,</W></SENTENCE></P><P></P><P><SENTENCE><W>Punch</W><W>that</W><W>hoe</W><W>.</W><W>&#34;</W></SENTENCE></P><P></P><P><SENTENCE><W>&#34;</W><W>Big</W><W>d**ks</W><W>we</W><W>slang</W><W>,</W></SENTENCE></P><P></P><P><SENTENCE><W>Freak</W><W>b**ch</W><W>do</W><W>your</W><W>thang</W><W>,</W><W>do</W><W>your</W><W>thang</W><W>.</W><W>&#34;</W></SENTENCE></P><P></P><P><SENTENCE><W>&#34;</W><W>Your</W><W>wife</W><W>is</W><W>,</W></SENTENCE></P><P></P><P><SENTENCE><W>My</W><W>baby</W><W>momma</W><W>.</W></SENTENCE></P><P></P><P><SENTENCE><W>God</W><W>d**n</W><W>,</W><W>mother</W><W>f**ker</W><W>,</W></SENTENCE></P><P></P><P><SENTENCE><W>She</W><W>&#39;s</W><W>a</W><W>good</W><W>d**k</W><W>s**ker</W><W>.</W><W>&#34;</W></SENTENCE></P><P></P><P><SENTENCE><W>While</W><W>some</W><W>rappers</W><W>incorporate</W><W>profanity</W><W>into</W><W>their</W><W>songs</W><W>in</W><W>a</W><W>way</W><W>that</W><W>is</W><W>seamless</W><C><W>and</W></C><cue ID="14" type="negation"><W>does</W><W>n&#39;t</W></cue><xcope ID="54"><ref COMMENTS="" ID="59" SRC="14"></ref><W>stand</W><W>out</W></xcope><W>,</W><W>the</W><W>Big</W><W>Tymers</W><W>have</W><C><cue ID="15" type="negation"><W>not</W></cue></C><xcope ID="55"><ref COMMENTS="" ID="60" SRC="15"></ref><W>mastered</W><W>the</W><W>art</W><W>yet</W></xcope><W>.</W></SENTENCE><SENTENCE><W>They</W><W>&#39;ve</W><W>put</W><W>profanity</W><C><W>and</W></C><W>insults</W><W>in</W><W>their</W><W>music</W><W>in</W><W>places</W><W>that</W><C><cue ID="16" type="speculation"><W>would</W></cue></C><xcope ID="57"><ref COMMENTS="" ID="62" SRC="16"></ref><W>have</W><W>flowed</W><W>much</W><W>better</W><C><cue ID="17" type="negation"><W>without</W></cue></C><xcope ID="56"><ref COMMENTS="" ID="61" SRC="17"></ref><W>them</W></xcope></xcope><W>.</W></SENTENCE></P><P></P><P><SENTENCE><W>This</W><W>was</W><W>proven</W><W>by</W><W>watching</W><W>the</W><W>video</W><W>for</W><W>&#34;</W><W>Get</W><W>Your</W><W>Roll</W><W>On</W><W>&#34;</W><W>on</W><W>BET.</W></SENTENCE><SENTENCE><W>The</W><W>lyrics</W><W>in</W><W>the</W><W>video</W><W>flowed</W><C><W>and</W></C><W>between</W><W>that</W><C><W>and</W></C><W>the</W><W>beat</W><W>,</W><W>I</W><cue ID="18" type="speculation"><C><W>could</W></C><W>n&#39;t</W></cue><xcope ID="58"><ref COMMENTS="" ID="63" SRC="18"></ref><W>just</W><W>sit</W><C><W>and</W></C><W>watch</W></xcope><W>.</W></SENTENCE><SENTENCE><W>I</W><W>had</W><W>to</W><W>get</W><W>up</W><C><W>and</W></C><W>dance</W><W>in</W><W>front</W><W>of</W><W>the</W><W>TV</W><W>.</W></SENTENCE></P><P></P><P><SENTENCE><W>The</W><W>beats</W><C><W>and</W></C><W>rhythm</W><W>on</W><W>the</W><W>CD</W><W>are</W><W>still</W><W>booming</W><W>,</W><C><W>and</W></C><W>such</W><W>that</W><W>you</W><W>will</W><W>want</W><W>to</W><W>dance</W><W>to</W><W>them</W><C><W>and</W></C><W>bob</W><W>your</W><W>head</W><W>to</W><W>the</W><W>music</W><W>.</W></SENTENCE><SENTENCE><W>But</W><C><cue ID="19" type="speculation"><W>if</W></cue></C><xcope ID="65"><ref COMMENTS="" ID="67" SRC="19"></ref><W>you</W><W>&#39;re</W><W>like</W><W>me</W><W>,</W><W>you</W><W>will</W><W>wish</W><W>there</W><W>was</W><W>a</W><W>switch</W><W>on</W><W>your</W><W>stereo</W><W>that</W><C><cue ID="20" type="speculation"><W>would</W></cue></C><xcope ID="64"><ref COMMENTS="" ID="66" SRC="20"></ref><W>allow</W><W>you</W><W>to</W><W>cut</W><W>the</W><W>lyrics</W><W>out</W><C><W>and</W></C><W>just</W><W>listen</W><W>to</W><W>the</W><W>rhythm</W></xcope></xcope><W>.</W></SENTENCE></P><P></P><P><SENTENCE><W>The</W><C><W>feel</W></C><W>I</W><W>got</W><W>from</W><W>this</W><W>album</W><W>is</W><W>that</W><W>Big</W><W>Tymers</W><W>were</W><W>trying</W><W>to</W><W>copy</W><W>Ice</W><W>Cube</W><C><W>and</W></C><W>Dr</W><W>Dre</W><C><W>and</W></C><W>other</W><W>Gangsta</W><W>Rappers</W><W>&#39;</W><W>styles</W><W>,</W><C><W>and</W></C><C><W>failed</W></C><W>miserably</W><W>.</W></SENTENCE></P><P></P><P><SENTENCE><C><cue ID="21" type="speculation"><W>If</W></cue></C><xcope ID="68"><ref COMMENTS="" ID="69" SRC="21"></ref><W>you</W><W>like</W><W>Gangsta</W><C><W>and</W></C><W>Hardcore</W><W>Rap</W><W>,</W><W>read</W><W>my</W><W>review</W><W>of</W><W>Ice</W><W>Cube</W><W>&#39;s</W><W>new</W><W>album</W><W>,</W><W>&#34;</W><W>War</W><C><W>and</W></C><W>Peace</W><W>:</W><W>Vol</W><W>2</W><W>(</W><W>The</W><W>Peace</W><W>Album</W><W>)&#34;</W><W>.</W></xcope></SENTENCE></P><P></P><P><SENTENCE><W>My</W><W>recommendation</W><W>on</W><W>this</W><W>album</W><W>,</W><W>&#34;</W><W>I</W><W>Got</W><W>That</W><W>Work</W><W>&#34;</W><W>by</W><W>Big</W><W>Tymers</W><W>,</W><W>is</W><C><cue ID="22" type="speculation"><W>either</W></cue></C><xcope ID="72"><ref COMMENTS="" ID="75" SRC="22"></ref><xcope ID="71"><ref COMMENTS="" ID="74" SRC="23"></ref><W>get</W><W>the</W><W>edited</W><W>version</W></xcope><W>,</W><C><cue ID="23" type="speculation"><W>or</W></cue></C><xcope ID="70"><ref COMMENTS="" ID="73" SRC="23"></ref><W>just</W><W>pass</W><W>it</W><W>up</W></xcope></xcope><W>,</W><C><W>and</W></C><W>save</W><W>the</W><W>money</W><W>that</W><W>you</W><W>worked</W><W>for</W><W>.</W></SENTENCE></P></DOCUMENT>
