<?xml version="1.0" encoding="UTF-8"?>
<DOCUMENT><P></P><P><SENTENCE><W>My</W><W>roommate</W><W>is</W><W>into</W><W>the</W><W>whole</W><W>jiggy</W><W></W><W>rapper</W><W>routine</W><C><W>and</W></C><W>I</W><W>am</W><W>decidedly</W><W>against</W><W>it</W><W>.</W></SENTENCE><SENTENCE><W>He</W><W>wanted</W><W>me</W><W>to</W><W>download</W><W>the</W><W>new</W><W>Fabolous</W><W>album</W><W>because</W><W>it</W><W>was</W><W>hot</W><W>.</W><W></W></SENTENCE><SENTENCE><W>Let</W><W>me</W><W>tell</W><W>you</W><W>,</W><W>whatever</W><W>hot</W><W></W><W>is</W><W>,</W><W>it</W><W>has</W><W>to</W><W>be</W><W>synonymous</W><W>with</W><W>crap.</W><W></W></SENTENCE><SENTENCE><W>My</W><W>tastes</W><W>lie</W><W>in</W><W>the</W><W>underground</W><W>,</W><W>where</W><W>most</W><W>true</W><W>hip</W><W>hop</W><W>artists</W><W>remain</W><W>.</W></SENTENCE><SENTENCE><W>These</W><W>artists</W><C><cue ID="0" type="negation"><W>never</W></cue></C><xcope ID="27"><ref COMMENTS="" ID="34" SRC="0"></ref><W>see</W><W>the</W><W>success</W><W>that</W><W>mainstream</W><W>rappers</W><W>have</W></xcope><W>,</W><W>which</W><C><cue ID="1" type="speculation"><W>can</W></cue></C><xcope ID="28"><ref COMMENTS="" ID="33" SRC="1"></ref><W>good</W><C><W>and</W></C><W>bad</W><W>at</W><W>the</W><W>same</W><W>time</W></xcope><W>.</W></SENTENCE><SENTENCE><W>Usually</W><W>when</W><W>a</W><W>hip</W><W>hop</W><W>artist</W><W>sticks</W><W>to</W><W>the</W><W>underground</W><W>,</W><W>they</W><W>stick</W><W>with</W><W>what</W><W>got</W><W>them</W><W>into</W><W>the</W><W>game</W><W>in</W><W>the</W><W>first</W><W>place</W><W>(usually</W><W>thoughtful</W><W>rhymes</W><W>,</W><W>but</W><C><cue ID="2" type="negation"><W>not</W></cue></C><xcope ID="29"><ref COMMENTS="" ID="32" SRC="2"></ref><W>always</W></xcope><W>.</W><W>)</W></SENTENCE><SENTENCE><W>When</W><W>one</W><W>of</W><W>these</W><W>artists</W><W>decides</W><W>to</W><W>jump</W><W>the</W><W>ladder</W><W>into</W><W>mainstream</W><W>acceptance</W><W>,</W><W>they</W><W>drop</W><W>any</W><W>resemblance</W><W>of</W><W>a</W><W>hip</W><W>hop</W><W>artist</W><C><W>and</W></C><W>become</W><W>whor*s</W><W>of</W><W>the</W><W>music</W><W>industry</W><W>,</W><W>molding</W><W>themselves</W><W>to</W><W>what</W><W>sells</W><W>.</W></SENTENCE><SENTENCE><W>I</W><W>have</W><W>developed</W><W>a</W><W>step</W><W>by</W><W>step</W><W>theory</W><W>by</W><W>which</W><W>hip</W><W>hop</W><W>artists</W><C><cue ID="3" type="speculation"><W>can</W></cue></C><xcope ID="30"><ref COMMENTS="" ID="31" SRC="3"></ref><W>follow</W><W>in</W><W>order</W><W>to</W><W>change</W><W>into</W><W>jiggy</W><W>rappers</W></xcope><W>.</W></SENTENCE><SENTENCE><W>Basically</W><W>,</W><W>what</W><W>it</W><W>takes</W><W>to</W><W>become</W><W>a</W><W>mainstream</W><W>rapper</W><W>nowadays</W><W>is</W><W>:</W></SENTENCE></P><P></P><P><SENTENCE><W>a</W><W>)</W><W>Catchy</W><W>,</W><W>jiggy</W><W>,</W><W>club</W><W>friendly</W><W>beats</W><W>(</W><W>50</W><W>Cents</W><W></W><W>In</W><W>Da</W><W>Club</W><W></W><W>comes</W><W>to</W><W>mind</W><W>)</W><W>.</W></SENTENCE></P><P></P><P><SENTENCE><W>b</W><W>)</W><W>Generic</W><W>subject</W><W>matter</W><W>about</W><W>hos</W><W>,</W><W>cash</W><W>,</W><W>violence</W><W>,</W><W>sex</W><W>,</W><C><W>and</W></C><W>drugs</W><W>.</W></SENTENCE></P><P></P><P><SENTENCE><W>c</W><W>)</W><W>A</W><W>major</W><W>label</W><W>able</W><W>to</W><W>pay</W><W>off</W><W>MTV</W><C><W>and</W></C><W>payola</W><W>radio</W><W>stations</W><W>.</W></SENTENCE></P><P></P><P><SENTENCE><W>Thats</W><W>the</W><W>step</W><W>by</W><W>step</W><W>process</W><W>.</W></SENTENCE><SENTENCE><W>You</W><C><cue ID="4" type="speculation"><W>might</W></cue></C><xcope ID="35"><ref COMMENTS="" ID="36" SRC="4"></ref><W>be</W><W>thinking</W><W>,</W><W>just</W><W>three</W><W>steps</W></xcope><W>?</W></SENTENCE><SENTENCE><W>Yes</W><W>,</W><W>my</W><W>friend</W><W>,</W><W>that</W><W>s</W><W>all</W><W>it</W><W>takes</W><W>.</W></SENTENCE><SENTENCE><W>Of</W><W>course</W><C><cue ID="5" type="negation"><W>not</W></cue></C><xcope ID="38"><ref COMMENTS="" ID="40" SRC="5"></ref><W>everyone</W><W>makes</W><W>it</W></xcope><C><W>and</W></C><C><cue ID="6" type="negation"><W>not</W></cue></C><xcope ID="37"><ref COMMENTS="" ID="39" SRC="6"></ref><W>every</W><W>mainstream</W><W>rapper</W><W>is</W><W>like</W><W>this</W></xcope><W>,</W><W>but</W><W>typically</W><W>,</W><W>this</W><W>outline</W><W>is</W><W>pretty</W><W>all</W><W>encompassing</W><W>.</W></SENTENCE><SENTENCE><W>Examples</W><W>abound</W><W>of</W><W>such</W><W>rappers</W><W>.</W></SENTENCE><SENTENCE><W>One</W><W>such</W><W>rapper</W><W>is</W><W>Fabolous</W><W>.</W></SENTENCE><SENTENCE><W>His</W><W>album</W><W>Street</W><W>Dreams</W><W>is</W><W>an</W><W>example</W><W>of</W><W>a</W><W>mainstream</W><W>creation</W><W>.</W></SENTENCE><SENTENCE><W>Remember</W><W>the</W><W>process</W><W>,</W><W>ladies</W><C><W>and</W></C><W>gents</W><W>,</W><W>youll</W><W>see</W><W>it</W><W>comes</W><W>in</W><W>very</W><W>handy</W><W>.</W></SENTENCE></P><P></P><P><SENTENCE><W>Track</W><W>Listing</W></SENTENCE></P><P></P><P><SENTENCE><W>1</W><W>.</W><W>Intro</W><W>-</W><W>0:17</W></SENTENCE></P><P></P><P><SENTENCE><W>2.</W></SENTENCE><SENTENCE><C><W>Not</W></C><W>Give</W><W>a</W><W>F***</W><W>-</W><W>3:18</W></SENTENCE></P><P></P><P><SENTENCE><W>3.</W><W>D***</W><W>-</W><W>3:24</W></SENTENCE></P><P></P><P><SENTENCE><W>4</W><W>.</W><W>Call</W><W>Me</W><W>-</W><W>3:44</W></SENTENCE></P><P></P><P><SENTENCE><W>5</W><W>.</W><W>Can&#39;t</W><W>Let</W><W>You</W><W>Go</W><W></W><W>feat</W><W>.</W></SENTENCE><SENTENCE><W>Mike</W><W>Shorey</W><W>/</W><W>Lil</W><W>&#39;</W><W>Mo</W><W>-</W><W>3:43</W></SENTENCE></P><P></P><P><SENTENCE><W>6</W><W>.</W><W>Bad</W><W>B****</W><W>-</W><W>3:37</W></SENTENCE></P><P></P><P><SENTENCE><W>7.</W><W>Why</W><C><W>Would</W></C><W>n&#39;t</W><W>I</W><W></W><W>feat</W><W>.</W></SENTENCE><SENTENCE><W>Paul</W><W>Cain</W><W>-</W><W>4:58</W></SENTENCE></P><P></P><P><SENTENCE><W>8.</W><W>Up</W><W>on</W><W>Things</W><W></W><W>feat</W><W>.</W></SENTENCE><SENTENCE><W>Snoop</W><W>Dogg</W><W>-</W><W>3:42</W></SENTENCE></P><P></P><P><SENTENCE><W>9</W><W>.</W><W>Sickalicious</W><W></W><W>feat</W><W>.</W></SENTENCE><SENTENCE><W>Missy</W><W>Elliott</W><W>-</W><W>4:03</W></SENTENCE></P><P></P><P><SENTENCE><W>10</W><W>.</W></SENTENCE><SENTENCE><W>This</W><W>Is</W><W>My</W><W>Party</W><W>-</W><W>4:32</W></SENTENCE></P><P></P><P><SENTENCE><W>11</W><W>.</W><W>Into</W><W>You</W><W></W><W>feat</W><W>.</W></SENTENCE><SENTENCE><W>Ashanti</W><W>-</W><W>4:34</W></SENTENCE></P><P></P><P><SENTENCE><W>12</W><W>.</W><W>Change</W><W>You</W><C><W>or</W></C><W>Change</W><W>Me</W><W>-</W><W>4:31</W></SENTENCE></P><P></P><P><SENTENCE><W>13</W><W>.</W><W>Respect</W><W>-</W><W>4:09</W></SENTENCE></P><P></P><P><SENTENCE><W>14</W><W>.</W><W>Forgive</W><W>Me</W><W>Father</W><W>-</W><W>4:19</W></SENTENCE></P><P></P><P><SENTENCE><W>15</W><W>.</W><C><W>Never</W></C><W>Duplicated</W><W>-</W><W>3:55</W></SENTENCE></P><P></P><P><SENTENCE><W>16</W><W>.</W><W>-</W><W>0:05</W></SENTENCE></P><P></P><P><SENTENCE><W>17</W><W>.</W><W>My</W><W>Life</W><W></W><W>feat</W><W>.</W></SENTENCE><SENTENCE><W>Blige</W><W>,</W><W>Mary</W><W>J.</W><W>-</W><W>4:24</W></SENTENCE></P><P></P><P><SENTENCE><W>18</W><W>.</W><W>Throw</W><W>Back</W><W>[</W><W>*]</W><W>-</W><W>3:45</W></SENTENCE></P><P></P><P><SENTENCE><W>19</W><W>.</W><W>Keepin</W><W>It</W><W>Gangsta</W><W>[</W><W>*]</W><W></W><W>feat</W><W>.</W></SENTENCE><SENTENCE><W>Styles</W><W>/</W><W>Jadakiss</W><W>/</W><W>M.O.P.</W><W>-</W><W>5:09</W></SENTENCE></P><P></P><P><SENTENCE><W>20</W><W>.</W><W>Trade</W><W>It</W><W>All</W><W>Pt</W><W>.</W><W>2</W><W>[</W><W>*]</W><W></W><W>feat</W><W>.</W></SENTENCE><SENTENCE><W>P.</W><W>Diddy</W><W>/</W><W>Jagged</W><W>Edge</W><W>-</W><W>4:35</W></SENTENCE></P><P></P><P><SENTENCE><W>On</W><W>To</W><W>the</W><W>Review</W></SENTENCE></P><P></P><P><SENTENCE><W>This</W><W>album</W><W>is</W><W>very</W><W>generic</W><C><W>and</W></C><W>reminiscent</W><W>of</W><W>most</W><W>mainstream</W><W>rap</W><W>.</W></SENTENCE><SENTENCE><W>Example</W><W>:</W><W>the</W><W>Intro</W><W>.</W></SENTENCE><SENTENCE><W>It</W><W>serves</W><W>absolutely</W><C><cue ID="7" type="negation"><W>no</W></cue></C><xcope ID="42"><ref COMMENTS="" ID="43" SRC="7"></ref><W>point</W><C><W>except</W></C><W>to</W><W>take</W><W>up</W><W>space</W></xcope><W>(</W><W>a</W><W>filler</W><W>track</W><W>,</W><C><cue ID="8" type="speculation"><W>if</W></cue></C><xcope ID="41"><ref COMMENTS="" ID="44" SRC="8"></ref><W>you</W><W>will</W></xcope><W>.</W><W>)</W></SENTENCE><SENTENCE><W>DJ</W><W>Clue</W><W>basically</W><W>says</W><W>how</W><W>everyone</W><W>wants</W><W>to</W><W>be</W><W>like</W><W>his</W><W>boy</W><W>Fabolous</W><C><W>and</W></C><W>how</W><W>everyone</W><W>wants</W><W>his</W><W>life</W><W>.</W></SENTENCE><SENTENCE><W>Already</W><W>the</W><W>album</W><W>starts</W><W>off</W><W>with</W><C><W>negative</W></C><W>marks</W><W>.</W></SENTENCE></P><P></P><P><SENTENCE><W>The</W><W>first</W><W>actual</W><W>song</W><W>,</W><W>Not</W><W>Give</W><W>a</W><W>F***</W><W>,</W><W>follows</W><W>the</W><W>first</W><W>two</W><W>letters</W><W>in</W><W>my</W><W>step</W><W>by</W><W>step</W><W>process</W><W>to</W><W>a</W><W>tee</W><W>.</W></SENTENCE><SENTENCE><W>A</W><W>deep</W><W>,</W><W>rubbery</W><W>bass-line</W><W>pounds</W><W>away</W><W>accompanied</W><W>by</W><W>some</W><W>very</W><W>basic</W><W>,</W><W>grating</W><W>snare</W><C><W>and</W></C><W>bells</W><W>.</W></SENTENCE><SENTENCE><W>This</W><W>satisfies</W><W>(</W><W>a</W><W>)</W><W>of</W><W>my</W><W>process</W><W>to</W><W>mainstream</W><W>success</W><W>.</W></SENTENCE><SENTENCE><W>The</W><W>beat</W><W>is</W><W>a</W><W>typical</W><W>club-ready</W><W>creation</W><W>,</W><W>perfect</W><W>for</W><W>accompanying</W><W>Fabolous</W><W></W><W>lyrics</W><W>.</W></SENTENCE><SENTENCE><W>These</W><W>following</W><W>lyrics</W><W>exemplify</W><W>part</W><W>(</W><W>b</W><W>)</W><W>of</W><W>my</W><W>method</W><W>.</W></SENTENCE></P><P></P><P><SENTENCE><W>I</W><W>&#39;m</W><W>fly</W><W>enough</W><W>,</W><W>to</W><W>do</W><W>better</W><W>,</W></SENTENCE></P><P></P><P><SENTENCE><W>But</W><W>pimp</W><W>enough</W><W>to</W><C><W>not</W></C><W>give</W><W>a</W><W>f***</W><W>,</W></SENTENCE></P><P></P><P><SENTENCE><C><W>And</W></C><W>I</W><W>&#39;m</W><W>thug</W><W>enough</W><W>,</W><W>to</W><W>do</W><W>better</W><W>,</W></SENTENCE></P><P></P><P><SENTENCE><C><W>And</W></C><W>gangsta</W><W>enough</W><W>to</W><C><W>not</W></C><W>give</W><W>a</W><W>f***</W><W>,</W></SENTENCE></P><P></P><P><SENTENCE><W>I</W><W>&#39;m</W><W>hustlin&#39;</W><W>enough</W><W>,</W><W>to</W><W>know</W><W>better</W><W>,</W></SENTENCE></P><P></P><P><SENTENCE><W>But</W><W>ballin&#39;</W><W>enough</W><W>to</W><C><W>not</W></C><W>give</W><W>a</W><W>f***</W><W>,</W></SENTENCE></P><P></P><P><SENTENCE><C><W>And</W></C><W>I</W><W>&#39;m</W><W>,</W><W>old</W><W>enough</W><W>,</W><W>to</W><W>know</W><W>better</W><W>,</W></SENTENCE></P><P></P><P><SENTENCE><W>But</W><W>young</W><W>enough</W><W>to</W><C><W>not</W></C><W>give</W><W>a</W><W>f***</W></SENTENCE></P><P></P><P><SENTENCE><W>I</W><C><W>think</W></C><W>the</W><W>lyrics</W><W>speak</W><W>for</W><W>themselves</W><W>.</W></SENTENCE></P><P></P><P><SENTENCE><W>Damn</W><W>incorporates</W><W>a</W><W>female</W><W>singer</W><W>as</W><W>the</W><W>hook</W><W>,</W><W>a</W><W>shameful</W><W>mainstream</W><W>tactic</W><W>popularized</W><W>by</W><W>the</W><W>wack</W><W>artist</W><W>know</W><W>as</W><W>Ja</W><W>Rule</W><W>.</W></SENTENCE><SENTENCE><W>This</W><W>song</W><W>reminds</W><W>me</W><W>of</W><W>the</W><W>Saturday</W><W>Night</W><W>Live</W><W>skit</W><W>with</W><W>Christopher</W><W>Walken</W><W>,</W><W>where</W><W>he</W><W>is</W><W>a</W><W>producer</W><W>of</W><W>a</W><W>band</W><W>.</W></SENTENCE><SENTENCE><W>&#34;</W><W>Guess</W><W>what</W><W>?</W><W></W><W>he</W><W>proclaims</W><W>.</W></SENTENCE><SENTENCE><W></W><W>I</W><W>got</W><W>a</W><W>fever</W><W>!</W></SENTENCE><SENTENCE><C><W>And</W></C><W>the</W><W>only</W><W>prescription</W><W>...</W><W>is</W><W>more</W><W>cowbell</W><W>!</W><W>&#34;</W></SENTENCE><SENTENCE><W>Funny</W><W>stuff</W><W>,</W><W>but</W><W>very</W><W>applicable</W><W>to</W><W>this</W><W>mainstream</W><W>monstrosity</W><W>of</W><W>a</W><W>song</W><W>.</W></SENTENCE><SENTENCE><W>Cowbells</W><W>pervade</W><W>throughout</W><W>the</W><W>song</W><W>.</W></SENTENCE><SENTENCE><W>Over</W><C><W>and</W></C><W>over</W><W>,</W><W>the</W><W>same</W><W>sample</W><W>is</W><W>used</W><W>,</W><W>to</W><W>the</W><W>point</W><W>where</W><W>the</W><W>listener</W><W>just</W><W>wants</W><W>to</W><xcope ID="46"><W>skip</W><W>the</W><W>song</W></xcope><W>,</W><C><cue ID="9" type="speculation"><W>or</W></cue></C><xcope ID="45"><W>kill</W><W>himself</W></xcope><W>.</W></SENTENCE><SENTENCE><W>The</W><W>lyrics</W><cue ID="10" type="negation"><W>dont</W></cue><xcope ID="47"><W>say</W><W>anything</W></xcope><C><cue ID="11" type="negation"><W>either</W></cue></C><W>,</W><W>which</W><W>is</W><W>to</W><W>be</W><C><W>expected</W></C><W>.</W></SENTENCE></P><P></P><P><SENTENCE><W>I</W><cue ID="12" type="negation"><W>cant</W></cue><xcope ID="51"><ref COMMENTS="" ID="56" SRC="12"></ref><W>help</W><W>but</W><C><cue ID="13" type="speculation"><W>think</W></cue></C><xcope ID="50"><ref COMMENTS="" ID="55" SRC="13"></ref><W>of</W><W>Puff</W><W>Daddy</W></xcope><W>(</W></xcope><W>P.</W></SENTENCE><SENTENCE><W>Diddy</W><W>)</W><xcope ID="48"><ref COMMENTS="" ID="54" SRC="14"></ref><W>when</W><W>listening</W><W>to</W><W>Call</W><W>Me</W></xcope><W>,</W><C><cue ID="14" type="speculation"><W>or</W></cue></C><xcope ID="49"><ref COMMENTS="" ID="53" SRC="14"></ref><W>any</W><W>song</W><W>for</W><W>that</W><W>matter</W></xcope><W>.</W></SENTENCE><SENTENCE><W>Although</W><W>Fabolous</W><W></W><W>flow</W><W>is</W><W>much</W><W>better</W><W>than</W><W>P</W><W>Diddys</W><W>,</W><W>there</W><W>is</W><C><cue ID="15" type="negation"><W>no</W></cue></C><xcope ID="52"><ref COMMENTS="" ID="57" SRC="15"></ref><W>escaping</W><W>the</W><W>fact</W><W>that</W><W>he</W><W>sounds</W><W>almost</W><W>exactly</W><W>the</W><W>same</W><W>,</W><W>voice</W><C><W>and</W></C><W>tone</W><W>wise</W></xcope><W>.</W></SENTENCE><SENTENCE><W>This</W><W>song</W><W>is</W><W>about</W><W>a</W><W>girl</W><W>that</W><W>wants</W><W>him</W><W>to</W><W>call</W><W>her</W><W>because</W><W>they</W><W>had</W><W>such</W><W>great</W><W>sex</W><W>together</W><W>.</W></SENTENCE><SENTENCE><W>Wow</W><W>!</W><W>How</W><W>creative</W><W>.</W></SENTENCE><SENTENCE><W>Next</W></SENTENCE></P><P></P><P><SENTENCE><W>The</W><W>next</W><W>song</W><W>Cant</W><W>Let</W><W>You</W><W>Go</W><W>uses</W><W>Nellys</W><W>rhyming</W><W>of</W><W>thank</W><W>ya</W><C><W>and</W></C><W>gangsta</W><W>.</W><W></W></SENTENCE></P><P></P><P><SENTENCE><C><W>And</W></C><W>I</W><W>respect</W><W>ya</W><W>gangsta</W></SENTENCE></P><P></P><P><SENTENCE><W>Treat</W><W>you</W><W>like</W><W>a</W><W>princess</W></SENTENCE></P><P></P><P><SENTENCE><C><W>And</W></C><W>put</W><W>something</W><W>on</W><W>your</W><W>neck</W><W>to</W><W>thank</W><W>ya</W></SENTENCE></P><P></P><P><SENTENCE><W>This</W><W>fact</W><W>alone</W><W>automatically</W><W>submits</W><W>it</W><W>in</W><W>the</W><W>worst</W><W>song</W><W>of</W><W>the</W><W>album</W><W></W><W>category</W><W>.</W></SENTENCE><SENTENCE><W>Essentially</W><W>the</W><W>song</W><W>is</W><W>about</W><W>how</W><W>he</W><W>has</W><W>a</W><W>girlfriend</W><C><W>and</W></C><W>how</W><W>much</W><W>he</W><W>likes</W><W>having</W><W>sex</W><W>with</W><W>her</W><W>,</W><W>but</W><W>cant</W><W>leave</W><W>his</W><W>wife</W><W>.</W></SENTENCE><SENTENCE><W>This</W><W>is</W><W>an</W><W>extremely</W><W>misogynistic</W><W>track</W><W>that</W><W>s</W><W>hidden</W><W>in</W><W>a</W><W>glossy</W><W>,</W><W>acoustic</W><W>guitar</W><W>laced</W><W>beat</W><W>along</W><W>with</W><W>Lil</W><W>Mo</W><C><W>and</W></C><W>Mike</W><W>Shorleys</W><W>strong</W><W>singing</W><W>.</W></SENTENCE></P><P></P><P><SENTENCE><W>Bad</W><W>B*tch</W><W>also</W><W>borrows</W><W>rhymes</W><W>from</W><W>another</W><W>album</W><W>.</W></SENTENCE><SENTENCE><W>This</W><W>time</W><W>it</W><W>s</W><W>from</W><W>The</W><W>Clipse</W><W>song</W><W>,</W><W>Lets</W><W>Talk</W><W>About</W><W>It</W><W>.</W></SENTENCE><SENTENCE><W>The</W><W>lyrics</W><W>are</W><W>along</W><W>the</W><W>lines</W><W>of</W><W>having</W><W>fun</W><W>with</W><W>two</W><W>girls</W><W>.</W></SENTENCE><SENTENCE><W>The</W><W>track</W><W>,</W><W>production</W><W>wise</W><W>,</W><W>is</W><W>repetitive</W><C><W>and</W></C><W>unintelligent</W><W>.</W></SENTENCE><SENTENCE><W>This</W><W>perfectly</W><W>compliments</W><W>the</W><W>wack</W><W>lyrics</W><W>.</W></SENTENCE></P><P></P><P><SENTENCE><W>Yeah</W><W>,</W><W>I</W><W>&#39;m</W><W>a</W><W>Ghetto</W><W>Superstar</W><W>ni**a</W></SENTENCE></P><P></P><P><SENTENCE><W>Most</W><W>ni**as</W><W>trying</W><W>to</W><W>get</W><W>one</W><W>chick</W><W>,</W><W>right</W><W>?</W></SENTENCE></P><P></P><P><SENTENCE><W>I</W><W>&#39;m</W><W>trying</W><W>to</W><W>get</W><W>two</W></SENTENCE></P><P></P><P><SENTENCE><W>You</W><W>know</W><W>,</W><W>two</W><W>is</W><W>always</W><W>better</W><W>than</W><W>one</W><W>,</W><W>right</W><W>?</W></SENTENCE></P><P></P><P><SENTENCE><W>Yeah</W><W>.</W><W>.</W></SENTENCE></P><P></P><P><SENTENCE><W>Why</W><C><W>Would</W></C><W>nt</W><W>I</W><W>also</W><W>continues</W><W>this</W><W>charade</W><W>of</W><W>wack</W><W>,</W><W>pointless</W><W>,</W><W>misogynistic</W><W>,</W><W>money</W><W>hungry</W><W>,</W><W>women</W><W>objectifying</W><W>tirade</W><W>.</W></SENTENCE><SENTENCE><W>This</W><W>time</W><W>Fab</W><W>is</W><W>joined</W><W>by</W><W>an</W><C><W>unknown</W></C><W>rapper</W><W>,</W><W>Paul</W><W>Cain</W><W>.</W></SENTENCE><SENTENCE><W>Cain</W><W>is</W><W>even</W><W>guiltier</W><W>than</W><W>Fabolous</W><W>,</W><W>since</W><W>he</W><W>assists</W><W>Fab</W><W>in</W><W>continuing</W><W>his</W><W>moronity</W><W>.</W></SENTENCE></P><P></P><P><SENTENCE><W>I</W><C><cue ID="18" type="negation"><W>never</W></cue></C><xcope ID="60"><ref COMMENTS="" ID="63" SRC="18"></ref><C><cue ID="17" type="speculation"><W>thought</W></cue></C><xcope ID="59"><ref COMMENTS="" ID="62" SRC="17"></ref><W>I</W><C><cue ID="16" type="speculation"><W>would</W></cue></C><xcope ID="58"><ref COMMENTS="" ID="61" SRC="16"></ref><W>say</W><W>anything</W><W>like</W><W>this</W></xcope></xcope><W>,</W></xcope><W>but</W><W>I</W><W>actually</W><W>like</W><W>one</W><W>of</W><W>the</W><W>songs</W><W>on</W><W>the</W><W>album</W><W>.</W></SENTENCE><SENTENCE><W>Up</W><W>On</W><W>Things</W><W>presents</W><xcope ID="64"><ref COMMENTS="" ID="67" SRC="19"></ref><W>nothing</W><W>new</W></xcope><C><cue ID="19" type="speculation"><W>or</W></cue></C><xcope ID="65"><ref COMMENTS="" ID="66" SRC="19"></ref><W>exciting</W></xcope><W>,</W><W>but</W><W>the</W><W>piano</W><W>driven</W><W>,</W><W>synth</W><W>backed</W><W>beat</W><W>is</W><W>very</W><W>infectious</W><W>.</W></SENTENCE><SENTENCE><W>Snoop</W><W>Dogg</W><W>shows</W><W>up</W><W>for</W><W>the</W><W>chorus</W><C><W>and</W></C><W>some</W><W>extremely</W><W>pointless</W><W>lyrics</W><W>,</W><W>but</W><W>his</W><W>presence</W><W>is</W><W>refreshing</W><W>in</W><W>a</W><W>self-parody</W><W>sort</W><W>of</W><W>way</W><W>.</W></SENTENCE></P><P></P><P><SENTENCE><W>This</W><W>Is</W><W>My</W><W>Party</W><W>just</W><W>plain</W><W>sucks</W><W>.</W></SENTENCE><SENTENCE><W>The</W><W>beat</W><W>is</W><W>horrible</W><W>,</W><W>Fabolous</W><W></W><W>rhymes</W><W>are</W><W>weak</W><W>,</W><C><W>and</W></C><W>the</W><W>chorus</W><W>is</W><W>completely</W><C><W>and</W></C><W>utterly</W><W>wack</W><W>!</W></SENTENCE><SENTENCE><W>Skip</W><W>at</W><W>all</W><W>costs</W><W>!</W></SENTENCE></P><P></P><P><SENTENCE><W>Ashanti</W><W>stars</W><W>on</W><W>Into</W><W>You</W><W>,</W><W>an</W><W>attempt</W><W>of</W><W>introspection</W><W>that</W><W>goes</W><W>horribly</W><W>wrong</W><W>.</W></SENTENCE><SENTENCE><C><cue ID="20" type="speculation"><W>Apparently</W></cue></C><W>,</W><xcope ID="68"><ref COMMENTS="" ID="69" SRC="20"></ref><W>Fab</W><W>is</W><W>attempting</W><W>to</W><W>be</W><W>real</W><W>with</W><W>a</W><W>girl</W><W>,</W><W>but</W><W>all</W><W>he</W><W>does</W><W>is</W><W>talk</W><W>about</W><W>how</W><W>much</W><W>money</W><W>he</W><W>has</W><C><W>and</W></C><W>how</W><W>hes</W><W>greater</W><W>than</W><W>anyone</W><W>else</W></xcope><W>.</W></SENTENCE><SENTENCE><W>What</W><W>is</W><W>this</W><W>crap</W><W>?</W></SENTENCE></P><P></P><P><SENTENCE><W>Essentially</W><W>,</W><W>it</W><C><cue ID="21" type="speculation"><W>would</W></cue></C><xcope ID="70"><ref COMMENTS="" ID="76" SRC="21"></ref><W>be</W><W>a</W><W>waste</W><W>of</W><W>time</W><W>for</W><W>me</W><W>to</W><W>continue</W><W>my</W><W>review</W></xcope><W>,</W><W>considering</W><W>the</W><W>fact</W><W>that</W><W>the</W><W>rest</W><W>of</W><W>the</W><W>songs</W><W>follow</W><W>the</W><W>same</W><W>routine</W><W>of</W><W>recycled</W><W>subject</W><W>matter</W><W>,</W><W>beats</W><W>,</W><C><W>and</W></C><W>complete</W><C><W>lack</W></C><W>of</W><W>talent/creativity</W><W>.</W></SENTENCE><SENTENCE><W>It</W><C><cue ID="22" type="speculation"><W>seems</W></cue></C><xcope ID="71"><ref COMMENTS="" ID="77" SRC="22"></ref><W>to</W><W>me</W><W>that</W><W>this</W><W>entire</W><W>album</W><W>is</W><W>just</W><W>a</W><W>lame</W><W>attempt</W><W>at</W><W>making</W><W>money</W></xcope><W>.</W></SENTENCE><SENTENCE><W>Every</W><W>track</W><W>is</W><W>below</W><W>average</W><W>.</W></SENTENCE><SENTENCE><C><cue ID="23" type="speculation"><W>If</W></cue></C><xcope ID="75"><ref COMMENTS="" ID="81" SRC="23"></ref><W>Fabolous</W><cue ID="24" type="negation"><W>does</W><W>nt</W></cue><xcope ID="74"><ref COMMENTS="" ID="80" SRC="24"></ref><W>step</W><W>up</W><W>his</W><W>game</W><C><W>and</W></C><cue ID="25" type="negation"><W>does</W><W>nt</W></cue><xcope ID="73"><ref COMMENTS="" ID="79" SRC="25"></ref><W>drops</W><W>the</W><W>clichés</W></xcope></xcope></xcope><W>,</W><W>hes</W><C><cue ID="26" type="negation"><W>never</W></cue></C><xcope ID="72"><ref COMMENTS="" ID="78" SRC="26"></ref><W>going</W><W>to</W><W>be</W><W>played</W><W>in</W><W>my</W><W>play</W><W>list</W><W>,</W><W>that</W><W>s</W><W>for</W><W>sure</W></xcope><W>.</W></SENTENCE></P></DOCUMENT>
