<?xml version="1.0" encoding="UTF-8"?>
<DOCUMENT><P></P><P><SENTENCE><W>RJD2</W></SENTENCE></P><P></P><P><SENTENCE><W>Deadringer</W><W>(</W><W>Definitive</W><W>Jux</W><W>,</W><W>2002</W><W>)</W></SENTENCE></P><P></P><P><SENTENCE><W>16</W><W>Tracks</W><W>59:19</W><W>Time</W></SENTENCE></P><P></P><P><SENTENCE><W>1</W><W>.</W></SENTENCE><SENTENCE><W>The</W><W>Horror</W><W>-</W><W>2.</W><W>Salud</W><W>-</W><W>**3</W><W>.</W></SENTENCE><SENTENCE><W>Smoke</W><W>and</W><W>Mirrors</W><W>**</W><W>-</W><W>**4</W><W>.</W></SENTENCE><SENTENCE><W>Good</W><W>Times</W><W>Roll</W><W>Pt</W><W>.</W><W>2**</W><W>-</W><W>**5</W><W>.</W></SENTENCE><SENTENCE><W>Final</W><W>Frontier**</W><W>-</W><W>**6</W><W>.</W></SENTENCE><SENTENCE><W>Ghostwriter**</W><W>-</W><W>7.</W><W>Cut</W><W>Out</W><W>To</W><W>FL</W><W>-</W><W>8.</W><W>F.H.H.</W><W>-</W><W>9</W><W>.</W><W>Shot</W><W>In</W><W>The</W><W>Dark</W><W>-</W><W>**10</W><W>.</W></SENTENCE><SENTENCE><W>Chicken-N-Bone</W><W>Circuit**</W><W>-</W><W>11</W><W>.</W></SENTENCE><SENTENCE><W>The</W><W>Proxy</W><W>-</W><W>**12</W><W>.</W><W>2</W><W>More</W><W>Dead**</W><W>-</W><W>13</W><W>.</W></SENTENCE><SENTENCE><W>Take</W><W>The</W><W>Picture</W><W>Off</W><W>-</W><W>14</W><W>.</W><W>Silver</W><W>Fox</W><W>-</W><W>**15</W><W>.</W></SENTENCE><SENTENCE><W>June**</W><W>-</W><W>16</W><W>.</W><W>Work</W></SENTENCE></P><P></P><P><SENTENCE><W>The</W><W>Hip-Hop</W><W>world</W><W>is</W><W>an</W><W>ever-evolving</W><W>place</W><W>for</W><W>Columbus</W><W>producer</W><W>RJD2</W><W>.</W></SENTENCE><SENTENCE><W>Two</W><W>years</W><W>ago</W><W>,</W><W>this</W><W>guy</W><W>was</W><W>doing</W><W>DJ</W><W>work</W><W>in</W><W>the</W><W>Columbus</W><W>area</W><W>as</W><W>the</W><W>lesser-known</W><W>producer</W><W>for</W><W>the</W><W>MHz</W><W>.</W></SENTENCE><SENTENCE><W>Today</W><W>,</W><W>he</W><W>&#39;s</W><W>moved</W><W>to</W><W>Philly</W><W>,</W><W>PA</W><W>,</W><W>is</W><W>busy</W><W>promoting</W><W>the</W><W>hugely</W><W>acclaimed</W><W>8,000,000</W><W>Stories</W><W>with</W><W>emcee</W><W>Blueprint</W><W>(</W><W>collectively</W><W>known</W><W>as</W><W>Soul</W><W>Position</W><W>)</W><W>,</W><W>has</W><W>recorded</W><W>what</W><W>is</W><C><cue ID="0" type="speculation"><W>possibly</W></cue></C><xcope ID="3"><ref COMMENTS="" ID="4" SRC="0"></ref><W>the</W><W>single</W><W>of</W><W>the</W><W>year</W><W>in</W><W>MF</W><W>Doom</W><W>&#39;s</W><W>Saliva</W></xcope><W>,</W><C><W>and</W></C><C><cue ID="1" type="speculation"><W>may</W></cue></C><xcope ID="2"><ref COMMENTS="" ID="5" SRC="1"></ref><W>even</W><W>be</W><W>recording</W><W>with</W><W>The</W><W>Roots</W><W>for</W><W>their</W><W>upcoming</W><W>The</W><W>Tipping</W><W>Point</W></xcope><W>.</W></SENTENCE><SENTENCE><W>Let</W><W>&#39;s</W><W>put</W><W>it</W><W>simply</W><C><W>and</W></C><W>say</W><W>the</W><W>man</W><W>has</W><W>made</W><W>a</W><W>name</W><C><W>and</W></C><W>a</W><W>reputation</W><W>for</W><W>himself</W><W>.</W></SENTENCE><SENTENCE><W>A</W><W>lot</W><W>of</W><W>this</W><W>stems</W><W>from</W><W>his</W><W>glorious</W><W>solo</W><W>debut</W><W>,</W><W>Deadringer</W><W>.</W></SENTENCE></P><P></P><P><SENTENCE><W>While</W><W>this</W><W>is</W><W>an</W><W>Instrumental</W><W>Hip-Hop</W><W>album</W><W>,</W><W>trust</W><W>me</W><W>,</W><W>you</W><W>wo</W><W>n&#39;t</W><W>miss</W><W>the</W><W>lyrics</W><W>.</W></SENTENCE><SENTENCE><W>While</W><W>the</W><W>album</W><W>starts</W><W>with</W><W>the</W><W>quirky</W><W>,</W><W>dense</W><W>,</W><W>mood-setting</W><W>The</W><W>Horror</W><W>it</W><W>quickly</W><W>brightens</W><W>up</W><W>into</W><W>a</W><W>journey</W><W>through</W><W>the</W><W>wonderful</W><W>world</W><W>of</W><W>soul</W><W>.</W></SENTENCE><SENTENCE><W>Smoke</W><W>and</W><W>Mirrors</W><W>shows</W><W>RJ</W><W>filling</W><W>a</W><W>dark</W><W>but</W><W>wondrous</W><W>track</W><W>with</W><W>hard</W><W>trumpet</W><W>loops</W><C><W>and</W></C><W>reflective</W><W>soul</W><W>singing</W><W>samples</W><W>.</W></SENTENCE><SENTENCE><W>Ghostwriter</W><W>skips</W><W>the</W><W>vocals</W><W>completely</W><C><W>and</W></C><C><W>instead</W></C><W>goes</W><W>with</W><W>a</W><W>boarderline</W><W>country</W><W>guitar</W><W>sample</W><W>which</W><W>bursts</W><W>joyously</W><W>into</W><W>triumphant</W><W>horns</W><W>that</W><W>will</W><W>leave</W><W>you</W><W>breathless</W><W>.</W></SENTENCE></P><P></P><P><SENTENCE><W>Being</W><W>a</W><W>popular</W><W>DJ</W><W>around</W><W>Ohio</W><W>&#39;s</W><W>biggest</W><W>campus</W><W>(</W><W>Ohio</W><W>State</W><W>)</W><W>,</W><W>RJD2</W><W>knows</W><W>how</W><W>to</W><W>have</W><W>a</W><W>good</W><W>time</W><W>which</W><W>is</W><W>exemplified</W><W>by</W><W>Good</W><W>Times</W><W>Roll</W><W>Pt</W><W>.</W><W>2.</W><C><cue ID="6" type="speculation"><W>If</W></cue></C><xcope ID="9"><ref COMMENTS="" ID="11" SRC="6"></ref><W>I</W><W>had</W><W>a</W><W>time</W><W>machine</W><W>,</W><W>I</W><W>&#39;m</W><W>pretty</W><W>sure</W><W>RJD2</W><C><cue ID="7" type="speculation"><W>could</W></cue></C><xcope ID="8"><ref COMMENTS="" ID="10" SRC="7"></ref><W>have</W><W>sold</W><W>this</W><W>track</W><W>to</W><W>some</W><W>Motown</W><W>artist</W><W>in</W><W>the</W><W>old-soul</W><W>era</W></xcope></xcope><W>.</W></SENTENCE><SENTENCE><W>It</W><W>&#39;s</W><W>got</W><W>all</W><W>the</W><W>dance</W><W>,</W><W>rhythm</W><W>,</W><C><W>and</W></C><W>atmosphere</W><W>of</W><W>a</W><W>back-in-the-day</W><W>party</W><W>anthem</W><W>.</W></SENTENCE></P><P></P><P><SENTENCE><W>To</W><W>give</W><W>us</W><W>a</W><W>Soul</W><W>Position</W><W>preview</W><W>,</W><W>Blueprint</W><W>crashes</W><W>the</W><W>party</W><W>on</W><W>Final</W><W>Frontier</W><W>.</W></SENTENCE><SENTENCE><W>With</W><W>a</W><W>wicked</W><W>piano</W><W>riff</W><C><W>and</W></C><W>a</W><W>little</W><W>added</W><W>bounce</W><W>,</W><W>RJ</W><W>sets</W><W>&#39;Print</W><W>up</W><W>for</W><W>an</W><W>easy</W><W>score</W><W>.</W></SENTENCE><SENTENCE><W>&#39;Print</W><W>proves</W><W>he</W><W>&#39;s</W><W>up</W><W>to</W><W>it</W><W>too</W><W>,</W><W>spitting</W><W>,</W><W>You</W><W>&#39;re</W><C><cue ID="12" type="negation"><W>not</W></cue></C><xcope ID="15"><ref COMMENTS="" ID="16" SRC="12"></ref><W>ill</W></xcope><C><W>and</W></C><C><cue ID="13" type="speculation"><W>if</W></cue></C><xcope ID="14"><ref COMMENTS="" ID="17" SRC="13"></ref><W>you</W><W>are</W><W>/</W><W>My</W><W>notepads</W><W>full</W><W>of</W><W>medicine</W><W>/</W><W>Plus</W><W>my</W><W>freestyle</W><W>is</W><W>Excederin/</W><W>Take</W><W>two</W><W>rhymes</W><C><W>and</W></C><W>call</W><W>me</W><W>back</W><W>with</W><W>a</W><W>new</W><W>style</W><W>/</W><W>Be</W><W>sure</W><W>you</W><W>&#39;re</W><W>prepared</W><W>for</W><W>the</W><W>final</W><W>frontier</W><W>(</W><W>We</W><W>&#39;re</W><W>here</W><W>!</W><W>)</W></xcope><W>.</W></SENTENCE><SENTENCE><C><W>And</W></C><W>indeed</W><W>,</W><W>Soul</W><W>Position</W><W>has</W><W>officially</W><W>arrived</W><W>on</W><W>the</W><W>scene</W><W>.</W></SENTENCE></P><P></P><P><SENTENCE><W>While</W><W>Deadringer</W><W>is</W><W>entrenched</W><W>in</W><W>soul</W><W>with</W><W>a</W><W>little</W><W>fun</W><W>,</W><W>RJD2</W><W>manages</W><W>to</W><W>get</W><W>hard-nosed</W><C><W>and</W></C><W>a</W><W>bit</W><W>reflective</W><W>.</W></SENTENCE><SENTENCE><W>Chicken-N-Bone</W><W>Circuit</W><W>shows</W><W>his</W><W>great</W><W>love</W><W>of</W><W>hard</W><W>drum</W><W>loops</W><W>as</W><W>he</W><W>forms</W><W>one</W><W>of</W><W>the</W><W>most</W><W>chaotic</W><W>,</W><W>head-nod-inducing</W><W>drum</W><W>beats</W><W>you</W><W>will</W><W>ever</W><W>hear</W><W>on</W><W>wax</W><W>.</W></SENTENCE><SENTENCE><W>On</W><W>June</W><W>he</W><W>opts</W><W>for</W><W>atmosphere</W><C><W>instead</W></C><W>of</W><W>the</W><W>usual</W><W>steady</W><W>soul-loops</W><W>while</W><W>bringing</W><W>along</W><W>MHz</W><W>emcee</W><W>,</W><W>Copywrite</W><W>.</W></SENTENCE><SENTENCE><W>Between</W><W>Copy</W><W>&#39;s</W><W>tight</W><W>intro/retrospective</W><W>verses</W><W>RJ</W><W>digs</W><W>out</W><W>a</W><W>beautiful</W><W>guitar</W><W>to</W><W>drive</W><W>home</W><W>the</W><W>passion</W><W>of</W><W>his</W><W>fellow</W><W>artist</W><W>.</W></SENTENCE><SENTENCE><W>It</W><W>&#39;s</W><W>one</W><W>gripping</W><W>track</W><W>.</W></SENTENCE></P><P></P><P><SENTENCE><W>Nowadays</W><W>,</W><W>RJD2</W><W>wakes</W><W>up</W><W>as</W><W>an</W><W>in-demand</W><W>,</W><W>financially</W><W>stable</W><W>,</W><W>top</W><W>3</W><W>producer</W><W>in</W><W>Hip-Hop</W><C><W>and</W></C><W>Deadringer</W><W>is</W><W>much</W><W>to</W><W>thank</W><W>for</W><W>that</W><W>.</W></SENTENCE><SENTENCE><W>As</W><W>he</W><W>continues</W><W>to</W><W>ride</W><W>the</W><W>verge</W><W>of</W><W>complete</W><W>success</W><W>,</W><W>those</W><W>who</W><W>know</W><W>will</W><W>always</W><W>point</W><W>to</W><W>this</W><W>album</W><W>as</W><W>his</W><W>major</W><W>coming</W><W>out</W><W>party</W><W>.</W></SENTENCE><SENTENCE><W>Pick</W><W>up</W><W>Deadringer</W><W>,</W><W>you</W><cue ID="18" type="negation"><W>wo</W><W>n&#39;t</W></cue><xcope ID="19"><ref COMMENTS="" ID="20" SRC="18"></ref><W>be</W><W>disappointed</W></xcope><W>.</W></SENTENCE></P></DOCUMENT>
