<?xml version="1.0" encoding="UTF-8"?>
<DOCUMENT><P></P><P><SENTENCE><W>Nia</W><W>,</W><W>meaning</W><W>purpose</W><W>,</W><W>is</W><W>one</W><W>of</W><W>the</W><W>seven</W><W>principles</W><W>of</W><W>Kwanzaa</W><W>.</W></SENTENCE><SENTENCE><W>It</W><W>is</W><W>defined</W><W>as</W><W>making</W><W>our</W><W>collective</W><W>vocation</W><W>the</W><W>building</W><W>of</W><W>our</W><W>community</W><W>to</W><W>restore</W><W>our</W><W>people</W><W>to</W><W>their</W><W>traditional</W><W>greatness</W><W>.</W></SENTENCE></P><P></P><P><SENTENCE><W>This</W><W>is</W><W>the</W><W>principle</W><W>upon</W><W>which</W><W>Blackalicous</W><W>members</W><W>Chief</W><W>Xcel</W><C><W>and</W></C><W>Gift</W><W>of</W><W>Gab</W><W>built</W><W>Nia</W><W>,</W><W>a</W><W>masterpiece</W><W>highlighting</W><W>the</W><W>fusion</W><W>of</W><W>soul</W><W>,</W><W>jazz</W><W>,</W><W>poetry</W><W>,</W><C><W>and</W></C><W>hip-hop</W><W>,</W><W>while</W><W>still</W><W>maintaining</W><W>a</W><W>dedication</W><W>to</W><W>positivity</W><W>which</W><W>is</W><C><W>lacking</W></C><W>in</W><W>so</W><W>much</W><W>of</W><W>todays</W><W>music</W><W>.</W></SENTENCE></P><P></P><P><SENTENCE><W>Track</W><W>Listing</W><W>:</W></SENTENCE></P><P></P><P><SENTENCE><W>1</W><W>)</W><W>Searching</W></SENTENCE></P><P></P><P><SENTENCE><W>2</W><W>)</W><W>The</W><W>Fabulous</W><W>One</W></SENTENCE></P><P></P><P><SENTENCE><W>3</W><W>)</W><W>Do</W><W>This</W><W>My</W><W>Way</W></SENTENCE></P><P></P><P><SENTENCE><W>4</W><W>)</W><W>Deception</W></SENTENCE></P><P></P><P><SENTENCE><W>5</W><W>)</W><W>A</W><W>to</W><W>G</W></SENTENCE></P><P></P><P><SENTENCE><W>6</W><W>)</W><W>Cliff</W><W>Hanger</W></SENTENCE></P><P></P><P><SENTENCE><W>7</W><W>)</W><W>Shallow</W><W>Days</W></SENTENCE></P><P></P><P><SENTENCE><W>8</W><W>)</W><W>Ego</W><W>Trip</W><W>by</W><W>Nikki</W><W>Giovanni</W></SENTENCE></P><P></P><P><SENTENCE><W>9</W><W>)</W><W>You</W><W>Did</W><W>nt</W><W>Know</W><W>That</W><W>Though</W></SENTENCE></P><P></P><P><SENTENCE><W>10</W><W>)</W><C><W>If</W></C><W>I</W><C><W>May</W></C></SENTENCE></P><P></P><P><SENTENCE><W>11</W><W>)</W><W>Dream</W><W>Seasons</W></SENTENCE></P><P></P><P><SENTENCE><W>12</W><W>)</W><W>Trouble</W><W>(</W><W>Eve</W><W>of</W><W>Destruction</W><W>)</W></SENTENCE></P><P></P><P><SENTENCE><W>13</W><W>)</W><W>Smithzonian</W><W>Institute</W><W>of</W><W>Rhyme</W></SENTENCE></P><P></P><P><SENTENCE><W>14</W><W>)</W><W>As</W><W>the</W><W>World</W><W>Turns</W></SENTENCE></P><P></P><P><SENTENCE><W>15</W><W>)</W><W>Reanimation</W></SENTENCE></P><P></P><P><SENTENCE><W>16</W><W>)</W><W>Beyonder</W></SENTENCE></P><P></P><P><SENTENCE><W>17</W><W>)</W><W>Making</W><W>Progress</W></SENTENCE></P><P></P><P><SENTENCE><W>18</W><W>)</W><W>Sleep</W></SENTENCE></P><P></P><P><SENTENCE><W>19</W><W>)</W><W>Finding</W></SENTENCE></P><P></P><P><SENTENCE><W>The</W><W>third</W><W>track</W><W>&#34;</W><W>Do</W><W>This</W><W>My</W><W>Way</W><W>&#34;</W><W>features</W><W>Lyrics</W><W>Born</W><W>of</W><W>Latyrx</W><W>,</W><W>another</W><W>group</W><W>on</W><W>their</W><W>label</W><W>,</W><W>Quannum</W><W>Projects</W><W>.</W></SENTENCE><SENTENCE><W>Over</W><W>a</W><W>basic</W><W>drum</W><W>and</W><W>bass</W><W>track</W><W>,</W><W>the</W><W>artists</W><W>freestyle</W><C><W>and</W></C><W>free-associate</W><W>using</W><W>different</W><W>pitches</W><W>,</W><W>rhythms</W><W>,</W><C><W>and</W></C><W>syncopation</W><W>.</W></SENTENCE><SENTENCE><W>Its</W><W>tight</W><W>to</W><W>listen</W><W>to</W><W>how</W><W>many</W><W>different</W><W>ways</W><W>the</W><W>artists</W><C><cue ID="0" type="speculation"><W>can</W></cue></C><xcope ID="1"><ref COMMENTS="" ID="2" SRC="0"></ref><W>interact</W><W>with</W><W>the</W><W>track</W></xcope><W>.</W></SENTENCE><SENTENCE><W>Lyrics</W><W>Born</W><W>raps</W><W>:</W></SENTENCE></P><P></P><P><SENTENCE><W>&#34;</W><W>Id</W><W>be</W><W>the</W><W>first</W><W>ever</W><W>Asian</W><W>astronaut/</W></SENTENCE></P><P></P><P><SENTENCE><W>Blastin</W><W>off</W><W>/</W></SENTENCE></P><P></P><P><SENTENCE><W>Castin</W><W>off</W><W>/</W></SENTENCE></P><P></P><P><SENTENCE><W>The</W><W>ties</W><W>that</W><W>bind</W><W>like</W><W>a</W><W>smashed</W><W>guitar/</W></SENTENCE></P><P></P><P><SENTENCE><W>Rode</W><W>a</W><W>Mastodon/</W></SENTENCE></P><P></P><P><SENTENCE><W>Out</W><W>Jurassic</W><W>Park</W><W>/</W><W>&#34;</W></SENTENCE></P><P></P><P><SENTENCE><W>The</W><W>fourth</W><W>track</W><W>&#34;</W><W>Deception</W><W>&#34;</W><W>tells</W><W>the</W><W>fictional</W><W>tale</W><W>of</W><W>an</W><W>aspiring</W><W>hip-hop</W><W>artist</W><W>whose</W><W>immediate</W><W>success</W><W>causes</W><W>him</W><W>to</W><W>lose</W><W>perspective</W><W>,</W><C><W>and</W></C><W>as</W><W>a</W><W>result</W><W>,</W><W>leads</W><W>to</W><W>his</W><W>downfall</W><W>.</W></SENTENCE><SENTENCE><W>To</W><W>reinforce</W><W>the</W><W>theme</W><W>,</W><W>the</W><W>group</W><W>recites</W><W>&#34;</W><W>Dont</W><W>let</W><W>money</W><W>change</W><W>you</W><W>&#34;</W><W>as</W><W>the</W><W>hook</W><W>.</W></SENTENCE><SENTENCE><W>Xcel</W><C><W>and</W></C><W>Gift</W><W>of</W><W>Gab</W><W>use</W><W>a</W><W>deep</W><W>bass</W><W>as</W><W>the</W><W>foundation</W><W>of</W><W>the</W><W>song</W><W>with</W><W>piano</W><W>accompanying</W><W>the</W><W>bass</W><W>.</W></SENTENCE><SENTENCE><W>Verse</W><W>two</W><W>goes</W><W>:</W></SENTENCE></P><P></P><P><SENTENCE><W>&#34;</W><W>His</W><W>first</W><W>single</W><W>was</W><W>an</W><W>overnight</W><W>success</W><W>hit</W><W>/</W></SENTENCE></P><P></P><P><SENTENCE><W>Now</W><W>he</W><W>went</W><W>from</W><W>wearing</W><W>rags</W><W>to</W><W>the</W><W>best</W><W>fits</W><W>/</W></SENTENCE></P><P></P><P><SENTENCE><W>All</W><W>his</W><W>new</W><W>acquaintances</W><W>/</W></SENTENCE></P><P></P><P><SENTENCE><W>Gassed</W><W>his</W><W>head/</W></SENTENCE></P><P></P><P><SENTENCE><W>Takin</W><W>it</W><W>/</W></SENTENCE></P><P></P><P><SENTENCE><W>To</W><W>the</W><W>point</W><W>where</W><W>he</W><W>lost</W><W>all</W><W>his</W><W>perspective/</W></SENTENCE></P><P></P><P><SENTENCE><W>Started</W><W>cuttin</W><W>on</W><W>the</W><W>people</W><W>he</W><W>came</W><W>up</W><W>with</W><W>/</W></SENTENCE></P><P></P><P><SENTENCE><W>Ego</W><W>blown</W><W>like</W><W>his</W><W>soul</W><W>had</W><W>been</W><W>abducted</W><W>/</W></SENTENCE></P><P></P><P><SENTENCE><W>Though</W><W>his</W><W>heart</W><W>was</W><W>once</W><W>real/</W></SENTENCE></P><P></P><P><SENTENCE><W>Now</W><W>material</W><W>/</W></SENTENCE></P><P></P><P><SENTENCE><W>Has</W><W>filled</W><W>/</W></SENTENCE></P><P></P><P><SENTENCE><W>Up</W><W>his</W><W>world</W><C><W>and</W></C><W>he</W><C><W>could</W></C><W>nt</W><W>get</W><W>enough</W><W>of</W><W>it</W><W>/</W></SENTENCE></P><P></P><P><SENTENCE><W>Used</W><W>to</W><W>want</W><W>to</W><W>be</W><W>the</W><W>best</W><W>of</W><W>the</W><W>rap</W><W>gods</W><W>/</W></SENTENCE></P><P></P><P><SENTENCE><W>Now</W><W>his</W><W>only</W><W>one</W><W>concern</W><W>is</W><W>going</W><W>platinum/</W></SENTENCE></P><P></P><P><SENTENCE><C><W>And</W></C><W>his</W><W>skill</W><W>has</W><W>since</W><W>decreased</W><W>/</W></SENTENCE></P><P></P><P><SENTENCE><C><W>And</W></C><W>the</W><W>inner</W><W>hunger</W><W>ceased</W><W>/</W></SENTENCE></P><P></P><P><SENTENCE><W>Now</W><W>content</W><W>just</W><W>as</W><W>long</W><W>as</W><W>fame</W><C><W>and</W></C><W>cash</W><W>come/</W></SENTENCE></P><P></P><P><SENTENCE><W>Hes</W><W>a</W><W>big</W><W>Willie</W><W>now</W><W>rappin</W><W>bout</W><W>cars</W><W>/</W></SENTENCE></P><P></P><P><SENTENCE><W>Thousand</W><W>dollar</W><W>shopping</W><W>sprees</W><W>,</W><W>hangin</W><W>out</W><W>with</W><W>stars</W><W>/</W></SENTENCE></P><P></P><P><SENTENCE><W>I</W><W>mean</W><W>,</W><W>just</W><W>a</W><W>year</W><W>ago</W><W>he</W><W>was</W><W>broke</W><W>,</W><W>bumming</W><W>money</W><W>,</W></SENTENCE></P><P></P><P><SENTENCE><W>Drinking</W><W>out</W><W>the</W><W>40-bottle</W><W>,</W><W>living</W><W>outdoors</W><W>/</W><W>&#34;</W></SENTENCE></P><P></P><P><SENTENCE><W>&#34;</W><W>A</W><W>to</W><W>G</W><W>&#34;</W><W>was</W><W>obviously</W><W>designed</W><W>to</W><W>display</W><W>Gift</W><W>of</W><W>Gabs</W><W>lyrical</W><W>precision</W><W>.</W></SENTENCE><SENTENCE><W>In</W><W>this</W><W>song</W><W>,</W><W>a</W><W>sample</W><W>is</W><W>played</W><W>which</W><W>announces</W><W>a</W><W>letter</W><W>of</W><W>the</W><W>alphabet</W><W>,</W><W>from</W><W>the</W><W>letter</W><W>A</W><W>to</W><W>G.</W><W>Then</W><W>the</W><W>rapper</W><W>freestyles</W><W>several</W><W>bars</W><W>using</W><W>that</W><W>letter</W><W>,</W><C><W>and</W></C><W>manages</W><W>to</W><W>make</W><W>a</W><W>point</W><C><W>and</W></C><W>rhyme</W><W>,</W><W>despite</W><W>the</W><W>limits</W><W>of</W><W>alliteration</W><W>.</W></SENTENCE><SENTENCE><W>Its</W><W>great</W><W>to</W><W>listen</W><W>to</W><W>a</W><W>true</W><W>MC</W><W>go</W><W>to</W><W>work</W><W>.</W></SENTENCE></P><P></P><P><SENTENCE><W>&#34;</W><W>Cliff</W><W>Hanger</W><W>&#34;</W><W>is</W><W>a</W><W>throwback</W><W>to</W><W>the</W><W>days</W><W>of</W><W>classic</W><W>hip-hop</W><W>,</W><W>when</W><W>MCs</W><cue ID="3" type="negation"><W>did</W><W>nt</W></cue><xcope ID="4"><ref COMMENTS="" ID="5" SRC="3"></ref><W>have</W><W>to</W><W>take</W><W>themselves</W><W>so</W><W>seriously</W></xcope><W>.</W></SENTENCE><SENTENCE><W>The</W><W>song</W><W>reminds</W><W>me</W><W>of</W><W>Special</W><W>Eds</W><W>&#34;</W><W>Im</W><W>on</W><W>a</W><W>Mission</W><W>&#34;</W><C><W>and</W></C><W>other</W><W>songs</W><W>along</W><W>that</W><W>vein</W><W>,</W><W>where</W><W>the</W><W>rapper</W><W>takes</W><W>on</W><W>the</W><W>role</W><W>of</W><W>a</W><W>protagonist</W><W>in</W><W>some</W><W>fantasy/espionage/sci-fi</W><W>tale</W><W>.</W></SENTENCE><SENTENCE><W>In</W><W>this</W><W>one</W><W>,</W><W>Gift</W><W>of</W><W>Gab</W><W>becomes</W><W>&#34;</W><W>The</W><W>Chosen</W><W>One</W><W>&#34;</W><W>,</W><W>a</W><W>warrior</W><W>who</W><W>was</W><W>chosen</W><W>to</W><W>wield</W><W>a</W><W>mystical</W><W>sword</W><C><W>and</W></C><W>vanquish</W><W>evil</W><W>from</W><W>some</W><W>foreign</W><W>land</W><W>.</W></SENTENCE><SENTENCE><W>The</W><W>beat</W><W>is</W><W>very</W><W>catchy</W><C><W>and</W></C><W>the</W><W>lyrics</W><W>are</W><W>so</W><W>descriptive</W><W>that</W><W>the</W><W>listener</W><C><W>can</W></C><W>almost</W><W>see</W><W>the</W><W>tale</W><W>unfold</W><W>.</W></SENTENCE></P><P></P><P><SENTENCE><W>In</W><W>my</W><W>opinion</W><W>,</W><W>poetry</W><W>has</W><W>a</W><W>natural</W><W>place</W><W>on</W><W>a</W><W>hip-hop</W><W>album</W><W>.</W></SENTENCE><SENTENCE><W>Raps</W><W>lyrical</W><W>delivery</W><W>follows</W><W>poetic</W><W>form</W><W>,</W><W>so</W><W>the</W><W>two</W><W>often</W><W>work</W><W>very</W><W>well</W><W>together</W><W>.</W></SENTENCE><SENTENCE><W>Lyricist</W><W>Lounge</W><W>Vol</W><W>.</W><W>1</W><W>,</W><W>Black</W><W>Star</W><W>,</W><C><W>and</W></C><W>Killah</W><W>Priest</W><W>all</W><W>had</W><W>great</W><W>works</W><W>of</W><W>poetry</W><W>on</W><W>their</W><W>albums</W><W>,</W><C><W>and</W></C><W>Nia</W><W>does</W><W>as</W><W>well</W><W>.</W></SENTENCE><SENTENCE><W>On</W><W>Ego</W><W>Trip</W><W>by</W><W>Nikki</W><W>Giovanni</W><W>,</W><W>Blackalicious</W><W>takes</W><W>a</W><W>recitation</W><W>of</W><W>Nikki</W><W>Giovannis</W><W>poem</W><C><W>and</W></C><W>sets</W><W>it</W><W>over</W><W>a</W><W>laid</W><W>back</W><W>drum</W><W>and</W><W>bass</W><W>hook</W><W>.</W></SENTENCE><SENTENCE><W>The</W><W>words</W><W>flow</W><W>effortlessly</W><W>over</W><W>the</W><W>beat</W><W>for</W><W>a</W><W>very</W><W>pleasing</W><W>effect</W><W>.</W></SENTENCE></P><P></P><P><SENTENCE><W>I</W><cue ID="6" type="speculation"><C><W>feel</W></C><W>like</W></cue><xcope ID="9"><ref COMMENTS="" ID="11" SRC="6"></ref><W>I</W><C><cue ID="7" type="speculation"><W>could</W></cue></C><xcope ID="8"><ref COMMENTS="" ID="10" SRC="7"></ref><W>go</W><W>on</W><W>forever</W><W>with</W><W>this</W><W>review</W><W>,</W><W>so</W><C><W>instead</W></C><W>Ill</W><W>trim</W><W>it</W><W>back</W><W>a</W><W>little</W></xcope></xcope><W>.</W></SENTENCE><SENTENCE><W>&#34;</W><W>Shallow</W><W>Days</W><W>&#34;</W><W>soulfully</W><W>relays</W><W>the</W><W>message</W><W>of</W><W>the</W><W>need</W><W>for</W><W>positivity</W><W>in</W><W>hip-hop</W><W>music</W><C><W>and</W></C><W>culture</W><W>.</W></SENTENCE><SENTENCE><W>Poignant</W><W>observations</W><W>of</W><W>life</W><W>are</W><W>shown</W><W>in</W><W>&#34;</W><W>As</W><W>the</W><W>World</W><W>Turns</W><W>&#34;</W><W>.</W></SENTENCE><SENTENCE><W>Classic</W><W>battle</W><W>raps</W><W>permeate</W><W>&#34;</W><W>Trouble</W><W>(</W><W>Eve</W><W>of</W><W>Destruction</W><W>)</W><W>&#34;</W><W>All</W><W>these</W><C><W>and</W></C><W>many</W><W>other</W><W>songs</W><W>contribute</W><W>to</W><W>one</W><W>of</W><W>the</W><W>most</W><W>original</W><W>rap</W><W>albums</W><W>I</W><W>have</W><W>ever</W><W>heard</W><W>.</W></SENTENCE></P><P></P><P><SENTENCE><W>I</W><W>honestly</W><C><cue ID="12" type="negation"><W>cannot</W></cue></C><xcope ID="14"><ref COMMENTS="" ID="17" SRC="12"></ref><W>find</W><W>anything</W><C><W>negative</W></C><W>to</W><W>say</W><W>about</W><W>Blackalicious</W><W></W><W>Nia</W></xcope><W>,</W><C><W>except</W></C><W>that</W><W>there</W><C><cue ID="13" type="speculation"><W>should</W></cue></C><xcope ID="15"><ref COMMENTS="" ID="16" SRC="13"></ref><W>be</W><W>a</W><W>lot</W><W>more</W><W>albums</W><W>out</W><W>there</W><W>like</W><W>it</W></xcope><W>.</W></SENTENCE><SENTENCE><W>Give</W><W>this</W><W>one</W><W>a</W><W>listen</W><W>,</W><W>you</W><W>will</W><C><W>not</W></C><W>be</W><W>disappointed</W><W>.</W></SENTENCE></P></DOCUMENT>
