<?xml version="1.0" encoding="UTF-8"?>
<DOCUMENT><P></P><P><SENTENCE><W>Alcatraz</W><W>is</W><W>well</W><W>known</W><W>throughout</W><W>the</W><W>world</W><W>as</W><W>the</W><W>notorious</W><W>San</W><W>Francisco</W><W>Bay</W><W>prison</W><W>built</W><W>in</W><W>the</W><W>1930s</W><W>.</W></SENTENCE><SENTENCE><W>In</W><W>addition</W><W>to</W><W>housing</W><W>such</W><W>infamous</W><W>figures</W><W>like</W><W>Al</W><W>Capone</W><C><W>and</W></C><W>George</W><W>Machine</W><W>Gun</W><W>Kelly</W><W>,</W><W>the</W><W>house</W><W>of</W><W>detention</W><W>is</W><W>best</W><W>known</W><W>for</W><W>being</W><W>completely</W><W>inescapable</W><W>.</W></SENTENCE><SENTENCE><W>Given</W><W>the</W><W>state</W><W>of</W><W>artist/label</W><W>business</W><W>relationships</W><W>in</W><W>rap</W><W>music</W><W>,</W><W>its</W><C><cue ID="0" type="negation"><W>no</W></cue></C><xcope ID="7"><ref COMMENTS="" ID="8" SRC="0"></ref><W>wonder</W><W>that</W><W>Bay-area</W><W>rapper</W><W>Rasco</W><W>found</W><W>the</W><W>federal</W><W>lockdown</W><W>facility</W><W>as</W><W>a</W><W>perfect</W><W>metaphor</W><W>for</W><W>rap</W><W>recording</W><W>contracts</W></xcope><W></W><W>big</W><W>names</W><W>restricted</W><W>to</W><W>unfair</W><W>conditions</W><W>with</W><W>little</W><C><W>hope</W></C><W>of</W><W>freedom</W><W>.</W></SENTENCE></P><P></P><P><SENTENCE><W>Fortunately</W><W>,</W><W>Rasco</W><W>joins</W><W>an</W><W>elite</W><W>minority</W><W>of</W><W>rappers</W><W>able</W><W>to</W><W>escape</W><W>the</W><W>Rock</W><W></W><W>with</W><W>his</W><W>career</W><W>still</W><W>intact</W><W>.</W></SENTENCE><SENTENCE><W>After</W><W>tunneling</W><W>his</W><W>way</W><W>out</W><W>of</W><W>an</W><W>unbalanced</W><W>recording</W><W>deal</W><W>with</W><W>Copasetik</W><W>Records</W><W>,</W><W>the</W><W>Cali</W><W>Agent</W><W>found</W><W>his</W><W>way</W><W>into</W><W>a</W><W>more</W><W>equitable</W><W>agreement</W><W>with</W><W>Coup</W><W>DEtat</W><W>that</W><W>allows</W><W>to</W><W>make</W><W>the</W><W>music</W><W>he</W><W>wants</W><W>to</W><W>make</W><W>with</W><W>less</W><W>restrictions</W><W>.</W></SENTENCE><SENTENCE><W>This</W><W>year</W><W>,</W><W>Rasco</W><W>celebrates</W><W>his</W><W>newfound</W><W>freedom</W><W>by</W><W>dropping</W><W>his</W><W>banging</W><W>new</W><W>LP</W><W>,</W><W>Escape</W><W>From</W><W>Alcatraz</W><W>.</W></SENTENCE></P><P></P><P><SENTENCE><W>The</W><W>story</W><W>of</W><W>Rascos</W><W>contractual</W><W>incarceration</W><W>is</W><W>told</W><W>in</W><W>Snakes</W><W>In</W><W>The</W><W>Grass</W><W>(</W><W>The</W><W>Jon</W><W>Sexton</W><W>Story</W><W>)</W><W>.</W></SENTENCE><SENTENCE><W>A</W><W>combination</W><W>of</W><W>street</W><W>narrative</W><C><W>and</W></C><W>slick</W><W>diss</W><W>track</W><W>,</W><W>the</W><W>emcee</W><W>recounts</W><W>the</W><W>bad</W><W>situation</W><W>he</W><W>was</W><W>in</W><W>at</W><W>his</W><W>previous</W><W>record</W><W>company</W><W>while</W><W>sharing</W><W>some</W><W>choice</W><W>words</W><W>for</W><W>his</W><W>former</W><W>employer</W><W>.</W></SENTENCE><SENTENCE><W>Its</W><W>a</W><W>topic</W><W>he</W><W>touches</W><W>on</W><W>often</W><W>on</W><W>the</W><W>LP</W><W>,</W><W>but</W><W>dont</W><W>make</W><W>the</W><W>mistake</W><W>of</W><W>presupposing</W><W>Rasco</W><W>just</W><W>uses</W><W>Escape</W><W>From</W><W>Alcatraz</W><W>to</W><W>lash</W><W>out</W><W>at</W><W>the</W><W>industry</W><W>out</W><W>of</W><W>self-pity</W><W>;</W><W>he</W><W>manages</W><W>to</W><W>cover</W><W>a</W><W>variety</W><W>of</W><W>other</W><W>relevant</W><W>topics</W><W>as</W><W>well</W><W>.</W></SENTENCE><SENTENCE><W>On</W><W>My</W><W>Life</W><W></W><W>Rasco</W><W>contemplates</W><W>complex</W><W>issues</W><W>such</W><W>as</W><W>morality</W><W>,</W><W>race</W><W>,</W><C><W>and</W></C><W>politics</W><W>over</W><W>a</W><W>bouncy</W><W>funk-electronica</W><W>loop</W><W>.</W></SENTENCE><SENTENCE><W></W><W>U</W><W>Got</W><W>The</W><W>Time</W><W>expresses</W><W>the</W><W>artists</W><W>desire</W><W>for</W><W>people</W><W>to</W><W>take</W><W>control</W><W>of</W><W>their</W><W>own</W><W>destinies</W><W>,</W><W>rhyming</W><W>with</W><W>conviction</W><W>over</W><W>undeniable</W><W>soul</W><W>guitars</W><C><W>and</W></C><W>vocals</W><W>.</W></SENTENCE></P><P></P><P><SENTENCE><W>In</W><W>fact</W><W>,</W><W>though</W><W>the</W><W>open</W><W>hostilities</W><W>toward</W><W>his</W><W>former</W><W>label</W><W>are</W><W>liberally</W><W>peppered</W><W>throughout</W><W>Escape</W><W>From</W><W>Alcatraz</W><W>,</W><W>Rascos</W><W>music</W><W>is</W><W>generally</W><W>upbeat</W><W>in</W><W>nature</W><W>.</W></SENTENCE><SENTENCE><W>The</W><W>majority</W><W>tracks</W><W>have</W><W>an</W><W>infectious</W><W>jubilant</W><C><W>feel</W></C><W>,</W><W>like</W><W>Ras</W><W>has</W><W>just</W><W>escaped</W><W>from</W><W>prison</W><W>,</W><W>made</W><W>it</W><W>across</W><W>the</W><W>border</W><W>to</W><W>Mexico</W><W>,</W><C><W>and</W></C><W>is</W><W>throwing</W><W>one</W><W>hell</W><W>of</W><W>a</W><W>party</W><W>to</W><W>celebrate</W><W>.</W></SENTENCE><SENTENCE><W>The</W><W>party</W><W>mood</W><W>is</W><W>captured</W><W>perfectly</W><W>in</W><W>San</W><W>Fran</W><W>To</W><W>The</W><W>Town</W><W></W><W>featuring</W><W>Hieroglyphic</W><W>Casual</W><W>tearing</W><W>up</W><W>the</W><W>rich</W><W>,</W><W>warm</W><W>guitar</W><W>grooves</W><W>with</W><W>his</W><W>cleverly</W><W>slumpy</W><W>vocals</W><W>.</W></SENTENCE><SENTENCE><W>Put</W><W>Your</W><W>Hands</W><W>Up</W><C><W>and</W></C><W>Real</W><W>Hot</W><W>also</W><W>exemplify</W><W>the</W><W>festive</W><W>vibe</W><W>with</W><W>the</W><W>former</W><W>a</W><W>triumphant</W><W>return</W><W>to</W><W>the</W><W>game</W><W>over</W><W>summer</W><W>anthem-style</W><W>accompaniment</W><W>,</W><W>while</W><W>Real</W><W>Hot</W><W>features</W><W>an</W><W>innovative</W><W>modification</W><W>of</W><W>the</W><W>classic</W><W>soul</W><W>sample</W><W>that</W><W>Eric</W><W>B</W><C><W>and</W></C><W>Rakim</W><W>made</W><W>legend</W><W>with</W><W>Microphone</W><W>Fiend</W><W>.</W><W></W></SENTENCE></P><P></P><P><SENTENCE><W>Naturally</W><W>there</W><W>are</W><W>a</W><W>host</W><W>of</W><W>celebrities</W><W>on</W><W>hand</W><W>to</W><W>participate</W><W>in</W><W>the</W><W>revelry</W><W>,</W><W>including</W><W>long-time</W><W>partner</W><C><W>and</W></C><W>fellow</W><W>Cali</W><W>Agent</W><W>Planet</W><W>Asia</W><W>.</W></SENTENCE><SENTENCE><W>The</W><W>west</W><W>coast</W><W>Wonder</W><W>Twins</W><W>activate</W><W>Endless</W><W></W><W>with</W><W>their</W><W>gruff-voiced</W><W>Cali</W><W>big</W><W>talk</W><W>,</W><W>trading</W><W>sixteen</W><W>bars</W><W>of</W><W>venom</W><W>over</W><W>echoing</W><W>strings</W><W>,</W><W>chopped</W><W>samples</W><W>,</W><C><W>and</W></C><W>hefty</W><W>drums</W><W>.</W></SENTENCE><SENTENCE><W>Chali</W><W>2na</W><W>of</W><W>the</W><W>golden</W><W>age-reminiscent</W><W>Jurassic</W><W>5</W><W>lends</W><W>his</W><W>reverberating</W><W>baritone</W><W>to</W><W>The</W><W>Sweet</W><W>Science</W><W>,</W><W></W><W>the</W><W>two</W><W>rap</W><W>heavyweights</W><W>unloading</W><W>a</W><W>flurry</W><W>of</W><W>battle</W><W>raps</W><W>spiked</W><W>with</W><W>boxing</W><W>metaphor</W><W>.</W></SENTENCE><SENTENCE><W>Rascos</W><W>lyrical</W><W>footwork</W><W>here</W><C><cue ID="1" type="speculation"><W>would</W></cue></C><xcope ID="9"><ref COMMENTS="" ID="10" SRC="1"></ref><W>make</W><W>even</W><W>Roy</W><W>Jones</W><W>Jr.</W><W>proud</W></xcope><W>:</W><W></W><W>I</W><W>stick</W><W>jabs</W><W>in</W><W>your</W><W>abs</W><C><W>and</W></C><W>stay</W><W>in</W><W>the</W><W>lab</W><W>rhyming</W><W>/</W><W>going</W><W>for</W><W>feints</W><C><W>and</W></C><W>bad</W><W>timing</W><W>/</W><W>this</W><W>be</W><W>the</W><W>team</W><W>that</W><C><cue ID="10" type="speculation"><W>can</W></cue></C><xcope ID="11"><ref COMMENTS="" ID="12" SRC="10"></ref><W>shatter</W><W>your</W><W>spleen/</W><W>I</W><W>go</W><W>twelve</W><W>rounds</W></xcope><W>,</W><W>baby</W><W>,</W><W>till</W><W>your</W><W>clock</W><W>is</W><W>cleaned</W><W>,</W><W>knaamean</W><W>?</W><W></W></SENTENCE></P><P></P><P><SENTENCE><W>Its</W><W>mystifying</W><W>why</W><W>some</W><W>record</W><W>labels</W><C><cue ID="2" type="speculation"><W>would</W></cue></C><xcope ID="13"><ref COMMENTS="" ID="16" SRC="2"></ref><xcope ID="12"><ref COMMENTS="" ID="15" SRC="3"></ref><W>rather</W><W>let</W><W>artists</W><W>spin</W><W>their</W><W>wheels</W><W>doing</W><W>trendy</W><W>crap</W></xcope><C><cue ID="3" type="speculation"><W>or</W></cue></C><xcope ID="11"><ref COMMENTS="" ID="14" SRC="3"></ref><W>nothing</W><W>at</W><W>all</W></xcope><W>,</W></xcope><W>rather</W><W>than</W><W>allow</W><W>them</W><W>to</W><W>make</W><W>quality</W><W>albums</W><W>like</W><W>Escape</W><W>From</W><W>Alcatraz</W><W>.</W></SENTENCE><SENTENCE><W>Rascos</W><W>latest</W><W>effort</W><W>proves</W><W>his</W><W>ability</W><W>to</W><W>skillfully</W><W>craft</W><W>lyrics</W><W>that</W><W>dance</W><W>between</W><W>aggression</W><W>,</W><W>introspection</W><W>,</W><C><W>and</W></C><W>social</W><W>awareness</W><W>,</W><W>while</W><W>recruiting</W><W>producers</W><W>that</W><C><cue ID="4" type="speculation"><W>can</W></cue></C><xcope ID="17"><ref COMMENTS="" ID="18" SRC="4"></ref><W>adeptly</W><W>balance</W><W>his</W><W>gruff</W><W>demeanor</W><W>with</W><W>rich</W><W>soul</W><W>,</W><W>jazz</W><W>,</W><C><W>and</W></C><W>funk-based</W><W>production</W></xcope><W>.</W></SENTENCE><SENTENCE><W>Rascos</W><W>situation</W><C><cue ID="5" type="speculation"><W>should</W></cue></C><xcope ID="21"><ref COMMENTS="" ID="22" SRC="5"></ref><W>prove</W><W>encouraging</W><W>for</W><W>other</W><W>artists</W></xcope><W></W><W>you</W><C><cue ID="6" type="speculation"><W>may</W></cue></C><xcope ID="19"><ref COMMENTS="" ID="20" SRC="6"></ref><W>be</W><W>smashing</W><W>rocks</W><W>today</W></xcope><W>,</W><W>but</W><W>stay</W><W>diligent</W><C><W>and</W></C><W>youll</W><W>be</W><W>making</W><W>smashes</W><W>tomorrow</W><W>.</W></SENTENCE></P></DOCUMENT>
