<?xml version="1.0" encoding="UTF-8"?>
<DOCUMENT><P></P><P><SENTENCE><W>You</W><W>know</W><W>it</W><W>when</W><W>you</W><W>hear</W><W>it</W><W>.</W></SENTENCE><SENTENCE><W>Your</W><W>toes</W><W>start</W><W>tapping</W><W>.</W></SENTENCE><SENTENCE><W>Your</W><W>head</W><W>starts</W><W>bobbing</W><W>.</W></SENTENCE><SENTENCE><C><W>And</W></C><W>it</W><cue ID="0" type="negation"><W>does</W><W>n&#39;t</W></cue><xcope ID="3"><ref COMMENTS="" ID="5" SRC="0"></ref><W>even</W><W>matter</W><C><cue ID="1" type="speculation"><W>if</W></cue></C><xcope ID="2"><ref COMMENTS="" ID="4" SRC="1"></ref><W>the</W><W>lyrics</W><W>are</W><W>wack</W></xcope></xcope><W>;</W><W>the</W><W>beat</W><W>has</W><W>you</W><W>hypnotized</W><W>.</W></SENTENCE><SENTENCE><W>From</W><W>Justin</W><W>Timberlake</W><W>to</W><W>Nelly</W><W>,</W><W>Ludacris</W><W>to</W><W>Britney</W><W>Spears</W><W>,</W><W>to</W><W>everything</W><W>else</W><W>on</W><W>your</W><W>FM</W><W>dial</W><W>:</W><W>you</W><W>know</W><W>a</W><W>Neptunes</W><W>track</W><W>when</W><W>you</W><W>hear</W><W>one</W><W>.</W></SENTENCE></P><P></P><P><SENTENCE><W>The</W><W>Neptunes</W><W>are</W><W>by</W><W>far</W><W>the</W><W>hottest</W><W>producers</W><W>in</W><W>hip</W><W>hop</W><W>,</W><W>putting</W><W>their</W><W>stamp</W><W>on</W><W>the</W><W>industry</W><W>by</W><W>making</W><W>hot</W><W>joints</W><W>for</W><W>nearly</W><W>every</W><W>major</W><W>artist</W><W>out</W><W>right</W><W>now</W><W>.</W></SENTENCE><SENTENCE><W>From</W><W>every</W><W>corner</W><W>of</W><W>pop</W><C><W>and</W></C><W>hip</W><W>pop</W><W>,</W><W>the</W><W>music</W><W>industry</W><W>&#39;s</W><W>envelope</W><W>has</W><W>been</W><W>pushed</W><W>by</W><W>the</W><W>forward</W><W>thinking</W><W>of</W><W>super</W><W>producers</W><W>Pharrell</W><W>Williams</W><C><W>and</W></C><W>Chad</W><W>Hugo</W><W>.</W></SENTENCE></P><P></P><P><SENTENCE><W>With</W><W>their</W><W>recent</W><W>release</W><W>,</W><W>&#34;</W><W>The</W><W>Neptunes</W><W>Present</W><W>:</W><W>Clones</W><W>,</W><W>&#34;</W><W>the</W><W>Neptunes</W><W>showcase</W><W>up-and-coming</W><W>artists</W><W>from</W><W>their</W><W>Star</W><W>Trak</W><W>label</W><W>while</W><W>getting</W><W>help</W><W>from</W><W>some</W><W>of</W><W>the</W><W>hottest</W><W>names</W><W>in</W><W>hip</W><W>hop</W><W>,</W><W>making</W><W>for</W><W>a</W><W>killer</W><W>compilation</W><W>of</W><W>fresh</W><W>beats</W><W>featuring</W><W>the</W><W>Neptunes</W><W>&#39;</W><W>signature</W><W>sound</W><W>.</W></SENTENCE></P><P></P><P><SENTENCE><W>Busta</W><W>Rhymes</W><W>starts</W><W>the</W><W>album</W><W>off</W><W>with</W><W>the</W><W>club</W><W>banger</W><W>&#34;</W><W>Light</W><W>Your</W><W>A$</W><W>$</W><W>On</W><W>Fire</W><W>.</W><W>&#34;</W></SENTENCE><SENTENCE><W>Busta</W><W>spits</W><W>verse</W><W>after</W><W>verse</W><W>about</W><W>seriously</W><W>lighting</W><W>a</W><W>girl</W><W>&#39;s</W><W>backside</W><W>aflame</W><W>over</W><W>a</W><W>hypnotic</W><W>dance</W><W>beat</W><W>.</W></SENTENCE><SENTENCE><W>N.O.R.E.</W><W>also</W><W>gets</W><W>a</W><W>similarly</W><W>trance-like</W><W>beat</W><W>to</W><W>rhyme</W><W>over</W><W>on</W><W>&#34;</W><W>Put</W><W>Em</W><W>Up</W><W>.</W><W>&#34;</W></SENTENCE><SENTENCE><W>With</W><W>a</W><W>catchy</W><W>chorus</W><W>,</W><W>N.O.R.E.</W></SENTENCE><SENTENCE><W>replicates</W><W>his</W><W>&#34;</W><W>Superthug&#34;</W><W>success</W><W>from</W><W>years</W><W>ago</W><W>.</W></SENTENCE></P><P></P><P><SENTENCE><W>Pharrell</W><W>himself</W><C><W>appears</W></C><W>on</W><W>a</W><W>number</W><W>of</W><W>tracks</W><W>,</W><W>including</W><W>his</W><W>own</W><W>single</W><W>,</W><W>&#34;</W><W>Frontin</W><W>&#34;</W><W>featuring</W><W>Jay-Z.</W></SENTENCE><SENTENCE><W>But</W><W>the</W><W>album</W><W>is</W><W>less</W><W>focused</W><W>on</W><xcope ID="7"><ref COMMENTS="" ID="10" SRC="6"></ref><W>Pharrell</W></xcope><C><cue ID="6" type="speculation"><W>or</W></cue></C><xcope ID="8"><ref COMMENTS="" ID="9" SRC="6"></ref><W>anyone</W><W>else</W><W>&#39;s</W><W>vocals</W></xcope><W>;</W><W>the</W><W>beats</W><W>outshine</W><W>most</W><W>of</W><W>the</W><W>verbal</W><W>performances</W><W>on</W><W>&#34;</W><W>Clones</W><W>,</W><W>&#34;</W><W>with</W><W>a</W><W>few</W><W>exceptions</W><W>.</W></SENTENCE></P><P></P><P><SENTENCE><W>Ludacris</W><W>spits</W><W>fluidly</W><W>on</W><W>&#34;</W><W>It</W><cue ID="43" type="negation"><W>Was</W><W>n&#39;t</W></cue><xcope ID="44"><ref COMMENTS="" ID="45" SRC="43"></ref><W>Us</W></xcope><W>,</W><W>&#34;</W><W>a</W><W>track</W><W>featuring</W><W>a</W><W>broken</W><W>hip</W><W>hop</W><W>beat</W><W>reminicent</W><W>of</W><W>his</W><W>early</W><W>Neptunes-blessed</W><W>track</W><W>,</W><W>&#34;</W><W>Southern</W><W>Hospitality</W><W>.</W><W>&#34;</W></SENTENCE><SENTENCE><W>The</W><W>song</W><W>is</W><C><cue ID="11" type="negation"><W>not</W></cue></C><xcope ID="12"><ref COMMENTS="" ID="13" SRC="11"></ref><W>only</W><W>a</W><W>standout</W><W>in</W><W>terms</W><W>of</W><W>the</W><W>Neptunes</W><W>&#39;</W><W>contribution</W></xcope><W>;</W><W>it</W><W>is</W><W>also</W><W>one</W><W>of</W><W>the</W><W>few</W><W>on</W><W>the</W><W>album</W><W>that</W><W>have</W><W>lyrics</W><W>solid</W><W>enough</W><W>to</W><W>accompany</W><W>the</W><W>amazing</W><W>beat</W><W>.</W></SENTENCE></P><P></P><P><SENTENCE><W>Nas</W><W>also</W><W>comes</W><W>through</W><W>on</W><W>&#34;</W><W>Popular</W><W>Thug</W><W>,</W><W>&#34;</W><W>with</W><W>his</W><W>vocals</W><W>perfectly</W><W>balancing</W><W>those</W><W>of</W><W>his</W><W>bride-to-be</W><W>,</W><W>Kelis</W><W>.</W></SENTENCE><SENTENCE><W>The</W><W>lovebirds</W><W>provide</W><W>a</W><W>notable</W><W>chemistry</W><W>on</W><W>another</W><W>song</W><W>with</W><W>lyrical</W><W>matching</W><W>to</W><W>an</W><W>above-average</W><W>beat</W><W>.</W></SENTENCE><SENTENCE><W>Snoop</W><W>Dogg</W><W>also</W><W>spits</W><W>a</W><W>classic</W><W>ode</W><W>to</W><W>chronic</W><W>over</W><W>a</W><W>smooth</W><W>bell-laced</W><W>beat</W><W>on</W><W>&#34;</W><W>It</W><W>Blows</W><W>My</W><W>Mind</W><W>.</W><W>&#34;</W></SENTENCE></P><P></P><P><SENTENCE><W>Other</W><W>noteworthy</W><W>performances</W><W>include</W><W>two</W><W>cuts</W><W>by</W><W>The</W><W>Clipse</W><W>on</W><W>&#34;</W><W>Blaze</W><W>of</W><W>Glory</W><W>&#34;</W><C><W>and</W></C><W>&#34;</W><W>Hot</W><W>Damn</W><W>,</W><W>&#34;</W><C><W>and</W></C><W>an</W><W>odd</W><W>track</W><W>by</W><W>Dirt</W><W>McGirt</W><W>(</W><W>formerly</W><W>Old</W><W>Dirty</W><W>Bastard</W><W>of</W><W>Wu</W><W>Tang</W><W>Clan</W><W>)</W><W>.</W></SENTENCE><SENTENCE><W>New</W><W>Star</W><W>Trak</W><W>artists</W><W>Rosco</W><W>P.</W><W>Coldchain</W><W>(</W><C><cue ID="14" type="negation"><W>not</W></cue></C><xcope ID="46"><ref COMMENTS="" ID="47" SRC="14"></ref><W>to</W><W>be</W><W>confused</W><W>with</W><W>Young</W><W>Roscoe</W></xcope><W>)</W><C><W>and</W></C><W>Fam</W><W>Lay</W><W>also</W><W>put</W><W>down</W><W>lyrics</W><C><W>and</W></C><W>while</W><C><cue ID="15" type="negation"><W>none</W></cue></C><xcope ID="19"><ref COMMENTS="" ID="25" SRC="15"></ref><W>of</W><W>the</W><W>cuts</W><W>are</W><W>skippers</W></xcope><W>,</W><W>they</W><cue ID="16" type="negation"><W>are</W><W>n&#39;t</W></cue><xcope ID="18"><ref COMMENTS="" ID="24" SRC="16"></ref><W>as</W><W>solid</W><W>as</W><W>those</W><W>done</W><W>by</W><W>the</W><W>veterans</W><W>(</W><W>Snoop</W><W>,</W><W>Nas</W><W>,</W><W>Ludacris</W><W>)</W></xcope><W>.</W></SENTENCE><SENTENCE><W>However</W><W>,</W><W>Vanessa</W><W>Marquez</W><W>drops</W><W>impressive</W><W>vocals</W><W>on</W><W>&#34;</W><W>Good</W><W>Girl</W><W>,</W><W>&#34;</W><W>a</W><W>cut</W><W>with</W><W>a</W><W>great</W><xcope ID="20"><ref COMMENTS="" ID="23" SRC="17"></ref><W>&#39;80s</W></xcope><C><cue ID="17" type="speculation"><W>or</W></cue></C><xcope ID="21"><ref COMMENTS="" ID="22" SRC="17"></ref><W>early</W><W>&#39;90s</W></xcope><C><W>feel</W></C><W>.</W></SENTENCE></P><P></P><P><SENTENCE><W>Hip</W><W>hop</W><W>heads</W><C><cue ID="26" type="speculation"><W>may</W></cue></C><xcope ID="29"><ref COMMENTS="" ID="32" SRC="26"></ref><W>wish</W><W>to</W><W>bypass</W><W>the</W><W>diversity</W><W>on</W><W>&#34;</W><W>Clones</W></xcope><W>,</W><W>&#34;</W><W>via</W><W>the</W><W>three</W><W>rock</W><W>contributions</W><W>found</W><W>mid-album</W><W>.</W></SENTENCE><SENTENCE><W>Also</W><W>slightly</W><W>out</W><W>of</W><W>place</W><W>,</W><W>the</W><W>Neptunes</W><W>themselves</W><W>,</W><W>in</W><W>the</W><W>form</W><W>of</W><W>their</W><W>experimental</W><W>genre-breaking</W><W>group</W><W>N*E*R*D</W><W>,</W><W>add</W><W>an</W><W>odd</W><W>track</W><W>,</W><W>&#34;</W><W>Loser</W><W>.</W><W>&#34;</W></SENTENCE><SENTENCE><W>The</W><W>song</W><W>will</W><W>be</W><W>featured</W><W>on</W><W>the</W><W>Madden</W><W>2004</W><W>video</W><W>game</W><W>.</W></SENTENCE></P><P></P><P><SENTENCE><W>While</W><W>the</W><W>beats</W><C><cue ID="27" type="negation"><W>never</W></cue></C><xcope ID="30"><ref COMMENTS="" ID="33" SRC="27"></ref><W>fall</W><W>short</W></xcope><W>,</W><W>some</W><W>of</W><W>the</W><W>lyricism</W><W>does</W><W>.</W></SENTENCE><SENTENCE><W>Nelly</W><W>proves</W><W>it</W><W>&#39;s</W><W>hard</W><W>to</W><W>ruin</W><W>a</W><W>Neptunes</W><W>beat</W><W>on</W><W>his</W><C><W>failed</W></C><W>effort</W><W>&#34;</W><C><W>If</W></C><W>,</W><W>&#34;</W><W>a</W><W>song</W><W>that</W><W>borrows</W><W>it</W><W>&#39;s</W><W>chorus</W><W>from</W><W>a</W><W>previous</W><W>Nelly</W><W>tune</W><W>.</W></SENTENCE><SENTENCE><W>Similarly</W><W>,</W><W>Rosco</W><W>P.</W><W>Coldchain</W><W>misses</W><W>the</W><W>mark</W><W>on</W><W>&#34;</W><W>Hot</W><W>,</W><W>&#34;</W><W>a</W><W>song</W><W>with</W><W>a</W><W>minimalist</W><W>beat</W><W>that</W><C><cue ID="28" type="speculation"><W>could</W></cue></C><xcope ID="31"><ref COMMENTS="" ID="34" SRC="28"></ref><W>allow</W><W>an</W><W>emcee</W><W>to</W><W>truly</W><W>display</W><W>his</W><W>skills</W></xcope><W>.</W></SENTENCE><SENTENCE><W>While</W><W>The</W><W>Clipse</W><W>hold</W><W>their</W><W>own</W><W>on</W><W>the</W><W>track</W><W>,</W><W>Rosco</W><C><W>fails</W></C><W>to</W><W>impress</W><W>.</W></SENTENCE></P><P></P><P><SENTENCE><W>&#34;</W><W>Clones</W><W>&#34;</W><C><cue ID="35" type="speculation"><W>would</W></cue></C><xcope ID="38"><ref COMMENTS="" ID="40" SRC="35"></ref><W>be</W><W>ill</W><C><cue ID="36" type="speculation"><W>if</W></cue></C><xcope ID="37"><ref COMMENTS="" ID="39" SRC="36"></ref><W>were</W><W>released</W><W>as</W><W>a</W><W>pure</W><W>instrumental</W><W>album</W></xcope></xcope><W>,</W><W>but</W><W>the</W><W>performances</W><W>of</W><W>a</W><W>few</W><W>of</W><W>the</W><W>most</W><W>seasoned</W><W>veterans</W><W>in</W><W>the</W><W>game</W><W>add</W><W>greatly</W><W>to</W><W>the</W><W>overall</W><W>appeal</W><W>of</W><W>the</W><W>Neptunes</W><W>&#39;</W><W>skillful</W><W>display</W><W>of</W><W>hit</W><W>making</W><W>.</W></SENTENCE></P><P></P><P><SENTENCE><W>With</W><W>&#34;</W><W>Clones</W><W>,</W><W>&#34;</W><W>the</W><W>Neptunes</W><W>certainly</W><W>secure</W><W>their</W><W>spot</W><W>as</W><W>one</W><W>of</W><W>the</W><W>most</W><W>influential</W><C><W>and</W></C><W>progressive</W><W>collective</W><W>minds</W><W>in</W><W>music</W><W>.</W></SENTENCE><SENTENCE><W>They</W><W>provide</W><W>a</W><W>solid</W><W>foundation</W><W>of</W><W>beats</W><W>from</W><W>start</W><W>to</W><W>finish</W><W>on</W><W>&#34;</W><W>Clones</W><W>;</W><W>&#34;</W><C><cue ID="41" type="speculation"><W>whether</W></cue></C><xcope ID="42"><ref COMMENTS="" ID="43" SRC="41"></ref><W>the</W><W>lyrics</W><W>hold</W><W>up</W><W>to</W><W>the</W><W>track</W><W>is</W><W>another</W><W>story</W></xcope><W>.</W></SENTENCE><SENTENCE><W>One</W><W>thing</W><W>is</W><W>for</W><W>sure</W><W>:</W><W>as</W><W>solid</W><W>is</W><W>as</W><W>a</W><W>Neptunes</W><W>beat</W><W>is</W><W>,</W><W>it</W><W>&#39;s</W><W>difficult</W><W>for</W><W>any</W><W>artist</W><W>to</W><W>ruin</W><W>their</W><W>genius</W><W>,</W><W>despite</W><W>the</W><W>content</W><W>of</W><W>the</W><W>lyrics</W><W>.</W></SENTENCE></P><P></P><P><SENTENCE><W>When</W><W>it</W><W>comes</W><W>to</W><W>a</W><W>killer</W><W>beat</W><W>,</W><W>the</W><W>nNptunes</W><W>got</W><W>it</W><W>on</W><W>lock</W><W>.</W></SENTENCE></P><P></P><P><SENTENCE><W>The</W><W>special</W><W>edition</W><W>release</W><W>also</W><W>includes</W><W>a</W><W>DVD</W><W>with</W><W>videos</W><W>&#34;</W><W>Frontin</W><W>,</W><W>&#34;</W><W>&#34;</W><W>Hot</W><W>Damn</W><W>&#34;</W><C><W>and</W></C><W>&#34;</W><W>Rock</W><W>N</W><W>Roll</W><W>&#34;</W><C><W>and</W></C><W>interviews</W><W>with</W><W>the</W><W>Neptunes</W><W>.</W></SENTENCE><SENTENCE><W>Unfortunately</W><W>,</W><W>the</W><W>disc</W><cue ID="44" type="negation"><W>wo</W><W>n&#39;t</W></cue><xcope ID="45"><ref COMMENTS="" ID="46" SRC="44"></ref><W>work</W><W>on</W><W>my</W><W>computer</W><W>&#39;s</W><W>DVD</W><W>player</W></xcope><W>.</W></SENTENCE></P></DOCUMENT>
