<?xml version="1.0" encoding="UTF-8"?>
<DOCUMENT><P></P><P><SENTENCE><W>while</W><W>i</W><W>usually</W><cue ID="0" type="negation"><W>do</W><W>n&#39;t</W></cue><xcope ID="4"><ref COMMENTS="" ID="8" SRC="0"></ref><W>convince</W><W>myself</W><W>to</W><W>just</W><W>BUY</W><W>cd</W><W>&#39;s</W><W>because</W><W>it</W><W>&#39;s</W><W>a</W><W>sophomore</W><W>effort</W></xcope><W>,</W><W>fabolous</W><W>was</W><W>a</W><W>little</W><W>different</W><W>.</W></SENTENCE><SENTENCE><W>his</W><W>first</W><W>album</W><W>was</W><W>something</W><W>that</W><cue ID="1" type="speculation"><W>maybe</W></cue><xcope ID="5"><ref COMMENTS="" ID="9" SRC="1"></ref><W>one</W><W>friend</W><W>bought</W><C><W>and</W></C><W>we</W><W>ALL</W><W>listened</W><W>to</W><W>it</W><W>indifferently</W></xcope><W>.</W></SENTENCE><SENTENCE><W>in</W><W>other</W><W>words</W><W>,</W><W>it</W><cue ID="2" type="negation"><W>did</W><W>n&#39;t</W></cue><xcope ID="6"><ref COMMENTS="" ID="10" SRC="2"></ref><W>have</W><W>the</W><W>same</W><W>power</W><W>as</W><W>LINKIN</W><W>PARK&#39;S</W><W>debut</W></xcope><W>(</W><W>i</W><cue ID="3" type="speculation"><C><W>could</W></C><W>n&#39;t</W></cue><xcope ID="7"><ref COMMENTS="" ID="11" SRC="3"></ref><W>stop</W><W>listening</W><W>to</W><W>HYBRID</W><W>THEORY</W></xcope><W>)</W><W>.</W></SENTENCE></P><P></P><P><SENTENCE><W>then</W><W>between</W><W>albums</W><W>1</W><C><W>and</W></C><W>2</W><W>,</W><W>fabolous</W><W>made</W><W>some</W><W>great</W><W>songs</W><W>that</W><C><cue ID="12" type="negation"><W>never</W></cue></C><xcope ID="15"><ref COMMENTS="" ID="18" SRC="12"></ref><W>were</W><W>really</W><W>released</W></xcope><W>.</W></SENTENCE><SENTENCE><W>one</W><W>of</W><W>my</W><W>favorites</W><W>is</W><W>a</W><W>song</W><W>called</W><W>&#34;</W><W>just</W><W>do</W><W>n&#39;t</W><W>stop&#34;</W><W>,</W><W>featuring</W><W>a</W><W>great</W><W>beat</W><C><W>and</W></C><W>interesting</W><W>flows</W><W>.</W></SENTENCE><SENTENCE><W>as</W><W>i</W><W>listened</W><W>to</W><W>online</W><W>stuff</W><W>from</W><W>dj</W><W>clue</W><W>&#39;s</W><W>mixtapes</W><W>,</W><W>i</W><W>gained</W><W>a</W><W>better</W><W>appreciation</W><W>for</W><W>his</W><W>music</W><W>.</W></SENTENCE></P><P></P><P><SENTENCE><W>well</W><W>,</W><W>as</W><W>STREET</W><W>DREAMS</W><W>came</W><W>out</W><W>,</W><W>i</W><W>felt</W><W>the</W><W>sudden</W><W>urge</W><W>to</W><W>buy</W><W>it</W><C><W>and</W></C><W>pop</W><W>in</W><W>.</W></SENTENCE><SENTENCE><W>this</W><W>is</W><W>what</W><W>i</W><C><W>think</W></C><W>over</W><W>a</W><W>month</W><W>after</W><W>buying</W><W>it</W><W>:</W></SENTENCE></P><P></P><P><SENTENCE><W>2.</W><C><W>not</W></C><W>give</W><W>a</W><W>f***</W><W>:</W><W>it</W><W>&#39;s</W><W>just</W><W>one</W><W>of</W><W>those</W><W>songs</W><W>that</W><W>you</W><W>say</W><C><cue ID="13" type="speculation"><W>would</W></cue></C><xcope ID="17"><ref COMMENTS="" ID="20" SRC="13"></ref><W>be</W><W>great</W><C><cue ID="14" type="speculation"><W>if</W></cue></C><xcope ID="16"><ref COMMENTS="" ID="19" SRC="14"></ref><W>it</W><W>just</W><W>had</W><W>a</W><W>different</W><W>beat</W></xcope></xcope><W>.</W></SENTENCE><SENTENCE><W>i</W><W>mean</W><W>his</W><W>lyrics</W><W>have</W><W>some</W><W>humor</W><W>to</W><W>them</W><W>.</W></SENTENCE><SENTENCE><W>one</W><W>of</W><W>my</W><W>favorite</W><W>lines</W><W>goes</W><W>along</W><W>the</W><W>lines</W><W>of</W><W>&#34;i</W><W>&#39;m</W><W>here</W><W>to</W><W>take</W><W>away</W><W>your</W><W>meal</W><W>,</W><W>almost</W><W>like</W><W>it</W><W>&#39;s</W><W>RAMADAN&#34;</W><W>.</W></SENTENCE></P><P></P><P><SENTENCE><W>3.</W><W>damn</W><W>:</W><W>this</W><W>is</W><W>the</W><W>song</W><W>you</W><W>listen</W><W>to</W><W>one</W><W>the</W><W>way</W><W>to</W><W>a</W><xcope ID="27"><ref COMMENTS="" ID="33" SRC="21"></ref><W>party</W></xcope><C><cue ID="21" type="speculation"><W>or</W></cue></C><xcope ID="28"><ref COMMENTS="" ID="34" SRC="21"></ref><W>club</W></xcope><W>,</W><C><cue ID="22" type="speculation"><W>or</W></cue></C><xcope ID="29"><ref COMMENTS="" ID="35" SRC="21"></ref><W>anywhere</W></xcope><W>that</W><W>&#39;s</W><W>high</W><W>energy</W><W>.</W></SENTENCE><SENTENCE><W>the</W><W>beat</W><W>feels</W><W>goofy</W><W>to</W><W>me</W><W>,</W><W>but</W><W>i</W><W>still</W><W>like</W><W>the</W><W>song</W><W>as</W><W>a</W><W>whole</W><W>.</W></SENTENCE><SENTENCE><W>i</W><C><cue ID="23" type="speculation"><W>think</W></cue></C><xcope ID="36"><ref COMMENTS="" ID="37" SRC="23"></ref><W>it</W><W>&#39;s</W><W>one</W><W>of</W><W>the</W><W>top</W><W>songs</W></xcope><W>,</W><W>of</W><W>course</W><C><cue ID="24" type="speculation"><W>if</W></cue></C><xcope ID="40"><ref COMMENTS="" ID="42" SRC="24"></ref><W>it</W><cue ID="25" type="negation"><W>was</W><W>n&#39;t</W></cue><xcope ID="39"><ref COMMENTS="" ID="41" SRC="25"></ref><W>made</W><W>into</W><W>a</W><W>single</W></xcope></xcope><W>.</W></SENTENCE></P><P></P><P><SENTENCE><W>4</W><W>.</W><W>call</W><W>me</W><W>:</W><W>another</W><W>top</W><W>song</W><W>(</W><W>which</W><W>i</W><C><W>hope</W></C><cue ID="26" type="negation"><W>does</W><W>n&#39;t</W></cue><xcope ID="43"><ref COMMENTS="" ID="49" SRC="26"></ref><W>turn</W><W>into</W><W>a</W><W>single</W></xcope><W>)</W><W>along</W><W>with</W><W>#</W><W>3</W><W>.</W></SENTENCE><SENTENCE><W>great</W><W>song</W><W>reflecting</W><W>FAB</W><W>&#39;s</W><W>average</W><W>day</W><W>.</W></SENTENCE><SENTENCE><W>unlike</W><W>50</W><W>CENT</W><W>singing</W><W>his</W><W>own</W><W>chorus(es</W><W>)</W><W>in</W><W>his</W><W>cd</W><xcope ID="44"><ref COMMENTS="" ID="48" SRC="46"></ref><W>GET</W><W>RICH</W></xcope><C><cue ID="46" type="speculation"><W>OR</W></cue></C><xcope ID="45"><ref COMMENTS="" ID="47" SRC="46"></ref><W>DIE</W><W>TRYIN&#39;</W></xcope><W>,</W><W>FAB</W><W>smartly</W><W>chose</W><W>to</W><W>have</W><W>girls</W><W>sing</W><W>the</W><W>chorus</W><W>with</W><W>bits</W><W>of</W><W>FAB</W><W>himself</W><W>talking</W><W>.</W></SENTENCE><SENTENCE><W>definitely</W><W>a</W><W>smart</W><W>move</W><W>by</W><W>&#34;</W><W>THE</W><W>KID&#34;</W><W>.</W></SENTENCE></P><P></P><P><SENTENCE><W>5</W><W>.</W><cue ID="50" type="negation"><W>ca</W><W>n&#39;t</W></cue><xcope ID="51"><ref COMMENTS="" ID="52" SRC="50"></ref><W>let</W><W>you</W><W>go</W></xcope><W>:</W><W>a</W><W>reunion</W><W>with</W><W>&#34;SUPERWOMAN&#34;</W><W>singer</W><W>LIL</W><W>&#39;</W><W>MO</W><W>,</W><C><W>and</W></C><W>i</W><W>&#39;d</W><W>describe</W><W>this</W><W>song</W><W>as</W><W>one</W><W>of</W><W>the</W><W>best</W><W>recent</W><W>hip</W><W>hop</W><W>&#34;love</W><W>songs</W><W>&#34;</W><W>(</W><W>i</W><W>use</W><W>love</W><W>loosely</W><W>on</W><W>this</W><W>one</W><W>)</W><W>.</W></SENTENCE><SENTENCE><W>when</W><W>you</W><W>listen</W><W>closely</W><W>,</W><W>it</W><W>&#39;s</W><W>about</W><W>that</W><W>girl</W><W>that</W><W>&#39;s</W><W>his</W><W>&#34;other</W><W>girl&#34;</W><W>besides</W><W>his</W><W>wifey</W><W>.</W></SENTENCE><SENTENCE><W>&#34;</W><W>cuz</W><W>the</W><W>entree</W><cue ID="53" type="negation"><W>ai</W><W>n&#39;t</W></cue><xcope ID="57"><ref COMMENTS="" ID="60" SRC="53"></ref><W>as</W><W>good</W><C><cue ID="54" type="negation"><W>without</W></cue></C><xcope ID="56"><ref COMMENTS="" ID="59" SRC="54"></ref><W>somethin</W><W>on</W><W>the</W><W>side</W></xcope></xcope><W>&#34;</W><W>is</W><W>one</W><W>of</W><W>those</W><W>lines</W><W>that</W><W>i</W><W>&#39;m</W><W>just</W><W>gonna</W><W>remember</W><C><cue ID="55" type="negation"><W>no</W></cue></C><xcope ID="58"><ref COMMENTS="" ID="61" SRC="55"></ref><W>matter</W><W>what</W></xcope><W>.</W></SENTENCE></P><P></P><P><SENTENCE><W>6</W><W>.</W><W>bad</W><W>b****</W><W>:</W><W>a</W><W>cool</W><W>song</W><W>,</W><W>but</W><W>i</W><cue ID="62" type="speculation"><C><W>would</W></C><W>n&#39;t</W></cue><xcope ID="64"><ref COMMENTS="" ID="67" SRC="62"></ref><W>use</W><W>it</W><W>for</W><W>anything</W><W>more</W><W>than</W><W>a</W><W>party</W><W>dance</W><W>song</W></xcope><W>.</W></SENTENCE><SENTENCE><W>it</W><W>&#39;s</W><W>one</W><W>of</W><W>those</W><W>times</W><W>that</W><W>the</W><W>songs</W><W>really</W><cue ID="63" type="negation"><W>do</W><W>n&#39;t</W></cue><xcope ID="65"><ref COMMENTS="" ID="66" SRC="63"></ref><W>apply</W><W>to</W><W>most</W><W>of</W><W>the</W><W>world</W></xcope><W>.</W></SENTENCE><SENTENCE><W>&#34;i</W><W>got</W><W>a</W><W>bad</W><W>b****</W><W>on</W><W>my</W><W>left</W><W>side</W><W>,</W><W>bad</W><W>b****</W><W>on</W><W>my</W><W>right</W><W>side</W><W>&#34;</W><W>...</W><W>come</W><W>on</W><W>FAB</W><W>,</W><W>that</W><W>&#39;s</W><W>what</W><W>i</W><W>call</W><W>a</W><W>&#34;</W><W>street</W><W>dream&#34;</W><W>!</W></SENTENCE></P><P></P><P><SENTENCE><W>7.</W><W>why</W><cue ID="68" type="speculation"><C><W>would</W></C><W>n&#39;t</W></cue><xcope ID="71"><ref COMMENTS="" ID="76" SRC="68"></ref><W>i</W></xcope><W>:</W><W>for</W><W>some</W><W>reason</W><W>,</W><W>i</W><cue ID="69" type="speculation"><W>&#39;d</W></cue><xcope ID="73"><ref COMMENTS="" ID="75" SRC="69"></ref><W>have</W><W>to</W><W>say</W><W>i</W><W>wish</W><W>FAB</W><C><cue ID="70" type="speculation"><W>would</W></cue></C><xcope ID="72"><ref COMMENTS="" ID="74" SRC="70"></ref><W>&#39;ve</W><W>dumped</W><W>this</W><W>song</W><W>&#39;s</W><W>beat</W><W>for</W><W>something</W><W>better</W></xcope></xcope><W>.</W></SENTENCE><SENTENCE><W>actually</W><W>,</W><W>i</W><W>wish</W><W>the</W><W>whole</W><W>song</W><W>was</W><W>dumped</W><W>.</W></SENTENCE><SENTENCE><W>enough</W><W>said</W><W>.</W></SENTENCE></P><P></P><P><SENTENCE><W>8.</W><W>up</W><W>on</W><W>things</W><W>:</W><W>featuring</W><W>snoop</W><W>dogg</W><W>.</W></SENTENCE><SENTENCE><W>fab</W><W>uses</W><W>a</W><W>little</W><W>bit</W><W>of</W><W>west</W><W>coast</W><W>flavor</W><W>,</W><W>almost</W><W>making</W><W>it</W><W>a</W><W>continuation</W><W>of</W><W>dr</W><W>.</W></SENTENCE><SENTENCE><W>dre</W><W>&#39;s</W><W>&#34;</W><W>still</W><W>d.r.e</W><W>.</W><W>&#34;</W><W>.</W></SENTENCE><SENTENCE><W>great</W><W>cruising</W><W>song</W><W>,</W><C><cue ID="77" type="negation"><W>not</W></cue></C><xcope ID="78"><ref COMMENTS="" ID="79" SRC="77"></ref><W>really</W><W>a</W><W>party</W><W>song</W></xcope><W>.</W></SENTENCE></P><P></P><P><SENTENCE><W>9</W><W>.</W><W>sickalicious</W><W>:</W><W>as</W><W>much</W><W>as</W><W>i</W><W>like</W><W>missy</W><W>on</W><W>her</W><W>OWN</W><W>songs</W><W>,</W><W>she</W><cue ID="80" type="negation"><W>does</W><W>n&#39;t</W></cue><xcope ID="83"><ref COMMENTS="" ID="84" SRC="80"></ref><W>really</W><W>sound</W><W>right</W><W>on</W><W>this</W><W>song</W></xcope><W>.</W></SENTENCE><SENTENCE><W>i</W><C><cue ID="81" type="speculation"><W>think</W></cue></C><xcope ID="82"><ref COMMENTS="" ID="85" SRC="81"></ref><W>the</W><W>lyrics</W><W>are</W><W>tight</W></xcope><W>,</W><W>but</W><W>the</W><W>beat</W><W>needed</W><W>to</W><W>be</W><W>something</W><W>COMPLETELY</W><W>different</W><W>.</W></SENTENCE></P><P></P><P><SENTENCE><W>10</W><W>.</W><W>this</W><W>is</W><W>my</W><W>party</W><W>:</W><W>his</W><W>first</W><W>single</W><W>,</W><C><cue ID="86" type="negation"><W>no</W></cue></C><xcope ID="87"><ref COMMENTS="" ID="88" SRC="86"></ref><W>review</W><W>required</W></xcope><W>!</W></SENTENCE></P><P></P><P><SENTENCE><W>11</W><W>.</W><W>into</W><W>you</W><W>:</W><W>great</W><W>use</W><W>of</W><W>ashanti</W><W>,</W><W>as</W><W>she</W><W>makes</W><W>#</W><W>4</W><W>CALL</W><W>ME</W><W>sound</W><W>better</W><C><W>and</W></C><W>sweeter</W><W>.</W></SENTENCE><SENTENCE><W>i</W><W>guess</W><W>this</W><C><cue ID="89" type="speculation"><W>could</W></cue></C><xcope ID="90"><ref COMMENTS="" ID="91" SRC="89"></ref><W>be</W><W>the</W><W>next</W><W>good</W><W>hip</W><W>hop</W><W>love</W><W>song</W></xcope><W>.</W></SENTENCE><SENTENCE><W>one</W><W>of</W><W>my</W><W>favorites</W><W>,</W><W>as</W><W>FAB</W><W>slows</W><W>down</W><C><W>and</W></C><W>makes</W><W>one</W><W>girl</W><W>the</W><W>object</W><W>of</W><W>the</W><W>song</W><W>as</W><W>opposed</W><W>to</W><W>street</W><W>dreaming</W><W>about</W><W>the</W><W>all</W><W>night</W><W>sex</W><W>parties</W><W>.</W></SENTENCE></P><P></P><P><SENTENCE><W>12</W><W>.</W><xcope ID="96"><ref COMMENTS="" ID="105" SRC="92"></ref><W>change</W><W>you</W></xcope><C><cue ID="92" type="speculation"><W>or</W></cue></C><xcope ID="97"><ref COMMENTS="" ID="104" SRC="92"></ref><W>change</W><W>me</W></xcope><W>:</W><W>for</W><W>some</W><W>reason</W><W>,</W><W>i</W><W>really</W><cue ID="93" type="negation"><W>DON&#39;T</W></cue><xcope ID="98"><ref COMMENTS="" ID="103" SRC="93"></ref><W>like</W><W>this</W><W>song</W></xcope><W>.</W></SENTENCE><SENTENCE><W>i</W><cue ID="94" type="negation"><W>do</W><W>n&#39;t</W></cue><xcope ID="99"><ref COMMENTS="" ID="102" SRC="94"></ref><W>know</W><W>why</W></xcope><W>,</W><W>but</W><W>i</W><C><cue ID="95" type="speculation"><W>think</W></cue></C><xcope ID="100"><ref COMMENTS="" ID="101" SRC="95"></ref><W>it</W><W>&#39;s</W><W>just</W><W>too</W><W>slow</W><W>of</W><W>a</W><W>beat</W><W>underneath</W><W>funky</W><W>flows</W></xcope><W>.</W></SENTENCE></P><P></P><P><SENTENCE><W>15</W><W>.</W><C><cue ID="106" type="negation"><W>never</W></cue></C><xcope ID="110"><ref COMMENTS="" ID="116" SRC="106"></ref><W>duplicated</W></xcope><W>:</W><W>a</W><W>cool</W><W>lil</W><W>song</W><W>to</W><W>bump</W><xcope ID="113"><ref COMMENTS="" ID="118" SRC="107"></ref><W>in</W><W>the</W><W>ride</W></xcope><C><cue ID="107" type="speculation"><W>or</W></cue></C><xcope ID="112"><ref COMMENTS="" ID="117" SRC="107"></ref><W>a</W><W>party</W></xcope><W>,</W><W>has</W><W>a</W><W>bit</W><W>of</W><W>neptunes</W><W>sounds</W><W>in</W><W>it</W><W>,</W><W>which</W><W>always</W><W>makes</W><W>songs</W><W>better</W><W>.</W></SENTENCE><SENTENCE><W>i</W><C><cue ID="108" type="speculation"><W>think</W></cue></C><xcope ID="115"><ref COMMENTS="" ID="120" SRC="108"></ref><C><cue ID="109" type="speculation"><W>if</W></cue></C><xcope ID="114"><ref COMMENTS="" ID="119" SRC="109"></ref><W>anyone</W><W>says</W><W>his</W><W>flows</W><W>are</W><W>better</W><W>on</W><W>this</W><W>album</W><W>,</W><W>a</W><W>lot</W><W>of</W><W>it</W><W>is</W><W>on</W><W>this</W><W>song</W></xcope></xcope><W>.</W></SENTENCE></P><P></P><P><SENTENCE><W>17</W><W>.</W><W>my</W><W>life</W><W>:</W><W>a</W><W>classic</W><W>90</W><W>&#39;s</W><W>sounding</W><W>song</W><W>featuring</W><W>mary</W><W>j</W><W>.</W><W>blige</W><W>on</W><W>the</W><W>ENTIRE</W><W>chorus</W><W>.</W></SENTENCE><SENTENCE><W>sounds</W><W>like</W><W>j</W><W>.</W><W>lo</W><W>&#39;s</W><W>&#34;</W><W>all</W><W>i</W><W>have</W><W>&#34;</W><W>song</W><W>,</W><W>but</W><W>more</W><W>&#34;hip</W><W>hop-ified</W><W>&#34;</W><W>.</W></SENTENCE><SENTENCE><W>i</W><W>wish</W><W>this</W><W>song</W><W>DOESN&#39;T</W><W>get</W><W>released</W><W>,</W><W>because</W><W>i</W><C><cue ID="121" type="speculation"><W>think</W></cue></C><xcope ID="124"><ref COMMENTS="" ID="126" SRC="121"></ref><W>it</W><C><cue ID="122" type="speculation"><W>would</W></cue></C><xcope ID="123"><ref COMMENTS="" ID="125" SRC="122"></ref><W>get</W><W>worn</W><W>out</W><W>pretty</W><W>quickly</W></xcope></xcope><W>.</W></SENTENCE></P><P></P><P><SENTENCE><W>there</W><W>are</W><W>some</W><W>more</W><W>songs</W><W>on</W><W>this</W><W>album</W><W>,</W><W>but</W><W>i</W><C><cue ID="127" type="speculation"><W>think</W></cue></C><xcope ID="132"><ref COMMENTS="" ID="137" SRC="127"></ref><W>i</W><W>well</W><W>represented</W><W>most</W><W>of</W><W>the</W><W>good</W><W>(</W><C><W>and</W></C><W>some</W><W>bad</W><W>)</W><W>songs</W></xcope><W>.</W></SENTENCE><SENTENCE><W>FAB</W><W>has</W><W>much</W><W>improved</W><W>his</W><W>flows</W><W>,</W><W>quit</W><W>spelling</W><W>his</W><W>name</W><W>(</W><W>as</W><W>mentioned</W><W>in</W><W>a</W><W>scene</W><W>of</W><W>his</W><W>TRADE</W><W>IT</W><W>ALL</W><W>2</W><W>video</W><W>)</W><W>,</W><C><W>and</W></C><cue ID="128" type="negation"><W>did</W><W>n&#39;t</W></cue><xcope ID="133"><ref COMMENTS="" ID="138" SRC="128"></ref><W>make</W><W>the</W><W>whole</W><W>album</W><W>a</W><W>series</W><W>of</W><W>guest</W><W>spots</W></xcope><W>.</W></SENTENCE><SENTENCE><W>it</W><C><cue ID="129" type="speculation"><W>could</W></cue></C><xcope ID="134"><ref COMMENTS="" ID="139" SRC="129"></ref><W>&#39;ve</W><W>been</W><W>made</W><W>a</W><W>lil</W><W>better</W></xcope><W>,</W><W>but</W><W>so</W><C><cue ID="130" type="speculation"><W>can</W></cue></C><xcope ID="135"><ref COMMENTS="" ID="140" SRC="130"></ref><W>everything</W></xcope><W>.</W></SENTENCE><SENTENCE><C><cue ID="131" type="speculation"><W>hope</W></cue></C><xcope ID="136"><ref COMMENTS="" ID="141" SRC="131"></ref><W>this</W><W>review</W><W>was</W><W>helpful</W></xcope><W>!</W></SENTENCE></P></DOCUMENT>
