<?xml version="1.0" encoding="UTF-8"?>
<DOCUMENT><P></P><P><SENTENCE><W>Styles</W><W>of</W><W>Beyond</W><W>is</W><W>taking</W><W>the</W><C><W>idea</W></C><W>of</W><W>west</W><W>coast</W><W>rap</W><C><W>and</W></C><W>hip</W><W>hop</W><W>in</W><W>general</W><C><W>and</W></C><W>giving</W><W>it</W><W>a</W><W>180</W><W>degree</W><W>whirl</W><W>.</W></SENTENCE><SENTENCE><W>Formed</W><W>by</W><W>Los</W><W>Angeles</W><W>MCs</W><W>Ryu</W><C><W>and</W></C><W>Takbir</W><W>,</W><W>this</W><W>group</W><W>is</W><W>one</W><W>of</W><W>the</W><W>most</W><W>forward</W><W>moving</W><W>,</W><W>futuristic</W><W>sounding</W><W>hip</W><W>hop</W><W>acts</W><W>around</W><W>.</W></SENTENCE><SENTENCE><W>With</W><W>ample</W><W>skills</W><W>from</W><W>both</W><W>emcees</W><C><W>and</W></C><W>backed</W><W>by</W><W>some</W><W>of</W><W>the</W><W>most</W><W>prolific</W><W>dj</W><W>&#39;s</W><C><W>and</W></C><W>producers</W><W>of</W><W>the</W><W>underground</W><W>,</W><W>their</W><W>unique</W><W>take</W><W>on</W><W>hip</W><W>hop</W><W>is</W><W>one</W><W>to</W><W>pay</W><W>attention</W><W>to</W><W>.</W></SENTENCE><SENTENCE><W>While</W><W>the</W><W>duo</W><cue ID="0" type="negation"><W>does</W><W>n&#39;t</W></cue><xcope ID="4"><ref COMMENTS="" ID="7" SRC="0"></ref><W>undertake</W><W>anything</W><W>as</W><W>pretentious</W><W>as</W><xcope ID="2"><ref COMMENTS="" ID="6" SRC="1"></ref><W>rapping</W><W>off</W><C><W>and</W></C><W>then</W><W>back</W><W>on</W><W>beat</W></xcope><C><cue ID="1" type="speculation"><W>or</W></cue></C><xcope ID="3"><ref COMMENTS="" ID="5" SRC="1"></ref><W>creating</W><W>an</W><W>unlisteneable</W><W>,</W><W>extremely</W><W>busy</W><W>production</W><W>backing</W></xcope></xcope><W>like</W><W>that</W><W>of</W><W>the</W><W>Def</W><W>Jux</W><W>label</W><W>(</W><W>sorry</W><W>ethompson3</W><W>,</W><W>)</W><W>the</W><W>sparse</W><W>RZA</W><W>like</W><W>beats</W><C><W>and</W></C><W>futuristic</W><W>lyrical</W><W>subject</W><W>matter</W><W>creates</W><W>images</W><W>of</W><W>flying</W><W>cars</W><C><W>and</W></C><W>lunar</W><W>colonization</W><W>.</W></SENTENCE></P><P></P><P><SENTENCE><W>Formed</W><W>in</W><W>1995</W><W>at</W><W>a</W><W>community</W><W>college</W><W>in</W><W>L.A.</W><W>where</W><W>the</W><W>duo</W><W>met</W><W>each</W><W>other</W><W>during</W><W>break</W><W>,</W><W>the</W><W>two</W><W>formed</W><W>an</W><W>instant</W><W>bond</W><C><W>and</W></C><W>respect</W><W>for</W><W>each</W><W>others</W><W>skills</W><W>.</W></SENTENCE><SENTENCE><W>After</W><W>working</W><W>hard</W><W>in</W><W>the</W><W>underground</W><W>mix</W><W>show</W><W>scene</W><W>,</W><W>the</W><W>two</W><W>released</W><W>the</W><W>video</W><W>game</W><W>inspired</W><W>track</W><W>,</W><W>Killer</W><W>Instinct</W><W>,</W><W>in</W><W>1997</W><C><W>and</W></C><W>gained</W><W>immediate</W><W>respect</W><C><W>and</W></C><W>accolades</W><W>from</W><W>the</W><W>underground</W><W>.</W></SENTENCE><SENTENCE><W>In</W><W>order</W><W>to</W><W>quench</W><W>the</W><W>thirst</W><W>of</W><W>hip</W><W>hop</W><W>fans</W><W>,</W><W>they</W><W>released</W><W>2000</W><W>Fold</W><W>in</W><W>1998</W><W>to</W><W>a</W><W>receptive</W><W>crowd</W><W>.</W></SENTENCE><SENTENCE><W>Using</W><W>techno-like</W><W>,</W><W>futuristic</W><W>soundscapes</W><C><W>and</W></C><W>skilled</W><W>turntablism</W><W>,</W><W>the</W><W>duo</W><W>sounded</W><W>like</W><W>Jedi</W><W>Mind</W><W>Tricks</W><W>on</W><W>LSD.</W></SENTENCE><SENTENCE><W>After</W><W>a</W><W>long</W><W>5</W><W>years</W><W>,</W><W>SOB</W><W>released</W><W>their</W><W>new</W><W>album</W><W>,</W><W>Megadef</W><W>,</W><W>with</W><W>a</W><W>parody</W><W>cover</W><W>of</W><W>Metallica</W><W>&#39;s</W><W>design</W><W>.</W></SENTENCE></P><P></P><P><SENTENCE><W>Favorite</W><W>Tracks</W></SENTENCE></P><P></P><P><SENTENCE><W>2.</W><W>Styles</W><W>of</W><W>Beyond</W><W>performed</W><W>by</W><W>Styles</W><W>of</W><W>Beyond</W><W>/</W><W>DJ</W><W>Rhettmatic</W><W>-</W><W>4:50</W></SENTENCE></P><P></P><P><SENTENCE><W>3.</W><W>Hollograms</W><W>performed</W><W>by</W><W>Styles</W><W>of</W><W>Beyond</W><W>/</W><W>Space</W><W>Boy</W><W>Boogie</W><W>X</W><W>-</W><W>3:49</W></SENTENCE></P><P></P><P><SENTENCE><W>4</W><W>.</W><W>Dangerous</W><W>Minds</W><W>-</W><W>2:47</W></SENTENCE></P><P></P><P><SENTENCE><W>5</W><W>.</W><W>Spies</W><W>Like</W><W>Us</W><W>performed</W><W>by</W><W>Styles</W><W>of</W><W>Beyond</W><W>/</W><W>Emcee</W><W>007</W><W>-</W><W>3:38</W></SENTENCE></P><P></P><P><SENTENCE><W>6</W><W>.</W><W>Winnetka</W><W>Exit</W><W>-</W><W>4:13</W></SENTENCE></P><P></P><P><SENTENCE><W>10</W><W>.</W><W>Survival</W><W>Tactics</W><W>-</W><W>3:38</W></SENTENCE></P><P></P><P><SENTENCE><W>Worst</W><W>Tracks</W></SENTENCE></P><P></P><P><SENTENCE><W>There</W><W>are</W><W>a</W><W>couple</W><W>filler</W><W>tracks</W><W>,</W><W>but</W><W>even</W><W>those</W><W>are</W><W>entertaining</W><W>in</W><C><W>and</W></C><W>of</W><W>themselves</W><W>.</W></SENTENCE></P><P></P><P><SENTENCE><W>On</W><W>To</W><W>the</W><W>Review</W></SENTENCE></P><P></P><P><SENTENCE><W>The</W><W>Intro</W><W>is</W><W>a</W><W>live</W><W>track</W><W>displaying</W><W>Styles</W><W>Of</W><W>Beyond</W><C><W>and</W></C><W>their</W><W>collection</W><W>of</W><W>scratch</W><W>tracks</W><W>.</W></SENTENCE><SENTENCE><W>Nice</W><W>intro</W><W>,</W><W>but</W><W>ultimately</W><W>it</W><W>gets</W><W>skipped</W><W>.</W></SENTENCE></P><P></P><P><SENTENCE><W>The</W><W>album</W><W>gets</W><W>kick</W><W>started</W><W>with</W><W>the</W><W>title</W><W>track</W><W>,</W><xcope ID="10"><ref COMMENTS="" ID="12" SRC="8"></ref><W>Styles</W><W>of</W><W>Beyond</W></xcope><C><cue ID="8" type="speculation"><W>or</W></cue></C><xcope ID="9"><ref COMMENTS="" ID="11" SRC="8"></ref><W>Style</W><W>Warz</W></xcope><W>.</W></SENTENCE><SENTENCE><W>The</W><W>production</W><W>is</W><W>heavily</W><W>infuenced</W><W>by</W><W>RZA</W><W>with</W><W>a</W><W>repetitive</W><W>,</W><W>wobbly</W><W>bass</W><W>line</W><C><W>and</W></C><W>some</W><W>piano</W><W>keys</W><W>looped</W><W>over</W><C><W>and</W></C><W>over</W><W>.</W></SENTENCE><SENTENCE><W>However</W><W>,</W><W>this</W><W>is</W><W>an</W><W>extremely</W><W>entertaining</W><W>track</W><W>,</W><W>aided</W><W>by</W><W>incredible</W><W>turntablism</W><C><W>and</W></C><W>vocal</W><W>echo</W><W>samples</W><W>.</W></SENTENCE><SENTENCE><W>The</W><W>lyrics</W><W>deal</W><W>with</W><W>the</W><W>ceremonial</W><W>progression</W><W>of</W><W>Styles</W><W>of</W><W>Beyond</W><C><W>and</W></C><W>their</W><W>pioneering</W><W>efforts</W><W>within</W><W>the</W><W>underground</W><W>.</W></SENTENCE><SENTENCE><W>Lyrical</W><W>imagery</W><W>is</W><W>what</W><W>these</W><W>two</W><W>do</W><W>best</W><W>,</W><C><W>and</W></C><W>this</W><W>track</W><W>fully</W><W>emphasizes</W><W>this</W><W>concept</W><W>.</W></SENTENCE><SENTENCE><W>Great</W><W>track</W><W>,</W><W>but</W><W>better</W><W>ones</W><W>up</W><W>ahead</W><W>!</W></SENTENCE></P><P></P><P><SENTENCE><W>With</W><W>an</W><W>eerie</W><W>,</W><W>piano</W><W>loop</W><C><W>and</W></C><W>liquid</W><W>dripping</W><W>along</W><W>with</W><W>an</W><W>incredible</W><W>,</W><W>drum</W><C><W>and</W></C><W>bass</W><W>like</W><W>bass-line</W><W>,</W><W>Hollograms</W><W>remains</W><W>my</W><W>favorite</W><W>track</W><W>on</W><W>the</W><W>entire</W><W>album</W><W>.</W></SENTENCE><SENTENCE><W>Sampling</W><W>Pharoahe</W><W>Monch</W><W>between</W><W>verses</W><W>,</W><W>the</W><W>duo</W><W>continue</W><W>with</W><W>more</W><W>futuristic</W><W>imagery</W><C><W>and</W></C><W>the</W><W>two</W><W>emcees</W><W>display</W><W>their</W><W>lyrical</W><W>dominance</W><W>of</W><W>the</W><W>mic</W><W>.</W></SENTENCE><SENTENCE><W>To</W><W>me</W><W>,</W><W>the</W><W>lyrics</W><W>are</W><W>like</W><W>Canibus</W><W>&#39;</W><W>scientific</W><W>braggadocio</W><W>aspects</W><W>but</W><W>with</W><W>a</W><W>blend</W><W>of</W><W>imagined</W><W>millenial</W><W>forecasting</W><W>(</W><C><cue ID="13" type="speculation"><W>if</W></cue></C><xcope ID="14"><ref COMMENTS="" ID="15" SRC="13"></ref><W>that</W><W>makes</W><W>any</W><W>sense</W></xcope><W>.</W><W>)</W></SENTENCE><SENTENCE><W>Example</W><W>:</W></SENTENCE></P><P></P><P><SENTENCE><W>Occupants</W><W>in</W><W>my</W><W>space</W><W>,</W><W>bring</W><W>it</W><W>on</W><W>,</W><W>try</W><W>to</W><W>harm</W><W>me</W></SENTENCE></P><P></P><P><SENTENCE><W>I</W><W>grab</W><W>a</W><W>gun</W><C><W>and</W></C><W>start</W><W>to</W><W>unload</W><W>like</W><W>Finnish</W><W>laundry</W></SENTENCE></P><P></P><P><SENTENCE><W>Terminology</W><W>rips</W><W>,</W><W>like</W><W>full</W><W>clips</W><W>through</W><W>{bullsh*t}</W></SENTENCE></P><P></P><P><SENTENCE><W>Funk</W><W>flips</W><W>off</W><W>the</W><W>tongue</W><W>,</W><W>Ryu</W><W>&#39;s</W><W>on</W><W>some</W><W>pool</W><W>{sh*t}</W></SENTENCE></P><P></P><P><SENTENCE><W>Bellyflops</W><C><W>and</W></C><W>whatnot</W><W>,</W><W>low</W><W>audio</W><W>sonar</W></SENTENCE></P><P></P><P><SENTENCE><W>Tractor</W><W>beams</W><W>pullin</W><W>all</W><W>dreams</W><W>into</W><W>the</W><W>polar</W></SENTENCE></P><P></P><P><SENTENCE><W>Symetic</W><W>solar</W><W>systematically</W><W>scramble</W><W>thoughts</W></SENTENCE></P><P></P><P><SENTENCE><W>like</W><W>eggs</W><W>on</W><W>Sunday</W><W>morning</W><W>,</W><W>OJ</W><C><W>and</W></C><W>acid</W><W>drops</W></SENTENCE></P><P></P><P><SENTENCE><W>Randomly</W><W>rippin</W><W>spots</W><W>,</W><W>spittin</W><W>dope</W><W>like</W><W>freebasin&#39;</W></SENTENCE></P><P></P><P><SENTENCE><W>like</W><W>an</W><W>open</W><W>invitation</W><W>to</W><W>come</W><C><W>and</W></C><W>kick</W><W>it</W><W>with</W><W>Satan</W><W>yo</W></SENTENCE></P><P></P><P><SENTENCE><W>Now</W><W>thats</W><W>what</W><W>I</W><W>call</W><W>imagination</W><W>...</W></SENTENCE></P><P></P><P><SENTENCE><W>Dangerous</W><W>Minds</W><W>continues</W><W>the</W><W>insane</W><W>trend</W><W>of</W><W>perfection</W><W>.</W></SENTENCE><SENTENCE><W>With</W><W>a</W><W>heavy</W><W>breathing</W><W>of</W><W>a</W><W>dying</W><W>creature</W><W>in</W><W>the</W><W>background</W><W>as</W><W>well</W><W>as</W><W>an</W><W>eerie</W><W>flute</W><W>loop</W><W>a</W><W>la</W><W>Apocalypse</W><W>Now</W><W>,</W><W>the</W><W>track</W><W>is</W><W>set</W><W>up</W><W>for</W><W>some</W><W>apocalyptic</W><W>,</W><W>futuristic</W><W>lyrics</W><W>.</W></SENTENCE><SENTENCE><W>The</W><W>creativity</W><W>that</W><W>is</W><W>displayed</W><W>is</W><W>grandiose</W><W>as</W><W>usual</W><W>,</W><W>tying</W><W>in</W><W>some</W><W>braggadocio</W><W>with</W><W>the</W><W>movie</W><W>Dangerous</W><W>Minds</W><W>,</W><W>the</W><W>two</W><W>emcees</W><W>rip</W><W>it</W><W>:</W></SENTENCE></P><P></P><P><SENTENCE><W>Actin</W><W>like</W><W>a</W><W>G</W><W>,</W><W>but</W><W>your</W><W>name</W><W>ai</W><W>n&#39;t</W><W>Julio</W></SENTENCE></P><P></P><P><SENTENCE><W>Messin</W><W>with</W><W>my</W><W>Dangerous</W><W>Mind</W><W>like</W><W>you</W><W>was</W><W>Coolio</W></SENTENCE></P><P></P><P><SENTENCE><W>Michelle</W><W>Pfeiffer</W><W>,</W><W>I</W><W>keep</W><W>it</W><W>hyper</W><W>like</W><W>a</W><W>sniper</W></SENTENCE></P><P></P><P><SENTENCE><W>Buckin</W><W>in</W><W>plain</W><W>view</W><W>,</W><W>my</W><W>fangs</W><W>bare</W><W>like</W><W>a</W><W>viper</W></SENTENCE></P><P></P><P><SENTENCE><W>Step</W><W>into</W><W>my</W><W>cypher</W><W>son</W><C><W>and</W></C><W>get</W><W>tagged</W></SENTENCE></P><P></P><P><SENTENCE><W>around</W><W>the</W><W>toe</W><W>MC</W><W>RahRah</W><W>now</W><W>you</W><W>John</W><W>Doe</W></SENTENCE></P><P></P><P><SENTENCE><W>I</W><W>had</W><W>to</W><W>include</W><W>that</W><W>one</W><W>.</W></SENTENCE><SENTENCE><W>;</W><W>)</W></SENTENCE></P><P></P><P><SENTENCE><W>Spies</W><W>Like</W><W>Us</W><W>is</W><W>an</W><W>extremely</W><W>entertaining</W><W>concept</W><W>.</W></SENTENCE><SENTENCE><W>Essentially</W><W>,</W><W>the</W><W>two</W><W>plot</W><W>the</W><W>spying</W><W>on</W><W>hip</W><W>hop</W><W>,</W><W>eventually</W><W>setting</W><W>their</W><W>goal</W><W>as</W><W>capturing</W><C><W>and</W></C><W>taking</W><W>it</W><W>over</W><W>.</W></SENTENCE><SENTENCE><W>The</W><W>track</W><W>production</W><W>is</W><C><cue ID="16" type="negation"><W>not</W></cue></C><xcope ID="19"><ref COMMENTS="" ID="26" SRC="16"></ref><W>as</W><W>immediately</W><W>engaging</W><W>as</W><W>previous</W><W>tracks</W><W>,</W><W>but</W><W>the</W><W>genius</W><W>is</W><W>still</W><W>there</W><W>,</W><W>with</W><W>incredible</W><W>wood</W><W>flutes</W><W>looping</W><W>during</W><W>the</W><W>choruses</W></xcope><W>.</W></SENTENCE><SENTENCE><W>Overall</W><W>,</W><W>this</W><W>remains</W><W>one</W><W>of</W><W>the</W><W>best</W><W>tracks</W><W>on</W><W>the</W><W>album</W><W>,</W><C><cue ID="17" type="negation"><W>without</W></cue></C><xcope ID="22"><ref COMMENTS="" ID="25" SRC="17"></ref><xcope ID="20"><ref COMMENTS="" ID="24" SRC="18"></ref><W>the</W><W>added</W><W>help</W><W>of</W><W>guests</W></xcope><C><cue ID="18" type="speculation"><W>or</W></cue></C><xcope ID="21"><ref COMMENTS="" ID="23" SRC="18"></ref><W>scratching</W></xcope></xcope><W>,</W><W>two</W><W>of</W><W>the</W><W>main</W><W>strengths</W><W>of</W><W>the</W><W>album</W><W>as</W><W>a</W><W>whole</W><W>.</W></SENTENCE></P><P></P><P><SENTENCE><W>Winnetka</W><W>Exit</W><W>&#39;s</W><W>resemblance</W><W>to</W><W>RZA</W><C><W>and</W></C><W>his</W><W>patented</W><W>,</W><W>early</W><W>Wu-Tang</W><W>hooks</W><W>is</W><W>uncanny</W><W>.</W></SENTENCE><SENTENCE><W>WIth</W><W>a</W><W>sparse</W><W>beat</W><W>composed</W><W>of</W><W>repeating</W><W>guitars</W><C><W>and</W></C><W>a</W><W>vocal</W><W>sample</W><W>,</W><W>the</W><W>track</W><W>is</W><W>minimalist</W><W>in</W><W>that</W><W>RZA</W><W>kind</W><W>of</W><W>way</W><W>.</W></SENTENCE><SENTENCE><W>A</W><W>symphonic</W><W>sample</W><W>is</W><W>also</W><W>included</W><W>,</W><W>engaging</W><W>the</W><W>listener</W><W>ever</W><W>more</W><W>into</W><W>the</W><W>Styles</W><W>of</W><W>Beyond</W><W>world</W><W>.</W></SENTENCE><SENTENCE><W>The</W><W>two</W><W>emcee</W><W>&#39;s</W><W>rep</W><W>where</W><W>they</W><W>are</W><W>from</W><W>;</W><W>the</W><W>Valley</W><W>in</W><W>Los</W><W>Angeles</W><W>.</W></SENTENCE><SENTENCE><W>However</W><W>,</W><W>the</W><W>lyrics</W><cue ID="27" type="negation"><W>are</W><W>n&#39;t</W></cue><xcope ID="30"><ref COMMENTS="" ID="33" SRC="27"></ref><W>as</W><W>incredible</W><W>as</W><W>the</W><W>earlier</W><W>tracks</W><W>because</W><W>of</W><W>their</W><W>more</W><W>straight</W><W>forward</W><W>approach</W></xcope><W>.</W></SENTENCE><SENTENCE><W>Some</W><C><cue ID="29" type="speculation"><W>might</W></cue></C><xcope ID="32"><ref COMMENTS="" ID="35" SRC="29"></ref><W>like</W><W>it</W></xcope><W>,</W><W>others</W><W>,</W><W>including</W><W>me</W><W>,</W><W>do</W><C><cue ID="28" type="negation"><W>not</W></cue></C><xcope ID="31"><ref COMMENTS="" ID="34" SRC="28"></ref><W>like</W><W>it</W><W>as</W><W>much</W></xcope><W>.</W></SENTENCE></P><P></P><P><SENTENCE><W>After</W><W>these</W><W>5</W><W>excellent</W><W>tracks</W><W>,</W><W>the</W><W>album</W><W>starts</W><W>dragging</W><W>a</W><W>bit</W><W>.</W></SENTENCE><SENTENCE><W>Muuvon</W><W>engages</W><W>the</W><W>listener</W><W>in</W><W>a</W><W>&#34;head</W><W>nodding</W><W>&#34;</W><W>way</W><W>,</W><W>although</W><W>the</W><W>lyrics</W><W>are</W><W>second</W><W>nature</W><W>to</W><W>the</W><W>beat</W><W>,</W><W>which</W><W>is</W><W>a</W><W>mish</W><W>mash</W><W>of</W><W>speedy</W><W>bass-heavy</W><W>track-work</W><W>.</W></SENTENCE><SENTENCE><W>After</W><W>listening</W><W>to</W><W>it</W><W>for</W><W>a</W><W>while</W><W>,</W><W>the</W><W>listener</W><W>gets</W><W>sort</W><W>of</W><W>a</W><W>headache</W><W>.</W></SENTENCE><SENTENCE><W>This</W><W>is</W><W>one</W><W>of</W><W>the</W><W>few</W><W>track</W><W>that</W><W>the</W><W>listener</W><C><cue ID="36" type="speculation"><W>can</W></cue></C><xcope ID="37"><ref COMMENTS="" ID="38" SRC="36"></ref><W>skip</W></xcope><W>.</W></SENTENCE><SENTENCE><W>Besides</W><W>the</W><W>decent</W><W>,</W><W>loopy</W><W>production</W><W>,</W><W>Easy</W><W>Back</W><W>It</W><W>Up</W><W>is</W><W>more</W><W>lyrical</W><W>filler</W><W>about</W><W>women</W><C><W>and</W></C><W>live</W><W>shows</W><W>.</W></SENTENCE><SENTENCE><W>Nothing</W><W>misogynistic</W><W>,</W><W>but</W><W>yet</W><W>,</W><W>just</W><W>as</W><W>dissatisfying</W><W>.</W></SENTENCE></P><P></P><P><SENTENCE><W>However</W><W>,</W><W>Survival</W><W>Tactics</W><W>more</W><W>than</W><W>picks</W><W>up</W><W>the</W><W>slack</W><W>with</W><W>an</W><W>excellent</W><W>track</W><W>,</W><W>both</W><W>lyrically</W><C><W>and</W></C><W>production</W><W>wise</W><W>.</W></SENTENCE><SENTENCE><W>With</W><W>a</W><W>surfer</W><W>guitar</W><W>strumming</W><C><W>and</W></C><W>marracas</W><C><W>and</W></C><W>wood</W><W>block</W><W>in</W><W>the</W><W>background</W><W>,</W><W>the</W><W>track</W><W>just</W><W>screams</W><W>&#34;</W><W>creativity</W><W>.</W><W>&#34;</W></SENTENCE><SENTENCE><W>The</W><W>lyrics</W><W>are</W><W>on</W><W>point</W><W>,</W><W>using</W><W>futuristic</W><W>war</W><W>storytelling</W><W>as</W><W>a</W><W>metaphor</W><W>for</W><W>their</W><W>live</W><W>shows</W><W>.</W></SENTENCE><SENTENCE><W>Excellent</W><W>track</W><W>,</W><W>once</W><W>again</W><W>.</W></SENTENCE></P><P></P><P><SENTENCE><W>Gollaxwelcome</W><W>takes</W><W>the</W><W>space/galaxy</W><W>concept</W><W>even</W><W>further</W><W>.</W></SENTENCE><SENTENCE><W>The</W><W>two</W><W>emcee</W><W>&#39;s</W><W>invite</W><W>aliens</W><W>to</W><W>land</W><W>on</W><W>Earth</W><C><W>and</W></C><W>to</W><W>display</W><W>themselves</W><W>to</W><W>the</W><W>world</W><W>.</W></SENTENCE><SENTENCE><W>While</W><W>a</W><W>little</W><W>bit</W><W>loony</W><W>,</W><W>the</W><W>production</W><W>incorporates</W><W>another</W><W>futuristic</W><W>Wu-Tang</W><W>like</W><W>loop</W><C><W>and</W></C><W>some</W><W>cowbell</W><W>along</W><W>with</W><W>a</W><W>stuttered</W><W>bass-line</W><W>.</W></SENTENCE><SENTENCE><W>The</W><W>gravelly</W><W>,</W><W>lo-fi</W><W>characteristic</W><W>of</W><W>the</W><W>production</W><W>lends</W><W>itself</W><W>well</W><W>to</W><W>the</W><W>continuity</W><W>of</W><W>the</W><W>album</W><W>as</W><W>a</W><W>whole</W><W>.</W></SENTENCE></P><P></P><P><SENTENCE><W>Killer</W><W>Instinct</W><W>,</W><W>their</W><W>first</W><W>single</W><W>,</W><W>as</W><W>well</W><W>as</W><W>Marco</W><W>Polo</W><W>end</W><W>the</W><W>album</W><W>on</W><W>a</W><W>positive</W><W>note</W><W>,</W><W>with</W><W>great</W><W>production</W><W>as</W><W>usual</W><C><W>and</W></C><W>lyrics</W><W>that</W><W>are</W><W>on</W><W>point</W><W>.</W></SENTENCE><SENTENCE><W>This</W><W>is</W><W>a</W><W>classic</W><W>album</W><W>,</W><W>with</W><W>a</W><W>bit</W><W>of</W><W>dragging</W><W>in</W><W>the</W><W>middle</W><W>,</W><W>but</W><W>nothing</W><W>to</W><W>detract</W><W>from</W><W>the</W><W>skill</W><C><W>and</W></C><W>creativity</W><W>displayed</W><W>by</W><W>both</W><W>Ryu</W><C><W>and</W></C><W>Takbir</W><W>.</W></SENTENCE><SENTENCE><W>Hurray</W><W>for</W><W>another</W><W>great</W><W>album</W><W>!</W></SENTENCE></P></DOCUMENT>
