<?xml version="1.0" encoding="UTF-8"?>
<DOCUMENT><P></P><P><SENTENCE><W>Once</W><W>upon</W><W>a</W><W>time</W><W>there</W><W>was</W><W>a</W><W>rapper</W><W>named</W><W>Nas</W><W>.</W></SENTENCE><SENTENCE><W>He</W><W>crafted</W><W>a</W><W>sheer</W><W>hip-hop</W><W>classic</W><W>,</W><W>one</W><W>of</W><W>the</W><W>best</W><W>albums</W><W>of</W><W>all</W><W>time</W><W>,</W><W>called</W><W>Illmatic</W><W>in</W><W>1994</W><W>.</W></SENTENCE><SENTENCE><W>The</W><W>album</W><cue ID="0" type="negation"><W>did</W><W>n&#39;t</W></cue><xcope ID="9"><ref COMMENTS="" ID="10" SRC="0"></ref><W>succeed</W><W>in</W><W>sales</W></xcope><W>,</W><W>but</W><W>dropped</W><W>the</W><W>jaws</W><W>of</W><W>hip-hop</W><W>heads</W><W>nationwide</W><W>,</W><W>as</W><W>they</W><C><W>considered</W></C><W>Nas</W><W>the</W><W>savior</W><C><W>and</W></C><W>one</W><W>of</W><W>the</W><W>best</W><W>ever</W><W>.</W></SENTENCE><SENTENCE><W>In</W><W>1996</W><W>,</W><W>he</W><W>followed</W><W>it</W><W>up</W><W>with</W><W>It</W><W>Was</W><W>Written</W><W>,</W><W>a</W><W>more</W><W>mafiosio</W><W>album</W><W>,</W><W>less</W><W>riddled</W><W>with</W><W>Street</W><W>Poetry</W><W>.</W></SENTENCE><SENTENCE><W>On</W><W>that</W><W>album</W><W>,</W><W>he</W><W>brought</W><W>together</W><W>two</W><W>of</W><W>his</W><W>proteges</W><W>:</W><W>AZ</W><C><W>and</W></C><W>Cormega</W><W>.</W></SENTENCE><SENTENCE><W>Both</W><W>of</W><W>these</W><W>emcees</W><W>,</W><W>along</W><W>with</W><W>Nas</W><W>himself</W><C><W>and</W></C><W>Foxy</W><C><cue ID="1" type="speculation"><W>would</W></cue></C><xcope ID="8"><ref COMMENTS="" ID="11" SRC="1"></ref><W>go</W><W>on</W><W>to</W><W>form</W><W>The</W><W>Firm</W><W>,</W><W>a</W><W>hip-hop</W><W>super-group</W></xcope><W>.</W></SENTENCE><SENTENCE><W>However</W><W>,</W><W>weeks</W><W>after</W><W>its</W><W>inception</W><W>,</W><W>Cormega</W><W>found</W><W>himself</W><W>kicked</W><W>out</W><W>the</W><W>group</W><C><W>and</W></C><W>replaced</W><W>with</W><W>the</W><W>slightly</W><W>weaker</W><W>rapper</W><W>Nature</W><W>.</W></SENTENCE><SENTENCE><W>Cormega</W><W>had</W><C><cue ID="2" type="negation"><W>no</W></cue></C><xcope ID="7"><ref COMMENTS="" ID="12" SRC="2"></ref><W>choice</W><W>but</W><W>to</W><W>go</W><W>out</W><W>on</W><W>his</W><W>own</W></xcope><W>.</W></SENTENCE><SENTENCE><W>After</W><W>a</W><W>plethora</W><W>of</W><W>label</W><W>problems</W><W>,</W><W>he</W><W>felt</W><W>it</W><W>was</W><W>hopeless</W><W>,</W><W>until</W><W>2001</W><W>when</W><W>he</W><W>released</W><W>The</W><W>Realness</W><W>,</W><W>in</W><W>my</W><W>opinion</W><W>,</W><W>a</W><W>modern</W><W>new-classic</W><W>album</W><W>.</W></SENTENCE><SENTENCE><C><cue ID="3" type="speculation"><W>If</W></cue></C><xcope ID="6"><ref COMMENTS="" ID="14" SRC="3"></ref><W>Nas</W><W>were</W><W>still</W><W>his</W><W>friend</W><W>,</W><W>it</W><C><cue ID="4" type="speculation"><W>would</W></cue></C><xcope ID="5"><ref COMMENTS="" ID="13" SRC="4"></ref><W>make</W><W>him</W><W>extremely</W><W>proud</W></xcope></xcope><W>...</W></SENTENCE></P><P></P><P><SENTENCE><W>Track</W><W>List</W><W>and</W><W>Rating</W></SENTENCE></P><P></P><P><SENTENCE><W>1</W><W>.</W><W>Dramatic</W><W>Entrance</W><W>(</W><W>4</W><W>Stars</W><W>)</W></SENTENCE></P><P></P><P><SENTENCE><W>2.</W><W>American</W><W>Beauty</W><W>(</W><W>5</W><W>Stars</W><W>)</W></SENTENCE></P><P></P><P><SENTENCE><W>3.</W><W>Thun</W><W>and</W><W>Kicko</W><W>f/</W><W>Prodigy</W><W>(</W><W>5</W><W>Stars</W><W>)</W></SENTENCE></P><P></P><P><SENTENCE><W>4</W><W>.</W><W>The</W><W>Saga</W><W>(</W><W>5</W><W>Stars</W><W>)</W></SENTENCE></P><P></P><P><SENTENCE><W>5</W><W>.</W><W>R</W><W>U</W><W>My</W><W>N*gga</W><W>?</W></SENTENCE><SENTENCE><W>(</W><W>5</W><W>Stars</W><W>)</W></SENTENCE></P><P></P><P><SENTENCE><W>6</W><W>.</W><W>Unforgiven</W><W>(</W><W>5</W><W>Stars</W><W>)</W></SENTENCE></P><P></P><P><SENTENCE><W>7.</W><W>Fallen</W><W>Soldiers</W><W>(</W><W>5</W><W>Stars</W><W>)</W></SENTENCE></P><P></P><P><SENTENCE><W>8.</W><W>Glory</W><W>Days</W><W>(</W><W>5</W><W>Stars</W><W>)</W></SENTENCE></P><P></P><P><SENTENCE><W>9</W><W>.</W><W>Rap</W><W>&#39;s</W><W>A</W><W>Hustle</W><W>(</W><W>4</W><W>Stars</W><W>)</W></SENTENCE></P><P></P><P><SENTENCE><W>10</W><W>.</W><W>Get</W><W>Out</W><W>My</W><W>Way</W><W>(</W><W>5</W><W>Stars</W><W>)</W></SENTENCE></P><P></P><P><SENTENCE><W>11</W><W>.</W></SENTENCE><SENTENCE><W>You</W><W>Do</W><W>n&#39;t</W><W>Want</W><W>It</W><W>(</W><W>5</W><W>Stars</W><W>)</W></SENTENCE></P><P></P><P><SENTENCE><W>12</W><W>.</W><W>5</W><W>For</W><W>40</W><W>(</W><W>4</W><W>Stars</W><W>)</W></SENTENCE></P><P></P><P><SENTENCE><W>13</W><W>.</W></SENTENCE><SENTENCE><W>They</W><W>Forced</W><W>My</W><W>Hand</W><W>(</W><W>5</W><W>Stars</W><W>)</W></SENTENCE></P><P></P><P><SENTENCE><W>14</W><W>.</W><W>Fallen</W><W>Soldiers</W><W>(</W><W>Remix</W><W>)</W><W>(</W><W>5</W><W>Stars</W><W>)</W></SENTENCE></P><P></P><P><SENTENCE><W>*/SYM</W><W>BONUS</W><W>:</W><W>Killaz</W><W>Theme</W><W>f/</W><W>Mobb</W><W>Deep</W><W>(</W><W>5</W><W>Stars</W><W>)</W></SENTENCE></P><P></P><P><SENTENCE><W>&#34;</W><W>Dramatic</W><W>Entrance</W><W>&#34;</W><W>is</W><W>a</W><W>great</W><W>opening</W><W>track</W><W>,</W><W>but</W><W>only</W><W>food</W><W>for</W><W>&#34;</W><W>American</W><W>Beauty&#34;</W><W>,</W><W>the</W><W>first</W><W>real</W><W>classic</W><W>from</W><W>The</W><W>Realness</W><W>.</W></SENTENCE><SENTENCE><W>Taking</W><W>the</W><W>age-old</W><W>extended</W><W>metaphor</W><W>formula</W><W>,</W><W>started</W><W>by</W><W>Common</W><W>on</W><W>&#34;</W><W>I</W><W>Used</W><W>to</W><W>Love</W><W>H.E.R.&#34;</W><W>.</W></SENTENCE><SENTENCE><W>Cormega</W><W>uses</W><W>his</W><W>extended</W><W>metaphoric</W><W>skills</W><W>to</W><W>compare</W><W>hip-hop</W><W>music</W><W>to</W><W>a</W><W>female</W><W>.</W></SENTENCE><SENTENCE><W>Cormega</W><W>sort</W><W>of</W><W>tells</W><W>the</W><W>story</W><W>of</W><W>hip-hop</W><W>being</W><W>&#34;abused</W><W>&#34;</W><C><W>and</W></C><W>&#34;raped</W><W>&#34;</W><W>by</W><W>the</W><W>industry</W><W>,</W><W>specifically</W><W>sell-out</W><W>rappers</W><W>,</W><W>as</W><W>he</W><W>storytells</W><W>the</W><W>life</W><W>of</W><W>his</W><W>fe-male</W><W>,</W><W>a.k</W><W>.a</W><W>.</W></SENTENCE><SENTENCE><W>hip-hop</W><W>.</W></SENTENCE><SENTENCE><W>His</W><W>lyrics</W><W>are</W><W>some</W><W>of</W><W>the</W><W>best</W><W>of</W><W>his</W><W>career</W><W>,</W><W>as</W><W>well</W><W>as</W><W>his</W><W>delivery</W><W>,</W><W>as</W><W>he</W><W>shows</W><W>some</W><W>amazing</W><W>vocabulary</W><W>,</W><C><W>and</W></C><W>a</W><W>great</W><W>flow</W><W>.</W></SENTENCE><SENTENCE><W>The</W><W>beat</W><W>,</W><W>is</W><W>a</W><W>soft</W><W>,</W><W>synthesized</W><W>guitar</W><W>sound</W><W>,</W><W>with</W><W>claps</W><C><W>and</W></C><W>bass</W><W>stringed</W><W>together</W><W>perfectly</W><W>.</W></SENTENCE><SENTENCE><W>My</W><W>only</W><W>complaint</W><W>is</W><W>the</W><W>shortness</W><W>of</W><W>the</W><W>track</W><W>.</W></SENTENCE></P><P></P><P><SENTENCE><W>&#34;</W><W>Thun</W><C><W>and</W></C><W>Kicko</W><W>&#34;</W><W>features</W><W>Mobb</W><W>Deep</W><W>&#39;s</W><W>own</W><W>Prodigy</W><W>,</W><W>as</W><W>he</W><C><W>and</W></C><W>Cormega</W><W>trade</W><W>off</W><W>giving</W><W>us</W><W>dark</W><W>,</W><W>poetic</W><W>street</W><W>tales</W><W>.</W></SENTENCE><SENTENCE><W>The</W><W>beat</W><W>is</W><W>a</W><W>soft</W><W>bass</W><W>,</W><W>mixed</W><W>with</W><W>a</W><W>sort</W><W>of</W><W>hard</W><W>banging</W><W>track</W><W>,</W><W>giving</W><W>it</W><W>a</W><W>murderous</W><W>texture</W><W>.</W></SENTENCE><SENTENCE><W>Prodigy</W><C><W>and</W></C><W>Cormega</W><W>paint</W><W>themselves</W><W>like</W><W>Mobb</W><W>Deep</W><W>have</W><W>constantly</W><W>on</W><W>their</W><W>classics</W><W>,</W><W>as</W><W>street</W><W>demons</W><C><W>and</W></C><W>prophets</W><W>,</W><W>as</W><W>well</W><W>as</W><W>graphic</W><W>storytellers</W><C><W>and</W></C><W>narratives</W><W>.</W></SENTENCE><SENTENCE><W>They</W><W>also</W><W>touch</W><W>on</W><W>the</W><W>street-wise</W><W>topic</W><W>of</W><W>loyalty</W><W>,</W><W>which</W><W>is</W><W>discussed</W><W>more</W><W>thoughroughly</W><W>on</W><W>&#34;</W><W>R</W><W>U</W><W>My</W><W>N*gga&#34;</W><W>.</W></SENTENCE><SENTENCE><W>The</W><W>beat</W><W>,</W><W>though</W><W>saddening</W><C><W>and</W></C><W>melancholy</W><W>,</W><W>is</W><W>beautifully</W><W>put</W><W>together</W><W>,</W><W>with</W><W>a</W><W>gripping</W><W>,</W><W>almost-mafiosio-styled</W><W>cello</W><W>snare</W><W>,</W><W>with</W><W>a</W><W>background</W><W>whistle</W><W>,</W><C><W>and</W></C><W>some</W><W>perfectly</W><W>synthesized</W><W>bass</W><W>.</W></SENTENCE><SENTENCE><W>This</W><W>beat</W><C><cue ID="15" type="speculation"><W>would</W></cue></C><xcope ID="16"><ref COMMENTS="" ID="17" SRC="15"></ref><W>be</W><W>perfect</W><W>for</W><W>a</W><W>mafia</W><W>movie</W><W>,</W><W>but</W><W>the</W><W>lyrics</W><W>are</W><W>a</W><W>bit</W><W>far-fetched</W><W>from</W><W>that</W></xcope><W>.</W></SENTENCE><SENTENCE><W>Cormega</W><W>goes</W><W>way</W><W>back</W><W>to</W><W>his</W><W>childhood</W><W>,</W><W>moving</W><W>up</W><W>into</W><W>his</W><W>teen</W><W>years</W><W>,</W><W>questioning</W><W>the</W><W>true</W><W>factors</W><W>of</W><W>loyalty</W><C><W>and</W></C><W>honor</W><W>in</W><W>life</W><W>.</W></SENTENCE><SENTENCE><W>The</W><W>perfect</W><W>beat</W><C><W>and</W></C><W>amazing</W><W>lyrics</W><W>,</W><W>mixed</W><W>together</W><W>with</W><W>unique</W><C><W>and</W></C><W>creative</W><W>subject</W><W>matter</W><W>fuel</W><W>this</W><W>into</W><W>being</W><W>a</W><W>Cormega</W><W>Classic</W><W>.</W></SENTENCE></P><P></P><P><SENTENCE><W>&#34;</W><W>Fallen</W><W>Soldiers</W><W>&#34;</W><W>is</W><W>a</W><W>touchy</W><W>,</W><W>very</W><W>creative</W><W>track</W><W>where</W><W>Cormega</W><W>sort</W><W>of</W><W>prays</W><W>at</W><W>night</W><W>time</W><W>,</W><W>talking</W><W>to</W><W>his</W><W>very</W><W>close</W><W>friends</W><W>who</W><W>passed</W><W>away</W><W>due</W><W>to</W><W>the</W><W>streets</W><W>.</W></SENTENCE><SENTENCE><W>The</W><W>emotional</W><W>lyrics</W><W>are</W><W>as</W><W>detailed</W><W>as</W><W>it</W><W>gets</W><W>,</W><W>giving</W><W>us</W><W>storytellings</W><W>of</W><W>the</W><W>particular</W><W>deaths</W><W>of</W><W>his</W><W>friends</W><W>,</W><C><W>and</W></C><W>how</W><W>it</W><W>happened</W><W>.</W></SENTENCE><SENTENCE><W>One</W><W>interesting</W><W>lyric</W><W>pays</W><W>homage</W><W>to</W><W>Killa</W><W>Black</W><C><W>and</W></C><W>Ill</W><W>Will</W><W>,</W><W>whom</W><W>Nas</W><C><W>and</W></C><W>Mobb</W><W>Deep</W><W>constantly</W><W>grieve</W><W>.</W></SENTENCE><SENTENCE><W>Im</W><W>guessing</W><W>that</W><W>the</W><W>ties</W><W>in</W><W>Queensbridge</W><W>are</W><W>very</W><W>strong</W><W>.</W></SENTENCE><SENTENCE><W>The</W><W>beat</W><W>is</W><W>melancholy</W><C><W>and</W></C><W>deep</W><W>,</W><W>with</W><W>a</W><W>mixture</W><W>of</W><W>low-bass</W><C><W>and</W></C><W>keyboard</W><W>,</W><C><W>and</W></C><W>some</W><W>high</W><W>synthesizer</W><W>sounds</W><W>.</W></SENTENCE><SENTENCE><W>This</W><W>is</W><W>an</W><W>extremely</W><W>honest</W><W>track</W><W>,</W><C><W>and</W></C><W>he</W><C><cue ID="18" type="negation"><W>never</W></cue></C><xcope ID="19"><ref COMMENTS="" ID="20" SRC="18"></ref><W>wastes</W><W>a</W><W>lyric</W><W>on</W><W>this</W><W>entire</W><W>track</W><W>,</W><W>which</W><W>makes</W><W>it</W><W>another</W><W>one</W><W>of</W><W>my</W><W>personal</W><W>favorites</W><W>.</W></xcope></SENTENCE></P><P></P><P><SENTENCE><W>&#34;</W><W>Glory</W><W>Days</W><W>&#34;</W><W>is</W><W>yet</W><W>another</W><W>saddening</W><W>look</W><W>into</W><W>the</W><W>mind</W><W>of</W><W>Cormega</W><W>,</W><W>as</W><W>he</W><W>makes</W><W>himself</W><W>one</W><W>of</W><W>the</W><W>true</W><W>masters</W><W>of</W><W>street</W><W>poetry</W><W>.</W></SENTENCE><SENTENCE><W>On</W><W>this</W><W>track</W><W>,</W><W>Cormega</W><W>gives</W><W>us</W><W>a</W><W>flashback</W><W>of</W><W>his</W><W>childhood</W><C><W>and</W></C><W>youth</W><W>as</W><W>we</W><W>get</W><W>retrospective</W><W>storytelling</W><W>about</W><W>his</W><W>childhood</W><W>,</W><W>which</W><W>he</W><W>loved</W><W>,</W><W>yet</W><W>hated</W><W>due</W><W>to</W><W>his</W><W>involvement</W><W>in</W><W>the</W><W>streets</W><W>.</W></SENTENCE><SENTENCE><W>This</W><W>track</W><W>is</W><W>perfect</W><W>for</W><W>a</W><W>nice</W><W>underground</W><W>single</W><W>,</W><C><W>and</W></C><W>&#39;</W><W>Mega</W><W>&#39;s</W><W>lyrics</W><W>are</W><W>SO</W><W>well-written</W><W>,</W><W>thoughtful</W><W>,</W><C><W>and</W></C><W>descriptive</W><W>,</W><W>than</W><W>i</W><C><cue ID="21" type="speculation"><W>can</W></cue></C><xcope ID="24"><ref COMMENTS="" ID="25" SRC="21"></ref><W>actually</W><W>visualize</W><W>everything</W><W>he</W><W>was</W><W>talking</W><W>about</W></xcope><W>,</W><C><W>and</W></C><W>you</W><W>KNOW</W><C><cue ID="22" type="speculation"><W>if</W></cue></C><xcope ID="23"><ref COMMENTS="" ID="26" SRC="22"></ref><W>a</W><W>song</W><W>makes</W><W>you</W><W>do</W><W>that</W><W>,</W><W>its</W><W>a</W><W>classic</W></xcope><W>.</W></SENTENCE><SENTENCE><W>The</W><W>lyrics</W><W>are</W><W>a</W><W>testament</W><W>to</W><W>the</W><W>production</W><W>,</W><W>which</W><W>is</W><W>a</W><W>beautiful</W><W>medley</W><W>of</W><W>violins</W><W>,</W><W>bass</W><W>,</W><W>some</W><W>guitar</W><W>,</W><C><W>and</W></C><W>piano</W><W>.</W></SENTENCE><SENTENCE><W>&#34;</W><W>Rap</W><W>&#39;s</W><W>a</W><W>Huscle</W><W>&#34;</W><W>is</W><W>strikingly</W><W>similar</W><W>,</W><W>only</W><W>on</W><W>this</W><W>track</W><W>,</W><W>Cormega</W><W>fast-forwards</W><W>to</W><W>more</W><W>recent</W><W>events</W><W>,</W><W>as</W><W>Cormega</W><W>uses</W><W>his</W><W>extended</W><W>metaphor</W><W>skills</W><W>once</W><W>again</W><W>,</W><W>comparing</W><W>hip-hop</W><W>to</W><W>huscling</W><C><W>and</W></C><W>pimping</W><W>on</W><W>the</W><W>streets</W><W>.</W></SENTENCE><SENTENCE><W>He</W><W>claims</W><W>rap</W><W>music</W><W>is</W><W>commited</W><W>to</W><W>him</W><W>,</W><C><W>and</W></C><W>how</W><W>much</W><W>he</W><W>loves</W><W>H.E.R.</W><W>.</W><W>His</W><W>metaphors</W><W>are</W><W>perfect</W><W>,</W><C><W>and</W></C><W>the</W><W>RandB</W><W>sounding</W><W>production</W><W>is</W><W>nothing</W><W>but</W><W>pure</W><W>magic</W><W>to</W><W>the</W><W>ears</W><W>.</W></SENTENCE></P><P></P><P><SENTENCE><W>Of</W><W>course</W><W>,</W><W>as</W><W>you</W><C><cue ID="27" type="speculation"><W>may</W></cue></C><xcope ID="28"><ref COMMENTS="" ID="29" SRC="27"></ref><W>guess</W></xcope><W>,</W><W>Cormega</W><W>lays</W><W>down</W><W>some</W><W>verbal</W><W>attacks</W><W>towards</W><W>his</W><W>enemies</W><W>on</W><W>The</W><W>Realness</W><W>,</W><W>namely</W><W>his</W><W>former</W><W>teacher</W><W>Nasir</W><W>Jones</W><W>,</W><W>aka</W><W>Nas</W><W>.</W></SENTENCE><SENTENCE><W>On</W><W>&#34;</W><W>Get</W><W>out</W><W>of</W><W>my</W><W>Way</W><W>&#34;</W><C><W>and</W></C><W>&#34;</W><W>You</W><W>Do</W><W>n&#39;t</W><W>Want</W><W>it</W><W>&#34;</W><W>,</W><W>Cormega</W><W>attacks</W><W>Nas</W><W>with</W><W>his</W><W>lyrics</W><W>.</W></SENTENCE><SENTENCE><W>The</W><W>first</W><W>of</W><W>the</W><W>two</W><W>is</W><W>a</W><W>mix</W><W>of</W><W>battle</W><W>rhymes</W><W>,</W><C><W>and</W></C><W>old</W><W>school</W><W>braggadiocio</W><W>,</W><W>with</W><W>well-written</W><W>lyrics</W><C><W>and</W></C><W>a</W><W>multi-syllable</W><W>flow</W><W>.</W></SENTENCE><SENTENCE><W>The</W><W>beat</W><W>features</W><W>an</W><W>amazing</W><W>assortment</W><W>of</W><W>classical</W><W>elements</W><W>,</W><W>like</W><W>violins</W><W>,</W><W>trumpets</W><W>,</W><C><W>and</W></C><W>hard</W><W>bass</W><C><W>and</W></C><W>drums</W><W>,</W><W>giving</W><W>it</W><W>an</W><W>epic</W><C><W>feel</W></C><W>.</W></SENTENCE><SENTENCE><W>The</W><W>second</W><W>track</W><W>is</W><W>much</W><W>more</W><W>straight-forward</W><W>as</W><W>we</W><W>actually</W><W>hear</W><W>the</W><W>N-A-S</W><W>being</W><W>called</W><W>out</W><W>.</W></SENTENCE><SENTENCE><W>Firstly</W><W>,</W><W>the</W><W>track</W><W>&#39;s</W><W>beat</W><W>is</W><W>a</W><W>sombre</W><W>,</W><W>saddening</W><W>piano</W><W>beat</W><W>,</W><W>with</W><W>a</W><W>light</W><W>,</W><W>old</W><W>school</W><W>drum</W><W>/</W><W>snare</W><W>.</W></SENTENCE><SENTENCE><W>Secondly</W><W>,</W><W>Cormega</W><W>annihilates</W><W>Nas</W><W>lyrically</W><W>.</W></SENTENCE><SENTENCE><W>The</W><W>complex</W><W>,</W><W>multi-syllabalistic</W><W>,</W><W>vocabulary</W><W>,</W><C><W>and</W></C><W>amazing</W><W>punchlines</W><C><W>and</W></C><W>threats</W><W>.</W></SENTENCE><SENTENCE><W>Cormega</W><W>gets</W><W>intelligent</W><W>,</W><W>as</W><W>he</W><W>makes</W><W>some</W><W>very</W><W>good</W><W>points</W><W>about</W><W>Nas</W><W>&#39;</W><W>career</W><C><W>and</W></C><W>the</W><W>fact</W><W>that</W><W>it</W><W>is</W><W>loaded</W><W>with</W><W>hypocrisy</W><W>.</W></SENTENCE></P><P></P><P><SENTENCE><W>&#34;</W><W>5</W><W>for</W><W>40</W><W>&#34;</W><W>is</W><W>an</W><W>accapella</W><W>freestyle</W><W>,</W><W>very</W><W>well</W><W>spat</W><C><W>and</W></C><W>deserving</W><W>of</W><W>4</W><W>stars</W><W>.</W></SENTENCE><SENTENCE><W>&#34;</W><W>They</W><W>Forced</W><W>My</W><W>Hand</W><W>&#34;</W><W>closes</W><W>out</W><W>The</W><W>Realness</W><W>(</W><W>besides</W><W>the</W><W>remix</W><W>)</W><W>.</W></SENTENCE><SENTENCE><W>Ironically</W><W>,</W><W>this</W><W>is</W><W>my</W><W>favorite</W><W>song</W><W>on</W><W>the</W><W>entire</W><W>album</W><W>.</W></SENTENCE><SENTENCE><W>The</W><W>beat</W><W>is</W><W>epic</W><C><W>and</W></C><W>loud</W><W>,</W><W>with</W><W>some</W><W>haunting</W><C><W>and</W></C><W>beautiful</W><W>RandB</W><W>background</W><W>vocals</W><W>,</W><W>a</W><W>beautiful</W><W>piano</W><W>loop</W><W>,</W><W>violins</W><W>,</W><W>hard</W><W>bass</W><W>,</W><C><W>and</W></C><W>drums</W><W>.</W></SENTENCE><SENTENCE><W>Cormega</W><W>solidifies</W><W>his</W><W>spot</W><W>as</W><W>one</W><W>of</W><W>the</W><W>illest</W><W>poets</W><C><W>and</W></C><W>emcees</W><W>in</W><W>history</W><W>,</W><W>giving</W><W>us</W><W>an</W><W>introspective</W><W>view</W><W>of</W><W>the</W><W>streets</W><W>,</W><W>its</W><W>darkness</W><W>,</W><W>but</W><W>begs</W><W>for</W><C><W>hope</W></C><W>,</W><C><W>and</W></C><W>thinks</W><W>it</W><C><cue ID="30" type="speculation"><W>may</W></cue></C><xcope ID="33"><ref COMMENTS="" ID="34" SRC="30"></ref><W>happen</W></xcope><W>.</W></SENTENCE><SENTENCE><C><cue ID="31" type="negation"><W>No</W></cue></C><xcope ID="32"><ref COMMENTS="" ID="35" SRC="31"></ref><W>doubt</W><W>,</W><W>beautiful</W></xcope><W>.</W></SENTENCE><SENTENCE><W>By</W><W>fast</W><W>forwarding</W><W>the</W><W>&#34;</W><W>Fallen</W><W>Soldiers</W><W>Remix</W><W>&#34;</W><W>you</W><W>get</W><W>to</W><W>a</W><W>hidden</W><W>track</W><W>&#34;</W><W>Killaz</W><W>Theme</W><W>II</W><W>&#34;</W><W>,</W><W>in</W><W>which</W><W>Mobb</W><W>Deep</W><W>drops</W><W>by</W><W>to</W><W>give</W><W>us</W><W>haunting</W><W>street</W><W>narratives</W><W>.</W></SENTENCE><SENTENCE><W>This</W><W>is</W><W>a</W><W>hauntingly</W><W>evil</W><W>,</W><W>yet</W><W>perfect</W><W>way</W><W>to</W><W>end</W><W>The</W><W>Realness</W><W>.</W></SENTENCE></P><P></P><P><SENTENCE><W>The</W><W>Realness</W><C><cue ID="36" type="speculation"><W>could</W></cue></C><xcope ID="48"><ref COMMENTS="" ID="50" SRC="36"></ref><C><cue ID="37" type="speculation"><W>possibly</W></cue></C><xcope ID="47"><ref COMMENTS="" ID="49" SRC="37"></ref><W>be</W><W>the</W><W>best</W><W>album</W><W>of</W><W>2001</W><W>,</W><W>in</W><W>fact</W><W>,</W><W>it</W><W>is</W><W>,</W><C><W>and</W></C><W>one</W><W>of</W><W>the</W><W>greatest</W><W>of</W><W>all</W><W>time</W></xcope></xcope><W>.</W></SENTENCE><SENTENCE><W>Its</W><W>deep</W><W>street</W><W>poetry</W><W>,</W><W>melancholy</W><C><W>and</W></C><W>perfect</W><W>production</W><W>,</W><C><W>and</W></C><W>lyrics</W><C><W>and</W></C><W>it</W><C><cue ID="38" type="speculation"><W>should</W></cue></C><xcope ID="46"><ref COMMENTS="" ID="51" SRC="38"></ref><W>be</W><W>purchased</W><W>by</W><W>all</W><W>true</W><W>hip-hop</W><W>fans</W></xcope><W>.</W></SENTENCE><SENTENCE><W>Cormega</W><cue ID="39" type="negation"><W>has</W><W>n&#39;t</W></cue><xcope ID="45"><ref COMMENTS="" ID="52" SRC="39"></ref><W>just</W><W>left</W><W>from</W><W>Nas</W><W>&#39;</W><W>shadow</W><W>,</W><W>hes</W><W>basically</W><W>jumped</W><W>out</W><W>like</W><W>a</W><W>video</W><W>game</W><W>character</W><W>with</W><W>this</W><W>album</W></xcope><W>.</W></SENTENCE><SENTENCE><W>Is</W><W>it</W><W>the</W><W>modern</W><W>day</W><W>Illmatic</W><W>?</W></SENTENCE><SENTENCE><C><cue ID="40" type="speculation"><W>Possibly</W></cue></C><W>,</W><xcope ID="44"><ref COMMENTS="" ID="53" SRC="40"></ref><W>in</W><W>fact</W><W>,</W><W>very</W><C><cue ID="41" type="speculation"><W>likely</W></cue></C></xcope><W>;</W><W>Is</W><W>it</W><W>a</W><W>Classic</W><W>?</W></SENTENCE><SENTENCE><W>Yes</W><W>,</W><W>Will</W><W>it</W><W>make</W><W>me</W><W>dance</W><W>?</W></SENTENCE><SENTENCE><W>F*ck</W><C><W>No</W></C><W>;</W><W>Will</W><W>it</W><W>make</W><W>me</W><C><W>think</W></C><W>?</W></SENTENCE><SENTENCE><W>F*ck</W><W>Yes</W><W>;</W><W>Are</W><W>the</W><W>beats</W><W>good</W><W>?</W></SENTENCE><SENTENCE><W>Yes</W><W>;</W><C><cue ID="42" type="speculation"><W>Should</W></cue></C><xcope ID="43"><ref COMMENTS="" ID="54" SRC="42"></ref><W>i</W><W>buy</W><W>it</W></xcope><W>?</W></SENTENCE><SENTENCE><W>VERY</W><W>Stupid</W><W>Question</W><W>....</W></SENTENCE></P><P></P><P><SENTENCE><W>5</W><W>Stars</W></SENTENCE></P></DOCUMENT>
