<?xml version="1.0" encoding="UTF-8"?>
<DOCUMENT><P/><P><SENTENCE><W>First</W><W>of</W><W>all</W><W>the</W><W>Biggie</W><W>issue</W><W>,</W><W>&quot;</W><W>Similarities</W><W>in</W><W>my</W><W>voice</W><W>ni**a</W><W>check</W><W>the</W><W>words</W><W>.&quot;-Shyne</W><W>.</W></SENTENCE><SENTENCE><W>Yes</W><W>,</W><W>on</W><W>first</W><W>hearing</W><W>Shyne</W><W>&apos;s</W><W>voice</W><W>you</W><C><cue ID="0" type="speculation"><W>may</W></cue></C><xcope ID="7"><ref COMMENTS="" ID="13" SRC="0"/><C><cue ID="1" type="speculation"><W>think</W></cue></C><xcope ID="6"><ref COMMENTS="" ID="12" SRC="1"/><W>of</W><W>Biggie</W></xcope></xcope><W>,</W><W>but</W><W>upon</W><W>hearing</W><W>the</W><W>rest</W><W>of</W><W>the</W><W>album</W><W>you</W><W>&apos;ll</W><W>have</W><W>forgotten</W><W>all</W><W>about</W><W>the</W><W>the</W><W>very</W><W>little</W><W>similarity</W><W>,</W><C><cue ID="2" type="speculation"><W>if</W></cue></C><xcope ID="9"><ref COMMENTS="" ID="15" SRC="2"/><W>you</W><cue ID="3" type="negation"><W>have</W><W>n&apos;t</W></cue><xcope ID="8"><ref COMMENTS="" ID="14" SRC="3"/><W>you</W><W>have</W><W>issues</W></xcope></xcope><W>.</W></SENTENCE><SENTENCE><W>The</W><W>difference</W><W>between</W><W>Shyne</W><C><W>and</W></C><W>Biggie</W><W>,</W><W>besides</W><W>the</W><W>younger</W><C><W>and</W></C><W>healthier</W><W>voice</W><W>of</W><W>Shyne</W><W>,</W><W>is</W><W>that</W><W>Biggie</W><W>was</W><W>a</W><W>studio</W><W>gangsta</W><W>&apos;</W><W>where</W><W>as</W><W>Shyne</W><W>is</W><W>for</W><W>real</W><W>.</W></SENTENCE><SENTENCE><W>Biggie</W><W>even</W><W>said</W><W>it</W><W>himself</W><W>in</W><W>an</W><W>interview</W><W>,</W><W>he</W><W>sits</W><W>with</W><W>friends</W><C><W>and</W></C><W>takes</W><W>their</W><W>experiences</W><C><W>and</W></C><W>makes</W><W>them</W><W>into</W><W>songs</W><W>.</W></SENTENCE><SENTENCE><W>You</W><C><cue ID="4" type="speculation"><W>can</W></cue></C><xcope ID="10"><ref COMMENTS="" ID="16" SRC="4"/><C><W>feel</W></C><W>Shyne</W><W>&apos;s</W><W>album</W><W>is</W><W>real</W></xcope><W>,</W><W>you</W><W>hear</W><W>it</W><W>in</W><W>his</W><W>voice</W><W>,</W><W>in</W><W>his</W><W>lyrics</W><C><W>and</W></C><W>you</W><C><cue ID="5" type="speculation"><W>can</W></cue></C><xcope ID="11"><ref COMMENTS="" ID="17" SRC="5"/><W>see</W><W>it</W><W>in</W><W>his</W><W>eyes</W></xcope><W>.</W></SENTENCE><SENTENCE><W>He</W><W>has</W><W>many</W><W>scars</W><W>to</W><W>prove</W><W>his</W><W>battles</W><W>both</W><W>inside</W><C><W>and</W></C><W>out</W><W>.</W></SENTENCE><SENTENCE><W>Trust</W><W>me</W><W>besides</W><W>the</W><W>lyrics</W><W>,</W><W>which</W><W>Shyne</W><W>writes</W><W>himself</W><W>,</W><W>you</W><W>have</W><W>the</W><W>hottest</W><W>beats</W><W>to</W><W>hit</W><W>a</W><W>hip-hop</W><W>album</W><W>in</W><W>a</W><W>while</W><W>.</W></SENTENCE><SENTENCE><W>Shyne</W><W>shows</W><W>how</W><W>versatile</W><W>he</W><W>is</W><W>by</W><W>rapping</W><W>to</W><W>fast</W><W>jungle</W><W>beats</W><W>,</W><W>slow</W><W>&quot;love</W><W>&quot;</W><W>songs</W><W>,</W><C><W>and</W></C><W>all</W><W>those</W><W>bass</W><W>pumping</W><W>tunes</W><W>.</W></SENTENCE><SENTENCE><W>Trust</W><W>me</W><W>when</W><W>I</W><W>&apos;m</W><W>driving</W><C><W>and</W></C><W>I</W><W>need</W><W>something</W><W>to</W><W>hype</W><W>me</W><W>up</W><W>I</W><W>throw</W><W>in</W><W>the</W><W>Shyne</W><W>c.d</W><W>.</W><W>because</W><W>it</W><W>&apos;s</W><W>truly</W><W>hot</W><W>.</W></SENTENCE></P></DOCUMENT>