<?xml version="1.0" encoding="UTF-8"?>
<DOCUMENT><P></P><P><SENTENCE><W>Big</W><W>Tymers</W><W>&#39;</W><W>&#34;</W><W>I</W><W>Got</W><W>That</W><W>Work</W><W>&#34;</W><W>is</W><W>one</W><W>of</W><W>my</W><W>new</W><W>favorite</W><W>rap</W></SENTENCE></P><P></P><P><SENTENCE><W>CD</W><W>&#39;s</W><W>.</W></SENTENCE><SENTENCE><W>It</W><W>has</W><W>a</W><W>wide</W><W>range</W><W>of</W><W>moods</W><W>with</W><W>songs</W><W>that</W><W>are</W><W>slow</W></SENTENCE></P><P></P><P><SENTENCE><C><W>and</W></C><W>songs</W><W>that</W><W>are</W><W>fast</W><W>paced</W><C><W>and</W></C><W>hard</W><W>.</W></SENTENCE><SENTENCE><W>Great</W><W>for</W><W>a</W><W>loud</W><W>car</W></SENTENCE></P><P></P><P><SENTENCE><W>stereo</W><W>system</W><W>but</W><W>equally</W><W>at</W><W>home</W><W>in</W><W>your</W><W>living</W><W>room</W><W>stereo</W><W>.</W></SENTENCE></P><P></P><P><SENTENCE><W>Big</W><W>Tymers</W><W>,</W><W>(</W><W>featuring</W><W>Lil</W><W>wayne</W><C><W>and</W></C><W>juvenile</W><W>on</W><W>most</W><W>tracks</W><W>)</W></SENTENCE></P><P></P><P><SENTENCE><W>talk</W><W>mainly</W><W>about</W><W>the</W><W>amount</W><W>of</W><W>money</W><W>they</W><W>have</W><W>on</W><W>this</W><W>CD.</W></SENTENCE></P><P></P><P><SENTENCE><W>It</W><W>kind</W><W>of</W><W>raises</W><W>your</W><W>spirits</W><W>to</W><W>hear</W><W>that</W><W>there</W><W>are</W><W>people</W></SENTENCE></P><P></P><P><SENTENCE><W>in</W><W>this</W><W>world</W><W>that</W><C><cue ID="0" type="speculation"><W>can</W></cue></C><xcope ID="5"><ref COMMENTS="" ID="6" SRC="0"></ref><W>buy</W><W>some</W><W>of</W><W>the</W><W>things</W><W>that</W><W>these</W><W>guys</W></xcope></SENTENCE></P><P></P><P><SENTENCE><W>own</W><W>.</W></SENTENCE><SENTENCE><W>It</W><W>has</W><W>it</W><W>&#39;s</W><W>fair</W><W>share</W><W>of</W><W>swearing</W><W>(</W><W>which</W><C><cue ID="1" type="negation"><W>never</W></cue></C><xcope ID="7"><ref COMMENTS="" ID="8" SRC="1"></ref><W>bothers</W></xcope></SENTENCE></P><P></P><P><SENTENCE><W>me</W><W>)</W><W>but</W><W>it</W><W>&#39;s</W><W>done</W><W>tastefully</W><W>even</W><W>though</W><W>it</W><W>&#39;s</W><W>a</W><W>hardcore</W><W>rap</W></SENTENCE></P><P></P><P><SENTENCE><W>CD.</W></SENTENCE><SENTENCE><C><W>Not</W></C><W>for</W><W>kids</W><W>,</W><W>but</W><W>great</W><W>for</W><W>all</W><W>else</W><W>.</W></SENTENCE><SENTENCE><W>I</W><W>bought</W><W>it</W><W>because</W></SENTENCE></P><P></P><P><SENTENCE><W>my</W><W>friend</W><W>introduced</W><W>me</W><W>to</W><W>one</W><W>of</W><W>it</W><W>&#39;s</W><W>premiere</W><W>tracks</W><W>...</W><W>&#34;</W><W>Get</W></SENTENCE></P><P></P><P><SENTENCE><W>Your</W><W>Roll</W><W>On</W><W>&#34;</W><W>by</W><W>far</W><W>the</W><W>best</W><W>track</W><W>.</W></SENTENCE><SENTENCE><W>The</W><W>only</W><W>thing</W><W>I</W><W>wish</W><W>was</W></SENTENCE></P><P></P><P><SENTENCE><W>different</W><W>was</W><W>that</W><W>...</W><W>it</W><C><cue ID="2" type="negation"><W>never</W></cue></C><xcope ID="9"><ref COMMENTS="" ID="10" SRC="2"></ref><W>ended</W></xcope><W>.</W></SENTENCE><SENTENCE><C><cue ID="3" type="speculation"><W>If</W></cue></C><xcope ID="11"><ref COMMENTS="" ID="12" SRC="3"></ref><W>you</W><W>like</W><W>Juvenile</W></xcope><W>,</W></SENTENCE></P><P></P><P><SENTENCE><xcope ID="13"><ref COMMENTS="" ID="18" SRC="4"></ref><W>B.G.</W></xcope><W>,</W><xcope ID="14"><ref COMMENTS="" ID="17" SRC="4"></ref><W>Hot</W><W>Boyz</W></xcope><W>,</W><C><cue ID="4" type="speculation"><W>or</W></cue></C><xcope ID="15"><ref COMMENTS="" ID="16" SRC="4"></ref><W>the</W><W>504</W><W>Boys</W></xcope><W>,</W><W>then</W><W>this</W><W>CD</W><W>will</W><W>fit</W><W>right</W></SENTENCE></P><P></P><P><SENTENCE><W>into</W><W>your</W><W>musical</W><W>collection</W><W>.</W></SENTENCE><SENTENCE><W>EH.</W></SENTENCE></P></DOCUMENT>
