<?xml version="1.0" encoding="UTF-8"?>
<DOCUMENT><P></P><P><SENTENCE><W>Totally</W><W>Devoid</W><W>of</W><W>Humor</W><W>Mental</W><W>Hospital</W></SENTENCE></P><P></P><P><SENTENCE><W>Official</W><W>Intake/Evaluation</W><W>Form</W></SENTENCE></P><P></P><P><SENTENCE><W>Patient</W><W>Name</W><W>:Keith</W><W>Thornton</W></SENTENCE></P><P></P><P><SENTENCE><W>Aliases</W><W>:Kool</W><W>Keith</W><W>,</W><W>Dr.</W><W>Octagon</W><W>,</W><W>Black</W><W>Elvis</W><W>,</W><W>Dr.</W><W>Dooom</W><W>,</W><W>Mr.</W><W>Gerbik</W></SENTENCE></P><P></P><P><SENTENCE><W>Previous</W><W>mental</W><W>health</W><W>treatment</W><W>:</W><W>Treated</W><W>at</W><W>Bellvue</W><W>Mental</W><W>Hospital</W><W>briefly</W><W>,</W><W>occasional</W><W>follow-up</W><W>visits</W></SENTENCE></P><P></P><P><SENTENCE><W>Employment</W><W>history</W><W>:</W><W>Rapper</W><W>for</W><W>hire</W><W>;</W><W>previous</W><W>employment</W><W>with</W><W>the</W><W>underground</W><W>hip-hop</W><W>group</W><W>Ultramagnetic</W><W>MC&#39;s</W><W>,</W><W>performing</W><W>under</W><W>the</W><W>name</W><W>&#34;</W><W>Kool</W><W>Keith&#34;</W><W>.</W></SENTENCE><SENTENCE><W>Since</W><W>then</W><W>,</W><W>has</W><W>recorded</W><W>albums</W><W>for</W><W>several</W><W>labels</W><W>.</W></SENTENCE><SENTENCE><C><W>Apparent</W></C><W>issues</W><W>related</W><W>to</W><W>identity</W><W>,</W><W>having</W><W>operated</W><W>under</W><W>several</W><W>names</W><C><W>and</W></C><W>personalities</W><W>.</W></SENTENCE><SENTENCE><W>Employment</W><W>record</W><W>spotty</W><W>,</W><W>containing</W><W>numerous</W><W>periods</W><W>of</W><W>inactivity</W><W>.</W></SENTENCE></P><P></P><P><SENTENCE><W>Doctor</W><W>&#39;s</W><W>Notes</W><W>:</W><W>Finding</W><W>Mr.</W><W>Thornton</W><W>deeply</W><W>distracted</W><C><W>and</W></C><W>virtually</W><W>incapable</W><W>of</W><W>coherent</W><W>communication</W><W>,</W><W>I</W><W>have</W><W>chosen</W><W>to</W><W>analyze</W><W>his</W><W>artistic</W><W>work</W><W>as</W><W>a</W><W>manner</W><W>to</W><C><cue ID="0" type="speculation"><W>perhaps</W></cue></C><xcope ID="5"><ref COMMENTS="" ID="6" SRC="0"></ref><W>find</W><W>some</W><W>insight</W><W>into</W><W>his</W><W>mental</W><W>health</W><W>issues</W></xcope><W>.</W></SENTENCE></P><P></P><P><SENTENCE><W>In</W><W>commencing</W><W>upon</W><W>this</W><W>effort</W><W>,</W><W>I</W><W>came</W><W>across</W><W>his</W><W>1996</W><W>album</W><W>Dr.</W><W>Octagonecologyst</W><W>,</W><W>recorded</W><W>under</W><W>one</W><W>of</W><W>his</W><W>many</W><W>aliases</W><W>,</W><W>Dr.</W><W>Octagon</W><W>.</W></SENTENCE><SENTENCE><W>Upon</W><W>listening</W><W>to</W><W>this</W><W>album</W><W>,</W><W>I</W><W>found</W><W>myself</W><W>deeply</W><W>disturbed</W><W>;</W><C><cue ID="1" type="speculation"><W>perhaps</W></cue></C><xcope ID="8"><ref COMMENTS="" ID="10" SRC="1"></ref><W>this</W><W>patient</W><C><cue ID="2" type="speculation"><W>may</W></cue></C><xcope ID="7"><ref COMMENTS="" ID="9" SRC="2"></ref><W>be</W><W>beyond</W><W>my</W><W>medical</W><W>skills</W></xcope></xcope><W>.</W></SENTENCE></P><P></P><P><SENTENCE><W>As</W><W>the</W><W>album</W><W>begins</W><W>,</W><W>I</W><W>am</W><W>first</W><W>disturbed</W><W>by</W><W>the</W><W>first</W><W>track</W><W>,</W><W>&#34;</W><W>Intro&#34;</W><W>.</W></SENTENCE><SENTENCE><W>A</W><W>conversation</W><W>between</W><W>a</W><W>patient</W><C><W>and</W></C><W>a</W><W>doctor</W><W>,</W><W>this</W><W>brief</W><W>dialogue</W><W>(</W><C><cue ID="3" type="speculation"><W>apparently</W></cue></C><xcope ID="11"><ref COMMENTS="" ID="12" SRC="3"></ref><W>taken</W><W>from</W><W>what</W><W>Mr.</W><W>Thornton</W><W>refers</W><W>to</W><W>as</W><W>a</W><W>&#34;porn</W><W>flick&#34;</W><W>)</W><W>demonstrates</W><W>a</W><W>disturbing</W><W>preoccupation</W><W>with</W><W>sex</W><W>,</W><W>particularly</W><W>in</W><W>the</W><W>highly</W><W>unethical</W><W>patient/doctor</W><W>context</W></xcope><W>.</W></SENTENCE><SENTENCE><W>Initial</W><W>thoughts</W><W>:</W><W>maintain</W><W>distance</W><W>between</W><W>females</W><W>in</W><W>the</W><W>facility</W><C><W>and</W></C><W>Mr.</W><W>Thornton</W><W>.</W></SENTENCE><SENTENCE><W>Suspicion</W><W>of</W><W>hypersexual</W><W>and/or</W><W>sexually</W><W>compulsive</W><W>behavior</W><W>.</W></SENTENCE><SENTENCE><W>Particularly</W><W>of</W><W>note</W><W>:</W><W>the</W><W>repeated</W><W>,</W><W>echoing</W><W>cries</W><W>on</W><W>the</W><W>track</W><W>of</W><W>the</W><W>female</W><W>patient</W><W>exclaiming</W><W>,</W><W>&#34;fuck</W><W>my</W><W>pussy</W><W>,</W><W>doctor</W><W>!</W><W>&#34;</W></SENTENCE></P><P></P><P><SENTENCE><W>Continuing</W><W>from</W><W>here</W><W>,</W><W>we</W><W>find</W><W>Mr.</W><W>Thornton</W><W>&#39;s</W><W>delusional</W><W>behavior</W><W>coming</W><W>through</W><W>,</W><C><cue ID="4" type="speculation"><W>apparently</W></cue></C><xcope ID="13"><ref COMMENTS="" ID="14" SRC="4"></ref><W>believing</W><W>himself</W><W>to</W><W>be</W><W>in</W><W>the</W><W>year</W><W>3000</W><W>,</W><W>on</W><W>the</W><W>aptly</W><W>named</W><W>track</W><W>&#34;</W><W>3000&#34;</W></xcope><W>.</W></SENTENCE><SENTENCE><W>While</W><W>his</W><W>lyrical</W><W>flow</W><W>is</W><W>quite</W><W>competent</W><W>,</W><C><W>and</W></C><W>the</W><W>assistance</W><W>of</W><W>Dan</W><W>&#34;</W><W>The</W><W>Automator</W><W>&#34;</W><W>Nakamura</W><W>on</W><W>production</W><W>,</W><W>makes</W><W>for</W><W>an</W><W>overall</W><W>quality</W><W>song</W><W>,</W><W>it</W><C><cue ID="68" type="negation"><W>fails</W></cue></C><xcope ID="69"><ref COMMENTS="" ID="70" SRC="68"></ref><W>to</W><W>hide</W><W>his</W><W>clear</W><W>case</W><W>of</W><W>dementia</W><W>.</W></xcope></SENTENCE></P><P></P><P><SENTENCE><W>On</W><W>&#34;</W><W>Earth</W><W>People</W><W>&#34;</W><W>,</W><W>I</W><W>see</W><W>that</W><W>his</W><W>delusions</W><W>are</W><W>even</W><W>more</W><W>intense</W><W>than</W><W>previously</W><C><W>believed</W></C><W>.</W></SENTENCE><SENTENCE><W>Keith</W><W>Thornton</W><W>is</W><C><cue ID="15" type="speculation"><W>apparently</W></cue></C><xcope ID="18"><ref COMMENTS="" ID="20" SRC="15"></ref><W>convinced</W><W>he</W><W>is</W><W>,</W><W>in</W><W>fact</W><W>,</W><W>from</W><W>Jupiter</W></xcope><W>.</W></SENTENCE><SENTENCE><W>He</W><W>also</W><C><cue ID="16" type="speculation"><W>seems</W></cue></C><xcope ID="19"><ref COMMENTS="" ID="21" SRC="16"></ref><W>to</W><C><W>believe</W></C><W>he</W><W>is</W><W>actually</W><W>a</W><W>doctor</W></xcope><W>.</W></SENTENCE><SENTENCE><W>While</W><W>he</W><W>attempts</W><W>to</W><W>mask</W><W>his</W><W>delusions</W><W>with</W><W>clever</W><W>lyricism</W><C><W>and</W></C><W>more</W><W>of</W><W>Nakamura</W><W>&#39;s</W><W>production</W><W>skills</W><W>,</W><W>combined</W><W>with</W><W>DJ</W><W>Q-Bert</W><W>of</W><W>Northern</W><W>California</W><W>&#39;s</W><W>Invisible</W><W>Scratch</W><W>Picklz</W><W>work</W><W>on</W><W>the</W><W>turntables</W><W>,</W><W>there</W><W>is</W><C><cue ID="17" type="negation"><W>no</W></cue></C><xcope COMMENTS="" ID="22"><ref COMMENTS="" ID="23" SRC="17"></ref><W>doubt</W></xcope><W>:</W><W>Thornton</W><W>is</W><W>most</W><W>assuredly</W><W>mentally</W><W>troubled</W><W>.</W></SENTENCE></P><P></P><P><SENTENCE><W>&#34;</W><W>Real</W><W>Raw</W><W>&#34;</W><C><cue ID="24" type="speculation"><W>seems</W></cue></C><xcope ID="33"><ref COMMENTS="" ID="41" SRC="24"></ref><W>to</W><C><cue ID="25" type="speculation"><W>suggest</W></cue></C><xcope COMMENTS="" ID="32"><ref COMMENTS="" ID="40" SRC="25"></ref><W>that</W><W>Thornton</W><W>has</W><W>an</W><W>inflated</W><W>sense</W><W>of</W><W>self</W><W>,</W><W>filled</W><W>with</W><W>declarations</W><W>of</W><W>his</W><W>superiority</W><W>over</W><W>others</W></xcope></xcope><W>.</W></SENTENCE><SENTENCE><W>Additionally</W><W>,</W><W>it</W><C><cue ID="26" type="speculation"><W>seems</W></cue></C><xcope ID="36"><ref COMMENTS="" ID="44" SRC="26"></ref><W>to</W><C><cue ID="27" type="speculation"><W>indicate</W></cue></C><xcope ID="35"><ref COMMENTS="" ID="43" SRC="27"></ref><W>a</W><C><cue ID="28" type="speculation"><W>perhaps</W></cue></C><xcope ID="34"><ref COMMENTS="" ID="42" SRC="28"></ref><W>sub-conscious</W><W>propensity</W><W>for</W><W>violence</W><W>hidden</W><W>behind</W><W>his</W><W>facade</W></xcope></xcope></xcope><W>.</W></SENTENCE><SENTENCE><W>Evidence</W><W>of</W><W>this</W><W>is</W><W>further</W><W>found</W><W>in</W><W>the</W><W>track</W><W>immediately</W><W>preceding</W><W>it</W><W>,</W><W>&#34;</W><C><cue ID="71" type="negation"><W>No</W></cue></C><xcope ID="72"><ref COMMENTS="" ID="73" SRC="71"></ref><W>Awareness&#34;</W></xcope><W>,</W><W>which</W><W>begins</W><W>with</W><W>an</W><W>excerpt</W><W>from</W><W>a</W><W>movie</W><W>discussing</W><W>cannibalism</W><W>,</W><W>leading</W><W>into</W><W>a</W><W>song</W><W>with</W><W>a</W><W>decidedly</W><W>Wu-Tang</W><W>Clan-like</W><W>tone</W><W>to</W><W>it</W><W>.</W></SENTENCE><SENTENCE><W>Note</W><W>to</W><W>self</W><W>:</W><W>make</W><W>sure</W><W>orderlies</W><W>are</W><W>made</W><W>aware</W><W>of</W><W>subject</W><W>&#39;s</W><C><cue ID="29" type="speculation"><W>potential</W></cue></C><xcope ID="37"><ref COMMENTS="" ID="45" SRC="29"></ref><W>for</W><W>violence</W></xcope><W>,</W><C><W>and</W></C><W>are</W><W>knowledgeable</W><W>in</W><W>the</W><W>proper</W><W>use</W><W>of</W><W>restraints</W><W>.</W></SENTENCE></P><P></P><P><SENTENCE><W>&#34;</W><W>General</W><W>Hospital</W><W>&#34;</W><C><cue ID="30" type="speculation"><W>appears</W></cue></C><xcope ID="38"><ref COMMENTS="" ID="46" SRC="30"></ref><W>to</W><W>be</W><W>a</W><W>continuing</W><W>manifestation</W><W>of</W><W>Thornton</W><W>&#39;s</W><W>delusional</W><W>belief</W><W>he</W><W>is</W><W>a</W><W>doctor</W></xcope><W>.</W></SENTENCE><SENTENCE><W>Showing</W><W>blatant</W><W>disregard</W><W>for</W><W>proper</W><W>medical</W><W>behavior</W><W>,</W><W>he</W><W>proclaims</W><W>a</W><W>patient</W><W>dead</W><W>of</W><W>chirrosis</W><W>of</W><W>the</W><W>eye</W><W>,</W><W>a</W><W>disease</W><W>which</W><cue ID="31" type="negation"><W>does</W><W>n&#39;t</W></cue><xcope ID="39"><ref COMMENTS="" ID="47" SRC="31"></ref><W>even</W><W>exist</W></xcope><W>.</W></SENTENCE><SENTENCE><W>I</W><W>am</W><W>increasingly</W><W>troubled</W><W>,</W><W>curious</W><W>as</W><W>to</W><W>what</W><W>activities</W><W>the</W><W>patient</W><W>was</W><W>engaged</W><W>in</W><W>prior</W><W>to</W><W>treatment</W><W>.</W></SENTENCE></P><P></P><P><SENTENCE><W>&#34;</W><W>Blue</W><W>Flowers</W><W>&#34;</W><W>,</W><W>outside</W><W>of</W><W>the</W><W>patient</W><W>&#39;s</W><W>continuing</W><W>belief</W><W>he</W><W>is</W><W>a</W><W>practicing</W><W>surgeon</W><C><W>and</W></C><W>his</W><W>description</W><W>of</W><W>&#34;green</W><W>rain</W><W>&#34;</W><W>,</W><W>is</W><W>unusually</W><W>cogent</W><W>,</W><C><cue ID="48" type="speculation"><W>perhaps</W></cue></C><xcope ID="51"><ref COMMENTS="" ID="56" SRC="48"></ref><W>written</W><W>during</W><W>a</W><W>more</W><W>lucid</W><W>period</W><W>in</W><W>his</W><W>disease</W></xcope><W>.</W></SENTENCE><SENTENCE><W>It</W><W>is</W><W>also</W><W>accompanied</W><W>by</W><W>an</W><W>impressive</W><W>bit</W><W>of</W><W>musical</W><W>creativity</W><W>by</W><W>the</W><W>previously</W><W>mentioned</W><W>Nakamura</W><C><W>and</W></C><W>Q-Bert</W><W>.</W></SENTENCE><SENTENCE><W>I</W><W>am</W><W>curious</W><W>as</W><W>to</W><W>the</W><W>mental</W><W>health</W><W>of</W><W>his</W><W>cohorts</W><W>working</W><W>on</W><W>this</W><W>album</W><cue ID="49" type="speculation"><W>...perhaps</W></cue><xcope ID="53"><ref COMMENTS="" ID="55" SRC="49"></ref><W>I</W><C><cue ID="50" type="speculation"><W>should</W></cue></C><xcope ID="52"><ref COMMENTS="" ID="54" SRC="50"></ref><W>provide</W><W>my</W><W>findings</W><W>to</W><W>the</W><W>appropriate</W><W>authorities</W><W>in</W><W>San</W><W>Francisco</W></xcope></xcope><W>.</W></SENTENCE></P><P></P><P><SENTENCE><W>&#34;</W><W>Technical</W><W>Difficulties</W><W>&#34;</W><W>is</W><W>the</W><W>most</W><W>obvious</W><W>example</W><W>present</W><W>of</W><W>the</W><W>&#34;word</W><W>salad</W><W>&#34;</W><W>typical</W><W>of</W><W>most</W><W>disorganized</W><W>schizophrenics</W><W>.</W></SENTENCE><SENTENCE><W>With</W><W>lyrical</W><W>samples</W><W>such</W><W>as</W><W>:</W></SENTENCE></P><P></P><P><SENTENCE><W>Chewbacca</W><W>&#39;s</W><C><cue ID="74" type="negation"><W>not</W></cue></C><xcope ID="75"><ref COMMENTS="" ID="76" SRC="74"></ref><W>here</W></xcope><W>i</W><W>&#39;ma</W><W>do</W><W>it</W><W>for</W><W>your</W><W>circumcised</W></SENTENCE></P><P></P><P><SENTENCE><W>Niggaz</W><cue ID="77" type="negation"><W>do</W><W>n&#39;t</W></cue><xcope ID="78"><ref COMMENTS="" ID="79" SRC="77"></ref><W>realize</W><W>my</W><W>format</W><W>is</W><W>a</W><W>palm</W><W>spectrum</W></xcope></SENTENCE></P><P></P><P><SENTENCE><W>To</W><W>damage</W><W>any</W><W>rectum</W></SENTENCE></P><P></P><P><SENTENCE><W>This</W><W>is</W><W>the</W><W>real</W><W>dinosaur</W><W>funk</W><W>which</W><W>permitted</W><W>g-funk</W></SENTENCE></P><P></P><P><SENTENCE><W>To</W><W>play</W><W>anally</W><W>through</W><W>the</W><W>trunk</W><W>a</W><W>digital</W><W>master</W></SENTENCE></P><P></P><P><SENTENCE><W>Was</W><W>given</W><W>to</W><W>sam</W><W>cooke</W><C><W>and</W></C><W>jimmy</W><W>castor</W></SENTENCE></P><P></P><P><SENTENCE><W>It</W><W>&#39;s</W><W>pretty</W><C><cue ID="80" type="speculation"><W>apparent</W></cue></C><xcope ID="81"><ref COMMENTS="" ID="82" SRC="80"></ref><W>that</W><W>the</W><W>patient</W><W>is</W><W>far</W><W>from</W><W>mentally</W><W>stable</W></xcope><W>.</W></SENTENCE></P><P></P><P><SENTENCE><W>Another</W><W>sample</W><W>from</W><W>one</W><W>of</W><W>the</W><W>patients</W><W>&#34;porn</W><W>flicks</W><W>&#34;</W><W>,</W><W>entitled</W><W>&#34;</W><W>A</W><W>Visit</W><W>to</W><W>the</W><W>Gynecologyst</W><W>&#34;</W><W>contains</W><W>elements</W><W>of</W><W>female</W><W>impersonation</W><W>,</W><W>sexually</W><W>compulsive</W><W>behavior</W><W>,</W><C><W>and</W></C><W>(</W><C><cue ID="57" type="speculation"><W>possibly</W></cue></C><W>)</W><xcope ID="58"><ref COMMENTS="" ID="59" SRC="57"></ref><W>rape</W></xcope><W>,</W><W>I</W><W>am</W><W>beginning</W><W>to</W><W>question</W><W>the</W><W>ability</W><W>to</W><W>rehabilitate</W><W>Mr.</W><W>Thornton</W><W>.</W></SENTENCE></P><P></P><P><SENTENCE><W>Even</W><W>more</W><W>disturbingly</W><W>,</W><W>on</W><W>the</W><W>track</W><W>&#34;</W><W>Halfsharkalligatorhalfman&#34;</W><W>,</W><W>Thornton</W><W>now</W><W>claims</W><W>his</W><W>is</W><W>Dr.</W><W>Octagon</W><W>(</W><W>himself</W><W>)</W><W>&#39;s</W><W>208-year</W><W>old</W><W>ancestor</W><W>,</W><W>named</W><W>Mr.</W><W>Gerbik</W><W>,</W><W>a</W><W>self-described</W><W>&#34;half-shark</W><W>,</W><W>half-man</W><W>,</W><W>skin</W><W>like</W><W>alligator</W><W>.</W></SENTENCE><SENTENCE><W>Carrying</W><W>a</W><W>dead</W><W>walrus&#34;</W><W>.</W></SENTENCE><SENTENCE><W>I</W><W>am</W><W>now</W><W>resigned</W><W>to</W><W>the</W><W>fact</W><W>that</W><W>this</W><W>case</W><W>is</W><W>going</W><W>to</W><W>take</W><W>a</W><W>long</W><W>time</W><W>.</W></SENTENCE></P><P></P><P><SENTENCE><W>As</W><W>the</W><W>album</W><W>closes</W><W>with</W><W>&#34;</W><W>1977&#34;</W><W>,</W><xcope ID="83"><ref COMMENTS="" ID="84" SRC="60"></ref><W>the</W><W>patient</W><W>&#39;s</W><W>psychosis</W></xcope><C><cue ID="60" type="speculation"><W>seems</W></cue></C><xcope ID="64"><ref COMMENTS="" ID="68" SRC="60"></ref><W>to</W><W>have</W><W>intensified</W><W>,</W><W>now</W><W>believing</W><W>himself</W><W>to</W><W>be</W><W>a</W><W>house</W><W>party</W><W>MC</W><W>in</W><W>the</W><W>late</W><W>seventies</W></xcope><W>.</W></SENTENCE><SENTENCE><W>Admittedly</W><W>,</W><W>Nakamura</W><W>&#39;s</W><W>production</W><W>captures</W><W>the</W><W>flavor</W><W>of</W><W>the</W><W>song</W><W>.</W></SENTENCE><SENTENCE><W>However</W><W>,</W><W>this</W><W>only</W><C><cue ID="61" type="speculation"><W>suggests</W></cue></C><xcope ID="65"><ref COMMENTS="" ID="69" SRC="61"></ref><W>further</W><W>that</W><W>Nakamura</W><W>is</W><W>clearly</W><W>complicit</W><W>in</W><W>Thornton</W><W>&#39;s</W><W>delusions</W></xcope><W>,</W><C><W>and</W></C><C><cue ID="62" type="speculation"><W>should</W></cue></C><xcope ID="67"><ref COMMENTS="" ID="71" SRC="62"></ref><W>be</W><W>kept</W><W>away</W><W>from</W><W>him</W><C><cue ID="63" type="speculation"><W>if</W></cue></C><xcope ID="66"><ref COMMENTS="" ID="70" SRC="63"></ref><W>at</W><W>all</W><C><W>possible</W></C></xcope></xcope><W>.</W></SENTENCE></P><P></P><P><SENTENCE><W>Conclusions</W><W>:</W><W>In</W><W>my</W><W>studies</W><W>of</W><W>Dr.</W><W>Octagonecologyst</W><W>,</W><W>I</W><W>have</W><W>been</W><W>able</W><W>to</W><W>clearly</W><W>conclude</W><W>that</W><W>Mr.</W><W>Thornton</W><W>has</W><W>some</W><W>severe</W><W>mental</W><W>issues</W><W>that</W><C><cue ID="72" type="speculation"><W>may</W></cue></C><xcope ID="73"><ref COMMENTS="" ID="74" SRC="72"></ref><W>take</W><W>substantial</W><W>work</W><W>to</W><W>overcome</W></xcope><W>.</W></SENTENCE><SENTENCE><W>Recommend</W><W>regimen</W><W>of</W><W>125</W><W>mg</W><W>Seroquel</W><W>daily</W><W>,</W><W>with</W><W>dosages</W><W>of</W><W>Ambien</W><W>as</W><W>needed</W><W>.</W></SENTENCE></P><P></P><P><SENTENCE><W>Also</W><W>,</W><W>I</W><W>highly</W><W>recommend</W><W>purchasing</W><W>the</W><W>album</W><W>Dr.</W><W>Ocatagonecologyst</W><C><cue ID="75" type="speculation"><W>if</W></cue></C><xcope ID="76"><ref COMMENTS="" ID="77" SRC="75"></ref><W>you</W><W>are</W><W>a</W><W>fan</W><W>of</W><W>underground</W><W>,</W><W>creative</W><W>hip-hop</W><W>music</W></xcope><W>.</W></SENTENCE><SENTENCE><W>Additionally</W><W>,</W><W>you</W><W>will</W><W>be</W><W>helping</W><W>with</W><W>the</W><W>treatment</W><W>of</W><W>a</W><W>person</W><W>clearly</W><W>in</W><W>need</W><W>of</W><W>mental</W><W>help</W><W>.</W></SENTENCE></P><P></P><P><SENTENCE><W>Great</W><W>Music</W><W>to</W><W>Play</W><W>While</W><W>:</W><W>Tripping</W><W>on</W><W>acid</W><C><W>and</W></C><W>playing</W><W>video</W><W>games</W></SENTENCE></P></DOCUMENT>
