<?xml version="1.0" encoding="UTF-8"?>
<DOCUMENT><P></P><P><SENTENCE><W>At</W><W>last</W><W>...</W><W>My</W><W>survival</W><W>in</W><W>the</W><W>Epinions</W><W>community</W><W>has</W><W>reached</W><W>its</W><W>peak</W><W>.</W></SENTENCE><SENTENCE><W>Big</W><W>D</W><W>has</W><W>achieved</W><W>what</W><W>few</W><W>have</W><W>managed</W><W>,</W><W>the</W><W>amazing</W><W>feat</W><W>of</W><W>150</W><W>reviews</W><W>under</W><W>his</W><W>belt</W><W>.</W></SENTENCE><SENTENCE><W>Im</W><W>sure</W><W>its</W><W>been</W><xcope ID="82"><ref COMMENTS="" ID="85" SRC="81"></ref><W>riveting</W></xcope><W>,</W><cue ID="81" type="speculation"><W>and/or</W></cue><xcope ID="83"><ref COMMENTS="" ID="84" SRC="81"></ref><W>boring</W><W>reading</W><W>me</W></xcope><W>preach</W><W>about</W><W>real</W><W>hip</W><W>hop</W><W>,</W><C><W>and</W></C><W>doing</W><W>reviews</W><W>from</W><W>AZ</W><W>to</W><W>Wu-Tang</W><W>,</W><W>to</W><W>Jay-Z</W><W>,</W><W>to</W><W>Nas</W><W>,</W><W>to</W><W>2pac</W><W>,</W><W>to</W><W>Eminem</W><W>,</W><W>to</W><W>Gangstarr...</W><W>ive</W><W>pretty</W><W>much</W><W>touched</W><W>every</W><W>single</W><W>style</W><W>of</W><W>hip</W><W>hop</W><C><W>possible</W></C><W>.</W></SENTENCE><SENTENCE><W>Ive</W><W>done</W><W>reviews</W><W>on</W><W>underground</W><W>hip</W><W>hop</W><W>,</W><W>abstract</W><W>scientific</W><W>rap</W><W>,</W><W>battle</W><W>rap</W><W>,</W><W>commercial</W><W>rap</W><W>,</W><W>triple-cadence</W><W>lyricism</W><W>,</W><W>political</W><W>rap</W><W>,</W><C><W>and</W></C><W>all</W><W>of</W><W>the</W><W>above</W><W>.</W></SENTENCE><SENTENCE><W>For</W><W>my</W><W>150th</W><W>review</W><W>for</W><W>Epinions</W><W>,</W><W>i</W><W>had</W><W>to</W><W>choose</W><W>a</W><W>special</W><W>album</W><W>.</W></SENTENCE><SENTENCE><W>One</W><W>that</W><W>virtually</W><W>everybody</W><W>on</W><W>this</W><W>network</W><W>of</W><W>reviews</W><W>loves</W><C><W>and</W></C><W>enjoys</W><W>.</W></SENTENCE><SENTENCE><W>One</W><W>that</W><W>is</W><C><cue ID="88" type="speculation"><W>considered</W></cue></C><xcope ID="89"><ref COMMENTS="" ID="90" SRC="88"></ref><W>a</W><W>classic</W><W>by</W><W>all</W></xcope><W>...</W><W>what</W><W>better</W><W>album</W><C><cue ID="0" type="speculation"><W>can</W></cue></C><xcope ID="5"><ref ID="9" SRC="0"></ref><W>there</W><W>be</W><W>than</W><W>Ras</W><W>Kass</W><W>&#39;s</W><W>golden</W><W>classic</W><W>Soul</W><W>On</W><W>Ice</W></xcope><W>.</W></SENTENCE></P><P></P><P><SENTENCE><W>In</W><W>1996</W><W>,</W><W>Hip</W><W>Hop</W><W>was</W><W>a</W><W>pretty</W><W>good</W><W>,</W><W>yet</W><W>bad</W><W>state</W><W>.</W></SENTENCE><SENTENCE><W>Within</W><W>the</W><W>flames</W><W>of</W><W>the</W><W>horrid</W><W>east-coast</W><W>/</W><W>west-coast</W><W>rivalry</W><W>,</W><W>tons</W><W>of</W><W>classics</W><W>were</W><W>released</W><W>on</W><W>this</W><W>magical</W><W>year</W><W>of</W><W>1996</W><W>.</W></SENTENCE><SENTENCE><W>Albums</W><W>by</W><W>Jay-Z</W><W>,</W><W>Gangstarr</W><W>,</W><W>Mobb</W><W>Deep</W><W>,</W><C><W>and</W></C><W>2pac</W><W>fueled</W><W>our</W><W>thirsts</W><W>for</W><W>hip</W><W>hop</W><W>,</W><W>but</W><W>both</W><W>coasts</W><W>were</W><C><cue ID="1" type="negation"><W>not</W></cue></C><xcope ID="11"><ref ID="12" SRC="1"></ref><W>only</W><W>split</W><W>by</W><W>rivalry</W></xcope><W>,</W><W>but</W><W>split</W><W>by</W><W>style</W><W>.</W></SENTENCE><SENTENCE><W>The</W><W>east</W><W>coast</W><W>of</W><W>hip</W><W>hop</W><W>relied</W><W>more</W><W>on</W><W>complex</W><W>lyricism</W><C><W>and</W></C><W>social</W><W>consciousness</W><W>,</W><W>shown</W><W>by</W><W>such</W><W>emcees</W><W>as</W><W>Nas</W><W>,</W><W>The</W><W>Wu-Tang</W><W>Clan</W><W>,</W><W>Jay-Z</W><W>,</W><W>Mobb</W><W>Deep</W><W>,</W><W>Biggie</W><W>,</W><C><W>and</W></C><W>many</W><W>more</W><W>...</W></SENTENCE><SENTENCE><W>However</W><W>,</W><xcope ID="86"><ref COMMENTS="" ID="87" SRC="2"></ref><W>the</W><W>west</W></xcope><C><cue ID="2" type="speculation"><W>seemed</W></cue></C><xcope ID="8"><ref COMMENTS="" ID="10" SRC="2"></ref><W>more</W><W>jiggy</W><C><W>and</W></C><W>gangsta</W></xcope><W>,</W><W>fueled</W><W>by</W><W>the</W><W>emergence</W><W>of</W><W>Death</W><W>Row</W><W>Records</W><C><W>and</W></C><W>Gangsta</W><W>Rap</W><W>.</W></SENTENCE><SENTENCE><W>Emcees</W><W>like</W><W>Dr.</W><W>Dre</W><W>,</W><W>Eazy-E</W><W>,</W><W>Ice</W><W>Cube</W><W>,</W><W>Snoop</W><W>Doggy</W><W>Dogg</W><W>,</W><W>Kurupt</W><W>,</W><C><W>and</W></C><W>2pac</W><W>were</W><W>giving</W><W>us</W><W>the</W><W>G-Funk</W><W>style</W><W>of</W><W>hip</W><W>hop</W><W>.</W></SENTENCE><SENTENCE><W>However</W><W>,</W><W>it</W><C><cue ID="3" type="speculation"><W>seemed</W></cue></C><xcope ID="7"><ref ID="13" SRC="3"></ref><W>difficult</W><W>to</W><W>find</W><W>any</W><W>true</W><W>competent</W><W>advanced</W><W>lyricists</W><W>in</W><W>the</W><W>west</W></xcope><W>.</W></SENTENCE><SENTENCE><W>With</W><W>the</W><W>exception</W><W>of</W><W>a</W><W>cadre</W><W>of</W><W>underground</W><W>lyricists</W><C><W>and</W></C><W>Kurupt</W><W>,</W><W>there</W><W>were</W><C><cue ID="4" type="negation"><W>no</W></cue></C><xcope ID="6"><ref COMMENTS="" ID="14" SRC="4"></ref><W>really</W><W>good</W><W>lyrical</W><W>masterminds</W><W>from</W><W>the</W><W>west</W></xcope><W>.</W></SENTENCE></P><P></P><P><SENTENCE><W>Along</W><W>comes</W><W>Ras</W><W>Kass</W><W>.</W></SENTENCE><SENTENCE><W>There</W><W>was</W><W>so</W><W>much</W><W>buzz</W><W>surrounding</W><W>the</W><W>underground</W><W>west</W><W>coast</W><W>hip</W><W>hop</W><W>scene</W><W>in</W><W>1993</W><W>over</W><W>this</W><W>man</W><W>that</W><W>it</W><W>is</W><W>ridiculous</W><W>.</W></SENTENCE><SENTENCE><W>Ras</W><W>Kass</W><W>was</W><W>known</W><W>for</W><W>his</W><W>freestyles</W><C><W>and</W></C><W>b-sides</W><W>he</W><C><cue ID="15" type="speculation"><W>would</W></cue></C><xcope ID="20"><ref ID="21" SRC="15"></ref><W>release</W><W>in</W><W>the</W><W>underground</W></xcope><W>.</W></SENTENCE><SENTENCE><W>At</W><W>one</W><W>point</W><W>,</W><W>he</W><W>caught</W><W>the</W><W>eye</W><W>of</W><W>a</W><W>record</W><W>executive</W><W>who</W><W>listened</W><W>to</W><W>his</W><W>Soul</W><W>on</W><W>Ice</W><W>EP</W><W>,</W><C><W>and</W></C><W>immediately</W><W>signed</W><W>Ras</W><W>for</W><W>a</W><W>deal</W><W>.</W></SENTENCE><SENTENCE><W>It</W><W>took</W><W>a</W><W>little</W><W>under</W><W>a</W><W>year</W><W>for</W><W>Ras</W><W>Kass</W><W>to</W><W>complete</W><W>his</W><W>first</W><W>major</W><W>label</W><W>debut</W><W>,</W><W>entitled</W><W>Soul</W><W>on</W><W>Ice</W><W>,</W><W>which</W><W>was</W><W>released</W><W>in</W><W>1994</W><W>.</W></SENTENCE><SENTENCE><W>Ras</W><W>Kass</W><W>was</W><W>on</W><W>top</W><W>of</W><W>the</W><W>world</W><W>,</W><W>until</W><W>this</W><W>album</W><W>was</W><W>pulled</W><W>from</W><W>stores</W><W>for</W><W>its</W><W>extremely</W><W>graphic</W><W>,</W><W>somewhat</W><W>racial</W><W>,</W><C><W>and</W></C><W>controversial</W><W>lyrics</W><W>.</W></SENTENCE><SENTENCE><W>Unfortunately</W><W>,</W><W>it</W><W>was</W><W>put</W><W>out</W><W>of</W><W>print</W><C><W>and</W></C><W>very</W><W>few</W><W>real</W><W>copies</W><W>were</W><W>left</W><W>avaliable</W><W>on</W><W>the</W><W>planet</W><W>.</W></SENTENCE><SENTENCE><W>Unfortunately</W><W>,</W><W>many</W><W>have</W><C><cue ID="16" type="negation"><W>not</W></cue></C><xcope ID="19"><ref COMMENTS="" ID="22" SRC="16"></ref><W>heard</W><W>this</W><W>album</W></xcope><W>,</W><C><W>and</W></C><W>those</W><W>who</W><W>have</W><C><cue ID="91" type="speculation"><W>can</W></cue></C><xcope ID="92"><ref COMMENTS="" ID="93" SRC="91"></ref><W>consider</W><W>themselves</W><W>lucky</W></xcope><W>,</W><W>because</W><W>Soul</W><W>on</W><W>Ice</W><C><cue ID="17" type="speculation"><W>could</W></cue></C><xcope ID="18"><ref ID="23" SRC="17"></ref><W>arguably</W><W>be</W><W>the</W><W>most</W><W>lyrical</W><W>album</W><W>in</W><W>hip</W><W>hop</W><W>music...</W><W>hands</W><W>down</W></xcope><W>.</W></SENTENCE></P><P></P><P><SENTENCE><W>Track</W><W>List</W><W>and</W><W>Rating</W></SENTENCE></P><P></P><P><SENTENCE><W>1</W><W>.</W><W>On</W><W>Earth</W><W>As</W><W>It</W><W>Is</W><W>...</W><W>(</W><W>5</W><W>Stars</W><W>)</W></SENTENCE></P><P></P><P><SENTENCE><W>2.</W><W>Anything</W><W>Goes</W><W>(</W><W>5</W><W>Stars</W><W>)</W></SENTENCE></P><P></P><P><SENTENCE><W>3.</W><W>Marinatin</W><W>(</W><W>5</W><W>Stars</W><W>)</W></SENTENCE></P><P></P><P><SENTENCE><W>4</W><W>.</W><W>Reelyishm</W><W>(</W><W>5</W><W>Stars</W><W>)</W></SENTENCE></P><P></P><P><SENTENCE><W>5</W><W>.</W><W>Nature</W><W>of</W><W>the</W><W>Threat</W><W>(</W><W>5</W><W>Stars</W><W>[10</W><C><cue ID="94" type="speculation"><W>if</W></cue></C><xcope ID="96"><ref COMMENTS="" ID="97" SRC="94"></ref><W>i</W><C><cue ID="95" type="speculation"><W>could</W></cue></C></xcope><W>]</W><W>)</W></SENTENCE></P><P></P><P><SENTENCE><W>6</W><W>.</W><W>Etc.</W></SENTENCE><SENTENCE><W>(</W><W>5</W><W>Stars</W><W>)</W></SENTENCE></P><P></P><P><SENTENCE><W>7.</W><W>Sonset</W><W>(</W><W>5</W><W>Stars</W><W>)</W></SENTENCE></P><P></P><P><SENTENCE><W>8.</W><W>Drama</W><W>f/</W><W>Coolio</W><W>(</W><W>3</W><W>1/2</W><W>Stars</W><W>)</W></SENTENCE></P><P></P><P><SENTENCE><W>9</W><W>.</W><W>The</W><W>Evil</W><W>That</W><W>Men</W><W>Do</W><W>(</W><W>5</W><W>Stars</W><W>)</W></SENTENCE></P><P></P><P><SENTENCE><W>10</W><W>.</W><W>If/Then</W><W>(</W><W>4</W><W>1/2</W><W>Stars</W><W>)</W></SENTENCE></P><P></P><P><SENTENCE><W>11</W><W>.</W><W>Miami</W><W>Life</W><W>(</W><W>4</W><W>1/2</W><W>Stars</W><W>)</W></SENTENCE></P><P></P><P><SENTENCE><W>12</W><W>.</W><W>Soul</W><W>On</W><W>Ice</W><W>(</W><W>5</W><W>Stars</W><W>)</W></SENTENCE></P><P></P><P><SENTENCE><W>13</W><W>.</W><W>Ordo</W><W>Abchao</W><W>(</W><W>Order</W><W>Out</W><W>of</W><W>Chaos</W><W>)</W><W>(</W><W>5</W><W>Stars</W><W>)</W></SENTENCE></P><P></P><P><SENTENCE><W>Soul</W><W>On</W><W>Ice</W><W>is</W><W>labelled</W><W>by</W><W>many</W><W>hip</W><W>hop</W><W>heads</W><W>,</W><W>myself</W><W>included</W><W>,</W><W>to</W><W>be</W><W>lyricism</W><W>at</W><W>its</W><W>finest</W><W>.</W></SENTENCE><SENTENCE><W>Absolutely</W><C><cue ID="24" type="negation"><W>no</W></cue></C><xcope ID="34"><ref COMMENTS="" ID="48" SRC="24"></ref><xcope ID="31"><ref COMMENTS="" ID="47" SRC="25"></ref><W>jiggyness</W></xcope><W>,</W><C><cue ID="25" type="speculation"><W>or</W></cue></C><xcope ID="32"><ref COMMENTS="" ID="46" SRC="25"></ref><W>useless</W><W>thug</W><W>rhymes</W></xcope><W>,</W><C><cue ID="26" type="speculation"><W>or</W></cue></C><xcope ID="33"><ref COMMENTS="" ID="45" SRC="25"></ref><W>money-flashing</W><W>included</W><W>here</W></xcope></xcope><W>.</W></SENTENCE><SENTENCE><W>All</W><W>you</W><W>get</W><W>is</W><W>extremely</W><W>well-written</W><W>,</W><W>thoughtful</W><W>,</W><W>socially</W><W>conscious</W><W>lyrics</W><W>,</W><W>with</W><W>a</W><W>blazing</W><W>delivery</W><W>,</W><W>loaded</W><W>with</W><W>a</W><W>plethora</W><W>of</W><W>metaphors</W><W>,</W><W>similes</W><W>,</W><W>wordplay</W><W>,</W><W>punchlines</W><W>,</W><C><W>and</W></C><W>a</W><W>multi-syllable</W><W>flow</W><W>.</W></SENTENCE><SENTENCE><C><cue ID="27" type="speculation"><W>If</W></cue></C><xcope ID="36"><ref ID="41" SRC="27"></ref><W>you</W><W>dont</W><C><cue ID="28" type="speculation"><W>think</W></cue></C><xcope ID="35"><ref ID="40" SRC="28"></ref><W>that</W><W>this</W><W>is</W><W>the</W><W>most</W><W>lyrical</W><W>album</W></xcope></xcope><W>,</W><W>it</W><W>definetely</W><W>gets</W><W>the</W><W>trophy</W><W>for</W><W>most</W><W>metaphor</W><W>used</W><W>within</W><W>an</W><W>album</W><W>.</W></SENTENCE><SENTENCE><W>Because</W><W>Ras</W><W>Kass</W><W>complex</W><W>biblical</W><C><W>and</W></C><W>scientific</W><W>metaphors</W><W>explode</W><W>track</W><W>after</W><W>track</W><W>,</W><W>giving</W><W>us</W><W>a</W><W>more</W><W>advanced</W><W>form</W><W>of</W><W>battle</W><W>rapping</W><C><W>and</W></C><W>braggadiocio</W><W>,</W><W>besides</W><W>all</W><W>of</W><W>the</W><W>intelligent</W><W>,</W><W>socially</W><W>conscious</W><W>,</W><W>street-smart</W><W>moments</W><W>also</W><W>included</W><W>.</W></SENTENCE></P><P></P><P><SENTENCE><W>Ras</W><W>Kass</W><W>kicks</W><W>it</W><W>off</W><W>with</W><W>&#34;</W><W>On</W><W>Earth</W><W>As</W><W>It</W><W>is</W><W>...&#34;</W><W>.</W></SENTENCE><SENTENCE><W>On</W><W>here</W><W>,</W><W>Ras</W><W>Kass</W><W>takes</W><W>the</W><W>battle</W><W>rapping</W><W>style</W><W>of</W><W>hip</W><W>hop</W><W>to</W><W>a</W><W>new</W><W>plateau</W><W>.</W></SENTENCE><SENTENCE><W>The</W><W>first</W><W>thing</W><W>you</W><W>notice</W><W>is</W><W>the</W><W>deep</W><W>,</W><W>underground</W><W>production</W><W>chosen</W><W>for</W><W>this</W><W>track</W><W>,</W><W>which</W><W>is</W><W>incredibly</W><W>good</W><W>.</W></SENTENCE><SENTENCE><W>Featuring</W><W>some</W><W>thumping</W><W>basslines</W><W>,</W><W>drum</W><W>loop</W><W>,</W><C><W>and</W></C><W>synthesized</W><W>effects</W><W>,</W><W>this</W><W>offers</W><W>Ras</W><W>Kass</W><W>a</W><W>beautifully</W><W>haunting</W><W>backdrop</W><W>for</W><W>his</W><W>vocals</W><W>.</W></SENTENCE><SENTENCE><W>Ras</W><W>Kass</W><W>gives</W><W>us</W><W>one</W><W>of</W><W>the</W><W>most</W><W>creative</W><W>tracks</W><W>ive</W><W>ever</W><W>heard</W><W>,</W><W>as</W><W>he</W><W>gives</W><W>us</W><W>a</W><W>battle</W><W>rap</W><W>mixed</W><W>with</W><W>braggadiocio</W><W>,</W><W>loaded</W><W>with</W><W>biblical</W><W>metaphors</W><C><W>and</W></C><W>similes</W><W>.</W></SENTENCE><SENTENCE><cue ID="98" type="speculation"><W>Seemingly</W></cue><xcope ID="99"><ref COMMENTS="" ID="100" SRC="98"></ref><W>every</W><W>single</W><xcope ID="38"><ref COMMENTS="" ID="50" SRC="29"></ref><W>punchline</W></xcope><C><cue ID="29" type="speculation"><W>or</W></cue></C><xcope ID="37"><ref COMMENTS="" ID="49" SRC="29"></ref><W>bar</W></xcope><W>is</W><W>loaded</W><W>with</W><W>a</W><W>biblical</W><W>metaphor</W></xcope><W>,</W><W>where</W><W>he</W><W>compares</W><W>himself</W><W>to</W><W>a</W><W>variety</W><W>of</W><W>religious</W><W>figures</W><W>,</W><W>including</W><W>Jesus</W><W>Christ</W><W>himself</W><W>.</W></SENTENCE><SENTENCE><W>His</W><W>unorthodox</W><W>skills</W><W>on</W><W>the</W><W>microphone</W><W>guarantees</W><W>that</W><W>your</W><W>jaw</W><W>will</W><W>drop</W><W>listening</W><W>to</W><W>the</W><W>lyrics</W><W>more</W><W>than</W><W>once</W><W>on</W><W>this</W><W>track</W><W>.</W></SENTENCE><SENTENCE><W>Its</W><W>clear</W><W>that</W><W>Ras</W><W>does</W><W>his</W><W>research</W><W>before</W><W>writing</W><W>a</W><W>track</W><C><cue ID="30" type="negation"><W>without</W></cue></C><xcope ID="39"><ref COMMENTS="" ID="51" SRC="30"></ref><W>having</W><W>to</W><W>resort</W><W>to</W><W>reading</W><W>&#34;</W><W>Jiggyness</W><W>101</W><W>&#34;</W><C><W>and</W></C><W>&#34;</W><W>Sell-Out</W><W>101&#34;</W></xcope><W>.</W></SENTENCE></P><P></P><P><SENTENCE><W>The</W><W>hip-hop</W><W>martyr</W><W>who</W><W>sacrificed</W><C><W>and</W></C><W>gave</W><W>my</W><W>life</W></SENTENCE></P><P></P><P><SENTENCE><W>But</W><W>got</W><W>&#34;4Pac&#34;</W><W>,</W><W>so</W><W>I</W><W>&#39;m</W><W>livin</W><W>the</W><W>&#34;</W><W>Thug-Life</W><W>&#34;</W><W>in</W><W>the</W><W>afterlife</W></SENTENCE></P><P></P><P><SENTENCE><W>Then</W><W>I</W><W>be</W><W>walking</W><W>through</W><W>the</W><W>pearly</W><W>gates</W></SENTENCE></P><P></P><P><SENTENCE><W>with</W><W>an</W><W>infared</W><W>scope</W><W>ten</W><W>millimeter</W><W>heater</W></SENTENCE></P><P></P><P><SENTENCE><W>Cuz</W><C><cue ID="101" type="speculation"><W>if</W></cue></C><xcope ID="107"><ref COMMENTS="" ID="112" SRC="101"></ref><W>my</W><W>name</W><cue ID="105" type="negation"><W>ai</W><W>n&#39;t</W></cue><xcope ID="106"><ref COMMENTS="" ID="111" SRC="105"></ref><W>in</W><W>the</W><W>&#34;</W><W>Book</W><W>of</W><W>Life</W><W>&#34;</W><W>I</W><W>&#39;m</W><W>snuffing</W><W>St</W><W>.</W><W>Peter</W></xcope></xcope></SENTENCE></P><P></P><P><SENTENCE><W>Drinking</W><W>the</W><W>blood</W><W>of</W><W>Jesus</W><W>Christ</W><C><W>and</W></C><W>p*ssing</W><W>holy</W><W>water</W></SENTENCE></P><P></P><P><SENTENCE><C><cue ID="102" type="negation"><W>no</W></cue></C><xcope ID="108"><ref COMMENTS="" ID="110" SRC="102"></ref><W>QUESTION</W><W>who</W><C><cue ID="103" type="speculation"><W>can</W></cue></C><xcope ID="104"><ref COMMENTS="" ID="109" SRC="103"></ref><W>come</W><W>cleaner</W></xcope></xcope></SENTENCE></P><P></P><P><SENTENCE><W>M-P-C</W><W>plus</W><W>M-I-C</W><W>equals</W><W>holy</W><W>B-I-B-L-E</W><W>to</W><W>me</W></SENTENCE></P><P></P><P><SENTENCE><W>Matrimony</W><W>is</W><W>getting</W><W>head</W><W>but</W><W>I</W><W>refuse</W><W>to</W><W>break</W><W>bread</W></SENTENCE></P><P></P><P><SENTENCE><W>with</W><W>Jezebels</W><W>,</W><W>my</W><W>management</W><W>already</W><W>gets</W><W>twenty</W><W>percent</W></SENTENCE></P><P></P><P><SENTENCE><W>so</W><W>f*ck</W><W>tieing</W><W>,</W><W>go</W><W>to</W><W>Hell</W><W>...</W><W>I</W><W>&#39;d</W><W>rather</W><W>continue</W><W>backsliding</W></SENTENCE></P><P></P><P><SENTENCE><W>You</W><W>&#39;re</W><C><cue ID="113" type="negation"><W>not</W></cue></C><xcope ID="114"><ref COMMENTS="" ID="115" SRC="113"></ref><W>from</W><W>the</W><W>tribe</W><W>of</W><W>Judah</W></xcope><W>,</W><W>so</W><W>why</W><W>you</W><W>lying</W><W>?</W></SENTENCE></P><P></P><P><SENTENCE><W>Come</W><W>watch</W><W>the</W><W>Zion</W><W>,</W><W>I</W><W>&#39;m</W><W>signifying</W></SENTENCE></P><P></P><P><SENTENCE><W>the</W><W>next</W><W>sh*t</W><W>to</W><W>wreck</W><W>sh*t</W><C><W>and</W></C><W>see</W><W>the</W><W>Exodus</W></SENTENCE></P><P></P><P><SENTENCE><W>&#34;</W><W>Anything</W><W>Goes</W><W>&#34;</W><W>is</W><W>our</W><W>first</W><W>showcase</W><W>of</W><W>Ras</W><W>Kass</W><W>&#39;</W><W>street</W><W>poetry</W><W>.</W></SENTENCE><SENTENCE><W>Ras</W><W>gives</W><W>us</W><W>some</W><W>tight</W><W>verses</W><W>about</W><W>getting</W><W>ahead</W><W>of</W><W>life</W><W>.</W></SENTENCE><SENTENCE><W>He</W><cue ID="116" type="speculation"><W>claims</W></cue><xcope ID="117"><ref COMMENTS="" ID="118" SRC="116"></ref><W>that</W><W>everybody</W><W>on</W><W>the</W><W>planet</W><W>will</W><W>do</W><W>anything</W><W>to</W><W>get</W><W>money</W></xcope><W>,</W><W>which</W><W>sort</W><W>of</W><W>mocks</W><W>a</W><W>lot</W><W>of</W><W>people</W><W>,</W><W>including</W><W>commercial</W><W>rappers</W><W>who</W><W>sell-out</W><W>for</W><W>money</W><W>.</W></SENTENCE><SENTENCE><W>Ras</W><W>Kass</W><W>&#39;</W><W>metaphors</W><C><W>and</W></C><W>insertions</W><W>of</W><W>battle</W><W>rhymes</W><W>complement</W><W>the</W><W>track</W><W>perfectly</W><W>.</W></SENTENCE><SENTENCE><W>Ras</W><W>sort</W><W>of</W><W>admits</W><W>to</W><W>following</W><W>the</W><W>mentality</W><W>of</W><W>taking</W><W>the</W><W>easy</W><W>,</W><W>yet</W><W>cheap</W><W>,</W><W>way</W><W>through</W><W>life</W><W>,</W><W>but</W><W>mocks</W><W>those</W><W>who</W><W>do</W><W>it</W><W>because</W><W>he</W><W>has</W><W>gotten</W><W>more</W><W>advanced</W><W>in</W><W>his</W><W>mind</W><W>than</W><W>he</W><W>was</W><W>at</W><W>that</W><W>time</W><W>.</W></SENTENCE><SENTENCE><W>The</W><W>production</W><W>is</W><W>well</W><W>produced</W><W>,</W><W>featuring</W><W>some</W><W>harmonicly</W><W>deep</W><W>basslines</W><W>,</W><W>drum</W><W>/</W><W>clap</W><W>loop</W><W>,</W><W>low-keyboard</W><W>violins</W><W>,</W><C><W>and</W></C><W>some</W><W>background</W><W>vocals</W><W>,</W><W>which</W><W>fit</W><W>with</W><W>the</W><W>dark</W><W>mood</W><W>of</W><W>the</W><W>song</W><C><W>and</W></C><W>the</W><W>lyrics</W><W>.</W></SENTENCE><SENTENCE><W>Another</W><W>masterpiece</W><W>.</W></SENTENCE></P><P></P><P><SENTENCE><W>&#34;</W><W>Marinatin&#39;</W><W>is</W><W>next</W><W>on</W><W>Soul</W><W>on</W><W>Ice</W><W>.</W></SENTENCE><SENTENCE><W>The</W><W>instrumental</W><W>is</W><W>a</W><W>slow-paced</W><W>,</W><W>jazzy</W><W>sounding</W><W>track</W><W>with</W><W>some</W><W>flutes</W><W>,</W><W>snares</W><W>,</W><W>some</W><W>synthesized</W><W>keyboards</W><W>,</W><W>a</W><W>triangle</W><W>,</W><W>drum</W><W>loops</W><C><W>and</W></C><W>a</W><W>low</W><W>bassline</W><W>.</W></SENTENCE><SENTENCE><W>Ras</W><W>Kass</W><W>takes</W><W>the</W><W>west</W><W>coast</W><W>mentality</W><W>of</W><W>G-Funk</W><C><W>and</W></C><W>inserts</W><W>it</W><W>into</W><W>the</W><W>track</W><W>,</W><W>rapping</W><W>a</W><W>slow</W><W>song</W><W>about</W><W>a</W><W>party</W><W>,</W><W>Ras</W><W>Kass</W><W>&#39;</W><W>style</W><W>.</W></SENTENCE><SENTENCE><W>However</W><W>,</W><W>do</W><C><cue ID="52" type="negation"><W>not</W></cue></C><xcope ID="55"><ref COMMENTS="" ID="57" SRC="52"></ref><W>get</W><W>this</W><W>mistaken</W><W>with</W><W>commercialism</W></xcope><W>,</W><W>because</W><W>this</W><W>is</W><C><cue ID="53" type="negation"><W>not</W></cue></C><xcope ID="54"><ref COMMENTS="" ID="56" SRC="53"></ref><W>the</W><W>case</W></xcope><W>.</W></SENTENCE><SENTENCE><W>Ras</W><W>Kass</W><W>vividly</W><W>describes</W><W>living</W><W>the</W><W>good</W><W>life</W><W>,</W><W>very</W><W>vividly</W><W>,</W><C><W>and</W></C><W>separates</W><W>himself</W><W>from</W><W>the</W><W>other</W><W>west</W><W>coast</W><W>rappers</W><W>with</W><W>his</W><W>use</W><W>of</W><W>metaphors</W><W>,</W><W>clever</W><W>wordplay</W><W>,</W><W>similes</W><W>,</W><C><W>and</W></C><W>utilyzes</W><W>a</W><W>more</W><W>in-tune</W><W>multi-syllable</W><W>flow</W><W>for</W><W>the</W><W>third</W><W>verse</W><W>.</W></SENTENCE></P><P></P><P><SENTENCE><W>Ras</W><W>continues</W><W>the</W><W>jazzy</W><W>tunes</W><W>with</W><W>&#34;</W><W>Reelyishm&#34;</W><W>.</W></SENTENCE><SENTENCE><W>Ras</W><W>Kass</W><W>drops</W><W>social</W><W>commentary</W><W>of</W><W>himself</W><W>,</W><W>comparing</W><W>himself</W><W>to</W><W>the</W><W>current</W><W>state</W><W>of</W><W>hip</W><W>hop</W><W>music</W><W>,</W><W>stating</W><W>that</W><W>he</W><cue ID="119" type="negation"><W>does</W><W>n&#39;t</W></cue><xcope ID="120"><ref COMMENTS="" ID="121" SRC="119"></ref><W>care</W><W>about</W><W>selling</W><W>records</W></xcope><W>as</W><W>long</W><W>as</W><W>he</W><W>keeps</W><W>it</W><W>real</W><C><W>and</W></C><W>true</W><W>to</W><W>the</W><W>underground</W><W>.</W></SENTENCE><SENTENCE><W>On</W><W>the</W><W>second</W><W>verse</W><W>,</W><W>his</W><W>lyricism</W><W>improves</W><W>using</W><W>a</W><W>more</W><W>advanced</W><W>scientific</W><W>vocabulary</W><C><W>and</W></C><W>a</W><W>multi-syllable</W><W>flow</W><W>.</W></SENTENCE><SENTENCE><W>Ras</W><W>raps</W><W>about</W><W>the</W><W>streets</W><W>at</W><W>times</W><W>,</W><W>giving</W><W>it</W><W>a</W><W>more</W><W>street</W><W>poetry</W><C><W>feel</W></C><W>.</W></SENTENCE><SENTENCE><W>The</W><W>production</W><W>is</W><W>very</W><W>simplistic</W><W>,</W><W>but</W><W>fits</W><W>the</W><W>mood</W><W>.</W></SENTENCE><SENTENCE><W>Featuring</W><W>a</W><W>loud</W><W>clap</W><W>,</W><W>violins</W><W>,</W><W>a</W><W>hard</W><W>bassline</W><W>,</W><C><W>and</W></C><W>some</W><W>old</W><W>school</W><W>RandB</W><W>vocals</W><W>for</W><W>the</W><W>chorus</W><W>.</W></SENTENCE><SENTENCE><W>Definetely</W><W>another</W><W>classic</W><W>.</W></SENTENCE></P><P></P><P><SENTENCE><W>Slides</W><W>over</W><W>liquidated</W><W>grains</W><W>of</W><W>asphault</W><W>caught</W><W>cranial</W><W>calluses</W></SENTENCE></P><P></P><P><SENTENCE><W>Over</W><W>analysis</W><W>leads</W><W>to</W><W>paralysis</W><W>,</W><W>mediocrity</W><W>my</W><W>nemesis</W></SENTENCE></P><P></P><P><SENTENCE><W>Try</W><W>to</W><W>f*ck</W><W>every</W><W>radical</W><W>feminist</W><W>I</W><W>meet</W><W>,</W><W>call</W><W>it</W><W>engage</W><C><W>and</W></C><W>defeat</W></SENTENCE></P><P></P><P><SENTENCE><W>That</W><W>&#39;s</W><W>the</W><W>reason</W><W>why</W><W>black</W><W>men</W><W>hide</W><W>in</W><W>the</W><W>womb</W><W>,</W><W>homes</W></SENTENCE></P><P></P><P><SENTENCE><W>Cuz</W><W>life</W><W>is</W><W>all</W><W>taxes</W><C><W>and</W></C><W>tombstones</W></SENTENCE></P><P></P><P><SENTENCE><W>So</W><W>as</W><W>flesh</W><C><W>and</W></C><W>bone</W><W>I</W><W>zone</W><W>my</W><W>thoughts</W><W>explode</W><W>with</W><W>rap</W><W>shranel</W><W>syntax</W><W>;</W></SENTENCE></P><P></P><P><SENTENCE><W>That</W><W>&#39;ll</W><W>wax</W><W>to</W><W>the</W><W>past</W><W>,</W><C><W>and</W></C><W>present</W><W>the</W><W>future</W><W>of</W><W>Ras</W><W>Kass</W><W>lies</W><W>in</W><W>the</W><W>skull</W><W>,</W></SENTENCE></P><P></P><P><SENTENCE><W>Like</W><W>the</W><W>coronal</W><W>suture</W><W>...</W></SENTENCE><SENTENCE><W>So</W><W>I</W><W>write</W><W>truly</W><W>fat</W><W>sh*t</W><W>for</W><W>the</W><W>core</W><W>audience</W></SENTENCE></P><P></P><P><SENTENCE><W>But</W><W>sometimes</W><W>I</W><W>wonder</W><W>does</W><W>it</W><W>really</W><W>exist</W><W>?</W></SENTENCE></P><P></P><P><SENTENCE><W>Cuz</W><W>true</W><W>lyricists</W><W>in</W><W>hip-hop</W><W>Joe</W><W>Public</W><W>be</W><W>dissin</W></SENTENCE></P><P></P><P><SENTENCE><W>N*ggas</W><W>do</W><W>n&#39;t</W><W>relate</W><W>,</W><W>elevate</W><C><W>and</W></C><W>its</W><W>treated</W><W>like</W><W>elevator</W><W>music</W></SENTENCE></P><P></P><P><SENTENCE><W>At</W><W>last</W><W>,</W><W>we</W><W>get</W><W>to</W><W>defining</W><W>moment</W><W>of</W><W>Ras</W><W>Kass</W><W>career</W><W>,</W><C><W>and</W></C><W>of</W><W>Soul</W><W>On</W><W>Ice</W><W>,</W><C><cue ID="58" type="speculation"><W>possibly</W></cue></C><xcope ID="64"><ref ID="68" SRC="58"></ref><W>the</W><W>single</W><W>most</W><W>controversial</W><W>track</W><W>in</W><W>hip</W><W>hop</W></xcope><W>:</W><W>&#34;</W><W>Nature</W><W>of</W><W>the</W><W>Threat&#34;</W><W>.</W></SENTENCE><SENTENCE><W>To</W><W>summarize</W><W>it</W><W>as</W><W>best</W><W>i</W><C><W>can</W></C><W>,</W><W>Ras</W><W>Kass</W><W>time</W><W>travels</W><W>back</W><W>to</W><W>the</W><W>birth</W><W>of</W><W>humankind</W><W>in</W><W>itself</W><W>,</W><W>tracing</W><W>the</W><W>history</W><W>all</W><W>the</W><W>way</W><W>back</W><W>to</W><W>present</W><W>day</W><W>.</W></SENTENCE><SENTENCE><W>Ras</W><W>Kass</W><W>gives</W><W>us</W><W>a</W><W>plethora</W><W>of</W><W>narratives</W><W>covering</W><W>the</W><W>oppression</W><W>of</W><W>caucasian</W><W>individuals</W><W>/</W><W>white</W><W>people</W><W>towards</W><W>african</W><W>american</W><W>individuals</W><C><W>and</W></C><W>basically</W><W>the</W><W>entire</W><W>world</W><W>.</W></SENTENCE><SENTENCE><W>Ras</W><W>Kass</W><W>raps</W><W>about</W><W>nearly</W><W>all</W><W>of</W><W>the</W><W>mistakes</W><W>in</W><W>the</W><W>past</W><W>,</W><W>striking</W><W>out</W><W>with</W><W>tons</W><W>of</W><W>a</W><W>bunch</W><W>of</W><W>claims</W><W>about</W><W>changing</W><W>the</W><W>entire</W><W>history</W><W>of</W><W>Jesus</W><W>Christ</W><W>,</W><W>the</W><W>Roman</W><W>Age</W><W>,</W><W>the</W><W>birth</W><W>of</W><W>the</W><W>Smallpox</W><W>/</W><W>Aids</W><W>Viruses</W><W>,</W><C><W>and</W></C><W>the</W><W>myth</W><W>about</W><W>Thanksgiving</W><W>.</W></SENTENCE><SENTENCE><W>This</W><W>lone</W><W>track</W><W>has</W><W>become</W><W>a</W><W>pure</W><W>legend</W><W>among</W><W>hip</W><W>hop</W><W>heads</W><W>worldwide</W><W>.</W></SENTENCE><SENTENCE><W>Ras</W><W>raps</W><W>on</W><W>this</W><W>track</W><W>,</W><W>telling</W><W>the</W><W>entire</W><W>story</W><W>for</W><W>nearly</W><W>8</W><W>minutes</W><W>straight</W><W>.</W></SENTENCE><SENTENCE><W>He</W><W>mentions</W><W>so</W><W>many</W><W>historical</W><W>figures</W><W>,</W><W>too</W><W>many</W><W>to</W><W>count</W><W>on</W><W>this</W><W>particular</W><W>review</W><W>.</W></SENTENCE><SENTENCE><W>Ras</W><W>Kass</W><W>&#39;</W><W>research</W><W>for</W><W>this</W><W>track</W><W>took</W><W>months</W><W>,</W><C><W>and</W></C><W>his</W><W>effort</W><W>is</W><W>extremely</W><W>appreciate</W><W>,</W><W>even</W><W>though</W><W>some</W><W>of</W><W>the</W><W>information</W><W>is</W><W>a</W><W>bit</W><W>off</W><C><W>and</W></C><W>wrong</W><W>,</W><W>but</W><C><cue ID="59" type="speculation"><W>either</W></cue></C><xcope ID="65"><ref ID="69" SRC="59"></ref><W>way</W><W>he</W><W>makes</W><W>you</W><W>want</W><W>to</W><W>go</W><W>to</W><W>your</W><W>local</W><W>Public</W><W>Library</W></xcope><C><W>and</W></C><W>actually</W><W>research</W><W>these</W><W>facts</W><W>yourself</W><W>,</W><W>that</W><W>is</W><W>how</W><W>much</W><W>of</W><W>an</W><W>impact</W><W>this</W><W>song</W><W>has</W><W>.</W></SENTENCE><SENTENCE><W>When</W><W>it</W><W>comes</W><W>to</W><W>the</W><W>basic</W><W>hip</W><W>hop</W><W>elements</W><W>,</W><W>Ras</W><W>is</W><W>on</W><W>point</W><W>with</W><W>top-notch</W><W>lyricism</W><W>,</W><W>metaphors</W><W>,</W><W>similes</W><W>,</W><W>clever</W><W>wordplay</W><W>,</W><C><W>and</W></C><W>a</W><W>shining</W><W>delivery</W><W>.</W></SENTENCE><SENTENCE><W>The</W><W>production</W><W>is</W><W>deep</W><C><W>and</W></C><W>dark</W><W>,</W><W>driven</W><W>by</W><W>a</W><W>recurring</W><W>bassline</W><W>,</W><W>low-drums</W><W>,</W><C><W>and</W></C><W>church</W><W>bells</W><W>in</W><W>the</W><W>background</W><W>.</W></SENTENCE><SENTENCE><W>This</W><W>is</W><W>a</W><W>nominee</W><W>for</W><W>greatest</W><W>hip</W><W>hop</W><W>track</W><W>ever</W><W>recorded</W><W>,</W><C><W>and</W></C><C><cue ID="60" type="speculation"><W>if</W></cue></C><xcope ID="72"><ref COMMENTS="" ID="73" SRC="60"></ref><W>you</W><W>&#39;re</W><W>looking</W><W>for</W><W>a</W><W>lyrical</W><W>sample</W></xcope><W>.</W><W>.</W><W>sorry</W><W>...</W><W>try</W><W>ohhla.com</W><W>,</W></SENTENCE><SENTENCE><C><cue ID="61" type="speculation"><W>if</W></cue></C><C><cue ID="62" type="negation"><xcope ID="66"><ref ID="70" SRC="61"></ref><W>not</W></xcope></cue></C><W>...</W><W>then</W><W>buy</W><W>the</W><W>album</W><W>,</W><W>which</W><W>is</W><W>what</W><W>you</W><C><cue ID="63" type="speculation"><W>should</W></cue></C><xcope ID="67"><ref ID="71" SRC="63"></ref><W>&#39;ve</W><W>done</W><W>a</W><W>long</W><W>time</W><W>ago</W></xcope><W>.</W></SENTENCE></P><P></P><P><SENTENCE><W>&#34;Etc</W><W>&#34;</W><W>is</W><W>next</W><W>.</W></SENTENCE><SENTENCE><W>On</W><W>here</W><W>,</W><W>Ras</W><W>switches</W><W>up</W><W>a</W><W>bit</W><W>.</W></SENTENCE><SENTENCE><W>Ras</W><W>speeds</W><W>up</W><W>his</W><W>flow</W><W>,</W><W>almost</W><W>reaching</W><W>a</W><W>triple-cadence</W><W>style</W><W>,</W><W>but</W><W>slows</W><W>down</W><W>at</W><W>times</W><W>.</W></SENTENCE><SENTENCE><W>Ras</W><W>uses</W><W>amazing</W><W>lyricism</W><W>to</W><W>take</W><W>down</W><W>all</W><W>the</W><W>commercial</W><W>rappers</W><C><W>and</W></C><W>materialistic</W><W>emcees</W><W>in</W><W>this</W><W>venomous</W><W>battle</W><W>rap</W><W>.</W></SENTENCE><SENTENCE><W>Ras</W><W>is</W><W>extremely</W><W>clever</W><C><W>and</W></C><W>loves</W><W>to</W><W>use</W><W>wordplay</W><W>on</W><W>this</W><W>track</W><W>,</W><W>for</W><W>a</W><W>partion</W><W>of</W><W>the</W><W>track</W><W>,</W><W>Ras</W><W>uses</W><W>some</W><W>amazing</W><W>alliteration</W><W>,</W><W>starting</W><W>almost</W><W>every</W><W>word</W><W>out</W><W>with</W><W>the</W><W>letter</W><W>&#34;</W><W>R&#34;</W><W>.</W></SENTENCE><SENTENCE><W>His</W><W>metaphors</W><W>are</W><W>of</W><W>pure</W><W>genius</W><W>at</W><W>times</W><W>,</W><C><W>and</W></C><W>he</W><W>gives</W><W>us</W><W>a</W><W>new</W><xcope ID="124"><ref COMMENTS="" ID="125" SRC="122"></ref><W>one</W><W>every</W><W>two</W></xcope><C><cue ID="122" type="speculation"><W>or</W></cue></C><xcope ID="123"><ref COMMENTS="" ID="126" SRC="122"></ref><W>three</W><W>bars</W></xcope><W>...</W><W>amazing</W><W>.</W></SENTENCE><SENTENCE><W>The</W><W>production</W><W>is</W><W>more</W><W>funky</W><W>,</W><W>with</W><W>some</W><W>vocal</W><W>samples</W><W>,</W><W>scratching</W><W>,</W><W>synthesized</W><W>bassline</W><W>,</W><W>flutes</W><W>,</W><C><W>and</W></C><W>drum</W><W>/</W><W>snare</W><W>mix</W><W>.</W></SENTENCE><SENTENCE><W>Awesome</W><W>track</W><W>.</W></SENTENCE></P><P></P><P><SENTENCE><W>I</W><W>dispense</W><W>dope</W><W>sentences</W><C><cue ID="127" type="negation"><W>without</W></cue></C><xcope ID="128"><ref COMMENTS="" ID="129" SRC="127"></ref><W>a</W><W>prescription</W></xcope></SENTENCE></P><P></P><P><SENTENCE><W>prefixes</W><W>asphyxiate</W><W>b*tches</W><W>who</W><W>flips</W><W>linguistics</W></SENTENCE></P><P></P><P><SENTENCE><W>Representin</W><W>the</W><W>West</W><W>,</W><W>relevant</W><W>to</W><W>relentless</W><W>sentences</W></SENTENCE></P><P></P><P><SENTENCE><C><W>If</W></C><W>renegade</W><W>rebels</W><W>resent</W><W>this</W><W>wicked</W><W>syntax</W><W>(</W><W>then</W><W>jack</W><W>)</W></SENTENCE></P><P></P><P><SENTENCE><W>Revert</W><W>to</W><W>revolution</W><W>Ras</W><W>reverse</W><W>,</W><W>reverberates</W></SENTENCE></P><P></P><P><SENTENCE><W>Revolvin</W><W>with</W><W>written</W><W>retalliation</W><W>,</W><W>rate</W><W>repetitious</W></SENTENCE></P><P></P><P><SENTENCE><W>Reflex</W><W>flex</W><W>,</W><W>regret</W><W>n*ggaz</W><W>regress</W><W>to</W><W>less</W><W>than</W><W>recoup</W></SENTENCE></P><P></P><P><SENTENCE><W>When</W><W>recording</W><W>,</W><W>I</W><W>wreck</W><W>,</W><W>records</W></SENTENCE></P><P></P><P><SENTENCE><W>Reflect</W><W>stupid</W><W>,</W><W>it</W><W>&#39;s</W><W>so</W><W>much</W><W>more</W><W>than</W><W>just</W><W>another</W><W>rap</W><C><W>and</W></C><W>sample</W></SENTENCE></P><P></P><P><SENTENCE><W>Cause</W><W>I</W><W>model</W><W>more</W><W>styles</W><W>than</W><W>Naomi</W><W>Campbell</W></SENTENCE></P><P></P><P><SENTENCE><W>See</W><W>we</W><W>been</W><W>burning</W><W>idiots</W><W>with</W><W>lyrical</W><W>syphillis</W></SENTENCE></P><P></P><P><SENTENCE><W>Since</W><W>E.S.T.</W><W>was</W><W>Ackniculous</W><W>,</W><W>the</W><W>nickle</W><W>slick</W><W>meticulous</W></SENTENCE></P><P></P><P><SENTENCE><W>Ras</W><W>Kass</W><W>gives</W><W>us</W><W>a</W><W>track</W><W>dedicated</W><W>to</W><W>the</W><W>lost</W><W>hip</W><W>hop</W><W>coast</W><W>of</W><W>the</W><W>West</W><W>,</W><W>with</W><W>&#34;</W><W>Sonset</W><W>&#34;</W><W>.</W></SENTENCE><SENTENCE><W>Ras</W><W>stands</W><W>up</W><W>for</W><W>the</W><W>west</W><W>coast</W><W>on</W><W>this</W><W>track</W><W>,</W><W>displaying</W><W>his</W><W>lyrical</W><W>skill</W><C><W>and</W></C><W>exploratory</W><W>flow</W><W>,</W><W>which</W><W>is</W><W>amazingly</W><W>good</W><W>.</W></SENTENCE><SENTENCE><W>Ras</W><W>Kass</W><W>sort</W><W>of</W><W>declares</W><W>war</W><W>on</W><W>the</W><W>entire</W><W>east</W><W>coast</W><W>simply</W><W>for</W><W>thinking</W><W>that</W><W>they</W><W>had</W><W>superiority</W><W>over</W><W>the</W><W>west</W><W>.</W></SENTENCE><SENTENCE><W>Ras</W><W>Kass</W><W>mocks</W><W>their</W><W>superiority</W><W>complex</W><W>,</W><W>which</W><W>sort</W><W>of</W><W>angered</W><W>Ras</W><W>.</W></SENTENCE><SENTENCE><W>I</W><W>&#39;m</W><W>very</W><W>sure</W><W>that</W><W>this</W><C><cue ID="74" type="negation"><W>not</W></cue></C><xcope ID="75"><ref ID="76" SRC="74"></ref><W>to</W><W>fuel</W><W>the</W><W>fire</W><W>between</W><W>the</W><W>coasts</W><C><W>and</W></C><W>the</W><W>Biggie</W><W>/</W><W>Pac</W><W>wars</W></xcope><W>,</W><W>but</W><W>is</W><W>simply</W><W>standing</W><W>up</W><W>for</W><W>his</W><W>coast</W><W>.</W></SENTENCE><SENTENCE><W>The</W><W>production</W><W>is</W><W>simplistic</W><W>,</W><W>with</W><W>a</W><W>haunting</W><W>snare</W><W>,</W><W>accompanied</W><W>by</W><W>deep</W><W>bass</W><C><W>and</W></C><W>drum</W><W>loops</W><W>,</W><W>which</W><W>matches</W><W>with</W><W>the</W><W>lyrics</W><W>perfectly</W><W>.</W></SENTENCE></P><P></P><P><SENTENCE><W>Ras</W><W>Kass</W><W>is</W><W>joined</W><W>by</W><W>average</W><W>rapper</W><W>Coolio</W><W>on</W><W>&#34;</W><W>Drama&#34;</W><W>.</W></SENTENCE><SENTENCE><W>Ras</W><W>Kass</W><W>gives</W><W>us</W><W>a</W><W>seducing</W><W>,</W><W>pimp-sort</W><W>of</W><W>song</W><W>,</W><W>with</W><W>a</W><W>twist</W><W>.</W></SENTENCE><SENTENCE><W>Now</W><W>,</W><W>usually</W><W>this</W><W>is</W><W>treading</W><W>on</W><W>commercial</W><W>ground</W><W>,</W><W>but</W><W>Ras</W><W>Kass</W><W>is</W><W>a</W><W>lot</W><W>different</W><W>.</W></SENTENCE><SENTENCE><W>Ras</W><W>Kass</W><W>gives</W><W>us</W><W>a</W><W>metaphoric</W><W>masterpiece</W><W>of</W><W>females</W><C><W>and</W></C><W>how</W><W>they</W><W>act</W><W>,</W><W>addressing</W><W>relationships</W><C><W>and</W></C><W>the</W><W>greed</W><W>of</W><W>women</W><W>.</W></SENTENCE><SENTENCE><W>Coolio</W><W>comes</W><W>in</W><W>to</W><W>drop</W><W>an</W><W>average</W><W>,</W><W>mediocre</W><W>verse</W><W>,</W><W>further</W><W>showcasing</W><W>the</W><W>talent</W><W>margin</W><W>between</W><W>the</W><W>somewhat</W><W>successful</W><W>Coolio</W><W>(</W><W>at</W><W>the</W><W>time</W><W>)</W><W>,</W><C><W>and</W></C><W>the</W><W>underground</W><W>sensation</W><W>Ras</W><W>Kass</W><W>.</W></SENTENCE><SENTENCE><W>Ras</W><W>Kass</W><W>gives</W><W>us</W><W>a</W><W>more</W><W>fun-loving</W><W>,</W><W>light</W><W>hearted</W><W>track</W><W>,</W><W>put</W><W>together</W><W>perfectly</W><W>with</W><W>a</W><W>light-hearted</W><W>beat</W><W>.</W></SENTENCE></P><P></P><P><SENTENCE><W>This</W><W>is</W><W>followed</W><W>by</W><W>the</W><W>introspective</W><W>&#34;</W><W>The</W><W>Evil</W><W>that</W><W>Men</W><W>Do&#34;</W><W>,</W><W>where</W><W>Ras</W><W>Kass</W><W>pens</W><W>his</W><W>eight</W><W>classic</W><W>so</W><W>far</W><W>on</W><W>Soul</W><W>on</W><W>Ice</W><W>.</W></SENTENCE><SENTENCE><W>Ras</W><W>Kass</W><W>changes</W><W>his</W><W>tone</W><C><W>and</W></C><W>raps</W><W>on</W><W>a</W><W>socially</W><W>conscious</W><W>level</W><W>as</W><W>he</W><W>raps</W><W>about</W><W>the</W><W>evil</W><W>that</W><W>men</W><W>commit</W><W>during</W><W>their</W><W>lives</W><W>,</W><C><W>and</W></C><W>how</W><W>humankind</W><W>is</W><W>leading</W><W>towards</W><W>pure</W><W>hatred</W><W>as</W><W>it</W><W>is</W><W>fueled</W><W>by</W><W>anger</W><C><W>and</W></C><W>selfishness</W><W>.</W></SENTENCE><SENTENCE><W>Ras</W><W>Kass</W><W>addresses</W><W>racism</W><W>,</W><W>hate</W><W>crimes</W><W>,</W><W>physical</W><C><W>and</W></C><W>emotional</W><W>abuse</W><W>,</W><C><W>and</W></C><W>life</W><W>on</W><W>the</W><W>streets</W><W>.</W></SENTENCE><SENTENCE><W>Each</W><W>lyric</W><W>is</W><W>powerful</W><C><W>and</W></C><W>preaching</W><W>,</W><C><W>and</W></C><W>loaded</W><W>with</W><W>clever</W><W>narratives</W><W>.</W></SENTENCE><SENTENCE><W>Ras</W><W>Kass</W><W>raps</W><W>more</W><W>about</W><W>his</W><W>personal</W><W>life</W><W>as</W><W>he</W><W>travels</W><W>through</W><W>his</W><W>days</W><W>watching</W><W>his</W><W>own</W><W>errors</W><W>,</W><W>as</W><W>well</W><W>as</W><W>other</W><W>people</W><W>&#39;s</W><W>errors</W><W>.</W></SENTENCE><SENTENCE><W>Its</W><W>an</W><W>extremely</W><W>introspective</W><W>look</W><W>on</W><W>life</W><W>,</W><W>from</W><W>a</W><W>first-person</W><W>point</W><W>of</W><W>view</W><W>.</W></SENTENCE><SENTENCE><W>The</W><W>beat</W><W>is</W><W>one</W><W>of</W><W>the</W><W>better</W><W>beats</W><W>on</W><W>the</W><W>album</W><W>,</W><W>with</W><W>a</W><W>hard</W><W>thumping</W><W>bassline</W><W>,</W><W>drums</W><W>,</W><W>some</W><W>jazzy</W><W>/</W><W>organ</W><W>instrumentals</W><W>,</W><W>synthesizers</W><W>,</W><W>harps</W><W>,</W><C><W>and</W></C><W>low-piano</W><W>keys</W><W>.</W></SENTENCE><SENTENCE><W>Definetely</W><W>a</W><W>masterful</W><W>track</W><W>.</W></SENTENCE></P><P></P><P><SENTENCE><W>Nappy</W><W>headed</W><W>n*gga</W><W>stigmatism</W><W>at</W><W>birth</W></SENTENCE></P><P></P><P><SENTENCE><W>Born</W><W>to</W><W>a</W><W>family</W><W>of</W><W>four</W><C><W>and</W></C><W>so</W><W>that</W><W>makes</W><W>me</W><W>one-fourth</W></SENTENCE></P><P></P><P><SENTENCE><W>of</W><W>a</W><W>dysfunctional</W><W>home</W><W>...</W></SENTENCE><SENTENCE><W>I</W><W>had</W><W>a</W><W>father</W><W>who</W><W>only</W><W>stayed</W><W>to</W><W>see</W><W>me</W><W>grown</W></SENTENCE></P><P></P><P><SENTENCE><W>When</W><W>I</W><W>turned</W><W>twelve</W><W>he</W><W>was</W><W>gone</W></SENTENCE></P><P></P><P><SENTENCE><W>Alone</W><W>,</W><C><cue ID="130" type="negation"><W>no</W></cue></C><xcope ID="131"><ref COMMENTS="" ID="132" SRC="130"></ref><W>role</W><W>model</W></xcope></SENTENCE></P><P></P><P><SENTENCE><W>I</W><W>used</W><W>to</W><W>watch</W><W>my</W><W>Granddaddy</W><C><W>and</W></C><W>Uncle</W><W>hit</W><W>the</W><W>bottle</W></SENTENCE></P><P></P><P><SENTENCE><C><W>and</W></C><W>then</W><W>hit</W><W>each</W><W>other</W></SENTENCE></P><P></P><P><SENTENCE><W>Granddaddy</W><W>beat</W><W>Grandmother</W><W>,</W><W>but</W><W>that</W><W>&#39;s</W><W>before</W><W>my</W><W>time</W></SENTENCE></P><P></P><P><SENTENCE><W>but</W><W>I</W><W>still</W><W>see</W><W>how</W><W>it</W><W>affected</W><W>her</W><W>mind</W></SENTENCE></P><P></P><P><SENTENCE><W>As</W><W>a</W><W>child</W><W>I</W><W>introverted</W><W>,</W><C><W>and</W></C><W>drew</W><W>pictures</W></SENTENCE></P><P></P><P><SENTENCE><W>While</W><W>my</W><W>mother</W><W>prayed</W><W>to</W><W>Jesus</W><W>reading</W><W>King</W><W>James</W><W>scriptures</W></SENTENCE></P><P></P><P><SENTENCE><W>&#34;</W><W>If/Then</W><W>&#34;</W><W>is</W><W>an</W><W>incredible</W><W>,</W><W>Canibus-like</W><W>battle</W><W>rap</W><W>.</W></SENTENCE><SENTENCE><W>Ras</W><W>Kass</W><W>gives</W><W>us</W><W>venomous</W><W>battle</W><W>rhymes</W><W>,</W><W>filled</W><W>with</W><W>intelligent</W><W>wordplay</W><W>,</W><W>metaphors</W><W>,</W><W>similes</W><W>,</W><W>alliteration</W><W>,</W><W>multi-syllable</W><W>flow</W><W>,</W><C><W>and</W></C><W>memorable</W><W>punchlines</W><W>.</W></SENTENCE><SENTENCE><W>The</W><W>chorus</W><W>is</W><W>an</W><W>adaptation</W><W>from</W><W>an</W><W>old</W><W>Dre</W><W>track</W><W>,</W><W>keeping</W><W>the</W><W>west</W><W>coast</W><W>mindframe</W><W>for</W><W>this</W><W>track</W><W>.</W></SENTENCE><SENTENCE><W>The</W><W>instrumental</W><W>is</W><W>a</W><W>very</W><W>unique</W><W>,</W><W>abstract</W><W>sounding</W><W>beat</W><W>with</W><W>a</W><W>thumping</W><W>bassline</W><W>,</W><W>background</W><W>flutes</W><W>,</W><W>synthesized</W><W>snares</W><W>,</W><W>drum</W><C><W>and</W></C><W>clap</W><W>mix</W><W>.</W></SENTENCE></P><P></P><P><SENTENCE><W>Fools</W><W>lay</W><W>claim</W><W>to</W><W>fly</W><W>rhymes</W><W>but</W><W>I</W><W>terrorize</W><W>airlines</W></SENTENCE></P><P></P><P><SENTENCE><W>My</W><W>mind</W><W>&#39;s</W><W>a</W><W>porcelain</W><W>Glock</W><W>7</W><W>slippin&#39;</W><W>through</W><W>the</W><W>metal</W><W>detectors</W></SENTENCE></P><P></P><P><SENTENCE><W>Ready</W><W>to</W><W>wet&#39;cha</W><W>like</W><W>baptism</W></SENTENCE></P><P></P><P><SENTENCE><W>It</W><W>&#39;s</W><W>rap</W><W>pugilism</W><W>when</W><W>I</W><W>be</W><W>placin&#39;</W><W>208</W><W>bones</W><W>in</W><W>one</W><W>zone</W><W>;</W></SENTENCE></P><P></P><P><SENTENCE><W>With</W><W>microphones</W><W>,</W><W>I</W><W>&#39;m</W><W>like</W><W>the</W><W>Blade</W><W>Runner</W><W>hunting</W><W>clones</W></SENTENCE></P><P></P><P><SENTENCE><W>I</W><W>&#34;</W><W>Beat</W><W>It</W><W>&#34;</W><W>like</W><W>one</W><W>glove</W><C><W>and</W></C><W>a</W><W>bad</W><W>nose</W><W>job</W></SENTENCE></P><P></P><P><SENTENCE><W>With</W><W>more</W><W>breathin</W><W>techniques</W><W>than</W><W>Lamaze</W></SENTENCE></P><P></P><P><SENTENCE><W>Ras</W><W>still</W><W>be</W><W>drinkin&#39;</W><W>malt</W><W>liquor</W><W>brews</W></SENTENCE></P><P></P><P><SENTENCE><C><W>And</W></C><W>continues</W><W>the</W><W>liquidation</W><W>of</W><W>crews</W></SENTENCE></P><P></P><P><SENTENCE><W>Wit</W><W>&#39;</W><W>a</W><W>drunken</W><W>technique</W><W>like</W><W>Shun</W><W>Di</W><W>&#39;s</W><W>kung</W><W>fu</W><W>on</W><W>Virtua</W><W>Fighter</W><W>2</W></SENTENCE></P><P></P><P><SENTENCE><W>&#34;</W><W>Miami</W><W>Life</W><W>&#34;</W><W>is</W><W>the</W><W>only</W><W>single</W><W>that</W><W>i</W><W>am</W><W>aware</W><W>of</W><W>that</W><W>was</W><W>released</W><W>from</W><W>Soul</W><W>on</W><W>Ice</W><W>.</W></SENTENCE><SENTENCE><W>This</W><W>changes</W><W>a</W><W>bit</W><W>from</W><W>the</W><W>pro-west</W><W>coast</W><W>lyrics</W><W>to</W><W>pro-Miami</W><W>,</W><W>which</W><W>is</W><W>a</W><W>big</W><W>weird</W><W>.</W></SENTENCE><SENTENCE><W>Ras</W><W>Kass</W><W>raps</W><W>about</W><W>basically</W><W>&#34;</W><W>Miami</W><W>Life&#34;</W><W>,</W><W>as</W><W>he</W><W>gives</W><W>props</W><W>to</W><W>his</W><W>life</W><W>in</W><W>Miami</W><W>,</W><C><W>and</W></C><W>the</W><W>life-style</W><W>in</W><W>Miami</W><W>.</W></SENTENCE><SENTENCE><W>He</W><W>uses</W><W>metaphors</W><W>for</W><W>everything</W><W>from</W><W>beaches</W><W>,</W><W>to</W><W>the</W><W>Godfather</W><W>,</W><W>to</W><W>everything</W><W>.</W></SENTENCE><SENTENCE><W>The</W><W>metaphors</W><C><W>and</W></C><W>similes</W><W>in</W><W>this</W><W>track</W><W>are</W><W>too</W><W>high</W><W>to</W><W>count</W><C><W>and</W></C><W>is</W><W>yet</W><W>another</W><W>lyrical</W><W>wonder</W><W>.</W></SENTENCE><SENTENCE><W>The</W><W>beat</W><W>features</W><W>some</W><W>sombre</W><W>synthesized</W><W>flutes</W><W>,</W><W>drum</W><W>/</W><W>bass</W><W>,</W><C><W>and</W></C><W>some</W><W>background</W><W>siren</W><W>noises</W><W>.</W></SENTENCE><SENTENCE><W>Nothing</W><W>too</W><W>special</W><W>,</W><W>but</W><W>really</W><W>good</W><C><W>and</W></C><W>complementary</W><W>to</W><W>Ras</W><W>skill</W><W>.</W></SENTENCE></P><P></P><P><SENTENCE><W>The</W><W>title</W><W>track</W><W>&#34;</W><W>Soul</W><W>on</W><W>Ice</W><W>&#34;</W><W>is</W><W>next</W><W>.</W></SENTENCE><SENTENCE><W>This</W><W>is</W><W>actually</W><W>a</W><W>remix</W><W>of</W><W>the</W><W>original</W><W>,</W><W>done</W><W>by</W><W>Diamond</W><W>D</W><W>,</W><W>who</W><W>provides</W><W>a</W><W>new</W><W>beat</W><W>.</W></SENTENCE><SENTENCE><W>However</W><W>,</W><W>ive</W><C><cue ID="77" type="negation"><W>never</W></cue></C><xcope ID="80"><ref ID="81" SRC="77"></ref><W>heard</W><W>the</W><W>original</W></xcope><W>,</W><W>so</W><W>i</W><W>cant</W><W>judge</W><W>the</W><W>original</W><W>,</W><W>but</W><W>i</W><C><cue ID="78" type="speculation"><W>can</W></cue></C><xcope ID="79"><ref ID="82" SRC="78"></ref><W>say</W><W>that</W><W>this</W><W>beat</W><W>is</W><W>nice</W></xcope><W>.</W></SENTENCE><SENTENCE><W>It</W><W>has</W><W>some</W><W>chimes</W><W>,</W><W>synthesized</W><W>pianos</W><W>,</W><C><W>and</W></C><W>a</W><W>drum</W><W>/</W><W>clap</W><W>mix</W><W>.</W></SENTENCE><SENTENCE><W>Ras</W><W>Kass</W><W>raps</W><W>in</W><W>a</W><W>very</W><W>&#34;</W><W>Public</W><W>Enemy</W><W>&#34;</W><W>style</W><W>,</W><W>rapping</W><W>about</W><W>everything</W><W>from</W><W>the</W><W>problem</W><W>to</W><W>the</W><W>world</W><W>,</W><W>to</W><W>mixing</W><W>it</W><W>up</W><W>with</W><W>battle</W><W>raps</W><W>against</W><W>commercial</W><W>rappers</W><W>,</W><W>sort</W><W>of</W><W>taking</W><W>the</W><W>mentality</W><W>from</W><W>where</W><W>the</W><W>song</W><W>originated</W><W>.</W></SENTENCE><SENTENCE><W>&#34;</W><W>Soul</W><W>on</W><W>Ice</W><W>&#34;</W><W>was</W><W>originally</W><W>a</W><W>book</W><W>written</W><W>by</W><W>former</W><W>Black</W><W>Panther</W><W>Eldridge</W><W>Cleaver</W><W>,</W><W>where</W><W>he</W><W>wrote</W><W>about</W><W>african</W><W>americans</W><W>living</W><W>in</W><W>America</W><W>,</W><W>loaded</W><W>with</W><W>problems</W><W>(avaliable</W><W>on</W><W>Epinions</W><W>)</W><W>.</W></SENTENCE><SENTENCE><W>Ras</W><W>touches</W><W>on</W><W>those</W><W>topics</W><C><W>and</W></C><W>sort</W><W>of</W><W>does</W><W>a</W><W>re-interepretation</W><W>of</W><W>the</W><W>book</W><W>.</W></SENTENCE><SENTENCE><W>Yet</W><W>another</W><W>classic</W><W>.</W></SENTENCE></P><P></P><P><SENTENCE><W>The</W><W>final</W><W>track</W><W>on</W><W>the</W><W>legendary</W><W>Soul</W><W>on</W><W>Ice</W><W>is</W><W>the</W><W>aptly</W><W>titled</W><W>&#34;</W><W>Ordo</W><W>Abchao</W><W>(</W><W>Order</W><W>Out</W><W>Of</W><W>Chaos</W><W>)</W><W>&#34;</W><W>.</W></SENTENCE><SENTENCE><W>The</W><W>introduction</W><W>to</W><W>the</W><W>song</W><W>is</W><W>a</W><W>thumping</W><C><W>and</W></C><W>haunting</W><W>drum</W><W>beat</W><W>,</W><W>until</W><W>a</W><W>horn</W><W>,</W><W>piano</W><W>keys</W><W>,</W><W>chimes</W><W>,</W><W>hard</W><W>bass</W><W>,</W><C><W>and</W></C><W>some</W><W>background</W><W>vocals</W><W>,</W><W>which</W><W>provide</W><W>the</W><W>backdrop</W><W>for</W><W>the</W><W>rest</W><W>of</W><W>the</W><W>track</W><W>.</W></SENTENCE><SENTENCE><W>Ras</W><W>Kass</W><W>comes</W><W>on</W><W>the</W><W>mic</W><W>with</W><W>yet</W><W>another</W><W>classic</W><W>as</W><W>he</W><W>points</W><W>out</W><W>a</W><W>handful</W><W>of</W><W>conspiracy</W><W>theories</W><W>,</W><W>government</W><W>cover-ups</W><W>,</W><W>mixed</W><W>in</W><W>with</W><W>social</W><W>consciousness</W><W>about</W><W>how</W><W>its</W><W>basically</W><W>towards</W><W>blacks</W><W>.</W></SENTENCE><SENTENCE><W>Ras</W><W>Kass</W><W>raps</W><W>about</W><W>the</W><W>anger</W><C><W>and</W></C><W>hatred</W><W>towards</W><W>blacks</W><W>for</W><C><cue ID="133" type="negation"><W>no</W></cue></C><xcope ID="134"><ref COMMENTS="" ID="135" SRC="133"></ref><W>reason</W></xcope><W>,</W><C><W>and</W></C><W>how</W><W>even</W><W>the</W><W>government</W><W>is</W><W>trying</W><W>to</W><W>control</W><W>us</W><W>with</W><W>diseases</W><W>.</W></SENTENCE><SENTENCE><W>The</W><W>subject</W><W>matter</W><W>is</W><W>amazing</W><C><W>and</W></C><W>will</W><W>keep</W><W>your</W><W>ears</W><W>open</W><W>.</W></SENTENCE><SENTENCE><W>Sort</W><W>of</W><W>a</W><W>sequel</W><W>to</W><W>&#34;</W><W>Nature</W><W>of</W><W>the</W><W>Threat&#34;</W><W>,</W><W>which</W><W>provides</W><W>a</W><W>perfect</W><W>close</W><W>to</W><W>the</W><W>album</W><W>.</W></SENTENCE></P><P></P><P><SENTENCE><W>Now</W><W>sh*t</W><W>gets</W><C><cue ID="136" type="negation"><W>no</W></cue></C><xcope ID="137"><ref COMMENTS="" ID="138" SRC="136"></ref><W>realer</W></xcope><W>,</W><W>reality</W><W>dictates</W><W>fate</W></SENTENCE></P><P></P><P><SENTENCE><W>Gobal</W><W>Policy</W><W>2000</W><W>by</W><W>then</W><W>,</W><W>the</W><W>planet</W><W>depopulates</W></SENTENCE></P><P></P><P><SENTENCE><W>By</W><W>about</W><W>1</W><W>billion</W><W>men</W><W>women</W><C><W>and</W></C><W>children</W></SENTENCE></P><P></P><P><SENTENCE><W>By</W><W>whatever</W><W>means</W><W>necessary</W></SENTENCE></P><P></P><P><SENTENCE><W>Wars</W><W>,</W><W>diseases</W><W>,</W><W>starvation</W><W>,</W><W>plagues</W><W>etc</W><W>.</W></SENTENCE></P><P></P><P><SENTENCE><W>Set</W><W>ya</W><W>watch</W><C><W>and</W></C><W>watch</W><W>Lord</W><W>Matreya</W><W>ascend</W></SENTENCE></P><P></P><P><SENTENCE><W>Been</W><W>in</W><W>effect</W><W>since</W><W>before</W><W>George</W><W>Washington</W><W>Monument</W></SENTENCE></P><P></P><P><SENTENCE><W>Soul</W><W>On</W><W>Ice</W><W>has</W><W>stamped</W><W>itself</W><W>as</W><W>being</W><W>one</W><W>of</W><W>the</W><W>candidates</W><W>for</W><W>being</W><W>the</W><W>Greatest</W><W>Hip</W><W>Hop</W><W>Album</W><W>in</W><W>the</W><W>History</W><W>of</W><W>Music</W><W>.</W></SENTENCE><SENTENCE><W>Ras</W><W>Kass</W><W>provides</W><W>lyrical</W><W>classic</W><W>,</W><W>after</W><W>classic</W><W>,</W><W>after</W><W>classic</W><C><W>and</W></C><W>sometimes</W><W>i</W><C><W>feel</W></C><W>that</W><W>he</W><W>is</W><W>the</W><W>greatest</W><W>lyricist</W><W>of</W><W>all</W><W>time</W><W>.</W></SENTENCE><SENTENCE><W>However</W><W>,</W><W>he</W><W>sort</W><W>of</W><W>killed</W><W>that</W><C><W>notion</W></C><W>when</W><W>he</W><W>released</W><W>the</W><W>extremely</W><W>mediocre</W><W>Rassassination</W><W>.</W></SENTENCE><SENTENCE><W>Amazing</W><W>Wordplay</W><W>,</W><W>mixed</W><W>with</W><W>intelligent</W><W>vocabulary</W><W>,</W><W>controversy</W><W>,</W><W>metaphors</W><W>,</W><W>similes</W><W>,</W><W>confidence</W><W>,</W><W>storytelling</W><W>,</W><W>narratives</W><W>,</W><C><W>and</W></C><W>a</W><W>socially</W><W>conscious</W><W>eye</W><W>,</W><C><W>and</W></C><W>you</W><W>&#39;ve</W><W>got</W><W>Soul</W><W>On</W><W>Ice</W><W>.</W></SENTENCE><SENTENCE><W>This</W><W>is</W><W>one</W><W>of</W><W>the</W><W>most</W><W>highly</W><W>reccomended</W><W>albums</W><W>i</W><C><cue ID="83" type="speculation"><W>could</W></cue></C><xcope ID="84"><ref ID="85" SRC="83"></ref><W>reccomend</W></xcope><W>...</W><W>to</W><W>everybody</W><W>.</W></SENTENCE><SENTENCE><W>Soul</W><W>On</W><W>Ice</W><W>is</W><W>a</W><W>CD</W><W>which</W><W>will</W><W>forever</W><W>be</W><W>declared</W><W>royalty</W><W>within</W><W>the</W><W>annals</W><W>of</W><W>time</W><W>...</W></SENTENCE></P><P></P><P><SENTENCE><W>5</W><W>Stars</W><W>...</W><W>Pure</W><W>Classic</W></SENTENCE></P></DOCUMENT>
