<?xml version="1.0" encoding="UTF-8"?>
<DOCUMENT><P></P><P><SENTENCE><W>Zion</W><W>I</W><W>:</W><W>Zion</W><W>(</W><W>rhymes</W><W>)</W><W>,</W><W>Amp</W><W>Live</W><W>(</W><W>beats</W><W>)</W><W>,</W><W>DJ</W><W>K-Genius</W><W>(scratches</W><W>)</W></SENTENCE></P><P></P><P><SENTENCE><W>Production</W><W>:</W><W>Amp</W><W>Live</W></SENTENCE></P><P></P><P><SENTENCE><W>1</W><W>.</W><W>Creation</W><W>-</W><W>Intro</W></SENTENCE></P><P></P><P><SENTENCE><W>2.</W><W>Revolution</W><W>(B-Boy</W><W>Anthem</W><W>-</W><W>Zion</W><W>I</W><W>&#39;s</W><W>first</W><W>song</W><W>is</W><W>an</W><W>infectious</W><W>blend</W><W>of</W><W>Asian-sounding</W><W>backgrounds</W><C><W>and</W></C><W>futuristic</W><W>Southern</W><W>bounce</W><W>.</W></SENTENCE><SENTENCE><W>This</W><cue ID="1" type="negation"><W>is</W><W>n&#39;t</W></cue><xcope ID="8"><ref COMMENTS="" ID="13" SRC="1"></ref><W>the</W><W>best</W><W>of</W><W>his</W><W>rhyming</W><W>abilities</W></xcope><W>,</W><W>but</W><W>that</W><cue ID="2" type="negation"><W>does</W><W>n&#39;t</W></cue><xcope ID="7"><ref COMMENTS="" ID="12" SRC="2"></ref><W>matter</W><W>too</W><W>much</W><W>because</W><cue ID="0" type="speculation"><W>this</W><W>is</W><C><W>supposed</W></C><W>to</W></cue><xcope ID="6"><ref COMMENTS="" ID="11" SRC="0"></ref><W>be</W><W>an</W><W>anthem</W></xcope><W>.</W></xcope></SENTENCE><SENTENCE><W>They</W><W>did</W><W>their</W><W>job</W><W>right</W><W>,</W><W>because</W><W>it</W><W>really</W><W>sounds</W><W>like</W><W>one</W><W>.</W></SENTENCE><SENTENCE><W>-</W><W>5</W></SENTENCE></P><P></P><P><SENTENCE><W>3.</W><W>Critical</W><W>feat</W><W>.</W></SENTENCE><SENTENCE><W>Planet</W><W>Asia</W><W>-</W><C><cue ID="3" type="speculation"><W>If</W></cue></C><W>DJ</W><W>Premier</W><W>&#39;s</W><W>descendants</W><W>from</W><W>the</W><W>year</W><W>3000</W><W>made</W><W>beats</W><W>,</W><W>they</W><C><cue ID="4" type="speculation"><W>would</W></cue></C><xcope ID="10"><ref COMMENTS="" ID="15" SRC="4"></ref><C><cue ID="5" type="speculation"><W>probably</W></cue></C><xcope ID="9"><ref COMMENTS="" ID="14" SRC="5"></ref><W>sound</W><W>like</W><W>this</W></xcope></xcope><W>.</W></SENTENCE><SENTENCE><W>Zion</W><C><W>and</W></C><W>Planet</W><W>Asia</W><W>from</W><W>the</W><W>Cali</W><W>Agents</W><W>flow</W><W>really</W><W>well</W><W>over</W><W>this</W><W>.</W></SENTENCE><SENTENCE><W>-</W><W>5</W></SENTENCE></P><P></P><P><SENTENCE><W>4</W><W>.</W><W>Mysterious</W><W>Wayz</W><W>-</W><W>Now</W><W>we</W><W>get</W><W>a</W><W>middle-eastern</W><W>futuristic</W><W>beat</W><W>.</W></SENTENCE><SENTENCE><W>Zion</W><W>tells</W><W>a</W><W>cool</W><W>story</W><W>about</W><W>meeting</W><W>an</W><W>Arabic</W><W>woman</W><W>.</W></SENTENCE><SENTENCE><W>The</W><W>production</W><C><W>and</W></C><W>the</W><W>rhymes</W><W>are</W><W>perfect</W><W>together</W><W>.</W></SENTENCE><SENTENCE><W>-</W><W>5</W></SENTENCE></P><P></P><P><SENTENCE><W>5</W><W>.</W><W>The</W><W>Choice</W><W>-</W><W>Skit</W></SENTENCE></P><P></P><P><SENTENCE><W>6</W><W>.</W></SENTENCE><SENTENCE><W>The</W><W>Koncrete</W><W>Jungle</W><W>-</W><W>Another</W><W>choppy</W><W>,</W><W>futuristic</W><W>beat</W><W>from</W><W>Amp</W><W>Live</W><W>.</W></SENTENCE><SENTENCE><W>My</W><W>description</W><W>of</W><W>this</W><W>album</W><C><cue ID="16" type="speculation"><W>might</W></cue></C><xcope ID="22"><ref COMMENTS="" ID="25" SRC="16"></ref><W>make</W><W>it</W><C><cue ID="17" type="speculation"><W>seem</W></cue></C><xcope ID="21"><ref COMMENTS="" ID="24" SRC="17"></ref><W>a</W><W>little</W><W>monotonous</W></xcope></xcope><W>,</W><W>but</W><C><W>believe</W></C><W>me</W><W>it</W><W>&#39;s</W><C><cue ID="18" type="negation"><W>not</W></cue></C><W>.</W></SENTENCE><SENTENCE><W>It</W><W>&#39;s</W><W>just</W><W>that</W><W>the</W><W>only</W><W>word</W><W>I</W><C><cue ID="19" type="speculation"><W>can</W></cue></C><xcope ID="26"><ref COMMENTS="" ID="28" SRC="19"></ref><C><cue ID="20" type="speculation"><W>think</W></cue></C><xcope ID="23"><ref COMMENTS="" ID="27" SRC="20"></ref><W>of</W><W>to</W><W>describe</W><W>it</W><W>is</W><W>&#34;futuristic</W><W>.</W></xcope><W>&#34;</W></xcope></SENTENCE><SENTENCE><W>-</W><W>5</W></SENTENCE></P><P></P><P><SENTENCE><W>7.</W><W>Metropolis</W><W>-</W><W>This</W><W>is</W><W>just</W><W>an</W><W>instrumental</W><W>track</W><W>from</W><W>Amp</W><W>Live</W><W>.</W></SENTENCE><SENTENCE><W>But</W><W>it</W><W>&#39;s</W><W>a</W><W>full-fledged</W><W>drum</W><C><W>and</W></C><W>bass</W><W>track</W><W>,</W><C><cue ID="29" type="negation"><W>not</W></cue></C><xcope ID="30"><ref COMMENTS="" ID="31" SRC="29"></ref><W>hip-hop</W></xcope><W>.</W></SENTENCE><SENTENCE><W>This</W><W>is</W><W>a</W><W>DOPE</W><W>track</W><W>.</W></SENTENCE><SENTENCE><W>-</W><W>5</W></SENTENCE></P><P></P><P><SENTENCE><W>8.</W><W>Oh</W><W>Lawd</W><W>-</W><W>Skit</W></SENTENCE></P><P></P><P><SENTENCE><W>9</W><W>.</W><W>Trippin</W><W>-</W><W>DAMN</W><W>this</W><W>beat</W><W>is</W><W>good</W><W>.</W></SENTENCE><SENTENCE><W>Zion</W><W>continues</W><W>to</W><W>flow</W><W>nicely</W><W>over</W><W>these</W><W>beats</W><W>.</W></SENTENCE><SENTENCE><W>This</W><W>is</W><C><cue ID="32" type="speculation"><W>probably</W></cue></C><xcope ID="33"><ref COMMENTS="" ID="34" SRC="32"></ref><W>the</W><W>best</W><W>song</W><W>so</W><W>far</W></xcope><W>.</W></SENTENCE><SENTENCE><W>-</W><W>5</W></SENTENCE></P><P></P><P><SENTENCE><W>10</W><W>.</W><W>How</W><W>Many</W><W>-</W><W>Like</W><W>all</W><W>the</W><W>other</W><W>songs</W><W>,</W><W>Zion</W><W>strives</W><W>to</W><W>be</W><W>creative</W><C><W>and</W></C><C><cue ID="35" type="negation"><W>not</W></cue></C><xcope ID="36"><ref COMMENTS="" ID="37" SRC="35"></ref><W>just</W><W>resort</W><W>to</W><W>any</W><W>old</W><W>subject</W><W>matter</W></xcope><W>.</W></SENTENCE><SENTENCE><W>He</W><W>asks</W><W>the</W><W>listener</W><W>a</W><W>bunch</W><W>of</W><W>questions</W><W>over</W><W>this</W><W>song</W><W>.</W></SENTENCE><SENTENCE><W>Once</W><W>again</W><W>,</W><W>Amp</W><W>Live</W><W>comes</W><W>through</W><W>with</W><W>the</W><W>beats</W><W>.</W></SENTENCE><SENTENCE><W>-</W><W>4.5</W></SENTENCE></P><P></P><P><SENTENCE><W>11</W><W>.</W><W>Elevaton</W><W>-</W><W>This</W><W>song</W><W>has</W><W>Zion</W><W>I</W><W>&#39;s</W><W>collective</W><W>creativity</W><W>peaking</W><W>.</W></SENTENCE><SENTENCE><W>This</W><W>song</W><W>sounds</W><cue ID="38" type="negation"><W>nothing</W></cue><xcope ID="40"><ref COMMENTS="" ID="42" SRC="38"></ref><W>like</W><W>any</W><W>hip-hop</W><W>you</W><W>&#39;ve</W><W>ever</W><W>heard</W><W>before</W></xcope><W>.</W></SENTENCE><SENTENCE><W>The</W><W>beat</W><W>is</W><W>pretty</W><W>much</W><W>drum</W><C><W>and</W></C><W>bass</W><W>,</W><W>but</W><W>this</W><W>time</W><W>Zion</W><W>tries</W><W>out</W><W>a</W><W>new</W><W>flow</W><W>.</W></SENTENCE><SENTENCE><C><W>Instead</W></C><W>of</W><W>racing</W><W>to</W><W>keep</W><W>up</W><W>with</W><W>the</W><W>pace</W><W>of</W><W>the</W><W>beat</W><W>,</W><W>he</W><W>rhymes</W><W>in</W><W>a</W><W>sedated</W><W>,</W><W>half-time</W><W>flow</W><W>that</W><W>makes</W><W>the</W><W>chilled-out</W><W>vibe</W><W>of</W><W>the</W><W>production</W><W>even</W><W>better</W><W>.</W></SENTENCE><SENTENCE><W>-</W><W>5</W></SENTENCE></P><P></P><P><SENTENCE><W>12</W><W>.</W><W>A</W><W>Little</W><W>Change</W><W>-</W><W>A</W><W>little</W><W>disappointing</W><W>after</W><W>the</W><W>previous</W><W>song</W><W>.</W></SENTENCE><SENTENCE><W>This</W><cue ID="39" type="negation"><W>is</W><W>n&#39;t</W></cue><xcope ID="41"><ref COMMENTS="" ID="43" SRC="39"></ref><W>up</W><W>to</W><W>par</W><W>with</W><W>the</W><W>rest</W><W>of</W><W>the</W><W>album</W><W>so</W><W>far</W></xcope><W>.</W></SENTENCE><SENTENCE><W>It</W><W>has</W><W>a</W><W>pretty</W><W>unique</W><W>beat</W><W>,</W><W>though</W><W>.</W></SENTENCE><SENTENCE><W>-</W><W>3.5</W></SENTENCE></P><P></P><P><SENTENCE><W>13</W><W>.</W><W>Fools</W><W>Gold</W><W>-</W><W>Skit</W></SENTENCE></P><P></P><P><SENTENCE><W>14</W><W>.</W><W>Venus</W><W>-</W><W>This</W><W>is</W><W>a</W><W>song</W><W>about</W><W>commercialized</W><W>hip-hop</W><W>using</W><W>a</W><W>woman</W><W>as</W><W>a</W><W>metaphor</W><W>,</W><W>in</W><W>the</W><W>same</W><W>boat</W><W>as</W><W>Common</W><W>&#39;s</W><W>I</W><W>Used</W><W>to</W><W>Love</W><W>H.E.R.</W><W>Sometimes</W><W>she</W><W>shake</W><W>her</W><W>thang</W><W>,</W><W>sometimes</W><W>she</W><W>want</W><W>to</W><W>chill</W><W>/</W><W>But</W><W>otherwise</W><W>she</W><W>searching</W><W>for</W><W>that</W><W>doggone</W><W>dollar</W><W>bill</W><W>/</W><W>Yo</W><W>,</W><W>she</W><W>settin</W><W>up</W><W>the</W><W>kill</W><W>from</W><W>the</W><W>moment</W><W>that</W><W>it</W><W>starts</W><W>/</W><W>Prayin</W><W>on</W><W>the</W><W>weakness</W><W>that</W><W>be</W><W>lurking</W><W>in</W><W>they</W><W>hearts</W><W>.</W><W></W></SENTENCE><SENTENCE><W>-</W><W>4.5</W></SENTENCE></P><P></P><P><SENTENCE><W>15</W><W>.</W><W>Rap</W><W>Degreez</W><W>-</W><W>Some</W><W>more</W><W>futuristic</W><W>production</W><W>,</W><W>this</W><W>time</W><W>with</W><W>an</W><W>Indian</W><C><W>and</W></C><W>Wu-Tang</W><W>influence</W><W>(</W><W>plenty</W><W>of</W><W>kung-fu</W><W>vocal</W><W>samples</W><W>)</W><W>.</W></SENTENCE><SENTENCE><W>This</W><W>is</W><W>also</W><W>one</W><W>of</W><W>Zion</W><W>&#39;s</W><W>best</W><W>moments</W><W>as</W><W>an</W><W>MC.</W><W>-</W><W>5</W></SENTENCE></P><P></P><P><SENTENCE><W>16</W><W>.</W><W>Silly</W><W>Puddy</W><W>feat</W><W>.</W></SENTENCE><SENTENCE><W>The</W><W>Grouch</W><W>-</W><W>A</W><W>couple</W><W>of</W><W>my</W><W>friends</W><C><W>think</W></C><W>this</W><W>beat</W><W>is</W><W>too</W><W>spaced</W><W>out</W><W>,</W><W>but</W><W>I</W><C><cue ID="44" type="speculation"><W>think</W></cue></C><xcope ID="45"><ref COMMENTS="" ID="46" SRC="44"></ref><W>it</W><W>&#39;s</W><W>incredible</W></xcope><W>.</W></SENTENCE><SENTENCE><W>Underground</W><W>hero</W><W>the</W><W>Grouch</W><W>makes</W><W>a</W><W>nice</W><W>guest</W><W>appearance</W><W>,</W><C><W>and</W></C><W>Zion</W><W>comes</W><W>very</W><W>tight</W><W>with</W><W>his</W><W>rhymes</W><W>.</W></SENTENCE><SENTENCE><W>-</W><W>5</W></SENTENCE></P><P></P><P><SENTENCE><W>17</W><W>.</W><W>Inner</W><W>Light</W><W>-</W><W>The</W><W>first</W><W>single</W><W>from</W><W>the</W><W>album</W><W>is</W><W>a</W><W>classic</W><W>.</W></SENTENCE><SENTENCE><W>This</W><W>one</W><W>is</W><W>very</W><W>similar</W><W>to</W><W>Elevation</W><W>,</W><W>where</W><W>Zion</W><W>has</W><W>a</W><W>laid-back</W><W>delivery</W><W>over</W><W>relaxed</W><W>,</W><W>but</W><W>fast-paced</W><W>drum</W><C><W>and</W></C><W>bass</W><W>production</W><W>.</W></SENTENCE><SENTENCE><W>-</W><W>5</W></SENTENCE></P><P></P><P><SENTENCE><W>18</W><W>.</W><W>Big</W><W>Ups</W><W>-</W><W>Skit</W></SENTENCE></P><P></P><P><SENTENCE><W>19</W><W>.</W></SENTENCE><SENTENCE><W>All</W><W>Tha</W><W>Way</W><W>feat</W><W>.</W></SENTENCE><SENTENCE><W>Knowmatic</W><W>,</W><W>Rasco</W><W>,</W><C><W>and</W></C><W>427</W><W>-</W><W>The</W><W>other</W><W>half</W><W>of</W><W>the</W><W>Cali</W><W>Agents</W><W>,</W><W>Rasco</W><W>,</W><W>two</W><W>MC</W><W>&#39;s</W><W>I</W><W>&#39;ve</W><C><cue ID="47" type="negation"><W>never</W></cue></C><xcope ID="48"><ref COMMENTS="" ID="49" SRC="47"></ref><W>heard</W><W>of</W><W>,</W></xcope><C><W>and</W></C><W>Zion</W><W>all</W><W>rip</W><W>into</W><W>this</W><W>nice</W><W>beat</W><W>.</W></SENTENCE><SENTENCE><W>A</W><W>great</W><W>posse</W><W>cut</W><W>,</W><W>I</W><W>just</W><W>wish</W><W>I</W><W>knew</W><W>who</W><W>half</W><W>the</W><W>posse</W><W>was</W><W>.</W></SENTENCE><SENTENCE><W>-</W><W>4.5</W></SENTENCE></P><P></P><P><SENTENCE><W>20</W><W>.</W></SENTENCE><SENTENCE><W>One</W><W>-</W><W>Zion</W><W>I</W><W>was</W><W>formed</W><W>in</W><W>Atlanta</W><W>(</W><W>although</W><W>they</W><W>are</W><W>California-based</W><W>)</W><W>,</W><C><W>and</W></C><W>the</W><W>Outkast</W><W>influence</W><W>seeps</W><W>through</W><W>in</W><W>this</W><W>track</W><W>,</W><W>namely</W><W>the</W><W>sound</W><W>from</W><W>their</W><W>sophomore</W><W>album</W><W>ATLiens</W><W>.</W></SENTENCE><SENTENCE><W>That</W><W>happens</W><W>to</W><W>be</W><W>a</W><W>classic</W><W>hip-hop</W><W>album</W><W>,</W><C><W>and</W></C><W>a</W><W>personal</W><W>favorite</W><W>of</W><W>mine</W><W>,</W><W>so</W><W>naturally</W><W>I</W><W>LOVE</W><W>this</W><W>track</W><W>.</W></SENTENCE><SENTENCE><W>-</W><W>5</W></SENTENCE></P><P></P><P><SENTENCE><W>21</W><W>.</W><W>Inner</W><W>Light</W><W>(</W><W>Icey</W><W>Remix</W><W>)</W><W>(</W><W>Bonus</W><W>Track</W><W>)</W><W>-</W><W>A</W><W>lot</W><W>of</W><W>the</W><W>time</W><W>,</W><W>bonus</W><W>tracks</W><C><cue ID="50" type="speculation"><W>would</W></cue></C><xcope ID="51"><ref COMMENTS="" ID="52" SRC="50"></ref><W>really</W><W>be</W><W>more</W><W>appropriately</W><W>titled</W><W>&#34;</W><W>Throw-away</W><W>Tracks</W></xcope><W>.</W><W>&#34;</W></SENTENCE><SENTENCE><W>Fortunately</W><W>for</W><W>us</W><W>,</W><W>this</W><W>remix</W><W>is</W><W>even</W><W>better</W><W>than</W><W>the</W><W>original</W><W>.</W></SENTENCE><SENTENCE><W>&#34;</W><W>Life</W><W>is</W><W>one</W><W>big</W><W>road</W><W>,</W><W>with</W><W>lots</W><W>of</W><W>signs</W><W>/</W><W>Let</W><W>your</W><W>inner</W><W>light</W><W>shine</W><W>/</W><W>Let</W><W>your</W><W>inner</W><W>light</W><W>shine</W><W>..</W><W>.</W><W>&#34;</W><W>-</W><W>5</W></SENTENCE></P><P></P><P><SENTENCE><W>Songs</W><W>-</W><W>4.75</W></SENTENCE></P><P></P><P><SENTENCE><W>Beats</W><W>-</W><W>5</W></SENTENCE></P><P></P><P><SENTENCE><W>Rhymes</W><W>-</W><W>4.5</W></SENTENCE></P><P></P><P><SENTENCE><W>Originality</W><W>-</W><W>5</W></SENTENCE></P><P></P><P><SENTENCE><W>Overall</W><W>-</W><W>4.75</W><W>/</W><W>5</W></SENTENCE></P><P></P><P><SENTENCE><W>Simply</W><W>because</W><xcope ID="63"><W>they</W><cue ID="60" type="negation"><W>are</W><W>n&#39;t</W></cue><xcope ID="62"><W>on</W><W>a</W><W>huge</W><W>label</W></xcope></xcope><C><cue ID="53" type="speculation"><W>or</W></cue></C><xcope ID="61"><W>have</W><W>their</W><W>videos</W><W>on</W><W>MTV</W></xcope><W>,</W><W>Zion</W><W>I</W><W>is</W><W>criminally</W><W>slept</W><W>on</W><W>.</W></SENTENCE><SENTENCE><W>The</W><W>best</W><W>thing</W><W>about</W><W>this</W><W>CD</W><W>is</W><W>it</W><W>&#39;s</W><W>wide</W><W>appeal</W><W>.</W></SENTENCE><SENTENCE><W>I</W><W>already</W><W>compared</W><W>Zion</W><W>I</W><W>to</W><W>Outkast</W><W>on</W><W>one</W><W>song</W><W>,</W><W>but</W><W>they</W><W>deserve</W><W>another</W><W>comparison</W><W>:</W><W>both</W><W>groups</W><W>have</W><W>a</W><W>universal</W><W>sound</W><W>that</W><C><cue ID="54" type="speculation"><W>can</W></cue></C><xcope ID="64"><W>appeal</W><W>to</W><W>both</W><W>the</W><W>average</W><W>listener</W><W>who</W><W>simply</W><W>turns</W><W>on</W><W>the</W><W>radio</W><W>to</W><W>hear</W><W>music</W></xcope><W>,</W><W>but</W><W>by</W><W>the</W><W>same</W><W>token</W><W>both</W><W>have</W><W>more</W><W>than</W><W>enough</W><W>artistic</W><W>merit</W><W>to</W><W>please</W><W>even</W><W>the</W><W>most</W><W>picky</W><W>,</W><W>critical</W><W>backpacker</W><W>who</W><W>listens</W><W>to</W><W>music</W><W>simply</W><W>because</W><W>other</W><W>people</W><cue ID="88" type="negation"><W>do</W><W>n&#39;t</W></cue><xcope ID="89"><ref COMMENTS="" ID="90" SRC="88"></ref><W>know</W><W>about</W><W>it</W></xcope><W>.</W></SENTENCE><SENTENCE><W>The</W><W>big</W><W>difference</W><W>is</W><W>EXPOSURE.</W></SENTENCE><SENTENCE><W>I</W><W>guarantee</W><W>Zion</W><W>I</W><C><cue ID="55" type="speculation"><W>would</W></cue></C><xcope ID="72"><ref COMMENTS="" ID="80" SRC="55"></ref><W>sell</W><W>millions</W><W>of</W><W>records</W><xcope ID="71"><ref COMMENTS="" ID="78" SRC="57"></ref><C><cue ID="56" type="speculation"><W>if</W></cue></C><xcope ID="70"><ref COMMENTS="" ID="79" SRC="56"></ref><W>the</W><W>video</W><W>they</W><W>made</W><W>for</W><W>Revolution</W><W>(B-Boy</W><W>Anthem</W><W>)</W><W>(yes</W><W>,</W><W>they</W><W>have</W><W>a</W><W>video</W><W>for</W><W>it</W><W>)</W><W>was</W><W>given</W><W>rotation</W><W>on</W><W>MTV</W></xcope><W>,</W></xcope><C><cue ID="57" type="speculation"><W>or</W></cue></C><xcope ID="69"><ref COMMENTS="" ID="77" SRC="57"></ref><C><cue ID="58" type="speculation"><W>if</W></cue></C><xcope ID="68"><ref COMMENTS="" ID="76" SRC="58"></ref><xcope ID="65"><ref COMMENTS="" ID="75" SRC="59"></ref><W>Trippin</W></xcope><W>,</W><xcope ID="66"><ref COMMENTS="" ID="74" SRC="59"></ref><W>One</W></xcope><W>,</W><C><cue ID="59" type="speculation"><W>or</W></cue></C><xcope ID="67"><ref COMMENTS="" ID="73" SRC="59"></ref><W>Inner</W><W>Light</W></xcope><W>were</W><W>played</W><W>on</W><W>major</W><W>radio</W><W>stations</W></xcope></xcope></xcope><W>.</W></SENTENCE></P><P></P><P><SENTENCE><W>But</W><W>enough</W><W>about</W><W>their</W><C><W>potential</W></C><W>.</W></SENTENCE><SENTENCE><W>Now</W><W>I</W><W>&#39;ll</W><W>talk</W><W>about</W><W>the</W><W>actual</W><W>reasons</W><W>of</W><W>why</W><W>they</W><W>&#39;re</W><W>good</W><W>.</W></SENTENCE><SENTENCE><W>First</W><W>off</W><W>,</W><W>we</W><W>have</W><W>the</W><W>beats</W><W>.</W></SENTENCE><SENTENCE><W>Amp</W><W>Live</W><W>turns</W><W>in</W><W>an</W><W>extremely</W><W>impressive</W><W>performance</W><W>on</W><W>this</W><W>album</W><W>,</W><W>putting</W><W>his</W><W>own</W><W>personal</W><W>spins</W><W>on</W><W>hip-hop</W><C><W>and</W></C><W>drum</W><C><W>and</W></C><W>bass</W><W>.</W></SENTENCE><SENTENCE><W>I</W><W>&#39;ve</W><C><cue ID="81" type="negation"><W>never</W></cue></C><xcope ID="87"><W>heard</W><W>production</W><W>like</W><W>this</W><W>before</W><W>,</W><W>but</W><W>I</W><W>sure</W><W>as</W><W>hell</W><W>wish</W><W>I</W><W>had</W></xcope><W>.</W></SENTENCE><SENTENCE><W>Next</W><W>,</W><W>the</W><W>MCing</W><W>.</W></SENTENCE><SENTENCE><W>Zion</W><cue ID="88" type="negation"><W>is</W><W>n&#39;t</W></cue><xcope ID="89"><ref COMMENTS="" ID="96" SRC="88"></ref><W>the</W><W>most</W><W>complex</W><W>MC</W><W>you</W><W>&#39;ll</W><W>ever</W><W>hear</W><W>,</W><W>but</W><W>every</W><W>song</W><W>he</W><W>writes</W><W>has</W><W>a</W><W>message</W></xcope><W>.</W></SENTENCE><SENTENCE><C><W>And</W></C><W>although</W><W>the</W><W>beats</W><C><cue ID="82" type="speculation"><W>could</W></cue></C><xcope ID="92"><ref COMMENTS="" ID="95" SRC="82"></ref><C><cue ID="83" type="speculation"><W>probably</W></cue></C><xcope ID="91"><ref COMMENTS="" ID="94" SRC="83"></ref><W>stand</W><C><cue ID="84" type="speculation"><W>without</W></cue></C><xcope ID="90"><ref COMMENTS="" ID="93" SRC="84"></ref><W>Zion</W></xcope></xcope></xcope><C><W>and</W></C><W>be</W><W>rhymed</W><W>on</W><W>by</W><W>anyone</W><W>,</W><W>Zion</W><C><W>and</W></C><W>Amp</W><W>Live</W><W>REALLY</W><W>have</W><W>chemistry</W><W>together</W><W>.</W></SENTENCE><SENTENCE><W>I</W><W>&#39;ll</W><W>use</W><W>Gangstarr</W><W>as</W><W>an</W><W>example</W><W>:</W><W>DJ</W><W>Premier</W><C><cue ID="85" type="speculation"><W>can</W></cue></C><xcope ID="97"><ref COMMENTS="" ID="98" SRC="85"></ref><W>produce</W><W>for</W><W>anyone</W></xcope><W>,</W><C><W>and</W></C><W>Guru</W><C><cue ID="86" type="speculation"><W>can</W></cue></C><xcope ID="99"><ref COMMENTS="" ID="100" SRC="86"></ref><W>flow</W><W>over</W><W>anyone</W><W>&#39;s</W><W>beats</W><W>,</W><W>but</W><W>they</W><W>always</W><W>sound</W><W>better</W><W>together</W></xcope><W>.</W></SENTENCE><SENTENCE><W>Same</W><W>thing</W><W>for</W><W>Amp</W><W>Live</W><C><W>and</W></C><W>Zion</W><W>.</W></SENTENCE></P><P></P><P><SENTENCE><W>This</W><W>album</W><W>is</W><W>a</W><W>near-classic</W><W>,</W><W>my</W><W>favorite</W><W>overall</W><W>album</W><W>from</W><W>2000</W><W>,</W><C><W>and</W></C><W>one</W><W>of</W><W>the</W><W>most</W><W>unique</W><W>albums</W><W>I</W><W>&#39;ve</W><W>ever</W><W>heard</W><W>.</W></SENTENCE><SENTENCE><W>Buy</W><W>it</W><W>immediately</W><C><cue ID="102" type="speculation"><W>if</W></cue></C><xcope ID="104"><ref COMMENTS="" ID="106" SRC="102"></ref><C><cue ID="101" type="negation"><W>not</W></cue></C><xcope ID="103"><ref COMMENTS="" ID="105" SRC="101"></ref><W>sooner</W></xcope></xcope><W>.</W></SENTENCE></P></DOCUMENT>
