<?xml version="1.0" encoding="UTF-8"?>
<DOCUMENT><P></P><P><SENTENCE><W>I</W><W>walked</W><W>into</W><W>my</W><W>favorite</W><W>record</W><W>store</W><W>in</W><W>Lincoln</W><C><W>and</W></C><W>heard</W><W>something</W><W>beautiful</W><W>.</W></SENTENCE><SENTENCE><W>The</W><W>sound</W><W>of</W><W>good</W><W>hip-hop</W><W>that</W><W>I</W><C><cue ID="0" type="negation"><W>never</W></cue></C><xcope ID="6"><ref COMMENTS="" ID="13" SRC="0"></ref><W>heard</W><W>before</W></xcope><W>.</W></SENTENCE><SENTENCE><C><cue ID="1" type="negation"><W>Not</W></cue></C><xcope ID="7"><ref COMMENTS="" ID="14" SRC="1"></ref><W>only</W><W>was</W><W>it</W><W>good</W></xcope><W>,</W><W>but</W><W>when</W><W>something</W><W>moves</W><W>you</W><W>on</W><W>the</W><W>first</W><W>listen</W><W>you</W><W>know</W><W>it</W><W>will</W><W>be</W><W>a</W><W>classic</W><W>.</W></SENTENCE></P><P></P><P><SENTENCE><W>What</W><W>I</W><W>was</W><W>hearing</W><W>was</W><W>the</W><W>9th</W><W>track</W><W>on</W><W>this</W><W>album</W><W>&#34;</W><W>San</W><W>Francisco</W><W>Knights</W><W>&#34;</W><W>I</W><W>had</W><W>to</W><W>own</W><W>a</W><W>copy</W><W>of</W><W>this</W><W>song</W><W>,</W><W>so</W><W>I</W><W>asked</W><W>for</W><W>a</W><W>12&#34;</W><W>.</W></SENTENCE><SENTENCE><W>I</W><W>was</W><W>told</W><W>there</W><cue ID="2" type="negation"><W>was</W><W>n&#39;t</W></cue><xcope ID="8"><ref COMMENTS="" ID="15" SRC="2"></ref><W>one</W></xcope><W>,</W><W>I</W><W>had</W><W>to</W><W>buy</W><W>the</W><W>whole</W><W>album</W><C><cue ID="3" type="speculation"><W>if</W></cue></C><xcope ID="11"><ref COMMENTS="" ID="17" SRC="3"></ref><W>I</W><W>wanted</W><W>it</W></xcope><W>.</W></SENTENCE><SENTENCE><W>I</W><W>am</W><W>normally</W><C><cue ID="4" type="negation"><W>not</W></cue></C><xcope ID="12"><ref COMMENTS="" ID="16" SRC="4"></ref><W>a</W><W>person</W><W>who</W><W>buys</W><W>an</W><W>album</W><W>based</W><W>on</W><W>one</W><W>song</W></xcope><W>.</W></SENTENCE><SENTENCE><W>I</W><W>spend</W><W>to</W><W>much</W><W>money</W><W>on</W><W>music</W><W>to</W><W>waste</W><W>it</W><W>on</W><xcope ID="9"><ref COMMENTS="" ID="18" SRC="5"></ref><W>12</W></xcope><C><cue ID="5" type="speculation"><W>or</W></cue></C><xcope ID="10"><ref COMMENTS="" ID="19" SRC="5"></ref><W>15</W></xcope><W>tracks</W><W>I</W><W>do</W><W>n&#39;t</W><W>listen</W><W>to</W><W>.</W></SENTENCE><SENTENCE><W>But</W><W>this</W><W>was</W><W>different</W><W>,</W><W>I</W><W>had</W><W>to</W><W>take</W><W>a</W><W>chance</W><W>.</W></SENTENCE><SENTENCE><W>I</W><W>broke</W><W>down</W><C><W>and</W></C><W>spent</W><W>$</W><W>18</W><W>on</W><W>the</W><W>double</W><W>LP.</W></SENTENCE></P><P></P><P><SENTENCE><W>When</W><W>I</W><W>listened</W><W>at</W><W>home</W><W>I</W><W>was</W><C><cue ID="20" type="negation"><W>not</W></cue></C><xcope ID="32"><ref COMMENTS="" ID="41" SRC="20"></ref><W>let</W><W>down</W></xcope><W>...what</W><W>a</W><W>great</W><W>album</W><W>,</W><W>with</W><W>so</W><W>many</W><W>great</W><W>beats</W><W>.</W></SENTENCE><SENTENCE><W>I</W><C><cue ID="21" type="speculation"><W>could</W></cue></C><xcope ID="38"><ref COMMENTS="" ID="42" SRC="21"></ref><W>go</W><W>through</W><W>this</W><W>album</W><W>track</W><W>by</W><W>track</W><W>for</W><W>all</W><W>16</W><W>songs</W></xcope><W>,</W><W>but</W><W>since</W><W>you</W><C><cue ID="22" type="speculation"><W>probably</W></cue></C><xcope ID="37"><ref COMMENTS="" ID="44" SRC="22"></ref><cue ID="23" type="negation"><W>wo</W><W>n&#39;t</W></cue><xcope ID="36"><ref COMMENTS="" ID="43" SRC="23"></ref><W>read</W><W>that</W><W>I</W><W>&#39;ll</W><W>just</W><W>focus</W><W>on</W><W>the</W><W>highlights</W></xcope></xcope><W>,</W><C><W>and</W></C><cue ID="24" type="speculation"><W>maybe</W></cue><xcope ID="35"><ref COMMENTS="" ID="47" SRC="24"></ref><xcope ID="34"><ref COMMENTS="" ID="46" SRC="25"></ref><W>one</W></xcope><C><cue ID="25" type="speculation"><W>or</W></cue></C><xcope ID="33"><ref COMMENTS="" ID="45" SRC="25"></ref><W>two</W><W>lowlights</W></xcope><W>.</W></xcope></SENTENCE></P><P></P><P><SENTENCE><W>The</W><W>People</W><W>Under</W><W>the</W><W>Stairs</W><W>are</W><W>a</W><W>different</W><W>type</W><W>of</W><W>hip-hop</W><W>group</W><W>.</W></SENTENCE><SENTENCE><W>Lyrically</W><W>they</W><W>are</W><W>great</W><W>,</W><W>but</W><cue ID="27" type="negation"><W>are</W><W>n&#39;t</W></cue><xcope ID="40"><ref COMMENTS="" ID="49" SRC="27"></ref><W>the</W><W>type</W><W>of</W><W>group</W><W>I</W><C><cue ID="26" type="speculation"><W>would</W></cue></C><xcope ID="39"><ref COMMENTS="" ID="48" SRC="26"></ref><W>normally</W><W>like</W></xcope></xcope><W>.</W></SENTENCE><SENTENCE><W>The</W><W>subjects</W><W>most</W><W>covered</W><W>on</W><W>this</W><W>album</W><W>are</W><W>drinking</W><W>,</W><W>smoking</W><C><W>and</W></C><W>partying</W><W>.</W></SENTENCE><SENTENCE><W>That</W><W>&#39;s</W><W>all</W><W>fine</W><W>,</W><W>in</W><W>fact</W><W>I</W><W>really</W><W>like</W><W>the</W><W>fact</W><W>that</W><W>a</W><W>lot</W><W>of</W><W>hip-hop</W><W>is</W><W>about</W><W>just</W><W>having</W><W>fun</W><W>,</W><W>but</W><W>I</W><C><cue ID="28" type="speculation"><W>think</W></cue></C><xcope ID="53"><ref COMMENTS="" ID="59" SRC="28"></ref><W>it</W><C><cue ID="29" type="speculation"><W>can</W></cue></C><xcope ID="52"><ref COMMENTS="" ID="58" SRC="29"></ref><W>be</W><W>more</W><W>than</W><W>that</W><C><W>and</W></C><xcope ID="51"><ref COMMENTS="" ID="57" SRC="30"></ref><W>have</W><W>a</W><W>message</W></xcope><C><cue ID="30" type="speculation"><W>or</W></cue></C><xcope ID="50"><ref COMMENTS="" ID="56" SRC="30"></ref><W>say</W><W>something</W><W>somewhat</W><W>profound</W></xcope></xcope></xcope><W>.</W></SENTENCE><SENTENCE><W>This</W><W>album</W><cue ID="31" type="negation"><W>does</W><W>n&#39;t</W></cue><xcope ID="54"><ref COMMENTS="" ID="55" SRC="31"></ref><W>have</W><W>much</W><W>of</W><W>a</W><W>positive</W><W>message</W></xcope><W>,</W><W>which</W><W>is</W><W>my</W><W>only</W><W>problem</W><W>with</W><W>it</W><W>.</W></SENTENCE></P><P></P><P><SENTENCE><W>Despite</W><W>that</W><W>last</W><W>fact</W><W>,</W><W>P.U.T.S.</W><W>has</W><W>actually</W><W>put</W><W>together</W><W>a</W><W>very</W><W>creative</W><W>album</W><W>.</W></SENTENCE><SENTENCE><W>Although</W><W>,</W><W>the</W><W>songs</W><W>are</W><W>about</W><W>partying</W><W>,</W><W>drinking</W><C><W>and</W></C><W>even</W><W>doing</W><W>a</W><W>few</W><W>illegal</W><W>things</W><W>,</W><W>the</W><W>group</W><W>brings</W><W>it</W><W>down</W><W>to</W><W>the</W><W>level</W><W>of</W><W>the</W><W>average</W><W>fan</W><W>.</W></SENTENCE><SENTENCE><W>A</W><W>great</W><W>example</W><W>is</W><W>the</W><W>song</W><W>&#34;</W><W>Mid-City</W><W>Fiesta</W><W>.</W><W>&#34;</W></SENTENCE><SENTENCE><W>As</W><W>you</W><W>listen</W><W>,</W><W>you</W><C><cue ID="60" type="speculation"><W>can</W></cue></C><xcope ID="64"><ref COMMENTS="" ID="67" SRC="60"></ref><W>almost</W><W>watch</W><W>a</W><W>movie</W><W>of</W><W>the</W><W>duo</W><W>hitting</W><W>the</W><W>town</W><W>on</W><xcope ID="62"><ref COMMENTS="" ID="66" SRC="61"></ref><W>a</W><W>warm</W><W>San</W><W>Francisco</W><W>Night</W></xcope><C><cue ID="61" type="speculation"><W>or</W></cue></C><xcope ID="63"><ref COMMENTS="" ID="65" SRC="61"></ref><W>a</W><W>summer</W><W>night</W><W>in</W><W>L.A.</W></xcope></xcope></SENTENCE></P><P></P><P><SENTENCE><W>Now</W><W>,</W><W>on</W><W>to</W><W>the</W><W>best</W><W>thing</W><W>about</W><W>this</W><W>album</W><W>,</W><W>the</W><W>beats</W><W>.</W></SENTENCE><SENTENCE><W>The</W><W>groups</W><W>DJ/MC</W><W>Double</W><W>K</W><W>has</W><W>put</W><W>together</W><W>some</W><W>phenomenal</W><W>beats</W><W>,</W><W>mixing</W><W>a</W><W>few</W><W>classic</W><W>hip-hop</W><W>sounds</W><W>with</W><W>rare</W><W>,</W><W>super</W><W>funky</W><W>gems</W><W>from</W><W>his</W><W>crates</W><W>.</W></SENTENCE><SENTENCE><W>The</W><W>title</W><W>track</W><W>&#34;</W><W>The</W><W>Next</W><W>Step&#34;</W><W>is</W><W>a</W><W>perfect</W><W>example</W><W>of</W><W>this</W><W>.</W></SENTENCE><SENTENCE><W>P.U.T.S.</W><W>also</W><W>manages</W><W>to</W><W>work</W><W>some</W><W>interesting</W><W>voice</W><W>samples</W><W>into</W><W>the</W><W>album</W><W>.</W></SENTENCE><SENTENCE><W>On</W><W>&#34;</W><W>San</W><W>Francisco</W><W>Knights</W><W>&#34;</W><C><W>and</W></C><W>the</W><W>last</W><W>track</W><W>&#34;</W><W>Play</W><W>it</W><W>Again</W><W>&#34;</W><W>the</W><W>group</W><W>mixes</W><W>those</W><W>phrases</W><W>in</W><W>with</W><W>funky</W><W>bass</W><W>lines</W><W>underneath</W><W>.</W></SENTENCE></P><P></P><P><SENTENCE><W>Another</W><W>plus</W><W>for</W><W>this</W><W>album</W><W>,</W><W>for</W><W>all</W><W>the</W><W>underground</W><W>hip-hop</W><W>fans</W><W>,</W><W>is</W><W>that</W><W>it</W><W>is</W><W>one</W><W>of</W><W>those</W><W>rare</W><W>albums</W><W>that</W><C><cue ID="68" type="speculation"><W>can</W></cue></C><xcope ID="74"><ref COMMENTS="" ID="90" SRC="68"></ref><W>serve</W><W>as</W><W>a</W><W>transition</W><W>album</W><W>for</W><W>your</W><W>friends</W><W>who</W><W>listen</W><W>to</W><W>pop</W><W>hip-hop</W></xcope><W>.</W></SENTENCE><SENTENCE><W>A</W><W>lot</W><W>of</W><W>people</W><W>dismiss</W><W>a</W><W>lot</W><W>of</W><W>underground</W><W>hip-hop</W><W>as</W><W>&#34;weak</W><W>&#34;</W><W>because</W><W>it</W><cue ID="69" type="negation"><W>does</W><W>n&#39;t</W></cue><xcope ID="78"><ref COMMENTS="" ID="89" SRC="69"></ref><xcope ID="77"><ref COMMENTS="" ID="86" SRC="70"></ref><W>talk</W><W>about</W><W>shooting</W><W>someone</W></xcope><C><cue ID="70" type="speculation"><W>or</W></cue></C><xcope ID="76"><ref COMMENTS="" ID="87" SRC="70"></ref><W>treating</W><W>your</W><W>woman</W><W>like</W><W>garbage</W></xcope><W>,</W><C><cue ID="71" type="speculation"><W>or</W></cue></C><xcope ID="75"><ref COMMENTS="" ID="88" SRC="70"></ref><W>it</W><W>is</W><W>too</W><W>political</W></xcope></xcope><W>.</W></SENTENCE><SENTENCE><W>This</W><W>album</W><W>is</W><W>somewhere</W><W>between</W><W>the</W><W>two</W><W>extremes</W><W>,</W><C><W>and</W></C><W>I</W><W>have</W><W>actually</W><W>used</W><W>this</W><W>album</W><W>to</W><W>get</W><W>some</W><W>of</W><W>my</W><W>friends</W><W>to</W><W>start</W><W>giving</W><W>some</W><W>records</W><W>a</W><W>chance</W><W>even</W><W>though</W><W>they</W><W>are</W><C><cue ID="72" type="negation"><W>not</W></cue></C><xcope ID="80"><ref COMMENTS="" ID="82" SRC="72"></ref><W>what</W><W>everyone</W><W>talks</W><W>about</W></xcope><C><W>and</W></C><cue ID="73" type="negation"><W>are</W><W>n&#39;t</W></cue><xcope ID="79"><ref COMMENTS="" ID="81" SRC="73"></ref><W>on</W><W>MTV</W></xcope><C><W>and</W></C><W>BET</W><W>everyday</W><W>.</W></SENTENCE></P><P></P><P><SENTENCE><W>So</W><W>,</W><C><cue ID="91" type="speculation"><W>if</W></cue></C><xcope ID="94"><ref COMMENTS="" ID="96" SRC="91"></ref><W>you</W><cue ID="92" type="negation"><W>do</W><W>n&#39;t</W></cue><xcope ID="93"><ref COMMENTS="" ID="95" SRC="92"></ref><W>have</W><W>it</W></xcope></xcope><W>,</W><W>go</W><W>out</W><C><W>and</W></C><W>pick</W><W>up</W><W>a</W><W>copy</W><W>.</W></SENTENCE><SENTENCE><W>It</W><W>&#39;s</W><W>worth</W><W>it</W><W>.</W></SENTENCE><SENTENCE><W>Almost</W><W>a</W><W>year</W><W>after</W><W>I</W><W>first</W><W>picked</W><W>it</W><W>up</W><W>&#34;</W><W>San</W><W>Francisco</W><W>Knights</W><W>&#34;</W><W>is</W><W>still</W><W>one</W><W>of</W><W>my</W><W>favorite</W><W>hip-hop</W><W>songs</W><C><W>and</W></C><W>each</W><W>time</W><W>I</W><W>listen</W><W>to</W><W>the</W><W>album</W><W>I</W><W>hear</W><W>something</W><W>new</W><W>.</W></SENTENCE></P></DOCUMENT>
