<?xml version="1.0" encoding="UTF-8"?>
<DOCUMENT><P></P><P><SENTENCE><W>Usually</W><W>when</W><W>a</W><W>hip</W><W>hop</W><W>group</W><W>is</W><W>forced</W><W>to</W><W>re-assemble</W><W>after</W><W>a</W><W>dismantling</W><W>of</W><W>the</W><W>original</W><W>group</W><W>,</W><W>the</W><W>results</W><W>are</W><W>less</W><W>than</W><W>favorable</W><W>.</W></SENTENCE><SENTENCE><C><cue ID="0" type="negation"><W>Not</W></cue></C><xcope ID="1"><ref COMMENTS="" ID="2" SRC="0"></ref><W>so</W><W>with</W><W>the</W><W>Arsonists</W></xcope><W>.</W></SENTENCE><SENTENCE><W>Going</W><W>from</W><W>a</W><W>sprawling</W><W>group</W><W>of</W><W>five</W><W>original</W><W>members</W><W>,</W><W>to</W><W>a</W><W>smaller</W><W>three</W><W>,</W><W>actually</W><W>helps</W><W>the</W><W>flow</W><C><W>and</W></C><W>makes</W><W>the</W><W>album</W><W>a</W><W>much</W><W>more</W><W>consistent</W><W>showing</W><W>.</W></SENTENCE><SENTENCE><W>The</W><W>original</W><W>Arsonists</W><W>release</W><W>titled</W><W>&#34;</W><W>As</W><W>The</W><W>World</W><W>Burns</W><W>&#34;</W><W>was</W><W>essentially</W><W>a</W><W>mish-mash</W><W>of</W><W>old</W><W>material</W><W>recorded</W><W>since</W><W>1993</W><W>up</W><W>to</W><W>1999</W><C><W>and</W></C><W>the</W><W>variance</W><W>in</W><W>production</W><C><W>and</W></C><W>skill</W><W>throughout</W><W>that</W><W>time</W><W>period</W><W>is</W><W>overwhelming</W><W>.</W></SENTENCE><SENTENCE><W>The</W><W>original</W><W>five</W><W>was</W><W>cut</W><W>to</W><W>just</W><W>three</W><W>,</W><W>Jise</W><W>,</W><W>Q-Unique</W><W>,</W><C><W>and</W></C><W>Swel</W><W>79</W><W>.</W></SENTENCE><SENTENCE><W>These</W><W>three</W><W>MC</W><W>&#39;s</W><W>released</W><W>the</W><W>album</W><W>&#34;</W><W>Date</W><W>of</W><W>Birth&#34;</W><W>,</W><W>a</W><W>much</W><W>more</W><W>thorough</W><C><W>and</W></C><W>unique</W><W>listen</W><W>than</W><W>the</W><W>original</W><W>.</W></SENTENCE><SENTENCE><W>Lyrically</W><W>,</W><W>the</W><W>three</W><W>play</W><W>off</W><W>of</W><W>each</W><W>other</W><W>very</W><W>well</W><W>,</W><cue ID="0" type="speculation"><W>seemingly</W></cue><xcope ID="1"><ref COMMENTS="" ID="2" SRC="0"></ref><W>finding</W><W>a</W><W>perfect</W><W>fit</W><W>.</W></xcope></SENTENCE></P><P></P><P><SENTENCE><W>Usually</W><W>an</W><W>intro</W><W>on</W><W>modern</W><W>hip</W><W>hop</W><W>records</W><W>is</W><W>purely</W><W>there</W><W>for</W><W>album</W><W>filler</W><W>,</W><W>but</W><W>even</W><W>this</W><W>trend</W><W>is</W><W>torched</W><W>by</W><W>the</W><W>Arsonists</W><W>.</W></SENTENCE><SENTENCE><W>&#34;</W><W>Date</W><W>of</W><W>Birth</W><W>&#34;</W><W>summarizes</W><W>the</W><W>new</W><W>Arsonist</W><W>sound</W><C><W>and</W></C><W>keeps</W><W>the</W><W>listener</W><W>updated</W><W>on</W><W>the</W><W>trials</W><C><W>and</W></C><W>tribulations</W><W>of</W><W>the</W><W>crew</W><W>.</W></SENTENCE><SENTENCE><W>Introducing</W><W>all</W><W>three</W><W>MC</W><W>&#39;s</W><W>style</W><W>it</W><W>makes</W><W>for</W><W>a</W><W>moving</W><W>foray</W><W>.</W></SENTENCE><SENTENCE><W>&#34;</W><W>Stay</W><W>Lo&#34;</W><W>,</W><W>the</W><W>second</W><W>track</W><W>on</W><W>the</W><W>album</W><W>is</W><W>a</W><W>total</W><W>destruction</W><W>of</W><W>mainstream</W><W>rap</W><C><W>and</W></C><W>the</W><W>platinum</W><W>status</W><W>achieved</W><W>by</W><W>many</W><W>such</W><W>artists</W><W>.</W></SENTENCE><SENTENCE><W>&#34;</W><W>A</W><W>million</W><W>sold</W><W>do</W><W>n&#39;t</W><W>make</W><W>you</W><W>pro</W><W>&#34;</W><W>Jise</W><W>alerts</W><W>.</W></SENTENCE><SENTENCE><W>The</W><W>beat</W><W>is</W><W>pretty</W><W>standard</W><W>affair</W><C><W>and</W></C><W>it</W><W>takes</W><W>a</W><W>backseat</W><W>to</W><W>the</W><W>lyrics</W><W>,</W><W>as</W><W>it</W><C><cue ID="3" type="speculation"><W>should</W></cue></C><W>.</W></SENTENCE><SENTENCE><W>The</W><W>next</W><W>two</W><W>tracks</W><W>are</W><W>just</W><W>as</W><W>good</W><W>as</W><W>the</W><W>second</W><W>one</W><W>,</W><W>continuing</W><W>to</W><W>scorch</W><W>mainstream</W><W>rap</W><C><W>and</W></C><W>moving</W><W>towards</W><W>a</W><W>hip</W><W>hop</W><W>nirvana</W><W>.</W></SENTENCE><SENTENCE><W>Nirvana</W><W>is</W><W>reached</W><W>on</W></SENTENCE></P><P></P><P><SENTENCE><W>&#34;</W><W>Language</W><W>Arts</W><W>&#34;</W><W>an</W><W>absolutely</W><W>incredible</W><W>track</W><W>.</W></SENTENCE><SENTENCE><W>Using</W><W>traditional</W><W>Japanese</W><W>kabuki</W><W>theater</W><W>strings</W><W>with</W><W>a</W><W>deep</W><W>bass</W><W>beat</W><W>along</W><W>with</W><W>some</W><W>scratching</W><W>.</W></SENTENCE><SENTENCE><W>The</W><W>lyrics</W><W>surprisingly</W><W>are</W><C><W>not</W></C><W>the</W><W>main</W><W>focus</W><W>because</W><W>the</W><W>production</W><W>is</W><W>so</W><W>truly</W><W>innovative</W><W>.</W></SENTENCE><SENTENCE><W>Its</W><W>something</W><W>you</W><C><cue ID="4" type="speculation"><W>must</W></cue></C><xcope ID="5"><ref COMMENTS="" ID="6" SRC="4"></ref><W>witness</W><W>to</W><C><W>believe</W></C></xcope><W>.</W></SENTENCE><SENTENCE><W>The</W><W>next</W><W>truly</W><W>grandiose</W><W>track</W><W>is</W><W>&#34;</W><W>Alive</W><W>&#34;</W><W>another</W><W>amazing</W><W>production</W><W>track</W><W>with</W><W>great</W><W>lyrics</W><W>.</W></SENTENCE><SENTENCE><W>Nothing</W><W>on</W><W>the</W><W>album</W><W>reaches</W><W>the</W><W>perfection</W><W>achieved</W><W>by</W><W>&#34;</W><xcope ID="8"><ref COMMENTS="" ID="11" SRC="7"></ref><W>Language</W><W>Arts</W><W>&#34;</W></xcope><C><cue ID="7" type="speculation"><W>or</W></cue></C><W>&#34;</W><xcope ID="9"><ref COMMENTS="" ID="10" SRC="7"></ref><W>Alive&#34;</W></xcope><W>,</W><W>but</W><W>the</W><W>overall</W><W>album</W><W>is</W><W>up</W><W>there</W><W>among</W><W>the</W><W>best</W><W>underground</W><W>releases</W><W>of</W><W>2001</W><W>.</W></SENTENCE></P><P></P><P><SENTENCE><W>I</W><C><cue ID="12" type="speculation"><W>would</W></cue></C><xcope ID="15"><ref COMMENTS="" ID="18" SRC="12"></ref><W>recommend</W><W>this</W><W>release</W><W>to</W><W>anyone</W><W>who</W><W>likes</W><W>to</W><W>hear</W><W>more</W><W>than</W><W>just</W><W>the</W><W>typical</W><W>gangsta</W><W>bling</W><W>bling</W><W></W><W>mentality</W></xcope><W>.</W></SENTENCE><SENTENCE><W>Sad</W><W>to</W><C><W>think</W></C><W>that</W><W>this</W><W>group</W><W>will</W><W>always</W><W>remain</W><W>beneath</W><W>mainstream</W><W>radar</W><W>,</W><C><cue ID="13" type="negation"><W>never</W></cue></C><xcope ID="16"><ref COMMENTS="" ID="19" SRC="13"></ref><W>reaching</W><W>more</W><W>than</W><W>a</W><W>cult</W><W>status</W></xcope><W>,</W><W>but</W><W>then</W><W>again</W><W>,</W><cue ID="14" type="negation"><W>is</W><W>n&#39;t</W></cue><xcope ID="17"><ref COMMENTS="" ID="20" SRC="14"></ref><W>that</W><W>the</W><W>point</W></xcope><W>?</W></SENTENCE></P></DOCUMENT>
