<?xml version="1.0" encoding="UTF-8"?>
<DOCUMENT><P></P><P><SENTENCE><W>Alcatraz</W><W>is</W><W>arguably</W><W>the</W><W>most</W><W>infamous</W><W>prison</W><W>on</W><W>our</W><W>planet</W><W>.</W></SENTENCE><SENTENCE><W>Built</W><W>in</W><W>the</W><W>early</W><W>1900</W><W>&#39;s</W><W>,</W><W>housing</W><W>names</W><W>like</W><W>Al</W><W>Capone</W><W>,</W><W>Alcatraz</W><W>is</W><C><cue ID="15" type="speculation"><W>considered</W></cue></C><xcope ID="16"><ref COMMENTS="" ID="17" SRC="15"></ref><W>one</W><W>of</W><W>the</W><W>harshest</W></xcope><W>,</W><W>most</W><W>impenetrable</W><W>prisons</W><W>ever</W><W>.</W></SENTENCE><SENTENCE><W>San</W><W>Francisco</W><W>rapper</W><W>Rasco</W><W>,</W><W>living</W><W>near</W><W>the</W><W>facility</W><W>himself</W><W>,</W><W>utilizes</W><W>the</W><W>prison</W><W>as</W><W>a</W><W>metaphor</W><W>for</W><W>his</W><W>label</W><W>struggles</W><W>.</W></SENTENCE><SENTENCE><W>The</W><W>label</W><W>in</W><W>particular</W><W>that</W><W>he</W><W>is</W><C><W>implying</W></C><W>about</W><W>is</W><W>Copastik</W><W>Records</W><W>,</W><W>headed</W><W>by</W><W>Jon</W><W>Saxton</W><W>.</W></SENTENCE><SENTENCE><W>After</W><W>&#34;escaping</W><W>&#34;</W><W>that</W><W>&#34;prison</W><W>,</W><W>&#34;</W><W>Rasco</W><W>found</W><W>his</W><W>way</W><W>to</W><W>Coup</W><W>D&#39;Etat</W><W>Records</W><W>,</W><C><W>and</W></C><W>he</W><W>relishes</W><W>his</W><W>new</W><W>freedom</W><W>with</W><W>this</W><W>new</W><W>album</W><W>.</W></SENTENCE></P><P></P><P><SENTENCE><W>The</W><W>Intro</W><W>kicks</W><W>off</W><W>the</W><W>album</W><W>with</W><W>sampled</W><W>soundbites</W><W>describing</W><W>the</W><W>hopelessness</W><W>of</W><W>Alcatraz</W><W>,</W><W>the</W><W>desolate</W><W>inescapable</W><W>prison</W><W>.</W></SENTENCE><SENTENCE><W>After</W><W>this</W><W>setting-setter</W><W>,</W><W>we</W><W>get</W><W>Get</W><W>Free</W><W>.</W></SENTENCE><SENTENCE><W>Here</W><W>,</W><W>Rasco</W><W>uses</W><W>Alcatraz</W><W>to</W><W>symbolize</W><W>two</W><W>separate</W><W>things</W><W>.</W></SENTENCE><SENTENCE><W>First</W><W>,</W><W>he</W><W>uses</W><W>it</W><W>to</W><W>urge</W><W>people</W><W>to</W><W>&#34;escape</W><W>&#34;</W><W>from</W><W>whatever</W><W>is</W><W>holding</W><W>them</W><W>back</W><W>in</W><W>life</W><W>.</W></SENTENCE><SENTENCE><W>The</W><W>second</W><W>meaning</W><W>is</W><W>more</W><W>personal</W><W>,</W><W>which</W><W>is</W><W>his</W><W>own</W><W>struggles</W><W>with</W><W>his</W><W>previous</W><W>label</W><W>.</W></SENTENCE><SENTENCE><W>He</W><W>calls</W><W>out</W><W>Jon</W><W>Saxton</W><W>here</W><W>,</W><W>talking</W><W>about</W><W>his</W><W>previous</W><W>adversity</W><W>in</W><W>the</W><W>industry</W><W>.</W></SENTENCE><SENTENCE><W>Building</W><W>upon</W><W>personal</W><W>setbacks</W><W>is</W><W>U</W><W>Got</W><W>The</W><W>Time</W><W>.</W></SENTENCE><SENTENCE><W>Over</W><W>a</W><W>relaxing</W><W>,</W><W>soulful</W><W>guitar</W><W>loop</W><W>,</W><W>his</W><W>verses</W><W>flow</W><W>easily</W><W>on</W><W>this</W><W>uplifting</W><W>song</W><W>.</W></SENTENCE><SENTENCE><W>Here</W><W>he</W><W>once</W><W>again</W><W>urges</W><W>his</W><W>listeners</W><W>to</W><W>break</W><W>free</W><W>of</W><W>everything</W><W>keeping</W><W>them</W><W>from</W><W>doing</W><W>what</W><W>they</W><W>want</W><W>.</W></SENTENCE><SENTENCE><W>Rasco</W><W>&#39;s</W><W>songs</W><W>have</W><W>an</W><W>uplifting</W><W>message</W><W>,</W><W>while</W><W>managing</W><W>to</W><W>keep</W><W>his</W><W>tracks</W><W>down-to-earth</W><C><W>and</W></C><W>more</W><W>happy</W><W>than</W><W>sad</W><W>.</W></SENTENCE></P><P></P><P><SENTENCE><W>The</W><W>Sweet</W><W>Science</W><W>features</W><W>Jurassic</W><W>5</W><W>member</W><W>Chali</W><W>2Na</W><W>,</W><C><W>and</W></C><W>the</W><W>two</W><W>MC</W><W>&#39;s</W><W>trade</W><W>the</W><W>first</W><W>two</W><W>verses</W><C><W>and</W></C><W>share</W><W>the</W><W>third</W><W>.</W></SENTENCE><SENTENCE><W>Here</W><W>,</W><W>they</W><W>use</W><W>a</W><W>boxing</W><W>metaphor</W><W>as</W><W>a</W><W>symbolism</W><W>for</W><W>their</W><W>battle</W><W>rhymes</W><W>.</W></SENTENCE><SENTENCE><W>The</W><W>beat</W><W>is</W><W>more</W><W>bouncy</W><W>,</W><W>featuring</W><W>samples</W><C><W>and</W></C><W>strings</W><W>,</W><C><W>and</W></C><W>it</W><C><cue ID="0" type="speculation"><W>seems</W></cue></C><xcope ID="1"><ref COMMENTS="" ID="2" SRC="0"></ref><W>more</W><W>geared</W><W>towards</W><W>Chali</W><W>2Na</W></xcope><W>.</W></SENTENCE><SENTENCE><W>There</W><W>are</W><W>other</W><W>nice</W><W>guest</W><W>appearances</W><W>as</W><W>well</W><W>.</W></SENTENCE><SENTENCE><W>San</W><W>Fran</W><W>To</W><W>The</W><W>Town</W><W>features</W><W>Casual</W><W>form</W><W>the</W><W>Hieroglyphics</W><W>.</W></SENTENCE><SENTENCE><W>Here</W><W>the</W><W>thick</W><W>guitar</W><W>loop</W><W>meshes</W><W>with</W><W>Casuals</W><W>nice-sounding</W><W>flow</W><W>,</W><C><W>and</W></C><W>its</W><W>laid-back</W><C><W>and</W></C><W>relaxing</W><W>.</W></SENTENCE><SENTENCE><C><W>And</W></C><W>on</W><W>Endless</W><W>,</W><W>Planet</W><W>Asia</W><W>pops</W><W>in</W><W>for</W><W>an</W><W>upbeat</W><W>track</W><W>that</W><W>complements</W><W>their</W><W>speedy</W><W>flow</W><W>.</W></SENTENCE><SENTENCE><W>My</W><W>Life</W><W>is</W><W>another</W><W>bouncy</W><W>track</W><W>,</W><W>where</W><W>Rasco</W><W>touches</W><W>on</W><W>an</W><W>array</W><W>of</W><W>things</W><W>,</W><W>from</W><W>politics</W><W>to</W><W>morals</W><W>(</W><W>politics</W><C><W>and</W></C><W>morals</W><W>in</W><W>the</W><W>same</W><W>sentence</W><W>?</W><W>!</W><W>)</W><W>.</W></SENTENCE></P><P></P><P><SENTENCE><W>After</W><W>an</W><W>Interlude</W><W>,</W><W>Rasco</W><W>drops</W><W>the</W><W>passively</W><W>venomous</W><W>Snakes</W><W>In</W><W>The</W><W>Grass</W><W>(</W><W>The</W><W>Jon</W><W>Sexton</W><W>Story</W><W>)</W><W>.</W></SENTENCE><SENTENCE><W>Rasco</W><W>calmly</W><W>tells</W><W>of</W><W>his</W><W>legal</W><W>brawls</W><W>with</W><W>Copastik</W><W>Records</W><C><W>and</W></C><W>Jon</W><W>Saxton</W><W>,</W><W>accusing</W><W>them</W><W>of</W><W>stealing</W><W>his</W><W>songs</W><W>,</W><W>his</W><W>money</W><W>,</W><W>his</W><W>career</W><W>.</W></SENTENCE><SENTENCE><W>He</W><W>tells</W><W>about</W><W>how</W><W>he</W><W>was</W><W>fighting</W><W>to</W><W>leave</W><W>them</W><W>,</W><C><W>and</W></C><W>his</W><W>reaction</W><W>now</W><W>that</W><W>he</W><W>is</W><W>free</W><W>.</W></SENTENCE><SENTENCE><W>Then</W><W>it</W><W>shifts</W><W>from</W><W>a</W><W>narrative</W><W>to</W><W>a</W><W>battle</W><W>track</W><W>,</W><C><W>and</W></C><W>he</W><W>calmly</W><W>rips</W><W>apart</W><W>Jon</W><W>Saxton</W><W>&#39;s</W><W>label</W><W>,</W><W>rapping</W><W>like</W><W>he</W><cue ID="3" type="speculation"><C><W>could</W></C><W>n&#39;t</W></cue><xcope ID="4"><ref COMMENTS="" ID="5" SRC="3"></ref><W>care</W><W>less</W><W>about</W><W>the</W><W>label</W><W>,</W><W>yet</W><W>dropping</W><W>vicious</W><W>lines</W></xcope><W>.</W></SENTENCE><SENTENCE><W>This</W><W>sort</W><W>of</W><W>song</W><W>is</W><W>reminiscent</W><W>of</W><W>Common</W><W>&#39;s</W><W>Cube-diss</W><W>,</W><W>because</W><W>both</W><W>songs</W><W>feature</W><W>an</W><W>artist</W><W>who</W><W>is</W><C><cue ID="6" type="negation"><W>not</W></cue></C><xcope ID="7"><ref COMMENTS="" ID="8" SRC="6"></ref><W>known</W><W>for</W><W>his</W><W>viciousness</W><W>who</W><W>lashes</W><W>out</W><C><W>and</W></C><W>obliterates</W><W>his</W><W>opponent</W><W>in</W><W>the</W><W>most</W><W>laid-back</W><W>way</W><C><W>possible</W></C></xcope><W>.</W></SENTENCE></P><P></P><P><SENTENCE><W>All</W><W>I</W><W>Wanna</W><W>Be</W><W>closes</W><W>out</W><W>the</W><W>album</W><W>,</W><W>with</W><W>guitar</W><W>strings</W><C><W>and</W></C><W>Kisha</W><W>Griffin</W><W>singing</W><W>the</W><W>chorus</W><W>.</W></SENTENCE><SENTENCE><W>Here</W><W>,</W><W>Rasco</W><W>raps</W><W>as</W><C><cue ID="9" type="speculation"><W>if</W></cue></C><xcope ID="14"><W>he</W><W>is</W><W>confessing</W></xcope><W>,</W><W>telling</W><W>us</W><W>what</W><W>he</W><W>wants</W><W>in</W><W>the</W><W>future</W><W>,</W><C><W>and</W></C><W>his</W><W>desire</W><W>to</W><W>&#34;escape</W><W>&#34;</W><W>the</W><W>route</W><W>his</W><W>career</W><W>in</W><W>rapping</W><W>has</W><W>taken</W><W>to</W><W>this</W><W>point</W><W>in</W><W>time</W><W>.</W></SENTENCE><SENTENCE><C><W>And</W></C><W>with</W><W>this</W><W>personal</W><W>note</W><W>,</W><W>the</W><W>album</W><W>ends</W><W>.</W></SENTENCE><SENTENCE><W>Rasco</W><W>&#39;s</W><W>newest</W><W>LP</W><W>is</W><W>one</W><W>of</W><W>the</W><W>best</W><W>of</W><W>2003</W><W>,</W><W>get</W><W>it</W><W>now</W><W>.</W><W>.</W><W>his</W><W>talent</W><W>on</W><W>the</W><W>mic</W><W>was</W><C><cue ID="10" type="negation"><W>not</W></cue></C><xcope ID="19"><ref COMMENTS="" ID="20" SRC="10"></ref><W>&#34;imprisoned</W><W>&#34;</W><W>on</W><W>this</W><W>album</W></xcope><W>,</W><C><W>and</W></C><W>your</W><W>urge</W><W>to</W><W>buy</W><W>it</W><C><cue ID="11" type="speculation"><W>should</W></cue></C><xcope ID="16"><ref COMMENTS="" ID="18" SRC="11"></ref><C><cue COMMENTS="" ID="12" type="negation"><W>not</W></cue></C><xcope ID="15"><ref COMMENTS="" ID="17" SRC="12"></ref><W>be</W><C><cue COMMENTS="" ID="13" type="negation"><W>either</W></cue></C></xcope></xcope><W>.</W></SENTENCE><SENTENCE><W>Ras</W><W>branches</W><W>out</W><W>into</W><W>many</W><W>different</W><W>aspects</W><W>of</W><W>rap</W><W>.</W></SENTENCE><SENTENCE><W>From</W><W>dissing</W><W>,</W><W>to</W><W>introspect</W><W>,</W><W>to</W><W>retrospect</W><W>,</W><W>Rasco</W><W>lays</W><W>it</W><W>down</W><W>skillfully</W><W>with</W><W>enough</W><W>greatness</W><W>to</W><W>make</W><W>Jon</W><W>Saxton</W><W>wish</W><W>he</W><cue ID="21" type="negation"><W>was</W><W>n&#39;t</W></cue><xcope ID="22"><ref COMMENTS="" ID="23" SRC="21"></ref><W>such</W><W>a</W><W>moron</W></xcope><W>.</W></SENTENCE><SENTENCE><W>Congratulations</W><W>Copastik</W><W>,</W><W>Rasco</W><W>just</W><W>made</W><W>all</W><W>of</W><W>you</W><W>look</W><W>like</W><W>the</W><W>conformist</W><W>&#34;imprisoning</W><W>&#34;</W><W>label</W><W>you</W><W>really</W><W>are</W><W>.</W></SENTENCE></P></DOCUMENT>
