<?xml version="1.0" encoding="UTF-8"?>
<DOCUMENT><P></P><P><SENTENCE><W>Coming</W><W>out</W><W>of</W><W>the</W><W>streets</W><W>of</W><W>New</W><W>York</W><W>city</W><W>,</W><W>through</W><W>Chicago</W><W>,</W><W>as</W><W>a</W><W>former</W><W>member</W><W>of</W><W>the</W><W>Mental</W><W>Giants</W><W>crew</W><W>,</W><C><W>and</W></C><W>hot</W><W>off</W><W>the</W><W>success</W><W>of</W><W>the</W><W>lead</W><W>single</W><W>on</W><W>the</W><W>LP</W><W>,</W><W>&#34;</W><W>Hot</W><W>Ya</W><W>Hot&#34;</W><W>,</W><W>Akbar</W><W>has</W><W>released</W><W>his</W><W>debut</W><W>full</W><W>length</W><W>on</W><W>Ill</W><W>Boogie</W><W>Records</W><W>,</W><W>the</W><W>imprint</W><W>of</W><W>production/DJ</W><W>guru</W><W>M-Boogie</W><W>.</W></SENTENCE></P><P></P><P><SENTENCE><W>Akbar</W><W>means</W><W>&#34;</W><W>the</W><W>greatest</W><W>&#34;</W><W>in</W><W>Arabic</W><W>,</W><W>so</W><W>right</W><W>off</W><W>,</W><W>this</W><W>kid</W><W>had</W><W>better</W><W>have</W><W>skills</W><W>,</W><W>because</W><W>it</W><W>&#39;s</W><W>obvious</W><W>he</W><W>has</W><W>cockiness</W><W>in</W><W>spades</W><W>.</W></SENTENCE><SENTENCE><W>In</W><W>terms</W><W>of</W><W>vocal</W><W>style</W><W>,</W><W>Ak</W><W>sounds</W><W>pretty</W><W>generic</W><W>,</W><C><W>and</W></C><W>a</W><W>lot</W><W>like</W><W>any</W><W>of</W><W>the</W><W>hundreds</W><W>of</W><W>MC</W><W>&#39;s</W><W>that</W><W>have</W><W>tried</W><W>to</W><W>ply</W><W>their</W><W>craft</W><W>coming</W><W>out</W><W>of</W><W>NY</W><W>.</W></SENTENCE><SENTENCE><W>This</W><W>con</W><W>is</W><W>countered</W><W>however</W><W>by</W><W>the</W><W>fact</W><W>that</W><W>Ak</W><C><cue ID="0" type="speculation"><W>can</W></cue></C><xcope ID="1"><ref COMMENTS="" ID="2" SRC="0"></ref><W>DEFINITELY</W><W>flow</W><W>for</W><W>days</W></xcope><W>.</W></SENTENCE><SENTENCE><W>He</W><W>&#39;s</W><W>got</W><W>a</W><W>very</W><W>smooth</W><W>delivery</W><W>,</W><W>nice</W><W>punchlines</W><W>,</W><C><W>and</W></C><W>he</W><W>&#39;s</W><W>able</W><W>to</W><W>paint</W><W>a</W><W>vivid</W><W>mental</W><W>picture</W><W>when</W><W>necessary</W><W>.</W></SENTENCE></P><P></P><P><SENTENCE><W>So</W><W>does</W><W>it</W><W>work</W><W>?</W></SENTENCE><SENTENCE><W>There</W><W>&#39;s</W><W>a</W><W>lot</W><W>of</W><W>MC</W><W>&#39;s</W><W>with</W><W>skills</W><W>in</W><W>the</W><W>game</W><W>today</W><W>(</W><W>see</W><W>Canibus</W><W>)</W><W>that</W><W>have</W><C><W>failed</W></C><W>because</W><W>of</W><W>beats</W><W>,</W><W>so</W><W>success</W><cue ID="3" type="negation"><W>is</W><W>n&#39;t</W></cue><xcope ID="4"><ref COMMENTS="" ID="5" SRC="3"></ref><W>a</W><W>given</W><W>for</W><W>Ak</W><W>,</W><W>even</W><W>though</W><W>he</W><W>has</W><W>the</W><W>skills</W></xcope><W>.</W></SENTENCE><SENTENCE><W>Let</W><W>&#39;s</W><W>check</W><W>it</W><W>out</W><W>.</W></SENTENCE></P><P></P><P><SENTENCE><W>***</W></SENTENCE></P><P></P><P><SENTENCE><W>1)Hip</W><W>Hop</W><W>Is</W><W>...</W></SENTENCE></P><P></P><P><SENTENCE><W>As</W><W>the</W><W>title</W><C><cue ID="6" type="speculation"><W>would</W></cue></C><xcope ID="10"><ref COMMENTS="" ID="12" SRC="6"></ref><C><cue ID="7" type="speculation"><W>suggest</W></cue></C><W>,</W><xcope ID="9"><ref COMMENTS="" ID="11" SRC="7"></ref><W>a</W><W>basic</W><W>track</W><W>giving</W><W>a</W><W>breakdown</W><W>on</W><W>what</W><W>Akbar</W><W>thinks</W><W>hip</W><W>hop</W><W>is</W></xcope></xcope><W>.</W></SENTENCE><SENTENCE><W>A</W><W>DOPE</W><W>beat</W><W>here</W><W>provided</W><W>by</W><W>Jun</W><W>,</W><W>which</W><W>features</W><W>a</W><W>rolling</W><W>piano</W><W>loop</W><W>,</W><C><W>and</W></C><C><cue ID="8" type="speculation"><W>could</W></cue></C><xcope ID="13"><ref COMMENTS="" ID="14" SRC="8"></ref><W>have</W><W>been</W><W>done</W><W>by</W><W>Premier</W><W>,</W><W>it</W><W>&#39;s</W><W>executed</W><W>so</W><W>slickly</W></xcope><W>.</W></SENTENCE><SENTENCE><W>Some</W><W>nice</W><W>cuts</W><W>provided</W><W>by</W><W>Fredones</W><W>,</W><C><W>and</W></C><W>the</W><W>lyrics</W><W>are</W><W>on</W><W>point</W><W>too</W><W>,</W><W>with</W><W>Ak</W><W>using</W><W>a</W><W>laidback</W><W>,</W><W>Nas-like</W><W>flow</W><W>to</W><W>give</W><W>his</W><W>thoughts</W><W>on</W><W>hip</W><W>hop</W><W>.</W></SENTENCE><SENTENCE><W>A</W><W>great</W><W>opener</W><W>.</W></SENTENCE></P><P></P><P><SENTENCE><W>&#34;</W><W>Hip</W><W>hop</W><W>is</W></SENTENCE></P><P></P><P><SENTENCE><W>A</W><W>style</W><W>that</W><W>&#39;s</W><W>wild</W></SENTENCE></P><P></P><P><SENTENCE><W>A</W><W>ghetto</W><W>child</W><W>looking</W><W>for</W><W>a</W><W>reason</W><W>to</W><W>smile</W></SENTENCE></P><P></P><P><SENTENCE><W>Hip</W><W>hop</W><W>is</W></SENTENCE></P><P></P><P><SENTENCE><W>The</W><W>application</W><W>of</W><W>street</W><W>knowledge</W></SENTENCE></P><P></P><P><SENTENCE><W>For</W><W>modern</W><W>day</W><W>situations</W><C><W>not</W></C><W>learned</W><W>in</W><W>college</W><W>&#34;</W></SENTENCE></P><P></P><P><SENTENCE><W>2)</W><C><W>No</W></C><W>Suckas</W><W>Allowed</W></SENTENCE></P><P></P><P><SENTENCE><W>Some</W><W>ill</W><W>cuts</W><W>intro</W><W>the</W><W>track</W><W>here</W><W>,</W><W>as</W><W>M-Boogie</W><W>makes</W><W>his</W><W>first</W><W>production</W><W>appearance</W><W>on</W><W>the</W><W>LP.</W></SENTENCE><SENTENCE><W>He</W><W>provides</W><W>a</W><W>moderately</W><W>paced</W><W>beat</W><W>with</W><W>a</W><W>funky</W><W>bass</W><W>line</W><W>,</W><C><W>and</W></C><W>some</W><W>nice</W><W>70</W><W>&#39;s</W><W>sounding</W><W>organ</W><W>synths</W><W>,</W><W>with</W><W>scratches</W><W>interspersed</W><W>throughout</W><W>the</W><W>beat</W><W>.</W></SENTENCE><SENTENCE><W>Ak</W><W>decides</W><W>to</W><W>take</W><W>on</W><W>wack</W><W>MC</W><W>&#39;s</W><W>on</W><W>this</W><W>track</W><W>,</W><W>spitting</W><W>some</W><W>serious</W><W>venom</W><W>in</W><W>their</W><W>direction</W><W>.</W></SENTENCE><SENTENCE><W>His</W><W>voice</W><C><cue ID="15" type="speculation"><W>may</W></cue></C><xcope ID="16"><ref COMMENTS="" ID="17" SRC="15"></ref><W>be</W><W>a</W><W>bit</W><W>generic</W></xcope><W>,</W><W>but</W><W>he</W><W>is</W><W>REALLY</W><W>good</W><W>with</W><W>his</W><W>flow...</W><W>I</W><W>mean</W><W>SERIOUSLY</W><W>good</W><W>.</W></SENTENCE><SENTENCE><W>Amazingly</W><W>,</W><W>as</W><W>verbose</W><W>as</W><W>the</W><W>track</W><W>is</W><W>,</W><W>I</W><C><cue ID="18" type="speculation"><W>think</W></cue></C><xcope ID="19"><ref COMMENTS="" ID="20" SRC="18"></ref><W>it</W><C><W>would</W></C><W>REALLY</W><W>rock</W><W>a</W><W>party</W><W>hard</W></xcope><W>.</W></SENTENCE></P><P></P><P><SENTENCE><W>&#34;</W><W>When</W><W>ya</W><W>came</W><W>in</W><W>the</W><W>party</W><C><W>and</W></C><W>you</W><W>saw</W><W>the</W><W>crowd</W></SENTENCE></P><P></P><P><SENTENCE><W>Shoulda</W><W>read</W><W>the</W><W>sign</W><W>,</W></SENTENCE></P><P></P><P><SENTENCE><W>&#34;</W><C><W>No</W></C><W>suckas</W><W>allowed</W><W>&#34;</W></SENTENCE></P><P></P><P><SENTENCE><W>This</W><W>jam</W><W>is</W><W>for</W><W>the</W><W>real</W><W>rappin</W><W>fans</W></SENTENCE></P><P></P><P><SENTENCE><W>Put</W><W>the</W><W>stomp</W><W>in</W><W>your</W><W>feet</W><C><W>and</W></C><W>the</W><W>clap</W><W>in</W><W>your</W><W>hands</W></SENTENCE></P><P></P><P><SENTENCE><W>The</W><W>nod</W><W>in</W><W>your</W><W>head</W><W>,</W><C><W>and</W></C><W>the</W><W>hump</W><W>in</W><W>your</W><W>back</W></SENTENCE></P><P></P><P><SENTENCE><W>With</W><W>the</W><W>uncontrollable</W><W>urge</W><W>to</W><W>jump</W><W>in</W><W>the</W><W>track</W></SENTENCE></P><P></P><P><SENTENCE><W>You</W><W>know</W><W>I</W><W>&#39;m</W><W>bout</W><W>to</W><W>come</W><W>up</W><W>with</W><W>something</W><W>phat</W></SENTENCE></P><P></P><P><SENTENCE><W>When</W><W>I</W><W>take</W><W>control</W><W>,</W><W>ca</W><W>n&#39;t</W><W>nothing</W><W>hold</W><W>me</W><W>back</W><W>&#34;</W></SENTENCE></P><P></P><P><SENTENCE><W>3)Bigga</W><W>Dey</W><W>Come</W></SENTENCE></P><P></P><P><SENTENCE><W>After</W><W>some</W><W>silence</W><W>,</W><W>a</W><W>couple</W><W>of</W><W>bells</W><W>enter</W><W>the</W><W>picture</W><W>,</W><C><W>and</W></C><W>the</W><W>mood</W><W>changes</W><W>up</W><W>quite</W><W>a</W><W>bit</W><W>from</W><W>the</W><W>party</W><W>vibe</W><W>of</W><W>the</W><W>previous</W><W>track</W><W>.</W></SENTENCE><SENTENCE><W>A</W><W>darker</W><W>bassline</W><W>underlines</W><W>the</W><W>bells</W><W>,</W><C><W>and</W></C><W>some</W><W>basic</W><W>drums</W><W>accompany</W><W>it</W><W>.</W></SENTENCE><SENTENCE><W>This</W><W>is</W><W>on</W><W>some</W><W>more</W><W>basic</W><W>NY</W><W>ish</W><W>here</W><W>,</W><C><W>and</W></C><W>reminds</W><W>me</W><W>of</W><W>something</W><W>Mobb</W><W>Deep</W><C><cue ID="21" type="speculation"><W>would</W></cue></C><xcope ID="34"><ref COMMENTS="" ID="53" SRC="21"></ref><cue ID="32" type="speculation"><W>maybe</W></cue><xcope ID="33"><ref COMMENTS="" ID="52" SRC="32"></ref><W>rock</W><W>over</W></xcope></xcope><W>.</W></SENTENCE><SENTENCE><W>A</W><W>nice</W><W>touch</W><W>is</W><W>that</W><W>you</W><C><cue ID="22" type="speculation"><W>can</W></cue></C><xcope ID="31"><ref COMMENTS="" ID="51" SRC="22"></ref><W>hear</W><W>the</W><W>record</W><W>crackliness</W><C><W>and</W></C><W>pops</W></xcope><W>.</W></SENTENCE><SENTENCE><W>Call</W><W>me</W><W>a</W><W>sucker</W><W>for</W><W>analog</W><W>.</W></SENTENCE><SENTENCE><W>Befitting</W><W>the</W><W>production</W><W>,</W><W>Ak</W><W>goes</W><W>a</W><W>little</W><W>deeper</W><W>with</W><W>the</W><W>lyrics</W><W>here</W><W>in</W><W>the</W><W>first</W><W>verse</W><W>,</W><W>concentrating</W><W>on</W><W>his</W><W>life</W><W>,</W><C><W>and</W></C><C><cue ID="23" type="speculation"><xcope ID="40"><ref COMMENTS="" ID="49" SRC="24"></ref><W>whether</W></xcope></cue></C><xcope ID="39"><ref COMMENTS="" ID="50" SRC="23"></ref><C><cue ID="24" type="speculation"><W>or</W></cue></C><xcope ID="38"><ref COMMENTS="" ID="48" SRC="24"></ref><C><cue ID="25" type="negation"><W>not</W></cue></C><xcope ID="37"><ref COMMENTS="" ID="47" SRC="25"></ref><W>others</W><C><cue ID="26" type="speculation"><W>would</W></cue></C><xcope ID="36"><ref COMMENTS="" ID="46" SRC="26"></ref><W>remember</W><W>him</W><C><cue ID="27" type="speculation"><W>if</W></cue></C><xcope ID="35"><ref COMMENTS="" ID="45" SRC="27"></ref><W>he</W><W>was</W><W>gone</W></xcope></xcope></xcope></xcope></xcope><W>,</W><C><W>and</W></C><C><cue ID="28" type="speculation"><W>if</W></cue></C><xcope ID="41"><ref COMMENTS="" ID="43" SRC="28"></ref><W>they</W><W>did</W></xcope><W>,</W><W>what</W><W>they</W><C><cue ID="29" type="speculation"><W>would</W></cue></C><C><cue ID="30" type="speculation"><xcope ID="42"><ref COMMENTS="" ID="44" SRC="29"></ref><W>think</W></xcope></cue></C><W>.</W></SENTENCE><SENTENCE><W>The</W><W>second</W><W>verse</W><W>focuses</W><W>on</W><W>a</W><W>lot</W><W>of</W><W>the</W><C><W>supposed</W></C><W>conspiracies</W><W>in</W><W>the</W><W>world</W><W>today</W><W>(</W><W>ie</W><W>.</W></SENTENCE><SENTENCE><W>drugs</W><W>provided</W><W>by</W><W>the</W><W>government</W><W>)</W><W>.</W></SENTENCE><SENTENCE><W>A</W><W>dope</W><W>track</W><W>that</W><W>shows</W><W>yet</W><W>another</W><W>side</W><W>of</W><W>Ak</W><W>.</W></SENTENCE></P><P></P><P><SENTENCE><W>&#34;</W><W>How</W><C><W>can</W></C><W>I</W><W>hide</W><W>from</W><W>the</W><W>genocide</W><W>?</W></SENTENCE></P><P></P><P><SENTENCE><W>Job</W><W>provides</W><W>ultimate</W><W>route</W><W>to</W><W>get</W><W>me</W><W>out</W></SENTENCE></P><P></P><P><SENTENCE><C><W>And</W></C><W>escape</W></SENTENCE></P><P></P><P><SENTENCE><W>Babylon</W><W>fate</W><C><W>no</W></C><W>doubt</W></SENTENCE></P><P></P><P><SENTENCE><W>There</W><W>&#39;s</W><W>only</W><W>one</W><W>righteous</W><W>path</W><W>,</W><W>you</W><W>do</W><W>the</W><W>math</W></SENTENCE></P><P></P><P><SENTENCE><W>While</W><W>you</W><W>hold</W><W>your</W><W>breath</W><W>waiting</W><W>on</W><W>the</W><W>year</W><W>2000</W></SENTENCE></P><P></P><P><SENTENCE><W>The</W><W>government</W><W>&#39;s</W><W>busy</W><W>taking</W><W>your</W><W>public</W><W>housing</W></SENTENCE></P><P></P><P><SENTENCE><W>Wages</W><W>kept</W><W>minimum</W><W>,</W><W>it</W><W>&#39;s</W><W>new</W><W>millenium</W></SENTENCE></P><P></P><P><SENTENCE><W>Replace</W><W>your</W><W>ghetto</W><W>with</W><W>condominiums</W><W>&#34;</W></SENTENCE></P><P></P><P><SENTENCE><W>4)</W><W>Take</W><W>It</W><W>There</W></SENTENCE></P><P></P><P><SENTENCE><W>A</W><W>nice</W><W>piano</W><W>loop</W><W>once</W><W>again</W><W>,</W><W>highlighted</W><W>by</W><W>a</W><W>dope</W><W>horn</W><W>sample</W><W>at</W><W>the</W><W>end</W><W>of</W><W>it</W><W>makes</W><W>up</W><W>the</W><W>beat</W><W>here</W><W>.</W></SENTENCE><SENTENCE><W>After</W><W>a</W><W>few</W><W>seconds</W><W>a</W><W>nice</W><W>bassline</W><W>comes</W><W>in</W><C><W>and</W></C><W>serves</W><W>as</W><W>perfect</W><W>compliment</W><W>to</W><W>the</W><W>samples</W><W>.</W></SENTENCE><SENTENCE><W>The</W><W>lyrics</W><W>deal</W><W>with</W><W>Akbar</W><W>&#39;s</W><W>formative</W><W>years</W><W>came</W><W>about</W><W>,</W><W>as</W><W>he</W><W>narrates</W><W>his</W><W>early</W><W>life</W><W>,</W><C><W>and</W></C><W>his</W><W>multiple</W><W>moves</W><W>from</W><W>NY</W><W>to</W><W>California</W><W>to</W><W>Chicago</W><W>.</W></SENTENCE><SENTENCE><W>A</W><W>nice</W><W>touch</W><W>is</W><W>the</W><W>use</W><W>of</W><W>some</W><W>old</W><W>school</W><W>loops</W><W>interspersed</W><W>for</W><W>added</W><W>effect</W><W>during</W><W>the</W><W>song</W><W>.</W></SENTENCE><SENTENCE><W>Halfway</W><W>through</W><W>the</W><W>song</W><W>,</W><W>some</W><W>weirdish</W><W>flute</W><W>noises</W><W>jump</W><W>in</W><W>too</W><W>.</W></SENTENCE><SENTENCE><W>A</W><W>very</W><W>busy</W><W>beat</W><W>,</W><W>but</W><W>it</W><W>works</W><W>.</W></SENTENCE><SENTENCE><W>The</W><W>lyrics</W><W>as</W><W>usual</W><W>are</W><W>top</W><W>notch</W><W>,</W><C><W>and</W></C><W>Ak</W><W>has</W><W>served</W><W>notice</W><W>4</W><W>tracks</W><W>in</W><W>,</W><W>at</W><W>least</W><W>to</W><W>me</W><W>,</W><W>that</W><W>he</W><W>&#39;s</W><W>a</W><W>HUGE</W><W>force</W><W>to</W><W>be</W><W>reckoned</W><W>with</W><W>in</W><W>the</W><W>world</W><W>of</W><W>hip</W><W>hop</W><W>today</W><W>.</W></SENTENCE></P><P></P><P><SENTENCE><W>&#34;</W><W>Took</W><W>us</W><W>west</W><W>,</W><W>straight</W><W>through</W><W>the</W><W>country</W></SENTENCE></P><P></P><P><SENTENCE><W>To</W><W>California</W><W>,</W><W>is</W><W>the</W><W>place</W><W>to</W><W>see</W></SENTENCE></P><P></P><P><SENTENCE><W>So</W><W>daddy</W><W>put</W><W>us</W><W>inside</W><W>,</W><W>his</W><W>Cadillac</W></SENTENCE></P><P></P><P><SENTENCE><W>We</W><W>hit</W><W>the</W><W>west</W><W>coast</W><W>,</W><W>I</W><C><W>thought</W></C><W>we</W><W>&#39;d</W><C><W>never</W></C><W>come</W><W>back</W></SENTENCE></P><P></P><P><SENTENCE><W>Now</W><W>,</W><W>I</W><W>&#39;m</W><W>walking</W><W>on</W><W>green</W><W>grass</W></SENTENCE></P><P></P><P><SENTENCE><W>3</W><W>years</W><W>went</W><W>past</W></SENTENCE></P><P></P><P><SENTENCE><W>Palm</W><W>trees</W><W>,</W><W>ocean</W><W>breeze</W><W>,</W><W>where</W><W>the</W><W>summers</W><W>last</W></SENTENCE></P><P></P><P><SENTENCE><W>See</W><W>,</W><W>that</W><W>&#39;s</W><W>the</W><W>life</W><W>that</W><W>I</W><W>led</W></SENTENCE></P><P></P><P><SENTENCE><W>It</W><W>taught</W><W>me</W><W>home</W><W>is</W><W>just</W><W>the</W><W>place</W><W>where</W><W>you</W><W>lay</W><W>your</W><W>head</W><W>&#34;</W></SENTENCE></P><P></P><P><SENTENCE><W>5)5th</W><W>Element</W></SENTENCE></P><P></P><P><SENTENCE><W>Some</W><W>nice</W><W>drums</W><W>kick</W><W>things</W><W>off</W><W>,</W><W>with</W><W>a</W><W>jazzy</W><W>piano</W><W>line</W><W>,</W><C><W>and</W></C><W>some</W><W>nice</W><W>cuts</W><W>in</W><W>the</W><W>background</W><W>.</W></SENTENCE><SENTENCE><W>Pretty</W><W>sparse</W><W>after</W><W>that</W><W>,</W><W>as</W><W>Ak</W><W>goes</W><W>to</W><W>a</W><W>more</W><W>minimal</W><W>beat</W><W>here</W><W>,</W><W>provided</W><W>by</W><W>DJ</W><W>Revolution</W><W>,</W><W>of</W><W>&#34;</W><W>Wake</W><W>Up</W><W>Show</W><W>&#34;</W><W>fame</W><W>.</W></SENTENCE><SENTENCE><W>Much</W><W>like</W><W>&#34;</W><C><W>No</W></C><W>Suckas</W><W>Allowed</W><W>&#34;</W><W>,</W><W>this</W><W>is</W><W>basically</W><W>another</W><W>braggadacio</W><W>track</W><W>,</W><W>with</W><W>Akbar</W><W>letting</W><W>all</W><W>know</W><W>how</W><W>dope</W><W>he</W><W>is</W><W>.</W></SENTENCE><SENTENCE><W>Some</W><W>nice</W><W>one</W><W>liners</W><W>in</W><W>there</W><W>,</W><C><W>and</W></C><W>as</W><W>you</W><W>&#39;d</W><C><W>expect</W></C><W>from</W><W>a</W><W>Revolution</W><W>production</W><W>some</W><W>ill</W><W>cuts</W><W>,</W><W>fades</W><W>,</W><C><W>and</W></C><W>scratches</W><W>.</W></SENTENCE></P><P></P><P><SENTENCE><W>6)Driftin</W><W>Thru</W><W>Space</W></SENTENCE></P><P></P><P><SENTENCE><W>Time</W><W>for</W><W>a</W><W>slow</W><W>joint</W><W>?</W></SENTENCE><SENTENCE><W>Sounds</W><W>like</W><W>it</W><W>.</W></SENTENCE><SENTENCE><W>Some</W><W>spacey</W><W>sounds</W><W>,</W><C><W>and</W></C><W>some</W><W>sitar-like</W><W>sounds</W><W>accentuate</W><W>this</W><W>darker</W><W>track</W><W>,</W><W>as</W><W>Akbar</W><W>switches</W><W>up</W><W>his</W><W>lyrics</W><W>yet</W><W>again</W><W>,</W><W>this</W><W>time</W><W>focusing</W><W>on</W><W>the</W><W>creation</W><W>of</W><W>the</W><W>universe</W><W>,</W><C><W>and</W></C><W>Allah</W><W>&#39;s</W><W>part</W><W>in</W><W>it</W><W>.</W></SENTENCE><SENTENCE><W>It</W><W>&#39;s</W><W>been</W><W>done</W><W>before</W><W>countless</W><W>times</W><W>,</W><W>but</W><W>Ak</W><W>manages</W><W>to</W><W>make</W><W>it</W><W>sound</W><W>fresh</W><W>.</W></SENTENCE></P><P></P><P><SENTENCE><W>&#34;</W><W>The</W><W>land</W><W>was</W><W>divided</W><W>by</W><W>oceans</W><C><W>and</W></C><W>great</W><W>seas</W></SENTENCE></P><P></P><P><SENTENCE><W>With</W><W>rivers</W><W>that</W><W>ran</W><W>like</W><W>the</W><W>Nile</W><C><W>and</W></C><W>Euphrates</W></SENTENCE></P><P></P><P><SENTENCE><C><W>And</W></C><W>fish</W><W>swam</W><W>,</W><C><W>and</W></C><W>birds</W><W>flew</W><W>through</W><W>the</W><W>sky</W></SENTENCE></P><P></P><P><SENTENCE><C><W>And</W></C><W>animals</W><W>roamed</W><W>the</W><W>plain</W></SENTENCE></P><P></P><P><SENTENCE><C><W>And</W></C><W>they</W><W>too</W><W>multiplied</W></SENTENCE></P><P></P><P><SENTENCE><W>As</W><W>each</W><C><W>and</W></C><W>every</W><W>living</W><W>thing</W><W>began</W><W>to</W><W>sing</W></SENTENCE></P><P></P><P><SENTENCE><W>Giving</W><W>praise</W><W>to</W><W>the</W><W>king</W><W>for</W><W>bringing</W><W>life</W><C><W>and</W></C><W>love</W><C><W>and</W></C><W>peace</W><C><W>and</W></C><W>harmony</W></SENTENCE></P><P></P><P><SENTENCE><W>Was</W><W>manifest</W></SENTENCE></P><P></P><P><SENTENCE><W>Cuz</W><W>the</W><W>sun</W><W>was</W><W>set</W><W>in</W><W>the</W><W>west</W><W>&#34;</W></SENTENCE></P><P></P><P><SENTENCE><W>7)Akbar</W><W>Speaks(</W><W>Interlude</W><W>)</W></SENTENCE></P><P></P><P><SENTENCE><W>As</W><W>you</W><W>&#39;d</W><W>guess</W><W>,</W><W>Akbar</W><W>speaking</W><W>on</W><W>a</W><W>number</W><W>of</W><W>things</W><W>,</W><W>including</W><W>health</W><W>,</W><C><W>and</W></C><W>mental</W><W>stuff</W><W>.</W></SENTENCE><SENTENCE><W>Interesting</W><W>,</W><W>but</W><W>DEFINITELY</W><W>skippable</W><W>to</W><W>the</W><W>max</W><W>.</W></SENTENCE><SENTENCE><W>The</W><W>liners</W><W>say</W><W>this</W><W>was</W><W>recorded</W><W>from</W><W>a</W><W>radio</W><W>show</W><W>.</W></SENTENCE></P><P></P><P><SENTENCE><W>8)</W><W>Those</W><W>Who</W><W>Say</W></SENTENCE></P><P></P><P><SENTENCE><W>This</W><W>Kid</W><W>Named</W><W>Miles</W><W>from</W><W>critically</W><W>acclaimed</W><W>crew</W><W>Breakestra</W><W>produces</W><W>this</W><W>track</W><W>,</W><C><W>and</W></C><W>to</W><W>tell</W><W>the</W><W>truth</W><W>,</W><W>I</W><W>&#39;m</W><W>a</W><W>bit</W><W>underwhelmed</W><W>.</W></SENTENCE><SENTENCE><W>There</W><W>are</W><W>some</W><W>nice</W><W>dirty</W><W>sounding</W><W>hard</W><W>hitting</W><W>drums</W><W>here</W><W>,</W><C><W>and</W></C><W>a</W><W>decent</W><W>enough</W><W>bassline</W><W>,</W><W>but</W><W>apart</W><W>from</W><W>a</W><W>couple</W><W>of</W><W>horn</W><W>samples</W><W>interspersed</W><W>,</W><W>it</W><W>&#39;s</W><W>kind</W><W>of</W><W>boring</W><W>,</W><C><W>and</W></C><W>well</W><W>,</W><W>average</W><W>.</W></SENTENCE><SENTENCE><W>The</W><W>lyrics</W><W>are</W><W>above</W><W>average</W><W>here</W><W>again</W><W>though</W><W>,</W><C><W>and</W></C><W>end</W><W>up</W><W>saving</W><W>the</W><W>track</W><W>,</W><W>as</W><W>Ak</W><W>once</W><W>again</W><W>goes</W><W>the</W><W>braggadacio</W><W>route</W><W>.</W></SENTENCE></P><P></P><P><SENTENCE><W>&#34;</W><W>I</W><W>&#39;m</W><C><W>not</W></C><W>a</W><W>gangsta</W></SENTENCE></P><P></P><P><SENTENCE><W>I</W><W>&#39;m</W><W>something</W><W>closer</W><W>to</W><W>a</W><W>monster</W></SENTENCE></P><P></P><P><SENTENCE><W>Chi-Town</W><W>,</W><W>underground</W><W>,</W><W>Boogie</W><W>Down</W><W>,</W><W>Bronxer</W></SENTENCE></P><P></P><P><SENTENCE><W>Remember</W><W>when</W><W>I</W><W>stomped</W><W>ya</W><W>?</W></SENTENCE></P><P></P><P><SENTENCE><W>Live</W><W>in</W><W>concert</W><W>?</W></SENTENCE></P><P></P><P><SENTENCE><W>With</W><W>the</W><W>rugged</W><W>raw</W><W>,</W><W>I</W><W>came</W><W>,</W><W>saw</W><W>,</W><C><W>and</W></C><W>conquered</W><W>&#34;</W></SENTENCE></P><P></P><P><SENTENCE><W>9)</W><W>Hot</W><W>Ya</W><W>Hot(M-Boogie</W><W>Remix</W><W>)</W></SENTENCE></P><P></P><P><SENTENCE><W>Bliss</W><W>.</W></SENTENCE><SENTENCE><C><cue ID="54" type="speculation"><W>If</W></cue></C><xcope ID="58"><ref COMMENTS="" ID="62" SRC="54"></ref><W>there</W><W>&#39;s</W><W>one</W><W>word</W><W>to</W><W>describe</W><W>this</W><W>track</W><W>,</W><W>that</W><C><cue ID="55" type="speculation"><W>would</W></cue></C><xcope ID="57"><ref COMMENTS="" ID="61" SRC="55"></ref><W>be</W><W>it</W></xcope></xcope><W>.</W></SENTENCE><SENTENCE><W>DJ</W><W>Revolution</W><W>provides</W><W>some</W><W>disgustingly</W><W>good</W><W>scratches</W><W>,</W><C><W>and</W></C><W>M-Boogie</W><W>laces</W><W>this</W><W>beat</W><W>in</W><W>his</W><W>usual</W><W>style(</W><C><W>think</W></C><W>DJ</W><W>Premier</W><W>)</W><W>.</W></SENTENCE><SENTENCE><W>Ak</W><W>once</W><W>again</W><W>comes</W><W>correct</W><W>on</W><W>vocals</W><W>,</W><W>letting</W><W>MC</W><W>&#39;s</W><W>know</W><W>that</W><W>the</W><W>only</W><W>way</W><W>they</W><W>&#39;ll</W><W>succeed</W><W>is</W><C><cue ID="56" type="speculation"><W>if</W></cue></C><xcope ID="59"><ref COMMENTS="" ID="60" SRC="56"></ref><W>they</W><W>drop</W><W>the</W><W>hot</W><W>ish</W></xcope><W>.</W></SENTENCE></P><P></P><P><SENTENCE><W>&#34;</W><W>A</W><W>shot</W><W>from</W><W>a</W><W>4-5</W><C><W>could</W></C><W>n&#39;t</W><W>stop</W><W>my</W><W>vibe</W></SENTENCE></P><P></P><P><SENTENCE><W>Phase</W><W>me</W><C><W>and</W></C><W>daze</W><W>me</W><W>,</W><W>nobody</W><W>plays</W><W>me</W></SENTENCE></P><P></P><P><SENTENCE><W>They</W><W>all</W><W>shot</W><W>at</W><W>me</W><W>,</W><W>they</W><W>gotta</W><W>be</W><W>crazy</W><W>!</W></SENTENCE></P><P></P><P><SENTENCE><W>They</W><W>only</W><W>grazed</W><W>me</W><W>,</W><W>I</W><W>had</W><W>to</W><W>be</W><W>swayzee</W></SENTENCE></P><P></P><P><SENTENCE><W>My</W><W>momma</W><W>always</W><W>told</W><W>me</W><C><W>not</W></C><W>to</W><W>be</W><W>lazy</W><W>&#34;</W></SENTENCE></P><P></P><P><SENTENCE><W>10)Mothaship</W></SENTENCE></P><P></P><P><SENTENCE><W>A</W><W>crazy</W><W>nice</W><W>beat</W><W>provided</W><W>here</W><W>by</W><W>DJ</W><W>Shame</W><W>.</W></SENTENCE><SENTENCE><W>A</W><W>beautiful</W><W>vocal</W><W>sample</W><W>that</W><W>sounds</W><W>almost</W><W>mournful</W><W>laces</W><W>the</W><W>background</W><W>,</W><W>with</W><W>some</W><W>basic</W><W>drums</W><W>serving</W><W>as</W><W>the</W><W>backdrop</W><W>.</W></SENTENCE><SENTENCE><W>Very</W><W>simple</W><W>.</W></SENTENCE><SENTENCE><W>The</W><W>subject</W><W>matter</W><W>?</W></SENTENCE><SENTENCE><W>A</W><W>UFO</W><W>sighting</W><C><W>and</W></C><W>some</W><W>of</W><W>Akbar</W><W>&#39;s</W><W>thoughts</W><W>on</W><W>extraterrestrial</W><W>life</W><W>.</W></SENTENCE></P><P></P><P><SENTENCE><W>&#34;</W><W>I</W><W>was</W><W>smack</W><W>dab</W><W>in</W><W>the</W><W>middle</W><W>of</W><W>a</W><W>wonderful</W><W>dream</W></SENTENCE></P><P></P><P><SENTENCE><W>When</W><W>I</W><W>was</W><W>suddenly</W><W>awoken</W><W>by</W><W>a</W><W>frightening</W><W>scream</W></SENTENCE></P><P></P><P><SENTENCE><W>My</W><W>first</W><W>reaction</W><W>was</W><W>to</W><W>grab</W><W>my</W><W>heat</W></SENTENCE></P><P></P><P><SENTENCE><W>Pull</W><W>down</W><W>the</W><W>covers</W><W>,</W><W>threw</W><W>back</W><W>the</W><W>sheets</W></SENTENCE></P><P></P><P><SENTENCE><W>Looked</W><W>over</W><W>to</W><W>the</W><W>window</W><W>,</W><W>sprang</W><W>to</W><W>my</W><W>feet</W></SENTENCE></P><P></P><P><SENTENCE><W>Outside</W><W>,</W><W>I</W><W>saw</W><W>mad</W><W>people</W><W>on</W><W>the</W><W>street</W></SENTENCE></P><P></P><P><SENTENCE><W>In</W><W>a</W><W>state</W><W>of</W><W>shock</W></SENTENCE></P><P></P><P><SENTENCE><W>Somebody</W><W>called</W><W>the</W><W>cops</W><W>,</W><W>to</W><W>quiet</W><W>the</W><W>riot</W></SENTENCE></P><P></P><P><SENTENCE><W>But</W><W>now</W><W>they</W><W>pulling</W><W>out</W><W>Glocks</W></SENTENCE></P><P></P><P><SENTENCE><W>Shutting</W><W>down</W><W>blocks</W><W>,</W><W>busting</W><W>shots</W><W>at</W><W>the</W><W>sky</W></SENTENCE></P><P></P><P><SENTENCE><W>But</W><W>why</W><W>even</W><W>try</W><W>to</W><W>defy</W><W>the</W><W>most</W><W>high</W><W>?</W></SENTENCE></P><P></P><P><SENTENCE><W>It</W><W>was</W><W>a</W><W>divine</W><W>sign</W><W>,</W><W>encounter</W><W>of</W><W>the</W><W>third</W><W>kind</W><W>&#34;</W></SENTENCE></P><P></P><P><SENTENCE><W>11</W><W>)</W><W>Space</W><W>Odyssey</W></SENTENCE></P><P></P><P><SENTENCE><W>A</W><W>dreamlike</W><W>sample</W><W>runs</W><W>this</W><W>track</W><W>,</W><C><W>and</W></C><W>sounds</W><W>pulled</W><W>from</W><W>something</W><W>like</W><W>Mary</W><W>Poppins</W><W>.</W></SENTENCE><SENTENCE><W>An</W><W>inventive</W><W>use</W><W>of</W><W>the</W><W>sample</W><W>,</W><C><cue ID="63" type="negation"><W>no</W></cue></C><xcope ID="66"><ref COMMENTS="" ID="71" SRC="63"></ref><W>doubt</W></xcope><W>.</W></SENTENCE><SENTENCE><W>In</W><W>addition</W><W>to</W><W>the</W><W>sample</W><W>,</W><W>some</W><W>beautiful</W><W>keys</W><W>lace</W><W>the</W><W>beat</W><W>as</W><W>well</W><W>.</W></SENTENCE><SENTENCE><W>The</W><W>overall</W><W>effect</W><W>is</W><W>dreamy</W><W>,</W><C><W>and</W></C><W>sounds</W><W>kind</W><W>of</W><W>trippy</W><W>as</W><W>well</W><W>.</W></SENTENCE><SENTENCE><W>Ak</W><W>follows</W><W>the</W><W>lead</W><W>of</W><W>the</W><W>beat</W><W>here</W><W>,</W><W>dropping</W><W>some</W><W>vague</W><W>Raekwon</W><W>type</W><W>stream</W><W>of</W><C><W>thought</W></C><W>ish</W><W>.</W></SENTENCE><SENTENCE><W>I</W><C><cue ID="64" type="speculation"><W>THINK</W></cue></C><xcope ID="68"><ref COMMENTS="" ID="70" SRC="64"></ref><W>he</W><W>&#39;s</W><W>doing</W><W>the</W><W>&#34;aliens</W><W>&#34;</W><W>thing</W><W>again</W><W>,</W><W>but</W><W>I</W><W>&#39;m</W><C><cue ID="65" type="negation"><W>not</W></cue></C><xcope ID="67"><ref COMMENTS="" ID="69" SRC="65"></ref><W>too</W><W>sure</W></xcope></xcope><W>.</W></SENTENCE><SENTENCE><W>A</W><W>dope</W><W>track</W><W>for</W><W>the</W><W>beat</W><W>anyways</W><W>.</W></SENTENCE></P><P></P><P><SENTENCE><W>12)</W><W>Live</W><W>Long</W></SENTENCE></P><P></P><P><SENTENCE><W>A</W><W>weird</W><W>weird</W><W>weird</W><W>beat</W><W>supplied</W><W>by</W><W>Thes-One</W><W>of</W><W>People</W><W>Under</W><W>The</W><W>Stairs</W><W>here</W><W>.</W></SENTENCE><SENTENCE><W>It</W><W>&#39;s</W><W>very</W><W>hard</W><W>to</W><W>describe</W><W>,</W><W>but</W><W>I</W><W>&#39;ll</W><W>try</W><W>.</W></SENTENCE><SENTENCE><W>After</W><W>a</W><W>pretty</W><W>normal</W><W>beginning</W><W>with</W><W>some</W><W>basic</W><W>drums</W><W>,</W><W>this</W><W>VERY</W><W>weird</W><W>loop</W><W>enters</W><W>play</W><W>.</W></SENTENCE><SENTENCE><W>I</W><C><cue ID="72" type="speculation"><W>THINK</W></cue></C><xcope ID="73"><ref COMMENTS="" ID="74" SRC="72"></ref><W>it</W><W>&#39;s</W><W>a</W><W>single</W><W>key</W><W>piano</W><W>key</W><W>,</W><W>distorted</W><W>,</W><C><W>and</W></C><W>then</W><W>altered</W><W>in</W><W>a</W><W>way</W><W>that</W><W>makes</W><W>it</W><W>sound</W><W>like</W><W>it</W><W>&#39;s</W><W>underwater</W></xcope><W>.</W></SENTENCE><SENTENCE><W>Regardless</W><W>,</W><W>it</W><W>&#39;s</W><W>dope</W><W>.</W></SENTENCE><SENTENCE><W>Lyricswise</W><W>,</W><W>once</W><W>again</W><W>Ak</W><W>lives</W><W>up</W><W>to</W><W>the</W><W>beat</W><W>provided</W><W>,</W><W>dropping</W><W>some</W><W>dope</W><W>multisyllable</W><W>type</W><W>rhymes</W><W>,</W><C><W>and</W></C><W>some</W><W>surprisingly</W><W>deep</W><W>lyrics</W><W>on</W><W>life</W><W>.</W></SENTENCE></P><P></P><P><SENTENCE><W>&#34;</W><W>Look</W><C><W>not</W></C><W>to</W><W>my</W><W>external</W></SENTENCE></P><P></P><P><SENTENCE><W>Cuz</W><W>what</W><W>&#39;s</W><W>external</W><W>will</W><W>one</W><W>day</W><W>return</W><W>to</W><W>the</W><W>inferno</W></SENTENCE></P><P></P><P><SENTENCE><W>But</W><W>what</W><W>&#39;s</W><W>internal</W><W>is</W><W>eternal</W></SENTENCE></P><P></P><P><SENTENCE><W>What</W><W>&#39;s</W><W>in</W><W>my</W><W>journal</W><W>does</W><C><W>not</W></C><W>concern</W><W>you</W></SENTENCE></P><P></P><P><SENTENCE><W>Learn</W><W>to</W><W>respect</W><W>the</W><W>intellect</W><C><W>or</W></C><W>my</W><W>fire</W><W>will</W><W>burn</W><W>you</W><W>&#34;</W></SENTENCE></P><P></P><P><SENTENCE><W>13</W><W>)</W><W>Hold</W><W>On</W></SENTENCE></P><P></P><P><SENTENCE><W>Wow</W><W>,</W><W>what</W><W>a</W><W>beat</W><W>provided</W><W>by</W><W>Parker</W><W>Lee</W><W>.</W></SENTENCE><SENTENCE><W>Best</W><W>on</W><W>the</W><W>album</W><W>bar</W><C><cue ID="75" type="negation"><W>none</W></cue></C><W>.</W></SENTENCE><SENTENCE><W>This</W><W>sounds</W><W>like</W><W>something</W><W>straight</W><W>from</W><W>the</W><W>Wu-Tang</W><W>,</W><W>with</W><W>some</W><W>deep</W><W>bass</W><W>,</W><W>a</W><W>4/4</W><W>drum</W><W>pattern</W><W>,</W><C><W>and</W></C><W>the</W><W>cherry</W><W>on</W><W>top</W><W>-</W><W>a</W><W>vocal</W><W>loop</W><W>of</W><W>a</W><W>woman</W><W>singing</W><W>&#34;hold</W><W>on</W><W>&#34;</W><W>.</W></SENTENCE><SENTENCE><W>The</W><W>end</W><W>result</W><W>is</W><W>very</W><W>eerie</W><W>instrumental</W><W>.</W></SENTENCE><SENTENCE><W>Incredible</W><W>.</W></SENTENCE><SENTENCE><W>The</W><W>lyrics</W><W>are</W><W>up</W><W>to</W><W>par</W><W>as</W><W>well</W><W>,</W><W>as</W><W>Ak</W><W>sends</W><W>out</W><W>a</W><W>message</W><W>to</W><W>anyone</W><xcope ID="78"><ref COMMENTS="" ID="80" SRC="76"></ref><W>who</W><W>&#39;s</W><W>in</W><W>need</W><W>of</W><W>spiritual</W></xcope><C><cue ID="76" type="speculation"><W>or</W></cue></C><xcope ID="77"><ref COMMENTS="" ID="79" SRC="76"></ref><W>emotional</W><W>uplifting</W></xcope><W>.</W></SENTENCE></P><P></P><P><SENTENCE><W>&#34;</W><W>It</W><W>&#39;s</W><W>all</W><W>the</W><W>same</W><W>in</W><W>the</W><W>hall</W><W>of</W><W>fame</W></SENTENCE></P><P></P><P><SENTENCE><W>I</W><W>just</W><W>wanna</W><W>be</W><W>ready</W><W>when</W><W>He</W><W>calls</W><W>my</W><W>name</W></SENTENCE></P><P></P><P><SENTENCE><W>This</W><W>material</W><W>world</W><W>is</W><W>a</W><W>ball</W><C><W>and</W></C><W>chain</W></SENTENCE></P><P></P><P><SENTENCE><W>Live</W><W>your</W><W>life</W><W>righteous</W><C><W>or</W></C><W>it</W><W>&#39;s</W><W>all</W><W>in</W><W>vein</W><W>&#34;</W></SENTENCE></P><P></P><P><SENTENCE><W>14)Dedication</W></SENTENCE></P><P></P><P><SENTENCE><W>As</W><W>the</W><W>title</W><C><cue ID="81" type="speculation"><W>would</W></cue></C><C><cue ID="82" type="speculation"><xcope ID="83"><ref COMMENTS="" ID="84" SRC="81"></ref><W>suggest</W></xcope></cue></C><W>,</W><W>Ak</W><W>uses</W><W>this</W><W>track</W><W>to</W><W>remember</W><W>all</W><W>those</W><W>that</W><W>have</W><W>passed</W><W>on</W><W>.</W></SENTENCE><SENTENCE><W>A</W><W>suitably</W><W>sadder</W><W>track</W><W>comprised</W><W>of</W><W>a</W><W>haunting</W><W>acoustic</W><W>guitar</W><W>,</W><C><W>and</W></C><W>a</W><W>slow</W><W>bassline</W><W>makes</W><W>up</W><W>the</W><W>beat</W><W>.</W></SENTENCE><SENTENCE><C><W>Think</W></C><W>sad</W><W>thoughts</W><W>,</W><C><W>and</W></C><W>you</W><W>&#39;d</W><W>get</W><W>the</W><W>mood</W><W>of</W><W>this</W><W>track</W><W>.</W></SENTENCE><SENTENCE><W>Ak</W><W>is</W><W>perfect</W><W>lyrically</W><W>here</W><W>,</W><W>reflecting</W><W>on</W><W>life</W><C><W>and</W></C><W>death</W><W>.</W></SENTENCE><SENTENCE><W>Incredible</W><W>performance</W><W>.</W></SENTENCE></P><P></P><P><SENTENCE><W>&#34;</W><W>To</W><W>all</W><W>my</W><W>peoples</W><W>who</W><W>ai</W><W>n&#39;t</W><W>hear</W><C><W>no</W></C><W>more</W></SENTENCE></P><P></P><P><SENTENCE><W>When</W><W>we</W><W>ca</W><W>n&#39;t</W><W>shed</W><W>tears</W><W>,</W><W>we</W><W>pour</W><W>beer</W><W>on</W><W>the</W><W>floor</W></SENTENCE></P><P></P><P><SENTENCE><W>To</W><W>remember</W><W>the</W><W>dead</W><W>,</W><W>I</W><W>hand</W><W>my</W><W>head</W><W>in</W><W>sorrow</W></SENTENCE></P><P></P><P><SENTENCE><C><W>And</W></C><W>ask</W><W>God</W><W>for</W><W>the</W><W>strength</W><W>to</W><W>face</W><W>tomorrow</W></SENTENCE></P><P></P><P><SENTENCE><W>Cuz</W><W>I</W><W>know</W><W>,</W><W>when</W><W>I</W><W>leave</W><W>this</W><W>physical</W><W>frame</W><W>that</W></SENTENCE></P><P></P><P><SENTENCE><W>Half</W><W>of</W><W>y</W><W>&#39;all</W><C><W>probably</W></C><W>wo</W><W>n&#39;t</W><W>remember</W><W>my</W><W>name</W></SENTENCE></P><P></P><P><SENTENCE><W>Try</W><W>to</W><W>take</W><W>me</W><W>out</W><W>,</W><W>but</W><W>you</W><C><W>can</W></C><C><W>never</W></C><W>douse</W><W>this</W><W>flame</W></SENTENCE></P><P></P><P><SENTENCE><W>I</W><W>foresaw</W><W>my</W><W>funeral</W><W>,</W><W>only</W><W>the</W><W>real</W><W>heads</W><W>came</W><W>&#34;</W></SENTENCE></P><P></P><P><SENTENCE><W>15</W><W>)</W><W>Hot</W><W>Ya</W><W>Hot</W></SENTENCE></P><P></P><P><SENTENCE><W>The</W><W>original</W><W>to</W><W>the</W><W>remix</W><W>found</W><W>earlier</W><W>on</W><W>the</W><W>LP</W><W>,</W><C><W>and</W></C><W>once</W><W>again</W><W>M-Boogie</W><W>is</W><W>on</W><W>the</W><W>boards</W><W>.</W></SENTENCE><SENTENCE><W>Ill</W><W>cuts</W><W>again</W><W>,</W><C><W>and</W></C><W>the</W><W>difference</W><W>between</W><W>the</W><W>cuts</W><W>is</W><W>based</W><W>almost</W><W>purely</W><W>on</W><W>a</W><W>different</W><W>drum</W><W>scheme</W><W>.</W></SENTENCE><SENTENCE><W>It</W><W>sounds</W><W>close</W><W>though</W><W>.</W></SENTENCE><SENTENCE><W>I</W><W>prefer</W><W>the</W><W>original</W><W>though</W><W>,</W><W>which</W><W>sounds</W><W>like</W><W>it</W><W>&#39;s</W><W>flipped</W><W>the</W><W>sample</W><W>used</W><W>by</W><W>Dilated</W><W>Peoples</W><W>on</W><W>&#34;</W><W>Work</W><W>the</W><W>Angles</W><W>&#34;</W><W>.</W></SENTENCE><SENTENCE><W>This</W><W>is</W><W>vintage</W><W>M-Boogie</W><W>right</W><W>here</W><W>.</W></SENTENCE><SENTENCE><W>Ak</W><W>as</W><W>usual</W><W>rips</W><W>it</W><W>.</W></SENTENCE></P><P></P><P><SENTENCE><W>16)Those</W><W>Who</W><W>Say</W><W>(</W><W>DJ</W><W>Revolution</W><W>Remix</W><W>)</W></SENTENCE></P><P></P><P><SENTENCE><W>Rev</W><W>serves</W><W>up</W><W>another</W><W>dope</W><W>slab</W><W>of</W><W>a</W><W>beat</W><W>,</W><W>with</W><W>a</W><W>horn</W><W>backbone</W><W>,</W><C><W>and</W></C><W>some</W><W>rattling</W><W>noises</W><W>.</W></SENTENCE><SENTENCE><W>The</W><W>chorus</W><W>features</W><W>a</W><W>cool</W><W>little</W><W>electro-tinged</W><W>piano</W><W>loop</W><W>.</W></SENTENCE><SENTENCE><W>The</W><W>overall</W><W>effect</W><W>is</W><W>pretty</W><W>downbeat</W><W>,</W><W>something</W><W>I</W><W>&#39;ve</W><C><cue ID="85" type="negation"><W>never</W></cue></C><xcope ID="86"><ref COMMENTS="" ID="87" SRC="85"></ref><W>really</W><W>heard</W><W>from</W><W>Rev</W><W>as</W><W>a</W><W>producer</W></xcope><W>.</W></SENTENCE><SENTENCE><W>Tons</W><W>better</W><W>than</W><W>the</W><W>original</W><W>though</W><W>.</W></SENTENCE><SENTENCE><W>Lyrics</W><W>remain</W><W>the</W><W>same</W><W>as</W><W>the</W><W>original</W><W>.</W></SENTENCE></P><P></P><P><SENTENCE><W>***</W></SENTENCE></P><P></P><P><SENTENCE><W>A</W><W>quick</W><W>note</W><W>-</W><W>the</W><W>last</W><W>two</W><W>tracks</W><W>are</W><W>exclusives</W><W>to</W><W>the</W><W>CD</W><W>,</W><W>so</W><W>all</W><W>y</W><W>&#39;all</W><W>backwards</W><W>cassette</W><W>kids</W><W>will</W><W>miss</W><W>out</W><W>on</W><W>them</W><W>.</W></SENTENCE></P><P></P><P><SENTENCE><W>So</W><W>what</W><W>has</W><W>M-Boogie</W><W>unearthed</W><W>?</W></SENTENCE><SENTENCE><W>Looks</W><W>like</W><W>a</W><W>diamond</W><W>.</W></SENTENCE><SENTENCE><W>This</W><W>is</W><W>one</W><W>of</W><W>the</W><W>top</W><W>3</W><W>albums</W><W>of</W><W>the</W><W>year</W><W>thus</W><W>far</W><W>,</W><W>EASILY</W><W>.</W></SENTENCE><SENTENCE><W>Like</W><W>his</W><W>press</W><W>clippings</W><W>say</W><W>,</W><W>Ak</W><W>looked</W><W>to</W><W>bring</W><W>the</W><W>art</W><W>of</W><W>emceeing</W><W>back</W><W>with</W><W>this</W><W>release</W><W>,</W><C><W>and</W></C><W>I</W><W>&#39;d</W><W>say</W><W>he</W><W>succeeded</W><W>in</W><W>stunning</W><W>fashion</W><W>.</W></SENTENCE></P><P></P><P><SENTENCE><W>Cross</W><W>your</W><W>fingers</W><W>that</W><W>this</W><W>gets</W><W>it</W><W>&#39;s</W><W>shine</W><W>,</W><W>because</W><W>it</W><W>&#39;d</W><W>be</W><W>a</W><W>shame</W><W>to</W><W>see</W><W>such</W><W>talent</W><W>get</W><W>ignored</W><W>.</W></SENTENCE></P><P></P><P><SENTENCE><W>One</W><W>of</W><W>the</W><W>best</W><W>debuts</W><W>I</W><W>&#39;ve</W><W>ever</W><W>heard</W><W>.</W></SENTENCE><SENTENCE><W>An</W><W>easy</W><W>4.5</W><W>,</W><C><W>and</W></C><W>very</W><W>close</W><W>to</W><W>a</W><W>perfect</W><W>score</W><W>.</W></SENTENCE></P></DOCUMENT>
