<?xml version="1.0" encoding="UTF-8"?>
<DOCUMENT><DESC></DESC><TIME>3471</TIME><P></P><P><SENTENCE><W>Who</W><W>is</W><W>Defari</W><W>?</W></SENTENCE><SENTENCE><W>Honestly</W><W>,</W><W>I</W><cue ID="0" type="negation"><W>do</W><W>n&#39;t</W></cue><xcope ID="3"><ref COMMENTS="" ID="6" SRC="0"></ref><W>know</W></xcope><W>.</W></SENTENCE><SENTENCE><W>I</W><W>only</W><W>picked</W><W>this</W><W>one</W><W>up</W><W>based</W><W>on</W><W>tips</W><W>from</W><W>Madtheory</W><C><W>and</W></C><W>paulyoungotti</W><W>.</W></SENTENCE><SENTENCE><W>Knowing</W><W>that</W><W>they</W><W>are</W><W>über</W><W>appreciators</W><W>of</W><W>quality</W><W>hip-hop</W><W>made</W><W>the</W><W>choice</W><W>as</W><W>easy</W><W>as</W><W>jumpin</W><W>in</W><W>my</W><W>ride</W><W>.</W></SENTENCE></P><P></P><P><SENTENCE><W>My</W><W>sources</W><W>tell</W><W>me</W><W>that</W><W>Odds</W><C><W>and</W></C><W>Evens</W><W>is</W><W>Defaris</W><W>second</W><W>full-length</W><W>release</W><W>,</W><W>the</W><W>first</W><W>one</W><W>being</W><W>Focused</W><W>Daily</W><W>.</W></SENTENCE><SENTENCE><W>Based</W><W>on</W><W>the</W><W>dopeness</W><W>of</W><W>the</W><W>former</W><W>,</W><W>I</W><W>really</W><W>want</W><W>to</W><W>snipe</W><W>the</W><W>latter</W><W>.</W></SENTENCE><SENTENCE><W>It</W><W>also</W><C><cue ID="1" type="speculation"><W>seems</W></cue></C><xcope COMMENTS="" ID="5"><ref COMMENTS="" ID="8" SRC="1"></ref><W>as</W><W>though</W><W>he</W><W>is</W><W>intimately</W><W>connected</W><W>to</W><W>Dre</W><C><W>and</W></C><W>his</W><W>posse</W><W>(</W><C><cue ID="2" type="negation"><W>no</W></cue></C><xcope ID="4"><ref COMMENTS="" ID="7" SRC="2"></ref><W>surprise</W><W>there</W><W>coming</W><W>from</W><W>LA</W></xcope><W>)</W></xcope><W>.</W></SENTENCE></P><P></P><P><SENTENCE><W>The</W><W>first</W><W>thing</W><W>that</W><W>hit</W><W>me</W><W>about</W><W>Odds</W><C><W>and</W></C><W>Evens</W><W>was</W><W>the</W><W>tightness</W><W>of</W><W>the</W><W>production</W><W>(</W><W>mainly</W><W>by</W><W>E-Swift</W><C><W>and</W></C><W>Evidence</W><W>of</W><W>Dilated</W><W>Peoples</W><W>)</W><W>.</W></SENTENCE><SENTENCE><W>I</W><W>typically</W><W>listen</W><W>to</W><W>music</W><W>in</W><W>my</W><W>car</W><W>.</W></SENTENCE><SENTENCE><W>My</W><W>stereo</W><W>is</W><W>relatively</W><W>bangin</W><W>so</W><W>it</W><W>&#39;s</W><W>a</W><W>good</W><W>place</W><W>to</W><W>test</W><W>quality</W><W>.</W></SENTENCE><SENTENCE><W>Good</W><W>production</W><W>in</W><W>hip-hop</W><W>usually</W><W>equals</W><W>how</W><W>tightly</W><W>the</W><W>bass</W><C><W>and</W></C><W>beats</W><W>come</W><W>out</W><W>the</W><W>speakers</W><W>at</W><W>high</W><W>volume</W><W>.</W></SENTENCE><SENTENCE><W>Often</W><W>,</W><W>bass</W><W>starts</W><W>to</W><W>bleed</W><W>,</W><W>escaping</W><W>the</W><W>parameters</W><W>of</W><W>the</W><W>speaker</W><W>cone</W><W>,</W><W>creating</W><W>distortion</W><C><W>and</W></C><W>even</W><W>blowing</W><W>speakers</W><W>.</W></SENTENCE><SENTENCE><W>There</W><W>&#39;s</W><C><cue ID="9" type="negation"><W>no</W></cue></C><xcope ID="12"><ref COMMENTS="" ID="13" SRC="9"></ref><W>bleeding</W><W>hear</W></xcope><W>.</W></SENTENCE><SENTENCE><W>The</W><W>best</W><W>example</W><W>of</W><W>this</W><W>is</W><W>on</W><W>the</W><W>track</W><W>Xtra</W><W>Thump</W><W>featuring</W><W>Tash</W><W>.</W></SENTENCE><SENTENCE><W>The</W><W>tune</W><W>is</W><W>basically</W><W>heavy</W><C><W>and</W></C><W>bumpin</W><W>with</W><W>lots</W><W>of</W><W>the</W><W>lows</W><W>,</W><W>the</W><W>same</W><W>ones</W><W>directly</W><W>associated</W><W>with</W><W>that</W><W>earthquake</W><W>feeling</W><W>you</W><W>get</W><W>when</W><W>sitting</W><W>at</W><W>a</W><W>red</W><W>light</W><W>next</W><W>to</W><W>one</W><W>of</W><W>those</W><W>scary</W><W>looking</W><W>cars</W><W>with</W><W>the</W><W>tinted</W><W>windows</W><W>,</W><W>supa</W><W>shiny</W><W>rims</W><W>,</W><C><W>and</W></C><xcope ID="15"><ref COMMENTS="" ID="16" SRC="10"></ref><W>wide-a**</W><W>tires</W></xcope><W>that</W><C><cue ID="10" type="speculation"><W>seem</W></cue></C><xcope ID="14"><ref COMMENTS="" ID="15" SRC="10"></ref><W>way</W><W>too</W><W>small</W></xcope><W>.</W></SENTENCE><SENTENCE><W>Defari</W><W>harkens</W><W>back</W><W>,</W><W>reminding</W><W>people</W><W>that</W><W>he</W><C><cue ID="11" type="speculation"><W>can</W></cue></C><xcope ID="16"><ref COMMENTS="" ID="17" SRC="11"></ref><W>still</W><W>kick-it</W><W>with</W><W>the</W><W>best</W></xcope><W>.</W></SENTENCE><SENTENCE><W>The</W><W>lows</W><W>stay</W><W>tight</W><W>to</W><W>the</W><W>speakers</W><W>,</W><W>almost</W><W>lifting</W><W>the</W><W>car</W><W>with</W><W>the</W><W>volume</W><W>cranked</W><W>.</W></SENTENCE><SENTENCE><W>The</W><W>adrenaline</W><W>rush</W><W>I</W><W>got</W><W>reminded</W><W>me</W><W>of</W><W>high</W><W>school</W><W>when</W><W>I</W><W>used</W><W>to</W><W>crank</W><W>Def</W><W>Leppard</W><C><W>and</W></C><W>Accept</W><W>.</W></SENTENCE><SENTENCE><W>Fun</W><W>stuff</W><W>!</W></SENTENCE></P><P></P><P><SENTENCE><W>Another</W><W>thing</W><W>that</W><W>struck</W><W>me</W><W>about</W><W>Odds</W><C><W>and</W></C><W>Evens</W><W>was</W><W>the</W><W>variety</W><W>of</W><W>the</W><W>lyrical</W><W>content</W><W>.</W></SENTENCE><SENTENCE><W>Defari</W><W>comes</W><W>across</W><W>as</W><W>a</W><W>seasoned</W><W>professional</W><W>.</W></SENTENCE><SENTENCE><W>He</W><W>brings</W><W>up</W><W>all</W><W>kinds</W><W>of</W><W>subjects</W><W>.</W></SENTENCE><SENTENCE><W>There</W><W>is</W><W>only</W><W>one</W><W>interlude</W><C><W>and</W></C><W>only</W><W>one</W><W>cut</W><W>shorter</W><W>than</W><W>2</W><W>minutes</W><W>.</W></SENTENCE><SENTENCE><W>The</W><W>combination</W><W>of</W><W>Defaris</W><W>mature</W><W>west</W><W>coast</W><W>sound</W><W>,</W><W>tight</W><W>lyrics</W><W>,</W><C><W>and</W></C><W>smooth</W><W>vocal</W><W>style</W><W>create</W><W>a</W><W>lethal</W><W>dose</W><W>of</W><W>BANG.</W></SENTENCE></P><P></P><P><SENTENCE><W>Although</W><W>I</W><W>like</W><W>ALL</W><W>of</W><W>the</W><W>tracks</W><W>(</W><W>pretty</W><W>impressive</W><W>these</W><W>days</W><W>)</W><W>,</W><W>here</W><W>are</W><W>some</W><W>of</W><W>my</W><W>standouts</W><W>:</W></SENTENCE></P><P></P><P><SENTENCE><W>Inner</W><W>City</W><W>has</W><W>one</W><W>of</W><W>coolest</W><W>hooks</W><W>kinda</W><W>like</W><W>lowbump-bump-bump-bump-bump-bump-bumpbumpbumpbump-lowbump</W><W>over</W><W>a</W><W>straightforward</W><W>beat</W><W>that</W><W>hits</W><W>with</W><W>precision</W><C><W>and</W></C><W>purpose</W><W>.</W></SENTENCE><SENTENCE><W>Very</W><W>west</W><W>coast</W><W>,</W><W>very</W><W>Dre</W><W>inspired</W><W>,</W><W>very</W><W>tough</W><C><W>and</W></C><W>nasty</W><W>.</W></SENTENCE></P><P></P><P><SENTENCE><W>Cold</W><W>Pieces</W><W>also</W><W>has</W><W>a</W><W>hook</W><W>that</W><W>got</W><W>stuck</W><W>in</W><W>my</W><W>cranium</W><W>long</W><W>after</W><W>the</W><W>sound</W><W>waves</W><W>dissipated</W><W>.</W></SENTENCE><SENTENCE><W>The</W><W>theme</W><C><W>and</W></C><C><W>feel</W></C><W>is</W><W>again</W><W>high</W><W>west</W><W>coast</W><W>.</W></SENTENCE><SENTENCE><W>Tribal</W><W>,</W><W>eerie</W><W>,</W><W>otherworldly</W><W>,</W><C><W>and</W></C><W>tough</W><W>.</W></SENTENCE><SENTENCE><W>The</W><W>title</W><W>refers</W><W>to</W><W>the</W><W>wonderful</W><W>women</W><W>of</W><W>LA</W><W>.</W></SENTENCE><SENTENCE><W>Clever</W><W>,</W><W>eh</W><W>?</W></SENTENCE></P><P></P><P><SENTENCE><W>Take</W><W>The</W><W>Weight</W><W>Of</W><W>My</W><W>Hand</W><W>is</W><W>smooth</W><C><W>and</W></C><W>relaxed</W><W>.</W></SENTENCE><SENTENCE><W>Here</W><W>Defari</W><W>tells</W><W>us</W><W>a</W><W>little</W><W>about</W><W>what</W><W>makes</W><W>him</W><W>tick</W><W>.</W></SENTENCE><SENTENCE><W>The</W><W>syncopated</W><W>bass</W><W>line</W><W>on</W><W>the</W><W>low</W><W>mixes</W><W>with</W><W>the</W><W>shrill</W><W>pinning</W><W>of</W><W>keys</W><W>on</W><W>the</W><W>high</W><W>to</W><W>create</W><W>a</W><W>tension</W><W>that</W><W>is</W><W>only</W><W>broken</W><W>by</W><W>Defaris</W><W>smooth</W><W>flow</W><W>.</W></SENTENCE><SENTENCE><W>Lots</W><W>of</W><W>confidence</W><C><W>and</W></C><W>attitude</W><W>in</W><W>this</W><W>one</W><W>although</W><C><cue ID="18" type="negation"><W>not</W></cue></C><xcope ID="19"><ref COMMENTS="" ID="20" SRC="18"></ref><W>in-your-face</W></xcope><W>.</W></SENTENCE></P><P></P><P><SENTENCE><W>Xtra</W><W>Thump</W><W>you</W><W>already</W><W>know</W><W>how</W><W>this</W><W>goes</W><W>.</W></SENTENCE><SENTENCE><W>Bang</W><W>it</W><W>loud</W><W>!</W></SENTENCE></P><P></P><P><SENTENCE><W>Los</W><W>Angelinos</W><W>is</W><W>a</W><W>lovely</W><W>orchestrated</W><W>joint</W><W>accented</W><W>by</W><W>a</W><W>simply</W><W>complex</W><W>key</W><W>hook</W><W>that</W><W>sets</W><W>a</W><W>mellow</W><W>mood</W><W>.</W></SENTENCE><SENTENCE><W>With</W><C><cue ID="21" type="negation"><W>no</W></cue></C><xcope ID="24"><ref COMMENTS="" ID="26" SRC="21"></ref><C><cue ID="22" type="speculation"><W>apparent</W></cue></C><xcope ID="23"><ref COMMENTS="" ID="25" SRC="22"></ref><W>urgency</W></xcope></xcope><W>,</W><W>Defari</W><W>gives</W><W>props</W><W>to</W><W>his</W><W>hometown</W><W>.</W></SENTENCE><SENTENCE><W>Its</W><W>a</W><W>great</W><W>track</W><W>to</W><W>kick</W><W>to</W><W>on</W><W>a</W><W>sunny</W><W>day</W><W>in</W><W>August</W><W>(</W><W>the</W><W>dog</W><W>days</W><W>)</W><W>,</W><W>cruising</W><W>the</W><W>street</W><W>with</W><W>one</W><W>hand</W><W>one</W><W>the</W><W>wheel</W><W>just</W><W>checkin</W><W>things</W><W>out</W><W>.</W></SENTENCE></P><P></P><P><SENTENCE><W>As</W><W>I</W><W>stated</W><W>earlier</W><W>,</W><W>Odds</W><C><W>and</W></C><W>Evens</W><cue ID="27" type="negation"><W>does</W><W>n&#39;t</W></cue><xcope ID="32"><ref COMMENTS="" ID="33" SRC="27"></ref><W>contain</W><W>a</W><W>weak</W><W>track</W></xcope><W>.</W></SENTENCE><SENTENCE><W>There</W><W>are</W><W>10</W><W>others</W><W>that</W><W>I</W><W>did</W><W>nt</W><W>mention</W><W>as</W><W>favorites</W><W>but</W><W>that</W><W>s</W><W>just</W><W>because</W><W>people</W><W>have</W><W>short</W><W>attention</W><W>spans</W><W>these</W><W>days</W><W>(</W><W>myself</W><W>included</W><W>)</W><W>.</W></SENTENCE><SENTENCE><W>I</W><C><cue ID="28" type="speculation"><W>could</W></cue></C><W>,</W><C><cue ID="29" type="speculation"><W>would</W></cue></C><W>,</W><C><cue ID="30" type="speculation"><W>should</W></cue></C><xcope ID="31"><ref COMMENTS="" ID="36" SRC="28"></ref><W>give</W><W>props</W><W>to</W><W>Spell</W><W>My</W><W>Name</W><W>(</W><W>the</W><W>video</W><W>single</W><W>)</W></xcope><W>,</W><W>the</W><W>beautifully</W><W>edgy</W><W>Hooks</W><W>,</W><xcope ID="40"><ref COMMENTS="" ID="42" SRC="37"></ref><W>regal</W><W>title</W><W>track</W><W>Odds</W><C><W>and</W></C><W>Evens</W></xcope><W>,</W><C><cue ID="37" type="speculation"><W>or</W></cue></C><xcope ID="39"><ref COMMENTS="" ID="41" SRC="37"></ref><W>even</W><W>the</W><W>bass</W><C><W>and</W></C><W>horns</W><W>of</W><W>the</W><W>finale</W><W>Stay</W><W>Bubblin</W></xcope><W>,</W><W>etc</W><W>.</W></SENTENCE></P><P></P><P><SENTENCE><W>Need</W><W>I</W><W>say</W><W>more</W><W>?</W></SENTENCE><SENTENCE><W>Well</W><W>,</W><W>only</W><W>that</W><C><cue ID="43" type="speculation"><W>if</W></cue></C><xcope ID="47"><ref COMMENTS="" ID="54" SRC="43"></ref><W>you</W><W>are</W><W>a</W><W>fan</W><W>of</W><W>west</W><W>coast</W><W>hip-hop</W><W>,</W><xcope ID="45"><ref COMMENTS="" ID="53" SRC="51"></ref><W>simply</W><W>want</W><W>a</W><W>place</W><W>to</W><W>start</W><W>your</W><W>west</W><W>coast</W><W>experience</W></xcope><W>,</W><C><cue ID="51" type="speculation"><W>or</W></cue></C><xcope ID="44"><ref COMMENTS="" ID="52" SRC="51"></ref><W>have</W><W>a</W><W>pulse</W><C><W>and</W></C><W>a</W><W>CD</W><W>player</W></xcope></xcope><W>,</W><W>you</W><C><cue ID="55" type="speculation"><W>should</W></cue></C><xcope ID="56"><ref COMMENTS="" ID="57" SRC="55"></ref><W>get</W><W>down</W><W>to</W><W>your</W><W>local</W><W>music</W><W>peddler</W><C><W>and</W></C><W>pick</W><W>up</W><W>Odds</W><C><W>and</W></C><W>Evens</W></xcope><W>.</W></SENTENCE><SENTENCE><W>Defari</W><W>is</W><W>at</W><W>the</W><W>top</W><W>of</W><W>his</W><W>game</W><W>.</W></SENTENCE><SENTENCE><W>Also</W><W>,</W><W>further</W><W>props</W><W>to</W><W>E-Swift</W><C><W>and</W></C><W>Evidence</W><W>of</W><W>Dilated</W><W>Peoples</W><W>for</W><W>their</W><W>quality</W><W>handling</W><W>of</W><W>the</W><W>production</W><W>duties</W><W>.</W></SENTENCE><SENTENCE><W>Top</W><W>shelf</W><W>!</W></SENTENCE></P></DOCUMENT>
