<?xml version="1.0" encoding="UTF-8"?>
<DOCUMENT><P></P><P><SENTENCE><W>Louis</W><W>Logic</W><W>has</W><W>only</W><W>been</W><W>around</W><W>for</W><W>a</W><W>short</W><W>time</W><W>.</W></SENTENCE><SENTENCE><W>He</W><W>has</W><W>released</W><W>two</W><W>CD-ROMs</W><W>,</W><W>Music</W><W>to</W><W>Drink</W><W>By</W><W>:</W><W>A</W><W>Collection</W><W>of</W><W>Loosies</W><C><W>and</W></C><W>Exclusives</W><W></W><C><W>and</W></C><W>Debacle</W><W>in</W><W>a</W><W>Bottle</W><W>:</W><W>a</W><C><W>not</W></C><W>album</W><W>,</W><W>two</W><W>excellent</W><W>releases</W><W>that</W><W>basically</W><W>compile</W><W>the</W><W>whole</W><W>of</W><W>his</W><W>discography</W><W>in</W><W>two</W><W>goes</W><W>,</W><W>mainly</W><W>composed</W><W>of</W><W>12</W><W>singles</W><W>,</W><W>bootlegs</W><W>,</W><W>unreleased</W><W>tracks</W><C><W>and</W></C><W>exclusives</W><W>.</W></SENTENCE><SENTENCE><W>The</W><W>title</W><W>Sin-A-Matic</W><W>is</W><W>itself</W><W>a</W><W>play</W><W>on</W><W>cinematic</W><W></W><W>in</W><W>short</W><W>Louis</W><W>Logic</W><W>decided</W><W>to</W><W>present</W><W>the</W><W>various</W><W>sins</W><W></W><W>he</W><W>likes</W><W>to</W><W>indulge</W><W>in</W><W>,</W><W>in</W><W>a</W><W>various</W><W>number</W><W>of</W><W>creative</W><C><W>and</W></C><W>cinematic</W><W>ways</W><W>.</W></SENTENCE><SENTENCE><W>Its</W><W>an</W><W>intriguing</W><C><W>idea</W></C><W>on</W><W>paper</W><W>,</W><W>but</W><W>concepts</W><W>are</W><W>only</W><W>worthy</W><C><cue ID="0" type="speculation"><W>if</W></cue></C><xcope ID="1"><ref COMMENTS="" ID="2" SRC="0"></ref><W>you</W><W>make</W><W>them</W><W>work</W></xcope><W>...</W></SENTENCE></P><P></P><P><SENTENCE><W>Ironically</W><W>,</W><W>the</W><W>opening</W><W>cuts</W><W>of</W><W>&#34;</W><W>Sin-A-Matic</W><W>&#34;</W><W>are</W><W>typical</W><W>of</W><W>many</W><W>modern</W><W>rap</W><W>albums</W><W>-</W><W>something</W><W>that</W><W>&#39;s</W><C><cue ID="3" type="speculation"><W>perhaps</W></cue></C><xcope ID="4"><ref COMMENTS="" ID="5" SRC="3"></ref><W>confusing</W><W>at</W><W>first</W></xcope><W>.</W><W>Louis</W><W>Logic</W><W>comes</W><W>out</W><W>swinging</W><W>in</W><W>his</W><W>opening</W><W>bars</W><W>from</W><W>the</W><W>Sintro</W><W>;</W><W>&#34;</W><W>My</W><W>CD</W><W>is</W><W>diseased</W><W>,</W><W>please</W><W>be</W><W>cautious</W><W>|Cause</W><W>each</W><W>queasy</W><W>chorus</W><W>will</W><W>leave</W><W>ya</W><W>nauseous</W><W>|</W><W>Each</W><W>verse</W><W>is</W><W>equipped</W><W>with</W><W>evil</W><W>forces</W><W>|</W><W>For</W><W>teachin&#39;</W><W>your</W><W>kids</W><W>how</W><W>to</W><W>be</W><W>remorseless</W><W>&#34;</W><W>.</W></SENTENCE><SENTENCE><W>It</W><W>&#39;s</W><W>a</W><W>short</W><W>freestyle</W><W>introducing</W><W>his</W><W>album</W><W>-</W><W>a</W><W>typical</W><W>rap</W><W>album</W><W>feature</W><W>-</W><C><W>and</W></C><W>it</W><W>gives</W><W>you</W><W>a</W><W>good</W><C><W>idea</W></C><W>of</W><W>his</W><W>skill</W><W>as</W><W>an</W><W>emcee</W><W>(</W><W>check</W><W>the</W><W>multi&#39;s</W><W>)</W><W>.</W></SENTENCE><SENTENCE><W>Louis</W><W>then</W><W>couples</W><W>his</W><W>braggadocio</W><W>with</W><W>blunt</W><W>thoughts</W><W>on</W><W>the</W><W>state</W><W>of</W><W>the</W><W>rap</W><W>game</W><W>in</W><W>the</W><W>magnificent</W><W>Street</W><W>Smarts</W><W>:</W><W></W><W>Whatcha</W><C><W>think</W></C><W>cause</W><W>ya</W><W>neck</W><C><W>and</W></C><W>ya</W><W>wrist</W><W>go</W><W>bling</W><W>|</W><W>That</W><W>ya</W><W>sh</W><W>!t</W><W>do</W><W>n&#39;t</W><W>stink</W><W>?</W></SENTENCE><SENTENCE><W>Fa**ot</W><W>asses</W><W>doin&#39;</W><W>the</W><W>Sisqo</W><W>thing</W><W>in</W><W>a</W><W>thong</W><W>|</W><W>Y&#39;all</W><W>ai</W><W>n&#39;t</W><C><W>never</W></C><W>had</W><W>a</W><W>inkling</W><W>of</W><W>thinkin&#39;</W><W>of</W><W>bringin&#39;</W><W>it</W><W>on</W><W>|</W><W>Take</W><W>my</W><W>advice</W><W>shorty</W><W>|</W><W>Before</W><W>I</W><W>make</W><W>your</W><W>life</W><W>story</W><W>the</W><W>sad</W><W>sh*t</W><W>RandB</W><W>bit*hes</W><W>sing</W><W>in</W><W>a</W><W>song</W><W>.</W></SENTENCE><SENTENCE><W>This</W><W>is</W><W>one</W><W>of</W><W>the</W><W>angriest</W><W>songs</W><W>on</W><W>the</W><W>album</W><W>but</W><W>most</W><W>importantly</W><W>it</W><W>demonstrates</W><W>his</W><W>ridiculous</W><W>flow</W><C><W>and</W></C><W>hard-hitting</W><W>wordplay</W><W>,</W><W>coupled</W><W>with</W><W>a</W><W>distinctive</W><W>voice</W><W>.</W></SENTENCE><SENTENCE><W>Add</W><W>the</W><W>standout</W><W>guest</W><W>collaboration</W><W>with</W><W>Demigodz</W><W>member</W><W>Celph</W><W>Titled</W><W>on</W><W>the</W><W>fake</W><W>emcee</W><W>dismantling</W><W>&#34;</W><W>Diablos</W><W>&#34;</W><C><W>and</W></C><W>the</W><W>opening</W><W>of</W><W>the</W><W>album</W><W>is</W><W>lyrically</W><C><W>potent</W></C><W>,</W><C><cue ID="6" type="speculation"><W>if</W></cue></C><xcope ID="9"><ref COMMENTS="" ID="11" SRC="6"></ref><C><cue ID="7" type="negation"><W>not</W></cue></C><xcope ID="8"><ref COMMENTS="" ID="10" SRC="7"></ref><W>all</W><W>too</W><W>disimilar</W><W>from</W><W>many</W><W>others</W></xcope></xcope><W>.</W></SENTENCE></P><P></P><P><SENTENCE><W>But</W><W>in</W><W>an</W><W>industry</W><W>crammed</W><W>full</W><W>of</W><W>imitation</W><W>after</W><W>imitation</W><W>,</W><W>Louis</W><W>Logic</W><W>does</W><W>stand</W><W>out</W><W>.</W></SENTENCE><SENTENCE><W>The</W><W>conceptual</W><W>inventiveness</W><W>that</W><W>is</W><W>found</W><W>throughout</W><W>&#34;</W><W>Sin-A-Matic</W><W>&#34;</W><W>is</W><W>unique</W><W>.</W></SENTENCE><SENTENCE><W>Take</W><W></W><W>Freak</W><W>Show</W><W>,</W><W>an</W><C><W>indication</W></C><W>of</W><W>the</W><W>rappers</W><W>eccentric</W><W>side</W><W>,</W><W>as</W><W>he</W><W>adjusts</W><W>his</W><W>vocal</W><W>tone</W><W>to</W><W>a</W><W>highly</W><W>odd</W><W>accent</W><C><W>and</W></C><W>vividly</W><W>describes</W><W>all</W><W>kinds</W><W>of</W><W>societys</W><W>weirdos</W><W>,</W><W>over</W><W>a</W><W>minimalist</W><W>,</W><W>bouncy</W><W>fairground-inspired</W><W>beat</W><W>.</W></SENTENCE><SENTENCE><W>His</W><W>twisted</W><W>,</W><W>dark</W><W>humour</W><W>is</W><W>literally</W><W>on</W><W>show</W><W>here</W><W>:</W><W>he</W><W>reminds</W><W>me</W><W>of</W><W>Brotha</W><W>Lynch</W><W>Hung</W><C><W>or</W></C><W>the</W><W>pre</W><W>2002</W><W>Eminem</W><W>.</W></SENTENCE><SENTENCE><W>Fair</W><W>Weather</W><W>Fan</W><W>is</W><W>one</W><W>of</W><W>my</W><W>favourite</W><W>songs</W><W>,</W><C><W>and</W></C><W>it</W><W>finds</W><W>Louis</W><W>presenting</W><W>both</W><W>the</W><W>views</W><W>of</W><W>several</W><W>fans</W><C><W>and</W></C><W>critics</W><W>about</W><W>his</W><W>music</W><C><W>and</W></C><W>his</W><W>own</W><W>response</W><W>to</W><W>these</W><W>resulting</W><W>criticisms</W><W>,</W><W>over</W><W>Memos</W><W>wonderfully</W><W>dark</W><W>,</W><W>computer-inspired</W><W>beat</W><W>.</W></SENTENCE><SENTENCE><W>The</W><W>best</W><C><W>and</W></C><W>most</W><W>controversial</W><W>song</W><W>is</W><W>undoubtedly</W><W>The</W><W>Ugly</W><W>Truth</W><W>.</W></SENTENCE><SENTENCE><W>Over</W><W>another</W><W>solemn</W><W>,</W><W>eerie</W><W>beat</W><W>this</W><W>time</W><W>crafted</W><W>by</W><W>The</W><W>Record</W><W>Collecter</W><W>,</W><W>Louis</W><W>satirises</W><W>the</W><W>views</W><W>of</W><W>racist</W><W>America</W><W>by</W><W>describing</W><W>several</W><W>minority</W><W>races</W><W>through</W><W>mockery</W><W>of</W><W>standard</W><W>racial</W><W>stereotypes</W><C><W>and</W></C><W>rhetoric</W><W>.</W></SENTENCE><SENTENCE><W>You</W><W>have</W><W>to</W><W>hear</W><W>it</W><W>to</W><W>see</W><W>how</W><W>well</W><W>done</W><W>it</W><W>is</W><W>but</W><W>it</W><W>demonstrates</W><W>to</W><W>the</W><W>letter</W><W>how</W><W>creative</W><W>Louis</W><W>Logic</W><W>is</W><W>;</W><W>I</W><W>have</W><C><cue ID="12" type="negation"><W>never</W></cue></C><xcope ID="13"><ref COMMENTS="" ID="14" SRC="12"></ref><W>heard</W><W>a</W><W>song</W><W>quite</W><W>like</W><W>this</W><W>one</W></xcope><W>.</W></SENTENCE><SENTENCE><W>He</W><W>&#39;s</W><W>got</W><W>one</W><W>hell</W><W>of</W><W>an</W><W>imagination</W><W>;</W><W>his</W><W>storytelling</W><W>is</W><W>on</W><W>a</W><W>par</W><W>with</W><xcope ID="17"><ref COMMENTS="" ID="19" SRC="15"></ref><W>Nas</W></xcope><C><cue ID="15" type="speculation"><W>or</W></cue></C><xcope ID="16"><ref COMMENTS="" ID="18" SRC="15"></ref><W>Ice</W><W>Cube</W></xcope><W>,</W><C><W>and</W></C><W>the</W><W>worlds</W><W>he</W><W>constructs</W><W>are</W><W>fantastical</W><C><W>and</W></C><W>weird</W><W>.</W></SENTENCE></P><P></P><P><SENTENCE><W>It</W><W>follows</W><W>that</W><W>one</W><W>of</W><W>the</W><W>main</W><W>features</W><W>of</W><W>Louis</W><W>Logics</W><W>philosophy</W><W>towards</W><W>life</W><W>is</W><W>that</W><W>he</W><cue ID="21" type="negation"><W>does</W><W>nt</W></cue><xcope ID="29"><ref COMMENTS="" ID="30" SRC="21"></ref><W>really</W><W>take</W><W>too</W><W>much</W><W>seriously</W></xcope><W>;</W><W>you</W><cue ID="20" type="negation"><W>wo</W><W>n&#39;t</W></cue><xcope ID="27"><ref COMMENTS="" ID="28" SRC="20"></ref><W>see</W><W>much</W><xcope ID="23"><ref COMMENTS="" ID="25" SRC="22"></ref><W>political</W></xcope><C><cue ID="22" type="speculation"><W>or</W></cue></C><xcope ID="24"><ref COMMENTS="" ID="26" SRC="22"></ref><W>social</W></xcope><W>commentary</W></xcope><C><W>instead</W></C><W>Louis</W><W>uses</W><W>the</W><W>creative</W><W>side</W><W>of</W><W>his</W><W>brain</W><W>.</W></SENTENCE><SENTENCE><W>Coochie</W><W>Coup</W><W></W><W>is</W><W>an</W><W>enjoyable</W><W>song</W><W>about</W><W>one</W><W>of</W><W>his</W><W>main</W><W>passions</W><W>,</W><W>sex</W><W>.</W></SENTENCE><SENTENCE><W>Spitting</W><W>lines</W><W>like</W><W>You</W><W>see</W><W>as</W><W>much</W><W>as</W><W>I</W><W>love</W><W>pu**y</W><W>|</W><W>you</W><W>ca</W><W>n&#39;t</W><W>feed</W><W>it</W><W>to</W><W>me</W><W>because</W><W>I</W><W>do</W><W>n&#39;t</W><W>eat</W><W>anything</W><W>that</W><W>bleeds</W><W>for</W><W>a</W><W>week</W><C><W>and</W></C><W>do</W><W>n&#39;t</W><W>die</W><C><W>and</W></C><W>sporting</W><W>ODB</W><W>lines</W><W>for</W><W>the</W><W>hook</W><W>it</W><W>s</W><W>a</W><W>funny</W><W>way</W><W>at</W><W>looking</W><W>at</W><W>typical</W><W>subject</W><W>matter</W><W>.</W></SENTENCE><SENTENCE><C><W>And</W></C><W>yes</W><W>,</W><W>even</W><W>when</W><W>he</W><W>switches</W><W>up</W><W>the</W><W>subject</W><W>matter</W><W>,</W><W>he</W><W>avoids</W><W>any</W><W>laziness</W><C><W>and</W></C><W>keeps</W><W>the</W><W>complexity</W><W>of</W><W>his</W><W>rhymes</W><W>.</W></SENTENCE><SENTENCE><W>Dos</W><W>Factuom</W><W>is</W><W>just</W><W>a</W><W>beautiful</W><W>song</W><W>,</W><W>as</W><W>Louis</W><W>describes</W><W>a</W><W>wild</W><W>night</W><W>out</W><W>when</W><W>heavily</W><W>inebriated</W><W></W><W>alcohol</W><W>is</W><W>his</W><W>other</W><W>main</W><W>passion</W><W>.</W></SENTENCE><SENTENCE><W>Whats</W><W>best</W><W>about</W><W>this</W><W>song</W><W>,</W><W>however</W><W>,</W><W>is</W><W>the</W><W>magnificent</W><W>production</W><W>by</W><W>J.J.</W><W>Brown</W><W></W><W>were</W><W>talking</W><W>about</W><W>lilting/JJ|VBG</W><W>guitars</W><C><W>and</W></C><W>a</W><W>dreamy</W><W>horn</W><W>sample</W><W>creating</W><W>a</W><W>really</W><W>surreal</W><W>atmosphere</W><W>.</W></SENTENCE></P><P></P><P><SENTENCE><C><W>And</W></C><W>that</W><W>brings</W><W>me</W><W>nicely</W><W>onto</W><W>J.J</W><W>Brown</W><W>s</W><W>considerable</W><W>talent</W><W>as</W><W>a</W><W>beatmaker</W><W>;</W><W>next</W><W>to</W><W>Madlib</W><W>,</W><W>Stoupe</W><C><W>and</W></C><W>R2JD</W><W>this</W><W>guy</W><W>has</W><W>to</W><W>be</W><W>one</W><W>of</W><W>the</W><W>best</W><W>underground</W><W>producers</W><W>around</W><W>.</W></SENTENCE><SENTENCE><C><cue ID="31" type="negation"><W>Not</W></cue></C><xcope ID="32"><ref COMMENTS="" ID="33" SRC="31"></ref><W>one</W><W>song</W><W>on</W><W>this</W><W>album</W><W>is</W><W>below</W><W>par</W><W>beatswise</W></xcope><W>,</W><C><W>and</W></C><W>he</W><W>provides</W><W>90</W><W>%</W><W>of</W><W>them</W><W>.</W></SENTENCE><SENTENCE><W>Postal</W><W>has</W><W>a</W><W>wonderful</W><W>switching</W><W>beat</W><W>;</W><W>starting</W><W>off</W><W>with</W><W>cheeky</W><W>trumpets</W><C><W>and</W></C><W>a</W><W>cavernous</W><W>bassline</W><W>then</W><W>changing</W><W>to</W><W>a</W><W>bouncy</W><W>piano-blessed</W><W>instrumental</W><W>,</W><W>which</W><W>is</W><W>great</W><W>backing</W><W>to</W><W>a</W><W>hilariously</W><W>inventive</W><W>story</W><W>of</W><W>two</W><W>halves</W><W>from</W><W>Louis</W><W>Logic</W><W>about</W><W>a</W><W>fed-up</W><C><W>and</W></C><W>bored</W><W>office</W><W>worker</W><W>who</W><W>eventually</W><W>goes</W><W>postal</W><W></W><W>a</W><W>sly</W><W>satire</W><W>of</W><W>a</W><W>plague</W><W>of</W><W>modern</W><W>American</W><W>society</W><W>.</W></SENTENCE><SENTENCE><W>The</W><W>best</W><W>of</W><W>the</W><W>best</W><W>,</W><W>though</W><W>,</W><W>is</W><W>the</W><W>wonderful</W><W>lead</W><W>single</W><W>Idiot</W><W>Gear</W><W>.</W></SENTENCE><SENTENCE><W>Over</W><W>one</W><W>of</W><W>the</W><W>catchiest</W><W>choruses</W><C><W>and</W></C><W>keyboard</W><W>loops</W><W>Ive</W><W>heard</W><W>for</W><W>a</W><W>long</W><W>time</W><W></W><W>it</W><W>s</W><W>like</W><W>a</W><W>distant</W><W>cousin</W><W>of</W><W>Gang</W><W>Starrs</W><W>Mass</W><W>Appeal</W><W>(yeah</W><W>,</W><W>THAT</W><W>good</W><W>)</W><W></W><W>Louis</W><W>kicks</W><W>fast</W><W>flowing</W><C><W>and</W></C><W>charismatic</W><W>lyrics</W><W>about</W><W>why</W><W>you</W><C><cue ID="34" type="speculation"><W>might</W></cue></C><xcope ID="37"><ref COMMENTS="" ID="39" SRC="34"></ref><C><cue ID="35" type="negation"><W>not</W></cue></C><xcope ID="36"><ref COMMENTS="" ID="38" SRC="35"></ref><W>want</W><W>to</W><W>find</W><W>out</W><W>about</W><W>an</W><W>ex-girlfriends</W><W>exploits</W><W>with</W><W>her</W><W>past</W><W>boyfriends</W></xcope></xcope><W>.</W></SENTENCE><SENTENCE><W>Its</W><W>an</W><W>unashamedly</W><W>male</W><W>song</W><W>,</W><C><W>and</W></C><W>most</W><W>blokes</W><W>Im</W><W>sure</W><W>will</W><W>be</W><W>able</W><W>to</W><W>relate</W><W>to</W><W>it</W><W>.</W></SENTENCE><SENTENCE><W>Needless</W><W>to</W><W>say</W><W>,</W><W>the</W><W>great</W><W>production</W><W>is</W><W>simply</W><W>only</W><W>a</W><W>continuation</W><W>of</W><W>J.J.</W><W>Brown</W><W>s</W><W>work</W><W>on</W><W>the</W><W>rest</W><W>of</W><W>the</W><W>album</W><W>.</W></SENTENCE></P><P></P><P><SENTENCE><W>Sin-A-Matic</W><W>surprised</W><W>me</W><W>.</W></SENTENCE><SENTENCE><W>I</W><W>knew</W><W>it</W><W>was</W><W>going</W><W>to</W><W>be</W><W>good</W><W>,</W><W>but</W><W>I</W><cue ID="40" type="negation"><W>did</W><W>nt</W></cue><xcope ID="45"><ref COMMENTS="" ID="60" SRC="40"></ref><W>realise</W><W>quite</W><W>how</W><W>good</W></xcope><W>.</W><W>Louis</W><W>Logic</W><W>conforms</W><W>to</W><C><cue ID="41" type="negation"><W>no</W></cue></C><xcope ID="48"><ref COMMENTS="" ID="59" SRC="41"></ref><xcope ID="47"><ref COMMENTS="" ID="58" SRC="42"></ref><W>stereotypes</W></xcope><C><cue ID="42" type="speculation"><W>or</W></cue></C><xcope ID="46"><ref COMMENTS="" ID="57" SRC="42"></ref><W>trends</W></xcope></xcope><W>;</W><W>he</W><W>does</W><W>his</W><W>own</W><W>thing</W><W>;</W><W>while</W><W>his</W><W>twisted</W><W>humour</W><C><cue ID="43" type="speculation"><W>might</W></cue></C><xcope ID="49"><ref COMMENTS="" ID="56" SRC="43"></ref><W>offend</W><W>some</W></xcope><W>it</W><W>simply</W><W>confirms</W><W>to</W><W>me</W><W>that</W><W>he</W><W>is</W><W>something</W><W>different</W><W>from</W><W>much</W><W>of</W><W>the</W><W>brainless</W><W>crap</W><W>that</W><W>has</W><W>invaded</W><W>mainstream</W><W>rap</W><W>.</W></SENTENCE><SENTENCE><W>Theres</W><C><cue ID="44" type="negation"><W>not</W></cue></C><xcope ID="50"><ref COMMENTS="" ID="55" SRC="44"></ref><W>a</W><W>weak</W><W>track</W></xcope><W>,</W><W>this</W><W>is</W><W>top</W><W>three</W><W>of</W><W>2003</W><W>material</W><W>,</W><W>check</W><W>it</W><W>out</W><W></W><W>especially</W><C><cue ID="53" type="speculation"><W>if</W></cue></C><xcope ID="51"><ref COMMENTS="" ID="54" SRC="53"></ref><W>you</W><W>are</W><W>a</W><W>big</W><W>Underground</W><W>Hip</W><W>Hop</W><W>fan</W></xcope><W>.</W></SENTENCE></P></DOCUMENT>
