<?xml version="1.0" encoding="UTF-8"?>
<DOCUMENT><P></P><P><SENTENCE><W>Many</W><W>people</W><W>who</W><W>listen</W><W>to</W><W>hip-hop</W><W>,</W><W>even</W><W>underground</W><W>hip-hop</W><W>,</W><W>have</W><W>absolutely</W><C><cue ID="0" type="negation"><W>no</W></cue></C><xcope ID="2"><ref COMMENTS="" ID="5" SRC="0"></ref><W>clue</W><W>who</W><W>the</W><W>Demigodz</W><W>are</W></xcope><W>.</W></SENTENCE><SENTENCE><W>The</W><W>Demigodz</W><W>have</W><W>been</W><W>hailed</W><W>as</W><W>the</W><W>new</W><W>comical</W><W>version</W><W>of</W><W>the</W><W>Wu-Tang</W><W>Clan</W><W>.</W></SENTENCE><SENTENCE><W>The</W><W>Demigodz</W><W>are</W><W>a</W><W>huge</W><W>group</W><W>,</W><W>embedded</W><W>deep</W><W>within</W><W>the</W><W>underground</W><W>,</W><W>specifically</W><W>the</W><W>east</W><W>coast</W><W>underground</W><W>scene</W><W>.</W></SENTENCE><SENTENCE><W>The</W><W>extremely</W><W>talented</W><W>organization</W><W>consists</W><W>of</W><W>a</W><W>whopping</W><W>13</W><W>members</W><W>,</W><W>which</W><W>includes</W><W>10</W><W>emcees</W><C><W>and</W></C><W>13</W><W>producers</W><W>/</W><W>djs</W><W>.</W></SENTENCE><SENTENCE><W>Its</W><W>pretty</W><W>interesting</W><W>that</W><W>they</W><C><cue ID="1" type="speculation"><W>can</W></cue></C><xcope ID="3"><ref COMMENTS="" ID="4" SRC="1"></ref><W>compose</W><W>an</W><W>entire</W><W>label</W><W>with</W><W>just</W><W>these</W><W>emcees</W></xcope><W>.</W></SENTENCE><SENTENCE><W>Each</W><W>emcee</W><W>has</W><W>his</W><W>own</W><W>personality</W><C><W>and</W></C><W>style</W><W>,</W><W>but</W><W>they</W><W>honestly</W><W>are</W><W>all</W><W>ill</W><W>emcees</W><W>who</W><W>have</W><W>competed</W><C><W>and</W></C><W>won</W><W>a</W><W>variety</W><W>of</W><W>battle</W><W>competitions</W><W>.</W></SENTENCE><SENTENCE><W>The</W><W>Demigodz</W><W>are</W><W>:</W><W>the</W><W>humorous</W><W>Apathy</W><W>,</W><W>who</W><W>has</W><W>been</W><W>hailed</W><W>as</W><W>the</W><W>new</W><W>Eminem</W><W>,</W><W>Celph</W><W>Titled</W><W>,</W><W>Open</W><W>Mic</W><W>,</W><W>Louis</W><W>Logic</W><W>,</W><W>complex</W><W>intelligent</W><W>emcee</W><W>Esoteric</W><W>,</W><W>Rise</W><W>,</W><W>El-Fudge</W><W>,</W><W>Spin</W><W>4th</W><W>,</W><W>One-Two</W><W>,</W><C><W>and</W></C><W>Motive</W><W>.</W></SENTENCE><SENTENCE><W>The</W><W>DJs</W><W>are</W><W>7L</W><W>,</W><W>Chum</W><W>the</W><W>Skrilla</W><W>Guerilla</W><W>,</W><C><W>and</W></C><W>Franky</W><W>Needles</W><W>.</W></SENTENCE><SENTENCE><W>These</W><W>13</W><W>individuals</W><W>make</W><W>up</W><W>the</W><W>Demigodz</W><W>.</W></SENTENCE><SENTENCE><W>In</W><W>2002</W><W>,</W><W>they</W><W>released</W><W>an</W><W>underground</W><W>EP</W><W>entitled</W><W>The</W><W>Godz</W><C><W>Must</W></C><W>Be</W><W>Crazy</W><W>,</W><W>which</W><W>is</W><W>just</W><W>a</W><W>taste</W><W>of</W><W>what</W><W>is</W><W>in</W><W>store</W><W>from</W><W>these</W><W>emcees</W><W>.</W></SENTENCE></P><P></P><P><SENTENCE><W>Track</W><W>List</W><W>and</W><W>Rating</W></SENTENCE></P><P></P><P><SENTENCE><W>1</W><W>.</W><W>Intro</W><W>(</W><C><W>NOT</W></C><W>RATED</W><W>)</W></SENTENCE></P><P></P><P><SENTENCE><W>2.</W><W>Science</W><W>of</W><W>the</W><W>Bumrush</W><W>(</W><W>5</W><W>Stars</W><W>)</W></SENTENCE></P><P></P><P><SENTENCE><W>3.</W><W>Captivate</W><W>Deactivate</W><W>(</W><W>5</W><W>Stars</W><W>)</W></SENTENCE></P><P></P><P><SENTENCE><W>4</W><W>.</W><W>The</W><W>Demigodz</W><W>(</W><W>5</W><W>Stars</W><W>)</W></SENTENCE></P><P></P><P><SENTENCE><W>5</W><W>.</W><W>Off</W><W>the</W><W>Chrome</W><W>(</W><W>4</W><W>1/2</W><W>Stars</W><W>)</W></SENTENCE></P><P></P><P><SENTENCE><W>6</W><W>.</W><W>Do</W><W>n&#39;t</W><W>you</W><W>even</W><W>go</W><W>there</W><W>(</W><W>5</W><W>Stars</W><W>)</W></SENTENCE></P><P></P><P><SENTENCE><W>7.</W><W>The</W><W>Godz</W><C><W>Must</W></C><W>be</W><W>Crazy</W><W>(</W><W>5</W><W>Stars</W><W>)</W></SENTENCE></P><P></P><P><SENTENCE><W>&#34;</W><W>Intro</W><W>&#34;</W><W>is</W><W>HILARIOUS</W><W>from</W><W>the</W><W>start</W><C><W>and</W></C><W>puts</W><W>a</W><W>smile</W><W>to</W><W>my</W><W>face</W><W>.</W></SENTENCE><SENTENCE><W>First</W><W>of</W><W>all</W><W>,</W><W>it</W><W>is</W><W>a</W><W>sheer</W><W>copy</W><W>of</W><W>the</W><W>intro</W><W>to</W><W>Dr.</W><W>Dre</W><W>&#39;s</W><W>The</W><W>Chronic</W><W>,</W><W>even</W><W>the</W><W>very</W><W>same</W><W>G-Funk</W><W>beat</W><W>to</W><W>start</W><W>it</W><W>.</W></SENTENCE><SENTENCE><W>Apathy</W><W>does</W><W>his</W><W>best</W><W>Snoop</W><W>Dogg</W><W>impression</W><W>,</W><W>introducing</W><W>the</W><W>Demigodz</W><W>in</W><W>the</W><W>same</W><W>way</W><W>that</W><W>Dr.</W><W>Dre</W><W>&#39;s</W><W>album</W><W>began</W><W>,</W><W>with</W><W>pure</W><W>trash</W><W>talk</W><W>.</W></SENTENCE><SENTENCE><W>Apathy</W><W>claims</W><W>that</W><W>now</W><W>its</W><W>beyond</W><W>battling</W><W>,</W><W>now</W><W>they</W><W>go</W><W>to</W><W>shows</W><C><W>and</W></C><W>fight</W><W>people</W><W>,</W><W>in</W><W>which</W><W>he</W><W>is</W><W>claiming</W><W>of</W><W>the</W><W>incident</W><W>in</W><W>New</W><W>York</W><W>a</W><W>few</W><W>months</W><W>before</W><W>where</W><W>the</W><W>Celph</W><W>Titled</W><W>went</W><W>on</W><W>stage</W><W>during</W><W>underground</W><W>rapper</W><W>Cage</W><W>&#39;s</W><W>performance</W><W>,</W><C><W>and</W></C><W>got</W><W>into</W><W>a</W><W>fist-fight</W><W>with</W><W>him</W><W>because</W><W>he</W><W>refused</W><W>to</W><W>battle</W><W>,</W><W>which</W><W>is</W><W>all</W><W>apart</W><W>of</W><W>the</W><W>beef</W><W>between</W><W>the</W><W>Eastern</W><W>Conference</W><W>All-Stars</W><C><W>and</W></C><W>the</W><W>Demigodz</W><W>...</W><W>LONG</W><W>STORY.</W><W>.</W><W>but</W><W>now</W><W>lets</W><W>get</W><W>to</W><W>the</W><W>album</W><W>...</W></SENTENCE></P><P></P><P><SENTENCE><W>&#34;</W><W>Science</W><W>of</W><W>the</W><W>Bumrush</W><W>&#34;</W><W>kicks</W><W>off</W><W>the</W><W>album</W><W>.</W></SENTENCE><SENTENCE><W>Apathy</W><W>starts</W><W>the</W><W>song</W><W>by</W><W>hitting</W><W>us</W><W>with</W><W>tight</W><W>humorous</W><W>storytelling</W><W>lyricism</W><W>similar</W><W>to</W><W>the</W><W>way</W><W>Eminem</W><W>used</W><W>to</W><W>do</W><W>,</W><W>with</W><W>very</W><W>tight</W><W>battle</W><W>raps</W><C><W>and</W></C><W>stories</W><W>.</W></SENTENCE><SENTENCE><W>Its</W><W>amazing</W><W>how</W><W>well</W><W>these</W><W>guys</W><C><cue ID="6" type="speculation"><W>can</W></cue></C><xcope ID="9"><ref ID="10" SRC="6"></ref><W>write</W><W>lyrics</W></xcope><W>,</W><C><W>and</W></C><W>its</W><W>shown</W><W>on</W><W>this</W><W>track</W><W>.</W></SENTENCE><SENTENCE><W>Its</W><W>funny</W><W>,</W><W>well-written</W><W>,</W><C><W>and</W></C><W>very</W><W>lyrical</W><W>,</W><W>with</W><W>multi-syllable</W><W>flows</W><C><W>and</W></C><W>multi-bar</W><W>rhyme</W><W>schemes</W><W>.</W></SENTENCE><SENTENCE><W>These</W><W>guys</W><W>are</W><W>on</W><W>their</W><W>way</W><W>to</W><W>being</W><W>legends</W><C><cue ID="7" type="speculation"><W>if</W></cue></C><xcope ID="8"><ref COMMENTS="" ID="11" SRC="7"></ref><W>they</W><W>keep</W><W>this</W><W>up</W></xcope><W>.</W></SENTENCE><SENTENCE><W>The</W><W>beat</W><W>is</W><W>also</W><W>tight</W><W>,</W><W>featuring</W><W>a</W><W>hard</W><W>assortment</W><W>of</W><W>trumpets</W><C><W>and</W></C><W>horns</W><W>,</W><C><W>and</W></C><W>some</W><W>low</W><W>bass</W><W>.</W></SENTENCE></P><P></P><P><SENTENCE><W>The</W><W>Demigodz</W><W>continue</W><W>with</W><W>&#34;</W><W>Captivate</W><W>Deactivate&#34;</W><W>.</W></SENTENCE><SENTENCE><W>Esoteric</W><W>,</W><W>Celph</W><W>Titled</W><W>,</W><W>Open</W><W>Mic</W><W>,</W><C><W>and</W></C><W>Apathy</W><W>give</W><W>us</W><W>another</W><W>underground</W><W>classic</W><W>.</W></SENTENCE><SENTENCE><W>All</W><W>of</W><W>these</W><W>emcees</W><W>drop</W><W>awesome</W><W>verses</W><W>over</W><W>some</W><W>melancholy</W><W>production</W><W>,</W><W>with</W><W>synthesized</W><W>drums</W><W>,</W><C><W>and</W></C><W>fast</W><W>violin</W><W>.</W></SENTENCE><SENTENCE><W>Celph</W><W>lays</W><W>a</W><W>clever</W><W>diss</W><W>to</W><W>Eve</W><W>,</W><W>calling</W><W>her</W><W>a</W><W>crack-wh*re</W><W>.</W></SENTENCE><SENTENCE><W>Apathy</W><W>lays</W><W>down</W><W>a</W><W>tight</W><W>verse</W><W>against</W><W>commercial</W><W>rap</W><W>,</W><W>giving</W><W>us</W><W>some</W><W>VERY</W><W>VERY</W><W>Clever</W><W>rhymes</W><W>:</W><W>&#34;</W><C><W>And</W></C><W>y</W><W>&#39;all</W><W>ai</W><W>n&#39;t</W><W>basement</W><W>,</W><W>y</W><W>&#39;all</W><W>are</W><W>locked</W><W>in</W><W>the</W><W>cellar</W><W>/</W><W>Ain&#39;t</W><W>sayin</W><W>sh*t</W><W>like</W><W>a</W><W>Helen</W><W>Keller</W><W>acapella</W><W>/</W><C><W>And</W></C><W>we</W><W>originated</W><W>&#34;</W><W>Root</W><W>Beers</W><W>&#34;</W><W>for</W><W>ya</W><W>frigid</W><W>air</W><W>/</W><W>So</W><W>emcees</W><W>had</W><W>to</W><W>get</W><W>day-jobs</W><W>with</W><W>Medicare</W><W>&#34;</W><W>Awesome</W><W>...</W></SENTENCE></P><P></P><P><SENTENCE><W>Apathy</W><C><W>and</W></C><W>Celph</W><W>Titled</W><W>trade</W><W>verses</W><W>on</W><W>&#34;</W><W>The</W><W>Demigodz&#34;</W><W>,</W><W>showcasing</W><W>one</W><W>of</W><W>the</W><W>most</W><W>memorable</W><W>punchlines</W><W>ever</W><W>:</W><W>&#34;</W><W>Rappers</W><W>are</W><W>gettin</W><W>wrecked</W><W>due</W><W>to</W><C><W>lack</W></C><W>of</W><W>respect</W><W>/</W><W>Cuz</W><W>y</W><W>&#39;all</W><C><W>could</W></C><W>n&#39;t</W><W>get</W><W>signed</W><C><W>if</W></C><W>you</W><W>was</W><W>the</W><W>back</W><W>of</W><W>a</W><W>check&#34;</W><W>.</W></SENTENCE><SENTENCE><W>I</W><W>had</W><W>to</W><W>rewind</W><W>that</W><W>to</W><W>hear</W><W>it</W><W>...</W><W>so</W><W>clever</W><W>.</W></SENTENCE><SENTENCE><W>Both</W><W>emcees</W><W>drop</W><W>humorous</W><W>battle</W><W>raps</W><W>similar</W><W>to</W><W>how</W><W>Eminem</W><C><cue ID="15" type="speculation"><W>would</W></cue></C><xcope ID="16"><ref COMMENTS="" ID="17" SRC="15"></ref><W>do</W></xcope><W>.</W></SENTENCE><SENTENCE><W>The</W><W>chorus</W><W>is</W><W>funny</W><C><W>and</W></C><W>memorable</W><W>,</W><W>dissing</W><W>other</W><W>emcees</W><W>,</W><C><W>and</W></C><W>laying</W><W>down</W><W>some</W><W>disses</W><W>towards</W><W>Eastern</W><W>Conference</W><W>All-Stars</W><W>.</W></SENTENCE><SENTENCE><W>Celph</W><W>Titled</W><W>comes</W><W>off</W><W>with</W><W>some</W><W>funny-a**</W><W>sh*t</W><W>on</W><W>this</W><W>track</W><W>:</W><W>I</W><W>am</W><W>the</W><W>feature</W><W>presentation</W><W>,</W><W>your</W><W>rhymes</W><W>are</W><W>just</W><W>a</W><W>segment</W><W>/</W><W>A</W><W>b*tch</W><C><W>could</W></C><W>just</W><W>look</W><W>at</W><W>me</W><W>,</W><C><W>and</W></C><W>get</W><W>herself</W><W>pregnant</W><W>/</W><W>I</W><W>make</W><W>bustin</W><W>a</W><W>gat</W><W>look</W><W>good</W><W>cuz</W><W>I</W><W>hold</W><W>it</W><W>well</W><W>/</W><W>In</W><W>second</W><W>grade</W><W>I</W><W>brought</W><W>a</W><W>live</W><W>grenade</W><W>to</W><W>class</W><W>for</W><W>show-and-tell</W><W>&#34;</W></SENTENCE></P><P></P><P><SENTENCE><W>Louis</W><W>Logic</W><W>,</W><W>Apathy</W><W>,</W><C><W>and</W></C><W>Celph</W><W>Titled</W><W>come</W><W>together</W><W>on</W><W>&#34;</W><W>Off</W><W>the</W><W>Chrome&#34;</W><W>.</W></SENTENCE><SENTENCE><W>Same</W><C><W>idea</W></C><W>as</W><W>before</W><W>,</W><W>hilarious</W><W>battle</W><W>rhymes</W><W>,</W><W>aimed</W><W>at</W><W>the</W><W>Eastern</W><W>Conference</W><W>All-Stars</W><W>.</W></SENTENCE><SENTENCE><W>In</W><W>between</W><W>the</W><W>verses</W><W>,</W><W>we</W><W>get</W><W>an</W><W>interlude</W><W>about</W><W>a</W><W>crazed</W><W>fan</W><W>,</W><W>as</W><W>they</W><W>kick</W><W>tight</W><W>freestyles</W><W>,</W><W>with</W><W>the</W><W>beat</W><W>changing</W><W>each</W><W>time</W><W>.</W></SENTENCE><SENTENCE><W>The</W><W>first</W><W>is</W><W>more</W><W>of</W><W>a</W><W>laid-back</W><W>style</W><W>,</W><C><W>and</W></C><W>the</W><W>second</W><W>has</W><W>some</W><W>slamming</W><W>bass</W><W>,</W><C><W>and</W></C><W>the</W><W>third</W><W>sounds</W><W>a</W><W>little</W><W>bit</W><W>like</W><W>both</W><W>.</W></SENTENCE><SENTENCE><W>This</W><W>is</W><W>a</W><W>nice</W><W>concept</W><W>track</W><W>,</W><W>driven</W><W>by</W><W>amazing</W><W>punchlines</W><W>.</W></SENTENCE><SENTENCE><W>Celph</W><W>Titled</W><W>sounds</W><W>kinda</W><W>disturbed</W><W>on</W><W>here</W><W>by</W><W>the</W><W>way</W><W>,</W><W>so</W><W>everybody</W><W>knows</W><W>.</W></SENTENCE><SENTENCE><W>The</W><W>same</W><W>three</W><W>emcees</W><W>return</W><W>on</W><W>the</W><W>head-bobbing</W><W>&#34;</W><W>Dont</W><W>you</W><W>even</W><W>go</W><W>there</W><W>&#34;</W><W>.</W></SENTENCE><SENTENCE><W>The</W><W>track</W><W>features</W><W>humorous</W><W>punchlines</W><W>over</W><W>some</W><W>funky</W><W>productions</W><W>.</W></SENTENCE></P><P></P><P><SENTENCE><W>The</W><W>Godz</W><C><W>Must</W></C><W>be</W><W>Crazy</W><W>EP</W><W>ends</W><W>with</W><W>the</W><W>title</W><W>track</W><W>where</W><W>every</W><W>member</W><W>of</W><W>the</W><W>Demigodz</W><C><cue ID="18" type="speculation"><W>appears</W></cue></C><xcope ID="22"><ref COMMENTS="" ID="26" SRC="18"></ref><W>to</W><W>drop</W><W>verses</W></xcope><W>.</W></SENTENCE><SENTENCE><C><cue ID="19" type="negation"><W>No</W></cue></C><xcope ID="23"><ref ID="27" SRC="19"></ref><W>catchy</W><W>choruses</W></xcope><W>,</W><C><cue ID="20" type="negation"><W>no</W></cue></C><xcope ID="24"><ref ID="28" SRC="20"></ref><W>special</W><W>hooks</W></xcope><W>,</W><W>just</W><W>pure</W><W>lyricism</W><W>.</W></SENTENCE><SENTENCE><W>During</W><W>the</W><W>track</W><W>,</W><W>the</W><W>beat</W><W>is</W><W>altered</W><W>every</W><W>once</W><C><W>and</W></C><W>a</W><W>while</W><W>a</W><W>tiny</W><W>bit</W><W>,</W><W>to</W><W>make</W><W>it</W><W>sound</W><W>fresh</W><C><W>and</W></C><C><cue ID="21" type="negation"><W>not</W></cue></C><xcope ID="25"><ref COMMENTS="" ID="29" SRC="21"></ref><W>repetitive</W></xcope><W>,</W><W>which</W><W>is</W><W>a</W><W>great</W><C><W>idea</W></C><W>by</W><W>the</W><W>Demigodz</W><W>.</W></SENTENCE><SENTENCE><W>These</W><W>are</W><W>some</W><W>amazing</W><W>,</W><W>punchline</W><W>driven</W><W>battle</W><W>raps</W><W>which</W><W>explains</W><W>why</W><W>these</W><W>guys</W><W>are</W><W>so</W><W>good</W><W>as</W><W>battling</W><W>.</W></SENTENCE><SENTENCE><W>In</W><W>my</W><W>personal</W><W>opinion</W><W>,</W><W>Louis</W><W>Logic</W><W>,</W><W>Apathy</W><W>,</W><W>Motive</W><W>,</W><C><W>and</W></C><W>Rise</W><W>drop</W><W>the</W><W>illest</W><W>rhymes</W><W>...</W><W>check</W><W>out</W><W>this</W><W>sample</W><W>from</W><W>Louis</W><W>&#39;</W><W>verse</W><W>:</W></SENTENCE></P><P></P><P><SENTENCE><W>I</W><W>&#39;m</W><W>a</W><W>Demigod</W><W>,</W><W>what</W><W>&#39;d</W><W>you</W><C><W>expect</W></C><W>?</W></SENTENCE><SENTENCE><W>From</W><W>a</W><W>man</W></SENTENCE></P><P></P><P><SENTENCE><W>who</W><W>met</W><W>Mother</W><W>Nature</W><W>,</W><W>looked</W><W>under</W><W>her</W><W>dress</W><C><W>and</W></C><cue ID="26" type="negation"><W>was</W><W>n&#39;t</W></cue><xcope ID="27"><ref COMMENTS="" ID="28" SRC="26"></ref><W>impressed</W></xcope></SENTENCE></P><P></P><P><SENTENCE><W>The</W><W>same</W><W>stupid</W><W>son</W><W>of</W><W>a</W><W>b*tch</W><W>who</W><W>does</W><W>n&#39;t</W><W>respect</W></SENTENCE></P><P></P><P><SENTENCE><W>The</W><W>Angel</W><W>of</W><W>Death</W><W>&#39;s</W><W>request</W><W>when</W><W>he</W><W>comes</W><W>to</W><W>collect</W></SENTENCE></P><P></P><P><SENTENCE><W>Run</W><W>in</W><C><W>and</W></C><W>check</W><W>,</W><W>my</W><W>cassette</W><W>-</W><W>it</W><W>&#39;s</W><W>a</W><W>slight</W><W>chance</W></SENTENCE></P><P></P><P><SENTENCE><W>you</W><C><W>might</W></C><W>see</W><W>,</W><W>demons</W><W>escapin</W><W>from</W><W>in</W><W>the</W><W>deck</W><W>,</W><C><W>and</W></C><W>now</W><W>that</W><W>I...</W></SENTENCE></P><P></P><P><SENTENCE><W>&#34;</W><W>Sweet</W><W>Jesus</W><W>,</W><W>please</W><W>see</W><W>us</W><W>through</W><W>this</W></SENTENCE></P><P></P><P><SENTENCE><W>I</W><W>ai</W><W>n&#39;t</W><W>tryna</W><W>die</W><W>over</W><W>a</W><W>beef</W><W>with</W><W>Louis</W><W>!</W><W>&#34;</W></SENTENCE></P><P></P><P><SENTENCE><W>But</W><W>when</W><W>I</W><W>increase</W><W>the</W><W>rudeness</W><W>of</W><W>my</W><W>evil</W><W>music</W></SENTENCE></P><P></P><P><SENTENCE><W>It</W><W>leaves</W><W>the</W><W>stupid</W><W>,</W><W>people</W><W>skewered</W><C><W>and</W></C><W>leaks</W><W>ya</W><W>fluids</W></SENTENCE></P><P></P><P><SENTENCE><W>into</W><W>the</W><W>streets</W><C><W>and</W></C><W>sewers</W><W>,</W><C><W>if</W></C><W>by</W><W>chance</W><W>God</W><W>sees</W><W>me</W><W>do</W><W>it</W></SENTENCE></P><P></P><P><SENTENCE><C><W>Should</W></C><W>shoot</W><W>a</W><W>big</W><W>hole</W><W>down</W><W>to</W><W>Hell</W><C><W>and</W></C><W>lead</W><W>me</W><W>to</W><W>it</W></SENTENCE></P><P></P><P><SENTENCE><W>WOW</W><W>!</W></SENTENCE></P><P></P><P><SENTENCE><W>The</W><W>Demigodz</W><W>win</W><W>the</W><W>award</W><W>for</W><W>Best</W><W>New</W><W>Hip-Hop</W><W>Group</W><W>with</W><W>this</W><W>EP.</W></SENTENCE><SENTENCE><W>The</W><W>Godz</W><C><W>Must</W></C><W>be</W><W>Crazy</W><W>EP</W><W>is</W><W>one</W><W>of</W><W>those</W><W>albums</W><W>that</W><C><cue ID="30" type="speculation"><W>should</W></cue></C><xcope ID="33"><ref ID="35" SRC="30"></ref><W>be</W><W>owned</W><W>by</W><W>collectors</W><C><W>and</W></C><W>hard</W><W>underground</W><W>hip-hop</W><W>heads</W></xcope><W>.</W></SENTENCE><SENTENCE><W>Its</W><W>fresh</W><W>,</W><W>extremely</W><W>well</W><W>produced</W><W>,</W><C><W>and</W></C><W>hilarious</W><W>.</W></SENTENCE><SENTENCE><W>You</W><W>will</W><W>be</W><W>rewinding</W><W>the</W><W>album</W><W>more</W><W>than</W><W>once</W><W>to</W><W>hear</W><W>those</W><W>hilarious</W><W>punchlines</W><W>that</W><W>they</W><W>drop</W><W>.</W></SENTENCE><SENTENCE><W>When</W><W>it</W><W>comes</W><W>to</W><W>subject</W><W>matter</W><W>,</W><W>they</W><W>dont</W><W>deviate</W><W>from</W><W>battle</W><W>raps</W><W>,</W><W>which</W><W>is</W><W>sad</W><W>,</W><W>but</W><W>good</W><W>since</W><W>its</W><W>what</W><W>they</W><W>do</W><W>best</W><C><W>and</W></C><W>of</W><W>course</W><W>,</W><W>this</W><W>is</W><W>just</W><W>the</W><W>EP</W><W>,</W><W>the</W><W>introduction</W><W>of</W><W>the</W><W>Demigodz</W><W>.</W></SENTENCE><SENTENCE><W>This</W><W>is</W><W>more</W><W>than</W><W>deserving</W><W>of</W><W>5</W><W>stars</W><W>,</W><W>but</W><W>im</W><W>going</W><W>to</W><W>give</W><W>it</W><W>4</W><W>because</W><W>of</W><W>its</W><W>shortness</W><W>.</W></SENTENCE><SENTENCE><W>But</W><W>i</W><W>highly</W><W>reccomend</W><W>buying</W><W>this</W><C><cue ID="31" type="speculation"><W>if</W></cue></C><xcope ID="32"><ref ID="34" SRC="31"></ref><W>youre</W><W>in</W><W>the</W><W>mood</W><W>to</W><W>laugh</W></xcope><C><W>and</W></C><W>got</W><W>some</W><W>extra</W><W>money</W><W>lying</W><W>around</W><W>,</W><W>cause</W><W>they</W><W>are</W><W>right</W><W>,</W><W>&#34;</W><W>The</W><W>Gods</W><C><W>MUST</W></C><W>be</W><W>crazy</W><W>..</W><W>.</W><W>&#34;</W></SENTENCE></P></DOCUMENT>
