<?xml version="1.0" encoding="UTF-8"?>
<DOCUMENT><P/><P><SENTENCE><W>Cam</W><W>has</W><W>been</W><W>around</W><W>for</W><W>a</W><W>little</W><W>while</W><W>now</W><W>,</W><C><W>and</W></C><W>has</W><W>come</W><W>from</W><W>Sports</W><W>,</W><W>Drugs</W><W>,</W><C><W>and</W></C><W>Entertainment</W><W>to</W><W>Confessions</W><W>,</W><W>now</W><W>to</W><W>his</W><W>greatest</W><W>solo</W><W>album</W><W>so</W><W>far</W><W>,</W><W>COME</W><W>HOME</W><W>WITH</W><W>ME.</W></SENTENCE><SENTENCE><W>Cam</W><W>Ron</W><C><W>and</W></C><W>the</W><W>Diplomats</W><W>being</W><W>the</W><W>new</W><W>act</W><W>on</W><W>the</W><W>juggernaut</W><W>record</W><W>company</W><W>Roc-A-Fella</W><W>records</W><W>,</W><W>has</W><W>been</W><W>the</W><W>biggest</W><W>signing</W><W>in</W><W>the</W><W>east</W><W>since</W><W>the</W><W>Yankees</W><W>signed</W><W>Jeter</W><W>.</W></SENTENCE><SENTENCE><W>This</W><W>new</W><W>Cam</W><W>Ron</W><W>shocks</W><W>the</W><W>world</W><W>,</W><C><W>and</W></C><C><cue ID="0" type="negation"><W>no</W></cue></C><xcope ID="6"><ref COMMENTS="" ID="10" SRC="0"/><W>person</W><W>in</W><W>their</W><W>right</W><W>mind</W><C><cue ID="1" type="speculation"><W>would</W></cue></C><xcope ID="5"><ref COMMENTS="" ID="9" SRC="1"/><W>have</W><C><W>thought</W></C><W>it</W><W>to</W><W>be</W><W>a</W><W>hit</W></xcope></xcope><W>.</W></SENTENCE><SENTENCE><W>Cam</W><W>Ron</W><W>has</W><W>come</W><W>with</W><W>more</W><W>lyrics</W><W>on</W><W>this</W><W>album</W><W>,</W><C><W>and</W></C><W>he</W><W>gets</W><W>very</W><W>deep</W><W>on</W><W>a</W><W>couple</W><W>songs</W><W>.</W></SENTENCE><SENTENCE><W>One</W><W>thing</W><W>that</W><W>sets</W><W>Cam</W><W>apart</W><W>is</W><W>his</W><W>hooks</W><C><W>and</W></C><W>chorus</W><W>&apos;</W><W>.</W></SENTENCE><SENTENCE><W>He</W><W>has</W><W>three</W><W>hit</W><W>singles</W><W>,</W><W>which</W><W>had</W><W>every</W><W>club</W><W>on</W><W>the</W><W>western</W><W>hemisphere</W><W>bobbing</W><W>their</W><W>heads</W><W>.</W></SENTENCE><SENTENCE><W>This</W><W>is</W><W>an</W><W>album</W><W>that</W><cue ID="2" type="negation"><W>wont</W></cue><xcope ID="13"><ref COMMENTS="" ID="14" SRC="2"/><W>disappoint</W><C><cue ID="3" type="speculation"><W>if</W></cue></C><xcope ID="7"><ref COMMENTS="" ID="11" SRC="3"/><W>you</W><W>were</W><W>to</W><W>purchase</W></xcope></xcope><W>.</W></SENTENCE><SENTENCE><W>Cam</W><W>Ron</W><W>makes</W><W>you</W><W>respect</W><W>his</W><W>different</W><W>style</W><W>because</W><W>he</W><W>is</W><W>filling</W><W>a</W><W>void</W><W>in</W><W>the</W><W>industry</W><W>.</W></SENTENCE><SENTENCE><W>I</W><W>mean</W><W>he</W><W>is</W><W>doing</W><W>it</W><W>his</W><W>way</W><W>,</W><W>which</W><W>only</W><W>takes</W><W>one</W><W>word</W><W>to</W><W>explain</W><W>,</W><W>PINK.</W></SENTENCE><SENTENCE><W>Most</W><W>people</W><cue ID="4" type="negation"><W>dont</W></cue><xcope ID="8"><ref COMMENTS="" ID="12" SRC="4"/><W>respect</W><W>his</W><W>uniqueness</W><W>in</W><W>the</W><W>industry</W><C><W>and</W></C><W>his</W><W>style</W><W>of</W><W>rapping</W><C><W>and</W></C><W>doing</W><W>things</W></xcope><W>.</W></SENTENCE><SENTENCE><W>This</W><W>is</W><W>a</W><W>album</W><W>that</W><W>is</W><W>out</W><W>of</W><W>the</W><W>norm</W><W>,</W><C><W>and</W></C><W>it</W><W>leaves</W><W>you</W><W>with</W><W>your</W><W>mouth</W><W>open</W><W>,</W><W>Cam</W><W>is</W><W>doing</W><W>it</W><W>big</W><W>.</W></SENTENCE><SENTENCE><W>There</W><W>are</W><W>only</W><W>a</W><W>couple</W><W>negatives</W><W>,</W><W>the</W><W>beats</W><W>get</W><W>boring</W><W>towards</W><W>the</W><W>end</W><W>of</W><W>the</W><W>CD</W><W>,</W><C><W>and</W></C><W>he</W><W>gets</W><W>repetitive</W><W>,</W><W>but</W><W>other</W><W>than</W><W>that</W><W>it</W><W>is</W><W>a</W><W>good</W><W>CD.</W></SENTENCE></P><P/><P><SENTENCE><W>Here</W><W>Are</W><W>A</W><W>Few</W><W>Reviews</W><W>of</W><W>Songs</W><W>:</W></SENTENCE></P><P/><P><SENTENCE><W>1</W><W>)</W><W>INTRO</W><W>-</W><W>Even</W><W>the</W><W>intro</W><W>is</W><W>good</W><W>.</W></SENTENCE><SENTENCE><W>He</W><W>starts</W><W>off</W><W>with</W><W>legendary</W><W>DJ</W><W>Kay</W><W>Slay</W><W>,</W><C><W>and</W></C><W>then</W><W>goes</W><W>into</W><W>ripping</W><W>the</W><W>beat</W><W>apart</W><W>,</W><W>from</W><W>the</W><W>intro</W><W>you</W><C><cue ID="15" type="speculation"><W>can</W></cue></C><xcope ID="16"><ref COMMENTS="" ID="17" SRC="15"/><W>tell</W><W>he</W><W>is</W><W>coming</W><W>with</W><W>something</W><W>hot</W><W>on</W><W>this</W><W>CD.</W></xcope></SENTENCE></P><P/><P><SENTENCE><W>Song</W><W>Rating</W><W>:</W><W>4</W><W>Microphones</W></SENTENCE></P><P/><P><SENTENCE><W>2</W><W>)</W><W>LOSING</W><W>WEIGHT</W><W>PART</W><W>2-</W><W>Cam</W><C><W>and</W></C><W>the</W><W>rest</W><W>of</W><W>the</W><W>diplomats</W><W>tears</W><W>up</W><W>this</W><W>song</W><W>,</W><W>they</W><W>discuss</W><W>how</W><W>they</W><W>lose</W><W>weight</W><W>,</W><W>as</W><W>in</W><W>drug</W><W>weight</W><W>,</W><W>the</W><W>lyrics</W><W>are</W><W>the</W><W>hot</W><W>on</W><W>the</W><W>track</W><W>,</W><C><W>and</W></C><W>it</W><W>is</W><W>what</W><W>I</W><C><cue ID="18" type="speculation"><W>believe</W></cue></C><xcope ID="19"><ref COMMENTS="" ID="20" SRC="18"/><W>to</W><W>be</W><W>the</W><W>grimiest</W><W>beat</W><W>on</W><W>the</W><W>album</W><W>,</W><W>they</W><W>kept</W><W>the</W><W>lyrics</W><W>Grimy</W><W>too</W></xcope><W>.</W></SENTENCE></P><P/><P><SENTENCE><W>Song</W><W>Rating</W><W>:</W><W>4</W><W>Microphones</W></SENTENCE></P><P/><P><SENTENCE><W>3</W><W>)</W><W>OH</W><W>BOY-</W><W>well</W><W>this</W><W>song</W><W>sort</W><W>of</W><W>speaks</W><W>for</W><W>itself</W><W>.</W></SENTENCE><SENTENCE><W>Everybody</W><W>knows</W><W>this</W><W>street</W><W>anthem</W><W>,</W><C><W>and</W></C><W>Cam</W><W>even</W><W>made</W><W>a</W><W>actual</W><W>cologne</W><W>named</W><W>&quot;</W><W>Oh</W><W>Boy</W><W>.</W><W>&quot;</W><W>Oh</W><W>boy</W><W>is</W><W>a</W><W>song</W><W>where</W><W>the</W><W>hook</W><W>actually</W><W>made</W><W>the</W><W>song</W><W>.</W></SENTENCE><SENTENCE><W>There</W><W>has</W><W>even</W><W>been</W><W>rumors</W><W>that</W><W>they</W><W>made</W><W>the</W><W>song</W><W>in</W><W>20</W><W>minutes</W><W>because</W><W>they</W><W>freesyled</W><W>it</W><W>.</W></SENTENCE><SENTENCE><W>Well</W><W>,</W><W>you</W><C><cue ID="21" type="speculation"><W>can</W></cue></C><xcope ID="26"><ref COMMENTS="" ID="31" SRC="21"/><W>tell</W></xcope><W>,</W><W>the</W><W>lyrics</W><cue ID="22" type="negation"><W>arent</W></cue><xcope ID="27"><ref COMMENTS="" ID="35" SRC="22"/><W>to</W><W>strong</W></xcope><W>,</W><C><W>and</W></C><C><cue ID="23" type="speculation"><W>if</W></cue></C><xcope ID="30"><ref COMMENTS="" ID="34" SRC="23"/><W>more</W><W>time</W><C><cue ID="24" type="speculation"><W>would</W></cue></C><xcope ID="29"><ref COMMENTS="" ID="33" SRC="24"/><W>have</W><W>been</W><W>put</W><W>in</W><W>they</W><C><cue ID="25" type="speculation"><W>could</W></cue></C><xcope ID="28"><ref COMMENTS="" ID="32" SRC="25"/><W>have</W><W>done</W><W>10</W><W>times</W><W>better</W></xcope></xcope></xcope><W>.</W></SENTENCE><SENTENCE><W>But</W><W>it</W><W>is</W><W>still</W><W>a</W><W>great</W><W>single</W><W>,</W><W>now</W><W>everybody</W><W>is</W><W>saying</W><W>&quot;oh</W><W>boy</W><W>,</W><W>&quot;</W><C><W>and</W></C><W>that</W><W>is</W><W>the</W><W>goal</W><W>of</W><W>a</W><W>single</W><W>.</W></SENTENCE></P><P/><P><SENTENCE><W>Song</W><W>Rating</W><W>:</W><W>3</W><W>Microphones</W></SENTENCE></P><P/><P><SENTENCE><W>4</W><W>)</W><W>LIVE</W><W>MY</W><W>LIFE</W><W>(</W><W>LEAVE</W><W>ME</W><W>ALONE)</W><W>-</W><W>This</W><W>is</W><W>the</W><W>most</W><W>gansta</W><W>beat</W><W>of</W><W>all</W><W>time</W><W>coming</W><W>from</W><W>one</W><W>of</W><W>the</W><W>greatest</W><W>,</W><W>2pac</W><W>,</W><W>from</W><W>his</W><W>&quot;</W><W>Ambition</W><W>as</W><W>a</W><W>Rider</W><W>&quot;</W><W>hit</W><W>.</W></SENTENCE><SENTENCE><W>It</W><W>very</W><W>dangerous</W><W>to</W><W>sample</W><W>one</W><W>of</W><W>the</W><W>best</W><W>beats</W><W>of</W><W>all</W><W>time</W><W>,</W><W>Cam</W><W>did</W><W>the</W><W>beat</W><W>some</W><W>justice</W><W>though</W><W>,</W><W>he</W><W>ripped</W><W>it</W><W>.</W></SENTENCE></P><P/><P><SENTENCE><W>Song</W><W>Rating</W><W>:</W><W>4</W><W>1/2</W><W>Microphones</W></SENTENCE></P><P/><P><SENTENCE><W>5</W><W>)</W><W>DAYDREAMING</W><W>-</W><W>This</W><W>is</W><W>an</W><W>awful</W><W>thug</W><W>love</W><W>song</W><W>.</W></SENTENCE><SENTENCE><W>He</W><W>comes</W><W>nowhere</W><W>close</W><W>to</W><W>Jigga</W><W>&apos;s</W><W>&quot;</W><W>Song</W><W>Cry</W><W>.</W><W>&quot;</W></SENTENCE><SENTENCE><W>It</W><W>has</W><W>entirely</W><W>too</W><W>much</W><W>singing</W><C><W>and</W></C><W>only</W><W>a</W><W>couple</W><W>short</W><W>verses</W><W>,</W><W>it</W><W>definitely</W><W>has</W><C><cue ID="36" type="negation"><W>no</W></cue></C><xcope ID="37"><ref COMMENTS="" ID="38" SRC="36"/><W>playtime</W><W>in</W><W>my</W><W>player</W></xcope><W>.</W></SENTENCE></P><P/><P><SENTENCE><W>Song</W><W>Rating</W><W>:</W><W>1</W><W>1/2</W><W>Microphones</W></SENTENCE></P><P/><P><SENTENCE><W>6</W><W>)</W><W>COME</W><W>HOME</W><W>WITH</W><W>ME-</W><W>This</W><W>is</W><W>a</W><W>song</W><W>where</W><W>Cam</W><W>shows</W><W>off</W><W>some</W><W>of</W><W>the</W><W>skills</W><W>of</W><W>his</W><W>Dip</W><W>Set</W><W>peeps</W><W>.</W></SENTENCE><SENTENCE><W>It</W><W>is</W><C><cue ID="39" type="negation"><W>not</W></cue></C><xcope ID="44"><ref COMMENTS="" ID="45" SRC="39"/><W>a</W><W>song</W><W>that</W><W>will</W><W>knock</W><W>you</W><W>off</W><W>your</W><W>feet</W></xcope><W>,</W><W>but</W><W>the</W><W>lyrics</W><cue ID="41" type="negation"><W>was</W><W>nt</W></cue><xcope ID="43"><ref COMMENTS="" ID="46" SRC="41"/><W>all</W><W>that</W><W>bad</W><W>because</W><W>they</W><W>all</W><W>had</W><W>a</W><W>couple</W><W>of</W><W>good</W><W>punch</W><W>lines</W></xcope><W>,</W><W>so</W><W>it</W><W>is</W><C><cue ID="40" type="negation"><W>not</W></cue></C><xcope ID="42"><ref COMMENTS="" ID="47" SRC="40"/><W>all</W><W>that</W><W>bad</W></xcope><W>,</W><W>but</W><W>the</W><W>beat</W><W>is</W><W>annoying</W><W>.</W></SENTENCE></P><P/><P><SENTENCE><W>Song</W><W>Rating</W><W>:</W><W>3</W><W>Microphones</W></SENTENCE></P><P/><P><SENTENCE><W>7</W><W>)</W><W>WELCOME</W><W>TO</W><W>NEW</W><W>YORK</W><W>CITY-</W><W>Now</W><W>Cam</W><W>is</W><W>getting</W><W>the</W><W>meat</W><W>of</W><W>the</W><W>album</W><W>,</W><W>JAY-Z</W><W>,</W><W>good</W><W>move</W><W>by</W><W>Cam</W><W>to</W><W>get</W><W>label</W><W>mate</W><C><W>and</W></C><W>legendary</W><W>rapper</W><W>Jay-Z</W><W>on</W><W>the</W><W>track</W><W>.</W></SENTENCE><SENTENCE><W>They</W><W>are</W><W>discussing</W><W>their</W><W>stomping</W><W>grounds</W><C><W>and</W></C><W>I</W><W>love</W><W>it</W><W>.</W></SENTENCE><SENTENCE><W>It</W><W>is</W><W>definitely</W><W>the</W><W>best</W><W>song</W><W>on</W><W>the</W><W>album</W><W>,</W><C><W>and</W></C><W>what</W><W>I</W><C><cue ID="48" type="speculation"><W>think</W></cue></C><xcope ID="51"><ref COMMENTS="" ID="53" SRC="48"/><C><cue ID="49" type="speculation"><W>should</W></cue></C><xcope ID="50"><ref COMMENTS="" ID="52" SRC="49"/><W>have</W><W>been</W><W>the</W><W>first</W><W>single</W></xcope></xcope><W>,</W><W>but</W><W>Cam</W><W>came</W><W>hard</W><W>with</W><W>the</W><W>lyrics</W><W>,</W><C><W>and</W></C><W>Jay-z</W><W>always</W><W>does</W><W>so</W><W>in</W><W>my</W><W>estimation</W><W>,</W><W>this</W><W>is</W><W>a</W><W>hit</W><W>.</W></SENTENCE></P><P/><P><SENTENCE><W>Song</W><W>Rating</W><W>:</W><W>5</W><W>Microphones</W></SENTENCE></P><P/><P><SENTENCE><W>8</W><W>)</W><W>HEY</W><W>MA</W><W>-</W><W>We</W><W>all</W><W>know</W><W>this</W><W>as</W><W>the</W><W>second</W><W>single</W><W>off</W><W>the</W><W>album</W><W>,</W><W>but</W><W>it</W><W>is</W><C><cue ID="54" type="negation"><W>not</W></cue></C><xcope ID="55"><ref COMMENTS="" ID="56" SRC="54"/><W>that</W><W>bad</W></xcope><W>.</W></SENTENCE><SENTENCE><W>The</W><W>beat</W><W>is</W><W>crazy</W><C><W>and</W></C><W>it</W><W>fits</W><W>perfectly</W><W>with</W><W>the</W><W>mood</W><W>of</W><W>the</W><W>song</W><W>as</W><W>a</W><W>whole</W><W>.</W></SENTENCE><SENTENCE><W>The</W><W>video</W><W>is</W><W>even</W><W>better</W><W>with</W><W>one-legged</W><W>Frankie</W><W>with</W><W>Gucci</W><W>crutches</W><W>throws</W><W>a</W><W>crutch</W><W>away</W><C><W>and</W></C><W>starts</W><W>c-walking</W><W>,</W><W>very</W><W>creative</W><C><W>and</W></C><W>humorous</W><W>.</W></SENTENCE><SENTENCE><W>The</W><W>song</W><W>has</W><W>a</W><W>good</W><W>hook</W><W>but</W><W>the</W><W>lyrics</W><W>were</W><W>a</W><W>little</W><W>too</W><W>basic</W><C><W>and</W></C><W>nursery</W><W>rymish</W><W>.</W></SENTENCE></P><P/><P><SENTENCE><W>Song</W><W>Rating</W><W>:</W><W>3</W><W>1/2</W><W>Microphones</W></SENTENCE></P><P/><P><SENTENCE><W>9</W><W>)</W><W>ON</W><W>FIRE</W><W>TONIGHT-</W><W>Well</W><W>,</W><W>now</W><W>we</W><W>see</W><W>a</W><W>little</W><W>bit</W><W>of</W><W>the</W><W>Dip</W><W>Sets</W><W>hype</W><W>man</W><W>,</W><W>Freaky</W><W>Zekey</W><W>in</W><W>Action</W><W>,</W><W>the</W><W>skit</W><W>before</W><W>the</W><W>song</W><W>where</W><W>he</W><W>talks</W><W>about</W><W>a</W><W>female</W><W>burning</W><W></W><W>him</W><W>(</W><W>for</W><W>you</W><W>all</W><W>who</W><W>dont</W><W>know</W><W>what</W><W>burning</W><W>is</W><W>,</W><W>it</W><W>is</W><W>women</W><W>having</W><W>a</W><W>STD</W><W>,</W><C><W>and</W></C><W>a</W><W>man</W><W>having</W><W>intercourse</W><W>with</W><W>her</W><C><cue ID="57" type="negation"><W>without</W></cue></C><xcope ID="58"><ref COMMENTS="" ID="59" SRC="57"/><W>a</W><W>condom</W><W>on</W></xcope><W>)</W><C><W>and</W></C><W>he</W><W>makes</W><W>it</W><W>funny</W><W>to</W><W>get</W><W>burnt</W><W>.</W></SENTENCE><SENTENCE><W>Cam</W><W>goes</W><W>in</W><C><W>and</W></C><W>talks</W><W>about</W><W>that</W><W>touchy</W><W>situation</W><W>.</W></SENTENCE><SENTENCE><W>Its</W><W>Funny</W><W>!</W></SENTENCE></P><P/><P><SENTENCE><W>Song</W><W>Rating</W><W>:</W><W>4</W><W>Microphones</W></SENTENCE></P><P/><P><SENTENCE><W>10</W><W>)</W><W>STOP</W><W>CALLING</W><W>-</W><W>This</W><W>a</W><W>song</W><W>that</W><W>I</W><C><cue ID="60" type="speculation"><W>believe</W></cue></C><xcope ID="61"><ref COMMENTS="" ID="62" SRC="60"/><W>to</W><W>be</W><W>even</W><W>funnier</W></xcope><W>.</W></SENTENCE><SENTENCE><W>This</W><W>is</W><W>a</W><W>song</W><W>that</W><W>starts</W><W>off</W><W>with</W><W>a</W><W>man</W><W>callin</W><W>Cam</W><W>to</W><W>ask</W><W>him</W><W>di</W><W>he</W><W>f***</W><W>his</W><W>girl</W><W>,</W><C><W>and</W></C><W>Cam</W><W>plays</W><W>with</W><W>him</W><C><W>and</W></C><W>asks</W><W>him</W><W>whos</W><W>your</W><W>girl</W><W>,</W><W>then</W><W>Cam</W><W>starts</W><W>rapping</W><W>on</W><W>the</W><W>situation</W><C><W>and</W></C><W>all</W><W>that</W><W>he</W><C><W>and</W></C><W>his</W><W>crew</W><W>did</W><W>to</W><W>her</W><W>,</W><W>for</W><W>example</W><W>:</W></SENTENCE></P><P/><P><SENTENCE><W>Well</W><W>,</W><W>I</W><W>&apos;ma</W><W>tell</W><W>you</W><W>straight</W><W>up</W><W>,</W><W>homeboy</W><W>cause</W><W>it</W><W>&apos;s</W><W>a</W><W>cold</W><W>world</W></SENTENCE></P><P/><P><SENTENCE><W>Your</W><W>wife</W><W>,</W><W>I</W><W>call</W><W>her</W><W>&quot;</W><W>Oh</W><W>girl&quot;</W><W>her</W><W>head</W><W>makes</W><W>my</W><W>toes</W><W>curl</W></SENTENCE></P><P/><P><SENTENCE><C><W>And</W></C><W>she</W><W>awfully</W><W>thick</W><W>,</W><W>help</W><W>me</W><W>get</W><W>off</W><W>these</W><W>bricks</W></SENTENCE></P><P/><P><SENTENCE><W>Coffee</W><W>kick</W><W>,</W><W>but</W><W>after</W><W>I</W><W>bust</W><W>,</W><W>I</W><W>be</W><W>like</W><W>&quot;</W><W>Get</W><W>the</W><W>f**k</W><W>off</W><W>me</W><W>b***h</W><W>&quot;</W></SENTENCE></P><P/><P><SENTENCE><C><W>If</W></C><W>she</W><W>front</W><W>,</W><W>bruise</W><W>her</W><W>in</W><W>the</W><W>ribs</W></SENTENCE></P><P/><P><SENTENCE><W>But</W><W>you</W><W>hugged</W><W>her</W><W>,</W><W>you</W><W>loved</W><W>her</W><W>,</W><W>moved</W><W>her</W><W>in</W><W>the</W><W>crib</W></SENTENCE></P><P/><P><SENTENCE><W>Hit</W><W>by</W><W>cupid</W><W>,</W><W>stupid</W><W>,</W><W>why</W><W>&apos;d</W><W>you</W><W>do</W><W>it</W><W>?</W></SENTENCE><SENTENCE><W>Why</W><W>be</W><W>bother</W><W>?</W></SENTENCE></P><P/><P><SENTENCE><W>Why</W><W>you</W><W>holla</W><W>?</W></SENTENCE><SENTENCE><W>Three</W><W>babies</W><W>,</W><W>three</W><W>baby</W><W>fathers</W></SENTENCE></P><P/><P><SENTENCE><W>Get</W><W>wise</W><W>kid</W><W>,</W><W>open</W><W>your</W><W>eyelids</W><W>,</W><W>cause</W><W>that</W><W>last</W><W>abortion</W><W>?</W></SENTENCE></P><P/><P><SENTENCE><W>That</W><W>was</W><W>my</W><W>kid</W><W>,</W><W>that</W><W>&apos;s</W><W>right</W><W>,</W><W>but</W><W>that</W><W>I</W><W>ai</W><W>n&apos;t</W><W>followin&apos;</W></SENTENCE></P><P/><P><SENTENCE><C><W>If</W></C><W>she</W><W>get</W><W>pregnant</W><W>again</W><W>,</W><W>it</W><W>&apos;d</W><W>be</W><W>from</W><W>swallowin&apos;</W></SENTENCE></P><P/><P><SENTENCE><W>But</W><W>once</W><W>in</W><W>a</W><W>while</W><W>I</W><W>dive</W><W>in</W><W>it</W><W>,</W><W>that</W><W>car</W><W>you</W><W>bought</W><W>?</W></SENTENCE></P><P/><P><SENTENCE><W>I</W><W>be</W><W>drivin&apos;</W><W>it</W><W>,</W><W>head</W><W>while</W><W>I</W><W>&apos;m</W><W>drivin</W><W>it</W></SENTENCE></P><P/><P><SENTENCE><W>Said</W><W>you</W><W>like</W><W>to</W><W>lay</W><W>up</W><W>dog</W><W>,</W><C><W>and</W></C><W>play</W><W>footies</W></SENTENCE></P><P/><P><SENTENCE><W>But</W><W>she</W><W>need</W><W>a</W><W>ni**a</W><W>with</W><W>timbs</W><W>,</W><W>gats</W><C><W>and</W></C><W>straight</W><W>hoodies</W></SENTENCE></P><P/><P><SENTENCE><W>Thats</W><W>only</W><W>the</W><W>first</W><W>verse</W><W>of</W><W>the</W><W>song</W><W>.</W></SENTENCE><SENTENCE><W>I</W><C><W>believe</W></C><W>that</W><W>this</W><W>is</W><W>the</W><W>best</W><W>song</W><W>lyrically</W><W>on</W><W>the</W><W>album</W><W>because</W><W>of</W><W>the</W><W>crazy</W><W>play</W><W>with</W><W>words</W><W>.</W></SENTENCE></P><P/><P><SENTENCE><W>Song</W><W>Rating</W><W>:5</W><W>Microphones</W></SENTENCE></P><P/><P><SENTENCE><W>Reasons</W><W>to</W><W>buy</W><W>:</W></SENTENCE></P><P/><P><SENTENCE><W>1</W><W>.</W><W>Originality</W></SENTENCE></P><P/><P><SENTENCE><W>2.</W><W>Personality</W><W>of</W><W>Cam</W></SENTENCE></P></DOCUMENT>