<?xml version="1.0" encoding="UTF-8"?>
<DOCUMENT><P></P><P><SENTENCE><W>There</W><W>are</W><W>certain</W><W>things</W><W>that</W><W>just</W><cue ID="0" type="negation"><W>ca</W><W>n&#39;t</W></cue><xcope ID="4"><ref COMMENTS="" ID="9" SRC="0"></ref><W>be</W><W>touched</W></xcope><W>.</W></SENTENCE><SENTENCE><W>One</W><W>of</W><W>those</W><W>things</W><W>just</W><W>happens</W><W>to</W><W>be</W><W>Da</W><W>Brat</W><W>&#39;s</W><W>current</W><W>album</W><W>&#34;</W><W>Unrestricted</W><W>.</W><W>&#34;</W></SENTENCE><SENTENCE><W>On</W><W>this</W><W>album</W><W>she</W><W>proves</W><W>to</W><W>be</W><W>more</W><W>talented</W><C><W>and</W></C><W>in</W><W>touch</W><W>with</W><W>who</W><W>she</W><W>really</W><W>is</W><W>compared</W><W>to</W><W>&#34;</W><W>Anutha</W><W>Tantrum</W><W>&#34;</W><C><W>and</W></C><W>&#34;</W><W>Funkdafied</W><W>.</W><W>&#34;</W></SENTENCE><SENTENCE><W>Her</W><W>singles</W><W>have</W><W>become</W><W>more</W><W>than</W><W>just</W><W>songs</W><W>that</W><W>one</W><W>hears</W><W>on</W><W>the</W><W>radio</W><W>,</W><W>but</W><W>instruments</W><W>that</W><W>we</W><W>wake</W><W>up</W><C><W>and</W></C><W>sing</W><W>,</W><xcope ID="5"><ref COMMENTS="" ID="8" SRC="1"></ref><W>get</W><W>crunk</W></xcope><W>,</W><C><cue ID="1" type="speculation"><W>or</W></cue></C><xcope ID="6"><ref COMMENTS="" ID="7" SRC="1"></ref><W>relate</W><W>our</W><W>everday</W><W>lives</W><W>to</W></xcope><W>.</W></SENTENCE><SENTENCE><W>It</W><C><cue ID="2" type="speculation"><W>may</W></cue></C><xcope ID="11"><ref COMMENTS="" ID="13" SRC="2"></ref><C><cue ID="3" type="negation"><W>not</W></cue></C><xcope ID="10"><ref COMMENTS="" ID="12" SRC="3"></ref><W>be</W><W>suitable</W><W>for</W><W>those</W><W>14</W><W>years</W><C><W>and</W></C><W>under</W><W>due</W><W>to</W><W>the</W><W>explicit</W><W>content</W><W>,</W><W>but</W><W>with</W><W>anthems</W><W>such</W><W>as</W><W>&#34;</W><W>That</W><W>&#39;s</W><W>What</W><W>I</W><W>&#39;m</W><W>Lookin</W><W>For</W><W>,</W><W>&#34;</W><W>Da</W><W>Brat</W><W>is</W><W>bound</W><W>for</W><W>success</W></xcope></xcope><W>.</W></SENTENCE></P><P></P><P><SENTENCE><W>Da</W><W>Brat</W><W>does</W><W>have</W><W>her</W><W>PG-rated</W><W>comments</W><W>leaving</W><W>her</W><W>to</W><W>restrict</W><W>some</W><W>of</W><W>her</W><W>audiences</W><W>.</W></SENTENCE><SENTENCE><W>With</W><W>titles</W><W>such</W><W>as</W><W>&#34;</W><W>Whatchu</W><W>Like</W><W>,</W><W>&#34;</W><W>F**k</W><W>You</W><W>,</W><W>&#34;</W><C><W>and</W></C><W>&#34;</W><W>All</W><W>My</W><W>B*tches</W><W>,</W><W>&#34;</W><W>it</W><cue ID="14" type="negation"><W>is</W><W>n&#39;t</W></cue><xcope ID="15"><ref COMMENTS="" ID="16" SRC="14"></ref><W>surprising</W><W>that</W><W>some</W><W>parents</W><W>are</W><W>forbidding</W><W>their</W><W>children</W><W>from</W><W>listening</W><W>her</W><W>songs</W><W>in</W><W>their</W><W>homes</W></xcope><W>.</W></SENTENCE><SENTENCE><W>The</W><W>fact</W><W>that</W><W>she</W><W>has</W><W>this</W><W>PG-rated</W><W>edge</W><W>shows</W><W>that</W><W>she</W><W>has</W><W>matured</W><W>since</W><W>Funkdafied</W><W>,</W><W>thus</W><W>,</W><W>leaving</W><W>her</W><W>to</W><W>gain</W><W>a</W><W>new</W><W>audience</W><W>(</W><W>the</W><W>more</W><W>mature</W><W>)</W><W>to</W><W>almost</W><W>replace</W><W>the</W><W>younger</W><W>.</W></SENTENCE></P><P></P><P><SENTENCE><W>Her</W><W>album</W><W>is</W><W>pure</W><W>evidence</W><W>that</W><W>female</W><W>artists/rappers</W><W>have</W><W>their</W><W>work</W><W>cut</W><W>out</W><W>for</W><W>them</W><W>.</W></SENTENCE><SENTENCE><W>Da</W><W>Brat</W><W>is</W><W>,</W><W>somewhat</W><W>of</W><W>,</W><W>a</W><W>genius</W><W>with</W><W>her</W><W>beats</W><C><W>and</W></C><W>lyrics</W><W>(</W><W>that</W><W>everyone</W><W>is</W><W>&#34;biting</W><W>&#34;</W><W>)</W><W>She</W><W>is</W><W>proving</W><W>to</W><W>be</W><W>more</W><W>competition</W><W>than</W><W>anyone</W><W>ever</W><W>perceived</W><W>.</W></SENTENCE><SENTENCE><W>Jermaine</W><W>Dupri</W><W>(</W><W>CEO</W><W>of</W><W>SoSoDef</W><W>Productions</W><W>)definitely</W><W>saw</W><W>talent</W><W>in</W><W>her</W><W>soul</W><W>when</W><W>he</W><W>picked</W><W>her</W><W>up</W><W>out</W><W>of</W><W>Chi-Town</W><W>.</W></SENTENCE><SENTENCE><W>Hopefully</W><W>,</W><W>Da</W><W>Brat</W><W>will</W><W>continue</W><W>on</W><W>her</W><W>journey</W><W>of</W><W>what</W><W>she</W><W>perceives</W><W>as</W><W>success</W><W>,</W><W>proving</W><W>to</W><W>J.D.</W><W>,</W><W>her</W><W>family</W><W>,</W><C><W>and</W></C><W>her</W><W>world</W><W>of</W><W>fans</W><W>that</W><W>she</W><W>definitely</W><W>is</W><W>unrestricted</W><W>.</W></SENTENCE></P></DOCUMENT>
