<?xml version="1.0" encoding="UTF-8"?>
<DOCUMENT><P></P><P><SENTENCE><W>Da</W><W>Brat~one</W><W>of</W><W>the</W><W>most</W><W>original</W><W>rap</W><C><W>and</W></C><W>RandB</W><W>stars</W><W>out</W><W>there</W><W>.</W></SENTENCE><SENTENCE><W>She</W><W>has</W><W>the</W><W>funky</W><W>sass</W><W>of</W><W>a</W><W>rap</W><W>star</W><W>,</W><C><W>and</W></C><W>the</W><W>elegant</W><W>class</W><W>of</W><W>a</W><W>woman</W><W>.</W></SENTENCE><SENTENCE><W>Her</W><W>new</W><W>cd</W><W>attracted</W><W>me</W><W>from</W><W>the</W><W>song</W><W>&#34;</W><W>That</W><W>&#39;s</W><W>What</W><W>I</W><W>&#39;m</W><W>Looking</W><W>For</W><W>.</W><W>&#34;</W></SENTENCE><SENTENCE><W>It</W><W>had</W><W>an</W><W>amazing</W><W>beat</W><W>,</W><W>cool</W><W>words</W><W>,</W><C><W>and</W></C><W>the</W><W>music</W><W>video</W><W>showed</W><W>many</W><W>sides</W><W>of</W><W>Da</W><W>Brat</W><W>.</W></SENTENCE><SENTENCE><W>Her</W><W>growing</W><W>up</W><W>from</W><W>the</W><W>young</W><W>disobedient</W><W>thug</W><W>girl</W><W>,</W><W>to</W><W>now</W><W>a</W><W>woman</W><W>,</W><W>is</W><W>definitely</W><W>showed</W><W>throughout</W><W>her</W><W>album</W><W>.</W></SENTENCE><SENTENCE><W>With</W><W>appearances</W><W>by</W><W>Tyrese</W><W>,</W><W>JD</W><W>and</W><W>Lil</W><W>John</W><W>,</W><W>Ja</W><W>Rule</W><W>..and</W><W>many</W><W>other</W><W>great</W><W>performers</W><W>,</W><W>her</W><W>cd</W><W>is</W><W>hard</W><W>to</W><C><cue ID="0" type="negation"><W>not</W></cue></C><xcope ID="10"><ref COMMENTS="" ID="11" SRC="0"></ref><W>listen</W><W>to</W><W>repeatedly</W></xcope><W>.</W></SENTENCE><SENTENCE><W>Her</W><W>flows</W><C><W>and</W></C><W>technique</W><W>is</W><W>far</W><W>different</W><W>from</W><W>her</W><W>other</W><W>albums</W><W>.</W></SENTENCE><SENTENCE><W>She</W><W>has</W><W>matured</W><W>,</W><W>as</W><W>well</W><W>as</W><W>her</W><W>music</W><C><W>and</W></C><W>lyrical</W><W>talent</W><W>.</W></SENTENCE><SENTENCE><W>She</W><W>still</W><W>holds</W><W>it</W><W>down</W><W>as</W><W>one</W><W>of</W><W>the</W><W>strongest</W><C><W>and</W></C><W>outspoken</W><W>ladies</W><W>of</W><W>the</W><W>hip-hop</W><W>world</W><W>today</W><W>.</W></SENTENCE><SENTENCE><C><cue ID="1" type="speculation"><W>If</W></cue></C><xcope ID="5"><ref COMMENTS="" ID="9" SRC="1"></ref><W>CDs</W><W>full</W><W>of</W><W>energy</W><W>is</W><W>&#34;what</W><W>you</W><W>&#39;re</W><W>looking</W><W>for&#34;</W></xcope><W>,</W><W>I</W><C><cue ID="2" type="speculation"><W>would</W></cue></C><xcope ID="6"><ref COMMENTS="" ID="8" SRC="2"></ref><W>recommend</W><W>artists</W><W>such</W><W>as</W><W>Dr.</W><W>Dre</W><W>,</W><W>Eminem</W><W>,</W><W>Ja</W><W>Rule</W><W>,</W><C><W>and</W></C><W>The</W><W>Cash</W><W>Money</W><W>Crew</W><W>,</W><C><W>and</W></C><W>Eve</W></xcope><W>.</W></SENTENCE><SENTENCE><C><cue ID="3" type="speculation"><W>If</W></cue></C><xcope ID="4"><ref ID="7" SRC="3"></ref><W>you</W><W>liked</W><W>her</W><W>before</W></xcope><W>,</W><W>you</W><W>&#39;ll</W><W>like</W><W>her</W><W>now</W><W>.</W></SENTENCE><SENTENCE><W>So</W><W>go</W><W>out</W><C><W>and</W></C><W>by</W><W>the</W><W>CD</W><W>,</W><W>you</W><W>wo</W><W>n&#39;t</W><W>regret</W><W>it</W><W>.</W></SENTENCE></P></DOCUMENT>
