<?xml version="1.0" encoding="UTF-8"?>
<DOCUMENT><P></P><P><SENTENCE><W>I</W><W>am</W><W>a</W><W>travel</W><W>agent</W><W>.</W></SENTENCE><SENTENCE><W>The</W><W>Starwood</W><W>hotels</W><W>gave</W><W>us</W><W>an</W><W>excellent</W><W>rate</W><W>for</W><W>our</W><W>hotel</W><W>room</W><W>.</W></SENTENCE><SENTENCE><W>This</W><W>hotel</W><W>is</W><W>way</W><W>to</W><W>big</W><W>for</W><W>comfort</W><W>.</W></SENTENCE><SENTENCE><W>We</W><C><cue ID="0" type="speculation"><W>could</W></cue></C><xcope ID="40"><ref ID="80" SRC="0"></ref><C><cue ID="1" type="negation"><W>not</W></cue></C><xcope ID="39"><ref ID="79" SRC="1"></ref><W>afford</W><W>room</W><W>service</W></xcope></xcope><W>,</W><W>so</W><W>maybe</W><W>this</W><W>is</W><W>why</W><W>we</W><C><W>feel</W></C><W>this</W><W>way</W><W>.</W></SENTENCE><SENTENCE><W>We</W><C><cue ID="2" type="speculation"><W>could</W></cue></C><xcope ID="42"><ref ID="82" SRC="2"></ref><C><cue ID="3" type="negation"><W>not</W></cue></C><xcope ID="41"><ref ID="81" SRC="3"></ref><W>afford</W><W>to</W><W>avail</W><W>ourselves</W><W>to</W><W>the</W><W>services</W></xcope></xcope><W>.</W></SENTENCE><SENTENCE><W>I</W><W>also</W><W>did</W><C><cue ID="4" type="negation"><W>not</W></cue></C><xcope ID="43"><ref ID="83" SRC="4"></ref><W>need</W><W>a</W><W>business</W><W>hotel</W><W>for</W><W>my</W><W>vacation</W></xcope><W>.</W></SENTENCE><SENTENCE><W>We</W><W>drove</W><W>from</W><W>the</W><W>motel</W><W>6</W><W>in</W><W>Venice</W><W>,</W><W>Fl</W><W>,</W><W>130</W><W>miles</W><W>,</W><W>to</W><W>get</W><W>to</W><W>use</W><W>the</W><W>early</W><W>Disney</W><W>Park</W><W>privledge</W><W>.</W></SENTENCE><SENTENCE><W>When</W><W>you</W><W>stay</W><W>at</W><W>a</W><W>Disney</W><W>hotel</W><W>you</W><C><cue ID="5" type="speculation"><W>can</W></cue></C><xcope ID="44"><ref ID="84" SRC="5"></ref><W>enter</W><W>Epcot</W><W>around</W><W>6am</W></xcope><W>,</W><W>which</W><W>is</W><W>much</W><W>earlier</W><W>than</W><W>the</W><W>general</W><W>public</W><W>.</W></SENTENCE></P><P></P><P><SENTENCE><W>When</W><W>I</W><W>approached</W><W>the</W><W>check-in</W><W>desk</W><W>,</W><W>after</W><W>a</W><W>130</W><W>mile</W><W>drive</W><W>,</W><W>I</W><C><cue ID="6" type="speculation"><W>could</W></cue></C><xcope ID="45"><ref ID="85" SRC="6"></ref><W>see</W><W>disorganization</W></xcope><W>,</W><C><W>and</W></C><W>bad</W><W>manners</W><W>written</W><W>all</W><W>over</W><W>the</W><W>check-in</W><W>persons</W><W>face</W><W>.</W></SENTENCE><SENTENCE><W>Supposedly</W><W>the</W><W>room</W><W>was</W><C><cue ID="7" type="negation"><W>not</W></cue></C><xcope ID="46"><ref ID="86" SRC="7"></ref><W>ready</W><W>yet</W></xcope><W>?</W><W>?</W></SENTENCE><SENTENCE><W>We</W><W>went</W><W>I</W><W>June</W><W>,</W><W>which</W><W>was</W><C><cue ID="8" type="speculation"><W>supposed</W></cue></C><xcope ID="47"><ref ID="87" SRC="8"></ref><W>to</W><W>be</W><W>low</W><W>season</W></xcope><W>?</W></SENTENCE><SENTENCE><W>Luckily</W><W>,</W><W>we</W><W>were</W><W>smart</W><W>enough</W><W>to</W><W>leave</W><W>our</W><W>luggage</W><W>parked</W><W>in</W><W>the</W><W>Alamo</W><W>rental</W><W>car</W><W>.</W></SENTENCE><SENTENCE><W>It</W><C><cue ID="9" type="speculation"><W>would</W></cue></C><xcope ID="49"><ref ID="88" SRC="9"></ref><W>have</W><W>been</W><W>a</W><W>long</W></xcope><W>,</W><W>long</W><W>haul</W><W>since</W><W>we</W><W>did</W><C><cue ID="10" type="negation"><W>not</W></cue></C><xcope ID="48"><ref ID="89" SRC="10"></ref><W>opt</W><W>for</W><W>valet</W><W>parking</W></xcope><W>.</W></SENTENCE><SENTENCE><W>I</W><W>was</W><W>so</W><W>grateful</W><W>that</W><W>I</W><W>had</W><W>left</W><W>the</W><W>luggage</W><W>.</W></SENTENCE><SENTENCE><W>We</W><W>eventually</W><W>,</W><W>after</W><W>eating</W><W>up</W><W>much</W><W>of</W><W>our</W><W>early</W><W>park</W><W>entrance</W><W>time</W><W>,</W><W>boarded</W><W>the</W><W>ferry</W><W>for</W><W>Epcot</W><W>.</W></SENTENCE><SENTENCE><W>The</W><W>ferry</W><W>was</W><W>wonderful</W><W>.</W></SENTENCE><SENTENCE><W>I</W><C><cue ID="11" type="speculation"><W>could</W></cue></C><xcope ID="50"><ref ID="90" SRC="11"></ref><W>have</W><W>road</W><W>all</W><W>day</W><W>around</W><W>the</W><W>highly</W><W>commercialized</W><W>area</W></xcope><W>.</W></SENTENCE><SENTENCE><W>We</W><W>docked</W><W>at</W><W>the</W><W>Epcot</W><W>entrance</W><W>gate</W><W>.</W></SENTENCE></P><P></P><P><SENTENCE><W>When</W><W>we</W><W>returned</W><W>to</W><W>the</W><W>Dolphin</W><W>,</W><W>around</W><W>1</W><W>pm</W><W>because</W><W>Epcot</W><W>in</W><W>June</W><W>is</W><W>Waaaay</W><W>toooo</W><W>hot</W><W>!</W><W>!</W><W>!</W></SENTENCE><SENTENCE><W>We</W><W>got</W><W>a</W><W>room</W><W>assignment</W><W>.</W></SENTENCE><SENTENCE><W>It</W><W>was</W><W>on</W><W>the</W><W>10th</W><W>floor</W><W>,</W><W>waaaay</W><W>at</W><W>the</W><W>end</W><W>of</W><W>the</W><W>hall</W><W>.</W></SENTENCE><SENTENCE><W>Well</W><W>I</W><W>did</W><W>ask</W><W>to</W><W>be</W><W>away</W><W>from</W><W>the</W><W>ice</W><W>machines</W><W>,</W><W>so</W><W>becareful</W><W>what</W><W>you</W><W>ask</W><W>for</W><W>.</W></SENTENCE><SENTENCE><W>I</W><W>had</W><W>to</W><W>literally</W><W>hike</W><W>down</W><W>the</W><W>hall</W><W>,</W><C><W>and</W></C><W>roll</W><W>my</W><W>luggage</W><W>along</W><W>the</W><W>carpet</W><W>.</W></SENTENCE><SENTENCE><W>This</W><W>was</W><W>a</W><W>task</W><W>.</W></SENTENCE><SENTENCE><W>The</W><W>luggage</W><W>did</W><C><cue ID="13" type="negation"><W>not</W></cue></C><xcope ID="52"><ref ID="92" SRC="13"></ref><W>roll</W><C><cue ID="12" type="negation"><W>without</W></cue></C><xcope ID="51"><ref ID="91" SRC="12"></ref><W>resistance</W></xcope></xcope><W>.</W></SENTENCE><SENTENCE><W>Then</W><W>when</W><W>we</W><W>finally</W><W>got</W><W>to</W><W>the</W><W>end</W><W>of</W><W>the</W><W>narrow</W><W>,</W><C><W>and</W></C><W>hot</W><W>hall</W><W>,</W><W>but</W><W>quiet</W><W>,</W><W>I</W><C><cue ID="14" type="speculation"><W>must</W></cue></C><xcope ID="53"><ref ID="93" SRC="14"></ref><W>say</W></xcope><W>.</W></SENTENCE><SENTENCE><W>We</W><W>had</W><W>to</W><W>make</W><W>a</W><W>sharp</W><W>right</W><W>turn</W><W>where</W><W>(</W><W>2</W><W>)</W><W>rooms</W><W>were</W><W>.</W></SENTENCE><SENTENCE><W>This</W><W>narrow</W><W>alcove</W><W>of</W><W>a</W><W>hall</W><W>was</W><W>enough</W><W>to</W><W>test</W><W>my</W><W>claustrophobia</W><W>.</W></SENTENCE><SENTENCE><W>We</W><W>entered</W><W>the</W><W>room</W><C><W>and</W></C><W>were</W><C><cue ID="15" type="negation"><W>not</W></cue></C><xcope ID="54"><ref ID="94" SRC="15"></ref><W>at</W><W>all</W><W>impressed</W></xcope><W>,</W><C><W>and</W></C><W>this</W><W>is</W><W>coming</W><W>from</W><W>a</W><W>motel</W><W>6</W><W>room</W><W>.</W></SENTENCE><SENTENCE><W>The</W><W>bed</W><W>was</W><W>non-descript</W><W>,</W><W>with</W><W>an</W><W>ugly</W><W>bedspread</W><W>pattern</W><W>.</W></SENTENCE><SENTENCE><W>The</W><W>entire</W><W>room</W><W>was</W><W>pastel</W><W>,</W><C><W>and</W></C><W>horribly</W><W>decorated</W><W>.</W></SENTENCE><SENTENCE><W>I</W><W>am</W><C><cue ID="16" type="negation"><W>not</W></cue></C><xcope ID="55"><ref ID="95" SRC="16"></ref><W>in</W><W>to</W><W>the</W><W>whimsical</W><W>look</W></xcope><W>.</W></SENTENCE><SENTENCE><W>Give</W><W>me</W><W>sturdy</W><W>natical</W><W>,</W><C><W>and</W></C><W>I</W><W>am</W><W>happy</W><W>.</W></SENTENCE><SENTENCE><W>The</W><W>television</W><W>,</W><W>which</W><W>matters</W><C><cue ID="17" type="negation"><W>not</W></cue></C><xcope ID="56"><ref ID="97" SRC="17"></ref><W>to</W><W>me</W></xcope><W>,</W><W>but</W><W>greatly</W><W>to</W><W>our</W><W>teenager</W><W>,</W><W>was</W><W>a</W><W>joke</W><W>.</W></SENTENCE><SENTENCE><W>She</W><W>however</W><W>,</W><W>is</W><C><cue ID="18" type="negation"><W>not</W></cue></C><xcope ID="57"><ref ID="96" SRC="18"></ref><W>too</W><W>proud</W><W>to</W><W>watch</W><W>any</W><W>television</W></xcope><W>,</W><W>because</W><W>she</W><W>is</W><W>an</W><W>addict</W><W>.</W></SENTENCE><SENTENCE><W>She</W><W>had</W><W>to</W><W>lay</W><W>on</W><W>her</W><W>side</W><W>to</W><W>view</W><W>the</W><W>tv</W><W>because</W><W>straight</W><W>ahead</W><W>was</W><W>our</W><W>picture</W><W>window</W><W>.</W></SENTENCE></P><P></P><P><SENTENCE><W>The</W><W>picture</W><W>window</W><W>did</W><C><cue ID="19" type="negation"><W>not</W></cue></C><xcope ID="58"><ref ID="98" SRC="19"></ref><W>have</W><W>a</W><W>balcony</W></xcope><W>,</W><W>so</W><W>it</W><W>was</W><W>better</W><W>than</W><C><cue ID="20" type="negation"><W>no</W></cue></C><xcope ID="59"><ref ID="99" SRC="20"></ref><W>view</W></xcope><W>,</W><W>but</W><W>definitely</W><C><cue ID="21" type="negation"><W>not</W></cue></C><xcope ID="60"><ref ID="100" SRC="21"></ref><W>as</W><W>good</W><W>as</W><W>a</W><W>balcony</W></xcope><W>.</W></SENTENCE><SENTENCE><W>Even</W><W>at</W><W>the</W><W>motel</W><W>6</W><W>we</W><C><cue ID="22" type="speculation"><W>could</W></cue></C><xcope ID="61"><ref ID="101" SRC="22"></ref><W>step</W><W>right</W><W>out</W></xcope><W>.</W></SENTENCE><SENTENCE><W>The</W><W>view</W><W>of</W><W>Epcot</W><W>at</W><W>night</W><W>was</W><W>wonderful</W><W>though</W><W>.</W></SENTENCE><SENTENCE><W>This</W><W>was</W><W>complimentary</W><W>entertainment</W><W>.</W></SENTENCE></P><P></P><P><SENTENCE><W>The</W><W>vanity</W><W>was</W><W>long</W><C><W>and</W></C><C><W>and</W></C><W>nice</W><W>.</W></SENTENCE><SENTENCE><W>We</W><C><cue ID="23" type="speculation"><W>could</W></cue></C><xcope ID="62"><ref ID="102" SRC="23"></ref><W>put</W><W>our</W><W>cooler</W><W>on</W><W>it</W></xcope><W>,</W><W>but</W><W>there</W><W>was</W><C><cue ID="24" type="negation"><W>no</W></cue></C><xcope ID="63"><ref ID="103" SRC="24"></ref><W>sink</W><W>at</W><W>the</W><W>vanity</W></xcope><W>.</W></SENTENCE><SENTENCE><W>There</W><W>was</W><W>a</W><W>large</W><W>mirror</W><W>which</W><W>did</W><W>appeal</W><W>to</W><W>the</W><W>vanity</W><W>of</W><W>our</W><W>teenager</W><W>.</W></SENTENCE></P><P></P><P><SENTENCE><W>The</W><W>bathroom</W><W>did</W><W>have</W><W>a</W><W>very</W><W>nice</W><W>vanity</W><W>,</W><C><W>and</W></C><W>a</W><W>large</W><W>area</W><W>.</W></SENTENCE><SENTENCE><W>The</W><W>decoration</W><W>in</W><W>the</W><W>bathroom</W><W>was</W><W>lovely</W><W>.</W></SENTENCE><SENTENCE><W>Every</W><W>morning</W><W>we</W><W>got</W><W>nicer</W><W>tolietries</W><W>.</W></SENTENCE><SENTENCE><W>I</W><W>still</W><W>have</W><W>some</W><W>of</W><W>them</W><W>,</W><W>but</W><W>of</W><W>course</W><W>we</W><W>travel</W><W>with</W><W>soap</W><W>,</W><C><W>and</W></C><W>got</W><W>this</W><W>at</W><W>the</W><W>motel</W><W>6</W><W>as</W><W>well</W><W>.</W></SENTENCE></P><P></P><P><SENTENCE><W>I</W><W>had</W><W>$</W><W>10.00</W><W>stolen</W><W>from</W><W>my</W><W>jacket</W><W>pocket</W><W>,</W><W>so</W><W>be</W><W>wary</W><W>.</W></SENTENCE></P><P></P><P><SENTENCE><W>The</W><W>Dolphin</W><W>has</W><W>an</W><W>honor</W><W>bar</W><W>of</W><W>outrageously</W><W>priced</W><W>snacks</W><W>.</W></SENTENCE><SENTENCE><W>There</W><W>is</W><W>a</W><W>plastic</W><W>locking</W><W>twisty</W><W>like</W><W>they</W><W>put</W><W>on</W><W>shoes</W><W>in</W><W>cheap</W><W>stores</W><W>.</W></SENTENCE><SENTENCE><W>We</W><W>of</W><W>course</W><W>did</W><C><cue ID="25" type="negation"><W>not</W></cue></C><xcope ID="67"><ref ID="105" SRC="25"></ref><W>touch</W><W>this</W></xcope><W>.</W></SENTENCE><SENTENCE><W>Disney</W><W>hotels</W><C><cue ID="26" type="speculation"><W>should</W></cue></C><xcope ID="64"><ref ID="104" SRC="26"></ref><W>do</W><W>away</W><W>with</W><W>the</W><W>honor</W><W>bar</W></xcope><W>.</W></SENTENCE><SENTENCE><W>For</W><W>goodness</W><W>sake</W><W>they</W><W>collect</W><W>enough</W><W>money</W><W>from</W><W>the</W><W>world</W><W>&#39;s</W><W>life</W><W>savings</W><W>purse</W><xcope ID="78"><ref ID="107" SRC="28"></ref><W>to</W><W>comp</W><W>these</W><W>Reeses</W><W>bars</W><C><W>and</W></C><C><cue ID="27" type="negation"><W>never</W></cue></C><xcope ID="66"><ref ID="106" SRC="27"></ref><W>miss</W><W>a</W><W>trick</W></xcope></xcope><W>.</W></SENTENCE><SENTENCE><C><cue ID="28" type="speculation"><W>Or</W></cue></C><W>,</W><xcope ID="109"><ref ID="110" SRC="28"></ref><W>they</W><C><cue ID="29" type="speculation"><W>should</W></cue></C><xcope ID="65"><ref ID="108" SRC="29"></ref><W>just</W><W>remove</W><W>the</W><W>honor</W><W>bars</W><W>from</W><W>the</W><W>room</W></xcope></xcope><C><W>and</W></C><W>put</W><W>refrigerators</W><C><W>instead</W></C><W>.</W></SENTENCE></P><P></P><P><SENTENCE><W>After</W><W>every</W><W>meal</W><W>time</W><W>the</W><W>guest</W><C><cue ID="30" type="speculation"><W>would</W></cue></C><xcope ID="69"><ref ID="112" SRC="30"></ref><W>put</W><W>their</W><W>trays</W><W>out</W></xcope><W>,</W><C><W>and</W></C><W>we</W><C><cue ID="31" type="speculation"><W>would</W></cue></C><xcope ID="68"><ref ID="111" SRC="31"></ref><W>take</W><W>the</W><W>beautiful</W><W>flowers</W><W>off</W><W>the</W><W>trays</W></xcope><C><W>and</W></C><W>decorate</W><W>our</W><W>room</W><W>with</W><W>them</W><W>.</W></SENTENCE></P><P></P><P><SENTENCE><W>The</W><W>hike</W><W>to</W><W>the</W><W>beautiful</W><W>swimming</W><W>pool</W><W>area</W><W>was</W><W>absurd</W><W>.</W></SENTENCE><SENTENCE><W>It</W><W>is</W><W>a</W><W>wonder</W><W>people</W><W>will</W><W>pay</W><W>for</W><W>this</W><W>long</W><W>walk</W><W>.</W></SENTENCE><SENTENCE><W>It</W><C><cue ID="34" type="speculation"><W>must</W></cue></C><xcope ID="70"><ref ID="113" SRC="34"></ref><W>kill</W><W>repeat</W><W>business</W></xcope><W>.</W></SENTENCE><SENTENCE><W>We</W><W>had</W><W>to</W><W>walk</W><W>through</W><W>a</W><W>humongous</W><W>lobby</W><W>area</W><W>wearing</W><W>our</W><W>swimmers</W><W>.</W></SENTENCE><SENTENCE><W>I</W><C><cue ID="32" type="speculation"><W>suppose</W></cue></C><xcope ID="72"><ref ID="115" SRC="32"></ref><W>this</W><W>is</W><W>a</W><W>plus</W><C><cue ID="33" type="speculation"><W>if</W></cue></C><xcope ID="71"><ref ID="114" SRC="33"></ref><W>you</W><W>are</W><W>in</W><W>great</W><W>shape</W></xcope></xcope><W>,</W><W>but</W><W>I</W><W>was</W><W>n&#39;t</W><W>.</W></SENTENCE></P><P></P><P><SENTENCE><W>The</W><W>swimming</W><W>pools</W><W>were</W><W>very</W><W>nice</W><C><W>and</W></C><W>clean</W><W>,</W><W>but</W><W>down</W><W>the</W><W>road</W><W>at</W><W>the</W><W>Coronado</W><W>hotel</W><W>they</W><W>have</W><W>a</W><W>much</W><W>better</W><W>swimming</W><W>pool</W><W>.</W></SENTENCE><SENTENCE><W>It</W><W>is</W><W>more</W><W>of</W><W>a</W><W>social</W><W>atmosphere</W><W>than</W><W>the</W><W>lap</W><W>,</W><W>lane</W><W>pool</W><W>that</W><W>we</W><W>did</W><W>enjoy</W><W>at</W><W>the</W><W>Dolphin</W><W>.</W></SENTENCE><SENTENCE><W>We</W><W>stayed</W><W>away</W><W>from</W><W>the</W><W>Grotto</W><W>pool</W><W>.</W></SENTENCE><SENTENCE><W>It</W><W>was</W><W>over</W><W>run</W><W>with</W><W>toddlers</W><W>.</W></SENTENCE></P><P></P><P><SENTENCE><W>The</W><W>poolside</W><W>bar</W><W>served</W><W>really</W><W>good</W><C><W>and</W></C><W>tasty</W><W>hamburgers</W><W>even</W><W>though</W><W>it</W><W>was</W><W>a</W><W>bit</W><W>pricey</W><W>.</W></SENTENCE><SENTENCE><W>It</W><W>was</W><W>very</W><W>convenient</W><C><W>and</W></C><xcope ID="76"><ref ID="117" SRC="35"></ref><W>the</W><W>service</W><W>was</W><W>good</W></xcope><W>,</W><C><cue ID="35" type="speculation"><W>or</W></cue></C><xcope ID="77"><ref ID="116" SRC="35"></ref><W>bad</W></xcope><W>depending</W><W>upon</W><W>who</W><W>was</W><W>serving</W><W>.</W></SENTENCE><SENTENCE><W>It</W><W>took</W><W>us</W><W>forever</W><W>to</W><W>get</W><W>our</W><W>to</W><W>go</W><W>buddle</W><W>of</W><W>food</W><W>.</W></SENTENCE><SENTENCE><W>I</W><C><cue ID="36" type="speculation"><W>thought</W></cue></C><xcope ID="73"><ref ID="118" SRC="36"></ref><W>the</W><W>kitchen</W><W>had</W><W>closed</W><C><W>and</W></C><W>re-opened</W></xcope><W>.</W></SENTENCE><SENTENCE><W>That</W><W>is</W><W>how</W><W>long</W><W>it</W><W>took</W><W>.</W></SENTENCE></P><P></P><P><SENTENCE><W>This</W><W>hotel</W><W>is</W><W>poorly</W><W>laid</W><W>out</W><W>.</W></SENTENCE><SENTENCE><W>It</W><W>took</W><W>us</W><W>several</W><W>days</W><W>to</W><W>find</W><W>the</W><W>lower</W><W>level</W><W>which</W><W>is</W><W>where</W><W>the</W><W>Krispy</W><W>Kreme</W><W>doughnuts</W><W>,</W><C><W>and</W></C><W>exercise</W><W>room</W><W>is</W><W>.</W></SENTENCE></P><P></P><P><SENTENCE><W>Upon</W><W>check-out</W><W>the</W><W>hotel</W><W>manager</W><W>wanted</W><W>to</W><W>hold</W><W>a</W><W>deposit</W><W>on</W><W>my</W><W>credit</W><W>card</W><W>.</W></SENTENCE><SENTENCE><W>I</W><W>pitched</W><W>a</W><W>fit</W><W>.</W></SENTENCE><SENTENCE><W>I</W><W>asked</W><W>him</W><C><cue ID="37" type="speculation"><W>should</W></cue></C><xcope ID="74"><ref ID="119" SRC="37"></ref><W>I</W><W>hold</W><W>his</W><W>towels</W><W>as</W><W>a</W><W>deposit</W></xcope><W>,</W><C><W>and</W></C><W>return</W><W>them</W><W>later</W><W>?</W></SENTENCE><SENTENCE><W>Needless</W><W>to</W><W>say</W><W>the</W><W>deposit</W><W>was</W><W>removed</W><W>after</W><W>housekeeping</W><W>inspected</W><W>our</W><W>room</W><W>.</W></SENTENCE><SENTENCE><W>This</W><W>was</W><C><cue ID="38" type="negation"><W>not</W></cue></C><xcope ID="75"><ref ID="120" SRC="38"></ref><W>a</W><W>lovely</W><W>stay</W></xcope><W>.</W></SENTENCE><SENTENCE><W>We</W><W>much</W><W>prefer</W><W>the</W><W>Starwood</W><W>Vistana</W><C><W>and</W></C><W>Oaks</W><W>Plantation</W><W>Resorts</W><W>to</W><W>the</W><W>Dolphin</W><W>.</W></SENTENCE><SENTENCE><W>We</W><W>actually</W><W>had</W><W>maid</W><W>service</W><W>there</W><W>.</W></SENTENCE></P></DOCUMENT>
