<?xml version="1.0" encoding="UTF-8"?>
<DOCUMENT><P></P><P><SENTENCE><W>On</W><W>a</W><W>recent</W><W>visit</W><W>to</W><W>NYC</W><W>I</W><W>was</W><C><cue ID="0" type="negation"><W>unable</W></cue></C><xcope ID="10"><ref ID="29" SRC="0"></ref><W>to</W><W>stay</W><W>at</W><W>my</W><W>regular</W><W>hotel</W></xcope><W>(</W><W>Parker</W><W>Meridien</W><W>)</W><W>because</W><W>a</W><W>client</W><W>was</W><W>paying</W><C><W>and</W></C><W>had</W><W>reserved</W><W>my</W><W>room</W><W>at</W><W>the</W><W>Essex</W><W>House</W><W>.</W></SENTENCE><SENTENCE><W>At</W><W>first</W><W>I</W><W>was</W><C><cue ID="1" type="negation"><W>not</W></cue></C><xcope ID="11"><ref ID="28" SRC="1"></ref><W>upset</W></xcope><W>,</W><W>for</W><W>I</W><W>am</W><W>always</W><W>willing</W><W>to</W><W>try</W><W>something</W><W>new</W><W>,</W><W>but</W><W>from</W><W>the</W><W>minute</W><W>I</W><W>drove</W><W>up</W><W>to</W><W>the</W><W>door</W><W>I</W><W>knew</W><W>that</W><W>this</W><W>was</W><C><cue ID="3" type="negation"><W>not</W></cue></C><xcope ID="12"><ref ID="27" SRC="3"></ref><W>going</W><W>to</W><W>be</W><W>a</W><W>good</W><W>experience</W></xcope><W>.</W><W>.</W><W>.</W></SENTENCE><SENTENCE><W>The</W><W>doorman</W><W>opened</W><W>the</W><W>cab</W><W>door</W><W>,</W><W>but</W><W>continued</W><W>his</W><W>conversation</W><W>with</W><W>what</W><C><cue ID="2" type="speculation"><W>appeared</W></cue></C><xcope ID="13"><ref ID="26" SRC="2"></ref><W>to</W><W>be</W><W>limo</W><W>driver</W></xcope><W>.</W></SENTENCE><SENTENCE><W>I</W><W>now</W><W>know</W><W>that</W><W>the</W><W>doormen</W><W>at</W><W>the</W><W>Essex</W><W>House</W><W>get</W><W>a</W><W>payment</W><W>from</W><W>the</W><W>drivers</W><W>!</W></SENTENCE><SENTENCE><W>In</W><W>this</W><W>case</W><W>the</W><W>doorman</W><W>was</W><W>upset</W><W>because</W><W>the</W><W>driver</W><W>was</W><W>telling</W><W>him</W><W>that</W><W>he</W><W>had</W><W>already</W><W>paid</W><W>him</W><W>.</W></SENTENCE><SENTENCE><W>What</W><W>a</W><W>start</W><W>.</W></SENTENCE></P><P></P><P><SENTENCE><W>Once</W><W>in</W><W>the</W><W>lobby</W><W>I</W><C><cue ID="4" type="speculation"><W>could</W></cue></C><xcope ID="14"><ref ID="25" SRC="4"></ref><W>see</W><W>that</W><W>the</W><W>hotel</W><W>had</W><W>originally</W><W>been</W><W>built</W><W>with</W><W>some</W><W>charm</W></xcope><W>,</W><W>but</W><W>it</W><W>&#39;s</W><W>deco</W><W>past</W><W>was</W><W>now</W><W>looking</W><W>very</W><W>artificial</W><W>.</W></SENTENCE><SENTENCE><C><cue ID="5" type="speculation"><W>Perhaps</W></cue></C><xcope ID="16"><ref ID="24" SRC="5"></ref><W>this</W><W>is</W><W>because</W><W>it</W><W>is</W><W>a</W><W>Westin</W></xcope><W>,</W><C><W>and</W></C><W>therefore</W><C><cue ID="6" type="speculation"><W>must</W></cue></C><xcope ID="15"><ref ID="23" SRC="6"></ref><W>comply</W><W>with</W><W>chain</W><W>standards</W></xcope><W>.</W></SENTENCE></P><P></P><P><SENTENCE><W>The</W><W>front</W><W>desk</W><W>person</W><W>was</W><W>efficient</W><W>,</W><W>but</W><W>totally</W><W>characterless</W><W>.</W></SENTENCE><SENTENCE><W>I</W><C><cue ID="7" type="speculation"><W>might</W></cue></C><xcope ID="17"><ref ID="22" SRC="7"></ref><W>just</W><W>as</W><W>well</W><W>have</W><W>used</W><W>a</W><W>machine</W></xcope><W>.</W></SENTENCE></P><P></P><P><SENTENCE><W>My</W><W>room</W><W>was</W><W>tiny</W><W>,</W><W>had</W><W>a</W><W>double</W><W>bed</W><W>,</W><C><W>and</W></C><W>was</W><W>overlooking</W><W>a</W><W>courtyard</W><W>,</W><C><W>and</W></C><W>smelled</W><W>of</W><W>cigarette</W><W>smoke</W><W>.</W></SENTENCE><SENTENCE><W>When</W><W>I</W><W>called</W><W>down</W><C><W>and</W></C><W>said</W><W>that</W><W>I</W><W>had</W><W>requested</W><W>a</W><W>king</W><W>bedded</W><W>,</W><W>non-smoking</W><W>room</W><W>I</W><W>was</W><W>told</W><W>that</W><W>this</W><C><cue ID="8" type="speculation"><W>would</W></cue></C><xcope ID="18"><ref ID="21" SRC="8"></ref><W>cost</W><W>extra</W></xcope><W>!</W></SENTENCE><SENTENCE><W>What</W><W>about</W><W>a</W><W>room</W><W>with</W><W>a</W><W>view</W><W>at</W><W>least</W><W>,</W><W>again</W><W>extra</W><W>$</W><W>$</W><W>.</W></SENTENCE></P><P></P><P><SENTENCE><W>I</W><W>stayed</W><W>in</W><W>the</W><W>room</W><W>,</W><W>as</W><W>I</W><W>was</W><W>only</W><W>staying</W><W>one</W><W>night</W><W>.</W></SENTENCE><SENTENCE><W>What</W><W>really</W><W>put</W><W>me</W><W>off</W><W>was</W><W>that</W><W>it</W><W>was</W><C><cue ID="9" type="negation"><W>not</W></cue></C><xcope ID="19"><ref ID="20" SRC="9"></ref><W>clean</W></xcope><W>(</W><W>hairs</W><W>in</W><W>the</W><W>tub</W><W>,</W><W>dust</W><W>in</W><W>the</W><W>mini-bar</W><W>,</W><W>etc.</W><W>)</W></SENTENCE></P><P></P><P><SENTENCE><W>Needless</W><W>to</W><W>say</W><W>,</W><W>I</W><W>spent</W><W>as</W><W>little</W><W>time</W><W>as</W><C><W>possible</W></C><W>in</W><W>the</W><W>hotel</W><W>,</W><C><W>and</W></C><W>checked-out</W><W>bright</W><C><W>and</W></C><W>early</W><W>the</W><W>next</W><W>day</W></SENTENCE></P></DOCUMENT>
