<?xml version="1.0" encoding="UTF-8"?>
<DOCUMENT><P></P><P><SENTENCE><W>In</W><W>New</W><W>York</W><W>for</W><W>New</W><W>Years</W><W>2003</W><W>,</W></SENTENCE></P><P></P><P><SENTENCE><W>I</W><W>had</W><W>chosen</W><W>to</W><W>stay</W><W>at</W><W>the</W><W>Essex</W><W>House</W><W>because</W><W>of</W><W>the</W><W>millions</W><W>of</W><W>dollars</W><W>in</W><W>renovation</W><W>that</W><W>had</W><W>been</W><W>put</W><W>into</W><W>the</W><W>hotel</W><W>,</W><W>the</W><W>location</W><W>,</W><C><W>and</W></C><W>the</W><W>Art</W><W>Deco</W><W>decor</W><W>that</W><W>I</W><W>had</W><W>read</W><W>about</W><W>.</W></SENTENCE><SENTENCE><W>However</W><W>,</W><W>I</W><W>became</W><W>soon</W><W>disappointed</W><W>once</W><W>I</W><W>entered</W><W>my</W><W>standard</W><W>room</W><W>on</W><W>the</W><W>sixth</W><W>floor</W><W>facing</W><W>Central</W><W>Park</W><W>.</W></SENTENCE></P><P></P><P><SENTENCE><W>It</W><C><cue ID="0" type="speculation"><W>appears</W></cue></C><xcope ID="7"><ref ID="9" SRC="0"></ref><W>to</W><W>me</W><W>that</W><W>the</W><W>renovation</W><W>money</W><W>did</W><C><cue ID="1" type="negation"><W>not</W></cue></C><xcope ID="6"><ref ID="8" SRC="1"></ref><W>go</W><W>into</W><W>the</W><W>standard</W><W>rooms</W><W>of</W><W>the</W><W>hotel</W></xcope></xcope><W>.</W></SENTENCE><SENTENCE><W>My</W><W>room</W><W>was</W><W>very</W><W>small</W><W>as</W><W>it</W><W>was</W><W>difficult</W><W>to</W><W>maneuver</W><W>within</W><W>the</W><W>room</W><W>&#39;s</W><W>limited</W><W>space</W><W>.</W></SENTENCE><SENTENCE><W>The</W><W>room</W><W>was</W><W>dull</W><W>with</W><W>worn</W><W>Old</W><W>English</W><W>furnishing</W><W>.</W></SENTENCE><SENTENCE><W>There</W><W>where</W><W>handles</W><C><W>missing</W></C><W>off</W><W>cabinet</W><W>doors</W><C><W>and</W></C><W>the</W><W>room</W><C><W>lacked</W></C><W>isolation</W><W>from</W><W>the</W><W>outside</W><C><W>and</W></C><W>neighboring</W><W>rooms</W><W>.</W></SENTENCE><SENTENCE><W>Moreover</W><W>,</W><W>the</W><W>top</W><W>bed</W><W>sheet</W><W>was</W><W>stained</W><W>with</W><W>some</W><W>type</W><W>of</W><W>substance</W><W>?</W><W>!</W></SENTENCE><SENTENCE><W>I</W><W>was</W><W>expecting</W><W>the</W><W>rooms</W><W>to</W><W>be</W><W>furnished</W><W>in</W><W>Art</W><W>Deco</W><W>style</W><W>as</W><W>I</W><W>had</W><W>experienced</W><W>at</W><W>the</W><W>Grand</W><W>Hotel</W><W>in</W><W>Nuremberg</W><W>Germany</W><W>.</W></SENTENCE><SENTENCE><W>The</W><W>only</W><W>Art</W><W>Deco</W><W>decor</W><W>that</W><W>I</W><W>had</W><W>observed</W><W>in</W><W>the</W><W>Hotel</W><W>was</W><W>in</W><W>the</W><W>entrance</W><W>hall</W><W>of</W><W>the</W><W>hotel</W><W>.</W></SENTENCE></P><P></P><P><SENTENCE><W>As</W><W>a</W><W>Japanese</W><W>owned</W><W>Westin</W><W>hotel</W><W>,</W><W>I</W><W>had</W><W>high</W><W>expectations</W><W>.</W></SENTENCE><SENTENCE><W>I</W><W>had</W><W>stayed</W><W>at</W><W>Westin</W><W>hotels</W><W>before</W><W>,</W><C><W>and</W></C><W>was</W><C><cue ID="2" type="negation"><W>never</W></cue></C><xcope ID="5"><ref ID="10" SRC="2"></ref><W>disappointed</W><W>until</W><W>now</W></xcope><W>.</W></SENTENCE><SENTENCE><W>The</W><W>standard</W><W>rooms</W><C><W>lack</W></C><W>modern</W><W>amenities</W><W>.</W></SENTENCE><SENTENCE><xcope ID="8"><ref COMMENTS="" ID="9" SRC="3"></ref><W>They</W></xcope><C><cue ID="3" type="speculation"><W>appear</W></cue></C><xcope ID="4"><ref ID="11" SRC="3"></ref><W>to</W><W>be</W><W>outdated</W><W>of</W><W>at</W><W>least</W><W>10</W><W>to</W><W>20</W><W>years</W></xcope><W>.</W></SENTENCE><SENTENCE><W>The</W><W>corridors</W><W>are</W><W>decorated</W><W>with</W><W>non</W><W>tasteful</W><W>wallpaper</W><W>,</W><C><W>and</W></C><W>the</W><W>paint</W><W>on</W><W>room</W><W>doors</W><W>is</W><W>often</W><W>chiped</W><C><W>and</W></C><W>needs</W><W>repainting</W><W>.</W></SENTENCE></P><P></P><P><SENTENCE><W>At</W><W>breakfast</W><W>,</W><W>I</W><W>was</W><W>once</W><W>again</W><W>disappointed</W><W>.</W></SENTENCE><SENTENCE><W>The</W><W>chair</W><W>cushions</W><W>where</W><W>worn</W><C><W>and</W></C><W>torn</W><W>,</W><C><W>and</W></C><W>the</W><W>seating</W><W>arrangement</W><W>was</W><W>uncomfortable</W><W>.</W></SENTENCE><SENTENCE><W>It</W><W>was</W><W>too</W><W>crowded</W><W>.</W></SENTENCE><SENTENCE><W>The</W><W>breakfast</W><W>was</W><W>far</W><W>from</W><W>good</W><W>as</W><W>the</W><W>bacon</W><W>was</W><W>dried</W><W>up</W><C><W>and</W></C><W>the</W><W>coffee</W><W>was</W><W>dull</W><W>.</W></SENTENCE></P><P></P><P><SENTENCE><W>Overall</W><W>,</W><W>I</W><W>am</W><W>very</W><W>disappointed</W><W>with</W><W>the</W><W>hotel</W><W>,</W><W>however</W><W>I</W><W>had</W><W>a</W><W>good</W><W>time</W><W>for</W><W>New</W><W>Years</W><W>2003</W><W>in</W><W>New</W><W>York</W><W>city</W><W>!</W></SENTENCE></P></DOCUMENT>
