<?xml version="1.0" encoding="UTF-8"?>
<DOCUMENT><P></P><P><SENTENCE><W>I</W><W>have</W><W>stayed</W><W>many</W><W>times</W><W>over</W><W>the</W><W>years</W><W>at</W><W>the</W><W>Essex</W><W>House</W><W>.</W></SENTENCE><SENTENCE><W>Unfortunately</W><W>it</W><W>has</W><W>now</W><W>become</W><W>&#34;</W><W>just</W><W>another</W><W>&#34;</W><W>hotel</W><W>.</W></SENTENCE><SENTENCE><W>Westin</W><W>gives</W><W>you</W><W>points</W><W>for</W><W>staying</W><W>,</W><W>but</W><W>the</W><W>charm</W><C><W>and</W></C><W>character</W><W>are</W><W>gone</W><W>.</W></SENTENCE><SENTENCE><W>Most</W><W>of</W><W>the</W><W>good</W><W>staff</W><W>have</W><W>fleed</W><W>,</W><C><W>and</W></C><W>they</W><W>now</W><W>charge</W><W>you</W><W>extra</W><W>even</W><W>for</W><W>a</W><W>king</W><W>bed</W><W>.</W></SENTENCE></P><P></P><P><SENTENCE><W>Ducasse</W><W>is</W><W>an</W><W>incredible</W><W>rip</W><W>off</W><W>.</W></SENTENCE><SENTENCE><W>Pretentious</W><W>is</W><W>an</W><W>understatement</W><W>.</W></SENTENCE><SENTENCE><C><cue ID="0" type="speculation"><W>If</W></cue></C><xcope ID="8"><ref ID="15" SRC="0"></ref><W>you</W><C><cue ID="1" type="speculation"><W>can</W></cue></C><xcope ID="7"><ref COMMENTS="" ID="14" SRC="1"></ref><W>afford</W><W>to</W><W>spend</W><W>$</W><W>300</W><W>for</W><W>a</W><W>meal</W></xcope></xcope><W>,</W><W>you</W><C><cue ID="2" type="speculation"><W>should</W></cue></C><xcope ID="6"><ref ID="13" SRC="2"></ref><W>give</W><W>to</W><W>charity</W></xcope><W>,</W><W>this</W><W>is</W><W>criminal</W><W>.</W></SENTENCE></P><P></P><P><SENTENCE><W>Cafe</W><W>Botanicca</W><W>is</W><W>a</W><W>pleasant</W><W>environment</W><W>,</W><C><W>and</W></C><W>the</W><W>food</W><W>is</W><W>ok</W><W>,</W><C><cue ID="3" type="negation"><W>not</W></cue></C><xcope ID="9"><ref COMMENTS="" ID="12" SRC="3"></ref><W>what</W><W>it</W><W>used</W><W>to</W><W>be</W><C><cue ID="4" type="negation"><W>either</W></cue></C></xcope><W>.</W></SENTENCE></P><P></P><P><SENTENCE><W>The</W><W>best</W><W>joke</W><W>is</W><W>the</W><W>so</W><W>called</W><W>,</W><W>&#34;</W><W>St</W><W>.</W></SENTENCE><SENTENCE><W>Regis</W><W>Club</W><W>&#34;</W><W>They</W><W>have</W><W>taken</W><W>the</W><W>top</W><W>floors</W><W>added</W><W>a</W><W>few</W><W>amenities</W><C><W>and</W></C><W>are</W><W>now</W><W>trying</W><W>to</W><W>convince</W><W>the</W><W>public</W><W>that</W><W>this</W><W>is</W><W>a</W><W>real</W><W>St</W><W>.</W></SENTENCE><SENTENCE><W>Regis</W><W>.</W></SENTENCE><SENTENCE><W>How</W><C><cue ID="5" type="speculation"><W>can</W></cue></C><xcope ID="10"><ref ID="11" SRC="5"></ref><W>you</W><W>do</W><W>this</W><W>a</W><W>few</W><W>blocks</W><W>from</W><W>the</W><W>real</W><W>thing</W></xcope><W>?</W></SENTENCE></P><P></P><P><SENTENCE><W>My</W><W>new</W><W>favorite</W><W>is</W><W>the</W><W>Parker</W><W>Meridien</W><W>,</W><W>far</W><W>superior</W><W>,</W><C><W>and</W></C><W>character</W><W>.</W></SENTENCE></P></DOCUMENT>
