<?xml version="1.0" encoding="UTF-8"?>
<DOCUMENT><P></P><P><SENTENCE><W>My</W><W>husband</W><C><W>and</W></C><W>I</W><W>booked</W><W>a</W><W>last-minute</W><W>trip</W><W>to</W><W>Miami</W><W>in</W><W>May(</W><W>two</W><W>weeks</W><W>out</W><W>from</W><W>the</W><W>departure</W><W>date</W><W>)</W><W>.</W></SENTENCE><SENTENCE><W>We</W><W>secured</W><W>a</W><W>good</W><W>rate</W><W>by</W><W>booking</W><W>a</W><W>vacation</W><W>package</W><W>through</W><W>an</W><W>airline</W><W>.</W></SENTENCE><SENTENCE><W>Seeing</W><W>the</W><W>Sheraton</W><W>Virtual</W><W>Tour</W><W>of</W><W>the</W><W>hotel</W><W>on</W><W>their</W><W>website</W><W>,</W><W>we</W><C><cue ID="0" type="speculation"><W>could</W></cue></C><xcope ID="13"><ref ID="35" SRC="0"></ref><C><cue ID="1" type="negation"><W>not</W></cue></C><xcope ID="12"><ref ID="34" SRC="1"></ref><W>have</W><W>been</W><W>more</W><W>excited</W></xcope></xcope><W>.</W></SENTENCE></P><P></P><P><SENTENCE><W>When</W><W>we</W><W>arrived</W><W>,</W><W>we</W><C><cue ID="2" type="speculation"><W>expected</W></cue></C><xcope ID="15"><ref ID="33" SRC="2"></ref><W>a</W><W>comfortable</W><W>room</W></xcope><W>,</W><C><cue ID="3" type="negation"><W>not</W></cue></C><xcope ID="14"><ref ID="32" SRC="3"></ref><W>luxurious</W></xcope><W>,</W><W>just</W><W>basic</W><C><W>and</W></C><W>comfortable</W><W>.</W></SENTENCE><SENTENCE><W>Buyer</W><W>beware</W><W>:</W><W>when</W><W>booking</W><W>a</W><W>vacation</W><C><W>and</W></C><W>you</W><W>are</W><C><cue ID="4" type="negation"><W>not</W></cue></C><xcope ID="19"><ref ID="31" SRC="4"></ref><W>given</W><W>the</W><W>option</W><W>to</W><W>upgrade</W></xcope><W>,</W><C><W>expect</W></C><W>the</W><W>worst</W><W>.</W></SENTENCE><SENTENCE><W>When</W><W>the</W><W>Bal</W><W>Harbour</W><W>says</W><W>,</W><W>&#39;standard</W><W>room&#39;</W><W>,</W><C><W>expect</W></C><W>a</W><W>low-end</W><W>Super</W><W>8.</W></SENTENCE><SENTENCE><W>The</W><W>room</W><W>had</W><C><cue ID="5" type="negation"><W>not</W></cue></C><xcope ID="18"><ref ID="30" SRC="5"></ref><W>been</W><W>remodeled</W><W>in</W><W>years</W></xcope><W>(</W><W>15</W><W>plus</W><W>)</W><C><W>and</W></C><W>severely</W><W>showed</W><W>its</W><W>decay</W><W>.</W></SENTENCE><SENTENCE><W>In</W><W>addition</W><W>,</W><W>we</W><W>were</W><W>given</W><W>a</W><W>smoking</W><W>room</W><W>when</W><W>we</W><W>requested</W><W>a</W><W>non-smoking</W><W>.</W></SENTENCE><SENTENCE><W>Since</W><W>there</W><W>was</W><W>a</W><W>wedding</W><C><W>and</W></C><W>a</W><W>convention</W><W>at</W><W>the</W><W>hotel</W><W>,</W><W>we</W><W>were</W><W>told</W><W>that</W><W>they</W><C><cue ID="7" type="speculation"><W>could</W></cue></C><xcope ID="17"><ref ID="29" SRC="7"></ref><C><cue ID="6" type="negation"><W>not</W></cue></C><xcope ID="16"><ref ID="28" SRC="6"></ref><W>move</W><W>us</W><W>to</W><W>another</W><W>room</W></xcope></xcope><W>.</W></SENTENCE></P><P></P><P><SENTENCE><W>Although</W><W>the</W><W>pool</W><W>area</W><W>was</W><W>aesthetically</W><W>beautiful</W><W>,</W><W>do</W><W>n&#39;t</W><W>be</W><W>deceived</W><W>by</W><W>their</W><W>advertising</W><W>:</W><W>the</W><W>waterfall</W><W>within</W><W>the</W><W>pool</W><W>is</W><W>part</W><W>of</W><W>the</W><W>kiddie</W><W>pool</W><C><W>and</W></C><W>there</W><W>were</W><W>so</W><W>many</W><W>young</W><W>children</W><W>that</W><W>the</W><W>entire</W><W>pool</W><W>area</W><W>felt</W><W>like</W><W>Water</W><W>Country</W><W>USA</W><W>.</W></SENTENCE><SENTENCE><W>All</W><W>that</W><W>was</W><C><W>missing</W></C><W>was</W><W>the</W><W>wave</W><W>pool</W><W>.</W></SENTENCE><SENTENCE><W>We</W><W>ordered</W><W>a</W><W>Pina</W><W>colada</W><C><W>and</W></C><W>a</W><W>Margarita</W><W>at</W><W>the</W><W>poolside</W><W>bar</W><W>,</W><W>both</W><W>drinks</W><W>were</W><W>served</W><W>in</W><W>12</W><W>oz</W><W>plastic</W><W>cups</W><W>,</W><C><W>and</W></C><W>our</W><W>bill</W><W>came</W><W>to</W><W>$</W><W>25</W><W>!</W><W>Needless</W><W>to</W><W>say</W><W>,</W><W>we</W><W>learned</W><W>our</W><W>lesson</W><C><W>and</W></C><W>headed</W><W>down</W><W>to</W><W>South</W><W>Beach</W><W>the</W><W>following</W><W>days</W><W>.</W></SENTENCE></P><P></P><P><SENTENCE><W>We</W><W>did</W><C><cue ID="8" type="negation"><W>not</W></cue></C><xcope ID="21"><ref ID="27" SRC="8"></ref><W>book</W><W>a</W><W>hotel</W><W>on</W><W>South</W><W>Beach</W></xcope><W>because</W><W>of</W><W>the</W><W>countless</W><W>&#34;</W><W>Best</W><W>Of</W><W>&#34;</W><W>shows</W><W>on</W><W>the</W><W>Travel</W><W>Channel</W><W>.</W></SENTENCE><SENTENCE><W>South</W><W>Beach</W><W>always</W><W>scores</W><W>in</W><W>the</W><W>top</W><W>10</W><W>beaches</W><W>in</W><W>the</W><W>world</W><C><W>and</W></C><W>is</W><W>deemed</W><W>&#34;best</W><W>party/best</W><W>nightlife</W><W>beach&#34;</W><W>.</W></SENTENCE><SENTENCE><W>We</W><W>did</W><C><cue ID="9" type="negation"><W>not</W></cue></C><xcope ID="20"><ref ID="26" SRC="9"></ref><W>want</W><W>drunken</W><W>college</W><W>kids</W><W>walking</W><W>next</W><W>to</W><W>our</W><W>window</W><W>all</W><W>day</W><C><W>and</W></C><W>night</W></xcope><W>.</W></SENTENCE><SENTENCE><W>WERE</W><W>WE</W><W>MISTAKEN</W><W>!</W></SENTENCE><SENTENCE><W>We</W><W>kicked</W><W>ourselves</W><W>the</W><W>entire</W><W>stay</W><W>for</W><C><cue ID="10" type="negation"><W>not</W></cue></C><xcope ID="22"><ref ID="25" SRC="10"></ref><W>staying</W><W>down</W><W>there</W></xcope><W>because</W><W>the</W><W>beach</W><W>was</W><W>100X</W><W>more</W><W>beautiful</W><W>than</W><W>the</W><W>hotel</W><W>&#39;s</W><W>,</W><W>there</W><W>were</W><W>hundreds</W><W>of</W><W>restaurants</W><W>,</W><C><W>and</W></C><W>the</W><W>area</W><W>had</W><W>some</W><W>of</W><W>the</W><W>most</W><W>stunning</W><W>architecture</W><W>we</W><W>had</W><W>even</W><W>seen</W><W>.</W></SENTENCE></P><P></P><P><SENTENCE><C><cue ID="11" type="speculation"><W>If</W></cue></C><xcope ID="23"><ref ID="24" SRC="11"></ref><W>you</W><W>do</W><W>travel</W><W>to</W><W>South</W><W>Beach</W><W>from</W><W>the</W><W>hotel</W></xcope><C><W>and</W></C><W>you</W><W>want</W><W>to</W><W>avoid</W><W>the</W><W>$</W><W>20-$</W><W>25</W><W>cab</W><W>fare</W><W>each</W><W>way</W><W>,</W><W>take</W><W>the</W><W>local</W><W>bus</W><W>.</W></SENTENCE><SENTENCE><W>There</W><W>are</W><W>three</W><W>lines</W><W>that</W><W>stop</W><W>in</W><W>front</W><W>of</W><W>the</W><W>hotel</W><C><W>and</W></C><W>the</W><W>fare</W><W>is</W><W>only</W><W>$</W><W>1</W><W>each</W><W>way</W><W>.</W></SENTENCE></P><P></P><P><SENTENCE><W>We</W><W>were</W><W>astonished</W><W>when</W><W>we</W><W>saw</W><W>that</W><W>the</W><W>Sheraton</W><W>Bal</W><W>Harbour</W><W>made</W><W>it</W><W>into</W><W>the</W><W>2003</W><W>Resorts</W><C><W>and</W></C><W>Great</W><W>Hotels</W><W>book</W><W>.</W></SENTENCE><SENTENCE><W>We</W><W>loved</W><W>Miami</W><C><W>and</W></C><W>count</W><W>the</W><W>months</W><W>until</W><W>we</W><W>go</W><W>back</W><W>(</W><W>to</W><W>South</W><W>Beach</W><W>)</W><W>.</W></SENTENCE><SENTENCE><W>Enjoy</W><W>your</W><W>trip</W><W>wherever</W><W>you</W><W>choose</W><W>to</W><W>stay</W><W>!</W></SENTENCE></P></DOCUMENT>
