<?xml version="1.0" encoding="UTF-8"?>
<DOCUMENT><P></P><P><SENTENCE><W>Located</W><W>on</W><W>the</W><W>Northern</W><W>end</W><W>of</W><W>the</W><W>Las</W><W>Vegas</W><W>Strip</W><W>,</W><W>The</W><W>Riviera</W><W>is</W><W>instantly</W><W>recognizable</W><W>by</W><W>it</W><W>&#39;s</W><W>huge</W><W>glittering</W><W>billboard</W><W>tower</W><W>.</W></SENTENCE><SENTENCE><W>It</W><W>advertises</W><W>itself</W><W>as</W><W>having</W><W>some</W><W>of</W><W>the</W><W>loosest</W><W>slots</W><W>in</W><W>Vegas</W><W>.</W></SENTENCE><SENTENCE><W>Uh</W><W>,</W><W>yeah</W><W>,</W><C><W>and</W></C><W>I</W><W>have</W><W>some</W><W>nice</W><W>lakefront</W><W>property</W><W>in</W><W>Pahrump</W><W>I</W><W>&#39;d</W><W>like</W><W>to</W><W>sell</W><W>you</W><W>!</W></SENTENCE></P><P></P><P><SENTENCE><W>Surrounded</W><W>by</W><W>tacky</W><W>joints</W><W>such</W><W>as</W><W>Westward</W><W>Ho</W><C><W>and</W></C><W>Circus</W><W>Circus</W><W>,</W><W>it</W><W>&#39;s</W><C><cue ID="0" type="speculation"><W>possible</W></cue></C><W>,</W><xcope ID="38"><ref ID="39" SRC="0"></ref><W>in</W><W>the</W><W>dark</W><W>,</W><W>to</W><W>see</W><W>the</W><W>Riviera</W><W>in</W><W>her</W><W>finest</W><W>lights</W></xcope><W>.</W></SENTENCE><SENTENCE><W>Walk</W><W>inside</W><C><W>and</W></C><W>to</W><W>your</W><W>immediate</W><W>left</W><W>is</W><W>the</W><W>a</W><W>pitch</W><W>man</W><W>with</W><W>microphone</W><W>,</W><W>extolling</W><W>the</W><W>riches</W><W>to</W><W>be</W><W>had</W><W>at</W><W>the</W><W>$</W><W>40</W><W>for</W><W>20</W><W>booth</W><W>.</W></SENTENCE><SENTENCE><W>Okay</W><W>,</W><W>we</W><W>tried</W><W>that</W><W>,</W><C><W>and</W></C><W>I</W><W>have</W><W>a</W><W>very</W><W>strange</W><W>plastic</W><W>tote</W><W>bag</W><W>,</W><W>cheapo</W><W>sun</W><W>visor</W><C><W>and</W></C><W>tee</W><W>shirt</W><W>,</W><W>all</W><W>free</W><W>advertising</W><W>for</W><W>the</W><W>hotel</W><W>casino</W><W>.</W></SENTENCE></P><P></P><P><SENTENCE><W>We</W><W>stayed</W><W>in</W><W>the</W><W>San</W><W>Remo</W><W>(</W><W>Pool</W><W>)</W><W>Tower</W><W>,</W><W>one</W><W>of</W><W>the</W><W>two</W><W>older</W><W>towers</W><W>,</W><W>facing</W><W>a</W><W>decent-sized</W><W>pool</W><W>.</W></SENTENCE><SENTENCE><xcope ID="38"><ref COMMENTS="" ID="39" SRC="1"></ref><W>A</W><W>narrow</W><W>room</W><W>with</W><W>fading</W><W>carpet</W><C><W>and</W></C><W>two</W><W>double</W><W>beds</W></xcope><C><cue ID="1" type="speculation"><W>seemed</W></cue></C><xcope ID="37"><ref ID="41" SRC="1"></ref><W>over-priced</W><W>at</W><W>$</W><W>89</W><W>a</W><W>night</W></xcope><W>.</W></SENTENCE><SENTENCE><W>It</W><W>was</W><W>,</W><W>when</W><W>you</W><W>consider</W><W>how</W><W>much</W><W>it</W><W>reminded</W><W>me</W><W>of</W><W>a</W><W>Motel</W><W>6</W><W>,</W><W>that</W><C><cue ID="2" type="speculation"><W>might</W></cue></C><xcope ID="36"><ref ID="40" SRC="2"></ref><W>charge</W><W>half</W><W>as</W><W>much</W></xcope><W>!</W></SENTENCE></P><P></P><P><SENTENCE><W>The</W><W>little</W><W>containers</W><W>of</W><W>generic</W><W>lotion</W><W>,</W><W>shampoo</W><C><W>and</W></C><W>soap</W><W>went</W><W>right</W><W>into</W><W>my</W><W>travel</W><W>bag</W><W>,</W><W>the</W><W>need</W><W>to</W><W>salvage</W><W>something</W><W>from</W><W>the</W><W>convention</W><W>package</W><W>gone</W><W>wrong</W><W>.</W></SENTENCE></P><P></P><P><SENTENCE><W>A</W><W>2</W><W>for</W><W>1</W><W>coupon</W><W>for</W><W>the</W><W>World</W><W>&#39;s</W><W>Fare</W><W>Buffet</W><W>was</W><W>the</W><W>sole</W><W>reason</W><W>for</W><W>trying</W><W>this</W><W>.</W></SENTENCE><SENTENCE><W>Remember</W><W>your</W><W>school</W><W>cafeteria</W><W>?</W></SENTENCE><SENTENCE><C><cue ID="3" type="speculation"><W>If</W></cue></C><xcope ID="35"><ref ID="42" SRC="3"></ref><W>you</W><W>liked</W><W>said</W><W>cafeteria</W></xcope><W>,</W><W>you</W><W>will</W><W>enjoy</W><W>this</W><W>one</W><W>,</W><W>replete</W><W>with</W><W>steamed</W><C><W>and</W></C><W>overcooked</W><W>fried</W><W>fish</W><W>,</W><W>meatloaf</W><W>,</W><W>fried</W><W>chicken</W><W>,</W><W>mashed</W><W>potatoes</W><W>,</W><W>canned-tasting</W><W>veggies</W><C><W>and</W></C><W>all</W><W>the</W><W>brown-edged</W><W>iceberg</W><W>lettuce</W><W>you</W><W>care</W><W>to</W><W>sink</W><W>your</W><W>teeth</W><W>into</W><W>.</W></SENTENCE><SENTENCE><W>Plenty</W><W>of</W><W>jello</W><C><W>and</W></C><W>stale</W><W>tasting</W><W>cake</W><W>in</W><W>case</W><W>you</W><W>&#39;re</W><W>still</W><W>hungry</W><W>.</W></SENTENCE><SENTENCE><W>Quantity</W><W>versus</W><W>quality</W><W>does</W><C><cue ID="4" type="negation"><W>not</W></cue></C><xcope ID="34"><ref ID="43" SRC="4"></ref><W>a</W><W>deal</W><W>make</W></xcope><W>!</W></SENTENCE></P><P></P><P><SENTENCE><W>Katy</W><W>&#39;s</W><W>Coffee</W><W>Shop</W><W>was</W><W>surprisingly</W><W>good</W><W>.</W></SENTENCE><SENTENCE><W>That</W><W>&#39;s</W><W>after</W><W>waiting</W><W>in</W><W>a</W><W>luncheon</W><W>line</W><W>,</W><W>(</W><W>we</W><W>had</W><W>1</W><W>hour</W><W>to</W><W>eat</W><W>during</W><W>the</W><W>Nursing</W><W>convention</W><W>)</W><W>.</W></SENTENCE><SENTENCE><W>Once</W><W>the</W><W>brassy</W><W>hostess</W><W>heard</W><W>we</W><W>wanted</W><W>the</W><W>non-smoking</W><W>section</W><W>,</W><W>you</W><C><cue ID="5" type="speculation"><W>would</W></cue></C><xcope ID="33"><ref ID="45" SRC="5"></ref><C><cue ID="6" type="speculation"><W>think</W></cue></C><xcope ID="32"><ref ID="44" SRC="6"></ref><W>we</W><W>had</W><W>insulted</W><W>her</W><W>personally</W></xcope></xcope><W>.</W></SENTENCE><SENTENCE><W>Patting</W><W>her</W><W>lacquered</W><W>bouffant</W><W>into</W><W>place</W><W>she</W><C><W>indicated</W></C><W>that</W><W>she</W><W>was</W><C><cue ID="7" type="negation"><W>not</W></cue></C><xcope ID="31"><ref ID="46" SRC="7"></ref><W>going</W><W>to</W><W>open</W><W>a</W><W>new</W><W>section</W><W>just</W><W>for</W><W>us</W></xcope><W>,</W><C><W>and</W></C><W>we</W><C><cue ID="8" type="speculation"><W>would</W></cue></C><xcope ID="30"><ref ID="47" SRC="8"></ref><W>have</W><W>to</W><W>step</W><W>aside</W><C><W>and</W></C><W>wait</W></xcope><W>.</W></SENTENCE><SENTENCE><W>After</W><W>another</W><W>15</W><W>to</W><W>20</W><W>minutes</W><W>of</W><W>watching</W><W>our</W><W>newly</W><W>arrived</W><W>friends</W><W>streaming</W><W>in</W><W>,</W><W>we</W><W>were</W><W>seated</W><W>.</W></SENTENCE><SENTENCE><W>The</W><W>Chinese</W><W>food</W><W>is</W><W>very</W><W>tasty</W><C><W>and</W></C><W>fresh</W><W>,</W><C><W>and</W></C><W>the</W><W>late</W><W>night</W><W>breakfast</W><C><W>and</W></C><W>Chinese</W><W>specials</W><W>were</W><W>a</W><W>deal</W><W>at</W><W>$</W><W>2.99</W><W>.</W></SENTENCE><SENTENCE><W>(</W><W>Yes</W><W>,</W><W>I</W><W>did</W><W>leave</W><W>a</W><W>tip</W><W>,</W><W>as</W><W>the</W><W>waitress</W><W>was</W><W>blameless</W><W>,</W><W>but</W><W>I</W><W>got</W><W>in</W><W>the</W><W>habit</W><W>of</W><W>carrying</W><W>around</W><W>comment</W><W>cards</W><W>to</W><W>complete</W><W>!</W><W>)</W></SENTENCE></P><P></P><P><SENTENCE><xcope ID="40"><ref COMMENTS="" ID="41" SRC="9"></ref><W>The</W><W>casino</W></xcope><W>itself</W><W>is</W><W>very</W><W>smokey</W><W>,</W><C><W>and</W></C><C><cue ID="9" type="speculation"><W>seems</W></cue></C><xcope ID="29"><ref ID="48" SRC="9"></ref><W>to</W><W>pride</W><W>itself</W><W>on</W><W>hidden</W><W>bathrooms</W></xcope><W>.</W></SENTENCE><SENTENCE><W>(</W><W>Hint</W><W>:</W><W>there</W><W>&#39;s</W><W>one</W><W>to</W><W>the</W><W>right</W><W>of</W><W>the</W><W>hotel</W><W>registration</W><W>desk</W><W>,</W><C><W>and</W></C><W>down</W><W>a</W><W>short</W><W>hallway</W><W>.</W><W>)</W></SENTENCE><SENTENCE><W>Low</W><W>rollers</W><W>will</W><W>love</W><W>Nickel</W><W>Town</W><W>,</W><W>I</W><W>know</W><W>I</W><W>did</W><W>,</W><W>with</W><W>the</W><W>$</W><W>.99</W><W>margaritas</W><C><W>and</W></C><W>the</W><W>chicken</W><W>finger/hot</W><W>dog/hamburger</W><W>specials</W><W>.</W></SENTENCE><SENTENCE><W>A</W><W>lot</W><W>of</W><W>room</W><W>is</W><W>devoted</W><W>to</W><W>slots</W><W>of</W><W>all</W><W>sorts</W><W>,</W><C><W>and</W></C><W>trust</W><W>me</W><W>,</W><W>this</W><W>casino</W><cue ID="42" type="negation"><W>is</W><W>n&#39;t</W></cue><xcope ID="43"><ref COMMENTS="" ID="44" SRC="42"></ref><W>giving</W><W>anything</W><W>away</W></xcope><W>,</W><W>folks</W><W>.</W></SENTENCE></P><P></P><P><SENTENCE><W>The</W><W>production</W><W>show</W><W>,</W><W>Splash</W><W>,</W><W>combines</W><W>motorcycles</W><W>,</W><W>reed</W><W>thin</W><W>show</W><W>girls</W><W>,</W><W>an</W><W>annoying</W><W>comedian</W><W>,</W><C><W>and</W></C><W>some</W><W>Ester</W><W>Williams</W><W>synchronized</W><W>swimming</W><W>.</W></SENTENCE><SENTENCE><W>It</W><W>&#39;s</W><W>dated</W><W>,</W><W>so</W><W>I</W><C><cue ID="10" type="speculation"><W>would</W></cue></C><xcope ID="28"><ref ID="49" SRC="10"></ref><W>only</W><W>try</W><W>it</W><W>with</W><W>one</W><W>of</W><W>the</W><W>2</W><W>for</W><W>1</W><W>coupons</W><W>from</W><W>the</W><W>freebie</W><W>mags</W></xcope><W>,</W><W>such</W><W>as</W><W>What</W><W>&#39;s</W><W>On</W><W>.</W></SENTENCE><SENTENCE><W>Most</W><W>guys</W><W>will</W><W>gravitate</W><W>to</W><W>the</W><W>cheesy</W><W>girlie</W><W>show</W><W>,</W><W>Crazy</W><W>Girls</W><W>.</W></SENTENCE><SENTENCE><W>As</W><W>I</W><W>was</W><W>waiting</W><W>for</W><W>another</W><W>show</W><W>,</W><W>I</W><W>studied</W><W>the</W><W>long</W><W>lines</W><W>of</W><W>glazed-eyed</W><W>zombies</W><W>exiting</W><W>the</W><W>show</W><W>.</W></SENTENCE><SENTENCE><W>Did</W><W>I</W><W>mention</W><W>I</W><W>was</W><W>there</W><W>for</W><W>a</W><W>Psychiatric</W><W>Nursing</W><W>convention</W><W>?</W></SENTENCE></P><P></P><P><SENTENCE><W>Besides</W><W>Nickel</W><W>Town</W><W>,</W><W>the</W><W>only</W><W>reason</W><W>I</W><C><cue ID="11" type="speculation"><W>might</W></cue></C><xcope ID="27"><ref ID="51" SRC="11"></ref><W>visit</W><W>the</W><W>Riviera</W></xcope><W>,</W><C><cue ID="12" type="speculation"><W>would</W></cue></C><xcope ID="26"><ref ID="50" SRC="12"></ref><W>be</W><W>the</W><W>excellent</W><W>female</W><W>impersonation</W><W>show</W></xcope><W>,</W><W>An</W><W>Evening</W><W>At</W><W>La</W><W>Cage</W><W>.</W></SENTENCE><SENTENCE><W>I</W><W>still</W><W>have</W><W>fond</W><W>memories</W><W>of</W><W>Frank</W><W>Marino</W><W>,</W><W>(</W><C><cue ID="13" type="negation"><W>no</W></cue></C><W>,</W><C><cue ID="14" type="negation"><W>not</W></cue></C><xcope ID="25"><ref ID="52" SRC="14"></ref><W>that</W><W>Frank</W><W>Marino</W></xcope><W>,</W><W>he</W><W>&#39;s</W><W>in</W><W>Canada</W><W>)</W><W>,</W><W>as</W><W>Joan</W><W>Rivers</W><W>.</W></SENTENCE><SENTENCE><W>This</W><W>is</W><W>one</W><W>super</W><W>talented</W><W>guy</W><W>,</W><C><W>and</W></C><W>there</W><W>are</W><W>some</W><W>great</W><W>numbers</W><W>with</W><W>Judy</W><W>,</W><W>Cher</W><W>,</W><W>Madonna</W><C><W>and</W></C><W>the</W><W>rest</W><W>of</W><W>the</W><W>girls</W><W>,</W><W>really</W><W>putting</W><W>their</W><W>hearts</W><W>into</W><W>it</W><W>.</W></SENTENCE></P><P></P><P><SENTENCE><C><cue ID="18" type="speculation"><W>If</W></cue></C><xcope ID="24"><ref ID="53" SRC="18"></ref><W>you</W><W>have</W><W>kids</W></xcope><W>,</W><W>try</W><W>Circus</W><W>Circus</W><W>,</W><W>right</W><W>across</W><W>the</W><W>street</W><W>,</W><C><W>and</W></C><W>with</W><W>room</W><W>deals</W><W>that</W><W>make</W><W>sense</W><W>for</W><W>this</W><W>part</W><W>of</W><W>the</W><W>Strip</W><W>.</W></SENTENCE><SENTENCE><W>Sandwiches</W><C><W>and</W></C><W>beer</W><W>deals</W><W>at</W><W>Westward</W><W>Ho</W><C><cue ID="19" type="speculation"><W>can</W></cue></C><xcope ID="23"><ref ID="54" SRC="19"></ref><W>be</W><W>recommended</W></xcope><W>,</W><C><W>and</W></C><W>you</W><W>will</W><C><cue ID="20" type="speculation"><W>probably</W></cue></C><xcope ID="22"><ref ID="55" SRC="20"></ref><W>find</W><W>a</W><W>nice</W><W>center</W><W>strip</W><W>hotel</W></xcope><W>,</W><W>(</W><W>try</W><W>Treasure</W><W>Island</W><W>)</W><W>,</W><W>for</W><W>the</W><W>same</W><W>price</W><W>you</W><W>&#39;d</W><W>wind</W><W>up</W><W>paying</W><W>here</W><W>.</W></SENTENCE></P></DOCUMENT>
