<?xml version="1.0" encoding="UTF-8"?>
<DOCUMENT><P></P><P><SENTENCE><W>The</W><W>last</W><W>time</W><W>I</W><W>visited</W><W>the</W><W>Riviera</W><W>was</W><C><cue ID="0" type="speculation"><W>probably</W></cue></C><xcope ID="18"><ref ID="20" SRC="0"></ref><W>several</W><W>years</W><W>ago</W></xcope><W>.</W></SENTENCE><SENTENCE><W>We</W><W>were</W><W>drawn</W><W>by</W><W>it</W><W>&#39;s</W><W>magnificent</W><W>sparkly</W><W>decor</W><W>,</W><W>which</W><W>is</W><W>a</W><W>little</W><W>deceiving</W><W>because</W><W>you</W><cue ID="1" type="negation"><W>do</W><W>n&#39;t</W></cue><xcope ID="19"><ref COMMENTS="" ID="21" SRC="1"></ref><W>get</W><W>what</W><W>you</W><C><W>expect</W></C><W>when</W><W>you</W><W>walk</W><W>in</W></xcope><W>.</W></SENTENCE><SENTENCE><W>I</W><cue ID="2" type="negation"><W>did</W><W>n&#39;t</W></cue><xcope ID="17"><ref COMMENTS="" ID="22" SRC="2"></ref><W>particularly</W><W>like</W><W>the</W><W>atmosphere</W><C><W>or</W></C><W>anything</W><W>about</W><W>it</W></xcope><W>.</W></SENTENCE><SENTENCE><W>walking</W><W>thru</W><W>the</W><W>casino</W><W>was</W><W>a</W><W>little</W><W>reminiscent</W><W>of</W><W>walking</W><W>thru</W><W>a</W><W>library</W><W>.</W></SENTENCE><SENTENCE><W>The</W><W>casino</W><W>was</W><W>extremely</W><W>quiet</W><W>.</W></SENTENCE><SENTENCE><W>For</W><W>a</W><W>moment</W><W>I</W><W>almost</W><W>felt</W><W>like</W><W>I</W><C><cue ID="3" type="speculation"><W>should</W></cue></C><xcope ID="16"><ref ID="23" SRC="3"></ref><W>be</W><W>whispering</W></xcope><W>.</W></SENTENCE><SENTENCE><W>Hopefully</W><W>it</W><W>&#39;s</W><W>changed</W><W>since</W><W>my</W><W>last</W><W>visit</W><W>.</W></SENTENCE></P><P></P><P><SENTENCE><W>As</W><W>far</W><W>as</W><W>playing</W><W>the</W><W>slots</W><W>,</W><W>I</W><cue ID="4" type="negation"><W>did</W><W>n&#39;t</W></cue><xcope ID="10"><ref COMMENTS="" ID="24" SRC="4"></ref><W>even</W><W>bother</W></xcope><W>.</W></SENTENCE><SENTENCE><W>My</W><W>decision</W><W>to</W><W>play</W><W>in</W><W>a</W><W>casino</W><W>is</W><W>usually</W><W>based</W><W>on</W><C><cue ID="5" type="speculation"><xcope ID="13"><ref ID="27" SRC="7"></ref><W>whether</W></xcope></cue></C><C><cue ID="7" type="speculation"><W>or</W></cue></C><xcope ID="12"><ref ID="26" SRC="7"></ref><C><cue ID="6" type="negation"><W>not</W></cue></C><xcope ID="11"><ref ID="25" SRC="6"></ref><W>there</W><W>&#39;s</W><W>any</W><W>noise</W></xcope></xcope><W>.</W></SENTENCE><SENTENCE><W>I</W><cue ID="8" type="negation"><W>did</W><W>n&#39;t</W></cue><xcope ID="14"><ref COMMENTS="" ID="28" SRC="8"></ref><W>even</W><W>hear</W><W>a</W><W>coin</W><W>drop</W></xcope><W>.</W></SENTENCE><SENTENCE><W>For</W><W>me</W><W>that</W><W>&#39;s</W><C><cue ID="9" type="negation"><W>not</W></cue></C><xcope ID="15"><ref ID="29" SRC="9"></ref><W>a</W><W>good</W><W>sign</W></xcope><W>.</W></SENTENCE><SENTENCE><W>The</W><W>sound</W><W>of</W><W>coins</W><W>,</W><W>music</W><W>,</W><W>even</W><W>people</W><W>screaming</W><W>(</W><W>for</W><W>winning</W><W>of</W><W>course</W><W>)</W><W>is</W><W>the</W><W>draw</W><W>.</W></SENTENCE><SENTENCE><W>Vegas</W><W>is</W><W>about</W><W>excitement</W><C><W>and</W></C><W>the</W><W>Riviera</W><W>was</W><C><W>lacking</W></C><W>in</W><W>that</W><W>department</W><W>.</W></SENTENCE></P></DOCUMENT>
