<?xml version="1.0" encoding="UTF-8"?>
<DOCUMENT><P></P><P><SENTENCE><C><cue ID="0" type="speculation"><W>If</W></cue></C><xcope ID="18"><ref COMMENTS="" ID="19" SRC="0"></ref><W>you</W><W>are</W><W>a</W><W>first</W><W>time</W><W>visitor</W><W>to</W><W>Vegas</W></xcope><W>,</W><W>DO</W><C><cue ID="1" type="negation"><W>NOT</W></cue></C><xcope ID="17"><ref ID="20" SRC="1"></ref><W>STAY</W><W>AT</W><W>THE</W><W>RIVIERA.</W></xcope></SENTENCE><SENTENCE><W>As</W><W>a</W><W>first</W><W>timer</W><W>,</W><W>I</W><W>was</W><W>extremely</W><W>excited</W><W>to</W><W>see</W><W>all</W><W>that</W><W>it</W><W>had</W><W>to</W><W>offer</W><W>.</W></SENTENCE><SENTENCE><W>I</W><W>booked</W><W>a</W><W>room</W><W>at</W><W>the</W><W>Riviera</W><W>through</W><W>a</W><W>travel</W><W>agency</W><C><cue ID="2" type="negation"><W>without</W></cue></C><xcope ID="16"><ref COMMENTS="" ID="21" SRC="2"></ref><W>doing</W><W>much</W><W>research</W></xcope><W>.</W></SENTENCE><SENTENCE><W>All</W><W>I</W><W>knew</W><W>it</W><W>was</W><W>that</W><W>it</W><W>was</W><W>cheap</W><C><W>and</W></C><W>on</W><W>the</W><W>north</W><W>end</W><W>of</W><W>the</W><W>strip</W><W>.</W></SENTENCE><SENTENCE><W>I</W><W>arrived</W><C><W>and</W></C><W>was</W><W>disappointed</W><W>.</W></SENTENCE><SENTENCE><C><cue ID="3" type="negation"><W>Not</W></cue></C><xcope ID="15"><ref ID="22" SRC="3"></ref><W>because</W><W>it</W><W>was</W><W>a</W><W>crummy</W><W>hotel/casino</W></xcope><W>,</W><W>its</W><W>a</W><W>good</W><W>clean</W><W>place</W><W>with</W><W>an</W><W>adequate</W><W>gambling</W><W>selection</W><W>,</W><W>it</W><W>just</W><cue ID="4" type="negation"><W>did</W><W>n&#39;t</W></cue><xcope ID="14"><ref COMMENTS="" ID="23" SRC="4"></ref><W>have</W><W>that</W><W>overwhelming</W><W>aspect</W><W>that</W><W>the</W><W>other</W><W>casinos</W><W>had</W></xcope><W>.</W></SENTENCE><SENTENCE><W>Its</W><W>small</W><C><W>and</W></C><W>very</W><W>unimpressive</W><W>compared</W><W>to</W><W>the</W><W>others</W><C><W>and</W></C><W>its</W><W>quite</W><W>a</W><W>walk</W><W>to</W><W>the</W><W>other</W><W>casinos</W><W>,(</W><C><W>except</W></C><W>for</W><W>the</W><W>Sahara</W><C><W>and</W></C><W>Stratosphere</W><W>)</W><W>.</W></SENTENCE><SENTENCE><W>So</W><C><cue ID="5" type="speculation"><W>if</W></cue></C><xcope ID="27"><ref ID="28" SRC="5"></ref><W>you</W><W>are</W><W>wanting</W><W>to</W><W>get</W><W>the</W><W>full</W><W>experience</W><W>the</W><W>first</W><W>time</W></xcope><W>,</W><W>pay</W><W>a</W><W>bit</W><W>more</W><C><W>and</W></C><xcope ID="13"><ref ID="24" SRC="6"></ref><W>stay</W><W>at</W><W>Treasure</W><W>Island</W></xcope><C><cue ID="6" type="speculation"><W>or</W></cue></C><xcope ID="12"><ref ID="25" SRC="6"></ref><W>something</W><W>in</W><W>the</W><W>midst</W><W>of</W><W>everything</W></xcope><W>.</W></SENTENCE><SENTENCE><W>The</W><W>Riviera</W><W>I</W><C><cue ID="7" type="speculation"><W>think</W></cue></C><xcope ID="10"><ref ID="26" SRC="7"></ref><W>is</W><W>best</W><W>for</W><W>those</W><W>who</W><W>have</W><W>been</W><W>to</W><W>Vegas</W><W>before</W></xcope><W>,</W><W>want</W><W>to</W><W>gamble</W><C><W>and</W></C><W>have</W><W>access</W><W>to</W><W>the</W><W>strip</W><W>,</W><W>but</W><W>do</W><W>n&#39;t</W><W>want</W><W>to</W><W>pay</W><W>for</W><W>all</W><W>the</W><W>sights</W><W>they</W><W>have</W><W>seen</W><W>before</W><W>.</W></SENTENCE></P><P></P><P><SENTENCE><W>As</W><W>a</W><W>side</W><W>note</W><W>,</W><cue ID="8" type="negation"><W>do</W><W>n&#39;t</W></cue><xcope ID="9"><ref COMMENTS="" ID="29" SRC="8"></ref><W>waste</W><W>your</W><W>money</W><W>on</W><W>Crazy</W><W>Girls</W></xcope><W>,</W><W>one</W><W>of</W><W>their</W><W>3</W><W>shows</W><W>,</W><W>the</W><W>show</W><W>is</W><W>as</W><W>unimpressive</W><W>as</W><W>the</W><W>hotel</W><C><W>and</W></C><W>the</W><W>&#34;</W><W>I</W><W>wanna</W><W>be</W><W>&#39;Grace</W><W>under</W><W>Fire</W><W>&#34;</W><W>comedian</W><W>is</W><W>awful</W><W>.</W></SENTENCE><SENTENCE><W>Just</W><W>awful</W><W>.</W></SENTENCE></P></DOCUMENT>
