<?xml version="1.0" encoding="UTF-8"?>
<DOCUMENT><P></P><P><SENTENCE><W>Although</W><W>I</W><W>have</W><C><cue ID="0" type="negation"><W>not</W></cue></C><xcope ID="15"><ref ID="16" SRC="0"></ref><W>had</W><W>the</W><W>&#34;pleasure</W><W>&#34;</W><W>of</W><W>staying</W><W>at</W><W>the</W><W>Riviera</W></xcope><W>,</W><W>I</W><W>have</W><W>visited</W><W>the</W><W>hotel</W><W>on</W><W>more</W><W>than</W><W>one</W><W>occasion</W><W>,</W><W>mainly</W><W>on</W><W>my</W><W>freebie</W><W>hunts</W><W>.(</W><W>Some</W></SENTENCE><SENTENCE><W>casinos</W><W>give</W><W>away</W><W>various</W><W>promotional</W><W>items</W><W>.</W><W>)</W></SENTENCE></P><P></P><P><SENTENCE><W>I</W><W>am</W><W>aware</W><W>that</W><W>the</W><W>Riviera</W><W>is</W><W>often</W><W>high</W><W>on</W><W>the</W><W>list</W><W>of</W><W>travel</W><W>package</W><W>bargains</W><W>,</W><W>but</W><W>it</W><W>is</W><C><cue ID="2" type="negation"><W>not</W></cue></C><xcope ID="12"><ref ID="18" SRC="2"></ref><W>a</W><W>place</W><W>I</W><C><cue ID="1" type="speculation"><W>would</W></cue></C><xcope ID="11"><ref ID="17" SRC="1"></ref><W>recommend</W><W>to</W><W>anyone</W></xcope></xcope><W>.</W></SENTENCE><SENTENCE><W>For</W><W>starters</W><W>,</W><W>the</W><W>facade</W><W>has</W><W>a</W><W>large</W><W>bronze</W><W>wall</W><W>sculpture</W><W>of</W><W>the</W><W>thong-wearing</W><W>showgirls</W><W>from</W><W>one</W><W>of</W><W>their</W><W>productions</W><W>(</W><W>Splash</W><W>?</W></SENTENCE><SENTENCE><W>Crazy</W><W>Girls</W><W>?</W><W>)</W><W>.</W></SENTENCE><SENTENCE><W>Basically</W><W>it</W><W>is</W><W>a</W><W>wall</W><W>of</W><W>butts</W><W>.</W></SENTENCE><SENTENCE><W>Classy</W><W>.</W></SENTENCE><SENTENCE><W>Moving</W><W>on</W><W>,</W><W>the</W><W>inside</W><W>is</W><W>very</W><W>&#34;old</W><W>&#34;</W><W>Vegas</W><W>-</W><W>tacky</W><W>old</W><W>carpeting</W><W>,</W><W>bright</W><W>neon</W><W>lights</W><W>,</W><C><W>and</W></C><W>at</W><W>one</W><W>entrance</W><W>,</W><W>a</W><W>carnival</W><W>con</W><W>man-type</W><W>talking</W><W>into</W><W>a</W><W>mike</W><W>trying</W><W>to</W><W>get</W><W>people</W><W>to</W><W>pony</W><W>up</W><W>$</W><W>20</W><xcope ID="13"><ref ID="20" SRC="4"></ref><W>for</W><W>$</W><W>40</W></xcope><C><cue ID="4" type="speculation"><W>or</W></cue></C><xcope ID="14"><ref ID="19" SRC="4"></ref><W>$</W><W>50</W></xcope><W>worth</W><W>of</W><W>slot</W><W>play</W><W>,</W><W>which</W><W>you</W><W>are</W><W>almost</W><W>guaranteed</W><W>to</W><W>lose</W><C><W>and</W></C><W>then</W><W>you</W><C><cue ID="3" type="speculation"><W>can</W></cue></C><xcope ID="10"><ref ID="21" SRC="3"></ref><W>pick</W><W>out</W><W>a</W><W>lovely</W><W>&#34;prize</W><W>&#34;</W><W>from</W><W>one</W><W>of</W><W>their</W><W>counters</W></xcope><W>.</W></SENTENCE><SENTENCE><W>Cheesy</W><W>.</W></SENTENCE></P><P></P><P><SENTENCE><W>The</W><W>Riviera</W><W>is</W><W>located</W><W>on</W><W>a</W><W>part</W><W>of</W><W>the</W><W>Strip</W><W>that</W><W>is</W><W>removed</W><W>from</W><W>the</W><W>more</W><W>populated</W><W>,</W><W>safe</W><W>,</W><C><W>and</W></C><W>&#34;happening</W><W>&#34;</W><W>areas</W><W>,</W><W>which</W><W>are</W><W>mid-Strip</W><C><W>and</W></C><W>South</W><W>Strip</W><W>.</W></SENTENCE><SENTENCE><W>The</W><W>Riviera</W><W>is</W><W>located</W><W>on</W><W>North</W><W>Strip</W><C><W>and</W></C><W>is</W><W>near</W><W>the</W><W>Stratosphere</W><W>,</W><W>Circus</W><W>Circus</W><W>,</W><W>Slots-a-Fun</W><W>,</W><C><W>and</W></C><W>Silver</W><W>City</W><W>.</W></SENTENCE><SENTENCE><W>They</W><W>are</W><W>all</W><W>old</W><W>generation</W><W>hotels</W><C><W>and</W></C><W>are</W><W>a</W><W>painful</W><W>walk</W><W>from</W><W>the</W><W>newer</W><W>properties</W><W>on</W><W>the</W><W>Strip</W><W>.</W></SENTENCE><SENTENCE><W>That</W><W>part</W><W>of</W><W>the</W><W>Strip</W><W>is</W><W>also</W><W>palpably</W><W>more</W><W>seedy</W><W>-</W><W>on</W><W>one</W><W>occasion</W><W>I</W><W>witnessed</W><W>a</W><W>man</W><W>standing</W><W>next</W><W>to</W><W>a</W><W>garbage</W><C><W>can</W></C><W>,</W><W>removing</W><W>a</W><W>rubber</W><W>arm</W><W>tie</W><W>from</W><W>his</W><W>arm</W><W>,</W><C><cue ID="6" type="speculation"><W>presumably</W></cue></C><xcope ID="9"><ref ID="22" SRC="6"></ref><W>after</W><W>shooting</W><W>up</W></xcope><W>,</W><W>judging</W><W>by</W><W>his</W><W>appearance</W><W>.</W></SENTENCE><SENTENCE><W>Things</W><W>like</W><W>this</W><W>really</W><W>take</W><W>away</W><W>from</W><W>a</W><W>vacation</W><W>.</W></SENTENCE></P><P></P><P><SENTENCE><W>So</W><W>for</W><W>me</W><W>,</W><W>the</W><W>Riviera</W><W>is</W><C><cue ID="7" type="negation"><W>not</W></cue></C><xcope ID="8"><ref ID="23" SRC="7"></ref><W>even</W><W>on</W><W>my</W><W>list</W><W>of</W><W>&#34;maybe</W><W>&#34;</W><W>hotels</W><W>when</W><W>I</W><W>go</W><W>to</W><W>Vegas</W></xcope><W>.</W></SENTENCE></P></DOCUMENT>
