<?xml version="1.0" encoding="UTF-8"?>
<DOCUMENT><P></P><P><SENTENCE><W>It</W><W>is</W><W>with</W><W>considerable</W><W>trepidation</W><W>that</W><W>I</W><W>commence</W><W>on</W><W>a</W><W>review</W><W>of</W><W>the</W><W>Benson</W><W>Hotel</W><W>that</W><W>refutes</W><W>tombarnes</W><W>&#39;</W><W>excellent</W><W>review</W><W>of</W><W>this</W><W>same</W><W>property</W><W>.</W></SENTENCE><SENTENCE><W>Still</W><W>,</W><W>one</W><W>of</W><W>the</W><W>hallmarks</W><W>of</W><W>a</W><W>really</W><W>good</W><W>hotel</W><W>is</W><W>consistency</W><W>of</W><W>service</W><W>,</W><C><W>and</W></C><W>while</W><W>I</W><W>&#39;m</W><W>willing</W><W>to</W><W>concede</W><W>that</W><W>my</W><W>review</W><W>is</W><W>based</W><W>on</W><W>a</W><W>sample</W><W>size</W><W>of</W><W>only</W><W>one</W><W>,</W><W>I</W><C><cue ID="0" type="speculation"><W>think</W></cue></C><xcope ID="33"><ref ID="102" SRC="0"></ref><W>my</W><W>conclusions</W><W>are</W><W>nevertheless</W><W>valid</W><W>.</W></xcope></SENTENCE></P><P></P><P><SENTENCE><C><W>And</W></C><W>my</W><C><W>conclusion</W></C><W>is</W><W>this</W><W>:</W><W>you</W><W>wo</W><W>n&#39;t</W><W>find</W><W>me</W><W>staying</W><W>at</W><W>The</W><W>Benson</W><W>again</W><W>.</W></SENTENCE></P><P></P><P><SENTENCE><W>As</W><W>a</W><W>native</W><W>Portlander</W><W>,</W><W>I</W><W>have</W><W>of</W><W>course</W><W>always</W><W>been</W><W>aware</W><W>of</W><W>this</W><W>place</W><W>,</W><W>with</W><W>its</W><W>distinctive</W><W>architecture</W><W>,</W><W>prime</W><W>location</W><W>,</W><C><W>and</W></C><W>ridiculously</W><W>liveried</W><W>doormen</W><W>.</W></SENTENCE><SENTENCE><W>Most</W><W>locals</W><C><cue ID="2" type="speculation"><W>would</W></cue></C><xcope ID="35"><ref ID="101" SRC="2"></ref><C><cue ID="3" type="negation"><W>not</W></cue></C><xcope ID="34"><ref ID="100" SRC="3"></ref><W>hesitate</W><W>to</W><W>name</W><W>The</W><W>Benson</W><W>Hotel</W><W>as</W><W>the</W><W>luxury</W><W>lodging</W><W>in</W><W>town</W></xcope></xcope><W>.</W></SENTENCE><SENTENCE><W>It</W><W>&#39;s</W><W>a</W><W>favorite</W><W>for</W><W>wedding</W><W>nights</W><W>,</W><W>prom</W><W>nights</W><W>,</W><W>anniversaries</W><W>,</W><C><W>and</W></C><C><cue ID="1" type="speculation"><W>probably</W></cue></C><xcope ID="36"><ref ID="99" SRC="1"></ref><W>for</W><W>sleazy</W><W>but</W><W>high-dollar</W><W>office</W><W>liaisons</W><W>too</W><W>.</W></xcope></SENTENCE></P><P></P><P><SENTENCE><W>For</W><W>my</W><W>money</W><W>,</W><W>however</W><W>,</W><W>regardless</W><W>of</W><W>your</W><W>intent</W><W>,</W><W>you</W><C><cue ID="4" type="speculation"><W>can</W></cue></C><xcope ID="37"><ref ID="98" SRC="4"></ref><W>do</W><W>better</W><W>than</W><W>The</W><W>Benson</W></xcope><W>.</W></SENTENCE></P><P></P><P><SENTENCE><W>The</W><W>hotel</W><W>:</W></SENTENCE></P><P></P><P><SENTENCE><W>Built</W><W>in</W><W>1912</W><W>by</W><W>local</W><W>timber</W><W>baron</W><W>Simon</W><W>Benson</W><W>,</W><W>the</W><W>hotel</W><W>lobby</W><W>displays</W><W>all</W><W>the</W><W>style</W><C><W>and</W></C><W>excess</W><W>of</W><W>the</W><W>boom</W><W>era</W><W>in</W><W>which</W><W>it</W><W>was</W><W>built</W><W>.</W></SENTENCE><SENTENCE><W>The</W><W>lobby</W><W>features</W><W>beautiful</W><W>wood</W><W>paneling</W><W>,</W><W>ornate</W><W>finish</W><W>work</W><W>,</W><C><W>and</W></C><W>a</W><W>chummy</W><W>bar</W><W>area</W><W>.</W></SENTENCE><SENTENCE><W>Chandeliers</W><W>,</W><W>marble</W><W>floors</W><W>,</W><C><W>and</W></C><W>a</W><W>grand</W><W>piano</W><W>add</W><W>to</W><W>the</W><W>elegance</W><W>of</W><W>the</W><W>space</W><W>.</W></SENTENCE></P><P></P><P><SENTENCE><W>Unfortunately</W><W>(</W><C><W>and</W></C><W>this</W><W>is</W><W>by</W><C><cue ID="5" type="negation"><W>no</W></cue></C><xcope ID="38"><ref ID="97" SRC="5"></ref><W>means</W><W>a</W><W>phenomenon</W><W>limited</W><W>to</W><W>The</W><W>Benson</W></xcope><W>)</W><W>,</W><W>the</W><W>lobby</W><W>also</W><W>features</W><W>hoardes</W><W>of</W><W>slack-jawed</W><W>gawkers</W><W>,</W><W>at</W><W>least</W><W>half</W><W>of</W><W>whom</W><W>are</W><W>wearing</W><W>bermuda</W><W>shorts</W><C><W>and</W></C><W>talking</W><W>too</W><W>loudly</W><W>.</W></SENTENCE><SENTENCE><W>The</W><W>room</W><W>is</W><W>n&#39;t</W><W>especially</W><W>large</W><W>,</W><C><W>and</W></C><W>the</W><W>hubbub</W><W>of</W><W>traffic</W><W>makes</W><W>it</W><W>a</W><W>less</W><W>dignified</W><C><W>and</W></C><W>special</W><W>place</W><W>than</W><W>the</W><W>decor</W><C><cue ID="6" type="speculation"><W>would</W></cue></C><C><cue ID="7" type="speculation"><xcope ID="39"><ref ID="96" SRC="6"></ref><W>suggest</W></xcope></cue></C><W>.</W></SENTENCE></P><P></P><P><SENTENCE><W>There</W><W>&#39;s</W><W>a</W><W>weird</W><W>preponderance</W><W>of</W><W>ashtrays</W><W>throughout</W><W>the</W><W>hotel</W><W>.</W></SENTENCE><SENTENCE><W>I</W><C><cue ID="8" type="speculation"><W>think</W></cue></C><xcope ID="40"><ref ID="95" SRC="8"></ref><W>this</W><W>is</W><W>a</W><W>vestigial</W><W>reminder</W><W>of</W><W>the</W><W>hotels</W><W>boom</W><W>days</W></xcope><W>,</W><W>when</W><W>smoking</W><W>was</W><W>a</W><W>far</W><W>more</W><W>prevalent</W><W>practice</W><W>.</W></SENTENCE><SENTENCE><W>Every</W><W>table</W><W>in</W><W>the</W><W>lobby</W><W>holds</W><W>an</W><W>ashtray</W><W>,</W><W>despite</W><C><cue ID="9" type="negation"><W>no</W></cue></C><xcope ID="41"><ref ID="94" SRC="9"></ref><W>olfactory</W><W>evidence</W></xcope><W>that</W><W>anyone</W><W>has</W><W>actually</W><W>smoked</W><W>in</W><W>that</W><W>room</W><W>since</W><W>Simon</W><W>Benson</W><C><W>and</W></C><W>his</W><W>buddies</W><W>sparked</W><W>up</W><W>their</W><W>Havanas</W><W>at</W><W>the</W><W>hotels</W><W>gala</W><W>opening</W><W>.</W></SENTENCE></P><P></P><P><SENTENCE><W>Checking</W><W>in</W><W>:</W></SENTENCE></P><P></P><P><SENTENCE><W>We</W><W>were</W><W>n&#39;t</W><W>even</W><W>planning</W><W>to</W><W>stay</W><W>at</W><W>The</W><W>Benson</W><W>-</W><W>but</W><W>a</W><W>last-minute</W><W>bid</W><W>on</W><W>Priceline</W><W>landed</W><W>us</W><W>a</W><W>room</W><W>for</W><W>around</W><W>$</W><W>90</W><W>-</W><W>about</W><W>half</W><W>the</W><W>lowest</W><W>promotional</W><W>rate</W><W>available</W><W>on</W><W>the</W><W>hotel</W><W>website</W><W>,</W><W>so</W><W>we</W><W>decided</W><W>to</W><C><W>investigate</W></C><W>the</W><W>place</W><W>.</W></SENTENCE><SENTENCE><W>Best</W><W>I</W><C><cue ID="10" type="speculation"><W>can</W></cue></C><xcope ID="42"><ref ID="93" SRC="10"></ref><W>tell</W></xcope><W>,</W><W>the</W><W>rack</W><W>rate</W><W>for</W><W>rooms</W><W>at</W><W>The</W><W>Benson</W><W>range</W><W>from</W><W>around</W><W>$</W><W>200</W><W>to</W><W>well</W><W>over</W><W>$</W><W>500</W><W>per</W><W>night</W><W>.</W></SENTENCE></P><P></P><P><SENTENCE><W>When</W><W>we</W><W>checked</W><W>in</W><W>,</W><W>the</W><W>desk</W><W>clerk</W><W>offered</W><W>us</W><W>our</W><W>choice</W><W>of</W><xcope ID="44"><ref ID="92" SRC="11"></ref><W>a</W><W>smoking</W><W>room</W><W>with</W><W>a</W><W>king-sized</W><W>bed</W></xcope><C><cue ID="11" type="speculation"><W>or</W></cue></C><xcope ID="43"><ref ID="91" SRC="11"></ref><W>a</W><W>non-smoking</W><W>room</W><W>with</W><W>two</W><W>double</W><W>beds</W></xcope><W>.</W></SENTENCE><SENTENCE><W>I</W><W>realize</W><W>that</W><W>Priceline</W><W>makes</W><C><cue ID="12" type="negation"><W>no</W></cue></C><xcope ID="45"><ref ID="90" SRC="12"></ref><W>guarantees</W><W>regarding</W><W>the</W><W>room</W></xcope><W>,</W><W>but</W><W>my</W><W>usual</W><W>experience</W><W>is</W><W>that</W><W>the</W><W>hotel</W><W>will</W><W>do</W><W>its</W><W>best</W><W>to</W><W>accommodate</W><W>visitor</W><W>preferences</W><W>.</W></SENTENCE><SENTENCE><C><cue ID="14" type="negation"><W>Not</W></cue></C><W>so</W><W>at</W><W>The</W><W>Benson</W><W>.</W></SENTENCE><SENTENCE><W>Our</W><W>choices</W><W>were</W><W>offered</W><W>in</W><W>such</W><W>a</W><W>desultory</W><W>,</W><W>offhand</W><W>,</W><xcope ID="47"><ref ID="89" SRC="13"></ref><W>&#34;take</W><W>it</W></xcope><C><cue ID="13" type="speculation"><W>or</W></cue></C><xcope ID="46"><ref ID="88" SRC="13"></ref><W>leave</W><W>it</W></xcope><W>&#34;</W><W>fashion</W><W>that</W><W>I</W><W>got</W><W>peeved</W><C><W>and</W></C><W>loudly</W><C><cue ID="15" type="speculation"><W>suggested</W></cue></C><xcope ID="48"><ref ID="87" SRC="15"></ref><W>that</W><W>we</W><W>indeed</W><W>leave</W><W>it</W><C><W>and</W></C><W>find</W><W>lodging</W><W>elsewhere</W></xcope><W>.</W></SENTENCE><SENTENCE><W>The</W><W>cooler-headed</W><W>PrfStars</W><W>prevailed</W><W>upon</W><W>me</W><W>to</W><W>take</W><W>the</W><W>room</W><W>with</W><W>two</W><W>double</W><W>beds</W><W>.</W></SENTENCE></P><P></P><P><SENTENCE><W>Our</W><W>room</W><W>:</W></SENTENCE></P><P></P><P><SENTENCE><W>Upon</W><W>entering</W><W>the</W><W>elevator</W><W>,</W><W>we</W><W>experienced</W><W>a</W><W>momentary</W><W>burst</W><W>of</W><W>enthusiasm</W><W>when</W><W>we</W><W>realized</W><W>that</W><W>our</W><W>12th</W><W>floor</W><W>room</W><W>was</W><W>at</W><W>the</W><W>top</W><W>of</W><W>the</W><W>hotel</W><W>,</W><W>with</W><W>only</W><W>the</W><W>astronomically-priced</W><W>penthouse</W><W>suites</W><W>above</W><W>us</W><W>.</W></SENTENCE><SENTENCE><W>Upon</W><W>entering</W><W>our</W><W>room</W><W>,</W><W>however</W><W>,</W><W>all</W><W>thoughts</W><W>of</W><W>luxury</W><W>and/or</W><W>panoramic</W><W>views</W><W>fled</W><W>.</W></SENTENCE></P><P></P><P><SENTENCE><W>Our</W><W>room</W><W>was</W><W>,</W><W>uh</W><W>,</W><W>cozy</W><W>,</W><W>particularly</W><W>given</W><W>the</W><W>large</W><W>footprint</W><W>of</W><W>two</W><W>double</W><W>beds</W><W>.</W></SENTENCE><SENTENCE><W>However</W><W>,</W><W>any</W><W>consideration</W><W>of</W><W>the</W><W>room</W><C><W>and</W></C><W>its</W><W>amenities</W><W>was</W><W>completely</W><W>overshadowed</W><W>by</W><W>the</W><W>view</W><W>,</W><W>which</W><W>was</W><W>spectacularly</W><W>bad</W><W>-</W><W>indeed</W><W>,</W><W>I</W><cue ID="16" type="negation"><W>do</W><W>n&#39;t</W></cue><xcope ID="49"><ref COMMENTS="" ID="86" SRC="16"></ref><W>know</W><W>that</W><W>I</W><W>&#39;ve</W><W>ever</W><W>experienced</W><W>a</W><W>worse</W><W>one</W></xcope><W>.</W></SENTENCE></P><P></P><P><SENTENCE><C><cue ID="17" type="speculation"><W>If</W></cue></C><xcope ID="50"><ref ID="85" SRC="17"></ref><W>you</W><W>want</W><W>to</W><W>experience</W><W>our</W><W>view</W></xcope><W>,</W><W>step</W><W>outside</W><W>,</W><W>stand</W><W>in</W><W>a</W><W>parking</W><W>lot</W><W>,</W><W>bend</W><W>90</W><W>degrees</W><W>at</W><W>the</W><W>waist</W><C><W>and</W></C><W>focus</W><W>intently</W><W>on</W><W>the</W><W>view</W><W>at</W><W>your</W><W>feet</W><W>-</W><W>that</W><W>&#39;s</W><W>what</W><W>we</W><W>saw</W><W>(</W><W>minus</W><W>your</W><W>feet</W><W>,</W><W>of</W><W>course</W><W>)</W><W>.</W></SENTENCE><SENTENCE><W>Our</W><W>windows</W><W>looked</W><W>about</W><W>30</W><W>feet</W><W>directly</W><W>across</W><W>an</W><W>interior</W><W>airwell</W><W>to</W><W>an</W><W>absolutely</W><W>featureless</W><W>concrete</W><W>wall</W><W>.</W></SENTENCE><SENTENCE><W>The</W><W>scary</W><W>part</W><W>,</W><W>of</W><W>course</W><W>,</W><W>is</W><W>that</W><W>we</W><W>were</W><W>near</W><W>the</W><W>very</W><W>top</W><W>of</W><W>the</W><W>building</W><W>,</W><C><W>and</W></C><W>benefited</W><W>from</W><W>at</W><W>least</W><W>a</W><W>little</W><W>light</W><W>from</W><W>the</W><W>sky</W><W>-</W><W>I</W><W>really</W><W>pity</W><W>the</W><W>poor</W><W>folks</W><W>who</W><W>pay</W><W>rack</W><W>rate</W><W>for</W><W>a</W><W>gloomy</W><W>fourth</W><W>floor</W><W>view</W><W>of</W><W>the</W><W>same</W><W>thing</W><W>.</W></SENTENCE></P><P></P><P><SENTENCE><W>For</W><W>an</W><W>old</W><W>building</W><W>,</W><W>the</W><W>room</W><W>was</W><W>in</W><W>adequate</W><W>,</W><C><cue ID="19" type="speculation"><W>if</W></cue></C><xcope ID="54"><ref ID="84" SRC="19"></ref><C><cue ID="18" type="negation"><W>not</W></cue></C><xcope ID="53"><ref ID="83" SRC="18"></ref><W>pristine</W><W>,</W><W>condition</W></xcope></xcope><W>.</W></SENTENCE><SENTENCE><W>Lighting</W><W>was</W><W>sketchy</W><W>at</W><W>best</W><W>...</W><W>at</W><W>some</W><W>point</W><W>in</W><W>the</W><W>evening</W><W>I</W><W>tried</W><W>to</W><W>find</W><W>something</W><W>in</W><W>the</W><W>closet</W><W>,</W><C><W>and</W></C><W>it</W><W>was</W><W>only</W><W>by</W><W>dumb</W><W>luck</W><W>that</W><W>my</W><W>flailing</W><W>arms</W><W>hit</W><W>a</W><W>dangling</W><W>string</W><W>that</W><W>was</W><W>attached</W><W>to</W><W>a</W><W>bulb</W><W>in</W><W>the</W><W>closet</W><W>.</W></SENTENCE><SENTENCE><W>Additionally</W><W>,</W><W>the</W><W>desk</W><W>lamp</W><W>(</W><W>which</W><W>provided</W><W>the</W><W>only</W><W>light</W><W>other</W><W>than</W><W>the</W><W>wall</W><W>switch-controlled</W><W>bedside</W><W>lamp</W><W>)</W><W>was</W><W>inoperable</W><W>.</W></SENTENCE></P><P></P><P><SENTENCE><W>The</W><W>walls</W><C><W>and</W></C><W>fixtures</W><W>were</W><W>in</W><W>decent</W><W>shape</W><W>,</W><W>with</W><W>trademark</W><W>beige</W><W>,</W><W>white</W><W>,</W><C><W>and</W></C><W>black</W><W>window</W><W>coverings</W><C><W>and</W></C><W>shower</W><W>curtain</W><W>(</W><W>which</W><W>I</W><W>found</W><W>eerily</W><W>reminiscent</W><W>of</W><W>Yasser</W><W>Arafat</W><W>&#39;s</W><W>headcovering</W><W>)</W><W>,</W><W>mottled</W><W>beige</W><W>walls</W><W>,</W><W>a</W><W>couple</W><W>of</W><W>boring</W><W>pictures</W><W>,</W><C><W>and</W></C><W>so-so</W><W>linens</W><W>.</W></SENTENCE></P><P></P><P><SENTENCE><W>Amenities</W><W>included</W><W>a</W><W>ludicrously-priced</W><W>honor</W><W>bar</W><W>,</W><W>two</W><W>nice</W><W>terrycloth</W><W>robes</W><W>,</W><C><W>and</W></C><W>a</W><W>two-line</W><W>phone</W><W>.</W></SENTENCE><SENTENCE><W>Resident</W><W>bathroom</W><W>expert</W><W>PrfStars</W><W>reports</W><W>that</W><W>that</W><W>room</W><W>suffered</W><W>from</W><W>the</W><C><W>lack</W></C><W>of</W><W>a</W><W>fan</W><C><W>and</W></C><W>that</W><W>the</W><W>toiletries</W><W>were</W><W>only</W><W>marginal</W><W>.</W></SENTENCE></P><P></P><P><SENTENCE><C><W>Instead</W></C><W>of</W><W>separate</W><W>shampoo</W><C><W>and</W></C><W>conditioner</W><W>,</W><W>The</W><W>Benson</W><W>offers</W><W>a</W><W>&#34;</W><W>conditioning</W><W>shampoo&#34;</W><W>,</W><W>which</W><W>is</W><W>evidently</W><W>a</W><W>bad</W><W>thing</W><W>.</W></SENTENCE><SENTENCE><W>I</W><W>did</W><W>nt</W><W>know</W><W>that</W><W>.</W></SENTENCE><SENTENCE><W>Anyway</W><W>,</W><W>in</W><W>addition</W><W>,</W><W>a</W><W>small</W><W>shelf</W><W>in</W><W>the</W><W>bathroom</W><W>held</W><W>a</W><W>shower</W><W>cap</W><W>(</W><W>does</W><W>anyone</W><W>actually</W><W>use</W><W>those</W><W>anymore</W><W>?</W><W>)</W><W>,</W><W>sewing</W><W>kit</W><W>,</W><W>rosemary-scented</W><W>body</W><W>wash</W><W>(</W><W>&#34;</W><W>Who</W><W>wants</W><W>to</W><W>smell</W><W>like</W><W>focaccia</W><W>?</W><W>&#34;</W></SENTENCE><SENTENCE><W>PrfStars</W><W>)</W><W>,</W><C><W>and</W></C><W>of</W><W>course</W><W>the</W><W>obligatory</W><W>lint-free</W><W>all-purpose</W><W>cloth</W><W>thing</W><W>.</W></SENTENCE><SENTENCE><W>Oh</W><W>,</W><C><W>and</W></C><W>a</W><W>glass</W><W>jar</W><W>of</W><W>cotton</W><W>balls</W><C><W>and</W></C><W>swabs</W><W>,</W><W>which</W><W>sort</W><W>of</W><W>skeeved</W><W>me</W><W>,</W><W>like</W><W>other</W><W>people</W><W>had</W><W>been</W><W>fumbling</W><W>around</W><W>in</W><W>the</W><W>same</W><W>jar</W><W>.</W></SENTENCE></P><P></P><P><SENTENCE><W>The</W><W>Benson</W><W>offers</W><W>nightly</W><W>turn-down</W><W>service</W><W>.</W></SENTENCE><SENTENCE><W>When</W><W>we</W><W>returned</W><W>from</W><W>dinner</W><W>,</W><W>our</W><W>room</W><W>had</W><W>been</W><W>straightened</W><W>up</W><W>,</W><W>sheets</W><W>turned</W><W>down</W><W>,</W><C><W>and</W></C><W>a</W><W>couple</W><W>of</W><W>chocolates</W><W>placed</W><W>on</W><W>the</W><W>nightstand</W><W>.</W></SENTENCE><SENTENCE><W>Hideous</W><W>lite</W><W>rock</W><W>music</W><W>was</W><W>softly</W><W>playing</W><W>from</W><W>the</W><W>bedside</W><W>clock</W><W>radio</W><W>.</W></SENTENCE><SENTENCE><W>Nevertheless</W><W>,</W><W>it</W><W>was</W><W>a</W><W>nice</W><W>touch</W><W>,</W><W>I</W><W>guess</W><W>.</W></SENTENCE></P><P></P><P><SENTENCE><W>A</W><W>final</W><W>,</W><W>comprehensive</W><W>gripe</W><W>:</W></SENTENCE></P><P></P><P><SENTENCE><W>The</W><W>most</W><W>significant</W><W>impression</W><W>I</W><W>got</W><W>from</W><W>our</W><W>stay</W><W>at</W><W>The</W><W>Benson</W><W>was</W><W>of</W><W>rampant</W><C><W>and</W></C><W>utterly</W><W>unwarranted</W><W>price</W><W>gouging</W><W>.</W></SENTENCE><SENTENCE><W>I</W><W>have</W><C><cue ID="20" type="negation"><W>no</W></cue></C><xcope ID="55"><ref ID="82" SRC="20"></ref><W>problem</W><W>with</W><W>a</W><W>hotel</W><W>charging</W><W>premium</W><W>prices</W><W>for</W><W>unique</W><W>and/or</W><W>high</W><W>quality</W><W>products</W></xcope><W>.</W></SENTENCE><SENTENCE><W>Indeed</W><W>,</W><W>it</W><W>s</W><W>sometimes</W><W>fun</W><W>to</W><W>splurge</W><W>on</W><W>such</W><W>luxuries</W><W>.</W></SENTENCE><SENTENCE><W>But</W><W>when</W><xcope ID="56"><ref ID="81" SRC="21"></ref><W>Im</W><W>asked</W><W>to</W><W>pay</W><W>three</W></xcope><C><cue ID="21" type="speculation"><W>or</W></cue></C><xcope ID="57"><ref ID="80" SRC="21"></ref><W>four</W><W>times</W></xcope><W>the</W><W>market</W><W>price</W><W>for</W><W>ubiquitous</W><W>,</W><W>easily</W><W>obtainable</W><W>things</W><W>,</W><W>I</W><W>just</W><C><W>feel</W></C><W>exploited</W><W>.</W></SENTENCE></P><P></P><P><SENTENCE><W>The</W><W>rooms</W><W>are</W><W>substantially</W><W>overpriced</W><W>,</W><W>at</W><W>least</W><W>at</W><W>the</W><W>rates</W><W>that</W><W>most</W><W>guests</W><W>will</W><W>pay</W><W>.</W></SENTENCE><SENTENCE><W>Ancillary</W><W>services</W><W>,</W><W>such</W><W>as</W><W>parking</W><W>,</W><W>honor</W><W>bar</W><W>,</W><W>laundry</W><W>,</W><C><W>and</W></C><W>business</W><W>services</W><W>are</W><W>equally</W><W>inflated</W><W>.</W></SENTENCE><SENTENCE><W>But</W><W>nowhere</W><W>is</W><W>overpricing</W><W>more</W><W>evident</W><W>than</W><W>in</W><W>the</W><W>hotel</W><W>&#39;s</W><W>dining</W><W>options</W><W>.</W></SENTENCE></P><P></P><P><SENTENCE><W>The</W><W>Benson</W><W>has</W><W>two</W><W>associated</W><W>restaurants</W><W>:</W><W>the</W><W>London</W><W>Grill</W><W>,</W><W>located</W><W>in</W><W>the</W><W>gloomy</W><W>depths</W><W>of</W><W>the</W><W>hotels</W><W>basement</W><W>,</W><C><W>and</W></C><W>the</W><W>Gaucho</W><W>Steakhouse</W><W>,</W><W>located</W><W>at</W><W>street</W><W>level</W><W>adjacent</W><W>to</W><W>the</W><W>lobby</W><W>.</W></SENTENCE><SENTENCE><W>Both</W><W>offer</W><W>decent</W><W>,</W><C><cue ID="24" type="speculation"><W>if</W></cue></C><xcope ID="58"><ref ID="79" SRC="24"></ref><W>stuffy</W></xcope><W>,</W><W>food</W><C><W>and</W></C><W>service</W><W>at</W><W>prices</W><W>that</W><W>make</W><W>places</W><W>like</W><xcope ID="62"><ref COMMENTS="" ID="63" SRC="22"></ref><xcope ID="60"><ref ID="78" SRC="23"></ref><W>The</W><W>Palm</W></xcope><C><cue ID="23" type="speculation"><W>or</W></cue></C><xcope ID="59"><ref ID="77" SRC="23"></ref><W>Mortons</W></xcope></xcope><C><cue ID="22" type="speculation"><W>seem</W></cue></C><xcope ID="61"><ref ID="76" SRC="22"></ref><W>like</W><W>a</W><W>Vegas</W><W>buffet</W></xcope><W>.</W></SENTENCE><SENTENCE><W>We</W><W>happily</W><W>passed</W><W>on</W><W>both</W><W>.</W></SENTENCE></P><P></P><P><SENTENCE><W>Similarly</W><W>,</W><W>the</W><W>room</W><W>service</W><W>menu</W><W>was</W><W>so</W><W>inflated</W><W>as</W><W>to</W><W>be</W><W>utterly</W><W>laughable</W><W>.</W></SENTENCE><SENTENCE><W>The</W><W>cheapest</W><W>meal</W><W>on</W><W>the</W><W>menu</W><W>,</W><W>a</W><W>continental</W><W>breakfast</W><W>consisting</W><W>of</W><W>bread</W><W>,</W><W>fruit</W><W>,</W><W>yogurt</W><W>,</W><W>juice</W><W>,</W><C><W>and</W></C><W>coffee</W><W>,</W><W>was</W><W>$</W><W>16.00</W><W>,</W><W>plus</W><W>an</W><W>obligatory</W><W>15</W><W>%</W><W>gratuity</W><W>,</W><W>plus</W><W>a</W><W>$</W><W>2.00</W><W>delivery</W><W>charge</W><W>.</W></SENTENCE><SENTENCE><W>Thats</W><W>$</W><W>20.40</W><W>for</W><W>a</W><W>breakfast</W><W>that</W><W>has</W><W>an</W><W>intrinsic</W><W>value</W><W>of</W><W>about</W><W>five</W><W>bucks</W><W>.</W></SENTENCE><SENTENCE><W>Include</W><W>me</W><W>out</W><W>.</W></SENTENCE></P><P></P><P><SENTENCE><C><W>Conclusion</W></C><W>:</W></SENTENCE></P><P></P><P><SENTENCE><W>So</W><W>maybe</W><W>I</W><W>&#39;m</W><W>being</W><W>a</W><W>little</W><W>harsh</W><W>-</W><W>after</W><W>all</W><W>,</W><W>we</W><W>were</W><W>low-rent</W><W>Priceline</W><W>customers</W><W>,</W><W>right</W><W>?</W></SENTENCE><SENTENCE><W>Wrong</W><W>.</W></SENTENCE><SENTENCE><W>Well</W><W>,</W><W>I</W><W>mean</W><W>,</W><W>we</W><W>were</W><W>low-rent</W><W>Priceline</W><W>customers</W><W>,</W><W>but</W><W>I</W><cue ID="29" type="negation"><W>do</W><W>n&#39;t</W></cue><xcope ID="64"><ref COMMENTS="" ID="75" SRC="29"></ref><C><cue ID="28" type="speculation"><W>think</W></cue></C><xcope ID="63"><ref ID="74" SRC="28"></ref><W>that</W><C><cue ID="25" type="speculation"><W>should</W></cue></C><xcope ID="62"><ref ID="73" SRC="25"></ref><W>ever</W><W>be</W><W>a</W><W>reason</W><W>for</W><W>less</W><W>than</W><W>standard</W><W>service</W></xcope></xcope></xcope><W>-</W><W>therefore</W><W>,</W><W>I</W><W>have</W><W>to</W><W>conclude</W><W>that</W><W>even</W><W>had</W><W>we</W><W>paid</W><W>full</W><W>rate</W><W>,</W><W>we</W><C><cue ID="26" type="speculation"><W>would</W></cue></C><xcope ID="66"><ref ID="72" SRC="26"></ref><C><cue ID="27" type="speculation"><W>likely</W></cue></C><xcope ID="65"><ref ID="71" SRC="27"></ref><W>have</W><W>received</W><W>the</W><W>same</W><W>service</W><W>,</W><W>the</W><W>same</W><W>room</W></xcope></xcope><W>.</W></SENTENCE><SENTENCE><W>The</W><W>combination</W><W>of</W><W>ho-hum</W><W>service</W><W>,</W><W>marginal</W><W>rooms</W><W>,</W><C><W>and</W></C><W>sky-high</W><W>prices</W><W>was</W><W>simply</W><W>unacceptable</W><W>.</W></SENTENCE><SENTENCE><W>With</W><W>an</W><W>abundance</W><W>of</W><W>nearby</W><W>lodging</W><C><W>and</W></C><W>dining</W><W>alternatives</W><W>,</W><W>I</W><cue ID="30" type="negation"><W>dont</W></cue><xcope ID="67"><ref COMMENTS="" ID="70" SRC="30"></ref><W>see</W><W>any</W><W>compelling</W><W>reason</W><W>to</W><W>ever</W><W>visit</W><W>The</W><W>Benson</W><W>Hotel</W><W>again</W></xcope><W>.</W></SENTENCE></P><P></P><P><SENTENCE><W>An</W><W>excerpt</W><W>from</W><W>the</W><W>hotel</W><W>website</W><W>gives</W><W>some</W><W>insight</W><W>into</W><W>the</W><W>weird</W><W>combination</W><W>of</W><W>hauteur</W><C><W>and</W></C><W>sloppiness</W><W>that</W><W>,</W><W>to</W><W>me</W><W>,</W><W>typify</W><W>the</W><W>hotel</W><W>:</W></SENTENCE></P><P></P><P><SENTENCE><W>&#34;</W><W>The</W><W>Benson</W><W>Hotel</W><W>in</W><W>the</W><W>heart</W><W>of</W><W>downtown</W><W>Portland</W><W>,</W><W>Oregon</W><W>,</W><W>provides</W><W>travelers</W><W>a</W><W>truly</W><W>unique</W><W>experience</W><W>among</W><W>even</W><W>the</W><W>most</W><W>distinct</W><W>Portland</W><W>hotels</W><W>.</W><W>&#34;</W></SENTENCE></P><P></P><P><SENTENCE><W>While</W><W>I</W><C><cue ID="31" type="speculation"><W>can</W></cue></C><W>intuitively</W><W>grasp</W><W>what</W><W>this</W><W>tortured</W><W>sentence</W><W>is</W><W>attempting</W><W>to</W><W>say</W><W>,</W><W>I</W><W>really</W><W>wish</W><W>someone</W><C><cue ID="32" type="speculation"><W>would</W></cue></C><xcope ID="68"><ref ID="69" SRC="32"></ref><W>shoot</W><W>it</W><W>in</W><W>the</W><W>head</W><C><W>and</W></C><W>put</W><W>it</W><W>out</W><W>of</W><W>my</W><W>misery</W></xcope><W>.</W></SENTENCE></P></DOCUMENT>
