<?xml version="1.0" encoding="UTF-8"?>
<DOCUMENT><P></P><P><SENTENCE><W>My</W><W>experience</W><W>at</W><W>the</W><W>W</W><W>New</W><W>York</W><W>disappointed</W><W>on</W><W>almost</W><W>every</W><W>level</W><W>.</W></SENTENCE><SENTENCE><W>Checking</W><W>in</W><W>,</W><W>there</W><W>was</W><W>absolutely</W><C><cue ID="0" type="negation"><W>no</W></cue></C><xcope ID="16"><ref ID="32" SRC="0"></ref><W>recognition</W><W>of</W><W>my</W><W>platinum</W><W>status</W></xcope><W>.</W></SENTENCE><SENTENCE><W>When</W><W>I</W><W>asked</W><W>about</W><W>a</W><W>suite</W><W>upgrade</W><W>,</W><W>I</W><W>was</W><W>told</W><W>that</W><W>I</W><W>had</W><W>been</W><W>upgraded</W><W>to</W><W>a</W><W>business</W><W>room</W><W>but</W><W>that</W><C><cue ID="1" type="negation"><W>no</W></cue></C><xcope ID="17"><ref ID="33" SRC="1"></ref><W>suites</W><W>were</W><W>available</W></xcope><W>.</W></SENTENCE></P><P></P><P><SENTENCE><W>I</W><W>thanked</W><W>the</W><W>cast</W><W>member</W><W>,</W><W>walked</W><W>upstairs</W><C><W>and</W></C><W>called</W><W>SPG.</W></SENTENCE><SENTENCE><W>They</W><W>confirmed</W><W>that</W><W>suites</W><W>were</W><W>available</W><C><W>and</W></C><W>at</W><W>my</W><W>request</W><W>,</W><W>they</W><W>called</W><W>the</W><W>hotel</W><W>manager</W><W>.</W></SENTENCE><SENTENCE><W>When</W><W>I</W><W>returned</W><W>to</W><W>the</W><W>desk</W><W>,</W><W>lo</W><C><W>and</W></C><W>behold</W><W>,</W><W>I</W><W>had</W><W>been</W><W>upgraded</W><W>to</W><W>a</W><W>suite</W><W>.</W></SENTENCE><SENTENCE><W>I</W><W>just</W><W>wish</W><W>it</W><cue ID="2" type="negation"><W>had</W><W>n&#39;t</W></cue><xcope ID="18"><ref COMMENTS="" ID="34" SRC="2"></ref><W>taken</W><W>so</W><W>much</W><W>effort</W></xcope><W>-</W><W>it</W><W>really</W><W>did</W><W>colour</W><W>my</W><W>entire</W><W>view</W><W>of</W><W>the</W><W>hotel</W><W>.</W></SENTENCE></P><P></P><P><SENTENCE><W>We</W><W>took</W><W>the</W><W>lift</W><W>upstairs</W><C><W>and</W></C><W>went</W><W>to</W><W>see</W><W>our</W><W>new</W><W>suite</W><W>.</W></SENTENCE><SENTENCE><W>The</W><W>rooms</W><W>were</W><W>small</W><W>,</W><W>like</W><W>most</W><W>New</W><W>York</W><W>hotels</W><W>.</W></SENTENCE><SENTENCE><W>The</W><W>hallways</W><W>are</W><W>very</W><W>dark</W><W>,</W><W>even</W><W>by</W><W>W</W><W>standards</W><W>.</W></SENTENCE><SENTENCE><W>The</W><W>room</W><W>was</W><W>very</W><W>dark</W><W>as</W><W>well</W><W>,</W><C><W>and</W></C><C><cue ID="3" type="speculation"><W>could</W></cue></C><xcope ID="19"><ref ID="35" SRC="3"></ref><W>really</W><W>do</W><W>with</W><W>additional</W><W>lighting</W></xcope><W>.</W></SENTENCE><SENTENCE><W>Put</W><W>it</W><W>on</W><W>a</W><W>dimmer</W><C><cue ID="4" type="speculation"><W>if</W></cue></C><xcope ID="20"><ref ID="36" SRC="4"></ref><W>you</W><W>want</W><W>to</W><W>provide</W><W>ambience</W></xcope><W>,</W><W>but</W><W>four</W><W>40</W><W>watt</W><W>bulbs</W><W>are</W><C><cue ID="5" type="negation"><W>not</W></cue></C><xcope ID="21"><ref COMMENTS="" ID="37" SRC="5"></ref><W>enough</W><W>for</W><W>a</W><W>two</W><W>bedroom</W><W>suite</W></xcope><W>.</W></SENTENCE><SENTENCE><W>Even</W><W>my</W><W>young</W><W>eyes</W><W>complained</W><W>.</W></SENTENCE></P><P></P><P><SENTENCE><W>But</W><W>the</W><W>dim</W><W>lighting</W><W>was</W><W>n&#39;t</W><W>enough</W><W>to</W><W>hide</W><W>furniture</W><W>which</W><C><cue ID="6" type="speculation"><W>should</W></cue></C><xcope ID="22"><ref ID="38" SRC="6"></ref><W>have</W><W>been</W><W>replaced</W><W>eighteen</W><W>months</W><W>ago</W></xcope><W>.</W></SENTENCE><SENTENCE><W>The</W><W>entire</W><W>room</W><W>looked</W><W>very</W><W>tired</W><W>.</W></SENTENCE><SENTENCE><W>Drawers</W><W>did</W><W>n&#39;t</W><W>fit</W><W>properly</W><W>,</W><W>everything</W><W>was</W><W>rickety</W><W>.</W></SENTENCE><SENTENCE><W>It</W><W>looked</W><W>like</W><W>two-year-old</W><W>Ikea</W><W>furniture</W><W>that</W><W>had</W><W>been</W><W>poorly</W><W>assembled</W><W>to</W><W>start</W><W>with</W><W>.</W></SENTENCE><SENTENCE><C><cue ID="7" type="negation"><W>Not</W></cue></C><xcope ID="23"><ref ID="39" SRC="7"></ref><W>at</W><W>all</W><W>like</W><W>the</W><W>solid</W></xcope><W>,</W><W>nice</W><W>looking</W><W>furniture</W><W>I</W><W>&#39;ve</W><W>come</W><W>across</W><W>at</W><W>other</W><W>W&#39;s</W><W>.</W></SENTENCE></P><P></P><P><SENTENCE><W>The</W><W>&#39;down-at-the-heels</W><W>&#39;</W><W>trend</W><W>continued</W><W>throughout</W><W>the</W><W>hotel</W><W>.</W></SENTENCE><SENTENCE><W>Our</W><W>coat</W><W>hooks</W><W>were</W><W>loose</W><W>.</W></SENTENCE><SENTENCE><W>Our</W><W>blinds</W><W>were</W><W>frayed</W><W>.</W></SENTENCE><SENTENCE><W>Our</W><W>air</W><W>conditioning</W><W>was</W><W>an</W><W>antique</W><W>.</W></SENTENCE><SENTENCE><W>Still</W><W>,</W><W>at</W><W>least</W><W>it</W><W>worked</W><W>.</W></SENTENCE><SENTENCE><W>I</W><W>understand</W><W>that</W><W>on</W><W>Monday</W><C><W>and</W></C><W>Tuesday</W><W>,</W><W>the</W><W>hotel</W><W>was</W><C><cue ID="8" type="negation"><W>without</W></cue></C><xcope ID="24"><ref ID="40" SRC="8"></ref><W>air</W><W>conditioning</W><W>at</W><W>all</W><W>.</W></xcope></SENTENCE></P><P></P><P><SENTENCE><W>In</W><W>common</W><W>with</W><W>every</W><W>other</W><W>W</W><W>I</W><W>have</W><W>stayed</W><W>in</W><W>,</W><W>the</W><W>smoking</W><W>room</W><W>I</W><W>had</W><W>requested</W><W>came</W><C><cue ID="9" type="negation"><W>without</W></cue></C><xcope ID="25"><ref ID="41" SRC="9"></ref><W>any</W><W>ashtrays</W></xcope><W>.</W></SENTENCE><SENTENCE><W>Ironically</W><W>,</W><W>every</W><W>non-smoking</W><W>room</W><W>I</W><W>have</W><W>stayed</W><W>in</W><W>had</W><W>two</W><W>ashtrays</W><W>in</W><W>the</W><W>desk</W><W>drawer</W><W>.</W></SENTENCE><SENTENCE><C><cue ID="11" type="speculation"><W>If</W></cue></C><xcope ID="43"><ref ID="44" SRC="11"></ref><W>I</W><W>&#39;ve</W><W>specifically</W><W>asked</W><W>for</W><W>a</W><W>smoking</W><W>room</W></xcope><W>,</W><W>please</W><W>provide</W><W>me</W><W>an</W><W>ashtray</W><W>.</W></SENTENCE><SENTENCE><W>I</W><W>just</W><C><cue ID="10" type="speculation"><W>might</W></cue></C><xcope ID="26"><ref ID="42" SRC="10"></ref><W>want</W><W>to</W><W>smoke</W><W>.</W></xcope></SENTENCE></P><P></P><P><SENTENCE><W>I</W><W>did</W><W>have</W><W>a</W><W>few</W><W>pleasant</W><W>surprises</W><W>at</W><W>the</W><W>W.</W><W>Walking</W><W>past</W><W>Oasis</W><W>,</W><W>the</W><W>lobby</W><W>bar</W><W>,</W><W>I</W><W>saw</W><W>an</W><W>old</W><W>friend</W><W>from</W><W>the</W><W>W</W><W>New</W><W>Orleans</W><W>tending</W><W>bar</W><W>.</W></SENTENCE><SENTENCE><W>We</W><W>talked</W><W>for</W><W>several</W><W>hours</W><W>as</W><W>I</W><W>helped</W><W>increase</W><W>her</W><W>business</W><W>.</W></SENTENCE><SENTENCE><W>I</W><C><cue ID="12" type="speculation"><W>thought</W></cue></C><xcope ID="31"><ref ID="49" SRC="12"></ref><W>it</W><C><cue ID="13" type="speculation"><W>would</W></cue></C><xcope ID="30"><ref ID="48" SRC="13"></ref><W>be</W><W>rude</W><C><cue ID="14" type="negation"><W>not</W></cue></C><xcope ID="29"><ref ID="47" SRC="14"></ref><W>to</W><W>have</W><xcope ID="28"><ref ID="46" SRC="15"></ref><W>a</W><W>beer</W></xcope><C><cue ID="15" type="speculation"><W>or</W></cue></C><xcope ID="27"><ref ID="45" SRC="15"></ref><W>three</W></xcope></xcope></xcope></xcope><W>.</W></SENTENCE></P><P></P><P><SENTENCE><W>In</W><W>my</W><W>opinion</W><W>,</W><W>this</W><W>hotel</W><W>has</W><W>had</W><W>its</W><W>day</W><W>.</W></SENTENCE><SENTENCE><W>It</W><W>need</W><W>a</W><W>full</W><W>refit</W><W>of</W><W>furnishing</W><C><W>and</W></C><W>some</W><W>serious</W><W>training</W><W>to</W><W>the</W><W>staff</W><W>before</W><W>I</W><W>&#39;d</W><W>ever</W><W>return</W><W>.</W></SENTENCE></P></DOCUMENT>
