<?xml version="1.0" encoding="UTF-8"?>
<DOCUMENT><P></P><P><SENTENCE><W>The</W><W>W</W><W>New</W><W>York</W><W>is</W><W>on</W><W>Lexington</W><W>right</W><W>across</W><W>from</W><W>the</W><W>Waldorf</W><W>(</W><W>which</W><W>is</W><W>on</W><W>Park</W><W>Ave</W><W>.</W><W>)</W><W>in</W><W>Midtown</W><W>Manhattan</W><W>.</W></SENTENCE><SENTENCE><C><cue ID="0" type="speculation"><W>Whether</W></cue></C><xcope ID="15"><ref ID="29" SRC="0"></ref><W>in</W><W>NY</W><W>on</W><xcope ID="14"><W>business</W></xcope><C><cue ID="1" type="speculation"><W>or</W></cue></C><xcope ID="13"><ref ID="28" SRC="1"></ref><W>pleasure</W></xcope></xcope><W>,</W><W>the</W><W>hotel</W><W>&#39;s</W><W>location</W><W>is</W><W>great</W><W>.</W></SENTENCE></P><P></P><P><SENTENCE><W>Following</W><W>Westin</W><W>&#39;s</W><W>strategy</W><W>for</W><W>the</W><W>W</W><W>chain</W><W>,</W><W>this</W><W>W</W><W>was</W><W>formerly</W><W>a</W><W>run</W><W>down</W><W>hotel</W><W>that</W><W>Westin</W><W>acquired</W><W>,</W><W>restyled</W><C><W>and</W></C><W>reopened</W><W>as</W><W>a</W><W>W.</W><W>The</W><W>rooms</W><W>are</W><W>just</W><W>as</W><W>small</W><W>as</W><W>before</W><W>but</W><W>are</W><W>now</W><W>nicely</W><W>appointed</W><W>.</W></SENTENCE></P><P></P><P><SENTENCE><W>The</W><W>lobby</W><W>of</W><W>the</W><W>hotel</W><W>is</W><W>also</W><W>very</W><W>nice</W><W>-</W><W>very</W><W>modern</W><C><W>and</W></C><W>cool</W><W>with</W><W>new-age</W><W>music</W><W>playing</W><W>rather</W><W>loudly</W><W>.</W></SENTENCE><SENTENCE><W>The</W><W>hallways</W><W>on</W><W>the</W><W>room</W><W>floors</W><W>are</W><W>only</W><W>dimly</W><W>lit</W><C><W>and</W></C><W>are</W><W>well</W><W>appointed</W><W>.</W></SENTENCE></P><P></P><P><SENTENCE><W>Being</W><W>a</W><W>corporate</W><W>lawyer</W><W>I</W><W>travel</W><W>to</W><W>NY</W><W>a</W><W>lot</W><C><W>and</W></C><W>have</W><W>stayed</W><W>at</W><W>the</W><W>W</W><W>twice</W><W>.</W></SENTENCE><SENTENCE><W>The</W><W>first</W><W>time</W><W>I</W><W>was</W><W>in</W><W>a</W><W>small</W><W>room</W><W>,</W><W>but</W><W>it</W><W>was</W><W>nicely</W><W>decorated</W><C><W>and</W></C><W>sufficient</W><W>.</W></SENTENCE><SENTENCE><W>The</W><W>second</W><W>time</W><W>I</W><C><cue ID="2" type="speculation"><W>could</W></cue></C><xcope ID="18"><ref ID="32" SRC="2"></ref><C><cue ID="3" type="negation"><W>not</W></cue></C><xcope ID="17"><ref ID="31" SRC="3"></ref><C><cue ID="4" type="speculation"><W>believe</W></cue></C><xcope ID="16"><ref ID="30" SRC="4"></ref><W>the</W><W>size</W><W>of</W><W>my</W><W>room</W></xcope></xcope></xcope><W>-</W><W>my</W><W>dorm</W><W>room</W><W>in</W><W>college</W><W>was</W><W>larger</W><W>.</W></SENTENCE><SENTENCE><W>There</W><W>was</W><C><cue ID="5" type="negation"><W>no</W></cue></C><xcope ID="21"><ref ID="35" SRC="5"></ref><xcope ID="20"><ref ID="34" SRC="6"></ref><W>dresser</W></xcope><C><cue ID="6" type="speculation"><W>or</W></cue></C><xcope ID="19"><ref ID="33" SRC="6"></ref><W>credenza</W></xcope></xcope><W>to</W><W>store</W><W>my</W><W>clothes</W><W>-</W><W>only</W><W>the</W><W>closet</W><W>(</W><W>which</W><W>was</W><W>also</W><W>very</W><W>small</W><W>)</W><W>.</W></SENTENCE><SENTENCE><W>I</W><W>will</W><C><cue ID="7" type="negation"><W>not</W></cue></C><xcope ID="22"><ref ID="36" SRC="7"></ref><W>stay</W><W>at</W><W>this</W><W>hotel</W><W>again</W><W>just</W><W>based</W><W>on</W><W>the</W><W>size</W><W>of</W><W>this</W><W>room</W></xcope><W>.</W></SENTENCE><SENTENCE><W>I</W><C><cue ID="8" type="speculation"><W>can</W></cue></C><xcope ID="23"><ref ID="37" SRC="8"></ref><W>stay</W><W>at</W><W>the</W><W>Waldorf</W><W>for</W><W>$</W><W>10</W><W>more</W></xcope><W>(</W><W>corporate</W><W>rate</W><W>)</W><C><W>and</W></C><W>get</W><W>a</W><W>much</W><W>larger</W><W>room</W><W>.</W></SENTENCE></P><P></P><P><SENTENCE><W>Although</W><W>the</W><W>room</W><W>size</W><W>is</W><W>awful</W><W>,</W><W>the</W><W>hotel</W><W>does</W><W>have</W><W>some</W><W>nice</W><W>touches</W><W>-</W><W>the</W><W>shower</W><W>head</W><W>(</W><C><cue ID="9" type="negation"><W>no</W></cue></C><xcope ID="24"><ref ID="38" SRC="9"></ref><W>bathtub</W></xcope><W>)</W><W>is</W><W>that</W><W>very</W><W>large</W><W>one</W><W>that</W><W>provides</W><W>a</W><W>rainfall</W><W>effect</W><W>,</W><W>the</W><W>room</W><W>had</W><W>internet</W><W>capability</W><W>,</W><W>fax</W><W>machine</W><C><W>and</W></C><W>the</W><W>beds</W><W>are</W><W>the</W><W>very</W><W>nice</W><W>Westin</W><W>feather</W><W>beds</W><W>.</W></SENTENCE></P><P></P><P><SENTENCE><W>Another</W><W>benefit</W><W>of</W><W>the</W><W>hotel</W><W>is</W><W>that</W><W>Whiskey</W><W>Blue</W><W>is</W><W>off</W><W>the</W><W>lobby</W><W>.</W></SENTENCE><SENTENCE><W>This</W><W>bar</W><W>is</W><W>very</W><W>popular</W><W>on</W><W>the</W><W>weekends</W><C><W>and</W></C><W>the</W><W>lines</W><C><cue ID="10" type="speculation"><W>can</W></cue></C><xcope ID="25"><ref ID="39" SRC="10"></ref><W>get</W><W>long</W></xcope><W>.</W></SENTENCE><SENTENCE><W>Guests</W><W>at</W><W>the</W><W>hotel</W><W>get</W><W>immediate</W><W>access</W><W>to</W><W>the</W><W>bar</W><C><cue ID="11" type="negation"><W>without</W></cue></C><xcope ID="26"><ref ID="40" SRC="11"></ref><W>waiting</W><W>in</W><W>the</W><W>line</W></xcope><W>.</W></SENTENCE></P><P></P><P><SENTENCE><W>Note</W><W>that</W><W>there</W><W>is</W><C><cue ID="12" type="negation"><W>no</W></cue></C><xcope ID="27"><ref ID="41" SRC="12"></ref><W>restaurant</W><W>at</W><W>the</W><W>hotel</W></xcope><W>.</W></SENTENCE></P></DOCUMENT>
