<?xml version="1.0" encoding="UTF-8"?>
<DOCUMENT><P></P><P><SENTENCE><C><cue ID="0" type="speculation"><W>If</W></cue></C><xcope ID="34"><ref ID="77" SRC="0"></ref><W>you</W><W>&#39;re</W><W>considering</W><W>staying</W><W>on-site</W><W>at</W><W>Disney</W><W>World</W></xcope><W>,</W><W>choose</W><W>a</W><W>moderate</W><W>.</W></SENTENCE><SENTENCE><W>The</W><W>All-Star</W><W>resorts</W><W>are</W><W>roughly</W><W>equivalent</W><W>to</W><W>any</W><W>of</W><W>a</W><W>myriad</W><W>of</W><W>off-site</W><W>motels</W><W>at</W><W>a</W><W>Disney</W><W>price</W><W>.</W></SENTENCE><SENTENCE><W>(</W><W>Re</W><W>:</W><W>HIGH)</W></SENTENCE></P><P></P><P><SENTENCE><W>Large</W><W>groups</W><W>of</W><W>junior</W><W>high</W><C><W>and</W></C><W>high</W><W>school</W><W>kids</W><W>tend</W><W>to</W><W>stay</W><W>here</W><W>making</W><W>the</W><W>resort</W><W>noisy</W><W>.</W></SENTENCE><SENTENCE><W>In</W><W>our</W><W>first</W><W>(</W><C><W>and</W></C><W>only</W><W>)</W><W>stay</W><W>here</W><W>there</W><W>were</W><W>two</W><W>incidents</W><W>involving</W><W>kids</W><W>from</W><W>these</W><W>groups</W><W>.</W></SENTENCE><SENTENCE><W>In</W><W>the</W><W>first</W><W>,</W><W>a</W><W>group</W><W>of</W><W>kids</W><W>riding</W><W>the</W><W>bus</W><W>back</W><W>to</W><W>the</W><W>resort</W><W>literally</W><W>were</W><W>terrorizing</W><W>the</W><W>passengers</W><W>on</W><W>the</W><W>bus</W><W>.</W></SENTENCE><SENTENCE><W>When</W><W>the</W><W>bus</W><W>pulled</W><W>into</W><W>the</W><W>stop</W><W>,</W><W>they</W><W>forced</W><W>open</W><W>the</W><W>back</W><W>doors</W><W>of</W><W>the</W><W>bus</W><C><W>and</W></C><W>took</W><W>off</W><W>before</W><W>security</W><C><cue ID="1" type="speculation"><W>could</W></cue></C><xcope ID="35"><ref ID="79" SRC="1"></ref><W>arrive</W></xcope><W>.</W></SENTENCE><SENTENCE><W>We</W><W>were</W><C><cue ID="2" type="negation"><W>not</W></cue></C><xcope ID="36"><ref ID="78" SRC="2"></ref><W>on</W><W>that</W><W>bus</W></xcope><W>,</W><W>but</W><W>on</W><W>a</W><W>bus</W><W>that</W><W>had</W><W>pulled</W><W>in</W><W>behind</W><W>it</W><W>,</W><C><W>and</W></C><W>had</W><W>the</W><W>opportunity</W><W>to</W><W>talk</W><W>to</W><W>the</W><W>people</W><W>who</W><W>were</W><W>coming</W><W>off</W><W>of</W><W>the</W><W>bus</W><W>involved</W><W>.</W></SENTENCE><SENTENCE><W>One</W><W>woman</W><W>had</W><W>two</W><W>kids</W><W>in</W><W>tears</W><C><W>and</W></C><W>she</W><W>was</W><W>on</W><W>the</W><W>verge</W><W>of</W><W>crying</W><W>herself</W><W>.</W></SENTENCE></P><P></P><P><SENTENCE><W>The</W><W>other</W><W>incident</W><W>was</W><W>also</W><W>on</W><W>a</W><W>bus</W><W>returning</W><W>as</W><W>we</W><W>were</W><W>subjected</W><W>to</W><W>a</W><W>group</W><W>of</W><W>Pee-Wee</W><W>football</W><W>players</W><W>using</W><W>very</W><W>colorful</W><W>language</W><W>with</W><C><cue ID="5" type="negation"><W>no</W></cue></C><xcope ID="37"><ref ID="80" SRC="5"></ref><W>regard</W><W>to</W><W>the</W><W>kids</W><W>around</W><W>them</W></xcope><W>.</W></SENTENCE><SENTENCE><W>Their</W><W>chaperones</W><C><cue ID="3" type="speculation"><W>could</W></cue></C><xcope ID="38"><ref ID="81" SRC="3"></ref><W>&#39;ve</W><W>cared</W><W>less</W></xcope><C><W>and</W></C><W>were</W><W>only</W><W>interested</W><W>in</W><W>getting</W><W>back</W><W>to</W><W>the</W><W>resort</W><W>so</W><W>they</W><C><cue ID="4" type="speculation"><W>could</W></cue></C><xcope ID="39"><ref ID="82" SRC="4"></ref><W>&#34;kick</W><W>back</W><W>with</W><W>a</W><W>few</W><W>beers</W><C><W>and</W></C><W>watch</W><W>Monday</W><W>Night</W><W>Football&#34;</W><W>.</W></xcope></SENTENCE></P><P></P><P><SENTENCE><W>Now</W><W>,</W><W>while</W><W>I</W><cue ID="7" type="negation"><W>do</W><W>n&#39;t</W></cue><xcope ID="41"><ref COMMENTS="" ID="84" SRC="7"></ref><C><cue ID="6" type="speculation"><W>think</W></cue></C><xcope ID="40"><ref ID="83" SRC="6"></ref><W>Disney</W><W>is</W><W>responsible</W><W>for</W><W>the</W><W>behavior</W><W>of</W><W>these</W><W>groups</W></xcope></xcope><W>,</W><W>they</W><W>have</W><W>also</W><W>done</W><W>nothing</W><W>to</W><W>curtail</W><W>their</W><W>behavior</W><W>.</W></SENTENCE><SENTENCE><W>Year</W><W>after</W><W>year</W><W>these</W><W>groups</W><W>continue</W><W>to</W><W>book</W><W>rooms</W><W>with</W><C><cue ID="8" type="negation"><W>no</W></cue></C><xcope ID="42"><ref ID="85" SRC="8"></ref><W>consequence</W><W>for</W><W>previous</W><W>behavior</W></xcope><W>.</W></SENTENCE><SENTENCE><W>We</W><W>were</W><C><cue ID="9" type="negation"><W>not</W></cue></C><xcope ID="43"><ref ID="86" SRC="9"></ref><W>the</W><W>only</W><W>ones</W><W>to</W><W>have</W><W>these</W><W>problems</W></xcope><W>.</W></SENTENCE><SENTENCE><W>I</W><W>know</W><W>of</W><W>people</W><W>who</W><W>Disney</W><W>moved</W><W>to</W><W>Deluxe</W><C><W>and</W></C><W>Moderate</W><W>Resorts</W><W>after</W><W>enduring</W><W>sleepless</W><W>nights</W><W>on</W><W>account</W><W>of</W><W>noisy</W><W>,</W><W>rowdy</W><W>behavior</W><W>.</W></SENTENCE></P><P></P><P><SENTENCE><W>The</W><W>rooms</W><W>at</W><W>the</W><W>All-Stars</W><W>are</W><W>small</W><W>.</W></SENTENCE><SENTENCE><W>Although</W><W>it</W><W>states</W><W>that</W><W>it</W><C><cue ID="10" type="speculation"><W>can</W></cue></C><xcope ID="46"><ref ID="87" SRC="10"></ref><W>accomodate</W><W>four</W><W>adults</W></xcope><W>,</W><W>I</W><C><cue ID="11" type="speculation"><W>think</W></cue></C><xcope ID="45"><ref ID="89" SRC="11"></ref><W>four</W><W>adults</W><C><cue ID="12" type="speculation"><W>would</W></cue></C><xcope ID="44"><ref ID="88" SRC="12"></ref><W>find</W><W>these</W><W>quarters</W><W>to</W><W>be</W><W>very</W><W>cramped</W></xcope></xcope><W>.</W></SENTENCE><SENTENCE><W>The</W><W>rooms</W><W>have</W><W>two</W><W>double</W><W>beds</W><W>,</W><W>one</W><W>bathroom</W><W>,</W><W>a</W><W>television</W><W>armoire</W><C><W>and</W></C><W>a</W><W>small</W><W>table</W><W>with</W><W>two</W><W>chairs</W><W>.</W></SENTENCE><SENTENCE><C><W>Instead</W></C><W>of</W><W>the</W><W>bottles</W><W>of</W><W>&#34;</W><W>Mickey</W><W>&#34;</W><W>shampoo</W><C><W>and</W></C><W>&#34;</W><W>Mickey</W><W>&#34;</W><W>soaps</W><W>in</W><W>the</W><W>bathroom</W><W>,</W><W>there</W><W>is</W><W>a</W><W>dispenser</W><W>in</W><W>the</W><W>shower</W><W>.</W></SENTENCE></P><P></P><P><SENTENCE><W>Disney</W><C><cue ID="13" type="negation"><W>cannot</W></cue></C><xcope ID="49"><ref ID="92" SRC="13"></ref><W>guarantee</W><xcope ID="48"><ref ID="91" SRC="14"></ref><W>connecting</W></xcope><W>(</W><C><cue ID="14" type="speculation"><W>or</W></cue></C><xcope ID="47"><ref ID="90" SRC="14"></ref><W>adjoining</W></xcope><W>)</W><W>rooms</W><W>when</W><W>making</W><W>a</W><W>reservation</W></xcope><W>.</W></SENTENCE><SENTENCE><W>Therefore</W><W>,</W><xcope ID="50"><ref ID="94" SRC="15"></ref><W>families</W></xcope><C><cue ID="15" type="speculation"><W>or</W></cue></C><xcope ID="51"><ref COMMENTS="" ID="93" SRC="15"></ref><W>groups</W><W>traveling</W><W>together</W></xcope><W>who</W><C><cue ID="16" type="speculation"><W>think</W></cue></C><xcope ID="52"><ref ID="95" SRC="16"></ref><W>the</W><W>solution</W><W>is</W><W>to</W><W>just</W><W>book</W><W>two</W><W>rooms</W></xcope><C><W>and</W></C><W>open</W><W>up</W><W>a</W><W>door</W><W>between</W><W>the</W><W>rooms</W><cue ID="54" type="negation"><W>ca</W><W>n&#39;t</W></cue><xcope ID="53"><ref COMMENTS="" ID="96" SRC="54"></ref><W>be</W><W>guaranteed</W><W>that</W><W>will</W><W>work</W></xcope><W>.</W></SENTENCE><SENTENCE><W>The</W><W>only</W><W>case</W><W>Disney</W><W>will</W><W>guarantee</W><W>this</W><W>is</W><C><cue ID="18" type="speculation"><W>if</W></cue></C><xcope ID="56"><ref ID="97" SRC="18"></ref><W>you</W><W>are</W><W>one</W><W>adult</W><W>traveling</W><W>with</W><W>four</W><W>kids</W></xcope><W>-</W><W>the</W><W>kids</W><C><cue ID="17" type="speculation"><W>would</W></cue></C><xcope ID="55"><ref ID="98" SRC="17"></ref><W>end</W><W>up</W><W>in</W><W>a</W><W>room</W><W>by</W><W>themselves</W></xcope><W>.</W></SENTENCE></P><P></P><P><SENTENCE><W>The</W><W>food</W><W>courts</W><W>at</W><W>the</W><W>All-Stars</W><W>have</W><W>a</W><W>wide</W><W>variety</W><W>of</W><W>foods</W><W>available</W><W>to</W><W>purchase</W><W>.</W></SENTENCE><SENTENCE><W>They</W><W>are</W><W>also</W><W>crowded</W><C><W>and</W></C><W>are</W><W>noisy</W><W>.</W></SENTENCE><SENTENCE><W>There</W><W>is</W><C><cue ID="19" type="negation"><W>no</W></cue></C><xcope ID="57"><ref ID="99" SRC="19"></ref><W>sit-down</W><W>restaurant</W><W>as</W><W>an</W><W>alternative</W></xcope><W>.</W></SENTENCE><SENTENCE><W>The</W><W>food</W><W>quality</W><W>is</W><W>just</W><W>what</W><W>I</W><C><cue ID="20" type="speculation"><W>would</W></cue></C><xcope ID="58"><ref ID="100" SRC="20"></ref><W>call</W><W>adequate</W></xcope><W>.</W></SENTENCE><SENTENCE><W>I</W><W>&#39;d</W><W>much</W><W>rather</W><W>go</W><W>off-site</W><W>to</W><W>one</W><W>of</W><W>the</W><W>buffets</W><W>on</W><W>192</W><W>such</W><W>as</W><xcope ID="61"><ref ID="102" SRC="21"></ref><W>Ponderosa</W></xcope><C><cue ID="21" type="speculation"><W>or</W></cue></C><xcope ID="62"><ref ID="101" SRC="21"></ref><W>Golden</W><W>Corral</W></xcope><W>.</W></SENTENCE><SENTENCE><W>I</W><W>&#39;d</W><W>spend</W><W>less</W><W>money</W><W>for</W><W>at</W><W>least</W><W>as</W><W>good</W><W>quality</W><W>.</W></SENTENCE><SENTENCE><W>I</W><C><cue ID="22" type="speculation"><W>would</W></cue></C><xcope ID="60"><ref ID="104" SRC="22"></ref><W>also</W><C><cue ID="23" type="negation"><W>not</W></cue></C><xcope ID="59"><ref ID="103" SRC="23"></ref><W>be</W><W>subjected</W><W>to</W><W>cheerleaders</W></xcope></xcope><W>who</W><W>use</W><W>the</W><W>food</W><W>court</W><W>as</W><W>their</W><W>personal</W><W>grooming</W><W>space</W><W>,</W><W>spraying</W><W>hairspray</W><W>into</W><W>my</W><W>food</W><W>.</W></SENTENCE></P><P></P><P><SENTENCE><W>The</W><W>pools</W><W>are</W><W>more</W><W>in</W><W>line</W><W>with</W><W>a</W><W>typical</W><W>motel</W><W>rather</W><W>than</W><W>the</W><W>themed</W><W>pools</W><W>we</W><W>&#39;ve</W><W>come</W><W>to</W><C><W>expect</W></C><W>at</W><W>Disney</W><W>Resorts</W><W>.</W></SENTENCE><SENTENCE><W>Other</W><W>Disney</W><W>Resorts</W><W>have</W><xcope ID="63"><ref ID="105" SRC="24"></ref><W>nice</W><W>slides</W></xcope><C><cue ID="24" type="speculation"><W>or</W></cue></C><xcope ID="64"><ref ID="106" SRC="24"></ref><W>zero-entry</W><W>depth</W><W>pools</W></xcope><W>.</W></SENTENCE><SENTENCE><W>Many</W><W>of</W><W>the</W><W>Resorts</W><W>even</W><W>have</W><xcope ID="66"><ref ID="107" SRC="25"></ref><W>one</W></xcope><C><cue ID="25" type="speculation"><W>or</W></cue></C><xcope ID="67"><ref ID="108" SRC="25"></ref><W>more</W></xcope><W>&#34;quiet</W><W>&#34;</W><W>pool</W><W>areas</W><W>where</W><W>you</W><C><cue ID="26" type="speculation"><W>can</W></cue></C><xcope ID="68"><ref ID="109" SRC="26"></ref><W>get</W><W>away</W><W>from</W><W>all</W><W>of</W><W>the</W><W>kids</W><W>at</W><W>the</W><W>main</W><W>pool</W></xcope><W>.</W></SENTENCE><SENTENCE><W>This</W><W>is</W><C><cue ID="27" type="negation"><W>not</W></cue></C><xcope ID="69"><ref ID="110" SRC="27"></ref><W>the</W><W>case</W><W>at</W><W>the</W><W>All-Stars</W></xcope><W>.</W></SENTENCE><SENTENCE><W>Everyone</W><W>uses</W><W>the</W><W>same</W><W>pools</W><W>.</W></SENTENCE><SENTENCE><W>The</W><W>closes</W><W>we</W><W>found</W><W>to</W><W>a</W><W>quiet</W><W>pool</W><W>was</W><W>just</W><W>as</W><W>active</W><W>as</W><W>the</W><W>main</W><W>pool</W><W>.</W></SENTENCE><SENTENCE><W>In</W><W>reality</W><W>,</W><W>the</W><W>two</W><W>are</W><W>just</W><W>a</W><W>short</W><W>distance</W><W>apart</W><W>.</W></SENTENCE><SENTENCE><W>Towels</W><W>are</W><C><cue ID="28" type="negation"><W>not</W></cue></C><xcope ID="70"><ref ID="111" SRC="28"></ref><W>provided</W><W>at</W><W>the</W><W>pool</W></xcope><C><W>and</W></C><W>you</W><W>have</W><W>to</W><W>bring</W><W>your</W><W>own</W><W>from</W><W>your</W><W>room</W><W>.</W></SENTENCE></P><P></P><P><SENTENCE><W>The</W><W>only</W><W>plus</W><W>of</W><W>the</W><W>All-Stars</W><W>over</W><W>off-site</W><W>is</W><W>proximity</W><C><W>and</W></C><C><cue ID="29" type="speculation"><W>possibly</W></cue></C><xcope ID="71"><ref COMMENTS="" ID="112" SRC="29"></ref><W>saving</W><W>rental</W><W>car</W><W>fees</W><W>due</W><W>to</W><W>Disney</W><W>bus</W><W>service</W></xcope><W>.</W></SENTENCE><SENTENCE><W>On</W><W>our</W><W>visit</W><W>,</W><W>we</W><W>found</W><W>the</W><W>bus</W><W>service</W><W>at</W><W>this</W><W>resort</W><W>to</W><W>be</W><C><W>lacking</W></C><W>compared</W><W>to</W><W>others</W><W>.</W></SENTENCE></P><P></P><P><SENTENCE><W>I</W><C><cue ID="30" type="speculation"><W>would</W></cue></C><xcope ID="73"><ref COMMENTS="" ID="114" SRC="30"></ref><C><cue ID="31" type="negation"><W>never</W></cue></C><xcope ID="72"><ref COMMENTS="" ID="113" SRC="31"></ref><W>stay</W><W>at</W><W>the</W><W>All-Stars</W><W>again</W></xcope></xcope><W>.</W></SENTENCE><SENTENCE><W>Given</W><W>the</W><W>choice</W><W>,</W><W>I</W><C><cue ID="32" type="speculation"><W>would</W></cue></C><xcope ID="76"><ref ID="117" SRC="32"></ref><W>rather</W><xcope ID="75"><ref COMMENTS="" ID="116" SRC="33"></ref><W>stay</W><W>at</W><W>an</W><W>off-site</W><W>resort</W></xcope><C><cue ID="33" type="speculation"><W>or</W></cue></C><xcope ID="74"><ref COMMENTS="" ID="115" SRC="33"></ref><W>at</W><W>one</W><W>of</W><W>the</W><W>hotels</W><W>in</W><W>Downtown</W><W>Disney</W></xcope></xcope><W>.</W></SENTENCE></P></DOCUMENT>
