<?xml version="1.0" encoding="UTF-8"?>
<DOCUMENT><P></P><P><SENTENCE><W>We</W><W>have</W><W>been</W><W>taking</W><W>family</W><W>trips</W><W>to</W><W>Disney</W><W>World</W><W>since</W><W>the</W><W>time</W><W>this</W><W>collection</W><W>of</W><W>resorts</W><C><W>and</W></C><W>theme</W><W>parks</W><W>was</W><W>almost</W><W>Small</W><W>Town</W><W>,</W><W>certainly</W><W>compared</W><W>with</W><W>the</W><W>mature</W><W>(</W><W>over-developed</W><W>?</W><W>)</W></SENTENCE><SENTENCE><W>Disney</W><W>World</W><W>of</W><W>today</W><W>.</W></SENTENCE></P><P></P><P><SENTENCE><W>There</W><W>were</W><W>just</W><W>three</W><W>hotels</W><W>then</W><W>--</W><W>the</W><W>Contemporary</W><W>,</W><W>the</W><W>Polynesian</W><C><W>and</W></C><W>the</W><W>Golf</W><W>Resort</W><W>(</W><W>since</W><W>rechristened</W><W>the</W><W>Disney</W><W>Inn</W><C><W>and</W></C><W>then</W><W>Shades</W><W>o&#39;Green</W><W>)</W><W>--</W><C><W>and</W></C><W>one</W><W>attraction</W><W>,</W><W>the</W><W>Magic</W><W>Kingdom</W><W>.</W></SENTENCE></P><P></P><P><SENTENCE><W>In</W><W>the</W><W>intervening</W><W>years</W><W>,</W><W>we</W><W>stayed</W><W>at</W><W>many</W><W>of</W><W>the</W><W>hotels</W><W>,</W><C><W>and</W></C><W>at</W><W>the</W><W>campground</W><W>too</W><W>,</W><C><W>and</W></C><W>always</W><W>found</W><W>the</W><W>resorts</W><W>several</W><W>cuts</W><W>above</W><W>those</W><W>we</W><W>experienced</W><W>everywhere</W><W>else</W><W>.</W></SENTENCE><SENTENCE><W>Landscaping</W><W>,</W><W>imaginative</W><W>swimming</W><W>areas</W><W>,</W><W>exceptionally</W><W>attractive</W><W>rooms</W><C><W>and</W></C><W>common</W><W>areas</W><W>--</W><W>the</W><W>Disney</W><W>Resorts</W><W>had</W><W>it</W><W>all</W><W>.</W></SENTENCE><SENTENCE><C><W>And</W></C><W>this</W><W>was</W><W>true</W><W>in</W><W>every</W><W>price</W><W>range</W><W>.</W></SENTENCE><SENTENCE><W>Like</W><W>most</W><W>visitors</W><W>,</W><W>we</W><W>found</W><W>a</W><W>moderately-priced</W><W>hotel</W><W>like</W><W>Dixie</W><W>Landings</W><W>every</W><W>bit</W><W>as</W><W>appealing</W><W>,</W><C><W>and</W></C><W>sometimes</W><W>more</W><W>appealing</W><W>,</W><W>than</W><W>a</W><W>super-luxury</W><W>hotel</W><W>like</W><W>the</W><W>Grand</W><W>Floridian</W><W>.</W></SENTENCE></P><P></P><P><SENTENCE><W>So</W><W>,</W><W>we</W><W>were</W><W>shocked</W><W>--</W><W>There</W><W>really</W><W>is</W><C><cue ID="0" type="negation"><W>no</W></cue></C><xcope ID="20"><ref ID="41" SRC="0"></ref><W>other</W><W>word</W></xcope><W>--</W><W>when</W><W>we</W><W>went</W><W>to</W><W>check</W><W>out</W><W>the</W><W>All</W><W>Star</W><W>Sports</W><W>Resort</W><W>.</W></SENTENCE><SENTENCE><W>Yo!</W><W>Giant</W><W>Coke</W><W>sculpture</W><W>;</W><W>what</W><W>was</W><W>that</W><W>about</W><W>?</W></SENTENCE><SENTENCE><W>I</W><C><cue ID="1" type="speculation"><W>suppose</W></cue></C><xcope ID="23"><ref ID="44" SRC="1"></ref><W>the</W><W>several-story-high</W><W>sports</W><W>equipment</W><W>sculptures</W><C><cue ID="2" type="speculation"><W>could</W></cue></C><xcope ID="22"><ref ID="43" SRC="2"></ref><W>be</W><C><cue ID="3" type="speculation"><W>considered</W></cue></C><xcope ID="21"><ref ID="42" SRC="3"></ref><W>fun</W></xcope></xcope></xcope><W>,</W><W>but</W><W>a</W><W>Coke</W><W>cup</W><W>?</W></SENTENCE><SENTENCE><W>Beyond</W><W>this</W><W>in-your-face</W><W>commercialism</W><W>,</W><W>the</W><W>All</W><W>Star</W><W>Sports</W><W>Resort</W><W>is</W><W>just</W><W>tacky</W><W>looking</W><W>,</W><W>sort</W><W>of</W><W>a</W><W>Motel</W><W>6</W><W>on</W><W>steroids</W><W>.</W></SENTENCE><SENTENCE><W>Even</W><W>the</W><W>doors</W><W>look</W><W>cheesy</W><W>.</W></SENTENCE></P><P></P><P><SENTENCE><W>Part</W><W>of</W><W>a</W><W>complex</W><W>of</W><W>similar</W><W>,</W><W>themed</W><W>,</W><W>low-budget</W><W>motels</W><W>the</W><W>All</W><W>Stars</W><W>scream</W><W>low-budget</W><W>in</W><W>a</W><W>way</W><W>that</W><W>lower-priced</W><W>area</W><W>motels</W><W>,</W><W>including</W><W>Days</W><W>Inn</W><C><W>and</W></C><W>La</W><W>Quinta</W><W>,</W><W>too</W><W>popular</W><W>off-site</W><W>competitors</W><W>,</W><W>do</W><C><cue ID="4" type="negation"><W>not</W></cue></C><W>.</W></SENTENCE><SENTENCE><W>The</W><W>All</W><W>Star</W><W>resorts</W><W>look</W><W>like</W><W>what</W><W>they</W><W>are</W><W>:</W><W>Disney</W><W>&#39;s</W><W>attempt</W><W>to</W><W>keep</W><W>every</W><W>Orlando</W><W>dollar</W><W>onsite</W><W>.</W></SENTENCE><SENTENCE><W>The</W><W>company</W><W>does</W><C><cue ID="5" type="negation"><W>not</W></cue></C><xcope ID="24"><ref ID="45" SRC="5"></ref><W>want</W><W>to</W><W>cede</W><W>any</W><W>business</W><W>to</W><W>competitors</W><W>on</W><W>International</W><W>Drive</W></xcope><W>,</W><W>a</W><W>strip</W><W>just</W><W>filled</W><W>with</W><W>economical</W><W>motels</W><W>,</W><C><W>and</W></C><W>so</W><W>it</W><W>offers</W><W>this</W><W>under-$</W><W>100</W><W>motel</W><W>to</W><W>budget-conscious</W><W>travelers</W><W>.</W></SENTENCE></P><P></P><P><SENTENCE><W>In</W><W>fairness</W><W>,</W><W>I</W><W>have</W><W>read</W><W>comments</W><W>on</W><W>various</W><W>Disney</W><W>Internet</W><W>message</W><W>boards</W><C><W>indicating</W></C><W>that</W><W>many</W><W>visitors</W><W>do</W><W>enjoy</W><W>their</W><W>stays</W><W>here</W><W>after</W><W>they</W><W>get</W><W>over</W><W>the</W><W>initial</W><W>shock</W><W>of</W><W>seeing</W><W>the</W><W>place</W><W>,</W><C><W>and</W></C><W>most</W><W>do</W><W>report</W><W>that</W><W>,</W><W>yes</W><W>,</W><W>the</W><W>giant</W><W>sculptures</W><W>are</W><W>a</W><W>bit</W><W>disconcerting</W><W>.</W></SENTENCE></P><P></P><P><SENTENCE><W>There</W><W>is</W><W>a</W><W>very</W><W>large</W><W>pool</W><W>,</W><W>but</W><W>again</W><W>,</W><W>it</W><W>looks</W><W>low-budget</W><W>.</W></SENTENCE><SENTENCE><W>Unlike</W><W>other</W><W>Disney</W><W>resort</W><W>pools</W><W>,</W><W>this</W><W>one</W><W>is</W><C><cue ID="6" type="negation"><W>not</W></cue></C><xcope ID="25"><ref COMMENTS="" ID="46" SRC="6"></ref><W>surrounded</W><W>by</W><W>landscaping</W></xcope><W>,</W><C><W>and</W></C><W>it</W><W>does</W><C><cue ID="7" type="negation"><W>not</W></cue></C><xcope ID="26"><ref COMMENTS="" ID="47" SRC="7"></ref><W>offer</W><W>shade</W><W>.</W></xcope></SENTENCE></P><P></P><P><SENTENCE><W>There</W><W>is</W><W>a</W><W>cafeteria-style</W><W>eating</W><W>area</W><W>.</W></SENTENCE><SENTENCE><W>On</W><W>our</W><W>first</W><W>visit</W><W>,</W><W>we</W><W>noticed</W><W>that</W><W>little</W><W>packets</W><W>of</W><W>peanut</W><W>butter</W><C><W>and</W></C><W>jelly</W><W>were</W><W>out</W><W>on</W><W>the</W><W>condiment</W><W>counter</W><W>along</W><W>with</W><W>Saltines</W><W>.</W></SENTENCE><SENTENCE><W>We</W><C><cue ID="8" type="speculation"><W>thought</W></cue></C><xcope ID="28"><ref COMMENTS="" ID="48" SRC="8"></ref><W>that</W><W>was</W><W>a</W><W>nice</W><W>touch</W></xcope><C><W>and</W></C><W>a</W><W>great</W><W>thing</W><W>for</W><W>families</W><W>with</W><W>small</W><W>children</W><W>,</W><W>but</W><W>on</W><W>subsequent</W><W>visits</W><W>did</W><C><cue ID="9" type="negation"><W>not</W></cue></C><xcope ID="27"><ref COMMENTS="" ID="49" SRC="9"></ref><W>see</W><W>the</W><W>peanut</W><W>butter</W></xcope><W>.</W></SENTENCE><SENTENCE><W>This</W><W>cafeteria</W><W>is</W><C><cue ID="10" type="negation"><W>not</W></cue></C><xcope ID="29"><ref COMMENTS="" ID="50" SRC="10"></ref><W>exceptional</W><W>in</W><W>any</W><W>way</W></xcope><W>,</W><W>but</W><W>is</W><W>pleasant</W><W>enough</W><W>.</W></SENTENCE></P><P></P><P><SENTENCE><W>The</W><W>best</W><W>thing</W><W>about</W><W>the</W><W>All</W><W>Star</W><W>Sports</W><W>Resort</W><W>is</W><W>the</W><W>game</W><W>room</W><W>.</W></SENTENCE><SENTENCE><W>It</W><W>is</W><W>big</W><C><W>and</W></C><W>filled</W><W>with</W><W>great</W><W>sports</W><W>games</W><W>,</W><W>both</W><W>video</W><C><W>and</W></C><W>arcade</W><W>.</W></SENTENCE></P><P></P><P><SENTENCE><W>This</W><W>motel</W><W>complex</W><W>is</W><C><cue ID="11" type="negation"><W>not</W></cue></C><xcope ID="30"><ref COMMENTS="" ID="51" SRC="11"></ref><W>very</W><W>near</W><W>any</W><W>Disney</W><W>attractions</W></xcope><W>.</W></SENTENCE><SENTENCE><W>Transportation</W><W>is</W><W>by</W><W>bus</W><W>,</W><C><W>and</W></C><W>,</W><W>because</W><W>there</W><W>are</W><W>lots</W><W>of</W><W>people</W><W>staying</W><W>here</W><W>,</W><W>there</W><W>is</W><W>some</W><W>competition</W><W>for</W><W>seats</W><W>.</W></SENTENCE></P><P></P><P><SENTENCE><W>In</W><W>the</W><W>debate</W><W>over</W><C><cue ID="12" type="speculation"><W>whether</W></cue></C><xcope ID="33"><ref COMMENTS="" ID="54" SRC="12"></ref><W>to</W><xcope ID="31"><ref COMMENTS="" ID="53" SRC="13"></ref><W>stay</W><W>on-site</W></xcope><C><cue ID="13" type="speculation"><W>or</W></cue></C><xcope ID="32"><ref COMMENTS="" ID="52" SRC="13"></ref><W>off-site</W></xcope></xcope><W>while</W><W>visiting</W><W>Disney</W><W>World</W><C><W>and</W></C><W>other</W><W>Orlando-area</W><W>attractions</W><W>,</W><W>I</W><C><cue ID="14" type="speculation"><W>think</W></cue></C><xcope ID="37"><ref COMMENTS="" ID="58" SRC="14"></ref><C><cue ID="15" type="speculation"><W>if</W></cue></C><xcope ID="36"><ref COMMENTS="" ID="57" SRC="15"></ref><W>the</W><W>choice</W><W>were</W><xcope ID="35"><ref COMMENTS="" ID="56" SRC="16"></ref><W>this</W><W>motel</W></xcope><C><cue ID="16" type="speculation"><W>or</W></cue></C><xcope ID="34"><ref COMMENTS="" ID="55" SRC="16"></ref><W>an</W><W>off-site</W><W>motel</W></xcope></xcope></xcope><W>,</W><W>I</W><C><cue ID="17" type="speculation"><W>would</W></cue></C><xcope ID="38"><ref COMMENTS="" ID="59" SRC="17"></ref><W>go</W><W>off-site</W></xcope><W>where</W><W>there</W><W>are</W><W>many</W><W>more</W><W>attractive</W><W>lodgings</W><W>for</W><W>less</W><W>money</W><W>.</W></SENTENCE><SENTENCE><W>I</W><C><cue ID="18" type="speculation"><W>think</W></cue></C><xcope ID="40"><ref COMMENTS="" ID="61" SRC="18"></ref><W>anyone</W><W>choosing</W><W>to</W><W>stay</W><W>at</W><W>the</W><W>All</W><W>Star</W><W>Sports</W><W>Resort</W><C><cue ID="19" type="speculation"><W>would</W></cue></C><xcope ID="39"><ref COMMENTS="" ID="60" SRC="19"></ref><W>do</W><W>well</W><W>to</W><W>rent</W><W>a</W><W>car</W></xcope></xcope><W>.</W></SENTENCE><SENTENCE><W>This</W><W>place</W><W>is</W><W>pretty</W><W>isolated</W><W>from</W><W>the</W><W>most</W><W>desirable</W><W>sections</W><W>of</W><W>the</W><W>Disney</W><W>World</W><W>complex</W><W>.</W></SENTENCE></P></DOCUMENT>
