<?xml version="1.0" encoding="UTF-8"?>
<DOCUMENT><P></P><P><SENTENCE><C><cue ID="0" type="speculation"><W>If</W></cue></C><xcope ID="24"><ref ID="76" SRC="0"></ref><W>you</W><W>are</W><W>vacationing</W><W>to</W><W>Disney</W></xcope><C><W>and</W></C><C><cue ID="1" type="speculation"><W>would</W></cue></C><xcope ID="23"><ref ID="75" SRC="1"></ref><W>like</W><W>to</W><W>stay</W><W>at</W><W>a</W><W>bargain</W><W>hotel</W><W>right</W><W>on</W><W>property</W></xcope><W>,</W><W>then</W><W>you</W><W>&#39;ve</W><W>come</W><W>to</W><W>the</W><W>right</W><W>place</W><W>!</W></SENTENCE><SENTENCE><W>Disney</W><W>&#39;s</W><W>All</W><W>Star</W><W>Sports</W><W>hotel</W><W>offers</W><W>a</W><W>great</W><W>price</W><W>range</W><C><W>and</W></C><W>houses</W><W>you</W><W>close</W><W>to</W><W>the</W><W>Disney</W><W>magic</W><W>.</W></SENTENCE><SENTENCE><W>The</W><W>rooms</W><W>are</W><W>a</W><W>decent</W><W>size</W><C><W>and</W></C><W>each</W><W>building</W><W>is</W><W>themed</W><W>to</W><W>different</W><W>sporting</W><W>events</W><W>like</W><W>tennis</W><W>,</W><W>surfing</W><W>,</W><W>baseball</W><W>,</W><C><W>and</W></C><W>football</W><W>.</W></SENTENCE><SENTENCE><W>The</W><W>scenery</W><W>around</W><W>the</W><W>area</W><W>is</W><W>very</W><W>nice</W><W>as</W><W>well</W><W>.</W></SENTENCE></P><P></P><P><SENTENCE><W>I</W><W>recently</W><W>took</W><W>a</W><W>trip</W><W>to</W><W>Disney</W><C><W>and</W></C><W>stayed</W><W>at</W><W>this</W><W>resort</W><W>for</W><W>8</W><W>nights</W><W>.</W></SENTENCE><SENTENCE><W>The</W><W>rooms</W><W>were</W><W>a</W><W>decent</W><W>size</W><W>.</W></SENTENCE><SENTENCE><W>For</W><W>each</W><W>different</W><W>themed</W><W>building</W><W>,</W><W>there</W><W>were</W><W>different</W><W>accessories</W><W>to</W><W>decorate</W><W>each</W><W>room</W><W>.</W></SENTENCE><SENTENCE><W>For</W><W>example</W><W>,</W><W>there</W><W>were</W><W>paintings</W><W>of</W><W>surfers</W><C><W>and</W></C><W>beaches</W><W>in</W><W>the</W><W>surfing</W><W>building</W><W>.</W></SENTENCE><SENTENCE><W>Each</W><W>room</W><W>has</W><W>2</W><W>queen</W><W>sized</W><W>bed</W><W>,</W><W>but</W><W>I</W><C><cue ID="2" type="speculation"><W>believe</W></cue></C><xcope ID="26"><ref ID="74" SRC="2"></ref><W>you</W><C><cue ID="3" type="speculation"><W>can</W></cue></C><xcope ID="25"><ref ID="73" SRC="3"></ref><W>also</W><W>stay</W><W>in</W><W>a</W><W>room</W><W>with</W><W>a</W><W>single</W></xcope></xcope><W>,</W><W>king</W><W>sized</W><W>bed</W><W>.</W></SENTENCE><SENTENCE><W>Next</W><W>to</W><W>the</W><W>sink</W><W>area</W><W>,</W><W>there</W><W>is</W><W>a</W><W>closet</W><W>,</W><W>a</W><W>safe</W><W>,</W><C><W>and</W></C><W>a</W><W>bathroom</W><W>.</W></SENTENCE><SENTENCE><W>The</W><W>bathroom</W><W>itself</W><W>is</W><W>quite</W><W>small</W><W>,</W><W>but</W><W>the</W><W>shower</W><W>is</W><W>a</W><W>standard</W><W>size</W><W>with</W><W>adjustable</W><W>water</W><W>pressure</W><W>.</W></SENTENCE><SENTENCE><W>While</W><W>the</W><W>room</W><cue ID="21" type="negation"><W>was</W><W>n&#39;t</W></cue><xcope ID="27"><ref COMMENTS="" ID="72" SRC="21"></ref><W>so</W><W>bad</W></xcope><W>,</W><W>there</W><W>were</W><W>things</W><W>that</W><W>I</W><W>liked</W><C><W>and</W></C><cue ID="4" type="negation"><W>did</W><W>n&#39;t</W></cue><xcope ID="28"><ref COMMENTS="" ID="71" SRC="4"></ref><W>like</W><W>about</W><W>The</W><W>All</W><W>Star</W><W>Sports</W></xcope><W>,</W><W>like</W><W>many</W><W>hotels</W><W>.</W></SENTENCE></P><P></P><P><SENTENCE><W>Stars</W><W>1</W><W>,</W><W>2</W><W>,</W><C><W>and</W></C><W>3</W></SENTENCE></P><P></P><P><SENTENCE><W>There</W><W>are</W><W>many</W><W>good</W><W>things</W><W>about</W><W>this</W><W>resort</W><W>that</W><W>helped</W><W>me</W><W>to</W><W>choose</W><W>it</W><W>for</W><W>my</W><W>stay</W><W>.</W></SENTENCE></P><P></P><P><SENTENCE><W>First</W><W>:</W><W>the</W><W>excellent</W><W>price</W><W>I</W><W>got</W><W>for</W><W>nightly</W><W>stays</W><W>.</W></SENTENCE><SENTENCE><W>The</W><W>All-Star</W><W>Resort</W><W>offers</W><W>the</W><W>cheapest</W><W>hotel</W><W>rate</W><W>in</W><W>all</W><W>of</W><W>Disney</W><W>property</W><W>!</W></SENTENCE><SENTENCE><W>Prices</W><C><cue ID="5" type="speculation"><W>can</W></cue></C><xcope ID="29"><ref ID="70" SRC="5"></ref><W>range</W><W>from</W><W>$</W><W>89</W><W>dollars</W><W>a</W><W>night</W><W>to</W><W>$</W><W>135</W></xcope><W>,</W><W>which</W><W>is</W><W>really</W><W>good</W><W>for</W><W>staying</W><W>on</W><W>property</W><W>.</W></SENTENCE></P><P></P><P><SENTENCE><W>Second</W><W>:</W><W>The</W><W>transportation</W><W>provided</W><W>by</W><W>Disney</W><W>at</W><W>the</W><W>All</W><W>Star</W><W>is</W><W>the</W><W>most</W><W>efficient</W><W>method</W><W>of</W><W>transportation</W><W>in</W><W>all</W><W>of</W><W>Disneyworld</W><W>.</W></SENTENCE><SENTENCE><W>Although</W><W>this</W><C><cue ID="6" type="speculation"><W>may</W></cue></C><xcope ID="31"><ref ID="69" SRC="6"></ref><W>be</W><W>the</W><W>cheapest</W><W>hotel</W></xcope><W>,</W><W>they</W><W>sure</W><W>helped</W><W>us</W><W>out</W><W>on</W><W>getting</W><W>from</W><W>place</W><W>to</W><W>place</W><W>!</W></SENTENCE><SENTENCE><W>On</W><W>average</W><W>,</W><W>I</W><W>waited</W><W>about</W><W>10</W><W>minutes</W><W>for</W><W>each</W><W>bus</W><W>to</W><W>arrive</W><W>to</W><W>the</W><W>different</W><W>parks</W><W>.</W></SENTENCE><SENTENCE><W>Even</W><W>better</W><W>,</W><W>there</W><W>is</W><W>only</W><W>one</W><W>stop</W><W>for</W><W>many</W><W>of</W><W>the</W><W>busses</W><W>.</W></SENTENCE><SENTENCE><W>At</W><W>other</W><W>hotels</W><W>,</W><W>you</W><W>have</W><W>to</W><W>go</W><W>from</W><W>place</W><W>to</W><W>place</W><W>to</W><W>place</W><W>before</W><W>you</W><C><cue ID="7" type="speculation"><W>can</W></cue></C><xcope ID="30"><ref ID="68" SRC="7"></ref><W>actually</W><W>make</W><W>your</W><W>way</W><W>to</W><W>the</W><W>park</W></xcope><W>.</W></SENTENCE></P><P></P><P><SENTENCE><W>Third</W><W>:</W><W>The</W><W>food</W><W>court</W><W>provided</W><W>by</W><W>the</W><W>All</W><W>Star</W><W>is</W><W>great</W><W>!</W></SENTENCE><SENTENCE><W>There</W><W>are</W><W>many</W><W>different</W><W>varieties</W><W>of</W><W>food</W><W>found</W><W>here</W><W>,</W><W>like</W><W>an</W><W>Italian</W><W>place</W><W>(</W><W>pizza</W><W>,</W><W>spaghetti/meatballs</W><W>)</W><W>,</W><W>a</W><W>fastfood</W><W>stand</W><W>(</W><W>hamburgers</W><W>,</W><W>chicken</W><W>fingers</W><W>)</W><W>,</W><W>&#34;home-cooked</W><W>&#34;</W><W>meals</W><W>(</W><W>meatloaf</W><W>)</W><C><W>and</W></C><W>an</W><W>all-day</W><W>breakfast</W><W>stand</W><W>so</W><W>you</W><C><cue ID="8" type="speculation"><W>can</W></cue></C><xcope ID="33"><ref ID="67" SRC="8"></ref><W>get</W><W>donuts</W><W>in</W><W>the</W><W>afternoon</W></xcope><C><cue ID="9" type="speculation"><W>if</W></cue></C><xcope ID="32"><ref ID="66" SRC="9"></ref><W>you</W><W>really</W><W>wanted</W><W>to</W></xcope><W>.</W></SENTENCE><SENTENCE><W>Disney</W><W>also</W><W>sells</W><W>a</W><W>mug</W><W>for</W><W>about</W><W>$</W><W>10.00</W><W>that</W><W>you</W><C><cue ID="12" type="speculation"><W>can</W></cue></C><xcope ID="34"><ref ID="65" SRC="12"></ref><W>use</W><W>at</W><W>the</W><W>soda</W><W>machines</W><W>during</W><W>your</W><W>entire</W><W>stay</W></xcope><W>.</W></SENTENCE><SENTENCE><W>10</W><W>bucks</W><C><cue ID="10" type="speculation"><W>may</W></cue></C><xcope ID="36"><ref ID="64" SRC="10"></ref><C><cue ID="11" type="speculation"><W>seem</W></cue></C><xcope ID="35"><ref ID="63" SRC="11"></ref><W>like</W><W>a</W><W>lot</W><W>right</W><W>now</W></xcope></xcope><W>,</W><W>but</W><W>it</W><W>saves</W><W>you</W><W>a</W><W>lot</W><W>of</W><W>money</W><W>because</W><W>you</W><C><cue ID="13" type="speculation"><W>can</W></cue></C><xcope ID="37"><ref ID="62" SRC="13"></ref><W>get</W><W>drinks</W><W>at</W><W>your</W><W>leisure</W><W>.</W></xcope></SENTENCE></P><P></P><P><SENTENCE><W>The</W><C><cue ID="14" type="negation"><W>Not</W></cue></C><xcope ID="38"><ref ID="61" SRC="14"></ref><W>So</W><W>All</W><W>Star</W></xcope><W>...</W></SENTENCE></P><P></P><P><SENTENCE><W>This</W><W>resort</W><cue ID="22" type="negation"><W>does</W><W>n&#39;t</W></cue><xcope ID="39"><ref COMMENTS="" ID="60" SRC="22"></ref><W>deserve</W><W>5</W><W>stars</W><W>for</W><W>a</W><W>couple</W><W>different</W><W>reasons</W></xcope><W>...</W></SENTENCE></P><P></P><P><SENTENCE><W>Too</W><W>many</W><W>highschool/college</W><W>kids</W><W>Being</W><W>the</W><W>cheapest</W><W>hotel</W><W>on</W><W>property</W><W>,</W><W>this</W><W>is</W><W>the</W><W>ideal</W><W>location</W><W>for</W><xcope ID="43"><ref ID="59" SRC="15"></ref><W>high</W><W>school</W><W>groups</W></xcope><C><cue ID="15" type="speculation"><W>or</W></cue></C><xcope ID="42"><ref ID="58" SRC="15"></ref><W>spring</W><W>break</W><W>college</W><W>students</W><W>to</W><W>stay</W></xcope><W>.</W></SENTENCE><SENTENCE><W>Many</W><W>times</W><W>the</W><W>gigantic</W><W>pool</W><W>is</W><W>overly</W><W>crowded</W><C><W>and</W></C><C><cue ID="16" type="speculation"><W>if</W></cue></C><xcope ID="40"><ref ID="57" SRC="16"></ref><W>you</W><W>&#39;re</W><W>lucky</W></xcope><W>,</W><W>you</W><cue ID="44" type="negation"><W>wo</W><W>n&#39;t</W></cue><xcope ID="41"><ref COMMENTS="" ID="56" SRC="44"></ref><W>be</W><W>able</W><W>to</W><W>hear</W><W>all</W><W>of</W><W>the</W><W>noise</W><W>that</W><W>they</W><W>make</W><W>at</W><W>night</W></xcope><W>.</W></SENTENCE></P><P></P><P><SENTENCE><W>Room</W><W>Service</W><W>is</W><W>n&#39;t</W><W>so</W><W>Efficient</W><W>Again</W><W>,</W><W>being</W><W>cheaper</W><W>than</W><W>all</W><W>of</W><W>the</W><W>other</W><W>hotels</W><W>,</W><xcope ID="47"><ref COMMENTS="" ID="48" SRC="17"></ref><W>the</W><W>maids</W></xcope><C><cue ID="17" type="speculation"><W>seem</W></cue></C><xcope ID="46"><ref ID="55" SRC="17"></ref><C><cue ID="18" type="negation"><W>not</W></cue></C><xcope ID="45"><ref ID="54" SRC="18"></ref><W>to</W><W>care</W><W>when</W><W>they</W><W>come</W><W>to</W><W>clean</W><W>your</W><W>room</W></xcope></xcope><W>.</W></SENTENCE><SENTENCE><W>I</W><W>&#39;ve</W><W>gone</W><W>out</W><W>early</W><W>in</W><W>the</W><W>morning</W><C><W>and</W></C><W>come</W><W>back</W><W>to</W><W>the</W><W>room</W><W>at</W><W>about</W><W>2:00pm</W><C><W>and</W></C><W>the</W><W>room</W><W>still</W><cue ID="49" type="negation"><W>has</W><W>n&#39;t</W></cue><xcope ID="50"><ref COMMENTS="" ID="51" SRC="49"></ref><W>been</W><W>made</W><W>up</W></xcope><W>!</W><W>(</W><W>Of</W><W>course</W><W>,</W><W>when</W><W>they</W><W>finally</W><W>do</W><W>clean</W><W>the</W><W>rooms</W><W>,</W><W>everything</W><W>is</W><W>up</W><W>to</W><W>par</W><W>)</W><W>.</W></SENTENCE></P><P></P><P><SENTENCE><W>Travelling</W><W>to</W><W>the</W><W>attractions</W><W>takes</W><W>a</W><W>little</W><W>longer</W><W>than</W><C><W>expected</W></C><W>...</W></SENTENCE><SENTENCE><W>When</W><W>you</W><W>stay</W><W>on</W><W>property</W><W>,</W><W>you</W><C><W>expect</W></C><W>to</W><W>be</W><W>close</W><W>to</W><W>all</W><W>of</W><W>the</W><W>Disney</W><W>theme</W><W>parks</W><C><W>and</W></C><W>attractions</W><W>.</W></SENTENCE><SENTENCE><W>However</W><W>,</W><W>the</W><W>only</W><W>places</W><W>that</W><W>you</W><W>are</W><W>really</W><W>close</W><W>to</W><W>are</W><W>Animal</W><W>Kingdom</W><W>,</W><W>the</W><W>Wide</W><W>World</W><W>of</W><W>Sports</W><W>,</W><C><W>and</W></C><W>Blizzard</W><W>Beach</W><W>.</W></SENTENCE><SENTENCE><W>Everything</W><W>else</W><W>is</W><W>at</W><W>least</W><W>a</W><W>15</W><W>minute</W><W>ride</W><W>,</W><C><cue ID="19" type="speculation"><W>if</W></cue></C><xcope ID="48"><ref ID="53" SRC="19"></ref><C><cue ID="20" type="negation"><W>not</W></cue></C><xcope ID="47"><ref COMMENTS="" ID="52" SRC="20"></ref><W>more</W></xcope></xcope><W>.</W></SENTENCE></P><P></P><P><SENTENCE><W>So</W><W>,</W><W>Disney</W><W>gives</W><W>you</W><W>a</W><W>resort</W><W>at</W><W>a</W><W>great</W><W>value</W><W>,</W><W>but</W><W>there</W><W>is</W><W>still</W><W>a</W><W>price</W><W>to</W><W>pay</W><W>for</W><W>what</W><W>you</W><cue ID="49" type="negation"><W>are</W><W>n&#39;t</W></cue><xcope ID="50"><ref COMMENTS="" ID="51" SRC="49"></ref><W>literally</W><W>paying</W><W>for</W></xcope><W>!</W></SENTENCE></P></DOCUMENT>
