<?xml version="1.0" encoding="UTF-8"?>
<DOCUMENT><P></P><P><SENTENCE><W>This</W><W>was</W><W>our</W><W>3rd</W><W>Disney</W><W>Resort</W><W>experience</W><W>.</W></SENTENCE><SENTENCE><W>It</W><W>&#39;s</W><W>irrelevant</W><W>but</W><W>the</W><W>year</W><W>before</W><W>we</W><W>stayed</W><W>at</W><W>the</W><W>Disney</W><W>Inn</W><W>,</W><W>which</W><W>is</W><W>now</W><W>the</W><W>military</W><W>resort</W><W>,</W><W>It</W><W>was</W><W>a</W><W>snooze</W><W>,</W><W>nice</W><C><W>and</W></C><W>quiet</W><W>but</W><W>completely</W><W>older</W><W>adult</W><W>resort</W><W>.</W></SENTENCE><SENTENCE><W>So</W><W>going</W><W>from</W><W>that</W><W>to</W><W>this</W><W>which</W><W>was</W><W>the</W><W>complete</W><W>opposite</W><W>was</W><W>a</W><W>big</W><W>shock</W><W>!</W></SENTENCE><SENTENCE><W>First</W><W>off</W><W>personally</W><W>I</W><W>was</W><W>wanting</W><W>to</W><W>stay</W><W>in</W><W>the</W><W>music</W><W>resort</W><W>but</W><W>the</W><W>siblings</W><W>sports</W><W>obsession</W><W>won</W><W>.</W></SENTENCE><SENTENCE><C><cue ID="0" type="negation"><W>Not</W></cue></C><xcope ID="16"><ref ID="51" SRC="0"></ref><W>that</W><W>it</W><W>ended</W><W>up</W><W>mattering</W></xcope><W>.</W></SENTENCE><SENTENCE><W>In</W><W>a</W><W>nutshell</W><W>we</W><W>all</W><W>hated</W><W>the</W><W>resort</W><W>.</W></SENTENCE></P><P></P><P><SENTENCE><W>One</W><W>thing</W><W>was</W><W>the</W><W>fact</W><W>that</W><W>you</W><W>had</W><W>to</W><W>walk</W><W>through</W><W>a</W><W>big</W><W>food</W><W>court</W><W>/entertainment</W><W>center</W><C><W>and</W></C><W>then</W><xcope ID="18"><ref ID="50" SRC="1"></ref><W>we</W><W>had</W><W>to</W><W>hike</W><W>what</W><W>felt</W><W>like</W><W>a</W><W>half</W><W>a</W><W>mile</W><W>to</W><W>our</W><W>rooms</W></xcope><C><cue ID="1" type="speculation"><W>or</W></cue></C><xcope ID="17"><ref ID="49" SRC="1"></ref><W>back</W><W>to</W><W>get</W><W>to</W><W>the</W><W>buses</W><W>that</W><W>take</W><W>you</W><W>to</W><W>the</W><W>parks</W></xcope><W>.</W></SENTENCE><SENTENCE><W>Which</W><W>is</W><W>another</W><W>thing</W><W>,</W><xcope ID="42"><ref COMMENTS="" ID="45" SRC="2"></ref><W>the</W><W>resort</W></xcope><C><cue ID="2" type="speculation"><W>seems</W></cue></C><xcope ID="20"><ref ID="48" SRC="2"></ref><W>to</W><W>be</W><W>farther</W><W>from</W><W>the</W><W>parks</W></xcope><W>so</W><xcope ID="43"><ref COMMENTS="" ID="44" SRC="3"></ref><W>the</W><W>bus</W><W>ride</W></xcope><C><cue ID="3" type="speculation"><W>seems</W></cue></C><xcope ID="19"><ref ID="47" SRC="3"></ref><W>to</W><W>take</W><W>some</W><W>time</W></xcope><W>.</W></SENTENCE><SENTENCE><W>Then</W><W>there</W><W>was</W><W>the</W><W>sheer</W><W>tackyness</W><W>of</W><W>it</W><W>all</W><W>.</W></SENTENCE><SENTENCE><W>eeek</W><W>it</W><W>was</W><W>blinding</W><W>,</W><W>all</W><W>those</W><W>bright</W><W>colors</W><W>.</W></SENTENCE><SENTENCE><W>I</W><C><cue ID="4" type="speculation"><W>think</W></cue></C><xcope ID="23"><ref ID="46" SRC="4"></ref><W>that</W><W>it</W><W>is</W><C><W>possible</W></C><W>that</W><C><cue ID="5" type="speculation"><W>if</W></cue></C><xcope ID="22"><ref ID="45" SRC="5"></ref><W>you</W><W>had</W><W>a</W><W>younger</W><W>family</W></xcope><W>they</W><C><cue ID="6" type="speculation"><W>would</W></cue></C><xcope ID="21"><ref ID="44" SRC="6"></ref><W>have</W><W>enjoyed</W><W>it</W><W>more</W></xcope></xcope><W>,</W><W>mine</W><W>consisted</W><W>of</W><W>my</W><W>mid</W><W>40</W><W>&#39;s</W><W>parents</W><W>my</W><W>20yr</W><W>old</W><W>friend</W><C><W>and</W></C><W>I</W><C><W>and</W></C><W>my</W><W>16</W><W>yr</W><W>old</W><W>brother</W><C><W>and</W></C><W>his</W><W>friend</W><W>.</W></SENTENCE><SENTENCE><W>There</W><W>were</W><W>way</W><W>too</W><W>many</W><W>little</W><W>kids</W><W>.</W></SENTENCE><SENTENCE><W>The</W><W>pool</W><W>was</W><W>a</W><W>source</W><W>of</W><W>frustration</W><W>for</W><W>us</W><W>also</W><W>.</W></SENTENCE><SENTENCE><W>We</W><W>really</W><W>wanted</W><W>to</W><W>swim</W><W>but</W><W>in</W><W>a</W><W>bit</W><W>more</W><W>privacy</W><W>,</W><W>you</W><C><cue ID="7" type="speculation"><W>can</W></cue></C><xcope ID="24"><ref ID="43" SRC="7"></ref><W>forget</W><W>about</W><W>it</W><W>at</W><W>the</W><W>All</W><W>star</W><W>resort</W></xcope><W>.</W></SENTENCE><SENTENCE><W>There</W><W>is</W><W>one</W><W>giant</W><W>pool</W><C><W>and</W></C><W>its</W><W>always</W><W>filled</W><W>to</W><W>the</W><W>brim</W><W>with</W><W>small</W><W>children</W><W>.</W></SENTENCE><SENTENCE><W>Also</W><W>my</W><W>parents</W><W>had</W><W>a</W><W>major</W><W>issue</W><W>with</W><W>some</W><W>teenage</W><W>kids</W><W>having</W><W>a</W><W>party</W><W>in</W><W>the</W><W>room</W><W>next</W><W>to</W><W>theres</W><W>...yeah</W><W>they</W><W>called</W><W>the</W><W>desk</W><W>...still</W><W>it</W><W>just</W><cue ID="9" type="negation"><W>does</W><W>n&#39;t</W></cue><xcope ID="26"><ref COMMENTS="" ID="40" SRC="9"></ref><C><cue ID="8" type="speculation"><W>seem</W></cue></C><xcope ID="25"><ref ID="39" SRC="8"></ref><W>disney</W></xcope></xcope><W>.</W></SENTENCE><SENTENCE><W>Basically</W><W>,</W><W>we</W><W>concluded</W><W>that</W><W>we</W><C><cue ID="10" type="speculation"><W>would</W></cue></C><xcope ID="29"><ref ID="38" SRC="10"></ref><W>pay</W><W>the</W><W>extra</W><xcope ID="28"><W>20</W></xcope><C><cue ID="11" type="speculation"><W>or</W></cue></C><xcope ID="27"><W>so</W></xcope><W>dollars</W><W>a</W><W>night</W><W>to</W></xcope><W>stay</W><W>in</W><W>a</W><W>different</W><W>themed</W><W>resort</W><W>which</W><C><cue ID="12" type="speculation"><W>would</W></cue></C><xcope ID="41"><ref ID="42" SRC="12"></ref><C><W>feel</W></C><W>more</W><W>disneyish</W><W>to</W><W>us</W></xcope><W>.</W></SENTENCE></P><P></P><P><SENTENCE><W>So</W><C><cue ID="13" type="speculation"><W>probably</W></cue></C><xcope ID="30"><ref ID="37" SRC="13"></ref><W>depending</W><W>on</W><W>the</W><W>age</W><W>of</W><W>your</W><W>family</W></xcope><W>,</W><W>how</W><W>important</W><W>staying</W><W>on</W><W>ground</W><C><W>and</W></C><W>saving</W><W>that</W><W>little</W><W>extra</W><W>cash</W><W>is</W><C><W>and</W></C><W>how</W><W>calm</W><W>you</W><W>want</W><W>your</W><W>out</W><W>of</W><W>park</W><W>experience</W><W>to</W><W>be</W><W>you</W><C><cue ID="14" type="speculation"><W>might</W></cue></C><xcope ID="31"><ref ID="36" SRC="14"></ref><W>enjoy</W><W>your</W><W>stay</W><W>there</W></xcope><W>.</W></SENTENCE><SENTENCE><W>But</W><W>,</W><W>my</W><C><W>suggestion</W></C><W>is</W><W>to</W><W>pick</W><W>a</W><W>mid</W><W>range</W><W>resort</W><C><W>and</W></C><W>go</W><W>with</W><W>that</W><W>.</W></SENTENCE><SENTENCE><W>Something</W><W>like</W><xcope ID="33"><ref ID="35" SRC="15"></ref><W>Caribean</W></xcope><C><cue ID="15" type="speculation"><W>or</W></cue></C><xcope ID="32"><ref ID="34" SRC="15"></ref><W>Port</W><W>Orleans</W></xcope><W>.</W></SENTENCE></P></DOCUMENT>
