<?xml version="1.0" encoding="UTF-8"?>
<DOCUMENT><P></P><P><SENTENCE><W>I</W><W>have</W><W>stayed</W><W>at</W><W>many</W><W>Ritz-Carlton</W><W>properties</W><W>,</W><C><W>and</W></C><W>I</W><W>will</W><W>start</W><W>by</W><W>adding</W><W>that</W><W>one</W><W>of</W><W>my</W><W>favorite</W><W>resorts</W><W>anywhere</W><W>is</W><W>the</W><W>Ritz-Carlton</W><W>Kapalua</W><W>on</W><W>Maui</W><W>.</W></SENTENCE><SENTENCE><W>However</W><W>,</W><W>the</W><W>experience</W><W>we</W><W>had</W><W>at</W><W>the</W><W>Ritz-Carlton</W><W>Boston</W><W>was</W><W>completely</W><W>uncharacteristic</W><W>of</W><W>my</W><W>other</W><W>experiences</W><C><W>and</W></C><C><cue ID="0" type="speculation"><W>can</W></cue></C><xcope ID="3"><ref COMMENTS="" ID="98" SRC="0"></ref><W>only</W><W>be</W><W>summed</W><W>up</W><W>by</W><W>saying</W><W>it</W><W>was</W><W>HORRIBLE.</W></xcope></SENTENCE></P><P></P><P><SENTENCE><W>My</W><W>mother</W><C><W>and</W></C><W>I</W><W>went</W><W>to</W><W>Boston</W><W>a</W><W>few</W><W>years</W><W>ago</W><W>for</W><W>a</W><W>week</W><W>as</W><W>a</W><W>part</W><W>of</W><W>a</W><W>trip</W><W>to</W><W>New</W><W>England</W><W>,</W><C><W>and</W></C><W>we</W><W>chose</W><W>the</W><W>Ritz</W><C><W>instead</W></C><W>of</W><W>the</W><W>Four</W><W>Seasons</W><W>since</W><W>we</W><W>tend</W><W>to</W><W>favor</W><W>the</W><W>chain</W><W>in</W><W>our</W><W>travels</W><W>.</W></SENTENCE><SENTENCE><W>We</W><W>loved</W><W>the</W><W>location</W><W>,</W><W>which</W><W>is</W><W>right</W><W>across</W><W>the</W><W>street</W><W>from</W><W>the</W><W>Public</W><W>Gardens</W><C><W>and</W></C><W>Boston</W><W>Common</W><W>.</W></SENTENCE><SENTENCE><W>The</W><W>hotel</W><W>is</W><W>located</W><W>a</W><W>block</W><W>from</W><W>the</W><W>T</W><W>(</W><W>subway</W><W>)</W><W>on</W><W>the</W><W>green</W><W>line</W><W>,</W><W>which</W><W>was</W><W>also</W><W>very</W><W>convenient</W><W>to</W><W>use</W><W>for</W><W>getting</W><W>around</W><W>to</W><W>go</W><W>shopping</W><C><W>and</W></C><W>dining</W><W>.</W></SENTENCE><SENTENCE><W>The</W><W>interiors</W><W>are</W><W>rather</W><W>old</W><C><W>and</W></C><W>in</W><W>desperate</W><W>need</W><W>of</W><W>the</W><W>facelift</W><W>that</W><W>it</W><W>is</W><W>now</W><W>receiving</W><W>.</W></SENTENCE><SENTENCE><W>However</W><W>,</W><W>it</W><W>was</W><W>nt</W><W>the</W><W>aging</W><W>interiors</W><W>that</W><W>turned</W><W>us</W><W>off</W><W>to</W><W>this</W><W>property</W><W>,</W><W>so</W><W>facelift</W><C><W>or</W></C><C><cue ID="1" type="negation"><W>no</W></cue></C><W>,</W><W>a</W><W>makeover</W><cue ID="2" type="speculation"><C><W>would</W></C><W>nt</W></cue><xcope ID="4"><ref COMMENTS="" ID="97" SRC="2"></ref><W>be</W><W>enough</W><W>to</W><W>draw</W><W>us</W><W>back</W><W>to</W><W>the</W><W>Ritz-Carlton</W><W>Boston</W><W>.</W></xcope></SENTENCE></P><P></P><P><SENTENCE><W>From</W><W>the</W><W>moment</W><W>we</W><W>arrived</W><W>,</W><W>we</W><W>were</W><W>put-off</W><W>by</W><W>the</W><W>snooty</W><W>attitudes</W><W>of</W><W>the</W><W>staff</W><W>,</W><W>but</W><W>we</W><cue ID="5" type="negation"><W>did</W><W>n&#39;t</W></cue><xcope ID="8"><ref COMMENTS="" ID="96" SRC="5"></ref><C><cue ID="6" type="speculation"><W>think</W></cue></C><xcope ID="7"><ref COMMENTS="" ID="95" SRC="6"></ref><W>too</W><W>much</W><W>of</W><W>it</W></xcope></xcope><W>.</W></SENTENCE><SENTENCE><W>Our</W><W>room</W><W>was</W><W>in</W><W>the</W><W>older</W><W>half</W><W>of</W><W>the</W><W>hotel</W><W>overlooking</W><W>Newbury</W><W>Street</W><W>,</W><W>which</W><W>wed</W><W>requested</W><C><W>instead</W></C><W>of</W><W>the</W><W>newer</W><W>addition</W><W>on</W><W>the</W><W>opposite</W><W>side</W><W>of</W><W>the</W><W>hotel</W><W>.</W></SENTENCE><SENTENCE><W>Friends</W><W>of</W><W>ours</W><W>had</W><W>stayed</W><W>in</W><W>both</W><W>the</W><W>old</W><C><W>and</W></C><W>new</W><W>areas</W><C><W>and</W></C><W>had</W><W>discouraged</W><W>us</W><W>from</W><W>the</W><W>newer</W><W>addition</W><W>.</W></SENTENCE></P><P></P><P><SENTENCE><W>We</W><W>arrived</W><W>in</W><W>the</W><W>late</W><W>afternoon</W><W>,</W><W>so</W><W>we</W><W>dropped</W><W>our</W><W>bags</W><W>off</W><W>in</W><W>our</W><W>room</W><C><W>and</W></C><W>went</W><W>out</W><W>in</W><W>search</W><W>of</W><W>a</W><W>light</W><W>meal</W><W>.</W></SENTENCE><SENTENCE><W>When</W><W>we</W><W>returned</W><W>to</W><W>our</W><W>room</W><W>,</W><W>there</W><W>was</W><W>a</W><W>flower</W><W>arrangement</W><W>awaiting</W><W>us</W><W>with</W><C><cue ID="10" type="negation"><W>no</W></cue></C><xcope ID="35"><ref COMMENTS="" ID="94" SRC="10"></ref><W>card</W></xcope><W>,</W><W>so</W><W>we</W><C><cue ID="9" type="speculation"><W>assumed</W></cue></C><xcope ID="34"><ref COMMENTS="" ID="93" SRC="9"></ref><W>that</W><W>this</W><W>was</W><W>an</W><W>amenity</W></xcope><W>since</W><W>my</W><W>mother</W><W>works</W><W>in</W><W>the</W><W>travel</W><W>industry</W><W>.</W></SENTENCE></P><P></P><P><SENTENCE><W>We</W><W>settled</W><W>in</W><W>,</W><C><W>and</W></C><W>a</W><W>little</W><W>later</W><W>we</W><W>received</W><W>a</W><W>phone</W><W>call</W><W>that</W><W>room</W><W>service</W><W>wanted</W><W>to</W><W>deliver</W><W>a</W><W>fruit</W><W>tray</W><W>to</W><W>us</W><W>.</W></SENTENCE><SENTENCE><W>We</W><C><cue ID="11" type="speculation"><W>assumed</W></cue></C><xcope ID="37"><ref COMMENTS="" ID="92" SRC="11"></ref><W>again</W><W>that</W><W>this</W><W>was</W><W>an</W><W>amenity</W><W>as</W><W>there</W><W>was</W><C><cue ID="12" type="negation"><W>no</W></cue></C><xcope ID="36"><ref COMMENTS="" ID="91" SRC="12"></ref><W>mention</W><W>of</W><W>it</W><W>being</W><W>a</W><W>gift</W></xcope></xcope><W>,</W><C><W>and</W></C><W>we</W><W>declined</W><W>having</W><W>it</W><W>delivered</W><W>right</W><W>then</W><W>.</W></SENTENCE><SENTENCE><W>We</W><C><W>instead</W></C><W>arranged</W><W>for</W><W>delivery</W><W>the</W><W>next</W><W>day</W><W>since</W><W>we</W><W>&#39;d</W><W>already</W><W>eaten</W><W>that</W><W>evening</W><C><W>and</W></C><W>wanted</W><W>to</W><W>turn</W><W>in</W><W>early</W><W>.</W></SENTENCE></P><P></P><P><SENTENCE><W>The</W><W>next</W><W>day</W><W>we</W><W>received</W><W>a</W><W>phone</W><W>call</W><W>from</W><W>a</W><W>close</W><W>friend</W><C><W>and</W></C><W>client</W><W>of</W><W>my</W><W>mother</W><W>&#39;s</W><W>,</W><C><W>and</W></C><W>after</W><W>an</W><W>awkward</W><W>few</W><W>minutes</W><W>,</W><W>she</W><W>asked</W><W>how</W><W>we</W><W>enjoyed</W><W>the</W><W>gifts</W><W>she</W><W>&#39;d</W><W>arranged</W><W>for</W><W>us</W><W>.</W></SENTENCE><SENTENCE><W>I</W><W>&#39;m</W><W>sure</W><W>she</W><W>felt</W><W>rather</W><W>uncomfortable</W><W>having</W><W>to</W><W>ask</W><W>us</W><W>at</W><W>all</W><W>,</W><W>but</W><W>she</W><C><cue ID="13" type="speculation"><W>thought</W></cue></C><xcope ID="39"><ref COMMENTS="" ID="90" SRC="13"></ref><W>it</W><W>was</W><W>strange</W><W>that</W><W>we</W><W>&#39;d</W><C><cue ID="14" type="negation"><W>not</W></cue></C><xcope ID="38"><ref ID="89" SRC="14"></ref><W>mentioned</W><W>it</W></xcope></xcope><W>.</W></SENTENCE><SENTENCE><W>Imagine</W><W>our</W><W>surprise</W><W>when</W><W>she</W><W>told</W><W>us</W><W>that</W><W>she</W><W>was</W><W>the</W><W>one</W><W>who</W><W>had</W><W>sent</W><W>us</W><W>the</W><W>flowers</W><W>!</W></SENTENCE><SENTENCE><W>She</W><W>had</W><W>also</W><W>arranged</W><W>for</W><W>a</W><W>cheese</W><W>tray</W><W>with</W><W>my</W><W>favorite</W><W>cheeses</W><W>to</W><W>be</W><W>delivered</W><W>,</W><C><cue ID="15" type="negation"><W>not</W></cue></C><xcope ID="40"><ref ID="88" SRC="15"></ref><W>a</W><W>fruit</W><W>tray</W></xcope><W>,</W><C><W>and</W></C><W>had</W><W>specified</W><W>that</W><W>they</W><W>be</W><W>waiting</W><W>when</W><W>we</W><W>arrived</W><W>since</W><W>she</W><W>knew</W><W>wed</W><W>be</W><W>famished</W><W>after</W><W>over</W><W>12</W><W>hours</W><W>of</W><W>flying</W><W>.</W></SENTENCE><SENTENCE><W>She</W><W>had</W><W>also</W><W>sent</W><W>a</W><W>check</W><W>ahead</W><W>of</W><W>time</W><C><W>and</W></C><W>asked</W><W>the</W><W>concierge</W><W>to</W><W>purchase</W><W>a</W><W>gift</W><W>certificate</W><W>to</W><W>Legal</W><W>Seafood</W><W>for</W><W>us</W><W>to</W><W>enjoy</W><W>during</W><W>our</W><W>stay</W><C><W>and</W></C><W>had</W><W>mailed</W><W>a</W><W>hand-written</W><W>note</W><W>well</W><W>in</W><W>advance</W><W>to</W><W>be</W><W>displayed</W><W>with</W><W>these</W><W>wonderful</W><W>gifts</W><W>when</W><W>we</W><W>arrived</W><W>.</W></SENTENCE><SENTENCE><W>All</W><W>of</W><W>this</W><W>was</W><W>paid</W><W>for</W><W>in</W><W>advance</W><W>with</W><W>a</W><W>generous</W><W>tip</W><W>included</W><W>for</W><W>the</W><W>concierge</W><W>.</W></SENTENCE></P><P></P><P><SENTENCE><W>We</W><W>immediately</W><W>took</W><W>this</W><W>matter</W><W>up</W><W>with</W><W>management</W><W>who</W><W>denied</W><W>any</W><W>knowledge</W><W>of</W><W>these</W><W>arrangements</W><W>.</W></SENTENCE><SENTENCE><W>They</W><C><cue ID="16" type="negation"><W>never</W></cue></C><xcope ID="41"><ref ID="87" SRC="16"></ref><W>apologized</W></xcope><W>,</W><C><W>and</W></C><W>we</W><C><cue ID="17" type="negation"><W>never</W></cue></C><xcope ID="45"><ref ID="86" SRC="17"></ref><xcope ID="42"><ref ID="85" SRC="18"></ref><W>saw</W><W>the</W><W>gift</W><W>certificate</W></xcope><W>,</W><xcope ID="43"><ref ID="84" SRC="18"></ref><W>the</W><W>hand-written</W><W>note</W></xcope><W>,</W><C><cue ID="18" type="speculation"><W>or</W></cue></C><xcope ID="44"><ref ID="83" SRC="18"></ref><W>the</W><W>cheese</W></xcope></xcope><W>!</W></SENTENCE><SENTENCE><W>The</W><W>final</W><W>insult</W><W>was</W><W>their</W><W>response</W><W>to</W><W>our</W><W>friend</W><W>.</W></SENTENCE><SENTENCE><W>When</W><W>she</W><W>called</W><W>to</W><W>complain</W><W>,</W><W>they</W><W>lied</W><W>to</W><W>her</W><C><W>and</W></C><W>told</W><W>her</W><W>that</W><W>wed</W><W>refused</W><W>the</W><W>cheese</W><W>tray</W><W>delivery</W><C><W>and</W></C><W>had</W><W>indeed</W><W>received</W><W>the</W><W>gift</W><W>certificate</W><C><W>and</W></C><W>note</W><W>,</W><C><W>and</W></C><W>when</W><W>she</W><W>told</W><W>them</W><W>that</W><W>shed</W><W>spoken</W><W>to</W><W>us</W><C><W>and</W></C><W>knew</W><W>this</W><cue ID="20" type="negation"><W>was</W><W>nt</W></cue><xcope ID="46"><ref COMMENTS="" ID="80" SRC="20"></ref><W>true</W></xcope><W>,</W><W>they</W><W>told</W><W>her</W><W>that</W><W>we</W><W>were</W><W>the</W><W>liars</W><W>!</W></SENTENCE><SENTENCE><W>She</W><W>followed</W><W>up</W><W>with</W><W>a</W><W>letter</W><W>to</W><W>their</W><W>corporate</W><W>offices</W><W>,</W><W>but</W><W>even</W><W>that</W><W>was</W><W>responded</W><W>to</W><W>with</W><W>a</W><W>form</W><W>letter</W><C><W>and</W></C><C><cue ID="19" type="negation"><W>no</W></cue></C><xcope ID="81"><ref ID="82" SRC="19"></ref><W>personal</W><W>addressing</W><W>to</W><W>the</W><W>problems</W></xcope><W>.</W></SENTENCE><SENTENCE><W>She</W><C><W>and</W></C><W>her</W><W>husband</W><W>,</W><W>both</W><W>frequent</W><W>,</W><W>affluent</W><W>travelers</W><W>,</W><W>refuse</W><W>to</W><W>stay</W><W>at</W><W>any</W><W>Ritz-Carlton</W><W>properties</W><W>since</W><W>then</W><W>.</W></SENTENCE><SENTENCE><W>Following</W><W>our</W><W>complaints</W><W>,</W><W>we</W><W>received</W><W>unwelcome</W><W>glares</W><W>walking</W><W>through</W><W>the</W><W>lobby</W><W>,</W><W>which</W><W>only</W><W>served</W><W>to</W><W>anger</W><W>us</W><W>further</W><W>.</W></SENTENCE></P><P></P><P><SENTENCE><W>But</W><W>the</W><W>story</W><cue ID="23" type="negation"><W>does</W><W>nt</W></cue><xcope ID="49"><ref COMMENTS="" ID="79" SRC="23"></ref><W>end</W><W>there</W></xcope><W>.</W></SENTENCE><SENTENCE><C><cue ID="21" type="speculation"><W>If</W></cue></C><xcope ID="48"><ref ID="78" SRC="21"></ref><W>you</W><C><cue ID="22" type="speculation"><W>can</W></cue></C><xcope ID="47"><ref ID="77" SRC="22"></ref><W>even</W><C><W>believe</W></C><W>it</W></xcope></xcope><W>,</W><W>it</W><W>gets</W><W>worse</W><W>.</W></SENTENCE></P><P></P><P><SENTENCE><W>After</W><W>a</W><W>few</W><W>days</W><W>of</W><W>being</W><W>at</W><W>the</W><W>hotel</W><W>,</W><W>we</W><W>awoke</W><W>one</W><W>morning</W><W>to</W><W>the</W><W>most</W><W>awful</W><W>smell</W><W>.</W><W></W></SENTENCE><SENTENCE><W>We</W><cue ID="24" type="speculation"><C><W>could</W></C><W>nt</W></cue><xcope ID="50"><ref COMMENTS="" ID="76" SRC="24"></ref><W>figure</W><W>out</W><W>what</W><W>it</W><W>was</W></xcope><W>,</W><W>but</W><W>we</W><W>were</W><W>choking</W><W>on</W><W>it</W><W>.</W></SENTENCE><SENTENCE><W>I</W><W>opened</W><W>the</W><W>window</W><W>to</W><W>our</W><W>room</W><W>,</W><C><W>and</W></C><W>my</W><W>mother</W><W>called</W><W>downstairs</W><W>for</W><W>maintenance</W><W>.</W></SENTENCE><SENTENCE><W>It</W><W>took</W><W>them</W><W>over</W><W>an</W><W>hour</W><W>to</W><W>arrive</W><W>,</W><C><W>and</W></C><W>when</W><W>the</W><W>hotel</W><W>repairman</W><W>did</W><W>finally</W><W>arrive</W><W>,</W><W>he</W><W>told</W><W>us</W><W>the</W><xcope ID="52"><ref ID="75" SRC="25"></ref><W>Freon</W><W>from</W><W>the</W><W>fridge</W><W>had</W><W>leaked</W></xcope><C><cue ID="25" type="speculation"><W>or</W></cue></C><xcope ID="51"><ref ID="74" SRC="25"></ref><W>some</W><W>similar</W><W>problem</W></xcope><W>.</W></SENTENCE><SENTENCE><W>I</W><cue ID="55" type="negation"><W>dont</W></cue><xcope ID="54"><ref COMMENTS="" ID="73" SRC="55"></ref><W>know</W><W>much</W><W>about</W><W>things</W><W>of</W><W>that</W><W>sort</W></xcope><W>,</W><W>but</W><W>whatever</W><W>leaked</W><W>intoxicated</W><W>the</W><W>air</W><W>.</W></SENTENCE><SENTENCE><W>They</W><W>removed</W><W>the</W><W>fridge</W><W>,</W><W>which</W><C><cue ID="26" type="speculation"><W>apparently</W></cue></C><xcope ID="53"><ref ID="72" SRC="26"></ref><W>the</W><W>entire</W><W>floor</W><W>of</W><W>the</W><W>hotel</W><W>had</W><W>complained</W><W>about</W></xcope><W>,</W><W>but</W><W>you</W><W>know</W><W>where</W><W>they</W><W>put</W><W>it</W><W>?</W></SENTENCE><SENTENCE><W>In</W><W>a</W><W>maintenance</W><W>closet</W><W>on</W><W>the</W><W>same</W><W>floor</W><W>!</W></SENTENCE><SENTENCE><W>So</W><W>the</W><W>stench/choking</W><W>smell</W><W></W><W>lingered</W><W>on</W><W>the</W><W>entire</W><W>floor</W><W>.</W></SENTENCE><SENTENCE><W>This</W><W>was</W><W>just</W><W>too</W><W>much</W><W>!</W></SENTENCE></P><P></P><P><SENTENCE><W>We</W><W>called</W><W>downstairs</W><W>again</W><W>,</W><C><W>and</W></C><W>fully</W><W>expecting</W><W>understanding</W><W>of</W><W>the</W><W>problem</W><W>,</W><W>asked</W><W>to</W><W>be</W><W>moved</W><W>to</W><W>another</W><W>room</W><W>.</W></SENTENCE><SENTENCE><W>Simple</W><W>request</W><W>,</W><W>right</W><W>?</W></SENTENCE><SENTENCE><W>They</W><W>told</W><W>us</W><W>no!</W></SENTENCE><SENTENCE><W>We</W><W>were</W><W>outraged</W><W>!</W></SENTENCE><SENTENCE><W>We</W><W>were</W><W>fully</W><W>prepared</W><W>to</W><W>move</W><W>to</W><W>the</W><W>Four</W><W>Seasons</W><W>,</W><W>but</W><W>we</W><W>had</W><W>only</W><W>one</W><W>more</W><W>night</W><C><W>and</W></C><W>felt</W><W>it</W><cue ID="27" type="negation"><W>was</W><W>nt</W></cue><xcope ID="57"><ref COMMENTS="" ID="71" SRC="27"></ref><W>worth</W><W>the</W><W>trouble</W></xcope><W>,</W><W>that</W><W>wed</W><W>simply</W><C><cue ID="28" type="negation"><W>never</W></cue></C><xcope ID="56"><ref ID="70" SRC="28"></ref><W>return</W><W>to</W><W>their</W><W>Boston</W><W>property</W><W>again</W><W>.</W></xcope></SENTENCE></P><P></P><P><SENTENCE><W>Id</W><W>also</W><W>like</W><W>to</W><W>comment</W><W>on</W><W>the</W><W>restaurants</W><W>.</W></SENTENCE><SENTENCE><W>We</W><W>did</W><C><cue ID="29" type="negation"><W>not</W></cue></C><xcope ID="58"><ref ID="69" SRC="29"></ref><W>dine</W><W>in</W><W>the</W><W>formal</W><W>Dining</W><W>Room</W><W>upstairs</W></xcope><W>,</W><W>but</W><W>we</W><W>did</W><W>enjoy</W><W>a</W><W>less-formal</W><W>meal</W><W>at</W><W>the</W><W>cafe</W><W>on</W><W>the</W><W>first</W><W>floor</W><W>facing</W><W>Newbury</W><W>Street</W><W>.</W></SENTENCE><SENTENCE><W>I</W><W>have</W><C><cue ID="30" type="negation"><W>no</W></cue></C><xcope ID="59"><ref ID="68" SRC="30"></ref><W>complaints</W></xcope><W>about</W><W>spending</W><W>money</W><W>on</W><W>fine</W><W>dining</W><W>,</W><W>but</W><W>the</W><W>food</W><W>here</W><W>was</W><W>overpriced</W><C><W>and</W></C><W>uninspired</W><W>.</W></SENTENCE><SENTENCE><W>My</W><W>mother</W><W>summed</W><W>it</W><W>up</W><W>as</W><W>mundane</W><W>at</W><W>best</W><W>.</W></SENTENCE><SENTENCE><W>They</W><W>had</W><W>a</W><W>harpist</W><W>playing</W><W>,</W><W>which</W><W>was</W><W>nice</W><W>,</W><W>but</W><W>we</W><W>were</W><W>unimpressed</W><W>with</W><W>the</W><W>rest</W><W>of</W><W>the</W><W>experience</W><W>.</W></SENTENCE><SENTENCE><W>The</W><W>waitstaff</W><W>,</W><W>however</W><W>,</W><W>was</W><W>attentive</W><C><W>and</W></C><W>more</W><W>than</W><W>satisfactory</W><W>in</W><W>their</W><W>service</W><W>.</W></SENTENCE></P><P></P><P><SENTENCE><W>Despite</W><W>our</W><W>unfortunate</W><W>experiences</W><W>with</W><W>the</W><W>concierge</W><W>,</W><W>front</W><W>desk</W><W>,</W><C><W>and</W></C><W>management</W><W>,</W><W>we</W><W>did</W><W>have</W><W>compliments</W><W>for</W><W>a</W><W>few</W><W>other</W><W>staff</W><W>members</W><W>that</W><W>did</W><W>help</W><W>to</W><W>brighten</W><W>our</W><W>overall</W><W>dismal</W><W>stay</W><W>.</W></SENTENCE><SENTENCE><W>The</W><W>doormen</W><W>recognized</W><W>us</W><C><W>and</W></C><W>chatted</W><W>with</W><W>us</W><W>each</W><W>day</W><W>when</W><W>wed</W><W>return</W><W>from</W><xcope ID="62"><ref ID="67" SRC="31"></ref><W>shopping</W></xcope><C><cue ID="31" type="speculation"><W>or</W></cue></C><xcope ID="61"><ref ID="66" SRC="31"></ref><W>sightseeing</W></xcope><W>,</W><C><W>and</W></C><W>they</W><W>remembered</W><W>our</W><W>names</W><C><W>and</W></C><W>details</W><W>about</W><W>us</W><W>,</W><W>which</W><W>was</W><W>nice</W><W>.</W></SENTENCE><SENTENCE><W>Since</W><W>the</W><W>hotel</W><W>has</W><W>the</W><W>only</W><W>working</W><W>,</W><W>manned</W><W>elevator</W><W>today</W><W>,</W><W>the</W><W>elevators</W><W>have</W><W>attendants</W><W></W><W>to</W><W>run</W><W>them</W><W>,</W><C><W>and</W></C><W>one</W><W>of</W><W>them</W><W>allowed</W><W>me</W><W>to</W><W>work</W><W>it</W><W>one</W><W>night</W><W>,</W><W>which</W><W>was</W><W>fun</W><W>.</W></SENTENCE><SENTENCE><W>We</W><W>also</W><W>spent</W><W>an</W><W>evening</W><W>in</W><W>the</W><W>lounge</W><W>,</W><C><W>and</W></C><W>this</W><W>was</W><W>by</W><W>far</W><W>the</W><W>only</W><W>true</W><W>highlight</W><W>of</W><W>our</W><W>experience</W><W>.</W></SENTENCE><SENTENCE><W>The</W><W>pianist</W><W>John</W><W>was</W><W>so</W><W>terrific</W><W>;</W><W>he</W><W>knew</W><W>every</W><W>tune</W><W>you</W><C><cue ID="32" type="speculation"><W>could</W></cue></C><xcope ID="60"><ref ID="65" SRC="32"></ref><W>imagine</W></xcope><W>.</W></SENTENCE><SENTENCE><W>He</W><W>actually</W><W>got</W><W>everybody</W><W>in</W><W>the</W><W>lounge</W><W>singing</W><W>together</W><W>at</W><W>one</W><W>point</W><W>,</W><C><W>and</W></C><W>when</W><W>the</W><W>waiter</W><W>came</W><W>for</W><W>our</W><W>drink</W><W>order</W><W>,</W><W>my</W><W>mom</W><W>tried</W><W>something</W><W>new</W><W>on</W><W>his</W><W>recommendation</W><C><W>and</W></C><W>was</W><W>more</W><W>than</W><W>satisfied</W><W>with</W><W>the</W><W>concoction</W><W>he</W><W>chose</W><W>.</W></SENTENCE></P><P></P><P><SENTENCE><W>Besides</W><W>these</W><W>few</W><W>gems</W><W>,</W><W>though</W><W>,</W><W>it</W><W>was</W><W>terrible</W><W>beyond</W><W>my</W><W>worst</W><W>travel</W><W>nightmares</W><W>.</W></SENTENCE><SENTENCE><W>It</W><W>was</W><W>little</W><W>surprise</W><W>to</W><W>us</W><W>when</W><W>,</W><W>shortly</W><W>after</W><W>our</W><W>stay</W><W>,</W><W>the</W><W>property</W><W>was</W><W>demoted</W><W>from</W><W>a</W><W>five-diamond</W><W>property</W><W>.</W></SENTENCE><SENTENCE><C><cue ID="33" type="speculation"><W>If</W></cue></C><xcope ID="63"><ref ID="64" SRC="33"></ref><W>you</W><W>want</W><W>a</W><W>convenient</W><W>location</W></xcope><W>,</W><W>excellent</W><W>service</W><W>,</W><C><W>and</W></C><W>fine</W><W>accommodations</W><W>,</W><W>move</W><W>about</W><W>one</W><W>block</W><W>down</W><W>to</W><W>the</W><W>Four</W><W>Seasons</W><W>.</W></SENTENCE></P><P></P><P><SENTENCE><W>Website</W><W>:</W><W>www.ritzcarlton.com/hotels/boston/</W></SENTENCE></P></DOCUMENT>
