<?xml version="1.0" encoding="UTF-8"?>
<DOCUMENT><P></P><P><SENTENCE><W>I</W><W>recently</W><W>stayed</W><W>at</W><W>the</W><W>Stratosphere</W><W>hotel</W><W>for</W><W>eight</W><W>days</W><W>.</W></SENTENCE><SENTENCE><W>Although</W><W>the</W><W>check</W><W>in</W><W>was</W><W>impressively</W><W>quick</W><W>for</W><W>Las</W><W>Vegas</W><W>that</W><W>is</W><W>where</W><W>the</W><W>first</W><W>class</W><W>service</W><W>ended</W><W>.</W></SENTENCE><SENTENCE><W>My</W><W>husband</W><C><W>and</W></C><W>I</W><W>got</W><W>to</W><W>our</W><W>room</W><W>after</W><W>12</W><W>hours</W><W>of</W><W>travel</W><W>exhausted</W><W>.</W></SENTENCE><SENTENCE><W>The</W><W>room</W><W>had</W><W>a</W><W>unidentifiable</W><W>stain</W><W>on</W><W>the</W><W>floor</W><W>which</W><W>kind</W><W>of</W><W>looked</W><W>like</W><W>blood</W><W>,</W><W>but</W><W>I</W><cue ID="75" type="speculation"><C><W>cannot</W></C><W>be</W><W>sure</W></cue><W>.</W></SENTENCE><SENTENCE><W>The</W><W>bathtub</W><W>was</W><W>dirty</W><W>-</W><W>I</W><W>had</W><W>to</W><W>clean</W><W>it</W><W>out</W><W>before</W><W>I</W><W>went</W><W>in</W><W>there</W><W>.</W></SENTENCE><SENTENCE><W>The</W><W>lighting</W><W>in</W><W>the</W><W>sink</W><W>area</W><W>was</W><W>dim</W><W>,</W><C><W>and</W></C><W>for</W><W>us</W><W>girls</W><C><W>and</W></C><W>make</W><W>up</W><W>you</W><W>prefer</W><W>the</W><W>bright</W><W>lights</W><W>.</W></SENTENCE><SENTENCE><C><cue ID="3" type="negation"><W>Not</W></cue></C><xcope ID="37"><ref ID="70" SRC="3"></ref><W>to</W><W>mention</W><W>the</W><W>fact</W><W>that</W><W>there</W><W>was</W><W>a</W><W>sound</W><W>that</W><W>traveled</W><W>overhead</W><W>of</W><W>the</W><W>room</W><W>that</W><W>sounded</W><W>like</W><W>a</W><W>train</W><W>on</W><W>tracks</W></xcope><W>.</W></SENTENCE><SENTENCE><W>We</W><C><cue ID="1" type="negation"><W>never</W></cue></C><xcope ID="38"><ref ID="71" SRC="1"></ref><W>determined</W><W>preciously</W><W>what</W><W>the</W><W>sound</W><W>was</W></xcope><W>.</W></SENTENCE><SENTENCE><W>We</W><W>were</W><W>too</W><W>far</W><W>from</W><W>the</W><W>elevators</W><W>,</W><W>the</W><W>roller</W><W>coaster</W><W>on</W><W>top</W><W>of</W><W>the</W><W>tower</W><W>does</W><C><cue ID="2" type="negation"><W>not</W></cue></C><xcope ID="39"><ref ID="72" SRC="2"></ref><W>operate</W><W>all</W><W>night</W><W>long</W></xcope><W>,</W><W>so</W><W>that</W><W>left</W><W>us</W><W>curious</W><W>,</W><W>but</W><W>anxious</W><W>to</W><W>move</W><W>rooms</W><W>.</W></SENTENCE></P><P></P><P><SENTENCE><W>The</W><W>manager</W><W>upgraded</W><W>us</W><W>to</W><W>a</W><W>player</W><W>suite</W><W>which</W><W>did</W><W>have</W><W>better</W><W>lighting</W><C><W>and</W></C><W>a</W><W>marble</W><W>topped</W><W>bathroom</W><W>.</W></SENTENCE><SENTENCE><W>It</W><W>also</W><W>had</W><W>an</W><W>extra</W><W>room</W><W>with</W><W>a</W><W>small</W><W>chair</W><W>in</W><W>it</W><W>-</W><W>I</W><C><cue ID="6" type="speculation"><W>would</W></cue></C><xcope ID="42"><ref ID="75" SRC="6"></ref><W>have</W><W>been</W><W>outraged</W><C><cue ID="7" type="speculation"><W>if</W></cue></C><xcope ID="41"><ref ID="74" SRC="7"></ref><W>I</W><C><cue ID="5" type="speculation"><W>would</W></cue></C><xcope ID="40"><ref ID="73" SRC="5"></ref><W>have</W><W>paid</W><W>the</W><W>extra</W><W>$</W><W>20</W><W>a</W><W>night</W><W>this</W><W>room</W><W>was</W><W>supposidly</W><W>worth</W></xcope></xcope></xcope><W>,</W><W>but</W><W>we</W><W>got</W><W>the</W><W>upgrade</W><W>for</W><W>free</W><W>so</W><W>it</W><W>was</W><W>fine</W><W>.</W></SENTENCE><SENTENCE><W>We</W><W>changed</W><W>rooms</W><W>late</W><W>at</W><W>night</W><C><W>and</W></C><W>I</W><W>noticed</W><W>there</W><W>was</W><C><cue ID="69" type="negation"><W>not</W></cue></C><xcope ID="70"><ref COMMENTS="" ID="71" SRC="69"></ref><W>a</W><W>&#34;</W><W>Do</W><C><cue ID="8" type="negation"><W>Not</W></cue></C><xcope ID="43"><ref ID="76" SRC="8"></ref><W>Disturb</W></xcope><W>&#34;</W><W>sign</W></xcope><W>.</W></SENTENCE><SENTENCE><W>I</W><W>called</W><W>housekeeping</W><C><W>and</W></C><W>requested</W><W>one</W><C><W>and</W></C><W>they</W><C><cue ID="72" type="speculation"><W>suggested</W></cue></C><xcope ID="73"><ref COMMENTS="" ID="74" SRC="72"></ref><W>to</W><W>simply</W><W>place</W><W>the</W><W>sign</W><W>outside</W><W>the</W><W>door</W><W>for</W><W>us</W><W>since</W><W>it</W><W>was</W><W>late</W></xcope><W>.</W></SENTENCE></P><P></P><P><SENTENCE><W>The</W><W>next</W><W>morning</W><W>we</W><W>discovered</W><W>that</W><W>we</W><W>did</W><C><cue ID="10" type="negation"><W>not</W></cue></C><xcope ID="44"><ref ID="77" SRC="10"></ref><W>have</W><W>any</W><W>hot</W><W>water</W></xcope><W>unless</W><W>you</W><W>took</W><W>a</W><W>shower</W><W>early</W><W>in</W><W>the</W><W>morning</W><W>as</W><W>we</W><W>had</W><W>done</W><W>on</W><W>our</W><W>first</W><W>day</W><W>there</W><W>(</W><W>3</W><W>hour</W><W>time</W><W>difference</W><W>from</W><W>east</W><W>to</W><W>west</W><W>coast</W><W>)</W><W>.</W></SENTENCE><SENTENCE><W>The</W><W>shower</W><W>was</W><W>luke</W><W>warm</W><W>-</W><W>almost</W><W>cold</W><W>so</W><W>we</W><C><cue ID="11" type="speculation"><W>thought</W></cue></C><xcope ID="46"><ref ID="79" SRC="11"></ref><W>we</W><C><cue ID="12" type="speculation"><W>could</W></cue></C><xcope ID="45"><ref ID="78" SRC="12"></ref><W>combat</W><W>the</W><W>cold</W><W>shower</W><W>by</W><W>heating</W><W>the</W><W>room</W></xcope></xcope><W>.</W></SENTENCE><SENTENCE><W>Most</W><W>of</W><W>the</W><W>time</W><W>hotel</W><W>rooms</W><C><cue ID="13" type="speculation"><W>can</W></cue></C><xcope ID="47"><ref ID="82" SRC="13"></ref><W>get</W><W>extremely</W><W>warm</W><W>even</W><W>beyond</W><W>the</W><W>point</W><W>of</W><W>comfort</W></xcope><W>.</W></SENTENCE><SENTENCE><C><cue ID="14" type="negation"><W>Not</W></cue></C><xcope ID="48"><ref ID="80" SRC="14"></ref><W>this</W><W>room</W></xcope><W>,</W><W>there</W><W>was</W><C><cue ID="15" type="negation"><W>no</W></cue></C><xcope ID="49"><ref ID="81" SRC="15"></ref><W>heat</W></xcope><W>so</W><W>after</W><W>the</W><W>luke</W><W>warm</W><W>shower</W><W>we</W><W>were</W><W>faced</W><C><cue ID="16" type="negation"><W>without</W></cue></C><xcope ID="50"><ref ID="83" SRC="16"></ref><W>the</W><W>comfort</W><W>of</W><W>a</W><W>warm</W><W>room</W></xcope><W>.</W></SENTENCE></P><P></P><P><SENTENCE><C><cue ID="17" type="negation"><W>Not</W></cue></C><xcope ID="51"><ref ID="84" SRC="17"></ref><W>to</W><W>mention</W></xcope><W>the</W><W>fact</W><W>that</W><W>after</W><W>my</W><W>cold</W><W>shower</W><W>I</W><W>placed</W><W>my</W><W>towel</W><W>on</W><W>the</W><W>floor</W><C><W>and</W></C><W>was</W><W>on</W><W>my</W><W>way</W><W>out</W><W>of</W><W>the</W><W>bathroom</W><W>when</W><W>the</W><W>maid</W><W>walked</W><W>in</W><W>with</W><W>me</W><W>in</W><W>my</W><W>birthday</W><W>day</W><W>because</W><W>we</W><C><cue ID="19" type="negation"><W>never</W></cue></C><xcope ID="53"><ref ID="86" SRC="19"></ref><W>got</W><W>that</W><W>&#34;</W><W>Do</W><C><cue ID="18" type="negation"><W>Not</W></cue></C><xcope ID="52"><ref ID="85" SRC="18"></ref><W>Disturb</W></xcope><W>&#34;</W><W>sign</W><W>as</W><W>promised</W></xcope><W>.</W></SENTENCE><SENTENCE><W>The</W><W>housekeeping</W><W>manager</W><W>did</W><W>treat</W><W>my</W><W>husband</W><C><W>and</W></C><W>I</W><W>to</W><W>the</W><W>&#34;</W><W>American</W><W>Superstars</W><W>&#34;</W><W>show</W><W>in</W><W>the</W><W>hotel</W><W>,</W><W>which</W><W>actually</W><W>was</W><W>a</W><W>wonderful</W><W>performance</W><W>,</W><W>but</W><W>that</W><W>did</W><C><cue ID="20" type="negation"><W>not</W></cue></C><xcope ID="54"><ref ID="87" SRC="20"></ref><W>completely</W><W>supress</W><W>my</W><W>anger</W></xcope><C><W>and</W></C><W>embarrassment</W><W>for</W><W>myself</W><C><W>and</W></C><W>I</W><W>&#39;m</W><W>sure</W><W>the</W><W>maid</W><W>as</W><W>well</W><W>.</W></SENTENCE></P><P></P><P><SENTENCE><W>My</W><W>only</W><W>other</W><W>positive</W><W>thing</W><W>I</W><W>will</W><W>say</W><W>is</W><W>that</W><W>they</W><W>have</W><W>a</W><W>wonderful</W><W>restaurant</W><W>called</W><W>,</W><W>&#34;</W><W>Top</W><W>of</W><W>the</W><W>World</W><W>&#34;</W><W>which</W><W>is</W><W>located</W><W>at</W><W>the</W><W>top</W><W>of</W><W>the</W><W>tower</W><W>.</W></SENTENCE><SENTENCE><W>It</W><W>is</W><W>a</W><W>revolving</W><W>restaurant</W><C><W>and</W></C><W>you</W><C><cue ID="21" type="speculation"><W>can</W></cue></C><xcope ID="57"><ref ID="88" SRC="21"></ref><W>see</W><W>an</W><W>entire</W><W>view</W><W>of</W><W>Las</W><W>Vegas</W><W>in</W><W>an</W><W>hour</W><W>time</W><W>frame</W></xcope><W>.</W></SENTENCE><SENTENCE><W>We</W><W>sat</W><W>right</W><W>near</W><W>the</W><W>window</W><W>,</W><W>had</W><W>an</W><W>expensive</W><W>,</W><W>but</W><W>truely</W><W>good</W><W>meal</W><C><W>and</W></C><W>a</W><W>lovely</W><W>evening</W><W>.</W></SENTENCE><SENTENCE><W>Reservations</W><W>are</W><W>recommended</W><C><W>and</W></C><W>you</W><C><cue ID="22" type="speculation"><W>can</W></cue></C><xcope ID="56"><ref ID="90" SRC="22"></ref><W>go</W><W>to</W><W>the</W><W>observation</W><W>deck</W><W>for</W><W>free</W><C><cue ID="23" type="speculation"><W>if</W></cue></C><xcope ID="55"><ref ID="89" SRC="23"></ref><W>you</W><W>eat</W><W>there</W></xcope></xcope><W>.</W></SENTENCE></P><P></P><P><SENTENCE><W>Although</W><W>the</W><W>managers</W><W>were</W><W>apologetic</W><C><W>and</W></C><W>as</W><W>helpful</W><W>as</W><C><cue ID="24" type="speculation"><W>can</W></cue></C><xcope ID="64"><ref ID="91" SRC="24"></ref><W>be</W></xcope><W>I</W><W>still</W><C><cue ID="25" type="speculation"><W>believe</W></cue></C><xcope ID="63"><ref ID="93" SRC="25"></ref><W>some</W><W>staples</W><W>to</W><W>hotel</W><W>living</W><W>are</W><W>hot</W><W>water</W><C><W>and</W></C><W>do</W><C><cue ID="26" type="negation"><W>not</W></cue></C><xcope ID="62"><ref ID="92" SRC="26"></ref><W>disturb</W><W>signs</W></xcope></xcope><W>.</W></SENTENCE><SENTENCE><W>I</W><C><cue ID="27" type="speculation"><W>would</W></cue></C><xcope ID="61"><ref ID="95" SRC="27"></ref><C><cue ID="28" type="negation"><W>never</W></cue></C><xcope ID="60"><ref ID="94" SRC="28"></ref><W>stay</W><W>there</W><W>again</W></xcope></xcope><W>.</W></SENTENCE><SENTENCE><W>I</W><C><cue ID="29" type="speculation"><W>would</W></cue></C><xcope ID="59"><ref ID="97" SRC="29"></ref><C><cue ID="30" type="negation"><W>never</W></cue></C><xcope ID="58"><ref ID="96" SRC="30"></ref><W>recommend</W><W>someone</W><W>to</W><W>stay</W><W>there</W></xcope></xcope><W>.</W></SENTENCE><SENTENCE><W>Sure</W><W>,</W><W>go</W><W>see</W><W>the</W><W>show</W><C><W>and</W></C><W>have</W><W>a</W><W>meal</W><W>,</W><W>but</W><cue ID="76" type="negation"><W>do</W><W>n&#39;t</W></cue><xcope ID="77"><ref COMMENTS="" ID="78" SRC="76"></ref><W>sleep</W><W>there</W></xcope><W>.</W></SENTENCE><SENTENCE><W>It</W><W>was</W><W>one</W><W>of</W><W>the</W><W>worst</W><W>hotels</W><W>I</W><W>have</W><W>ever</W><W>been</W><W>in</W><C><W>and</W></C><W>quite</W><W>frankly</W><W>it</W><W>tainted</W><W>my</W><W>stay</W><W>in</W><W>Las</W><W>Vegas</W><W>a</W><W>little</W><W>.</W></SENTENCE></P><P></P><P><SENTENCE><W>Oh</W><W>yes</W><W>,</W><W>I</W><W>almost</W><W>forgot</W><W>,</W><W>on</W><W>the</W><W>web</W><W>site</W><W>they</W><cue ID="79" type="speculation"><W>claim</W></cue><xcope ID="80"><ref COMMENTS="" ID="81" SRC="79"></ref><W>they</W><W>have</W><W>three</W><W>pools</W></xcope><W>.</W></SENTENCE><SENTENCE><W>That</W><C><cue ID="31" type="speculation"><W>appears</W></cue></C><xcope ID="65"><ref ID="98" SRC="31"></ref><W>to</W><W>be</W><W>untrue</W></xcope><W>.</W></SENTENCE><SENTENCE><W>The</W><W>have</W><W>one</W><W>pool</W><W>on</W><W>the</W><W>8th</W><W>floor</W><W>,</W><W>I</W><W>was</W><W>told</W><W>the</W><W>one</W><W>on</W><W>the</W><W>24th</W><W>floor</W><W>was</W><W>closed</W><C><W>and</W></C><W>there</W><W>was</W><C><cue ID="32" type="negation"><W>no</W></cue></C><xcope ID="67"><ref ID="99" SRC="32"></ref><W>mention</W><W>of</W><W>one</W><W>on</W><W>the</W><W>6th</W><W>floor</W></xcope><W>.</W></SENTENCE><SENTENCE><W>You</W><C><cue ID="33" type="speculation"><W>can</W></cue></C><xcope ID="66"><ref ID="100" SRC="33"></ref><W>see</W><W>their</W><W>&#34;pool</W><W>facts</W><W>&#34;</W><W>on</W></xcope><W>http</W><W>://www</W><W>.stratospherehotel.com/pool</W><W>.html</W><W>.</W></SENTENCE></P><P></P><P><SENTENCE><W>The</W><W>casino</W><C><cue ID="34" type="speculation"><W>seemed</W></cue></C><xcope ID="68"><ref ID="101" SRC="34"></ref><W>to</W><W>be</W><W>like</W><W>every</W><W>other</W><W>casino</W><W>in</W><W>Vegas</W></xcope><W>,</W><W>with</W><W>the</W><W>exception</W><W>of</W><W>$</W><W>2.00</W><W>BlackJack</W><W>all</W><W>day</W><C><W>and</W></C><W>night</W><W>.</W></SENTENCE><SENTENCE><W>It</W><W>was</W><W>more</W><W>geared</W><W>to</W><W>those</W><W>on</W><W>a</W><W>budget</W><W>I</W><C><cue ID="35" type="speculation"><W>suppose</W></cue></C><W>.</W></SENTENCE></P></DOCUMENT>
