<?xml version="1.0" encoding="UTF-8"?>
<DOCUMENT><P></P><P><SENTENCE><W>Our</W><W>selection</W><W>of</W><W>the</W><W>Casa</W><W>Marina</W><W>for</W><W>our</W><W>winter</W><W>vacation</W><W>this</W><W>year</W><W>was</W><W>based</W><W>on</W><W>our</W><W>pleasant</W><W>experience</W><W>at</W><W>the</W><W>sister</W><W>hotel</W><W>&#39;Wyndham</W><W>Reach</W><W>&#39;</W><W>adjacent</W><W>to</W><W>the</W><W>property</W><W>.</W></SENTENCE><SENTENCE><W>Last</W><W>year</W><W>we</W><W>stayed</W><W>at</W><W>the</W><W>Reach</W><C><W>and</W></C><W>visited</W><W>the</W><W>Casa</W><W>Marina</W><C><W>and</W></C><W>were</W><W>intrigued</W><W>by</W><W>the</W><W>setting</W><C><W>and</W></C><W>facilities</W><W>.</W></SENTENCE><SENTENCE><W>This</W><W>year</W><W>we</W><W>booked</W><W>ourselves</W><W>,</W><W>our</W><W>two</W><W>year</W><W>old</W><C><W>and</W></C><W>my</W><W>sister</W><W>into</W><W>the</W><W>&#39;</W><W>Casa</W><W>Marina</W><W>Resort&#39;</W><W>,</W><W>with</W><W>expectations</W><W>of</W><W>having</W><W>a</W><W>first</W><W>class</W><W>experience</W><W>.</W></SENTENCE><SENTENCE><W>Unfortunately</W><W>,</W><W>our</W><W>vacation</W><W>was</W><W>anything</W><W>but</W><W>that</W><W>.</W></SENTENCE></P><P></P><P><SENTENCE><W>In</W><W>all</W><W>fairness</W><W>,</W><W>before</W><W>I</W><W>present</W><W>my</W><W>laundry</W><W>list</W><W>of</W><W>problems</W><W>with</W><W>our</W><W>rooms</W><W>,</W><W>I</W><C><cue ID="0" type="speculation"><W>must</W></cue></C><xcope ID="38"><ref ID="82" SRC="0"></ref><W>say</W><W>that</W><W>for</W><W>the</W><W>most</W><W>part</W><W>the</W><W>staff</W><W>was</W><W>friendly</W><C><W>and</W></C><W>helpful</W></xcope><W>.</W></SENTENCE><SENTENCE><W>The</W><W>older</W><W>part</W><W>of</W><W>the</W><W>hotel</W><W>is</W><W>quite</W><W>beautiful</W><C><W>and</W></C><W>has</W><W>a</W><W>wonderful</W><W>yesteryear</W><W>romantic</W><W>quality</W><W>to</W><W>it</W><W>.</W></SENTENCE><SENTENCE><W>The</W><W>landscaping</W><W>is</W><W>lush</W><C><W>and</W></C><W>mature</W><C><W>and</W></C><W>the</W><W>pools</W><W>are</W><W>a</W><W>pleasure</W><W>to</W><W>relax</W><W>in</W><C><W>and</W></C><W>around</W><W>.</W></SENTENCE><SENTENCE><W>The</W><W>beach</W><W>at</W><W>the</W><W>hotel</W><W>is</W><W>adequate</W><W>,</W><W>but</W><W>remember</W><W>,</W><W>Key</W><W>West</W><W>is</W><C><cue ID="1" type="negation"><W>not</W></cue></C><xcope ID="39"><ref ID="83" SRC="1"></ref><W>really</W><W>known</W><W>for</W><W>its</W><W>beaches</W></xcope><W>,</W><W>so</W><W>our</W><W>expectations</W><cue ID="41" type="negation"><W>were</W><W>n&#39;t</W></cue><xcope ID="40"><ref COMMENTS="" ID="84" SRC="41"></ref><W>very</W><W>high</W><W>on</W><W>that</W><W>point</W></xcope><W>.</W></SENTENCE></P><P></P><P><SENTENCE><W>Now</W><W>the</W><W>bad</W><C><W>and</W></C><W>sad</W><W>part</W><W>...</W></SENTENCE></P><P></P><P><SENTENCE><W>We</W><W>booked</W><W>two</W><W>rooms</W><W>for</W><W>March</W><W>8</W><W>through</W><W>March</W><W>15</W><W>(</W><W>high</W><W>season</W><W>)</W><W>a</W><W>double</W><W>for</W><W>my</W><W>sister</W><W>,</W><C><W>and</W></C><W>a</W><W>mini-suite</W><W>ocean</W><W>view</W><W>for</W><W>ourselves</W><W>,</W><W>$</W><W>359</W><C><W>and</W></C><W>$</W><W>379</W><W>respectively</W><W>.</W></SENTENCE><SENTENCE><W>We</W><W>had</W><W>requested</W><W>adjoining</W><W>rooms</W><W>.</W></SENTENCE><SENTENCE><W>Our</W><W>check</W><W>in</W><W>was</W><W>fairly</W><W>normal</W><W>,</W><C><W>except</W></C><W>for</W><W>the</W><C><W>expected</W></C><W>&#34;</W><W>we</W><cue ID="5" type="negation"><W>do</W><W>n&#39;t</W></cue><xcope ID="85"><ref COMMENTS="" ID="86" SRC="5"></ref><W>have</W><W>the</W><W>adjoining</W><W>room</W><W>available</W></xcope><W>&#34;</W><W>.</W></SENTENCE><SENTENCE><W>Okay</W><W>,</W><W>well</W><W>,</W><W>we</W><C><cue ID="2" type="speculation"><W>can</W></cue></C><W>live</W><W>with</W><W>that</W><W>.</W></SENTENCE><SENTENCE><W>The</W><W>bellman</W><W>had</W><W>difficultly</W><W>figuring</W><W>out</W><W>how</W><W>to</W><W>get</W><W>to</W><W>our</W><W>rooms</W><W>!</W></SENTENCE><SENTENCE><W>There</W><W>was</W><W>a</W><W>&#34;</W><W>security</W><W>guard</W><W>&#34;</W><W>there</W><W>that</W><W>also</W><W>had</W><C><cue ID="3" type="negation"><W>no</W></cue></C><xcope ID="88"><ref ID="89" SRC="3"></ref><C><W>idea</W></C><W>where</W><W>our</W><W>rooms</W><W>were</W></xcope><W>!</W></SENTENCE><SENTENCE><W>That</W><W>certainly</W><W>did</W><W>n&#39;t</W><W>make</W><W>me</W><C><W>feel</W></C><W>secure</W><W>in</W><W>any</W><W>way--what</W><W>kind</W><W>of</W><W>&#34;</W><W>security</W><W>guard</W><W>&#34;</W><cue ID="4" type="negation"><W>does</W><W>n&#39;t</W></cue><xcope ID="42"><ref COMMENTS="" ID="87" SRC="4"></ref><W>know</W><W>the</W><W>lay</W><W>of</W><W>the</W><W>land</W><W>in</W><W>the</W><W>hotel</W><W>he</W><W>works</W></xcope><W>?</W></SENTENCE></P><P></P><P><SENTENCE><W>I</W><W>mentioned</W><W>the</W><W>&#39;older</W><W>&#39;</W><W>part</W><W>of</W><W>the</W><W>hotel</W><W>before</W><W>,</W><W>there</W><W>is</W><W>also</W><W>a</W><W>&#39;newer</W><W>&#39;</W><W>part</W><W>with</W><W>rooms</W><C><W>and</W></C><W>courtyard</W><W>set</W><W>up</W><W>much</W><W>like</W><W>any</W><W>cheap</W><W>motel</W><W>anywhere</W><W>in</W><W>the</W><W>country</W><W>.</W></SENTENCE><SENTENCE><C><W>And</W></C><W>boy</W><W>was</W><W>it</W><W>ever</W><W>.</W></SENTENCE><SENTENCE><W>This</W><W>section</W><W>was</W><W>where</W><W>our</W><W>rooms</W><W>were</W><W>located</W><W>.</W></SENTENCE><SENTENCE><W>We</W><W>were</W><W>on</W><W>the</W><W>top</W><W>floor</W><W>(</W><W>4th</W><W>)</W><C><W>and</W></C><W>did</W><W>have</W><W>ocean</W><W>views</W><W>,</W><W>through</W><W>the</W><W>dense</W><W>palm</W><W>treetops</W><W>.</W></SENTENCE><SENTENCE><W>The</W><W>rooms</W><W>were</W><W>however</W><W>filthy</W><W>.</W></SENTENCE></P><P></P><P><SENTENCE><W>The</W><W>door</W><W>to</W><W>the</W><W>room</W><W>had</W><W>a</W><W>problem</W><W>with</W><W>the</W><W>latching</W><W>device</W><W>it</W><W>did</W><W>n&#39;t</W><W>function</W><W>properly</W><W>half</W><W>the</W><W>time</W><C><W>and</W></C><W>the</W><W>bottom</W><W>of</W><W>the</W><W>door</W><W>was</W><W>rusting</W><C><W>and</W></C><W>rotting</W><W>,</W><W>dropping</W><W>bits</W><C><W>and</W></C><W>pieces</W><W>of</W><W>sharp</W><W>metal</W><W>onto</W><W>the</W><W>carpet</W><W>(</W><C><cue ID="6" type="negation"><W>not</W></cue></C><xcope ID="43"><ref ID="90" SRC="6"></ref><W>good</W><W>for</W><W>a</W><W>two</W><W>year</W><W>olds</W><W>little</W><W>feet</W></xcope><W>!</W><W>)</W><W>.</W></SENTENCE><SENTENCE><W>Upon</W><W>entering</W><W>,</W><W>the</W><W>first</W><W>thing</W><W>I</W><W>noticed</W><W>was</W><W>the</W><W>almost</W><W>dark</W><W>brown</W><W>staining</W><W>on</W><W>the</W><W>carpet</W><W>,</W><W>running</W><W>the</W><W>entire</W><W>length</W><W>of</W><W>the</W><W>room</W><W>.</W></SENTENCE><SENTENCE><W>There</W><W>was</W><W>also</W><W>a</W><W>kind</W><W>of</W><W>wet</W><W>moldy</W><W>smell</W><W>in</W><W>the</W><W>room</W><W>even</W><W>though</W><W>the</W><W>air</W><W>conditioning</W><W>was</W><W>going</W><W>full</W><W>blast</W><W>.</W></SENTENCE><SENTENCE><W>I</W><C><W>thought</W></C><W>,</W><W>&#39;well</W><W>,</W><W>okay</W><W>,</W><W>let</W><W>&#39;s</W><W>give</W><W>it</W><W>a</W><W>chance</W><W>&#39;</W><W>We</W><W>were</W><W>all</W><W>so</W><W>excited</W><W>to</W><W>be</W><W>in</W><W>a</W><W>warm</W><W>place</W><W>after</W><W>such</W><W>a</W><W>long</W><W>mean</W><W>winter</W><W>we</W><W>just</W><W>started</W><W>unpacking</W><C><W>and</W></C><W>hit</W><W>the</W><W>pool</W><C><W>and</W></C><W>beach</W><W>immediately</W><W>.</W></SENTENCE></P><P></P><P><SENTENCE><W>Over</W><W>the</W><W>next</W><W>day</W><W>,</W><W>there</W><W>were</W><W>more</W><W>things</W><W>that</W><W>really</W><W>started</W><W>to</W><W>get</W><W>to</W><W>me</W><W>.</W></SENTENCE><SENTENCE><W>There</W><W>was</W><W>thick</W><W>black</W><W>mold</W><W>on</W><W>the</W><W>inner</W><W>shower</W><W>curtain</W><W>liner</W><W>,</W><W>the</W><W>bathroom</W><W>floor</W><W>had</W><W>a</W><W>dirty</W><W>footprint</W><W>in</W><W>the</W><W>corner</W><W>that</W><xcope ID="80"><ref COMMENTS="" ID="81" SRC="8"></ref><W>the</W><W>housekeeper</W><W>just</W></xcope><C><cue ID="7" type="negation"><W>never</W></cue></C><xcope ID="45"><ref ID="92" SRC="7"></ref><C><cue ID="8" type="speculation"><W>seemed</W></cue></C><xcope ID="44"><ref ID="91" SRC="8"></ref><W>to</W><W>pay</W><W>attention</W><W>to</W></xcope></xcope><W>.</W></SENTENCE><SENTENCE><W>The</W><W>floor</W><W>grout</W><W>was</W><W>disgusting</W><W>,</W><W>it</W><C><cue ID="9" type="speculation"><W>seems</W></cue></C><xcope ID="47"><ref ID="94" SRC="9"></ref><W>they</W><W>only</W><W>wipe</W><W>the</W><W>floor</W><C><W>and</W></C><C><cue ID="10" type="negation"><W>never</W></cue></C><xcope ID="46"><ref ID="93" SRC="10"></ref><W>scrubbed</W><W>it</W><W>clean</W></xcope></xcope><W>!</W></SENTENCE><SENTENCE><W>The</W><W>wallpaper</W><W>was</W><W>peeling</W><W>at</W><W>all</W><W>the</W><W>seams</W><W>(</W><W>wallpaper</W><W>is</W><W>a</W><W>dumb</W><C><W>idea</W></C><W>in</W><W>tropical</W><W>weather</W><W>anyway</W><W>)</W><W>.</W></SENTENCE><SENTENCE><W>The</W><W>towel/rack</W><W>shelf</W><W>thing</W><W>was</W><W>bent</W><C><W>and</W></C><W>falling</W><W>off</W><W>of</W><W>the</W><W>wall</W><W>.</W></SENTENCE><SENTENCE><W>The</W><W>shower</W><W>drain</W><W>was</W><W>rusty</W><C><W>and</W></C><W>unclean</W><W>.</W></SENTENCE><SENTENCE><W>I</W><W>know</W><W>this</W><W>is</W><W>pretty</W><W>standard</W><W>,</W><W>but</W><W>the</W><W>water</W><W>pressure</W><W>was</W><W>more</W><W>like</W><W>a</W><W>spritzer</W><W>bottle</W><W>than</W><W>a</W><W>shower</W><W>!</W></SENTENCE><SENTENCE><W>The</W><W>light</W><W>fixture</W><W>had</W><W>two</W><W>&#39;energy</W><W>saver</W><W>&#39;</W><W>fluourescent</W><W>bulbs</W><W>in</W><W>it</W><W>that</W><W>took</W><W>a</W><W>very</W><W>long</W><W>time</W><W>to</W><W>heat</W><W>up</W><C><W>and</W></C><W>light</W><W>the</W><W>bathroom</W><W>.</W></SENTENCE><SENTENCE><W>All</W><W>of</W><W>this</W><W>horror</W><W>was</W><W>packed</W><W>into</W><W>a</W><W>teeny</W><W>tiny</W><W>cramped</W><W>little</W><W>bathroom</W><W>!</W></SENTENCE></P><P></P><P><SENTENCE><W>The</W><W>crib</W><W>we</W><W>had</W><W>requested</W><W>was</W><W>covered</W><W>in</W><W>dirt</W><C><W>and</W></C><W>dust</W><W>,</W><W>the</W><W>sheets/pillow</W><W>were</W><W>clean</W><W>the</W><W>but</W><W>the</W><W>crib</W><W>looked</W><W>like</W><W>is</W><W>had</W><W>been</W><W>stored</W><W>outside</W><W>.</W></SENTENCE><SENTENCE><W>One</W><W>of</W><W>the</W><W>wheels</W><W>was</W><W>totally</W><W>broken</W><W>off</W><W>,</W><W>creating</W><W>a</W><W>lopsided</W><W>slope</W><W>.</W></SENTENCE><SENTENCE><W>I</W><W>had</W><W>to</W><W>clean</W><W>off</W><W>the</W><W>thing</W><W>myself</W><W>with</W><W>a</W><W>wet</W><W>washcloth</W><C><W>and</W></C><W>use</W><W>some</W><W>magazines</W><W>to</W><W>level</W><W>the</W><W>crib</W><W>so</W><W>the</W><W>kid</W><C><cue ID="11" type="speculation"><W>could</W></cue></C><xcope ID="49"><ref ID="96" SRC="11"></ref><W>sleep</W><W>in</W><W>it</W><C><cue ID="12" type="negation"><W>without</W></cue></C><xcope ID="48"><ref ID="95" SRC="12"></ref><W>sliding</W><W>into</W><W>one</W><W>corner</W></xcope></xcope><W>!</W></SENTENCE></P><P></P><P><SENTENCE><W>The</W><W>rest</W><W>of</W><W>the</W><W>room</W><W>was</W><W>okay</W><W>,</W><W>a</W><W>bit</W><W>run</W><W>down</W><W>,</W><W>the</W><W>decor</W><W>was</W><C><cue ID="13" type="speculation"><W>probably</W></cue></C><xcope ID="53"><ref ID="99" SRC="13"></ref><W>nice</W><xcope ID="51"><ref ID="98" SRC="14"></ref><W>10</W></xcope><C><cue ID="14" type="speculation"><W>or</W></cue></C><xcope ID="52"><ref ID="97" SRC="14"></ref><W>15</W><W>years</W><W>ago</W></xcope><W>when</W><W>it</W><W>was</W><W>done</W></xcope><W>,</W><W>but</W><W>the</W><W>materials</W><C><W>and</W></C><W>finishes</W><cue ID="82" type="negation"><W>were</W><W>n&#39;t</W></cue><xcope ID="83"><ref COMMENTS="" ID="84" SRC="82"></ref><W>of</W><W>high</W><W>enough</W><W>quality</W></xcope><C><W>and</W></C><W>definitely</W><W>were</W><W>deteriorating</W><W>fast</W><W>.</W></SENTENCE><SENTENCE><W>Out</W><W>of</W><W>three</W><W>bed</W><W>pillows</W><W>two</W><W>had</W><W>dark</W><W>stains</W><W>on</W><W>them</W><C><W>and</W></C><W>smelled</W><W>really</W><W>foul</W><W>.</W></SENTENCE><SENTENCE><W>The</W><W>bed</W><W>skirt</W><W>on</W><W>the</W><W>bed</W><W>was</W><xcope ID="54"><ref ID="101" SRC="15"></ref><W>six</W></xcope><C><cue ID="15" type="speculation"><W>or</W></cue></C><xcope ID="55"><ref ID="100" SRC="15"></ref><W>more</W><W>inches</W></xcope><W>too</W><W>long</W><C><W>and</W></C><W>was</W><W>very</W><W>unattractive</W><C><W>and</W></C><W>had</W><W>gotten</W><W>dirty</W><W>from</W><W>repeatedly</W><W>being</W><W>stepped</W><W>on</W><C><W>and</W></C><W>vacummed</W><W>over</W><W>.</W></SENTENCE><SENTENCE><W>All</W><W>of</W><W>the</W><W>lampshades</W><W>were</W><W>stained</W><C><W>and</W></C><W>loose</W><W>.</W></SENTENCE><SENTENCE><W>The</W><W>&#39;artwork</W><W>&#39;</W><W>consisted</W><W>of</W><W>posters</W><W>that</W><W>were</W><W>so</W><W>faded</W><W>out</W><W>that</W><xcope ID="85"><ref COMMENTS="" ID="86" SRC="16"></ref><W>they</W></xcope><C><cue ID="16" type="speculation"><W>seemed</W></cue></C><xcope ID="56"><ref ID="102" SRC="16"></ref><W>to</W><W>be</W><W>only</W><W>that</W><W>funny</W><W>blue</W><W>color</W><W>with</W><W>a</W><W>yellow</W><W>white</W><W>background</W></xcope><W>.</W></SENTENCE><SENTENCE><W>The</W><W>mini-bar</W><W>was</W><W>adequately</W><C><W>and</W></C><W>expensively</W><W>stocked</W><W>but</W><W>the</W><W>laminate</W><W>surfaces</W><W>were</W><W>peeling</W><W>away</W><W>at</W><W>the</W><W>edges</W><C><W>and</W></C><W>there</W><W>was</W><W>a</W><W>ton</W><W>of</W><W>dust</W><C><W>and</W></C><W>dirt</W><W>laying</W><W>around</W><C><cue ID="17" type="speculation"><W>either</W></cue></C><xcope ID="57"><ref ID="103" SRC="17"></ref><W>side</W><W>of</W><W>it</W><W>.</W></xcope></SENTENCE><SENTENCE><W>There</W><W>was</W><W>a</W><W>safe</W><W>in</W><W>the</W><W>closet--but</W><W>it</W><W>was</W><W>completely</W><W>useless</W><W>!</W></SENTENCE><SENTENCE><W>The</W><W>instructions</W><W>had</W><W>worn</W><W>away</W><W>so</W><W>long</W><W>ago</W><W>it</W><W>was</W><W>good</W><W>for</W><W>nothing</W><W>but</W><W>taking</W><W>up</W><W>space</W><W>.</W></SENTENCE><SENTENCE><W>A</W><W>quick</W><W>glance</W><W>at</W><W>the</W><W>climate</W><W>control</W><C><W>and</W></C><W>the</W><W>air</W><W>vents</W><W>,</W><W>showed</W><W>massive</W><W>amounts</W><W>of</W><W>dust</W><W>accumulation</W><W>.</W></SENTENCE><SENTENCE><W>Our</W><W>&#39;suite</W><W>&#39;</W><W>was</W><W>nothing</W><W>more</W><W>than</W><W>a</W><W>standard</W><W>room</W><W>with</W><W>one</W><W>king</W><W>bed</W><W>,</W><C><W>and</W></C><W>a</W><W>small</W><W>sofa</W><C><W>and</W></C><W>chair</W><W>jammed</W><W>into</W><W>the</W><W>other</W><W>corner</W><W>,</W><W>a</W><W>totally</W><W>generic</W><W>&#39;shoebox</W><W>&#39;</W><W>of</W><W>a</W><W>room</W><W>that</W><W>even</W><W>a</W><W>discount</W><W>chain</W><W>hotel</W><C><cue ID="18" type="speculation"><W>would</W></cue></C><xcope ID="58"><ref ID="104" SRC="18"></ref><W>be</W><W>embarassed</W><W>to</W><W>lay</W><W>claim</W><W>to</W></xcope><W>.</W></SENTENCE><SENTENCE><W>Oh</W><W>,</W><W>by</W><W>the</W><W>way</W><W>,</W><W>the</W><W>balcony</W><W>was</W><W>spacious</W><W>.</W></SENTENCE></P><P></P><P><SENTENCE><W>Okay</W><W>,</W><W>whew</W><W>.</W></SENTENCE><SENTENCE><W>Well</W><W>we</W><W>&#39;ve</W><W>stayed</W><W>in</W><W>all</W><W>types</W><W>of</W><W>hotels</W><W>,</W><W>resorts</W><W>,</W><W>guesthouses</W><W>,</W><W>villas</W><W>etc</W><W>.</W><W>all</W><W>over</W><W>the</W><W>world</W><W>.</W></SENTENCE><SENTENCE><W>We</W><W>spend</W><W>anywhere</W><W>between</W><W>20K</W><C><W>and</W></C><W>50K</W><W>a</W><W>year</W><W>on</W><W>travel</W><C><W>and</W></C><W>this</W><W>next</W><W>thing</W><W>was</W><W>unbelievable</W><W>to</W><W>us</W><W>.</W></SENTENCE><SENTENCE><W>Later</W><W>that</W><W>morning</W></SENTENCE></P><P></P><P><SENTENCE><W>after</W><W>returning</W><W>from</W><W>the</W><W>pool</W><W>,</W><W>we</W><W>were</W><W>walking</W><W>around</W><W>our</W><W>room</W><W>in</W><W>our</W><W>bare</W><W>feet</W><C><W>and</W></C><W>noticed</W><W>something</W><W>weird</W><W>.</W></SENTENCE><SENTENCE><W>While</W><W>we</W><W>had</W><W>clean</W><W>feet</W><W>(</W><W>in</W><W>our</W><W>sandals</W><W>)</W><W>back</W><W>from</W><W>the</W><W>pool</W><W>,</W><W>our</W><W>feet</W><W>were</W><W>TURNING</W><W>BLACK</W><W>from</W><W>walking</W><W>around</W><W>the</W><W>room</W><W>on</W><W>the</W><W>carpeting</W><W>!</W></SENTENCE><SENTENCE><W>I</W><cue ID="20" type="speculation"><C><W>could</W></C><W>n&#39;t</W></cue><xcope ID="60"><ref COMMENTS="" ID="106" SRC="20"></ref><C><cue ID="19" type="speculation"><W>believe</W></cue></C><xcope ID="59"><ref ID="105" SRC="19"></ref><W>this</W></xcope></xcope><W>.</W></SENTENCE><SENTENCE><W>This</W><W>has</W><W>to</W><W>be</W><W>one</W><W>of</W><W>the</W><W>all</W><W>time</W><W>most</W><W>disgusting</W><W>things</W><W>I</W><W>have</W><W>ever</W><W>experienced</W><W>in</W><W>any</W><W>hotel</W><W>anywhere</W><W>.</W></SENTENCE></P><P></P><P><SENTENCE><W>That</W><W>was</W><W>it</W><W>,</W><W>I</W><W>called</W><W>to</W><W>talk</W><W>to</W><W>the</W><W>manager</W><W>.</W></SENTENCE><SENTENCE><W>I</W><W>asked</W><W>that</W><W>we</W><W>have</W><W>a</W><W>face</W><W>to</W><W>face</W><W>meeting</W><C><W>instead</W></C><W>of</W><W>just</W><W>speaking</W><W>on</W><W>the</W><W>phone</W><W>.</W></SENTENCE><SENTENCE><W>I</W><W>went</W><W>to</W><W>the</W><W>front</W><W>desk</W><C><W>and</W></C><W>we</W><W>sat</W><W>down</W><C><W>and</W></C><W>I</W><W>presented</W><W>him</W><W>with</W><W>a</W><W>list</W><W>of</W><W>the</W><W>problems</W><C><W>and</W></C><W>wanted</W><W>to</W><W>have</W><W>our</W><W>rooms</W><W>switched</W><W>.</W></SENTENCE><SENTENCE><W>What</W><W>was</W><W>the</W><W>response</W><W>?</W></SENTENCE><SENTENCE><W>&#34;</W><W>We</W><W>&#39;ll</W><W>see</W><W>what</W><W>we</W><C><cue ID="21" type="speculation"><W>can</W></cue></C><xcope ID="61"><ref ID="107" SRC="21"></ref><W>do</W></xcope><W>&#34;</W><W>,</W><W>&#34;</W><W>The</W><W>hotel</W><W>is</W><W>completely</W><W>booked</W><W>&#34;</W><W>&#34;blah</W><W>,</W><W>blah</W><W>,</W><W>blah</W><W>,</W><W>blah</W><W>,</W><W>&#34;</W><W>I</W><cue ID="25" type="negation"><W>was</W><W>n&#39;t</W></cue><xcope ID="63"><ref COMMENTS="" ID="108" SRC="25"></ref><W>completely</W><W>satisfied</W><W>but</W><W>I</W><W>said</W></xcope><W>&#34;</W><W>Okay</W><W>,</W><W>let</W><W>me</W><W>know</W><W>what</W><W>you</W><C><cue ID="22" type="speculation"><W>can</W></cue></C><xcope ID="62"><ref ID="109" SRC="22"></ref><W>do</W><W>as</W><W>soon</W><W>as</W><W>you</W><W>know</W></xcope><W>.</W></SENTENCE><SENTENCE><W>But</W><W>please</W><cue ID="67" type="negation"><W>do</W><W>n&#39;t</W></cue><xcope ID="66"><ref COMMENTS="" ID="110" SRC="67"></ref><W>call</W><W>the</W><W>room</W><W>before</W><W>4:00</W></xcope><W>because</W><W>the</W><W>baby</W><W>is</W><W>sleeping</W><W>.</W><W>&#34;</W></SENTENCE><SENTENCE><W>I</W><cue ID="24" type="negation"><W>did</W><W>n&#39;t</W></cue><xcope ID="65"><ref COMMENTS="" ID="111" SRC="24"></ref><W>know</W><W>what</W><W>to</W><C><W>expect</W></C></xcope><W>since</W><W>I</W><W>have</W><W>rarely</W><C><cue ID="23" type="speculation"><W>if</W></cue></C><xcope ID="64"><ref ID="112" SRC="23"></ref><W>ever</W><W>had</W><W>as</W><W>many</W><W>complaints</W><W>here</W><W>as</W><W>anywhere</W><W>else</W></xcope><W>.</W></SENTENCE><SENTENCE><W>He</W><W>asked</W><W>for</W><W>a</W><W>copy</W><W>of</W><W>my</W><W>list</W><C><W>and</W></C><W>I</W><W>presented</W><W>it</W><W>to</W><W>him</W><W>.</W></SENTENCE></P><P></P><P><SENTENCE><W>Later</W><W>that</W><W>afternoon</W><W>,</W><W>a</W><W>staff</W><W>member</W><W>tries</W><W>to</W><W>open</W><W>our</W><W>door</W><C><cue ID="26" type="negation"><W>without</W></cue></C><xcope ID="71"><ref ID="113" SRC="26"></ref><W>knocking</W><W>at</W><W>3:30</W><W>pm</W></xcope><C><W>and</W></C><W>is</W><W>barging</W><W>in</W><W>with</W><W>a</W><W>plastic</W><W>shower</W><W>curtain</W><W>!</W></SENTENCE><SENTENCE><W>I</W><W>told</W><W>him</W><W>to</W><W>come</W><W>back</W><W>later</W><W>.</W></SENTENCE><SENTENCE><W>A</W><W>few</W><W>more</W><W>minutes</W><W>before</W><W>4:00</W><W>another</W><W>person</W><W>is</W><W>banging</W><W>on</W><W>the</W><W>door</W><W>.</W></SENTENCE><SENTENCE><W>This</W><W>is</W><W>really</W><W>unbelievable</W><W>.</W></SENTENCE><SENTENCE><W>I</W><W>specifically</W><W>said</W><C><cue ID="27" type="negation"><W>not</W></cue></C><xcope ID="72"><ref ID="114" SRC="27"></ref><W>to</W><W>disturb</W><W>us</W><W>before</W><W>4:00</W><W>nap</W><W>time</W><W>was</W><W>over</W></xcope><W>.</W></SENTENCE><SENTENCE><W>So</W><W>much</W><W>for</W><W>first-class</W><W>service</W><W>.</W></SENTENCE><SENTENCE><W>I</W><W>immediately</W><W>called</W><W>the</W><W>manager</W><W>again</W><W>(</W><W>after</W><W>getting</W><W>our</W><W>child</W><W>settled</W><W>down</W><W>)</W><C><W>and</W></C><W>had</W><W>to</W><W>just</W><W>cut</W><W>loose</W><W>.</W></SENTENCE><SENTENCE><W>He</W><W>asked</W><C><cue ID="28" type="speculation"><W>if</W></cue></C><xcope ID="70"><ref COMMENTS="" ID="115" SRC="28"></ref><W>our</W><W>&#39;problems</W><W>&#39;</W><W>had</W><W>been</W><W>resolved</W></xcope><W>!</W></SENTENCE><SENTENCE><W>Um</W><W>,</W><W>no!</W><W>So</W><W>,</W><W>he</W><W>finally</W><W>offered</W><W>to</W><W>move</W><W>rooms</W><W>,</W><C><cue ID="29" type="negation"><W>not</W></cue></C><xcope ID="68"><ref COMMENTS="" ID="116" SRC="29"></ref><W>very</W><W>convenient</W><W>for</W><W>us</W></xcope><W>,</W><W>but</W><W>I</W><cue ID="30" type="speculation"><C><W>could</W></C><W>n&#39;t</W></cue><xcope ID="69"><ref COMMENTS="" ID="117" SRC="30"></ref><W>stand</W><W>another</W><W>minute</W><W>in</W><W>that</W><W>room</W></xcope><W>.</W></SENTENCE></P><P></P><P><SENTENCE><W>The</W><W>new</W><W>room</W><W>was</W><W>in</W><W>the</W><W>same</W><W>section</W><C><W>and</W></C><W>almost</W><W>just</W><W>as</W><W>bad</W><W>,</W><W>but</W><W>it</W><W>did</W><W>n&#39;t</W><W>smell</W><C><W>and</W></C><W>I</W><W>knew</W><W>we</W><C><cue ID="31" type="speculation"><W>would</W></cue></C><W>be</W><W>out</W><W>of</W><W>there</W><W>in</W><W>a</W><W>few</W><W>days</W><C><cue ID="32" type="negation"><W>never</W></cue></C><xcope ID="75"><ref COMMENTS="" ID="120" SRC="32"></ref><xcope ID="74"><ref COMMENTS="" ID="118" SRC="33"></ref><W>to</W><W>return</W><W>to</W><W>this</W><W>hotel</W></xcope><C><cue ID="33" type="speculation"><W>or</W></cue></C><xcope ID="73"><ref COMMENTS="" ID="119" SRC="33"></ref><W>any</W><W>Wyndham</W><W>Hotel</W><W>anywhere</W><W>in</W><W>the</W><W>world--EVER</W></xcope><W>.</W></xcope></SENTENCE></P><P></P><P><SENTENCE><W>So</W><W>this</W><W>was</W><W>our</W><W>&#39;accommodation</W><W>&#39;</W><W>trading</W><W>one</W><W>dirty</W><W>room</W><W>for</W><W>another</W><W>.</W></SENTENCE><SENTENCE><W>Apologies</W><W>from</W><W>the</W><W>staff</W><W>:</W><C><W>None</W></C><W>.</W></SENTENCE></P><P></P><P><SENTENCE><W>We</W><W>had</W><W>a</W><W>terrific</W><W>time</W><W>in</W><W>Key</W><W>West</W><W>as</W><W>long</W><W>as</W><W>we</W><cue ID="81" type="negation"><W>did</W><W>n&#39;t</W></cue><xcope ID="80"><ref COMMENTS="" ID="121" SRC="81"></ref><W>spend</W><W>a</W><W>minute</W><W>more</W><W>than</W><W>we</W><W>had</W><W>to</W><W>in</W><W>our</W><W>so-called</W><W>&#39;luxury</W><W>&#39;</W><W>rooms</W></xcope><W>.</W></SENTENCE><SENTENCE><W>I</W><W>will</W><C><cue ID="34" type="negation"><W>never</W></cue></C><xcope ID="76"><ref ID="128" SRC="35"></ref><W>recommend</W><W>this</W><W>hotel</W><W>to</W><W>any</W><W>family</W></xcope><W>,</W><xcope ID="126"><ref ID="129" SRC="35"></ref><W>friend</W></xcope><W>,</W><xcope ID="127"><ref ID="130" SRC="35"></ref><W>co-worker</W></xcope><W>,</W><C><cue ID="35" type="speculation"><W>or</W></cue></C><xcope ID="77"><ref COMMENTS="" ID="123" SRC="35"></ref><W>stranger</W><W>on</W><W>the</W><W>street</W></xcope><W>.</W></SENTENCE><SENTENCE><W>Wyndham</W><W>has</W><W>a</W><W>lot</W><W>of</W><W>work</W><W>to</W><W>do</W><C><cue ID="36" type="speculation"><W>if</W></cue></C><xcope ID="79"><ref COMMENTS="" ID="125" SRC="36"></ref><W>this</W><W>is</W><W>what</W><W>is</W><C><cue ID="37" type="speculation"><W>considered</W></cue></C><xcope ID="78"><ref COMMENTS="" ID="124" SRC="37"></ref><W>top-drawer</W></xcope></xcope><W>.</W></SENTENCE></P></DOCUMENT>
