<?xml version="1.0" encoding="UTF-8"?>
<DOCUMENT><P></P><P><SENTENCE><W>It</W><W>&#39;s</W><W>been</W><W>one</W><W>week</W><W>since</W><W>I</W><W>laid</W><W>my</W><W>head</W><W>down</W><W>in</W><W>Palace</W><W>Station</W><W>,</W><W>advertised</W><W>as</W><W>the</W><W>place</W><W>to</W><W>stay</W><W>for</W><W>Vegas</W><W>locals</W><W>.</W></SENTENCE><SENTENCE><W>I</W><W>&#39;m</W><W>still</W><W>shuddering--and</W><W>my</W><W>suitcase</W><W>still</W><W>reeks</W><W>of</W><W>cigarette</W><W>smoke--after</W><W>being</W><W>there</W><W>for</W><W>less</W><W>than</W><W>10</W><W>hours</W><W>.</W></SENTENCE></P><P></P><P><SENTENCE><W>The</W><W>place</W><W>was</W><W>a</W><W>dump--a</W><W>supreme</W><W>,</W><W>run-down</W><W>,</W><W>dirty</W><W>,</W><W>less-than-customer-focused</W><W>,</W><W>dive</W><W>.</W></SENTENCE><SENTENCE><W>Granted</W><W>,</W><W>I</W><W>paid</W><W>very</W><W>little</W><W>for</W><W>the</W><W>room</W><W>(</W><W>$</W><W>35</W><W>plus</W><W>tax</W><W>,</W><W>about</W><W>$</W><W>42</W><W>total</W><W>)</W><W>.</W></SENTENCE><SENTENCE><W>I</W><W>did</W><W>n&#39;t</W><C><W>expect</W></C><W>anything</W><W>fancy</W><W>.</W></SENTENCE><SENTENCE><W>What</W><W>I</W><W>got</W><W>was</W><W>an</W><W>experience</W><W>so</W><W>rancid</W><W>,</W><W>I</W><W>nearly</W><W>canceled</W><W>my</W><W>good</W><W>night</W><W>in</W><W>Vegas</W><W>later</W><W>in</W><W>the</W><W>week</W><W>.</W></SENTENCE></P><P></P><P><SENTENCE><W>Location</W></SENTENCE></P><P></P><P><SENTENCE><W>Off</W><W>the</W><W>strip--and</W><C><cue ID="0" type="negation"><W>not</W></cue></C><xcope ID="22"><ref ID="45" SRC="0"></ref><W>in</W><W>the</W><W>nicest</W><W>area</W></xcope><W>,</W><C><cue ID="1" type="negation"><W>either</W></cue></C><W>.</W></SENTENCE><SENTENCE><W>My</W><W>cab</W><W>ride</W><W>from</W><W>the</W><W>airport</W><W>cost</W><W>$</W><W>34--thanks</W><W>to</W><W>the</W><W>ripoff</W><W>artist</W><W>who</W><W>took</W><W>me</W><W>all</W><W>over</W><W>the</W><W>city</W><W>.</W></SENTENCE><SENTENCE><W>How</W><C><cue ID="2" type="speculation"><W>would</W></cue></C><xcope ID="23"><ref ID="46" SRC="2"></ref><W>I</W><W>have</W><W>known</W></xcope><W>?</W></SENTENCE><SENTENCE><W>My</W><W>return</W><W>fare</W><W>cost</W><W>$</W><W>8.</W></SENTENCE></P><P></P><P><SENTENCE><W>Check-in</W></SENTENCE></P><P></P><P><SENTENCE><W>I</W><cue ID="4" type="negation"><W>do</W><W>n&#39;t</W></cue><xcope ID="29"><ref COMMENTS="" ID="48" SRC="4"></ref><W>care</W><C><cue ID="5" type="speculation"><W>if</W></cue></C><xcope ID="28"><ref ID="47" SRC="5"></ref><W>it</W><W>was</W><W>2</W><W>am--she</W></xcope></xcope><C><cue ID="6" type="speculation"><W>could</W></cue></C><xcope ID="24"><ref ID="51" SRC="7"></ref><W>have</W><W>TRIED</W><W>to</W><W>get</W><W>me</W><W>a</W><W>non-smoking</W><W>room</W></xcope><W>.</W></SENTENCE><SENTENCE><C><cue ID="7" type="speculation"><W>Or</W></cue></C><xcope ID="30"><ref ID="50" SRC="7"></ref><W>a</W><W>room</W><W>somewhat</W><W>close</W><W>to</W><W>the</W><W>main</W><W>building</W></xcope><W>.</W></SENTENCE><SENTENCE><C><W>Instead</W></C><W>,</W><W>I</W><W>ended</W><W>up</W><W>in</W><W>a</W><W>smoker</W><W>,</W><W>a</W><W>LONG</W><W>walk</W><W>from</W><W>the</W><W>front</W><W>desk</W><W>;</W><W>a</W><W>walk</W><W>that</W><W>included</W><W>an</W><W>outdoor</W><W>component</W><W>through</W><W>the</W><W>service</W><W>area</W><W>,</W><W>where</W><W>several</W><W>attractive</W><W>,</W><W>thin</W><W>women</W><W>in</W><W>mighty</W><W>short</W><W>skirts</W><W>were</W><W>huddled</W><W>.</W></SENTENCE><SENTENCE><xcope ID="36"><ref COMMENTS="" ID="37" SRC="8"></ref><W>They</W></xcope><C><cue ID="8" type="speculation"><W>seemed</W></cue></C><xcope ID="31"><ref ID="52" SRC="8"></ref><W>awfully</W><W>disappointed</W><W>when</W><W>I</W><W>stomped</W><W>out</W><W>the</W><W>door--but</W></xcope><W>perked</W><W>up</W><W>when</W><W>a</W><W>man</W><W>came</W><W>out</W><W>.</W></SENTENCE><SENTENCE><W>Offered</W><W>him</W><W>their</W><W>company</W><W>.</W></SENTENCE><SENTENCE><W>Hmmmm</W><W>.</W></SENTENCE></P><P></P><P><SENTENCE><W>The</W><W>Room</W></SENTENCE></P><P></P><P><SENTENCE><W>Like</W><W>I</W><W>said</W><W>,</W><W>for</W><W>$</W><W>35</W><W>,</W><W>it</W><W>&#39;s</W><C><cue ID="9" type="negation"><W>not</W></cue></C><xcope ID="32"><ref ID="53" SRC="9"></ref><W>bound</W><W>to</W><W>be</W><W>luxurious</W></xcope><W>.</W></SENTENCE><SENTENCE><W>But</W><W>for</W><W>that</W><W>rate</W><W>,</W><W>I</W><W>want</W><W>my</W><W>key</W><W>to</W><W>work</W><W>.</W></SENTENCE><SENTENCE><W>When</W><W>it</W><W>did</W><W>n&#39;t</W><W>,</W><W>I</W><W>found</W><W>a</W><W>casino</W><W>phone</W><W>,</W><W>called</W><W>for</W><W>help</W><W>,</W><C><W>and</W></C><W>hunkered</W><W>down</W><W>to</W><W>wait</W><W>for</W><W>security</W><W>.</W></SENTENCE><SENTENCE><W>While</W><W>I</W><W>was</W><W>waiting</W><W>,</W><W>a</W><W>man</W><W>offered</W><W>me</W><W>$</W><W>20</W><W>for</W><W>15</W><W>minutes</W><W>.</W></SENTENCE><SENTENCE><W>I</W><W>declined</W><W>.</W></SENTENCE><SENTENCE><W>Sure</W><W>,</W><W>it</W><W>&#39;s</W><W>better</W><W>money</W><W>than</W><W>epinions.com</W><W>,</W></SENTENCE><SENTENCE><W>but</W><W>hey</W><W>,</W><W>I</W><W>have</W><W>principles</W><W>.</W></SENTENCE></P><P></P><P><SENTENCE><W>$</W><W>5</W><W>to</W><W>the</W><W>security</W><W>guy</W><C><W>and</W></C><W>a</W><W>10</W><W>minute</W><W>key</W><W>struggle</W><W>later</W><W>,</W><W>I</W><W>was</W><W>in</W><W>,</W><W>locks</W><W>bolted</W><C><W>and</W></C><W>AC</W><W>cranking</W><W>.</W></SENTENCE><SENTENCE><W>The</W><W>window</W><W>had</W><W>both</W><W>metal</W><C><W>and</W></C><W>concrete</W><W>cages</W><W>.</W></SENTENCE><SENTENCE><W>The</W><W>bed</W><W>was</W><W>a</W><W>king</W><W>,</W><W>surprisingly</W><W>firm</W><W>,</W><W>with</W><W>clean</W><W>sheets</W><W>.</W></SENTENCE><SENTENCE><W>A</W><W>small</W><W>armoire</W><W>housed</W><W>a</W><W>TV</W><W>with</W><W>cable</W><W>,</W><C><W>and</W></C><W>a</W><W>small</W><W>table</W><C><W>and</W></C><W>chairs</W><W>rounded</W><W>up</W><W>the</W><W>furniture</W><W>.</W></SENTENCE><SENTENCE><W>Cheap</W><W>indeed</W><W>,</W><W>but</W><W>functional</W><W>.</W></SENTENCE><SENTENCE><W>Truly</W><W>hideous</W><W>color</W><W>scheme--sort</W><W>of</W><W>a</W><W>brown</W><C><W>and</W></C><W>orange</W><W>theme</W><W>.</W></SENTENCE><SENTENCE><W>There</W><W>was</W><W>also</W><W>a</W><W>large</W><W>safe</W><W>,</W><W>but</W><W>that</W><W>required</W><W>a</W><W>$</W><W>2</W><W>daily</W><W>fee</W><C><W>and</W></C><W>I</W><W>was</W><W>just</W><W>there</W><W>to</W><W>crash</W><W>.</W></SENTENCE></P><P></P><P><SENTENCE><C><cue ID="11" type="speculation"><W>Can</W></cue></C><xcope ID="34"><ref ID="55" SRC="11"></ref><W>You</W><W>Call</W><W>it</W><W>a</W><W>Bathroom</W><C><cue ID="10" type="speculation"><W>if</W></cue></C><xcope ID="33"><ref ID="54" SRC="10"></ref><W>it</W><W>only</W><W>has</W><W>a</W><W>shower</W></xcope></xcope><W>?</W></SENTENCE></P><P></P><P><SENTENCE><W>Small</W><W>,</W><W>functional</W><W>,</W><C><W>and</W></C><W>clean</W><W>,</W><W>with</W><W>slippery</W><W>tiles</W><C><W>and</W></C><W>a</W><W>small</W><W>toilet</W><W>.</W></SENTENCE><SENTENCE><W>Corner</W><W>shower</W><W>stall</W><W>was</W><W>tiny</W><C><W>and</W></C><W>efficient</W><W>.</W></SENTENCE><SENTENCE><W>They</W><W>did</W><W>provide</W><W>soap</W><C><W>and</W></C><W>shampoo</W><W>.</W></SENTENCE></P><P></P><P><SENTENCE><W>Casino</W></SENTENCE></P><P></P><P><SENTENCE><W>In</W><W>the</W><W>morning</W><W>,</W><W>I</W><W>decided</W><W>to</W><W>play</W><W>a</W><W>little</W><W>.</W></SENTENCE><SENTENCE><W>Real</W><W>little</W><W>.</W></SENTENCE><SENTENCE><W>I</W><W>had</W><W>5</W><W>minutes</W><C><W>and</W></C><W>$</W><W>50</W><W>.</W></SENTENCE><SENTENCE><W>After</W><W>wasting</W><W>$</W><W>10</W><W>in</W><W>quarters</W><W>,</W><W>I</W><W>sat</W><W>at</W><W>a</W><W>5</W><W>cent</W><W>machine</W><W>,</W><W>popped</W><W>in</W><W>$</W><W>5,</W><C><W>and</W></C><W>promptly</W><W>won</W><W>the</W><W>max</W><W>jackpot</W><W>of</W><W>$</W><W>300</W><W>.</W></SENTENCE><SENTENCE><W>That</W><W>,</W><W>my</W><W>friends</W><W>,</W><W>was</W><W>the</W><W>highlight</W><W>of</W><W>my</W><W>stay</W><W>.</W></SENTENCE><SENTENCE><xcope ID="38"><ref COMMENTS="" ID="39" SRC="12"></ref><W>The</W><W>casino</W><W>attendant</W></xcope><W>paid</W><W>me</W><W>quickly</W><W>,</W><W>in</W><W>big</W><W>bills</W><W>,</W><C><W>and</W></C><C><cue ID="12" type="speculation"><W>seemed</W></cue></C><xcope ID="35"><ref ID="56" SRC="12"></ref><W>pleased</W><W>when</W><W>I</W><W>tipped</W><W>her</W><W>.</W></xcope></SENTENCE></P><P></P><P><SENTENCE><W>Granted</W><W>,</W><W>it</W><W>was</W><W>early</W><W>,</W><W>but</W><W>the</W><W>casino</W><W>was</W><W>fairly</W><W>empty</W><W>,</W><C><W>and</W></C><W>held</W><C><cue ID="13" type="negation"><W>none</W></cue></C><xcope ID="36"><ref ID="58" SRC="13"></ref><W>of</W><W>the</W><W>typical</W><W>Las</W><W>Vegas</W><W>glitz</W></xcope><W>.</W></SENTENCE><SENTENCE><C><cue ID="14" type="speculation"><W>If</W></cue></C><xcope ID="37"><ref ID="57" SRC="14"></ref><W>anything</W></xcope><W>,</W><W>the</W><W>atmosphere</W><W>was</W><W>sort</W><W>of</W><W>a</W><W>7-11</W><W>at</W><W>3</W><W>am</W><W>feel--everyone</W><W>bleary-eyed</W><W>,</W><W>pathetic</W><W>,</W><C><W>and</W></C><W>desperate</W><W>.</W></SENTENCE></P><P></P><P><SENTENCE><W>Shops</W><C><W>and</W></C><W>Restaurants</W></SENTENCE></P><P></P><P><SENTENCE><W>I</W><cue ID="15" type="negation"><W>did</W><W>n&#39;t</W></cue><xcope ID="38"><ref COMMENTS="" ID="59" SRC="15"></ref><W>bother</W></xcope><W>.</W></SENTENCE><SENTENCE><W>The</W><W>gift</W><W>shops</W><W>were</W><W>bigger</W><W>than</W><W>I</W><C><W>expected</W></C><W>,</W><W>with</W><W>the</W><W>usual</W><W>assortment</W><W>of</W><W>Vegas</W><W>merchandise</W><W>.</W></SENTENCE><SENTENCE><W>Restaurants</W><W>include</W><W>the</W><W>usual</W><W>mix--buffet</W><W>,</W><W>cafe</W><W>,</W><W>Tex-Mex</W><W>,</W><W>Italian</W><W>,</W><W>Steak</W><W>,</W><C><W>and</W></C><W>Asian</W><W>.</W></SENTENCE><SENTENCE><W>Room</W><W>service</W><W>was</W><W>available</W><W>,</W><W>but</W><W>I</W><W>satisfied</W><W>myself</W><W>with</W><W>snack</W><W>mix</W><C><W>and</W></C><W>water</W><W>from</W><W>the</W><W>plane</W><W>.</W></SENTENCE><SENTENCE><W>With</W><W>all</W><W>the</W><W>creatures</W><W>crawling</W><W>in</W><W>the</W><W>hallways</W><W>,</W><W>I</W><W>had</W><C><cue ID="16" type="negation"><W>no</W></cue></C><xcope ID="39"><ref ID="60" SRC="16"></ref><W>desire</W><W>to</W><W>meet</W><W>anything</W><W>from</W><W>behind</W><W>the</W><W>scenes</W></xcope><W>.</W></SENTENCE></P><P></P><P><SENTENCE><W>Bottom</W><W>line</W></SENTENCE></P><P></P><P><SENTENCE><C><cue ID="17" type="negation"><W>Never</W></cue></C><W>,</W><xcope ID="42"><ref ID="62" SRC="17"></ref><C><cue ID="18" type="negation"><W>never</W></cue></C><W>,</W><xcope ID="41"><ref ID="63" SRC="18"></ref><C><cue ID="19" type="negation"><W>never</W></cue></C><xcope ID="40"><ref ID="61" SRC="19"></ref><W>again</W></xcope></xcope></xcope><W>.</W></SENTENCE><SENTENCE><W>I</W><W>sacrificed</W><W>safety</W><C><W>and</W></C><W>convenience</W><W>for</W><W>the</W><W>illusion</W><W>of</W><W>a</W><W>low</W><W>price--and</W><W>ended</W><W>up</W><W>spending</W><W>the</W><W>same</W><W>amount</W><W>I</W><C><cue ID="20" type="speculation"><W>would</W></cue></C><xcope ID="43"><ref ID="65" SRC="20"></ref><W>&#39;ve</W><W>spent</W><W>for</W><W>a</W><W>nice</W><W>room</W><W>on</W><W>the</W><W>strip</W></xcope><W>.</W></SENTENCE><SENTENCE><C><cue ID="21" type="negation"><W>Never</W></cue></C><xcope ID="44"><ref ID="64" SRC="21"></ref><W>mind</W><W>my</W><W>$</W><W>300</W><W>win</W></xcope><W>.</W></SENTENCE><SENTENCE><W>This</W><W>place</W><W>was</W><W>the</W><W>worst</W><W>hotel</W><W>I</W><W>&#39;ve</W><W>ever</W><W>endured</W><W>.</W></SENTENCE><SENTENCE><W>Run</W><W>!</W></SENTENCE></P></DOCUMENT>
