<?xml version="1.0" encoding="UTF-8"?>
<DOCUMENT><P></P><P><SENTENCE><W>I</W><W>recently</W><W>spent</W><W>a</W><W>week</W><W>in</W><W>Las</W><W>Vegas</W><W>(</W><W>again</W><W>!</W><W>)</W><W>,</W><C><W>and</W></C><W>this</W><W>time</W><W>decided</W><W>to</W><W>stay</W><W>off</W><W>of</W><W>the</W><W>Strip</W><C><W>and</W></C><W>out</W><W>of</W><W>the</W><W>classic</W><W>Downtown</W><W>area</W><W>.</W></SENTENCE><SENTENCE><W>I</W><W>stayed</W><W>the</W><W>entire</W><W>week</W><W>at</W><W>Palace</W><W>Station</W><W>.</W></SENTENCE><SENTENCE><W>I</W><W>hate</W><W>to</W><W>say</W><W>it</W><W>,</W><W>but</W><W>what</W><W>a</W><W>mistake</W><W>that</W><W>was</W><W>.</W></SENTENCE></P><P></P><P><SENTENCE><cue ID="0" type="negation"><W>Do</W><W>n&#39;t</W></cue><xcope ID="15"><ref COMMENTS="" ID="16" SRC="0"></ref><W>get</W><W>me</W><W>wrong</W></xcope><W>.</W></SENTENCE><SENTENCE><W>Palace</W><W>Station</W><W>is</W><W>a</W><W>great</W><W>place</W><W>...if</W><W>you</W><W>&#39;re</W><W>a</W><W>local</W><C><W>and</W></C><W>like</W><W>to</W><W>gamble</W><W>.</W></SENTENCE><SENTENCE><W>You</W><W>see</W><W>,</W><W>all</W><W>of</W><W>the</W><W>promotions</W><W>(</W><W>money</W><C><W>and</W></C><W>prize</W><W>giveaways</W><W>)</W><W>are</W><W>geared</W><W>towards</W><W>the</W><W>locals</W><W>.</W></SENTENCE><SENTENCE><W>They</W><W>give</W><W>prizes</W><W>away</W><W>,</W><W>but</W><W>while</W><W>I</W><W>was</W><W>visiting</W><W>,</W><W>they</W><W>were</W><W>only</W><W>giving</W><W>them</W><W>away</W><W>weekly</W><W>.</W></SENTENCE><SENTENCE><W>So</W><W>,</W><C><cue ID="1" type="speculation"><W>if</W></cue></C><W>,</W><xcope ID="14"><ref ID="17" SRC="1"></ref><W>like</W><W>me</W></xcope><W>,</W><W>you</W><W>arrive</W><W>on</W><W>a</W><W>Saturday</W><W>,</W><C><W>and</W></C><W>are</W><W>leaving</W><W>on</W><W>Thursday</W><W>,</W><W>you</W><W>miss</W><W>the</W><W>Friday</W><W>drawings</W><W>!</W></SENTENCE><SENTENCE><W>Yikes</W><W>!</W></SENTENCE><SENTENCE><W>While</W><W>playing</W><W>there</W><W>,</W><W>I</W><W>earned</W><W>a</W><W>bunch</W><W>of</W><W>free</W><W>tickets</W><W>to</W><W>use</W><W>to</W><W>enter</W><W>the</W><W>drawings</W><W>,</W><W>but</W><W>I</W><W>had</W><W>to</W><W>be</W><W>PRESENT</W><W>TO</W><W>WIN.</W></SENTENCE><SENTENCE><W>What</W><W>a</W><W>letdown</W><W>.</W></SENTENCE></P><P></P><P><SENTENCE><W>With</W><W>that</W><W>said</W><W>,</W><W>the</W><W>dealers</W><W>are</W><W>overall</W><W>a</W><W>pretty</W><W>friendly</W><W>lot</W><W>.</W></SENTENCE><SENTENCE><W>It</W><C><cue ID="2" type="speculation"><W>appears</W></cue></C><xcope ID="13"><ref ID="18" SRC="2"></ref><W>they</W><W>see</W><W>a</W><W>lot</W><W>of</W><W>regulars</W></xcope><W>,</W><W>so</W><W>they</W><W>welcome</W><W>a</W><W>fresh</W><W>face</W><W>now</W><C><W>and</W></C><W>then</W><C><W>and</W></C><W>ask</W><W>genuine</W><W>questions</W><W>about</W><W>you</W><W>.</W></SENTENCE></P><P></P><P><SENTENCE><W>I</W><cue ID="3" type="speculation"><C><W>would</W></C><W>n&#39;t</W></cue><xcope ID="12"><ref COMMENTS="" ID="19" SRC="3"></ref><W>recommend</W><W>the</W><W>food</W></xcope><W>.</W></SENTENCE><SENTENCE><W>The</W><W>Mexican</W><W>grill</W><W>was</W><W>bad</W><W>-</W><W>the</W><W>food</W><W>was</W><W>stale</W><W>.</W></SENTENCE><SENTENCE><W>The</W><W>diner</W><W>&#39;s</W><W>service</W><W>was</W><W>s</W><W>l</W><W>o</W><W>w</W><W>.</W></SENTENCE><SENTENCE><W>Did</W><W>I</W><W>say</W><W>slow</W><W>?</W></SENTENCE><SENTENCE><W>I</W><W>meant</W><W>non-existent</W><W>.</W></SENTENCE></P><P></P><P><SENTENCE><W>I</W><W>tried</W><W>the</W><W>pool</W><W>a</W><W>few</W><W>days</W><W>as</W><W>the</W><W>temperatures</W><W>were</W><W>in</W><W>the</W><W>high</W><W>90</W><W>&#39;s</W><W>.</W></SENTENCE><SENTENCE><W>Get</W><W>out</W><W>early</W><W>as</W><W>by</W><W>noon</W><W>it</W><W>is</W><W>taken</W><W>over</W><W>by</W><W>children</W><W>.</W></SENTENCE><SENTENCE><W>However</W><W>,</W><W>it</W><W>was</W><W>a</W><W>nice</W><W>way</W><W>to</W><W>wake</W><W>up</W><C><W>and</W></C><W>start</W><W>the</W><W>day</W><W>-</W><W>nothing</W><W>quite</W><W>like</W><W>a</W><W>dip</W><W>in</W><W>the</W><W>pool</W><W>at</W><W>8am</W><W>when</W><W>it</W><W>&#39;s</W><W>already</W><W>88</W><W>degrees</W><W>.</W></SENTENCE></P><P></P><P><SENTENCE><W>Take</W><W>note</W><W>that</W><C><cue ID="4" type="speculation"><W>if</W></cue></C><xcope ID="11"><ref ID="21" SRC="4"></ref><W>you</W><cue ID="5" type="negation"><W>do</W><W>n&#39;t</W></cue><xcope ID="10"><ref ID="20" SRC="5"></ref><W>rent</W><W>a</W><W>car</W></xcope></xcope><W>,</W><W>it</W><W>will</W><W>cost</W><W>you</W><W>between</W><W>$</W><W>11-13</W><W>each</W><W>way</W><W>to</W><W>get</W><W>to</W><W>the</W><W>Downtown</W><W>casinos</W><W>.</W></SENTENCE><SENTENCE><W>That</W><W>&#39;s</W><W>right</W><W>,</W><W>they</W><cue ID="6" type="negation"><W>do</W><W>n&#39;t</W></cue><xcope ID="9"><ref COMMENTS="" ID="22" SRC="6"></ref><W>offer</W><W>a</W><W>shuttle</W><W>service</W><W>to</W><W>the</W><W>Downtown</W><W>area</W></xcope><W>.</W></SENTENCE><SENTENCE><W>Also</W><W>,</W><W>the</W><W>shuttles</W><W>that</W><W>run</W><W>to</W><C><W>and</W></C><W>from</W><W>the</W><W>Strip</W><W>stop</W><W>at</W><W>midnight</W><W>.</W></SENTENCE><SENTENCE><W>What</W><W>Vegas</W><W>visitor</W><W>wants</W><W>to</W><W>leave</W><W>the</W><W>Strip</W><W>at</W><W>midnight</W><W>?</W></SENTENCE><SENTENCE><W>That</W><W>&#39;s</W><W>when</W><W>the</W><W>action</W><W>picks</W><W>up</W><W>.</W></SENTENCE></P><P></P><P><SENTENCE><W>I</W><cue ID="7" type="negation"><W>wo</W><W>n&#39;t</W></cue><xcope ID="8"><ref COMMENTS="" ID="23" SRC="7"></ref><W>be</W><W>staying</W><W>at</W><W>Palace</W><W>Station</W><W>again</W></xcope><W>.</W></SENTENCE><SENTENCE><W>I</W><W>&#39;ll</W><W>get</W><W>back</W><W>to</W><W>everyone</W><W>when</W><W>I</W><W>get</W><W>back</W><W>from</W><W>my</W><W>next</W><W>trip</W><W>.</W></SENTENCE><SENTENCE><W>In</W><W>the</W><W>meantime</W><W>,</W><W>have</W><W>fun</W><W>,</W><W>win</W><W>big</W><W>,</W><C><W>and</W></C><W>win</W><W>often</W><W>!</W></SENTENCE></P></DOCUMENT>
