<?xml version="1.0" encoding="UTF-8"?>
<DOCUMENT><P></P><P><SENTENCE><W>My</W><W>husband</W><C><W>and</W></C><W>I</W><W>got</W><W>married</W><W>in</W><W>Las</W><W>Vegas</W><W>in</W><W>April</W><W>1996</W><W>.</W></SENTENCE><SENTENCE><W>We</W><W>stayed</W><W>at</W><W>the</W><W>Palace</W><W>Station</W><W>because</W><W>it</W><W>was</W><W>a</W><W>good</W><W>deal</W><C><W>and</W></C><W>out</W><W>of</W><W>the</W><W>way</W><W>of</W><W>all</W><W>of</W><W>the</W><W>confusion</W><W>on</W><W>the</W><W>strip</W><W>.</W></SENTENCE><SENTENCE><W>We</W><W>just</W><W>loved</W><W>it</W><W>!</W></SENTENCE><SENTENCE><W>Everyone</W><W>was</W><W>very</W><W>kind</W><C><W>and</W></C><W>helpful</W><W>.</W></SENTENCE><SENTENCE><W>The</W><W>casino</W><W>is</W><W>the</W><W>best</W><W>around</W><W>....the</W><W>food</W><W>is</W><W>absolutely</W><W>the</W><W>best</W><W>!</W></SENTENCE><SENTENCE><W>The</W><W>room</W><W>was</W><W>nice</W><W>,</W><W>however</W><W>,</W><W>we</W><W>did</W><C><cue ID="0" type="negation"><W>not</W></cue></C><xcope ID="13"><ref ID="14" SRC="0"></ref><W>spend</W><W>much</W><W>time</W><W>in</W><W>the</W><W>room</W></xcope><W>.</W></SENTENCE><SENTENCE><W>In</W><W>Vegas</W><W>one</W><W>does</W><C><cue ID="1" type="negation"><W>not</W></cue></C><xcope ID="12"><ref ID="16" SRC="1"></ref><W>sleep</W><W>very</W><W>much</W><W>in</W><W>the</W><W>town</W><W>that</W><C><cue ID="2" type="negation"><W>never</W></cue></C><xcope ID="11"><ref ID="15" SRC="2"></ref><W>sleeps</W></xcope></xcope><W>!</W><W>!</W><W>!</W></SENTENCE></P><P></P><P><SENTENCE><W>So</W><W>,</W><W>of</W><W>course</W><W>,</W><W>we</W><W>decided</W><W>to</W><W>stay</W><W>here</W><W>again</W><W>on</W><W>our</W><W>next</W><W>trip</W><W>in</W><W>1999</W><W>.</W></SENTENCE><SENTENCE><W>What</W><W>a</W><W>mistake</W><W>!</W></SENTENCE><SENTENCE><W>The</W><W>food</W><W>was</W><W>still</W><W>wonderful</W><W>,</W><W>the</W><W>casino</W><W>is</W><W>still</W><W>the</W><W>only</W><W>won</W><W>I</W><C><cue ID="4" type="speculation"><W>could</W></cue></C><xcope ID="10"><ref ID="17" SRC="4"></ref><W>win</W><W>ANY</W><W>money</W><W>at</W></xcope><W>,</W><W>but</W><W>the</W><W>service</W><W>was</W><C><cue ID="3" type="negation"><W>not</W></cue></C><xcope ID="9"><ref ID="18" SRC="3"></ref><W>up</W><W>to</W><W>par</W></xcope><W>.</W></SENTENCE></P><P></P><P><SENTENCE><W>Our</W><W>room</W><W>,</W><W>with</W><W>the</W><W>nasty</W><W>old</W><W>carpet</W><C><W>and</W></C><W>the</W><W>hole</W><W>in</W><W>the</W><W>bathroom</W><W>door</W><W>,</W><W>was</W><C><cue ID="5" type="negation"><W>not</W></cue></C><xcope ID="8"><ref ID="19" SRC="5"></ref><W>what</W><W>I</W><C><W>expected</W></C></xcope><W>after</W><W>spending</W><W>so</W><W>much</W><W>money</W><W>for</W><W>a</W><W>vacation</W><W>!</W></SENTENCE></P><P></P><P><SENTENCE><W>While</W><W>inquiring</W><W>about</W><W>tickets</W><W>to</W><W>a</W><W>show</W><W>we</W><W>were</W><W>told</W><W>&#34;</W><W>I</W><cue ID="0" type="negation"><W>do</W><W>n&#39;t</W></cue><xcope ID="1"><ref COMMENTS="" ID="2" SRC="0"></ref><W>know</W></xcope><W>,</W><W>call</W><W>them</W><C><W>and</W></C><W>find</W><W>out</W><W>&#34;</W><W>!</W></SENTENCE><SENTENCE><W>As</W><W>for</W><W>taking</W><W>the</W><W>shuttle</W><W>to</W><W>the</W><W>strip</W><W>,</W><W>plan</W><W>to</W><W>wait</W><W>at</W><W>least</W><W>30</W><W>minutes</W><W>to</W><W>an</W><W>hour</W><W>!</W></SENTENCE></P><P></P><P><SENTENCE><W>The</W><W>service</W><W>on</W><W>the</W><W>casino</W><W>floor</W><W>was</W><W>very</W><W>slow</W><W>at</W><W>times</W><W>.</W></SENTENCE><SENTENCE><W>At</W><W>one</W><W>point</W><W>I</W><W>ordered</W><W>a</W><W>drink</W><W>after</W><W>tracking</W><W>down</W><W>a</W><W>waitress</W><C><W>and</W></C><W>she</W><C><cue ID="6" type="negation"><W>never</W></cue></C><xcope ID="7"><ref COMMENTS="" ID="20" SRC="6"></ref><W>returned</W></xcope><W>.</W></SENTENCE></P><P></P><P><SENTENCE><W>However</W><W>,</W><W>I</W><W>did</W><W>see</W><W>her</W><W>serving</W><W>the</W><W>higher</W><W>priced</W><W>machines</W><W>a</W><W>couple</W><W>of</W><W>minutes</W><W>later</W><W>.</W></SENTENCE><SENTENCE><W>I</W><W>am</W><W>a</W><W>very</W><W>good</W><W>tipper</W><W>,</W><W>which</W><W>is</W><W>very</W><W>important</W><W>in</W><W>this</W><W>town</W><W>.</W></SENTENCE><SENTENCE><W>On</W><W>our</W><W>next</W><W>trip</W><W>we</W><W>are</W><W>planning</W><W>to</W><W>stay</W><W>elsewhere</W><W>!</W></SENTENCE></P></DOCUMENT>
