<?xml version="1.0" encoding="UTF-8"?>
<DOCUMENT><P></P><P><SENTENCE><W>I</W><W>stayed</W><W>here</W><W>for</W><W>three</W><W>nights</W><W>while</W><W>in</W><W>Fort</W><W>Lauderdale</W><W>on</W><W>business</W><W>.</W></SENTENCE><SENTENCE><C><W>And</W></C><W>while</W><W>this</W><W>hotel</W><W>is</W><W>in</W><W>dire</W><W>need</W><W>of</W><W>refurbishment</W><W>,</W><W>it</W><W>&#39;s</W><W>location</W><W>makes</W><W>up</W><W>for</W><W>some</W><W>of</W><W>its</W><W>short</W><W>comings</W><W>.</W></SENTENCE></P><P></P><P><SENTENCE><W>I</W><W>checked</W><W>into</W><W>the</W><W>Sheraton</W><W>Yankee</W><W>Clipper</W><W>Hotel</W><W>in</W><W>early</W><W>December</W><W>&#39;02</W><W>.</W></SENTENCE><SENTENCE><W>My</W><W>accommodations</W><W>were</W><W>in</W><W>the</W><W>beach</W><W>tower</W><W>;</W><W>in</W><W>order</W><W>to</W><W>get</W><W>to</W><W>them</W><W>,</W><W>I</W><W>had</W><W>to</W><W>go</W><W>back</W><W>outside</W><C><W>and</W></C><W>walk</W><W>through</W><W>the</W><W>parking</W><W>area</W><W>.</W></SENTENCE><SENTENCE><W>I</W><W>had</W><W>a</W><W>standard</W><W>ocean</W><W>view</W><W>room</W><W>with</W><W>typical</W><W>Sheraton</W><W>amenities</W><W>including</W><W>a</W><W>king</W><W>sized</W><W>bed</W><W>,</W><W>20</W><W>inch</W><W>color</W><W>TV</W><W>with</W><W>cable</W><W>,</W><W>computer</W><W>hook-up</W><W>,</W><W>a</W><W>decent</W><W>sized</W><W>bathroom</W><C><W>and</W></C><W>plenty</W><W>of</W><W>complementary</W><W>toiletries</W><W>.</W></SENTENCE><SENTENCE><W>It</W><W>was</W><W>obvious</W><W>that</W><W>the</W><W>room</W><W>had</W><W>been</W><W>updated</W><W>recently</W><W>with</W><W>new</W><W>window</W><W>treatments</W><C><W>and</W></C><W>upholstery</W><W>.</W></SENTENCE><SENTENCE><W>However</W><W>,</W><W>the</W><W>carpeting</W><W>was</W><W>stained</W><W>in</W><W>places</W><W>,</W><W>the</W><W>furniture</W><W>somewhat</W><W>roughed</W><W>up</W><C><W>and</W></C><W>the</W><W>sliding</W><W>door</W><W>to</W><W>the</W><W>closet</W><W>(</W><W>which</W><W>was</W><W>n&#39;t</W><W>a</W><W>big</W><W>deal</W><W>)</W><cue ID="0" type="speculation"><C><W>would</W></C><W>n&#39;t</W></cue><xcope ID="34"><ref COMMENTS="" ID="69" SRC="0"></ref><W>close</W><W>all</W><W>the</W><W>way</W></xcope><W>.</W></SENTENCE><SENTENCE><W>The</W><W>clean</W><W>bath</W><W>towels</W><W>provided</W><W>by</W><W>the</W><W>hotel</W><W>were</W><W>rough</W><W>,</W><W>thin</W><C><W>and</W></C><W>small</W><W>.</W></SENTENCE><SENTENCE><W>The</W><W>pillows</W><W>on</W><W>the</W><W>bed</W><W>were</W><W>old</W><C><W>and</W></C><W>flat</W><W>.</W></SENTENCE><SENTENCE><W>I</W><W>had</W><W>to</W><W>request</W><W>extra</W><W>pillows</W><W>,</W><C><W>and</W></C><W>even</W><W>the</W><W>ones</W><W>brought</W><W>to</W><W>the</W><W>room</W><W>were</W><W>just</W><W>as</W><W>as</W><W>bad</W><W>.</W></SENTENCE><SENTENCE><W>All</W><W>hotel</W><W>towels</W><W>were</W><W>the</W><W>same</W><W>quality</W><W>;</W><W>although</W><W>I</W><W>had</W><W>lots</W><W>of</W><W>extras</W><W>,</W><W>they</W><W>were</W><W>all</W><W>thin</W><C><W>and</W></C><W>worn</W><W>.</W></SENTENCE></P><P></P><P><SENTENCE><W>The</W><W>bed</W><W>itself</W><W>was</W><W>quite</W><W>hard</W><W>,</W><C><W>and</W></C><W>by</W><W>the</W><W>third</W><W>night</W><W>,</W><W>I</W><W>was</W><W>dreading</W><W>having</W><W>to</W><W>sleep</W><W>on</W><W>it</W><W>.</W></SENTENCE><SENTENCE><xcope ID="50"><ref COMMENTS="" ID="51" SRC="48"></ref><W>All</W><W>the</W><W>beds</W></xcope><W>I</W><W>checked</W><W>out</W><C><cue ID="48" type="speculation"><W>seem</W></cue></C><xcope ID="49"><ref COMMENTS="" ID="52" SRC="48"></ref><W>to</W><W>be</W><W>on</W><W>a</W><W>concrete</W><W>platform</W></xcope><W>.</W></SENTENCE><SENTENCE><W>Some</W><W>people</W><W>,</W><W>including</W><W>my</W><W>husband</W><W>,</W><C><cue ID="2" type="speculation"><W>might</W></cue></C><xcope ID="35"><ref ID="70" SRC="2"></ref><W>prefer</W><W>this</W><W>arrangement</W></xcope><W>.</W></SENTENCE><SENTENCE><W>However</W><W>,</W><W>it</W><W>was</W><W>too</W><W>stiff</W><W>for</W><W>me</W><W>to</W><W>ever</W><C><W>feel</W></C><W>comfortable</W><W>.</W></SENTENCE></P><P></P><P><SENTENCE><W>The</W><W>hotel</W><W>was</W><W>situated</W><W>in</W><W>a</W><W>fairly</W><W>good</W><W>location</W><W>.</W></SENTENCE><SENTENCE><W>The</W><W>wide</W><W>stretch</W><W>of</W><W>beach</W><W>along</W><W>Fort</W><W>Lauderdale</W><W>&#39;s</W><W>waterfront</W><W>was</W><W>spectacular</W><W>.</W></SENTENCE><SENTENCE><W>Unfortunately</W><W>,</W><W>the</W><W>lounge</W><W>chairs</W><C><W>and</W></C><W>umbrellas</W><W>on</W><W>the</W><W>beach</W><W>were</W><W>owned</W><W>by</W><W>a</W><W>concession</W><W>who</W><W>charged</W><W>$</W><W>15/day</W><W>.</W></SENTENCE><SENTENCE><W>I</W><W>refused</W><W>to</W><W>pay</W><W>this</W><W>amount</W><W>to</W><W>enjoy</W><W>a</W><W>few</W><W>hours</W><W>in</W><W>the</W><W>sun</W><W>.</W></SENTENCE><SENTENCE><W>But</W><W>most</W><W>people</W><W>I</W><W>spoke</W><W>to</W><W>paid</W><W>to</W><W>do</W><W>so</W><W>,</W><W>as</W><W>the</W><W>hotel</W><W>&#39;s</W><W>pool</W><W>areas</W><W>(</W><W>two</W><W>of</W><W>them</W><W>)</W><W>consisted</W><W>of</W><W>a</W><W>square</W><W>pool</W><W>,</W><W>concrete</W><W>decking</W><C><W>and</W></C><W>few</W><W>lounge</W><W>chairs</W><C><W>and</W></C><W>some</W><W>tables</W><W>with</W><W>umbrellas</W><C><W>and</W></C><W>chairs</W><W>.</W></SENTENCE></P><P></P><P><SENTENCE><W>I</W><W>found</W><W>the</W><W>pool</W><W>areas</W><W>(</W><W>one</W><W>near</W><W>the</W><W>beach</W><C><W>and</W></C><W>one</W><W>enclosed</W><W>in</W><W>between</W><W>the</W><W>hotel</W><W>towers</W><W>)</W><W>to</W><W>be</W><W>clean</W><W>,</W><W>but</W><W>it</W><W>had</W><W>a</W><W>motel</W><W>like</W><C><W>feel</W></C><W>to</W><W>it</W><W>.</W></SENTENCE><SENTENCE><W>Considering</W><W>my</W><W>employer</W><W>paid</W><W>a</W><W>corporate</W><W>rate</W><W>(</W><W>$</W><W>$</W><W>$</W><W>)</W><W>,</W><W>I</W><C><cue ID="3" type="speculation"><W>would</W></cue></C><xcope ID="38"><ref ID="72" SRC="3"></ref><W>have</W><C><cue ID="4" type="speculation"><W>thought</W></cue></C><xcope ID="37"><ref ID="71" SRC="4"></ref><W>for</W><W>the</W><W>money</W></xcope></xcope><W>,</W><W>this</W><W>hotel</W><C><cue ID="5" type="speculation"><W>would</W></cue></C><xcope ID="39"><ref ID="73" SRC="5"></ref><W>have</W><W>been</W><W>typical</W><W>of</W><W>other</W><W>Sheraton</W><W>resorts</W><W>elsewhere</W></xcope><W>.</W></SENTENCE><SENTENCE><C><cue ID="6" type="negation"><W>No</W></cue></C><xcope ID="36"><ref ID="74" SRC="6"></ref><W>so</W></xcope><W>.</W></SENTENCE><SENTENCE><W>There</W><W>was</W><xcope ID="53"><ref COMMENTS="" ID="54" SRC="7"></ref><W>a</W><W>restaurant</W></xcope><W>on</W><W>the</W><W>premises</W><W>,</W><W>which</W><W>always</W><C><cue ID="7" type="speculation"><W>seemed</W></cue></C><xcope ID="40"><ref ID="75" SRC="7"></ref><W>empty</W></xcope><W>,</W><W>a</W><W>quiet</W><W>lounge</W><W>with</W><W>happy</W><W>hour</W><W>munchies</W><W>(</W><C><cue ID="8" type="negation"><W>not</W></cue></C><xcope ID="41"><ref ID="76" SRC="8"></ref><W>bad</W></xcope><W>)</W><C><W>and</W></C><W>entertainment</W><W>(</W><W>at</W><W>least</W><W>when</W><W>I</W><W>was</W><W>there</W><W>)</W><W>.</W></SENTENCE><SENTENCE><W>The</W><W>vast</W><W>majority</W><W>of</W><W>clientele</W><W>,</W><W>from</W><W>what</W><W>I</W><C><cue ID="9" type="speculation"><W>could</W></cue></C><xcope ID="42"><ref ID="77" SRC="9"></ref><W>tell</W></xcope><W>,</W><W>were</W><xcope ID="44"><ref ID="79" SRC="10"></ref><W>foreign</W><W>visitors</W><W>on</W><W>holiday</W></xcope><C><cue ID="10" type="speculation"><W>or</W></cue></C><xcope ID="45"><ref ID="78" SRC="10"></ref><W>airline</W><W>employees</W><W>staying</W><W>the</W><W>night</W></xcope><W>.</W></SENTENCE><SENTENCE><W>Some</W><W>of</W><W>the</W><W>people</W><W>I</W><W>ran</W><W>into</W><W>on</W><W>Sunday</W><W>night</W><W>were</W><W>there</W><W>as</W><W>part</W><W>of</W><W>a</W><W>pre-cruise</W><W>package</W><W>.</W></SENTENCE><SENTENCE><C><cue ID="11" type="speculation"><W>Either</W></cue></C><xcope ID="46"><ref ID="80" SRC="11"></ref><W>way</W></xcope><W>,</W><W>it</W><C><cue ID="12" type="speculation"><W>appears</W></cue></C><W>,</W><xcope ID="47"><ref ID="81" SRC="12"></ref><W>most</W><W>people</W><W>used</W><W>this</W><W>hotel</W><W>only</W><W>to</W><W>sleep</W><C><W>and</W></C><W>to</W><W>freshen-up</W><W>by</W><W>night</W></xcope><C><W>and</W></C><W>go</W><W>elsewhere</W><W>for</W><W>entertainment</W><W>by</W><W>day</W><W>.</W></SENTENCE></P><P></P><P><SENTENCE><W>The</W><W>Sheraton</W><W>Yankee</W><W>Clipper</W><W>had</W><W>a</W><W>large</W><W>motel</W><C><W>feel</W></C><W>to</W><W>it</W><W>,</W><C><cue ID="13" type="negation"><W>not</W></cue></C><xcope ID="48"><ref ID="82" SRC="13"></ref><W>at</W><W>all</W><W>in</W><W>line</W><W>with</W><W>it</W><W>&#39;s</W><W>size</W></xcope><W>,</W><W>location</W><C><W>and</W></C><W>price</W><W>.</W></SENTENCE><SENTENCE><W>Other</W><W>hotels</W><W>in</W><W>the</W><W>area</W><W>had</W><W>landscaped</W><W>pool</W><W>areas</W><W>where</W><W>clientele</W><W>spent</W><W>more</W><W>time</W><W>enjoying</W><W>the</W><W>facilities</W><W>.</W></SENTENCE><SENTENCE><W>One</W><W>couple</W><W>I</W><W>met</W><W>who</W><W>was</W><W>taking</W><W>a</W><W>cruise</W><W>the</W><W>next</W><W>day</W><W>,</W><W>said</W><W>they</W><W>were</W><W>able</W><W>to</W><W>get</W><W>one</W><W>night</W><W>here</W><W>for</W><W>$</W><W>40</W><W>through</W><W>Priceline</W><W>.</W></SENTENCE><SENTENCE><W>I</W><C><cue ID="14" type="speculation"><W>think</W></cue></C><xcope ID="49"><ref ID="83" SRC="14"></ref><W>my</W><W>employer</W><W>paid</W><W>about</W><W>$</W><W>130/night</W></xcope><W>(</W><W>corporate</W><W>rates</W><W>are</W><W>pretty</W><W>high</W><W>)</W><W>.</W></SENTENCE><SENTENCE><W>One</W><W>other</W><W>couple</W><W>I</W><W>had</W><W>met</W><W>who</W><W>arranged</W><W>to</W><W>stay</W><W>here</W><W>with</W><W>a</W><W>cruise</W><W>line</W><W>said</W><W>they</W><W>paid</W><W>$</W><W>90/night</W><W>.</W></SENTENCE><SENTENCE><W>I</W><cue ID="16" type="speculation"><C><W>would</W></C><W>n&#39;t</W></cue><xcope ID="51"><ref COMMENTS="" ID="84" SRC="16"></ref><W>pay</W><W>more</W><W>than</W><W>$</W><W>60-$</W><W>70/night</W><W>to</W><W>stay</W><W>here</W></xcope><W>-</W><W>in</W><W>line</W><W>with</W><W>what</W><W>you</W><C><cue ID="15" type="speculation"><W>would</W></cue></C><xcope ID="50"><ref ID="85" SRC="15"></ref><W>pay</W><W>at</W><W>some</W><W>of</W><W>the</W><W>other</W><W>motels</W><W>near</W><W>the</W><W>beach</W><W>in</W><W>the</W><W>area</W></xcope><W>.</W></SENTENCE></P><P></P><P><SENTENCE><C><cue ID="17" type="speculation"><W>If</W></cue></C><xcope ID="52"><ref ID="86" SRC="17"></ref><W>there</W><W>was</W><W>one</W><W>positive</W><W>aspect</W></xcope><W>,</W><W>it</W><W>was</W><W>the</W><W>hotel</W><W>&#39;s</W><W>location</W><W>.</W></SENTENCE><SENTENCE><W>Across</W><W>the</W><W>street</W><W>at</W><W>the</W><W>Bahia</W><W>Mar</W><W>Hotel</W><W>,</W><W>is</W><W>the</W><W>water</W><W>taxi</W><W>stop</W><W>.</W></SENTENCE><SENTENCE><W>For</W><W>a</W><W>few</W><W>bucks</W><W>,</W><W>you</W><C><cue ID="18" type="speculation"><W>can</W></cue></C><xcope ID="53"><ref ID="87" SRC="18"></ref><W>take</W><W>the</W><W>water</W><W>taxi</W><W>to</W><W>excellent</W><W>restaurants</W></xcope><W>,</W><W>shopping</W><C><W>and</W></C><W>points</W><W>of</W><W>interest</W><C><W>and</W></C><W>tour</W><W>the</W><W>mansions</W><W>of</W><W>Fort</W><W>Lauderdale</W><W>along</W><W>the</W><W>water</W><W>ways</W><W>while</W><W>in</W><W>transit</W><W>.</W></SENTENCE><SENTENCE><W>I</W><W>found</W><W>it</W><W>enjoyable</W><W>during</W><W>the</W><W>day</W><W>as</W><W>well</W><W>as</W><W>at</W><W>night</W><W>.</W></SENTENCE></P><P></P><P><SENTENCE><W>The</W><W>beach</W><W>front</W><W>by</W><W>the</W><W>hotel</W><W>also</W><W>offers</W><W>the</W><W>best</W><W>beach</W><W>volleyball</W><W>in</W><W>Fort</W><W>Lauderdale</W><W>;</W><W>good</W><W>competition</W><C><cue ID="19" type="speculation"><W>if</W></cue></C><xcope ID="55"><ref ID="88" SRC="19"></ref><W>you</W><W>play</W></xcope><C><W>and</W></C><W>fun</W><W>to</W><W>watch</W><C><cue ID="20" type="speculation"><W>if</W></cue></C><xcope ID="54"><ref ID="89" SRC="20"></ref><W>you</W><cue ID="21" type="negation"><W>do</W><W>n&#39;t</W></cue></xcope><W>.</W></SENTENCE><SENTENCE><W>There</W><W>are</W><W>good</W><W>restaurants</W><W>a</W><W>short</W><W>walk</W><W>away</W><W>,</W><C><W>and</W></C><W>public</W><W>transportation</W><W>that</W><W>picks</W><W>you</W><W>up</W><C><W>and</W></C><W>drops</W><W>you</W><W>off</W><W>at</W><W>the</W><W>front</W><W>of</W><W>the</W><W>hotel</W><W>.</W></SENTENCE><SENTENCE><W>Cab</W><W>fare</W><W>to</W><C><W>and</W></C><W>from</W><W>the</W><W>airport</W><C><cue ID="22" type="speculation"><W>or</W></cue></C><W>Port</W><W>Everglades</W><W>was</W><W>around</W><W>$</W><W>12</W><W>including</W><W>tip</W><W>.</W></SENTENCE></P><P></P><P><SENTENCE><W>So</W><W>,</W><C><cue ID="23" type="speculation"><W>would</W></cue></C><xcope ID="56"><ref ID="90" SRC="23"></ref><W>I</W><W>come</W><W>back</W><W>here</W><W>again</W></xcope><W>?</W></SENTENCE><SENTENCE><C><cue ID="25" type="speculation"><W>Probably</W></cue></C><C><cue ID="24" type="negation"><xcope ID="57"><ref ID="91" SRC="25"></ref><W>not</W></xcope></cue></C><W>.</W></SENTENCE><SENTENCE><W>For</W><W>a</W><W>one</W><W>night</W><W>stay</W><W>,</W><W>it</W><W>&#39;s</W><C><cue ID="26" type="speculation"><W>probably</W></cue></C><xcope ID="58"><ref ID="92" SRC="26"></ref><W>fine</W></xcope><W>,</W><W>but</W><W>given</W><W>the</W><W>fact</W><W>that</W><W>the</W><xcope ID="59"><ref ID="93" SRC="27"></ref><W>Embassy</W><W>Suites</W></xcope><C><cue ID="27" type="speculation"><W>or</W></cue></C><xcope ID="60"><ref ID="94" SRC="27"></ref><W>Amerisuites</W></xcope><W>both</W><W>have</W><W>comparable</W><W>prices</W><C><W>and</W></C><W>much</W><W>better</W><W>amenities</W><W>(</W><W>though</W><C><cue ID="28" type="negation"><W>NOT</W></cue></C><xcope ID="61"><ref ID="95" SRC="28"></ref><W>on</W><W>the</W><W>beach</W></xcope><W>)</W><W>,</W><W>I</W><C><cue ID="29" type="speculation"><W>would</W></cue></C><xcope ID="64"><ref ID="98" SRC="29"></ref><W>be</W><W>inclined</W><W>to</W><W>recommend</W><W>one</W><W>of</W><W>them</W><W>for</W><W>a</W><xcope ID="63"><ref ID="97" SRC="30"></ref><W>pre</W></xcope><C><cue ID="30" type="speculation"><W>or</W></cue></C><xcope ID="62"><ref ID="96" SRC="30"></ref><W>post</W><W>cruise</W><W>stay</W></xcope></xcope><W>.</W></SENTENCE><SENTENCE><W>On</W><W>the</W><W>other</W><W>hand</W><W>,</W><C><cue ID="31" type="speculation"><W>if</W></cue></C><xcope ID="67"><ref ID="101" SRC="31"></ref><W>I</W><W>got</W><W>the</W><W>Sheraton</W><W>Yankee</W><W>Clipper</W><W>from</W><W>a</W><W>winning</W><W>Priceline</W><W>bid</W><W>of</W><xcope ID="66"><ref ID="100" SRC="32"></ref><W>$</W><W>30</W></xcope><C><cue ID="32" type="speculation"><W>or</W></cue></C><xcope ID="65"><ref ID="99" SRC="32"></ref><W>$</W><W>40</W></xcope></xcope><W>,</W><W>I</W><W>&#39;d</W><W>consider</W><W>it</W><W>a</W><W>great</W><W>deal</W><W>,</W><W>regardless</W><W>of</W><W>my</W><W>opinion</W><W>.</W></SENTENCE><SENTENCE><cue ID="33" type="negation"><W>Do</W><W>n&#39;t</W></cue><xcope ID="68"><ref COMMENTS="" ID="102" SRC="33"></ref><W>forget</W></xcope><W>,</W><W>my</W><W>employer</W><W>paid</W><W>a</W><W>lot</W><W>to</W><W>have</W><W>me</W><W>stay</W><W>here</W><W>;</W><W>under</W><W>similar</W><W>circumstances</W><W>,</W><W>I</W><W>&#39;d</W><W>recommend</W><W>going</W><W>elsewhere</W><W>.</W></SENTENCE></P><P></P><P><SENTENCE><W>Good</W><W>luck</W><W>!</W></SENTENCE></P></DOCUMENT>
