<?xml version="1.0" encoding="UTF-8"?>
<DOCUMENT><P></P><P><SENTENCE><W>I</W><W>bid</W><W>for</W><W>a</W><W>3</W><W>star</W><W>on</W><W>Priceline</W><W>in</W><W>the</W><W>Lake</W><W>Buena</W><W>Vista</W><W>area</W><W>.</W></SENTENCE><SENTENCE><W>This</W><W>property</W><W>is</W><W>located</W><W>in</W><W>Kissimmee</W><W>on</W><W>192</W><W>(</W><C><cue ID="0" type="negation"><W>NOT</W></cue></C><xcope ID="11"><ref ID="32" SRC="0"></ref><W>Lake</W><W>Buena</W><W>Vista</W></xcope><W>)</W><W>.</W></SENTENCE><SENTENCE><W>The</W><W>hotel</W><W>was</W><W>clean</W><W>,</W><W>attractive</W><W>,</W><W>pleasant</W><W>front</W><W>desk</W><W>staff</W><W>.</W></SENTENCE><SENTENCE><W>The</W><W>airconditioning</W><W>was</W><W>extremely</W><W>noisy</W><W>.</W></SENTENCE><SENTENCE><W>There</W><W>were</W><W>Bath</W><W>and</W><W>Body</W><W>Works</W><W>ammenities</W><W>in</W><W>the</W><W>guest</W><W>rooms</W><W>.</W></SENTENCE><SENTENCE><W>Unfortunately</W><W>,</W><W>I</W><C><cue ID="1" type="speculation"><W>would</W></cue></C><xcope ID="13"><ref ID="31" SRC="1"></ref><C><cue ID="2" type="negation"><W>not</W></cue></C><xcope ID="12"><ref ID="30" SRC="2"></ref><W>classify</W><W>it</W><W>as</W><W>&#34;</W><W>secure</W></xcope></xcope><W>.</W><W>&#34;</W></SENTENCE></P><P></P><P><SENTENCE><W>The</W><W>first</W><W>thing</W><W>I</W><W>found</W><W>&#34;odd</W><W>&#34;</W><W>were</W><W>the</W><W>room</W><W>doors</W><W>.</W></SENTENCE><SENTENCE><W>There</W><W>was</W><W>the</W><W>normal</W><W>latch</W><W>up</W><W>top</W><W>,</W><W>the</W><W>dead</W><W>bolt</W><C><W>and</W></C><W>an</W><W>extra</W><W>dead</W><W>bolt</W><W>?</W></SENTENCE><SENTENCE><W>That</W><C><cue ID="3" type="speculation"><W>seemed</W></cue></C><xcope ID="14"><ref ID="29" SRC="3"></ref><W>odd</W></xcope><W>.</W></SENTENCE><SENTENCE><W>Everyday</W><W>when</W><W>I</W><W>returned</W><W>to</W><W>the</W><W>hotel</W><W>,</W><W>I</W><W>found</W><W>pizza</W><W>fliers</W><W>under</W><W>my</W><W>door</W><W>(</W><W>this</W><W>is</W><W>a</W><W>scam</W><W>happening</W><W>in</W><W>the</W><W>Orlando</W><W>area</W><W>;</W><W>they</W><W>obtain</W><W>your</W><W>credit</W><W>card</W><W>#</W><W>/#</W><C><W>and</W></C><W>have</W><W>fun</W><W>with</W><W>it</W><W>;</W><W>they</W><W>attempt</W><W>to</W><W>rob</W><W>you</W><C><cue ID="4" type="speculation"><W>if</W></cue></C><xcope ID="15"><ref COMMENTS="" ID="28" SRC="4"></ref><W>you</W><W>order</W><W>a</W><W>pizza</W><C><W>and</W></C><W>they</W><W>deliver</W><W>it</W></xcope><W>...</W><W>)</W><W>.</W></SENTENCE></P><P></P><P><SENTENCE><W>Security</W><W>was</W><W>extremely</W><W>lax</W><W>.</W></SENTENCE><SENTENCE><W>I</W><W>saw</W><W>a</W><W>security</W><W>officer</W><W>once</W><W>,</W><W>on</W><W>the</W><W>morning</W><W>I</W><W>was</W><W>leaving</W><W>the</W><W>hotel</W><W>,</W><W>on</W><W>the</W><W>elevator</W><W>.</W></SENTENCE><SENTENCE><C><cue ID="5" type="speculation"><W>If</W></cue></C><xcope ID="18"><ref ID="25" SRC="5"></ref><W>you</W><W>were</W><W>coming</W><W>into</W><W>the</W><W>hotel</W><W>from</W><W>the</W><W>outside</W></xcope><W>,</W><W>you</W><C><cue ID="6" type="speculation"><W>could</W></cue></C><xcope ID="17"><ref ID="27" SRC="6"></ref><W>gain</W><W>access</W><W>from</W><W>any</W><W>door</W></xcope><C><cue ID="7" type="negation"><W>without</W></cue></C><xcope ID="16"><ref ID="26" SRC="7"></ref><W>using</W><W>a</W><W>room</W><W>key</W></xcope><W>.</W></SENTENCE></P><P></P><P><SENTENCE><W>I</W><W>was</W><W>scheduled</W><W>to</W><W>stay</W><W>for</W><W>6</W><W>nites</W><W>,</W><W>after</W><W>3</W><W>nites</W><W>,</W><W>I</W><W>left</W><W>.</W></SENTENCE><SENTENCE><W>I</W><W>was</W><W>a</W><W>female</W><W>traveling</W><W>by</W><W>myself</W><C><W>and</W></C><W>did</W><C><cue ID="8" type="negation"><W>not</W></cue></C><xcope ID="19"><ref ID="24" SRC="8"></ref><C><W>feel</W></C><W>safe</W><W>here</W></xcope><W>.</W></SENTENCE><SENTENCE><W>I</W><W>left</W><C><W>and</W></C><W>checked</W><W>into</W><W>The</W><W>Hotel</W><W>Royal</W><W>Plaza</W><W>on</W><W>Hotel</W><W>Plaza</W><W>Boulevard</W><W>where</W><W>the</W><W>Security</W><W>was</W><W>stepped</W><W>up</W><W>.</W></SENTENCE></P><P></P><P><SENTENCE><W>Although</W><W>the</W><W>property</W><W>was</W><W>clean</W><C><W>and</W></C><W>attractive</W><W>,</W><W>safety</W><W>is</W><W>paramount</W><W>.</W></SENTENCE><SENTENCE><W>I</W><C><cue ID="9" type="speculation"><W>would</W></cue></C><xcope ID="21"><ref COMMENTS="" ID="23" SRC="9"></ref><C><cue ID="10" type="negation"><W>not</W></cue></C><xcope ID="20"><ref ID="22" SRC="10"></ref><W>recommend</W><W>this</W><W>property</W><W>for</W><W>this</W><W>reason</W></xcope></xcope><W>,</W><C><W>and</W></C><W>this</W><W>reason</W><W>alone</W><W>.</W></SENTENCE></P></DOCUMENT>
