<?xml version="1.0" encoding="UTF-8"?>
<DOCUMENT><P></P><P><SENTENCE><W>The</W><W>Hyatt</W><W>Regency</W><W>in</W><W>Kauai</W><W>comes</W><W>very</W><W>close</W><W>to</W><W>being</W><W>a</W><W>top</W><W>notch</W><W>hotel</W><W>,</W><W>in</W><W>my</W><W>opinion</W><W>.</W></SENTENCE><SENTENCE><W>We</W><W>stayed</W><W>at</W><W>the</W><W>Hyatt</W><W>on</W><W>our</W><W>honeymoon</W><W>-</W><W>it</W><W>was</W><W>the</W><W>first</W><W>stop</W><W>in</W><W>a</W><W>two-week</W><W>honeymoon</W><W>that</W><W>took</W><W>us</W><W>to</W><W>3</W><W>hotels</W><W>(</W><W>Four</W><W>Seasons</W><W>in</W><W>Maui</W><C><W>and</W></C><W>Four</W><W>Seasons</W><W>in</W><W>Kona</W><W>being</W><W>the</W><W>other</W><W>two</W><W>)</W><W>.</W></SENTENCE></P><P></P><P><SENTENCE><W>Since</W><W>this</W><W>was</W><W>the</W><W>first</W><W>stop</W><W>,</W><W>we</W><W>did</W><W>n&#39;t</W><W>have</W><W>the</W><W>other</W><W>hotels</W><W>to</W><W>compare</W><W>this</W><W>one</W><W>to</W><W>.</W></SENTENCE><SENTENCE><W>That</W><W>was</W><C><cue ID="0" type="speculation"><W>probably</W></cue></C><xcope ID="28"><ref ID="58" SRC="0"></ref><W>smart</W></xcope><W>because</W><W>nothing</W><C><cue ID="1" type="speculation"><W>can</W></cue></C><xcope ID="27"><ref ID="59" SRC="1"></ref><W>compare</W><W>to</W><W>the</W><W>Four</W><W>Seasons</W></xcope><W>.</W></SENTENCE></P><P></P><P><SENTENCE><W>My</W><W>biggest</W><W>complaint</W><W>about</W><W>the</W><W>hotel</W><W>is</W><W>that</W><W>they</W><W>charge</W><W>you</W><W>a</W><W>daily</W><W>fee</W><W>for</W><W>parking</W><W>.</W></SENTENCE><SENTENCE><W>They</W><W>charge</W><W>you</W><C><cue ID="2" type="speculation"><W>whether</W></cue></C><xcope ID="31"><ref ID="61" SRC="2"></ref><W>you</W><W>choose</W><xcope ID="30"><ref ID="62" SRC="3"></ref><W>valet</W></xcope><C><cue ID="3" type="speculation"><W>or</W></cue></C><xcope ID="29"><ref ID="60" SRC="3"></ref><W>self</W><W>park</W></xcope></xcope><W>.</W></SENTENCE><SENTENCE><W>Valet</W><W>is</W><W>more</W><W>expensive</W><W>,</W><W>of</W><W>course</W><W>,</W><W>but</W><W>they</W><W>charge</W><W>for</W><W>both</W><W>.</W></SENTENCE><SENTENCE><W>I</W><W>found</W><W>this</W><W>an</W><W>unnecessary</W><W>charge</W><W>for</W><W>such</W><W>an</W><W>upscale</W><W>hotel</W><W>.</W></SENTENCE></P><P></P><P><SENTENCE><W>Okay</W><W>,</W><W>now</W><W>that</W><W>that</W><W>is</W><W>behind</W><W>us</W><W>,</W><W>let</W><W>&#39;s</W><W>talk</W><W>about</W><W>the</W><W>beauty</W><W>of</W><W>this</W><W>hotel</W><W>.</W></SENTENCE><SENTENCE><W>The</W><W>grounds</W><W>are</W><W>breathtaking</W><W>.</W></SENTENCE><SENTENCE><W>They</W><W>landscaped</W><W>it</W><W>so</W><W>that</W><W>you</W><C><W>feel</W></C><W>as</W><C><cue ID="4" type="speculation"><W>if</W></cue></C><xcope ID="32"><ref ID="63" SRC="4"></ref><W>you</W><W>are</W><W>in</W><W>a</W><W>tropical</W><W>paradise</W></xcope><W>.</W></SENTENCE><SENTENCE><W>The</W><W>best</W><W>part</W><W>of</W><W>the</W><W>grounds</W><W>is</W><W>the</W><W>lagoon</W><C><W>and</W></C><W>pools</W><W>.</W></SENTENCE><SENTENCE><W>The</W><W>pools</W><W>are</W><W>all</W><W>freshwater</W><W>.</W></SENTENCE><SENTENCE><W>We</W><W>&#39;re</W><C><cue ID="5" type="negation"><W>not</W></cue></C><xcope ID="33"><ref COMMENTS="" ID="64" SRC="5"></ref><W>talking</W><W>about</W><W>a</W><W>standard</W><W>rectangular</W><W>pool</W></xcope><W>-</W><W>the</W><W>pools</W><W>are</W><W>like</W><W>meandering</W><W>paths</W><W>that</W><W>curve</W><W>around</W><C><W>and</W></C><W>go</W><W>under</W><W>foot</W><W>bridges</W><W>,</W><W>under</W><W>rock</W><W>bridges</W><W>,</W><W>etc</W><W>.</W></SENTENCE><SENTENCE><W>The</W><W>pools</W><W>are</W><W>on</W><W>multiple</W><W>levels</W><W>with</W><W>waterfalls</W><W>between</W><W>the</W><W>levels</W><W>.</W></SENTENCE><SENTENCE><W>All</W><W>around</W><W>the</W><W>pools</W><W>are</W><W>sun</W><W>decks</W><W>with</W><W>lounge</W><W>chairs</W><W>.</W></SENTENCE><SENTENCE><C><W>And</W></C><W>then</W><W>there</W><W>is</W><W>the</W><W>lagoon</W><W>.</W></SENTENCE><SENTENCE><W>The</W><W>lagoon</W><W>is</W><W>salt</W><W>water</W><W>with</W><W>an</W><W>artificial</W><W>sand-like</W><W>bottom</W><W>.</W></SENTENCE><SENTENCE><W>I</W><W>say</W><W>sand-like</W><W>because</W><W>the</W><W>sand</W><W>pieces</W><W>are</W><W>way</W><W>too</W><W>large</W><W>to</W><W>be</W><W>natural</W><W>sand</W><W>.</W></SENTENCE><SENTENCE><W>When</W><W>I</W><W>first</W><W>saw</W><W>this</W><W>,</W><W>I</W><cue ID="6" type="speculation"><C><W>could</W></C><W>n&#39;t</W></cue><xcope ID="34"><ref COMMENTS="" ID="65" SRC="6"></ref><W>understand</W><W>why</W><W>they</W><W>used</W><W>it</W></xcope><W>but</W><W>it</W><W>became</W><C><W>apparent</W></C><W>.</W></SENTENCE><SENTENCE><W>When</W><W>walking</W><W>on</W><W>it</W><W>,</W><W>it</W><cue ID="7" type="negation"><W>does</W><W>n&#39;t</W></cue><xcope ID="35"><ref COMMENTS="" ID="66" SRC="7"></ref><W>stick</W><W>to</W><W>your</W><W>feet</W></xcope><W>!</W></SENTENCE><SENTENCE><W>The</W><W>individual</W><W>pieces</W><W>are</W><W>too</W><W>big</W><W>!</W></SENTENCE><SENTENCE><W>How</W><W>clever</W><W>.</W></SENTENCE><SENTENCE><W>Swimming</W><W>in</W><W>the</W><W>lagoon</W><W>was</W><W>more</W><W>fun</W><W>than</W><W>the</W><W>pools</W><W>,</W><W>in</W><W>my</W><W>opinion</W><W>,</W><W>because</W><W>it</W><W>felt</W><W>more</W><W>like</W><W>swimming</W><W>in</W><W>a</W><W>natural</W><W>setting</W><W>.</W></SENTENCE><SENTENCE><W>The</W><W>deep</W><W>end</W><W>of</W><W>the</W><W>lagoon</W><W>is</W><W>also</W><W>used</W><W>for</W><W>scuba</W><W>diving</W><W>classes</W><W>.</W></SENTENCE></P><P></P><P><SENTENCE><W>The</W><W>room</W><W>.</W></SENTENCE><SENTENCE><W>We</W><W>had</W><W>a</W><W>large</W><W>room</W><W>with</W><W>a</W><W>balcony</W><W>that</W><W>contained</W><W>a</W><W>king</W><W>bed</W><C><W>and</W></C><W>a</W><W>full</W><W>bed</W><W>.</W></SENTENCE><SENTENCE><W>I</W><W>&#39;m</W><cue ID="38" type="speculation"><C><W>not</W></C><W>sure</W></cue><xcope ID="43"><ref COMMENTS="" ID="72" SRC="38"></ref><xcope ID="42"><ref COMMENTS="" ID="71" SRC="10"></ref><C><cue ID="9" type="speculation"><W>if</W></cue></C><xcope ID="39"><ref COMMENTS="" ID="69" SRC="9"></ref><W>we</W><W>were</W><W>upgraded</W></xcope><W>because</W><W>it</W><W>was</W><W>our</W><W>honeymoon</W></xcope><C><cue ID="10" type="speculation"><W>or</W></cue></C><xcope ID="41"><ref COMMENTS="" ID="68" SRC="10"></ref><C><cue ID="11" type="speculation"><W>if</W></cue></C><xcope ID="40"><ref COMMENTS="" ID="67" SRC="11"></ref><W>because</W><W>they</W><W>were</W><W>only</W><W>at</W><W>40</W><W>%</W><W>occupancy</W><W>at</W><W>the</W><W>time</W></xcope></xcope></xcope><W>but</W><W>who</W><W>cares</W><W>.</W></SENTENCE><SENTENCE><W>I</W><W>have</W><W>two</W><W>minor</W><W>complaints</W><W>about</W><W>the</W><W>room</W><W>-</W><W>the</W><W>very</W><W>small</W><W>TV</W><W>-</W><W>I</W><cue ID="12" type="negation"><W>do</W><W>n&#39;t</W></cue><xcope ID="37"><ref COMMENTS="" ID="73" SRC="12"></ref><W>know</W><W>the</W><W>exact</W><W>dimensions</W><W>of</W><W>it</W></xcope><W>but</W><W>it</W><W>was</W><W>definitely</W><W>smaller</W><W>than</W><W>a</W><W>20</W><W>inch</W><W>.</W></SENTENCE><SENTENCE><W>The</W><W>other</W><W>complaint</W><W>was</W><W>the</W><W>bathroom</W><W>.</W></SENTENCE><SENTENCE><W>I</W><W>guess</W><W>I</W><W>am</W><W>spoiled</W><W>thinking</W><W>back</W><W>to</W><W>the</W><W>Four</W><W>Seasons</W><W>bathroom</W><C><W>and</W></C><W>I</W><W>guess</W><W>it</W><W>is</W><W>unfair</W><W>to</W><W>compare</W><W>them</W><W>because</W><W>the</W><W>Hyatt</W><W>bathroom</W><W>was</W><W>completely</W><W>adequate</W><W>-</W><W>just</W><C><cue ID="13" type="negation"><W>not</W></cue></C><xcope ID="36"><ref COMMENTS="" ID="74" SRC="13"></ref><W>up</W><W>to</W><W>par</W><W>with</W><W>the</W><W>Four</W><W>Seasons</W></xcope><W>.</W></SENTENCE></P><P></P><P><SENTENCE><W>Our</W><W>package</W><W>at</W><W>the</W><W>Hyatt</W><W>included</W><W>free</W><W>continental</W><W>breakfast</W><W>every</W><W>morning</W><W>.</W></SENTENCE><SENTENCE><W>This</W><W>is</W><W>key</W><W>.</W></SENTENCE><SENTENCE><W>To</W><W>pay</W><W>for</W><W>a</W><W>full</W><W>breakfast</W><W>at</W><W>these</W><W>hotels</W><W>will</W><W>set</W><W>you</W><W>back</W><W>a</W><W>hefty</W><W>sum</W><W>so</W><W>the</W><W>free</W><W>all-you-can-eat</W><W>setup</W><W>was</W><W>a</W><W>definite</W><W>plus</W><W>.</W></SENTENCE><SENTENCE><W>We</W><W>ate</W><W>in</W><W>an</W><W>open</W><W>air</W><W>setting</W><W>adjacent</W><W>to</W><W>a</W><W>small</W><W>pond</W><W>with</W><W>swans</W><W>.</W></SENTENCE><SENTENCE><W>Perfect</W><W>.</W></SENTENCE></P><P></P><P><SENTENCE><W>The</W><W>main</W><W>lobby</W><W>of</W><W>the</W><W>hotel</W><W>is</W><W>beautiful</W><W>-</W><W>kind</W><W>of</W><W>indoors</W><C><W>and</W></C><W>kind</W><W>of</W><W>outdoors</W><W>.</W></SENTENCE><SENTENCE><W>Actually</W><W>,</W><W>the</W><W>entire</W><W>hotel</W><W>is</W><W>kind</W><W>of</W><W>indoors</W><C><W>and</W></C><W>kind</W><W>of</W><W>outdoors</W><W>.</W></SENTENCE><SENTENCE><W>There</W><W>will</W><W>be</W><W>a</W><W>room</W><W>with</W><W>an</W><W>entire</W><W>wall</W><W>that</W><W>just</W><W>is</W><W>n&#39;t</W><W>there</W><W>.</W></SENTENCE><SENTENCE><W>A</W><W>bit</W><W>hard</W><W>to</W><W>describe</W><W>but</W><W>you</W><W>&#39;ll</W><W>know</W><W>what</W><W>I</W><W>mean</W><W>when</W><W>you</W><W>see</W><W>it</W><W>.</W></SENTENCE><SENTENCE><W>Makes</W><W>you</W><W>wonder</W><W>what</W><W>they</W><W>do</W><W>in</W><W>bad</W><W>weather</W><W>.</W></SENTENCE></P><P></P><P><SENTENCE><W>Although</W><W>the</W><W>hotel</W><W>is</W><W>situated</W><W>adjacent</W><W>to</W><W>a</W><W>beach</W><W>,</W><W>the</W><W>beach</W><W>is</W><C><cue ID="14" type="negation"><W>not</W></cue></C><xcope ID="44"><ref COMMENTS="" ID="75" SRC="14"></ref><W>among</W><W>the</W><W>best</W><W>I</W><W>&#39;ve</W><W>seen</W></xcope><W>.</W></SENTENCE><SENTENCE><W>First</W><W>of</W><W>all</W><W>,</W><W>the</W><W>water</W><W>is</W><W>way</W><W>too</W><W>rough</W><W>in</W><W>this</W><W>part</W><W>of</W><W>Kauai</W><W>to</W><W>swim</W><W>in</W><W>.</W></SENTENCE><SENTENCE><W>The</W><W>beach</W><W>itself</W><W>was</W><W>a</W><W>big</W><W>narrow</W><C><W>and</W></C><C><cue ID="15" type="negation"><W>not</W></cue></C><xcope ID="46"><ref COMMENTS="" ID="77" SRC="15"></ref><W>the</W><W>clean</W><W>white</W><W>sand</W><W>you</W><C><cue ID="16" type="speculation"><W>think</W></cue></C><xcope ID="45"><ref COMMENTS="" ID="76" SRC="16"></ref><W>of</W><W>when</W><W>thinking</W><W>of</W><W>Hawaii</W></xcope></xcope><W>.</W></SENTENCE><SENTENCE><W>Also</W><W>,</W><W>the</W><W>hotel</W><W>is</W><W>on</W><W>the</W><W>southeast</W><W>side</W><W>of</W><W>the</W><W>island</W><W>so</W><W>there</W><W>were</W><C><cue ID="17" type="negation"><W>no</W></cue></C><xcope ID="47"><ref COMMENTS="" ID="78" SRC="17"></ref><W>sunsets</W><W>over</W><W>the</W><W>water</W></xcope><W>.</W></SENTENCE><SENTENCE><W>We</W><W>did</W><W>see</W><W>some</W><W>very</W><W>nice</W><W>rainbows</W><W>though</W><W>!</W></SENTENCE></P><P></P><P><SENTENCE><W>We</W><W>ate</W><W>in</W><W>all</W><W>the</W><W>restaurants</W><W>at</W><W>the</W><W>hotel</W><W>at</W><W>least</W><W>once</W><W>.</W></SENTENCE><SENTENCE><W>All</W><W>excellent</W><C><W>and</W></C><W>exactly</W><W>what</W><W>you</W><W>&#39;d</W><C><W>expect</W></C><W>at</W><W>an</W><W>expensive</W><W>hotel</W><W>.</W></SENTENCE><SENTENCE><W>The</W><W>cost</W><W>of</W><W>dinner</W><W>for</W><W>two</W><C><cue ID="18" type="speculation"><W>can</W></cue></C><xcope ID="50"><ref COMMENTS="" ID="79" SRC="18"></ref><W>easily</W><W>exceed</W><W>$</W><W>100</W><W>with</W><W>wine</W></xcope><W>,</W><W>etc</W><W>.</W><W>so</W><W>be</W><W>careful</W><W>.</W></SENTENCE></P><P></P><P><SENTENCE><W>I</W><C><cue ID="19" type="speculation"><W>would</W></cue></C><xcope ID="49"><ref COMMENTS="" ID="81" SRC="19"></ref><W>have</W><W>liked</W><W>a</W><W>complimentary</W><W>newspaper</W><W>each</W><W>morning</W></xcope><W>but</W><W>that</W><C><cue ID="20" type="speculation"><W>would</W></cue></C><xcope ID="48"><ref COMMENTS="" ID="80" SRC="20"></ref><W>have</W><W>cost</W><W>extra</W></xcope><W>...</W></SENTENCE></P><P></P><P><SENTENCE><C><cue ID="21" type="speculation"><W>If</W></cue></C><xcope ID="52"><ref COMMENTS="" ID="83" SRC="21"></ref><W>you</W><W>are</W><W>into</W><W>spas</W></xcope><W>,</W><W>I</W><W>&#39;m</W><W>told</W><W>the</W><W>Hyatt</W><W>&#39;s</W><W>is</W><W>above</W><W>average</W><W>in</W><W>quality</W><C><W>and</W></C><W>in</W><W>price</W><W>.</W></SENTENCE><SENTENCE><C><cue ID="22" type="negation"><W>Not</W></cue></C><xcope ID="51"><ref COMMENTS="" ID="82" SRC="22"></ref><W>too</W><W>surprising</W></xcope><W>-</W><W>that</W><W>is</W><W>a</W><W>recurring</W><W>theme</W><W>at</W><W>this</W><W>hotel</W><W>.</W></SENTENCE><SENTENCE><W>I</W><W>did</W><W>n&#39;t</W><W>go</W><W>to</W><W>the</W><W>spa</W><W>myself</W><W>so</W><W>I</W><C><cue ID="23" type="negation"><W>cannot</W></cue></C><xcope ID="53"><ref COMMENTS="" ID="84" SRC="23"></ref><W>comment</W><W>on</W><W>it</W></xcope><W>.</W></SENTENCE></P><P></P><P><SENTENCE><W>On</W><W>the</W><W>one</W><W>rainy</W><W>day</W><W>we</W><W>experienced</W><W>,</W><W>we</W><W>asked</W><W>the</W><W>concierge</W><W>what</W><W>there</W><W>is</W><W>to</W><W>do</W><W>when</W><W>it</W><W>rains</W><W>.</W></SENTENCE><SENTENCE><W>We</W><W>were</W><W>told</W><W>to</W><xcope ID="57"><ref COMMENTS="" ID="85" SRC="25"></ref><W>go</W><W>to</W><W>the</W><W>movies</W></xcope><C><cue ID="25" type="speculation"><W>or</W></cue></C><xcope ID="56"><ref COMMENTS="" ID="86" SRC="25"></ref><W>to</W><W>go</W><W>bowling</W></xcope><W>.</W></SENTENCE><SENTENCE><W>I</W><W>did</W><C><cue ID="24" type="negation"><W>not</W></cue></C><xcope ID="55"><ref COMMENTS="" ID="87" SRC="24"></ref><W>go</W><W>all</W><W>the</W><W>way</W><W>to</W><W>Hawaii</W><W>to</W><W>do</W><C><cue ID="26" type="speculation"><W>either</W></cue></C><xcope ID="54"><ref COMMENTS="" ID="88" SRC="26"></ref><W>of</W><W>those</W></xcope></xcope><W>.</W></SENTENCE><SENTENCE><W>We</W><W>were</W><W>on</W><W>our</W><W>honeymoon</W><W>so</W><W>we</W><W>did</W><W>n&#39;t</W><W>really</W><W>care</W><W>about</W><W>being</W><W>stuck</W><W>in</W><W>our</W><W>room</W><W>while</W><W>it</W><W>rained</W><W>.</W></SENTENCE><SENTENCE><W>:-)</W></SENTENCE></P></DOCUMENT>
