<?xml version="1.0" encoding="UTF-8"?>
<DOCUMENT><P></P><P><SENTENCE><W>Right</W><W>next</W><W>to</W><W>the</W><W>Yacht</W><W>Club</W><W>at</W><W>Walt</W><W>Disney</W><W>World</W><W>is</W><W>the</W><W>Beach</W><W>Club</W><W>Resort</W><W>.</W></SENTENCE><SENTENCE><W>Although</W><W>many</W><C><cue ID="0" type="speculation"><W>think</W></cue></C><xcope ID="35"><ref ID="44" SRC="0"></ref><W>the</W><W>two</W><W>hotels</W><W>are</W><W>identical</W></xcope><W>,</W><W>they</W><W>are</W><W>in</W><W>fact</W><W>,</W><W>very</W><W>different</W><W>.</W></SENTENCE><SENTENCE><C><cue ID="1" type="speculation"><W>If</W></cue></C><xcope ID="36"><ref ID="45" SRC="1"></ref><W>you</W><W>read</W><W>my</W><W>Yacht</W><W>Club</W><W>review</W></xcope><W>,</W><W>you</W><W>know</W><W>that</W><W>I</W><W>love</W><W>staying</W><W>at</W><W>that</W><W>resort</W><W>.</W></SENTENCE><SENTENCE><W>However</W><W>,</W><W>I</W><W>have</W><W>also</W><W>stayed</W><W>at</W><W>the</W><W>Beach</W><W>Club</W><W>a</W><W>few</W><W>times</W><C><W>and</W></C><W>have</W><W>enjoyed</W><W>my</W><W>stay</W><W>here</W><W>as</W><W>much</W><W>as</W><W>on</W><W>the</W><W>other</W><W>side</W><W>!</W></SENTENCE></P><P></P><P><SENTENCE><W>Location</W><W>:</W><W>The</W><W>Beach</W><W>Club</W><W>resort</W><W>is</W><W>right</W><W>in</W><W>the</W><W>middle</W><W>of</W><W>EPCOT</W><C><W>and</W></C><W>MGM</W><W>Studios</W><W>.</W></SENTENCE><SENTENCE><W>It</W><W>&#39;s</W><W>actually</W><W>walking</W><W>distance</W><W>to</W><W>both</W><W>theme</W><W>parks</W><W>.</W></SENTENCE><SENTENCE><W>This</W><C><cue ID="2" type="speculation"><W>can</W></cue></C><xcope ID="38"><ref ID="47" SRC="2"></ref><W>be</W><W>really</W><W>convenient</W></xcope><W>because</W><C><cue ID="3" type="speculation"><W>if</W></cue></C><xcope ID="37"><ref ID="46" SRC="3"></ref><W>you</W><W>go</W><W>out</W><W>to</W><W>the</W><W>front</W><W>of</W><W>the</W><W>resort</W><W>where</W><W>the</W><W>Disney</W><W>busses</W><W>pick</W><W>you</W><W>up</W></xcope><W>(</W><W>free</W><W>transportation</W><W>to</W><W>anywhere</W><W>on</W><W>Disney</W><W>property</W><W>)</W><W>,</W><C><W>and</W></C><W>it</W><C><cue ID="4" type="speculation"><W>seems</W></cue></C><xcope ID="39"><ref ID="48" SRC="4"></ref><W>crowded</W></xcope><W>,</W><W>you</W><C><cue ID="5" type="speculation"><W>can</W></cue></C><xcope ID="43"><ref COMMENTS="" ID="52" SRC="5"></ref><C><cue ID="6" type="speculation"><W>either</W></cue></C><xcope ID="42"><ref COMMENTS="" ID="51" SRC="6"></ref><W>take</W><W>a</W><xcope ID="41"><ref ID="50" SRC="7"></ref><W>left</W></xcope><C><cue ID="7" type="speculation"><W>or</W></cue></C><xcope ID="40"><ref ID="49" SRC="7"></ref><W>right</W></xcope></xcope></xcope><W>(</W><W>depending</W><W>on</W><W>which</W><W>park</W><W>you</W><W>are</W><W>heading</W><W>to</W><W>)</W><C><W>and</W></C><W>take</W><W>a</W><W>scenic</W><W>walk</W><W>to</W><W>the</W><W>gates</W><W>.</W></SENTENCE><SENTENCE><W>The</W><W>Beach</W><W>Club</W><W>is</W><W>also</W><W>within</W><W>a</W><W>few</W><W>minutes</W><W>of</W><W>almost</W><W>all</W><W>other</W><W>places</W><W>on</W><W>property</W><W>,</W><W>including</W><W>Disney</W><W>Village</W><W>,</W><W>Typhoon</W><W>Lagoon</W><W>,</W><W>Fantasia</W><W>Golf</W><W>,</W><C><W>and</W></C><W>the</W><W>Boardwalk</W><W>.</W></SENTENCE></P><P></P><P><SENTENCE><W>The</W><W>Rooms</W><W>:</W><W>With</W><W>583</W><W>guest</W><W>rooms</W><W>,</W><W>there</W><W>are</W><W>4</W><W>different</W><W>types</W><W>of</W><W>rooms</W><W>to</W><W>choose</W><W>from</W><W>:</W></SENTENCE></P><P></P><P><SENTENCE><W>-Standard</W><W>View/King</W><W>Bed</W><W>-</W><W>view</W><W>of</W><W>the</W><xcope ID="54"><ref COMMENTS="" ID="60" SRC="8"></ref><W>garden</W></xcope><C><cue ID="8" type="speculation"><W>or</W></cue></C><xcope ID="53"><ref ID="59" SRC="8"></ref><W>parking</W><W>lot</W></xcope><W>,</W><W>bed</W><W>folds</W><W>out</W><W>from</W><W>wall</W><W>.</W></SENTENCE></P><P></P><P><SENTENCE><W>-Standard</W><W>View/2</W><W>Queens/Kings</W><W>-</W><W>view</W><W>of</W><W>garden</W><W>of</W><W>parking</W><W>lot</W><W>.</W></SENTENCE></P><P></P><P><SENTENCE><W>-Water</W><W>,</W><W>Pool</W><W>View/2</W><W>Queens/Kings</W><W>-</W><W>view</W><W>of</W><xcope ID="56"><ref ID="62" SRC="9"></ref><W>pool</W></xcope><C><cue ID="9" type="speculation"><W>or</W></cue></C><xcope ID="55"><ref ID="61" SRC="9"></ref><W>lake</W></xcope><W>.</W></SENTENCE></P><P></P><P><SENTENCE><W>-Standard</W><W>View/Deluxe</W><W>Room</W><W></W><W>view</W><W>of</W><W>a</W><W>garden</W><W>,</W><xcope ID="58"><ref ID="64" SRC="10"></ref><W>woodland</W></xcope><C><cue ID="10" type="speculation"><W>or</W></cue></C><xcope ID="57"><ref ID="63" SRC="10"></ref><W>parking</W><W>area</W></xcope></SENTENCE></P><P></P><P><SENTENCE><W>I</W><W>&#39;ve</W><W>stayed</W><W>in</W><W>two</W><W>different</W><W>rooms</W><W>at</W><W>the</W><W>Beach</W><W>Club</W><W>.</W></SENTENCE><SENTENCE><W>One</W><W>was</W><W>a</W><W>standard</W><W>room</W><W>with</W><W>a</W><W>&#34;view</W><W>&#34;</W><W>of</W><W>the</W><W>parking</W><W>lot</W><W>.</W></SENTENCE><SENTENCE><W>The</W><W>second</W><W>was</W><W>a</W><W>suite</W><W>,</W><W>which</W><W>also</W><W>had</W><W>a</W><W>view</W><W>of</W><W>the</W><W>parking</W><W>lot</W><W>.</W></SENTENCE><SENTENCE><W>Both</W><W>rooms</W><W>were</W><W>very</W><W>alike</W><W>,</W><C><W>except</W></C><W>that</W><W>the</W><W>suite</W><W>was</W><W>bigger</W><C><W>and</W></C><W>had</W><W>a</W><W>smaller</W><W>balcony</W><W>.</W></SENTENCE><SENTENCE><W>Both</W><W>of</W><W>the</W><W>rooms</W><W>had</W><W>2</W><W>Queen</W><W>size</W><W>beds</W><W>which</W><W>were</W><W>pretty</W><W>comfortable</W><C><W>and</W></C><W>a</W><W>television</W><W>facing</W><W>the</W><W>beds</W><W>.</W></SENTENCE><SENTENCE><W>There</W><W>was</W><W>a</W><W>futon</W><W>in</W><W>the</W><W>rooms</W><W>as</W><W>well</W><W>,</W><W>which</W><W>was</W><W>nice</W><W>because</W><W>we</W><W>travel</W><W>with</W><W>5</W><W>people</W><C><W>and</W></C><W>that</W><W>gives</W><W>the</W><W>fifth</W><W>person</W><W>a</W><W>place</W><W>to</W><W>sleep</W><W>!</W></SENTENCE><SENTENCE><W>A</W><W>Table</W><C><W>and</W></C><W>chairs</W><W>were</W><W>in</W><W>the</W><W>corner</W><W>of</W><W>the</W><W>room</W><W>.</W></SENTENCE><SENTENCE><W>Next</W><W>to</W><W>the</W><W>closet</W><W>,</W><W>there</W><W>was</W><W>a</W><W>dresser</W><C><W>and</W></C><W>across</W><W>from</W><W>the</W><W>closet</W><W>is</W><W>the</W><W>bathroom</W><W>area</W><W>.</W></SENTENCE><SENTENCE><W>Two</W><W>sinks</W><W>were</W><W>right</W><W>outside</W><W>of</W><W>the</W><W>bathroom</W><C><W>and</W></C><W>the</W><W>shower</W><C><W>and</W></C><W>toilet</W><W>were</W><W>on</W><W>the</W><W>inside</W><W>.</W></SENTENCE><SENTENCE><W>It</W><W>was</W><W>funny</W><W>to</W><W>find</W><W>a</W><W>telephone</W><C><W>and</W></C><W>television</W><W>speakers</W><W>inside</W><W>of</W><W>the</W><W>bathroom</W><W>too</W><W>!</W></SENTENCE><SENTENCE><W>But</W><W>,</W><W>of</W><W>course</W><W>,</W><W>it</W><W>was</W><W>nice</W><W>to</W><W>listen</W><W>to</W><W>the</W><W>news</W><W>while</W><W>you</W><W>&#39;re</W><W>taking</W><W>a</W><W>shower</W><W>!</W></SENTENCE><SENTENCE><W>Every</W><W>morning</W><W>at</W><W>the</W><W>Beach</W><W>Club</W><W>,</W><W>a</W><W>paper</W><W>is</W><W>delivered</W><W>right</W><W>outside</W><W>your</W><W>door</W><W>.</W></SENTENCE></P><P></P><P><SENTENCE><W>The</W><W>Atmosphere</W><W>:</W><W>The</W><W>Beach</W><W>Club</W><W>is</W><W>just</W><W>beautiful</W><W>!</W></SENTENCE><SENTENCE><W>On</W><W>both</W><W>sides</W><W>of</W><W>the</W><W>lobby</W><W>,</W><W>there</W><W>are</W><W>cushioned</W><W>seats</W><W>around</W><W>beautiful</W><W>flowers</W><W>.</W></SENTENCE><SENTENCE><C><cue ID="11" type="speculation"><W>If</W></cue></C><xcope ID="68"><ref COMMENTS="" ID="74" SRC="11"></ref><W>you</W><C><W>feel</W></C><W>like</W><W>relaxing</W><W>indoors</W></xcope><W>,</W><W>you</W><C><cue ID="12" type="speculation"><W>can</W></cue></C><xcope ID="67"><ref COMMENTS="" ID="77" SRC="12"></ref><W>sit</W><W>down</W><W>in</W><W>one</W><W>of</W><W>the</W><W>comfortable</W><xcope ID="66"><ref ID="76" SRC="13"></ref><W>chairs</W></xcope><C><cue ID="13" type="speculation"><W>or</W></cue></C><xcope ID="65"><ref ID="75" SRC="13"></ref><W>couches</W></xcope><W>in</W><W>the</W><W>lobby</W></xcope><W>.</W></SENTENCE><SENTENCE><W>When</W><W>you</W><W>go</W><W>outside</W><W>,</W><W>you</W><W>will</W><W>find</W><W>rocking</W><W>chairs</W><C><W>and</W></C><W>some</W><W>beautiful</W><W>topiary</W><W>pieces</W><W>.</W></SENTENCE><SENTENCE><W>The</W><W>last</W><W>time</W><W>I</W><W>was</W><W>there</W><W>,</W><W>there</W><W>was</W><W>a</W><W>huge</W><W>butterfly</W><W>as</W><W>soon</W><W>as</W><W>you</W><W>walk</W><W>out</W><W>of</W><W>the</W><W>lobby</W><W>.</W></SENTENCE><SENTENCE><W>Just</W><W>across</W><W>the</W><W>Boardwalk</W><W>is</W><W>the</W><W>beach</W><C><W>and</W></C><W>the</W><W>lagoon</W><W>,</W><W>where</W><W>you</W><C><cue ID="14" type="speculation"><W>can</W></cue></C><xcope ID="69"><ref ID="78" SRC="14"></ref><W>sit</W><W>on</W><W>a</W><W>swing</W><C><W>and</W></C><W>enjoy</W><W>the</W><W>beautiful</W><W>day</W><W>.</W></xcope></SENTENCE></P><P></P><P><SENTENCE><W>The</W><W>Pool</W><W>:</W><W>Known</W><W>as</W><W>the</W><W>most</W><W>popular</W><W>pool</W><W>on</W><W>Disney</W><W>property</W><W>,</W><W>The</W><W>Beach</W><W>Club</W><W>&#39;s</W><W>pool</W><W>is</W><W>just</W><W>GREAT</W><W>!</W></SENTENCE><SENTENCE><W>The</W><W>pool</W><W>is</W><W>shared</W><W>with</W><W>the</W><W>Yacht</W><W>Club</W><W>,</W><W>which</W><W>is</W><W>adjacent</W><W>to</W><W>the</W><W>Beach</W><W>Club</W><W>.</W></SENTENCE><SENTENCE><W>There</W><W>are</W><W>actually</W><W>3</W><W>different</W><W>pools</W><W>in</W><W>this</W><W>area</W><C><W>and</W></C><W>they</W><W>are</W><W>all</W><W>different</W><W>so</W><W>everyone</W><C><cue ID="15" type="speculation"><W>can</W></cue></C><xcope ID="70"><ref ID="79" SRC="15"></ref><W>enjoy</W><W>them</W></xcope><W>!</W><W>.</W></SENTENCE><SENTENCE><W>The</W><W>first</W><W>pool</W><W>that</W><W>you</W><W>see</W><W>when</W><W>you</W><W>walk</W><W>out</W><W>of</W><W>the</W><W>Beach</W><W>is</W><W>Stormalong</W><W>Bay</W><W>.</W></SENTENCE><SENTENCE><W>A</W><W>huge</W><W>water</W><W>slide</W><W>emties</W><W>into</W><W>the</W><W>pool</W><W>whose</W><W>entrance</W><W>is</W><W>right</W><W>across</W><W>the</W><W>Boardwalk</W><W>.</W></SENTENCE><SENTENCE><W>But</W><W>Stormalong</W><W>Bay</W><W>does</W><W>n&#39;t</W><W>only</W><W>have</W><W>a</W><W>water</W><W>slide</W><W>!</W></SENTENCE><SENTENCE><W>It</W><W>also</W><W>has</W><W>a</W><W>whirlpool</W><W>,</W><W>&#34;quicksand</W><W>&#34;</W><C><W>and</W></C><W>one</W><W>spot</W><W>where</W><W>you</W><C><cue ID="16" type="speculation"><W>can</W></cue></C><xcope ID="71"><ref ID="80" SRC="16"></ref><W>swim</W><W>into</W><W>a</W><W>huge</W><W>pool</W><W>of</W><W>bubbles</W></xcope><W>.</W></SENTENCE><SENTENCE><C><cue ID="17" type="speculation"><W>If</W></cue></C><xcope ID="72"><ref ID="81" SRC="17"></ref><W>you</W><W>cross</W><W>over</W><W>to</W><W>the</W><W>next</W><W>pool</W></xcope><W>,</W><W>you</W><W>will</W><C><W>feel</W></C><W>the</W><W>current</W><W>pull</W><W>you</W><W>along</W><W>.</W></SENTENCE><SENTENCE><W>This</W><W>is</W><W>a</W><W>lazy</W><W>river</W><W>pool</W><W>.</W></SENTENCE><SENTENCE><W>The</W><W>next</W><W>pool</W><W>is</W><W>a</W><W>children</W><W>&#39;s</W><W>pool</W><W>,</W><W>where</W><W>the</W><W>water</W><W>is</W><W>shallow</W><C><W>and</W></C><W>the</W><W>kids</W><C><cue ID="18" type="speculation"><W>can</W></cue></C><xcope ID="73"><ref ID="82" SRC="18"></ref><W>build</W><W>sandcastle</W><W>&#39;s</W><W>on</W><W>the</W><W>sandy</W><W>beach</W><W>area</W></xcope><W>.</W></SENTENCE><SENTENCE><W>These</W><W>pools</W><W>are</W><W>so</W><W>different</W><W>from</W><W>all</W><W>the</W><W>other</W><W>pools</W><W>on</W><W>property</W><W>because</W><W>there</W><W>is</W><W>sand</W><W>on</W><W>the</W><W>bottom</W><W>of</W><W>them</W><W>!</W></SENTENCE><SENTENCE><W>Hot</W><W>tubs</W><W>are</W><W>located</W><W>in</W><W>the</W><W>middle</W><W>of</W><W>Beaches</W><C><W>and</W></C><W>Cream</W><C><W>and</W></C><W>Stormalong</W><W>bay</W><W>.</W></SENTENCE><SENTENCE><W>There</W><W>are</W><W>a</W><W>couple</W><W>quiet</W><W>pools</W><W>that</W><W>you</W><C><cue ID="19" type="speculation"><W>can</W></cue></C><xcope ID="83"><ref ID="88" SRC="19"></ref><W>also</W><W>go</W><W>to</W></xcope><W>,</W><W>which</W><W>are</W><W>open</W><W>really</W><W>late</W><W>at</W><W>night</W><W>.</W></SENTENCE></P><P></P><P><SENTENCE><W>The</W><W>Food</W><W>:</W><C><cue ID="20" type="speculation"><W>Whether</W></cue></C><xcope ID="86"><ref ID="91" SRC="20"></ref><W>you</W><W>&#39;re</W><W>looking</W><W>for</W><W>a</W><xcope ID="85"><ref ID="90" SRC="21"></ref><W>quick</W><W>snack</W></xcope><C><cue ID="21" type="speculation"><W>or</W></cue></C><W>a</W><xcope ID="84"><ref ID="89" SRC="21"></ref><W>sit-down</W><W>dinner</W></xcope></xcope><W>,</W><W>the</W><W>Beach</W><W>Club</W><W>has</W><W>it</W><W>all</W><W>.</W></SENTENCE><SENTENCE><W>Out</W><W>by</W><W>the</W><W>pool</W><W>is</W><W>Hurricane</W><W>Hanna</W><W>&#39;s</W><W>where</W><W>you</W><C><cue ID="22" type="speculation"><W>can</W></cue></C><xcope ID="87"><ref ID="92" SRC="22"></ref><W>get</W><W>alcoholic</W><W>beverages</W></xcope><W>,</W><W>hamburgers</W><W>,</W><W>hotdogs</W><W>,</W><W>chicken</W><W>fingers</W><C><W>and</W></C><W>cookies</W><W>.</W></SENTENCE><SENTENCE><W>Poolside</W><W>beverage</W><W>service</W><W>is</W><W>available</W><W>all</W><W>day</W><W>from</W><W>Hurricane</W><W>Hanna</W><W>&#39;s</W><W>.</W></SENTENCE><SENTENCE><W>Beaches</W><W>and</W><W>Cream</W><W>Soda</W><W>Shop</W><W>is</W><W>just</W><W>a</W><W>couple</W><W>minutes</W><W>away</W><W>.</W></SENTENCE><SENTENCE><W>This</W><W>restaurant</W><W>is</W><W>great</W><W>because</W><W>it</W><W>looks</W><W>like</W><W>an</W><W>old</W><W>soda</W><W>fountain</W><W>shop</W><W>.</W></SENTENCE><SENTENCE><W>Here</W><W>,</W><xcope ID="97"><ref ID="106" SRC="24"></ref><W>they</W><W>offer</W><W>meals</W><W>,</W><W>like</W><W>turkey</W><W>club</W><xcope ID="93"><ref ID="104" SRC="23"></ref><W>sandwiches</W></xcope><C><cue ID="23" type="speculation"><W>or</W></cue></C><xcope ID="94"><ref COMMENTS="" ID="105" SRC="23"></ref><W>hamburgers</W></xcope></xcope><C><cue ID="24" type="speculation"><W>or</W></cue></C><xcope ID="96"><ref COMMENTS="" ID="108" SRC="24"></ref><W>you</W><C><cue ID="25" type="speculation"><W>can</W></cue></C><xcope ID="95"><ref ID="107" SRC="25"></ref><W>just</W><W>order</W><W>some</W><W>ice</W><W>cream</W><W>to</W><W>go</W></xcope></xcope><W>.</W></SENTENCE><SENTENCE><C><cue ID="26" type="speculation"><W>If</W></cue></C><xcope ID="98"><ref ID="109" SRC="26"></ref><W>you</W><W>are</W><W>looking</W><W>for</W><W>a</W><W>full-service</W><W>restaurant</W></xcope><W>,</W><W>then</W><W>you</W><C><cue ID="27" type="speculation"><W>should</W></cue></C><xcope ID="99"><ref ID="110" SRC="27"></ref><W>try</W><W>the</W><W>Cape</W><C><W>May</W></C><W>Café</W></xcope><W>.</W></SENTENCE><SENTENCE><W>Every</W><W>morning</W><W>,</W><W>the</W><W>buffet</W><W>restaurant</W><W>has</W><W>a</W><W>Character</W><W>breakfast</W><W>with</W><W>Goofy</W><W>,</W><W>Chip</W><C><W>and</W></C><W>Dale</W><W>,</W><C><W>and</W></C><W>Minnie</W><W>Mouse</W><W>.</W></SENTENCE><SENTENCE><W>Every</W><W>night</W><W>,</W><W>an</W><W>indoor</W><W>clambake</W><W>buffet</W><W>offers</W><W>clams</W><W>,</W><W>mussels</W><W>,</W><W>beef-ribs</W><W>,</W><W>chicken</W><C><W>and</W></C><W>some</W><W>great</W><W>desserts</W><W>!</W></SENTENCE><SENTENCE><W>Marthas</W><W>Vineyard</W><W>is</W><W>located</W><W>inside</W><C><W>and</W></C><W>has</W><W>a</W><W>different</W><W>selections</W><W>from</W><W>different</W><W>vineyards</W><W>.</W></SENTENCE><SENTENCE><W>The</W><W>Rip</W><W>Tide</W><W>is</W><W>a</W><W>lobby</W><W>lounge</W><W>that</W><W>has</W><W>wines</W><W>,</W><W>wine</W><W>coolers</W><W>,</W><W>beers</W><W>,</W><W>cocktails</W><W>,</W><C><W>and</W></C><W>frozen</W><W>drinks</W><W>.</W></SENTENCE><SENTENCE><W>The</W><W>only</W><W>thing</W><W>I</W><W>do</W><W>n&#39;t</W><W>like</W><W>about</W><W>the</W><W>Beach</W><W>Club</W><W>&#39;s</W><W>food</W><W>is</W><W>that</W><W>there</W><W>is</W><W>n&#39;t</W><W>a</W><W>food</W><W>court</W><W>,</W><C><cue ID="28" type="negation"><W>not</W></cue></C><xcope ID="103"><ref ID="111" SRC="28"></ref><W>even</W><W>a</W><W>small</W><W>24</W><W>hour</W><W>court</W><W>that</W><W>offers</W><W>snacks</W></xcope><W>.</W></SENTENCE><SENTENCE><W>Other</W><W>restaurants</W><C><cue ID="29" type="speculation"><W>can</W></cue></C><xcope ID="102"><ref COMMENTS="" ID="114" SRC="29"></ref><W>be</W><W>found</W><W>just</W><W>a</W><W>few</W><W>minutes</W><W>away</W><W>at</W><W>the</W><xcope ID="101"><ref ID="113" SRC="30"></ref><W>Yacht</W><W>Club</W></xcope><C><cue ID="30" type="speculation"><W>or</W></cue></C><xcope ID="100"><ref ID="112" SRC="30"></ref><W>right</W><W>even</W><W>on</W><W>the</W><W>Boardwalk</W></xcope></xcope><W>.</W></SENTENCE><SENTENCE><W>Beaches</W><C><W>and</W></C><W>Cream</W><C><W>and</W></C><W>Hurricane</W><W>Hanna</W><W>&#39;s</W><W>are</W><W>only</W><W>open</W><W>for</W><W>so</W><W>long</W><W>...</W></SENTENCE></P><P></P><P><SENTENCE><W>The</W><W>Service</W><W>:</W><W>There</W><W>are</W><W>many</W><W>different</W><W>services</W><W>that</W><W>are</W><W>offered</W><W>at</W><W>the</W><W>Beach</W><W>Club</W><W>.</W></SENTENCE><SENTENCE><C><cue ID="31" type="speculation"><W>Whether</W></cue></C><xcope ID="117"><ref ID="126" SRC="31"></ref><xcope ID="116"><ref ID="125" SRC="32"></ref><W>you</W><W>need</W><W>customer</W><W>service</W></xcope><C><cue ID="32" type="speculation"><W>or</W></cue></C><xcope ID="115"><ref ID="124" SRC="32"></ref><W>Valet</W><W>parking</W></xcope></xcope><W>,</W><W>someone</W><W>is</W><W>always</W><W>there</W><W>to</W><W>help</W><W>you</W><W>.</W></SENTENCE><SENTENCE><W>Everyone</W><W>always</W><W>has</W><W>a</W><W>smile</W><W>on</W><W>their</W><W>face</W><W>.</W></SENTENCE><SENTENCE><W>There</W><W>is</W><W>even</W><W>a</W><W>&#34;</W><W>Greeter</W><W>&#34;</W><W>who</W><W>is</W><W>dressed</W><W>as</W><W>a</W><W>ship</W><W>&#39;s</W><W>captain</W><W>who</W><W>says</W><W>good</W><W>morning</W><W>and/or</W><W>welcome</W><W>to</W><W>you</W><W>every</W><W>time</W><W>you</W><W>leave</W><C><W>and</W></C><W>come</W><W>back</W><W>!</W></SENTENCE></P><P></P><P><SENTENCE><W>Some</W><W>of</W><W>the</W><W>other</W><W>services</W><W>that</W><W>they</W><W>have</W><W>are</W><W>kid</W><W>&#39;s</W><W>programs</W><W>at</W><W>the</W><W>Sandcastle</W><W>Club</W><W>,</W><W>an</W><W>Arcade</W><W>,</W><W>A</W><W>health</W><W>club</W><C><W>and</W></C><W>a</W><W>barber/hairdresser</W><W>salon</W><W>.</W></SENTENCE><SENTENCE><W>There</W><W>are</W><W>facilities</W><W>right</W><W>at</W><W>your</W><W>fingertips</W><W>where</W><W>you</W><C><cue ID="34" type="speculation"><W>can</W></cue></C><xcope ID="120"><ref COMMENTS="" ID="123" SRC="34"></ref><W>rent</W><W>boats</W><W>,</W><W>play</W><W>tennis</W><W>,</W><xcope ID="119"><ref ID="122" SRC="33"></ref><W>volleyball</W></xcope><C><cue ID="33" type="speculation"><W>or</W></cue></C><xcope ID="118"><ref ID="121" SRC="33"></ref><W>even</W><W>croquet</W></xcope></xcope><W>.</W></SENTENCE></P><P></P><P><SENTENCE><W>The</W><W>Beach</W><W>Club</W><W>is</W><W>also</W><W>perfect</W><W>for</W><W>business</W><W>conventions</W><W>.</W></SENTENCE><SENTENCE><W>Sharing</W><W>a</W><W>huge</W><W>facility</W><W>with</W><W>the</W><W>Yacht</W><W>Club</W><W>,</W><W>the</W><W>two</W><W>resorts</W><W>have</W><W>a</W><W>73,000</W><W>square</W><W>foot</W><W>function</W><W>area</W><W>that</W><W>also</W><W>has</W><W>a</W><W>36,000</W><W>square</W><W>foot</W><W>Ballroom</W><C><W>and</W></C><W>21</W><W>breakout</W><W>rooms</W><W>.</W></SENTENCE></P><P></P><P><SENTENCE><W>The</W><W>Beach</W><W>Club</W><W>definitely</W><W>has</W><W>a</W><W>lot</W><W>to</W><W>offer</W><W>!</W></SENTENCE><SENTENCE><W>Every</W><W>time</W><W>I</W><W>stay</W><W>there</W><W>,</W><W>I</W><W>have</W><W>a</W><W>lot</W><W>of</W><W>fun</W><C><W>and</W></C><W>I</W><W>bet</W><W>you</W><W>will</W><W>too</W><W>!</W></SENTENCE></P></DOCUMENT>
