<?xml version="1.0" encoding="UTF-8"?>
<DOCUMENT><P></P><P><SENTENCE><W>Disney</W><W>&#39;s</W><W>Beach</W><W>Club</W><W>resort</W><W>is</W><W>truly</W><W>beautiful</W><W>,</W><W>relaxing</W><W>,</W><C><W>and</W></C><W>perfectly</W><W>situated</W><W>.</W></SENTENCE><SENTENCE><W>It</W><W>&#39;s</W><W>connected</W><W>to</W><W>the</W><W>Yacht</W><W>Club</W><W>resort</W><W>,</W><W>which</W><W>has</W><W>a</W><W>New</W><W>England</W><W>sailing</W><W>theme</W><W>;</W><W>the</W><W>Beach</W><W>Club</W><W>is</W><W>themed</W><W>more</W><W>like</W><W>a</W><W>seaside</W><W>retreat</W><W>,</W><W>decorated</W><W>in</W><W>pale</W><W>,</W><W>refreshing</W><W>&#34;beachy</W><W>&#34;</W><W>colors</W><W>.</W></SENTENCE><SENTENCE><W>The</W><W>pool</W><W>,</W><W>called</W><W>Stormalong</W><W>Bay</W><W>(</W><W>shared</W><W>by</W><W>both</W><W>resorts</W><W>)</W><W>is</W><W>the</W><W>Beach</W><W>Club</W><W>&#39;s</W><W>jewel</W><W>,</W><W>the</W><W>element</W><W>that</W><W>keeps</W><W>families</W><W>coming</W><W>back</W><W>:</W><W>it</W><W>&#39;s</W><W>huge</W><W>,</W><W>with</W><W>lots</W><W>of</W><W>nooks</W><C><W>and</W></C><W>crannies</W><C><W>and</W></C><W>bridges</W><W>,</W><W>a</W><W>sand-covered</W><W>bottom</W><C><W>instead</W></C><W>of</W><W>typical</W><W>concrete</W><W>,</W><C><W>and</W></C><W>a</W><W>big</W><W>water</W><W>slide</W><W>.</W></SENTENCE><SENTENCE><W>There</W><W>are</W><W>stands</W><W>set</W><W>up</W><W>along</W><W>the</W><W>&#34;beach</W><W>&#34;</W><W>where</W><W>you</W><C><cue ID="0" type="speculation"><W>can</W></cue></C><xcope ID="28"><ref ID="58" SRC="0"></ref><W>have</W><W>your</W><W>hair</W><W>beaded</W><C><W>and</W></C><W>braided</W></xcope><C><W>and</W></C><W>buy</W><W>seashell</W><W>jewelry</W><W>.</W></SENTENCE><SENTENCE><W>Water</W><W>sprites</W><C><W>and</W></C><W>small</W><W>speed</W><W>boats</W><W>are</W><W>available</W><W>for</W><W>rental</W><W>.</W></SENTENCE><SENTENCE><W>You</W><C><cue ID="1" type="speculation"><W>could</W></cue></C><xcope ID="27"><ref ID="59" SRC="1"></ref><W>spend</W><W>days</W><W>hanging</W><W>around</W><W>these</W><W>sister</W><W>resorts</W></xcope><C><W>and</W></C><C><cue ID="2" type="negation"><W>never</W></cue></C><xcope ID="26"><ref ID="60" SRC="2"></ref><W>run</W><W>out</W><W>of</W><W>things</W><W>to</W><W>do</W></xcope><W>!</W></SENTENCE></P><P></P><P><SENTENCE><W>Dining</W></SENTENCE></P><P></P><P><SENTENCE><W>Directly</W><W>across</W><W>from</W><W>the</W><W>Yacht</W><C><W>and</W></C><W>Beach</W><W>Club</W><W>is</W><W>the</W><W>Boardwalk</W><W>resort</W><W>,</W><W>which</W><W>is</W><W>just</W><W>a</W><W>5-minute</W><W>walk</W><W>away</W><W>,</W><C><W>and</W></C><W>there</W><W>are</W><W>tons</W><W>of</W><W>dining</W><C><W>and</W></C><W>entertainment</W><W>options</W><W>over</W><W>there</W><W>(</W><W>the</W><W>Boardwalk</W><W>looks</W><W>beautiful</W><W>all</W><W>lit</W><W>up</W><W>at</W><W>night</W><W>,</W><C><cue ID="3" type="speculation"><W>if</W></cue></C><xcope ID="29"><ref ID="61" SRC="3"></ref><W>you</W><W>&#39;ve</W><W>got</W><W>a</W><W>lagoon</W><W>view</W><W>room</W></xcope><W>)</W><W>.</W></SENTENCE><SENTENCE><W>The</W><W>dining</W><W>choices</W><W>at</W><W>the</W><W>Yacht</W><W>and</W><W>Beach</W><W>Club</W><cue ID="32" type="negation"><W>are</W><W>n&#39;t</W></cue><xcope ID="30"><ref ID="63" SRC="4"></ref><W>shabby</W></xcope><W>,</W><C><cue ID="4" type="negation"><W>either</W></cue></C><W>:</W><W>Cape</W><C><W>May</W></C><W>Cafe</W><W>offers</W><W>a</W><W>character</W><W>buffet</W><W>breakfast</W><W>in</W><W>the</W><W>morning</W><C><W>and</W></C><W>a</W><W>non-character</W><W>(</W><W>but</W><W>delicious</W><W>)</W><W>clambake</W><W>buffet</W><W>at</W><W>night</W><W>,</W><W>with</W><W>menu</W><W>items</W><W>such</W><W>as</W><W>clam</W><W>chowder</W><W>,</W><W>fresh</W><W>clams</W><W>,</W><W>corn</W><W>on</W><W>the</W><W>cob</W><W>,</W><W>new</W><W>potatoes</W><W>,</W><W>chicken</W><W>,</W><W>rice</W><W>,</W><W>salad</W><W>bar</W><W>,</W><C><W>and</W></C><W>the</W><W>most</W><W>scrumptious</W><W>dessert</W><W>bar</W><W>in</W><W>WDW</W><W>(</W><C><cue ID="5" type="negation"><W>not</W></cue></C><xcope ID="33"><ref ID="64" SRC="5"></ref><W>to</W><W>mention</W><W>a</W><W>kid</W><W>&#39;s</W><W>section</W><W>with</W><W>fried</W><W>shrimp</W><W>,</W><W>chicken</W><W>tenders</W><W>,</W><W>etc.</W></xcope><W>)</W><W>.</W></SENTENCE><SENTENCE><W>Hurricane</W><W>Hannah</W><W>&#39;s</W><W>is</W><W>a</W><W>snack</W><W>bar</W><W>by</W><W>the</W><W>pool</W><W>where</W><W>you</W><C><cue ID="6" type="speculation"><W>can</W></cue></C><xcope ID="34"><ref ID="65" SRC="6"></ref><W>find</W><W>burgers</W></xcope><W>,</W><W>tuna</W><W>sandwiches</W><W>,</W><W>etc</W><W>.</W><C><W>and</W></C><W>drinks</W><W>(</W><W>alcoholic</W><C><W>and</W></C><W>non</W><W>)</W><xcope ID="37"><ref ID="67" SRC="7"></ref><W>to</W><W>eat</W><W>on</W><W>the</W><W>patio</W></xcope><C><cue ID="7" type="speculation"><W>or</W></cue></C><xcope ID="36"><ref ID="66" SRC="7"></ref><W>take</W><W>back</W><W>to</W><W>your</W><W>poolside</W><W>chair</W></xcope><W>.</W></SENTENCE><SENTENCE><W>Over</W><W>at</W><W>the</W><W>Yacht</W><W>Club</W><W>,</W><W>you</W><C><cue ID="8" type="speculation"><W>might</W></cue></C><xcope ID="35"><ref ID="68" SRC="8"></ref><W>want</W><W>to</W><W>have</W><W>one</W><W>of</W><W>the</W><W>best</W><W>steaks</W><W>of</W><W>your</W><W>life</W><W>at</W><W>the</W><W>Yachtsman</W><W>&#39;s</W><W>Steakhouse</W></xcope><W>;</W><C><W>and</W></C><W>be</W><W>absolutely</W><W>sure</W><W>to</W><W>stop</W><W>in</W><W>at</W><W>Beaches</W><W>and</W><W>Cream</W><W>,</W><W>the</W><W>fifties-style</W><W>soda</W><W>fountain</W><W>that</W><W>has</W><W>the</W><W>best</W><W>cheeseburgers</W><C><W>and</W></C><W>fries</W><W>in</W><W>all</W><W>of</W><W>WDW</W><W>,</W><W>plus</W><W>hard</W><W>ice</W><W>cream</W><C><W>and</W></C><W>all</W><W>sorts</W><W>of</W><W>ice</W><W>cream</W><W>concoctions</W><W>(</W><W>I</W><W>love</W><W>the</W><W>chocolate</W><W>malteds</W><C><W>and</W></C><W>brownie</W><W>sundaes--yum</W><W>!</W></SENTENCE><SENTENCE><W>Stop</W><W>here</W><W>even</W><C><cue ID="9" type="speculation"><W>if</W></cue></C><xcope ID="39"><ref ID="70" SRC="9"></ref><W>you</W><W>&#39;re</W><C><cue ID="10" type="negation"><W>not</W></cue></C><xcope ID="38"><ref ID="69" SRC="10"></ref><W>staying</W><W>at</W><W>this</W><W>resort--you</W></xcope></xcope><W>&#39;ll</W><W>thank</W><W>me</W><W>later</W><W>!</W><W>!</W><W>)</W><W>.</W></SENTENCE><SENTENCE><W>A</W><W>full</W><W>24-hour</W><W>room</W><W>service</W><W>menu</W><W>is</W><W>available</W><W>.</W></SENTENCE></P><P></P><P><SENTENCE><W>Accommodations</W></SENTENCE></P><P></P><P><SENTENCE><W>Guest</W><W>rooms</W><W>are</W><W>spacious</W><C><W>and</W></C><W>comfortable</W><W>:</W><W>two</W><W>queen-sized</W><W>beds</W><W>,</W><W>large</W><W>bathroom</W><W>with</W><W>two</W><W>outside</W><W>sinks</W><W>,</W><W>a</W><W>table</W><W>with</W><W>two</W><W>chairs</W><W>,</W><W>a</W><W>couch</W><W>that</W><W>serves</W><W>as</W><W>a</W><W>bed</W><W>,</W><W>TV</W><W>,</W><C><W>and</W></C><W>mini-bar</W><W>in</W><W>every</W><W>room</W><W>.</W></SENTENCE><SENTENCE><W>Housekeeping</W><W>does</W><W>a</W><W>great</W><W>job</W><W>of</W><W>keeping</W><W>your</W><W>room</W><W>beautiful</W><W>.</W></SENTENCE><SENTENCE><W>Most</W><W>rooms</W><W>have</W><W>balconies</W><W>,</W><W>but</W><W>some</W><W>upper-floor</W><W>rooms</W><W>only</W><W>have</W><W>tiny</W><W>balconies</W><W>which</W><C><cue ID="12" type="speculation"><W>can</W></cue></C><xcope ID="40"><ref ID="71" SRC="12"></ref><W>barely</W><W>hold</W><W>2</W><W>people</W><W>standing</W><W>upright--if</W></xcope><W>you</W><W>want</W><W>a</W><W>full</W><W>balcony</W><W>with</W><W>chairs</W><W>,</W><W>you</W><C><cue ID="11" type="speculation"><W>should</W></cue></C><xcope ID="41"><ref ID="72" SRC="11"></ref><W>definitely</W><W>request</W><W>one</W></xcope><W>when</W><W>you</W><W>&#39;re</W><W>making</W><W>reservations</W><W>,</W><C><W>and</W></C><W>then</W><W>again</W><W>(</W><xcope ID="43"><ref ID="73" SRC="13"></ref><W>by</W><W>fax</W></xcope><C><cue ID="13" type="speculation"><W>or</W></cue></C><xcope ID="42"><ref ID="74" SRC="13"></ref><W>phone</W></xcope><W>)</W><W>a</W><W>few</W><W>days</W><W>before</W><W>you</W><W>check</W><W>in</W><W>.</W></SENTENCE><SENTENCE><C><cue ID="15" type="speculation"><W>If</W></cue></C><xcope ID="45"><ref ID="76" SRC="15"></ref><W>you</W><C><cue ID="14" type="speculation"><W>would</W></cue></C><xcope ID="44"><ref ID="75" SRC="14"></ref><W>like</W><W>a</W><W>little</W><W>more</W><W>space</W><W>for</W><W>your</W><W>money</W></xcope></xcope><W>,</W><W>you</W><C><cue ID="16" type="speculation"><W>might</W></cue></C><xcope ID="46"><ref ID="77" SRC="16"></ref><W>want</W><W>to</W><W>request</W><W>a</W><W>Hammerhead</W><W>(</W><W>corner</W><W>)</W><W>room</W></xcope><W>,</W><W>which</W><W>is</W><W>more</W><W>spacious</W><C><W>and</W></C><W>spread</W><W>out</W><W>.</W></SENTENCE><SENTENCE><W>My</W><W>only</W><W>Beach</W><W>Club</W><W>room</W><W>complaint</W><W>is</W><W>that</W><W>there</W><W>is</W><W>very</W><W>little</W><W>storage</W><W>space</W><W>for</W><W>clothes--only</W><W>a</W><W>few</W><W>large</W><W>drawers</W><W>,</W><W>a</W><W>standing</W><W>chest</W><W>of</W><W>small</W><W>drawers</W><W>,</W><C><W>and</W></C><C><cue ID="17" type="negation"><W>not</W></cue></C><xcope ID="47"><ref ID="78" SRC="17"></ref><W>very</W><W>much</W><W>closet</W><W>space/hangers</W></xcope><W>.</W></SENTENCE></P><P></P><P><SENTENCE><W>Transportation</W></SENTENCE></P><P></P><P><SENTENCE><W>Transportation</W><W>is</W><W>pretty</W><W>darned</W><W>good</W><W>at</W><W>this</W><W>non-monorail</W><W>resort</W><W>:</W><W>10-minute</W><W>boat</W><W>launch</W><W>to</W><W>Disney</W><W>Studios</W><W>,</W><W>bus</W><W>service</W><W>to</W><W>the</W><W>Magic</W><W>Kingdom</W><C><W>and</W></C><W>Animal</W><W>Kingdom</W><W>,</W><C><W>and</W></C><W>you</W><C><cue ID="20" type="speculation"><W>can</W></cue></C><xcope ID="48"><ref ID="79" SRC="20"></ref><W>take</W><W>a</W><W>scenic</W><W>walk</W><W>to</W><W>EPCOT</W><W>Center</W></xcope><W>(</W><W>entering</W><W>through</W><W>the</W><W>World</W><W>Showcase</W><W>...only</W><W>a</W><W>5-minute</W><W>walk</W><W>,</W><C><cue ID="18" type="speculation"><W>if</W></cue></C><xcope ID="49"><ref ID="80" SRC="18"></ref><W>that</W></xcope><W>.</W></SENTENCE><SENTENCE><W>Bonus</W><W>:</W><W>you</W><C><cue ID="19" type="speculation"><W>can</W></cue></C><xcope ID="50"><ref ID="81" SRC="19"></ref><W>see</W><W>France</W><W>from</W><W>certain</W><W>spots</W><W>at</W><W>the</W><W>resort</W></xcope><W>!</W></SENTENCE><SENTENCE><W>;</W><W>)</W><W>)</W><W>You</W><C><cue ID="21" type="speculation"><W>can</W></cue></C><xcope ID="51"><ref ID="82" SRC="21"></ref><W>also</W><W>take</W><W>a</W><W>boat</W><W>launch</W><W>to</W><W>EPCOT.</W></xcope></SENTENCE><SENTENCE><W>One</W><W>more</W><W>note</W><W>:</W><C><cue ID="22" type="speculation"><W>if</W></cue></C><xcope ID="54"><ref ID="85" SRC="22"></ref><W>you</W><W>happen</W><W>to</W><xcope ID="53"><ref ID="84" SRC="23"></ref><W>have</W><W>your</W><W>own</W><W>car</W></xcope><C><cue ID="23" type="speculation"><W>or</W></cue></C><xcope ID="52"><ref ID="83" SRC="23"></ref><W>a</W><W>rental</W><W>car</W><W>on</W><W>property</W></xcope></xcope><W>,</W><W>it</W><W>makes</W><W>much</W><W>more</W><W>sense</W><W>,</W><W>sometimes</W><W>,</W><W>to</W><W>drive</W><W>to</W><W>a</W><W>monorail</W><W>resort</W><W>(</W><W>Grand</W><W>Floridian</W><W>,</W><W>Contemporary</W><W>,</W><W>Polynesian</W><W>)</W><W>,</W><W>park</W><W>there</W><W>,</W><C><W>and</W></C><W>take</W><W>the</W><W>monorail</W><W>to</W><W>the</W><W>Magic</W><W>Kingdom</W><W>.</W></SENTENCE><SENTENCE><xcope ID="56"><ref ID="87" SRC="24"></ref><W>Likewise</W><W>for</W><W>the</W><W>Animal</W><W>Kingdom--park</W><W>at</W><W>the</W><W>new</W><W>Animal</W><W>Kingdom</W><W>Lodge</W></xcope><W>,</W><C><cue ID="24" type="speculation"><W>or</W></cue></C><xcope ID="57"><ref ID="86" SRC="24"></ref><W>simply</W><W>drive</W><W>to</W><W>the</W><W>park</W><W>itself</W></xcope><W>to</W><W>save</W><W>a</W><W>LOT</W><W>of</W><W>time</W><W>that</W><C><cue ID="25" type="speculation"><W>might</W></cue></C><xcope ID="55"><ref ID="88" SRC="25"></ref><W>be</W><W>spent</W><W>on</W><W>an</W><W>uncomfortable</W><W>bus</W><W>.</W></xcope></SENTENCE></P><P></P><P><SENTENCE><W>Overall</W><W>,</W><W>Disney</W><W>&#39;s</W><W>Beach</W><W>Club</W><W>knows</W><W>how</W><W>to</W><W>make</W><W>a</W><W>good</W><W>time</W><W>for</W><W>the</W><W>whole</W><W>family--anyone</W><W>staying</W><W>at</W><W>the</W><W>Yacht</W><W>and</W><W>Beach</W><W>Club</W><W>has</W><W>so</W><W>many</W><W>options</W><W>just</W><W>a</W><W>few</W><W>steps</W><W>away</W><W>.</W></SENTENCE><SENTENCE><W>I</W><W>highly</W><W>recommend</W><W>this</W><W>resort</W><W>;</W><W>I</W><W>know</W><W>you</W><W>will</W><W>,</W><W>too</W><W>!</W></SENTENCE></P></DOCUMENT>
