<?xml version="1.0" encoding="UTF-8"?>
<DOCUMENT><P></P><P><SENTENCE><W>From</W><W>the</W><W>first</W><W>time</W><W>you</W><W>set</W><W>your</W><W>eyes</W><W>on</W><W>Treasure</W><W>Island</W><W>you</W><C><W>expect</W></C><W>to</W><W>see</W><W>pirates</W><W>coming</W><W>out</W><W>to</W><W>greet</W><W>you</W><W>with</W><W>a</W><W>hardy</W><W>&#34;</W><W>Ahoy</W><W>Mateys</W><W>.</W><W>&#34;</W></SENTENCE><SENTENCE><W>You</W><W>have</W><W>to</W><W>remember</W><W>that</W><W>you</W><W>are</W><W>in</W><W>Las</W><W>Vegas</W><C><W>and</W></C><C><cue ID="0" type="negation"><W>not</W></cue></C><xcope ID="20"><ref ID="44" SRC="0"></ref><W>on</W><W>an</W><W>island</W><W>full</W><W>of</W><W>pirates</W></xcope><W>.</W></SENTENCE></P><P></P><P><SENTENCE><W>Exterior</W></SENTENCE></P><P></P><P><SENTENCE><W>Treasure</W><W>Island</W><W>is</W><W>located</W><W>right</W><W>next</W><W>door</W><W>to</W><W>the</W><W>Mirage</W><W>Hotel</W><W>on</W><W>the</W><W>Las</W><W>Vegas</W><W>strip</W><W>.</W></SENTENCE><SENTENCE><W>The</W><W>two</W><W>hotels</W><W>are</W><W>connected</W><W>by</W><W>a</W><W>tram</W><W>that</W><W>you</W><C><cue ID="1" type="speculation"><W>can</W></cue></C><xcope ID="23"><ref ID="45" SRC="1"></ref><W>ride</W><W>between</W><W>the</W><W>two</W><W>any</W><W>time</W><xcope ID="22"><ref ID="46" SRC="2"></ref><W>night</W></xcope><C><cue ID="2" type="speculation"><W>or</W></cue></C><xcope ID="21"><ref ID="47" SRC="2"></ref><W>day</W></xcope></xcope><W>.</W></SENTENCE><SENTENCE><W>This</W><W>marvelous</W><W>hotel</W><W>,</W><W>upon</W><W>your</W><W>arrival</W><W>,</W><W>will</W><W>immediately</W><W>take</W><W>you</W><W>back</W><W>to</W><W>the</W><W>time</W><W>of</W><W>Captain</W><W>Hook</W><W>.</W></SENTENCE><SENTENCE><W>The</W><W>exterior</W><W>is</W><W>well</W><W>kept</W><C><W>and</W></C><W>you</W><W>notice</W><W>the</W><W>giant</W><W>pirate</W><W>ship</W><W>right</W><W>away</W><W>.</W></SENTENCE><SENTENCE><W>At</W><W>night</W><W>this</W><W>ship</W><W>turns</W><W>into</W><W>the</W><W>battle</W><W>of</W><W>good</W><C><W>and</W></C><W>evil</W><W>with</W><W>shows</W><W>2</W><W>to</W><W>3</W><W>times</W><W>a</W><W>night</W><W>.</W></SENTENCE><SENTENCE><W>To</W><W>enter</W><W>the</W><W>hotel</W><W>you</W><C><cue ID="3" type="speculation"><W>must</W></cue></C><xcope ID="24"><ref COMMENTS="" ID="48" SRC="3"></ref><W>walk</W><W>the</W><W>board</W><W>plank</W><W>into</W><W>the</W><W>front</W><W>door</W><W>.</W></xcope></SENTENCE></P><P></P><P><SENTENCE><W>Once</W><W>Inside</W></SENTENCE></P><P></P><P><SENTENCE><W>Once</W><W>inside</W><W>you</W><W>will</W><W>find</W><W>the</W><W>pirate</W><W>theme</W><W>carried</W><W>throughout</W><W>the</W><W>hotel</W><C><W>and</W></C><W>casino</W><W>.</W></SENTENCE><SENTENCE><W>The</W><W>decorations</W><W>are</W><W>bright</W><C><W>and</W></C><W>colorful</W><C><W>and</W></C><W>the</W><W>entire</W><W>place</W><W>is</W><W>extremely</W><W>clean</W><W>.</W></SENTENCE><SENTENCE><W>We</W><W>arrived</W><W>at</W><W>the</W><W>front</W><W>desk</W><W>ready</W><W>for</W><W>check</W><W>in</W><W>,</W><W>we</W><W>were</W><W>with</W><W>a</W><W>large</W><W>group</W><W>from</W><W>my</W><W>husband</W><W>&#39;s</W><W>company</W><W>,</W><W>the</W><W>desk</W><W>was</W><W>well</W><W>staffed</W><C><W>and</W></C><W>handled</W><W>this</W><W>large</W><W>group</W><W>very</W><W>quickly</W><C><W>and</W></C><W>efficiently</W><W>.</W></SENTENCE><SENTENCE><W>This</W><W>being</W><W>a</W><W>business</W><W>meeting</W><W>for</W><W>my</W><W>husband</W><W>,</W><W>he</W><W>was</W><W>very</W><W>pleased</W><W>with</W><W>a</W><W>quick</W><W>check</W><W>in</W><W>since</W><W>it</W><C><cue ID="4" type="speculation"><W>would</W></cue></C><xcope ID="25"><ref ID="49" SRC="4"></ref><W>give</W><W>him</W><W>some</W><W>time</W><W>in</W><W>the</W><W>casino</W><W>before</W><W>the</W><W>first</W><W>meeting</W></xcope><W>.</W></SENTENCE><SENTENCE><W>We</W><W>were</W><W>given</W><W>the</W><W>key</W><W>to</W><W>our</W><W>room</W><C><W>and</W></C><W>pointed</W><W>to</W><W>elevators</W><W>with</W><W>a</W><W>warm</W><W>thank</W><W>you</W><C><W>and</W></C><W>enjoy</W><W>your</W><W>stay</W><W>.</W></SENTENCE></P><P></P><P><SENTENCE><W>Our</W><W>Room</W></SENTENCE></P><P></P><P><SENTENCE><W>We</W><W>found</W><W>our</W><W>room</W><W>very</W><W>easily</W><C><W>and</W></C><W>were</W><W>immediately</W><W>impressed</W><W>with</W><W>the</W><W>cleanliness</W><C><W>and</W></C><W>the</W><W>size</W><W>.</W></SENTENCE><SENTENCE><W>We</W><W>had</W><W>a</W><W>very</W><W>comfortable</W><W>king</W><W>size</W><W>bed</W><W>,</W><W>a</W><W>large</W><W>bathroom</W><W>with</W><W>a</W><W>large</W><W>supply</W><W>of</W><W>bath</W><W>towels</W><W>,</W><W>shampoo</W><W>,</W><W>soap</W><W>,</W><W>lotion</W><W>with</W><W>the</W><W>hotel</W><W>name</W><W>on</W><W>it</W><W>.</W></SENTENCE><SENTENCE><W>The</W><W>pirate</W><W>theme</W><W>was</W><W>carried</W><W>out</W><W>in</W><W>our</W><W>room</W><W>also</W><W>,</W><W>but</W><W>it</W><W>was</W><C><cue ID="5" type="negation"><W>not</W></cue></C><xcope ID="27"><ref ID="50" SRC="5"></ref><W>dark</W><C><W>and</W></C><W>dreary</W></xcope><W>,</W><W>but</W><W>decorated</W><W>with</W><W>bright</W><W>up</W><W>to</W><W>date</W><W>colors</W><W>.</W></SENTENCE><SENTENCE><W>We</W><W>had</W><W>a</W><W>nice</W><W>view</W><W>from</W><W>the</W><W>window</W><C><W>and</W></C><C><cue ID="6" type="speculation"><W>could</W></cue></C><xcope ID="26"><ref ID="51" SRC="6"></ref><W>see</W><W>the</W><W>volcano</W><W>next</W><W>door</W><W>at</W><W>the</W><W>Mirage</W></xcope><W>.</W></SENTENCE></P><P></P><P><SENTENCE><W>The</W><W>Casino</W></SENTENCE></P><P></P><P><SENTENCE><W>This</W><W>is</W><W>the</W><W>best</W><W>part</W><W>of</W><W>this</W><W>hotel</W><W>.</W></SENTENCE><SENTENCE><W>It</W><W>is</W><W>large</W><C><W>and</W></C><W>roomy</W><W>,</W><W>with</W><W>a</W><W>very</W><W>helpful</W><W>staff</W><W>.</W></SENTENCE><SENTENCE><W>It</W><W>has</W><W>all</W><W>of</W><W>the</W><W>normal</W><W>games</W><W>such</W><W>as</W><W>Blackjack</W><W>,</W><W>Craps</W><W>,</W><W>Roulette</W><W>,</W><W>Caribbean</W><W>Stud</W><W>Poker</W><C><W>and</W></C><W>lots</W><W>of</W><W>Slot</W><W>Machines</W><W>.</W></SENTENCE><SENTENCE><W>I</W><W>love</W><W>Keno</W><C><W>and</W></C><W>this</W><W>casino</W><W>has</W><W>the</W><W>best</W><W>Keno</W><W>Bar</W><W>on</W><W>the</W><W>strip</W><W>I</W><C><cue ID="7" type="speculation"><W>think</W></cue></C><W>.</W></SENTENCE><SENTENCE><W>It</W><W>is</W><W>located</W><W>right</W><W>off</W><W>the</W><W>casino</W><W>,</W><W>but</W><W>is</W><W>separated</W><W>from</W><W>the</W><W>casino</W><W>with</W><W>two</W><W>half</W><W>walls</W><W>,</W><W>which</W><W>protect</W><W>it</W><W>from</W><W>so</W><W>much</W><W>of</W><W>the</W><W>noise</W><W>of</W><W>the</W><W>casino</W><W>.</W></SENTENCE><SENTENCE><W>The</W><W>chairs</W><W>here</W><W>are</W><W>quite</W><W>comfortable</W><C><W>and</W></C><W>the</W><W>Keno</W><W>staff</W><W>is</W><W>a</W><W>ton</W><W>of</W><W>fun</W><W>to</W><W>spend</W><W>time</W><W>around</W><W>.</W></SENTENCE><SENTENCE><W>They</W><W>make</W><W>the</W><W>game</W><W>fun</W><W>for</W><W>all</W><C><W>and</W></C><W>after</W><W>being</W><W>there</W><W>for</W><xcope ID="29"><ref ID="53" SRC="8"></ref><W>2</W></xcope><C><cue ID="8" type="speculation"><W>or</W></cue></C><xcope ID="28"><ref ID="52" SRC="8"></ref><W>3</W><W>days</W></xcope><W>you</W><C><W>feel</W></C><W>as</W><C><cue ID="9" type="speculation"><W>if</W></cue></C><xcope ID="30"><ref ID="54" SRC="9"></ref><W>you</W><W>get</W><W>to</W><W>know</W><W>them</W><W>a</W><W>little</W><W>bit</W></xcope><W>.</W></SENTENCE><SENTENCE><W>My</W><W>husband</W><cue ID="35" type="negation"><W>was</W><W>n&#39;t</W></cue><xcope ID="34"><ref COMMENTS="" ID="55" SRC="35"></ref><W>quite</W><W>as</W><W>impressed</W><W>with</W><W>the</W><W>dealers</W><W>at</W><W>the</W><W>table</W><W>games</W></xcope><W>,</W><xcope ID="44"><ref COMMENTS="" ID="45" SRC="10"></ref><W>he</W></xcope><cue ID="11" type="negation"><W>did</W><W>n&#39;t</W></cue><xcope ID="33"><ref COMMENTS="" ID="58" SRC="11"></ref><C><cue ID="10" type="speculation"><W>seem</W></cue></C><xcope ID="32"><ref ID="57" SRC="10"></ref><W>to</W><C><cue ID="12" type="speculation"><W>think</W></cue></C><xcope ID="31"><ref ID="56" SRC="12"></ref><W>they</W><W>were</W><W>quite</W><W>as</W><W>friendly</W><W>as</W><W>some</W><W>of</W><W>the</W><W>other</W><W>hotels</W></xcope></xcope></xcope><W>.</W></SENTENCE></P><P></P><P><SENTENCE><W>Food</W></SENTENCE></P><P></P><P><SENTENCE><W>We</W><W>had</W><W>breakfast</W><W>each</W><W>morning</W><W>at</W><W>the</W><W>cafe</W><W>located</W><W>right</W><W>off</W><W>the</W><W>casino</W><W>.</W></SENTENCE><SENTENCE><W>Since</W><W>the</W><W>men</W><W>were</W><W>in</W><W>a</W><W>meeting</W><W>,</W><W>the</W><W>wives</W><W>all</W><W>met</W><W>for</W><W>breakfast</W><W>each</W><W>day</W><W>.</W></SENTENCE><SENTENCE><W>We</W><W>had</W><W>quite</W><W>a</W><W>large</W><W>group</W><C><W>and</W></C><W>were</W><W>always</W><W>quickly</W><W>seated</W><C><W>and</W></C><W>waited</W><W>on</W><W>.</W></SENTENCE><SENTENCE><W>The</W><W>wait</W><W>staff</W><W>were</W><W>very</W><W>efficient</W><C><W>and</W></C><W>always</W><W>close</W><W>by</W><C><cue ID="13" type="speculation"><W>if</W></cue></C><xcope ID="36"><ref ID="59" SRC="13"></ref><W>we</W><W>needed</W><W>anything</W></xcope><W>.</W></SENTENCE><SENTENCE><W>The</W><W>prices</W><W>were</W><W>very</W><W>reasonable</W><C><W>and</W></C><W>the</W><W>food</W><W>was</W><W>great</W><W>.</W></SENTENCE></P><P></P><P><SENTENCE><W>We</W><W>ate</W><W>lunch</W><W>many</W><W>times</W><W>at</W><W>the</W><W>little</W><W>deli</W><W>which</W><W>had</W><W>great</W><W>sandwiches</W><W>for</W><W>a</W><W>very</W><W>good</W><W>price</W><W>.</W></SENTENCE></P><P></P><P><SENTENCE><W>The</W><W>Pirate</W><W>Show</W></SENTENCE></P><P></P><P><SENTENCE><W>We</W><W>had</W><W>heard</W><W>many</W><W>great</W><W>things</W><W>about</W><W>this</W><W>wonderful</W><W>show</W><C><W>and</W></C><W>were</W><W>anxiously</W><W>waiting</W><W>our</W><W>turn</W><W>to</W><W>see</W><W>it</W><W>.</W></SENTENCE><SENTENCE><W>Unfortunately</W><W>the</W><W>winds</W><W>were</W><W>to</W><W>high</W><W>each</W><W>night</W><W>that</W><W>we</W><W>were</W><W>there</W><C><W>and</W></C><W>we</W><C><cue ID="14" type="negation"><W>never</W></cue></C><xcope ID="37"><ref COMMENTS="" ID="60" SRC="14"></ref><W>got</W><W>to</W><W>see</W><W>it</W><W>live</W></xcope><W>.</W></SENTENCE><SENTENCE><W>We</W><W>did</W><W>get</W><W>to</W><W>see</W><W>parts</W><W>of</W><W>it</W><W>on</W><W>Treasure</W><W>Island</W><W>TV</W><C><W>and</W></C><W>were</W><W>very</W><W>disappointed</W><W>that</W><W>we</W><W>did</W><W>n&#39;t</W><W>get</W><W>to</W><W>see</W><W>it</W><W>for</W><W>ourselves</W><W>.</W></SENTENCE><SENTENCE><C><cue ID="15" type="speculation"><W>If</W></cue></C><xcope ID="38"><ref ID="61" SRC="15"></ref><W>you</W><W>go</W></xcope><W>try</W><C><W>and</W></C><W>see</W><W>this</W><W>show</W><W>,</W><W>I</W><W>hear</W><W>you</W><W>want</W><W>be</W><W>disappointed</W><C><W>and</W></C><W>I</W><W>want</W><W>to</W><W>read</W><W>your</W><W>review</W><C><W>and</W></C><W>see</W><W>what</W><W>you</W><C><W>thought</W></C><W>.</W></SENTENCE></P><P></P><P><SENTENCE><W>Meeting</W><C><W>and</W></C><W>Banquet</W><W>Rooms</W></SENTENCE></P><P></P><P><SENTENCE><W>I</W><W>realize</W><W>that</W><W>this</W><W>topic</W><W>is</W><C><cue ID="16" type="negation"><W>not</W></cue></C><xcope ID="39"><ref ID="62" SRC="16"></ref><W>often</W><W>covered</W><W>in</W><W>a</W><W>hotel</W><W>review</W></xcope><W>,</W><W>but</W><W>with</W><W>us</W><W>being</W><W>here</W><W>for</W><W>a</W><W>business</W><W>meeting</W><W>I</W><W>wanted</W><W>to</W><W>give</W><W>you</W><W>my</W><W>husband</W><W>&#39;s</W><C><W>thought</W></C><W>on</W><W>this</W><W>.</W></SENTENCE><SENTENCE><W>He</W><W>felt</W><W>that</W><W>the</W><W>meeting</W><W>rooms</W><W>were</W><W>very</W><W>comfortable</W><C><W>and</W></C><W>quite</W><W>clean</W><W>each</W><W>day</W><W>.</W></SENTENCE><SENTENCE><W>They</W><W>were</W><W>well</W><W>stocked</W><W>with</W><W>snacks</W><C><W>and</W></C><W>drinks</W><W>each</W><W>day</W><W>for</W><W>each</W><W>of</W><W>his</W><W>meetings</W><W>.</W></SENTENCE><SENTENCE><W>The</W><W>rooms</W><W>were</W><W>large</W><C><W>and</W></C><W>they</W><cue ID="17" type="negation"><W>did</W><W>n&#39;t</W></cue><xcope ID="40"><ref COMMENTS="" ID="63" SRC="17"></ref><C><W>feel</W></C><W>packed</W><W>in</W><W>like</W><W>sardines</W></xcope><W>.</W></SENTENCE><SENTENCE><W>We</W><W>had</W><W>a</W><W>banquet</W><W>on</W><W>the</W><W>last</W><W>night</W><W>of</W><W>our</W><W>stay</W><W>at</W><W>Treasure</W><W>Island</W><C><W>and</W></C><W>the</W><W>food</W><W>,</W><W>staff</W><C><W>and</W></C><W>room</W><W>were</W><W>all</W><W>very</W><W>good</W><W>.</W></SENTENCE></P><P></P><P><SENTENCE><W>Overall</W></SENTENCE></P><P></P><P><SENTENCE><W>Treasure</W><W>Island</W><W>has</W><W>so</W><W>much</W><W>to</W><W>offer</W><W>it</W><W>has</W><W>to</W><W>be</W><W>one</W><W>of</W><W>the</W><W>best</W><W>on</W><W>the</W><W>Las</W><W>Vegas</W><W>Strip</W><W>.</W></SENTENCE><SENTENCE><W>We</W><W>had</W><W>so</W><W>much</W><W>fun</W><W>here</W><C><W>and</W></C><W>found</W><W>everything</W><W>to</W><W>be</W><W>in</W><W>great</W><W>shape</W><W>.</W></SENTENCE><SENTENCE><C><cue ID="18" type="speculation"><W>Whether</W></cue></C><xcope ID="43"><ref ID="66" SRC="18"></ref><W>you</W><W>are</W><W>looking</W><W>for</W><W>a</W><W>place</W><xcope ID="42"><ref ID="65" SRC="19"></ref><W>for</W><W>a</W><W>business</W><W>meeting</W></xcope><C><cue ID="19" type="speculation"><W>or</W></cue></C><xcope ID="41"><ref ID="64" SRC="19"></ref><W>just</W><W>a</W><W>great</W><W>place</W><W>for</W><W>a</W><W>getaway</W></xcope></xcope><W>this</W><W>is</W><W>definitely</W><W>the</W><W>place</W><W>for</W><W>you</W><W>!</W></SENTENCE><SENTENCE><W>Just</W><W>watch</W><W>out</W><W>for</W><W>those</W><W>Pirates</W><W>!</W></SENTENCE></P><P></P><P><SENTENCE><W>Ahoy</W><W>Mateys</W><W>!</W></SENTENCE></P></DOCUMENT>
