<?xml version="1.0" encoding="UTF-8"?>
<DOCUMENT><P></P><P><SENTENCE><W>I</W><W>have</W><W>been</W><W>to</W><W>Disney</W><W>World</W><W>several</W><W>times</W><W>.</W></SENTENCE><SENTENCE><W>One</W><W>year</W><W>I</W><W>stayed</W><W>at</W><W>Disney</W><W>&#39;s</W><W>Yacht</W><C><W>and</W></C><W>Beach</W><W>Club</W><W>.</W></SENTENCE></P><P></P><P><SENTENCE><W>The</W><W>outside</W><W>of</W><W>the</W><W>hotel</W><W>is</W><W>extraordinary</W><W>.</W></SENTENCE><SENTENCE><W>It</W><W>is</W><W>surrounded</W><W>by</W><W>a</W><W>beautiful</W><W>beach</W><W>.</W></SENTENCE><SENTENCE><W>Too</W><W>bad</W><W>they</W><cue ID="1" type="negation"><W>do</W><W>n&#39;t</W></cue><xcope ID="11"><ref COMMENTS="" ID="22" SRC="1"></ref><W>let</W><W>you</W><W>swim</W><W>in</W><W>the</W><W>water</W><W>though</W></xcope><W>.</W></SENTENCE><SENTENCE><W>Something</W><W>about</W><W>catching</W><W>a</W><W>disease</W><W>........</W></SENTENCE><SENTENCE><W>The</W><W>signs</W><cue ID="0" type="negation"><W>do</W><W>n&#39;t</W></cue><xcope ID="12"><ref COMMENTS="" ID="23" SRC="0"></ref><W>stop</W><W>the</W><W>ducks</W><W>from</W><W>swimming</W><W>in</W><W>the</W><W>water</W><W>though</W></xcope><W>.</W></SENTENCE><SENTENCE><W>They</W><W>even</W><W>have</W><W>quarter</W><W>machines</W><W>for</W><W>you</W><W>to</W><W>purchase</W><W>food</W><W>for</W><W>the</W><W>ducks</W><W>(yet</W><W>another</W><W>way</W><W>for</W><W>Mickey</W><W>Mouse</W><W>to</W><W>make</W><W>money</W><W>)</W></SENTENCE></P><P></P><P><SENTENCE><W>All</W><W>of</W><W>the</W><W>Disney</W><W>resorts</W><W>have</W><W>great</W><W>pools</W><W>.</W></SENTENCE><SENTENCE><W>The</W><W>Yacht</W><C><W>and</W></C><W>Beach</W><W>Club</W><W>has</W><W>the</W><W>nicest</W><W>pool</W><W>of</W><W>them</W><W>all</W><W>.</W></SENTENCE><SENTENCE><W>The</W><W>pool</W><W>,</W><W>which</W><W>goes</W><W>on</W><W>forever</W><W>,</W><W>has</W><W>2</W><W>sections</W><W>.</W></SENTENCE><SENTENCE><W>Part</W><W>of</W><W>the</W><W>pool</W><W>is</W><W>deep</W><W>,</W><W>while</W><W>the</W><W>other</W><W>part</W><W>,</W><W>which</W><W>is</W><W>good</W><W>for</W><W>children</W><W>,</W><W>is</W><W>shallow</W><W>.</W></SENTENCE><SENTENCE><W>In</W><W>the</W><W>middle</W><W>of</W><W>the</W><W>shallow</W><W>part</W><W>is</W><W>an</W><W>oasis</W><W>of</W><W>sand</W><W>where</W><W>the</W><W>children</W><C><cue ID="2" type="speculation"><W>can</W></cue></C><xcope ID="13"><ref ID="24" SRC="2"></ref><W>build</W><W>sand</W><W>castles</W></xcope><W>.</W></SENTENCE></P><P></P><P><SENTENCE><W>This</W><W>pool</W><W>is</W><W>the</W><W>home</W><W>of</W><W>one</W><W>of</W><W>the</W><W>scariest</W><W>water</W><W>slides</W><W>I</W><W>have</W><W>ever</W><W>seen</W><W>.</W></SENTENCE><SENTENCE><W>I</W><W>have</W><C><cue ID="3" type="negation"><W>never</W></cue></C><xcope ID="14"><ref ID="25" SRC="3"></ref><W>gone</W><W>on</W><W>it</W></xcope><W>because</W><W>I</W><W>am</W><W>scared</W><W>of</W><W>water</W><W>slides</W><W>.</W></SENTENCE><SENTENCE><W>It</W><W>looks</W><W>like</W><W>a</W><W>lot</W><W>of</W><W>fun</W><W>though</W><W>.</W></SENTENCE></P><P></P><P><SENTENCE><W>I</W><W>love</W><W>to</W><W>eat</W><W>.</W></SENTENCE><SENTENCE><W>This</W><W>hotel</W><W>has</W><W>many</W><W>eating</W><W>options</W><W>.</W></SENTENCE><SENTENCE><W>When</W><W>you</W><W>&#39;re</W><W>tanning</W><W>by</W><W>the</W><W>pool</W><W>,</W><W>you</W><C><cue ID="4" type="speculation"><W>can</W></cue></C><xcope ID="15"><ref ID="26" SRC="4"></ref><W>eat</W><W>at</W><W>Hurricane</W><W>Hannah</W><W>&#39;s</W></xcope><W>.</W></SENTENCE><SENTENCE><W>Do</W><W>n&#39;t</W><W>want</W><W>to</W><W>get</W><W>up</W><W>to</W><W>get</W><W>your</W><W>food</W><W>?</W></SENTENCE><SENTENCE><C><cue ID="6" type="negation"><W>No</W></cue></C><xcope ID="16"><ref ID="27" SRC="6"></ref><W>problem</W></xcope><W>!</W></SENTENCE><SENTENCE><W>You</W><C><cue ID="5" type="speculation"><W>can</W></cue></C><xcope ID="17"><ref ID="28" SRC="5"></ref><W>ask</W><W>one</W><W>of</W><W>the</W><W>waitresses</W></xcope><W>who</W><W>walks</W><W>around</W><W>the</W><W>pool</W><W>to</W><W>get</W><W>you</W><W>your</W><W>food</W><W>.</W></SENTENCE><SENTENCE><W>They</W><W>have</W><W>the</W><W>best</W><W>burgers</W><W>,</W><W>curly</W><W>fries</W><W>,</W><C><W>and</W></C><W>salads</W><W>.</W></SENTENCE><SENTENCE><W>They</W><W>also</W><W>serve</W><W>great</W><W>daiquiri</W><W>&#39;s</W><W>.</W></SENTENCE></P><P></P><P><SENTENCE><W>In</W><W>the</W><W>mood</W><W>for</W><W>a</W><W>cold</W><W>,</W><W>refreshing</W><W>drink</W><W>?</W></SENTENCE><SENTENCE><W>Make</W><W>a</W><W>stop</W><W>at</W><W>Beaches</W><C><W>and</W></C><W>Cream</W><W>.</W></SENTENCE><SENTENCE><W>These</W><W>drinks</W><W>are</W><W>very</W><W>refreshing</W><W>after</W><W>a</W><W>hard</W><W>day</W><W>at</W><W>the</W><W>pool</W><W>.</W></SENTENCE></P><P></P><P><SENTENCE><W>Dinner</W><W>time</W><W>?</W></SENTENCE><SENTENCE><W>Well</W><W>,</W><W>you</W><C><cue ID="7" type="speculation"><W>MUST</W></cue></C><xcope ID="18"><ref ID="29" SRC="7"></ref><W>eat</W><W>at</W><W>Cate</W><C><W>May</W></C><W>Cafe</W></xcope><W>which</W><W>is</W><W>part</W><W>of</W><W>the</W><W>Yacht</W><C><W>and</W></C><W>Beach</W><W>Club</W><W>hotel</W><W>.</W></SENTENCE><SENTENCE><W>It</W><W>is</W><W>a</W><W>buffet</W><W>dinner</W><W>.</W></SENTENCE><SENTENCE><W>They</W><W>have</W><W>shrimp</W><W>,</W><W>ribs</W><W>,</W><W>chicken</W><W>,</W><W>steamers</W><W>,</W><W>muscles</W><W>,</W><W>crab</W><W>legs</W><W>,</W><C><W>and</W></C><W>many</W><W>other</W><W>items</W><W>.</W></SENTENCE><SENTENCE><W>The</W><W>desserts</W><W>are</W><W>incredible</W><W>!</W></SENTENCE><SENTENCE><W>I</W><W>usually</W><cue ID="8" type="negation"><W>do</W><W>n&#39;t</W></cue><xcope ID="19"><ref COMMENTS="" ID="30" SRC="8"></ref><W>like</W><W>the</W><W>desserts</W><W>that</W><W>they</W><W>have</W><W>at</W><W>buffets</W></xcope><W>,</W><W>but</W><W>this</W><W>place</W><cue ID="9" type="negation"><W>is</W><W>n&#39;t</W></cue><xcope ID="20"><ref COMMENTS="" ID="31" SRC="9"></ref><W>like</W><W>all</W><W>of</W><W>the</W><W>others</W></xcope><W>!</W></SENTENCE></P><P></P><P><SENTENCE><W>This</W><W>hotel</W><W>is</W><W>very</W><W>expensive</W><W>to</W><W>stay</W><W>at</W><W>,</W><W>but</W><W>well</W><W>worth</W><W>it</W><W>.</W></SENTENCE><SENTENCE><W>Whenever</W><W>a</W><W>T.V.</W><W>family</W><W>goes</W><W>to</W><W>Disney</W><W>World</W><W>,</W><W>they</W><W>almost</W><W>always</W><W>stay</W><W>at</W><W>the</W><W>Yacht</W><C><W>and</W></C><W>Beach</W><W>Club</W><W>.</W></SENTENCE><SENTENCE><W>It</W><W>&#39;s</W><C><cue ID="10" type="negation"><W>no</W></cue></C><xcope ID="21"><ref ID="32" SRC="10"></ref><W>wonde</W></xcope></SENTENCE></P></DOCUMENT>
