<?xml version="1.0" encoding="UTF-8"?>
<DOCUMENT><P></P><P><SENTENCE><W>Ahoy</W><W>there</W><W>,</W><W>matey</W><W>.</W></SENTENCE><SENTENCE><W>I</W><W>stayed</W><W>at</W><W>Treasure</W><W>Island</W><W>in</W><W>Las</W><W>Vegas</W><W>in</W><W>late</W><C><W>May</W></C><W>2001</W><W>.</W></SENTENCE><SENTENCE><W>Of</W><W>my</W><W>four</W><W>trips</W><W>to</W><W>Vegas</W><W>,</W><W>this</W><W>was</W><W>my</W><W>best</W><W>hotel</W><W>experience</W><W>yet</W><W>.</W></SENTENCE><SENTENCE><W>Treasure</W><W>Island</W><W>is</W><W>excellent</W><W>for</W><W>a</W><W>number</W><W>of</W><W>reasons</W><W>,</W><W>with</W><W>location</W><W>being</W><W>a</W><W>top</W><W>bonus</W><W>.</W></SENTENCE><SENTENCE><W>Treasure</W><W>Islands</W><W>location</W><W>allows</W><W>easy</W><W>access</W><W>to</W><W>the</W><W>strip</W><W>,</W><C><W>and</W></C><W>the</W><W>convenient</W><W>tram</W><W>to</W><W>the</W><W>Mirage</W><W>saves</W><W>time</W><C><W>and</W></C><W>sun</W><W>exposure</W><W>.</W></SENTENCE><SENTENCE><W>One</W><W>of</W><W>my</W><W>favorite</W><W>things</W><W>about</W><W>the</W><W>hotel</W><W>is</W><W>that</W><W>it</W><W>is</W><W>very</W><W>easy</W><W>to</W><W>get</W><W>from</W><W>the</W><W>front</W><W>entrance</W><W>to</W><W>the</W><W>guest</W><W>elevators</W><W>.</W></SENTENCE><SENTENCE><W>In</W><W>other</W><W>hotels</W><W>,</W><W>with</W><W>NYNY</W><C><W>and</W></C><W>MGM</W><W>being</W><W>prime</W><W>examples</W><W>,</W><W>the</W><W>guest</W><W>elevators</W><W>are</W><W>obscured</W><W>in</W><W>the</W><W>midst</W><W>of</W><W>the</W><W>casino</W><W>.</W></SENTENCE><SENTENCE><W>At</W><W>Treasure</W><W>Island</W><W>,</W><W>it</W><W>is</W><W>a</W><W>straight</W><W>shot</W><W>from</W><W>the</W><W>door</W><W>to</W><W>the</W><W>guest</W><W>elevators</W><W>.</W></SENTENCE></P><P></P><P><SENTENCE><W>The</W><W>Room</W></SENTENCE></P><P></P><P><SENTENCE><W>Treasure</W><W>Island</W><W>boasts</W><W>its</W><xcope ID="15"><ref ID="35" SRC="0"></ref><W>spectacular</W><W>views</W><W>of</W><W>the</W><W>Pirate</W><W>Battle</W></xcope><C><cue ID="0" type="speculation"><W>or</W></cue></C><xcope ID="14"><ref ID="34" SRC="0"></ref><W>the</W><W>volcano</W><W>at</W><W>the</W><W>Mirage</W></xcope><W>.</W></SENTENCE><SENTENCE><W>Well</W><W>,</W><W>we</W><W>checked</W><W>in</W><C><W>and</W></C><W>had</W><W>a</W><W>view</W><W>of</W><W>a</W><W>roof</W><W>.</W></SENTENCE><SENTENCE><W>Ok</W><W>,</W><W>so</W><W>it</W><cue ID="1" type="negation"><W>was</W><W>nt</W></cue><xcope ID="16"><ref COMMENTS="" ID="36" SRC="1"></ref><W>quite</W><W>the</W><W>Pirate</W><W>Battle</W></xcope><W>,</W><W>but</W><W>how</W><W>many</W><W>times</W><W>did</W><W>we</W><W>look</W><W>out</W><W>the</W><W>window</W><W>during</W><W>the</W><W>weekend</W><W>?</W></SENTENCE><SENTENCE><W>About</W><W>threeand</W><W>only</W><W>to</W><W>make</W><W>sure</W><W>the</W><W>sun</W><W>was</W><W>still</W><W>shining</W><W>.</W></SENTENCE><SENTENCE><W>The</W><W>room</W><W>was</W><W>a</W><W>standard</W><W>size</W><W>,</W><W>with</W><W>two</W><W>queen</W><W>beds</W><W>,</W><W>a</W><W>table</W><C><W>and</W></C><W>chairs</W><W>,</W><C><W>and</W></C><W>a</W><W>TV</W><W>cabinet</W><W>There</W><W>were</W><W>two</W><W>mirrored</W><W>closets</W><W>,</W><C><W>and</W></C><W>a</W><W>roomy</W><W>bathroom</W><W>with</W><W>a</W><W>large</W><W>tub</W><W>.</W></SENTENCE><SENTENCE><W>The</W><W>beds</W><W>were</W><W>comfortable</W><W>,</W><C><W>and</W></C><W>everything</W><W>in</W><W>the</W><W>room</W><W>was</W><W>in</W><W>good</W><W>condition</W><W>.</W></SENTENCE><SENTENCE><W>With</W><W>four</W><W>women</W><W>in</W><W>the</W><W>room</W><W>,</W><W>the</W><W>layout</W><cue ID="2" type="negation"><W>was</W><W>nt</W></cue><xcope ID="17"><ref COMMENTS="" ID="37" SRC="2"></ref><W>ideal</W><W>when</W><W>preparing</W><W>to</W><W>go</W><W>out</W></xcope><W>,</W><W>but</W><W>it</W><W>was</W><W>still</W><W>perfectly</W><W>adequate</W><W>.</W></SENTENCE><SENTENCE><W>We</W><W>had</W><W>enough</W><W>room</W><W>to</W><W>store</W><W>all</W><W>of</W><W>our</W><W>luggage</W><C><cue ID="19" type="negation"><W>without</W></cue></C><xcope ID="18"><ref ID="38" SRC="19"></ref><W>tripping</W><W>over</W><W>it</W></xcope><W>,</W><C><W>and</W></C><W>we</W><W>found</W><W>enough</W><W>outlets</W><W>for</W><W>our</W><W>hairdryers</W><W>,</W><W>curling</W><W>irons</W><W>,</W><W>immersion</W><W>heaters</W><W>,</W><W>nightlights</W><W>,</W><W>etc</W><W>.</W></SENTENCE></P><P></P><P><SENTENCE><W>Amenities</W></SENTENCE></P><P></P><P><SENTENCE><W>The</W><W>pool</W><W>at</W><W>Treasure</W><W>Island</W><W>was</W><W>a</W><W>bit</W><W>disappointing</W><W>compared</W><W>to</W><W>the</W><W>outstanding</W><W>pools</W><W>at</W><W>the</W><W>newer</W><W>hotels</W><W>.</W></SENTENCE><SENTENCE><W>Even</W><W>so</W><W>,</W><W>it</W><W>was</W><W>still</W><W>nice</W><W>for</W><W>a</W><W>relaxing</W><W>afternoon</W><W>swim</W><W>.</W></SENTENCE><SENTENCE><W>Treasure</W><W>Island</W><W>has</W><W>one</W><W>main</W><W>pool</W><W>,</W><W>a</W><W>smaller</W><W>childrens</W><W>pool</W><W>,</W><C><W>and</W></C><W>a</W><W>large</W><W>hot</W><W>tub</W><W>.</W></SENTENCE><SENTENCE><W>Lounge</W><W>chairs</W><W>,</W><W>cabanas</W><W>,</W><C><W>and</W></C><W>poolside</W><W>service</W><W>are</W><W>readily</W><W>available</W><W>.</W></SENTENCE><SENTENCE><W>My</W><W>main</W><W>complaint</W><W>about</W><W>the</W><W>pool</W><W>is</W><W>that</W><W>to</W><W>get</W><W>to</W><W>it</W><W>,</W><W>guests</W><C><cue ID="3" type="speculation"><W>must</W></cue></C><xcope ID="22"><ref ID="39" SRC="3"></ref><W>walk</W><W>through</W><W>the</W><W>main</W><W>part</W><W>of</W><W>the</W><W>hotel</W><W>shopping</W><W>area</W></xcope><W>,</W><C><W>and</W></C><W>right</W><W>past</W><W>the</W><W>Mystere</W><W>theatre</W><W>.</W></SENTENCE><SENTENCE><W>That</W><W>is</W><C><cue ID="4" type="negation"><W>not</W></cue></C><xcope ID="21"><ref ID="40" SRC="4"></ref><W>the</W><W>most</W><W>comfortable</W><W>stroll</W><W>to</W><W>take</W></xcope><W>when</W><W>you</W><W>are</W><W>dripping</W><W>wet</W><C><W>and</W></C><W>unkempt</W><W>.</W></SENTENCE><SENTENCE><W>I</W><W>did</W><C><cue ID="5" type="negation"><W>not</W></cue></C><xcope ID="20"><ref ID="41" SRC="5"></ref><W>try</W><W>any</W><W>of</W><W>the</W><W>spa</W><W>services</W><W>offered</W><W>at</W><W>Treasure</W><W>Island</W></xcope><W>,</W><W>but</W><W>they</W><W>had</W><W>a</W><W>nice</W><W>selection</W><W>of</W><W>massages</W><W>,</W><W>facials</W><W>,</W><W>manicures</W><W>,</W><W>etc</W><W>.</W><W>available</W><W>for</W><W>guests</W><W>.</W></SENTENCE></P><P></P><P><SENTENCE><W>Dining</W></SENTENCE></P><P></P><P><SENTENCE><W>Treasure</W><W>Island</W><W>has</W><W>several</W><W>restaurants</W><W>to</W><W>choose</W><W>from</W><W>.</W></SENTENCE><SENTENCE><W>For</W><W>casual</W><W>all-day</W><W>dining</W><W>,</W><W>there</W><W>is</W><W>the</W><W>Terrace</W><W>Café</W><W>.</W></SENTENCE><SENTENCE><W>The</W><W>café</W><W>features</W><W>a</W><W>standard</W><W>menu</W><W>of</W><W>American</W><W>meals</W><C><W>and</W></C><W>snacks</W><W>.</W></SENTENCE><SENTENCE><W>For</W><W>something</W><W>a</W><W>bit</W><W>nicer</W><W>,</W><W>there</W><W>is</W><W>the</W><W>the</W><W>Courtyard</W><W>Grille</W><W>,</W><W>with</W><W>a</W><W>more</W><W>Italian</W><W>menu</W><W>.</W></SENTENCE><SENTENCE><W>In</W><W>addition</W><W>to</W><W>a</W><W>number</W><W>of</W><W>other</W><W>casual</W><W>cafés</W><C><W>and</W></C><W>snack</W><W>bars</W><W>,</W><W>Treasure</W><W>Island</W><W>has</W><W>several</W><W>fine-dining</W><W>establishments</W><W>.</W></SENTENCE><SENTENCE><W>The</W><W>Buccaneer</W><W>Bay</W><W>restaurant</W><W>offers</W><W>a</W><W>gourmet</W><W>menu</W><C><W>and</W></C><W>private</W><W>view</W><W>of</W><W>the</W><W>pirate</W><W>battle</W><W>.</W></SENTENCE><SENTENCE><W>For</W><W>any</W><W>of</W><W>the</W><W>restaurants</W><W>,</W><W>it</W><W>is</W><W>important</W><W>to</W><W>consider</W><W>reservations</W><W>and/or</W><W>waiting</W><W>time</W><W>.</W></SENTENCE><SENTENCE><W>The</W><W>Terrace</W><W>Café</W><W>in</W><W>particular</W><W>is</W><W>very</W><W>busy</W><W>.</W></SENTENCE><SENTENCE><W>For</W><W>faster</W><W>service</W><W>,</W><W>opt</W><W>for</W><W>a</W><W>table</W><W>in</W><W>the</W><W>smoking</W><W>section</W><W>(</W><W>ALL</W><W>of</W><W>Vegas</W><W>is</W><W>smoky</W><W>,</W><W>so</W><W>it</W><W>wont</W><W>matter</W><W>anyway</W><W>)</W><W>.</W></SENTENCE></P><P></P><P><SENTENCE><W>Entertainment</W></SENTENCE></P><P></P><P><SENTENCE><W>Free</W><W>entertainment</W><W>is</W><W>one</W><W>of</W><W>my</W><W>favorite</W><W>features</W><W>of</W><W>Las</W><W>Vegas</W><W>.</W></SENTENCE><SENTENCE><W>The</W><W>Pirate</W><W>Battle</W><W>at</W><W>Treasure</W><W>Island</W><W>is</W><W>always</W><W>an</W><W>interesting</W><W>event</W><W>.</W></SENTENCE><SENTENCE><W>Inside</W><W>Treasure</W><W>Island</W><W>,</W><W>Cirque</W><W>du</W><W>Soleil</W><W>performs</W><W>Mystere</W><W>,</W><W>a</W><W>show</W><W>featuring</W><W>acrobats</W><W>,</W><W>gymnasts</W><W>,</W><W>dancers</W><W>,</W><W>singers</W><W>,</W><W>musicians</W><C><W>and</W></C><W>clowns</W><W>from</W><W>15</W><W>countries</W><W>.</W></SENTENCE></P><P></P><P><SENTENCE><W>Overall</W></SENTENCE></P><P></P><P><SENTENCE><W>I</W><C><cue ID="6" type="speculation"><W>would</W></cue></C><xcope ID="23"><ref ID="42" SRC="6"></ref><W>highly</W><W>recommend</W><W>Treasure</W><W>Island</W><W>to</W><W>those</W><W>looking</W><W>for</W><W>a</W><W>comfortable</W></xcope><W>,</W><W>convenient</W><W>place</W><W>to</W><W>stay</W><W>at</W><W>a</W><W>lower</W><W>cost</W><W>.</W></SENTENCE><SENTENCE><W>While</W><W>it</W><C><cue ID="7" type="speculation"><W>may</W></cue></C><xcope ID="27"><ref ID="46" SRC="7"></ref><C><cue ID="8" type="negation"><W>not</W></cue></C><xcope ID="26"><ref ID="45" SRC="8"></ref><W>be</W><W>the</W><xcope ID="25"><ref ID="44" SRC="9"></ref><W>newest</W></xcope><C><cue ID="9" type="speculation"><W>or</W></cue></C><W>most</W><xcope ID="24"><ref ID="43" SRC="9"></ref><W>spectacular</W></xcope></xcope></xcope><W>,</W><W>Treasure</W><W>Island</W><W>has</W><W>nearly</W><W>as</W><W>much</W><W>to</W><W>offer</W><W>as</W><W>the</W><W>other</W><W>strip</W><W>hotels</W><W>.</W></SENTENCE><SENTENCE><W>It</W><W>is</W><W>a</W><W>great</W><W>&#39;home</W><W>base</W><W>&#39;</W><W>for</W><W>your</W><W>trip</W><W>to</W><W>Vegas</W><W>.</W></SENTENCE></P><P></P><P><SENTENCE><W>A</W><W>little</W><W>note</W><W>of</W><W>interest</W><W>to</W><W>those</W><W>concerned</W><W>about</W><W>safety</W></SENTENCE></P><P></P><P><SENTENCE><W>Late</W><W>on</W><W>Sunday</W><W>afternoon</W><W>as</W><W>I</W><W>was</W><W>napping</W><W>,</W><W>I</W><W>was</W><W>jolted</W><W>awake</W><W>by</W><W>the</W><W>sound</W><W>of</W><W>an</W><W>alarm</W><W>.</W></SENTENCE><SENTENCE><W>The</W><W>alarm</W><W>whooped</W><W>for</W><W>a</W><W>few</W><W>moments</W><W>,</W><C><W>and</W></C><W>then</W><W>an</W><W>announcement</W><W>came</W><W>on</W><W>.</W></SENTENCE><SENTENCE><W>A</W><W>calm</W><W>voice</W><W>said</W><W>something</W><W>to</W><W>the</W><W>effect</W><W>of</W><W>This</W><W>is</W><W>the</W><W>early</W><W>warning</W><W>fire</W><W>alarm</W><W>system</W><W>.</W></SENTENCE><SENTENCE><W>Please</W><W>review</W><W>the</W><W>safety</W><W>instructions</W><W>in</W><W>your</W><W>guest</W><W>manual</W><W>.</W></SENTENCE><SENTENCE><W>We</W><W>will</W><W>update</W><W>you</W><W>after</W><W>further</W><W>investigation</W><W></W><W>I</W><W>quickly</W><W>dressed</W><C><W>and</W></C><W>gathered</W><W>easy-to-carry</W><W>valuables</W><W>,</W><W>then</W><W>stood</W><W>by</W><W>the</W><W>map</W><W>of</W><W>my</W><W>fire</W><W>escape</W><W>route</W><W>awaiting</W><W>further</W><W>instruction</W><W>.</W></SENTENCE><SENTENCE><W>I</W><cue ID="30" type="negation"><W>did</W><W>nt</W></cue><xcope ID="49"><ref COMMENTS="" ID="50" SRC="30"></ref><xcope ID="29"><ref ID="47" SRC="10"></ref><W>smell</W><W>smoke</W></xcope><C><cue ID="10" type="speculation"><W>or</W></cue></C><xcope ID="28"><ref ID="48" SRC="10"></ref><W>see</W><W>flames</W></xcope></xcope><W>,</W><W>but</W><W>heard</W><W>sirens</W><W>coming</W><W>toward</W><W>the</W><W>hotel</W><W>.</W></SENTENCE><SENTENCE><W>After</W><W>about</W><W>ten</W><W>minutes</W><W>,</W><W>an</W><W>all-clear</W><W>was</W><W>announced</W><W>,</W><C><W>and</W></C><W>everything</W><W>went</W><W>back</W><W>to</W><W>normal</W><W>.</W></SENTENCE><SENTENCE><W>I</W><W>have</W><W>to</W><W>admit</W><W>I</W><W>was</W><W>impressed</W><W>by</W><W>the</W><W>hotels</W><W>fire</W><W>preparedness</W><W>.</W></SENTENCE><SENTENCE><W>Imagine</W><W>evacuating</W><W>a</W><W>giant</W><W>hotel/casino</W><C><cue ID="11" type="negation"><W>without</W></cue></C><xcope ID="31"><ref ID="51" SRC="11"></ref><W>clear</W><W>instructions</W></xcope><W>.</W></SENTENCE><SENTENCE><W>I</W><cue ID="12" type="negation"><W>had</W><W>nt</W></cue><xcope ID="33"><ref COMMENTS="" ID="53" SRC="12"></ref><C><cue ID="13" type="speculation"><W>thought</W></cue></C><xcope ID="32"><ref ID="52" SRC="13"></ref><W>of</W><W>fire</W><W>safety</W><W>before</W></xcope></xcope><W>,</W><W>but</W><W>it</W><W>was</W><W>comforting</W><W>to</W><W>know</W><W>the</W><W>hotel</W><W>had</W><W>a</W><W>good</W><W>system</W><W>.</W></SENTENCE></P></DOCUMENT>
