<?xml version="1.0" encoding="UTF-8"?>
<DOCUMENT><P></P><P><SENTENCE><W>On</W><W>our</W><W>last</W><W>visit</W><W>to</W><W>Disney</W><W>World</W><W>,</W><W>we</W><W>did</W><W>something</W><W>called</W><W>&#34;resort-hopping</W><W>&#34;</W><W>where</W><W>you</W><W>split</W><W>your</W><W>stay</W><W>between</W><xcope ID="19"><ref ID="36" SRC="1"></ref><W>two</W></xcope><C><cue ID="1" type="speculation"><W>or</W></cue></C><xcope ID="18"><ref ID="35" SRC="1"></ref><W>more</W><W>resorts</W></xcope><W>.</W></SENTENCE><SENTENCE><W>The</W><W>second</W><W>half</W><W>of</W><W>our</W><W>stay</W><W>was</W><W>at</W><W>the</W><W>Wilderness</W><W>Lodge</W><W>.</W></SENTENCE><SENTENCE><W>This</W><W>resort</W><W>is</W><W>in</W><W>the</W><W>lower</W><W>price</W><W>range</W><W>of</W><W>the</W><W>deluxe</W><W>resorts</W><W>at</W><W>Disney</W><W>World</W><W>.</W></SENTENCE><SENTENCE><W>We</W><W>received</W><W>an</W><W>annual</W><W>pass</W><W>rate</W><W>of</W><W>$</W><W>579</W><W>for</W><W>3</W><W>nights</W><W>.</W></SENTENCE><SENTENCE><W>Since</W><W>this</W><W>was</W><W>the</W><W>last</W><W>time</W><W>we</W><W>&#39;d</W><W>be</W><W>staying</W><W>at</W><W>Disney</W><W>with</W><W>only</W><W>2</W><W>kids</W><C><W>and</W></C><W>most</W><W>of</W><W>the</W><W>rooms</W><W>have</W><W>a</W><W>maximum</W><W>occupancy</W><W>of</W><W>4</W><W>,</W><W>we</W><C><cue ID="2" type="speculation"><W>thought</W></cue></C><xcope ID="20"><ref ID="37" SRC="2"></ref><W>we</W><W>&#39;d</W><W>better</W><W>give</W><W>it</W><W>a</W><W>shot</W><W>now</W></xcope><W>.</W></SENTENCE></P><P></P><P><SENTENCE><W>Walking</W><W>into</W><W>the</W><W>lobby</W><W>I</W><W>was</W><W>amazed</W><W>.</W></SENTENCE><SENTENCE><W>There</W><W>are</W><W>totem</W><W>poles</W><C><W>and</W></C><W>a</W><W>giant</W><W>stone</W><W>fireplace</W><W>.</W></SENTENCE><SENTENCE><W>Two</W><W>restaurants</W><W>are</W><W>present</W><W>just</W><W>off</W><W>the</W><W>lobby</W><W>,</W><W>Whispering</W><W>Canyon</W><C><W>and</W></C><W>Artist</W><W>Point</W><W>.</W></SENTENCE><SENTENCE><W>Artist</W><W>Point</W><W>offers</W><W>a</W><W>Winnie-the-Pooh</W><W>character</W><W>breakfast</W><W>,</W><W>while</W><W>there</W><W>&#39;s</W><W>good</W><W>fun</W><W>to</W><W>be</W><W>had</W><W>at</W><W>Whispering</W><W>Canyon</W><W>(</W><W>just</W><W>ask</W><W>for</W><W>ketchup</W><C><W>and</W></C><W>see</W><W>what</W><W>happens</W><W>)</W><W>.</W></SENTENCE><SENTENCE><W>There</W><W>is</W><W>also</W><W>a</W><W>cafeteria-style</W><W>restaurant</W><W>where</W><W>you</W><C><cue ID="3" type="speculation"><W>can</W></cue></C><W>purchase</W><W>a</W><W>refillable</W><W>mug</W><C><W>and</W></C><W>get</W><W>free</W><W>beverages</W><W>for</W><W>the</W><W>rest</W><W>of</W><W>your</W><W>trip</W><W>.</W></SENTENCE><SENTENCE><W>During</W><W>our</W><W>trip</W><W>there</W><W>was</W><W>a</W><W>lot</W><W>of</W><W>construction</W><W>going</W><W>on</W><W>in</W><W>this</W><W>area</W><W>,</W><W>so</W><W>I</W><cue ID="5" type="negation"><W>do</W><W>n&#39;t</W></cue><xcope ID="23"><ref COMMENTS="" ID="39" SRC="5"></ref><W>know</W><C><cue ID="4" type="speculation"><W>if</W></cue></C><xcope ID="22"><ref ID="38" SRC="4"></ref><W>we</W><W>got</W><W>a</W><W>fair</W><W>sampling</W><W>of</W><W>the</W><W>food</W></xcope></xcope><W>,</W><W>but</W><W>it</W><C><cue ID="6" type="speculation"><W>seemed</W></cue></C><xcope ID="21"><ref ID="40" SRC="6"></ref><W>to</W><W>be</W><W>somewhat</W><C><W>lacking</W></C></xcope><W>.</W></SENTENCE></P><P></P><P><SENTENCE><W>The</W><W>rooms</W><W>themselves</W><W>are</W><W>mainly</W><W>in</W><W>two</W><W>wings</W><W>.</W></SENTENCE><SENTENCE><W>We</W><W>asked</W><W>for</W><C><W>and</W></C><W>received</W><W>a</W><W>room</W><W>on</W><W>the</W><W>5th</W><W>floor</W><W>overlooking</W><W>the</W><W>Magic</W><W>Kingdom</W><W>.</W></SENTENCE><SENTENCE><W>The</W><W>plus</W><W>was</W><W>having</W><W>a</W><W>view</W><W>of</W><W>the</W><W>Castle</W><C><W>and</W></C><W>viewing</W><W>the</W><W>fireworks</W><W>at</W><W>night</W><W>through</W><W>the</W><W>trees</W><W>.</W></SENTENCE><SENTENCE><W>The</W><W>minus</W><W>is</W><W>that</W><W>this</W><W>overlooks</W><W>the</W><W>smokehouse</W><W>for</W><W>the</W><W>restaurant</W><C><W>and</W></C><W>a</W><W>delivery</W><W>area</W><W>.</W></SENTENCE><SENTENCE><W>Some</W><W>people</W><W>have</W><W>said</W><W>they</W><W>found</W><W>it</W><W>noisy</W><W>,</W><W>but</W><W>we</W><W>did</W><W>n&#39;t</W><W>notice</W><W>any</W><W>outside</W><W>noise</W><W>.</W></SENTENCE><SENTENCE><W>The</W><W>5th</W><W>floor</W><W>balconies</W><W>have</W><W>a</W><W>railing</W><W>,</W><W>while</W><W>the</W><W>6th</W><W>floor</W><W>has</W><W>decorative</W><W>boards</W><W>,</W><W>making</W><W>it</W><W>harder</W><W>for</W><W>little</W><W>ones</W><W>to</W><W>get</W><W>a</W><W>view</W><C><W>and</W></C><W>tempting</W><W>them</W><W>to</W><W>climb</W><W>up</W><W>to</W><W>get</W><W>one</W><W>.</W></SENTENCE></P><P></P><P><SENTENCE><W>The</W><W>room</W><W>was</W><W>nicely</W><W>decorated</W><C><W>and</W></C><W>clean</W><W>.</W></SENTENCE><SENTENCE><W>The</W><W>double</W><W>sink</W><W>is</W><W>outside</W><W>of</W><W>the</W><W>bathroom</W><C><W>and</W></C><W>has</W><W>plenty</W><W>of</W><W>counter</W><W>space</W><W>.</W></SENTENCE><SENTENCE><W>There</W><W>was</W><W>also</W><W>quite</W><W>a</W><W>bit</W><W>of</W><W>closet</W><W>space</W><W>.</W></SENTENCE><SENTENCE><W>One</W><W>of</W><W>the</W><W>amenities</W><W>the</W><W>deluxe</W><W>resorts</W><W>have</W><W>over</W><W>moderates</W><W>is</W><W>a</W><W>full</W><W>room</W><W>service</W><C><W>instead</W></C><W>of</W><W>pizza</W><W>delivery</W><W>,</W><W>Though</W><W>we</W><C><cue ID="8" type="negation"><W>never</W></cue></C><xcope ID="24"><ref ID="41" SRC="8"></ref><W>used</W><W>it</W></xcope><W>,</W><W>the</W><W>menu</W><W>was</W><W>very</W><W>tempting</W><C><W>and</W></C><C><cue ID="7" type="speculation"><W>would</W></cue></C><xcope ID="26"><ref ID="42" SRC="7"></ref><W>&#39;ve</W><W>been</W><W>nice</W><W>for</W><W>a</W><W>late-night</W><W>snack</W><W>after</W><W>a</W><W>day</W><W>of</W><W>touring</W><W>the</W><W>parks</W></xcope><W>.</W></SENTENCE><SENTENCE><W>Another</W><W>amenity</W><W>is</W><W>the</W><W>&#34;</W><W>Cubs</W><W>Den</W><W>&#34;</W><W>where</W><W>your</W><W>children</W><C><cue ID="9" type="speculation"><W>can</W></cue></C><xcope ID="25"><ref ID="43" SRC="9"></ref><W>go</W><W>for</W><W>fun</W><W>at</W><W>night</W></xcope><W>while</W><W>the</W><W>parents</W><W>get</W><W>a</W><W>night</W><W>out</W><W>to</W><W>themselves</W><W>.</W></SENTENCE><SENTENCE><W>We</W><W>do</W><W>n&#39;t</W><W>like</W><W>to</W><W>leave</W><W>our</W><W>kids</W><W>on</W><W>vacation</W><W>,</W><W>but</W><W>I</W><W>have</W><W>heard</W><W>from</W><W>a</W><W>lot</W><W>of</W><W>people</W><W>that</W><W>their</W><W>kids</W><W>look</W><W>forward</W><W>to</W><W>spending</W><W>this</W><W>time</W><W>away</W><W>from</W><W>Mom</W><C><W>and</W></C><W>Dad</W><W>.</W></SENTENCE></P><P></P><P><SENTENCE><W>But</W><W>what</W><W>we</W><W>loved</W><W>best</W><W>about</W><W>the</W><W>Wilderness</W><W>Lodge</W><W>was</W><W>the</W><W>pool</W><W>area</W><W>.</W></SENTENCE><SENTENCE><W>Water</W><W>runs</W><W>out</W><W>of</W><W>the</W><W>lobby</W><C><W>and</W></C><W>down</W><W>through</W><W>a</W><W>waterfall</W><C><W>and</W></C><W>a</W><W>&#34;brook</W><W>&#34;</W><W>into</W><W>the</W><W>pool</W><W>.</W></SENTENCE><SENTENCE><W>There</W><W>is</W><W>a</W><W>slide</W><W>that</W><W>my</W><W>9</W><W>year</W><W>old</W><cue ID="10" type="speculation"><C><W>could</W></C><W>n&#39;t</W></cue><xcope ID="27"><ref COMMENTS="" ID="45" SRC="10"></ref><W>get</W><W>enough</W><W>of</W></xcope><W>.</W></SENTENCE><SENTENCE><W>Even</W><W>in</W><W>the</W><W>cool</W><W>early</W><W>March</W><W>nights</W><W>,</W><W>the</W><W>two</W><W>of</W><W>them</W><C><cue ID="11" type="speculation"><W>would</W></cue></C><xcope ID="28"><ref ID="44" SRC="11"></ref><W>ask</W><W>to</W><W>go</W><W>to</W><W>the</W><W>pool</W><W>after</W><W>a</W><W>day</W><W>in</W><W>the</W><W>parks</W></xcope><W>.</W></SENTENCE><SENTENCE><W>There</W><W>is</W><W>also</W><W>a</W><W>wading</W><W>pool</W><W>for</W><W>little</W><W>swimmers</W><C><W>and</W></C><W>two</W><W>hot</W><W>tubs</W><W>.</W></SENTENCE><SENTENCE><W>In</W><W>keeping</W><W>with</W><W>the</W><W>Northwest</W><W>theme</W><W>,</W><W>a</W><W>geyser</W><W>goes</W><W>off</W><W>every</W><W>hour</W><W>.</W></SENTENCE><SENTENCE><W>All</W><W>of</W><W>this</W><W>area</W><W>offers</W><W>a</W><W>clear</W><W>view</W><W>of</W><W>Bay</W><W>Lake</W><W>.</W></SENTENCE><SENTENCE><W>Our</W><W>daughters</W><W>had</W><W>their</W><W>hair</W><W>&#34;wrapped</W><W>&#34;</W><W>poolside</W><W>at</W><W>a</W><W>cost</W><W>of</W><W>about</W><W>$</W><W>60</W><W>for</W><W>the</W><W>two</W><W>of</W><W>them</W><W>.</W></SENTENCE><SENTENCE><C><cue ID="12" type="speculation"><W>If</W></cue></C><xcope ID="30"><ref ID="47" SRC="12"></ref><W>you</W><C><cue ID="13" type="speculation"><W>can</W></cue></C><xcope ID="29"><ref ID="46" SRC="13"></ref><W>get</W><W>out</W><W>of</W><W>doing</W><W>this</W></xcope></xcope><W>,</W><W>it</W><W>&#39;s</W><W>a</W><W>good</W><C><W>idea</W></C><W>.</W></SENTENCE><SENTENCE><W>We</W><W>started</W><W>the</W><W>tradition</W><W>one</W><W>year</W><C><W>and</W></C><W>now</W><W>they</W><W>look</W><W>forward</W><W>to</W><W>it</W><W>.</W></SENTENCE></P><P></P><P><SENTENCE><W>The</W><W>Magic</W><W>Kingdom</W><W>is</W><W>just</W><W>a</W><W>short</W><W>boat</W><W>ride</W><W>away</W><W>from</W><W>Wilderness</W><W>Lodge</W><W>.</W></SENTENCE><SENTENCE><W>There</W><W>is</W><W>also</W><W>a</W><W>marina</W><W>,</W><C><W>and</W></C><W>you</W><C><cue ID="14" type="speculation"><W>can</W></cue></C><xcope ID="31"><ref ID="48" SRC="14"></ref><W>watch</W><W>the</W><W>water</W><W>pageant</W><W>on</W><W>the</W><W>beach</W><W>every</W><W>night</W></xcope><W>.</W></SENTENCE><SENTENCE><W>This</W><W>resort</W><W>is</W><W>so</W><W>interesting</W><W>that</W><W>Disney</W><W>offers</W><W>tours</W><W>.</W></SENTENCE><SENTENCE><W>Inquire</W><W>at</W><W>guest</W><W>services</W><C><cue ID="15" type="speculation"><W>if</W></cue></C><xcope ID="32"><ref ID="49" SRC="15"></ref><W>you</W><W>are</W><W>interested</W></xcope><W>.</W></SENTENCE><SENTENCE><W>This</W><W>is</W><W>one</W><W>of</W><W>the</W><W>resorts</W><W>I</W><C><cue ID="16" type="speculation"><W>would</W></cue></C><xcope ID="34"><ref ID="51" SRC="16"></ref><W>love</W><W>to</W><W>stay</W><W>at</W><W>again</W><C><cue ID="17" type="speculation"><W>if</W></cue></C><xcope ID="33"><ref ID="50" SRC="17"></ref><W>I</W><W>had</W><W>the</W><W>money</W></xcope></xcope><W>cause</W><W>we</W><W>enjoyed</W><W>it</W><W>so</W><W>much</W><W>.</W></SENTENCE></P></DOCUMENT>
