<?xml version="1.0" encoding="UTF-8"?>
<DOCUMENT><P></P><P><SENTENCE><W>It</W><C><cue ID="0" type="speculation"><W>would</W></cue></C><xcope ID="22"><ref ID="45" SRC="0"></ref><W>be</W><W>foolish</W><W>to</W><W>put</W><W>some</W><W>clever</W><W>title</W><W>on</W><W>the</W><W>review</W><W>of</W><W>this</W><W>hotel</W></xcope><W>,</W><W>because</W><W>it</W><W>is</W><W>exactly</W><W>what</W><W>it</W><W>is</W><W>.</W></SENTENCE><SENTENCE><W>A</W><W>beautiful</W><W>hotel</W><W>,</W><W>in</W><W>a</W><W>perfect</W><W>location</W><W>,</W><W>with</W><W>large</W><W>rooms</W><W>,</W><C><W>and</W></C><W>an</W><W>architectural</W><W>design</W><W>beyond</W><W>belief</W><W>.</W></SENTENCE></P><P></P><P><SENTENCE><W>We</W><W>visited</W><W>this</W><W>resort</W><W>for</W><W>our</W><W>25th</W><W>wedding</W><W>anniversary</W><W>.</W></SENTENCE><SENTENCE><W>We</W><W>traveled</W><W>in</W><W>March</W><W>,</W><W>which</W><W>tends</W><W>to</W><W>be</W><W>the</W><W>high</W><W>rain</W><W>season</W><W>,</W><C><W>and</W></C><W>it</W><C><cue ID="1" type="speculation"><W>seems</W></cue></C><xcope ID="24"><ref ID="46" SRC="1"></ref><W>that</W><W>every</W><W>time</W><W>we</W><W>visit</W><W>a</W><W>beach</W><W>resort</W><W>it</W><W>rains</W></xcope><W>.</W></SENTENCE><SENTENCE><W>It</W><W>rained</W><W>every</W><W>day</W><W>,</W><W>as</W><W>we</W><W>were</W><W>in</W><W>the</W><W>midst</W><W>of</W><W>a</W><W>minor</W><W>storm</W><W>that</W><W>had</W><W>done</W><W>some</W><W>damage</W><W>to</W><W>the</W><W>islands</W><W>.</W></SENTENCE><SENTENCE><cue ID="3" type="speculation"><W>Maybe</W></cue><xcope ID="23"><ref COMMENTS="" ID="48" SRC="3"></ref><W>that</W><W>is</W><W>why</W><W>we</W><W>take</W><W>more</W><W>cruises</W></xcope><W>,</W><W>as</W><W>the</W><W>ship</W><W>keeps</W><W>moving</W><W>,</W><C><W>and</W></C><W>the</W><W>rain</W><cue ID="2" type="negation"><W>ca</W><W>n&#39;t</W></cue><xcope ID="25"><ref COMMENTS="" ID="47" SRC="2"></ref><W>be</W><W>there</W><W>forever</W></xcope><W>.</W></SENTENCE></P><P></P><P><SENTENCE><W>We</W><W>booked</W><W>this</W><W>trip</W><W>with</W><W>United</W><W>Vacations</W><W>,</W><C><W>and</W></C><W>since</W><W>we</W><W>had</W><C><cue ID="4" type="negation"><W>not</W></cue></C><xcope ID="26"><ref ID="49" SRC="4"></ref><W>started</W><W>traveling</W><W>as</W><W>much</W><W>as</W><W>we</W><W>do</W><W>now</W></xcope><W>,</W><W>I</W><W>&#34;</W><W>trusted</W><W>&#34;</W><W>their</W><W>opinions</W><W>.</W></SENTENCE><SENTENCE><W>I</W><W>did</W><W>have</W><W>some</W><W>concern</W><W>because</W><W>the</W><W>big</W><W>hurricane</W><W>had</W><W>done</W><W>severe</W><W>damage</W><W>to</W><W>the</W><W>island</W><W>,</W><C><W>and</W></C><W>we</W><W>were</W><W>coming</W><W>just</W><W>a</W><W>year</W><W>later</W><W>.</W></SENTENCE><SENTENCE><W>I</W><W>was</W><W>assured</W><W>by</W><W>the</W><W>United</W><W>Vacations</W><W>representative</W><W>that</W><W>the</W><W>island</W><W>was</W><W>in</W><W>perfect</W><W>condition</W><W>,</W><W>which</W><W>was</W><C><cue ID="5" type="negation"><W>not</W></cue></C><xcope ID="27"><ref ID="50" SRC="5"></ref><W>the</W><W>case</W></xcope><W>.</W></SENTENCE><SENTENCE><W>However</W><W>,</W><W>since</W><W>that</W><W>was</W><W>more</W><W>than</W><W>five</W><W>years</W><W>ago</W><W>,</W><C><cue ID="6" type="negation"><W>no</W></cue></C><xcope ID="28"><ref ID="51" SRC="6"></ref><W>doubt</W><W>all</W><W>the</W><W>damage</W><W>has</W><W>been</W><W>fixed</W></xcope><W>,</W><C><W>and</W></C><W>the</W><W>vegetation</W><W>has</W><W>grown</W><W>back</W><W>.</W></SENTENCE><SENTENCE><W>However</W><W>,</W><W>I</W><C><cue ID="7" type="speculation"><W>would</W></cue></C><xcope ID="30"><ref ID="53" SRC="7"></ref><C><cue ID="8" type="negation"><W>not</W></cue></C><xcope ID="29"><ref ID="52" SRC="8"></ref><W>recommend</W><W>United</W><W>Vacations</W></xcope></xcope><W>unless</W><W>you</W><W>have</W><W>really</W><W>done</W><W>your</W><W>homework</W><W>concerning</W><W>your</W><W>chosen</W><W>destination</W><W>.</W></SENTENCE></P><P></P><P><SENTENCE><W>The</W><W>hotel</W><W>is</W><W>a</W><W>very</W><W>open</W><W>concept</W><W>design</W><W>that</W><W>sits</W><W>on</W><W>50</W><W>acres</W><W>of</W><W>the</W><W>Poipu</W><W>Beach</W><W>District</W><W>of</W><W>Kauai</W><W>.</W></SENTENCE><SENTENCE><W>The</W><W>grounds</W><W>were</W><W>beautiful</W><W>,</W><C><W>and</W></C><W>the</W><W>interior</W><W>of</W><W>the</W><W>hotel</W><W>was</W><W>open</W><W>to</W><W>the</W><W>outside</W><W>,</W><W>as</W><W>were</W><W>all</W><W>the</W><W>halls</W><W>to</W><W>the</W><W>various</W><W>destinations</W><W>of</W><W>the</W><W>hotel</W><W>.</W></SENTENCE><SENTENCE><W>Everything</W><W>was</W><W>protected</W><W>from</W><W>the</W><W>elements</W><W>,</W><C><W>and</W></C><W>it</W><W>gave</W><W>you</W><W>a</W><W>very</W><W>tropical</W><W>feeling</W><W>.</W></SENTENCE><SENTENCE><W>In</W><W>the</W><W>lobby</W><W>were</W><W>a</W><W>beautiful</W><W>collection</W><W>of</W><W>live</W><W>,</W><W>native</W><W>birds</W><W>,</W><W>of</W><W>magnificent</W><W>colors</W><W>,</W><W>some</W><W>in</W><W>cages</W><W>,</W><C><W>and</W></C><W>some</W><W>sitting</W><W>on</W><W>perches</W><W>.</W></SENTENCE><SENTENCE><W>Marble</W><C><W>and</W></C><W>oriental</W><W>rugs</W><W>,</W><W>lush</W><W>tropical</W><W>fresh</W><W>flowers</W><W>were</W><W>everywhere</W><W>.</W></SENTENCE><SENTENCE><W>There</W><W>is</W><W>nothing</W><W>about</W><W>this</W><W>hotel</W><W>that</W><C><cue ID="9" type="speculation"><W>would</W></cue></C><xcope ID="31"><ref ID="54" SRC="9"></ref><W>be</W><W>a</W><W>disappointment</W></xcope><W>.</W></SENTENCE></P><P></P><P><SENTENCE><W>There</W><W>are</W><W>602</W><W>rooms</W><W>spread</W><W>out</W><W>over</W><W>the</W><W>large</W><W>hotel</W><W>area</W><W>,</W><C><W>and</W></C><W>they</W><W>are</W><W>only</W><W>on</W><W>two</W><W>floors</W><W>.</W></SENTENCE><SENTENCE><W>We</W><W>had</W><W>booked</W><W>a</W><W>standard</W><W>room</W><W>,</W><W>but</W><W>I</W><W>did</W><W>call</W><W>the</W><W>hotel</W><C><W>and</W></C><W>let</W><W>them</W><W>know</W><W>it</W><W>was</W><W>our</W><W>anniversary</W><W>,</W><C><W>and</W></C><W>we</W><W>received</W><W>a</W><W>complimentary</W><W>upgrade</W><W>to</W><W>the</W><W>Regency</W><W>Club</W><W>.</W></SENTENCE><SENTENCE><W>The</W><W>Regency</W><W>Club</W><W>consisted</W><W>of</W><W>40</W><W>incredibly</W><W>beautiful</W><W>room</W><W>with</W><W>a</W><W>private</W><W>access</W><W>lounge</W><W>.</W></SENTENCE><SENTENCE><W>The</W><W>room</W><W>was</W><W>large</W><W>,</W><W>king</W><W>size</W><W>bed</W><W>,</W><W>interesting</W><W>furniture</W><W>,</W><C><W>and</W></C><W>comfortable</W><W>chairs</W><W>,</W><C><W>and</W></C><W>a</W><xcope ID="33"><ref ID="56" SRC="10"></ref><W>patio</W></xcope><C><cue ID="10" type="speculation"><W>or</W></cue></C><xcope ID="32"><ref ID="55" SRC="10"></ref><W>balcony</W></xcope><W>depending</W><W>on</W><W>the</W><W>floor</W><W>you</W><W>were</W><W>on</W><W>.</W></SENTENCE><SENTENCE><W>I</W><W>am</W><W>always</W><W>fascinated</W><W>with</W><W>the</W><W>bathrooms</W><W>in</W><W>these</W><W>hotels</W><W>.</W></SENTENCE><SENTENCE><W>This</W><W>was</W><W>again</W><W>marble</W><W>,</W><W>in</W><W>two</W><W>compartments</W><W>,</W><W>with</W><W>sliding</W><W>doors</W><W>that</W><W>open</W><W>up</W><W>to</W><W>the</W><W>room</W><W>.</W></SENTENCE></P><P></P><P><SENTENCE><W>The</W><W>Regency</W><W>Club</W><W>was</W><W>the</W><W>best</W><W>one</W><W>we</W><W>have</W><W>ever</W><W>experienced</W><W>.</W></SENTENCE><SENTENCE><W>We</W><C><cue ID="11" type="speculation"><W>could</W></cue></C><xcope ID="36"><ref ID="59" SRC="11"></ref><C><cue ID="12" type="negation"><W>not</W></cue></C><xcope ID="35"><ref ID="58" SRC="12"></ref><C><cue ID="13" type="speculation"><W>believe</W></cue></C><xcope ID="34"><ref ID="57" SRC="13"></ref><W>the</W><W>food</W><W>that</W><W>they</W><W>put</W><W>out</W></xcope></xcope></xcope><W>,</W><W>starting</W><W>with</W><W>breakfast</W><C><W>and</W></C><W>ending</W><W>with</W><W>evening</W><W>drinks</W><W>.</W></SENTENCE><SENTENCE><W>Breakfast</W><W>contained</W><W>anything</W><W>you</W><W>wanted</W><W>,</W><W>lunch</W><W>was</W><W>a</W><W>nice</W><W>snack</W><W>,</W><C><W>and</W></C><W>the</W><W>evening</W><W>snacks</W><W>....well</W><W>,</W><W>there</W><W>was</W><W>so</W><W>much</W><W>food</W><W>we</W><C><cue ID="14" type="negation"><W>never</W></cue></C><xcope ID="37"><ref ID="60" SRC="14"></ref><W>ate</W><W>dinner</W><W>in</W><W>a</W><W>week</W></xcope><W>.</W></SENTENCE><SENTENCE><W>Every</W><W>night</W><W>they</W><W>had</W><W>a</W><W>different</W><W>theme</W><W>for</W><W>dinner</W><W>,</W><C><W>and</W></C><W>since</W><W>there</W><W>was</W><W>so</W><W>much</W><W>to</W><W>eat</W><W>,</W><C><W>and</W></C><W>drink</W><W>,</W><W>why</W><W>pay</W><W>for</W><W>a</W><W>meal</W><W>.</W></SENTENCE><SENTENCE><W>The</W><W>decor</W><W>was</W><W>very</W><W>comfortable</W><W>,</W><W>tropical</W><W>,</W><C><W>and</W></C><W>became</W><W>our</W><W>little</W><W>meeting</W><W>area</W><W>with</W><W>friends</W><W>,</W><W>because</W><W>the</W><W>weather</W><W>was</W><W>so</W><W>bad</W><W>.</W></SENTENCE></P><P></P><P><SENTENCE><W>The</W><W>beach</W><W>is</W><C><cue ID="15" type="speculation"><W>supposed</W></cue></C><xcope ID="39"><ref ID="62" SRC="15"></ref><W>to</W><W>be</W><W>great</W></xcope><W>.</W></SENTENCE><SENTENCE><W>The</W><W>whole</W><W>time</W><W>we</W><W>were</W><W>there</W><W>the</W><W>red</W><W>flag</W><W>was</W><W>up</W><W>,</W><W>so</W><W>we</W><cue ID="17" type="negation"><W>did</W><W>n&#39;t</W></cue><xcope ID="38"><ref COMMENTS="" ID="61" SRC="17"></ref><W>get</W><W>in</W><W>the</W><W>water</W></xcope><W>.</W></SENTENCE><SENTENCE><W>There</W><W>are</W><W>two</W><W>large</W><W>swimming</W><W>pools</W><W>connected</W><W>by</W><W>a</W><W>river</W><W>like</W><W>park</W><W>,</W><C><W>and</W></C><W>a</W><W>sand</W><W>beach</W><W>.</W></SENTENCE><SENTENCE><W>The</W><W>weather</W><W>did</W><W>give</W><W>us</W><W>a</W><W>little</W><W>break</W><W>,</W><C><W>and</W></C><W>we</W><W>enjoyed</W><W>this</W><W>so</W><W>much</W><W>.</W></SENTENCE><SENTENCE><W>The</W><W>children</W><W>were</W><W>having</W><W>a</W><W>great</W><W>time</W><W>with</W><W>all</W><W>the</W><W>facilities</W><W>at</W><W>the</W><W>pool</W><W>.</W></SENTENCE><SENTENCE><W>The</W><W>sand</W><W>area</W><W>is</W><W>around</W><W>a</W><W>five</W><W>acre</W><W>saltwater</W><W>lagoon</W><W>.</W></SENTENCE><SENTENCE><W>Frankly</W><W>,</W><W>they</W><cue ID="16" type="negation"><W>did</W><W>n&#39;t</W></cue><xcope ID="40"><ref COMMENTS="" ID="63" SRC="16"></ref><W>even</W><W>need</W><W>a</W><W>beach</W></xcope><W>!</W></SENTENCE></P><P></P><P><SENTENCE><W>One</W><W>day</W><W>I</W><W>had</W><W>to</W><W>go</W><W>to</W><W>the</W><W>Spa</W><W>.</W></SENTENCE><SENTENCE><W>I</W><W>decided</W><W>on</W><W>a</W><W>package</W><W>that</W><W>had</W><W>a</W><W>facial</W><W>,</W><W>partial</W><W>massage</W><W>,</W><C><W>and</W></C><W>manicure</W><W>.</W></SENTENCE><SENTENCE><W>The</W><W>price</W><W>was</W><W>about</W><W>$</W><W>100</W><W>,</W><C><W>and</W></C><W>it</W><W>took</W><W>the</W><W>whole</W><W>afternoon</W><W>.</W></SENTENCE><SENTENCE><W>The</W><W>total</W><W>spa</W><W>area</W><W>is</W><W>25,000</W><W>sq</W><W>ft</W><W>,</W><C><W>and</W></C><W>has</W><W>it</W><W>&#39;s</W><W>own</W><W>partially</W><W>enclosed</W><W>pool</W><W>,</W><W>elaborate</W><W>exercise</W><W>facility</W><W>,</W><C><W>and</W></C><W>lava</W><W>rock</W><W>showers</W><W>.</W></SENTENCE></P><P></P><P><SENTENCE><W>This</W><W>hotel</W><W>is</W><W>a</W><W>real</W><W>winner</W><W>,</W><W>complete</W><W>with</W><W>it</W><W>&#39;s</W><W>own</W><W>18</W><W>hole</W><W>golf</W><W>course</W><W>.</W></SENTENCE><SENTENCE><W>Although</W><W>I</W><C><cue ID="18" type="speculation"><W>would</W></cue></C><xcope ID="44"><ref ID="64" SRC="18"></ref><W>be</W><W>cautious</W><W>about</W><W>the</W><W>time</W><W>of</W><W>year</W><W>I</W><W>visited</W></xcope><W>,</W><W>I</W><C><cue ID="19" type="speculation"><W>would</W></cue></C><xcope ID="43"><ref ID="67" SRC="19"></ref><W>say</W><W>there</W><W>is</W><C><cue ID="20" type="negation"><W>no</W></cue></C><xcope ID="42"><ref ID="66" SRC="20"></ref><W>way</W><W>you</W><C><cue ID="21" type="speculation"><W>could</W></cue></C><xcope ID="41"><ref ID="65" SRC="21"></ref><W>be</W><W>disappointed</W><W>in</W><W>your</W><W>stay</W><W>here</W></xcope></xcope></xcope><W>.</W></SENTENCE></P></DOCUMENT>
