<?xml version="1.0" encoding="UTF-8"?>
<DOCUMENT><P></P><P><SENTENCE><W>What</W><W>a</W><W>great</W><W>Tahoe</W><W>hotel</W><W>!</W></SENTENCE><SENTENCE><W>An</W><W>older</W><W>resort</W><W>,</W><W>it</W><W>is</W><W>nice</W><W>although</W><W>somewhat</W><W>unspectacular</W><W>when</W><W>you</W><W>drive</W><W>up</W><W>for</W><W>the</W><W>first</W><W>time</W><W>.</W></SENTENCE><SENTENCE><W>Then</W><W>,</W><W>when</W><W>you</W><W>walk</W><W>out</W><W>of</W><W>the</W><W>snow</W><C><W>and</W></C><W>into</W><W>the</W><W>lobby</W><W>....well</W><W>,</W><W>WOW</W><W>!</W></SENTENCE><SENTENCE><W>The</W><W>expansive</W><W>lobby</W><W>area</W><W>is</W><W>dark</W><W>,</W><W>warm</W><W>,</W><C><W>and</W></C><W>decorated</W><W>in</W><W>beautiful</W><W>,</W><W>rustic</W><W>,</W><W>mountain</W><W>chic...with</W><W>lots</W><W>of</W><W>dark</W><W>wood</W><W>,</W><W>stone</W><W>,</W><C><W>and</W></C><W>high</W><W>beams</W><W>.</W></SENTENCE><SENTENCE><W>Big</W><W>fireplaces</W><W>were</W><W>going</W><W>with</W><W>cozy</W><W>leather</W><W>furniture</W><W>groupings</W><W>around</W><W>each</W><W>,</W><W>almost</W><W>begging</W><W>us</W><W>to</W><W>curl</W><W>up</W><W>there</W><W>with</W><W>a</W><W>warming</W><W>libation</W><W>.</W></SENTENCE><SENTENCE><W>My</W><W>husband</W><C><W>and</W></C><W>I</W><W>visited</W><W>the</W><W>week</W><W>before</W><W>Christmas</W><W>,</W><C><W>and</W></C><W>the</W><W>numerous</W><W>,</W><W>beautifully</W><W>decorated</W><W>lobby</W><W>trees</W><W>only</W><W>enhanced</W><W>the</W><W>ambiance</W><W>.</W></SENTENCE><SENTENCE><W>Service</W><W>was</W><W>good</W><W>,</W><C><cue ID="0" type="speculation"><W>if</W></cue></C><xcope ID="24"><ref ID="47" SRC="0"></ref><W>rather</W><W>laid-back</W></xcope><W>.</W></SENTENCE><SENTENCE><W>This</W><W>was</W><C><cue ID="1" type="negation"><W>not</W></cue></C><xcope ID="23"><ref ID="46" SRC="1"></ref><W>necessarily</W><W>a</W><W>bad</W><W>thing</W></xcope><W>,</W><W>but</W><W>was</W><W>rather</W><W>in</W><W>keeping</W><W>with</W><W>the</W><W>general</W><W>tone</W><W>of</W><W>this</W><W>quaint</W><W>,</W><W>slow-paced</W><W>resort</W><W>town</W><W>.</W></SENTENCE><SENTENCE><W>It</W><W>was</W><W>there</W><C><cue ID="2" type="speculation"><W>if</W></cue></C><xcope ID="25"><ref COMMENTS="" ID="48" SRC="2"></ref><W>you</W><W>needed</W><W>it</W></xcope><W>,</W><W>but</W><C><cue ID="3" type="negation"><W>not</W></cue></C><xcope ID="26"><ref COMMENTS="" ID="49" SRC="3"></ref><W>in</W><W>the</W><W>in-your-face-everywhere-you-turn</W><W>sort</W><W>of</W><W>way</W><W>that</W><W>it</W><W>is</W></xcope><W>,</W><W>for</W><W>instance</W><W>,</W><W>on</W><W>a</W><W>cruise</W><W>ship</W><W>.</W></SENTENCE><SENTENCE><W>The</W><W>hotel</W><W>employees</W><W>were</W><W>generally</W><W>informal</W><W>,</W><W>friendly</W><C><W>and</W></C><W>helpful</W><W>.</W></SENTENCE><SENTENCE><W>The</W><W>only</W><C><W>negative</W></C><W>that</W><W>comes</W><W>to</W><W>mind</W><W>was</W><W>a</W><W>kiosk</W><W>set</W><W>up</W><W>near</W><W>the</W><W>main</W><W>elevators</W><W>from</W><W>which</W><W>time-share</W><W>hawkers</W><W>continuously</W><W>beckoned</W><W>hotel</W><W>guests</W><W>as</W><W>they</W><W>came</W><W>to</W><C><W>and</W></C><W>from</W><W>their</W><W>rooms</W><W>.</W></SENTENCE><SENTENCE><W>Walking</W><W>by</W><W>several</W><W>times</W><W>per</W><W>day</W><W>was</W><W>almost</W><W>unavoidable</W><W>,</W><C><W>and</W></C><W>we</W><W>were</W><W>somewhat</W><W>rabidly</W><W>solicited</W><W>about</W><W>half</W><W>a</W><W>dozen</W><W>times</W><W>during</W><W>our</W><W>5-night</W><W>visit</W><W>.</W></SENTENCE></P><P></P><P><SENTENCE><W>We</W><W>got</W><W>a</W><W>King</W><W>Hotel</W><W>Room</W><W>,</W><C><W>and</W></C><W>we</W><W>were</W><W>extremely</W><W>happy</W><W>with</W><W>it</W><W>.</W></SENTENCE><SENTENCE><W>It</W><W>was</W><W>newly</W><W>decorated</W><W>(</W><C><W>and</W></C><W>looked</W><W>it</W><W>)</W><W>,</W><W>furnished</W><W>in</W><W>sort</W><W>of</W><W>a</W><W>rustic-yet-contemporary</W><W>style</W><W>with</W><W>an</W><W>earthtone</W><W>pallette</W><W>.</W></SENTENCE><SENTENCE><W>We</W><W>had</W><W>a</W><W>spacious</W><W>,</W><W>well</W><W>lighted</W><W>bathroom</W><W>(</W><W>always</W><W>a</W><W>big</W><W>plus</W><W>for</W><W>me</W><W>!</W><W>)</W><W>,</W><W>large</W><W>closet</W><W>,</W><W>mini-bar</W><W>,</W><W>armoire</W><W>with</W><W>television</W><W>,</W><W>work/entertainment</W><W>table</W><C><W>and</W></C><W>chairs</W><W>,</W><C><W>and</W></C><W>what</W><W>was</W><C><cue ID="4" type="speculation"><W>probably</W></cue></C><xcope ID="27"><ref COMMENTS="" ID="50" SRC="4"></ref><W>the</W><W>most</W><W>comfortable</W><W>hotel</W><W>bed</W><W>I</W><W>have</W><W>ever</W><W>slept</W><W>in</W></xcope><W>.</W></SENTENCE><SENTENCE><W>The</W><W>bed</W><W>had</W><W>a</W><W>fantastic</W><W>mattress</W><C><W>and</W></C><W>box</W><W>spring</W><W>(</W><W>which</W><W>is</W><W>sometimes</W><W>aggravatingly</W><C><W>absent</W></C><W>)</W><W>,</W><C><W>and</W></C><W>TWO</W><W>sheets</W><W>with</W><W>a</W><W>soft</W><W>,</W><W>thermal</W><W>blanket</W><W>between</W><W>them</W><W>.</W></SENTENCE><SENTENCE><W>It</W><W>was</W><W>topped</W><W>with</W><W>a</W><W>heavy</W><W>down</W><W>comforter</W><W>,</W><C><W>and</W></C><W>was</W><W>just</W><W>fabulous</W><W>to</W><W>sink</W><W>into</W><W>after</W><W>a</W><W>day</W><W>of</W><W>skiing</W><W>while</W><W>the</W><W>snow</W><W>swirled</W><C><W>and</W></C><W>wind</W><W>howled</W><W>outside</W><W>.</W></SENTENCE><SENTENCE><W>We</W><W>were</W><W>on</W><W>the</W><W>7th</W><W>floor</W><W>,</W><C><W>and</W></C><W>had</W><W>a</W><W>breathtaking</W><W>view</W><W>from</W><W>our</W><W>large</W><W>windows</W><W>of</W><W>both</W><W>the</W><W>mountains</W><C><W>and</W></C><W>lake</W><W>.</W></SENTENCE></P><P></P><P><SENTENCE><W>The</W><W>resort</W><W>boasts</W><W>an</W><W>absolutely</W><W>beautiful</W><W>restaurant</W><C><W>and</W></C><W>lounge</W><W>called</W><W>the</W><W>Lone</W><W>Eagle</W><W>Grille</W><W>.</W></SENTENCE><SENTENCE><W>You</W><W>do</W><W>have</W><W>a</W><W>short</W><W>walk</W><W>to</W><W>get</W><W>to</W><W>it</W><W>,</W><W>as</W><W>it</W><W>is</W><W>located</W><W>across</W><W>the</W><W>street</W><W>(</W><W>directly</W><W>on</W><W>the</W><W>shore</W><W>of</W><W>Lake</W><W>Tahoe</W><W>)</W><W>.</W></SENTENCE><SENTENCE><W>Well</W><W>worth</W><W>the</W><W>hike</W><W>,</W><W>even</W><W>in</W><W>the</W><W>snow</W><W>.</W></SENTENCE><SENTENCE><W>It</W><W>was</W><W>built</W><W>in</W><W>a</W><W>1920</W><W>&#39;s</W><W>lakefront</W><W>lodge</W><W>style</W><W>,</W><C><W>and</W></C><W>is</W><W>exquisitely</W><W>warm</W><C><W>and</W></C><W>romantic</W><W>.</W></SENTENCE><SENTENCE><W>Huge</W><W>picture</W><W>windows</W><W>face</W><W>out</W><W>over</W><W>the</W><W>lake</W><W>,</W><C><W>and</W></C><W>outdoor</W><W>fireplaces</W><W>were</W><W>burning</W><W>on</W><W>the</W><W>lakefront</W><W>patio</W><W>where</W><W>a</W><W>well-bundled</W><W>,</W><W>impervious-to-cold</W><W>crowd</W><W>sipped</W><W>cocktails</W><W>.</W></SENTENCE><SENTENCE><W>Inside</W><W>,</W><W>large</W><W>fireplaces</W><W>burned</W><W>continuously</W><C><W>and</W></C><W>more</W><W>of</W><W>the</W><W>vintage</W><W>mountain</W><W>decor</W><W>prevailed</W><W>.</W></SENTENCE><SENTENCE><W>On</W><W>one</W><W>side</W><W>,</W><W>a</W><W>light</W><W>appetizer</W><W>menu</W><W>was</W><W>served</W><W>along</W><W>with</W><W>an</W><W>extensive</W><W>list</W><W>of</W><W>martinis</W><C><W>and</W></C><W>other</W><W>libations</W><W>.</W></SENTENCE><SENTENCE><W>The</W><W>other</W><W>side</W><W>of</W><W>the</W><W>lodge</W><W>is</W><W>an</W><W>upscale</W><W>restaurant</W><W>(</W><W>which</W><W>we</W><cue ID="45" type="negation"><W>did</W><W>n&#39;t</W></cue><xcope ID="46"><ref COMMENTS="" ID="47" SRC="45"></ref><W>try</W></xcope><W>,</W><W>but</W><cue ID="51" type="speculation"><W>looked</W></cue><xcope ID="52"><ref COMMENTS="" ID="53" SRC="51"></ref><W>to</W><W>be</W><W>doing</W><W>a</W><W>land-office</W><W>business</W></xcope><W>)</W><W>.</W></SENTENCE><SENTENCE><W>I</W><W>highly</W><W>recommend</W><W>a</W><W>visit</W><W>to</W><W>the</W><W>cocktail</W><W>lounge</W><W>side</W><W>of</W><W>the</W><W>Lone</W><W>Eagle</W><W>,</W><W>at</W><W>the</W><W>very</W><W>least</W><W>.</W></SENTENCE><SENTENCE><W>Try</W><W>the</W><W>lobster</W><W>bisque</W><W>...it</W><W>was</W><W>some</W><W>of</W><W>the</W><W>best</W><W>we</W><W>&#39;d</W><W>ever</W><W>had</W><W>.</W></SENTENCE></P><P></P><P><SENTENCE><W>We</W><cue ID="48" type="negation"><W>did</W><W>n&#39;t</W></cue><xcope ID="49"><ref COMMENTS="" ID="50" SRC="48"></ref><W>have</W><W>many</W><W>of</W><W>our</W><W>meals</W><W>at</W><W>the</W><W>hotel</W></xcope><W>,</W><W>but</W><W>what</W><W>food</W><W>we</W><W>did</W><W>have</W><W>was</W><W>good</W><C><W>and</W></C><W>fairly</W><W>priced</W><W>.</W></SENTENCE><SENTENCE><W>In</W><W>addition</W><W>to</W><W>the</W><W>appetizers</W><W>we</W><W>enjoyed</W><W>at</W><W>the</W><W>Lone</W><W>Eagle</W><W>,</W><W>we</W><W>also</W><W>had</W><W>lunch</W><C><W>and</W></C><W>drinks</W><W>at</W><W>Cutthroat</W><W>&#39;s</W><W>Saloon</W><W>(</W><W>right</W><W>off</W><W>the</W><W>lobby</W><W>)</W><W>.</W></SENTENCE><SENTENCE><W>It</W><W>&#39;s</W><W>one</W><W>of</W><W>those</W><W>Old</W><W>West</W><W>throw-your-peanut-shells-on-the-floor</W><W>places</W><W>.</W></SENTENCE><SENTENCE><W>it</W><W>was</W><W>fun</W><C><W>and</W></C><W>relaxed</W><W>,</W><W>bartenders</W><W>were</W><W>great</W><W>(</W><W>thanks</W><W>,</W><W>Jeff</W><W>!</W><W>)</W><W>,</W><C><W>and</W></C><W>both</W><W>food</W><C><W>and</W></C><W>beverages</W><W>were</W><W>delicious</W><C><W>and</W></C><W>priced</W><W>right</W><W>.</W></SENTENCE><SENTENCE><W>A</W><W>Cosmopolitan</W><W>martini</W><W>was</W><W>$</W><W>5</W><W>at</W><W>Cutthroat</W><W>&#39;s</W><W>,</W><W>as</W><W>opposed</W><W>to</W><W>$</W><W>7.50</W><W>at</W><W>Lone</W><W>Eagle</W><W>(</W><C><W>and</W></C><W>was</W><W>quite</W><W>a</W><W>bit</W><W>larger</W><W>)</W><W>.</W></SENTENCE></P><P></P><P><SENTENCE><W>One</W><W>of</W><W>the</W><W>Hyatt</W><W>&#39;s</W><W>many</W><W>amenities</W><W>is</W><W>a</W><W>large</W><W>,</W><W>beautiful</W><W>casino</W><W>right</W><W>off</W><W>the</W><W>hotel</W><W>lobby</W><W>which</W><W>drew</W><W>an</W><W>attractive</W><W>,</W><W>substantial</W><W>crowd</W><W>the</W><W>weekend</W><W>we</W><W>were</W><W>there</W><W>.</W></SENTENCE><SENTENCE><W>One</W><W>word</W><W>of</W><W>caution</W><W>,</W><W>though</W><W>...the</W><W>slots</W><W>are</W><W>EXTREMELY</W><W>tight</W><W>at</W><W>the</W><W>Hyatt</W><W>.</W></SENTENCE><SENTENCE><W>You</W><W>will</W><W>very</W><W>easily</W><W>run</W><W>through</W><W>a</W><W>$</W><W>20</W><W>on</W><W>a</W><W>quarter</W><W>slot</W><W>machine</W><W>in</W><W>less</W><W>than</W><W>10</W><W>minutes</W><W>in</W><W>that</W><W>casino</W><W>(</W><W>this</W><W>is</W><W>betting</W><W>one</W><W>credit</W><W>at</W><W>a</W><W>time</W><W>)</W><W>.</W></SENTENCE><SENTENCE><W>I</W><C><cue ID="6" type="speculation"><W>would</W></cue></C><xcope ID="28"><ref COMMENTS="" ID="51" SRC="6"></ref><W>like</W><W>to</W><W>add</W><W>that</W><W>I</W><W>fully</W><C><cue ID="54" type="speculation"><W>expect</W></cue></C><xcope ID="55"><ref COMMENTS="" ID="56" SRC="54"></ref><W>to</W><W>lose</W><W>everything</W><W>I</W><W>put</W><W>into</W><W>a</W><W>slot</W><W>machine</W></xcope></xcope><W>,</W><W>but</W><W>I</W><C><cue ID="7" type="speculation"><W>would</W></cue></C><xcope ID="29"><ref COMMENTS="" ID="52" SRC="7"></ref><W>like</W><W>to</W><W>get</W><W>a</W><W>little</W><W>entertainment</W><W>bang</W><W>for</W><W>my</W><W>buck</W><W>while</W><W>doing</W><W>so</W></xcope><W>.</W></SENTENCE><SENTENCE><W>We</W><W>drove</W><W>about</W><W>5</W><W>miles</W><W>to</W><W>the</W><W>west</W><W>to</W><W>Jim</W><W>Kelly</W><W>&#39;s</W><W>Nugget</W><W>Casino</W><W>one</W><W>night</W><W>(</W><W>right</W><W>on</W><W>the</W><W>CA/NV</W><W>border</W><W>)</W><C><W>and</W></C><W>I</W><W>played</W><W>for</W><W>45</W><W>minutes</W><W>with</W><W>one</W><W>$</W><W>20.</W></SENTENCE><SENTENCE><W>They</W><W>boast</W><W>slots</W><W>that</W><W>are</W><W>&#34;</W><W>23</W><W>%</W><W>looser</W><W>&#34;</W><W>according</W><W>to</W><W>Nevada</W><W>gambling</W><W>statistics</W><W>.</W></SENTENCE><SENTENCE><W>Based</W><W>upon</W><W>my</W><W>personal</W><W>experience</W><W>,</W><W>it</W><W>certainly</W><C><cue ID="5" type="speculation"><W>seemed</W></cue></C><xcope ID="30"><ref COMMENTS="" ID="53" SRC="5"></ref><W>to</W><W>be</W><W>the</W><W>case</W></xcope><W>.</W></SENTENCE></P><P></P><P><SENTENCE><W>This</W><W>resort</W><W>also</W><W>offers</W><W>a</W><W>beautiful</W><W>new</W><W>spa</W><W>on-site</W><W>with</W><W>almost</W><W>any</W><W>treatment</W><W>imaginable</W><W>....from</W><W>every</W><W>type</W><W>of</W><W>massage</W><W>,</W><W>to</W><W>hair</W><W>styling</W><W>,</W><W>to</W><W>nails</W><W>,</W><W>to</W><W>skincare</W><W>.</W></SENTENCE><SENTENCE><W>They</W><W>also</W><W>have</W><W>a</W><W>sauna</W><W>,</W><W>as</W><W>well</W><W>as</W><W>a</W><W>large</W><W>jacuzzi</W><C><W>and</W></C><W>heated</W><W>pool</W><W>.</W></SENTENCE><SENTENCE><W>My</W><W>husband</W><W>enjoyed</W><W>an</W><W>80</W><W>minute</W><W>Sierra</W><W>Stone</W><W>Massage</W><W>while</W><W>we</W><W>were</W><W>there</W><W>,</W><C><W>and</W></C><W>practically</W><W>had</W><W>to</W><W>be</W><W>poured</W><W>back</W><W>into</W><W>the</W><W>room</W><W>afterward</W><W>.</W></SENTENCE><SENTENCE><W>The</W><W>special</W><W>services</W><W>are</W><C><cue ID="8" type="negation"><W>not</W></cue></C><xcope ID="32"><ref COMMENTS="" ID="54" SRC="8"></ref><W>inexpensive</W></xcope><W>,</W><W>but</W><C><cue ID="9" type="negation"><W>neither</W></cue></C><xcope ID="31"><ref COMMENTS="" ID="55" SRC="9"></ref><W>are</W><W>they</W><W>outrageous</W></xcope><W>...and</W><W>they</W><W>are</W><W>performed</W><W>in</W><W>a</W><W>lovely</W><W>,</W><W>relaxing</W><W>,</W><W>professional</W><W>environment</W><W>.</W></SENTENCE></P><P></P><P><SENTENCE><W>The</W><W>Hyatt</W><W>is</W><W>located</W><W>on</W><W>the</W><W>North</W><W>Shore</W><W>of</W><W>Lake</W><W>Tahoe</W><W>,</W><W>which</W><W>is</W><W>the</W><W>quieter</W><W>side</W><W>of</W><W>the</W><W>lake</W><W>.</W></SENTENCE><SENTENCE><W>There</W><W>are</W><W>plenty</W><W>of</W><W>of</W><W>places</W><W>to</W><W>ski</W><W>all</W><W>around</W><W>the</W><W>lake</W><W>,</W><C><W>and</W></C><W>all</W><W>are</W><W>relatively</W><W>centrally</W><W>located</W><W>to</W><W>the</W><W>resort</W><W>.</W></SENTENCE><SENTENCE><W>You</W><C><cue ID="12" type="speculation"><W>probably</W></cue></C><xcope ID="37"><ref COMMENTS="" ID="58" SRC="12"></ref><cue ID="13" type="negation"><W>wo</W><W>n&#39;t</W></cue><xcope ID="36"><ref COMMENTS="" ID="57" SRC="13"></ref><W>drive</W><W>more</W><W>than</W><W>25</W><W>miles</W><W>in</W><C><cue ID="14" type="speculation"><W>either</W></cue></C><xcope ID="35"><ref COMMENTS="" ID="56" SRC="14"></ref><W>direction</W><W>to</W><W>reach</W><W>the</W><W>furthermost</W><W>ski</W><W>destination</W></xcope></xcope></xcope><W>you</W><C><cue ID="11" type="speculation"><W>could</W></cue></C><xcope ID="34"><ref COMMENTS="" ID="60" SRC="11"></ref><C><cue ID="10" type="speculation"><W>possibly</W></cue></C><xcope ID="33"><ref COMMENTS="" ID="59" SRC="10"></ref><W>choose</W></xcope></xcope><W>...and</W><W>the</W><W>drive</W><W>is</W><W>spectacular</W><W>whichever</W><W>way</W><W>you</W><W>travel</W><W>.</W></SENTENCE><SENTENCE><W>There</W><W>are</W><W>more</W><W>casinos</W><W>on</W><W>the</W><W>South</W><W>Shore</W><W>(</W><C><W>and</W></C><W>it</W><W>is</W><W>also</W><W>more</W><W>congested</W><C><W>and</W></C><W>touristy</W><W>)</W><W>,</W><W>but</W><W>having</W><W>stayed</W><W>on</W><W>both</W><W>sides</W><W>,</W><W>I</W><W>prefer</W><W>the</W><W>more</W><W>quaint</W><C><W>and</W></C><W>low-key</W><W>North</W><W>Shore</W><W>.</W></SENTENCE></P><P></P><P><SENTENCE><W>Two</W><W>restaurant</W><W>recommendations</W><W>before</W><W>I</W><W>wrap</W><W>up</W><W>.</W></SENTENCE><SENTENCE><C><cue ID="15" type="speculation"><W>If</W></cue></C><xcope ID="38"><ref COMMENTS="" ID="61" SRC="15"></ref><W>you</W><W>visit</W><W>Lake</W><W>Tahoe</W></xcope><W>,</W><W>try</W><W>The</W><W>Blue</W><W>Agave</W><W>on</W><W>the</W><W>NW</W><W>side</W><W>of</W><W>the</W><W>lake</W><W>.</W></SENTENCE><SENTENCE><W>They</W><W>serve</W><W>up</W><W>some</W><W>of</W><W>the</W><W>freshest</W><W>,</W><W>tastiest</W><W>Mexican</W><W>food</W><W>my</W><W>husband</W><C><W>and</W></C><W>I</W><W>have</W><W>ever</W><W>eaten</W><W>(</W><C><W>and</W></C><W>he</W><W>used</W><W>to</W><W>live</W><W>in</W><W>Mexico!</W><W>)</W><W>.</W></SENTENCE><SENTENCE><W>It</W><W>is</W><W>a</W><W>lovely</W><W>restaurant</W><W>with</W><W>a</W><W>beautiful</W><W>view</W><W>of</W><W>the</W><W>lake</W><W>,</W><C><W>and</W></C><W>is</W><W>quite</W><W>inexpensive</W><W>.</W></SENTENCE><SENTENCE><W>For</W><W>a</W><W>memorable</W><W>dining</W><W>experience</W><W>when</W><W>money</W><W>is</W><C><cue ID="16" type="negation"><W>no</W></cue></C><xcope ID="39"><ref COMMENTS="" ID="62" SRC="16"></ref><W>object</W></xcope><W>,</W><W>try</W><W>Le</W><W>Petit</W><W>Pier</W><W>,</W><W>located</W><W>in</W><W>Tahoe</W><W>Vista</W><W>(</W><W>about</W><W>7</W><W>miles</W><W>west</W><W>of</W><W>the</W><W>Hyatt</W><W>)</W><W>.</W></SENTENCE><SENTENCE><W>It</W><W>is</W><W>an</W><W>adorable</W><W>French</W><W>restaurant</W><W>located</W><W>right</W><W>on</W><W>the</W><W>lakeshore</W><W>which</W><W>has</W><W>been</W><W>around</W><W>for</W><W>over</W><W>30</W><W>years</W><W>.</W></SENTENCE><SENTENCE><W>Le</W><W>Petit</W><W>Pier</W><W>has</W><W>been</W><W>featured</W><W>both</W><W>on</W><W>the</W><W>Food</W><W>Network</W><C><W>and</W></C><W>in</W><W>Wine</W><W>Spectator</W><W>Magazine</W><C><W>and</W></C><W>,</W><W>after</W><W>dining</W><W>there</W><W>,</W><W>I</W><C><cue ID="17" type="speculation"><W>can</W></cue></C><xcope ID="40"><ref COMMENTS="" ID="63" SRC="17"></ref><W>certainly</W><W>see</W><W>why</W></xcope><W>.</W></SENTENCE><SENTENCE><W>The</W><W>wine</W><W>list</W><W>was</W><W>outstanding</W><W>,</W><C><W>and</W></C><W>everything</W><W>we</W><W>ordered</W><W>,</W><W>from</W><W>Escargot</W><C><W>and</W></C><W>Fois</W><W>Gras</W><W>to</W><W>Lavender</W><W>Honey</W><W>Glazed</W><W>Duck</W><W>Breast</W><C><W>and</W></C><W>Herbed</W><W>Rack</W><W>of</W><W>Lamb</W><W>,</W><W>was</W><W>spectacular</W><W>!</W></SENTENCE><SENTENCE><W>Every</W><W>taste</W><W>was</W><W>an</W><W>epicurian</W><W>delight</W><W>,</W><W>right</W><W>down</W><W>to</W><W>the</W><W>tiny</W><W>champagne</W><C><W>and</W></C><W>watermelon</W><W>sorbet</W><W>presented</W><W>as</W><W>a</W><W>palate</W><W>cleanser</W><W>between</W><W>courses</W><W>.</W></SENTENCE><SENTENCE><W>My</W><W>husband</W><W>had</W><W>the</W><W>Creme</W><W>Brulee</W><W>(</W><W>with</W><W>a</W><W>surprise</W><W>berry</W><W>bottom</W><W>)</W><W>for</W><W>dessert</W><W>,</W><C><W>and</W></C><W>proclaimed</W><W>that</W><W>he</W><W>had</W><W>enjoyed</W><W>versions</W><W>of</W><W>the</W><W>custard</W><W>&#34;in</W><W>the</W><W>shadow</W><W>of</W><W>the</W><W>Eiffel</W><W>Tower</W><W>which</W><W>were</W><C><cue ID="18" type="negation"><W>not</W></cue></C><xcope ID="41"><ref COMMENTS="" ID="64" SRC="18"></ref><W>as</W><W>wonderful&#34;</W></xcope><W>.</W></SENTENCE><SENTENCE><W>I</W><W>digress</W><W>from</W><W>the</W><W>purpose</W><W>of</W><W>this</W><W>review</W><W>,</W><W>but</W><W>the</W><W>meal</W><W>was</W><W>so</W><W>wonderful</W><C><W>and</W></C><W>the</W><W>ambiance</W><W>so</W><W>romantic</W><W>,</W><W>I</W><cue ID="19" type="speculation"><C><W>could</W></C><W>n&#39;t</W></cue><xcope ID="42"><ref COMMENTS="" ID="66" SRC="19"></ref><W>help</W><W>but</W><W>mention</W><W>it</W></xcope><W>.</W></SENTENCE><SENTENCE><W>Be</W><W>prepared</W><W>to</W><W>drop</W><W>some</W><W>serious</W><W>change</W><C><cue ID="20" type="speculation"><W>if</W></cue></C><xcope ID="43"><ref COMMENTS="" ID="65" SRC="20"></ref><W>you</W><W>go</W></xcope><W>,</W><W>but</W><W>you</W><W>will</W><W>certainly</W><W>find</W><W>it</W><W>well</W><W>worth</W><W>it</W><W>!</W></SENTENCE></P><P></P><P><SENTENCE><W>Overall</W><W>,</W><W>I</W><C><cue ID="21" type="speculation"><W>would</W></cue></C><xcope ID="45"><ref COMMENTS="" ID="67" SRC="21"></ref><W>highly</W><W>recommend</W><W>the</W><W>Hyatt</W><W>Regency</W><W>Lake</W><W>Tahoe</W><W>Resort</W><C><W>and</W></C><W>Casino</W></xcope><W>.</W></SENTENCE><SENTENCE><W>Almost</W><W>everything</W><W>you</W><C><cue ID="22" type="speculation"><W>could</W></cue></C><xcope ID="44"><ref COMMENTS="" ID="68" SRC="22"></ref><W>want</W><W>is</W><W>under</W><W>one</W><W>roof</W></xcope><W>,</W><C><W>and</W></C><W>everything</W><W>else</W><W>is</W><W>mere</W><W>minutes</W><W>away</W><W>.</W></SENTENCE><SENTENCE><W>A</W><W>perfect</W><W>Lake</W><W>Tahoe</W><W>destination</W><W>!</W></SENTENCE></P></DOCUMENT>
