<?xml version="1.0" encoding="UTF-8"?>
<DOCUMENT><P></P><P><SENTENCE><W>Several</W><W>years</W><W>ago</W><W>,</W><W>I</W><W>decided</W><W>to</W><W>take</W><W>my</W><W>little</W><W>brother</W><W>to</W><W>Disney</W><W>World</W><W>.</W></SENTENCE><SENTENCE><W>As</W><W>a</W><W>child</W><W>,</W><W>I</W><W>had</W><C><cue ID="0" type="negation"><W>never</W></cue></C><xcope ID="31"><ref ID="65" SRC="0"></ref><W>been</W><W>there</W></xcope><W>,</W><C><W>and</W></C><W>my</W><W>parents</W><cue ID="1" type="speculation"><C><W>could</W></C><W>nt</W></cue><xcope ID="32"><ref COMMENTS="" ID="64" SRC="3"></ref><W>find</W><W>it</W><W>in</W><W>their</W><W>budget</W><W>to</W><W>take</W><W>Danny</W><W>there</W></xcope><C><cue ID="3" type="negation"><W>either</W></cue></C><W>.</W></SENTENCE><SENTENCE><W>I</W><W>told</W><W>him</W><W>that</W><W>when</W><W>I</W><W>graduated</W><W>college</W><W>,</W><W>he</W><C><W>and</W></C><W>I</W><C><cue ID="2" type="speculation"><W>would</W></cue></C><xcope ID="33"><ref ID="61" SRC="2"></ref><W>hop</W><W>on</W><W>a</W><W>plane</W></xcope><C><W>and</W></C><W>spend</W><W>a</W><W>week</W><W>with</W><W>the</W><W>Mouse</W><W>.</W></SENTENCE><SENTENCE><W>Of</W><W>course</W><W>,</W><W>I</W><cue ID="4" type="negation"><W>did</W><W>nt</W></cue><xcope ID="35"><ref COMMENTS="" ID="62" SRC="4"></ref><W>realize</W><W>it</W><C><cue ID="5" type="speculation"><W>would</W></cue></C><xcope ID="34"><W>cost</W><W>so</W><W>much</W><W>money</W></xcope></xcope><W>!</W></SENTENCE></P><P></P><P><SENTENCE><W>As</W><W>a</W><W>recent</W><W>college</W><W>graduate</W><W>,</W><W>I</W><W>wanted</W><W>to</W><W>cut</W><W>costs</W><W>wherever</W><W>I</W><C><cue ID="6" type="speculation"><W>could</W></cue></C><W>.</W></SENTENCE><SENTENCE><W>Furthermore</W><W>,</W><W>I</W><W>wanted</W><W>to</W><W>take</W><W>good</W><W>care</W><W>of</W><W>my</W><W>then-10-year-old</W><W>brother</W><W>,</W><C><W>and</W></C><W>ultimately</W><W>,</W><W>I</W><W>wanted</W><W>to</W><W>stay</W><W>on</W><W>property</W><W>.</W></SENTENCE><SENTENCE><W>After</W><W>a</W><W>tremendous</W><W>deal</W><W>of</W><W>research</W><W>,</W><W>dozens</W><W>of</W><W>travel</W><W>agent</W><W>interviews</W><W>,</W><C><W>and</W></C><W>about</W><W>24</W><W>paychecks</W><W>,</W><W>I</W><W>made</W><W>our</W><W>reservations</W><W>at</W><W>the</W><W>Wilderness</W><W>Lodge</W><W>.</W></SENTENCE><SENTENCE><xcope ID="55"><ref COMMENTS="" ID="56" SRC="7"></ref><W>This</W><W>all</W></xcope><C><cue ID="7" type="speculation"><W>seemed</W></cue></C><xcope ID="36"><ref ID="60" SRC="7"></ref><W>well</W><C><W>and</W></C><W>good</W><W>to</W><W>me</W></xcope><W>.</W></SENTENCE><SENTENCE><W>Wed</W><W>be</W><W>on</W><W>property</W><W>;</W><W>wed</W><W>get</W><W>early</W><W>admission</W><W>into</W><W>the</W><W>parks</W><W>;</W><W>the</W><W>cost</W><W>was</W><W>reasonable</W><W>;</W><C><W>and</W></C><W>wed</W><W>have</W><W>a</W><W>great</W><W>time</W><W>.</W></SENTENCE></P><P></P><P><SENTENCE><W>But</W><W>then</W><W>I</W><W>received</W><W>a</W><W>letter</W><W>from</W><W>the</W><W>good</W><W>people</W><W>at</W><W>the</W><W>Disney</W><W>Corporation</W><W>.</W></SENTENCE><SENTENCE><W>It</W><C><cue ID="8" type="speculation"><W>seemed</W></cue></C><xcope ID="37"><ref ID="66" SRC="8"></ref><W>they</W><W>had</W><W>me</W><W>in</W><W>their</W><W>database</W><W>of</W><W>Meeting</W><W>Planners</W></xcope><W>,</W><C><W>and</W></C><W>as</W><W>a</W><W>result</W><W>,</W><W>they</W><W>wanted</W><W>to</W><W>impress</W><W>me</W><W>.</W></SENTENCE><SENTENCE><W>I</W><W>was</W><W>just</W><W>starting</W><W>to</W><W>get</W><W>accustomed</W><W>to</W><W>this</W><W>star</W><W>treatment</W><W>,</W><W>which</W><W>was</W><W>a</W><W>perk</W><W>to</W><W>my</W><W>underpaid</W><W>job</W><W>.</W></SENTENCE><SENTENCE><C><cue ID="9" type="negation"><W>Without</W></cue></C><xcope ID="38"><ref ID="67" SRC="9"></ref><W>question</W></xcope><W>,</W><W>I</W><W>took</W><W>them</W><W>up</W><W>on</W><W>their</W><W>offer</W><C><W>and</W></C><W>called</W><W>their</W><W>convention</W><W>office</W><W>.</W></SENTENCE></P><P></P><P><SENTENCE><W>Well</W><W>hello</W><W>,</W><W>Shannon</W><W>!</W><W></W><W>they</W><W>happily</W><W>greeted</W><W>me</W><W>on</W><W>the</W><W>phone</W><W>.</W></SENTENCE><SENTENCE><W></W><W>Where</W><C><cue ID="10" type="speculation"><W>would</W></cue></C><xcope ID="39"><ref ID="68" SRC="10"></ref><W>you</W><W>like</W><W>to</W><W>stay</W></xcope><W>?</W><W></W></SENTENCE><SENTENCE><W>I</W><C><cue ID="11" type="speculation"><W>could</W></cue></C><xcope ID="40"><ref ID="69" SRC="11"></ref><W>hardly</W><C><W>believe</W></C><W>it</W></xcope><W>!</W></SENTENCE><SENTENCE><W>Anywhere</W><W>?</W></SENTENCE><SENTENCE><W>I</W><C><cue ID="12" type="speculation"><W>could</W></cue></C><xcope ID="41"><ref ID="70" SRC="12"></ref><W>stay</W><W>anywhere</W></xcope><W>?</W></SENTENCE><SENTENCE><W>How</W><W>about</W><W>the</W><W>Grand</W><W>Floridian</W><W>?</W></SENTENCE><SENTENCE><W></W><W>Well</W><W>,</W><W>Shannon</W><W>,</W><W>of</W><W>course</W><W>you</W><C><cue ID="13" type="speculation"><W>can</W></cue></C><xcope ID="42"><ref ID="71" SRC="13"></ref><W>stay</W><W>at</W><W>the</W><W>Grand</W><W>Floridian</W></xcope><C><cue ID="14" type="speculation"><W>if</W></cue></C><xcope ID="43"><ref ID="72" SRC="14"></ref><W>that</W><W>s</W><W>what</W><W>you</W><W>really</W><W>want</W></xcope><W>.</W></SENTENCE><SENTENCE><W>But</W><W>why</W><W>dont</W><W>you</W><W>try</W><W>The</W><W>Disney</W><W>Yacht</W><C><W>and</W></C><W>Beach</W><W>Club</W><W>?</W><W></W><W>Thats</W><W>all</W><W>I</W><W>needed</W><W>to</W><W>hear</W><W>.</W></SENTENCE></P><P></P><P><SENTENCE><W>Disneys</W><W>Yacht</W><C><W>and</W></C><W>Beach</W><W>Club</W><W>is</W><W>indeed</W><W>two</W><W>separate</W><W>hotels</W><W>;</W><W>however</W><W>,</W><W>they</W><W>are</W><W>one</W><W>resort</W><W>(</W><W>Does</W><W>that</W><W>make</W><W>sense</W><W>?</W><W>)</W><W>.</W></SENTENCE><SENTENCE><W>The</W><W>two</W><W>properties</W><W>share</W><W>restaurants</W><W>,</W><W>convention</W><W>services</W><W>,</W><C><W>and</W></C><W>a</W><W>large</W><W>,</W><W>spectacular</W><W>pool</W><W>.</W></SENTENCE><SENTENCE><W>However</W><W>,</W><W>when</W><W>you</W><W>make</W><W>your</W><W>reservations</W><W>,</W><W>you</W><W>do</W><W>need</W><W>to</W><W>specify</W><C><cue ID="15" type="speculation"><W>whether</W></cue></C><xcope ID="46"><ref ID="73" SRC="15"></ref><W>youd</W><W>like</W><W>to</W><W>be</W><W>in</W><W>the</W><xcope ID="45"><ref COMMENTS="" ID="75" SRC="16"></ref><W>Yacht</W><W>Club</W></xcope><C><cue ID="16" type="speculation"><W>or</W></cue></C><xcope ID="44"><ref ID="74" SRC="16"></ref><W>the</W><W>Beach</W><W>Club</W></xcope></xcope><W>.</W></SENTENCE><SENTENCE><W>Both</W><W>hotels</W><W>are</W><W>magnificent</W><W>,</W><W>offering</W><W>large</W><W>,</W><W>beautiful</W><W>rooms</W><W>;</W><W>first-class</W><W>service</W><W>;</W><W>a</W><W>beautiful</W><W>view</W><W>;</W><W>a</W><W>lovely</W><W>beach</W><W>;</W><C><W>and</W></C><W>the</W><W>shortest</W><C><W>possible</W></C><W>route</W><W>to</W><W>Epcot</W><W>Center</W><W>.</W></SENTENCE><SENTENCE><W>I</W><W>place</W><W>this</W><W>review</W><W>under</W><W>The</W><W>Beach</W><W>Club</W><W>,</W><W>because</W><W>that</W><W>s</W><W>where</W><W>I</W><W>ended</W><W>up</W><W>.</W></SENTENCE></P><P></P><P><SENTENCE><W>My</W><W>brother</W><C><W>and</W></C><W>I</W><W>stayed</W><W>in</W><W>a</W><W>first-floor</W><W>suite</W><W>,</W><W>which</W><W>had</W><W>a</W><W>separate</W><W>back</W><W>patio</W><W>.</W></SENTENCE><SENTENCE><W>The</W><W>patio</W><W>looked</W><W>out</W><W>over</W><W>a</W><W>small</W><W>,</W><W>private</W><W>pool</W><W>,</W><W>which</W><W>got</W><W>little</W><W>use</W><W>during</W><W>our</W><W>stay</W><W>.</W></SENTENCE><SENTENCE><W>The</W><W>room</W><W>was</W><W>large</W><W>,</W><W>clean</W><W>,</W><C><W>and</W></C><W>carefully</W><W>decorated</W><W>.</W></SENTENCE><SENTENCE><W>It</W><W>offered</W><W>a</W><W>full</W><W>marble</W><W>bath</W><W>,</W><W>two</W><W>telephones</W><W>,</W><W>fax/modem</W><W>capabilities</W><W>,</W><W>concierge</W><W>services</W><W>,</W><C><W>and</W></C><W>a</W><W>lovely</W><W>view</W><W>.</W></SENTENCE></P><P></P><P><SENTENCE><W>With</W><W>that</W><W>said</W><W>,</W><W>we</W><W>did</W><W>nt</W><W>plan</W><W>to</W><W>spend</W><W>a</W><W>heck</W><W>of</W><W>a</W><W>lot</W><W>of</W><W>time</W><W>in</W><W>our</W><W>upgraded</W><W>room</W><W>.</W></SENTENCE><SENTENCE><W>We</W><W>were</W><W>the</W><W>first</W><W>to</W><W>arrive</W><W>at</W><W>the</W><W>parks</W><W>in</W><W>the</W><W>morning</W><W>,</W><C><W>and</W></C><W>we</W><W>were</W><W>the</W><W>last</W><W>to</W><W>leave</W><W>at</W><W>night</W><W>.</W></SENTENCE><SENTENCE><W>We</W><W>did</W><W>,</W><W>however</W><W>,</W><W>make</W><W>good</W><W>use</W><W>of</W><W>the</W><W>restaurants</W><W>,</W><W>the</W><W>Beach</W><W>Club</W><W>Water</W><W>Park</W><W>,</W><W>the</W><W>room</W><W>service</W><W>,</W><W>the</W><W>concierge</W><W>,</W><C><W>and</W></C><W>mostly</W><W>,</W><W>the</W><W>location</W><W>.</W></SENTENCE></P><P></P><P><SENTENCE><W>Situated</W><W>right</W><W>next</W><W>to</W><W>Epcot</W><W>Center</W><W>,</W><W>you</W><C><cue ID="17" type="speculation"><W>can</W></cue></C><xcope ID="47"><ref ID="76" SRC="17"></ref><W>walk</W><W>from</W><W>the</W><W>Beach</W><W>Resort</W><W>to</W><W>a</W><W>back</W><W>gate</W><W>into</W><W>Epcot</W></xcope><W>.</W></SENTENCE><SENTENCE><W>The</W><W>luxury</W><W>of</W><W>using</W><W>the</W><W>back</W><W>gate</W><W>is</W><W>that</W><W>you</W><W>avoid</W><W>any</W><W>long</W><W>lines</W><W>.</W></SENTENCE><SENTENCE><W>After</W><W>spending</W><W>an</W><W>entire</W><W>day</W><W>at</W><W>this</W><W>modern</W><W>theme</W><W>park</W><W>,</W><W>we</W><W>simply</W><W>skipped</W><W>back</W><W>over</W><W>to</W><W>the</W><W>hotel</W><W>,</W><W>where</W><W>we</W><W>recharged</W><W>our</W><W>batteries</W><W>for</W><W>the</W><W>next</W><W>day</W><W>.</W></SENTENCE><SENTENCE><W>The</W><W>following</W><W>morning</W><W>,</W><W>we</W><W>caught</W><W>a</W><W>van</W><W>to</W><W>The</W><W>Magic</W><W>Kingdom</W><W>,</W><W>where</W><W>we</W><W>were</W><W>granted</W><W>early</W><W>admission</W><W>.</W></SENTENCE><SENTENCE><W>That</W><W>evening</W><W>,</W><W>we</W><W>attended</W><W>the</W><W>Hawaiian</W><W>Luau</W><W>.</W></SENTENCE><SENTENCE><W>To</W><W>get</W><W>there</W><W>,</W><W>we</W><W>took</W><W>the</W><W>van</W><W>to</W><W>the</W><W>Magic</W><W>Kingdom</W><W>,</W><W>then</W><W>hopped</W><W>on</W><W>the</W><W>Monorail</W><W>.</W></SENTENCE><SENTENCE><W>Likewise</W><W>,</W><W>when</W><W>we</W><W>went</W><W>to</W><W>MGM</W><W>,</W><W>we</W><W>also</W><W>took</W><W>the</W><W>van</W><W>.</W></SENTENCE><SENTENCE><W>I</W><C><cue ID="18" type="speculation"><W>should</W></cue></C><xcope ID="49"><ref ID="78" SRC="18"></ref><W>note</W><W>that</W><W>the</W><W>Monorail</W><W>does</W><C><cue ID="19" type="negation"><W>not</W></cue></C><xcope ID="48"><ref ID="77" SRC="19"></ref><W>make</W><W>stops</W><W>at</W><W>The</W><W>Disney</W><W>Beach</W><C><W>and</W></C><W>Yacht</W><W>Club</W></xcope></xcope><W>,</W><W>because</W><W>it</W><W>is</W><W>a</W><W>little</W><W>off</W><W>the</W><W>beaten</W><W>path</W><W>.</W></SENTENCE><SENTENCE><W>However</W><W>,</W><W>there</W><W>was</W><C><W>never</W></C><W>a</W><C><W>lack</W></C><W>of</W><W>alternate</W><W>transportation</W><W>,</W><C><W>and</W></C><W>we</W><C><cue ID="21" type="speculation"><W>never</W></cue></C><xcope ID="50"><ref ID="79" SRC="21"></ref><W>had</W><W>to</W><W>wait</W><W>for</W><W>these</W><W>services</W></xcope><W>.</W></SENTENCE></P><P></P><P><SENTENCE><W>The</W><W>Beach</W><W>Club</W><W>Water</W><W>Park</W><W>was</W><W>most</W><W>definitely</W><W>a</W><W>highlight</W><W>of</W><W>our</W><W>trip</W><W>.</W></SENTENCE><SENTENCE><W>Rather</W><W>than</W><W>simply</W><W>supplying</W><W>a</W><W>large</W><W>pool</W><W>,</W><W>this</W><W>water</W><W>park</W><W>offers</W><W>slides</W><W>,</W><W>beaches</W><W>,</W><W>games</W><W>,</W><C><W>and</W></C><W>a</W><W>very</W><W>large</W><W>play</W><W>area</W><W>.</W></SENTENCE><SENTENCE><W>Surprisingly</W><W>,</W><W>it</W><W>was</W><C><cue ID="22" type="negation"><W>never</W></cue></C><xcope ID="51"><ref ID="80" SRC="22"></ref><W>crowded</W></xcope><W>,</W><C><W>and</W></C><W>as</W><W>a</W><W>result</W><W>,</W><W>we</W><W>skipped</W><W>Orlandos</W><W>other</W><W>water</W><W>park</W><W>attractions</W><W>.</W></SENTENCE><SENTENCE><W>In</W><W>the</W><W>end</W><W>,</W><W>this</W><W>saved</W><W>me</W><W>a</W><W>lot</W><W>of</W><W>dough</W><W>.</W></SENTENCE><SENTENCE><W>You</W><W>see</W><W>,</W><W>there</W><W>is</W><C><cue ID="23" type="negation"><W>no</W></cue></C><xcope ID="52"><ref ID="81" SRC="23"></ref><W>admission</W><W>cost</W><W>to</W><W>relax</W><W>at</W><W>the</W><W>Beach</W><W>Club</W><W>Water</W><W>Park</W></xcope><W>;</W><W>it</W><W>is</W><W>included</W><W>in</W><W>the</W><W>price</W><W>of</W><W>your</W><W>hotel</W><W>reservations</W><W>.</W></SENTENCE></P><P></P><P><SENTENCE><W>We</W><W>also</W><W>took</W><W>advantage</W><W>of</W><W>the</W><W>property</W><W>restaurants</W><W>,</W><W>which</W><W>offered</W><W>a</W><W>character</W><W>breakfast</W><W>as</W><W>well</W><W>as</W><W>an</W><W>all-you-can-eat</W><W>dinner</W><W>buffet</W><W>.</W></SENTENCE><SENTENCE><W>In</W><W>classic</W><W>Disney</W><W>style</W><W>,</W><W>the</W><W>food</W><W>was</W><W>delicious</W><C><W>and</W></C><W>plentiful</W><W>;</W><W>the</W><W>waiters</W><W>were</W><W>undeniably</W><W>friendly</W><C><W>and</W></C><W>cordial</W><W>;</W><C><W>and</W></C><W>the</W><W>atmosphere</W><W>was</W><W>fun</W><W>,</W><W>relaxed</W><W>,</W><C><W>and</W></C><W>upscale</W><W>.</W></SENTENCE></P><P></P><P><SENTENCE><W>The</W><W>Beach</W><W>Club</W><W>property</W><W>,</W><W>in</W><W>one</W><W>word</W><W>,</W><W>is</W><W>magnificent</W><W>.</W></SENTENCE><SENTENCE><W>Since</W><W>then</W><W>,</W><W>I</W><W>have</W><W>had</W><W>the</W><W>pleasure</W><W>of</W><W>staying</W><W>at</W><W>just</W><W>about</W><W>all</W><W>the</W><W>Disney</W><W>hotels</W><W>,</W><C><W>and</W></C><W>this</W><W>one</W><W>beats</W><W>the</W><W>competition</W><W>hands-down</W><W>.</W></SENTENCE><SENTENCE><W>Does</W><W>it</W><W>compare</W><W>to</W><W>the</W><W>Grand</W><W>Floridian</W><W>?</W></SENTENCE><SENTENCE><W>You</W><W>bet</W><W>!</W></SENTENCE><SENTENCE><W>The</W><W>only</W><W>thing</W><W>the</W><W>Floridian</W><W>has</W><W>over</W><W>this</W><W>property</W><W>is</W><W>a</W><W>coveted</W><W>stop</W><W>on</W><W>the</W><W>Monorail</W><W>track</W><W>.</W></SENTENCE><SENTENCE><W>Other</W><W>than</W><W>that</W><W>,</W><W>you</W><W>will</W><W>get</W><W>the</W><W>same</W><W>upscale</W><W>service</W><C><W>and</W></C><W>a</W><W>fabulous</W><W>view</W><W>.</W></SENTENCE><SENTENCE><W>Likewise</W><W>,</W><W>in</W><W>my</W><W>opinion</W><W>,</W><W>the</W><W>Beach</W><W>Club</W><W>is</W><W>a</W><W>bit</W><W>more</W><W>laid-back</W><W>,</W><C><W>and</W></C><W>it</W><C><cue ID="24" type="negation"><W>never</W></cue></C><xcope ID="54"><ref ID="83" SRC="24"></ref><C><cue ID="25" type="speculation"><W>seems</W></cue></C><xcope ID="53"><ref COMMENTS="" ID="82" SRC="25"></ref><W>quite</W><W>as</W><W>crowded</W></xcope></xcope><W>.</W></SENTENCE></P><P></P><P><SENTENCE><W>Staying</W><W>at</W><W>the</W><W>Disney</W><W>Beach</W><W>and</W><W>Yacht</W><W>Club</W><W>comes</W><W>at</W><W>a</W><W>price</W><W>.</W></SENTENCE><SENTENCE><W>This</W><W>is</W><W>one</W><W>of</W><W>Disneys</W><W>more</W><W>expensive</W><W>properties</W><W>,</W><W>as</W><W>well</W><W>it</W><C><cue ID="26" type="speculation"><W>should</W></cue></C><xcope ID="55"><ref ID="84" SRC="26"></ref><W>be</W></xcope><W>.</W></SENTENCE><SENTENCE><W>But</W><W>within</W><W>walking</W><W>distance</W><W>,</W><W>you</W><C><cue ID="27" type="speculation"><W>can</W></cue></C><xcope ID="56"><ref ID="85" SRC="27"></ref><W>enjoy</W><W>the</W><W>new</W><W>boardwalk</W></xcope><W>;</W><W>the</W><W>large</W><W>,</W><W>lake-view</W><W>beach</W><W>;</W><C><W>and</W></C><W>an</W><W>easy</W><W>stroll</W><W>to</W><W>Epcot</W><W>.</W></SENTENCE><SENTENCE><W>In</W><W>addition</W><W>,</W><W>this</W><W>is</W><W>a</W><W>first-class</W><W>property</W><W>,</W><W>which</W><W>rivals</W><W>any</W><W>Ritz</W><W>.</W></SENTENCE></P><P></P><P><SENTENCE><W>When</W><W>my</W><W>convention</W><W>sales</W><W>associate</W><W>advised</W><W>me</W><W>to</W><W>stay</W><W>at</W><W>the</W><W>Disney</W><W>Beach</W><C><W>and</W></C><W>Yacht</W><W>Club</W><W>,</W><W>she</W><W>(</W><W>in</W><W>effect</W><W>)</W><W>admitted</W><W>that</W><W>this</W><W>is</W><W>their</W><W>proudest</W><W>accomplishment</W><W>.</W></SENTENCE><SENTENCE><C><cue ID="28" type="speculation"><W>If</W></cue></C><xcope ID="57"><ref COMMENTS="" ID="86" SRC="28"></ref><W>you</W><W>have</W><W>a</W><W>little</W><W>extra</W><W>money</W><C><W>and</W></C><W>you</W><W>are</W><W>seeking</W><W>an</W><W>unforgettable</W><W>trip</W><W>to</W><W>Disney</W><W>World</W></xcope><W>,</W><W>this</W><W>is</W><W>my</W><W>#</W><W>1</W><C><W>suggestion</W></C><W>for</W><W>a</W><W>place</W><W>to</W><W>rest</W><W>your</W><W>weary</W><W>feet</W><W>.</W></SENTENCE></P><P></P><P><SENTENCE><W>In</W><C><W>conclusion</W></C><W>,</W><W>Danny</W><C><W>and</W></C><W>I</W><W>enjoyed</W><W>a</W><W>fabulous</W><W>vacation</W><W>at</W><W>Disney</W><W>World</W><W>.</W></SENTENCE><SENTENCE><W>Of</W><W>all</W><W>the</W><W>places</W><W>Ive</W><W>visited</W><W>in</W><W>my</W><W>lifetime</W><W>,</W><W>this</W><W>was</W><W>by</W><W>far</W><W>my</W><W>most</W><W>magical</W><W>adventure</W><W>.</W></SENTENCE><SENTENCE><W>Disney</W><W>will</W><C><cue ID="29" type="negation"><W>never</W></cue></C><xcope ID="58"><ref COMMENTS="" ID="87" SRC="29"></ref><W>be</W><W>the</W><W>same</W><W>for</W><W>me</W><W>as</W><W>it</W><W>was</W><W>that</W><W>year</W></xcope><W>.</W></SENTENCE><SENTENCE><W>It</W><W>was</W><W>my</W><W>first</W><W>time</W><W>,</W><C><W>and</W></C><W>my</W><W>little</W><W>brother</W><W>is</W><C><cue ID="30" type="negation"><W>not</W></cue></C><xcope ID="59"><ref COMMENTS="" ID="88" SRC="30"></ref><W>so</W><W>little</W><W>anymore</W></xcope><W>.</W></SENTENCE><SENTENCE><W>Sometimes</W><W>,</W><W>now</W><W>,</W><W>when</W><W>I</W><W>look</W><W>at</W><W>his</W><W>broad</W><W>shoulders</W><C><W>and</W></C><W>baby</W><W>soft</W><W>facial</W><W>hair</W><W>;</W><W>when</W><W>I</W><W>hear</W><W>his</W><W>deep</W><W>,</W><W>intelligent</W><W>voice</W><W>;</W><W>when</W><W>I</W><W>watch</W><W>him</W><W>pull</W><W>out</W><W>of</W><W>my</W><W>moms</W><W>driveway</W><W></W><W>I</W><W>see</W><W>a</W><W>tired</W><W>little</W><W>boy</W><W>dressed</W><W>in</W><W>mouse</W><W>ears</W><W>,</W><W>waving</W><W>flags</W><W>on</W><W>Main</W><W>Street</W><W>,</W><W>collecting</W><W>character</W><W>autographs</W><W>,</W><C><W>and</W></C><W>wildly</W><W>giggling</W><W>at</W><W>the</W><W>top</W><W>of</W><W>his</W><W>ten-year-old</W><W>lungs</W><W>.</W></SENTENCE><SENTENCE><W>I</W><W>ache</W><W>for</W><W>that</W><W>vacation</W><W>all</W><W>over</W><W>again</W><W></W></SENTENCE></P></DOCUMENT>
