<?xml version="1.0" encoding="UTF-8"?>
<DOCUMENT><P></P><P><SENTENCE><W>Review</W><W>Topic</W><W>:</W><W>Overview</W></SENTENCE></P><P></P><P><SENTENCE><W>Clearly</W><W>the</W><W>jewel</W><W>of</W><W>Downtown</W><W>Las</W><W>Vegas</W><W>,</W><W>The</W><W>Golden</W><W>Nugget</W><W>Hotel</W><C><W>and</W></C><W>Casino</W><W>has</W><C><cue ID="0" type="negation"><W>not</W></cue></C><xcope ID="9"><ref ID="20" SRC="0"></ref><W>lost</W><W>its</W><W>luster</W></xcope><W>since</W><W>Steve</W><W>Wynn</W><W>sold</W><W>it</W><W>over</W><W>a</W><W>year</W><W>ago</W><W>.</W></SENTENCE><SENTENCE><W>The</W><W>Nugget</W><W>is</W><W>a</W><W>five</W><W>star</W><W>hotel/resort</W><W>in</W><W>every</W><W>aspect</W><W>,</W><C><W>and</W></C><W>is</W><W>a</W><W>bargain</W><W>,</W><W>to</W><W>boot</W><W>.</W></SENTENCE><SENTENCE><W>I</W><W>&#39;ve</W><W>stayed</W><W>at</W><W>the</W><W>Golden</W><W>Nugget</W><W>a</W><W>score</W><W>of</W><W>times</W><W>over</W><W>the</W><W>past</W><W>two</W><W>decades</W><W>,</W><C><W>and</W></C><W>it</W><W>just</W><W>keeps</W><W>getting</W><W>better</W><C><W>and</W></C><W>better</W><W>.</W></SENTENCE></P><P></P><P><SENTENCE><W>Accomodations</W></SENTENCE></P><P></P><P><SENTENCE><W>Rooms</W><W>at</W><W>the</W><W>Golden</W><W>Nugget</W><W>are</W><W>spacious</W><C><W>and</W></C><W>luxurious</W><W>.</W></SENTENCE><SENTENCE><W>Currently</W><W>decorated</W><W>in</W><W>neutral</W><W>colors</W><C><W>and</W></C><W>a</W><W>with</W><W>a</W><W>French</W><W>Provincial</W><W>decor</W><W>,</W><W>each</W><W>room</W><W>has</W><W>a</W><W>large</W><W>credenza</W><W>housing</W><W>a</W><W>TV</W><W>,</W><W>a</W><W>table</W><C><W>and</W></C><W>two</W><W>side</W><W>chairs</W><W>,</W><C><W>and</W></C><W>bedside</W><W>tables</W><W>with</W><W>clock</W><W>radio</W><C><W>and</W></C><W>phone/message</W><W>service</W><W>,</W><C><W>and</W></C><W>a</W><W>dressing/makeup</W><W>table</W><W>complete</W><W>with</W><W>magnifying</W><W>mirror</W><W>.</W></SENTENCE><SENTENCE><W>Lighting</W><W>is</W><W>adequate</W><W>,</W><C><W>and</W></C><W>the</W><W>air</W><W>conditioning</W><W>heating</W><W>system</W><W>is</W><W>powerful</W><W>,</W><W>though</W><W>noisy</W><W>,</W><W>with</W><W>individual</W><W>room</W><W>controls</W><W>.</W></SENTENCE><SENTENCE><W>Beds</W><W>are</W><W>very</W><W>comfortable</W><W>,</W><W>with</W><W>soft</W><W>linens</W><W>,</W><W>soft</W><W>pillows</W><C><W>and</W></C><W>as</W><W>an</W><W>extra</W><W>luxury</W><W>,</W><W>a</W><W>sheet</W><W>both</W><W>over</W><C><W>and</W></C><W>under</W><W>the</W><W>blanket</W><W>.</W></SENTENCE><SENTENCE><W>The</W><W>bathroom</W><W>is</W><W>very</W><W>large</W><W>,</W><W>with</W><W>marble</W><W>floor</W><W>,</W><W>large</W><W>Corian</W><W>counter</W><W>with</W><W>sink</W><W>,</W><W>very</W><W>large</W><C><W>and</W></C><W>fluffy</W><W>towels</W><C><W>and</W></C><W>a</W><W>REAL</W><W>bath</W><W>mat</W><W>in</W><W>place</W><W>of</W><W>the</W><W>usual</W><W>towel</W><W>mat</W><W>.</W></SENTENCE><SENTENCE><W>I</W><W>&#39;ve</W><C><cue ID="1" type="negation"><W>never</W></cue></C><xcope ID="10"><ref ID="21" SRC="1"></ref><W>had</W><W>a</W><W>less</W><W>than</W><W>perfectly</W><W>clean</W><C><W>and</W></C><W>fully</W><W>operational</W><W>room</W></xcope><W>at</W><W>the</W><W>Nugget</W><W>.</W></SENTENCE><SENTENCE><W>It</W><W>&#39;s</W><W>a</W><W>quiet</W><W>,</W><W>relaxing</W><W>place</W><W>to</W><W>stay</W><W>.</W></SENTENCE></P><P></P><P><SENTENCE><W>Hotel/Resort</W><W>Ambience</W></SENTENCE></P><P></P><P><SENTENCE><W>The</W><W>Golden</W><W>Nugget</W><W>,</W><W>though</W><W>it</W><C><W>lacks</W></C><W>the</W><W>theme-orientation</W><C><W>and</W></C><W>hugeness</W><W>of</W><W>many</W><W>of</W><W>the</W><W>newer</W><W>strip</W><W>hotels</W><W>,</W><W>is</W><W>a</W><W>quality</W><W>resort</W><W>in</W><W>every</W><W>aspect</W><W>.</W></SENTENCE><SENTENCE><W>The</W><W>hotel</W><W>lobby</W><W>is</W><W>white</W><W>marble</W><W>,</W><W>graced</W><W>by</W><W>huge</W><W>,</W><W>fresh</W><W>flower</W><W>arrangements</W><C><W>and</W></C><W>a</W><W>mural-sized</W><W>original</W><W>oil</W><W>painting</W><W>by</W><W>LeRoy</W><W>Neiman</W><W>.</W></SENTENCE><SENTENCE><W>The</W><W>decor</W><W>is</W><W>rather</W><W>generic</W><W>but</W><W>pleasing</W><W>,</W><W>with</W><W>red/black</W><W>carpeting</W><W>,</W><W>pure</W><W>white</W><W>walls</W><C><W>and</W></C><W>lots</W><W>of</W><W>beautifully</W><W>maintained</W><W>polished</W><W>brass</W><W>accents</W><W>.</W></SENTENCE><SENTENCE><W>The</W><W>pool</W><W>has</W><W>a</W><W>large</W><C><W>and</W></C><W>fully</W><W>equipped</W><W>spa</W><C><W>and</W></C><W>exercise</W><W>facility</W><W>,</W><W>a</W><W>beautiful</W><W>outdoor</W><W>pool</W><W>area</W><W>,</W><C><W>and</W></C><W>,</W><W>of</W><W>course</W><W>,</W><W>a</W><W>vast</W><W>casino</W><W>.</W></SENTENCE><SENTENCE><W>Its</W><W>Carson</W><W>Street</W><W>cafe</W><W>serves</W><W>excellent</W><W>&#34;</W><W>coffee</W><W>shop</W><W>&#34;</W><W>food</W><W>,</W><W>their</W><W>buffet</W><W>is</W><W>excellent</W><C><W>and</W></C><W>reasonably</W><W>priced</W><W>,</W><C><W>and</W></C><W>there</W><W>are</W><W>three</W><W>specialty</W><W>restaurants</W><W>:</W><W>California</W><W>Pizza</W><W>Kitchen</W><W>,</W><W>Stephano</W><W>&#39;s</W><W>(</W><W>Italian</W><W>)</W><C><W>and</W></C><W>Lily</W><W>Langtry</W><W>&#39;s</W><W>(</W><W>Mandarin</W><W>Chinese</W><W>)</W><W>.</W></SENTENCE><SENTENCE><W>Both</W><W>gift</W><W>shops</W><W>feature</W><W>boutique</W><W>clothing</W><W>for</W><W>men</W><C><W>and</W></C><W>women</W><W>as</W><W>well</W><W>as</W><W>the</W><W>usual</W><W>novelty</W><W>gifts</W><C><W>and</W></C><W>snacks</W><W>.</W></SENTENCE><SENTENCE><W>There</W><W>are</W><C><cue ID="2" type="negation"><W>no</W></cue></C><xcope ID="11"><ref ID="22" SRC="2"></ref><W>other</W><W>shops</W><W>at</W><W>the</W><W>Nugget</W></xcope><W>.</W></SENTENCE></P><P></P><P><SENTENCE><W>One</W><W>of</W><W>the</W><W>main</W><W>draws</W><W>of</W><W>the</W><W>Nugget</W><W>is</W><W>that</W><W>it</W><W>is</W><W>an</W><W>ADULT</W><W>environment</W><W>.</W></SENTENCE><SENTENCE><W>Because</W><W>there</W><W>are</W><C><cue ID="3" type="negation"><W>no</W></cue></C><xcope ID="12"><ref ID="23" SRC="3"></ref><W>attractions</W><W>for</W><W>children</W></xcope><W>,</W><W>you</W><W>wo</W><W>n&#39;t</W><W>find</W><W>them</W><W>wandering</W><W>through</W><xcope ID="14"><ref ID="25" SRC="4"></ref><W>the</W><W>casino</W></xcope><C><cue ID="4" type="speculation"><W>or</W></cue></C><xcope ID="13"><ref ID="24" SRC="4"></ref><W>hotel</W><W>hallways</W></xcope><W>.</W></SENTENCE></P><P></P><P><SENTENCE><W>Casino</W></SENTENCE></P><P></P><P><SENTENCE><W>The</W><W>casino</W><W>is</W><W>large</W><C><W>and</W></C><W>very</W><W>well</W><W>lighted</W><W>.</W></SENTENCE><SENTENCE><W>Table</W><W>minimums</W><W>are</W><W>usually</W><W>$</W><W>5,</W><W>though</W><W>an</W><W>occasional</W><W>$</W><W>3</W><W>blackjack</W><W>table</W><C><cue ID="5" type="speculation"><W>can</W></cue></C><xcope ID="15"><ref ID="26" SRC="5"></ref><W>be</W><W>found</W><W>on</W><W>weekday</W><W>afternoons</W></xcope><W>.</W></SENTENCE><SENTENCE><W>All</W><W>blackjack</W><W>is</W><W>dealt</W><W>out</W><W>of</W><W>the</W><W>shoe</W><W>.</W></SENTENCE><SENTENCE><W>Pai</W><W>gow</W><W>poker</W><W>,</W><W>Caribbean</W><W>stud</W><W>,</W><W>roulette</W><W>,</W><W>craps</W><W>,</W><C><W>and</W></C><W>baccarat</W><W>are</W><W>offered</W><W>,</W><C><W>and</W></C><W>there</W><W>is</W><W>a</W><W>special</W><W>area</W><W>for</W><W>&#34;high</W><W>stakes</W><W>&#34;</W><W>players</W><W>.</W></SENTENCE><SENTENCE><W>As</W><W>with</W><W>most</W><W>casinos</W><W>these</W><W>days</W><W>,</W><W>slot</W><W>machines</W><C><W>and</W></C><W>video</W><W>poker</W><W>machines</W><W>dominate</W><W>the</W><W>casino</W><W>layout</W><W>,</W><W>though</W><W>they</W><W>are</W><xcope ID="17"><ref ID="28" SRC="6"></ref><W>overly</W><W>noisy</W></xcope><C><cue ID="6" type="speculation"><W>or</W></cue></C><xcope ID="16"><ref ID="27" SRC="6"></ref><W>obtrusive</W></xcope><W>.</W></SENTENCE><SENTENCE><W>Cocktail</W><W>waitresses</W><W>circulate</W><W>frequently</W><W>offering</W><W>free</W><W>beverages</W><W>.</W></SENTENCE><SENTENCE><W>Casino</W><W>employees</W><W>are</W><W>friendly</W><C><W>and</W></C><W>helpful</W><W>,</W><W>for</W><W>the</W><W>most</W><W>part</W><W>.</W></SENTENCE><SENTENCE><W>It</W><W>&#39;s</W><W>a</W><W>pleasant</W><W>place</W><W>to</W><W>gamble</W><W>,</W><W>though</W><W>I</W><W>usually</W><W>go</W><W>elsewhere</W><W>,</W><W>since</W><W>single-deck</W><W>blackjack</W><W>favors</W><W>the</W><W>player</W><W>.</W></SENTENCE></P><P></P><P><SENTENCE><W>Conclusions</W></SENTENCE></P><P></P><P><SENTENCE><C><cue ID="7" type="speculation"><W>Perhaps</W></cue></C><xcope ID="18"><ref ID="29" SRC="7"></ref><W>the</W><W>greatest</W><W>incentives</W><W>in</W><W>staying</W><W>at</W><W>the</W><W>Nugget</W></xcope><W>(</W><W>besides</W><W>its</W><W>adult</W><W>atmosphere</W><W>)</W><W>are</W><W>its</W><W>proximity</W><W>to</W><W>several</W><W>other</W><W>casinos</W><W>downtown</W><C><W>and</W></C><W>its</W><W>outstanding</W><W>quality</W><W>for</W><W>money</W><W>spent</W><W>.</W></SENTENCE><SENTENCE><W>Rates</W><W>are</W><W>modest</W><W>by</W><W>Vegas</W><W>standards</W><W>,</W><W>given</W><W>the</W><W>luxury</W><W>of</W><W>this</W><W>resort</W><W>.</W></SENTENCE><SENTENCE><W>Once</W><W>you</W><W>stay</W><W>at</W><W>the</W><W>Golden</W><W>Nugget</W><W>several</W><W>times</W><W>,</W><W>you</W><W>are</W><W>invited</W><W>to</W><W>join</W><W>their</W><W>&#34;</W><W>Private</W><W>Arrangement</W><W>&#34;</W><W>club</W><W>,</W><W>where</W><W>discounts</W><C><W>and</W></C><W>freebies</W><W>are</W><W>offered</W><W>to</W><W>frequent</W><W>guests</W><W>.</W></SENTENCE><SENTENCE><W>In</W><W>August</W><W>I</W><W>stayed</W><W>at</W><W>the</W><W>Nugget</W><W>midweek</W><W>for</W><W>$</W><W>39/night</W><W>,</W><W>with</W><W>a</W><W>$</W><W>25</W><W>certificate</W><W>for</W><W>food</W><W>in</W><W>any</W><W>of</W><W>the</W><W>hotel</W><W>&#39;s</W><W>restaurants</W><W>.</W></SENTENCE><SENTENCE><W>Other</W><W>privileges</W><W>include</W><W>a</W><W>&#34;go</W><W>to</W><W>the</W><W>head</W><W>of</W><W>the</W><W>line</W><W>&#34;</W><W>card</W><W>,</W><W>where</W><W>one</W><C><cue ID="8" type="speculation"><W>can</W></cue></C><xcope ID="19"><ref ID="30" SRC="8"></ref><W>avoid</W><W>long</W><W>lines</W><W>at</W><W>the</W><W>buffet</W><C><W>and</W></C><W>coffee</W><W>shop</W></xcope><W>,</W><C><W>and</W></C><W>a</W><W>free</W><W>night</W><W>for</W><W>every</W><W>four</W><W>nights</W><W>accrued</W><W>.</W></SENTENCE><SENTENCE><W>It</W><W>&#39;s</W><W>tough</W><W>to</W><W>pass</W><W>up</W><W>a</W><W>good</W><W>deal</W><W>like</W><W>this</W><W>.</W></SENTENCE></P><P></P><P><SENTENCE><W>The</W><W>Golden</W><W>Nugget</W><W>has</W><W>been</W><W>a</W><W>mainstay</W><W>of</W><W>Las</W><W>Vegas</W><W>,</W><C><W>and</W></C><W>even</W><W>by</W><W>current</W><W>Strip</W><W>standards</W><W>,</W><W>is</W><W>a</W><W>prime</W><W>place</W><W>to</W><W>stay</W><C><W>and</W></C><W>play</W><W>.</W></SENTENCE><SENTENCE><W>The</W><W>new</W><W>owners</W><W>are</W><W>committed</W><W>to</W><W>retain</W><W>the</W><W>high</W><W>standards</W><W>set</W><W>by</W><W>Steve</W><W>Wynn</W><W>,</W><C><W>and</W></C><W>are</W><W>constantly</W><W>upgrading</W><C><W>and</W></C><W>remodelling</W><W>to</W><W>remain</W><W>competitive</W><W>.</W></SENTENCE><SENTENCE><W>It</W><W>&#39;s</W><W>a</W><W>jewel</W><W>that</W><W>is</W><W>worth</W><W>many</W><W>times</W><W>its</W><W>modest</W><W>price</W><W>.</W></SENTENCE></P></DOCUMENT>
