<?xml version="1.0" encoding="UTF-8"?>
<DOCUMENT><P></P><P><SENTENCE><W>The</W><W>Golden</W><W>Nugget</W><W>is</W><W>the</W><W>best</W><W>hotel</W><W>in</W><W>downtown</W><W>Las</W><W>Vegas</W><W>by</W><W>far</W><W>!</W></SENTENCE><SENTENCE><C><cue ID="0" type="speculation"><W>If</W></cue></C><xcope ID="14"><ref ID="38" SRC="0"></ref><W>you</W><W>go</W><W>during</W><W>the</W><W>week</W><W>you</W><C><cue ID="1" type="speculation"><W>can</W></cue></C><xcope ID="13"><ref ID="37" SRC="1"></ref><W>get</W><W>fantastic</W><W>rates</W></xcope></xcope><W>.</W></SENTENCE></P><P></P><P><SENTENCE><W>My</W><W>husband</W><W>travels</W><W>to</W><W>Vegas</W><W>weekly</W><W>for</W><W>business</W><W>so</W><W>he</W><W>stays</W><W>there</W><W>at</W><W>least</W><W>2</W><W>nights</W><W>a</W><W>week</W><W>.</W></SENTENCE><SENTENCE><W>The</W><W>rooms</W><W>are</W><W>luxurious</W><W>,</W><W>elegant</W><C><W>and</W></C><W>very</W><W>clean</W><W>,</W><W>with</W><W>beautiful</W><W>decor</W><W>.</W></SENTENCE><SENTENCE><W>The</W><W>bathrooms</W><W>are</W><W>nice</W><W>,</W><W>roomy</W><W>,</W><W>pretty</W><C><W>and</W></C><W>clean</W><W>.</W></SENTENCE><SENTENCE><W>They</W><W>always</W><W>have</W><W>shampoo</W><W>,</W><W>conditioner</W><W>,</W><W>lotion</W><C><W>and</W></C><W>mouthwash</W><W>.</W></SENTENCE><SENTENCE><W>They</W><W>have</W><W>a</W><W>non-smoking</W><W>floor</W><W>,</W><W>but</W><W>I</W><W>have</W><W>on</W><W>occasion</W><W>stayed</W><W>in</W><W>non-smoking</W><W>rooms</W><W>there</W><W>that</W><W>stink</W><W>like</W><W>smoke</W><W>.</W></SENTENCE><SENTENCE><W>When</W><W>this</W><W>has</W><W>happened</W><W>I</W><W>call</W><W>housekeeping</W><C><W>and</W></C><W>they</W><W>come</W><W>right</W><W>up</W><C><W>and</W></C><W>deoderize</W><W>the</W><W>room</W><W>for</W><W>me</W><W>.</W></SENTENCE><SENTENCE><W>It</W><W>helps</W><W>a</W><W>little</W><W>.</W></SENTENCE><SENTENCE><W>What</W><W>are</W><W>you</W><W>gonna</W><W>do</W><W>?</W></SENTENCE><SENTENCE><W>It</W><W>&#39;s</W><W>Las</W><W>Vegas</W><W>.</W></SENTENCE></P><P></P><P><SENTENCE><W>The</W><W>pool</W><W>is</W><W>very</W><W>nice</W><W>with</W><W>plenty</W><W>of</W><W>chaises</W><W>in</W><W>the</W><W>shade</W><C><W>and</W></C><W>a</W><W>misting</W><W>system</W><W>.</W></SENTENCE><SENTENCE><W>They</W><W>also</W><W>have</W><W>cabanas</W><W>that</W><C><cue ID="2" type="speculation"><W>can</W></cue></C><xcope ID="15"><ref ID="36" SRC="2"></ref><W>be</W><W>reserved</W><W>for</W><W>$</W><W>50.00</W><W>a</W><W>day</W></xcope><W>.</W></SENTENCE><SENTENCE><W>It</W><W>&#39;s</W><W>a</W><W>luxury</W><W>but</W><W>worth</W><W>it</W><W>.</W></SENTENCE><SENTENCE><W>We</W><W>rented</W><W>one</W><W>for</W><W>the</W><W>day</W><W>when</W><W>the</W><W>kids</W><W>were</W><W>with</W><W>us</W><W>,</W><C><W>and</W></C><W>the</W><W>little</W><W>one</W><W>said</W><W>she</W><W>felt</W><W>like</W><W>a</W><W>&#34;rich</W><W>lady</W><W>.</W><W>&#34;</W></SENTENCE><SENTENCE><W>She</W><C><cue ID="3" type="speculation"><W>can</W></cue></C><C><xcope ID="16"><ref ID="35" SRC="3"></ref><W>hope</W></xcope></C><W>.</W></SENTENCE><SENTENCE><W>In</W><W>the</W><W>cabana</W><W>there</W><W>is</W><W>a</W><W>t</W><W>.v.</W><W>,</W><W>refrigerator</W><W>stocked</W><W>with</W><W>fruit</W><W>platter</W><C><W>and</W></C><W>bottled</W><W>water</W><W>,</W><W>patio</W><W>table</W><W>and</W><W>4</W><W>chairs</W><W>,</W><W>2</W><W>pool</W><W>mattresses</W><W>,</W><C><W>and</W></C><W>2</W><W>reserved</W><W>chaises</W><W>with</W><W>towels</W><W>.</W></SENTENCE><SENTENCE><W>It</W><W>was</W><W>very</W><W>nice</W><W>,</W><C><W>and</W></C><W>the</W><W>cabana</W><W>attendant</W><W>assigned</W><W>to</W><W>us</W><W>was</W><W>very</W><W>attentive</W><C><W>and</W></C><W>helpful</W><W>.</W></SENTENCE><SENTENCE><W>We</W><W>even</W><W>ordered</W><W>lunch</W><W>out</W><W>there</W><W>.</W></SENTENCE><SENTENCE><W>There</W><W>was</W><W>also</W><W>a</W><W>misting</W><W>system</W><W>in</W><W>the</W><W>cabana</W><W>.</W></SENTENCE></P><P></P><P><SENTENCE><W>The</W><W>casino</W><W>is</W><W>nice</W><W>too</W><W>.</W></SENTENCE><SENTENCE><W>It</W><W>&#39;s</W><W>rather</W><W>small</W><W>by</W><W>some</W><W>hotel</W><W>&#39;s</W><W>standards</W><W>,</W><W>but</W><W>it</W><W>&#39;s</W><W>very</W><W>beautiful</W><C><W>and</W></C><W>I</W><C><cue ID="4" type="negation"><W>never</W></cue></C><xcope ID="17"><ref ID="34" SRC="4"></ref><W>had</W><W>trouble</W><W>finding</W><W>a</W><W>seat</W><W>for</W><W>black</W><W>jack</W></xcope><W>!</W></SENTENCE></P><P></P><P><SENTENCE><W>There</W><W>are</W><W>several</W><W>restaurants</W><W>;</W><W>California</W><W>Pizza</W><W>Kitchen</W><W>(</W><W>I</W><W>highly</W><W>recommend</W><W>it</W><W>)</W><W>,</W><W>Lilly</W><W>Langtrys</W><W>which</W><W>is</W><W>a</W><W>chinese/steak</W><W>type</W><W>restaurant</W><C><W>and</W></C><W>is</W><W>on</W><W>the</W><W>pricier</W><W>side</W><W>(</W><W>haven&#39;t</W><W>been</W><W>there</W><W>,</W><W>but</W><W>have</W><W>seen</W><W>the</W><W>menu</W><W>)</W><W>,</W><W>The</W><W>Buffet</W><W>is</W><W>decent</W><W>,</W><W>but</W><W>there</W><W>&#39;s</W><W>almost</W><W>always</W><W>a</W><W>huge</W><W>line</W><W>-</W><W>Golden</W><W>Nugget</W><W>is</W><W>famous</W><W>for</W><W>their</W><W>bread</W><W>pudding</W><W>(ick</W><W>)</W><W>,</W><W>which</W><W>I</W><W>do</W><W>n&#39;t</W><W>like</W><W>but</W><W>other</W><W>people</W><W>rave</W><W>about</W><C><W>and</W></C><W>the</W><W>prices</W><W>are</W><W>reasonable</W><W>.</W></SENTENCE><SENTENCE><W>The</W><W>Coffee</W><W>Shop</W><W>(</W><W>ca</W><W>n&#39;t</W><W>remember</W><W>the</W><W>name</W><W>)</W><W>is</W><W>very</W><W>good</W><W>,</W><W>usually</W><C><cue ID="5" type="negation"><W>not</W></cue></C><xcope ID="19"><ref ID="33" SRC="5"></ref><W>too</W><W>bad</W><W>a</W><W>wait</W></xcope><C><cue ID="6" type="speculation"><W>if</W></cue></C><xcope ID="18"><ref ID="32" SRC="6"></ref><W>you</W><W>go</W><W>at</W><W>off</W><W>hours</W></xcope><W>.</W></SENTENCE><SENTENCE><W>They</W><W>have</W><W>the</W><W>best</W><W>french</W><W>toast</W><W>I</W><W>have</W><W>ever</W><W>eaten</W><W>-</W><W>The</W><W>Nugget</W><W>French</W><W>Toast</W><W>.</W></SENTENCE><SENTENCE><W>It</W><W>&#39;s</W><W>Hawaiian</W><W>Sweet</W><W>Bread</W><W>covered</W><W>with</W><W>bananas</W><C><W>and</W></C><W>pecans</W><W>,</W><W>my</W><W>mouth</W><W>is</W><W>watering</W><W>!</W></SENTENCE></P><P></P><P><SENTENCE><W>Also</W><W>,</W><W>one</W><W>thing</W><W>I</W><W>love</W><W>about</W><W>Fremont</W><W>Street</W><W>(</W><W>where</W><W>the</W><W>Nugget</W><W>is</W><W>located</W><W>)</W><W>is</W><W>that</W><W>everything</W><W>is</W><W>in</W><W>close</W><W>proximity</W><W>.</W></SENTENCE><SENTENCE><W>So</W><W>you</W><C><cue ID="7" type="speculation"><W>can</W></cue></C><xcope ID="21"><ref ID="30" SRC="7"></ref><W>go</W><W>walk</W><W>from</W><W>hotel</W><W>to</W><W>hotel</W></xcope><W>,</W><C><cue ID="8" type="negation"><W>without</W></cue></C><xcope ID="20"><ref ID="31" SRC="8"></ref><W>dying</W><W>of</W><W>heat</W><W>prostration</W></xcope><W>.</W></SENTENCE><SENTENCE><W>I</W><W>like</W><W>to</W><W>gamble</W><W>at</W><W>the</W><W>Golden</W><W>Gate</W><W>(</W><W>when</W><W>I</W><W>&#39;m</W><W>feeling</W><W>cheap</W><W>)</W><W>because</W><W>they</W><W>have</W><W>$</W><W>3</W><W>tables</W><W>.</W></SENTENCE><SENTENCE><W>Also</W><W>,</W><W>the</W><W>laser</W><W>show</W><W>on</W><W>Fremont</W><W>Street</W><W>is</W><W>really</W><W>incredible</W><W>-</W><W>they</W><W>have</W><W>it</W><W>every</W><W>evening</W><W>after</W><W>dark</W><W>.</W></SENTENCE><SENTENCE><W>There</W><W>are</W><W>little</W><W>kiosks</W><W>with</W><W>gifts</W><W>,</W><W>etc...</W><W>up</W><C><W>and</W></C><W>down</W><W>the</W><W>street</W><W>too</W><W>.</W></SENTENCE><SENTENCE><W>However</W><W>,</W><W>I</W><C><cue ID="9" type="speculation"><W>would</W></cue></C><xcope ID="23"><ref ID="29" SRC="9"></ref><W>recommend</W><C><cue ID="10" type="negation"><W>not</W></cue></C><xcope ID="22"><ref ID="28" SRC="10"></ref><W>walking</W><W>outside</W><W>of</W><W>Fremont</W><W>Street</W><W>as</W><W>the</W><W>surrounding</W><W>areas</W><W>are</W><W>a</W><W>little</W><W>scary</W><W>.</W></xcope></xcope></SENTENCE></P><P></P><P><SENTENCE><W>I</W><C><cue ID="11" type="speculation"><W>would</W></cue></C><xcope ID="24"><ref ID="27" SRC="11"></ref><W>definitely</W><W>recommend</W><W>the</W><W>Golden</W><W>Nugget</W></xcope><W>(</W><W>oh</W><W>,</W><C><W>and</W></C><W>did</W><W>I</W><W>mention</W><W>free</W><W>parking</W><W>for</W><W>hotel</W><W>guests</W><W>?</W><W>)</W><W>it</W><W>&#39;s</W><W>beautifully</W><W>appointed</W><W>,</W><W>luxurious</W><C><W>and</W></C><C><cue ID="12" type="speculation"><W>if</W></cue></C><xcope ID="25"><ref ID="26" SRC="12"></ref><W>you</W><W>hit</W><W>it</W><W>just</W><W>right</W><W>,</W><W>cheap</W><W>.</W></xcope></SENTENCE></P></DOCUMENT>
