<?xml version="1.0" encoding="UTF-8"?>
<DOCUMENT><P></P><P><SENTENCE><W>I</W><W>&#39;ve</W><W>been</W><W>to</W><W>Walt</W><W>Disney</W><W>World</W><W>about</W><W>nine</W><W>times</W><W>since</W><W>1985</W><C><W>and</W></C><W>stayed</W><W>at</W><W>the</W><W>Polynesian</W><W>Beach</W><W>Resort</W><W>most</W><W>of</W><W>those</W><W>times</W><W>.</W></SENTENCE><SENTENCE><W>The</W><W>first</W><W>time</W><W>was</W><W>an</W><W>accident</W><W>(</W><W>it</W><W>was</W><W>all</W><W>that</W><W>was</W><W>available</W><W>)</W><W>but</W><W>each</W><W>time</W><W>afterward</W><W>it</W><W>was</W><W>a</W><W>conscious</W><W>decision</W><W>.</W></SENTENCE><SENTENCE><W>I</W><W>&#39;ve</W><W>talked</W><W>to</W><W>numerous</W><W>people</W><W>at</W><W>the</W><W>resort</W><W>who</W><W>told</W><W>me</W><W>that</W><W>,</W><W>they</W><W>too</W><W>were</W><W>repeat</W><W>visitors</W><W>.</W></SENTENCE><SENTENCE><W>That</W><W>in</W><W>itself</W><C><cue ID="0" type="speculation"><W>might</W></cue></C><xcope ID="44"><ref ID="98" SRC="0"></ref><W>be</W><W>sufficient</W><W>endorsement</W></xcope><W>,</W><W>but</W><W>I</W><W>&#39;ll</W><W>elaborate</W><W>:-)</W></SENTENCE></P><P></P><P><SENTENCE><W>Location</W></SENTENCE></P><P></P><P><SENTENCE><W>In</W><W>real</W><W>estate</W><W>,</W><W>they</W><W>say</W><W>that</W><W>location</W><W>is</W><W>everything</W><W>.</W></SENTENCE><SENTENCE><C><cue ID="1" type="speculation"><W>If</W></cue></C><xcope ID="45"><ref ID="99" SRC="1"></ref><W>that</W><W>&#39;s</W><W>the</W><W>case</W></xcope><W>,</W><W>you</W><cue ID="47" type="negation"><W>ca</W><W>n&#39;t</W></cue><xcope ID="48"><ref COMMENTS="" ID="101" SRC="47"></ref><W>go</W><W>wrong</W><W>here</W><C><cue ID="2" type="speculation"><W>if</W></cue></C><xcope ID="46"><ref ID="100" SRC="2"></ref><W>your</W><W>main</W><W>interest</W><W>at</W><W>WDW</W><W>is</W><W>the</W><W>Magic</W><W>Kingdom</W></xcope></xcope><W>.</W></SENTENCE><SENTENCE><W>Like</W><W>the</W><W>Contemporary</W><W>,</W><W>Grand</W><W>Floridian</W><C><W>and</W></C><W>Wilderness</W><W>Lodge</W><W>,</W><W>the</W><W>Polynesian</W><W>is</W><W>located</W><W>across</W><W>the</W><W>water</W><W>from</W><W>the</W><W>MK.</W></SENTENCE><SENTENCE><W>Unlike</W><W>the</W><W>others</W><W>,</W><W>though</W><W>,</W><W>you</W><W>have</W><W>four</W><W>options</W><W>for</W><W>getting</W><W>there</W><W>from</W><W>the</W><W>Poly</W><W>.</W></SENTENCE></P><P></P><P><SENTENCE><W>You</W><C><cue ID="3" type="speculation"><W>can</W></cue></C><xcope ID="49"><ref ID="102" SRC="3"></ref><W>take</W><W>the</W><W>monorail</W><W>from</W><W>the</W><W>station</W><W>within</W><W>the</W><W>resort</W></xcope><W>(</W><W>about</W><W>five</W><W>minutes</W><W>,</W><W>depending</W><W>on</W><W>timing</W><W>)</W><W>;</W><xcope ID="52"><ref ID="103" SRC="6"></ref><W>take</W><W>the</W><W>boat</W><W>from</W><W>the</W><W>Poly</W><W>marina</W><W>dock</W></xcope><W>(</W><W>about</W><W>ten</W><W>minutes</W><W>,</W><W>longer</W><C><cue ID="4" type="speculation"><W>if</W></cue></C><xcope ID="51"><ref ID="105" SRC="4"></ref><W>the</W><W>circular</W><W>route</W><W>takes</W><W>you</W><W>to</W><W>the</W><W>Grand</W><W>Floridian</W><W>first</W></xcope><W>)</W><W>;</W><C><cue ID="6" type="speculation"><W>or</W></cue></C><xcope ID="50"><ref ID="104" SRC="6"></ref><W>walk</W><W>over</W><W>to</W><W>the</W><W>Ticket</W></xcope><C><W>and</W></C><W>Transportation</W><W>Center</W><C><W>and</W></C><xcope ID="53"><ref ID="106" SRC="7"></ref><W>take</W><W>the</W><W>ferryboat</W></xcope><C><cue ID="7" type="speculation"><W>or</W></cue></C><xcope ID="54"><ref ID="107" SRC="7"></ref><W>direct</W><W>monorail</W></xcope><W>.</W></SENTENCE></P><P></P><P><SENTENCE><W>The</W><W>last</W><W>two</W><W>options</W><C><cue ID="8" type="speculation"><W>may</W></cue></C><xcope ID="56"><ref ID="109" SRC="8"></ref><C><cue ID="9" type="negation"><W>not</W></cue></C><xcope ID="55"><ref ID="108" SRC="9"></ref><W>sound</W><W>too</W><W>appealing</W></xcope></xcope><W>,</W><W>but</W><C><cue ID="10" type="speculation"><W>if</W></cue></C><xcope ID="57"><ref ID="110" SRC="10"></ref><W>you</W><W>&#39;re</W><W>on</W><W>the</W><W>west</W><W>side</W><W>of</W><W>the</W><W>resort</W></xcope><W>,</W><W>the</W><W>walk</W><W>is</W><W>less</W><W>than</W><W>ten</W><W>minutes</W><C><W>and</W></C><C><cue ID="11" type="speculation"><W>if</W></cue></C><xcope ID="59"><ref ID="112" SRC="11"></ref><W>there</W><W>is</W><W>a</W><W>big</W><W>line</W><W>at</W><W>the</W><W>Poly</W></xcope><W>,</W><W>you</W><C><cue ID="12" type="speculation"><W>might</W></cue></C><xcope ID="58"><ref ID="111" SRC="12"></ref><W>save</W><W>some</W><W>time</W></xcope><W>.</W></SENTENCE></P><P></P><P><SENTENCE><W>More</W><W>importantly</W><W>,</W><W>here</W><W>&#39;s</W><W>something</W><W>few</W><W>people</W><W>do</W><W>n&#39;t</W><W>realize</W><W>--</W><W>by</W><W>walking</W><W>to</W><W>the</W><W>TTC</W><W>,</W><W>you</W><C><cue ID="13" type="speculation"><W>can</W></cue></C><xcope ID="60"><ref ID="113" SRC="13"></ref><W>get</W><W>on</W><W>a</W><W>direct</W><W>monorail</W><W>to</W><W>EPCOT</W></xcope><C><W>and</W></C><W>save</W><W>yourself</W><W>the</W><W>trip</W><W>around</W><W>the</W><W>lagoon</W><W>on</W><W>the</W><W>resort</W><W>monorail</W><W>.</W></SENTENCE><SENTENCE><W>This</W><W>makes</W><W>the</W><W>Polynesian</W><W>the</W><W>only</W><W>resort</W><W>with</W><W>direct</W><W>monorail</W><W>access</W><W>to</W><W>two</W><W>theme</W><W>parks</W><W>.</W></SENTENCE></P><P></P><P><SENTENCE><W>All</W><W>over</W><W>locations</W><W>within</W><W>Walt</W><W>Disney</W><W>World</W><W>are</W><W>accessed</W><xcope ID="62"><ref ID="114" SRC="14"></ref><W>by</W><W>Disney</W><W>bus</W></xcope><W>(</W><C><cue ID="14" type="speculation"><W>or</W></cue></C><xcope ID="61"><ref ID="115" SRC="14"></ref><W>your</W><W>car</W></xcope><W>)</W><W>.</W></SENTENCE></P><P></P><P><SENTENCE><W>Rooms</W></SENTENCE></P><P></P><P><SENTENCE><W>The</W><W>standard</W><W>room</W><W>at</W><W>the</W><W>Polynesian</W><W>is</W><W>very</W><W>large</W><W>.</W></SENTENCE><SENTENCE><W>There</W><W>are</W><W>two</W><W>Queen</W><W>sized</W><W>beds</W><C><W>and</W></C><W>a</W><W>day</W><W>bed</W><W>--</W><W>enough</W><W>space</W><W>for</W><W>five</W><W>adults</W><W>.</W></SENTENCE><SENTENCE><W>The</W><W>bathroom</W><W>is</W><W>fairly</W><W>sizable</W><W>.</W></SENTENCE><SENTENCE><W>The</W><W>South</W><W>Seas</W><W>theming</W><W>is</W><W>carried</W><W>into</W><W>the</W><W>rooms</W><W>with</W><W>canopies</W><W>over</W><W>the</W><W>beds</W><W>,</W><W>cane</W><W>furniture</W><C><W>and</W></C><W>appropriate</W><W>coloured</W><W>wallpaper</W><C><W>and</W></C><W>paint</W><W>.</W></SENTENCE></P><P></P><P><SENTENCE><W>One</W><W>complaint</W><W>that</W><W>I</W><W>have</W><W>about</W><W>the</W><W>rooms</W><W>is</W><W>that</W><W>there</W><W>are</W><W>n&#39;t</W><W>enough</W><W>power</W><W>outlets</W><W>.</W></SENTENCE><SENTENCE><W>I</W><W>bring</W><W>a</W><W>computer</W><W>,</W><W>camcorder</W><C><W>and</W></C><W>cellular</W><W>phone</W><W>on</W><W>trips</W><C><W>and</W></C><W>have</W><W>a</W><W>hard</W><W>time</W><W>plugging</W><W>everything</W><W>in</W><C><cue ID="15" type="negation"><W>without</W></cue></C><xcope ID="63"><ref ID="116" SRC="15"></ref><W>putting</W><W>something</W><W>in</W><W>the</W><W>bathroom</W></xcope><W>(</W><C><cue ID="16" type="negation"><W>not</W></cue></C><xcope ID="64"><ref ID="117" SRC="16"></ref><W>a</W><W>good</W><C><W>idea</W></C></xcope><W>)</W><W>.</W></SENTENCE><SENTENCE><W>You</W><C><cue ID="17" type="speculation"><W>can</W></cue></C><xcope ID="65"><ref ID="118" SRC="17"></ref><W>connect</W><W>to</W><W>AOL</W><W>with</W><W>a</W><W>local</W><W>call</W></xcope><W>(</W><W>0.75</W><W>charge</W><W>per</W><W>call</W><W>)</W><W>.</W></SENTENCE></P><P></P><P><SENTENCE><W>The</W><W>rooms</W><W>are</W><W>spread</W><W>around</W><W>the</W><W>resort</W><W>in</W><W>various</W><W>&#34;longhouses</W><W>&#34;</W><W>(</W><W>traditional</W><W>Polynesian</W><W>structures</W><W>)</W><W>that</W><W>are</W><W>three</W><W>stories</W><W>high</W><W>.</W></SENTENCE><SENTENCE><W>Some</W><W>of</W><W>the</W><W>older</W><W>buildings</W><W>do</W><C><cue ID="18" type="negation"><W>not</W></cue></C><xcope ID="66"><ref ID="119" SRC="18"></ref><W>have</W><W>balconies</W><W>on</W><W>the</W><W>second</W><W>floor</W></xcope><W>.</W></SENTENCE><SENTENCE><C><cue ID="19" type="speculation"><W>If</W></cue></C><xcope ID="67"><ref ID="120" SRC="19"></ref><W>getting</W><W>a</W><W>balcony</W><W>(</W><W>first</W><W>floor</W><W>rooms</W><W>all</W><W>have</W><W>patios</W><W>)</W><W>is</W><W>important</W><W>to</W><W>you</W><W>,</W><W>be</W><W>sure</W><W>to</W><W>call</W><W>the</W><W>resort</W><W>a</W><W>couple</W><W>of</W><W>days</W><W>before</W><W>you</W><W>arrive</W><W>to</W><W>request</W><W>it</W><W>.</W></xcope></SENTENCE></P><P></P><P><SENTENCE><W>Because</W><W>of</W><W>the</W><W>layout</W><W>of</W><W>the</W><W>resort</W><W>,</W><W>some</W><W>buildings</W><W>are</W><W>lengthy</W><W>hikes</W><W>away</W><W>from</W><W>the</W><W>main</W><W>building</W><W>.</W></SENTENCE><SENTENCE><W>My</W><W>personal</W><W>favourites</W><W>are</W><W>Samoa</W><C><W>and</W></C><W>Fiji</W><W>,</W><W>both</W><W>of</W><W>which</W><W>are</W><W>near</W><W>the</W><W>main</W><W>building</W><W>.</W></SENTENCE><SENTENCE><C><cue ID="20" type="speculation"><W>If</W></cue></C><xcope ID="68"><ref ID="121" SRC="20"></ref><W>you</W><W>want</W><W>to</W><W>be</W><W>further</W><W>away</W><W>(</W><C><W>and</W></C><W>quieter</W><W>)</W><W>,</W><W>the</W><W>Tahiti</W><W>is</W><W>on</W><W>the</W><W>far</W><W>end</W><W>of</W><W>the</W><W>resort</W></xcope><W>(</W><C><W>and</W></C><W>has</W><W>a</W><W>short</W><W>walk</W><W>to</W><W>the</W><W>TTC.</W><W>)</W></SENTENCE></P><P></P><P><SENTENCE><W>All</W><W>of</W><W>the</W><W>rooms</W><W>have</W><W>recently</W><W>been</W><W>refurbished</W><W>.</W></SENTENCE></P><P></P><P><SENTENCE><W>Food</W><W>Service</W></SENTENCE></P><P></P><P><SENTENCE><W>There</W><W>are</W><W>two</W><W>full</W><W>service</W><W>restaurants</W><W>at</W><W>the</W><W>hotel</W><C><W>and</W></C><W>a</W><W>24</W><W>hour</W><W>snack</W><W>bar</W><W>.</W></SENTENCE></P><P></P><P><SENTENCE><W>O&#39;Hana</W></SENTENCE></P><P></P><P><SENTENCE><W>O&#39;Hana</W><W>,</W><W>which</W><W>means</W><W>&#34;family&#34;</W><W>,</W><W>serves</W><W>two</W><W>meals</W><W>.</W></SENTENCE><SENTENCE><W>There</W><W>is</W><W>a</W><W>character</W><W>breakfast</W><W>with</W><W>(</W><W>last</W><W>time</W><W>I</W><W>was</W><W>there</W><W>)</W><W>Minnie</W><W>,</W><W>Goofy</W><C><W>and</W></C><W>Chip</W><C><W>and</W></C><W>Dale</W><W>.</W></SENTENCE><SENTENCE><W>The</W><W>food</W><W>is</W><W>all</W><W>you</W><C><cue ID="21" type="speculation"><W>can</W></cue></C><xcope ID="69"><ref ID="122" SRC="21"></ref><W>eat</W></xcope><W>,</W><W>family</W><W>style</W><C><W>and</W></C><W>is</W><C><cue ID="22" type="negation"><W>no</W></cue></C><xcope ID="72"><ref ID="125" SRC="22"></ref><xcope ID="71"><ref ID="124" SRC="23"></ref><W>better</W></xcope><C><cue ID="23" type="speculation"><W>or</W></cue></C><xcope ID="70"><ref ID="123" SRC="23"></ref><W>worse</W></xcope><W>than</W><W>you</W><W>&#39;d</W><W>find</W><W>at</W><W>the</W><W>local</W><W>Perkins</W></xcope><W>.</W></SENTENCE><SENTENCE><W>There</W><W>is</W><W>also</W><W>an</W><W>evening</W><W>meal</W><W>(</W><W>&#34;feast</W><W>&#34;</W><W>)</W><W>that</W><W>consists</W><W>of</W><W>appetizers</W><W>,</W><W>a</W><W>salad</W><W>,</W><W>all</W><W>the</W><W>&#34;skewer</W><W>served</W><W>roasted</W><W>meat</W><W>&#34;</W><W>you</W><C><cue ID="24" type="speculation"><W>can</W></cue></C><xcope ID="73"><ref ID="126" SRC="24"></ref><W>handle</W></xcope><W>,</W><C><W>and</W></C><W>a</W><W>pineapple</W><C><W>and</W></C><W>caramel</W><W>desert</W><W>.</W></SENTENCE><SENTENCE><W>I</W><W>&#39;m</W><W>of</W><W>the</W><W>opinion</W><W>that</W><W>the</W><W>evening</W><W>meal</W><W>has</W><W>declined</W><W>over</W><W>the</W><W>years</W><C><W>and</W></C><W>,</W><W>while</W><W>I</W><W>used</W><W>to</W><W>love</W><W>it</W><W>,</W><W>I</W><W>now</W><W>generally</W><W>skip</W><W>it</W><W>.</W></SENTENCE></P><P></P><P><SENTENCE><W>On</W><W>nights</W><W>when</W><W>there</W><W>are</W><W>fireworks</W><W>over</W><W>the</W><W>Magic</W><W>Kingdom</W><W>,</W><W>they</W><W>dim</W><W>the</W><W>lights</W><C><W>and</W></C><W>pipe</W><W>in</W><W>the</W><W>music</W><W>so</W><W>that</W><W>you</W><C><cue ID="25" type="speculation"><W>can</W></cue></C><xcope ID="74"><ref ID="127" SRC="25"></ref><W>enjoy</W><W>it</W><W>from</W><W>the</W><W>huge</W><W>windows</W><W>that</W><W>overlook</W><W>the</W><W>lagoon</W><C><W>and</W></C><W>MK.</W></xcope></SENTENCE></P><P></P><P><SENTENCE><W>Kona</W><W>Cafe</W></SENTENCE></P><P></P><P><SENTENCE><W>This</W><W>replaced</W><W>the</W><W>Coral</W><W>Island</W><W>Cafe</W><W>,</W><W>which</W><W>was</W><W>awful</W><W>.</W></SENTENCE><SENTENCE><W>I</W><W>&#39;ve</W><W>only</W><W>eaten</W><W>here</W><W>a</W><W>couple</W><W>of</W><W>times</W><C><W>and</W></C><W>the</W><W>food</W><W>,</W><W>island</W><W>in</W><W>nature</W><W>,</W><W>is</W><W>much</W><W>better</W><W>,</W><W>but</W><W>very</W><W>overpriced</W><W>.</W></SENTENCE><SENTENCE><C><cue ID="27" type="negation"><W>Not</W></cue></C><xcope ID="75"><ref ID="130" SRC="27"></ref><W>too</W><W>bad</W><W>for</W><W>lunch</W></xcope><W>,</W><W>but</W><cue ID="77" type="negation"><W>do</W><W>n&#39;t</W></cue><xcope ID="78"><ref COMMENTS="" ID="129" SRC="77"></ref><W>go</W><W>there</W><C><cue ID="26" type="speculation"><W>if</W></cue></C><xcope ID="76"><ref ID="128" SRC="26"></ref><W>you</W><W>are</W><W>in</W><W>a</W><W>hurry</W></xcope></xcope><W>.</W></SENTENCE></P><P></P><P><SENTENCE><W>Captain</W><W>Cooks</W></SENTENCE></P><P></P><P><SENTENCE><W>This</W><W>is</W><W>a</W><W>snack</W><W>bar</W><W>on</W><W>the</W><W>lower</W><W>level</W><W>of</W><W>the</W><W>main</W><W>building</W><W>.</W></SENTENCE><SENTENCE><W>It</W><W>&#39;s</W><W>open</W><W>24</W><W>hours</W><W>(</W><C><W>and</W></C><W>occasionally</W><W>puts</W><W>out</W><W>1/2</W><W>price</W><W>pastries</W><W>after</W><W>1am</W><W>:-)</W><C><W>and</W></C><W>serves</W><W>some</W><W>hot</W><W>food</W><W>(</W><W>burgers</W><W>,</W><W>chicken</W><W>sandwiches</W><C><W>and</W></C><W>hot</W><W>dogs</W><W>)</W><W>along</W><W>with</W><W>pastries</W><C><W>and</W></C><W>ice</W><W>creams</W><W>.</W></SENTENCE><SENTENCE><W>The</W><W>first</W><W>night</W><W>you</W><W>are</W><W>there</W><W>,</W><W>buy</W><W>a</W><W>refillable</W><W>mug.</W></SENTENCE><SENTENCE><W>You</W><C><cue ID="28" type="speculation"><W>can</W></cue></C><xcope ID="79"><ref ID="131" SRC="28"></ref><W>go</W><W>back</W><W>to</W><W>the</W><W>snack</W><W>bar</W><W>for</W><W>the</W><W>duration</W><W>of</W><W>your</W><W>stay</W></xcope><C><W>and</W></C><W>refill</W><W>it</W><W>with</W><W>soda</W><W>,</W><W>lemonade</W><C><W>and</W></C><W>coffee</W><W>for</W><W>free</W><W>.</W></SENTENCE></P><P></P><P><SENTENCE><W>Nothing</W><W>at</W><W>Captain</W><W>Cooks</W><W>is</W><xcope ID="81"><ref ID="133" SRC="29"></ref><W>overly</W><W>bad</W></xcope><C><cue ID="29" type="speculation"><W>or</W></cue></C><xcope ID="80"><ref ID="132" SRC="29"></ref><W>overly</W><W>good</W></xcope><W>.</W></SENTENCE><SENTENCE><W>It</W><W>&#39;s</W><W>just</W><W>convenient</W><W>.</W></SENTENCE></P><P></P><P><SENTENCE><W>Amenities</W></SENTENCE></P><P></P><P><SENTENCE><W>There</W><W>is</W><W>plenty</W><W>to</W><W>do</W><W>at</W><W>the</W><W>resort</W><W>that</W><W>has</W><W>nothing</W><W>to</W><W>do</W><W>with</W><W>the</W><W>theme</W><W>parks</W><W>.</W></SENTENCE><SENTENCE><W>You</W><C><cue ID="30" type="speculation"><W>can</W></cue></C><xcope ID="86"><ref ID="136" SRC="30"></ref><xcope ID="85"><ref ID="135" SRC="31"></ref><W>rent</W><W>paddle</W></xcope><C><cue ID="31" type="speculation"><W>or</W></cue></C><xcope ID="84"><ref ID="134" SRC="31"></ref><W>mini</W><W>speed</W><W>boats</W></xcope></xcope><W>,</W><C><W>and</W></C><W>sail</W><W>boats</W><W>(you</W><C><cue ID="32" type="speculation"><W>apparently</W></cue></C><xcope ID="83"><ref ID="137" SRC="32"></ref><W>need</W><W>some</W><W>sort</W><W>of</W><W>proof</W><W>that</W><W>you</W><W>know</W><W>how</W><W>to</W><W>sail</W><W>to</W><W>get</W><W>on</W><W>those</W></xcope><W>)</W><W>to</W><W>check</W><W>out</W><W>the</W><W>Seven</W><W>Seas</W><W>Lagoon</W><C><W>and</W></C><W>Bay</W><W>Lake</W><W>.</W></SENTENCE><SENTENCE><W>There</W><W>are</W><W>several</W><W>white</W><W>sand</W><W>beachs</W><W>with</W><W>chairs</W><C><W>and</W></C><W>umbrellas</W><W>.</W></SENTENCE><SENTENCE><W>Swimming</W><W>in</W><W>the</W><W>Lagoon</W><W>is</W><C><cue ID="33" type="negation"><W>not</W></cue></C><xcope ID="82"><ref ID="138" SRC="33"></ref><W>encouraged</W></xcope><W>.</W></SENTENCE></P><P></P><P><SENTENCE><W>There</W><W>are</W><W>two</W><W>pools</W><W>.</W></SENTENCE><SENTENCE><W>One</W><W>is</W><W>currently</W><W>(</W><W>2/01</W><W>)</W><W>closed</W><W>for</W><W>renovation</W><W>,</W><C><W>and</W></C><W>is</W><W>a</W><W>themed</W><W>pool</W><W>(eg</W><W>:</W><W>lots</W><W>of</W><W>kids</W><W>)</W><W>.</W></SENTENCE><SENTENCE><W>The</W><W>other</W><W>is</W><W>a</W><W>&#34;quiet</W><W>pool</W><W>&#34;</W><C><W>and</W></C><W>is</W><W>just</W><W>a</W><W>big</W><W>round</W><W>thing</W><W>.</W></SENTENCE><SENTENCE><W>Both</W><W>pools</W><W>are</W><W>heated</W><C><W>and</W></C><C><cue ID="34" type="speculation"><W>may</W></cue></C><xcope ID="87"><ref ID="141" SRC="34"></ref><W>be</W><W>swum</W><W>in</W><W>during</W><W>the</W><W>coldest</W><W>weather</W></xcope><W>.</W></SENTENCE><SENTENCE><xcope ID="88"><ref ID="140" SRC="35"></ref><W>Once</W></xcope><C><cue ID="35" type="speculation"><W>or</W></cue></C><xcope ID="89"><ref ID="139" SRC="35"></ref><W>twice</W></xcope><W>the</W><W>pools</W><W>have</W><W>been</W><W>closed</W><W>in</W><W>the</W><W>evening</W><W>due</W><W>to</W><W>mosquito</W><W>problems</W><W>.</W></SENTENCE><SENTENCE><W>Otherwise</W><W>,</W><W>they</W><W>are</W><W>open</W><W>all</W><W>night</W><W>,</W><W>but</W><W>only</W><W>supervised</W><W>with</W><W>lifeguards</W><W>until</W><W>about</W><W>10pm</W><W>.</W></SENTENCE></P><P></P><P><SENTENCE><C><cue ID="36" type="speculation"><W>If</W></cue></C><xcope ID="90"><ref ID="142" SRC="36"></ref><W>you</W><W>go</W><W>to</W><W>the</W><W>Great</W><W>Ceremonial</W><W>House</W><W>(</W><W>main</W><W>building</W><W>)</W><W>during</W><W>the</W><W>day</W></xcope><W>,</W><W>there</W><W>are</W><W>often</W><W>activities</W><W>for</W><W>children</W><W>,</W><W>including</W><W>Disney</W><W>movies</W><W>,</W><W>colouring</W><C><W>and</W></C><W>singing</W><C><W>and</W></C><W>dancing</W><W>.</W></SENTENCE></P><P></P><P><SENTENCE><W>Also</W><W>within</W><W>the</W><W>main</W><W>building</W><W>there</W><W>are</W><W>several</W><W>stores</W><W>,</W><W>offering</W><W>clothing</W><W>(</W><W>pretty</W><W>pricey</W><W>,</W><W>)</W><W>tropical</W><W>items</W><C><W>and</W></C><W>sundries</W><W>.</W></SENTENCE><SENTENCE><W>There</W><W>is</W><W>a</W><W>pub</W><C><W>and</W></C><W>small</W><W>liquor</W><W>off</W><W>sale</W><W>in</W><W>the</W><W>main</W><W>building</W><W>as</W><W>well</W><W>.</W></SENTENCE></P><P></P><P><SENTENCE><C><W>Suggestions</W></C></SENTENCE></P><P></P><P><SENTENCE><W>Book</W><W>a</W><W>garden</W><W>view</W><W>room</W><C><W>and</W></C><W>ask</W><W>when</W><W>you</W><W>check</W><W>in</W><C><cue ID="37" type="speculation"><W>if</W></cue></C><xcope ID="92"><ref ID="143" SRC="37"></ref><W>they</W><W>have</W><W>any</W><W>upgrades</W><W>available</W></xcope><W>.</W></SENTENCE><SENTENCE><W>I</W><W>&#39;ve</W><W>been</W><W>bumped</W><W>up</W><W>a</W><W>couple</W><W>of</W><W>times</W><W>.</W></SENTENCE></P><P></P><P><SENTENCE><W>Rent</W><W>a</W><W>car</W><W>.</W></SENTENCE><SENTENCE><W>The</W><W>bus</W><W>system</W><W>,</W><W>while</W><W>efficient</W><W>,</W><W>will</W><C><cue ID="38" type="negation"><W>never</W></cue></C><xcope ID="91"><ref ID="144" SRC="38"></ref><W>get</W><W>you</W><W>where</W><W>you</W><W>need</W><W>to</W><W>go</W><W>as</W><W>fast</W><W>as</W><W>driving</W><W>yourself</W></xcope><W>.</W></SENTENCE></P><P></P><P><SENTENCE><W>Do</W><W>n&#39;t</W><W>forget</W><W>the</W><W>short</W><W>walk</W><W>to</W><W>the</W><W>TTC</W><C><cue ID="39" type="speculation"><W>if</W></cue></C><xcope ID="94"><ref ID="145" SRC="39"></ref><W>you</W><W>want</W><W>to</W><W>go</W><W>to</W><W>EPCOT.</W></xcope></SENTENCE><SENTENCE><W>It</W><W>will</W><W>save</W><W>you</W><W>a</W><W>ton</W><W>of</W><W>time</W><W>.</W></SENTENCE><SENTENCE><W>You</W><C><cue ID="40" type="speculation"><W>can</W></cue></C><xcope ID="93"><ref ID="146" SRC="40"></ref><W>take</W><W>the</W><W>resort</W><W>monorail</W><W>back</W><W>to</W><W>the</W><W>Polynesian</W></xcope><W>on</W><W>your</W><W>return</W><W>--</W><W>it</W><W>&#39;s</W><W>the</W><W>first</W><W>stop</W><W>.</W></SENTENCE></P><P></P><P><SENTENCE><W>For</W><W>a</W><W>quiet</W><W>evening</W><W>,</W><W>grab</W><W>a</W><W>couple</W><W>of</W><W>drinks</W><C><W>and</W></C><W>go</W><W>down</W><W>to</W><W>the</W><W>beach</W><W>about</W><W>9pm</W><W>to</W><W>watch</W><W>the</W><W>Electrical</W><W>Water</W><W>Pageant</W><W>,</W><W>an</W><W>underpublicized</W><C><W>and</W></C><W>enjoyable</W><W>event</W><W>.</W></SENTENCE></P><P></P><P><SENTENCE><W>Drop</W><W>your</W><W>kids</W><W>off</W><W>at</W><W>the</W><W>Neverland</W><W>Club</W><W>(</W><W>located</W><W>within</W><W>the</W><W>resort</W><W>)</W><C><W>and</W></C><W>spend</W><W>an</W><W>evening</W><W>at</W><W>Pleasure</W><W>Island</W><W>.</W></SENTENCE><SENTENCE><W>The</W><W>Neverland</W><W>Club</W><W>,</W><W>like</W><W>Ohana</W><W>,</W><W>has</W><W>deteriorated</W><W>a</W><W>bit</W><W>over</W><W>the</W><W>years</W><W>,</W><W>but</W><W>is</W><W>still</W><W>fun</W><W>for</W><W>little</W><W>kids</W><W>.</W></SENTENCE></P><P></P><P><SENTENCE><W>This</W><W>is</W><W>an</W><W>expensive</W><W>resort</W><W>,</W><C><cue ID="41" type="negation"><W>no</W></cue></C><xcope ID="95"><ref ID="147" SRC="41"></ref><W>doubt</W><W>about</W><W>that</W></xcope><W>.</W></SENTENCE><SENTENCE><W>Going</W><W>during</W><W>the</W><W>off</W><W>season</W><C><W>and</W></C><W>joining</W><W>the</W><W>Disney</W><W>Club</W><W>will</W><W>result</W><W>in</W><W>some</W><W>reductions</W><W>,</W><W>but</W><W>it</W><W>&#39;s</W><W>still</W><C><cue ID="42" type="negation"><W>not</W></cue></C><xcope ID="97"><ref ID="149" SRC="42"></ref><W>a</W><W>place</W><W>to</W><W>go</W><C><cue ID="43" type="speculation"><W>if</W></cue></C><xcope ID="96"><ref ID="148" SRC="43"></ref><W>you</W><W>&#39;re</W><W>on</W><W>a</W><W>tight</W><W>budget</W></xcope></xcope><W>.</W></SENTENCE></P></DOCUMENT>
