<?xml version="1.0" encoding="UTF-8"?>
<DOCUMENT><P></P><P><SENTENCE><W>My</W><W>wife</W><C><W>and</W></C><W>I</W><W>just</W><W>celebrated</W><W>our</W><W>25th</W><W>wedding</W><W>anniversary</W><W>at</W><W>the</W><W>Polynesian</W><W>Resort</W><W>at</W><W>Walt</W><W>Disney</W><W>World</W><W>Florida</W><W>.</W></SENTENCE><SENTENCE><W>We</W><W>had</W><W>spent</W><W>part</W><W>of</W><W>our</W><W>honeymoon</W><W>there</W><W>in</W><W>1975</W><C><W>and</W></C><W>we</W><W>both</W><W>wanted</W><W>to</W><W>go</W><W>back</W><W>when</W><W>we</W><C><cue ID="0" type="speculation"><W>could</W></cue></C><xcope ID="18"><ref ID="41" SRC="0"></ref><W>afford</W><W>it</W></xcope><W>.</W></SENTENCE><SENTENCE><W>It</W><W>ended</W><W>up</W><W>taking</W><W>25</W><W>years</W><W>(</W><C><W>and</W></C><W>Epinions</W><W>)</W><W>to</W><W>complete</W><W>our</W><W>dream</W><W>.</W></SENTENCE><SENTENCE><W>With</W><W>all</W><W>the</W><W>family</W><W>expenses</W><W>,</W><W>including</W><W>a</W><W>daughter</W><W>in</W><W>college</W><W>,</W><W>it</W><W>became</W><C><W>impossible</W></C><W>to</W><W>save</W><W>enough</W><W>to</W><W>make</W><W>reservations</W><W>to</W><W>stay</W><W>there</W><W>.</W></SENTENCE><SENTENCE><W>In</W><W>November</W><W>of</W><W>1999</W><W>I</W><W>was</W><W>introduced</W><W>to</W><W>Epinions</W><C><W>and</W></C><W>thus</W><W>,</W><W>after</W><W>writing</W><C><W>and</W></C><W>reading</W><W>many</W><W>hours</W><W>,</W><W>we</W><W>were</W><W>able</W><W>to</W><W>afford</W><W>to</W><W>make</W><W>reservations</W><C><W>and</W></C><W>thus</W><W>our</W><W>25th</W><W>anniversary</W><W>dream</W><W>came</W><W>true</W><W>.</W></SENTENCE><SENTENCE><W>Thanks</W><W>to</W><W>all</W><W>who</W><W>read</W><W>my</W><W>articles</W><C><W>and</W></C><W>helped</W><W>make</W><W>this</W><W>milestone</W><W>in</W><W>our</W><W>lives</W><W>come</W><W>true</W><W>.</W></SENTENCE></P><P></P><P><SENTENCE><W>A</W><W>Brief</W><W>Description</W></SENTENCE></P><P></P><P><SENTENCE><W>Theres</W><W>so</W><W>much</W><W>I</W><C><cue ID="1" type="speculation"><W>can</W></cue></C><xcope ID="19"><ref ID="42" SRC="1"></ref><W>write</W><W>about</W><W>this</W><W>outstanding</W><W>Resort</W><W>in</W><W>central</W><W>Florida</W></xcope><W>.</W></SENTENCE><SENTENCE><W>We</W><W>arrived</W><W>on</W><W>Monday</W><W>morning</W><C><W>and</W></C><W>checked</W><W>in</W><W>to</W><W>our</W><W>room</W><W>.</W></SENTENCE><SENTENCE><W>In</W><W>the</W><W>Polynesian</W><W>Resort</W><W>there</W><W>are</W><W>many</W><W>Long</W><W>Houses</W><W></W><W>where</W><W>they</W><W>have</W><W>3</W><W>floors</W><W>of</W><W>rooms</W><W>in</W><W>each</W><W>.</W></SENTENCE><SENTENCE><W>The</W><W>buildings</W><W>are</W><W>named</W><W>Tonga</W><W>,</W><W>Aotearoa</W><W>,</W><W>Fiji</W><W>,</W><W>Tuvalu</W><W>,</W><W>Samoa</W><W>,</W><W>Niue</W><W>,</W><W>Hawaii</W><W>,</W><W>Tokelau</W><W>,</W><W>Rapa</W><W>Nui</W><W>,</W><C><W>and</W></C><W>Rarotonga</W><W>.</W></SENTENCE><SENTENCE><W>Then</W><W>there</W><W>is</W><W>the</W><W>Great</W><W>Ceremonial</W><W>House</W><W>.</W></SENTENCE><SENTENCE><W>Here</W><W>is</W><W>housed</W><W>the</W><W>registration</W><W>desk</W><C><W>and</W></C><W>numerous</W><W>restaurants</W><C><W>and</W></C><W>shops</W><W>.</W></SENTENCE><SENTENCE><W>It</W><W>is</W><W>a</W><W>two-floor</W><W>building</W><W>with</W><W>a</W><W>waterfall</W><W>in</W><W>the</W><W>center</W><W>,</W><W>which</W><W>is</W><W>surrounded</W><W>with</W><W>tropical</W><W>plants</W><C><W>and</W></C><W>flowers</W><W>.</W></SENTENCE><SENTENCE><W>This</W><W>wondrous</W><W>tableau</W><W>is</W><W>two</W><W>stories</W><W>tall</W><C><W>and</W></C><W>completely</W><W>takes</W><W>up</W><W>the</W><W>center</W><W>of</W><W>the</W><W>building</W><W>.</W></SENTENCE><SENTENCE><W>On</W><W>both</W><W>floors</W><W>are</W><W>many</W><W>shops</W><C><W>and</W></C><W>dining</W><W>places</W><W>for</W><W>all</W><W>tastes</W><C><W>and</W></C><W>prices</W><W>.</W></SENTENCE><SENTENCE><W>In</W><W>the</W><W>center</W><W>of</W><W>all</W><W>the</W><W>building</W><W>is</W><W>a</W><W>very</W><W>nice</W><W>swimming</W><W>pool</W><W>with</W><W>a</W><W>poolside</W><W>bar</W><W>.</W></SENTENCE><SENTENCE><W>There</W><W>is</W><W>a</W><W>guest</W><W>laundry</W><W>room</W><C><W>and</W></C><W>a</W><W>video</W><W>game</W><W>room</W><W>for</W><W>the</W><W>kids</W><W>.</W></SENTENCE><SENTENCE><W>On</W><W>the</W><W>second</W><W>floor</W><W>in</W><W>the</W><W>Monorail</W><W>which</W><W>services</W><W>the</W><W>Magic</W><W>Kingdom</W><C><W>and</W></C><W>Epcot</W><W>.</W></SENTENCE></P><P></P><P><SENTENCE><W>Our</W><W>Building</W></SENTENCE></P><P></P><P><SENTENCE><W>We</W><W>stayed</W><W>in</W><W>the</W><W>Hawaii</W><W>building</W><W>which</W><W>is</W><W>a</W><W>Concierge</W><W>Service</W><W>building</W><W>.</W></SENTENCE><SENTENCE><W>Included</W><W>as</W><W>part</W><W>of</W><W>this</W><W>service</W><W>is</W><W>a</W><W>2nd</W><W>floor</W><W>room</W><W>where</W><W>we</W><C><cue ID="2" type="speculation"><W>could</W></cue></C><xcope ID="20"><ref ID="43" SRC="2"></ref><W>go</W><C><W>and</W></C><W>have</W><W>a</W><W>variety</W><W>of</W><W>foods</W><W>during</W><W>each</W><W>day</W></xcope><W>.</W></SENTENCE><SENTENCE><W>From</W><W>7:00</W><W>a.m.</W></SENTENCE><SENTENCE><W>till</W><W>10:30</W><W>a.m.</W><W>they</W><W>provide</W><W>fresh</W><W>fruits</W><W>,</W><W>juices</W><W>,</W><W>danish</W><W>,</W><W>cereals</W><W>,</W><W>teas</W><W>,</W><C><W>and</W></C><W>fresh</W><W>brewed</W><W>coffee</W><C><W>and</W></C><W>is</W><W>called</W><W>Kakahiaka</W><W>(</W><W>morning</W><W>service</W><W>)</W><W>.</W></SENTENCE><SENTENCE><W>From</W><W>12:00</W><W>p.m.</W><W>till</W><W>4:00</W><W>p.m.</W><W>we</W><C><cue ID="3" type="speculation"><W>could</W></cue></C><xcope ID="21"><ref ID="44" SRC="3"></ref><W>have</W><W>Guava</W><W>juice</W></xcope><W>,</W><W>lemonade</W><W>,</W><C><W>and</W></C><W>tea</W><W>as</W><W>well</W><W>as</W><W>various</W><W>types</W><W>of</W><W>cookies</W><C><W>and</W></C><W>this</W><W>is</W><W>called</W><W>Auinala</W><W>(</W><W>afternoon</W><W>service</W><W>)</W><W>.</W></SENTENCE><SENTENCE><W>From</W><W>5:00</W><W>p.m.</W><W>till</W><W>7:00</W><W>p.m.</W><W>we</W><C><cue ID="4" type="speculation"><W>would</W></cue></C><xcope ID="22"><ref ID="45" SRC="4"></ref><W>have</W><W>available</W><W>a</W><W>selection</W><W>of</W><W>wines</W></xcope><W>,</W><W>light</W><W>hors</W><W>doeuvres</W><W>,</W><C><W>and</W></C><W>soda</W><C><W>and</W></C><W>fruit</W><W>juices</W><C><W>and</W></C><W>this</W><W>is</W><W>called</W><W>Ahiahi</W><W>(</W><W>evening</W><W>service</W><W>)</W><W>.</W></SENTENCE><SENTENCE><C><W>And</W></C><W>finally</W><W>from</W><W>8:00</W><W>p.m.</W><W>till</W><W>10:00</W><W>p.m.</W><W>visitors</W><C><cue ID="5" type="speculation"><W>can</W></cue></C><xcope ID="23"><ref ID="46" SRC="5"></ref><W>have</W><W>a</W><W>sampling</W><W>of</W><W>fantastic</W><W>desserts</W><C><W>and</W></C><W>a</W><W>wide</W><W>choice</W><W>of</W><W>cordials</W></xcope><W>.</W></SENTENCE><SENTENCE><W>You</W><W>were</W><W>encouraged</W><W>to</W><W>take</W><W>soda</W><W>,</W><W>water</W><C><W>and</W></C><W>snacks</W><W>back</W><W>to</W><W>your</W><W>room</W><W>for</W><W>later</W><W>consumption</W><W>.</W></SENTENCE><SENTENCE><W>All</W><W>this</W><W>was</W><W>at</W><C><cue ID="6" type="negation"><W>no</W></cue></C><xcope ID="24"><ref ID="47" SRC="6"></ref><W>extra</W><W>charge</W></xcope><W>.</W></SENTENCE></P><P></P><P><SENTENCE><W>There</W><W>was</W><W>also</W><W>expert</W><W>staff</W><W>in</W><W>the</W><W>building</W><W>from</W><W>7:00</W><W>a.m.</W></SENTENCE><SENTENCE><W>till</W><W>10:00</W><W>p.m.</W><W>each</W><W>day</W><W>to</W><xcope ID="30"><ref COMMENTS="" ID="52" SRC="8"></ref><W>assist</W><W>you</W><W>with</W><W>any</W><W>problem</W><W>that</W><C><cue ID="7" type="speculation"><W>may</W></cue></C><xcope ID="26"><ref ID="48" SRC="7"></ref><W>arise</W></xcope></xcope><C><cue ID="8" type="speculation"><W>or</W></cue></C><xcope ID="27"><ref ID="51" SRC="8"></ref><W>to</W><W>assist</W><W>in</W><W>making</W><xcope ID="28"><ref COMMENTS="" ID="50" SRC="9"></ref><W>reservations</W><W>for</W><W>dining</W></xcope></xcope><C><cue ID="9" type="speculation"><W>or</W></cue></C><xcope ID="29"><ref ID="49" SRC="9"></ref><W>special</W><W>events</W></xcope><W>.</W></SENTENCE></P><P></P><P><SENTENCE><W>Dining</W></SENTENCE></P><P></P><P><SENTENCE><W>In</W><W>the</W><W>Polynesian</W><W>Resort</W><W>there</W><W>are</W><W>several</W><W>places</W><W>to</W><W>dine</W><W>.</W></SENTENCE><SENTENCE><W>The</W><W>biggest</W><C><W>and</W></C><W>most</W><W>elaborate</W><W>is</W><W>the</W><W>nightly</W><W>Luau</W><W>held</W><W>in</W><W>Luau</W><W>Cove</W><W>.</W></SENTENCE><SENTENCE><W>This</W><W>is</W><W>a</W><W>family</W><W>style</W><W>meal</W><W>with</W><W>pork</W><C><W>and</W></C><W>chicken</W><W>served</W><W>with</W><W>fruits</W><W>,</W><W>vegetables</W><C><W>and</W></C><W>bread</W><W>.</W></SENTENCE><SENTENCE><W>For</W><W>dessert</W><W>is</W><W>pineapple</W><W>cake</W><W>.</W></SENTENCE><SENTENCE><W>During</W><W>the</W><W>meal</W><W>is</W><W>a</W><W>Polynesian</W><W>theme</W><W>floorshow</W><W>,</W><W>complete</W><W>with</W><W>male</W><C><W>and</W></C><W>female</W><W>dancers</W><W>in</W><W>traditional</W><W>costume</W><W>.</W></SENTENCE><SENTENCE><W>They</W><W>include</W><W>the</W><W>audience</W><W>in</W><W>the</W><W>action</W><W>especially</W><W>the</W><W>children</W><W>by</W><W>teaching</W><W>them</W><W>to</W><W>do</W><W>the</W><W>hula</W><W>.</W></SENTENCE><SENTENCE><W>They</W><W>also</W><W>have</W><W>a</W><W>fire</W><W>dancer</W><W>who</W><W>is</W><W>the</W><W>grant</W><W>finale</W><W>.</W></SENTENCE><SENTENCE><W>Reservations</W><W>several</W><W>weeks</W><W>in</W><W>advance</W><W>of</W><W>your</W><W>arrival</W><W>is</W><W>necessary</W><W>.</W></SENTENCE></P><P></P><P><SENTENCE><W>In</W><W>the</W><W>Great</W><W>Ceremonial</W><W>House</W><W>there</W><W>is</W><W>the</W><W>Ohana</W><W>Feast</W><W>which</W><W>is</W><W>an</W><W>all</W><W>you</W><C><cue ID="10" type="speculation"><W>can</W></cue></C><xcope ID="31"><ref ID="53" SRC="10"></ref><W>eat</W><W>meal</W></xcope><W>.</W></SENTENCE><SENTENCE><W>When</W><W>entering</W><W>you</W><W>are</W><W>guided</W><W>to</W><W>your</W><W>table</W><C><W>and</W></C><W>taught</W><W>the</W><W>customs</W><W>of</W><W>the</W><W>islands</W><W>.</W></SENTENCE><SENTENCE><W>We</W><W>are</W><C><cue ID="41" type="speculation"><W>considered</W></cue></C><xcope ID="42"><ref COMMENTS="" ID="43" SRC="41"></ref><W>Cousins</W></xcope><W></W><C><W>and</W></C><W>treated</W><W>like</W><W>family</W><W>.</W></SENTENCE><SENTENCE><W>The</W><W>meal</W><W>consisted</W><W>of</W><W>pork</W><W>dumplings</W><W>,</W><W>spring</W><W>rolls</W><W>,</W><W>smoked</W><W>salmon</W><W>,</W><W>noodles</W><W>,</W><W>steamed</W><W>vegetables</W><W>,</W><W>grilled</W><W>pork</W><W>,</W><W>turkey</W><W>,</W><W>top</W><W>sirloin</W><W>,</W><C><W>and</W></C><W>jumbo</W><W>shrimp</W><W>.</W></SENTENCE><SENTENCE><W>Dessert</W><W>is</W><W>sliced</W><W>fresh</W><W>pineapple</W><C><W>and</W></C><W>caramel</W><W>sauce</W><W>.</W></SENTENCE><SENTENCE><W>The</W><W>meal</W><W>is</W><W>$</W><W>20.99</W><W>all</W><W>you</W><C><cue ID="11" type="speculation"><W>can</W></cue></C><xcope ID="32"><ref COMMENTS="" ID="54" SRC="11"></ref><W>eat</W></xcope><C><W>and</W></C><W>frankly</W><W>the</W><W>food</W><W>was</W><W>better</W><W>here</W><W>than</W><W>at</W><W>the</W><W>Luau</W><W>.</W></SENTENCE></P><P></P><P><SENTENCE><W>Its</W><W>easy</W><W>to</W><W>get</W><W>a</W><W>seat</W><W>early</W><W>but</W><W>for</W><W>evening</W><W>dining</W><W>reservations</W><W>are</W><W>recommended</W><W>.</W></SENTENCE></P><P></P><P><SENTENCE><W>Also</W><W>in</W><W>the</W><W>building</W><W>is</W><W>Tambu</W><W>Lounge</W><W>featuring</W><W>exotic</W><W>libations</W><W>.</W></SENTENCE><SENTENCE><W>Appetizers</W><W>are</W><W>available</W><W>from</W><W>5:00</W><W>p.m.</W><W>till</W><W>10:00</W><W>p.m.</W><W>daily</W><W>.</W></SENTENCE><SENTENCE><W>The</W><W>Kona</W><W>Café</W><W>is</W><W>an</W><W>excellent</W><W>place</W><W>for</W><xcope ID="34"><ref COMMENTS="" ID="55" SRC="12"></ref><W>a</W><W>morning</W><W>eye</W><W>opener</W></xcope><C><cue ID="12" type="speculation"><W>or</W></cue></C><xcope ID="33"><ref COMMENTS="" ID="56" SRC="12"></ref><W>a</W><W>family</W><W>breakfast</W><W>like</W><W>Tonga</W><W>Toast</W></xcope><W>.</W></SENTENCE><SENTENCE><W>They</W><W>even</W><W>serve</W><W>lunch</W><W>.</W></SENTENCE></P><P></P><P><SENTENCE><W>Overall</W></SENTENCE></P><P></P><P><SENTENCE><W>As</W><W>I</W><W>mentioned</W><W>earlier</W><W>we</W><W>were</W><W>there</W><W>25</W><W>years</W><W>ago</W><C><W>and</W></C><W>liked</W><W>it</W><W>so</W><W>much</W><W>we</W><W>went</W><W>back</W><W>for</W><W>our</W><W>25th</W><W>anniversary</W><W>.</W></SENTENCE><SENTENCE><C><cue ID="13" type="speculation"><W>If</W></cue></C><xcope ID="35"><ref COMMENTS="" ID="59" SRC="13"></ref><W>everything</W><W>goes</W><W>well</W><W>well</W><W>go</W><W>back</W><W>again</W><W>for</W><W>another</W><W>occasion</W></xcope><W>.</W></SENTENCE><SENTENCE><W>I</W><W>only</W><C><cue ID="14" type="speculation"><W>hope</W></cue></C><xcope ID="37"><ref COMMENTS="" ID="58" SRC="14"></ref><W>that</W><W>this</W><W>time</W><W>it</W><W>will</W><C><cue ID="15" type="negation"><W>not</W></cue></C><xcope ID="36"><ref COMMENTS="" ID="57" SRC="15"></ref><W>be</W><W>25</W><W>more</W><W>years</W></xcope></xcope><W>.</W></SENTENCE><SENTENCE><W>Its</W><W>a</W><W>great</W><W>place</W><W>for</W><W>the</W><W>entire</W><W>family</W><W>.</W></SENTENCE><SENTENCE><W>Everyone</W><W>is</W><W>treated</W><W>like</W><W>they</W><W>are</W><W>the</W><W>most</W><W>important</W><W>people</W><W>there</W><W>by</W><W>all</W><W>the</W><W>staff</W><W>.</W></SENTENCE><SENTENCE><W>You</W><W>are</W><W>greeted</W><W>with</W><W>Aloha</W><W>!</W><W></W><W>by</W><W>all</W><W>the</W><W>staff</W><W>.</W></SENTENCE><SENTENCE><W>Every</W><W>question</W><W>is</W><W>answered</W><W>in</W><W>a</W><W>quick</W><C><W>and</W></C><W>efficient</W><W>manner</W><W>.</W></SENTENCE><SENTENCE><C><cue ID="16" type="speculation"><W>If</W></cue></C><xcope ID="40"><ref COMMENTS="" ID="62" SRC="16"></ref><W>you</W><W>want</W><W>reservations</W><W>to</W><xcope ID="38"><ref COMMENTS="" ID="61" SRC="17"></ref><W>a</W><W>show</W></xcope><C><cue ID="17" type="speculation"><W>or</W></cue></C><xcope ID="39"><ref COMMENTS="" ID="60" SRC="17"></ref><W>dinner</W></xcope><W>they</W><W>make</W><W>you</W><C><W>feel</W></C><W>like</W><W>they</W><W>really</W><W>want</W><W>to</W><W>make</W><W>them</W><W>for</W><W>you</W></xcope><W>.</W></SENTENCE></P><P></P><P><SENTENCE><W>Of</W><W>all</W><W>the</W><W>places</W><W>Ive</W><W>stayed</W><W>over</W><W>the</W><W>years</W><W>,</W><W>Disneys</W><W>Polynesian</W><W>Resort</W><W>is</W><W>the</W><W>best</W><W>!</W><W>!</W><W>!</W><W>!</W><W>!</W><W>!</W><W>!</W></SENTENCE></P></DOCUMENT>
