<?xml version="1.0" encoding="UTF-8"?>
<DOCUMENT><P></P><P><SENTENCE><W>I</W><W>have</W><W>recently</W><W>returned</W><W>from</W><W>my</W><W>honeymoon</W><W>.</W></SENTENCE><SENTENCE><W>My</W><W>husband</W><C><W>and</W></C><W>I</W><W>chose</W><W>Disney</W><W>World</W><W>for</W><W>several</W><W>reasons</W><W>.</W></SENTENCE><SENTENCE><W>To</W><W>begin</W><W>with</W><W>,</W><W>I</W><W>grew</W><W>up</W><W>in</W><W>California</W><W>,</W><W>so</W><W>my</W><W>family</W><W>always</W><W>went</W><W>to</W><W>Disney</W><W>Land</W><W>.</W></SENTENCE><SENTENCE><W>However</W><W>,</W><W>we</W><W>had</W><W>cable</W><W>television</W><C><W>and</W></C><W>I</W><W>remember</W><W>watching</W><W>a</W><W>special</W><W>on</W><W>all</W><W>the</W><W>different</W><W>theme</W><W>hotels</W><W>at</W><W>Disney</W><W>World</W><C><W>and</W></C><W>wishing</W><W>I</W><C><cue ID="0" type="speculation"><W>could</W></cue></C><xcope ID="38"><ref ID="78" SRC="0"></ref><W>stay</W><W>at</W><W>all</W><W>the</W><W>different</W><W>hotels</W></xcope><W>.</W></SENTENCE><SENTENCE><W>I</W><W>had</W><W>stayed</W><W>with</W><W>my</W><W>family</W><W>at</W><W>the</W><W>Disneyland</W><W>hotel</W><W>many</W><W>times</W><W>,</W><W>but</W><W>that</W><W>hotel</W><W>does</W><C><cue ID="1" type="negation"><W>not</W></cue></C><xcope ID="39"><ref ID="79" SRC="1"></ref><W>have</W><W>a</W><W>theme</W></xcope><W>.</W></SENTENCE></P><P></P><P><SENTENCE><W>Our</W><W>first</W><W>choice</W><W>was</W><W>the</W><W>Grand</W><W>Floridian</W><W>,</W><W>but</W><W>since</W><W>we</W><W>were</W><W>paying</W><W>for</W><W>the</W><W>honeymoon</W><W>ourselves</W><W>,</W><W>we</W><W>opted</W><C><cue ID="2" type="negation"><W>not</W></cue></C><xcope ID="43"><ref ID="83" SRC="2"></ref><W>to</W><W>stay</W><W>there</W><W>after</W><W>learning</W><W>that</W><W>our</W><W>honeymoon</W><C><cue ID="3" type="speculation"><W>would</W></cue></C><xcope ID="42"><ref ID="82" SRC="3"></ref><W>cost</W><W>about</W><W>$</W><W>500</W><W>more</W><W>than</W><W>it</W><C><cue ID="4" type="speculation"><W>would</W></cue></C></xcope></xcope><xcope ID="41"><ref ID="81" SRC="4"></ref><C><cue ID="5" type="speculation"><W>if</W></cue></C><xcope ID="40"><ref ID="80" SRC="5"></ref><W>we</W><W>stayed</W><W>at</W><W>the</W><W>Polynesian</W></xcope></xcope><W>.</W></SENTENCE></P><P></P><P><SENTENCE><W>The</W><W>&#34;</W><W>Poly</W><W>&#34;</W><W>was</W><W>our</W><W>second</W><W>choice</W><W>.</W></SENTENCE><SENTENCE><W>We</W><W>chose</W><W>to</W><W>stay</W><W>there</W><W>because</W><W>it</W><W>had</W><W>a</W><W>Hawaiian/Polynesian</W><W>theme</W><W>that</W><C><cue ID="6" type="speculation"><W>would</W></cue></C><xcope ID="44"><ref ID="85" SRC="6"></ref><W>be</W><W>(</W><W>hopefully</W><W>)</W><W>similar</W><W>to</W><W>going</W><W>to</W><W>Hawaii</W><W>for</W><W>a</W><W>honeymoon</W></xcope><W>.</W></SENTENCE><SENTENCE><W>Well</W><W>,</W><C><cue ID="7" type="negation"><W>not</W></cue></C><xcope ID="45"><ref ID="84" SRC="7"></ref><W>exactlybut</W></xcope><W>you</W><W>know</W><W>what</W><W>I</W><W>mean</W><W>.</W></SENTENCE></P><P></P><P><SENTENCE><W>The</W><W>Poly</W><W>is</W><W>very</W><W>ideally</W><W>situated</W><W>.</W></SENTENCE><SENTENCE><W>It</W><W>is</W><W>on</W><W>the</W><W>monorail</W><W>line</W><W>,</W><W>so</W><W>getting</W><W>to</W><W>the</W><W>Magic</W><W>Kingdom</W><C><W>and</W></C><W>Epcot</W><W>are</W><W>very</W><W>easy</W><W>.</W></SENTENCE><SENTENCE><W>It</W><W>is</W><W>also</W><W>within</W><W>walking</W><W>distance</W><W>of</W><W>the</W><W>Ticket</W><C><W>and</W></C><W>Transportation</W><W>Center</W><W>,</W><W>which</W><W>provides</W><W>bus</W><W>transportation</W><W>to</W><W>MGM</W><W>Studios</W><W>,</W><W>Animal</W><W>Kingdom</W><W>,</W><W>Downtown</W><W>Disney</W><C><W>and</W></C><W>the</W><W>water</W><W>parks</W><W>.</W></SENTENCE><SENTENCE><W>Additionally</W><W>,</W><W>bus</W><W>transportation</W><W>is</W><W>also</W><W>provided</W><W>directly</W><W>from</W><W>the</W><W>hotel</W><W>.</W></SENTENCE><SENTENCE><W>Staying</W><W>at</W><W>the</W><W>Poly</W><W>makes</W><W>it</W><W>very</W><W>easy</W><W>to</W><W>get</W><W>around</W><W>the</W><W>&#34;</W><W>World</W><W>.</W><W>&#34;</W></SENTENCE></P><P></P><P><SENTENCE><W>The</W><W>rooms</W><W>at</W><W>the</W><W>Poly</W><W>are</W><W>quite</W><W>large</W><W>.</W></SENTENCE><SENTENCE><W>Rooms</W><W>are</W><W>located</W><W>in</W><W>one</W><W>of</W><W>about</W><xcope ID="47"><ref ID="87" SRC="8"></ref><W>five</W></xcope><C><cue ID="8" type="speculation"><W>or</W></cue></C><xcope ID="46"><ref ID="86" SRC="8"></ref><W>six</W><W>2-3</W><W>story</W><W>buildings</W></xcope><W>.</W></SENTENCE><SENTENCE><W>A</W><W>standard</W><W>room</W><W>comes</W><W>with</W><W>two</W><W>queen</W><W>beds</W><C><W>and</W></C><W>a</W><W>day</W><W>bed</W><W>,</W><W>so</W><W>two</W><W>parents</W><C><W>and</W></C><W>three</W><W>children</W><C><cue ID="9" type="speculation"><W>can</W></cue></C><xcope ID="48"><ref ID="88" SRC="9"></ref><W>stay</W><W>quite</W><W>comfortably</W></xcope><W>.</W></SENTENCE><SENTENCE><W>I</W><C><cue ID="10" type="speculation"><W>think</W></cue></C><xcope ID="90"><ref ID="91" SRC="10"></ref><W>you</W><C><cue ID="11" type="speculation"><W>can</W></cue></C><xcope ID="49"><ref ID="89" SRC="11"></ref><W>fit</W><W>in</W><W>a</W><W>baby</W><W>in</W><W>a</W><W>crib</W><W>in</W><W>addition</W><W>to</W><W>the</W><W>five</W><W>people</W><W>already</W><W>staying</W><W>there</W></xcope></xcope><W>.</W></SENTENCE><SENTENCE><W>The</W><W>armoire</W><xcope ID="51"><ref ID="92" SRC="12"></ref><W>has</W><W>5</W><W>drawers</W></xcope><C><cue ID="12" type="speculation"><W>or</W></cue></C><xcope ID="50"><ref ID="93" SRC="12"></ref><W>so</W><W>with</W><W>plenty</W><W>of</W><W>space</W><W>for</W><W>clothes</W></xcope><W>.</W></SENTENCE><SENTENCE><W>Additionally</W><W>,</W><W>there</W><W>is</W><W>a</W><W>large</W><W>closet</W><W>with</W><W>a</W><W>room</W><W>safe</W><W>for</W><W>storing</W><W>valuables</W><W>.</W></SENTENCE><SENTENCE><W>There</W><W>is</W><W>also</W><W>a</W><W>table</W><W>,</W><W>two</W><W>chairs</W><C><W>and</W></C><W>an</W><W>ice</W><W>bucket</W><W>.</W></SENTENCE></P><P></P><P><SENTENCE><W>The</W><W>room</W><W>décor</W><W>is</W><W>very</W><W>festive</W><W>.</W></SENTENCE><SENTENCE><W>Island</W><W>patterned</W><W>bedspreads</W><W>about</W><C><W>and</W></C><W>the</W><W>aforementioned</W><W>armoire</W><W>had</W><W>a</W><W>faux</W><W>bamboo</W><W>design</W><W>as</W><W>did</W><W>the</W><W>headboard</W><W>.</W></SENTENCE><SENTENCE><W>While</W><W>it</W><W>was</W><W>more</W><W>kitschy</W><W>than</W><W>authentic</W><W>,</W><W>it</W><W>was</W><W>still</W><W>a</W><W>fun</W><W>place</W><W>to</W><W>stay</W><W>.</W></SENTENCE></P><P></P><P><SENTENCE><W>There</W><W>are</W><W>several</W><W>types</W><W>of</W><W>rooms</W><W>.</W></SENTENCE><SENTENCE><W>The</W><W>least</W><W>expensive</W><W>is</W><W>the</W><W>&#34;garden</W><W>&#34;</W><W>room</W><C><W>and</W></C><W>there</W><W>are</W><W>also</W><W>&#34;lagoon</W><W>&#34;</W><W>rooms</W><W>(</W><W>with</W><W>views</W><W>of</W><W>the</W><W>water</W><W>)</W><C><W>and</W></C><W>concierge</W><W>rooms</W><W>with</W><W>lots</W><W>of</W><W>extra</W><W>pampering</W><W>.</W></SENTENCE><SENTENCE><W>We</W><W>had</W><W>a</W><W>garden</W><W>room-next</W><W>to</W><W>the</W><W>monorail</W><W>,</W><C><cue ID="13" type="negation"><W>no</W></cue></C><xcope ID="52"><ref ID="94" SRC="13"></ref><W>less</W></xcope><W>.</W></SENTENCE><SENTENCE><W>However</W><W>,</W><W>even</W><W>though</W><W>the</W><W>monorail</W><W>passed</W><W>right</W><W>by</W><W>our</W><W>patio</W><W>door</W><W>,</W><W>it</W><W>was</W><W>so</W><W>quiet</W><W>that</W><W>it</W><W>did</W><C><cue ID="14" type="negation"><W>not</W></cue></C><xcope ID="53"><ref COMMENTS="" ID="95" SRC="14"></ref><W>bother</W><W>us</W><W>at</W><W>all</W></xcope><W>.</W></SENTENCE></P><P></P><P><SENTENCE><W>The</W><W>Great</W><W>Ceremonial</W><W>house</W><W>is</W><W>the</W><W>main</W><W>building</W><W>at</W><W>the</W><W>Poly</W><W>.</W></SENTENCE><SENTENCE><W>It</W><W>includes</W><W>clothing</W><W>stores</W><W>for</W><W>men</W><C><W>and</W></C><W>women</W><W>.</W></SENTENCE><SENTENCE><W>We</W><W>got</W><W>caught</W><W>in</W><W>a</W><W>HUGE</W><W>rainstorm</W><W>on</W><W>Wednesday</W><C><W>and</W></C><W>Steve</W><W>&#39;s</W><W>shorts</W><W>were</W><W>soaked</W><W>.</W></SENTENCE><SENTENCE><W>We</W><C><W>thought</W></C><W>about</W><W>buying</W><W>another</W><W>pair</W><W>for</W><W>him</W><W>,</W><W>but</W><W>the</W><W>shorts</W><W>on</W><W>sale</W><W>were</W><W>around</W><W>$</W><W>40-and</W><W>they</W><W>were</W><W>ugly</W><W>!</W></SENTENCE></P><P></P><P><SENTENCE><W>One</W><W>of</W><W>our</W><W>favorite</W><W>places</W><W>was</W><W>the</W><W>snack</W><W>bar</W><W>.</W></SENTENCE><SENTENCE><W>You</W><C><cue ID="15" type="speculation"><W>can</W></cue></C><xcope ID="54"><ref ID="96" SRC="15"></ref><W>buy</W><W>a</W><W>mug</W><W>there</W><W>for</W><W>$</W><W>10</W></xcope><C><W>and</W></C><W>then</W><W>get</W><W>free</W><W>refills</W><W>for</W><W>the</W><W>duration</W><W>of</W><W>your</W><W>stay</W><W>.</W></SENTENCE><SENTENCE><W>Considering</W><W>that</W><W>a</W><W>soda</W><W>costs</W><W>about</W><W>$</W><W>1.50</W><W>,</W><W>this</W><W>is</W><W>a</W><W>great</W><W>cost</W><W>saver-especially</W><C><cue ID="16" type="speculation"><W>if</W></cue></C><xcope ID="55"><ref ID="97" SRC="16"></ref><W>you</W><W>come</W><W>back</W><W>to</W><W>the</W><W>hotel</W><W>for</W><W>a</W><W>rest</W><W>in</W><W>the</W><W>middle</W><W>of</W><W>the</W><W>afternoon</W></xcope><W>.</W></SENTENCE></P><P></P><P><SENTENCE><W>Additional</W><W>dining</W><W>options</W><W>include</W><W>the</W><W>Kona</W><W>Café</W><C><W>and</W></C><W>Ohanas</W><W>,</W><W>which</W><W>we</W><W>ate</W><W>at</W><W>on</W><W>our</W><W>first</W><W>night</W><W>.</W></SENTENCE><SENTENCE><W>I</W><W>plan</W><W>to</W><W>review</W><W>the</W><W>restaurant</W><W>in</W><W>a</W><W>different</W><W>section</W><W>,</W><W>but</W><W>I</W><W>assure</W><W>you</W><W>,</W><W>this</W><W>is</W><W>a</W><C><cue ID="17" type="speculation"><W>must</W></cue></C><xcope ID="58"><ref ID="100" SRC="17"></ref><W>see-even</W><C><cue ID="18" type="speculation"><W>if</W></cue></C><xcope ID="57"><ref ID="99" SRC="18"></ref><W>you</W><cue ID="19" type="negation"><W>do</W><W>n&#39;t</W></cue><xcope ID="56"><ref ID="98" SRC="19"></ref><W>stay</W><W>at</W><W>the</W><W>Poly</W></xcope></xcope></xcope><W>.</W></SENTENCE><SENTENCE><W>In</W><W>short</W><W>,</W><W>it</W><W>is</W><W>an</W><W>all-you</W><C><cue ID="20" type="speculation"><W>can</W></cue></C><xcope ID="59"><ref ID="101" SRC="20"></ref><W>eat</W><W>feast</W><W>featuring</W><W>meat</W><W>on</W><W>sticks</W></xcope><W>.</W></SENTENCE><SENTENCE><W>The</W><W>cost</W><W>is</W><W>$</W><W>22</W><W>per</W><W>person</W><C><W>and</W></C><W>well</W><W>worth</W><W>it</W><W>.</W></SENTENCE><SENTENCE><W>It</W><W>&#39;s</W><W>a</W><W>great</W><W>place</W><W>to</W><W>take</W><W>kids-we</W><W>loved</W><W>our</W><W>meal</W><W>there</W><W>.</W></SENTENCE><SENTENCE><W>In</W><W>the</W><W>morning</W><W>,</W><W>Ohanas</W><W>features</W><W>a</W><W>character</W><W>breakfast</W><W>.</W></SENTENCE><SENTENCE><W>There</W><W>is</W><W>also</W><W>a</W><W>luau</W><W>show</W><W>presented</W><xcope ID="61"><ref ID="103" SRC="21"></ref><W>two</W></xcope><C><cue ID="21" type="speculation"><W>or</W></cue></C><xcope ID="62"><ref ID="102" SRC="21"></ref><W>three</W><W>times</W></xcope><W>a</W><W>night</W><W>for</W><W>several</W><W>nights</W><W>a</W><W>week</W><W>,</W><W>but</W><W>we</W><W>did</W><C><cue ID="22" type="negation"><W>not</W></cue></C><xcope ID="60"><ref ID="104" SRC="22"></ref><W>see</W><W>it</W></xcope><W>.</W></SENTENCE></P><P></P><P><SENTENCE><W>The</W><W>Poly</W><W>features</W><W>a</W><W>&#34;quiet</W><W>&#34;</W><W>pool</W><C><W>and</W></C><W>the</W><W>more</W><W>popular</W><W>&#34;</W><W>Volcano</W><W>&#34;</W><W>pool</W><W>with</W><W>a</W><W>water</W><W>slide</W><C><W>and</W></C><W>&#34;</W><W>smoking</W><W>&#34;</W><W>volcano</W><W>.</W></SENTENCE><SENTENCE><W>Since</W><W>we</W><W>went</W><W>in</W><W>August</W><C><W>and</W></C><W>it</W><W>was</W><W>very</W><W>hot</W><W>just</W><W>about</W><W>every</W><W>day</W><W>,</W><W>the</W><W>pools</W><W>were</W><W>crowded</W><W>.</W></SENTENCE><SENTENCE><W>The</W><W>waterslide</W><W>was</W><W>fun</W><W>,</W><W>but</W><W>ruffian</W><W>children</W><W>going</W><W>down</W><W>face</W><W>first</W><W>made</W><W>it</W><W>a</W><W>little</W><W>less</W><W>fun</W><W>.</W></SENTENCE></P><P></P><P><SENTENCE><W>Although</W><W>we</W><W>did</W><C><cue ID="23" type="negation"><W>not</W></cue></C><xcope ID="69"><ref ID="105" SRC="23"></ref><W>do</W><W>this</W></xcope><W>,</W><W>the</W><W>Poly</W><W>also</W><W>rents</W><W>little</W><W>speedboats</W><W>for</W><W>about</W><W>$</W><W>25</W><W>for</W><W>a</W><W>½</W><W>hour</W><W>.</W></SENTENCE><SENTENCE><W>They</W><W>looked</W><W>like</W><W>a</W><W>lot</W><W>of</W><W>fun</W><W>,</W><W>but</W><W>we</W><W>did</W><C><cue ID="24" type="negation"><W>not</W></cue></C><xcope ID="63"><ref ID="106" SRC="24"></ref><W>have</W><W>time</W><W>to</W><W>do</W><W>this</W></xcope><W>.</W></SENTENCE></P><P></P><P><SENTENCE><W>I</W><W>did</W><W>have</W><W>a</W><W>couple</W><W>of</W><W>very</W><W>minor</W><W>problems</W><W>about</W><W>the</W><W>room</W><W>.</W></SENTENCE><SENTENCE><W>First</W><W>,</W><W>the</W><W>shower</W><W>pressure</W><W>was</W><W>very</W><W>low</W><W>.</W></SENTENCE><SENTENCE><W>I</W><cue ID="25" type="negation"><W>do</W><W>n&#39;t</W></cue><xcope ID="110"><ref COMMENTS="" ID="111" SRC="25"></ref><W>know</W><C><cue ID="26" type="speculation"><W>if</W></cue></C><xcope ID="67"><ref ID="109" SRC="26"></ref><W>this</W><W>was</W><W>a</W><W>Florida</W><xcope ID="65"><ref ID="108" SRC="27"></ref><W>drought</W><W>thing</W></xcope><C><cue ID="27" type="speculation"><W>or</W></cue></C><xcope ID="66"><ref ID="107" SRC="27"></ref><W>something</W><W>else</W></xcope></xcope></xcope><W>,</W><W>but</W><W>it</W><W>was</W><W>annoying</W><W>.</W></SENTENCE><SENTENCE><W>Also</W><W>,</W><W>our</W><W>remote</W><W>control</W><W>had</W><C><cue ID="28" type="negation"><W>no</W></cue></C><xcope ID="68"><ref ID="112" SRC="28"></ref><W>batteries</W></xcope><W>,</W><W>but</W><W>since</W><W>we</W><W>did</W><C><cue ID="29" type="negation"><W>not</W></cue></C><xcope ID="70"><ref ID="113" SRC="29"></ref><W>spend</W><W>so</W><W>much</W><W>time</W><W>watching</W><W>television</W></xcope><W>,</W><W>this</W><W>did</W><C><cue ID="30" type="negation"><W>not</W></cue></C><xcope ID="71"><ref ID="115" SRC="31"></ref><W>bother</W><W>us</W></xcope><C><cue ID="31" type="negation"><W>either</W></cue></C><W>.</W></SENTENCE><SENTENCE><W>The</W><W>pillows</W><W>were</W><W>smaller</W><W>than</W><W>normal</W><C><W>and</W></C><W>a</W><W>little</W><W>hard</W><W>,</W><W>but</W><W>that</W><W>was</W><W>the</W><W>only</W><W>thing</W><W>that</W><W>bothered</W><W>me</W><W>.</W></SENTENCE><SENTENCE><W>As</W><W>you</W><C><cue ID="32" type="speculation"><W>can</W></cue></C><xcope ID="72"><ref ID="116" SRC="32"></ref><W>see</W></xcope><W>,</W><W>these</W><W>things</W><W>are</W><W>minor</W><W>.</W></SENTENCE></P><P></P><P><SENTENCE><W>Also</W><W>,</W><W>when</W><W>we</W><W>arrived</W><W>,</W><W>Steve</W><W>asked</W><W>about</W><W>an</W><W>room</W><W>upgrade</W><W>because</W><W>it</W><W>was</W><W>our</W><W>honeymoon</W><W>.</W></SENTENCE><SENTENCE><W>The</W><W>clerk</W><W>said</W><W>that</W><W>there</W><W>were</W><C><W>no</W></C><W>rooms</W><W>available</W><W>,</W><W>but</W><W>he</W><C><cue ID="34" type="speculation"><W>would</W></cue></C><xcope ID="73"><ref ID="117" SRC="34"></ref><W>be</W><W>happy</W><W>to</W><W>send</W><W>something</W><W>for</W><W>us</W><W>over</W><W>the</W><W>next</W><W>day</W></xcope><W>.</W></SENTENCE><SENTENCE><W>We</W><C><cue ID="33" type="negation"><W>never</W></cue></C><xcope ID="74"><ref ID="118" SRC="33"></ref><W>got</W><W>anything</W></xcope><W>.</W></SENTENCE><SENTENCE><W>Again</W><W>,</W><W>since</W><W>we</W><W>were</W><W>going</W><W>to</W><W>be</W><W>getting</W><W>something</W><W>for</W><W>nothing</W><W>,</W><C><cue ID="35" type="negation"><W>not</W></cue></C><xcope ID="76"><ref ID="120" SRC="35"></ref><W>getting</W><W>it</W><cue ID="36" type="negation"><W>did</W><W>n&#39;t</W></cue><xcope ID="75"><ref COMMENTS="" ID="119" SRC="36"></ref><W>bother</W><W>me</W></xcope></xcope><W>,</W><W>but</W><W>still</W><W>.</W></SENTENCE></P><P></P><P><SENTENCE><W>Overall</W><W>,</W><W>staying</W><W>at</W><W>the</W><W>Poly</W><W>was</W><W>great</W><W>.</W></SENTENCE><SENTENCE><W>We</W><W>ate</W><W>a</W><W>meal</W><W>at</W><W>the</W><W>Yacht</W><W>Club</W><W>resort</W><C><W>and</W></C><W>we</W><W>found</W><W>it</W><W>somewhat</W><W>inconvenient</W><W>to</W><W>take</W><W>a</W><W>crowded</W><W>bus</W><W>to</W><C><W>and</W></C><W>from</W><W>the</W><W>Magic</W><W>Kingdom</W><W>after</W><W>our</W><W>own</W><W>experiences</W><W>of</W><W>simply</W><W>taking</W><W>the</W><W>monorail</W><W>to</W><W>the</W><W>Magic</W><W>Kingdom</W><W>.</W></SENTENCE><SENTENCE><W>In</W><W>my</W><W>opinion</W><W>,</W><W>it</W><W>is</W><W>worth</W><W>the</W><W>money</W><W>to</W><W>be</W><W>so</W><W>close</W><W>to</W><W>the</W><W>theme</W><W>parks</W><W>.</W></SENTENCE></P><P></P><P><SENTENCE><W>The</W><W>Poly</W><W>is</W><W>a</W><W>great</W><W>place</W><W>for</W><W>everyone-honeymooners</W><W>,</W><W>couples</W><W>,</W><W>families</W><W>,</W><W>singles-everyone</W><C><cue ID="37" type="speculation"><W>can</W></cue></C><xcope ID="77"><ref ID="121" SRC="37"></ref><W>appreciate</W><W>the</W><W>décor</W><C><W>and</W></C><W>everything</W><W>the</W><W>Poly</W><W>has</W><W>to</W><W>offer</W></xcope><W>.</W></SENTENCE></P></DOCUMENT>
