<?xml version="1.0" encoding="UTF-8"?>
<DOCUMENT><P></P><P><SENTENCE><W>To</W><W>start</W><W>off</W><W>my</W><W>review</W><W>,</W><W>let</W><W>me</W><W>put</W><W>it</W><W>quite</W><W>simply</W><W>:</W></SENTENCE></P><P></P><P><SENTENCE><W>WILDERNESS</W><W>LODGE</W><W>IS</W><W>A</W><W>FABULOUS</W><W>PLACE</W><W>TO</W><W>STAY</W><W>AT</W><W>ON</W><W>YOUR</W><W>DISNEY</W><W>WORLD</W><W>VACATION.</W></SENTENCE></P><P></P><P><SENTENCE><W>Now</W><W>,</W><W>to</W><W>expound</W><W>on</W><W>that</W><W>a</W><W>bit</W><W>more</W><W>....</W></SENTENCE></P><P></P><P><SENTENCE><W>***RESORT</W><W>LOBBY</W><W>,</W><W>RESTAURANTS</W><W>,</W><C><W>and</W></C><W>AMENITIES***</W></SENTENCE></P><P></P><P><SENTENCE><W>My</W><W>family</W><C><W>and</W></C><W>I</W><W>vacationed</W><W>in</W><W>WDW</W><W>last</W><W>in</W><W>Sept.</W><W>2001</W><C><W>and</W></C><W>had</W><W>the</W><W>opportunity</W><W>to</W><W>stay</W><W>for</W><W>the</W><W>week</W><W>in</W><W>this</W><W>gorgeously</W><W>themed</W><C><W>and</W></C><W>decorated</W><W>resort</W><C><W>and</W></C><W>were</W><W>highly</W><W>impressed</W><W>.</W></SENTENCE><SENTENCE><W>The</W><W>&#34;</W><W>Disney</W><W>magic</W><W>&#34;</W><W>is</W><W>abundantly</W><W>felt</W><C><W>and</W></C><W>seen</W><W>in</W><W>this</W><W>huge</W><W>log</W><W>cabin</W><W>of</W><W>a</W><W>resort</W><W>,</W><W>a</W><W>resort</W><W>made</W><W>up</W><W>in</W><W>the</W><W>style</W><W>of</W><W>old</W><W>American</W><W>Northwest</W><W>Woods</W><W>cabin</W><W>.</W></SENTENCE><SENTENCE><C><cue ID="0" type="speculation"><W>If</W></cue></C><xcope ID="43"><ref ID="92" SRC="0"></ref><W>you</W><W>&#39;re</W><C><cue ID="1" type="negation"><W>not</W></cue></C><xcope ID="42"><ref ID="91" SRC="1"></ref><W>already</W><W>in</W><W>awe</W><W>at</W><W>the</W><W>sight</W><W>of</W><W>this</W><W>impressive</W><W>building</W></xcope></xcope><W>,</W><W>you</W><W>&#39;re</W><W>really</W><W>in</W><W>for</W><W>a</W><W>treat</W><W>once</W><W>you</W><W>walk</W><W>through</W><W>the</W><W>front</W><W>doors</W><W>into</W><W>the</W><W>enormous</W><W>,</W><W>open</W><W>lobby</W><W>.</W></SENTENCE><SENTENCE><W>It</W><W>really</W><W>will</W><W>take</W><W>your</W><W>breath</W><W>away</W><W>as</W><W>within</W><W>the</W><W>lobby</W><W>is</W><W>a</W><W>huge</W><W>multi-colored</W><W>stone</W><W>fireplace</W><W>,</W><W>a</W><W>huge</W><W>wooden</W><W>totem</W><W>pole</W><W>made</W><W>of</W><W>various</W><W>animal</W><W>carvings</W><W>,</W><C><W>and</W></C><W>hanging</W><W>from</W><W>the</W><W>ceiling</W><W>as</W><W>lights</W><W>are</W><W>large</W><W>Native</W><W>American</W><W>tents</W><W>with</W><W>various</W><W>hunting</W><W>depictions</W><W>on</W><W>them</W><W>.</W></SENTENCE><SENTENCE><W>In</W><W>the</W><W>background</W><W>,</W><W>playing</W><W>fairly</W><W>lightly</W><W>are</W><W>tunes</W><W>from</W><W>various</W><W>western</W><W>films</W><W>such</W><W>as</W><W>Dances</W><W>With</W><W>Wolves</W><W>,</W><W>which</W><C><cue ID="2" type="speculation"><W>if</W></cue></C><xcope ID="44"><ref ID="93" SRC="2"></ref><W>you</W><W>&#39;ve</W><W>heard</W><W>the</W><W>songs</W><W>from</W><W>it</W></xcope><W>,</W><W>are</W><W>beautiful</W><C><W>and</W></C><W>tranquil</W><W>to</W><W>listen</W><W>to</W><W>.</W></SENTENCE></P><P></P><P><SENTENCE><W>Off</W><W>to</W><W>the</W><W>right</W><W>as</W><W>you</W><W>walk</W><W>into</W><W>the</W><W>building</W><W>is</W><W>the</W><W>Service</W><W>Desk</W><W>,</W><W>where</W><W>resort</W><W>employees</W><W>are</W><W>available</W><W>at</W><W>all</W><W>times</W><W>to</W><W>offer</W><W>prompt</W><C><W>and</W></C><W>courteous</W><W>service</W><W>.</W></SENTENCE><SENTENCE><W>I</W><W>have</W><W>to</W><W>give</W><W>credit</W><W>to</W><W>the</W><W>help</W><W>,</W><W>since</W><W>we</W><W>made</W><W>use</W><W>of</W><W>them</W><W>several</W><W>times</W><C><W>and</W></C><W>they</W><C><cue ID="3" type="negation"><W>never</W></cue></C><xcope ID="45"><ref ID="94" SRC="3"></ref><W>came</W><W>off</W><W>as</W><W>being</W><W>bothered</W><W>by</W><W>your</W><W>questions</W></xcope><C><W>and</W></C><W>were</W><W>genuinely</W><W>interested</W><W>in</W><W>helping</W><W>you</W><W>.</W></SENTENCE><SENTENCE><W>That</W><C><cue ID="4" type="speculation"><W>may</W></cue></C><xcope ID="46"><ref ID="95" SRC="4"></ref><W>be</W><W>a</W><W>pretty</W><W>small</W><W>thing</W><W>for</W><W>some</W><W>people</W></xcope><W>,</W><W>but</W><W>that</W><W>small</W><W>thing</W><W>adds</W><W>to</W><W>the</W><W>overall</W><W>charm</W><C><W>and</W></C><W>appeal</W><W>of</W><W>WL.</W></SENTENCE></P><P></P><P><SENTENCE><W>Within</W><W>the</W><W>main</W><W>lobby</W><W>are</W><W>several</W><W>small</W><W>sitting</W><W>places</W><W>with</W><W>comfortable</W><W>chairs</W><C><W>and</W></C><W>sofas</W><W>.</W></SENTENCE><SENTENCE><W>We</W><W>took</W><W>advantage</W><W>of</W><W>these</W><W>numerous</W><W>times</W><W>so</W><W>we</W><C><cue ID="5" type="speculation"><W>could</W></cue></C><xcope ID="47"><ref ID="96" SRC="5"></ref><W>all</W><W>play</W><W>cards</W></xcope><W>.</W></SENTENCE><SENTENCE><W>It</W><W>was</W><W>convenient</W><W>,</W><C><W>and</W></C><W>we</W><W>managed</W><W>to</W><W>be</W><W>friendly</W><W>with</W><W>the</W><W>other</W><W>guests</W><W>who</W><W>usually</W><W>stopped</W><W>by</W><W>out</W><W>of</W><W>curiosity</W><W>to</W><W>see</W><W>what</W><W>we</W><W>were</W><W>doing</W><W>.</W></SENTENCE></P><P></P><P><SENTENCE><W>To</W><W>the</W><W>left</W><C><W>and</W></C><W>going</W><W>down</W><W>the</W><W>ramp</W><W>are</W><W>the</W><W>resorts</W><W>main</W><W>eating</W><W>establishments</W><W>,</W><W>Artist</W><W>Point</W><W>(</W><W>the</W><W>fancier</W><W>,</W><W>more</W><W>expensive</W><W>dinner-only</W><W>restaurant</W><W>which</W><W>serves</W><W>American</W><W>cuisine</W><C><W>and</W></C><W>requires</W><W>you</W><W>to</W><W>make</W><W>advance</W><W>reservations</W><W>)</W><W>,</W><W>Whispering</W><W>Canyon</W><W>Cafe</W><W>(</W><W>the</W><W>more</W><W>moderately</W><W>priced</W><W>family</W><W>restaurant</W><W>serving</W><W>all</W><W>three</W><W>meals</W><C><W>and</W></C><W>occasionally</W><W>has</W><W>a</W><W>visit</W><W>by</W><W>a</W><W>Disney</W><W>character</W><W>during</W><W>breakfast</W><W>)</W><W>,</W><C><W>and</W></C><W>The</W><W>Roaring</W><W>Forks</W><W>snack</W><W>bar</W><W>(</W><W>a</W><W>quick</W><C><W>and</W></C><W>easy</W><W>counter-service</W><W>area</W><W>that</W><W>serves</W><W>up</W><W>light</W><W>snacks</W><C><W>and</W></C><W>meal</W><W>items</W><W>any</W><W>time</W><W>of</W><W>the</W><W>day</W><W>)</W><W>.</W></SENTENCE></P><P></P><P><SENTENCE><C><cue ID="6" type="speculation"><W>If</W></cue></C><xcope ID="49"><ref ID="98" SRC="6"></ref><W>you</W><cue ID="7" type="negation"><W>do</W><W>n&#39;t</W></cue><xcope ID="48"><ref COMMENTS="" ID="97" SRC="7"></ref><W>make</W><W>the</W><W>turn</W><W>down</W><W>to</W><W>the</W><W>Roaring</W><W>Forks</W></xcope></xcope><C><W>and</W></C><W>continue</W><W>outside</W><W>,</W><W>you</W><W>&#39;re</W><W>in</W><W>the</W><W>pool</W><W>area</W><W>of</W><W>the</W><W>resort</W><W>.</W></SENTENCE><SENTENCE><W>The</W><W>main</W><W>pool</W><W>is</W><W>heated</W><W>,</W><W>but</W><W>on</W><W>the</W><W>small</W><W>side</W><W>.</W></SENTENCE><SENTENCE><W>There</W><W>is</W><W>a</W><W>waterslide</W><W>for</W><W>kids</W><W>of</W><W>all</W><W>ages</W><W>to</W><W>take</W><W>advantage</W><W>of</W><W>as</W><W>well</W><W>.</W></SENTENCE><SENTENCE><W>There</W><W>&#39;s</W><W>also</W><W>a</W><W>kiddie</W><W>pool</W><C><W>and</W></C><W>2</W><W>hot</W><W>tubs</W><W>for</W><W>you</W><W>to</W><W>use</W><W>when</W><C><cue ID="8" type="negation"><W>not</W></cue></C><xcope ID="50"><ref ID="99" SRC="8"></ref><W>crowded</W><W>already</W></xcope><W>.</W></SENTENCE><SENTENCE><W>There</W><W>&#39;s</W><W>a</W><W>path</W><W>that</W><W>leads</W><W>out</W><W>to</W><W>the</W><W>dock</W><W>where</W><W>you</W><C><cue ID="9" type="speculation"><W>can</W></cue></C><xcope ID="53"><ref ID="102" SRC="9"></ref><W>take</W><W>the</W><W>ferry</W><W>to</W><xcope ID="52"><ref ID="101" SRC="10"></ref><W>the</W><W>Magic</W><W>Kingdom</W></xcope><C><cue ID="10" type="speculation"><W>or</W></cue></C><xcope ID="51"><ref ID="100" SRC="10"></ref><W>over</W><W>to</W><W>Fort</W><W>Wilderness</W></xcope></xcope><W>.</W></SENTENCE><SENTENCE><W>Set</W><W>among</W><W>a</W><W>number</W><W>of</W><W>weeping</W><W>willow</W><W>trees</W><W>,</W><W>walking</W><W>along</W><W>here</W><W>adds</W><W>to</W><W>the</W><W>rustic</W><C><W>feel</W></C><W>of</W><W>the</W><W>atmosphere</W><W>felt</W><W>all</W><W>over</W><W>the</W><W>Wilderness</W><W>Lodge</W><W>Resort</W><W>.</W></SENTENCE></P><P></P><P><SENTENCE><C><cue ID="11" type="speculation"><W>If</W></cue></C><xcope ID="54"><ref ID="103" SRC="11"></ref><W>you</W><W>&#39;re</W><W>back</W><W>in</W><W>the</W><W>lobby</W><W>facing</W><W>the</W><W>Service</W><W>Desk</W></xcope><W>,</W><W>there</W><W>&#39;s</W><W>another</W><W>walkway</W><W>to</W><W>the</W><W>left</W><W>of</W><W>it</W><W>,</W><W>leading</W><W>to</W><W>,</W><W>among</W><W>other</W><W>things</W><W>,</W><W>the</W><W>bus</W><W>stop</W><W>from</W><W>which</W><W>you</W><C><cue ID="12" type="speculation"><W>can</W></cue></C><xcope ID="58"><ref ID="107" SRC="12"></ref><xcope ID="55"><ref ID="106" SRC="13"></ref><W>make</W><W>your</W><W>way</W><W>to</W><W>the</W><W>theme</W><W>parks</W></xcope><W>,</W><xcope ID="57"><ref ID="105" SRC="13"></ref><W>other</W><W>resorts</W></xcope><W>,</W><C><cue ID="13" type="speculation"><W>or</W></cue></C><xcope ID="56"><ref ID="104" SRC="13"></ref><W>anything</W><W>else</W><W>within</W><W>Disney</W><W>property</W></xcope></xcope><W>.</W></SENTENCE><SENTENCE><W>Also</W><W>,</W><W>along</W><W>this</W><W>way</W><W>is</W><W>the</W><W>resort</W><W>arcade</W><W>,</W><W>containing</W><W>a</W><W>number</W><W>of</W><W>video</W><W>games</W><W>for</W><W>the</W><W>children</W><W>,</W><C><W>and</W></C><W>the</W><W>Wilderness</W><W>Lodge</W><W>Mercantile</W><W>,</W><W>a</W><W>general</W><W>store</W><W>of</W><W>sorts</W><W>from</W><W>which</W><W>you</W><C><cue ID="14" type="speculation"><W>can</W></cue></C><xcope ID="63"><ref ID="112" SRC="14"></ref><xcope ID="59"><ref ID="111" SRC="15"></ref><W>purchase</W><W>snacks</W></xcope><W>,</W><xcope ID="60"><ref ID="110" SRC="15"></ref><W>shirts</W></xcope><W>,</W><xcope ID="61"><ref ID="109" SRC="15"></ref><W>toys</W></xcope><W>,</W><C><cue ID="15" type="speculation"><W>or</W></cue></C><xcope ID="62"><ref ID="108" SRC="15"></ref><W>personal</W><W>supplies</W></xcope><W>.</W></xcope></SENTENCE></P><P></P><P><SENTENCE><W>(</W><W>QUICK</W><W>TIP</W><W>)</W><W>-</W><W>I</W><W>found</W><W>on</W><W>my</W><W>last</W><W>visit</W><W>that</W><W>some</W><W>of</W><W>the</W><W>same</W><W>snack</W><W>items</W><C><cue ID="16" type="speculation"><W>can</W></cue></C><xcope ID="67"><ref ID="113" SRC="16"></ref><W>be</W><W>found</W><W>both</W><W>in</W><W>the</W><W>Roaring</W><W>Forks</W><W>eatery</W></xcope><W>as</W><W>well</W><W>as</W><W>in</W><W>the</W><W>Wilderness</W><W>Lodge</W><W>Mercantile</W><W>,</W><W>in</W><W>some</W><W>cases</W><W>cheaper</W><W>in</W><xcope ID="65"><ref ID="115" SRC="17"></ref><W>one</W><W>of</W><W>these</W><W>spots</W></xcope><C><cue ID="17" type="speculation"><W>or</W></cue></C><xcope ID="64"><ref ID="114" SRC="17"></ref><W>the</W><W>other</W></xcope><W>.</W></SENTENCE><SENTENCE><W>I</W><W>&#39;m</W><cue ID="117" type="speculation"><C><W>not</W></C><W>sure</W></cue><xcope ID="118"><ref COMMENTS="" ID="119" SRC="117"></ref><W>why</W></xcope><W>,</W><W>but</W><W>on</W><W>several</W><W>items</W><W>I</W><W>found</W><W>this</W><W>to</W><W>be</W><W>the</W><W>case</W><W>.</W></SENTENCE><SENTENCE><W>You</W><C><cue ID="19" type="speculation"><W>may</W></cue></C><xcope ID="66"><ref ID="116" SRC="19"></ref><W>want</W><W>to</W><W>check</W><W>before</W><W>you</W><W>decide</W><W>to</W><W>get</W><W>some</W><W>snacks</W><W>from</W><C><cue ID="20" type="speculation"><W>either</W></cue></C><W>spot</W></xcope><W>.</W></SENTENCE></P><P></P><P><SENTENCE><W>***ROOMS***</W></SENTENCE></P><P></P><P><SENTENCE><W>The</W><W>rooms</W><W>are</W><W>pretty</W><W>straightforward</W><W>hotel</W><W>rooms</W><W>:</W><W>beds</W><xcope ID="69"><ref ID="123" SRC="21"></ref><W>(queen</W><W>size</W></xcope><W>,</W><xcope ID="70"><ref ID="122" SRC="21"></ref><W>king</W><W>size</W></xcope><W>,</W><xcope ID="71"><ref ID="121" SRC="21"></ref><W>bunk</W></xcope><W>,</W><C><cue ID="21" type="speculation"><W>or</W></cue></C><xcope ID="68"><ref ID="120" SRC="21"></ref><W>whichever</W><W>you</W><W>reserve</W><W>your</W><W>room</W><W>with</W></xcope><W>)</W><W>,</W><W>table</W><W>,</W><W>chairs</W><W>,</W><W>drawers</W><W>,</W><W>small</W><W>fridge</W><W>,</W><W>small</W><W>TV</W><W>,</W><W>sink</W><W>area</W><W>outside</W><W>toilet</W><C><W>and</W></C><W>shower</W><W>room</W><W>.</W></SENTENCE><SENTENCE><W>My</W><W>only</W><W>real</W><W>complaint</W><W>about</W><W>the</W><W>room</W><W>is</W><W>that</W><W>it</W><W>was</W><W>pretty</W><W>small</W><W>with</W><W>few</W><W>extras</W><W>for</W><W>the</W><W>price</W><W>we</W><W>were</W><W>paying</W><W>for</W><W>it</W><W>per</W><W>day</W><W>.</W></SENTENCE><SENTENCE><W>Also</W><W>,</W><W>the</W><W>beds</W><W>take</W><W>up</W><W>most</W><W>of</W><W>the</W><W>width</W><W>of</W><W>the</W><W>room</W><C><W>and</W></C><W>the</W><W>corners</W><W>of</W><W>the</W><W>beds</W><W>only</W><W>come</W><W>up</W><W>so</W><W>far</W><W>so</W><W>that</W><W>it</W><W>&#39;s</W><W>really</W><W>easy</W><W>to</W><W>bump</W><W>your</W><W>shin</W><W>on</W><W>it</W><W>while</W><W>walking</W><W>through</W><W>the</W><W>room</W><W>.</W></SENTENCE><SENTENCE><W>I</W><cue ID="22" type="negation"><W>ca</W><W>n&#39;t</W></cue><xcope ID="72"><ref COMMENTS="" ID="124" SRC="22"></ref><W>even</W><W>remember</W><W>how</W><W>many</W><W>bruises</W><W>I</W><W>ended</W><W>up</W><W>having</W><W>on</W><W>my</W><W>leg</W><W>from</W><W>hitting</W><W>against</W><W>the</W><W>corner</W><W>of</W><W>the</W><W>bed</W></xcope><W>.</W></SENTENCE><SENTENCE><W>There</W><W>&#39;s</W><W>also</W><W>a</W><W>small</W><W>balcony</W><C><W>and</W></C><W>depending</W><W>on</W><W>what</W><W>you</W><W>&#39;re</W><W>willing</W><W>to</W><W>pay</W><W>for</W><W>the</W><W>room</W><W>,</W><W>you</W><W>get</W><C><cue ID="24" type="speculation"><W>either</W></cue></C><xcope ID="75"><ref ID="129" SRC="24"></ref><W>a</W><W>view</W><W>of</W><W>the</W><W>woods</W><W>that</W><W>hide</W><W>the</W><W>resort</W><W>from</W><W>the</W><W>road</W></xcope><W>,</W><C><cue ID="23" type="speculation"><W>or</W></cue></C><xcope ID="76"><ref ID="130" SRC="24"></ref><W>you</W><W>get</W><W>a</W><W>beautiful</W><W>view</W><W>overlooking</W><W>the</W><W>pool</W><W>area</W></xcope><C><W>and</W></C><W>Bay</W><W>Lake</W><W>.</W></SENTENCE><SENTENCE><W>I</W><C><cue ID="25" type="speculation"><W>would</W></cue></C><xcope ID="74"><ref ID="126" SRC="25"></ref><W>prefer</W><W>this</W><W>view</W><C><cue ID="26" type="speculation"><W>if</W></cue></C><xcope ID="73"><ref ID="125" SRC="26"></ref><W>only</W><W>for</W><W>the</W><W>nightly</W><W>view</W><W>of</W><W>the</W><W>Electric</W><W>Water</W><W>Pageant</W></xcope></xcope><W>that</W><W>makes</W><W>its</W><W>way</W><W>around</W><W>the</W><W>lake</W><W>displaying</W><W>some</W><W>brightly</W><W>colored</W><W>light</W><W>pictures</W><W>while</W><W>music</W><W>plays</W><W>.</W></SENTENCE></P><P></P><P><SENTENCE><W>***ROOM</W><W>RATES***</W></SENTENCE></P><P></P><P><SENTENCE><xcope ID="78"><ref ID="132" SRC="27"></ref><W>There</W><W>are</W><W>4</W><W>main</W><W>time</W><W>periods</W></xcope><W>,</W><C><cue ID="27" type="speculation"><W>or</W></cue></C><xcope ID="77"><ref ID="131" SRC="27"></ref><W>seasons</W></xcope><W>,</W><W>during</W><W>which</W><W>the</W><W>room</W><W>rates</W><W>vary</W><W>.</W></SENTENCE><SENTENCE><W>Disney</W><W>calls</W><W>them</W><W>&#34;</W><W>Value&#34;</W><W>,</W><W>&#34;</W><W>Peak&#34;</W><W>,</W><W>&#34;</W><W>Regular&#34;</W><W>,</W><C><W>and</W></C><W>&#34;</W><W>Holiday</W><W>&#34;</W><W>time</W><W>.</W></SENTENCE><SENTENCE><C><W>Believe</W></C><W>me</W><W>,</W><W>you</W><W>want</W><W>to</W><W>be</W><W>sure</W><W>of</W><W>which</W><W>time</W><W>period</W><W>your</W><W>vacation</W><W>falls</W><W>into</W><W>because</W><W>you</W><C><cue ID="28" type="speculation"><W>could</W></cue></C><xcope ID="82"><ref ID="134" SRC="28"></ref><C><cue ID="29" type="speculation"><W>either</W></cue></C><xcope ID="81"><ref ID="133" SRC="29"></ref><W>be</W><W>paying</W></xcope></xcope><W>(</W><W>according</W><W>to</W><W>2002</W><W>prices</W><W>)</W><xcope ID="79"><ref ID="136" SRC="30"></ref><W>$</W><W>194</W><W>per</W><W>night</W></xcope><C><cue ID="30" type="speculation"><W>or</W></cue></C><xcope ID="80"><ref ID="135" SRC="30"></ref><W>upwards</W><W>of</W><W>$</W><W>309</W></xcope><W>.</W></SENTENCE><SENTENCE><W>There</W><W>are</W><W>a</W><W>number</W><W>of</W><W>Internet</W><W>websites</W><W>,</W><W>including</W><W>Disney</W><W>&#39;s</W><W>own</W><W>,</W><W>that</W><W>will</W><W>give</W><W>you</W><W>the</W><W>exact</W><W>time</W><W>frame</W><W>for</W><W>each</W><W>season</W><C><W>and</W></C><W>some</W><W>that</W><C><cue ID="31" type="speculation"><W>can</W></cue></C><xcope ID="83"><ref ID="137" SRC="31"></ref><W>provide</W><W>you</W><W>instructions</W><W>for</W><W>calling</W></xcope><C><W>and</W></C><W>getting</W><W>some</W><W>pretty</W><W>good</W><W>discounts</W><W>on</W><W>resort</W><W>rooms</W><W>.</W></SENTENCE><SENTENCE><W>For</W><W>example</W><W>,</W><W>check</W><W>out</W><W>www.mousesavers.com</W></SENTENCE><SENTENCE><C><W>and</W></C><W>you</W><W>&#39;ll</W><W>see</W><W>what</W><W>I</W><W>mean</W><W>.</W></SENTENCE></P><P></P><P><SENTENCE><W>***TRANSPORTATION***</W></SENTENCE></P><P></P><P><SENTENCE><W>As</W><W>mentioned</W><W>earlier</W><W>,</W><W>there</W><W>&#39;s</W><W>a</W><W>dock</W><W>for</W><W>the</W><W>ferry</W><C><W>and</W></C><W>there</W><W>&#39;s</W><W>a</W><W>bus-stop</W><W>in</W><W>front</W><W>of</W><W>the</W><W>resort</W><W>.</W></SENTENCE><SENTENCE><W>These</W><W>are</W><W>the</W><W>main</W><W>two</W><W>means</W><W>of</W><W>getting</W><W>to</W><W>whereever</W><W>you</W><W>wish</W><W>to</W><W>go</W><W>in</W><W>Disney</W><W>World</W><W>.</W></SENTENCE><SENTENCE><W>Unfortunately</W><W>,</W><W>the</W><W>resort</W><W>is</W><W>too</W><W>far</W><W>out</W><W>to</W><W>be</W><W>included</W><W>on</W><W>the</W><W>monorail</W><W>line</W><W>,</W><W>but</W><W>that</W><W>&#39;s</W><W>a</W><W>minor</W><W>quibble</W><W>of</W><W>mine</W><W>because</W><W>I</W><W>enjoy</W><W>riding</W><W>along</W><W>Disney</W><W>&#39;s</W><W>monorail</W><W>.</W></SENTENCE><SENTENCE><W>The</W><W>ferry</W><W>ride</W><W>is</W><W>very</W><W>relaxing</W><W>,</W><W>especially</W><W>on</W><W>a</W><W>beautifully</W><W>sunny</W><W>,</W><W>cloudless</W><W>day</W><W>,</W><C><cue ID="32" type="speculation"><W>either</W></cue></C><xcope ID="143"><ref ID="147" SRC="32"></ref><xcope ID="88"><ref ID="142" SRC="33"></ref><W>when</W><W>going</W><W>to</W></xcope><C><cue ID="33" type="speculation"><W>or</W></cue></C><xcope ID="87"><ref ID="141" SRC="33"></ref><W>coming</W><W>from</W><W>a</W><W>day</W><W>at</W><W>the</W><W>Magic</W><W>Kingdom</W></xcope></xcope><W>.</W></SENTENCE><SENTENCE><W>The</W><W>Disney</W><W>buses</W><W>run</W><W>pretty</W><W>regularly</W><W>,</W><W>every</W><xcope ID="145"><ref ID="148" SRC="34"></ref><W>20</W><W>minutes</W></xcope><C><cue ID="34" type="speculation"><W>or</W></cue></C><xcope ID="144"><ref ID="149" SRC="34"></ref><W>so</W></xcope><W>,</W><W>so</W><W>you</W><W>&#39;ll</W><W>always</W><W>have</W><W>a</W><W>way</W><W>to</W><W>get</W><W>around</W><W>,</W><xcope ID="86"><ref ID="140" SRC="35"></ref><W>unless</W><W>you</W><W>have</W><W>your</W><W>own</W><W>car</W></xcope><C><cue ID="35" type="speculation"><W>or</W></cue></C><xcope ID="85"><ref ID="139" SRC="35"></ref><W>a</W><W>rental</W></xcope><W>.</W></SENTENCE><SENTENCE><W>I</W><W>had</W><W>a</W><W>minor</W><W>complaint</W><W>on</W><W>the</W><W>last</W><W>visit</W><W>with</W><W>the</W><W>buses</W><C><cue ID="37" type="negation"><W>not</W></cue></C><xcope ID="146"><ref ID="150" SRC="37"></ref><W>quite</W><W>being</W><W>on</W><W>time</W></xcope><W>.</W></SENTENCE><SENTENCE><W>I</W><C><cue ID="36" type="speculation"><W>believe</W></cue></C><xcope ID="84"><ref ID="138" SRC="36"></ref><W>on</W><W>several</W><W>occasions</W><W>we</W><W>ended</W><W>up</W><W>waiting</W><W>there</W><W>nearly</W><W>30</W><W>minutes</W></xcope><W>which</W><W>is</W><W>pretty</W><W>aggravating</W><W>for</W><W>those</W><W>already</W><W>impatient</W><W>in</W><W>wanting</W><W>to</W><W>get</W><W>to</W><W>the</W><W>parks</W><C><W>and</W></C><W>on</W><W>those</W><W>rides</W><W>.</W></SENTENCE></P><P></P><P><SENTENCE><W>***FINAL</W><W>THOUGHTS***</W></SENTENCE></P><P></P><P><SENTENCE><W>I</W><W>had</W><W>a</W><W>truly</W><W>great</W><W>time</W><W>during</W><W>my</W><W>stay</W><W>at</W><W>the</W><W>Wilderness</W><W>Lodge</W><W>,</W><W>I</W><W>really</W><W>did</W><W>.</W></SENTENCE><SENTENCE><C><cue ID="38" type="negation"><W>Not</W></cue></C><xcope ID="90"><ref ID="152" SRC="38"></ref><W>many</W><C><cue ID="39" type="speculation"><W>may</W></cue></C><xcope ID="89"><ref ID="151" SRC="39"></ref><W>take</W><W>the</W><W>time</W><W>to</W><W>check</W><W>out</W><W>the</W><W>resort</W></xcope></xcope><W>because</W><W>they</W><W>&#39;re</W><W>so</W><W>busy</W><W>wanting</W><W>to</W><W>see</W><C><W>and</W></C><W>do</W><W>everything</W><W>they</W><C><cue ID="40" type="speculation"><W>can</W></cue></C><W>in</W><W>Disney</W><W>World</W><W>,</W><W>but</W><W>I</W><W>advise</W><W>you</W><W>as</W><W>a</W><C><W>potential</W></C><W>future</W><W>guest</W><W>to</W><W>walk</W><W>through</W><W>it</W><C><W>and</W></C><W>see</W><W>what</W><W>you</W><C><cue ID="41" type="speculation"><W>can</W></cue></C><W>.</W></SENTENCE><SENTENCE><W>From</W><W>the</W><W>moment</W><W>you</W><W>set</W><W>foot</W><W>through</W><W>the</W><W>door</W><W>,</W><W>you</W><W>get</W><W>a</W><W>very</W><W>cozy</W><W>,</W><W>inviting</W><W>,</W><W>warm</W><W>feeling</W><W>from</W><W>the</W><W>place</W><C><W>and</W></C><W>that</W><W>feeling</W><W>lasts</W><W>the</W><W>entire</W><W>length</W><W>of</W><W>your</W><W>stay</W><W>.</W></SENTENCE><SENTENCE><W>The</W><W>service</W><W>is</W><W>great</W><W>,</W><W>you</W><W>get</W><W>a</W><W>good</W><W>night</W><W>&#39;s</W><W>rest</W><W>,</W><C><W>and</W></C><W>as</W><W>a</W><W>resort</W><W>guest</W><W>are</W><W>also</W><W>treated</W><W>to</W><W>free</W><W>refills</W><W>on</W><W>coffee</W><W>after</W><W>your</W><W>initial</W><W>purchase</W><W>of</W><W>a</W><W>resort</W><W>mug.</W></SENTENCE><SENTENCE><W>Wilderness</W><W>Lodge</W><W>is</W><W>an</W><W>extremely</W><W>well-done</W><W>Disney</W><W>resort</W><W>,</W><W>very</W><W>relaxing</W><W>,</W><W>a</W><W>treat</W><W>to</W><W>stay</W><W>at</W><W>,</W><C><W>and</W></C><W>you</W><W>&#39;re</W><W>guaranteed</W><W>to</W><W>have</W><W>a</W><W>great</W><W>time</W><W>in</W><W>an</W><W>already</W><W>great</W><W>vacation</W><W>destination</W><W>.</W></SENTENCE></P></DOCUMENT>
