<?xml version="1.0" encoding="UTF-8"?>
<DOCUMENT><P></P><P><SENTENCE><W>Just</W><W>spent</W><W>the</W><W>weekend</W><W>at</W><W>the</W><W>Golden</W><W>Nugget</W><W>.</W></SENTENCE><SENTENCE><W>I</W><W>was</W><W>really</W><W>a</W><W>bit</W><W>frightened</W><W>that</W><W>it</W><C><cue ID="0" type="speculation"><W>would</W></cue></C><xcope ID="42"><ref ID="43" SRC="0"></ref><W>be</W><W>,</W><W>well</W><W>,</W><W>stinky</W></xcope><W>.</W></SENTENCE><SENTENCE><W>I</W><W>have</W><W>been</W><W>in</W><W>the</W><W>downtown</W><W>Fremont</W><W>area</W><W>before</W><W>(usually</W><W>late</W><W>night</W><W>taxi</W><W>rides</W><W>from</W><W>the</W><W>Strip</W><W>)</W><W>...</W><W>but</W><W>had</W><C><cue ID="1" type="negation"><W>never</W></cue></C><xcope ID="22"><ref ID="44" SRC="1"></ref><W>stayed</W><W>at</W><W>any</W><W>of</W><W>the</W><W>hotels</W><W>there</W></xcope><W>.</W></SENTENCE></P><P></P><P><SENTENCE><W>I</W><W>was</W><W>quite</W><W>pleasantly</W><W>surprised</W><W>!</W></SENTENCE><SENTENCE><W>It</W><W>was</W><W>absolutely</W><W>gorgeous</W><W>.</W></SENTENCE><SENTENCE><W>The</W><W>staff</W><W>were</W><W>extremely</W><W>accommodating</W><C><W>and</W></C><W>friendly</W><W>,</W><W>the</W><W>rooms</W><W>were</W><W>nicely</W><W>sized</W><C><W>and</W></C><W>very</W><W>affordable</W><W>.</W></SENTENCE></P><P></P><P><SENTENCE><W>Our</W><W>biggest</W><W>bonus</W><W>(</W><C><W>and</W></C><W>still</W><cue ID="43" type="speculation"><C><W>not</W></C><W>sure</W></cue><xcope ID="44"><ref COMMENTS="" ID="45" SRC="43"></ref><W>why</W><W>this</W><W>happened</W></xcope><W>)</W><W>,</W><W>was</W><W>upon</W><W>check-in</W><W>the</W><W>gal</W><W>informed</W><W>us</W><W>we</W><W>had</W><W>a</W><W>$</W><W>50</W><W>credit</W><W>to</W><W>be</W><W>used</W><W>anywhere</W><W>in</W><W>the</W><W>hotel</W><W>.</W></SENTENCE><SENTENCE><W>I</W><W>have</W><C><cue ID="3" type="negation"><W>no</W></cue></C><xcope ID="24"><ref ID="47" SRC="3"></ref><C><W>idea</W></C><W>why</W></xcope><W>,</W><W>it</W><C><cue ID="4" type="speculation"><W>may</W></cue></C><xcope ID="25"><ref ID="46" SRC="4"></ref><W>have</W><W>been</W></xcope><W>because</W><W>we</W><W>booked</W><W>the</W><W>rooms</W><W>through</W><W>www.tripreservations.com</W><W>,</W></SENTENCE><SENTENCE><W>but</W><W>anyway</W><W>-</W><W>we</W><W>did</W><C><cue ID="5" type="negation"><W>not</W></cue></C><xcope ID="26"><ref ID="48" SRC="5"></ref><W>argue</W></xcope><W>.</W></SENTENCE><SENTENCE><W>This</W><W>was</W><W>a</W><W>great</W><W>treat</W><W>because</W><W>it</W><W>allowed</W><W>us</W><W>room</W><W>service</W><W>twice</W><W>,</W><W>tip</W><W>included</W><W>!</W></SENTENCE><SENTENCE><W>I</W><C><cue ID="6" type="speculation"><W>must</W></cue></C><xcope ID="27"><ref ID="49" SRC="6"></ref><W>say</W><W>the</W><W>room</W><W>service</W><W>food</W><W>was</W><W>excellent</W></xcope><W>,</W><W>top</W><W>notch</W><W>,</W><W>with</W><W>prompt</W><W>delivery</W><W>.</W></SENTENCE><SENTENCE><W>We</W><W>also</W><W>ate</W><W>at</W><W>the</W><W>Carson</W><W>Street</W><W>cafe</W><C><W>and</W></C><W>the</W><W>food</W><W>there</W><W>was</W><W>very</W><W>good</W><W>.</W></SENTENCE></P><P></P><P><SENTENCE><W>The</W><W>only</W><W>thing</W><W>that</W><C><cue ID="7" type="speculation"><W>might</W></cue></C><xcope ID="28"><ref ID="50" SRC="7"></ref><W>scare</W><W>someone</W><W>off</W></xcope><W>,</W><W>especially</W><W>someone</W><W>new</W><W>to</W><W>Vegas</W><W>who</W><C><cue ID="8" type="speculation"><W>might</W></cue></C><xcope ID="30"><ref ID="52" SRC="8"></ref><C><cue ID="9" type="negation"><W>not</W></cue></C><xcope ID="29"><ref ID="51" SRC="9"></ref><W>know</W><W>what</W><W>to</W><C><W>expect</W></C></xcope></xcope><W>-</W><W>is</W><W>that</W><W>the</W><W>hotels</W><C><W>and</W></C><W>streets</W><W>surrounding</W><W>the</W><W>Nugget</W><C><cue ID="10" type="speculation"><W>can</W></cue></C><xcope ID="31"><ref ID="53" SRC="10"></ref><W>be</W><W>a</W><W>bit</W><W>seedy</W></xcope><W>.</W></SENTENCE><SENTENCE><W>You</W><C><cue ID="11" type="speculation"><W>might</W></cue></C><xcope ID="32"><ref ID="54" SRC="11"></ref><W>see</W><W>a</W><W>few</W><W>more</W><W>drunks</W></xcope><W>,</W><W>street</W><W>vagrants</W><C><W>and</W></C><W>hookers</W><W>than</W><W>you</W><C><cue ID="12" type="speculation"><W>would</W></cue></C><xcope ID="33"><ref ID="55" SRC="12"></ref><W>see</W><W>at</W><W>say</W></xcope><W>,</W><W>Caesar</W><W>&#39;s</W><W>Palace</W><W>!</W></SENTENCE></P><P></P><P><SENTENCE><W>They</W><W>certainly</W><W>have</W><W>cleaned</W><W>it</W><W>up</W><W>well</W><W>with</W><W>the</W><W>Fremont</W><W>Street</W><W>Experience</W><W>,</W><W>a</W><W>giant</W><W>dome</W><W>was</W><W>built</W><W>over</W><W>the</W><W>street</W><W>that</W><W>has</W><W>a</W><W>light</W><W>show</W><W>every</W><W>night</W><W>.</W></SENTENCE><SENTENCE><W>This</W><W>has</W><W>drawn</W><W>a</W><W>few</W><W>more</W><W>family</W><W>types</W><W>down</W><W>to</W><W>the</W><W>area</W><W>,</W><W>but</W><W>while</W><W>you</W><C><cue ID="13" type="speculation"><W>may</W></cue></C><xcope ID="34"><ref ID="56" SRC="13"></ref><W>be</W><W>watching</W><W>the</W><W>light</W><W>show</W><W>with</W><W>your</W><W>wife</W></xcope><W>-</W><W>you</W><W>just</W><C><cue ID="14" type="speculation"><W>might</W></cue></C><xcope ID="35"><ref ID="57" SRC="14"></ref><W>get</W><W>cat-called</W><W>by</W><W>one</W><W>of</W><W>the</W><W>strippers</W><W>canvasing</W><W>the</W><W>crowd</W><W>in</W><W>front</W><W>of</W><W>Glitter</W><W>Gulch</W><W>.</W></xcope></SENTENCE></P><P></P><P><SENTENCE><W>I</W><W>will</W><W>also</W><W>say</W><W>,</W><W>steer</W><W>clear</W><W>of</W><W>&#34;</W><W>Mermaids</W><W>&#34;</W><W>a</W><W>small</W><W>,</W><W>stinky</W><W>,</W><W>machine</W><W>only</W><W>mini</W><W>casino</W><W>with</W><W>the</W><W>cheapest</W><W>liquor</W><W>in</W><W>tiny</W><W>cups</W><W>(</W><W>they</W><W>do</W><C><cue ID="15" type="negation"><W>not</W></cue></C><xcope ID="38"><ref ID="58" SRC="15"></ref><W>pour</W><W>anything</W><W>but</W><W>flat</W><W>tap</W><W>beer</W><C><W>and</W></C><W>disgusting</W><W>well</W><W>liquor</W></xcope><W>)</W><C><W>and</W></C><W>some</W><W>of</W><W>the</W><W>scariest</W><W>Coney</W><W>Dogs</W><W>with</W><W>faux</W><W>nacho</W><W>cheese</W><W>sauce</W><W>I</W><W>have</W><W>ever</W><W>seen</W><W>.</W></SENTENCE><SENTENCE><W>It</W><W>used</W><W>to</W><W>be</W><W>a</W><W>tostada</W><W>bar</W><W>,</W><C><cue ID="16" type="negation"><W>not</W></cue></C><xcope ID="37"><ref ID="59" SRC="16"></ref><W>bad</W><W>then</W></xcope><W>.</W></SENTENCE><SENTENCE><W>This</W><W>place</W><W>is</W><W>a</W><W>design</W><W>nightmare</W><W>,</W><C><cue ID="17" type="speculation"><W>if</W></cue></C><xcope ID="39"><ref ID="61" SRC="17"></ref><W>you</W><W>do</W><W>go</W><W>(</W><cue ID="18" type="speculation"><W>maybe</W></cue><xcope ID="36"><ref COMMENTS="" ID="60" SRC="18"></ref><W>you</W><W>like</W><W>design</W><W>nightmares</W></xcope></xcope><W>)</W><W>check</W><W>out</W><W>the</W><W>costumes</W><W>on</W><W>the</W><W>mermaid/Carmen</W><W>Miranda</W><W>girls</W><W>.</W></SENTENCE><SENTENCE><W>What</W><W>are</W><W>they</W><W>?</W></SENTENCE></P><P></P><P><SENTENCE><C><cue ID="19" type="negation"><W>Not</W></cue></C><xcope ID="40"><ref ID="62" SRC="19"></ref><W>too</W><W>far</W><W>of</W><W>a</W><W>walk</W><W>to</W><W>the</W><W>Golden</W><W>Gate</W><W>Hotel</W></xcope><W>,</W><W>established</W><W>in</W><W>1906</W><W>,</W><W>with</W><W>99-cent</W><W>shrimp</W><W>cocktails</W><W>that</W><W>rock</W><W>!</W></SENTENCE><SENTENCE><W>You</W><W>will</W><W>have</W><W>to</W><W>stand</W><W>in</W><W>a</W><W>bit</W><W>of</W><W>a</W><W>line</W><W>,</W><W>with</W><W>mostly</W><W>cranky</W><W>people</W><W>,</W><W>but</W><W>99</W><W>cent</W><W>shrimp</W><W>cocktails</W><W>are</W><W>okay</W><W>by</W><W>me</W><W>!</W></SENTENCE></P><P></P><P><SENTENCE><W>All</W><W>in</W><W>all</W><W>we</W><W>had</W><W>a</W><W>really</W><W>great</W><W>stay</W><W>at</W><W>the</W><W>Golden</W><W>Nugget</W><W>.</W></SENTENCE><SENTENCE><W>I</W><C><cue ID="20" type="speculation"><W>would</W></cue></C><xcope ID="41"><ref ID="63" SRC="20"></ref><W>definitely</W><W>stay</W><W>there</W><W>again</W></xcope></SENTENCE></P></DOCUMENT>
