<?xml version="1.0" encoding="UTF-8"?>
<DOCUMENT><P></P><P><SENTENCE><C><cue ID="0" type="speculation"><W>If</W></cue></C><xcope ID="57"><ref ID="118" SRC="0"></ref><W>you</W><W>have</W><C><cue ID="1" type="negation"><W>never</W></cue></C><xcope ID="56"><ref ID="117" SRC="1"></ref><W>stayed</W><W>at</W><W>a</W><W>Disney</W><W>resort</W></xcope></xcope><W>prepared</W><W>to</W><W>be</W><W>wowed</W><W>by</W><W>the</W><W>Wilderness</W><W>Lodge</W><W>.</W></SENTENCE><SENTENCE><W>The</W><W>themes</W><W>are</W><W>carried</W><W>to</W><W>the</W><W>hilt</W><C><W>and</W></C><W>the</W><W>service</W><W>is</W><W>unbelievable</W><W>.</W></SENTENCE><SENTENCE><W>I</W><W>have</W><W>only</W><W>been</W><W>to</W><W>Disney</W><W>twice</W><W>but</W><W>we</W><W>have</W><W>stayed</W><W>at</W><W>the</W><W>lodge</W><W>both</W><W>times</W><W>.</W></SENTENCE><SENTENCE><W>During</W><W>our</W><W>visit</W><W>this</W><W>September</W><W>our</W><W>daughter</W><W>came</W><W>down</W><W>with</W><W>a</W><W>102.4</W><W>degree</W><W>fever</W><W>.</W></SENTENCE><SENTENCE><W>While</W><W>I</W><W>was</W><W>freaking</W><W>out</W><W>about</W><W>being</W><W>stuck</W><W>at</W><W>the</W><W>resort</W><C><cue ID="2" type="negation"><W>without</W></cue></C><xcope ID="58"><ref ID="119" SRC="2"></ref><W>a</W><W>vehicle</W></xcope><W>,</W><W>the</W><W>resort</W><W>managers</W><W>arranged</W><W>to</W><W>have</W><W>Judy</W><W>,</W><W>a</W><W>wonderfully</W><W>friendly</W><W>front</W><W>desk</W><W>clerk</W><W>,</W><W>drive</W><W>us</W><W>the</W><W>full</W><W>twenty</W><W>minutes</W><W>to</W><W>After</W><W>Hours</W><W>Pediatrics</W><W>.</W></SENTENCE><SENTENCE><W>She</W><W>also</W><W>came</W><W>to</W><W>pick</W><W>us</W><W>up</W><W>when</W><W>when</W><W>we</W><W>were</W><W>ready</W><W>.</W></SENTENCE><SENTENCE><W>The</W><W>next</W><W>morning</W><W>a</W><W>personalized</W><W>,</W><W>autographed</W><W>picture</W><W>of</W><W>the</W><W>Little</W><W>Mermaid</W><W>was</W><W>slid</W><W>under</W><W>our</W><W>door</W><W>wishing</W><W>that</W><W>Emily</W><C><cue ID="3" type="speculation"><W>would</W></cue></C><xcope ID="59"><ref ID="120" SRC="3"></ref><C><W>feel</W></C><W>well</W><W>enough</W><W>to</W><W>come</W><W>visit</W><W>in</W><W>person</W></xcope><W>.</W></SENTENCE><SENTENCE><W>Needless</W><W>to</W><W>say</W><W>,</W><W>the</W><W>service</W><C><W>and</W></C><W>amenities</W><W>far</W><W>exceeded</W><W>my</W><W>expectations</W><W>.</W></SENTENCE><SENTENCE><W>The</W><W>children</W><W>are</W><W>truly</W><W>the</W><W>guest</W><W>at</W><W>Disney</W><C><W>and</W></C><W>they</W><W>are</W><W>treated</W><W>as</W><W>specially</W><W>as</W><W>the</W><W>paying</W><W>adults</W><W>are</W><W>treated</W><W>.</W></SENTENCE></P><P></P><P><SENTENCE><W>While</W><W>you</W><C><cue ID="4" type="speculation"><W>should</W></cue></C><xcope ID="60"><ref ID="121" SRC="4"></ref><W>prepare</W><W>to</W><W>spend</W><W>a</W><W>pretty</W><W>penny</W><W>to</W><W>stay</W><W>in</W><W>the</W><W>park</W></xcope><W>,</W><W>the</W><W>service</W><C><W>and</W></C><W>convenience</W><W>make</W><W>it</W><W>worth</W><W>it</W><W>.</W></SENTENCE><SENTENCE><C><cue ID="5" type="negation"><W>Not</W></cue></C><xcope ID="61"><ref ID="123" SRC="5"></ref><W>only</W><W>are</W><W>you</W><W>able</W><W>to</W><W>purchase</W><W>the</W><W>Ultimate</W><W>Park</W><W>Hopper</W><W>ticket</W></xcope><W>(unavailable</W><W>to</W><W>those</W><C><cue ID="6" type="negation"><W>not</W></cue></C><xcope ID="62"><ref ID="122" SRC="6"></ref><W>staying</W><W>on</W><W>site</W></xcope><W>)</W><W>,</W><W>you</W><W>are</W><W>right</W><W>in</W><W>the</W><W>middle</W><W>of</W><W>the</W><W>action</W><W>,</W><W>you</W><cue ID="7" type="negation"><W>dont</W></cue><xcope ID="63"><ref ID="124" SRC="7"></ref><W>have</W><W>to</W><W>fight</W><W>traffic</W></xcope><W>,</W><C><W>and</W></C><W>you</W><W>are</W><W>able</W><W>to</W><W>make</W><W>it</W><W>back</W><W>to</W><W>your</W><W>room</W><W>in</W><W>about</W><W>15</W><W>minutes</W><W>from</W><W>anywhere</W><W>in</W><W>the</W><W>Walt</W><W>Disney</W><W>World</W><W>complex</W><W>.</W></SENTENCE><SENTENCE><W>While</W><W>I</W><cue ID="8" type="negation"><W>have</W><W>nt</W></cue><xcope ID="64"><ref COMMENTS="" ID="125" SRC="8"></ref><W>stayed</W><W>in</W><W>other</W><W>Disney</W><W>resorts</W></xcope><W>,</W><W>this</W><W>hotel</W><W>is</W><W>described</W><W>by</W><W>the</W><W>cast</W><W>members</W><W>as</W><W>the</W><W>frequent</W><W>guests</W><W></W><W>favorite</W><W>.</W></SENTENCE><SENTENCE><W>The</W><W>lodge</W><W>is</W><W>booked</W><W>when</W><W>other</W><W>resorts</W><W>are</W><W>bare</W><W>.</W></SENTENCE><SENTENCE><W>Prepared</W><W>to</W><W>be</W><W>impressed</W><W>.</W></SENTENCE></P><P></P><P><SENTENCE><W>Logistics</W></SENTENCE></P><P></P><P><SENTENCE><W>The</W><W>Wilderness</W><W>Lodge</W><W>is</W><W>one</W><W>of</W><W>what</W><W>are</W><W>sometimes</W><W>called</W><W>the</W><W>&#34;</W><W>Magic</W><W>Kingdom</W><W>Resorts</W><W>&#34;</W><W>at</W><W>Walt</W><W>Disney</W><W>World</W><W>.</W></SENTENCE><SENTENCE><W>It</W><W>is</W><C><cue ID="9" type="speculation"><W>considered</W></cue></C><xcope ID="65"><ref ID="126" SRC="9"></ref><W>one</W><W>of</W><W>the</W><W>deluxe</W><W>resorts</W></xcope><W>which</W><W>means</W><W>it</W><W>is</W><W>a</W><W>little</W><W>more</W><W>expensive</W><W>than</W><W>most</W><W>of</W><W>the</W><W>other</W><W>Disney</W><W>Resorts</W><W>.</W></SENTENCE><SENTENCE><W>It</W><W>is</W><W>located</W><W>in</W><W>close</W><W>proximity</W><W>to</W><W>the</W><W>Magic</W><W>Kingdom</W><W>.</W></SENTENCE><SENTENCE><W>While</W><W>the</W><W>resort</W><W>is</W><C><cue ID="12" type="negation"><W>not</W></cue></C><xcope ID="132"><ref ID="133" SRC="12"></ref><W>on</W><W>the</W><W>monorail</W><W>line</W></xcope><W>,</W><W>you</W><C><cue ID="10" type="speculation"><W>can</W></cue></C><xcope ID="68"><ref ID="129" SRC="10"></ref><W>hop</W><W>on</W><xcope ID="66"><ref ID="128" SRC="11"></ref><W>a</W><W>boat</W><W>to</W><W>the</W><W>Magic</W><W>Kingdom</W></xcope><C><cue ID="11" type="speculation"><W>or</W></cue></C><xcope ID="67"><ref ID="127" SRC="11"></ref><W>take</W><W>a</W><W>bus</W><W>to</W><W>anywhere</W><W>else</W><W>on</W><W>Disney</W><W>property</W></xcope></xcope><W>.</W></SENTENCE><SENTENCE><W>We</W><W>took</W><W>a</W><W>towncar</W><W>from</W><W>the</W><W>airport</W><C><W>and</W></C><W>did</W><C><W>not</W></C><W>have</W><W>a</W><W>car</W><W>the</W><W>whole</W><W>trip</W><W>.</W></SENTENCE><SENTENCE><W>Aside</W><W>from</W><W>the</W><W>unexpected</W><W>illness</W><W>,</W><W>we</W><C><cue ID="13" type="speculation"><W>would</W></cue></C><xcope ID="70"><ref ID="131" SRC="13"></ref><C><cue ID="14" type="negation"><W>never</W></cue></C><xcope ID="69"><ref ID="130" SRC="14"></ref><W>have</W><W>needed</W><W>a</W><W>vehicle</W></xcope></xcope><W>.</W></SENTENCE><SENTENCE><W>Disney</W><W>provides</W><W>great</W><W>access</W><W>to</W><W>transportation</W><C><W>and</W></C><W>every</W><W>cast</W><W>member</W><W>is</W><W>ready</W><W>to</W><W>provide</W><W>detailed</W><W>directions</W><C><W>and</W></C><W>tips</W><W>for</W><W>getting</W><W>to</W><W>your</W><W>desired</W><W>destination</W><W>quickly</W><W>.</W></SENTENCE></P><P></P><P><SENTENCE><W>Is</W><W>This</W><W>Really</W><W>Florida</W><W>?</W></SENTENCE></P><P></P><P><SENTENCE><W>The</W><W>resort</W><W>itself</W><W>is</W><W>modeled</W><W>after</W><W>a</W><W>lodge</W><W>that</W><W>you</W><C><cue ID="15" type="speculation"><W>might</W></cue></C><xcope ID="71"><ref ID="134" SRC="15"></ref><W>find</W><W>in</W><W>one</W><W>of</W><W>the</W><W>country</W><W>&#39;s</W><W>national</W><W>parks</W></xcope><W>.</W></SENTENCE><SENTENCE><W>When</W><W>you</W><W>first</W><W>enter</W><W>the</W><W>lodge</W><W>you</W><W>immediately</W><W>notice</W><W>the</W><W>grand</W><W>openness</W><W>of</W><W>the</W><W>design</W><W>.</W></SENTENCE><SENTENCE><W>The</W><W>lobby</W><W>is</W><W>filled</W><W>with</W><W>little</W><W>seating</W><W>areas</W><W>for</W><W>you</W><W>to</W><W>rest</W><W>your</W><W>tired</W><W>feet</W><W>.</W></SENTENCE><SENTENCE><W>There</W><W>are</W><W>large</W><W>totem</W><W>poles</W><C><W>and</W></C><W>a</W><W>beautiful</W><W>80</W><W>foot</W><W>tall</W><W>fireplace</W><W>.</W></SENTENCE><SENTENCE><W>The</W><W>chandeliers</W><W>are</W><W>designed</W><W>to</W><W>look</W><W>like</W><W>tee</W><W>pees</W><C><W>and</W></C><W>there</W><W>are</W><W>Indian</W><W>artifacts</W><W>in</W><W>cases</W><W>throughout</W><W>the</W><W>lobby</W><W>.</W></SENTENCE><SENTENCE><W>The</W><W>Wilderness</W><W>Lodge</W><W>also</W><W>has</W><W>a</W><W>small</W><W>alcove</W><W>for</W><W>children</W><W>to</W><W>watch</W><W>a</W><W>Disney</W><W>cartoon</W><W>while</W><W>Mom</W><C><W>and</W></C><W>Dad</W><W>check</W><W>into</W><W>the</W><W>room</W><W>.</W></SENTENCE><SENTENCE><W>At</W><W>the</W><W>back</W><W>of</W><W>the</W><W>lobby</W><W>is</W><W>a</W><W>wooden</W><W>bridge</W><W>that</W><W>spans</W><W>a</W><W>bubbling</W><W>brook</W><W>.</W></SENTENCE><SENTENCE><W>It</W><W>turns</W><W>into</W><W>a</W><W>little</W><W>stream</W><W>that</W><W>flows</W><W>out</W><W>of</W><W>the</W><W>lobby</W><C><W>and</W></C><C><cue ID="16" type="speculation"><W>appears</W></cue></C><xcope ID="72"><ref ID="135" SRC="16"></ref><W>to</W><W>flow</W><W>into</W><W>the</W><W>swimming</W><W>pool</W><W>outside</W><W>(</W><W>though</W><W>I</W><W>doubt</W><W>it</W><W>actually</W><W>does</W><W>)</W></xcope><W>.</W></SENTENCE><SENTENCE><W>There</W><W>are</W><W>always</W><W>kids</W><W>running</W><W>back</W><C><W>and</W></C><W>forth</W><W>over</W><W>the</W><W>bridge</W><W>they</W><cue ID="76" type="negation"><W>ca</W><W>n&#39;t</W></cue><xcope ID="75"><ref COMMENTS="" ID="140" SRC="76"></ref><W>resist</W></xcope><W>!</W></SENTENCE><SENTENCE><W>I</W><W>love</W><W>the</W><W>way</W><W>the</W><W>atmosphere</W><W>makes</W><W>you</W><C><W>feel</W></C><W>relaxed</W><W>.</W></SENTENCE><SENTENCE><W>I</W><W>felt</W><W>like</W><W>I</W><C><cue ID="17" type="speculation"><W>could</W></cue></C><xcope ID="78"><ref ID="139" SRC="17"></ref><W>lounge</W><W>in</W><W>the</W><W>lobby</W><W>chairs</W><C><W>and</W></C><C><cue ID="18" type="negation"><W>not</W></cue></C><xcope ID="77"><ref ID="136" SRC="18"></ref><W>be</W><W>overly</W><W>concerned</W><W>with</W><W>how</W><W>fancy</W><W>my</W><W>clothes</W><W>were</W></xcope><C><cue ID="21" type="speculation"><W>or</W></cue></C><xcope ID="74"><ref COMMENTS="" ID="138" SRC="21"></ref><C><cue ID="20" type="speculation"><W>whether</W></cue></C><xcope ID="73"><ref COMMENTS="" ID="137" SRC="20"></ref><W>my</W><W>daughter</W><W>was</W><W>running</W><W>in</W><W>circles</W><W>around</W><W>the</W><W>coffee</W><W>table</W></xcope></xcope><W>.</W></xcope></SENTENCE></P><P></P><P><SENTENCE><W>The</W><W>large</W><W>service</W><W>desk</W><W>is</W><W>divided</W><W>into</W><W>two</W><W>sections</W><W>,</W><W>one</W><W>for</W><W>checking</W><W>in</W><C><W>and</W></C><W>out</W><C><W>and</W></C><W>another</W><W>section</W><W>for</W><W>guest</W><W>services</W><W>.</W></SENTENCE><SENTENCE><W>It</W><W>does</W><W>normally</W><W>take</W><W>some</W><W>time</W><W>to</W><W>check</W><W>into</W><W>your</W><W>room</W><W>since</W><W>there</W><W>is</W><W>more</W><W>than</W><W>the</W><W>normal</W><W>information</W><W>to</W><W>go</W><W>over</W><W>.</W></SENTENCE><SENTENCE><W>&#34;</W><W>Cast</W><W>Members</W><W>&#34;</W><W>often</W><W>give</W><W>guests</W><W>tips</W><W>to</W><W>further</W><W>enjoy</W><W>the</W><W>park</W><W>.</W></SENTENCE><SENTENCE><W>The</W><W>cast</W><W>members</W><W>also</W><W>have</W><W>&#34;goody</W><W>bags</W><W>&#34;</W><W>for</W><W>children</W><W>that</W><W>include</W><W>some</W><W>stickers</W><W>a</W><W>couple</W><W>of</W><W>coloring</W><W>pamphlets</W><C><W>and</W></C><W>some</W><W>crayons</W><W>.</W></SENTENCE><SENTENCE><W>The</W><W>guest</W><W>service</W><W>desk</W><W>is</W><W>typically</W><W>used</W><W>to</W><W>arrange</W><xcope ID="115"><ref COMMENTS="" ID="119" SRC="22"></ref><W>childcare</W></xcope><C><cue ID="22" type="speculation"><W>or</W></cue></C><xcope ID="116"><ref COMMENTS="" ID="118" SRC="22"></ref><W>Priority</W><W>Seating</W></xcope><W>at</W><W>resort</W><W>restaurants</W><W>after</W><W>you</W><W>have</W><W>checked</W><W>in</W><W>.</W></SENTENCE><SENTENCE><W>Check</W><W>in</W><W>is</W><W>normally</W><W>3:00</W><W>pm</W><W>.</W></SENTENCE><SENTENCE><W>However</W><W>,</W><W>we</W><W>arrived</W><W>around</W><W>noon</W><C><W>and</W></C><W>our</W><W>room</W><W>was</W><W>available</W><W>.</W></SENTENCE><SENTENCE><W>This</W><W>is</W><C><cue ID="23" type="negation"><W>not</W></cue></C><xcope ID="117"><ref COMMENTS="" ID="120" SRC="23"></ref><W>guaranteed</W></xcope><W>as</W><W>I</W><W>did</W><W>notice</W><W>other</W><W>families</W><W>that</W><W>were</W><W>waiting</W><W>at</W><W>the</W><W>pool</W><W>until</W><W>their</W><W>room</W><W>was</W><W>ready</W><W>.</W></SENTENCE></P><P></P><P><SENTENCE><W>The</W><W>resort</W><W>consists</W><W>of</W><W>two</W><W>wings</W><W>with</W><W>seven</W><W>floors</W><C><W>and</W></C><W>728</W><W>rooms</W><W>.</W></SENTENCE><SENTENCE><W>The</W><W>seventh</W><W>floor</W><W>is</W><W>reserved</W><W>for</W><W>concierge</W><W>rooms</W><C><W>and</W></C><W>is</W><C><cue ID="24" type="negation"><W>not</W></cue></C><xcope ID="80"><ref COMMENTS="" ID="141" SRC="24"></ref><W>accessible</W><W>from</W><W>the</W><W>elevator</W><C><cue ID="25" type="negation"><W>without</W></cue></C><xcope ID="79"><ref COMMENTS="" ID="142" SRC="25"></ref><W>swiping</W><W>your</W><W>room</W><W>key</W></xcope></xcope><W>.</W></SENTENCE><SENTENCE><W>We</W><W>stayed</W><W>on</W><W>the</W><W>second</W><W>floor</W><W>right</W><W>by</W><W>the</W><W>elevator</W><W>.</W></SENTENCE><SENTENCE><W>While</W><W>we</W><W>were</W><W>there</W><W>in</W><W>a</W><W>typically</W><W>quiet</W><W>season</W><W>,</W><W>the</W><W>hallways</W><W>remained</W><W>quiet</W><C><W>and</W></C><W>there</W><W>always</W><C><cue ID="26" type="speculation"><W>seemed</W></cue></C><xcope ID="81"><ref COMMENTS="" ID="143" SRC="26"></ref><W>to</W><W>be</W><W>an</W><W>elevator</W><W>waiting</W><W>for</W><W>us</W><W>when</W><W>we</W><W>needed</W><W>one</W></xcope><W>.</W></SENTENCE><SENTENCE><W>There</W><W>are</W><W>3</W><W>room</W><W>views</W><W>available</W><W>.</W></SENTENCE></P><P></P><P><SENTENCE><W>-The</W><W>Standard</W><W>View</W><W>faces</W><xcope ID="84"><ref COMMENTS="" ID="146" SRC="27"></ref><W>the</W><W>parking</W><W>lot</W></xcope><W>,</W><xcope ID="82"><ref COMMENTS="" ID="145" SRC="27"></ref><W>driveway</W></xcope><W>,</W><C><cue ID="27" type="speculation"><W>or</W></cue></C><xcope ID="83"><ref COMMENTS="" ID="144" SRC="27"></ref><W>the</W><W>roof</W></xcope><W>;</W></SENTENCE></P><P></P><P><SENTENCE><W>-The</W><W>Woods</W><W>View</W><W>faces</W><W>the</W><W>woods</W><W>on</W><W>one</W><W>side</W><C><W>and</W></C><W>the</W><W>Wilderness</W><W>Lodge</W><W>Villas</W><W>on</W><W>the</W><W>other</W><W>;</W></SENTENCE></P><P></P><P><SENTENCE><W>-The</W><W>Courtyard</W><W>View</W><W>looks</W><W>over</W><xcope ID="86"><ref COMMENTS="" ID="148" SRC="28"></ref><W>one</W><W>of</W><W>the</W><W>pools</W></xcope><C><cue ID="28" type="speculation"><W>or</W></cue></C><xcope ID="85"><ref COMMENTS="" ID="147" SRC="28"></ref><W>Bay</W><W>Lake</W></xcope><W>.</W></SENTENCE></P><P></P><P><SENTENCE><W>We</W><W>stayed</W><W>in</W><W>a</W><W>Woods</W><W>View</W><W>room</W><W>that</W><W>looked</W><W>out</W><W>on</W><W>a</W><W>swamp</W><C><W>and</W></C><W>trees</W><W>.</W></SENTENCE><SENTENCE><W>It</W><W>was</W><W>peaceful</W><C><W>and</W></C><W>there</W><W>were</W><W>often</W><W>birds</W><W>near</W><W>the</W><W>water</W><W>that</W><W>my</W><W>daughter</W><W>enjoyed</W><W>watching</W><W>.</W></SENTENCE></P><P></P><P><SENTENCE><W>Pricing</W></SENTENCE></P><P></P><P><SENTENCE><W>Prices</W><W>differ</W><W>based</W><W>on</W><W>the</W><W>season</W><W>.</W></SENTENCE><SENTENCE><W>The</W><W>standard</W><W>room</W><W>which</W><xcope ID="88"><ref COMMENTS="" ID="150" SRC="29"></ref><W>has</W><W>2</W><W>queens</W></xcope><C><cue ID="29" type="speculation"><W>or</W></cue></C><xcope ID="87"><ref COMMENTS="" ID="149" SRC="29"></ref><W>a</W><W>queen</W></xcope><W>with</W><W>bunk</W><W>beds</W><W>ranges</W><W>from</W><W>$</W><W>199/night</W><W>to</W><W>$</W><W>324/night</W><W>.</W></SENTENCE><SENTENCE><W>The</W><W>concierge</W><W>rate</W><W>ranges</W><W>from</W><W>$</W><W>250/night</W><W>to</W><W>$</W><W>385/night</W><W>.</W></SENTENCE><SENTENCE><W>There</W><W>are</W><W>differing</W><W>views</W><C><W>and</W></C><W>honeymoon</W><W>suites</W><W></W><W>that</W><W>offer</W><W>different</W><W>amenities</W><C><W>and</W></C><W>price</W><W>ranges</W><W>.</W></SENTENCE></P><P></P><P><SENTENCE><W>Okay</W><W>,</W><W>Now</W><W>Onto</W><W>the</W><W>Rooms</W><W>Themselves</W></SENTENCE></P><P></P><P><SENTENCE><W>The</W><W>door</W><W>of</W><W>the</W><W>actual</W><W>room</W><W>opens</W><W>to</W><W>a</W><W>hallway</W><W>with</W><W>a</W><W>small</W><W>3-4</W><W>drawer</W><W>chest</W><W>to</W><W>the</W><W>left</W><W>as</W><W>well</W><W>as</W><W>a</W><W>closet</W><W>with</W><W>sliding</W><W>doors</W><W>that</W><W>includes</W><W>a</W><W>small</W><W>safe</W><W>.</W></SENTENCE><SENTENCE><W>There</W><W>is</W><W>a</W><W>an</W><W>alcove</W><W>to</W><W>the</W><W>right</W><W>that</W><W>has</W><W>a</W><W>nice</W><W>black</W><W>marble</W><W>sink</W><C><W>and</W></C><W>mirror</W><W>.</W></SENTENCE><SENTENCE><W>You</W><C><cue ID="30" type="speculation"><W>can</W></cue></C><xcope ID="89"><ref COMMENTS="" ID="151" SRC="30"></ref><W>access</W><W>the</W><W>functional</W><W>bathroom</W><W>from</W><W>a</W><W>door</W><W>on</W><W>the</W><W>right</W></xcope><W>.</W></SENTENCE><SENTENCE><W>In</W><W>this</W><W>room</W><W>is</W><W>the</W><W>normal</W><W>shower</W><C><W>and</W></C><W>toilet</W><W>.</W></SENTENCE><SENTENCE><W>In</W><W>addition</W><W>to</W><W>the</W><W>towel</W><W>rack</W><W>there</W><W>is</W><W>hook</W><W>to</W><W>hang</W><xcope ID="91"><ref COMMENTS="" ID="153" SRC="32"></ref><W>clothes</W></xcope><C><cue ID="32" type="speculation"><W>or</W></cue></C><xcope ID="92"><ref COMMENTS="" ID="152" SRC="32"></ref><W>wet</W><W>towels</W></xcope><W>on</W><W>as</W><W>well</W><W>as</W><W>a</W><W>clothes</W><W>line</W><W>that</W><C><cue ID="31" type="speculation"><W>can</W></cue></C><xcope ID="90"><ref COMMENTS="" ID="154" SRC="31"></ref><W>be</W><W>pulled</W><W>across</W><W>the</W><W>length</W><W>of</W><W>the</W><W>bathtub</W></xcope><W>.</W></SENTENCE></P><P></P><P><SENTENCE><W>The</W><W>sleeping</W><W>area</W><W>in</W><W>the</W><W>room</W><W>we</W><W>stayed</W><W>had</W><W>two</W><W>queen</W><W>size</W><W>beds</W><W>with</W><W>a</W><W>night</W><W>stand</W><W>between</W><W>them</W><W>.</W></SENTENCE><SENTENCE><W>The</W><W>beds</W><W>were</W><W>on</W><W>wooden</W><W>frames</W><W>that</W><W>lent</W><W>themselves</W><W>to</W><W>frequent</W><W>toe</W><W>stubbings</W><W>but</W><W>the</W><W>sheets</W><W>were</W><W>soft</W><C><W>and</W></C><W>the</W><W>pillows</W><W>were</W><W>fluffy</W><W>.</W></SENTENCE><SENTENCE><W>The</W><W>room</W><W>was</W><W>furnished</W><W>with</W><W>a</W><W>wooden</W><W>table</W><W>with</W><W>two</W><W>chairs</W><W>as</W><W>well</W><W>as</W><W>a</W><W>dresser</W><W>with</W><xcope ID="93"><ref COMMENTS="" ID="156" SRC="33"></ref><W>3</W></xcope><C><cue ID="33" type="speculation"><W>or</W></cue></C><xcope ID="94"><ref COMMENTS="" ID="155" SRC="33"></ref><W>four</W><W>drawers</W></xcope><W>on</W><W>the</W><W>bottom</W><C><W>and</W></C><W>an</W><W>television</W><W>cabinet</W><W>on</W><W>the</W><W>top</W><W>.</W></SENTENCE><SENTENCE><W>All</W><W>of</W><W>the</W><W>furniture</W><W>was</W><W>very</W><W>good</W><W>quality</W><C><W>and</W></C><W>was</W><W>decorated</W><W>with</W><W>a</W><W>southwestern/Indian</W><W>theme</W><W>.</W></SENTENCE><SENTENCE><W>The</W><W>colors</W><W>were</W><W>a</W><W>muted</W><W>turquoise</W><C><W>and</W></C><W>orange</W><C><W>and</W></C><W>the</W><W>wooden</W><W>furniture</W><W>was</W><W>a</W><W>rich</W><W>maple</W><W>color</W><W>.</W></SENTENCE></P><P></P><P><SENTENCE><W>Lastly</W><W>,</W><W>there</W><W>were</W><W>sliding</W><W>glass</W><W>doors</W><W>that</W><W>led</W><W>to</W><W>a</W><W>small</W><W>balcony</W><W>.</W></SENTENCE><SENTENCE><W>It</W><W>has</W><W>a</W><W>small</W><W>glass</W><W>topped</W><W>table</W><C><W>and</W></C><W>two</W><W>all-weather</W><W>chairs</W><W>.</W></SENTENCE><SENTENCE><W>To</W><W>my</W><W>delight</W><W>the</W><W>hotel</W><W>was</W><W>constructed</W><W>to</W><W>provide</W><W>privacy</W><W>on</W><W>these</W><W>balconies</W><W>.</W></SENTENCE><SENTENCE><W>You</W><C><cue ID="34" type="negation"><W>cannot</W></cue></C><xcope ID="96"><ref COMMENTS="" ID="158" SRC="34"></ref><W>see</W><W>your</W><W>neighbors</W><W>balcony</W></xcope><C><W>and</W></C><W>they</W><C><cue ID="35" type="negation"><W>cannot</W></cue></C><xcope ID="95"><ref COMMENTS="" ID="157" SRC="35"></ref><W>see</W><W>yours</W></xcope><W>.</W></SENTENCE></P><P></P><P><SENTENCE><W>Shopping</W></SENTENCE></P><P></P><P><SENTENCE><W>The</W><W>hotel</W><W>amenities</W><W>include</W><W>the</W><W>usual</W><W>gift</W><W>shop</W><W>with</W><W>a</W><W>wilderness</W><W>theme</W><W>.</W></SENTENCE><SENTENCE><W>The</W><W>shop</W><W>sells</W><W>snacks</W><C><W>and</W></C><W>a</W><W>small</W><W>selection</W><W>of</W><W>hygiene</W><C><W>and</W></C><W>over</W><W>the</W><W>counter</W><W>medical</W><W>products</W><W>.</W></SENTENCE><SENTENCE><W>There</W><W>is</W><W>plenty</W><W>there</W><W>to</W><W>satisfy</W><W>your</W><W>souvenir</W><W>sweet</W><W>tooth</W><W>.</W></SENTENCE><SENTENCE><W>In</W><W>the</W><W>lobby</W><W>is</W><W>one</W><W>of</W><W>Disneys</W><W>ubiquitous</W><W>Pin</W><W>trading</W><W>stations</W><W>,</W><C><W>and</W></C><W>an</W><W>information</W><W>table</W><W>for</W><W>the</W><W>Disney</W><W>Vacation</W><W>Club</W><W>.</W></SENTENCE></P><P></P><P><SENTENCE><W>Dining</W></SENTENCE></P><P></P><P><SENTENCE><W>The</W><W>Whispering</W><W>Canyon</W><W>Café</W><W>provides</W><W>delicious</W><W>family</W><W>style</W><W>barbeque</W><W>dinners</W><W>.</W></SENTENCE><SENTENCE><W>While</W><W>we</W><W>enjoyed</W><W>the</W><W>dinner</W><W>at</W><W>the</W><W>restaurant</W><W>twice</W><W>the</W><W>first</W><W>time</W><W>we</W><W>stayed</W><W>,</W><W>we</W><W>only</W><W>were</W><W>able</W><W>to</W><W>go</W><W>for</W><W>breakfast</W><W>this</W><W>time</W><W>.</W></SENTENCE><SENTENCE><W>The</W><W>food</W><W>was</W><W>outstanding</W><W>.</W></SENTENCE><SENTENCE><W>The</W><W>prices</W><W>for</W><W>breakfast</W><W>were</W><W>reasonable</W><W>,</W><W>but</W><W>for</W><W>dinner</W><C><W>expect</W></C><W>to</W><W>pay</W><W>$</W><W>40-50</W><W>for</W><W>a</W><W>family</W><W>of</W><W>three</W><W>.</W></SENTENCE><SENTENCE><W>Normally</W><xcope ID="121"><ref COMMENTS="" ID="122" SRC="36"></ref><W>this</W></xcope><C><cue ID="36" type="speculation"><W>seems</W></cue></C><xcope ID="97"><ref COMMENTS="" ID="159" SRC="36"></ref><W>steep</W><W>to</W><W>me</W><W>but</W><W>it</W><W>is</W><W>comparable</W><W>to</W><W>any</W><W>other</W><W>sit-down</W><W>restaurant</W><W>at</W><W>Disney</W></xcope><W>.</W></SENTENCE><SENTENCE><C><cue ID="37" type="speculation"><W>If</W></cue></C><xcope ID="98"><ref COMMENTS="" ID="160" SRC="37"></ref><W>you</W><W>enjoy</W><W>Disneys</W><W>famous</W><W>themed</W><W>restaurants</W></xcope><W>,</W><W>youll</W><W>love</W><W>this</W><W>.</W></SENTENCE><SENTENCE><W>The</W><W>servers</W><W>move</W><W>through</W><W>out</W><W>the</W><W>dining</W><W>room</W><W>using</W><W>the</W><W>tray</W><W>stands</W><W>to</W><W>make</W><W>galloping</W><W></W><W>sounds</W><W>.</W></SENTENCE><SENTENCE><W>They</W><W>frequently</W><W>yell</W><W>woo-hoo</W><C><W>and</W></C><W>scream</W><W>who</W><W>has</W><W>the</W><W>ketchup</W><W></W><W>whenever</W><W>someone</W><W>asks</W><W>.</W></SENTENCE><SENTENCE><W>In</W><W>the</W><W>evenings</W><W>they</W><W>also</W><W>have</W><W>stick</W><W>horse</W><W>races</W><W>around</W><W>the</W><W>restaurant</W><W>for</W><W>the</W><W>kids</W><W>.</W></SENTENCE><SENTENCE><W>The</W><W>kids</W><W>love</W><W>it</W><W>.</W></SENTENCE></P><P></P><P><SENTENCE><C><cue ID="38" type="speculation"><W>If</W></cue></C><xcope ID="100"><ref COMMENTS="" ID="161" SRC="38"></ref><W>you</W><W>are</W><W>looking</W><W>for</W><W>a</W><W>quiet</W></xcope><W>,</W><W>calm</W><W>place</W><W>to</W><W>relax</W><C><W>and</W></C><W>eat</W><W>your</W><W>dinner</W><W>,</W><W>you</W><C><cue ID="39" type="speculation"><W>might</W></cue></C><xcope ID="99"><ref COMMENTS="" ID="162" SRC="39"></ref><W>want</W><W>to</W><W>visit</W><W>the</W><W>Artists</W><W>Pointe</W></xcope><W>.</W></SENTENCE><SENTENCE><W>The</W><W>Artists</W><W>Pointe</W><W>restaurant</W><W>is</W><W>an</W><W>elegant</W><W>dining</W><W>alternative</W><W>for</W><W>those</W><W>who</W><C><cue ID="40" type="speculation"><W>would</W></cue></C><xcope ID="101"><ref COMMENTS="" ID="163" SRC="40"></ref><W>like</W><W>to</W><W>enjoy</W><W>a</W><W>little</W><W>higher</W><W>end</W><W>dining</W></xcope><W>.</W></SENTENCE><SENTENCE><W>I</W><W>have</W><C><cue ID="41" type="negation"><W>not</W></cue></C><xcope ID="102"><ref COMMENTS="" ID="164" SRC="41"></ref><W>been</W><W>to</W><W>this</W><W>restaurant</W></xcope><W>,</W><W>but</W><W>it</W><W>has</W><W>been</W><W>described</W><W>as</W><W>&#34;</W><W>a</W><W>celebration</W><W>of</W><W>the</W><W>rich</W><W>culinary</W><W>heritage</W><W>of</W><W>the</W><W>Pacific</W><W>Northwest</W><W>&#34;</W><W>.</W></SENTENCE><SENTENCE><W>The</W><W>menu</W><W>is</W><W>seasonal</W><C><W>and</W></C><W>includes</W><W>selections</W><W>indigenous</W><W>to</W><W>the</W><W>Washington</W><W>,</W><W>Oregon</W><C><W>and</W></C><W>British</W><W>Columbia</W><W>coastlines</W><W>.</W></SENTENCE></P><P></P><P><SENTENCE><W>Roaring</W><W>Forks</W><W>is</W><W>cafeteria-type</W><W>dining</W><C><W>and</W></C><W>offers</W><W>burgers</W><W>,</W><W>fries</W><W>,</W><W>pizza</W><W>,</W><W>chili</W><W>,</W><W>bagels</W><W>,</W><W>deli</W><W>sandwiches</W><W>,</W><W>Rice</W><W>Krispie</W><W>treats</W><W>,</W><W>beverages</W><C><W>and</W></C><W>other</W><W>fresh</W><C><W>and</W></C><W>fast</W><W>selections</W><W>.</W></SENTENCE><SENTENCE><W>While</W><W>the</W><W>prices</W><W>are</W><W>high</W><W>for</W><W>my</W><W>standards</W><W>-</W><W>you</W><C><cue ID="42" type="speculation"><W>can</W></cue></C><xcope ID="103"><ref COMMENTS="" ID="165" SRC="42"></ref><W>pay</W><W>$</W><W>6.00</W><W>for</W><W>turkey</W><W>on</W><W>a</W><W>croissant</W></xcope><W>,</W><W>the</W><W>food</W><W>is</W><W>good</W><C><W>and</W></C><W>just</W><W>right</W><W>for</W><W>a</W><W>quick</W><W>lunch</W><W>by</W><W>the</W><W>pool</W><W>.</W></SENTENCE></P><P></P><P><SENTENCE><W>The</W><W>Territory</W><W>Lounge</W><W>serves</W><W>cocktails</W><W>,</W><W>espresso</W><C><W>and</W></C><W>cappuccino</W><W>as</W><W>well</W><W>as</W><W>appetizers</W><W>in</W><W>the</W><W>evening</W><W>.</W></SENTENCE><SENTENCE><W>There</W><W>are</W><W>also</W><W>refreshments</W><W>available</W><W>at</W><W>the</W><W>Trouts</W><W>Pass</W><W>bass</W><W>by</W><W>the</W><W>pool</W><C><W>and</W></C><W>room</W><W>service</W><W>from</W><W>Miss</W><W>Jennys</W><W>In-Room</W><W>Dining</W><W>.</W></SENTENCE></P><P></P><P><SENTENCE><W>Entertainment</W></SENTENCE></P><P></P><P><SENTENCE><W>The</W><W>Wilderness</W><W>Resorts</W><W>pool</W><W>is</W><W>huge</W><W>,</W><W>clean</W><W>,</W><C><W>and</W></C><W>definitely</W><W>relaxing</W><W>!</W></SENTENCE><SENTENCE><W>It</W><W>has</W><W>a</W><W>waterslide</W><W>that</W><W>runs</W><W>through</W><W>a</W><W>rock</W><W>formation</W><W>,</W><W>a</W><W>separate</W><W>baby</W><W>pool</W><C><W>and</W></C><W>two</W><W>hot</W><W>tubs</W><W>.</W></SENTENCE><SENTENCE><W>You</W><C><cue ID="43" type="speculation"><W>can</W></cue></C><xcope ID="108"><ref COMMENTS="" ID="166" SRC="43"></ref><W>go</W><W>down</W><W>to</W><W>the</W><W>beach</W></xcope><W>but</W><W>I</W><W>have</W><C><cue ID="44" type="negation"><W>not</W></cue></C><xcope ID="107"><ref COMMENTS="" ID="170" SRC="44"></ref><W>been</W><W>to</W><W>the</W><W>water</W><W>to</W><W>tell</W><W>you</W><C><cue ID="45" type="speculation"><W>whether</W></cue></C><xcope ID="106"><ref COMMENTS="" ID="169" SRC="45"></ref><xcope ID="105"><ref COMMENTS="" ID="168" SRC="47"></ref><W>it</W><W>s</W><W>swim-able</W></xcope><W></W><C><cue ID="47" type="speculation"><W>or</W></cue></C><C><cue ID="46" type="negation"><xcope ID="104"><ref COMMENTS="" ID="167" SRC="47"></ref><W>not</W></xcope></cue></C></xcope></xcope><W>.</W></SENTENCE><SENTENCE><W>But</W><W>you</W><W>will</W><W>want</W><W>to</W><W>go</W><W>down</W><W>to</W><W>watch</W><W>the</W><W>geyser</W><W>that</W><W>erupts</W><W>hourly</W><W>on</W><W>the</W><W>beach</W><W>.</W></SENTENCE></P><P></P><P><SENTENCE><C><cue ID="48" type="speculation"><W>If</W></cue></C><xcope ID="110"><ref COMMENTS="" ID="172" SRC="48"></ref><W>you</W><W>exit</W><W>the</W><W>hotel</W><W>near</W><W>the</W><W>gift</W><W>shop</W><W>you</W><W>will</W><W>find</W><W>a</W><W>video</W><W>game</W><W>room</W></xcope><W>that</W><W>I</W><C><cue ID="49" type="speculation"><W>think</W></cue></C><xcope ID="109"><ref COMMENTS="" ID="171" SRC="49"></ref><W>is</W><W>called</W><W>&#34;</W><W>Buttons</W><C><W>and</W></C><W>Bells</W></xcope><W>&#34;</W><W>.</W></SENTENCE><SENTENCE><W>It</W><W>is</W><W>larger</W><W>than</W><W>the</W><W>average</W><W>hotel</W><W>arcade</W><C><W>and</W></C><W>offers</W><W>newer</W><W>games</W><W>as</W><W>well</W><W>as</W><W>the</W><W>old</W><W>stand-bys</W><W>such</W><W>as</W><W>centipede</W><C><W>and</W></C><W>pinball</W><W>.</W></SENTENCE></P><P></P><P><SENTENCE><C><cue ID="50" type="speculation"><W>If</W></cue></C><xcope ID="112"><ref COMMENTS="" ID="174" SRC="50"></ref><W>you</W><W>decide</W><W>to</W><W>venture</W><W>to</W><W>Downtown</W><W>Disney</W><W>you</W><C><cue ID="51" type="speculation"><W>can</W></cue></C><xcope ID="111"><ref COMMENTS="" ID="173" SRC="51"></ref><W>use</W><W>the</W><W>babysitting</W><W>services</W><W>available</W><W>at</W><W>the</W><W>Cub</W><W>&#39;s</W><W>Den</W></xcope></xcope><W>.</W></SENTENCE><SENTENCE><W>The</W><W>Cub</W><W>&#39;s</W><W>Den</W><C><cue ID="52" type="speculation"><W>can</W></cue></C><xcope ID="113"><ref COMMENTS="" ID="175" SRC="52"></ref><W>be</W><W>accessed</W><W>by</W><W>an</W><W>entrance</W><W>near</W><W>the</W><W>arcade</W></xcope><W>.</W></SENTENCE><SENTENCE><W>The</W><W>room</W><W>is</W><W>chock</W><W>full</W><W>of</W><W>video</W><W>games</W><W>,</W><W>Disney</W><W>toys</W><W>,</W><W>books</W><W>,</W><W>craft</W><W>supplies</W><C><W>and</W></C><W>Disney</W><W>movies</W><W>.</W></SENTENCE><SENTENCE><W>While</W><W>the</W><W>cost</W><W>is</W><W>a</W><W>little</W><W>steep</W><W>at</W><W>$</W><W>10</W><W>an</W><W>hour</W><W>,</W><W>they</W><W>provided</W><W>dinner</W><C><W>and</W></C><W>my</W><W>daughter</W><W>had</W><W>a</W><W>wonderful</W><W>time</W><W>.</W></SENTENCE><SENTENCE><W>I</W><W>highly</W><W>recommend</W><W>the</W><W>services</W><W>.</W></SENTENCE><SENTENCE><W>I</W><W>felt</W><W>comfortable</W><W>my</W><W>daughter</W><W>was</W><W>well</W><W>cared</W><W>for</W><W>as</W><W>it</W><W>was</W><W>staffed</W><W>by</W><xcope ID="123"><ref COMMENTS="" ID="124" SRC="53"></ref><W>two</W><W>grandmotherly</W><W>women</W></xcope><W>who</W><C><cue ID="53" type="speculation"><W>seemed</W></cue></C><xcope ID="114"><ref COMMENTS="" ID="176" SRC="53"></ref><W>to</W><W>love</W><W>taking</W><W>care</W><W>of</W><W>children</W></xcope><W>.</W></SENTENCE><SENTENCE><W>It</W><W>afforded</W><W>us</W><W>the</W><W>opportunity</W><W>to</W><W>see</W><W>more</W><W>than</W><W>Mickey</W><C><W>and</W></C><W>the</W><W>Princesses</W><C><W>and</W></C><W>have</W><W>an</W><W>adult</W><W>conversation</W><W>.</W></SENTENCE><SENTENCE><W>Most</W><W>of</W><W>all</W><W>our</W><W>daughter</W><W>was</W><W>out</W><W>like</W><W>a</W><W>light</W><W>on</W><W>a</W><W>cot</W><W>when</W><W>we</W><W>went</W><W>to</W><W>pick</W><W>her</W><W>up</W><W>.</W></SENTENCE><SENTENCE><W>While</W><W>I</W><W>am</W><W>sure</W><W>some</W><W>families</W><W>used</W><W>the</W><W>service</W><W>every</W><W>night</W><W>of</W><W>the</W><W>week</W><W>,</W><W>once</W><W>was</W><W>enough</W><W>for</W><W>us</W><W>to</W><W>enjoy</W><W>an</W><W>evening</W><W>of</W><W>adult</W><W>activity</W><W>.</W></SENTENCE></P><P></P><P><SENTENCE><W>To</W><W>Sum</W><W>it</W><W>Up</W></SENTENCE></P><P></P><P><SENTENCE><W>Looking</W><W>at</W><W>some</W><W>of</W><W>the</W><W>other</W><W>reviews</W><W>I</W><W>am</W><C><cue ID="54" type="negation"><W>not</W></cue></C><xcope ID="115"><ref COMMENTS="" ID="178" SRC="54"></ref><W>the</W><W>only</W><W>one</W><W>to</W><W>recommend</W><W>Disney</W><W>&#39;s</W><W>Wilderness</W><W>Lodge</W></xcope><W>.</W></SENTENCE><SENTENCE><C><cue ID="55" type="negation"><W>Not</W></cue></C><xcope ID="116"><ref COMMENTS="" ID="177" SRC="55"></ref><W>only</W><W>does</W><W>it</W><W>allow</W><W>you</W><W>to</W><W>escape</W><W>everything</W><W>that</W><W>is</W><W>Mickey</W><W>for</W><W>at</W><W>least</W><W>a</W><W>while</W></xcope><W>,</W><W>it</W><W>makes</W><W>you</W><C><W>feel</W></C><W>at</W><W>home</W><W>.</W></SENTENCE><SENTENCE><W>It</W><W>is</W><W>clean</W><W>,</W><W>beautiful</W><C><W>and</W></C><W>the</W><W>cast</W><W>members</W><W>are</W><W>indulgent</W><C><W>and</W></C><W>responsive</W><W>.</W></SENTENCE></P></DOCUMENT>
