<?xml version="1.0" encoding="UTF-8"?>
<DOCUMENT><P></P><P><SENTENCE><W>Disney</W><W>&#39;s</W><W>Wilderness</W><W>Lodge</W><W>is</W><W>definitely</W><W>a</W><W>one-of-a-kind</W><W>resort</W><W>.</W></SENTENCE><SENTENCE><W>Complete</W><W>with</W><W>a</W><W>working</W><W>geyser</W><C><W>and</W></C><W>a</W><W>river</W><W>that</W><W>flows</W><W>through</W><W>the</W><W>lobby</W><W>,</W><W>this</W><W>resort</W><W>is</W><W>themed</W><W>as</W><W>a</W><W>western</W><W>lodge</W><W>.</W></SENTENCE><SENTENCE><W>My</W><W>family</W><C><W>and</W></C><W>I</W><W>have</W><W>been</W><W>staying</W><W>at</W><W>Disney</W><W>&#39;s</W><W>Polynesian</W><W>Resort</W><W>since</W><W>it</W><W>first</W><W>opened</W><W>,</W><C><W>and</W></C><W>we</W><W>&#39;ve</W><W>been</W><W>hooked</W><W>on</W><W>it</W><W>!</W></SENTENCE><SENTENCE><W>Then</W><W>we</W><W>decided</W><W>to</W><W>try</W><W>something</W><W>different</W><W>,</W><W>that</W><W>&#39;s</W><W>where</W><W>the</W><W>Wilderness</W><W>Lodge</W><W>came</W><W>in</W><W>.</W></SENTENCE></P><P></P><P><SENTENCE><W>As</W><W>soon</W><W>as</W><W>you</W><W>enter</W><W>,</W><W>the</W><W>beautiful</W><W>6</W><W>story</W><W>lobby</W><W>surrounds</W><W>you</W><W>.</W></SENTENCE><SENTENCE><W>The</W><W>check-in</W><W>process</W><W>was</W><W>smooth</W><W>most</W><W>of</W><W>the</W><W>time</W><W>,</W><W>as</W><W>it</W><W>is</W><W>in</W><W>all</W><W>Disney</W><W>hotels</W><W>(</W><W>with</W><W>the</W><W>exception</W><W>of</W><W>the</W><W>time</W><W>when</W><W>they</W><W>booked</W><W>us</W><W>for</W><W>December</W><W>31</W><W>,</W><W>2000</W><C><W>instead</W></C><W>of</W><W>December</W><W>31</W><W>,</W><W>1999</W><W>!</W><W>)</W><W>.</W></SENTENCE><SENTENCE><W>The</W><W>rooms</W><W>are</W><W>nice</W><C><W>and</W></C><W>have</W><W>good</W><W>views</W><W>pretty</W><W>much</W><W>all</W><W>around</W><W>.</W></SENTENCE><SENTENCE><W>Getting</W><W>a</W><W>room</W><W>with</W><W>bunk</W><W>beds</W><W>is</W><W>a</W><W>nice</W><W>feature</W><W>as</W><W>well</W><W>.</W></SENTENCE><SENTENCE><W>Disney</W><W>certainly</W><W>has</W><W>spared</W><C><cue ID="0" type="negation"><W>no</W></cue></C><xcope ID="15"><ref ID="16" SRC="0"></ref><W>expense</W><W>putting</W><W>together</W><W>this</W><W>resort</W></xcope><W>.</W></SENTENCE></P><P></P><P><SENTENCE><W>Outside</W><W>,</W><W>there</W><W>&#39;s</W><W>a</W><W>huge</W><W>pool</W><W>,</W><C><W>and</W></C><W>an</W><W>awesome</W><W>waterslide</W><W>that</W><W>starts</W><W>inside</W><W>a</W><W>rock</W><W>.</W></SENTENCE><SENTENCE><W>There</W><W>are</W><W>paths</W><W>leading</W><W>all</W><W>over</W><W>so</W><W>there</W><W>are</W><W>many</W><W>picture</W><W>taking</W><W>spots</W><W>.</W></SENTENCE><SENTENCE><W>The</W><W>transportation</W><W>to</W><C><W>and</W></C><W>from</W><W>the</W><W>resort</W><W>poses</W><W>a</W><W>serious</W><W>problem</W><W>,</W><W>however</W><W>.</W></SENTENCE><SENTENCE><W>The</W><W>monorail</W><W>resorts</W><W>(</W><W>Polynesian</W><W>,</W><W>Grand</W><W>Floridian</W><W>,</W><C><W>and</W></C><W>Contemporary</W><W>)</W><W>are</W><W>very</W><W>convenient</W><W>because</W><W>you</W><C><cue ID="1" type="speculation"><W>can</W></cue></C><xcope ID="14"><ref ID="17" SRC="1"></ref><W>just</W><W>hop</W><W>on</W><W>a</W><W>monorail</W></xcope><C><W>and</W></C><W>go</W><W>to</W><W>the</W><xcope ID="13"><ref COMMENTS="" ID="18" SRC="2"></ref><W>Magic</W><W>Kingdom</W></xcope><C><cue ID="2" type="speculation"><W>or</W></cue></C><xcope ID="12"><ref COMMENTS="" ID="19" SRC="2"></ref><W>EPCOT.</W></xcope></SENTENCE><SENTENCE><W>On</W><W>the</W><W>contrary</W><W>,</W><W>here</W><W>you</W><C><cue ID="3" type="speculation"><W>must</W></cue></C><xcope ID="11"><ref COMMENTS="" ID="20" SRC="3"></ref><W>wait</W><W>for</W><W>a</W><W>crowded</W><W>bus</W><W>to</W><W>come</W></xcope><W>,</W><W>sometimes</W><W>for</W><W>20-30</W><W>minutes</W><W>!</W></SENTENCE><SENTENCE><W>There</W><W>is</W><W>also</W><W>boat</W><W>transportation</W><W>,</W><W>but</W><W>that</W><W>is</W><W>also</W><W>slow</W><W>,</W><C><W>and</W></C><W>is</W><W>kind</W><W>of</W><W>uncomfortable</W><W>in</W><W>the</W><W>heat</W><W>.</W></SENTENCE></P><P></P><P><SENTENCE><W>Another</W><W>problem</W><W>with</W><W>the</W><W>resort</W><W>is</W><W>the</W><W>restaurants</W><W>.</W></SENTENCE><SENTENCE><W>I</W><W>guess</W><W>they</W><W>&#39;re</W><W>just</W><C><cue ID="4" type="negation"><W>not</W></cue></C><xcope ID="24"><ref COMMENTS="" ID="25" SRC="4"></ref><W>my</W><W>style</W></xcope><W>.</W></SENTENCE><SENTENCE><W>The</W><W>Artist</W><W>&#39;s</W><W>Point</W><W>Restaurant</W><W>features</W><W>mostly</W><W>fish</W><W>,</W><C><W>and</W></C><W>the</W><W>other</W><W>restaurant</W><W>is</W><W>southern</W><W>food</W><W>.</W></SENTENCE><SENTENCE><W>The</W><W>only</W><W>food</W><W>we</W><C><cue ID="5" type="speculation"><W>could</W></cue></C><xcope ID="10"><ref ID="21" SRC="5"></ref><W>really</W><W>eat</W><W>here</W><W>was</W><W>in</W><W>the</W><W>Roaring</W><W>Forks</W><W>snack</W><W>bar</W></xcope><W>,</W><W>but</W><W>there</W><W>&#39;s</W><W>so</W><W>many</W><W>other</W><W>restaurants</W><W>located</W><W>throughout</W><W>the</W><W>Walt</W><W>Disney</W><W>World</W><W>Resort</W><W>property</W><W>.</W></SENTENCE></P><P></P><P><SENTENCE><W>The</W><W>Wilderness</W><W>Lodge</W><W>will</W><W>certainly</W><W>be</W><W>an</W><W>experience</W><W>you</W><W>will</W><C><cue ID="6" type="negation"><W>never</W></cue></C><xcope ID="9"><ref COMMENTS="" ID="23" SRC="6"></ref><W>forget</W></xcope><W>,</W><C><W>and</W></C><W>I</W><C><cue ID="7" type="speculation"><W>would</W></cue></C><xcope ID="8"><ref ID="22" SRC="7"></ref><W>recommend</W><W>this</W><W>to</W><W>anyone</W></xcope><W>,</W><W>especially</W><W>families</W><W>with</W><W>children</W><W>of</W><W>any</W><W>age</W><W>.</W></SENTENCE><SENTENCE><W>You</W><W>&#39;ll</W><W>always</W><W>remember</W><W>our</W><W>stay</W><W>at</W><W>The</W><W>Wilderness</W><W>Lodge</W><W>!</W></SENTENCE></P></DOCUMENT>
