<?xml version="1.0" encoding="UTF-8"?>
<DOCUMENT><P></P><P><SENTENCE><W>Yes</W><W>,</W><W>I</W><W>know</W><W>.</W></SENTENCE><SENTENCE><W>Pretty</W><W>corny</W><W>.</W></SENTENCE><SENTENCE><W>But</W><W>how</W><W>often</W><W>do</W><W>you</W><W>get</W><W>to</W><W>say</W><W>it</W><C><W>and</W></C><W>really</W><W>mean</W><W>it</W><W>?</W></SENTENCE></P><P></P><P><SENTENCE><W>I</W><W>was</W><W>fortunate</W><W>enough</W><W>to</W><W>stay</W><W>at</W><W>the</W><W>Ritz-Carlton</W><W>in</W><W>San</W><W>Francisco</W><W>on</W><W>business</W><W>while</W><W>covering</W><W>a</W><W>conference</W><W>being</W><W>held</W><W>at</W><W>the</W><W>hotel</W><W>.</W></SENTENCE><SENTENCE><W>Normally</W><W>,</W><W>my</W><W>company</W><C><cue ID="0" type="speculation"><W>would</W></cue></C><xcope ID="16"><ref ID="31" SRC="0"></ref><C><cue ID="2" type="negation"><W>not</W></cue></C><xcope ID="15"><ref ID="30" SRC="2"></ref><W>put</W><W>me</W><W>in</W><W>such</W><W>a</W><W>luxurious</W><W>hotel</W></xcope></xcope><W>,</W><W>but</W><W>sometimes</W><W>I</W><W>get</W><W>lucky</W><W>.</W></SENTENCE><SENTENCE><W>This</W><W>was</W><W>one</W><W>of</W><W>those</W><W>times</W><C><W>and</W></C><W>I</W><W>definitely</W><W>enjoyed</W><W>it</W><W>.</W></SENTENCE></P><P></P><P><SENTENCE><W>Whisk</W><W>Me</W><W>Away</W><W>to</W><W>a</W><W>Wonderful</W><W>Room</W></SENTENCE></P><P></P><P><SENTENCE><W>After</W><W>a</W><W>smooth</W><W>check-in</W><W>I</W><W>was</W><W>soon</W><W>settling</W><W>into</W><W>my</W><W>room</W><C><W>and</W></C><W>feeling</W><W>pretty</W><W>much</W><W>like</W><W>a</W><W>princess</W><W>.</W></SENTENCE><SENTENCE><W>The</W><W>room</W><W>was</W><W>large</W><C><W>and</W></C><W>rectangular</W><W>with</W><W>a</W><W>big</W><W>,</W><W>luscious</W><W>king-size</W><W>bed</W><W>.</W></SENTENCE><SENTENCE><W>A</W><W>fluffy</W><W>down</W><W>coverlet</W><W>on</W><W>a</W><W>deliciously</W><W>inviting</W><W>bed</W><W>was</W><W>more</W><W>than</W><W>I</W><C><cue ID="3" type="speculation"><W>could</W></cue></C><xcope ID="17"><ref ID="32" SRC="3"></ref><W>resist</W></xcope><W>.</W></SENTENCE></P><P></P><P><SENTENCE><W>Before</W><W>even</W><W>unpacking</W><W>my</W><W>bags</W><W>,</W><W>I</W><W>found</W><W>myself</W><W>lying</W><W>on</W><W>this</W><W>very</W><W>comfy</W><W>bed</W><W>,</W><W>looking</W><W>around</W><W>a</W><W>tastefully</W><W>decorated</W><W>room</W><W>.</W></SENTENCE><SENTENCE><W>The</W><W>armoire</W><W>held</W><W>a</W><W>25</W><W>inch</W><W>television</W><C><W>and</W></C><W>there</W><W>was</W><W>a</W><W>writing</W><W>desk</W><W>,</W><W>as</W><W>well</W><W>as</W><W>two</W><W>upholstered</W><W>chairs</W><W>.</W></SENTENCE><SENTENCE><W>My</W><W>room</W><W>had</W><W>two</W><W>large</W><W>windows</W><W>that</W><W>were</W><W>draped</W><W>in</W><W>softly</W><W>muted</W><W>colors</W><W>.</W></SENTENCE><SENTENCE><W>I</W><W>found</W><W>myself</W><W>wishing</W><W>that</W><W>my</W><W>master</W><W>bedroom</W><W>at</W><W>home</W><W>was</W><W>as</W><W>large</W><C><W>and</W></C><W>comfortably</W><W>furnished</W><W>.</W></SENTENCE></P><P></P><P><SENTENCE><W>A</W><W>Great</W><W>Bathroom</W></SENTENCE></P><P></P><P><SENTENCE><W>Next</W><W>on</W><W>my</W><W>list</W><W>to</W><W>explore</W><W>was</W><W>the</W><W>bathroom</W><W>.</W></SENTENCE><SENTENCE><C><W>And</W></C><W>it</W><W>certainly</W><W>did</W><C><cue ID="4" type="negation"><W>not</W></cue></C><xcope ID="18"><ref ID="33" SRC="4"></ref><W>disappoint</W></xcope><W>.</W></SENTENCE><SENTENCE><W>The</W><W>Italian</W><W>marble</W><W>sparkled</W><C><W>and</W></C><W>large</W><W>,</W><W>fluffy</W><W>towels</W><W>awaited</W><W>me</W><W>.</W></SENTENCE><SENTENCE><W>There</W><W>were</W><W>double</W><W>sinks</W><W>with</W><W>plenty</W><W>of</W><W>room</W><W>for</W><W>me</W><W>to</W><W>stash</W><W>my</W><W>necessities</W><W>.</W></SENTENCE></P><P></P><P><SENTENCE><W>At</W><W>times</W><W>like</W><W>this</W><W>I</W><W>really</W><W>wish</W><W>I</W><W>was</W><W>a</W><W>bath</W><W>person</W><W>,</W><C><W>instead</W></C><W>of</W><W>a</W><W>shower</W><W>person</W><W>.</W></SENTENCE><SENTENCE><W>I</W><C><cue ID="5" type="speculation"><W>would</W></cue></C><xcope ID="20"><ref ID="35" SRC="5"></ref><C><cue ID="6" type="speculation"><W>probably</W></cue></C><xcope ID="19"><ref ID="34" SRC="6"></ref><W>have</W><W>enjoyed</W><W>soaking</W><W>in</W><W>a</W><W>hot</W><W>bubbly</W><W>tub</W></xcope></xcope><C><W>and</W></C><W>admiring</W><W>the</W><W>beautiful</W><W>surroundings</W><W>.</W></SENTENCE></P><P></P><P><SENTENCE><W>Plenty</W><W>of</W><W>Extras</W></SENTENCE></P><P></P><P><SENTENCE><W>There</W><W>was</W><W>a</W><W>nice</W><W>large</W><W>closet</W><W>,</W><W>complete</W><W>with</W><W>two</W><W>terry</W><W>bathrobes</W><W>,</W><W>ironing</W><W>board</W><C><W>and</W></C><W>iron</W><W>,</W><W>as</W><W>well</W><W>as</W><W>extra</W><W>pillows</W><C><W>and</W></C><W>blankets</W><W>.</W></SENTENCE><SENTENCE><W>I</W><C><cue ID="7" type="speculation"><W>would</W></cue></C><xcope ID="22"><ref ID="37" SRC="7"></ref><C><cue ID="8" type="negation"><W>not</W></cue></C><xcope ID="21"><ref ID="36" SRC="8"></ref><W>be</W><C><W>lacking</W></C><W>for</W><W>anything</W><W>in</W><W>the</W><W>room</W><W>.</W></xcope></xcope></SENTENCE></P><P></P><P><SENTENCE><W>The</W><W>Overall</W><W>Elegance</W></SENTENCE></P><P></P><P><SENTENCE><W>After</W><W>admiring</W><W>my</W><W>room</W><C><W>and</W></C><W>finally</W><W>unpacking</W><W>,</W><W>it</W><W>was</W><W>time</W><W>for</W><W>me</W><W>to</W><W>get</W><W>ready</W><W>for</W><W>dinner</W><W>.</W></SENTENCE><SENTENCE><W>We</W><W>had</W><W>reservations</W><W>for</W><W>our</W><W>group</W><C><W>and</W></C><W>I</W><W>wanted</W><W>a</W><W>little</W><W>time</W><W>before</W><W>dinner</W><W>to</W><W>look</W><W>around</W><W>the</W><W>hotel</W><W>.</W></SENTENCE></P><P></P><P><SENTENCE><W>The</W><W>sounds</W><W>of</W><W>a</W><W>grand</W><W>piano</W><W>drew</W><W>me</W><W>toward</W><W>a</W><W>beautiful</W><W>high-ceiling</W><W>room</W><W>that</W><W>looked</W><W>almost</W><W>as</W><W>much</W><W>like</W><W>a</W><W>cathedral</W><W>as</W><W>it</W><W>did</W><W>a</W><W>hotel</W><W>.</W></SENTENCE><SENTENCE><W>It</W><W>was</W><W>very</W><W>beautifully</W><C><W>and</W></C><W>elegantly</W><W>decorated</W><W>.</W></SENTENCE><SENTENCE><W>I</W><W>remember</W><W>lots</W><W>of</W><W>fresh</W><W>flowers</W><C><W>and</W></C><W>large</W><W>paintings</W><C><W>and</W></C><W>well-dressed</W><W>people</W><W>buzzing</W><W>about</W><W>.</W></SENTENCE></P><P></P><P><SENTENCE><W>I</W><W>did</W><W>n&#39;t</W><W>want</W><W>to</W><W>dawdle</W><W>too</W><W>long</W><W>,</W><W>staring</W><W>like</W><W>a</W><W>country</W><W>girl</W><W>come</W><W>to</W><W>town</W><W>for</W><W>the</W><W>first</W><W>time</W><W>.</W></SENTENCE><SENTENCE><W>But</W><W>being</W><W>my</W><W>usual</W><W>bumpkinish</W><W>self</W><W>I</W><W>had</W><W>to</W><W>take</W><W>in</W><W>the</W><W>atmosphere</W><W>for</W><W>a</W><W>while</W><W>before</W><W>following</W><W>the</W><W>hallway</W><W>toward</W><W>the</W><W>dining</W><W>room</W><W>.</W></SENTENCE></P><P></P><P><SENTENCE><W>Dinner</W><W>for</W><W>10</W><W>,</W><W>Please</W></SENTENCE></P><P></P><P><SENTENCE><W>We</W><W>had</W><W>a</W><W>fairly</W><W>large</W><W>party</W><W>(</W><W>about</W><W>10</W><W>of</W><W>us</W><W>)</W><W>so</W><W>we</W><W>were</W><W>seated</W><W>at</W><W>a</W><W>long</W><W>table</W><W>.</W></SENTENCE><SENTENCE><W>The</W><W>service</W><W>was</W><W>excellent</W><C><W>and</W></C><W>the</W><W>dinner</W><W>had</W><W>been</W><W>pre-arranged</W><W>for</W><W>us</W><W>with</W><W>a</W><W>choice</W><W>of</W><xcope ID="24"><ref ID="38" SRC="9"></ref><W>chicken</W></xcope><C><cue ID="9" type="speculation"><W>or</W></cue></C><xcope ID="23"><ref ID="39" SRC="9"></ref><W>beef</W></xcope><W>.</W></SENTENCE></P><P></P><P><SENTENCE><W>The</W><W>beef</W><W>medallions</W><W>were</W><W>tasty</W><C><W>and</W></C><W>tender</W><C><W>and</W></C><W>served</W><W>with</W><W>fresh</W><W>vegetables</W><W>.</W></SENTENCE><SENTENCE><W>They</W><W>were</W><W>preceeded</W><W>by</W><W>a</W><W>crisp</W><W>salad</W><C><W>and</W></C><W>fresh</W><W>bread</W><W>.</W></SENTENCE><SENTENCE><W>Pass</W><W>the</W><W>butter</W><W>,</W><W>please</W><W>!</W></SENTENCE></P><P></P><P><SENTENCE><W>The</W><W>dining</W><W>room</W><W>was</W><W>elegant</W><W>,</W><W>yet</W><C><cue ID="10" type="negation"><W>not</W></cue></C><xcope ID="25"><ref ID="40" SRC="10"></ref><W>so</W><W>formal</W><W>that</W><W>I</W><W>felt</W><W>uncomfortable</W></xcope><W>.</W></SENTENCE><SENTENCE><W>We</W><W>took</W><W>our</W><W>time</W><W>enjoying</W><W>our</W><W>meal</W><C><W>and</W></C><W>chatting</W><W>with</W><W>fellow</W><W>employees</W><W>we</W><W>had</W><W>n&#39;t</W><W>seen</W><W>in</W><W>a</W><W>while</W><W>.</W></SENTENCE></P><P></P><P><SENTENCE><W>Ah</W><W>,</W><W>Room</W><W>Service</W><W>!</W></SENTENCE></P><P></P><P><SENTENCE><W>The</W><W>following</W><W>day</W><W>,</W><W>I</W><W>had</W><W>breakfast</W><W>delivered</W><W>to</W><W>my</W><W>room</W><W>.</W></SENTENCE><SENTENCE><W>(</W><W>One</W><W>of</W><W>the</W><W>great</W><W>joys</W><W>of</W><W>business</W><W>travel</W><W>for</W><W>me</W><W>.</W><W>)</W></SENTENCE><SENTENCE><W>It</W><W>was</W><W>so</W><W>nice</W><W>going</W><W>to</W><W>the</W><W>door</W><W>in</W><W>my</W><W>Ritz</W><W>bathrobe</W><C><W>and</W></C><W>letting</W><W>the</W><W>waiter</W><W>deliver</W><W>my</W><W>food</W><W>.</W></SENTENCE></P><P></P><P><SENTENCE><W>I</W><W>&#39;m</W><W>certain</W><W>I</W><W>went</W><W>over</W><W>my</W><W>meal</W><W>allowance</W><W>but</W><W>the</W><W>bacon</W><W>was</W><W>crisp</W><W>,</W><W>the</W><W>juice</W><W>was</W><W>freshly-squeezed</W><W>,</W><C><W>and</W></C><W>the</W><W>pastries</W><W>were</W><W>delicious</W><W>.</W></SENTENCE><SENTENCE><W>My</W><W>breakfast</W><W>was</W><W>promptly</W><C><W>and</W></C><W>courteously</W><W>served</W><C><W>and</W></C><W>most</W><W>definitely</W><W>enjoyed</W><W>.</W></SENTENCE></P><P></P><P><SENTENCE><W>Meeting</W><W>Facilities</W></SENTENCE></P><P></P><P><SENTENCE><W>The</W><W>hotel</W><C><cue ID="11" type="speculation"><W>can</W></cue></C><xcope ID="26"><ref ID="41" SRC="11"></ref><W>accommodate</W><W>several</W><W>fairly</W><W>large</W><W>meetings</W><W>in</W><W>the</W><W>banquet</W><W>area</W></xcope><W>.</W></SENTENCE><SENTENCE><W>Our</W><W>meeting</W><W>was</W><W>held</W><W>in</W><W>a</W><W>large</W><W>high-ceilinged</W><W>ballroom</W><W>,</W><W>with</W><W>lovely</W><W>chandeliers</W><W>throughout</W><W>the</W><W>room</W><W>.</W></SENTENCE></P><P></P><P><SENTENCE><W>The</W><W>wide</W><W>hallways</W><C><W>and</W></C><W>high</W><W>ceilings</W><W>were</W><W>excellent</W><W>for</W><W>people</W><W>milling</W><W>around</W><C><cue ID="12" type="negation"><W>without</W></cue></C><xcope ID="27"><ref ID="42" SRC="12"></ref><W>feeling</W><W>cramped</W></xcope><W>.</W></SENTENCE><SENTENCE><W>There</W><W>was</W><W>a</W><W>very</W><W>basic</W><W>lunch</W><W>served</W><W>as</W><W>part</W><W>of</W><W>the</W><W>meeting</W><W>(</W><W>cold</W><W>sandwiches</W><W>,</W><W>chips</W><W>,</W><C><W>and</W></C><W>drinks</W><W>)</W><W>.</W></SENTENCE></P><P></P><P><SENTENCE><W>As</W><W>each</W><W>of</W><W>the</W><W>participants</W><W>had</W><W>to</W><W>pay</W><W>the</W><W>cost</W><W>of</W><W>lunch</W><W>as</W><W>part</W><W>of</W><W>the</W><W>attendance</W><W>fee</W><W>,</W><W>they</W><W>had</W><W>chosen</W><W>one</W><W>of</W><W>the</W><W>more</W><W>economical</W><W>options</W><W>.</W></SENTENCE><SENTENCE><W>It</W><W>was</W><W>certainly</W><W>nothing</W><W>like</W><W>the</W><W>dinner</W><W>we</W><W>had</W><W>the</W><W>evening</W><W>before</W><W>.</W></SENTENCE></P><P></P><P><SENTENCE><W>As</W><W>soon</W><W>as</W><W>the</W><W>meeting</W><W>ended</W><W>,</W><W>I</W><cue ID="13" type="speculation"><C><W>could</W></C><W>n&#39;t</W></cue><xcope ID="28"><ref COMMENTS="" ID="43" SRC="13"></ref><W>wait</W><W>to</W><W>get</W><W>back</W><W>to</W><W>my</W><W>room</W></xcope><W>,</W><W>change</W><W>clothes</W><C><W>and</W></C><W>go</W><W>walk</W><W>around</W><W>the</W><W>Nob</W><W>Hill</W><W>area</W><W>a</W><W>bit</W><W>.</W></SENTENCE></P><P></P><P><SENTENCE><W>Very</W><W>Nice</W><W>Overall</W><W>Experience</W></SENTENCE></P><P></P><P><SENTENCE><W>I</W><W>had</W><C><cue ID="14" type="negation"><W>no</W></cue></C><xcope ID="29"><ref ID="44" SRC="14"></ref><W>complaints</W><W>at</W><W>all</W><W>about</W><W>the</W><W>Ritz-Carlton</W><W>during</W><W>my</W><W>stay</W></xcope><W>.</W></SENTENCE><SENTENCE><W>The</W><W>room</W><W>was</W><W>comfortable</W><W>with</W><W>everything</W><W>I</W><W>needed</W><W>,</W><W>the</W><W>food</W><W>was</W><W>good</W><W>,</W><C><W>and</W></C><W>the</W><W>service</W><W>prompt</W><C><W>and</W></C><W>polite</W><W>.</W></SENTENCE><SENTENCE><W>As</W><W>I</W><W>was</W><W>only</W><W>there</W><W>for</W><W>two</W><W>days</W><C><W>and</W></C><W>busy</W><W>with</W><W>a</W><W>conference</W><W>I</W><W>did</W><W>n&#39;t</W><W>get</W><W>to</W><W>check</W><W>out</W><W>all</W><W>the</W><W>available</W><W>facilities</W><W>at</W><W>the</W><W>hotel</W><W>but</W><W>everything</W><W>I</W><W>experienced</W><W>was</W><W>excellent</W><W>.</W></SENTENCE></P></DOCUMENT>
