<?xml version="1.0" encoding="UTF-8"?>
<DOCUMENT><P></P><P><SENTENCE><W>The</W><W>Ritz</W><W>Carlton</W><W>knows</W><W>how</W><W>to</W><W>make</W><W>you</W><C><W>feel</W></C><W>special</W><W>on</W><W>a</W><W>day</W><W>of</W><W>celebration</W><W>.</W></SENTENCE><SENTENCE><W>People</W><W>of</W><W>all</W><W>ages</W><W>were</W><W>in</W><W>the</W><W>tea</W><W>room</W><W>enjoying</W><W>an</W><W>afternoon</W><W>with</W><xcope ID="13"><ref ID="27" SRC="0"></ref><W>friends</W></xcope><C><cue ID="0" type="speculation"><W>or</W></cue></C><xcope ID="12"><ref ID="28" SRC="0"></ref><W>family</W></xcope><W>,</W><W>most</W><W>for</W><W>a</W><W>special</W><W>occasion</W><W>.</W></SENTENCE><SENTENCE><W>I</W><W>was</W><W>there</W><W>with</W><W>my</W><W>father</W><C><W>and</W></C><W>some</W><W>friends</W><W>,</W><W>celebrating</W><W>my</W><W>birthday</W><W>.</W></SENTENCE></P><P></P><P><SENTENCE><W>The</W><W>first</W><W>thing</W><W>that</W><W>struck</W><W>me</W><W>was</W><W>how</W><W>the</W><W>staff</W><W>made</W><W>their</W><W>clientele</W><C><W>feel</W></C><W>absolutely</W><W>regal</W><W>.</W></SENTENCE><SENTENCE><W>My</W><W>father</W><W>had</W><W>told</W><W>me</W><W>to</W><W>tell</W><W>them</W><W>that</W><W>I</W><W>was</W><W>there</W><W>to</W><W>meet</W><W>him</W><W>&#34;at</W><W>the</W><W>sofa</W><W>in</W><W>the</W><W>corner</W><W>.</W><W>&#34;</W></SENTENCE><SENTENCE><W>It</W><W>sounded</W><W>very</W><W>cryptic</W><W>,</W><W>but</W><W>as</W><W>soon</W><W>as</W><W>I</W><W>told</W><W>the</W><W>hostess</W><W>,</W><W>she</W><W>nodded</W><W>knowingly</W><W>as</W><C><cue ID="1" type="speculation"><W>if</W></cue></C><xcope ID="14"><ref ID="29" SRC="1"></ref><W>my</W><W>arrival</W><W>was</W><W>something</W><W>they</W><W>had</W><W>been</W><W>waiting</W><W>for</W><W>all</W><W>week</W></xcope><W>!</W></SENTENCE></P><P></P><P><SENTENCE><W>We</W><W>were</W><W>seated</W><C><W>and</W></C><W>our</W><W>other</W><W>guests</W><W>arrived</W><C><W>and</W></C><W>we</W><W>each</W><W>ordered</W><W>from</W><W>the</W><W>tea</W><W>menu</W><W>.</W></SENTENCE><SENTENCE><W>There</W><W>were</W><W>four</W><W>menus</W><W>to</W><W>choose</W><W>from</W><W>with</W><W>prices</W><W>ranging</W><W>from</W><W>$</W><W>21</W><W>for</W><W>the</W><W>smallest</W><W>tea</W><W>to</W><W>$</W><W>38</W><W>for</W><W>the</W><W>most</W><W>luxurious</W><W>.</W></SENTENCE></P><P></P><P><SENTENCE><W>Our</W><W>group</W><W>ordered</W><W>two</W><W>Full</W><W>Teas</W><W>,</W><W>a</W><W>Vegetarian</W><W>Tea</W><W>,</W><C><W>and</W></C><W>a</W><W>Royal</W><W>Tea</W><W>.</W></SENTENCE><SENTENCE><W>Beautiful</W><W>tea</W><W>sandwiches</W><W>came</W><W>in</W><W>a</W><W>lovely</W><W>assortment</W><W>of</W><W>Norwegian</W><W>Smoked</W><W>Salmon</W><W>with</W><W>Pickled</W><W>Onion</W><C><W>and</W></C><W>Caviar</W><W>,</W><W>Cucumber</W><W>,</W><W>Roquefort</W><C><W>and</W></C><W>Walnuts</W><W>,</W><W>Prosciutto</W><C><W>and</W></C><W>Asparagus</W><W>Tips</W><W>,</W><W>Egg</W><C><W>and</W></C><W>Chive</W><W>,</W><C><W>and</W></C><W>Tomato</W><C><W>and</W></C><W>Mozarella</W><W>on</W><W>Foccacia</W><W>.</W></SENTENCE><SENTENCE><W>In</W><W>addition</W><W>to</W><W>the</W><W>dainty</W><W>sandwiches</W><W>,</W><W>all</W><W>menus</W><W>offered</W><W>sophisticated</W><W>tea</W><W>cakes</W><W>,</W><W>madeleines</W><W>,</W><W>tartlettes</W><W>,</W><C><W>and</W></C><W>scones</W><W>,</W><W>with</W><W>a</W><W>delicious</W><W>lemon</W><W>curd</W><C><W>and</W></C><W>cream</W><W>.</W></SENTENCE><SENTENCE><W>The</W><W>Royal</W><W>Tea</W><W>included</W><W>a</W><W>champagne</W><W>cocktail</W><W>of</W><W>choice</W><C><W>and</W></C><W>a</W><W>bowl</W><W>of</W><W>fresh</W><W>strawberries</W><C><W>and</W></C><W>cream</W><W>.</W></SENTENCE></P><P></P><P><SENTENCE><W>The</W><W>menu</W><W>for</W><W>the</W><W>choices</W><W>of</W><W>hot</W><W>tea</W><W>was</W><W>two</W><W>pages</W><W>long</W><C><W>and</W></C><W>included</W><W>some</W><W>wonderful</W><W>blends</W><W>.</W></SENTENCE><SENTENCE><W>I</W><W>was</W><W>seduced</W><W>by</W><W>the</W><W>sound</W><W>of</W><W>China</W><W>Rose</W><W>tea</W><C><W>and</W></C><W>was</W><W>told</W><W>that</W><W>my</W><W>choice</W><W>is</W><W>the</W><W>most</W><W>popular</W><W>at</W><W>the</W><W>Ritz</W><W>Carlton</W><W>.</W></SENTENCE><SENTENCE><W>Others</W><W>in</W><W>my</W><W>party</W><W>chose</W><W>vanilla</W><W>,</W><W>which</W><W>smelled</W><W>divine</W><W>,</W><C><W>and</W></C><W>mint</W><W>.</W></SENTENCE><SENTENCE><C><cue ID="2" type="negation"><W>No</W></cue></C><xcope ID="15"><ref ID="30" SRC="2"></ref><W>one</W><W>was</W><W>disappointed</W><W>with</W><W>their</W><W>choice</W><W>of</W><W>tea</W></xcope><W>.</W></SENTENCE><SENTENCE><W>My</W><W>choice</W><W>was</W><W>soothing</W><C><W>and</W></C><W>indulgent</W><C><W>and</W></C><W>it</W><W>was</W><W>constantly</W><W>refilled</W><C><W>and</W></C><W>kept</W><W>warm</W><W>for</W><W>my</W><W>enjoyment</W><W>.</W></SENTENCE></P><P></P><P><SENTENCE><W>We</W><W>were</W><W>surprised</W><W>that</W><W>we</W><W>became</W><W>full</W><W>on</W><W>our</W><W>afternoon</W><W>tea</W><W>.</W></SENTENCE><SENTENCE><W>At</W><W>first</W><W>glance</W><W>of</W><W>the</W><W>tea</W><W>sandwiches</W><W>,</W><W>my</W><W>boyfriend</W><W>groaned</W><W>with</W><W>misery</W><W>at</W><W>the</W><C><W>thought</W></C><W>of</W><W>remaining</W><W>hungry</W><W>for</W><W>the</W><W>afternoon</W><W>,</W><W>but</W><W>by</W><W>the</W><W>time</W><W>we</W><W>were</W><W>finishing</W><W>off</W><W>the</W><W>pastries</W><W>,</W><W>he</W><W>was</W><W>refusing</W><W>another</W><W>bite</W><W>.</W></SENTENCE><SENTENCE><W>Everything</W><W>is</W><W>surprisingly</W><W>filling</W><C><W>and</W></C><C><cue ID="3" type="speculation"><W>can</W></cue></C><xcope ID="16"><ref ID="31" SRC="3"></ref><W>keep</W><W>you</W><W>appeased</W><W>until</W><W>a</W><W>late</W><W>dinner</W></xcope><W>.</W></SENTENCE><SENTENCE><W>Also</W><W>,</W><W>I</W><W>&#39;ve</W><W>been</W><W>told</W><W>that</W><W>people</W><W>are</W><W>welcome</W><W>to</W><W>request</W><W>additional</W><xcope ID="18"><ref ID="33" SRC="4"></ref><W>sandwiches</W></xcope><C><cue ID="4" type="speculation"><W>or</W></cue></C><xcope ID="17"><ref ID="32" SRC="4"></ref><W>pastries</W></xcope><W>,</W><W>but</W><W>I</W><cue ID="5" type="negation"><W>do</W><W>n&#39;t</W></cue><xcope ID="19"><ref COMMENTS="" ID="34" SRC="5"></ref><W>actually</W><W>know</W><W>of</W><W>anyone</W><W>who</W><W>has</W><W>ever</W><W>tried</W><W>that</W></xcope><W>.</W></SENTENCE><SENTENCE><W>Personally</W><W>,</W><W>I</W><W>&#39;d</W><C><W>feel</W></C><W>a</W><W>bit</W><W>sheepish</W><W>!</W></SENTENCE></P><P></P><P><SENTENCE><W>Service</W><W>was</W><W>almost</W><W>flawless</W><C><W>and</W></C><W>we</W><W>were</W><W>made</W><W>to</W><C><W>feel</W></C><W>like</W><W>royalty</W><W>.</W></SENTENCE><SENTENCE><W>It</W><W>was</W><W>a</W><W>wonderful</W><W>treat</W><W>for</W><W>my</W><W>birthday</W><W>celebration</W><W>.</W></SENTENCE><SENTENCE><W>I</W><W>was</W><W>presented</W><W>with</W><W>a</W><W>surprise</W><W>plate</W><W>of</W><W>strawberries</W><C><W>and</W></C><W>cream</W><W>with</W><W>candles</W><C><W>and</W></C><W>a</W><W>happy</W><W>birthday</W><W>message</W><W>drizzled</W><W>in</W><W>chocolate</W><W>on</W><W>the</W><W>edge</W><W>of</W><W>the</W><W>plate</W><W>.</W></SENTENCE><SENTENCE><W>It</W><W>was</W><W>a</W><W>wonderful</W><W>alternative</W><W>to</W><W>those</W><W>restaurants</W><W>where</W><W>the</W><W>waiters</W><W>embarrass</W><W>you</W><W>by</W><W>singing</W><W>a</W><W>birthday</W><W>song</W><C><W>and</W></C><W>clapping</W><W>in</W><W>your</W><W>face</W><W>.</W></SENTENCE><SENTENCE><W>My</W><W>surprise</W><W>dessert</W><W>at</W><W>the</W><W>Ritz</W><W>Carlton</W><W>was</W><W>wonderfully</W><W>subtle</W><C><W>and</W></C><W>allowed</W><W>the</W><W>moment</W><W>to</W><W>be</W><W>enjoyed</W><W>by</W><W>the</W><W>people</W><W>at</W><W>my</W><W>table</W><C><W>and</W></C><C><cue ID="6" type="negation"><W>not</W></cue></C><xcope ID="20"><ref ID="35" SRC="6"></ref><W>the</W><W>whole</W><W>room</W></xcope><W>!</W></SENTENCE><SENTENCE><W>The</W><W>one</W><W>drawback</W><W>was</W><W>that</W><W>they</W><W>accidentally</W><W>brought</W><W>this</W><W>surprise</W><W>to</W><W>me</W><W>while</W><W>my</W><W>boyfriend</W><W>was</W><W>in</W><W>the</W><W>bathroom</W><W>,</W><W>so</W><W>we</W><W>had</W><W>to</W><W>wait</W><W>for</W><W>him</W><W>to</W><W>return</W><W>with</W><W>the</W><W>candle</W><W>wax</W><W>spilling</W><W>all</W><W>over</W><W>the</W><W>cream</W><W>!</W></SENTENCE></P><P></P><P><SENTENCE><W>I</W><W>highly</W><W>recommend</W><xcope ID="24"><ref ID="36" SRC="7"></ref><W>an</W><W>afternoon</W><W>tea</W><W>for</W><W>a</W><W>nice</W><W>celebration</W></xcope><C><cue ID="7" type="speculation"><W>or</W></cue></C><xcope ID="25"><ref ID="37" SRC="7"></ref><W>just</W><W>for</W><W>taking</W><W>time</W><W>to</W><W>spend</W><W>a</W><W>leisurely</W><W>afternoon</W><W>with</W><W>someone</W></xcope><W>,</W><W>talking</W><C><W>and</W></C><W>indulging</W><W>.</W></SENTENCE><SENTENCE><W>I</W><W>look</W><W>forward</W><W>to</W><W>taking</W><W>tea</W><W>more</W><W>often</W><W>.</W></SENTENCE><SENTENCE><W>I</W><C><cue ID="8" type="speculation"><W>think</W></cue></C><xcope ID="23"><ref ID="40" SRC="8"></ref><W>trips</W><W>to</W><W>the</W><W>Ritz</W><W>Carlton</W><C><cue ID="9" type="speculation"><W>may</W></cue></C><xcope ID="22"><ref ID="39" SRC="9"></ref><C><cue ID="10" type="negation"><W>not</W></cue></C><xcope ID="21"><ref ID="38" SRC="10"></ref><W>be</W><W>in</W><W>my</W><W>regular</W><W>schedule</W></xcope></xcope></xcope><W>,</W><W>but</W><W>I</W><W>am</W><W>researching</W><W>slightly</W><W>less</W><W>expensive</W><W>places</W><W>to</W><W>take</W><W>tea</W><W>in</W><W>San</W><W>Francisco</W><W>.</W></SENTENCE><SENTENCE><W>Please</W><W>check</W><W>back</W><W>as</W><W>I</W><W>will</W><W>surely</W><W>be</W><W>reviewing</W><W>other</W><W>afternoon</W><W>teas</W><W>!</W></SENTENCE></P><P></P><P><SENTENCE><W>Update</W><C><W>May</W></C><W>18</W><W>,</W><W>2001</W><W>:</W><W>Took</W><W>another</W><W>afternoon</W><W>tea</W><W>with</W><W>Mom</W><W>for</W><W>Mother</W><W>&#39;s</W><W>Day</W><W>.</W></SENTENCE><SENTENCE><W>Lovely</W><W>service</W><W>as</W><W>the</W><W>first</W><W>time</W><W>,</W><W>tea</W><W>was</W><W>a</W><W>little</W><W>oversteeped</W><W>.</W></SENTENCE><SENTENCE><W>But</W><W>I</W><W>did</W><W>find</W><W>out</W><W>that</W><W>the</W><W>China</W><W>Rose</W><W>Petal</W><W>tea</W><W>that</W><W>I</W><W>love</W><W>is</W><W>made</W><W>by</W><W>Taylors</W><W>of</W><W>Harrogate</W><W>,</W><W>an</W><W>English</W><W>tea</W><W>company</W><W>.</W></SENTENCE><SENTENCE><W>I</W><W>found</W><W>that</W><W>you</W><C><cue ID="11" type="speculation"><W>can</W></cue></C><xcope ID="26"><ref COMMENTS="" ID="41" SRC="11"></ref><W>order</W><W>it</W><W>on</W><W>http</W><W>://www.virtualtea.com/</W></xcope></SENTENCE><SENTENCE><W>I</W><W>highly</W><W>recommend</W><W>this</W><W>tea</W><W>!</W></SENTENCE></P></DOCUMENT>
