<?xml version="1.0" encoding="UTF-8"?>
<DOCUMENT><P></P><P><SENTENCE><W>The</W><W>minute</W><W>that</W><W>I</W><W>pulled</W><W>up</W><W>to</W><W>this</W><W>hotel</W><W>,</W><W>I</W><W>was</W><W>awaited</W><W>by</W><W>the</W><W>bell</W><W>man</W><W>in</W><W>their</W><W>proper</W><W>blue</W><W>jackets</W><W>,</W><W>welcoming</W><W>us</W><W>to</W><W>one</W><W>of</W><W>the</W><W>greatest</W><W>cities</W><W>in</W><W>the</W><W>country</W><W>,</W><W>San</W><W>Francisco</W><W>.</W></SENTENCE><SENTENCE><W>This</W><W>was</W><W>my</W><W>first</W><W>time</W><W>here</W><W>,</W><C><W>and</W></C><W>I</W><W>knew</W><W>that</W><W>staying</W><W>at</W><W>the</W><W>Ritz</W><C><cue ID="0" type="negation"><W>would</W></cue></C><xcope ID="11"><ref ID="29" SRC="0"></ref><W>certainly</W><C><cue ID="1" type="negation"><W>not</W></cue></C><xcope ID="10"><ref ID="28" SRC="1"></ref><W>displease</W><W>me</W></xcope></xcope><W>,</W><W>but</W><W>the</W><W>overall</W><W>stay</W><W>was</W><W>much</W><W>better</W><W>than</W><W>what</W><W>I</W><W>imagined</W><W>.</W></SENTENCE><SENTENCE><W>There</W><W>was</W><W>so</W><W>much</W><W>to</W><W>do</W><W>just</W><W>inside</W><W>the</W><W>hotel</W><W>that</W><W>it</W><W>made</W><xcope ID="13"><ref COMMENTS="" ID="14" SRC="4"></ref><W>touring</W><W>the</W><W>city</W></xcope><C><cue ID="4" type="speculation"><W>seem</W></cue></C><xcope ID="12"><ref ID="27" SRC="4"></ref><W>boring</W></xcope><W>.</W></SENTENCE><SENTENCE><W>First</W><W>of</W><W>all</W><W>,</W><W>there</W><W>are</W><W>many</W><W>restaurants</W><W>located</W><W>throughout</W><W>the</W><W>large</W><W>hotel</W><W>.</W></SENTENCE><SENTENCE><W>Anything</W><W>from</W><W>the</W><W>garden</W><W>restaurant</W><W>,</W><W>to</W><W>the</W><W>little</W><W>lobby</W><W>restaurant</W><W>for</W><W>tea</W><C><W>and</W></C><W>cookies</W><W>,</W><W>to</W><W>the</W><W>award</W><W>winning</W><W>dining</W><W>room</W><W>,</W><W>voted</W><W>the</W><W>best</W><W>in</W><W>San</W><W>Francisco</W><W>.</W></SENTENCE><SENTENCE><W>Though</W><W>,</W><W>beware</W><W>,</W><W>look</W><W>at</W><W>the</W><W>prices</W><W>before</W><W>you</W><W>order</W><W>.</W></SENTENCE><SENTENCE><W>Nothing</W><W>here</W><W>is</W><W>cheap</W><W>,</W><W>but</W><W>there</W><W>is</W><C><cue ID="3" type="negation"><W>not</W></cue></C><xcope ID="13"><ref ID="26" SRC="3"></ref><W>doubt</W><W>that</W><W>it</W><W>is</W><W>worth</W><W>it</W></xcope><W>.</W></SENTENCE><SENTENCE><W>After</W><W>a</W><W>long</W><W>day</W><W>of</W><W>touring</W><W>the</W><W>city</W><W>,</W><W>why</W><C><cue ID="2" type="negation"><W>not</W></cue></C><xcope ID="14"><ref ID="25" SRC="2"></ref><W>go</W><W>for</W><W>a</W><W>swim</W><W>in</W><W>the</W><W>amazing</W><W>health</W><W>center</W></xcope><W>?</W></SENTENCE><SENTENCE><W>There</W><W>is</W><W>an</W><W>indoor</W><W>pool</W><W>,</W><W>masseuse</W><W>,</W><C><W>and</W></C><W>an</W><W>incredible</W><W>exercise</W><W>room</W><W>fitting</W><W>all</W><W>of</W><W>your</W><W>needs</W><W>.</W></SENTENCE><SENTENCE><W>Then</W><W>,</W><W>stop</W><W>by</W><W>the</W><W>concierge</W><W>to</W><W>get</W><W>a</W><W>recommendation</W><W>for</W><W>the</W><W>best</W><W>restaurants</W><W>in</W><W>town</W><W>,</W><C><cue ID="5" type="speculation"><W>if</W></cue></C><xcope ID="17"><ref ID="24" SRC="5"></ref><W>you</W><W>want</W><W>to</W><W>leave</W><W>the</W><W>hotel</W><W>of</W><W>course</W></xcope><W>.</W></SENTENCE><SENTENCE><C><cue ID="6" type="speculation"><W>If</W></cue></C><xcope ID="16"><ref ID="23" SRC="6"></ref><W>you</W><W>are</W><C><cue ID="7" type="negation"><W>not</W></cue></C><xcope ID="15"><ref ID="22" SRC="7"></ref><W>in</W><W>the</W><W>mood</W><W>to</W><W>leave</W><W>your</W><W>room</W></xcope></xcope><W>,</W><W>there</W><W>are</W><W>many</W><W>hit</W><W>movies</W><W>to</W><W>choose</W><W>from</W><W>,</W><C><W>and</W></C><W>room</W><W>service</W><W>is</W><W>exquisite</W><W>.</W></SENTENCE><SENTENCE><W>Anything</W><W>from</W><W>a</W><W>business</W><W>trip</W><W>to</W><W>a</W><W>family</W><W>vacation</W><W>,</W><W>The</W><W>Ritz</W><C><cue ID="8" type="speculation"><W>can</W></cue></C><xcope ID="18"><ref ID="21" SRC="8"></ref><W>make</W><W>anyone</W><C><W>feel</W></C><W>satisfied</W></xcope><W>.</W></SENTENCE><SENTENCE><W>This</W><W>hotel</W><W>has</W><W>modern</W><W>amenities</W><W>,</W><W>but</W><W>still</W><W>keeps</W><W>the</W><W>charm</W><C><W>and</W></C><W>luxury</W><W>of</W><W>historical</W><W>San</W><W>Francisco</W><W>.</W></SENTENCE><SENTENCE><W>This</W><W>is</W><W>certainly</W><W>an</W><W>extraordinary</W><W>hotel</W><W>which</W><C><cue ID="9" type="speculation"><W>would</W></cue></C><xcope ID="19"><ref ID="20" SRC="9"></ref><W>make</W><W>any</W><W>stay</W><W>in</W><W>San</W><W>Francisco</W><W>an</W><W>amazing</W><W>one</W></xcope><W>.</W></SENTENCE></P></DOCUMENT>
