<?xml version="1.0" encoding="UTF-8"?>
<DOCUMENT><P></P><P><SENTENCE><W>On</W><W>our</W><W>last</W><W>trip</W><W>to</W><W>Hawaii</W><W>my</W><W>husband</W><C><W>and</W></C><W>I</W><W>cashed</W><W>in</W><W>our</W><W>frequent</W><W>flier</W><W>miles</W><W>with</W><W>American</W><W>Airlines</W><W>for</W><W>free</W><W>airfare</W><W>.</W></SENTENCE><SENTENCE><W>As</W><W>an</W><W>added</W><W>bonus</W><W>,</W><W>we</W><W>were</W><W>given</W><W>50</W><W>%</W><W>off</W><W>discount</W><W>certificates</W><W>for</W><W>certain</W><W>hotels</W><W>on</W><W>the</W><W>various</W><W>islands</W><W>.</W></SENTENCE><SENTENCE><W>We</W><W>decided</W><W>to</W><W>take</W><W>advantage</W><W>of</W><W>these</W><W>certificates</W><W>while</W><W>on</W><W>the</W><W>island</W><W>of</W><W>Kauai</W><W>.</W></SENTENCE></P><P></P><P><SENTENCE><W>While</W><W>on</W><W>Kauai</W><W>,</W><W>we</W><W>stayed</W><W>at</W><W>the</W><W>Hyatt</W><W>Regency</W><C><W>and</W></C><W>are</W><W>so</W><W>glad</W><W>that</W><W>we</W><W>did</W><W>.</W></SENTENCE><SENTENCE><W>We</W><C><cue ID="0" type="speculation"><W>would</W></cue></C><xcope ID="10"><ref ID="12" SRC="0"></ref><C><cue ID="1" type="negation"><W>never</W></cue></C><xcope ID="9"><ref ID="11" SRC="1"></ref><W>have</W><W>spent</W><W>the</W><W>$</W><W>350</W><W>a</W><W>night</W><W>room</W><W>rate</W></xcope></xcope><W>,</W><W>especially</W><W>for</W><W>a</W><W>one</W><W>week</W><W>stay</W><W>,</W><W>but</W><W>using</W><W>the</W><W>discount</W><W>certificates</W><W>brought</W><W>the</W><W>rate</W><W>down</W><W>to</W><W>a</W><W>more</W><W>affordable</W><W>$</W><W>175</W><W>a</W><W>night</W><W>which</W><W>was</W><W>within</W><W>our</W><W>hotel</W><W>budget</W><W>for</W><W>that</W><W>island</W><W>.</W></SENTENCE></P><P></P><P><SENTENCE><W>The</W><W>first</W><W>thing</W><W>you</W><W>will</W><W>notice</W><W>about</W><W>this</W><W>hotel</W><W>is</W><W>its</W><W>open</W><W>space</W><W>design</W><W>.</W></SENTENCE><SENTENCE><W>Both</W><W>the</W><W>lobby</W><C><W>and</W></C><W>all</W><W>hallways</W><W>to</W><W>the</W><W>rooms</W><W>were</W><W>open</W><W>to</W><W>the</W><W>gorgeous</W><W>Hawaiian</W><W>weather</W><W>.</W></SENTENCE><SENTENCE><W>The</W><W>lobby</W><W>is</W><W>adorned</W><W>with</W><W>lush</W><W>gardens</W><W>filled</W><W>with</W><W>colorful</W><W>tropical</W><W>plants</W><C><W>and</W></C><W>flowers</W><W>.</W></SENTENCE><SENTENCE><W>Alongside</W><W>the</W><W>gardens</W><W>are</W><W>beautiful</W><W>tropical</W><W>birds</W><W>,</W><W>some</W><W>in</W><W>cages</W><W>some</W><W>sitting</W><W>on</W><W>perches</W><W>.</W></SENTENCE><SENTENCE><W>What</W><W>a</W><W>relaxing</W><W>atmosphere</W><W>.</W></SENTENCE><SENTENCE><W>I</W><W>was</W><W>able</W><W>to</W><W>spend</W><W>some</W><W>time</W><W>sitting</W><W>on</W><W>the</W><W>comfortable</W><W>benches</W><W>just</W><W>enjoying</W><W>the</W><W>scenery</W><W>each</W><W>morning</W><W>.</W></SENTENCE></P><P></P><P><SENTENCE><W>The</W><W>rooms</W><W>are</W><W>spacious</W><W>.</W></SENTENCE><SENTENCE><W>You</W><W>do</W><C><cue ID="2" type="negation"><W>not</W></cue></C><xcope ID="8"><ref ID="13" SRC="2"></ref><W>get</W><W>that</W><W>cramped</W><W>feeling</W><W>I</W><W>have</W><W>experienced</W><W>in</W><W>many</W><W>hotel</W><W>rooms</W></xcope><W>.</W></SENTENCE><SENTENCE><W>In</W><W>addition</W><W>to</W><W>the</W><W>bed</W><W>were</W><W>two</W><W>comfortable</W><W>chairs</W><W>,</W><C><W>and</W></C><W>dresser/entertainment</W><W>unit</W><C><W>and</W></C><W>two</W><W>nightstands</W><W>.</W></SENTENCE><SENTENCE><W>The</W><W>bathroom</W><W>had</W><W>a</W><W>shower/tub</W><W>combination</W><W>and</W><W>a</W><W>marble</W><W>topped</W><W>double</W><W>basin</W><W>vanity</W><W>area</W><W>(</W><W>that</W><W>is</W><W>great</W><W>for</W><W>when</W><W>two</W><W>people</W><W>are</W><W>trying</W><W>to</W><W>get</W><W>ready</W><W>at</W><W>the</W><W>same</W><W>time</W><W>)</W><W>.</W></SENTENCE><SENTENCE><W>I</W><W>liked</W><W>that</W><W>there</W><W>are</W><W>shelves</W><W>on</W><W>each</W><W>side</W><W>of</W><W>the</W><W>vanity</W><W>area</W><W>for</W><W>each</W><W>persons</W><W>personal</W><W>items</W><W>.</W></SENTENCE><SENTENCE><W>I</W><W>helped</W><W>to</W><W>keep</W><W>the</W><W>bathroom</W><W>looking</W><W>neater</W><W>.</W></SENTENCE><SENTENCE><W>There</W><W>was</W><W>also</W><W>a</W><W>separate</W><W>area</W><W>for</W><W>the</W><W>toilet</W><W>with</W><W>its</W><W>own</W><W>door</W><W>,</W><W>allowing</W><W>for</W><W>privacy</W><W>while</W><W>your</W><W>partner</W><W>is</W><xcope ID="7"><ref ID="15" SRC="3"></ref><W>showering</W></xcope><C><cue ID="3" type="speculation"><W>or</W></cue></C><xcope ID="6"><ref ID="14" SRC="3"></ref><W>getting</W><W>ready</W></xcope><W>.</W></SENTENCE></P><P></P><P><SENTENCE><W>The</W><W>resort</W><W>area</W><W>of</W><W>the</W><W>hotel</W><W>is</W><W>equally</W><W>incredible</W><W>.</W></SENTENCE><SENTENCE><W>There</W><W>is</W><W>an</W><W>adult</W><W>pool</W><W>,</W><W>a</W><W>pool</W><W>with</W><W>a</W><W>waterslide</W><W>as</W><W>well</W><W>as</W><W>several</W><W>hot</W><W>tubs</W><W>nestled</W><W>between</W><W>the</W><W>waterfalls</W><C><W>and</W></C><W>tropical</W><W>foliage</W><W>.</W></SENTENCE><SENTENCE><W>While</W><W>these</W><W>are</W><W>beautiful</W><W>themselves</W><W>,</W><W>I</W><W>was</W><W>highly</W><W>impressed</W><W>with</W><W>the</W><W>vast</W><W>saltwater</W><W>lagoon</W><W>that</W><W>is</W><W>sprinkled</W><W>with</W><W>several</W><W>small</W><W>&#34;islands</W><W>&#34;</W><W>with</W><W>their</W><W>own</W><W>hammocks</W><W>swaying</W><W>between</W><W>palm</W><W>trees</W><W>.</W></SENTENCE></P><P></P><P><SENTENCE><W>We</W><W>ate</W><W>at</W><W>the</W><W>&#34;</W><W>Tidepools</W><W>&#34;</W><W>restaurant</W><W>on</W><W>the</W><W>hotel</W><W>property</W><W>.</W></SENTENCE><SENTENCE><W>The</W><W>restaurants</W><W>atmosphere</W><W>was</W><W>extremely</W><W>romantic</W><W>.</W></SENTENCE><SENTENCE><W>We</W><W>were</W><W>seated</W><W>in</W><W>a</W><W>gazebo</W><W>like</W><W>structure</W><W>,</W><W>sitting</W><W>in</W><W>the</W><W>middle</W><W>of</W><W>a</W><W>pond</W><W>complete</W><W>with</W><W>Koi</W><W>fish</W><W>.</W></SENTENCE><SENTENCE><W>The</W><W>waiter</W><C><W>suggested</W></C><W>the</W><W>grilled</W><W>seafood</W><W>platter</W><W>.</W></SENTENCE><SENTENCE><W>Our</W><W>tastebuds</W><W>were</W><W>delighted</W><W>with</W><W>the</W><W>luscious</W><W>flavors</W><W>of</W><W>freshly</W><W>grilled</W><W>shrimp</W><C><W>and</W></C><W>lobster</W><W>complimented</W><W>by</W><W>a</W><W>tropical</W><W>fruit</W><W>salsa</W><W>.</W></SENTENCE><SENTENCE><W>The</W><W>waiter</W><W>did</W><W>great</W><W>with</W><W>his</W><C><W>suggestion</W></C><W>to</W><W>order</W><W>that</W><W>night</W><W>&#39;s</W><W>special</W><W>.</W></SENTENCE></P><P></P><P><SENTENCE><C><cue ID="4" type="speculation"><W>If</W></cue></C><xcope ID="5"><ref COMMENTS="" ID="16" SRC="4"></ref><W>you</W><W>are</W><W>ever</W><W>fortunate</W><W>enough</W><W>to</W><W>visit</W><W>the</W><W>beautiful</W><W>island</W><W>of</W><W>Kauai</W></xcope><W>,</W><W>try</W><W>to</W><W>stay</W><W>at</W><W>the</W><W>Hyatt</W><W>Regency</W><W>,</W><W>you</W><W>wo</W><W>n&#39;t</W><W>be</W><W>disappointed</W><W>.</W></SENTENCE></P></DOCUMENT>
