<?xml version="1.0" encoding="UTF-8"?>
<DOCUMENT><P></P><P><SENTENCE><W>Plot</W><W>Details</W><W>:</W><W>This</W><W>opinion</W><W>reveals</W><W>minor</W><W>details</W><W>about</W><W>the</W><W>movie</W><W>&#39;</W><W>&#39;s</W><W>plot</W><W>.</W></SENTENCE></P><P></P><P><SENTENCE><W>Please</W><W>note</W><W>that</W><W>I</W><W>do</W><cue ID="0" type="negation"><W>not</W></cue><xcope ID="2"><ref ID="4" SRC="0"></ref><W>regularly</W><W>have</W><W>my</W><W>girlfriend</W><W>shove</W><W>crutches</W><W>up</W><W>my</W><W>a*s</W></xcope><W>.</W></SENTENCE><SENTENCE><W>This</W><W>refers</W><W>to</W><W>an</W><W>isolated</W><W>incident</W><W>of</W><W>about</W><W>3</W><W>years</W><W>ago</W><W>of</W><W>joking</W><W>around</W><W>with</W><W>her</W><W>and</W><W>a</W><W>mutual</W><W>friend</W><W>where</W><W>they</W><W>basically</W><W>poked</W><W>at</W><W>my</W><W>(</W><W>clothed</W><W>)</W><W>butt</W><W>with</W><W>a</W><W>crutch</W><W>.</W></SENTENCE><SENTENCE><W>They</W><W>ended</W><W>up</W><W>hitting</W><W>me</W><W>in</W><W>the</W><W>nuts</W><W>,</W><W>which</W><W>,</W><W>to</W><W>say</W><W>the</W><W>least</W><W>,</W><W>was</W><cue ID="1" type="speculation"><W>probably</W></cue><xcope ID="3"><ref ID="5" SRC="1"></ref><W>better</W><W>than</W><W>what</W><W>the</W><W>director</W><W>of</W><W>this</W><W>film</W><W>did</W><W>to</W><W>the</W><W>memory</W><W>of</W><W>Dr.Seuss</W></xcope><W>.</W></SENTENCE></P><P></P><P><SENTENCE><W>Tonight</W><W>,</W><W>I</W><W>feel</W><W>violated</W><W>.</W></SENTENCE><SENTENCE><W>Yes</W><W>,</W><W>even</W><W>more</W><W>violated</W><W>than</W><W>the</W><W>incident</W><W>above</W><W>made</W><W>me</W><W>feel</W><W>.</W></SENTENCE><SENTENCE><W>And</W><W>I</W><W>feel</W><W>more</W><W>violated</W><W>for</W><W>one</W><W>simple</W><W>reason</W><W>above</W><W>all</W><W>:</W><W>I</W><W>paid</W><W>to</W><W>be</W><W>violated</W><W>tonight</W><W>.</W></SENTENCE><SENTENCE><W>I</W><W>paid</W><W>to</W><W>be</W><W>violated</W><W>by</W><W>Mike</W><W>Myers</W><W>,</W><W>Bo</W><W>Welch</W><W>(</W><W>director</W><W>)</W><W>,</W><W>and</W><W>Alec</W><W>Berg</W><W>,</W><W>David</W><W>Mandel</W><W>,</W><W>and</W><W>Jeff</W><W>Schaffer</W><W>(</W><W>the</W><W>writers</W><W>)</W><W>.</W></SENTENCE><SENTENCE><W>I</W><W>paid</W><W>to</W><W>see</W><W>one</W><W>of</W><W>my</W><W>most</W><W>cherished</W><W>childhood</W><W>authors</W><W>,</W><W>Dr.Seuss</W><W>,</W><W>be</W><W>violated</W><W>in</W><W>the</W><W>most</W><W>basic</W><W>sense</W><W>of</W><W>the</W><W>term</W><W>.</W></SENTENCE></P><P></P><P><SENTENCE><W>I</W><W>had</W><W>such</W><W>high</W><W>hopes</W><W>for</W><W>this</W><W>flick</W><W>(</W><W>calling</W><W>this</W><W>a</W><W>&#39;film</W><W>&#39;</W><cue ID="6" type="speculation"><W>would</W></cue><xcope ID="10"><ref ID="14" SRC="6"></ref><W>be</W><W>an</W><W>insult</W><W>to</W><W>true</W><W>&#39;films</W></xcope><W>&#39;</W><W>)</W><W>,</W><W>and</W><W>I</W><W>honestly</W><cue ID="66" type="speculation"><W>thought</W></cue><xcope ID="69"><ref COMMENTS="" ID="70" SRC="66"></ref><W>that</W><W>Myers</W><cue ID="7" type="speculation"><W>would</W></cue><xcope ID="11"><ref ID="69" SRC="66"></ref><W>be</W><W>able</W><W>to</W><W>bring</W><W>a</W><W>spastic</W></xcope></xcope><W>,</W><cue ID="64" type="speculation"><W>if</W></cue><xcope ID="65"><ref ID="66" SRC="64"></ref><W>childlike</W><W>charm</W></xcope><W>,</W><W>to</W><W>the</W><W>role</W><W>of</W><W>The</W><W>Cat</W><W>.</W></SENTENCE><SENTENCE><W>But</W><W>there</W><W>is</W><W>nothing</W><W>charming</W><W>about</W><W>Myers</W><W>or</W><W>his</W><W>Cat</W><W>,</W><W>or</W><W>this</W><W>abomination</W><W>they</W><W>dare</W><W>to</W><W>put</W><W>Dr.</W><W>Seuss</W><W>&#39;</W><W>name</W><W>on</W><W>.</W></SENTENCE><SENTENCE><W>Sure</W><W>,</W><W>it</W><W>&#39;s</W><W>all</W><W>based</W><W>on</W><W>characters</W><W>created</W><W>by</W><W>the</W><W>good</W><W>doctor</W><W>years</W><W>ago</W><W>,</W><W>but</W><W>it</W><W>all</W><W>feels</W><W>like</W><W>one</W><W>big</W><W>bathroom</W><W>joke</W><W>that</W><cue ID="8" type="negation"><W>is</W><W>n&#39;t</W></cue><xcope ID="12"><ref ID="16" SRC="8"></ref><W>funny</W></xcope><W>in</W><W>the</W><W>very</W><W>least</W><W>.</W></SENTENCE><SENTENCE><W>Hell</W><W>,</W><W>I</W><cue ID="9" type="speculation"><W>might</W></cue><xcope ID="13"><ref ID="17" SRC="9"></ref><W>&#39;ve</W><W>laughed</W><W>more</W><W>the</W><W>one</W><W>time</W></xcope><W>I</W><W>was</W><W>forced</W><W>to</W><W>sit</W><W>through</W><W>Biodome</W><W>than</W><W>I</W><W>laughed</W><W>at</W><W>this</W><W>garbage</W><W>.</W></SENTENCE></P><P></P><P><SENTENCE><W>The</W><W>plot</W><W>,</W><W>if</W><W>one</W><cue ID="18" type="speculation"><W>can</W></cue><xcope ID="22"><ref ID="26" SRC="18"></ref><W>call</W><W>it</W><W>that</W></xcope><W>,</W><W>revolves</W><W>around</W><W>a</W><W>pair</W><W>of</W><W>children</W><W>,</W><W>Conrad</W><W>(</W><W>Spencer</W><W>Breslin</W><W>)</W><W>and</W><W>Sally</W><W>(</W><W>Dakota</W><W>Fanning</W><W>)</W><W>who</W><W>are</W><W>as</W><W>opposite</W><W>as</W><W>opposite</W><cue ID="19" type="speculation"><W>can</W></cue><W>get</W><W>.</W></SENTENCE><SENTENCE><W>Conrad</W><W>is</W><W>a</W><W>little</W><W>hell</W><W>raiser</W><W>,</W><W>while</W><W>Sally</W><W>is</W><W>the</W><W>goody</W><W>two</W><W>shoes</W><W>who</W><W>mommy</W><W>(</W><W>Joan</W><W>,</W><W>played</W><W>by</W><W>Kelly</W><W>Preston</W><W>)</W><W>adores</W><W>.</W></SENTENCE><SENTENCE><W>Alec</W><W>Baldwin</W><W>plays</W><W>a</W><W>seedy</W><W>next</W><W>door</W><W>neighbor</W><W>who</W><W>is</W><W>dating</W><W>Joan</W><W>,</W><W>and</W><W>whose</W><W>one</W><W>goal</W><W>in</W><W>life</W><W>is</W><cue ID="20" type="speculation"><W>seemingly</W></cue><xcope ID="24"><ref ID="27" SRC="20"></ref><W>to</W><W>be</W><W>as</W><W>disgusting</W><W>as</W><W>possible</W></xcope><W>while</W><W>making</W><W>sure</W><W>Conrad</W><W>gets</W><W>shipped</W><W>off</W><W>to</W><W>military</W><W>school</W><W>so</W><W>he</W><W>can</W><W>move</W><W>in</W><W>.</W></SENTENCE></P><P></P><P><SENTENCE><W>As</W><W>mom</W><W>plans</W><W>to</W><W>host</W><W>a</W><W>big</W><W>party</W><W>at</W><W>home</W><W>for</W><W>her</W><W>obsessive</W><W>compulsive</W><W>neat</W><W>freak</W><W>boss</W><W>(</W><W>Mr.</W><W>Humberfloob</W><W>,</W><W>played</W><W>by</W><W>Sean</W><W>Hayes</W><W>)</W><W>,</W><W>the</W><W>kids</W><W>are</W><W>told</W><cue ID="21" type="negation"><W>not</W></cue><xcope ID="25"><ref ID="28" SRC="21"></ref><W>to</W><cue ID="32" type="negation"><W>ruin</W></cue><W>the</W><W>house</W></xcope><W>,</W><W>and</W><W>are</W><W>left</W><W>with</W><W>a</W><W>noodling</W><W>,</W><W>overweight</W><W>babysitter</W><W>who</W><W>falls</W><W>asleep</W><W>faster</W><W>than</W><W>Granpa</W><W>does</W><W>on</W><W>The</W><W>Simpsons</W><W>.</W></SENTENCE><SENTENCE><W>Enter</W><W>the</W><W>Cat</W><W>,</W><W>who</W><W>helps</W><W>to</W><W>ruin</W><W>the</W><W>house</W><W>,</W><W>anger</W><W>the</W><W>kids</W><W>,</W><W>and</W><W>pull</W><W>so</W><W>many</W><W>shenanigans</W><W>in</W><W>one</W><W>day</W><W>your</W><W>head</W><W>will</W><W>spin...or</W><W>hurt</W><W>.</W></SENTENCE></P><P></P><P><SENTENCE><W>While</W><W>the</W><W>last</W><W>Dr.</W></SENTENCE><SENTENCE><W>Seuss</W><W>big</W><W>screen</W><W>adaptation</W><cue ID="29" type="negation"><W>was</W><W>n&#39;t</W></cue><xcope ID="35"><ref ID="38" SRC="29"></ref><W>anything</W><W>all</W><W>that</W><W>hot</W><W>either</W></xcope><W>(</W><W>The</W><W>Grinch</W><W>)</W><W>,</W><W>at</W><W>least</W><W>it</W><cue ID="30" type="speculation"><W>felt</W><W>like</W></cue><xcope ID="36"><ref ID="39" SRC="30"></ref><W>it</W><W>had</W><W>some</W><W>of</W><W>that</W><W>Dr.</W><W>Seuss</W><W>heart</W><W>to</W><W>it</W></xcope><W>,</W><W>and</W><W>Jim</W><W>Carrey</W><W>at</W><W>least</W><W>brought</W><W>something</W><W>to</W><W>the</W><W>role</W><W>that</W><W>so</W><W>many</W><W>thought</W><W>he</W><cue ID="34" type="negation"><W>did</W><W>n&#39;t</W></cue><xcope ID="37"><ref ID="40" SRC="34"></ref><W>belong</W><W>in</W></xcope><W>.</W></SENTENCE></P><P></P><P><SENTENCE><W>This</W><W>however</W><W>,</W><cue ID="41" type="negation"><W>does</W><W>n&#39;t</W></cue><xcope ID="45"><ref ID="49" SRC="41"></ref><W>work</W><W>in</W><W>the</W><W>least</W></xcope><W>.</W></SENTENCE><SENTENCE><W>Myers</W><W>spends</W><W>the</W><W>whole</W><W>movie</W><W>acting</W><W>as</W><W>if</W><W>he</W><W>had</W><W>6</W><W>too</W><W>many</W><W>Jolt</W><W>colas</W><W>,</W><W>and</W><W>when</W><W>he</W><cue ID="42" type="negation"><W>is</W><W>n&#39;t</W></cue><xcope ID="46"><ref ID="50" SRC="42"></ref><W>completely</W><W>aping</W><W>one</W><W>of</W><W>his</W><W>better</W><W>known</W><W>characters</W></xcope><W>(</W><W>i</W><W>.e</W><W>.</W></SENTENCE><SENTENCE><W>Fat</W><W>Bastard</W><W>from</W><W>the</W><W>Austin</W><W>Powers</W><W>series</W><W>)</W><W>,</W><W>his</W><W>main</W><W>Cat</W><W>voice</W><W>sounds</W><W>like</W><W>a</W><W>mix</W><W>of</W><W>Powers</W><W>and</W><W>his</W><W>SNL</W><W>alter-ego</W><W>Linda</W><W>Richman</W><W>.</W></SENTENCE><SENTENCE><W>It</W><W>&#39;s</W><W>f*cking</W><W>embarrassing</W><W>and</W><cue ID="43" type="negation"><W>not</W></cue><xcope ID="47"><ref ID="51" SRC="43"></ref><W>the</W><W>least</W><W>bit</W><W>funny</W></xcope><W>.</W></SENTENCE><SENTENCE><W>In</W><W>fact</W><W>,</W><W>I</W><W>found</W><W>it</W><W>rather</W><W>irritating</W><W>and</W><W>about</W><W>20</W><W>minutes</W><W>after</W><W>his</W><W>first</W><W>appearance</W><W>,</W><W>I</W><W>suddenly</W><W>longed</W><W>to</W><W>be</W><W>in</W><W>any</W><W>other</W><W>theatre</W><W>,</W><W>even</W><cue ID="71" type="speculation"><W>if</W></cue><xcope ID="72"><ref COMMENTS="" ID="73" SRC="71"></ref><W>it</W><cue ID="44" type="speculation"><W>would</W></cue><xcope ID="48"><ref ID="52" SRC="44"></ref><W>have</W><W>meant</W><W>seeing</W><W>the</W><W>biggest</W><W>chick</W><W>flick</W><W>of</W><W>all</W><W>time</W></xcope></xcope><W>.</W></SENTENCE></P><P></P><P><SENTENCE><W>The</W><W>so-called</W><W>&#39;humor</W><W>,</W><W>&#39;</W><W>as</W><W>mentioned</W><W>above</W><W>,</W><W>is</W><W>so</W><W>pandering</W><W>,</W><W>so</W><W>foul</W><W>,</W><W>and</W><W>so</W><W>UN-SEUSS</W><W>,</W><W>that</W><W>you</W><W>&#39;ll</W><W>wonder</W><W>how</W><W>in</W><W>the</W><W>world</W><W>this</W><W>ever</W><W>got</W><W>the</W><W>OK</W><W>from</W><W>good</W><W>old</W><W>Ted</W><W>&#39;s</W><W>estate</W><W>(</W><W>Evidently</W><W>a</W><W>few</W><W>million</W><W>bucks</W><W>is</W><W>worth</W><W>the</W><W>price</W><W>of</W><W>a</W><W>man</W><W>&#39;s</W><W>legacy</W><W>)</W><W>.</W></SENTENCE></P><P></P><P><SENTENCE><W>If</W><W>there</W><W>is</W><W>one</W><W>good</W><W>thing</W><W>about</W><W>this</W><W>movie</W><W>,</W><W>it</W><W>is</W><W>that</W><W>Seuss</W><W>&#39;</W><W>legacy</W><W>lives</W><W>on</W><W>in</W><W>the</W><W>imaginative</W><W>,</W><W>bright</W><W>,</W><W>and</W><W>colorful</W><W>sets</W><W>,</W><W>backgrounds</W><W>,</W><W>and</W><W>costumes</W><W>(</W><W>Myers</W><W>&#39;</W><W>Cat</W><W>suit</W><W>aside</W><W>)</W><W>.</W></SENTENCE><SENTENCE><W>This</W><W>,</W><W>along</W><W>with</W><W>the</W><W>two</W><W>kids</W><W>&#39;</W><W>performances</W><W>,</W><W>are</W><W>the</W><W>only</W><W>things</W><W>worthwhile</W><W>about</W><W>this</W><W>movie</W><W>,</W><W>and</W><W>trust</W><W>me</W><W>,</W><W>they</W><cue ID="53" type="negation"><W>are</W><W>n&#39;t</W></cue><xcope ID="54"><ref ID="55" SRC="53"></ref><W>even</W><W>worth</W><W>the</W><W>price</W><W>of</W><W>a</W><W>RENTAL</W></xcope><W>,</W><W>nevermind</W><W>a</W><W>full</W><W>price</W><W>ticket</W><W>to</W><W>a</W><W>theatre</W><W>.</W></SENTENCE></P><P></P><P><SENTENCE><W>I</W><W>hope</W><W>Mike</W><W>Myers</W><W>is</W><W>happy</W><W>with</W><W>this</W><W>gigantic</W><W>piece</W><W>of</W><W>donkey</W><W>crud</W><W>he</W><W>dared</W><W>to</W><W>make</W><W>.</W></SENTENCE><SENTENCE><W>I</W><W>hope</W><W>that</W><W>Bo</W><W>Welch</W><W>gets</W><W>run</W><W>out</W><W>of</W><W>Hollywood</W><W>for</W><W>this</W><W>.</W></SENTENCE><SENTENCE><W>And</W><W>I</W><W>hope</W><W>whoever</W><W>it</W><W>is</W><W>that</W><W>takes</W><W>care</W><W>of</W><W>Dr.Seuss</W><W>&#39;</W><W>estate</W><W>and</W><W>actually</W><W>approved</W><W>this</W><W>movie</W><W>being</W><W>made</W><W>and</W><W>released</W><W>ends</W><W>up</W><W>in</W><W>the</W><W>fiery</W><W>depths</W><W>of</W><W>hell</W><W>.</W></SENTENCE></P><P></P><P><SENTENCE><W>I</W><cue ID="56" type="negation"><W>did</W><W>n&#39;t</W></cue><xcope ID="77"><ref COMMENTS="" ID="78" SRC="56"></ref><cue ID="74" type="speculation"><W>think</W></cue><xcope ID="75"><ref COMMENTS="" ID="76" SRC="74"></ref><W>it</W><cue ID="57" type="speculation"><W>would</W></cue><xcope ID="61"><ref ID="65" SRC="57"></ref><W>be</W><W>possible</W><W>for</W><W>anyone</W><W>to</W><W>rip</W><W>the</W><W>heart</W><W>out</W><W>of</W><W>a</W><W>Dr.</W><W>Seuss</W><W>book</W></xcope></xcope></xcope><W>...and</W><W>just</W><W>when</W><W>you</W><cue ID="58" type="negation"><W>did</W><W>n&#39;t</W></cue><xcope ID="62"><ref ID="66" SRC="58"></ref><W>think</W><W>it</W><W>was</W><W>possible</W></xcope><W>,</W><W>along</W><W>came</W><W>Hollywood</W><W>.</W></SENTENCE><SENTENCE><W>Yeah</W><W>folks</W><W>,</W><W>I</W><W>feel</W><W>violated</W><W>.</W></SENTENCE><SENTENCE><cue ID="59" type="negation"><W>Do</W><W>n&#39;t</W></cue><xcope ID="63"><ref ID="67" SRC="59"></ref><W>let</W><W>this</W><W>happen</W><W>to</W><W>you</W></xcope><W>.</W></SENTENCE><SENTENCE><W>Just</W><W>go</W><W>see</W><W>Elf</W><W>with</W><W>Will</W><W>Ferrell</W><W>instead</W><W>.</W></SENTENCE></P></DOCUMENT>
