<?xml version="1.0" encoding="UTF-8"?>
<DOCUMENT><P></P><P><SENTENCE><W>Synopsis</W><W>:</W><W>Sally</W><W>and</W><W>Conrad</W><W>learn</W><W>to</W><W>set</W><W>limits</W><W>on</W><W>their</W><W>misadventure</W><W>,</W><W>with</W><W>a</W><W>little</W><W>help</W><W>from</W><W>Dr</W><W>Seuss</W><W>&#39;</W><W>(</W><W>Theodor</W><W>S.</W><W>Geisel</W><W>)</W><W>Cat</W><W>in</W><W>the</W><W>Hat</W><W>(</W><W>1957</W><W>)</W><W>.</W></SENTENCE></P><P></P><P><SENTENCE><W>Analysis</W><W>:</W><W>There</W><cue ID="117" type="speculation"><W>may</W></cue><xcope ID="118"><ref COMMENTS="" ID="120" SRC="117"></ref><cue ID="116" type="negation"><W>not</W></cue><xcope ID="11"><ref COMMENTS="" ID="119" SRC="116"></ref><W>be</W><W>many</W><W>things</W><W>that</W><W>I</W><W>&#39;m</W><W>sure</W><W>of</W></xcope></xcope><W>,</W><W>but</W><W>I</W><W>do</W><W>know</W><W>a</W><W>few</W><W>for</W><W>absolute</W><W>certain</W><W>.</W></SENTENCE><SENTENCE><W>Leg-warmers</W><W>will</W><cue ID="1" type="negation"><W>never</W></cue><xcope ID="12"><ref ID="24" SRC="1"></ref><W>make</W><W>a</W><W>come-back</W></xcope><W>,</W><W>DavidK93</W><W>IS</W><W>gay</W><W>,</W><W>JackSommersby</W><W>is</W><cue ID="2" type="negation"><W>NOT</W></cue><xcope ID="13"><ref ID="25" SRC="2"></ref><W>gay</W></xcope><W>,</W><W>and</W><W>the</W><W>world</W><cue ID="3" type="speculation"><W>would</W></cue><xcope ID="14"><ref ID="26" SRC="3"></ref><W>be</W><W>a</W><W>much</W><W>better</W><W>place</W><cue ID="111" type="speculation"><W>if</W></cue><W>every</W><W>adult</W><W>and</W><W>child</W><W>read</W><W>(</W><W>and</W><W>understood</W><W>)</W><W>Dr.</W><W>Seuss</W><W>&#39;</W><W>books</W></xcope><W>.</W></SENTENCE><SENTENCE><W>In</W><W>fact</W><W>,</W><W>referring</W><W>to</W><W>them</W><W>as</W><W>children</W><W>&#39;s</W><W>literature</W><W>is</W><W>a</W><W>misnomer</W><W>.</W></SENTENCE><SENTENCE><W>There</W><W>&#39;s</W><cue ID="4" type="negation"><W>not</W></cue><xcope ID="15"><ref COMMENTS="" ID="121" SRC="4"></ref><W>a</W><W>single</W><W>example</W><W>of</W><W>Seussian</W><W>literature</W><W>that</W><W>fails</W><W>to</W><W>transcend</W><W>any</W><W>preconceived</W><W>notion</W><W>of</W><W>what</W><W>it</W><W>means</W><W>to</W><W>be</W><W>young</W></xcope><W>,</W><xcope ID="16"><ref ID="28" SRC="5"></ref><W>old</W></xcope><cue ID="5" type="speculation"><W>or</W></cue><xcope ID="17"><ref ID="29" SRC="5"></ref><W>somewhere</W><W>in</W><W>the</W><W>middle</W></xcope><W>.</W></SENTENCE><SENTENCE><W>All</W><W>the</W><W>Places</W><W>You</W><W>&#39;ll</W><W>Go</W><W>has</W><W>helped</W><W>through</W><W>many</W><W>a</W><W>difficult</W><W>transition</W><W>.</W></SENTENCE><SENTENCE><W>I</W><W>&#39;ve</W><W>vowed</W><cue ID="6" type="negation"><W>never</W></cue><xcope ID="18"><ref ID="31" SRC="6"></ref><W>to</W><W>live</W><W>through</W><W>a</W><W>holiday</W><W>season</W><W>when</W></xcope><W>I</W><cue ID="7" type="negation"><W>do</W><W>n&#39;t</W></cue><xcope ID="19"><ref ID="32" SRC="7"></ref><W>watch</W><W>the</W><W>animated</W><W>How</W><W>the</W><W>Grinch</W><W>Stole</W><W>Christmas</W></xcope><W>!</W></SENTENCE><SENTENCE><W>(</W><W>1966</W><W>)</W><W>at</W><W>least</W><W>a</W><W>dozen</W><W>times</W><W>.</W></SENTENCE><SENTENCE><W>I</W><W>&#39;ve</W><W>even</W><W>prepared</W><W>green</W><W>eggs</W><W>and</W><W>ham</W><W>on</W><W>a</W><W>date</W><W>(you</W><cue ID="8" type="speculation"><W>could</W></cue><xcope ID="20"><ref ID="34" SRC="8"></ref><W>say</W><W>that</W><W>I</W><W>ate</W><W>them</W><W>with</W><W>a</W><W>fox</W></xcope><W>)</W><W>.</W></SENTENCE><SENTENCE><W>So</W><W>,</W><W>yes</W><W>,</W><W>I</W><W>always</W><W>have</W><W>been</W><W>and</W><W>forever</W><W>will</W><W>be</W><W>a</W><W>Dr.</W><W>Suess</W><W>fanatic</W><W>.</W></SENTENCE><SENTENCE><cue ID="112" type="speculation"><W>If</W></cue><xcope ID="113"><ref ID="114" SRC="112"></ref><W>he</W><W>were</W><W>still</W><W>alive</W><W>today</W></xcope><W>,</W><W>I</W><cue ID="9" type="speculation"><W>might</W></cue><xcope ID="21"><ref ID="33" SRC="9"></ref><W>even</W><W>have</W><W>stalkerish</W><W>tendencies</W></xcope><W>.</W></SENTENCE><SENTENCE><W>But</W><W>this</W><W>review</W><cue ID="10" type="negation"><W>is</W><W>n&#39;t</W></cue><xcope ID="22"><ref ID="35" SRC="10"></ref><W>about</W><W>my</W><W>clearly</W><W>irrational</W><W>desire</W><W>to</W><W>live</W><W>in</W><W>the</W><W>world</W><W>of</W><W>Dr.</W><W>Suess</W></xcope><W>,</W><W>it</W><W>&#39;s</W><W>about</W><W>how</W><W>Bo</W><W>Welch</W><W>&#39;s</W><W>(</W><W>henceforth</W><W>referred</W><W>to</W><W>as</W><W>Bo</W><W>Grinch</W><W>)</W><W>cinematic</W><W>adaptation</W><W>of</W><W>Seuss</W><W>&#39;</W><W>Cat</W><W>in</W><W>the</W><W>Hat</W><W>has</W><W>robbed</W><W>me</W><W>of</W><W>my</W><W>childhood</W><W>memories</W><W>.</W></SENTENCE></P><P></P><P><SENTENCE><W>I</W><W>&#39;ll</W><W>begin</W><W>with</W><W>the</W><W>only</W><W>element</W><W>of</W><W>Cat</W><W>in</W><W>the</W><W>Hat</W><W>that</W><W>I</W><W>found</W><W>acceptable</W><W>--</W><W>the</W><W>Seussian</W><W>visuals</W><W>.</W></SENTENCE><SENTENCE><W>Flip</W><W>through</W><W>any</W><W>Seuss</W><W>book</W><W>and</W><W>you</W><W>&#39;ll</W><W>find</W><W>some</W><W>of</W><W>the</W><W>most</W><W>colorful</W><W>,</W><W>creative</W><W>and</W><W>inspiring</W><W>illustrations</W><W>that</W><W>exist</W><W>.</W></SENTENCE><SENTENCE><W>Seuss</W><cue ID="36" type="negation"><W>never</W></cue><xcope ID="122"><ref COMMENTS="" ID="123" SRC="36"></ref><W>saw</W><W>any</W><W>reason</W><cue ID="37" type="negation"><W>not</W></cue><xcope ID="44"><ref ID="53" SRC="37"></ref><W>to</W><W>redraw</W><W>that</W><W>which</W><W>already</W><W>exists</W></xcope></xcope><W>,</W><W>and</W><cue ID="38" type="negation"><W>neither</W></cue><xcope ID="45"><ref ID="54" SRC="38"></ref><W>did</W><W>Bo</W><W>Grinch</W></xcope><W>.</W></SENTENCE><SENTENCE><W>Through</W><W>a</W><W>nice</W><W>combination</W><W>of</W><W>animation</W><W>and</W><W>set-design</W><W>,</W><W>Seussian</W><W>architecture</W><W>lives</W><W>on</W><W>.</W></SENTENCE><SENTENCE><W>The</W><W>design</W><W>team</W><W>had</W><W>fun</W><W>with</W><W>the</W><W>landscape</W><W>,</W><W>the</W><W>houses</W><W>,</W><W>the</W><W>trees</W><W>,</W><W>the</W><W>cars</W><W>,</W><W>and</W><W>everything</W><W>under</W><W>the</W><W>sun</W><W>(</W><W>although</W><W>,</W><W>surprisingly</W><W>,</W><W>nothing</W><W>above</W><W>the</W><W>sun</W><W>)</W><W>.</W></SENTENCE><SENTENCE><W>This</W><W>creative</W><W>re-engineering</W><W>draws</W><W>the</W><xcope ID="60"><ref ID="63" SRC="39"></ref><W>viewer</W></xcope><W>(</W><cue ID="39" type="speculation"><W>or</W></cue><xcope ID="61"><ref ID="62" SRC="39"></ref><W>reader</W></xcope><W>)</W><W>into</W><W>a</W><W>parallel</W><W>universe</W><W>where</W><W>age-old</W><W>lessons</W><cue ID="40" type="speculation"><W>can</W></cue><xcope ID="46"><ref ID="57" SRC="41"></ref><W>be</W><W>taught</W></xcope><cue ID="41" type="speculation"><W>or</W></cue><xcope ID="47"><ref ID="56" SRC="41"></ref><W>re-taught</W></xcope><cue ID="49" type="negation"><W>without</W></cue><xcope ID="50"><ref ID="58" SRC="49"></ref><W>the</W><W>obstructions</W><W>created</W><W>in</W><W>the</W><W>minds</W><W>of</W><W>this</W><W>one</W></xcope><W>.</W></SENTENCE><SENTENCE><W>Drawing</W><W>things</W><W>as</W><W>they</W><W>&#39;ve</W><cue ID="42" type="negation"><W>never</W></cue><xcope ID="51"><ref ID="59" SRC="42"></ref><W>been</W><W>drawn</W></xcope><W>has</W><W>also</W><W>helped</W><W>to</W><W>maintain</W><W>the</W><W>timeless</W><W>nature</W><W>of</W><W>Seuss</W><W>&#39;</W><W>work</W><W>,</W><W>and</W><W>avoids</W><W>the</W><W>pitfalls</W><W>of</W><W>stereotypes</W><W>and</W><W>geographic</W><W>isolation</W><W>.</W></SENTENCE><SENTENCE><W>But</W><W>this</W><W>is</W><W>where</W><W>the</W><W>film</W><W>turns</W><W>from</W><W>Seussian</W><W>into</W><W>a</W><W>a</W><W>blueprint</W><W>for</W><W>disaster</W><W>.</W></SENTENCE></P><P></P><P><SENTENCE><W>The</W><W>illustration</W><W>is</W><W>just</W><W>one</W><W>element</W><W>in</W><W>the</W><W>greater</W><W>scheme</W><W>.</W></SENTENCE><SENTENCE><W>To</W><W>think</W><W>of</W><W>Dr.</W><W>Seuss</W><W>&#39;</W><W>work</W><W>as</W><W>mere</W><W>pictures</W><W>,</W><W>rhymes</W><W>and</W><W>morals</W><W>is</W><W>to</W><W>insult</W><W>his</W><W>legacy</W><W>.</W></SENTENCE><SENTENCE><W>Dr.</W><W>Seuss</W><W>was</W><W>a</W><W>creative</W><W>visionary</W><W>who</W><cue ID="64" type="negation"><W>never</W></cue><xcope ID="68"><ref ID="71" SRC="64"></ref><W>set</W><W>any</W><W>limits</W><W>on</W><W>imagination</W></xcope><W>,</W><W>and</W><W>this</W><W>is</W><W>where</W><W>Cat</W><W>in</W><W>the</W><W>Hat</W><W>fails</W><W>to</W><W>live-up</W><W>to</W><W>expectations</W><W>.</W></SENTENCE><SENTENCE><W>Bo</W><W>Grinch</W><W>has</W><W>obviously</W><W>lived</W><W>inside</W><W>a</W><W>box</W><W>for</W><W>his</W><W>entire</W><W>life</W><W>.</W></SENTENCE><SENTENCE><W>He</W><W>compromises</W><W>on</W><W>everything</W><W>that</W><W>made</W><W>Dr.</W><W>Seuss</W><W>great</W><W>in</W><W>order</W><W>to</W><W>make</W><W>a</W><W>few</W><W>(</W><W>billion</W><W>)</W><W>bucks</W><W>,</W><W>and</W><W>squanders</W><W>every</W><W>opportunity</W><W>to</W><W>build</W><W>on</W><W>greatness</W><W>.</W></SENTENCE><SENTENCE><W>I</W><W>have</W><cue ID="65" type="negation"><W>no</W></cue><xcope ID="69"><ref ID="72" SRC="65"></ref><W>problem</W><W>with</W><W>people</W><W>that</W><W>value</W><W>money</W><W>above</W><W>all</W><W>else</W></xcope><W>,</W><W>but</W><W>please</W><W>limit</W><W>your</W><W>destruction</W><W>to</W><W>that</W><W>which</W><W>is</W><W>yours</W><W>.</W></SENTENCE><SENTENCE><W>The</W><W>rights</W><W>to</W><W>Seuss</W><W>&#39;</W><W>words</W><cue ID="66" type="speculation"><W>might</W></cue><xcope ID="70"><ref ID="73" SRC="66"></ref><W>be</W><W>yours</W></xcope><W>,</W><W>but</W><W>his</W><W>legacy</W><W>is</W><cue ID="67" type="negation"><W>not</W></cue><W>!</W></SENTENCE><SENTENCE><W>He</W><W>tries</W><W>feebly</W><W>to</W><W>introduce</W><W>new</W><W>characters</W><W>(</W><W>Mr.</W><W>Humberfloob</W><W>,</W><W>Quinn</W><W>)</W><W>and</W><W>expand</W><W>on</W><W>old</W><W>ones</W><W>,</W><W>but</W><W>these</W><W>fall</W><W>far</W><W>short</W><W>of</W><W>expectations</W><W>.</W></SENTENCE><SENTENCE><W>The</W><W>liberties</W><W>taken</W><W>with</W><W>the</W><W>story</W><W>mortalize</W><W>a</W><W>once</W><W>timeless</W><W>tale</W><W>.</W></SENTENCE></P><P></P><P><SENTENCE><W>The</W><W>most</W><W>difficult</W><W>hurdle</W><W>to</W><W>overcome</W><W>was</W><W>turning</W><W>a</W><W>story</W><W>that</W><W>is</W><W>slightly</W><W>longer</W><W>than</W><W>this</W><W>review</W><W>into</W><W>a</W><W>1</W><W>hour</W><W>and</W><W>15</W><W>minute</W><W>feature</W><W>length</W><W>film</W><W>.</W></SENTENCE><SENTENCE><W>This</W><W>leads</W><W>to</W><W>Bo</W><W>Grinch</W><W>&#39;s</W><W>biggest</W><W>mistake</W><W>,</W><W>allowing</W><W>Mike</W><W>Myers</W><W>to</W><W>run</W><W>willy-nilly</W><W>through</W><W>the</W><W>minds</W><W>and</W><W>hearts</W><W>of</W><W>the</W><W>audience</W><W>in</W><W>the</W><W>guise</W><W>of</W><W>the</W><W>Cat</W><W>in</W><W>the</W><W>Hat</W><W>.</W></SENTENCE><SENTENCE><W>It</W><cue ID="74" type="speculation"><W>seemed</W></cue><xcope ID="77"><ref ID="80" SRC="74"></ref><W>to</W><W>me</W><W>that</W><W>Myers</W><W>forgot</W><W>that</W><W>he</W></xcope><cue ID="75" type="negation"><W>is</W><W>n&#39;t</W></cue><xcope ID="78"><ref ID="81" SRC="75"></ref><W>on</W><W>Saturday</W><W>Night</W><W>Live</W></xcope><W>,</W><W>playing</W><W>to</W><W>a</W><W>largely</W><W>adult</W><W>audience</W><W>.</W></SENTENCE><SENTENCE><W>I</W><W>kept</W><W>wondering</W><W>when</W><W>he</W><W>was</W><W>going</W><W>to</W><W>be</W><W>verklempt</W><W>,</W><W>and</W><W>half</W><W>expected</W><W>his</W><W>coos</W><W>of</W><W>&#34;</W><W>Wowwoo!</W><W>&#34;</W><W>to</W><W>be</W><W>followed</W><W>by</W><W>&#34;</W><W>Wayne</W><W>&#39;s</W><W>World</W><W>!</W></SENTENCE><SENTENCE><W>Wayne</W><W>&#39;s</W><W>World</W><W>!</W></SENTENCE><SENTENCE><W>Party</W><W>Time</W><W>!</W><W>Excellent</W><W>!</W><W>&#34;</W></SENTENCE><SENTENCE><W>Indeed</W><W>,</W><W>Mike</W><W>Myers</W><W>recycled</W><W>his</W><W>entire</W><W>CV</W><W>of</W><W>SNL</W><W>characters</W><W>to</W><W>create</W><W>a</W><W>Cat</W><W>in</W><W>the</W><W>Hat</W><W>that</W><W>is</W><W>unworthy</W><W>of</W><W>his</W><W>name</W><W>.</W></SENTENCE><SENTENCE><W>I</W><W>&#39;ve</W><W>long</W><W>admired</W><W>Mike</W><W>Myers</W><W>,</W><W>and</W><W>appreciate</W><W>much</W><W>of</W><W>his</W><W>work</W><W>.</W></SENTENCE><SENTENCE><W>This</W><W>simply</W><cue ID="76" type="negation"><W>was</W><W>n&#39;t</W></cue><xcope ID="79"><ref ID="82" SRC="76"></ref><W>the</W><W>venue</W><W>for</W><W>him</W><W>to</W><W>enlist</W><W>his</W><W>own</W><W>brand</W><W>of</W><W>creative</W><W>devices</W></xcope><W>.</W></SENTENCE></P><P></P><P><SENTENCE><W>Sean</W><W>Hayes</W><W>shines</W><W>through</W><W>the</W><W>rest</W><W>of</W><W>cast</W><W>,</W><W>but</W><W>only</W><W>in</W><W>one</W><W>of</W><W>his</W><W>roles</W><W>.</W></SENTENCE><SENTENCE><W>I</W><W>found</W><W>him</W><W>entirely</W><W>unconvincing</W><W>as</W><W>Mr.</W><W>Humberfloob</W><W>,</W><W>the</W><W>mother</W><W>&#39;s</W><W>slave-driving</W><W>germaphobe</W><W>of</W><W>a</W><W>boss</W><W>.</W></SENTENCE><SENTENCE><W>As</W><W>the</W><W>fish</W><W>,</W><W>he</W><W>&#39;s</W><W>wonderful</W><W>.</W></SENTENCE><SENTENCE><W>For</W><W>a</W><W>character</W><W>whose</W><W>sole</W><W>purpose</W><W>is</W><W>to</W><W>antagonize</W><W>the</W><W>Cat</W><W>in</W><W>the</W><W>Hat</W><W>,</W><W>he</W><W>is</W><W>surprisingly</W><W>tolerable</W><W>.</W></SENTENCE><SENTENCE><W>I</W><cue ID="114" type="speculation"><W>think</W></cue><xcope ID="115"><ref ID="116" SRC="114"></ref><W>Alec</W><W>Baldwin</W><W>(</W><W>Quinn</W><W>)</W><W>and</W><W>Kelly</W><W>Preston</W><W>(</W><W>Mom</W><W>)</W><W>do</W><W>an</W><W>adequate</W><W>job</W><W>,</W></xcope><W>but</W><W>I</W><W>feel</W><W>that</W><W>their</W><W>romantic</W><W>relationship</W><W>and</W><W>the</W><W>undercurrents</W><W>of</W><W>jealousy</W><W>that</W><W>come</W><W>with</W><W>it</W><W>are</W><W>entirely</W><W>inappropriate</W><W>for</W><W>the</W><W>story</W><W>.</W></SENTENCE><SENTENCE><W>Spencer</W><W>Breslin</W><W>(</W><W>Conrad</W><W>)</W><W>and</W><W>Dakota</W><W>Fanning</W><W>(</W><W>Sally</W><W>)</W><W>are</W><W>just</W><W>children</W><W>themselves</W><W>,</W><W>and</W><cue ID="83" type="negation"><W>ca</W><W>n&#39;t</W></cue><xcope ID="84"><ref ID="85" SRC="83"></ref><W>be</W><W>held</W><W>responsible</W><W>for</W><W>the</W><W>awkwardness</W></xcope><W>that</W><W>is</W><W>brought</W><W>about</W><W>by</W><W>Bo</W><W>Grinch</W><W>and</W><W>his</W><W>grinchy</W><W>ways</W><W>.</W></SENTENCE><SENTENCE><W>(</W><W>I</W><W>also</W><W>have</W><W>to</W><W>agree</W><W>with</W><W>flamepillar</W><W>&#39;s</W><W>assessment</W><W>that</W><W>the</W><W>Things</W><W>are</W><W>unnecessarily</W><W>creepy</W><W>)</W></SENTENCE></P><P></P><P><SENTENCE><W>It</W><W>&#39;s</W><W>the</W><W>potty</W><W>humor</W><W>,</W><W>though</W><W>,</W><W>that</W><W>I</W><W>find</W><W>the</W><W>most</W><W>offensive</W><W>.</W></SENTENCE><SENTENCE><W>(</W><W>Yes</W><W>,</W><W>I</W><W>realize</W><W>that</W><W>I</W><W>&#39;m</W><W>the</W><W>same</W><W>person</W><W>who</W><W>&#39;s</W><W>always</W><W>saying</W><W>there</W><cue ID="86" type="negation"><W>is</W><W>n&#39;t</W></cue><xcope ID="89"><ref ID="92" SRC="86"></ref><W>enough</W><W>nudity</W></xcope><W>,</W><W>but</W><W>even</W><W>I</W><W>ascribe</W><W>to</W><W>some</W><W>sense</W><W>of</W><W>good</W><W>taste</W><W>)</W><W>The</W><W>references</W><W>to</W><W>a</W><W>dirty</W><W>hoe</W><W>and</W><W>a</W><W>Playboy</W><W>centerfold</W><W>were</W><W>entirely</W><W>unnecessary</W><W>.</W></SENTENCE><SENTENCE><W>I</W><W>realize</W><W>that</W><W>younger</W><W>children</W><cue ID="125" type="speculation"><W>might</W></cue><xcope ID="126"><ref COMMENTS="" ID="128" SRC="125"></ref><cue ID="124" type="negation"><W>not</W></cue><xcope ID="90"><ref COMMENTS="" ID="127" SRC="124"></ref><W>get</W><W>them</W></xcope><W>,</W></xcope><W>but</W><W>then</W><W>WHY</W><W>include</W><W>them</W><W>?</W></SENTENCE><SENTENCE><W>Adults</W><W>have</W><cue ID="88" type="negation"><W>never</W></cue><xcope ID="91"><ref ID="94" SRC="88"></ref><W>found</W><W>this</W><W>necessary</W><W>to</W><W>enjoy</W><W>Seuss</W><W>&#39;</W><W>books</W></xcope><W>;</W><W>and</W><W>spoiling</W><W>the</W><W>pristine</W><W>,</W><W>although</W><W>sometimes</W><W>misunderstood</W><W>,</W><W>image</W><W>of</W><W>the</W><W>Cat</W><W>in</W><W>the</W><W>Hat</W><W>is</W><W>a</W><W>low</W><W>blow</W><W>--</W><W>even</W><W>for</W><W>Mike</W><W>Myers</W><W>.</W></SENTENCE></P><P></P><P><SENTENCE><W>Final</W><W>Comments</W><W>:</W><W>I</W><W>&#39;ve</W><W>droned</W><W>on</W><W>for</W><W>far</W><W>too</W><W>long</W><W>about</W><W>a</W><W>film</W><W>that</W><cue ID="95" type="speculation"><W>can</W></cue><xcope ID="103"><ref ID="111" SRC="95"></ref><W>be</W><W>summed</W><W>up</W><W>in</W><W>one</W></xcope><W>(</W><W>of</W><W>many</W><W>)</W><W>four</W><W>letter</W><W>words</W><W>(</W><W>s</W><W>)</W><W>,</W><W>Suck</W><W>.</W></SENTENCE><SENTENCE><W>Cat</W><W>in</W><W>the</W><W>Hat</W><W>is</W><W>an</W><W>abomination</W><W>,</W><W>which</W><cue ID="96" type="speculation"><W>should</W></cue><xcope ID="104"><ref ID="112" SRC="96"></ref><W>be</W><W>watched</W><W>at</W><W>the</W><W>peril</W><W>of</W><W>your</W><W>childhood</W></xcope><W>.</W></SENTENCE><SENTENCE><W>I</W><cue ID="97" type="negation"><W>never</W></cue><xcope ID="129"><ref COMMENTS="" ID="130" SRC="97"></ref><W>even</W><W>got</W><W>to</W><W>see</W><W>what</W><W>it</W><cue ID="98" type="speculation"><W>would</W></cue><xcope ID="106"><ref ID="114" SRC="98"></ref><W>be</W><W>like</W><W>to</W><W>fly</W><W>a</W><W>kite</W><W>in</W><W>the</W><W>house</W></xcope></xcope><W>.</W></SENTENCE><SENTENCE><W>I</W><cue ID="99" type="negation"><W>never</W></cue><xcope ID="107"><ref ID="115" SRC="99"></ref><W>got</W><W>to</W><W>see</W><W>the</W><W>Things</W><W>bump</W><W>the</W><W>kites</W><W>on</W><W>the</W><W>wall</W></xcope><W>!</W></SENTENCE></P><P></P><P><SENTENCE><W>And</W><W>we</W><W>did</W><cue ID="100" type="negation"><W>not</W></cue><xcope ID="108"><ref ID="116" SRC="100"></ref><W>like</W><W>it</W></xcope><W>.</W></SENTENCE></P><P></P><P><SENTENCE><cue ID="101" type="negation"><W>Not</W></cue><xcope ID="109"><ref ID="117" SRC="101"></ref><W>one</W><W>little</W><W>bit</W></xcope><W>.</W></SENTENCE></P><P></P><P><SENTENCE><W>I</W><W>realize</W><W>that</W><W>I</W><W>love</W><W>to</W><W>rant</W><W>and</W><W>rave</W><W>,</W><W>but</W><W>here</W><W>are</W><W>a</W><W>few</W><W>well-respected</W><W>concurring</W><W>opinions</W><W>:</W><W>anderclayton</W><W>,</W><W>kristinafh</W><W>,</W><W>flamepillar</W><W>.</W></SENTENCE><SENTENCE><W>Ok</W><W>,</W><cue ID="102" type="negation"><W>not</W></cue><xcope ID="110"><ref ID="118" SRC="102"></ref><W>everyone</W><W>agrees</W><W>with</W><W>me</W></xcope><W>:</W><W>dragonfire88</W><W>,</W><W>Bruguru</W><W>.</W></SENTENCE></P></DOCUMENT>
