<?xml version="1.0" encoding="UTF-8"?>
<DOCUMENT><DESC></DESC><TIME>451</TIME><P></P><P><SENTENCE><W>Plot</W><W>Details</W><W>:</W><W>This</W><W>opinion</W><W>reveals</W><W>no</W><W>details</W><W>about</W><W>the</W><W>movie</W><W>&#39;s</W><W>plot</W><W>.</W></SENTENCE></P><P></P><P><SENTENCE><W>This</W><W>review</W><W>is</W><W>based</W><W>on</W><W>my</W><W>own</W><W>opinion</W><W>as</W><W>a</W><W>family</W><W>man</W><W>and</W><W>father</W><W>of</W><W>three</W><W>boys</W><W>,</W><W>ages</W><W>4</W><W>,</W><W>8</W><W>and</W><W>11</W><W>.</W></SENTENCE><SENTENCE><W>I</W><W>consider</W><W>myself</W><W>a</W><W>moderate</W><W>person</W><W>that</W><W>is</W><cue ID="0" type="negation"><W>not</W></cue><xcope ID="5"><ref COMMENTS="" ID="47" SRC="1"></ref><W>overly</W><W>protective</W></xcope><cue ID="1" type="speculation"><W>or</W></cue><xcope ID="6"><ref ID="11" SRC="1"></ref><W>overly</W><W>liberal</W></xcope><W>.</W></SENTENCE><SENTENCE><W>I</W><W>believe</W><W>parents</W><W>are</W><W>responsible</W><W>to</W><W>find</W><W>a</W><W>balance</W><W>in</W><W>making</W><W>our</W><W>kids</W><W>aware</W><W>of</W><W>reality</W><W>while</W><W>at</W><W>the</W><W>same</W><W>time</W><W>protecting</W><W>them</W><W>(</W><W>and</W><W>their</W><W>innocence</W><W>)</W><W>from</W><W>it</W><W>.</W></SENTENCE></P><P></P><P><SENTENCE><W>I</W><W>love</W><W>Dr.</W><W>Seuss</W><W>stories</W><W>.</W></SENTENCE><SENTENCE><W>I</W><W>grew</W><W>up</W><W>reading</W><W>his</W><W>books</W><W>and</W><W>still</W><W>enjoy</W><W>reading</W><W>them</W><W>to</W><W>my</W><W>sons</W><W>.</W></SENTENCE><SENTENCE><W>Shame</W><W>on</W><W>me</W><W>for</W><W>not</W><W>checking</W><W>the</W><W>rating</W><W>before</W><W>taking</W><W>the</W><W>kids</W><W>to</W><W>the</W><W>theater</W><W>.</W></SENTENCE><SENTENCE><W>I</W><W>had</W><W>assumed</W><W>(</W><W>like</W><W>I</W><W>&#39;m</W><W>sure</W><W>many</W><W>of</W><W>you</W><W>would</W><W>)</W><W>that</W><W>it</W><cue ID="2" type="speculation"><W>would</W></cue><xcope ID="7"><ref ID="12" SRC="2"></ref><W>be</W><W>rated</W><W>G.</W></xcope><W>It</W><W>&#39;s</W><cue ID="3" type="negation"><W>not</W></cue><W>.</W></SENTENCE><SENTENCE><W>I</W><cue ID="45" type="speculation"><W>think</W></cue><xcope ID="48"><ref COMMENTS="" ID="49" SRC="45"></ref><W>this</W><W>rendition</W><W>of</W><W>the</W><W>story</W><cue ID="4" type="speculation"><W>would</W></cue><xcope ID="8"><ref ID="13" SRC="4"></ref><W>make</W><W>Dr.</W><W>Seuss</W><W>roll</W><W>over</W><W>in</W><W>his</W><W>grave</W></xcope></xcope><W>.</W></SENTENCE></P><P></P><P><SENTENCE><W>The</W><W>movie</W><W>is</W><W>absent</W><W>4-letter</W><W>words</W><W>and</W><W>explicit</W><W>sex</W><W>scenes</W><W>,</W><W>but</W><W>the</W><W>inappropriate-for-children</W><W>content</W><W>and</W><W>mature</W><W>innuendos</W><W>in</W><W>this</W><W>movie</W><W>overshadow</W><W>the</W><W>story</W><W>line</W><W>and</W><W>plot</W><W>.</W></SENTENCE><SENTENCE><W>There</W><W>were</W><W>enough</W><W>instances</W><W>that</W><W>I</W><cue ID="14" type="negation"><W>cannot</W></cue><xcope ID="17"><ref ID="19" SRC="14"></ref><W>recall</W><W>all</W><W>of</W><W>them</W></xcope><W>,</W><W>but</W><W>multiple</W><W>times</W><W>during</W><W>the</W><W>movie</W><W>I</W><W>felt</W><W>uncomfortable</W><W>wondering</W><cue ID="43" type="speculation"><W>if</W></cue><xcope ID="44"><ref ID="45" SRC="43"></ref><W>any</W><W>of</W><W>my</W><W>three</W><W>sons</W><W>understood</W><W>the</W><W>inappropriate</W><W>jokes</W></xcope><W>.</W></SENTENCE><SENTENCE><W>I</W><W>later</W><W>discovered</W><W>my</W><W>11</W><W>year</W><W>old</W><W>understood</W><W>all</W><W>of</W><W>them</W><W>(</W><W>I</W><W>wish</W><W>he</W><cue ID="15" type="negation"><W>had</W><W>n&#39;t</W></cue><W>)</W><W>,</W><W>my</W><W>8</W><W>year</W><W>old</W><W>understood</W><W>about</W><W>1/2</W><W>of</W><W>them</W><W>,</W><W>and</W><W>my</W><W>4</W><W>year</W><W>old</W><W>is</W><W>still</W><W>innocent</W><W>enough</W><W>to</W><W>understood</W><cue ID="16" type="negation"><W>none</W></cue><xcope ID="18"><ref ID="20" SRC="16"></ref><W>of</W><W>them</W></xcope><W>(</W><W>except</W><W>the</W><W>&#34;butt</W><W>scene</W><W>&#34;</W><W>)</W><W>.</W></SENTENCE></P><P></P><P><SENTENCE><W>The</W><W>most</W><W>memorable</W><W>moments</W><W>that</W><W>I</W><W>did</W><cue ID="21" type="negation"><W>not</W></cue><xcope ID="22"><ref ID="23" SRC="21"></ref><W>appreciate</W><W>are</W><W>the</W><W>&#34;butt</W><W>scene</W></xcope><W>&#34;</W><W>-</W><W>where</W><W>the</W><W>cat</W><W>was</W><W>outfitted</W><W>with</W><W>a</W><W>large</W><W>bare</W><W>bottom</W><W>,</W><W>using</W><W>the</W><W>term</W><W>&#34;</W><W>Dirty</W><W>Ho</W><W>&#34;</W><W>-</W><W>referring</W><W>to</W><W>a</W><W>dirty</W><W>gardening</W><W>hoe</W><W>,</W><W>and</W><W>an</W><W>acronym</W><W>for</W><W>the</W><W>cat</W><W>&#39;s</W><W>vehicle</W><W>is</W><W>S.H.I.T.</W></SENTENCE></P><P></P><P><SENTENCE><W>This</W><W>story</W><W>is</W><W>written</W><W>more</W><W>for</W><W>parents</W><W>who</W><W>are</W><W>Mike</W><W>Meyers</W><W>fans</W><W>more</W><W>than</W><W>it</W><W>is</W><W>for</W><W>small</W><W>children</W><W>.</W></SENTENCE><SENTENCE><W>It</W><W>is</W><W>full</W><W>of</W><W>funny</W><W>faces</W><W>,</W><W>personality</W><W>shifts</W><W>,</W><W>and</W><W>one-liners</W><W>that</W><W>are</W><W>classic</W><W>Meyers</W><W>.</W></SENTENCE><SENTENCE><W>Kids</W><W>like</W><W>the</W><W>quick</W><W>transition</W><W>and</W><cue ID="24" type="speculation"><W>can</W></cue><xcope ID="25"><ref ID="26" SRC="24"></ref><W>relate</W><W>to</W><W>the</W><W>main</W><W>characters</W><W>who</W><W>are</W><W>a</W><W>boy</W><W>and</W><W>girl</W></xcope><W>.</W></SENTENCE></P><P></P><P><SENTENCE><W>The</W><W>story</W><W>line</W><W>and</W><W>plot</W><W>itself</W><W>is</W><W>poor</W><W>and</W><cue ID="27" type="negation"><W>does</W><W>n&#39;t</W></cue><xcope ID="50"><ref COMMENTS="" ID="51" SRC="27"></ref><xcope ID="28"><ref ID="31" SRC="29"></ref><W>flow</W><W>nearly</W><W>as</W><W>smooth</W><W>as</W><W>a</W><W>Dr.</W><W>Seuss</W><W>&#39;s</W><W>classic</W></xcope><cue ID="29" type="speculation"><W>should</W></cue></xcope><W>.</W></SENTENCE><SENTENCE><W>This</W><W>rendition</W><W>pales</W><W>in</W><W>contrast</W><W>to</W><W>the</W><W>other</W><W>Seuss</W><W>classic</W><W>that</W><W>was</W><W>released</W><W>in</W><W>recent</W><W>years</W><W>,</W><W>&#34;</W><W>The</W><W>Grinch&#34;</W><W>.</W></SENTENCE></P><P></P><P><SENTENCE><W>In</W><W>all</W><W>fairness</W><W>,</W><W>my</W><W>children</W><W>enjoyed</W><W>the</W><W>movie</W><W>.</W></SENTENCE><SENTENCE><W>As</W><W>an</W><W>added</W><W>bonus</W><W>,</W><W>my</W><W>8</W><W>year</W><W>old</W><W>said</W><W>&#34;</W><W>Dirty</W><W>Ho</W><W>&#34;</W><W>for</W><W>the</W><W>first</W><W>time</W><W>and</W><W>thanks</W><W>to</W><W>his</W><W>older</W><W>brother</W><W>,</W><W>now</W><W>understands</W><W>it</W><W>too</W><W>.</W></SENTENCE></P><P></P><P><SENTENCE><W>This</W><W>movie</W><W>will</W><W>leave</W><W>you</W><W>wanting</W><W>more</W><W>...</W><W>of</W><W>NEMO</W><W>,</W><W>that</W><W>is</W><W>.</W></SENTENCE></P><P></P><P><SENTENCE><W>I</W><cue ID="58" type="speculation"><W>WOULD</W></cue><xcope ID="61"><ref COMMENTS="" ID="62" SRC="58"></ref><cue ID="59" type="negation"><W>NOT</W></cue><xcope ID="40"><ref COMMENTS="" ID="60" SRC="59"></ref><W>SEE</W><W>THIS</W><W>HERE</W></xcope><cue ID="33" type="speculation"><W>OR</W></cue><xcope ID="42"><ref ID="43" SRC="33"></ref><W>THERE</W></xcope></xcope><W>,</W><W>I</W><cue ID="53" type="speculation"><W>WOULD</W></cue><xcope ID="54"><ref COMMENTS="" ID="56" SRC="53"></ref><cue ID="52" type="negation"><W>NOT</W></cue><xcope ID="37"><ref COMMENTS="" ID="55" SRC="52"></ref><W>SEE</W><W>THIS</W><W>AGAIN</W><W>ANYWHERE...</W></xcope></xcope></SENTENCE></P></DOCUMENT>
