<?xml version="1.0" encoding="UTF-8"?>
<DOCUMENT><P></P><P><SENTENCE><W>Plot</W><W>Details</W><W>:</W><W>This</W><W>opinion</W><W>reveals</W><W>minor</W><W>details</W><W>about</W><W>the</W><W>movie</W><W>&#39;</W><W>&#39;s</W><W>plot</W><W>.</W></SENTENCE></P><P></P><P><SENTENCE><W>I</W><W>grew</W><W>up</W><W>reading</W><W>Dr.</W><W>Seuss</W><W>.</W></SENTENCE><SENTENCE><W>Green</W><W>Eggs</W><C><W>and</W></C><W>Ham</W><W>,</W><W>How</W><W>the</W><W>Grinch</W><W>Stole</W><W>Christmas</W><W>,</W><C><W>and</W></C><W>The</W><W>Cat</W><W>in</W><W>the</W><W>Hat</W><W>were</W><W>some</W><W>of</W><W>my</W><W>favorite</W><W>books</W><W>.</W></SENTENCE><SENTENCE><W>When</W><W>Ron</W><W>Howard</W><W>directed</W><W>How</W><W>the</W><W>Grinch</W><W>Stole</W><W>Christmas</W><W>back</W><W>in</W><W>2000</W><W>,</W><W>I</W><W>was</W><W>so</W><W>excited</W><W>.</W></SENTENCE><SENTENCE><W>It</W><W>was</W><W>like</W><W>seeing</W><W>a</W><W>childhood</W><W>fantasy</W><W>coming</W><W>to</W><W>life</W><W>with</W><W>Whoville</W><C><W>and</W></C><W>everything</W><W>.</W></SENTENCE><SENTENCE><W>That</W><W>movie</W><W>was</W><W>so</W><W>excellent</W><W>.</W></SENTENCE><SENTENCE><W>It</W><W>was</W><W>true</W><W>to</W><W>the</W><W>original</W><W>story</W><C><W>and</W></C><W>the</W><W>acting</W><W>,</W><W>special</W><W>effects</W><W>,</W><W>costumes</W><W>,</W><W>everything</W><W>was</W><W>incredible</W><W>.</W></SENTENCE><SENTENCE><W>It</W><W>was</W><W>like</W><W>a</W><W>page</W><W>from</W><W>the</W><W>book</W><W>.</W></SENTENCE><SENTENCE><W>When</W><W>Bo</W><W>Welch</W><W>decided</W><W>to</W><W>direct</W><W>a</W><W>movie</W><W>version</W><W>of</W><W>The</W><W>Cat</W><W>in</W><W>the</W><W>Hat</W><W>,</W><W>I</W><W>was</W><W>equally</W><W>excited</W><W>.</W></SENTENCE><SENTENCE><W>I</W><W>guess</W><W>I</W><W>just</W><C><cue ID="6" type="speculation"><W>thought</W></cue></C><xcope ID="82"><ref COMMENTS="" ID="84" SRC="6"></ref><W>that</W><W>this</W><W>movie</W><C><cue ID="0" type="speculation"><W>would</W></cue></C><xcope ID="4"><ref COMMENTS="" ID="9" SRC="0"></ref><W>be</W><W>as</W><W>good</W><W>as</W><W>the</W><W>Grinch</W></xcope></xcope><W>,</W><W>but</W><W>unfortunately</W><W>,</W><W>it</W><cue ID="1" type="negation"><W>was</W><W>n&#39;t</W></cue><W>.</W></SENTENCE><SENTENCE><W>This</W><W>movie</W><W>does</W><C><cue ID="3" type="negation"><W>not</W></cue></C><xcope ID="5"><ref COMMENTS="" ID="10" SRC="3"></ref><W>even</W><W>come</W><W>close</W><W>to</W><W>being</W><W>half</W><W>as</W><W>good</W><W>as</W><W>How</W><W>the</W><W>Grinch</W><W>Stole</W><W>Christmas</W><W>was</W></xcope><W>.</W></SENTENCE><SENTENCE><W>In</W><W>fact</W><W>,</W><W>it</W><W>was</W><W>just</W><W>one</W><W>big</W><W>disappointment</W><W>from</W><W>the</W><W>start</W><W>.</W></SENTENCE></P><P></P><P><SENTENCE><W>Mike</W><W>Myers</W><W>stars</W><W>as</W><W>that</W><W>lovable</W><W>Cat</W><W>who</W><W>comes</W><W>to</W><W>make</W><W>trouble</W><W>while</W><W>Sally</W><W>(</W><W>Dakota</W><W>Fanning</W><W>)</W><C><W>and</W></C><W>Conrad</W><W>&#39;s</W><W>(</W><W>Spencer</W><W>Breslin</W><W>)</W><W>mother</W><W>(</W><W>Kelly</W><W>Preston</W><W>)</W><W>is</W><W>out</W><W>.</W></SENTENCE><SENTENCE><W>Their</W><W>mom</W><W>is</W><W>at</W><W>work</W><W>under</W><W>pressure</W><W>from</W><W>her</W><W>boss</W><W>Mr.</W><W>Humberfloob</W><W>(</W><W>Sean</W><W>Hayes</W><W>,</W><W>who</W><W>created</W><W>the</W><W>voice</W><W>of</W><W>the</W><W>Fish</W><W>)</W><W>to</W><W>throw</W><W>a</W><W>perfect</W><W>dinner</W><W>party</W><W>that</W><W>night</W><W>;</W><W>otherwise</W><W>,</W><W>she</W><W>will</W><W>be</W><W>F-I-R-E-D.</W></SENTENCE><SENTENCE><W>When</W><W>she</W><W>receives</W><W>a</W><W>call</W><W>that</W><W>Conrad</W><C><W>and</W></C><W>Sally</W><W>are</W><W>causing</W><W>trouble</W><W>,</W><W>she</W><C><cue ID="11" type="speculation"><W>must</W></cue></C><xcope ID="85"><ref COMMENTS="" ID="87" SRC="11"></ref><W>make</W><W>a</W><W>quick</W><W>trip</W><W>home</W><W>where</W><W>the</W><W>audience</W><W>is</W><W>then</W><W>introduced</W><W>to</W><W>her</W><W>boyfriend</W><C><W>and</W></C><W>neighbor</W></xcope><W>,</W><W>Quinn</W><W>(</W><W>Alec</W><W>Baldwin</W><W>)</W><W>.</W></SENTENCE><SENTENCE><W>Quinn</W><W>has</W><W>secret</W><W>designs</W><W>to</W><W>send</W><W>Conrad</W><W>to</W><W>military</W><W>school</W><C><W>and</W></C><W>the</W><W>kids</W><C><cue ID="12" type="speculation"><W>must</W></cue></C><xcope ID="15"><ref COMMENTS="" ID="18" SRC="12"></ref><W>therefore</W><W>find</W><W>some</W><W>way</W><W>to</W><W>expose</W><W>him</W></xcope><W>before</W><W>their</W><W>mom</W><W>decides</W><W>to</W><W>get</W><W>married</W><W>.</W></SENTENCE><SENTENCE><W>Enter</W><W>Mrs.</W><W>Kwan</W><W>(</W><W>Amy</W><W>Hill</W><W>)</W><W>:</W><W>the</W><W>babysitter</W><W>who</W><W>loves</W><W>to</W><W>sleep.</W></SENTENCE><SENTENCE><W>It</W><W>starts</W><W>raining</W><W>,</W><W>Conrad</W><C><W>and</W></C><W>Sally</W><W>have</W><W>been</W><W>fighting</W><W>,</W><W>they</W><W>hear</W><W>a</W><W>loud</W><W>noise</W><W>,</W><W>go</W><W>to</W><W>see</W><W>what</W><W>it</W><W>is</W><W>,</W><C><W>and</W></C><W>discover</W><W>an</W><W>oversized</W><W>cat</W><W>.</W></SENTENCE><SENTENCE><W>Cat</W><W>promises</W><W>them</W><W>a</W><W>fun-filled</W><W>day</W><W>where</W><W>nothing</W><W>will</W><W>go</W><W>wrong</W><W>;</W><W>he</W><W>even</W><W>has</W><W>them</W><W>sign</W><W>a</W><W>contract</W><W>.</W></SENTENCE><SENTENCE><W>Little</W><W>do</W><W>Conrad</W><C><W>and</W></C><W>Sally</W><W>know</W><W>that</W><W>Cat</W><W>will</W><W>only</W><W>create</W><W>many</W><W>more</W><W>problems</W><W>for</W><W>them</W><W>with</W><W>the</W><W>use</W><W>of</W><W>his</W><W>mysterious</W><W>hat</W><W>,</W><W>including</W><W>making</W><W>their</W><W>fish</W><W>talk</W><W>,</W><W>destroying</W><W>their</W><W>house</W><W>,</W><C><W>and</W></C><W>basically</W><W>ruining</W><W>their</W><W>lives</W><W>.</W></SENTENCE><SENTENCE><W>But</W><W>of</W><W>course</W><W>,</W><W>every</W><W>Dr.</W><W>Seuss</W><W>story</W><W>has</W><W>its</W><W>moral</W><C><W>and</W></C><W>its</W><W>happy</W><W>ending</W><W>.</W></SENTENCE><SENTENCE><W>Conrad</W><C><W>and</W></C><W>Sally</W><W>learn</W><W>that</W><W>they</W><W>really</W><W>love</W><W>each</W><W>other</W><C><W>and</W></C><C><cue ID="13" type="speculation"><W>should</W></cue></C><xcope ID="16"><ref ID="19" SRC="13"></ref><W>cooperate</W><W>more</W><W>with</W><W>their</W><W>mom</W></xcope><W>.</W></SENTENCE></P><P></P><P><SENTENCE><W>It</W><W>&#39;s</W><C><cue ID="20" type="negation"><W>not</W></cue></C><xcope ID="24"><ref ID="26" SRC="20"></ref><W>the</W><W>acting</W><W>that</W><W>makes</W><W>this</W><W>movie</W><W>bad</W></xcope><W>.</W></SENTENCE><SENTENCE><W>In</W><W>fact</W><W>,</W><W>the</W><W>acting</W><W>is</W><W>the</W><W>only</W><W>saving</W><W>grace</W><W>of</W><W>this</W><W>film</W><W>.</W></SENTENCE><SENTENCE><W>Alec</W><W>Baldwin</W><W>is</W><W>perfect</W><W>as</W><W>the</W><W>nosy</W><W>,</W><W>two-faced</W><W>neighbor</W><W>who</W><W>only</W><W>has</W><W>designs</W><W>on</W><W>Conrad</W><C><W>and</W></C><W>Sally</W><W>&#39;s</W><W>mom</W><W>.</W></SENTENCE><SENTENCE><W>The</W><W>way</W><xcope ID="90"><ref COMMENTS="" ID="91" SRC="21"></ref><W>he</W></xcope><C><cue ID="21" type="speculation"><W>seems</W></cue></C><xcope ID="23"><ref ID="27" SRC="21"></ref><W>so</W><W>sweet</W><W>one</W><W>minute</W></xcope><C><W>and</W></C><W>like</W><W>the</W><W>biggest</W><W>villain</W><W>the</W><W>next</W><W>,</W><W>will</W><W>have</W><W>you</W><W>loving</W><W>him</W><W>one</W><W>minute</W><C><W>and</W></C><W>hating</W><W>him</W><W>the</W><W>next</W><W>.</W></SENTENCE><SENTENCE><W>Dakota</W><W>Fanning</W><C><W>and</W></C><W>Spencer</W><W>Breslin</W><W>are</W><W>both</W><W>precious</W><W>as</W><W>the</W><W>bickering</W><W>sister</W><C><W>and</W></C><W>brother</W><W>.</W></SENTENCE><SENTENCE><W>Sally</W><cue ID="22" type="negation"><W>does</W><W>n&#39;t</W></cue><xcope ID="25"><ref COMMENTS="" ID="28" SRC="22"></ref><W>know</W><W>how</W><W>to</W><W>have</W><W>fun</W></xcope><C><W>and</W></C><W>Conrad</W><W>only</W><W>knows</W><W>how</W><W>to</W><W>have</W><W>fun</W><W>.</W></SENTENCE><SENTENCE><W>They</W><W>are</W><W>at</W><W>the</W><W>two</W><W>extremes</W><W>of</W><W>the</W><W>fun</W><W>scale</W><C><W>and</W></C><W>have</W><W>to</W><W>find</W><W>their</W><W>way</W><W>to</W><W>the</W><W>middle</W><W>.</W></SENTENCE><SENTENCE><W>Mike</W><W>Myers</W><W>is</W><W>perfect</W><W>as</W><W>Cat</W><W>.</W></SENTENCE><SENTENCE><W>He</W><W>&#39;s</W><W>hilarious</W><W>.</W></SENTENCE><SENTENCE><W>There</W><W>is</W><W>just</W><W>something</W><W>about</W><W>the</W><W>way</W><W>he</W><W>says</W><W>his</W><W>lines</W><W>that</W><W>makes</W><W>them</W><W>so</W><W>funny</W><W>.</W></SENTENCE></P><P></P><P><SENTENCE><W>It</W><W>&#39;s</W><W>just</W><W>everything</W><W>else</W><W>about</W><W>the</W><W>film</W><W>that</W><W>is</W><W>wrong</W><W>.</W></SENTENCE><SENTENCE><W>First</W><W>,</W><W>I</W><W>&#39;ll</W><W>start</W><W>with</W><W>the</W><W>screenplay</W><W>.</W></SENTENCE><SENTENCE><W>This</W><W>is</W><W>such</W><W>a</W><W>classic</W><W>children</W><W>&#39;s</W><W>book</W><C><W>and</W></C><W>yet</W><W>Alec</W><W>Berg</W><W>&#39;s</W><W>screenplay</W><W>demolishes</W><W>it</W><W>.</W></SENTENCE><SENTENCE><W>The</W><W>movie</W><W>changed</W><W>things</W><W>that</W><W>were</W><W>in</W><W>the</W><W>book</W><C><W>and</W></C><W>added</W><W>some</W><W>stuff</W><W>that</W><W>was</W><C><cue ID="29" type="negation"><W>never</W></cue></C><xcope ID="42"><ref ID="52" SRC="43"></ref><W>in</W><W>there</W><W>to</W><W>begin</W><W>with</W></xcope><C><W>and</W></C><cue ID="30" type="negation"><W>did</W><W>n&#39;t</W></cue><xcope ID="43"><ref ID="53" SRC="30"></ref><W>help</W><W>the</W><W>movie</W></xcope><W>.</W></SENTENCE><SENTENCE><W>I</W><W>especially</W><cue ID="32" type="negation"><W>did</W><W>n&#39;t</W></cue><xcope ID="89"><ref COMMENTS="" ID="91" SRC="32"></ref><W>like</W><W>the</W><W>fact</W><W>that</W><W>there</W><C><cue ID="33" type="speculation"><W>seem</W></cue></C><xcope ID="88"><ref COMMENTS="" ID="90" SRC="33"></ref><W>to</W><W>be</W><W>a</W><W>couple</W><W>of</W><W>sexual</W><W>innuendos</W><W>unappropriate</W><W>for</W><W>children</W><C><W>and</W></C><W>completely</W><W>unnecessary</W><W>in</W><W>the</W><W>film</W></xcope></xcope><W>.</W></SENTENCE><SENTENCE><W>The</W><W>make-up</W><cue ID="34" type="negation"><W>was</W><W>n&#39;t</W></cue><xcope ID="46"><ref ID="57" SRC="35"></ref><W>too</W><W>good</W></xcope><C><cue ID="35" type="negation"><W>either</W></cue></C><W>.</W></SENTENCE><SENTENCE><W>The</W><W>costume</W><C><W>and</W></C><W>make-up</W><W>of</W><W>Cat</W><W>look</W><W>so</W><W>fake</W><W>that</W><W>it</W><W>&#39;s</W><C><cue ID="36" type="negation"><W>not</W></cue></C><xcope ID="47"><ref COMMENTS="" ID="58" SRC="36"></ref><W>even</W><W>funny</W></xcope><W>.</W></SENTENCE><SENTENCE><W>I</W><W>know</W><W>that</W><W>it</W><C><cue ID="37" type="speculation"><W>would</W></cue></C><xcope ID="48"><ref ID="59" SRC="37"></ref><W>be</W><W>rather</W><W>difficult</W><W>to</W><W>do</W><W>make-up</W><W>to</W><W>make</W><W>Mike</W><W>Myers</W><W>look</W><W>like</W><W>a</W><W>cat</W></xcope><W>,</W><W>but</W><W>honestly</W><W>,</W><W>they</W><C><cue ID="38" type="speculation"><W>could</W></cue></C><xcope ID="49"><ref ID="60" SRC="38"></ref><W>have</W><W>done</W><W>a</W><W>little</W><W>bit</W><W>better</W><W>than</W><W>they</W><W>did</W></xcope><W>.</W></SENTENCE><SENTENCE><W>The</W><W>Grinch</W><W>was</W><W>a</W><W>completely</W><W>fake</W><W>creature</W><W>,</W><W>yet</W><W>Jim</W><W>Carrey</W><W>looked</W><W>perfect</W><W>in</W><W>that</W><W>movie</W><W>.</W></SENTENCE><SENTENCE><W>The</W><W>setting</W><cue ID="39" type="negation"><W>was</W><W>n&#39;t</W></cue><xcope ID="50"><ref COMMENTS="" ID="62" SRC="40"></ref><W>exactly</W><W>what</W><W>I</W><W>had</W><W>envisioned</W></xcope><C><cue ID="40" type="speculation"><W>either</W></cue></C><W>.</W></SENTENCE><SENTENCE><W>It</W><cue ID="63" type="negation"><W>did</W><W>n&#39;t</W></cue><xcope ID="65"><ref ID="66" SRC="63"></ref><W>look</W><W>like</W><W>it</W><W>had</W><W>just</W><W>&#34;leapt</W><W>&#34;</W><W>out</W><W>of</W><W>the</W><W>book</W></xcope><W>.</W></SENTENCE></P><P></P><P><SENTENCE><W>Overall</W><W>,</W><W>I</W><C><cue ID="67" type="speculation"><W>think</W></cue></C><xcope ID="76"><ref ID="82" SRC="67"></ref><W>little</W><W>kids</W><W>will</W><W>like</W><W>the</W><W>movie</W></xcope><W>.</W></SENTENCE><SENTENCE><W>They</W><cue ID="70" type="negation"><W>wo</W><W>n&#39;t</W></cue><xcope ID="77"><ref ID="83" SRC="70"></ref><W>know</W><W>any</W><W>different</W></xcope><W>.</W></SENTENCE><SENTENCE><W>Adults</W><C><W>and</W></C><W>anyone</W><W>who</W><W>has</W><W>ever</W><W>read</W><W>the</W><W>book</W><cue ID="71" type="negation"><W>wo</W><W>n&#39;t</W></cue><xcope ID="78"><ref ID="84" SRC="71"></ref><W>be</W><W>that</W><W>impressed</W></xcope><W>.</W></SENTENCE><SENTENCE><W>I</W><C><cue ID="72" type="speculation"><W>would</W></cue></C><xcope ID="79"><ref ID="85" SRC="72"></ref><W>highly</W><W>recommend</W><W>a</W><W>different</W><W>movie</W></xcope><W>,</W><W>such</W><W>as</W><W>Elf</W><W>,</W><C><cue ID="73" type="speculation"><W>if</W></cue></C><xcope ID="80"><ref COMMENTS="" ID="86" SRC="73"></ref><W>you</W><W>&#39;re</W><W>looking</W><W>for</W><W>a</W><W>family</W><W>movie</W><W>that</W><W>everyone</W><W>will</W><W>love</W></xcope><W>.</W></SENTENCE><SENTENCE><W>Wait</W><W>to</W><W>get</W><W>this</W><W>movie</W><W>for</W><W>the</W><W>kids</W><W>when</W><W>it</W><W>comes</W><W>out</W><W>on</W><W>video</W><W>,</W><W>it</W><W>&#39;s</W><C><cue ID="75" type="negation"><W>not</W></cue></C><xcope ID="81"><ref COMMENTS="" ID="87" SRC="75"></ref><W>really</W><W>worth</W><W>seeing</W><W>in</W><W>theaters</W></xcope><W>.</W></SENTENCE></P></DOCUMENT>
