<?xml version="1.0" encoding="UTF-8"?>
<DOCUMENT><P></P><P><SENTENCE><W>Plot</W><W>Details</W><W>:</W><W>This</W><W>opinion</W><W>reveals</W><W>minor</W><W>details</W><W>about</W><W>the</W><W>movie</W><W>&#39;s</W><W>plot</W><W>.</W></SENTENCE></P><P></P><P><SENTENCE><W>OK</W><W>,</W><W>I</W><W>&#39;ll</W><W>admit</W><W>it</W><W>,</W><W>I</W><W>went</W><W>to</W><W>this</W><W>movie</W><W>with</W><W>pretty</W><W>low</W><W>expectations</W><W>,</W><C><W>and</W></C><xcope ID="91"><ref COMMENTS="" ID="92" SRC="0"></ref><W>they</W></xcope><C><cue ID="0" type="speculation"><W>seemed</W></cue></C><xcope ID="1"><ref ID="2" SRC="0"></ref><W>to</W><W>meet</W><W>everyone</W><W>of</W><W>them</W></xcope><W>.</W></SENTENCE><SENTENCE><W>I</W><W>have</W><W>been</W><W>a</W><W>Dr</W><W>Seuss</W><W>fan</W><W>since</W><W>I</W><W>first</W><W>loved</W><W>to</W><W>read</W><W>.</W></SENTENCE><SENTENCE><W>Now</W><W>I</W><W>have</W><W>two</W><W>kids</W><W>of</W><W>my</W><W>own</W><C><W>and</W></C><W>when</W><W>the</W><W>kids</W><W>bring</W><W>me</W><W>a</W><W>Dr</W><W>Seuss</W><W>book</W><W>to</W><W>read</W><W>at</W><W>bed</W><W>time</W><W>,</W><W>I</W><W>have</W><W>as</W><W>much</W><W>fun</W><W>reading</W><W>it</W><W>as</W><W>they</W><W>do</W><W>hearing</W><W>it</W><W>.</W></SENTENCE></P><P></P><P><SENTENCE><W>WARNING</W><W>!</W><W>!</W><W>!</W></SENTENCE><SENTENCE><W>This</W><W>gets</W><W>long</W><W>winded</W><C><W>and</W></C><W>I</W><W>apologize</W><W>for</W><W>it</W><W>,</W><W>but</W><W>there</W><W>is</W><W>so</W><W>much</W><W>to</W><W>complain</W><W>about</W><W>.</W></SENTENCE></P><P></P><P><SENTENCE><W>Overall</W><W>Problems</W><W>(</W><W>in</W><W>my</W><W>opinion</W><W>)</W><W>:</W></SENTENCE></P><P></P><P><SENTENCE><W>The</W><W>Cat</W><W>:</W><C><cue ID="3" type="speculation"><W>Apparently</W></cue></C><xcope ID="9"><ref COMMENTS="" ID="14" SRC="3"></ref><W>the</W><W>only</W><W>thing</W><W>Mike</W><W>Myers</W><W>had</W><W>to</W><W>base</W><W>his</W><W>character</W><W>on</W><W>was</W><W>old</W><W>copies</W><W>of</W><W>the</W><W>Wizard</W><W>of</W><W>Oz</W></xcope><W>.</W></SENTENCE><SENTENCE><W>The</W><W>cat</W><W>looked</W><W>too</W><W>much</W><W>like</W><W>the</W><W>lion</W><C><W>AND</W></C><W>laughed</W><W>too</W><W>much</W><W>like</W><W>the</W><W>lion</W><C><W>AND</W></C><W>often</W><W>sounded</W><W>too</W><W>much</W><W>like</W><W>the</W><W>lion</W><W>.</W></SENTENCE><SENTENCE><W>I</W><C><cue ID="4" type="negation"><W>never</W></cue></C><xcope ID="10"><ref ID="15" SRC="4"></ref><W>met</W><W>the</W><W>Doc</W></xcope><W>,</W><W>but</W><W>I</W><W>have</W><W>to</W><C><W>believe</W></C><W>after</W><W>reading</W><W>as</W><W>much</W><W>as</W><W>I</W><W>have</W><W>of</W><W>his</W><W>material</W><W>,</W><W>the</W><W>cat</W><W>he</W><W>had</W><W>in</W><W>mind</W><W>was</W><C><cue ID="6" type="negation"><W>not</W></cue></C><xcope ID="11"><ref COMMENTS="" ID="16" SRC="6"></ref><W>a</W><W>vulgar</W><W>pervert</W><W>with</W><W>bad</W><W>taste</W><W>in</W><W>music</W></xcope><W>.</W></SENTENCE><SENTENCE><W>I</W><W>really</W><C><cue COMMENTS="" ID="7" type="speculation"><W>thought</W></cue></C><xcope ID="12"><ref COMMENTS="" ID="17" SRC="7"></ref><W>for</W><W>this</W><W>part</W></xcope><W>,</W><W>someone</W><C><cue ID="8" type="speculation"><W>would</W></cue></C><xcope ID="13"><ref COMMENTS="" ID="18" SRC="8"></ref><W>have</W><W>put</W><W>a</W><W>leash</W><W>on</W><W>Mike</W><W>Myers</W></xcope><W>.</W></SENTENCE></P><P></P><P><SENTENCE><W>The</W><W>Language</W><W>:</W></SENTENCE></P><P></P><P><SENTENCE><W>While</W><W>they</W><C><cue ID="19" type="negation"><W>never</W></cue></C><xcope ID="28"><ref ID="38" SRC="19"></ref><W>actually</W><W>said</W><W>any</W><W>curse</W><W>words</W></xcope><W>,</W><W>They</W><W>got</W><W>way</W><W>too</W><W>close</W><W>on</W><W>several</W><W>occasions</W><W>.</W></SENTENCE><SENTENCE><W>Based</W><W>on</W><W>the</W><W>load</W><W>at</W><W>the</W><W>theatre</W><W>I</W><W>was</W><W>at</W><W>,</W><C><W>and</W></C><W>the</W><W>fact</W><W>that</W><W>it</W><W>&#39;s</W><W>been</W><W>on</W><W>for</W><W>about</W><W>5</W><W>days</W><W>now</W><W>,</W><W>I</W><W>&#39;d</W><W>guess</W><W>that</W><W>approx</W><W>1000</W><W>kids</W><W>are</W><W>going</W><W>to</W><W>be</W><W>walking</W><W>around</W><W>school</W><W>looking</W><W>at</W><W>one</W><W>another</W><C><W>and</W></C><W>quoting</W><W>the</W><W>cat</W><W>when</W><W>he</W><W>said</W><W>&#34;</W><W>SON</W><W>OF</W><W>A</W><W>BI...&#34;</W><W>,</W><C><cue ID="20" type="negation"><W>never</W></cue></C><xcope ID="29"><ref COMMENTS="" ID="39" SRC="20"></ref><W>actually</W><W>saying</W><W>it</W></xcope><W>,</W><W>but</W><W>getting</W><W>to</W><W>close</W><W>.</W></SENTENCE><SENTENCE><W>Lots</W><W>of</W><W>kids</W><W>will</W><W>be</W><W>saying</W><W>with</W><C><cue ID="21" type="negation"><W>no</W></cue></C><xcope ID="30"><ref COMMENTS="" ID="40" SRC="21"></ref><W>understanding</W><W>of</W><W>what</W><W>it</W><W>was</W><W>meant</W><W>to</W><C><W>imply</W></C></xcope><W>,</W><W>but</W><C><cue COMMENTS="" ID="22" type="speculation"><W>would</W></cue></C><xcope ID="31"><ref ID="41" SRC="22"></ref><W>you</W><W>want</W><W>them</W><W>to</W><W>walk</W><W>up</W><W>in</W><W>front</W><W>of</W><W>your</W><W>parents</W></xcope><W>,</W><xcope ID="32"><ref ID="42" SRC="23"></ref><W>their</W><W>teacher</W></xcope><W>,</W><xcope ID="33"><ref ID="43" SRC="23"></ref><W>someone</W><W>at</W><W>church</W></xcope><W>,</W><C><cue ID="23" type="speculation"><W>or</W></cue></C><xcope ID="34"><ref ID="44" SRC="23"></ref><W>someone</W><W>in</W><W>a</W><W>store</W></xcope><C><W>and</W></C><W>spout</W><W>off</W><W>that</W><W>phrase</W><W>?</W><W>?</W></SENTENCE><SENTENCE><W>It</W><W>was</W><W>one</W><W>of</W><W>many</W><W>.</W></SENTENCE><SENTENCE><W>There</W><W>is</W><W>another</W><W>scene</W><W>where</W><W>the</W><W>boy</W><W>starts</W><W>to</W><W>say</W><W>SH**</W><W>(</W><W>as</W><W>a</W><W>lady</W><W>I</W><W>used</W><W>to</W><W>work</W><W>with</W><C><cue ID="24" type="speculation"><W>would</W></cue></C><xcope ID="35"><ref ID="45" SRC="24"></ref><W>say</W></xcope><W>...&#34;</W><W>Sugar-Honey-Iced-Tea&#34;</W><W>)</W><W>.</W></SENTENCE><SENTENCE><W>I</W><C><cue ID="25" type="speculation"><W>think</W></cue></C><xcope ID="118"><ref COMMENTS="" ID="121" SRC="25"></ref><C><cue ID="26" type="speculation"><W>if</W></cue></C><xcope ID="36"><ref COMMENTS="" ID="119" SRC="26"></ref><W>this</W><W>was</W><W>going</W><W>to</W><W>be</W><W>marketed</W><W>to</W><W>kids</W></xcope><W>,</W><W>Mike</W><C><W>and</W></C><W>the</W><W>producers</W><C><cue ID="27" type="speculation"><W>could</W></cue></C><xcope ID="37"><ref COMMENTS="" ID="48" SRC="27"></ref><W>have</W><W>done</W><W>a</W><W>lot</W><W>of</W><W>house</W><W>cleaning</W><W>in</W><W>this</W><W>area</W></xcope><W>.</W></xcope></SENTENCE></P><P></P><P><SENTENCE><W>Alec</W><W>Baldwin</W><W>:</W></SENTENCE></P><P></P><P><SENTENCE><W>Although</W><W>it</W><W>was</W><W>a</W><W>bit</W><W>confusing</W><W>to</W><W>my</W><W>4</W><W>year</W><W>old</W><W>why</W><W>Mr.</W><W>Conductor</W><W>from</W><W>the</W><W>Thomas</W><W>the</W><W>Tank</W><W>movie</W><W>was</W><W>in</W><W>the</W><W>Cat</W><W>In</W><W>The</W><W>Hat</W><W>,</W><W>Alec</W><W>&#39;s</W><W>character</W><W>did</W><W>a</W><W>good</W><W>job</W><W>of</W><W>being</W><W>the</W><W>guy</W><W>any</W><W>kid</W><C><cue ID="49" type="speculation"><W>could</W></cue></C><xcope ID="51"><ref COMMENTS="" ID="54" SRC="49"></ref><W>hate</W></xcope><W>.</W></SENTENCE><SENTENCE><W>He</W><W>taunts</W><W>the</W><W>boy</W><W>to</W><W>the</W><W>point</W><W>that</W><W>you</W><W>just</W><W>want</W><W>to</W><W>see</W><W>this</W><W>kid</W><W>really</W><W>give</W><W>him</W><W>what</W><W>&#39;s</W><W>coming</W><W>to</W><W>him</W><W>.</W></SENTENCE><SENTENCE><W>What</W><W>I</W><cue ID="50" type="negation"><W>did</W><W>n&#39;t</W></cue><xcope ID="52"><ref ID="53" SRC="50"></ref><W>like</W><W>was</W><W>the</W><W>over</W><W>the</W><W>top</W><W>job</W><W>they</W><W>did</W><W>on</W><W>Alec</W><W>&#39;s</W><W>character</W></xcope><W>making</W><W>him</W><W>the</W><W>opposite</W><W>of</W><W>what</W><W>the</W><W>children</W><W>&#39;s</W><W>mother</W><C><W>thought</W></C><W>he</W><W>was</W><W>.</W></SENTENCE><SENTENCE><W>We</W><W>comes</W><W>through</W><W>the</W><W>kitchen</W><W>at</W><W>one</W><W>point</W><W>carrying</W><W>a</W><W>6</W><W>pack</W><W>of</W><W>beer</W><W>,</W><W>eating</W><W>a</W><W>sandwich</W><W>,</W><C><W>and</W></C><W>burps</W><W>in</W><W>the</W><W>kids</W><W>faces</W><W>.</W></SENTENCE><SENTENCE><W>Then</W><W>another</W><W>scene</W><W>shows</W><W>home</W><W>removing</W><W>what</W><W>looks</W><W>like</W><W>the</W><W>&#34;girdle</W><W>&#34;</W><W>that</W><W>surgery</W><W>patients</W><W>wear</W><W>on</W><W>their</W><W>abdomen</W><W>to</W><W>prevent</W><W>tearing</W><W>the</W><W>stitches</W><W>.</W></SENTENCE><SENTENCE><W>A</W><W>LARGE</W><W>gut</W><W>comes</W><W>rolling</W><W>out</W><C><W>and</W></C><W>he</W><W>proceeds</W><W>to</W><W>sit</W><W>there</W><W>being</W><W>as</W><W>gross</W><W>as</W><C><W>possible</W></C><W>.</W></SENTENCE></P><P></P><P><SENTENCE><W>The</W><W>good</W><W>points</W><W>(ok</W><W>,</W><W>this</W><C><cue ID="55" type="speculation"><W>should</W></cue></C><xcope ID="56"><ref COMMENTS="" ID="57" SRC="55"></ref><W>be</W><W>quick</W></xcope><W>)</W></SENTENCE></P><P></P><P><SENTENCE><W>Kelly</W><W>Preston</W><W>:</W><C><cue ID="58" type="speculation"><W>If</W></cue></C><xcope ID="122"><ref COMMENTS="" ID="123" SRC="58"></ref><W>I</W><W>really</W><W>have</W><W>to</W><W>explain</W><W>why</W><W>she</W><W>is</W><W>in</W><W>the</W><W>&#34;good</W><W>&#34;</W><W>section</W></xcope><W>,</W><W>then</W><W>you</W><cue ID="59" type="negation"><W>have</W><W>n&#39;t</W></cue><xcope ID="61"><ref ID="63" SRC="59"></ref><W>seen</W><W>her</W></xcope><W>.</W></SENTENCE><SENTENCE><W>(</W><W>big</W><W>grin</W><W>)</W></SENTENCE></P><P></P><P><SENTENCE><W>The</W><W>Story</W><W>Line</W><W>:</W></SENTENCE></P><P></P><P><SENTENCE><W>OK</W><W>,</W><W>I</W><W>&#39;ll</W><W>give</W><W>credit</W><W>here</W><W>,</W><W>although</W><W>I</W><W>really</W><cue ID="64" type="negation"><W>did</W><W>n&#39;t</W></cue><xcope ID="66"><ref COMMENTS="" ID="69" SRC="64"></ref><W>like</W><W>the</W><W>path</W><W>they</W><W>took</W><W>to</W><W>get</W><W>there</W></xcope><W>,</W><W>the</W><W>story</W><W>line</W><W>was</W><W>basically</W><W>the</W><W>same</W><W>.</W></SENTENCE><SENTENCE><W>Fun</W><W>is</W><W>good</W><W>,</W><W>but</W><W>only</W><C><cue ID="65" type="speculation"><W>if</W></cue></C><xcope ID="67"><ref ID="68" SRC="65"></ref><W>you</W><W>know</W><W>when</W><W>to</W><W>stop</W></xcope><W>.</W></SENTENCE></P><P></P><P><SENTENCE><W>Some</W><W>added</W><W>touches</W><W>...</W></SENTENCE><SENTENCE><W>The</W><W>brother</W><C><W>and</W></C><W>sister</W><W>who</W><W>had</W><W>issues</W><W>before</W><W>the</W><W>adventure</W><W>,</W><W>were</W><W>now</W><W>a</W><W>lot</W><W>closer</W><C><W>and</W></C><W>even</W><W>willing</W><W>to</W><W>stand</W><W>up</W><W>for</W><W>one</W><W>another</W><W>.</W></SENTENCE><SENTENCE><W>The</W><W>mother</W><W>who</W><W>was</W><W>starting</W><W>to</W><W>doubt</W><C><cue ID="70" type="negation"><W>not</W></cue></C><xcope ID="72"><ref ID="74" SRC="70"></ref><W>only</W><W>her</W><W>ability</W><W>to</W><W>raise</W><W>her</W><W>son</W></xcope><W>,</W><W>but</W><W>also</W><W>her</W><W>son</W><W>&#39;s</W><W>ability</W><W>to</W><W>accept</W><W>responsibility</W><C><W>and</W></C><W>do</W><W>the</W><W>things</W><W>we</W><W>was</W><W>asked</W><W>to</W><W>do</W><W>,</W><W>now</W><W>had</W><W>now</W><W>doubt</W><W>that</W><W>they</W><C><cue ID="71" type="speculation"><W>would</W></cue></C><xcope ID="73"><ref COMMENTS="" ID="75" SRC="71"></ref><W>all</W><W>be</W><W>just</W><W>fine</W><W>together</W></xcope><W>.</W></SENTENCE></P><P></P><P><SENTENCE><W>Did</W><W>I</W><W>mention</W><W>Kelly</W><W>Preston</W><W>yet</W><W>?</W><W>?</W></SENTENCE></P><P></P><P><SENTENCE><W>Overall</W><W>,</W><W>this</W><C><cue ID="76" type="speculation"><W>would</W></cue></C><xcope ID="86"><ref ID="94" SRC="76"></ref><W>be</W><W>an</W><W>ok</W><W>movie</W><W>for</W><W>older</W><W>kids</W></xcope><W>,</W><cue ID="77" type="speculation"><W>maybe</W></cue><W>,</W><C><cue ID="78" type="speculation"><W>if</W></cue></C><xcope ID="87"><ref COMMENTS="" ID="96" SRC="77"></ref><W>they</W><W>had</W><W>a</W><W>firm</W><W>grasp</W><W>on</W><W>the</W><W>understanding</W><W>that</W><W>some</W><W>of</W><W>the</W><W>things</W><W>you</W><W>see</W><W>on</W><W>a</W><W>movie</W><W>are</W></xcope><C><cue ID="79" type="negation"><W>not</W></cue></C><xcope ID="88"><ref COMMENTS="" ID="97" SRC="79"></ref><W>acceptable</W><W>in</W><W>the</W><W>real</W><W>world</W></xcope><W>.</W></SENTENCE><SENTENCE><W>It</W><C><cue ID="80" type="speculation"><W>would</W></cue></C><C><cue ID="81" type="speculation"><W>probably</W></cue></C><xcope ID="89"><ref ID="99" SRC="80"></ref><W>be</W><W>a</W><W>good</W><W>teenager</W><W>movie</W></xcope><W>.</W></SENTENCE><SENTENCE><W>It</W><C><cue ID="82" type="speculation"><W>seemed</W></cue></C><W>to</W><xcope ID="90"><ref ID="100" SRC="82"></ref><W>have</W><W>a</W><W>lot</W><W>of</W><W>the</W><W>type</W><W>of</W><W>humor</W><W>teens</W><W>are</W><W>accustomed</W><W>to</W><W>seeing</W></xcope><W>.</W></SENTENCE><SENTENCE><W>(</W><C><cue ID="83" type="negation"><W>not</W></cue></C><xcope ID="91"><ref COMMENTS="" ID="103" SRC="84"></ref><W>saying</W><W>that</W><W>&#39;s</W><W>good</W></xcope><C><cue ID="84" type="speculation"><W>or</W></cue></C><xcope ID="92"><ref COMMENTS="" ID="102" SRC="84"></ref><W>bad</W></xcope><W>,</W><W>just</W><W>that</W><W>this</W><W>movie</W><cue ID="85" type="speculation"><C><W>would</W></C><W>n&#39;t</W></cue><xcope ID="93"><ref COMMENTS="" ID="105" SRC="85"></ref><W>be</W><W>their</W><W>first</W><W>exposure</W><W>to</W><W>this</W><W>type</W><W>of</W><W>humor</W></xcope><W>)</W><W>.</W></SENTENCE></P><P></P><P><SENTENCE><W>Imagine</W><C><W>if</W></C><W>you</W><W>will</W><W>,</W><W>Mike</W><W>Myers</W><W>dressing</W><W>the</W><W>part</W><W>of</W><W>the</W><W>Lion</W><W>from</W><W>the</W><W>Wizard</W><W>of</W><W>OZ</W><W>,</W><C><W>and</W></C><W>filming</W><W>the</W><W>next</W><W>installment</W><W>of</W><W>Austin</W><W>Powers</W><W>dressed</W><W>that</W><W>way</W><W>through</W><W>the</W><W>whole</W><W>movie</W><W>.</W></SENTENCE></P><P></P><P><SENTENCE><C><cue ID="117" type="speculation"><W>If</W></cue></C><xcope ID="124"><ref COMMENTS="" ID="125" SRC="117"></ref><W>you</W><cue ID="106" type="negation"><W>have</W><W>n&#39;t</W></cue><xcope ID="111"><ref ID="119" SRC="106"></ref><W>figured</W><W>it</W><W>out</W><W>by</W><W>now</W></xcope></xcope><W>,</W><W>I</W><cue ID="107" type="negation"><W>was</W><W>n&#39;t</W></cue><xcope ID="112"><ref ID="120" SRC="107"></ref><W>real</W><W>impressed</W><W>with</W><W>this</W><W>movie</W></xcope><W>.</W></SENTENCE><SENTENCE><W>Being</W><W>a</W><W>long</W><W>time</W><W>Doc</W><W>fan</W><W>,</W><W>I</W><cue ID="108" type="negation"><W>did</W><W>n&#39;t</W></cue><xcope ID="113"><ref ID="121" SRC="108"></ref><W>like</W><W>the</W><W>Grinch</W><W>with</W><W>Jim</W><W>Carey</W></xcope><W>,</W><W>but</W><W>it</W><W>was</W><W>a</W><W>masterpiece</W><W>compared</W><W>to</W><W>this</W><W>one</W><W>.</W></SENTENCE><SENTENCE><W>I</W><W>really</W><C><W>hope</W></C><W>that</W><W>Horton</W><W>Hear</W><W>A</W><W>Who</W><cue ID="109" type="negation"><W>is</W><W>n&#39;t</W></cue><xcope ID="114"><ref ID="122" SRC="109"></ref><W>up</W><W>for</W><W>the</W><W>next</W><W>book</W><W>to</W><W>be</W><W>butchered</W></xcope><W>.</W></SENTENCE></P></DOCUMENT>
