<?xml version="1.0" encoding="UTF-8"?>
<DOCUMENT><P></P><P><SENTENCE><W>Poor</W><W>Dr.</W><W>Seuss</W><W>.</W></SENTENCE><SENTENCE><W>I</W><W>&#39;m</W><C><cue ID="0" type="negation"><W>not</W></cue></C><xcope ID="66"><ref COMMENTS="" ID="67" SRC="0"></ref><W>sure</W><C><cue ID="1" type="speculation"><W>if</W></cue></C><xcope ID="64"><ref COMMENTS="" ID="65" SRC="1"></ref><W>he</W><C><cue ID="2" type="speculation"><W>should</W></cue></C><xcope ID="13"><ref COMMENTS="" ID="63" SRC="2"></ref><W>be</W><W>angrier</W><W>at</W><W>his</W><W>widow</W><W>for</W><W>giving</W><W>studios</W><W>the</W><W>rights</W><W>to</W><W>his</W><W>stories</W></xcope></xcope></xcope><W>,</W><C><cue ID="3" type="speculation"><W>or</W></cue></C><xcope ID="12"><ref ID="17" SRC="3"></ref><W>to</W><W>the</W><W>studios</W><W>for</W><W>stabbing</W><W>his</W><W>widow</W><W>in</W><W>the</W><W>back</W><W>when</W><W>she</W><W>trusted</W><W>them</W></xcope><W>.</W></SENTENCE></P><P></P><P><SENTENCE><W>When</W><W>THE</W><W>GRINCH</W><W>was</W><W>made</W><W>,</W><W>it</W><W>was</W><W>a</W><W>fun</W><W>movie</W><W>that</W><C><cue ID="4" type="speculation"><W>could</W></cue></C><xcope ID="19"><ref ID="24" SRC="4"></ref><W>have</W><W>been</W><W>pushed</W><W>further</W></xcope><W>.</W></SENTENCE><SENTENCE><W>But</W><W>it</W><W>was</W><W>fun</W><W>.</W></SENTENCE><SENTENCE><W>I</W><W>understand</W><W>that</W><W>the</W><W>widow</W><W>has</W><W>control</W><W>over</W><W>what</W><W>is</W><W>going</W><W>on</W><W>during</W><W>the</W><W>writing</W><W>process</W><W>.</W></SENTENCE><SENTENCE><W>In</W><W>THE</W><W>GRINCH</W><W>she</W><W>exercised</W><W>a</W><W>lot</W><W>of</W><W>,</W><W>but</W><C><cue ID="5" type="negation"><W>not</W></cue></C><xcope ID="20"><ref ID="25" SRC="5"></ref><W>enough</W></xcope><W>,</W><W>control</W><W>.</W></SENTENCE><SENTENCE><W>In</W><W>THE</W><W>CAT</W><W>IN</W><W>THE</W><W>HAT</W><W>,</W><W>the</W><W>producers</W><C><W>and</W></C><W>writers</W><W>took</W><W>the</W><W>rights</W><W>they</W><W>had</W><C><W>and</W></C><W>ran</W><W>with</W><W>them</W><W>,</W><W>putting</W><W>things</W><W>in</W><W>that</W><W>the</W><W>widow</W><W>,</W><W>let</W><W>alone</W><W>Dr.</W><W>Seuss</W><W>,</W><cue ID="6" type="negation"><W>did</W><W>n&#39;t</W></cue><xcope ID="69"><ref COMMENTS="" ID="71" SRC="6"></ref><C><W>and</W></C><cue ID="7" type="speculation"><C><W>would</W></C><W>n&#39;t</W></cue><xcope ID="68"><ref COMMENTS="" ID="70" SRC="7"></ref><W>have</W><W>endorsed</W></xcope></xcope><W>.</W></SENTENCE><SENTENCE><C><W>Whether</W></C><W>you</W><xcope ID="22"><ref ID="28" SRC="8"></ref><W>loved</W></xcope><C><cue ID="8" type="speculation"><W>or</W></cue></C><xcope ID="23"><ref COMMENTS="" ID="29" SRC="8"></ref><W>hated</W><W>THE</W><W>GRINCH</W></xcope><W>,</W><W>it</W><W>&#39;s</W><W>the</W><W>Sistine</W><W>Chapel</W><W>compared</W><W>to</W><W>this</W><W>monstrosity</W><W>.</W></SENTENCE></P><P></P><P><SENTENCE><W>We</W><W>have</W><W>a</W><W>cliched</W><W>story</W><W>.</W></SENTENCE><SENTENCE><W>The</W><W>little</W><W>girl</W><W>,</W><W>Sally</W><W>,</W><W>is</W><W>a</W><W>control</W><W>freak</W><W>.</W></SENTENCE><SENTENCE><W>Her</W><W>brother</W><W>,</W><xcope ID="52"><ref COMMENTS="" ID="53" SRC="30"></ref><W>Conrad</W></xcope><W>,</W><C><cue ID="30" type="speculation"><W>seems</W></cue></C><xcope ID="34"><ref ID="38" SRC="30"></ref><W>to</W><W>make</W><W>it</W><W>his</W><W>life</W><W>mission</W><W>to</W><W>get</W><W>into</W><W>trouble</W></xcope><W>.</W></SENTENCE><SENTENCE><W>The</W><W>babysitter</W><W>comes</W><W>to</W><W>watch</W><W>the</W><W>children</W><W>,</W><C><W>and</W></C><W>she</W><W>falls</W><W>asleep.</W></SENTENCE><SENTENCE><W>Enter</W><W>the</W><W>Cat</W><W>.</W></SENTENCE><SENTENCE><W>The</W><W>movie</W><W>,</W><W>which</W><W>starts</W><W>out</W><W>almost</W><W>promisingly</W><W>,</W><W>loses</W><W>its</W><W>grip</W><W>as</W><W>soon</W><W>as</W><W>the</W><W>Cat</W><W>enters</W><W>.</W></SENTENCE><SENTENCE><W>Funny</W><W>,</W><W>but</W><W>I</W><C><cue ID="31" type="speculation"><W>thought</W></cue></C><xcope ID="73"><ref COMMENTS="" ID="75" SRC="31"></ref><W>for</W><W>sure</W><W>it</W><C><cue ID="32" type="speculation"><W>should</W></cue></C><xcope ID="72"><ref COMMENTS="" ID="74" SRC="32"></ref><W>pick</W><W>up</W><W>there</W></xcope></xcope><W>,</W><C><cue ID="33" type="speculation"><W>if</W></cue></C><xcope ID="37"><ref ID="41" SRC="33"></ref><W>anything</W></xcope><W>.</W></SENTENCE><SENTENCE><W>All</W><W>day</W><W>,</W><W>the</W><W>cat</W><W>insists</W><W>on</W><W>doing</W><W>outlandish</W><W>things</W><W>with</W><W>the</W><W>children</W><W>,</W><W>such</W><W>as</W><W>making</W><W>cupcakes</W><W>out</W><W>of</W><W>,</W><W>literally</W><W>,</W><W>everything</W><W>,</W><C><W>and</W></C><W>using</W><W>the</W><W>sleeping</W><W>babysitter</W><W>as</W><W>a</W><W>raft</W><W>while</W><W>going</W><W>down</W><W>a</W><W>water</W><W>slide</W><W>.</W></SENTENCE><SENTENCE><W>A</W><W>lame</W><C><W>and</W></C><W>cliched</W><W>subplot</W><W>,</W><W>about</W><W>the</W><W>mother</W><W>&#39;s</W><W>boyfriend</W><W>wanting</W><W>to</W><W>send</W><W>Conrad</W><W>to</W><W>military</W><W>school</W><W>,</W><W>also</W><W>takes</W><W>place</W><W>.</W></SENTENCE></P><P></P><P><SENTENCE><W>One</W><W>sexual</W><W>joke</W><W>after</W><W>another</W><W>follows</W><W>.</W></SENTENCE><SENTENCE><W>The</W><W>cat</W><W>lands</W><W>on</W><W>a</W><W>garden</W><W>hoe</W><C><W>and</W></C><W>exclaims</W><W>&#34;</W><W>You</W><W>dirty</W><W>ho!</W><W>Oh</W><W>,</W><W>just</W><W>kidding</W><W>.</W></SENTENCE><SENTENCE><W>I</W><W>love</W><W>you</W><W>,</W><W>baby</W><W>!</W><W>&#34;</W></SENTENCE><SENTENCE><W>When</W><W>asked</W><W>where</W><W>he</W><W>came</W><W>from</W><W>,</W><W>the</W><W>cat</W><W>starts</W><W>to</W><W>explain</W><W>&#34;</W><W>Well</W><W>,</W><W>when</W><W>a</W><W>mommy</W><W>cat</W><C><W>and</W></C><W>a</W><W>daddy</W><W>cat</W><W>love</W><W>each</W><W>other</W><W>very</W><W>much</W><W>..</W><W>.</W><W>&#34;</W><W>The</W><W>most</W><W>appalling</W><W>sexual</W><W>joke</W><W>is</W><W>when</W><W>the</W><W>cat</W><W>&#39;s</W><W>hat</W><W>stiffens</W><W>,</W><W>like</W><W>an</W><W>erection</W><W>,</W><W>when</W><W>he</W><W>&#39;s</W><W>looking</W><W>at</W><W>a</W><W>picture</W><W>of</W><W>the</W><W>kids</W><W>&#39;</W><W>mother</W><C><W>and</W></C><W>asks</W><W>&#34;</W><W>Who</W><W>is</W><W>that</W><W>?</W><W>&#34;</W></SENTENCE><SENTENCE><W>It</W><W>turns</W><W>out</W><W>the</W><W>picture</W><W>of</W><W>her</W><W>is</W><W>constructed</W><W>like</W><W>a</W><W>Playboy</W><W>centerfold</W><W>.</W></SENTENCE></P><P></P><P><SENTENCE><C><W>And</W></C><W>,</W><W>of</W><W>course</W><W>,</W><W>since</W><W>Mike</W><W>Meyers</W><W>plays</W><W>the</W><W>Cat</W><W>,</W><W>it</W><C><cue ID="42" type="speculation"><W>seems</W></cue></C><xcope ID="51"><ref ID="57" SRC="42"></ref><W>he</W><W>is</W><W>obligated</W><W>to</W><W>reference</W><W>Austin</W><W>Powers</W></xcope><W>.</W></SENTENCE><SENTENCE><W>Heck</W><W>,</W><W>the</W><W>movie</W><W>is</W><W>one</W><W>un-funny</W><W>comedy</W><W>sketch</W><W>after</W><W>another</W><W>by</W><W>Mike</W><W>Meyers</W><W>.</W></SENTENCE><SENTENCE><W>To</W><W>quote</W><W>one</W><W>critic</W><W>,</W><W>&#34;</W><W>It</W><W>is</W><W>difficult</W><W>to</W><W>tell</W><W>who</W><W>is</W><W>less</W><W>recognizable</W><W>in</W><W>this</W><W>movie--</W><xcope ID="60"><ref ID="64" SRC="62"></ref><W>The</W><W>Cat</W></xcope><C><cue ID="62" type="speculation"><W>or</W></cue></C><xcope ID="61"><ref ID="63" SRC="62"></ref><W>Mike</W><W>Meyers</W></xcope><W>.</W><W>&#34;</W></SENTENCE><SENTENCE><W>I</W><C><cue ID="43" type="speculation"><W>think</W></cue></C><xcope ID="52"><ref ID="58" SRC="43"></ref><W>the</W><W>cat</W></xcope><W>.</W></SENTENCE></P><P></P><P><SENTENCE><W>A</W><W>cute</W><W>,</W><W>innocent</W><W>story</W><W>(</W><W>though</W><W>some</W><W>Freudians</W><W>will</W><W>argue</W><W>that</W><W>it</W><W>&#39;s</W><C><cue ID="44" type="negation"><W>not</W></cue></C><xcope ID="50"><ref ID="65" SRC="44"></ref><W>such</W></xcope><W>)</W><W>was</W><W>taken</W><C><W>and</W></C><W>butchered</W><W>by</W><W>writers</W><W>who</W><C><cue ID="54" type="speculation"><W>feel</W></cue></C><xcope ID="55"><ref COMMENTS="" ID="56" SRC="54"></ref><W>that</W><W>the</W><W>only</W><W>way</W><W>to</W><W>make</W><W>this</W><W>story</W><W>work</W><W>is</W><W>to</W><W>appeal</W><W>to</W><W>the</W><W>lowest</W><W>common</W><W>denominator</W><W>.</W></xcope></SENTENCE><SENTENCE><C><cue ID="45" type="speculation"><W>If</W></cue></C><xcope ID="54"><ref COMMENTS="" ID="67" SRC="45"></ref><W>that</W><W>&#39;s</W><W>the</W><W>case</W></xcope><W>,</W><W>then</W><W>why</W><W>even</W><W>make</W><W>this</W><W>movie</W><W>?</W></SENTENCE><SENTENCE><W>You</W><W>wind</W><W>up</W><C><cue ID="46" type="negation"><W>not</W></cue></C><xcope ID="53"><ref ID="66" SRC="46"></ref><W>disliking</W></xcope><W>,</W><W>but</W><W>hating</W><W>,</W><W>all</W><W>the</W><W>characters</W><W>in</W><W>the</W><W>movie</W><W>.</W></SENTENCE><SENTENCE><W>This</W><W>movie</W><W>is</W><W>allegedly</W><W>for</W><W>kids</W><W>,</W><W>but</W><W>I</W><W>do</W><C><cue ID="47" type="negation"><W>not</W></cue></C><xcope ID="77"><ref COMMENTS="" ID="79" SRC="47"></ref><C><cue ID="48" type="speculation"><W>think</W></cue></C><xcope ID="76"><ref COMMENTS="" ID="78" SRC="48"></ref><W>it</W><W>&#39;s</W><W>suitable</W><W>for</W><W>most</W><W>kids</W><W>under</W><W>10</W></xcope></xcope><W>.</W></SENTENCE><SENTENCE><W>I</W><W>know</W><W>that</W><W>,</W><W>even</W><W>at</W><W>11</W><W>,</W><W>I</W><C><cue ID="49" type="speculation"><W>would</W></cue></C><xcope ID="56"><ref COMMENTS="" ID="70" SRC="49"></ref><W>have</W><W>been</W><W>disturbed</W><W>by</W><W>the</W><W>sexual</W><W>jokes</W><W>in</W><W>it</W></xcope><W>,</W><W>had</W><W>I</W><W>understood</W><W>them</W><W>.</W></SENTENCE></P><P></P><P><SENTENCE><W>Hopefully</W><W>,</W><W>the</W><W>silver</W><W>lining</W><W>around</W><W>this</W><W>mushroom</W><W>cloud</W><W>will</W><W>be</W><W>that</W><W>kids</W><W>have</W><W>a</W><W>new</W><W>appreciation</W><W>for</W><W>the</W><W>book</W><C><W>and</W></C><W>television</W><W>special</W><W>.</W></SENTENCE></P></DOCUMENT>
