<?xml version="1.0" encoding="UTF-8"?>
<DOCUMENT><P></P><P><SENTENCE><W>Plot</W><W>Details</W><W>:</W><W>This</W><W>opinion</W><W>reveals</W><W>minor</W><W>details</W><W>about</W><W>the</W><W>movie</W><W>&#39;s</W><W>plot</W><W>.</W></SENTENCE></P><P></P><P><SENTENCE><W>This</W><W>is</W><W>the</W><W>first</W><W>movie</W><W>I</W><W>have</W><W>given</W><W>an</W><W>F</W><W>to</W><W>all</W><W>year</W><W>.</W></SENTENCE><SENTENCE><W>I</W><W>&#39;m</W><W>sure</W><W>there</W><W>are</W><W>other</W><W>F</W><W>movies</W><W>,</W><W>but</W><W>I</W><W>try</W><W>to</W><W>avoid</W><W>seeing</W><W>those</W><W>.</W></SENTENCE><SENTENCE><W>When</W><W>I</W><W>read</W><W>all</W><W>the</W><W>bad</W><W>reviews</W><W>I</W><W>was</W><W>in</W><W>denial</W><W>.</W></SENTENCE><SENTENCE><W>My</W><W>7</W><W>year</W><W>old</W><W>daughter</W><W>wanted</W><W>to</W><W>see</W><W>it</W><W>,</W><W>so</W><W>I</W><W>gave</W><W>it</W><W>a</W><W>shot</W><W>.</W></SENTENCE><SENTENCE><W>I</W><W>am</W><W>a</W><W>Michael</W><W>Myer</W><W>fan</W><C><W>and</W></C><W>although</W><W>&#34;</W><W>The</W><W>Grinch</W><W>&#34;</W><W>was</W><C><cue ID="0" type="negation"><W>not</W></cue></C><xcope ID="5"><ref COMMENTS="" ID="8" SRC="0"></ref><W>all</W><W>that</W><W>great</W></xcope><W>,</W><W>I</W><W>found</W><W>it</W><W>watchable</W><W>.</W></SENTENCE><SENTENCE><W>What</W><W>I</W><W>got</W><W>was</W><W>a</W><W>shameless</W><W>commercial</W><W>,</W><W>plugging</W><W>the</W><W>soundtrack</W><W>,</W><W>the</W><W>cat</W><W>in</W><W>the</W><W>hat</W><W>merchandise</W><C><W>and</W></C><W>UNIVERSAL</W><W>STUDIOS</W><W>!</W><W>!</W><W>!</W></SENTENCE><SENTENCE><W>I</W><cue ID="1" type="speculation"><C><W>could</W></C><W>n&#39;t</W></cue><xcope ID="6"><ref ID="9" SRC="1"></ref><W>believe</W><W>it</W><W>,</W><W>I</W></xcope><W>was</W><W>insulted</W><W>.</W></SENTENCE><SENTENCE><W>This</W><W>movie</W><W>has</W><C><cue ID="3" type="negation"><W>no</W></cue></C><xcope ID="43"><ref COMMENTS="" ID="44" SRC="3"></ref><W>value</W><W>whatsoever</W></xcope><W>.</W></SENTENCE><SENTENCE><xcope ID="7"><ref ID="13" SRC="4"></ref><W>The</W><W>story</W><W>is</W></xcope><cue ID="4" type="negation"><W>non</W><W>existent</W></cue><C><W>and</W></C><W>Micheal</W><W>Myers</W><W>(</W><W>whom</W><W>I</W><W>usually</W><W>enjoy</W><W>)</W><W>compresses</W><W>every</W><W>character</W><W>he</W><W>&#39;s</W><W>ever</W><W>played</W><W>into</W><W>one</W><W>big</W><W>hairy</W><W>annoying</W><W>one</W><W>.</W></SENTENCE><SENTENCE><W>He</W><W>even</W><W>uses</W><W>his</W><W>&#34;</W><W>Fat</W><W>Bastard</W><W>&#34;</W><W>voice</W><W>from</W><W>Austin</W><W>Powers</W><W>.</W></SENTENCE><SENTENCE><W>The</W><W>visuals</W><W>were</W><W>good</W><W>,</W><W>Ill</W><W>give</W><W>it</W><W>that</W><W>.</W></SENTENCE><SENTENCE><W>The</W><W>colors</W><C><W>and</W></C><W>sets</W><W>were</W><W>Dr.Suessish</W><W>.</W></SENTENCE></P><P></P><P><SENTENCE><xcope ID="45"><ref COMMENTS="" ID="56" SRC="17"></ref><W>DOES</W><W>ANYONE</W><W>REMEMBER</W><W>CAT</W><W>IN</W><W>THE</W><W>HAT</W><W>yelling</W><W>&#34;</W><W>Bit*h</W></xcope><W>&#34;</W><C><cue ID="14" type="speculation"><W>or</W></cue></C><xcope ID="20"><ref COMMENTS="" ID="53" SRC="15"></ref><W>getting</W><W>hit</W><W>in</W><W>the</W><W>privates</W><W>with</W><W>a</W><W>bat</W></xcope><W>.</W></SENTENCE><SENTENCE><W>Or...referencing</W><W>a</W><W>dirty</W><W>ho</W><W>while</W><W>holding</W><W>a</W><W>garden</W><W>tool</W><W>.</W></SENTENCE><SENTENCE><C><cue ID="15" type="speculation"><W>Or</W></cue></C><xcope ID="21"><ref COMMENTS="" ID="54" SRC="15"></ref><W>belching</W></xcope><cue ID="17" type="speculation"><W>....or</W></cue><xcope ID="22"><ref COMMENTS="" ID="55" SRC="15"></ref><W>showing</W><W>his</W><W>buttcrack</W></xcope><W>!</W><W>!</W><W>!</W><W>!</W><W>!</W></SENTENCE><SENTENCE><W>A</W><W>dog</W><W>even</W><W>pees</W><W>on</W><W>someones</W><W>food</W><W>.</W></SENTENCE><SENTENCE><C><cue ID="18" type="speculation"><W>If</W></cue></C><xcope ID="33"><ref ID="34" SRC="18"></ref><W>this</W><W>is</W><W>what</W><W>Hollywood</W><W>thinks</W><W>is</W><W>quality</W><W>childrens</W><W>entertainment...they</W></xcope><W>are</W><W>mistaken</W><W>.</W></SENTENCE><SENTENCE><W>Very</W><W>innapropriate</W><W>for</W><W>children</W><W>.</W></SENTENCE><SENTENCE><W>It</W><W>definitely</W><W>takes</W><W>a</W><W>parent</W><W>off</W><W>guard</W><W>to</W><W>take</W><W>their</W><W>child</W><W>to</W><W>see</W><W>,</W><W>what</W><W>you</W><C><cue ID="19" type="speculation"><W>think</W></cue></C><xcope ID="35"><ref ID="36" SRC="19"></ref><W>will</W><W>be</W><W>a</W><W>quality</W><W>childrens</W><W>movie</W></xcope><W>,</W><C><W>and</W></C><W>get</W><W>this</W><W>terrible</W><W>film</W><W>.</W></SENTENCE></P><P></P><P><SENTENCE><W>OK..OK...OK....now</W><W>that</W><W>I</W><W>got</W><W>that</W><W>out</W><W>of</W><W>my</W><W>system</W><W>.</W></SENTENCE></P><P></P><P><SENTENCE><W>Cat</W><W>in</W><W>the</W><W>Hat</W><W>is</W><W>about</W><W>2</W><W>children</W><W>living</W><W>with</W><W>there</W><W>single</W><W>mother</W><W>.</W></SENTENCE><SENTENCE><W>The</W><W>young</W><W>boy</W><W>is</W><W>a</W><W>trouble</W><W>maker</W><W>,</W><W>always</W><W>getting</W><W>into</W><W>mischief</W><C><W>and</W></C><W>wrecking</W><W>the</W><W>house</W><W>.</W></SENTENCE><SENTENCE><W>The</W><W>girl</W><W>is</W><W>like</W><W>a</W><W>30</W><W>year</W><W>old</W><W>trapped</W><W>in</W><W>a</W><W>6</W><W>year</W><W>old</W><W>body</W><W>.</W></SENTENCE><SENTENCE><W>The</W><W>mother</W><W>is</W><W>the</W><W>typical</W><W>workaholic</W><W>mom</W><W>who</W><W>has</W><C><cue ID="37" type="negation"><W>no</W></cue></C><xcope ID="40"><ref ID="44" SRC="37"></ref><W>time</W><W>for</W><W>discipline</W></xcope><W>.</W></SENTENCE><SENTENCE><W>She</W><W>is</W><W>dating</W><W>the</W><W>neighbor</W><W>man</W><W>played</W><W>by</W><W>Alec</W><W>Baldwin</W><W>.</W></SENTENCE><SENTENCE><xcope ID="42"><ref COMMENTS="" ID="43" SRC="38"></ref><W>He</W></xcope><C><cue ID="38" type="speculation"><W>seems</W></cue></C><xcope ID="41"><ref ID="43" SRC="38"></ref><W>like</W><W>a</W><W>successful</W><W>businessman</W></xcope><W>,</W><W>but</W><W>behind</W><W>closed</W><W>doors</W><W>,</W><W>he</W><W>&#39;s</W><W>a</W><W>drunken</W><W>slob</W><W>.</W></SENTENCE><SENTENCE><W>Then</W><W>as</W><W>the</W><W>mother</W><W>goes</W><W>off</W><W>to</W><W>work</W><W>,</W><W>the</W><W>Cat</W><W>in</W><W>the</W><W>Hat</W><W>shows</W><W>up</W><W>to</W><W>show</W><W>these</W><W>two</W><W>kids</W><W>how</W><W>to</W><W>have</W><W>some</W><W>fun</W><W>.</W></SENTENCE><SENTENCE><W>Thats</W><W>about</W><W>all</W><W>the</W><W>lot</W><W>there</W><W>is</W><W>.</W></SENTENCE><SENTENCE><W>The</W><W>neighbor</W><W>man</W><W>tries</W><W>to</W><W>bust</W><W>the</W><W>kids</W><W>,</W><W>but</W><W>of</W><W>course</W><W>he</W><W>only</W><W>makes</W><W>himself</W><W>look</W><W>silly</W><W>.</W></SENTENCE><SENTENCE><C><cue ID="39" type="speculation"><W>If</W></cue></C><xcope ID="42"><ref ID="45" SRC="39"></ref><W>you</W><W>&#39;d</W><W>like</W><W>to</W><W>know</W><W>anything</W><W>else</W></xcope><W>...please</W><W>see</W><W>the</W><W>top</W><W>of</W><W>my</W><W>review</W><W>.</W></SENTENCE></P></DOCUMENT>
