<?xml version="1.0" encoding="UTF-8"?>
<DOCUMENT><P></P><P><SENTENCE><W>Plot</W><W>Details</W><W>:</W><W>This</W><W>opinion</W><W>reveals</W><C><cue ID="0" type="negation"><W>no</W></cue></C><xcope ID="8"><ref ID="14" SRC="0"></ref><W>details</W><W>about</W><W>the</W><W>movie</W><W>&#39;s</W><W>plot</W></xcope><W>.</W></SENTENCE></P><P></P><P><SENTENCE><W>The</W><W>movie</W><W>is</W><W>overwrought</W><C><W>and</W></C><W>overdone</W><W>.</W></SENTENCE><SENTENCE><W>The</W><W>plot</W><W>is</W><C><cue ID="1" type="negation"><W>not</W></cue></C><xcope ID="7"><ref ID="15" SRC="1"></ref><W>the</W><W>books</W></xcope><W>.</W></SENTENCE><SENTENCE><W>I</W><W>know</W><W>that</W><W>movies</W><cue ID="4" type="speculation"><W>are</W><W>not</W><W>supposed</W></cue><xcope ID="9"><ref ID="16" SRC="4"></ref><W>to</W><W>be</W><W>fully</W><W>like</W><W>the</W><W>book</W></xcope><W>but</W><W>when</W><W>practically</W><W>every</W><W>child</W><W>(</W><W>as</W><W>well</W><W>as</W><W>adult</W><W>)</W><W>in</W><W>America</W><W>has</W><W>read</W><W>the</W><W>Dr.</W><W>Seuss</W><W>books</W><W>,</W><W>this</W><W>is</W><W>unforgivable</W><W>.</W></SENTENCE><SENTENCE><W>The</W><W>movies</W><cue ID="5" type="negation"><W>dont</W></cue><xcope ID="10"><ref ID="17" SRC="5"></ref><W>need</W><W>to</W><W>be</W><W>fleshed</W><W>out</W><W>with</W><W>over</W><W>analytical</W><W>information</W></xcope><W>about</W><xcope ID="13"><ref ID="19" SRC="6"></ref><W>why</W><W>the</W><W>Cat</W><W>is</W><W>who</W><W>he</W><W>is</W></xcope><C><cue ID="6" type="speculation"><W>or</W></cue></C><xcope ID="12"><ref ID="18" SRC="6"></ref><W>with</W><W>the</W><W>history</W><W>of</W><W>their</W><W>lives</W></xcope><W>,</W><W>but</W><W>give</W><W>it</W><W>a</W><W>rest</W><W>.</W></SENTENCE></P><P></P><P><SENTENCE><W>The</W><W>good</W><W>stuff.the</W></SENTENCE><SENTENCE><W>visual</W><W>production</W><W>itself</W><W>with</W><W>its</W><W>ultra-stylized</W><W>appearance</W><W>.</W></SENTENCE><SENTENCE><W>It</W><W>looks</W><W>nice</W><W>,</W><W>but</W><W>did</W><W>the</W><W>budget</W><W>of</W><W>a</W><W>third</W><W>world</W><W>nation</W><W>need</W><W>to</W><W>be</W><W>spent</W><W>to</W><W>create</W><W>this</W><W>film</W><W>?</W></SENTENCE></P><P></P><P><SENTENCE><W>The</W><W>plot</W><W>has</W><W>added</W><W>a</W><W>bunch</W><W>of</W><W>new</W><W>things</W><W>to</W><W>itand</W><W>who</W><W>cares</W><W>.</W></SENTENCE><SENTENCE><W>This</W><W>is</W><W>a</W><W>short</W><W>book</W><W>which</W><C><cue ID="20" type="speculation"><W>should</W></cue></C><xcope ID="27"><ref ID="33" SRC="20"></ref><W>have</W><W>remained</W><W>a</W><W>cartoon</W><W>classic</W><W>on</W><W>tv.</W></xcope></SENTENCE><SENTENCE><W>With</W><W>the</W><W>holidays</W><W>upon</W><W>us</W><C><W>and</W></C><W>the</W><W>mass</W><W>merchandising</W><W>,</W><W>the</W><W>movie</W><W>is</W><W>sure</W><W>to</W><W>be</W><W>a</W><W>hittoo</W><W>bad</W><W>as</W><W>there</W><W>are</W><W>some</W><W>other</W><W>films</W><W>that</W><W>deserve</W><W>to</W><W>be</W><W>seen</W><W>.</W></SENTENCE></P><P></P><P><SENTENCE><W>At</W><W>less</W><W>than</W><W>90</W><W>minutes</W><W>,</W><W>this</W><W>movie</W><W>is</W><W>definitely</W><W>too</W><W>long</W><W>.</W></SENTENCE><SENTENCE><W>Youll</W><C><cue ID="21" type="speculation"><W>probably</W></cue></C><xcope ID="28"><ref ID="34" SRC="21"></ref><W>have</W><W>screaming</W><W>kids</W><W>who</W><W>want</W><W>to</W><W>see</W><W>this</W><W>film.it</W></xcope><W>is</W><W>on</W><W>steroids</W><W>the</W><W>way</W><W>it</W><W>runs</W><W>all</W><W>over</W><W>the</W><W>place</W><W>but</W><W>they</W><C><cue ID="22" type="speculation"><W>may</W></cue></C><xcope ID="29"><ref ID="35" SRC="22"></ref><W>be</W><W>entertained</W></xcope><W>.</W></SENTENCE><SENTENCE><W>Parents</W><W>have</W><W>two</W><W>choices</W><W>:</W><xcope ID="30"><ref ID="36" SRC="23"></ref><W>lie</W><W>and</W><W>say</W><W>the</W><W>theatre</W><W>went</W><W>out</W><W>of</W><W>business</W></xcope><W>.</W></SENTENCE><SENTENCE><C><cue ID="23" type="speculation"><W>Or</W></cue></C><xcope ID="31"><ref COMMENTS="" ID="37" SRC="23"></ref><W>give</W><W>in</W><W>to</W><W>the</W><W>children</W><C><W>and</W></C><W>put</W><W>up</W><W>with</W><W>their</W><W>disappointment</W></xcope><W>.</W></SENTENCE><SENTENCE><W>Stale</W><W>popcorn</W><C><cue ID="24" type="speculation"><W>would</W></cue></C><xcope ID="32"><ref ID="38" SRC="24"></ref><W>be</W><W>better</W><W>than</W><W>this</W><W>movie</W></xcope><W>.</W></SENTENCE></P><P></P><P><SENTENCE><W>Somehow</W><W>I</W><C><cue ID="25" type="speculation"><W>think</W></cue></C><xcope ID="39"><ref ID="41" SRC="25"></ref><W>this</W><W>movie</W><W>will</W><W>be</W><W>better</W><W>on</W><W>video</W></xcope><W>as</W><W>seeing</W><W>it</W><W>on</W><W>the</W><W>smaller</W><W>screen</W><C><cue ID="26" type="speculation"><W>may</W></cue></C><xcope ID="40"><ref COMMENTS="" ID="42" SRC="26"></ref><W>make</W><W>it</W><C><W>appear</W></C><W>to</W><W>be</W><W>less</W><W>over</W><W>produced</W></xcope><W>.</W></SENTENCE></P></DOCUMENT>
