<?xml version="1.0" encoding="UTF-8"?>
<DOCUMENT><P/><P><SENTENCE><W>Poor</W><W>Dr.</W><W>Seuss&apos;</W><W>,</W><W>he</W><C><cue ID="0" type="speculation"><W>must</W></cue></C><xcope ID="19"><ref COMMENTS="" ID="20" SRC="0"/><W>be</W><W>rolling</W><W>in</W><W>his</W><W>grave</W></xcope><W>.</W></SENTENCE></P><P/><P><SENTENCE><W>This</W><W>movie</W><W>stank</W><W>,</W><W>stunk</W><W>,</W><W>stinks</W><W>...</W><W>Mike</W><W>Myers</W><W>is</W><W>a</W><W>twit</W><W>that</W><W>obviously</W><W>was</W><W>suffering</W><W>severely</W><W>from</W><W>being</W><W>in</W><W>that</W><W>costume</W><W>.</W></SENTENCE><SENTENCE><W>His</W><W>acting</W><W>stank</W><W>,</W><W>stunk</W><W>,</W><W>stinks</W><W>.</W></SENTENCE></P><P/><P><SENTENCE><W>This</W><W>movie</W><W>is</W><C><cue ID="1" type="negation"><W>NOT</W></cue></C><xcope ID="5"><ref ID="9" SRC="1"/><W>for</W><W>young</W><W>children</W></xcope><W>,</W><W>which</W><W>is</W><W>rather</W><W>disappointing</W><W>because</W><W>thats</W><W>who</W><C><cue ID="2" type="speculation"><W>would</W></cue></C><xcope ID="6"><ref ID="10" SRC="2"/><W>have</W><W>watched</W><W>the</W><W>movie</W><W>had</W><W>it</W><W>been</W><W>any</W><W>good</W></xcope><W>.</W></SENTENCE><SENTENCE><W>Kids</W><W>were</W><W>asking</W><W>their</W><W>parents</W><W>to</W><W>leave</W><W>,</W><C><W>and</W></C><W>parents</W><W>were</W><W>asking</W><W>falling</W><W>asleep</W><W>during</W><W>the</W><W>flick</W><W>.</W></SENTENCE></P><P/><P><SENTENCE><W>Sure</W><W>the</W><W>special</W><W>effects</W><W>were</W><W>neat</W><W>,</W><W>I</W><W>guess</W><W>,</W><C><cue ID="12" type="speculation"><W>if</W></cue></C><xcope ID="7"><ref ID="13" SRC="12"/><W>you</W><W>are</W><W>into</W><W>those</W><W>types</W><W>of</W><W>things</W></xcope><W>.</W></SENTENCE><SENTENCE><W>The</W><W>jokes</W><W>were</W><C><cue ID="4" type="negation"><W>not</W></cue></C><xcope ID="8"><ref ID="14" SRC="4"/><W>that</W><W>funny</W></xcope><W>.</W></SENTENCE></P><P/><P><SENTENCE><W>It</W><W>was</W><C><cue ID="15" type="negation"><W>NOT</W></cue></C><xcope ID="17"><ref ID="19" SRC="15"/><W>worth</W><W>the</W><W>money</W><W>paid</W></xcope><W>.</W></SENTENCE><SENTENCE><W>I</W><C><cue ID="16" type="speculation"><W>should</W></cue></C><xcope ID="18"><ref COMMENTS="" ID="20" SRC="16"/><W>have</W><W>waited</W><W>until</W><W>it</W><W>came</W><W>out</W><W>on</W><W>video</W></xcope><C><W>and</W></C><W>rented</W><W>it</W><W>for</W><W>.99</W><W>cents</W><W>.</W></SENTENCE></P><P/><P><SENTENCE><W>Better</W><W>yet</W><W>waited</W><W>a</W><W>few</W><W>years</W><W>until</W><W>they</W><W>played</W><W>it</W><W>on</W><W>some</W><W>hacked</W><W>up</W><W>cable</W><W>channel</W><W>.</W></SENTENCE></P></DOCUMENT>