<?xml version="1.0" encoding="UTF-8"?>
<DOCUMENT><P></P><P><SENTENCE><W>Plot</W><W>Details</W><W>:</W><W>This</W><W>opinion</W><W>reveals</W><W>major</W><W>details</W><W>about</W><W>the</W><W>movie</W><W>&#39;s</W><W>plot</W><W>.</W></SENTENCE></P><P></P><P><SENTENCE><W>Often</W><W>touted</W><W>as</W><W>Americas</W><W>Sweetheart</W><W>,</W><W>Julia</W><W>Roberts</W><W>has</W><W>made</W><W>some</W><W>nice</W><W>,</W><W>lighthearted</W><W>films</W><W>like</W><W>Pretty</W><W>Woman</W><W>,</W><W>Steel</W><W>Magnolias</W><W>,</W><W>Notting</W><W>Hill</W><W>,</W><W>My</W><W>Best</W><W>Friends</W><W>Wedding</W><W></W><W>and</W><W>her</W><W>Oscar-winning</W><W>role</W><W>in</W><W>Erin</W><W>Brokovich</W><W>.</W></SENTENCE><SENTENCE><W>Since</W><W>winning</W><W>the</W><W>Oscar</W><W>for</W><W>Best</W><W>Actress</W><W>,</W><W>Roberts</W><W>went</W><W>on</W><W>a</W><W>detour</W><W>to</W><W>experiment</W><W>more</W><W>as</W><W>an</W><W>actress</W><W>,</W><W>notably</W><W>with</W><W>independent</W><W>filmmaker</W><W>Steven</W><W>Soderbergh</W><W>,</W><W>who</W><W>she</W><W>worked</W><W>on</W><W>Erin</W><W>Brokovich</W><W></W><W>for</W><W>films</W><W>like</W><W>Oceans</W><W>Eleven</W><W>,</W><W>Full</W><W>Frontal</W><W>,</W><W>and</W><W>George</W><W>Clooneys</W><W>directorial</W><W>debut</W><W>for</W><W>Confessions</W><W>of</W><W>a</W><W>Dangerous</W><W>Mind</W><W>.</W></SENTENCE><SENTENCE><W>Some</W><W>wonder</W><cue ID="159" type="speculation"><W>if</W></cue><xcope ID="161"><ref COMMENTS="" ID="162" SRC="159"></ref><W>Roberts</W><W></W><W>experiment</W><cue ID="0" type="speculation"><W>would</W></cue><xcope ID="1"><ref ID="2" SRC="0"></ref><W>be</W><W>a</W><W>detour</W><W>from</W><W>Hollywood</W></xcope></xcope><W>but</W><W>she</W><W>decided</W><W>to</W><W>return</W><W>to</W><W>her</W><W>leading</W><W>lady</W><W>status</W><W>for</W><W>the</W><W>all-prep</W><W>school</W><W>drama</W><W>Mona</W><W>Lisa</W><W>Smile</W><W>.</W></SENTENCE></P><P></P><P><SENTENCE><W>Mona</W><W>Lisa</W><W>Smile</W><W></W><W>is</W><W>about</W><W>a</W><W>1953</W><W>subversive</W><W>art</W><W>teacher</W><W>from</W><W>UCLA</W><W>who</W><W>goes</W><W>to</W><W>the</W><W>east</W><W>coast</W><W>,</W><W>All-women</W><W>School</W><W>of</W><W>Wellesley</W><W>College</W><W>to</W><W>teach</W><W>a</W><W>group</W><W>of</W><W>overachieving</W><W>students</W><W>to</W><W>find</W><W>alternatives</W><W>to</W><W>marriage</W><W>.</W></SENTENCE><SENTENCE><W>Along</W><W>the</W><W>way</W><W>,</W><W>she</W><W>has</W><W>to</W><W>endure</W><W>the</W><W>rigid</W><W>,</W><W>conservatism</W><W>of</W><W>the</W><W>school</W><W>,</W><W>its</W><W>students</W><W>,</W><W>and</W><W>the</W><W>façade</W><W>society</W><W>that</W><W>is</W><W>the</W><W>1950s</W><W>.</W></SENTENCE><SENTENCE><W>Directed</W><W>by</W><W>Mike</W><W>Newell</W><W>and</W><W>written</W><W>by</W><W>the</W><W>team</W><W>of</W><W>Lawrence</W><W>Konner</W><W>and</W><W>Mark</W><W>Rosenthal</W><W>,</W><xcope ID="173"><ref COMMENTS="" ID="174" SRC="4"></ref><W>Mona</W><W>Lisa</W><W>Smile</W></xcope><W></W><cue ID="3" type="speculation"><W>might</W></cue><xcope ID="164"><ref COMMENTS="" ID="166" SRC="3"></ref><cue ID="4" type="speculation"><W>seem</W></cue><xcope ID="163"><ref COMMENTS="" ID="165" SRC="4"></ref><W>like</W><W>the</W><W>female</W><W>version</W><W>of</W><W>Peter</W><W>Weirs</W><W>1989</W><W>masterpiece</W><W>Dead</W><W>Poets</W><W>Society</W></xcope></xcope><W>.</W></SENTENCE><SENTENCE><cue ID="177" type="speculation"><W>Apparently</W></cue><W>,</W><xcope ID="180"><ref COMMENTS="" ID="183" SRC="177"></ref><W>it</W><cue ID="175" type="negation"><W>is</W><W>nt</W></cue><xcope ID="179"><ref COMMENTS="" ID="182" SRC="175"></ref><cue ID="176" type="negation"><W>nor</W></cue><xcope ID="178"><ref COMMENTS="" ID="181" SRC="176"></ref><cue COMMENTS="" ID="10" type="speculation"><W>should</W></cue><xcope COMMENTS="" ID="13"><ref COMMENTS="" ID="16" SRC="10"></ref><W>it</W><W>even</W><W>be</W><W>compared</W><W>to</W><W>Dead</W><W>Poets</W><W>Society</W></xcope></xcope></xcope></xcope><W>.</W></SENTENCE><SENTENCE><W>Hailed</W><W>as</W><W>one</W><W>of</W><W>the</W><W>most</W><W>anticipated</W><W>films</W><W>of</W><W>2003</W><W>,</W><W>Mona</W><W>Lisa</W><W>Smile</W><W></W><W>comes</W><W>off</W><W>as</W><W>a</W><W>bland</W><W>,</W><W>mediocre</W><W>mesh</W><W>of</W><W>a</W><W>film</W><W>that</W><W>leaves</W><W>too</W><W>many</W><W>unanswered</W><W>questions</W><W>and</W><W>contrived</W><W>messages</W><W>.</W></SENTENCE><SENTENCE><cue COMMENTS="" ID="11" type="negation"><W>Not</W></cue><xcope COMMENTS="" ID="14"><ref COMMENTS="" ID="17" SRC="11"></ref><W>even</W><W>the</W><W>films</W><W>young</W><W>cast</W></xcope><W>of</W><W>Kirsten</W><W>Dunst</W><W>,</W><W>Ginnifer</W><W>Goodwin</W><W>,</W><W>Julia</W><W>Stiles</W><W>,</W><W>and</W><W>Maggie</W><W>Gyllenhaal</W><W>along</W><W>with</W><W>Dominic</W><W>West</W><W>,</W><W>John</W><W>Slattery</W><W>,</W><W>and</W><W>Marcia</W><W>Gay</W><W>Harden</W><cue COMMENTS="" ID="12" type="speculation"><W>could</W></cue><xcope COMMENTS="" ID="15"><ref COMMENTS="" ID="18" SRC="12"></ref><W>save</W><W>this</W><W>disappointment</W><W>called</W><W>Mona</W><W>Lisa</W><W>Smile</W><W>.</W></xcope></SENTENCE></P><P></P><P><SENTENCE><W>The</W><W>film</W><W>begins</W><W>when</W><W>former</W><W>UCLA</W><W>teacher</W><W>Katherine</W><W>Watson</W><W>(</W><W>Julia</W><W>Roberts</W><W>)</W><W>who</W><W>arrives</W><W>at</W><W>the</W><W>station</W><W>for</W><W>Wellesley</W><W>College</W><W>,</W><W>an</W><W>all-womens</W><W>school</W><W>in</W><W>Massachusetts</W><W>where</W><W>shes</W><W>been</W><W>hired</W><W>to</W><W>teach</W><W>in</W><W>the</W><W>art</W><W>department</W><W>for</W><W>its</W><W>students</W><W>.</W></SENTENCE><SENTENCE><W>Watson</W><W>meets</W><W>up</W><W>with</W><W>staff</W><W>and</W><W>lives</W><W>in</W><W>the</W><W>house</W><W>with</W><W>fellow</W><W>teacher</W><W>,</W><W>Nancy</W><W>Abbey</W><W>(</W><W>Marcia</W><W>Gay</W><W>Harden</W><W>)</W><W>who</W><W>has</W><W>an</W><W>affixation</W><W>with</W><W>TV</W><W>show</W><W></W><W>I</W><W>Love</W><W>Lucy</W><W>.</W></SENTENCE><SENTENCE><W>On</W><W>Watsons</W><W>first</W><W>day</W><W>,</W><W>she</W><W>meets</W><W>up</W><W>with</W><W>her</W><W>class</W><W>to</W><W>show</W><W>them</W><W>slides</W><W>of</W><W>paintings</W><W>and</W><W>every</W><W>student</W><W>identify</W><W>the</W><W>painting</W><W>as</W><W>such</W><W>like</W><W>robots</W><W>and</W><W>Watson</W><W>finds</W><W>herself</W><W>being</W><W>challenged</W><W>.</W></SENTENCE><SENTENCE><W>She</W><W>talks</W><W>to</W><W>Nancy</W><W>and</W><W>school</W><W>nurse</W><W>Amanda</W><W>Armstrong</W><W>(</W><W>Juliet</W><W>Stevenson</W><W>)</W><W>about</W><W>the</W><W>first</W><W>day</W><W>saying</W><W>it</W><W>was</W><W>fine</W><W>.</W></SENTENCE></P><P></P><P><SENTENCE><W>The</W><W>next</W><W>day</W><W>,</W><W>Watson</W><W>gives</W><W>paintings</W><W>that</W><cue COMMENTS="" ID="19" type="negation"><W>werent</W></cue><xcope COMMENTS="" ID="21"><ref COMMENTS="" ID="23" SRC="19"></ref><W>in</W><W>the</W><W>required</W><W>syllabus</W><W>for</W><W>the</W><W>students</W></xcope><W>that</W><W>leads</W><W>to</W><W>the</W><W>schools</W><W>news</W><W>editor</W><W>Betty</W><W>Warren</W><W>(</W><W>Kirsten</W><W>Dunst</W><W>)</W><W>to</W><W>saying</W><W>the</W><W>painting</W><W>is</W><W>appalling</W><W>since</W><W>it</W><W>has</W><cue ID="194" type="negation"><W>no</W></cue><xcope ID="198"><ref COMMENTS="" ID="201" SRC="194"></ref><xcope COMMENTS="" ID="196"><ref COMMENTS="" ID="200" SRC="195"></ref><W>structure</W></xcope><cue ID="195" type="speculation"><W>or</W></cue><xcope COMMENTS="" ID="197"><ref COMMENTS="" ID="199" SRC="195"></ref><W>textures</W></xcope></xcope><W>.</W></SENTENCE><SENTENCE><W>Fellow</W><W>classmates</W><W>Constance</W><W>Baker</W><W>(</W><W>Ginnifer</W><W>Goodwin</W><W>)</W><W>and</W><W>Giselle</W><W>Levy</W><W>(</W><W>Maggie</W><W>Gyllenhaal</W><W>)</W><W>however</W><W>find</W><W>something</W><W>different</W><W>about</W><W>as</W><W>Giselle</W><cue ID="202" type="speculation"><W>considered</W></cue><xcope ID="203"><ref COMMENTS="" ID="204" SRC="202"></ref><W>it</W><W>aggressive</W><W>and</W><W>erotic</W></xcope><W>.</W></SENTENCE><SENTENCE><W>Betty</W><cue COMMENTS="" ID="20" type="negation"><W>is</W><W>nt</W></cue><xcope COMMENTS="" ID="22"><ref COMMENTS="" ID="24" SRC="20"></ref><W>fond</W><W>of</W><W>Watsons</W><W>subversive</W><W>tactics</W></xcope><W>although</W><W>the</W><W>rest</W><W>of</W><W>her</W><W>classmates</W><W>including</W><W>valedictorian</W><W>Joan</W><W>Brandwyn</W><W>(</W><W>Julia</W><W>Stiles</W><W>)</W><W>find</W><W>them</W><W>refreshing</W><W>.</W></SENTENCE><SENTENCE><W>Giselle</W><W>however</W><W>,</W><cue ID="205" type="speculation"><W>thinks</W></cue><xcope ID="207"><ref COMMENTS="" ID="208" SRC="205"></ref><W>Watson</W><W>is</W><W>great</W></xcope><W>as</W><W>she</W><W>plays</W><W>around</W><W>a</W><W>lot</W><W>carrying</W><W>a</W><W>diaphragm</W><W>around</W><W>her</W><W>that</W><W>she</W><W>got</W><W>from</W><W>the</W><W>school</W><W>nurse</W><W>.</W></SENTENCE><SENTENCE><W>Betty</W><W>,</W><W>being</W><W>the</W><W>snitch</W><W>,</W><W>writes</W><W>about</W><W>Armstrong</W><W>giving</W><W>out</W><W>contraceptives</W><W>that</W><W>forced</W><W>to</W><W>be</W><W>fired</W><W>by</W><W>the</W><W>schools</W><W>rigid</W><W>,</W><W>conservative</W><W>president</W><W>Jocelyn</W><W>Carr</W><W>(</W><W>Marian</W><W>Seldes</W><W>)</W><W>.</W></SENTENCE></P><P></P><P><SENTENCE><W>Katherine</W><W>finds</W><W>herself</W><W>in</W><W>a</W><W>dangerous</W><W>position</W><W>wondering</W><cue ID="184" type="speculation"><W>if</W></cue><xcope ID="185"><ref COMMENTS="" ID="186" SRC="184"></ref><W>she</W><cue COMMENTS="" ID="25" type="speculation"><W>should</W></cue><xcope COMMENTS="" ID="28"><ref COMMENTS="" ID="30" SRC="25"></ref><W>continue</W><W>to</W><W>challenge</W><W>the</W><W>system</W></xcope></xcope><W>while</W><W>finding</W><W>a</W><W>bit</W><W>of</W><W>sympathy</W><W>from</W><W>the</W><W>schools</W><W>Italian</W><W>professor</W><W>Bill</W><W>Dunbar</W><W>(</W><W>Dominic</W><W>West</W><W>)</W><W>.</W></SENTENCE><SENTENCE><W>When</W><W>Katherine</W><W>was</W><W>grading</W><W>papers</W><W>,</W><W>she</W><W>meets</W><W>up</W><W>with</W><W>Joan</W><W>who</W><W>questioned</W><W>her</W><W>grade</W><W>as</W><W>Katherine</W><W>just</W><W>wants</W><W>her</W><W>to</W><W>state</W><W>her</W><W>own</W><W>opinion</W><W>and</W><cue COMMENTS="" ID="26" type="negation"><W>not</W></cue><xcope COMMENTS="" ID="32"><ref COMMENTS="" ID="33" SRC="26"></ref><W>someone</W><W>elses</W></xcope><W>.</W></SENTENCE><SENTENCE><W>Katherine</W><W>asks</W><W>what</W><W>Joan</W><W>plans</W><W>to</W><W>do</W><W>,</W><W>after</W><W>marriage</W><W>since</W><W>shes</W><W>already</W><W>signed</W><W>up</W><W>for</W><W>pre-law</W><W>.</W></SENTENCE><SENTENCE><W>Katherine</W><W>suggests</W><W>she</W><cue COMMENTS="" ID="27" type="speculation"><W>should</W></cue><xcope COMMENTS="" ID="29"><ref COMMENTS="" ID="31" SRC="27"></ref><W>go</W><W>to</W><W>Yale</W></xcope><W>.</W></SENTENCE><SENTENCE><W>One</W><W>event</W><W>the</W><W>school</W><W>is</W><W>anticipating</W><W>is</W><W>Bettys</W><W>wedding</W><W>to</W><W>an</W><W>important</W><W>young</W><W>named</W><W>Spencer</W><W>Jones</W><W>(</W><W>Jordan</W><W>Bridges</W><W>)</W><W>as</W><W>the</W><W>whole</W><W>school</W><W>attends</W><W>and</W><W>it</W><W>becomes</W><W>some</W><W>event</W><W>as</W><W>Giselle</W><W>continues</W><W>to</W><W>flirt</W><W>with</W><W>Dunbar</W><W>,</W><W>whom</W><W>she</W><W>had</W><W>an</W><W>affair</W><W>with</W><W>in</W><W>the</W><W>summer</W><W>.</W></SENTENCE></P><P></P><P><SENTENCE><W>Joan</W><W>and</W><W>her</W><W>boyfriend</W><W>Tommy</W><W>Donegal</W><W>(</W><W>Topher</W><W>Grace</W><W>)</W><cue COMMENTS="" ID="34" type="speculation"><W>would</W></cue><xcope COMMENTS="" ID="37"><ref COMMENTS="" ID="40" SRC="34"></ref><W>visit</W><W>Betty</W><W>and</W><W>Spencer</W><W>on</W><W>one</W><W>occasion</W></xcope><W>as</W><W>she</W><W>tells</W><W>Betty</W><W>that</W><W>shes</W><cue ID="209" type="speculation"><W>thinking</W></cue><xcope ID="210"><ref COMMENTS="" ID="211" SRC="209"></ref><W>of</W><W>going</W><W>to</W><W>Yale</W><W>Law</W><W>School</W><W>to</W><W>Bettys</W><W>utter</W><W>disgust</W><W>.</W></xcope></SENTENCE><SENTENCE><W>Katherine</W><W>meanwhile</W><W>,</W><W>is</W><W>trying</W><W>to</W><W>teach</W><W>the</W><W>class</W><W>more</W><W>about</W><W>art</W><W>.</W></SENTENCE><SENTENCE><cue COMMENTS="" ID="35" type="negation"><W>Not</W></cue><xcope COMMENTS="" ID="38"><ref COMMENTS="" ID="41" SRC="35"></ref><W>to</W><W>appreciate</W></xcope><W>but</W><W>look</W><W>beneath</W><W>the</W><W>paintings</W><W>,</W><W>notably</W><W>Jackson</W><W>Pollock</W><W>.</W></SENTENCE><SENTENCE><W>The</W><W>students</W><W>find</W><W>themselves</W><W>more</W><W>comfortable</W><W>,</W><W>including</W><W>Constance</W><W>who</W><W>always</W><W>gets</W><W>some</W><W>sort</W><W>of</W><W>bad</W><W>criticism</W><W>from</W><W>Betty</W><W>.</W></SENTENCE><SENTENCE><W>Constance</W><W>finds</W><W>herself</W><W>more</W><W>at</W><W>comfort</W><W>whenever</W><W>Betty</W><cue COMMENTS="" ID="36" type="negation"><W>is</W><W>nt</W></cue><xcope COMMENTS="" ID="39"><ref COMMENTS="" ID="42" SRC="36"></ref><W>around</W></xcope><W>,</W><W>especially</W><W>when</W><W>pursuing</W><W>aspiring</W><W>writer</W><W>Charlie</W><W>Stewart</W><W>(</W><W>Ebon</W><W>Moss-Bacharach</W><W>)</W><W>.</W></SENTENCE><SENTENCE><W>When</W><W>Betty</W><W>returns</W><W>from</W><W>her</W><W>honeymoon</W><W>,</W><W>she</W><W>tries</W><W>to</W><W>make</W><W>horrible</W><W>comments</W><W>towards</W><W>Watsons</W><W>abrasive</W><W>tactics</W><W>but</W><W>Watson</W><W>refuses</W><W>.</W></SENTENCE></P><P></P><P><SENTENCE><W>During</W><W>the</W><W>holidays</W><W>,</W><W>Katherine</W><W>receives</W><W>a</W><W>visit</W><W>from</W><W>her</W><W>boyfriend</W><W>Paul</W><W>Moore</W><W>(</W><W>John</W><W>Slattery</W><W>)</W><W>who</W><W>tries</W><W>to</W><W>propose</W><W>to</W><W>her</W><W>but</W><W>she</W><W>finds</W><W>herself</W><W>uncomfortable</W><W>,</W><W>especially</W><W>in</W><W>the</W><W>presence</W><W>of</W><W>Dunbar</W><W>and</W><W>Giselle</W><W>.</W></SENTENCE><SENTENCE><W>Joan</W><W>meanwhile</W><W>,</W><W>is</W><W>questioning</W><W>on</W><W>what</W><W>she</W><W>wants</W><W>since</W><W>she</W><W>loves</W><W>Tommy</W><W>but</W><W>also</W><W>wants</W><W>to</W><W>be</W><W>a</W><W>lawyer</W><W>.</W></SENTENCE><SENTENCE><W>Katherine</W><W>breaks</W><W>up</W><W>with</W><W>Paul</W><W>and</W><W>finds</W><W>herself</W><W>more</W><W>becoming</W><W>closer</W><W>to</W><W>Dunbar</W><W>.</W></SENTENCE><SENTENCE><W>Dunbars</W><W>newfound</W><W>relationship</W><W>with</W><W>Watson</W><W>leaves</W><W>Giselle</W><W>to</W><W>be</W><W>a</W><W>bit</W><W>more</W><W>desperate</W><W>as</W><W>she</W><W>tries</W><W>to</W><W>find</W><W>a</W><W>new</W><W>affair</W><W>.</W></SENTENCE><SENTENCE><W>After</W><W>a</W><W>party</W><W>where</W><W>Katherine</W><W>revealed</W><W>that</W><W>she</W><W>was</W><W>once</W><W>engaged</W><W>but</W><cue COMMENTS="" ID="43" type="negation"><W>never</W></cue><xcope COMMENTS="" ID="44"><ref COMMENTS="" ID="45" SRC="43"></ref><W>made</W><W>it</W><W>to</W><W>the</W><W>altar</W></xcope><W>,</W><W>Betty</W><W>goes</W><W>into</W><W>another</W><W>rant</W><W>over</W><W>Katherines</W><W>life</W><W>and</W><W>finds</W><W>herself</W><W>alienated</W><W>by</W><W>the</W><W>rest</W><W>of</W><W>the</W><W>student</W><W>.</W></SENTENCE></P><P></P><P><SENTENCE><W>Betty</W><W>becomes</W><W>a</W><W>thorn</W><W>to</W><W>some</W><W>students</W><W>,</W><W>notably</W><W>the</W><W>insecure</W><W>Constance</W><W>as</W><W>she</W><W>tells</W><W>her</W><W>that</W><W>Charlie</W><W>had</W><W>been</W><W>going</W><W>out</W><W>with</W><W>someone</W><W>,</W><W>which</W><W>turned</W><W>out</W><cue COMMENTS="" ID="46" type="negation"><W>not</W></cue><xcope COMMENTS="" ID="48"><ref COMMENTS="" ID="50" SRC="46"></ref><W>to</W><W>be</W><W>true</W><W>as</W><W>Betty</W><W>finds</W><W>her</W><W>marriage</W><W>crumbling</W></xcope><W>.</W></SENTENCE><SENTENCE><W>The</W><W>political</W><W>aspect</W><W>of</W><W>the</W><W>school</W><W>grows</W><W>tense</W><W>when</W><W>the</W><W>board</W><W>question</W><W>what</W><W>Katherine</W><W>has</W><W>been</W><W>doing</W><W>.</W></SENTENCE><SENTENCE><W>The</W><W>students</W><W>began</W><W>to</W><W>ponder</W><W>their</W><W>own</W><W>direction</W><W>in</W><W>life</W><W>including</W><W>Betty</W><W>as</W><W>Katherine</W><W>is</W><W>wondering</W><cue ID="187" type="speculation"><W>if</W></cue><xcope ID="188"><ref COMMENTS="" ID="189" SRC="187"></ref><W>she</W><cue COMMENTS="" ID="47" type="speculation"><W>should</W></cue><xcope COMMENTS="" ID="49"><ref COMMENTS="" ID="51" SRC="47"></ref><W>stay</W><cue ID="212" type="negation"><W>without</W></cue><xcope ID="213"><ref COMMENTS="" ID="214" SRC="212"></ref><W>any</W><W>sense</W><W>of</W><W>compromise</W></xcope></xcope></xcope><W>.</W></SENTENCE></P><P></P><P><SENTENCE><W>What</W><W>makes</W><W>Mona</W><W>Lisa</W><W>Smile</W><W></W><W>such</W><W>a</W><W>disappointing</W><W>film</W><W>in</W><W>many</W><W>levels</W><W>is</W><W>rooted</W><W>in</W><W>its</W><W>script</W><W>.</W></SENTENCE><SENTENCE><W>The</W><W>script</W><W>leaves</W><W>too</W><W>many</W><W>plot</W><W>holes</W><W>about</W><W>why</W><W>is</W><W>Katherine</W><W>being</W><W>subversive</W><W>,</W><W>what</W><W>emotional</W><W>reasons</W><W>is</W><W>Giselle</W><W>having</W><W>for</W><W>these</W><W>affairs</W><W>,</W><W>why</W><W>the</W><W>school</W><W>is</W><W>trying</W><W>to</W><W>be</W><W>protective</W><W>of</W><W>new</W><W>things</W><W>,</W><W>and</W><W>why</W><W>is</W><W>this</W><W>script</W><W>such</W><W>a</W><W>mess</W><W>?</W></SENTENCE><SENTENCE><W>Then</W><W>again</W><W>,</W><W>this</W><W>is</W><W>what</W><cue COMMENTS="" ID="52" type="speculation"><W>should</W></cue><xcope COMMENTS="" ID="59"><ref COMMENTS="" ID="66" SRC="52"></ref><W>be</W><W>expected</W><W>from</W><W>the</W><W>likes</W><W>of</W><W>Lawrence</W><W>Konner</W><W>and</W><W>Mark</W><W>Rosenthal</W></xcope><W>since</W><W>they</W><W>wrote</W><W>such</W><W>awful</W><W>films</W><W>like</W><W>the</W><W>Planet</W><W>of</W><W>the</W><W>Apes</W><W></W><W>and</W><W>Mighty</W><W>Joe</W><W>Young</W><W></W><W>remakes</W><W>.</W></SENTENCE><SENTENCE><W>They</W><W>leave</W><W>too</W><W>many</W><W>characters</W><W>with</W><W>unanswered</W><W>questions</W><W>,</W><W>rigid</W><W>stereotypes</W><W>(</W><W>in</W><W>the</W><W>male</W><W>roles</W><W>)</W><W>,</W><W>generic</W><W>film</W><W>clichés</W><W>including</W><W>a</W><W>very</W><W>bland</W><W>ending</W><W>that</W><W>leaves</W><W>you</W><W>with</W><W>a</W><W>sour</W><W>taste</W><W>in</W><W>your</W><W>mouth</W><W>,</W><W>and</W><W>contrived</W><W>messages</W><W>that</W><cue COMMENTS="" ID="53" type="speculation"><W>might</W></cue><xcope COMMENTS="" ID="60"><ref COMMENTS="" ID="67" SRC="53"></ref><W>upset</W><W>the</W><W>hardcore</W><W>feminists</W></xcope><W>.</W></SENTENCE><SENTENCE><W>Director</W><W>Mike</W><W>Newell</W><W>,</W><W>known</W><W>for</W><W>his</W><W>great</W><W>work</W><W>in</W><W>Enchanted</W><W>April</W><W></W><W>and</W><W>Donnie</W><W>Brasco</W><W>does</W><W>a</W><W>somewhat</W><W>,</W><W>mediocre</W><W>job</W><W>although</W><W>he</W><cue COMMENTS="" ID="54" type="speculation"><W>can</W></cue><xcope COMMENTS="" ID="61"><ref COMMENTS="" ID="68" SRC="54"></ref><W>capture</W><W>great</W><W>dramatic</W><W>moments</W></xcope><W>,</W><W>he</W><cue COMMENTS="" ID="55" type="negation"><W>does</W><W>nt</W></cue><xcope COMMENTS="" ID="62"><ref COMMENTS="" ID="72" SRC="55"></ref><W>give</W><W>anyone</W><W>the</W><W>idea</W></xcope><W>on</W><W>what</W><W>type</W><W>of</W><W>film</W><W>this</W><cue COMMENTS="" ID="56" type="speculation"><W>should</W></cue><xcope COMMENTS="" ID="63"><ref COMMENTS="" ID="71" SRC="56"></ref><W>be</W></xcope><W>.</W></SENTENCE><SENTENCE><cue COMMENTS="" ID="57" type="speculation"><W>Should</W></cue><xcope COMMENTS="" ID="64"><ref COMMENTS="" ID="70" SRC="57"></ref><W>this</W><W>be</W><W>a</W><W>drama</W></xcope><W>,</W><W>a</W><W>comedy</W><W>,</W><W>a</W><W>thinking</W><W>film</W><W>,</W><W>what</W><W>?</W></SENTENCE><SENTENCE><W>The</W><W>film</W><W>has</W><cue COMMENTS="" ID="58" type="negation"><W>no</W></cue><xcope COMMENTS="" ID="65"><ref COMMENTS="" ID="69" SRC="58"></ref><W>true</W></xcope><W>,</W><W>linear</W><W>structure</W><W>and</W><W>leaves</W><W>everything</W><W>in</W><W>a</W><W>very</W><W>disappointing</W><W>way</W><W>.</W></SENTENCE></P><P></P><P><SENTENCE><W>Newell</W><W>still</W><cue COMMENTS="" ID="73" type="speculation"><W>should</W></cue><xcope COMMENTS="" ID="77"><ref COMMENTS="" ID="81" SRC="73"></ref><W>be</W><W>given</W><W>credit</W><W>for</W><W>trying</W><W>to</W><W>make</W><W>things</W><W>interesting</W></xcope><W>since</W><W>the</W><W>pacing</W><W>of</W><W>the</W><W>film</W><W>is</W><W>attentive</W><W>but</W><W>it</W><W>s</W><W>given</W><W>a</W><W>weak</W><W>script</W><W>with</W><cue COMMENTS="" ID="74" type="negation"><W>no</W></cue><xcope COMMENTS="" ID="78"><ref COMMENTS="" ID="82" SRC="74"></ref><W>sense</W><W>of</W><W>a</W><W>singular</W><W>direction</W><W>to</W><W>begin</W><W>with</W></xcope><W>.</W></SENTENCE><SENTENCE><W>What</W><W>was</W><W>the</W><W>point</W><W>of</W><W>this</W><W>film</W><W>?</W></SENTENCE><SENTENCE><W>I</W><W>know</W><W>women</W><W>in</W><W>the</W><W>1950s</W><W>played</W><W>these</W><W>rigid</W><W>,</W><W>housewife</W><W>roles</W><W>that</W><W>have</W><W>a</W><W>nice</W><W>image</W><W>but</W><W>I</W><cue ID="215" type="speculation"><W>doubt</W></cue><xcope ID="216"><ref COMMENTS="" ID="217" SRC="215"></ref><W>there</W><W>was</W><W>any</W><W>sense</W><W>of</W><W>extreme</W><W>until</W><W>the</W><W>Beat</W><W>movement</W><W>later</W><W>in</W><W>that</W><W>decade</W></xcope><W>.</W></SENTENCE><SENTENCE><W>I</W><W>know</W><W>women</W><W>were</W><W>the</W><W>core</W><W>audience</W><W>of</W><W>this</W><W>film</W><W>,</W><W>particularly</W><W>young</W><W>college</W><W>women</W><W>.</W></SENTENCE><SENTENCE><W>Yes</W><W>,</W><W>it</W><W>s</W><W>all</W><W>right</W><W>with</W><W>women</W><W>to</W><W>be</W><W>married</W><W>and</W><W>to</W><W>have</W><W>a</W><W>career</W><W>.</W></SENTENCE><SENTENCE><W>I</W><cue COMMENTS="" ID="75" type="negation"><W>dont</W></cue><xcope COMMENTS="" ID="79"><ref COMMENTS="" ID="83" SRC="75"></ref><W>have</W><W>a</W><W>problem</W><W>with</W></xcope><W>.</W></SENTENCE><SENTENCE><W>I</W><W>just</W><cue COMMENTS="" ID="76" type="negation"><W>dont</W></cue><xcope COMMENTS="" ID="80"><ref COMMENTS="" ID="84" SRC="76"></ref><W>like</W><W>it</W><W>presented</W><W>in</W><W>this</W><W>bland</W></xcope><W>,</W><W>contrived</W><W>form</W><W>.</W></SENTENCE></P><P></P><P><SENTENCE><W>One</W><W>of</W><W>the</W><W>few</W><W>positives</W><W>of</W><W>the</W><W>film</W><W>is</W><W>the</W><W>cinematography</W><W>by</W><W>Anastas</W><W>N.</W><W>Michos</W><W>,</W><W>that</W><W>has</W><W>lovely</W><W>moments</W><W>of</W><W>colorful</W><W>images</W><W>and</W><W>that</W><W>authentic</W><W>1950s</W><W>look</W><W>.</W></SENTENCE><SENTENCE><W>Even</W><W>the</W><W>production</W><W>and</W><W>costume</W><W>designs</W><W>are</W><W>well</W><W>used</W><W>.</W></SENTENCE><SENTENCE><W>Since</W><W>the</W><W>film</W><W>was</W><W>a</W><W>period</W><W>piece</W><W>of</W><W>sorts</W><W>,</W><W>you</W><W>have</W><W>to</W><W>have</W><W>that</W><W>authentic</W><W>look</W><W>and</W><W>back-in-time</W><W>feel</W><W>.</W></SENTENCE><SENTENCE><W>While</W><W>the</W><W>cinematography</W><W>,</W><W>art</W><W>direction</W><W>,</W><W>production</W><W>designs</W><W>,</W><W>and</W><W>costumes</W><W>design</W><cue COMMENTS="" ID="85" type="speculation"><W>should</W></cue><xcope COMMENTS="" ID="88"><ref COMMENTS="" ID="93" SRC="85"></ref><W>be</W><W>noted</W></xcope><W>,</W><W>it</W><W>still</W><cue COMMENTS="" ID="86" type="negation"><W>does</W><W>nt</W></cue><xcope COMMENTS="" ID="89"><ref COMMENTS="" ID="94" SRC="86"></ref><W>have</W><W>the</W><W>freshness</W><W>of</W><W>what</W><W>to</W><W>expect</W><W>for</W><W>a</W><W>film</W><W>made</W><W>for</W><W>the</W><W>Oscars</W></xcope><W>,</W><W>which</W><W>is</W><W>one</W><W>huge</W><W>reason</W><W>why</W><W>this</W><W>film</W><W>was</W><W>made</W><W>.</W></SENTENCE><SENTENCE><W>Another</W><W>noted</W><W>factor</W><W>but</W><W>in</W><W>a</W><W>very</W><W>poor</W><W>way</W><W>was</W><W>the</W><W>score</W><W>by</W><W>Rachel</W><W>Portman</W><W>.</W></SENTENCE><SENTENCE><W>Even</W><W>in</W><W>the</W><W>tense</W><W>,</W><W>dramatic</W><W>moments</W><W>,</W><W>it</W><cue COMMENTS="" ID="87" type="negation"><W>does</W><W>nt</W></cue><xcope ID="190"><ref COMMENTS="" ID="191" SRC="87"></ref><W>feel</W><W>suspenseful</W><cue COMMENTS="" ID="91" type="negation"><W>nor</W></cue><xcope COMMENTS="" ID="92"><ref COMMENTS="" ID="96" SRC="91"></ref><W>in</W><W>the</W><W>lighter</W><W>moments</W></xcope></xcope><W>,</W><W>it</W><W>comes</W><W>out</W><W>as</W><W>fluff</W><W>.</W></SENTENCE></P><P></P><P><SENTENCE><W>Julia</W><W>Roberts</W><cue COMMENTS="" ID="98" type="negation"><W>without</W></cue><xcope COMMENTS="" ID="107"><ref COMMENTS="" ID="114" SRC="98"></ref><W>a</W><W>doubt</W></xcope><W>,</W><W>is</W><W>a</W><W>good</W><W>actress</W><W>depending</W><W>on</W><W>what</W><W>film</W><W>she</W><W>does</W><W>.</W></SENTENCE><SENTENCE><W>Unfortunately</W><W>in</W><W>period</W><W>pieces</W><W>like</W><W>Mary</W><W>Reilly</W><W></W><W>and</W><W>Michael</W><W>Collins</W><W>,</W><W>she</W><W>has</W><cue COMMENTS="" ID="99" type="negation"><W>never</W></cue><xcope COMMENTS="" ID="108"><ref COMMENTS="" ID="115" SRC="99"></ref><W>fared</W><W>well</W><W>and</W><W>in</W><W>Mona</W><W>Lisa</W><W>Smile</W></xcope><W>,</W><W>she</W><cue COMMENTS="" ID="100" type="negation"><W>does</W><W>nt</W></cue><xcope ID="167"><ref COMMENTS="" ID="168" SRC="100"></ref><W>really</W><W>bring</W><W>anything</W><W>that</W><W>we</W><cue COMMENTS="" ID="101" type="negation"><W>have</W><W>nt</W></cue><xcope COMMENTS="" ID="110"><ref COMMENTS="" ID="117" SRC="101"></ref><W>seen</W><W>before</W></xcope></xcope><W>.</W></SENTENCE><SENTENCE><W>Sure</W><W>,</W><W>her</W><W>smile</W><W>will</W><W>make</W><W>you</W><W>go</W><W>to</W><W>the</W><W>theaters</W><W>but</W><W>does</W><W>it</W><W>help</W><W>the</W><W>film</W><W>.</W></SENTENCE><SENTENCE><cue COMMENTS="" ID="103" type="negation"><W>No.</W></cue></SENTENCE><SENTENCE><W>While</W><W>she</W><W>showed</W><W>some</W><W>masterful</W><W>parts</W><W>in</W><W>the</W><W>dramatic</W><W>scenes</W><W>and</W><W>having</W><W>some</W><W>nice</W><W>chemistry</W><W>with</W><W>Marcia</W><W>Gay</W><W>Harden</W><W>,</W><W>she</W><cue COMMENTS="" ID="104" type="negation"><W>does</W><W>nt</W></cue><xcope COMMENTS="" ID="111"><ref COMMENTS="" ID="118" SRC="104"></ref><W>carry</W><W>spark</W></xcope><W>when</W><W>it</W><W>comes</W><W>to</W><W>the</W><W>romantic</W><W>scenes</W><W>with</W><W>Dominic</W><W>West</W><W>,</W><W>which</W><cue ID="218" type="speculation"><W>felt</W></cue><xcope ID="219"><ref COMMENTS="" ID="220" SRC="218"></ref><W>too</W><W>fast</W><W>and</W><W>very</W><W>clichéd</W><W>.</W></xcope></SENTENCE><SENTENCE><W>Wests</W><W>character</W><W>,</W><W>like</W><W>most</W><W>of</W><W>the</W><W>male</W><W>characters</W><W>,</W><W>is</W><W>written</W><W>in</W><W>a</W><W>very</W><W>stereotypical</W><W>way</W><W>.</W></SENTENCE><SENTENCE><W>Wests</W><W>Bill</W><W>Dunbar</W><W>is</W><W>served</W><W>as</W><W>this</W><W>lothario</W><W>who</W><cue COMMENTS="" ID="105" type="negation"><W>is</W><W>nt</W></cue><xcope COMMENTS="" ID="113"><ref COMMENTS="" ID="120" SRC="105"></ref><W>quite</W><W>as</W><xcope COMMENTS="" ID="192"><ref COMMENTS="" ID="193" SRC="106"></ref><W>he</W></xcope></xcope><cue COMMENTS="" ID="106" type="speculation"><W>seems</W></cue><W>and</W><W>it</W><W>s</W><W>a</W><W>very</W><W>clichéd</W><W>character</W><W>and</W><W>Wests</W><W>performance</W><W>is</W><W>mediocre</W><W>at</W><W>best</W><W>.</W></SENTENCE></P><P></P><P><SENTENCE><W>The</W><W>rest</W><W>of</W><W>the</W><W>male</W><W>performances</W><W>from</W><W>Topher</W><W>Grace</W><W>and</W><W>Jordan</W><W>Bridges</W><W>are</W><W>also</W><W>clichéd</W><W>although</W><W>Grace</W><W>does</W><W>bring</W><W>in</W><W>some</W><W>charm</W><W>into</W><W>his</W><W>performance</W><W>while</W><W>Bridges</W><W>just</W><W>stands</W><W>there</W><W>and</W><W>look</W><W>good</W><W>next</W><W>to</W><W>Kirsten</W><W>Dunst</W><W>.</W></SENTENCE><SENTENCE><W>John</W><W>Slatterys</W><W>role</W><W>as</W><W>Roberts</W><W>boyfriend</W><W>was</W><W>so</W><W>underused</W><W>and</W><W>was</W><W>left</W><W>very</W><W>early</W><W>after</W><W>she</W><W>dumps</W><W>him</W><W>and</W><W>he</W><cue COMMENTS="" ID="121" type="speculation"><W>seemed</W></cue><xcope ID="122"><ref ID="123" SRC="121"></ref><W>like</W><W>a</W><W>good</W><W>guy</W></xcope><W>and</W><W>it</W><W>was</W><W>a</W><W>waste</W><W>for</W><W>Slattery</W><W>.</W></SENTENCE><SENTENCE><W>The</W><W>best</W><W>male</W><W>performance</W><W>goes</W><W>to</W><W>Ebon</W><W>Moss-Bacharach</W><W>as</W><W>the</W><W>nerd-like</W><W>Charlie</W><W>Stewart</W><W>since</W><W>he</W><W>has</W><W>a</W><W>charm</W><W>and</W><W>his</W><W>performance</W><W>even</W><W>surpasses</W><W>the</W><W>cliché</W><W>his</W><W>character</W><W>is</W><W>written</W><W>and</W><W>the</W><W>scenes</W><W>he</W><W>has</W><W>with</W><W>Ginnifer</W><W>Goodwin</W><W>were</W><W>nice</W><W>to</W><W>watch</W><W>.</W></SENTENCE></P><P></P><P><SENTENCE><W>While</W><W>the</W><W>smaller</W><W>performances</W><W>of</W><W>Juliet</W><W>Stevenson</W><W>,</W><W>Marian</W><W>Seldes</W><W>,</W><W>and</W><W>Donna</W><W>Mitchell</W><W>as</W><W>Dunsts</W><W>mother</W><W>were</W><W>used</W><W>to</W><W>a</W><W>good</W><W>degree</W><W>despite</W><W>their</W><W>clichés</W><W>while</W><W>Mitchells</W><W>character</W><W>as</W><W>this</W><W>mean</W><W>,</W><W>controlling</W><W>mother</W><W>was</W><W>a</W><W>little</W><W>too</W><W>much</W><W>.</W></SENTENCE><SENTENCE><W>Kirsten</W><W>Dunsts</W><W>performance</W><W>as</W><W>the</W><W>b*tchy</W><W>Betty</W><W>Warren</W><W>at</W><W>times</W><W>is</W><W>convincing</W><W>since</W><W>you</W><cue ID="124" type="negation"><W>dont</W></cue><xcope ID="127"><ref ID="130" SRC="124"></ref><W>like</W><W>her</W></xcope><W>but</W><W>you</W><cue ID="125" type="negation"><W>dont</W></cue><xcope ID="128"><ref ID="131" SRC="125"></ref><W>really</W><W>sympathize</W><W>with</W><W>her</W><W>character</W><W>very</W><W>much</W></xcope><W>at</W><W>all</W><W>and</W><W>she</W><W>comes</W><W>out</W><W>very</W><W>shrilly</W><W>.</W></SENTENCE><SENTENCE><W>Even</W><W>when</W><W>she</W><W>strays</W><W>from</W><W>her</W><W>mother</W><W>and</W><W>conservative</W><W>views</W><W>,</W><W>her</W><W>development</W><W>is</W><W>way</W><W>too</W><W>fast</W><W>and</W><W>it</W><W>ends</W><W>up</W><W>becoming</W><W>a</W><W>very</W><W>mediocre</W><W>performance</W><W>.</W></SENTENCE><SENTENCE><W>Julia</W><W>Stiles</W><W></W><W>performance</W><W>I</W><cue ID="221" type="speculation"><W>found</W></cue><xcope ID="222"><ref COMMENTS="" ID="223" SRC="221"></ref><W>to</W><W>be</W><W>the</W><W>most</W><W>confusing</W></xcope><W>because</W><W>half</W><W>the</W><W>time</W><W>,</W><W>shes</W><W>speaking</W><W>in</W><xcope ID="227"><ref COMMENTS="" ID="228" SRC="224"></ref><W>an</W><W>English</W></xcope><W>,</W><xcope ID="226"><ref COMMENTS="" ID="229" SRC="224"></ref><W>New</W><W>English</W></xcope><W>,</W><cue ID="224" type="speculation"><W>or</W></cue><xcope ID="225"><ref COMMENTS="" ID="230" SRC="224"></ref><W>a</W><W>straightforward</W><W>American</W><W>accent</W><W>.</W></xcope></SENTENCE><SENTENCE><W>It</W><W>was</W><W>very</W><W>messy</W><W>and</W><W>her</W><W>character</W><W>was</W><W>just</W><W>totally</W><W>generic</W><W>,</W><W>I</W><cue ID="126" type="negation"><W>did</W><W>nt</W></cue><xcope ID="129"><ref ID="132" SRC="126"></ref><W>really</W><W>care</W><W>for</W><W>her</W></xcope><W>.</W></SENTENCE></P><P></P><P><SENTENCE><W>The</W><W>films</W><W>best</W><W>performance</W><W>for</W><W>me</W><W>goes</W><W>to</W><W>Ginnifer</W><W>Goodwin</W><W>as</W><W>Constance</W><W>since</W><W>she</W><W>was</W><W>someone</W><W>to</W><W>sympathize</W><W>with</W><W>since</W><W>she</W><cue ID="133" type="negation"><W>is</W><W>nt</W></cue><xcope ID="136"><ref ID="142" SRC="133"></ref><W>the</W><W>prettiest</W><W>of</W><W>the</W><W>whole</W><W>group</W></xcope><W>but</W><W>Goodwin</W><W>plays</W><W>her</W><W>performance</W><W>with</W><W>a</W><W>lot</W><W>of</W><W>heart</W><W>.</W></SENTENCE><SENTENCE><W>Maggie</W><W>Gyllenhaal</W><W>delivers</W><W>an</W><W>excellent</W><W>performance</W><W>although</W><W>she</W><W>is</W><cue ID="134" type="negation"><W>not</W></cue><xcope ID="137"><ref ID="143" SRC="134"></ref><W>the</W><W>scene-stealer</W></xcope><W>many</W><W>are</W><W>saying</W><W>.</W></SENTENCE><SENTENCE><W>Although</W><W>I</W><W>enjoyed</W><W>her</W><W>character</W><W>in</W><W>the</W><W>film</W><W>since</W><W>she</W><W>kind</W><W>of</W><W>played</W><W>the</W><W>big-sister</W><W>role</W><W>for</W><W>other</W><W>characters</W><W>as</W><W>well</W><W>as</W><W>being</W><W>flirtatious</W><W>,</W><W>I</W><cue ID="231" type="speculation"><W>felt</W></cue><xcope ID="232"><ref COMMENTS="" ID="233" SRC="231"></ref><W>the</W><W>character</W><W>was</W><W>underwritten</W><W>.</W></xcope></SENTENCE><SENTENCE><W>In</W><W>the</W><W>films</W><W>site</W><W>,</W><W>they</W><W>say</W><W>she</W><W>is</W><W>fragile</W><W>and</W><W>all</W><W>of</W><W>this</W><W>junk</W><W>yet</W><W>I</W><cue ID="135" type="negation"><W>never</W></cue><xcope ID="140"><ref COMMENTS="" ID="169" SRC="135"></ref><W>found</W><W>out</W><W>why</W><W>she</W><W>sleeps</W><W>with</W><W>these</W><W>men</W></xcope><cue ID="139" type="speculation"><W>or</W></cue><xcope ID="141"><ref ID="145" SRC="139"></ref><W>anything</W></xcope><W>.</W></SENTENCE><SENTENCE><W>It</W><W>was</W><W>very</W><W>confusing</W><W>to</W><W>be</W><W>quite</W><W>honest</W><W>with</W><W>although</W><W>Gyllenhaal</W><W>,</W><W>to</W><W>her</W><W>credit</W><W>stood</W><W>out</W><W>on</W><W>her</W><W>own</W><W>.</W></SENTENCE><SENTENCE><W>Marcia</W><W>Gay</W><W>Harden</W><W>is</W><W>the</W><W>films</W><W>most</W><W>hilarious</W><W>performance</W><W>since</W><W>she</W><W>tries</W><W>to</W><W>teach</W><W>the</W><W>women</W><W>how</W><W>to</W><W>please</W><W>your</W><W>husbands</W><W>while</W><W>having</W><W>some</W><W>sadness</W><W>that</W><W>she</W><W>tries</W><W>to</W><W>hide</W><W>through</W><W>her</W><W>humor</W><W>.</W></SENTENCE><SENTENCE><W>Harden</W><W>,</W><W>deserves</W><W>a</W><W>lot</W><W>of</W><W>credit</W><W>for</W><W>bringing</W><W>him</W><W>some</W><W>much</W><W>needed</W><W>humor</W><W>to</W><W>the</W><W>rigid</W><W>,</W><W>melodrama</W><W>the</W><W>film</W><W>was</W><W>going</W><W>under</W><W>.</W></SENTENCE></P><P></P><P><SENTENCE><W>Overall</W><W>,</W><W>Mona</W><W>Lisa</W><W>Smile</W><W></W><W>is</W><W>just</W><W>a</W><W>huge</W><W>disappointing</W><W>effort</W><W>from</W><W>Mike</W><W>Newell</W><W>despite</W><W>some</W><W>noteworthy</W><W>performances</W><W>from</W><W>Marcia</W><W>Gay</W><W>Harden</W><W>,</W><W>Maggie</W><W>Gyllenhaal</W><W>,</W><W>and</W><W>Ginnifer</W><W>Goodwin</W><W>.</W></SENTENCE><SENTENCE><W>It</W><W>was</W><W>very</W><W>clear</W><W>from</W><W>the</W><W>start</W><W>this</W><W>film</W><W>was</W><W>made</W><W>to</W><W>get</W><W>some</W><W>attention</W><W>for</W><W>the</W><W>Oscars</W><W>but</W><W>after</W><W>the</W><W>recent</W><W>snub</W><W>from</W><W>the</W><W>Golden</W><W>Globes</W><W>(</W><cue ID="234" type="speculation"><W>except</W><W>for</W></cue><xcope ID="235"><ref COMMENTS="" ID="236" SRC="234"></ref><W>Best</W><W>Original</W><W>Song</W><W>for</W><W>Elton</W><W>John</W></xcope><W>,</W><W>which</W><W>is</W><W>an</W><W>all</W><W>right</W><W>song</W><W>)</W><W>;</W><W>it</W><W>s</W><cue ID="237" type="speculation"><W>likely</W></cue><xcope ID="239"><ref COMMENTS="" ID="241" SRC="237"></ref><cue ID="147" type="negation"><W>not</W></cue><xcope ID="238"><ref COMMENTS="" ID="240" SRC="147"></ref><W>to</W><W>get</W><W>any</W><W>Oscar</W><W>nominations</W><W>for</W><W>anyone</W><W>involved</W><W>except</W><W>the</W><W>costume</W><W>and</W><W>production</W><W>designs</W></xcope></xcope><W>.</W></SENTENCE><SENTENCE><W>Fans</W><W>of</W><W>Julia</W><W>Roberts</W><cue ID="148" type="speculation"><W>might</W></cue><xcope ID="154"><ref ID="161" SRC="148"></ref><W>enjoy</W><W>this</W></xcope><W>although</W><W>they</W><cue ID="149" type="speculation"><W>might</W></cue><xcope ID="170"><ref COMMENTS="" ID="171" SRC="149"></ref><cue ID="242" type="speculation"><W>expect</W></cue><xcope ID="243"><ref COMMENTS="" ID="244" SRC="242"></ref><W>more</W><W>from</W><W>her</W><W>as</W><W>an</W><W>actress</W><W>instead</W><W>of</W><W>the</W><W>name</W><W>people</W><W>know</W></xcope></xcope><W>.</W></SENTENCE><SENTENCE><W>Fans</W><W>of</W><W>Gyllenhaal</W><cue ID="150" type="speculation"><W>should</W></cue><xcope ID="156"><ref ID="162" SRC="150"></ref><W>best</W><W>stay</W><W>away</W><W>from</W><W>this</W><W>film</W></xcope><W>although</W><W>she</W><W>does</W><W>a</W><W>good</W><W>performance</W><W>.</W></SENTENCE><SENTENCE><W>Mona</W><W>Lisa</W><W>Smile</W><W></W><W>is</W><W>really</W><W>a</W><W>film</W><W>for</W><W>fans</W><W>of</W><W>Julia</W><W>Roberts</W><W>although</W><W>many</W><W>fans</W><cue ID="151" type="speculation"><W>would</W></cue><xcope ID="172"><ref COMMENTS="" ID="173" SRC="151"></ref><cue ID="245" type="speculation"><W>feel</W></cue><xcope ID="246"><ref COMMENTS="" ID="247" SRC="245"></ref><W>it</W><cue ID="152" type="speculation"><W>couldve</W></cue><xcope ID="158"><ref COMMENTS="" ID="165" SRC="152"></ref><W>been</W><W>much</W><W>better</W><W>in</W><W>the</W><W>end</W></xcope></xcope></xcope><W>.</W></SENTENCE></P></DOCUMENT>
