<?xml version="1.0" encoding="UTF-8"?>
<DOCUMENT><P/><P><SENTENCE><W>This</W><W>is</W><W>the</W><W>worst</W><W>movie</W><W>I</W><W>have</W><W>seen</W><W>in</W><W>recent</W><W>memory</W><W>.</W></SENTENCE><SENTENCE><W>A</W><W>lot</W><W>of</W><W>people</W><W>say</W><W>,</W><W>&quot;</W><W>This</W><W>is</W><W>a</W><W>movie</W><W>for</W><W>kids</W><W>,</W><C><cue ID="0" type="negation"><W>not</W></cue></C><xcope ID="6"><ref ID="13" SRC="0"/><W>adults</W></xcope><W>,</W><W>so</W><cue ID="1" type="negation"><W>do</W><W>n&apos;t</W></cue><xcope ID="7"><ref ID="14" SRC="1"/><W>be</W><W>so</W><W>harsh</W></xcope><W>.</W><W>&quot;</W></SENTENCE><SENTENCE><W>But</W><W>even</W><W>my</W><W>kids</W><W>(</W><W>10</W><C><W>and</W></C><W>14</W><W>)</W><W>disliked</W><W>it</W><W>.</W></SENTENCE><SENTENCE><W>It</W><W>was</W><W>&quot;</W><W>Austin</W><W>Powers</W><W>Does</W><W>Dr.</W><W>Seuss</W><W>.</W><W>&quot;</W></SENTENCE><SENTENCE><W>It</W><W>was</W><W>so</W><W>bad</W><W>,</W><W>I</W><cue ID="2" type="negation"><W>ca</W><W>n&apos;t</W></cue><xcope ID="8"><ref COMMENTS="" ID="15" SRC="2"/><W>even</W><C><W>think</W></C><W>of</W><W>a</W><W>way</W><W>to</W><W>make</W><W>fun</W><W>of</W><W>it</W></xcope><W>.</W></SENTENCE><SENTENCE><W>The</W><W>jokes</W><W>were</W><W>tired</W><C><W>and</W></C><W>WAY</W><W>overdone</W><W>.</W></SENTENCE><SENTENCE><W>The</W><W>attempts</W><W>to</W><W>insert</W><W>humor</W><W>for</W><W>the</W><W>parents</W><W>was</W><W>just</W><W>painful</W><C><W>and</W></C><W>out</W><W>of</W><W>place</W><W>.</W></SENTENCE><SENTENCE><W>Despite</W><W>what</W><W>some</W><W>people</W><C><W>think</W></C><W>,</W><W>a</W><W>kids</W><W>movie</W><C><cue ID="3" type="speculation"><W>can</W></cue></C><xcope ID="9"><ref ID="16" SRC="3"/><W>be</W><W>good</W></xcope><C><W>and</W></C><W>appeal</W><W>to</W><W>adults</W><W>,</W><W>such</W><xcope ID="10"><ref ID="18" SRC="4"/><W>as</W><W>Toy</W><W>Story</W></xcope><C><cue ID="4" type="speculation"><W>or</W></cue></C><xcope ID="11"><ref ID="19" SRC="4"/><W>Space</W><W>Jam</W></xcope><W>.</W></SENTENCE><SENTENCE><W>My</W><W>wife</W><W>is</W><W>very</W><W>forgiving</W><W>when</W><W>it</W><W>comes</W><W>to</W><W>bad</W><W>movies</W><W>,</W><C><W>and</W></C><W>even</W><W>she</W><W>said</W><W>she</W><cue ID="5" type="speculation"><C><W>would</W></C><W>n&apos;t</W></cue><xcope ID="12"><ref ID="17" SRC="5"/><W>be</W><W>buying</W><W>this</W><W>one</W><W>for</W><W>our</W><W>video</W><W>library</W></xcope><W>.</W></SENTENCE><SENTENCE><W>What</W><W>a</W><W>truly</W><W>awful</W><W>adaptation</W><W>from</W><W>such</W><W>a</W><W>wonderful</W><W>children</W><W>&apos;s</W><W>classic</W><W>.</W></SENTENCE></P></DOCUMENT>