<?xml version="1.0" encoding="UTF-8"?>
<DOCUMENT><P></P><P><SENTENCE><W>So</W><W>much</W><C><cue ID="0" type="speculation"><W>could</W></cue></C><xcope ID="1"><ref ID="2" SRC="0"></ref><W>have</W><W>been</W><W>done</W><W>with</W><W>this</W><W>classic</W><W>story</W></xcope><W>.</W></SENTENCE><SENTENCE><C><W>Instead</W></C><W>,</W><W>the</W><W>result</W><W>is</W><W>major</W><W>disappointment</W><W>,</W><W>a</W><W>poor</W><W>attempt</W><W>to</W><W>mimic</W><W>The</W><W>Grinch</W><W>(</W><W>which</W><W>worked</W><W>)</W><C><W>and</W></C><W>other</W><W>movies</W><W>of</W><W>this</W><W>genre</W><W>.</W></SENTENCE><SENTENCE><W>Myers</W><W>is</W><W>a</W><W>fish</W><W>out</W><W>of</W><W>water</W><W>,</W><W>trying</W><W>hard</W><W>to</W><W>liven-up</W><W>an</W><W>otherwise</W><W>dreadful</W><W>script</W><C><W>and</W></C><W>story</W><W>line</W><W>,</W><C><W>and</W></C><W>pandering</W><W>to</W><W>adults</W><W>with</W><W>&#34;oh-so-current</W><W>&#34;</W><W>references</W><C><W>and</W></C><W>innuendo</W><W>.</W></SENTENCE><SENTENCE><W>The</W><W>mean-spirited</W><W>character</W><W>over-played</W><W>by</W><W>Alec</W><W>Baldwin</W><W>is</W><W>enough</W><W>to</W><W>give</W><W>nightmares</W><W>to</W><W>children</W><W>familiar</W><W>with</W><W>his</W><W>role</W><W>as</W><W>the</W><W>benevolent</W><W>Mr.</W><W>Conductor</W><W>in</W><W>the</W><W>Thomas</W><W>the</W><W>Tank</W><W>Engine</W><W>movie</W><W>.</W></SENTENCE><SENTENCE><W>Kelly</W><W>Preston</W><W>is</W><W>gorgeous</W><W>.</W></SENTENCE><SENTENCE><W>I</W><W>was</W><W>insulted</W><W>every</W><W>time</W><W>the</W><W>two</W><W>disturbed</W><W>children</W><W>were</W><W>forced</W><W>by</W><W>the</W><W>Director</W><W>to</W><W>&#34;look</W><W>at</W><W>the</W><W>camera</W><W>,</W><W>show</W><W>astonishment</W><W>,</W><W>look</W><W>at</W><W>each</W><W>other</W><W>,</W><W>then</W><W>look</W><W>back</W><W>at</W><W>the</W><W>camera&#34;</W><W>.</W></SENTENCE><SENTENCE><W>What</W><W>a</W><W>tremendous</W><W>lost</W><W>opportunity</W></SENTENCE></P></DOCUMENT>
