<?xml version="1.0" encoding="UTF-8"?>
<DOCUMENT><P></P><P><SENTENCE><W>Plot</W><W>Details</W><W>:</W><W>This</W><W>opinion</W><W>reveals</W><W>minor</W><W>details</W><W>about</W><W>the</W><W>movie</W><W>&#39;</W><W>&#39;s</W><W>plot</W><W>.</W></SENTENCE></P><P></P><P><SENTENCE><W>One</W><W>of</W><W>these</W><W>days</W><W>I</W><W>&#39;m</W><W>going</W><W>to</W><W>learn</W><W>that</W><W>ghost</W><W>movies</W><W>just</W><W>do</W><W>n&#39;t</W><W>scare</W><W>me</W><W>like</W><W>they</W><W>used</W><W>to</W><W>,</W><C><W>and</W></C><W>I</W><C><cue ID="0" type="speculation"><W>should</W></cue></C><xcope ID="5"><ref COMMENTS="" ID="15" SRC="0"></ref><W>stop</W><W>wasting</W><W>my</W><W>time</W><W>on</W><W>them</W><W>in</W><W>the</W><W>theatres</W></xcope><W>.</W></SENTENCE><SENTENCE><W>I</W><W>&#39;m</W><cue ID="7" type="speculation"><C><W>not</W></C><W>sure</W></cue><xcope ID="11"><ref COMMENTS="" ID="20" SRC="7"></ref><xcope ID="10"><ref COMMENTS="" ID="19" SRC="3"></ref><C><cue ID="2" type="speculation"><W>if</W></cue></C><xcope ID="6"><ref COMMENTS="" ID="18" SRC="2"></ref><W>I</W><W>just</W><W>got</W><W>over</W><W>them</W></xcope></xcope><W>,</W><C><cue ID="3" type="speculation"><W>or</W></cue></C><xcope ID="9"><ref COMMENTS="" ID="17" SRC="3"></ref><C><cue ID="4" type="speculation"><W>if</W></cue></C><xcope ID="8"><ref COMMENTS="" ID="16" SRC="4"></ref><W>it</W><W>&#39;s</W><W>just</W><W>because</W><W>they</W><W>are</W><W>all</W><W>the</W><W>same</W></xcope></xcope></xcope><W>.</W></SENTENCE><SENTENCE><W>The</W><W>Ring</W><W>creeped</W><W>me</W><W>out</W><W>,</W><W>but</W><W>lost</W><W>me</W><W>towards</W><W>the</W><W>end</W><W>.</W></SENTENCE><SENTENCE><W>Gothika</W><W>was</W><W>like</W><W>a</W><W>bad</W><W>combination</W><W>of</W><W>several</W><W>other</W><W>movies</W><W>,</W><C><W>and</W></C><W>I</W><W>have</W><W>yet</W><W>to</W><W>place</W><W>what</W><W>ones</W><W>they</W><W>were</W><W>.</W></SENTENCE><SENTENCE><W>Girl</W><W>Interupted</W><C><W>and</W></C><W>The</W><W>Ring</W><W>,</W><W>as</W><W>well</W><W>as</W><W>Do</W><W>n&#39;t</W><W>Say</W><W>a</W><W>Word</W><W>are</W><W>the</W><W>first</W><W>to</W><W>pop</W><W>into</W><W>my</W><W>mind</W><W>,</W><W>with</W><W>slight</W><W>residues</W><W>of</W><W>House</W><W>on</W><W>Haunted</W><W>Hill</W><C><W>and</W></C><cue ID="12" type="speculation"><W>maybe</W></cue><xcope ID="13"><ref COMMENTS="" ID="14" SRC="12"></ref><W>even</W><W>a</W><W>little</W><W>bit</W><W>of</W><W>The</W><W>Sixth</W><W>Sense</W></xcope></SENTENCE></P><P></P><P><SENTENCE><W>Gothika</W><W>is</W><W>about</W><W>Miranda</W><W>Grey</W><W>,</W><W>a</W><W>psychologist</W><W>at</W><W>a</W><W>prison</W><W>for</W><W>women</W><W>.</W></SENTENCE><SENTENCE><W>The</W><W>movie</W><W>starts</W><W>with</W><W>a</W><W>session</W><W>with</W><W>Chloe</W><W>(</W><W>Penelope</W><W>Cruz</W><W>)</W><W>,</W><W>a</W><W>woman</W><W>who</W><W>had</W><W>been</W><W>raped</W><W>by</W><W>her</W><W>stepfather</W><C><W>and</W></C><W>who</W><W>had</W><W>killed</W><W>him</W><W>.</W></SENTENCE><SENTENCE><W>She</W><W>is</W><W>obviously</W><W>quite</W><W>disturbed</W><W>,</W><W>she</W><W>keeps</W><W>referring</W><W>to</W><W>the</W><W>devil</W><W>as</W><W>the</W><W>one</W><W>who</W><W>rapes</W><W>her</W><W>.</W></SENTENCE><SENTENCE><W>The</W><W>session</W><W>ends</W><W>with</W><W>her</W><W>being</W><W>dragged</W><W>out</W><W>of</W><W>the</W><W>room</W><W>,</W><W>kicking</W><C><W>and</W></C><W>screaming</W><W>.</W></SENTENCE><SENTENCE><W>Dr.</W><W>Grey</W><W>obviously</W><cue ID="21" type="negation"><W>does</W><W>n&#39;t</W></cue><xcope ID="22"><ref COMMENTS="" ID="23" SRC="21"></ref><C><W>believe</W></C><W>her</W></xcope><W>.</W></SENTENCE></P><P></P><P><SENTENCE><W>On</W><W>her</W><W>way</W><W>home</W><W>from</W><W>work</W><W>that</W><W>evening</W><W>,</W><W>Dr.</W><W>Grey</W><W>is</W><W>presented</W><W>with</W><W>a</W><W>detour</W><W>due</W><W>to</W><W>a</W><W>sinkhole</W><W>created</W><W>by</W><W>a</W><W>rainstorm</W><W>.</W></SENTENCE><SENTENCE><W>The</W><W>darkness</W><C><W>and</W></C><W>the</W><W>pounding</W><W>rain</W><W>set</W><W>the</W><W>stage</W><W>for</W><W>what</W><W>is</W><W>about</W><W>to</W><W>happen</W><W>next</W><W>.</W></SENTENCE><SENTENCE><W>She</W><W>is</W><W>crossing</W><W>a</W><W>covered</W><W>bridge</W><W>,</W><C><W>and</W></C><W>when</W><W>she</W><W>emerges</W><W>at</W><W>the</W><W>other</W><W>end</W><W>,</W><W>there</W><W>is</W><W>a</W><W>girl</W><W>standing</W><W>there</W><W>,</W><W>in</W><W>her</W><W>nightgown</W><W>,</W><W>right</W><W>in</W><W>the</W><W>middle</W><W>of</W><W>the</W><W>road</W><W>.</W></SENTENCE><SENTENCE><W>She</W><W>swerves</W><W>,</W><W>barely</W><W>misses</W><W>her</W><W>,</W><C><W>and</W></C><W>goes</W><W>into</W><W>the</W><W>ditch</W><W>.</W></SENTENCE><SENTENCE><W>Dr.</W><W>Grey</W><W>gets</W><W>out</W><W>of</W><W>her</W><W>car</W><W>,</W><W>limping</W><W>,</W><C><W>and</W></C><W>confronts</W><W>the</W><W>girl</W><W>,</W><W>who</W><W>is</W><W>shaken</W><C><W>and</W></C><W>scared</W><W>looking</W><W>.</W></SENTENCE><SENTENCE><W>The</W><W>girl</W><W>has</W><W>scratches</W><W>on</W><W>her</W><W>chest</W><W>,</W><C><W>and</W></C><W>Dr.</W><W>Grey</W><W>immediately</W><W>starts</W><W>consoling</W><W>her</W><W>,</W><W>telling</W><W>her</W><W>she</W><W>will</W><W>help</W><W>her</W><W>-</W><W>then</W><W>the</W><W>girl</W><W>explodes</W><W>into</W><W>flame</W><W>,</W><W>which</W><W>covers</W><W>Dr.</W><W>Grey</W><W>as</W><W>well</W><W>...</W></SENTENCE></P><P></P><P><SENTENCE><W>The</W><W>next</W><W>scene</W><W>shows</W><W>us</W><W>a</W><W>very</W><W>disheveled</W><W>Dr.</W><W>Grey</W><W>sitting</W><W>bolt</W><W>upright</W><W>in</W><W>bed</W><W>,</W><W>locked</W><W>up</W><W>in</W><W>the</W><W>prison</W><W>where</W><W>she</W><W>works</W><W>.</W></SENTENCE><SENTENCE><W>She</W><W>has</W><C><cue ID="24" type="negation"><W>no</W></cue></C><xcope ID="32"><ref COMMENTS="" ID="39" SRC="24"></ref><xcope ID="30"><ref COMMENTS="" ID="38" SRC="25"></ref><C><W>idea</W></C><W>where</W><W>she</W><W>is</W></xcope><C><cue ID="25" type="speculation"><W>or</W></cue></C><xcope ID="31"><ref COMMENTS="" ID="37" SRC="25"></ref><W>what</W><W>has</W><W>happened</W><W>to</W><W>her</W></xcope></xcope><W>.</W></SENTENCE><SENTENCE><W>She</W><W>finds</W><W>out</W><W>that</W><W>three</W><W>days</W><W>ago</W><W>she</W><W>had</W><W>gone</W><W>home</W><C><W>and</W></C><W>killed</W><W>her</W><W>husband</W><W>(</W><W>Charles</W><W>Dutton</W><W>)</W><W>,</W><W>who</W><W>was</W><W>also</W><W>the</W><W>&#39;boss</W><W>&#39;</W><W>at</W><W>her</W><W>place</W><W>of</W><W>work</W><W>.</W></SENTENCE><SENTENCE><W>Devastated</W><W>,</W><W>she</W><W>sets</W><W>out</W><W>to</W><W>find</W><W>out</W><W>how</W><W>this</W><C><cue ID="26" type="speculation"><W>could</W></cue></C><xcope ID="29"><ref COMMENTS="" ID="40" SRC="26"></ref><W>have</W><W>happened</W></xcope><W>.</W></SENTENCE><SENTENCE><W>She</W><W>has</W><C><cue ID="27" type="negation"><W>no</W></cue></C><xcope ID="28"><ref COMMENTS="" ID="41" SRC="27"></ref><W>memory</W><W>of</W><W>what</W><W>happened</W></xcope><W>,</W><W>all</W><W>she</W><W>remembers</W><W>is</W><W>the</W><W>girl</W><W>.</W></SENTENCE></P><P></P><P><SENTENCE><W>The</W><W>bulk</W><W>of</W><W>the</W><W>movie</W><W>that</W><W>follows</W><W>involves</W><W>a</W><W>lot</W><W>of</W><W>&#34;boo</W><W>&#34;</W><W>scenes</W><W>,</W><W>as</W><W>I</W><W>call</W><W>them</W><W>-</W><W>scenes</W><W>that</W><W>make</W><W>you</W><W>jump</W><W>.</W></SENTENCE><SENTENCE><W>This</W><W>type</W><W>of</W><W>thing</W><W>was</W><W>really</W><W>overdone</W><W>.</W></SENTENCE><SENTENCE><W>Well</W><W>placed</W><W>,</W><W>these</W><W>scenes</W><C><cue ID="33" type="speculation"><W>can</W></cue></C><xcope ID="35"><ref COMMENTS="" ID="42" SRC="33"></ref><W>really</W><W>add</W><W>to</W><W>a</W><W>movie</W></xcope><W>,</W><W>but</W><W>when</W><W>there</W><W>are</W><W>too</W><W>many</W><W>you</W><W>start</W><W>to</W><C><W>expect</W></C><W>them</W><C><W>and</W></C><W>they</W><W>lose</W><W>their</W><W>effect</W><W>.</W></SENTENCE><SENTENCE><W>I</W><cue ID="34" type="speculation"><W>&#39;d</W></cue><xcope ID="36"><ref COMMENTS="" ID="43" SRC="34"></ref><W>much</W><W>rather</W><W>have</W><W>a</W><W>movie</W><W>that</W><W>messes</W><W>with</W><W>your</W><W>mind</W><W>rather</W><W>than</W><W>tests</W><W>your</W><W>reflexes</W><W>.</W></xcope></SENTENCE></P><P></P><P><SENTENCE><W>There</W><W>are</W><W>a</W><W>lot</W><W>of</W><W>creepy</W><W>shots</W><W>of</W><xcope ID="92"><ref COMMENTS="" ID="93" SRC="44"></ref><W>the</W><W>girl</W><W>as</W><W>a</W><W>ghost</W></xcope><W>,</W><W>who</W><C><cue ID="44" type="speculation"><W>seems</W></cue></C><xcope ID="51"><ref COMMENTS="" ID="59" SRC="44"></ref><W>to</W><W>pop</W><W>up</W><W>randomly</W></xcope><W>.</W></SENTENCE><SENTENCE><W>At</W><W>times</W><W>it</W><C><cue ID="45" type="speculation"><W>seems</W></cue></C><xcope ID="52"><ref COMMENTS="" ID="58" SRC="45"></ref><W>like</W><W>the</W><W>ghost</W><W>is</W><W>just</W><W>playing</W><W>with</W><W>her</W></xcope><W>,</W><W>spooking</W><W>her</W><W>at</W><W>the</W><W>most</W><W>inopportune</W><W>of</W><W>times</W><W>(</W><W>even</W><W>though</W><W>I</W><W>am</W><W>sure</W><W>this</W><W>was</W><W>unintentional</W><W>)</W><W>.</W></SENTENCE><SENTENCE><W>After</W><W>a</W><W>while</W><W>,</W><W>that</W><W>starts</W><W>to</W><W>get</W><W>old</W><W>,</W><W>after</W><W>all</W><W>,</W><W>we</W><W>have</W><W>all</W><W>seen</W><W>this</W><W>sort</W><W>of</W><W>thing</W><W>before</W><W>in</W><W>other</W><W>ghost</W><W>movies</W><W>.</W></SENTENCE></P><P></P><P><SENTENCE><W>I</W><W>&#39;m</W><C><cue ID="46" type="negation"><W>not</W></cue></C><xcope ID="53"><ref COMMENTS="" ID="60" SRC="46"></ref><W>sure</W><W>where</W><W>it</W><W>started</W></xcope><W>,</W><W>but</W><W>I</W><W>want</W><W>to</W><W>know</W><W>why</W><W>almost</W><W>all</W><W>ghosts</W><W>in</W><W>recent</W><W>films</W><W>walk</W><W>strange</W><W>,</W><W>in</W><W>a</W><W>disjointed</W><W>weird</W><W>way</W><W>.</W></SENTENCE><SENTENCE><W>The</W><W>first</W><W>time</W><W>I</W><W>saw</W><W>that</W><W>it</W><W>was</W><W>creepy</W><W>,</W><W>but</W><W>now</W><W>it</W><W>is</W><W>practically</W><W>cliche</W><W>,</W><C><W>and</W></C><W>almost</W><W>annoying</W><W>.</W></SENTENCE></P><P></P><P><SENTENCE><W>I</W><cue ID="47" type="negation"><W>do</W><W>n&#39;t</W></cue><xcope ID="55"><ref COMMENTS="" ID="62" SRC="47"></ref><W>know</W><C><cue ID="48" type="speculation"><W>if</W></cue></C><xcope ID="54"><ref COMMENTS="" ID="61" SRC="48"></ref><W>I</W><W>am</W><W>giving</W><W>anything</W><W>away</W><W>by</W><W>saying</W><W>this</W></xcope></xcope><W>,</W><W>but</W><W>the</W><W>whole</W><W>&#34;help</W><W>the</W><W>ghost</W><W>find</W><W>justice</W><W>so</W><W>they</W><C><cue ID="49" type="speculation"><W>can</W></cue></C><xcope ID="56"><ref COMMENTS="" ID="63" SRC="49"></ref><W>rest</W><W>in</W><W>peace</W></xcope><C><W>and</W></C><W>leave</W><W>me</W><W>alone</W><W>&#34;</W><W>thing</W><W>is</W><W>just</W><W>getting</W><W>old</W><W>as</W><W>well</W><W>.</W></SENTENCE><SENTENCE><W>I</W><W>almost</W><W>groaned</W><W>when</W><W>this</W><W>theme</W><W>popped</W><W>up</W><W>in</W><W>the</W><W>movie</W><W>(</W><W>though</W><W>I</W><C><cue ID="50" type="speculation"><W>should</W></cue></C><xcope ID="57"><ref COMMENTS="" ID="64" SRC="50"></ref><W>have</W><C><W>expected</W></C><W>it</W><W>)</W></xcope><W>.</W></SENTENCE><SENTENCE><W>What</W><W>I</W><W>do</W><W>n&#39;t</W><W>get</W><W>is</W><W>why</W><W>ghosts</W><W>in</W><W>these</W><W>situations</W><W>completely</W><W>terrorize</W><W>the</W><W>people</W><W>they</W><W>have</W><W>chosen</W><W>to</W><W>help</W><W>them</W><W>.</W></SENTENCE><SENTENCE><W>But</W><W>of</W><W>course</W><W>,</W><W>who</W><W>am</W><W>I</W><W>to</W><W>argue</W><W>about</W><W>the</W><W>way</W><W>a</W><W>ghost</W><W>reasons</W><W>?</W></SENTENCE></P><P></P><P><SENTENCE><W>The</W><W>climax</W><W>of</W><W>this</W><W>film</W><W>was</W><W>a</W><W>bit</W><W>anticlimatic</W><W>.</W></SENTENCE><SENTENCE><W>I</W><cue ID="65" type="negation"><W>do</W><W>n&#39;t</W></cue><xcope ID="91"><ref COMMENTS="" ID="115" SRC="65"></ref><W>know</W><xcope ID="90"><ref COMMENTS="" ID="117" SRC="68"></ref><C><cue ID="66" type="speculation"><W>if</W></cue></C><xcope ID="89"><ref COMMENTS="" ID="114" SRC="66"></ref><W>I</W><W>was</W><W>just</W><W>fed</W><W>up</W><W>with</W><W>the</W><W>blabbermouths</W><W>behind</W><W>me</W></xcope></xcope></xcope><W>,</W><C><cue ID="68" type="speculation"><W>or</W></cue></C><xcope ID="88"><ref COMMENTS="" ID="116" SRC="68"></ref><C><cue ID="67" type="speculation"><W>if</W></cue></C><xcope ID="87"><ref COMMENTS="" ID="113" SRC="67"></ref><W>I</W><W>really</W><cue ID="69" type="negation"><W>did</W><W>n&#39;t</W></cue><xcope ID="86"><ref COMMENTS="" ID="112" SRC="69"></ref><W>care</W><W>how</W><W>the</W><W>movie</W><W>ended</W></xcope></xcope></xcope><W>.</W></SENTENCE><SENTENCE><xcope ID="94"><ref COMMENTS="" ID="95" SRC="71"></ref><W>The</W><W>pieces</W></xcope><W>just</W><cue ID="70" type="negation"><W>did</W><W>n&#39;t</W></cue><xcope ID="85"><ref COMMENTS="" ID="111" SRC="70"></ref><C><cue ID="71" type="speculation"><W>seem</W></cue></C><xcope ID="84"><ref COMMENTS="" ID="110" SRC="71"></ref><W>to</W><W>fit</W><W>right</W></xcope></xcope><W>,</W><xcope ID="83"><ref COMMENTS="" ID="109" SRC="72"></ref><W>like</W><W>they</W><W>were</W><W>parts</W><W>from</W><W>a</W><W>different</W><W>movie</W></xcope><C><cue ID="72" type="speculation"><W>or</W></cue></C><xcope ID="82"><ref COMMENTS="" ID="108" SRC="72"></ref><W>something</W></xcope><W>.</W></SENTENCE></P><P></P><P><SENTENCE><W>The</W><W>suspense</W><W>in</W><W>this</W><W>movie</W><C><cue ID="73" type="speculation"><W>could</W></cue></C><xcope ID="81"><ref COMMENTS="" ID="107" SRC="73"></ref><W>have</W><W>been</W><W>done</W><W>a</W><W>bit</W><W>better</W></xcope><W>.</W></SENTENCE><SENTENCE><W>Some</W><W>parts</W><W>worked</W><W>,</W><W>most</W><cue ID="74" type="negation"><W>did</W><W>n&#39;t</W></cue><W>.</W></SENTENCE><SENTENCE><W>A</W><W>lot</W><W>of</W><W>stuff</W><W>was</W><W>immediately</W><W>obvious</W><W>,</W><C><W>and</W></C><W>the</W><W>&#39;twists</W><W>&#39;</W><W>were</W><W>n&#39;t</W><W>all</W><W>that</W><W>surprising</W><W>.</W></SENTENCE></P><P></P><P><SENTENCE><W>I</W><cue ID="75" type="negation"><W>did</W><W>n&#39;t</W></cue><xcope ID="80"><ref COMMENTS="" ID="106" SRC="75"></ref><W>really</W><W>notice</W><W>the</W><W>special</W><W>effects</W></xcope><W>:</W><W>that</W><W>means</W><W>they</W><W>were</W><W>good</W><W>enough</W><W>that</W><W>they</W><W>did</W><W>n&#39;t</W><W>stand</W><W>out</W><W>-</W><W>that</W><W>&#39;s</W><W>a</W><W>good</W><W>thing</W><W>.</W></SENTENCE><SENTENCE><W>I</W><W>do</W><W>n&#39;t</W><W>like</W><W>it</W><W>when</W><W>the</W><W>special</W><W>effects</W><W>are</W><W>obvious</W><W>-</W><W>they</W><C><cue ID="76" type="speculation"><W>should</W></cue></C><xcope ID="79"><ref COMMENTS="" ID="105" SRC="76"></ref><W>blend</W><W>with</W><W>the</W><W>movie</W></xcope><W>.</W></SENTENCE><SENTENCE><W>There</W><W>was</W><W>one</W><W>scene</W><W>that</W><C><cue ID="77" type="speculation"><W>could</W></cue></C><xcope ID="78"><ref COMMENTS="" ID="104" SRC="77"></ref><W>have</W><W>been</W><W>done</W><W>a</W><W>bit</W><W>better</W></xcope><W>,</W><W>but</W><W>overall</W><W>the</W><W>few</W><W>times</W><W>special</W><W>effects</W><W>needed</W><W>to</W><W>be</W><W>used</W><W>,</W><W>they</W><W>were</W><W>done</W><W>well</W><W>.</W></SENTENCE></P><P></P><P><SENTENCE><W>Despite</W><W>the</W><W>negativity</W><W>about</W><W>the</W><W>movie</W><W>,</W><W>I</W><W>do</W><C><W>feel</W></C><W>that</W><W>Halle</W><W>Berry</W><W>did</W><W>a</W><W>really</W><W>good</W><W>job</W><W>of</W><W>playing</W><W>the</W><W>part</W><W>of</W><W>Dr.</W><W>Grey</W><W>.</W></SENTENCE><SENTENCE><W>Penelope</W><W>Cruz</W><W>was</W><W>also</W><W>very</W><W>good</W><W>as</W><W>the</W><W>highly</W><W>disturbed</W><W>Chloe</W><W>.</W></SENTENCE><SENTENCE><W>Robert</W><W>Downey</W><W>Jr</W><W>&#39;s</W><W>character</W><W>(</W><W>Pete</W><W>Graham</W><W>)</W><W>was</W><W>a</W><W>bit</W><W>shallow</W><W>,</W><W>but</W><W>I</W><C><cue ID="92" type="speculation"><W>think</W></cue></C><xcope ID="98"><ref COMMENTS="" ID="103" SRC="92"></ref><W>that</W><C><cue ID="93" type="speculation"><W>may</W></cue></C><xcope ID="97"><ref COMMENTS="" ID="102" SRC="93"></ref><W>have</W><W>been</W><W>intentional</W></xcope></xcope><W>.</W></SENTENCE></P><P></P><P><SENTENCE><W>Overall</W><W>,</W><W>this</W><W>movie</W><W>is</W><C><cue ID="94" type="speculation"><W>probably</W></cue></C><xcope ID="96"><ref COMMENTS="" ID="101" SRC="94"></ref><W>worth</W><W>seeing</W></xcope><W>.</W></SENTENCE><SENTENCE><W>I</W><W>am</W><W>left</W><W>with</W><W>an</W><W>empty</W><W>feeling</W><W>where</W><W>the</W><W>creepiness</W><C><cue ID="95" type="speculation"><W>should</W></cue></C><xcope ID="99"><ref COMMENTS="" ID="100" SRC="95"></ref><W>be</W><W>after</W><W>a</W><W>good</W><W>ghost</W><W>story</W></xcope><W>,</W><W>so</W><W>I</W><W>&#39;m</W><W>a</W><W>bit</W><W>disappointed</W><W>.</W></SENTENCE></P><P></P><P><SENTENCE><W>This</W><W>movie</W><W>is</W><W>rated</W><W>R</W><W>in</W><W>the</W><W>US</W><W>,</W><W>&#34;</W><W>for</W><W>violence</W><W>,</W><W>brief</W><W>language</W><C><W>and</W></C><W>nudity&#34;</W><W>.</W></SENTENCE><SENTENCE><W>I</W><W>do</W><W>n&#39;t</W><W>remember</W><W>any</W><W>nudity</W><W>(</W><W>well</W><W>they</W><W>were</W><W>naked</W><W>but</W><W>it</W><W>did</W><W>n&#39;t</W><W>show</W><W>anything</W><W>!</W><W>)</W><W>.</W></SENTENCE><SENTENCE><W>In</W><W>Canada</W><W>it</W><W>is</W><W>rated</W><W>A</W><W>,</W><W>which</W><W>means</W><W>you</W><W>only</W><W>have</W><W>to</W><W>be</W><W>14</W><W>to</W><W>get</W><W>in</W><W>(</W><W>much</W><W>to</W><W>our</W><W>dismay</W><W>at</W><W>the</W><W>noise</W><C><W>and</W></C><W>rowdiness</W><W>in</W><W>the</W><W>theatres</W><W>)</W><W>.</W></SENTENCE></P></DOCUMENT>
