<?xml version="1.0" encoding="UTF-8"?>
<DOCUMENT><P></P><P><SENTENCE><W>Plot</W><W>Details</W><W>:</W><W>This</W><W>opinion</W><W>reveals</W><W>minor</W><W>details</W><W>about</W><W>the</W><W>movie</W><W>&#39;s</W><W>plot</W><W>.</W></SENTENCE></P><P></P><P><SENTENCE><W>The</W><W>Gothic</W><W>tradition</W><W>of</W><W>violent</W><W>change</W><W>enveloped</W><W>in</W><W>mystery</W><C><W>and</W></C><W>steeped</W><W>in</W><W>moody</W><W>atmosphere</W><W>is</W><W>re-imagined</W><W>by</W><W>Hollywood</W><W>in</W><W>&#34;</W><W>Gothika&#34;</W><W>...or</W><W>so</W><W>they</W><W>want</W><W>you</W><W>to</W><C><W>believe</W></C><W>.</W></SENTENCE></P><P></P><P><SENTENCE><W>Halle</W><W>Berry</W><W>plays</W><W>criminal</W><W>psychologist</W><W>,</W><W>Dr.</W><W>Miranda</W><W>Grey</W><W>,</W><W>whose</W><W>stable</W><W>life</W><W>is</W><W>turned</W><W>up-side-down</W><W>after</W><W>an</W><W>accident</W><W>on</W><W>a</W><W>bridge</W><W>during</W><W>a</W><W>dark</W><W>and</W><W>stormy</W><W>night</W><W>.</W></SENTENCE></P><P></P><P><SENTENCE><W>She</W><W>awakens</W><W>,</W><W>shocked</W><W>to</W><W>find</W><W>herself</W><W>incarcerated</W><W>at</W><W>the</W><W>Woodward</W><W>Penitentiary</W><W>for</W><W>Women</W><W>,</W><W>alongside</W><W>the</W><W>criminally</W><W>insane</W><W>patients</W><W>she</W><W>once</W><W>treated</W><W>.</W></SENTENCE><SENTENCE><C><W>Unable</W></C><W>to</W><W>remember</W><W>having</W><W>committed</W><W>an</W><W>unmotivated</W><W>act</W><W>of</W><W>such</W><W>sheer</W><W>brutality</W><W>against</W><W>a</W><W>husband</W><W>she</W><W>loved</W><C><W>and</W></C><W>admired</W><W>(</W><W>Charles</W><W>S.</W><W>Dutton</W><W>)</W><W>.</W></SENTENCE></P><P></P><P><SENTENCE><W>My</W><W>first</W><C><W>thought</W></C><W>was</W><W>:</W><cue ID="0" type="negation"><W>Do</W><W>n&#39;t</W></cue><xcope ID="1"><ref COMMENTS="" ID="2" SRC="0"></ref><W>most</W><W>wives</W><W>that</W><W>murder</W><W>their</W><W>husbands</W><W>wake</W><W>up</W><W>in</W><W>jail</W><W>first</W></xcope><W>?</W></SENTENCE></P><P></P><P><SENTENCE><W>As</W><W>poor</W><W>Miranda</W><W>tries</W><W>to</W><W>regain</W><W>her</W><W>memory</W><C><W>and</W></C><W>prove</W><W>her</W><W>innocence</W><W>,</W><W>she</W><W>is</W><W>untimely</W><W>haunted</W><W>by</W><W>disturbing</W><W>visions</W><W>that</W><W>further</W><W>persuades</W><W>evidence</W><W>of</W><W>madness</W><W>by</W><W>her</W><W>former</W><W>colleagues</W><W>,</W><W>like</W><W>Dr.</W><W>Pete</W><W>Graham</W><W>(</W><W>ROBERT</W><W>DOWNEY</W><W>JR.</W><W>)</W><W>,</W><W>Miranda</W><W>&#39;s</W><W>sympathetic</W><W>but</W><W>skeptical</W><W>coworker</W><W>who</W><W>is</W><W>wrestling</W><W>with</W><W>issues</W><W>of</W><W>his</W><W>own</W><W>-</W><W>he</W><W>is</W><W>in</W><W>love</W><W>with</W><W>Miranda</W><W>.</W></SENTENCE></P><P></P><P><SENTENCE><W>The</W><W>visions</W><W>in</W><W>question</W><W>concern</W><W>a</W><W>mysterious</W><W>young</W><W>woman</W><W>shivering</W><W>naked</W><W>in</W><W>the</W><W>road</W><W>during</W><W>that</W><W>dark</W><C><W>and</W></C><W>stormy</W><W>night</W><W>when</W><W>Miranda</W><W>&#39;s</W><W>trouble</W><W>began</W><W>.</W></SENTENCE><SENTENCE><W>These</W><W>images</W><W>are</W><W>from</W><W>a</W><W>vengeful</W><W>spirit</W><W>in</W><W>Miranda</W><W>&#39;s</W><W>mind</W><W>,</W><W>causing</W><W>her</W><W>to</W><W>question</W><W>many</W><W>things</W><W>about</W><W>her</W><W>own</W><W>beliefs</W><W>in</W><W>psychology</W><W>-</W><W>such</W><W>as</W><W>,</W><cue ID="3" type="speculation"><W>maybe</W></cue><xcope ID="5"><ref COMMENTS="" ID="8" SRC="3"></ref><W>the</W><W>patients</W><W>that</W><W>say</W><W>they</W><W>are</W><W>hearing</W><W>voices</W><W>really</W><W>are</W><W>hearing</W><W>voices</W></xcope><W>-</W><C><W>and</W></C><W>that</W><C><cue ID="4" type="speculation"><W>perhaps</W></cue></C><xcope ID="6"><ref COMMENTS="" ID="7" SRC="4"></ref><W>she</W><W>herself</W><W>is</W><W>possessed</W></xcope><W>.</W></SENTENCE></P><P></P><P><SENTENCE><W>In</W><W>an</W><W>ironic</W><W>twist</W><W>,</W><W>we</W><W>find</W><W>Miranda</W><W>&#39;s</W><W>own</W><W>treatment</W><W>mirroring</W><W>her</W><W>old</W><W>therapies</W><W>used</W><W>on</W><W>dangerous</W><W>patients</W><W>such</W><W>as</W><W>Chloe</W><W>(</W><W>Penelope</W><W>Cruz</W><W>)</W><W>,</W><W>whose</W><W>confessions</W><W>of</W><W>satanic</W><W>torture</W><W>were</W><W>dismissed</W><W>by</W><W>the</W><W>prude</W><W>Miranda</W><W>as</W><W>ramblings</W><W>.</W></SENTENCE><SENTENCE><W>The</W><W>problem</W><W>with</W><W>being</W><W>crazy</W><W>is</W><W>that</W><C><cue ID="9" type="negation"><W>no</W></cue></C><xcope ID="16"><ref COMMENTS="" ID="17" SRC="9"></ref><xcope ID="12"><ref COMMENTS="" ID="15" SRC="10"></ref><W>matter</W><W>what</W><W>you</W><W>say</W></xcope><C><cue ID="10" type="speculation"><W>or</W></cue></C><xcope ID="11"><ref COMMENTS="" ID="14" SRC="10"></ref><W>how</W><W>well</W><W>you</W><W>say</W><W>it</W></xcope></xcope><W>,</W><W>they</W><W>&#39;ll</W><W>still</W><C><cue ID="35" type="speculation"><W>think</W></cue></C><xcope ID="36"><ref COMMENTS="" ID="37" SRC="35"></ref><W>you</W><W>&#39;re</W><W>crazy</W></xcope><W>.</W></SENTENCE></P><P></P><P><SENTENCE><W>This</W><C><cue ID="18" type="speculation"><W>would</W></cue></C><xcope ID="21"><ref COMMENTS="" ID="23" SRC="18"></ref><W>have</W><W>been</W><W>a</W><W>welcoming</W><W>topic</W><W>to</W><W>play</W><W>upon</W><W>even</W><C><cue ID="19" type="speculation"><W>if</W></cue></C><xcope ID="20"><ref COMMENTS="" ID="22" SRC="19"></ref><W>it</W><W>has</W><W>been</W><W>done</W><W>before</W></xcope></xcope><W>,</W><W>but</W><W>the</W><W>moment</W><W>comes</W><C><W>and</W></C><W>then</W><W>it</W><W>passes</W><W>as</W><W>a</W><W>means</W><W>to</W><W>give</W><W>the</W><W>viewers</W><W>an</W><W>uneasy</W><W>feeling</W><W>.</W></SENTENCE></P><P></P><P><SENTENCE><W>Halle</W><W>as</W><W>a</W><W>criminal</W><W>psychologist</W><W>was</W><C><cue ID="24" type="negation"><W>not</W></cue></C><xcope ID="31"><ref COMMENTS="" ID="38" SRC="24"></ref><W>a</W><W>believable</W><W>job</W></xcope><W>.</W></SENTENCE><SENTENCE><W>She</W><W>struggled</W><W>on</W><W>medical</W><W>terminology</W><C><W>and</W></C><xcope ID="38"><ref COMMENTS="" ID="39" SRC="25"></ref><W>her</W><W>character</W></xcope><C><cue ID="25" type="speculation"><W>seemed</W></cue></C><xcope ID="32"><ref COMMENTS="" ID="37" SRC="25"></ref><W>unacquainted</W><W>in</W><W>her</W><W>own</W><W>environment</W></xcope><W>.</W></SENTENCE><SENTENCE><W>Miranda</W><W>the</W><W>patient</W><W>was</W><W>a</W><W>more</W><C><W>plausible</W></C><W>impression</W><W>,</W><W>considering</W><W>Halle</W><W>Berry</W><W>has</W><W>a</W><W>natural</W><W>confused</W><W>look</W><W>on</W><W>her</W><W>face</W><W>which</W><W>enhances</W><W>this</W><W>role</W><W>.</W></SENTENCE></P><P></P><P><SENTENCE><W>The</W><W>movie</W><W>talks</W><W>horror</W><W>and</W><W>fear</W><W>but</W><W>delivers</W><C><cue ID="26" type="negation"><W>none</W></cue></C><W>.</W></SENTENCE><SENTENCE><W>The</W><W>ambience</W><W>has</W><W>a</W><W>natural</W><C><W>feel</W></C><W>for</W><W>any</W><W>&#34;</W><W>B&#34;</W><W>horror</W><W>film</W><W>,</W><W>yet</W><W>the</W><W>actual</W><W>scare</W><W>tactics</W><W>are</W><C><W>implied</W></C><W>by</W><W>the</W><W>storyline</W><W>:</W><W>The</W><W>audience</W><W>&#34;needs</W><W>&#34;</W><W>to</W><W>be</W><W>afraid</W><W>for</W><W>Miranda</W><W>,</W><W>but</W><W>the</W><W>writer</W><W>and</W><W>director</W><W>assume</W><W>we</W><W>will</W><W>be</W><W>.</W></SENTENCE><SENTENCE><C><W>Instead</W></C><W>of</W><W>walking</W><W>us</W><W>slowly</W><W>through</W><W>these</W><W>moments</W><W>,</W><W>we</W><W>are</W><W>intended</W><W>to</W><W>use</W><W>the</W><W>totality</W><W>of</W><W>the</W><W>movie</W><W>as</W><W>a</W><W>&#34;what</W><C><cue ID="27" type="speculation"><W>if</W></cue></C><W>&#34;</W><W>scenario</W><W>.</W></SENTENCE><SENTENCE><W>-</W><W>What</W><C><cue ID="28" type="speculation"><W>if</W></cue></C><xcope ID="34"><ref COMMENTS="" ID="36" SRC="28"></ref><W>you</W><W>were</W><W>told</W><W>that</W><W>you</W><W>did</W><W>something</W><W>terrible</W><W>but</W><W>you</W><W>have</W><C><cue ID="29" type="negation"><W>no</W></cue></C><xcope ID="33"><ref COMMENTS="" ID="35" SRC="29"></ref><W>memory</W><W>of</W><W>doing</W><W>it</W></xcope></xcope><W>?</W></SENTENCE><SENTENCE><W>-</W></SENTENCE></P><P></P><P><SENTENCE><W>That</W><W>&#39;s</W><C><cue ID="30" type="negation"><W>not</W></cue></C><xcope ID="39"><ref COMMENTS="" ID="40" SRC="30"></ref><W>scary</W></xcope><W>.</W></SENTENCE></P></DOCUMENT>
