<?xml version="1.0" encoding="UTF-8"?>
<DOCUMENT><P></P><P><SENTENCE><W>Plot</W><W>Details</W><W>:</W><W>This</W><W>opinion</W><W>reveals</W><W>minor</W><W>details</W><W>about</W><W>the</W><W>movie</W><W>&#39;s</W><W>plot</W><W>.</W></SENTENCE></P><P></P><P><SENTENCE><W>Anyone</W><W>old</W><W>enough</W><W>to</W><W>remember</W><W>the</W><W>TV</W><W>series</W><xcope ID="2"><ref COMMENTS="" ID="4" SRC="0"></ref><W>CIRCLE</W><W>OF</W><W>FEAR</W></xcope><C><cue ID="0" type="speculation"><W>or</W></cue></C><xcope ID="1"><ref COMMENTS="" ID="3" SRC="0"></ref><W>NIGHT</W><W>GALLERY</W></xcope><W>?</W></SENTENCE><SENTENCE><W>They</W><W>were</W><W>mid-70s</W><W>show</W><W>in</W><W>the</W><W>vein</W><W>of</W><W>Rod</W><W>Serling</W><W>&#39;s</W><W>TWILIGHT</W><W>ZONE</W><W>but</W><W>the</W><W>little</W><W>episodes</W><W>were</W><W>very</W><W>predictable</W><C><W>and</W></C><W>formula</W><W>.</W></SENTENCE><SENTENCE><W>Usually</W><W>,</W><W>someone</W><W>was</W><W>murdered</W><C><W>and</W></C><W>,</W><W>usually</W><W>,</W><W>their</W><W>ghost</W><W>came</W><W>back</W><W>for</W><W>revenge</W><W>in</W><W>a</W><W>number</W><W>of</W><W>bizarre</W><W>fashions</W><W>.</W></SENTENCE></P><P></P><P><SENTENCE><W>GOTHIKA</W><W>is</W><W>a</W><W>throw-back</W><W>to</W><W>those</W><W>old</W><W>TV</W><W>shows</W><W>-</W><W>a</W><W>supernatural</W><W>revenge</W><W>story</W><W>with</W><W>state</W><W>of</W><W>the</W><W>art</W><W>special</W><W>effects</W><C><W>and</W></C><W>some</W><W>chilling</W><W>cinematography</W><W>that</W><W>makes</W><W>the</W><W>movie</W><W>look</W><W>a</W><W>lot</W><W>classier</W><W>than</W><W>it</W><W>deserves</W><W>to</W><W>be</W><W>.</W></SENTENCE><SENTENCE><W>Halle</W><W>Berry</W><W>,</W><W>gorgeous</W><C><W>and</W></C><W>with</W><W>a</W><W>surprisingly</W><W>good</W><W>screaming</W><W>voice</W><W>,</W><W>threatens</W><W>to</W><W>pull</W><W>a</W><W>Cuba</W><W>Gooding</W><W>Jr.</W><W>with</W><W>her</W><W>post-Oscar</W><W>career</W><W>in</W><W>this</W><W>tepidly</W><W>written</W><W>horror</W><W>movie</W><W>with</W><W>the</W><W>inexplicable</W><W>title</W><W>.</W></SENTENCE></P><P></P><P><SENTENCE><W>Berry</W><W>plays</W><W>Dr.</W><W>Miranda</W><W>Grey</W><W>,</W><W>a</W><W>prison</W><W>psychologist</W><W>specializing</W><W>in</W><W>dealing</W><W>with</W><W>the</W><W>criminally</W><W>insane</W><W>.</W></SENTENCE><SENTENCE><W>Her</W><W>primary</W><W>patient</W><W>,</W><W>Chloe</W><W>,</W><W>played</W><W>by</W><W>the</W><W>overrated</W><W>Penelope</W><W>Cruz</W><W>,</W><W>is</W><W>a</W><W>lisping</W><W>example</W><W>of</W><W>over-acting</W><W>.</W></SENTENCE><SENTENCE><W>When</W><W>Cruz</W><W>screams</W><W>some</W><W>obscenities</W><W>for</W><W>effect</W><C><W>and</W></C><W>then</W><W>tries</W><W>to</W><W>touch</W><W>her</W><W>doctor</W><W>,</W><W>she</W><W>comes</W><W>off</W><W>as</W><W>someone</W><W>who</W><W>&#39;s</W><W>watched</W><W>Isabella</W><W>Rossellini</W><W>in</W><W>BLUE</W><W>VELVET</W><W>too</W><W>many</W><W>times</W><W>.</W></SENTENCE><SENTENCE><C><W>And</W></C><W>she</W><cue ID="33" type="negation"><W>ai</W><W>n&#39;t</W></cue><xcope ID="34"><ref COMMENTS="" ID="35" SRC="33"></ref><C><cue COMMENTS="" ID="5" type="negation"><W>no</W></cue></C><xcope ID="6"><ref COMMENTS="" ID="7" SRC="5"></ref><W>Rossellini</W></xcope></xcope><W>.</W></SENTENCE></P><P></P><P><SENTENCE><xcope ID="10"><ref COMMENTS="" ID="12" SRC="9"></ref><W>Intentionally</W></xcope><C><cue ID="9" type="speculation"><W>or</W></cue></C><C><cue ID="8" type="negation"><xcope ID="11"><ref COMMENTS="" ID="13" SRC="9"></ref><W>not</W></xcope></cue></C><W>,</W><W>the</W><W>beginning</W><W>of</W><W>GOTHIKA</W><W>has</W><W>Berry</W><W>misequating</W><W>professional</W><W>distance</W><C><W>and</W></C><W>aloofness</W><W>.</W></SENTENCE><SENTENCE><W>While</W><W>Cruz</W><W>goes</W><W>into</W><W>yowling</W><W>hysterics</W><W>,</W><W>Berry</W><W>calmly</W><W>walks</W><W>down</W><W>the</W><W>prison</W><W>hallway</W><W>,</W><W>heading</W><W>for</W><W>her</W><W>daily</W><W>swim(</W><W>!</W><W>!</W><W>)</W><W>Miscasting</W><W>abounds</W><W>when</W><W>Berry</W><W>meets</W><W>up</W><W>with</W><W>her</W><W>creepy</W><W>husband</W><W>played</W><W>by</W><W>Charles</W><W>Dutton</W><C><W>and</W></C><W>her</W><W>creepy</W><W>co-worker</W><W>,</W><W>the</W><W>stalker-doctor</W><W>played</W><W>by</W><W>Robert</W><W>Downey</W><W>Jr.</W></SENTENCE></P><P></P><P><SENTENCE><W>Dr.</W><W>Grey</W><W>soon</W><W>finds</W><W>herself</W><W>on</W><W>the</W><W>other</W><W>side</W><W>of</W><W>the</W><W>cell</W><W>bars</W><W>,</W><W>accused</W><W>of</W><W>her</W><W>husband</W><W>&#39;s</W><W>murder</W><W>.</W></SENTENCE><SENTENCE><W>Is</W><W>she</W><W>losing</W><W>her</W><W>sanity</W><W>?</W></SENTENCE><SENTENCE><W>Is</W><W>she</W><W>guilty</W><W>?</W></SENTENCE><SENTENCE><W>Are</W><W>there</W><W>ghosts</W><W>at</W><W>work</W><W>?</W></SENTENCE></P><P></P><P><SENTENCE><W>The</W><W>audience</W><W>laughed</W><W>when</W><W>Downey</W><W>described</W><W>a</W><W>patient</W><W>&#39;s</W><W>drug</W><W>profile</W><W>.</W></SENTENCE><SENTENCE><W>Berry</W><W>,</W><W>obviously</W><C><cue ID="14" type="negation"><W>no</W></cue></C><xcope ID="17"><ref COMMENTS="" ID="20" SRC="14"></ref><W>student</W><W>of</W><W>ER</W></xcope><W>,</W><W>rattles</W><W>off</W><W>medical</W><W>dialogue</W><W>with</W><W>all</W><W>the</W><W>conviction</W><W>of</W><W>reading</W><W>her</W><W>phone</W><W>bill</W><W>.</W></SENTENCE><SENTENCE><xcope COMMENTS="" ID="36"><ref COMMENTS="" ID="37" SRC="30"></ref><W>She</W></xcope><W>also</W><cue ID="31" type="negation"><W>does</W><W>n&#39;t</W></cue><xcope ID="32"><ref COMMENTS="" ID="34" SRC="31"></ref><C><cue ID="30" type="speculation"><W>seem</W></cue></C><xcope ID="18"><ref COMMENTS="" ID="33" SRC="30"></ref><W>to</W><W>mind</W><W>some</W><W>blatant</W><W>exploitation</W></xcope></xcope><W>-</W><W>there</W><W>&#39;s</W><xcope COMMENTS="" ID="38"><ref COMMENTS="" ID="39" SRC="16"></ref><W>a</W><W>shower</W><W>scene</W></xcope><W>that</W><C><cue ID="16" type="speculation"><W>seems</W></cue></C><xcope ID="19"><ref COMMENTS="" ID="22" SRC="16"></ref><W>to</W><W>be</W><W>there</W><W>solely</W><W>for</W><W>some</W><W>gratuitous</W><W>nudity</W></xcope><W>.</W></SENTENCE></P><P></P><P><SENTENCE><W>But</W><W>GOTHIKA</W><W>&#39;s</W><W>problems</W><W>are</W><W>multifold</W><W>.</W></SENTENCE><SENTENCE><W>Blame</W><W>the</W><W>director</W><W>for</W><C><cue ID="23" type="negation"><W>not</W></cue></C><xcope ID="26"><ref COMMENTS="" ID="30" SRC="23"></ref><W>giving</W><W>his</W><W>all-star</W><W>cast</W><W>some</W><W>instinctive</W><W>direction</W></xcope><W>.</W></SENTENCE><SENTENCE><W>Blame</W><W>the</W><W>actors</W><W>for</W><C><cue ID="24" type="negation"><W>not</W></cue></C><xcope ID="27"><ref COMMENTS="" ID="31" SRC="24"></ref><W>being</W><W>interested</W><W>in</W><W>their</W><W>characters</W></xcope><W>.</W></SENTENCE><SENTENCE><C><W>And</W></C><W>blame</W><W>the</W><W>writer</W><W>for</W><W>a</W><W>script</W><W>that</W><W>needed</W><W>a</W><xcope ID="28"><ref COMMENTS="" ID="32" SRC="25"></ref><W>rewrite</W></xcope><C><cue COMMENTS="" ID="25" type="speculation"><W>or</W></cue></C><xcope ID="29"><ref COMMENTS="" ID="33" SRC="25"></ref><W>four</W></xcope><W>.</W></SENTENCE><SENTENCE><W>This</W><W>is</W><W>one</W><W>of</W><W>those</W><W>whodunit</W><W>horror</W><W>movies</W><W>that</W><W>telegraphs</W><W>its</W><W>villains</W><C><W>and</W></C><W>victims</W><W>well</W><W>in</W><W>advance</W><W>.</W></SENTENCE><SENTENCE><W>The</W><W>true</W><W>horror</W><W>of</W><W>GOTHIKA</W><W>is</W><W>that</W><W>Halle</W><W>Berry</W><W>&#39;s</W><W>choice</W><W>of</W><W>material</W><W>is</W><W>so</W><W>hit</W><C><W>and</W></C><W>miss</W><W>.</W></SENTENCE></P></DOCUMENT>
