<?xml version="1.0" encoding="UTF-8"?>
<DOCUMENT><P></P><P><SENTENCE><W>Plot</W><W>Details</W><W>:</W><W>This</W><W>opinion</W><W>reveals</W><W>major</W><W>details</W><W>about</W><W>the</W><W>movie</W><W>&#39;</W><W>&#39;s</W><W>plot</W><W>.</W></SENTENCE></P><P></P><P><SENTENCE><W>This</W><W>was</W><W>definitely</W><W>&#34;one</W><W>to</W><W>miss</W><W>&#34;</W><W>the</W><W>first</W><W>time</W><W>I</W><W>saw</W><W>the</W><W>trailer</W><W>.</W></SENTENCE><SENTENCE><W>But</W><W>you</W><W>know</W><W>what</W><W>they</W><W>say</W><W>about</W><W>curiosity</W><C><W>and</W></C><W>the</W><W>cat</W><W>.</W></SENTENCE></P><P></P><P><SENTENCE><W>Mona</W><W>Lisa</W><W>Smile</W><W>is</W><W>what</W><W>I</W><W>guess</W><W>you</W><C><cue ID="0" type="speculation"><W>might</W></cue></C><xcope ID="3"><ref ID="10" SRC="0"></ref><W>call</W><W>a</W><W>&#34;</W><W>f*ck</W><W>tradition</W><W>&#34;</W><W>kind</W><W>of</W><W>movie</W></xcope><W>.</W></SENTENCE><SENTENCE><W>Katherine</W><W>Watson</W><W>(</W><W>Julia</W><W>Roberts</W><W>)</W><W>gets</W><W>a</W><W>job</W><W>as</W><W>an</W><W>art</W><W>history</W><W>teacher</W><W>at</W><W>Wellesley</W><W>College</W><W>.</W></SENTENCE><SENTENCE><W>But</W><W>her</W><W>students</W><W>turn</W><W>out</W><W>to</W><W>be</W><W>a</W><W>bit</W><W>smarter</W><W>than</W><W>she</W><W>was</W><W>anticipating</W><W>.</W></SENTENCE><SENTENCE><W>So</W><W>she</W><W>changes</W><W>her</W><W>approach</W><W>,</W><C><W>and</W></C><W>the</W><W>class</W><W>has</W><W>a</W><W>wonderful</W><W>discussion</W><W>about</W><xcope ID="4"><ref ID="8" SRC="1"></ref><W>what</W><W>art</W><W>is</W></xcope><W>(</W><cue ID="1" type="speculation"><W>or</W></cue><xcope ID="7"><ref COMMENTS="" ID="9" SRC="1"></ref><W>what</W><W>it</W><cue ID="6" type="negation"><W>is</W><W>n&#39;t</W></cue></xcope><W>)</W><W>and</W><W>who</W><W>is</W><W>qualified</W><W>to</W><W>define</W><W>it</W><W>.</W></SENTENCE></P><P></P><P><SENTENCE><W>Then</W><W>Amanda</W><W>Armstrong</W><W>(</W><W>greatly</W><W>played</W><W>by</W><W>an</W><W>underused</W><W>Juliet</W><W>Stevenson</W><W>)</W><W>,</W><W>one</W><W>of</W><W>the</W><W>school</W><W>faculty</W><W>,</W><W>gets</W><W>caught</W><W>distributing</W><W>contraceptives</W><C><W>and</W></C><W>she</W><W>is</W><W>fired</W><W>.</W></SENTENCE><SENTENCE><W>Just</W><W>goes</W><W>to</W><W>show</W><W>ya</W><W>,</W><W>you</W><cue ID="11" type="negation"><W>do</W><W>n&#39;t</W></cue><xcope ID="13"><ref ID="16" SRC="11"></ref><W>mess</W><W>with</W><W>the</W><W>rules</W></xcope><W>.</W></SENTENCE><SENTENCE><W>Strangely</W><W>enough</W><W>,</W><W>though</W><W>,</W><W>it</W><W>is</W><W>commonplace</W><W>at</W><W>that</W><W>very</W><W>same</W><W>school</W><W>for</W><W>teachers</W><W>to</W><W>turn</W><W>their</W><W>heads</W><W>when</W><W>the</W><W>girls</W><W>miss</W><W>classes</W><W>because</W><W>they</W><W>got</W><W>married</W><W>.</W></SENTENCE></P><P></P><P><SENTENCE><W>As</W><W>far</W><W>as</W><W>story</W><W>goes</W><W>,</W><W>this</W><W>is</W><W>about</W><W>as</W><W>close</W><W>to</W><W>a</W><W>story</W><W>as</W><W>it</W><W>gets</W><W>.</W></SENTENCE><SENTENCE><W>Ms.</W><W>Watson</W><W>is</W><W>content</W><W>with</W><W>questions</W><W>,</W><W>the</W><W>girls</W><W>have</W><cue ID="15" type="negation"><W>nothing</W></cue><xcope ID="19"><ref ID="20" SRC="15"></ref><W>but</W><W>answers</W></xcope><W>.</W></SENTENCE><SENTENCE><W>Ms.</W><W>Watson</W><W>is</W><W>content</W><W>with</W><W>life</W><W>as</W><W>a</W><W>process</W><W>,</W><W>the</W><W>girls</W><W>want</W><W>to</W><W>get</W><W>to</W><W>the</W><W>destination</W><W>.</W></SENTENCE><SENTENCE><W>Ms.</W><W>Watson</W><W>wants</W><W>to</W><W>teach</W><W>these</W><W>girls</W><W>to</W><W>be</W><W>&#34;</W><W>tomorrow</W><W>&#39;s</W><W>leaders</W><W>,</W><C><cue ID="12" type="negation"><W>not</W></cue></C><xcope ID="14"><ref ID="17" SRC="12"></ref><W>their</W><W>housewives</W></xcope><W>&#34;</W><W>.</W></SENTENCE></P><P></P><P><SENTENCE><W>But</W><W>her</W><W>students</W><W>,</W><W>four</W><W>of</W><W>whom</W><W>we</W><W>focus</W><W>on</W><W>in</W><W>particular</W><W>,</W><W>have</W><W>their</W><W>own</W><W>stories</W><W>.</W></SENTENCE><SENTENCE><W>Joan</W><C><cue ID="21" type="speculation"><W>could</W></cue></C><xcope ID="30"><ref ID="38" SRC="21"></ref><W>get</W><W>accepted</W><W>to</W><W>Yale</W></xcope><W>,</W><W>but</W><W>she</W><W>&#39;s</W><C><cue ID="22" type="negation"><W>not</W></cue></C><xcope ID="31"><ref ID="39" SRC="22"></ref><W>sure</W><W>she</W><W>wants</W><W>to</W><W>put</W><W>off</W><W>the</W><W>&#34;home</W><W>life</W></xcope><W>&#34;</W><W>where</W><W>tradition</W><C><cue ID="23" type="speculation"><W>would</W></cue></C><xcope ID="32"><ref ID="40" SRC="23"></ref><W>have</W><W>her</W><W>be</W></xcope><W>.</W></SENTENCE><SENTENCE><W>Betty</W><W>gets</W><W>married</W><W>right</W><W>away</W><W>,</W><C><W>and</W></C><W>starts</W><W>to</W><W>miss</W><W>classes</W><W>,</W><W>but</W><W>things</W><W>only</W><W>get</W><W>worse</W><W>at</W><W>home</W><W>too</W><W>.</W></SENTENCE><SENTENCE><W>Giselle</W><W>lives</W><W>with</W><W>a</W><W>torrid</W><W>past</W><W>.</W></SENTENCE><SENTENCE><C><W>And</W></C><W>Constance</W><W>is</W><W>just</W><W>trying</W><W>to</W><W>make</W><W>friends</W><W>.</W></SENTENCE></P><P></P><P><SENTENCE><W>Julia</W><W>Stiles</W><W>(</W><W>Joan</W><W>)</W><W>is</W><W>easy</W><W>on</W><W>the</W><W>eyes</W><W>,</W><W>even</W><C><cue ID="94" type="speculation"><W>if</W></cue></C><xcope ID="92"><ref COMMENTS="" ID="95" SRC="94"></ref><W>she</W><W>does</W><W>act</W><W>10</W><W>years</W><W>older</W><W>than</W><W>she</W><W>is</W></xcope><W>.</W></SENTENCE><SENTENCE><W>Her</W><W>accent</W><W>was</W><C><cue ID="24" type="negation"><W>not</W></cue></C><xcope ID="33"><ref ID="41" SRC="24"></ref><W>too</W><W>shabby</W></xcope><W>.</W></SENTENCE><SENTENCE><W>Meanwhile</W><W>,</W><W>the</W><W>&#34;other</W><W>&#34;</W><W>Julia</W><W>(</W><W>Roberts</W><W>)</W><W>struts</W><W>her</W><W>usual</W><W>stuff</W><W>.</W></SENTENCE><SENTENCE><W>She</W><W>&#39;s</W><C><cue ID="25" type="negation"><W>not</W></cue></C><xcope ID="34"><ref ID="42" SRC="25"></ref><W>terrific</W></xcope><W>,</W><W>but</W><C><cue ID="26" type="negation"><W>not</W></cue></C><xcope ID="35"><ref ID="43" SRC="26"></ref><W>terrible</W></xcope><C><cue ID="27" type="negation"><W>either</W></cue></C><W>.</W></SENTENCE><SENTENCE><W>I</W><C><cue ID="28" type="speculation"><W>think</W></cue></C><xcope ID="96"><ref COMMENTS="" ID="97" SRC="28"></ref><W>she</W><C><cue ID="29" type="speculation"><W>may</W></cue></C><xcope ID="37"><ref ID="45" SRC="29"></ref><W>just</W><W>be</W><W>having</W><W>a</W><W>little</W><W>too</W><W>much</W><W>fun</W><W>playing</W><W>miserable</W><W>roles</W></xcope></xcope><W>(</W><W>falling</W><W>on</W><W>the</W><W>ice</W><W>comes</W><W>to</W><W>mind</W><W>)</W><W>when</W><W>in</W><W>real</W><W>life</W><W>,</W><W>she</W><W>is</W><W>anything</W><W>but</W><W>.</W></SENTENCE><SENTENCE><W>But</W><W>enough</W><W>about</W><W>that</W><W>.</W></SENTENCE><SENTENCE><W>Ginnifer</W><W>Goodwin</W><W>(</W><W>Constance</W><W>)</W><W>was</W><W>just</W><W>a</W><W>cute</W><W>girl</W><W>playing</W><W>a</W><W>cute</W><W>sideplot</W><W>.</W></SENTENCE></P><P></P><P><SENTENCE><W>Kirsten</W><W>Dunst</W><W>(</W><W>Betty</W><W>)</W><W>is</W><W>just</W><W>too</W><W>damn</W><W>pretty</W><W>to</W><W>be</W><W>defiant</W><W>.</W></SENTENCE><SENTENCE><W>You</W><W>do</W><W>n&#39;t</W><W>want</W><W>to</W><W>see</W><W>her</W><W>upset</W><W>,</W><W>&#39;cause</W><W>then</W><W>you</W><W>get</W><W>upset</W><W>yourself</W><W>.</W></SENTENCE><SENTENCE><W>She</W><W>actually</W><W>did</W><W>a</W><W>decent</W><W>job</W><W>b!tchin&#39;</W><W>it</W><W>up</W><W>here</W><W>.</W></SENTENCE><SENTENCE><W>I</W><W>kinda</W><W>liked</W><W>her</W><W>hair</W><W>too</W><W>.</W></SENTENCE><SENTENCE><W>Speaking</W><W>of</W><W>hair</W><W>,</W><W>who</W><W>knew</W><W>Maggie</W><W>Gyllenhaal</W><W>(</W><W>Giselle</W><W>)</W><W>had</W><W>so</W><W>much</W><W>of</W><W>it</W><W>?</W></SENTENCE><SENTENCE><W>I</W><C><cue ID="46" type="speculation"><W>thought</W></cue></C><xcope ID="60"><ref ID="72" SRC="46"></ref><W>that</W><W>stuff</W><W>was</W><W>gonna</W><W>avalanche</W><W>right</W><W>out</W><W>into</W><W>the</W><W>auditorium</W></xcope><W>.</W></SENTENCE><SENTENCE><W>As</W><W>always</W><W>,</W><W>Maggie</W><W>is</W><W>excellent</W><W>.</W></SENTENCE><SENTENCE><W>Purely</W><W>natural</W><W>,</W><W>graceful</W><C><W>and</W></C><W>highly</W><W>in</W><W>tune</W><W>with</W><W>her</W><W>surroundings</W><W>.</W></SENTENCE><SENTENCE><W>Watch</W><W>out</W><W>for</W><W>her</W><W>in</W><W>the</W><W>coming</W><W>years</W><W>;</W><W>she</W><W>&#39;ll</W><W>be</W><W>dangerous</W><W>.</W></SENTENCE></P><P></P><P><SENTENCE><W>I</W><W>&#39;m</W><C><cue ID="47" type="negation"><W>not</W></cue></C><xcope ID="63"><ref ID="73" SRC="47"></ref><W>sure</W><W>what</W><W>exactly</W><W>Mona</W><W>Lisa</W><W>Smile</W><W>sets</W><W>out</W><W>to</W><W>say</W></xcope><W>,</W><C><W>except</W></C><W>that</W><cue ID="48" type="speculation"><W>maybe</W></cue><xcope ID="61"><ref ID="74" SRC="48"></ref><W>nothing</W><W>is</W><W>as</W><W>it</W></xcope><C><cue ID="49" type="speculation"><W>seems</W></cue></C><W>.</W></SENTENCE><SENTENCE><W>I</W><C><cue ID="50" type="speculation"><W>think</W></cue></C><xcope ID="62"><ref ID="75" SRC="50"></ref><W>the</W><W>old</W><W>traditions</W><W>were</W><W>society</W><W>&#39;s</W><W>way</W><W>of</W><W>&#34;protecting</W><W>&#34;</W><W>women</W></xcope><W>.</W></SENTENCE><SENTENCE><W>So</W><W>they</W><C><cue ID="51" type="speculation"><W>could</W></cue></C><xcope ID="64"><ref ID="77" SRC="52"></ref><W>follow</W><W>&#34;</W><W>tradition</W></xcope><W>&#34;</W><C><cue ID="52" type="speculation"><W>or</W></cue></C><xcope ID="99"><ref COMMENTS="" ID="101" SRC="52"></ref><W>they</W><C><cue ID="53" type="speculation"><W>can</W></cue></C><xcope ID="98"><ref COMMENTS="" ID="100" SRC="53"></ref><W>go</W><W>their</W><W>own</W><W>way</W></xcope></xcope><W>,</W><W>but</W><W>for</W><W>most</W><W>of</W><W>the</W><W>women</W><W>in</W><W>the</W><W>movie</W><W>,</W><W>they</W><W>end</W><W>up</W><W>miserable</W><W>either</W><W>way</W><W>,</W><W>unless</W><W>they</W><W>get</W><W>rid</W><W>of</W><W>their</W><W>guys</W><W>.</W></SENTENCE><SENTENCE><W>Julia</W><W>Stiles</W><W>does</W><W>get</W><W>a</W><W>great</W><W>speech</W><W>in</W><W>toward</W><W>the</W><W>end</W><W>in</W><W>which</W><W>she</W><W>basically</W><W>plays</W><W>the</W><W>kettle</W><W>calling</W><W>the</W><W>pot</W><W>black</W><W>in</W><W>return</W><W>.</W></SENTENCE><SENTENCE><W>It</W><W>&#39;s</W><C><cue ID="56" type="negation"><W>no</W></cue></C><xcope ID="68"><ref ID="80" SRC="56"></ref><W>better</W><W>to</W><W>blindly</W><W>shun</W><W>tradition</W><W>than</W><W>it</W><W>is</W><W>to</W><W>blindly</W><W>follow</W></xcope><W>it</W><W>.</W></SENTENCE><SENTENCE><W>Something</W><W>like</W><W>that</W><W>.</W></SENTENCE><SENTENCE><W>So</W><W>I</W><cue ID="59" type="negation"><W>was</W><W>n&#39;t</W></cue><xcope ID="69"><ref COMMENTS="" ID="81" SRC="59"></ref><W>really</W><W>sure</W><W>which</W><W>side</W><W>I</W><W>was</W><W>on</W><W>by</W><W>the</W><W>end</W></xcope><W>!</W></SENTENCE><SENTENCE><W>So</W><W>I</W><cue ID="58" type="speculation"><W>ca</W><W>n&#39;t</W></cue><xcope ID="70"><ref COMMENTS="" ID="82" SRC="58"></ref><W>say</W><W>the</W><W>movie</W></xcope><cue ID="57" type="negation"><W>did</W><W>n&#39;t</W></cue><xcope ID="71"><ref COMMENTS="" ID="83" SRC="57"></ref><W>make</W><W>me</W><C><W>think</W></C></xcope><W>.</W></SENTENCE></P><P></P><P><SENTENCE><W>On</W><W>the</W><W>other</W><W>hand</W><W>,</W><W>I</W><W>&#39;m</W><C><cue COMMENTS="" ID="84" type="negation"><W>not</W></cue></C><xcope ID="89"><ref ID="92" SRC="84"></ref><W>sure</W><W>what</W><W>exactly</W><W>I</W><W>AM</W><W>thinking</W></xcope><W>.</W></SENTENCE><SENTENCE><W>Recommended</W><W>for</W><W>females</W><W>,</W><W>intellectual</W><W>people</W><W>,</W><W>modernists</W><W>,</W><W>Maggie</W><W>Gyllenhaal</W><W>fans</W><W>,</W><C><W>and</W></C><W>those</W><W>with</W><W>a</W><W>great</W><W>deal</W><W>of</W><W>patience</W><W>.</W></SENTENCE><SENTENCE><C><cue ID="85" type="negation"><W>Not</W></cue></C><xcope ID="90"><ref ID="93" SRC="85"></ref><W>me</W></xcope><W>,</W><W>though</W><W>.</W></SENTENCE></P><P></P><P><SENTENCE><W>==</W><W>=</W><W>=</W><W>=</W><W>=</W><W>=</W><W>=</W><W>=</W><W>=</W><W>=</W><W>=</W><W>=</W><W>=</W><W>=</W><W>=</W><W>=</W><W>=</W><W>=</W><W>=</W><W>=</W><W>=</W><W>=</W><W>=</W><W>=</W><W>=</W><W>=</W><W>=</W><W>=</W><W>=</W><W>=</W><W>=</W><W>=</W><W>=</W><W>=</W><W>=</W><W>=</W><W>=</W><W>=</W></SENTENCE></P><P></P><P><SENTENCE><W>This</W><W>review</W><W>has</W><W>been</W><W>brought</W><W>to</W><W>you</W><W>by</W><W>the</W><W>Lean</W><W>N</W><W>Mean</W><W>2</W><W>write-off</W><W>organized</W><W>by</W><W>sleeper54</W><W>.</W></SENTENCE><SENTENCE><W>The</W><W>objective</W><W>is</W><W>simple</W><W>,</W><W>just</W><W>write</W><W>a</W><W>review</W><W>that</W><W>&#39;s</W><W>666</W><W>words</W><C><W>or</W></C><W>less</W><W>.</W></SENTENCE><SENTENCE><W>But</W><W>since</W><W>the</W><W>deadline</W><W>is</W><W>tomorrow</W><W>(</W><W>Dec.</W></SENTENCE><SENTENCE><W>21</W><W>)</W><W>I</W><W>&#39;m</W><C><cue ID="88" type="negation"><W>not</W></cue></C><xcope ID="91"><ref ID="94" SRC="88"></ref><W>sure</W><W>why</W><W>I</W><W>&#39;m</W><W>talkin&#39;</W><W>like</W><W>a</W><W>recuiter</W><W>over</W><W>here</W></xcope><W>.</W></SENTENCE><SENTENCE><W>Take</W><W>care</W><W>now</W><W>~</W></SENTENCE></P></DOCUMENT>
