<?xml version="1.0" encoding="UTF-8"?>
<DOCUMENT><P></P><P><SENTENCE><W>Plot</W><W>Details</W><W>:</W><W>This</W><W>opinion</W><W>reveals</W><W>major</W><W>details</W><W>about</W><W>the</W><W>movie</W><W>&#39;</W><W>&#39;s</W><W>plot</W><W>.</W></SENTENCE></P><P></P><P><SENTENCE><W>Mona</W><W>Lisa</W><W>Smile</W><W>is</W><W>a</W><W>deck</W><W>stacked</W><W>in</W><W>Julia</W><W>Roberts</W><W>&#39;</W><W>favor</W><W>.</W></SENTENCE><SENTENCE><W>The</W><W>movie</W><W>&#39;s</W><W>premise</W><W>is</W><W>that</W><W>every</W><W>girl</W><W>in</W><W>a</W><W>certain</W><W>1950</W><W>&#39;s</W><W>women</W><W>&#39;s</W><W>college</W><W>is</W><W>biding</W><W>her</W><W>time</W><W>until</W><W>she</W><W>&#39;s</W><W>lucky</W><W>enough</W><W>to</W><W>find</W><W>a</W><W>man</W><W>to</W><W>provide</W><W>for</W><W>her</W><W>.</W></SENTENCE><SENTENCE><W>In</W><W>like</W><W>a</W><W>California</W><W>breeze</W><W>sweeps</W><W>Berkeley</W><W>graduate</W><W>Katherine</W><W>Watson</W><W>(</W><W>Roberts</W><W>)</W><W>,</W><W>to</W><W>blow</W><W>the</W><W>cobwebs</W><W>off</W><W>of</W><W>these</W><W>young</W><W>girls</W><W>&#39;</W><W>unused</W><W>minds</W><W>.</W></SENTENCE></P><P></P><P><SENTENCE><C><cue ID="0" type="negation"><W>No</W></cue></C><xcope ID="5"><ref COMMENTS="" ID="10" SRC="0"></ref><W>doubt</W><W>there</W><W>were</W><W>many</W><W>repressed</W><W>women</W><W>in</W><W>the</W><W>pre-feminist</W><W>era</W></xcope><W>,</W><W>but</W><W>were</W><W>so</W><W>many</W><W>of</W><W>them</W><W>gathered</W><W>in</W><W>one</W><W>particular</W><W>place</W><W>?</W></SENTENCE><SENTENCE><W>The</W><W>girls</W><W>at</W><W>Wellesley</W><W>College</W><W>are</W><W>Stepford</W><W>Wives</W><W>in</W><W>training</W><W>.</W></SENTENCE><SENTENCE><W>They</W><W>let</W><W>men</W><W>treat</W><W>them</W><W>brutishly</W><W>(</W><C><cue ID="1" type="negation"><W>no</W></cue></C><xcope ID="6"><ref COMMENTS="" ID="11" SRC="1"></ref><W>physical</W><W>abuse</W></xcope><W>,</W><W>mind</W><W>you--the</W><W>women</W><W>just</W><cue ID="2" type="negation"><W>are</W><W>n&#39;t</W></cue><xcope ID="7"><ref COMMENTS="" ID="30" SRC="3"></ref><W>allowed</W><W>to</W><C><W>think</W></C><W>for</W><W>themselves</W></xcope><W>)</W><W>.</W></SENTENCE><SENTENCE><C><cue ID="30" type="speculation"><W>Or</W></cue></C><xcope ID="16"><ref COMMENTS="" ID="31" SRC="30"></ref><W>they</W><W>drink</W><W>lots</W><W>of</W><W>booze</W><C><W>and</W></C><W>smoke</W><W>up</W><W>a</W><W>storm</W></xcope><W>.</W></SENTENCE><SENTENCE><C><cue ID="4" type="speculation"><W>Or</W></cue></C><xcope ID="9"><ref COMMENTS="" ID="32" SRC="3"></ref><W>they</W><W>sit</W><W>around</W><W>at</W><W>night</W></xcope><W>,</W><W>practicing</W><W>being</W><W>spinsters</W><W>(</W><W>particularly</W><W>Marcia</W><W>Gay</W><W>Harden</W><W>in</W><W>a</W><W>really</W><W>thankless</W><W>role</W><W>)</W><W>.</W></SENTENCE></P><P></P><P><SENTENCE><W>In</W><W>fact</W><W>,</W><W>the</W><W>only</W><W>role</W><W>more</W><W>thankless</W><W>than</W><W>Harden</W><W>&#39;s</W><W>is</W><W>that</W><W>of</W><W>Kirsten</W><W>Dunst</W><W>,</W><W>so</W><W>charming</W><W>in</W><W>Spider-Man</W><C><W>and</W></C><W>such</W><W>a</W><W>prig</W><W>here</W><W>.</W></SENTENCE><SENTENCE><W>As</W><W>Betty</W><W>Warren--the</W><W>school</W><W>&#39;s</W><W>unhappily</W><W>married</W><W>,</W><W>McCarthy-like</W><W>reporter--the</W><W>sole</W><W>point</W><W>of</W><W>Dunst</W><W>&#39;s</W><W>character</W><W>is</W><W>to</W><W>make</W><W>everyone</W><W>as</W><W>miserable</W><W>as</W><W>she</W><W>is</W><W>.</W></SENTENCE><SENTENCE><W>Warren</W><W>really</W><W>takes</W><W>passive-aggressiveness</W><W>to</W><W>an</W><W>ethereal</W><W>level</W><W>.</W></SENTENCE></P><P></P><P><SENTENCE><W>But</W><W>there</W><W>are</W><W>a</W><W>lot</W><W>of</W><W>cracks</W><W>in</W><W>Katherine</W><W>Watson</W><W>&#39;s</W><W>progressive</W><W>thinking</W><W>,</W><W>too</W><W>.</W></SENTENCE><SENTENCE><W>First</W><W>off</W><W>,</W><C><cue COMMENTS="" ID="21" type="speculation"><W>if</W></cue></C><xcope ID="22"><ref COMMENTS="" ID="23" SRC="21"></ref><W>she</W><W>&#39;s</W><W>such</W><W>a</W><W>smart</W><W>thinker</W></xcope><W>,</W><W>why</W><W>is</W><W>Watson</W><W>making</W><W>time</W><W>with</W><W>a</W><W>prof</W><W>(</W><W>Dominic</W><W>West</W><W>)</W><W>who</W><W>has</W><W>a</W><W>rep</W><W>for</W><W>sleeping</W><W>with</W><W>the</W><W>students</W><W>?</W></SENTENCE></P><P></P><P><SENTENCE><W>Secondly</W><W>,</W><W>there</W><W>&#39;s</W><W>the</W><W>little</W><W>speech</W><W>that</W><W>one</W><W>of</W><W>the</W><W>students</W><W>makes</W><W>to</W><W>Katherine</W><W>near</W><W>movie</W><W>&#39;s</W><W>end</W><W>.</W></SENTENCE><SENTENCE><W>In</W><W>effect</W><W>,</W><W>the</W><W>student</W><W>says</W><W>that</W><W>since</W><W>Katherine</W><W>wants</W><W>every</W><W>woman</W><W>to</W><W>make</W><W>a</W><W>choice</W><W>,</W><W>she</W><W>&#39;s</W><W>made</W><W>her</W><W>choice</W><W>to</W><W>be</W><W>a</W><W>housewife</W><W>,</W><C><W>and</W></C><W>what</W><W>&#39;s</W><W>wrong</W><W>with</W><W>that</W><W>?</W></SENTENCE><SENTENCE><W>From</W><W>the</W><W>moviemakers</W><W>&#39;</W><W>point</W><W>of</W><W>view</W><W>,</W><W>the</W><W>speech</W><W>is</W><W>meant</W><W>to</W><W>be</W><W>ironic</W><W>,</W><W>but</W><W>it</W><W>actually</W><W>leaks</W><W>the</W><W>ugly</W><W>little</W><W>secret</W><W>that</W><W>radical</W><W>feminists</W><cue ID="25" type="negation"><W>do</W><W>n&#39;t</W></cue><xcope ID="26"><ref ID="30" SRC="25"></ref><W>want</W><W>to</W><W>hear</W></xcope><W>:</W><W>Another</W><W>woman</W><W>&#39;s</W><W>choice</W><cue ID="24" type="negation"><W>does</W><W>n&#39;t</W></cue><xcope ID="27"><ref ID="31" SRC="24"></ref><W>always</W><W>agree</W><W>with</W><W>your</W><W>own</W></xcope><W>.</W></SENTENCE></P><P></P><P><SENTENCE><W>Anyway</W><W>,</W><W>the</W><W>movie</W><W>gives</W><W>its</W><W>game</W><W>away</W><W>at</W><W>about</W><W>the</W><W>halfway</W><W>point</W><W>,</W><W>when</W><W>the</W><W>girls</W><W>usher</W><W>Katherine</W><W>into</W><W>their</W><W>secret</W><W>cult</W><W>,</W><W>just</W><W>like</W><W>in</W><W>Dead</W><W>Poets</W><W>Society</W><W>.</W></SENTENCE><SENTENCE><W>How</W><W>progressive</W><C><cue ID="28" type="speculation"><W>can</W></cue></C><xcope ID="29"><ref COMMENTS="" ID="32" SRC="28"></ref><W>a</W><W>feminist</W><W>movie</W><W>be</W><W>when</W><W>it</W><W>&#39;s</W><W>set</W><W>in</W><W>the</W><W>&#39;50s</W></xcope><C><W>and</W></C><W>yet</W><W>steals</W><W>its</W><W>ideas</W><W>from</W><W>a</W><W>lousy</W><W>&#39;80s</W><W>men</W><W>&#39;s</W><W>movie</W><W>?</W></SENTENCE></P><P></P><P><SENTENCE><W>Mona</W><W>Lisa</W><W>Smile</W><W>is</W><W>rated</W><W>PG-13</W><W>for</W><W>adult</W><W>language</W><C><W>and</W></C><W>situations</W><W>.</W></SENTENCE></P></DOCUMENT>
