<?xml version="1.0" encoding="UTF-8"?>
<DOCUMENT><P></P><P><SENTENCE><W>Plot</W><W>Details</W><W>:</W><W>This</W><W>opinion</W><W>reveals</W><W>major</W><W>details</W><W>about</W><W>the</W><W>movie</W><W>&#39;</W><W>&#39;s</W><W>plot</W><W>.</W></SENTENCE></P><P></P><P><SENTENCE><W>I</W><W>wish</W><W>I</W><cue ID="0" type="negation"><W>had</W><W>n&#39;t</W></cue><xcope ID="2"><ref ID="4" SRC="0"></ref><W>seen</W><W>this</W><W>movie</W></xcope><W>.</W></SENTENCE><SENTENCE><W>I</W><W>wish</W><W>that</W><W>Roger</W><W>Ebert</W><cue ID="1" type="negation"><W>had</W><W>n&#39;t</W></cue><xcope ID="3"><ref ID="5" SRC="1"></ref><W>given</W><W>it</W><W>3</W><W>out</W><W>of</W><W>4</W><W>stars</W></xcope><C><W>and</W></C><W>said</W><W>,</W><W>this</W><W>is</W><W>one</W><W>of</W><W>those</W><W>rare</W><W>Christmas</W><W>comedies</W><W>that</W><W>has</W><W>a</W><W>heart</W><W>,</W><W>a</W><W>brain</W><C><W>and</W></C><W>a</W><W>wicked</W><W>sense</W><W>of</W><W>humor</W><W>,</W><C><W>and</W></C><W>it</W><W>charms</W><W>the</W><W>socks</W><W>right</W><W>off</W><W>the</W><W>mantelpiece</W><W>.</W></SENTENCE></P><P></P><P><SENTENCE><W>Did</W><W>Roger</W><C><W>and</W></C><W>I</W><W>see</W><W>the</W><W>same</W><W>movie</W><W>?</W></SENTENCE><SENTENCE><W>I</W><W>&#39;m</W><cue ID="7" type="speculation"><W>thinking</W></cue><C><cue ID="6" type="negation"><xcope ID="9"><ref COMMENTS="" ID="11" SRC="7"></ref><W>no</W></xcope></cue></C><xcope ID="8"><ref COMMENTS="" ID="10" SRC="6"></ref><W>because</W><W>I</W><W>walked</W><W>out</W><W>of</W><W>that</W><W>theater</W><W>feeling</W><W>like</W><W>I</W><W>had</W><W>wasted</W><W>95</W><W>minutes</W><W>of</W><W>my</W><W>time</W></xcope><W>.</W></SENTENCE><SENTENCE><W>I</W><W>went</W><W>in</W><W>thinking</W><W>gee</W><W>,</W><W>this</W><W>is</W><W>gonna</W><W>be</W><W>a</W><W>neat</W><W>movie</W><W>.</W></SENTENCE><SENTENCE><W>In</W><W>truth</W><W>,</W><W>it</W><W>was</W><W>one</W><W>of</W><W>the</W><W>worst</W><W>ones</W><W>I</W><W>&#39;ve</W><W>seen</W><W>this</W><W>year</W><W>.</W></SENTENCE><SENTENCE><W>sigh</W></SENTENCE></P><P></P><P><SENTENCE><cue ID="12" type="speculation"><W>Maybe</W></cue><xcope ID="13"><ref ID="14" SRC="12"></ref><W>my</W><W>expectations</W><W>were</W><W>too</W><W>high</W></xcope><W>?</W></SENTENCE></P><P></P><P><SENTENCE><W>The</W><W>Story</W></SENTENCE></P><P></P><P><SENTENCE><W>Thirty</W><W>years</W><W>ago</W><W>,</W><W>Buddy</W><W>(</W><W>Will</W><W>Farrell</W><W>)</W><W>is</W><W>placed</W><W>in</W><W>an</W><W>orphanage</W><W>,</W><W>waiting</W><W>for</W><W>some</W><W>nice</W><W>family</W><W>to</W><W>adopt</W><W>him</W><W>.</W></SENTENCE><SENTENCE><W>Christmas</W><W>Eve</W><W>,</W><W>after</W><W>some</W><W>nun</W><W>puts</W><W>him</W><W>to</W><W>bed</W><W>,</W><W>Santa</W><W>Claus</W><W>(</W><W>Ed</W><W>Asner</W><W>)</W><W>drops</W><W>in</W><W>to</W><W>deliver</W><W>gifts</W><W>.</W></SENTENCE><SENTENCE><W>Buddy</W><W>,</W><W>seeing</W><W>a</W><W>teddy</W><W>bear</W><W>peaking</W><W>out</W><W>from</W><W>his</W><W>sack</W><W>,</W><W>crawls</W><W>out</W><W>of</W><W>his</W><W>crib</W><C><W>and</W></C><W>into</W><W>Santa</W><W>&#39;s</W><W>bag</W><W>.</W></SENTENCE><SENTENCE><W>Santa</W><cue ID="15" type="negation"><W>does</W><W>n&#39;t</W></cue><xcope ID="16"><ref ID="17" SRC="15"></ref><W>know</W><W>that</W><W>he</W><W>&#39;s</W><W>taken</W><W>Buddy</W><W>back</W><W>to</W><W>the</W><W>North</W><W>Pole</W><W>until</W><W>he</W><W>crawls</W><W>out</W><W>of</W><W>the</W><W>bag</W><W>in</W><W>the</W><W>Elves</W><W>Workshop</W></xcope><W>.</W></SENTENCE></P><P></P><P><SENTENCE><W>What</W><W>&#39;s</W><W>a</W><W>Santa</W><W>to</W><W>do</W><W>?</W><W>Hand</W><W>him</W><W>over</W><W>to</W><W>Papa</W><W>Elf</W><W>(</W><W>Bob</W><W>Newhart</W><W>)</W><W>.</W></SENTENCE><SENTENCE><W>Papa</W><W>Elf</W><W>does</W><W>his</W><W>best</W><W>to</W><W>raise</W><W>little</W><W>Buddy</W><W>.</W></SENTENCE><SENTENCE><W>The</W><W>thing</W><W>is</W><W>,</W><W>little</W><W>Buddy</W><cue ID="18" type="negation"><W>is</W><W>n&#39;t</W></cue><xcope ID="21"><ref ID="24" SRC="18"></ref><W>so</W><W>little</W></xcope><W>.</W></SENTENCE><SENTENCE><W>Since</W><W>he</W><W>was</W><W>a</W><W>young</W><W>boy</W><W>,</W><W>he</W><W>&#39;s</W><W>always</W><W>towered</W><W>over</W><W>all</W><W>of</W><W>the</W><W>other</W><W>elves</W><W>.</W></SENTENCE><SENTENCE><W>After</W><W>years</W><W>of</W><C><cue ID="19" type="negation"><W>not</W></cue></C><xcope ID="22"><ref ID="25" SRC="19"></ref><W>fitting</W><W>in</W></xcope><W>,</W><W>Papa</W><W>Elf</W><W>finally</W><W>tells</W><W>Buddy</W><W>that</W><W>he</W><W>&#39;s</W><W>adopted</W><W>.</W></SENTENCE><SENTENCE><W>His</W><W>father</W><W>Walter</W><W>(</W><W>James</W><W>Caan</W><W>)</W><W>(</W><W>who</W><cue ID="20" type="negation"><W>does</W><W>n&#39;t</W></cue><xcope ID="23"><ref COMMENTS="" ID="26" SRC="20"></ref><W>know</W><W>about</W><W>Buddy</W></xcope><W>)</W><W>lives</W><W>in</W><W>a</W><W>magical</W><W>place</W><W>(</W><W>New</W><W>York</W><W>)</W><C><W>and</W></C><W>his</W><W>mother</W><W>Susan</W><W>(</W><W>Jane</W><W>Bradbury</W><W>)</W><W>died</W><W>shortly</W><W>after</W><W>he</W><W>was</W><W>born</W><W>.</W></SENTENCE></P><P></P><P><SENTENCE><W>Buddy</W><W>decides</W><W>to</W><W>move</W><W>to</W><W>the</W><W>magical</W><W>city</W><C><W>and</W></C><W>reunite</W><W>with</W><W>his</W><W>father</W><W>.</W></SENTENCE><SENTENCE><W>Walter</W><W>,</W><W>who</W><W>is</W><W>on</W><W>the</W><W>naughty</W><W>list</W><W>,</W><W>is</W><W>a</W><W>ruthless</W><W>publisher</W><W>by</W><W>day</W><C><W>and</W></C><W>an</W><W>inattentive</W><W>father</W><W>to</W><W>Michael</W><W>(</W><W>Daniel</W><W>Tay</W><W>)</W><C><W>and</W></C><W>husband</W><W>to</W><W>Emily</W><W>(</W><W>Mary</W><W>Steenburgen</W><W>)</W><W>by</W><W>night</W><W>.</W></SENTENCE></P><P></P><P><SENTENCE><W>Buddy</W><cue ID="27" type="negation"><W>does</W><W>n&#39;t</W></cue><xcope ID="29"><ref ID="31" SRC="27"></ref><W>get</W><W>the</W><W>joyous</W><W>reunion</W><W>that</W><W>he</W><W>was</W><W>expecting</W></xcope><W>.</W></SENTENCE><SENTENCE><W>For</W><W>days</W><W>,</W><W>his</W><W>father</W><cue ID="28" type="negation"><W>does</W><W>n&#39;t</W></cue><xcope ID="30"><ref ID="32" SRC="28"></ref><C><W>believe</W></C><W>that</W><W>he</W><W>&#39;s</W><W>his</W><W>long</W><W>,</W><W>lost</W><W>son</W></xcope><W>.</W></SENTENCE><SENTENCE><W>Walter</W><W>,</W><W>wanting</W><W>to</W><W>put</W><W>this</W><W>nonsense</W><W>behind</W><W>him</W><W>,</W><W>gets</W><W>blood</W><W>drawn</W><W>from</W><W>the</W><W>both</W><W>of</W><W>them</W><W>.</W></SENTENCE><SENTENCE><W>His</W><W>Dr.</W><W>(</W><W>Jon</W><W>Favreau</W><W>)</W><W>confirms</W><W>:</W><W>It</W><W>&#39;s</W><W>a</W><W>boy</W><W>!</W></SENTENCE></P><P></P><P><SENTENCE><C><cue ID="33" type="negation"><W>Not</W></cue></C><xcope ID="35"><ref ID="37" SRC="33"></ref><W>knowing</W><W>what</W><W>to</W><W>do</W></xcope><W>,</W><W>he</W><W>takes</W><W>Buddy</W><W>home</W><W>to</W><W>the</W><W>family</W><W>.</W></SENTENCE><SENTENCE><W>His</W><W>insistence</W><W>on</W><W>continuing</W><W>his</W><W>childish</W><W>,</W><W>elf</W><W>behavior</W><W>,</W><W>rides</W><W>on</W><W>Walter</W><W>&#39;s</W><W>nerves</W><W>.</W></SENTENCE><SENTENCE><C><cue ID="34" type="speculation"><W>Can</W></cue></C><xcope ID="36"><ref COMMENTS="" ID="38" SRC="34"></ref><W>he</W><W>accept</W><W>his</W><W>grown</W><W>son</W></xcope><W>?</W></SENTENCE><SENTENCE><W>Especially</W><W>in</W><W>his</W><W>current</W><W>altered</W><W>elf</W><W>state</W><W>?</W></SENTENCE></P><P></P><P><SENTENCE><W>In</W><W>other</W><W>news</W><W>,</W><W>Buddy</W><W>finds</W><W>his</W><W>way</W><W>to</W><W>Gimballs</W><W>department</W><W>store</W><W>where</W><W>he</W><W>fits</W><W>right</W><W>in</W><W>with</W><W>the</W><W>other</W><W>help</W><W>dressed</W><W>as</W><W>Christmas</W><W>personnel</W><W>.</W></SENTENCE><SENTENCE><W>That</W><W>&#39;s</W><W>where</W><W>he</W><W>meets</W><W>THE</W><W>girl</W><W>-</W><W>Jovie</W><W>(</W><W>Zooey</W><W>Deschanel</W><W>)</W><W>.</W></SENTENCE><SENTENCE><W>He</W><W>&#39;s</W><W>immediately</W><W>smitten</W><W>with</W><W>her</W><W>but</W><C><cue ID="39" type="negation"><W>not</W></cue></C><xcope ID="40"><ref COMMENTS="" ID="41" SRC="39"></ref><W>because</W><W>she</W><W>has</W><W>a</W><W>hot</W><W>body</W></xcope><W>.</W></SENTENCE></P><P></P><P><SENTENCE><W>Does</W><W>Buddy</W><W>gain</W><W>the</W><W>acceptance</W><W>he</W><W>&#39;s</W><W>been</W><W>craving</W><W>from</W><W>both</W><W>his</W><W>father</W><C><W>and</W></C><W>Jovie</W><W>?</W></SENTENCE><SENTENCE><C><W>Believe</W></C><W>me</W><W>,</W><W>you</W><cue ID="42" type="negation"><W>wo</W><W>n&#39;t</W></cue><xcope ID="45"><ref COMMENTS="" ID="46" SRC="42"></ref><W>care</W></xcope><W>.</W></SENTENCE><SENTENCE><W>You</W><W>&#39;ll</W><W>be</W><W>asking</W><W>yourself</W><W>,</W><W>is</W><W>there</W><W>a</W><W>way</W><W>to</W><W>leave</W><W>this</W><W>movie</W><C><cue ID="43" type="negation"><W>without</W></cue></C><xcope ID="44"><ref COMMENTS="" ID="47" SRC="43"></ref><W>offending</W><W>my</W><W>child</W><C><W>and</W></C><W>husband</W></xcope><W>?</W><W>?</W><W>?</W></SENTENCE></P><P></P><P><SENTENCE><W>The</W><W>Scoop</W></SENTENCE></P><P></P><P><SENTENCE><W>Where</W><W>to</W><W>begin</W><W>?</W></SENTENCE></P><P></P><P><SENTENCE><W>I</W><W>used</W><W>to</W><W>have</W><W>great</W><W>love</W><W>for</W><W>Mr.</W><W>Jon</W><W>Favreau</W><W>.</W></SENTENCE><SENTENCE><W>After</W><W>all</W><W>,</W><W>he</W><W>is</W><W>just</W><W>a</W><W>week</W><W>younger</W><W>than</W><W>me</W><C><W>and</W></C><W>a</W><W>fellow</W><W>Libra</W><W>.</W></SENTENCE><SENTENCE><W>I</W><W>loved</W><W>him</W><W>in</W><W>Love</W><C><W>and</W></C><W>Sex</W><W>.</W></SENTENCE><SENTENCE><W>I</W><W>adored</W><W>him</W><W>in</W><W>Swingers</W><W>.</W></SENTENCE><SENTENCE><W>Of</W><W>course</W><W>in</W><W>both</W><W>of</W><W>those</W><W>circumstances</W><W>,</W><W>he</W><W>was</W><W>the</W><W>actor</W><C><W>and</W></C><C><cue ID="48" type="negation"><W>not</W></cue></C><xcope ID="53"><ref COMMENTS="" ID="58" SRC="48"></ref><W>the</W><W>director</W></xcope><W>.</W></SENTENCE><SENTENCE><C><W>And</W></C><cue ID="49" type="speculation"><W>maybe</W></cue><xcope ID="54"><ref COMMENTS="" ID="59" SRC="49"></ref><W>that</W><W>&#39;s</W><W>the</W><W>issue</W></xcope><W>.</W></SENTENCE><SENTENCE><cue ID="50" type="speculation"><W>Maybe</W></cue><xcope ID="55"><ref COMMENTS="" ID="60" SRC="50"></ref><W>the</W><W>man</W><W>is</W><W>meant</W><W>to</W><W>be</W><W>an</W><W>actor</W></xcope><C><W>and</W></C><C><cue ID="51" type="negation"><W>not</W></cue></C><xcope ID="56"><ref COMMENTS="" ID="61" SRC="51"></ref><W>a</W><W>director</W><W>because</W></xcope><C><cue ID="52" type="speculation"><W>if</W></cue></C><xcope ID="57"><ref COMMENTS="" ID="62" SRC="52"></ref><W>he</W><W>stays</W><W>on</W><W>the</W><W>directing</W><W>path</W><W>,</W><W>he</W><W>&#39;s</W><W>surely</W><W>headed</W><W>for</W><W>a</W><W>disasterous</W><W>career</W><W>ending</W></xcope><W>...</W></SENTENCE></P><P></P><P><SENTENCE><W>So</W><W>what</W><W>did</W><W>he</W><W>do</W><W>wrong</W><W>?</W></SENTENCE><SENTENCE><W>Let</W><W>the</W><W>list</W><W>begin</W><W>.</W></SENTENCE></P><P></P><P><SENTENCE><W>First</W><W>,</W><W>Jon</W><C><cue ID="63" type="speculation"><W>must</W></cue></C><xcope ID="149"><ref COMMENTS="" ID="151" SRC="63"></ref><C><cue ID="64" type="speculation"><W>think</W></cue></C><xcope ID="148"><ref COMMENTS="" ID="150" SRC="64"></ref><W>that</W><C><cue ID="65" type="speculation"><W>if</W></cue></C><xcope ID="67"><ref COMMENTS="" ID="69" SRC="65"></ref><W>he</W><W>chops</W><W>a</W><W>story</W><W>up</W><W>into</W><W>a</W><W>bunch</W><W>of</W><W>little</W><W>skits</W></xcope></xcope></xcope><W>,</W><W>inserting</W><W>a</W><W>ton</W><W>of</W><W>physical</W><W>comedy</W><W>,</W><W>then</W><W>a</W><W>movie</W><W>will</W><W>magically</W><W>rise</W><W>from</W><W>it</W><W>all</W><W>.</W></SENTENCE><SENTENCE><W>Presto!</W></SENTENCE><SENTENCE><W>It</W><W>&#39;s</W><W>magic</W><W>!</W></SENTENCE><SENTENCE><W>In</W><W>the</W><W>case</W><W>of</W><W>Elf</W><W>,</W><W>it</W><W>&#39;s</W><W>a</W><W>mess</W><W>.</W></SENTENCE><SENTENCE><W>I</W><W>kept</W><W>on</W><W>looking</W><W>for</W><W>a</W><W>point</W><W>to</W><W>the</W><W>story</W><W>.</W></SENTENCE><SENTENCE><W>The</W><W>premise</W><W>of</W><W>it</W><W>,</W><W>written</W><W>by</W><W>David</W><W>Berenbaum</W><W>,</W><W>was</W><W>pretty</W><W>blase</W><W>to</W><W>begin</W><W>with</W><W>.</W></SENTENCE><SENTENCE><W>The</W><W>only</W><W>way</W><W>Jon</W><C><cue ID="66" type="speculation"><W>could</W></cue></C><xcope ID="72"><ref COMMENTS="" ID="73" SRC="66"></ref><W>have</W><W>rescued</W><W>it</W></xcope><W>was</W><W>to</W><W>ensure</W><W>that</W><W>he</W><W>had</W><W>a</W><W>capable</W><W>set</W><W>of</W><W>actors</W><W>along</W><W>with</W><W>a</W><W>sentimental</W><W>heart-beat</W><W>running</W><W>throughout</W><W>,</W><W>in</W><W>order</W><W>to</W><W>keep</W><W>the</W><W>audience</W><W>&#39;s</W><W>attention</W><W>.</W></SENTENCE></P><P></P><P><SENTENCE><W>Second</W><W>,</W><W>the</W><W>only</W><W>time</W><xcope ID="77"><ref COMMENTS="" ID="78" SRC="74"></ref><W>he</W></xcope><C><cue ID="74" type="speculation"><W>seemed</W></cue></C><xcope ID="76"><ref COMMENTS="" ID="77" SRC="74"></ref><W>to</W><W>elicit</W><W>a</W><W>laugh</W><W>from</W><W>the</W><W>audience</W></xcope><W>was</W><W>when</W><W>he</W><W>resorted</W><W>to</W><W>using</W><W>material</W><W>that</W><W>8/9</W><W>year</W><W>old</W><W>boys</W><W>laugh</W><W>at</W><W>.</W></SENTENCE><SENTENCE><W>Farting</W><W>-</W><W>that</W><W>was</W><W>fun</W><W>(</W><C><cue ID="75" type="negation"><W>not</W></cue></C><W>)</W><W>.</W></SENTENCE><SENTENCE><W>Eating</W><W>gross</W><W>things</W><W>.</W></SENTENCE><SENTENCE><W>Yep</W><W>,</W><W>that</W><W>elicited</W><W>a</W><W>lot</W><W>of</W><W>laughter</W><W>from</W><W>the</W><W>crowd</W><W>(</W><W>but</W><W>mostly</W><W>the</W><W>under</W><W>10</W><W>group</W><W>)</W><W>.</W></SENTENCE></P><P></P><P><SENTENCE><W>Second</W><W>,</W><xcope ID="157"><ref COMMENTS="" ID="160" SRC="80"></ref><C><cue ID="78" type="speculation"><W>could</W></cue></C><xcope ID="85"><ref COMMENTS="" ID="166" SRC="79"></ref><W>he</W><W>have</W><W>toned</W><W>Will</W><W>Farrell</W><W>down</W><W>a</W><W>notch</W></xcope><C><cue ID="79" type="speculation"><W>or</W></cue></C><xcope ID="86"><ref COMMENTS="" ID="91" SRC="79"></ref><W>two</W></xcope></xcope><W>?</W></SENTENCE><SENTENCE><C><cue ID="80" type="speculation"><W>Or</W></cue></C><xcope ID="158"><ref COMMENTS="" ID="159" SRC="80"></ref><C><cue ID="81" type="speculation"><W>perhaps</W></cue></C><W>,</W><C><cue ID="82" type="speculation"><W>could</W></cue></C><xcope ID="83"><ref COMMENTS="" ID="89" SRC="82"></ref><W>he</W><W>have</W><W>had</W><W>Will</W><W>act</W><W>something</W><W>other</W><W>than</W><W>a</W><W>one-note</W><W>whiner</W><W>of</W><W>an</W><W>elf</W></xcope></xcope><W>?</W></SENTENCE><SENTENCE><W>I</W><cue ID="152" type="negation"><W>do</W><W>n&#39;t</W></cue><xcope ID="154"><ref COMMENTS="" ID="156" SRC="152"></ref><C><cue ID="153" type="speculation"><W>think</W></cue></C><xcope ID="88"><ref COMMENTS="" ID="155" SRC="153"></ref><W>that</W><W>I</W><W>&#39;ll</W><W>ever</W><W>be</W><W>able</W><W>to</W><W>watch</W><W>SNL</W><W>again</W><W>for</W><W>fear</W><W>of</W><W>a</W><W>headache</W></xcope></xcope><W>.</W></SENTENCE></P><P></P><P><SENTENCE><W>So</W><W>let</W><W>&#39;s</W><W>talk</W><W>about</W><W>Will</W><W>Farrell</W><W>.</W></SENTENCE><SENTENCE><C><cue ID="94" type="speculation"><W>If</W></cue></C><xcope ID="106"><ref COMMENTS="" ID="117" SRC="94"></ref><W>he</W><W>was</W><W>playing</W><W>my</W><W>kid</W></xcope><W>-</W><W>as</W><C><cue COMMENTS="" ID="95" type="speculation"><W>either</W></cue></C><xcope ID="107"><ref COMMENTS="" ID="162" SRC="96"></ref><W>a</W><W>child</W></xcope><C><cue COMMENTS="" ID="96" type="speculation"><W>or</W></cue></C><xcope ID="108"><ref COMMENTS="" ID="161" SRC="96"></ref><W>a</W><W>full</W><W>grown</W><W>adult</W></xcope><W>-</W><W>I</W><C><cue COMMENTS="" ID="97" type="speculation"><W>think</W></cue></C><xcope ID="110"><ref COMMENTS="" ID="112" SRC="97"></ref><W>that</W><W>I</W><C><cue COMMENTS="" ID="98" type="speculation"><W>would</W></cue></C><xcope ID="109"><ref COMMENTS="" ID="111" SRC="98"></ref><W>have</W><W>to</W><W>smack</W><W>him</W></xcope></xcope><W>.</W></SENTENCE><SENTENCE><W>The</W><W>way</W><W>he</W><W>played</W><W>the</W><W>character</W><W>of</W><W>Buddy</W><cue ID="99" type="negation"><W>was</W><W>n&#39;t</W></cue><xcope ID="118"><ref COMMENTS="" ID="121" SRC="99"></ref><W>what</W><W>I</W><W>was</W><W>expecting</W></xcope><W>.</W></SENTENCE><SENTENCE><C><W>Instead</W></C><W>of</W><W>the</W><W>wide-eye</W><W>innocence</W><W>that</W><W>you</W><W>get</W><W>with</W><W>other</W><C><cue ID="100" type="negation"><W>not</W></cue></C><xcope ID="119"><ref COMMENTS="" ID="122" SRC="100"></ref><W>so</W><W>clued</W><W>in</W><W>movie</W><W>characters</W></xcope><W>(</W><C><W>think</W></C><W>Tom</W><W>Hanks</W><W>in</W><W>Big</W><W>)</W><W>,</W><W>what</W><W>you</W><W>get</W><W>here</W><W>is</W><W>a</W><W>one-track</W><W>,</W><W>annoying</W><C><W>and</W></C><W>irritating</W><W>male</W><W>.</W></SENTENCE><SENTENCE><W>I</W><W>kept</W><W>on</W><W>thinking</W><W>-</W><C><cue ID="163" type="speculation"><W>if</W></cue></C><xcope ID="164"><ref COMMENTS="" ID="165" SRC="163"></ref><W>Jon</W><W>Faverau</W><cue ID="104" type="speculation"><W>ca</W><W>n&#39;t</W></cue><xcope ID="120"><ref COMMENTS="" ID="123" SRC="104"></ref><W>direct</W><W>you</W></xcope></xcope><W>,</W><W>do</W><W>something</W><W>for</W><W>yourself</W><W>dude</W><W>!</W></SENTENCE><SENTENCE><W>But</W><W>he</W><cue ID="105" type="negation"><W>did</W><W>n&#39;t</W></cue><W>.</W></SENTENCE><SENTENCE><C><W>And</W></C><W>that</W><W>&#39;s</W><W>so</W><W>sad</W><W>,</W><W>too</W><W>bad</W><W>for</W><W>him</W><W>.</W></SENTENCE><SENTENCE><W>Looks</W><W>like</W><W>Jack</W><W>Black</W><W>won</W><W>the</W><W>cross-over</W><W>award</W><W>for</W><W>the</W><W>year</W><W>.</W></SENTENCE></P><P></P><P><SENTENCE><W>Mary</W><W>Steenburgen</W><W>,</W><W>Bob</W><W>Newhart</W><W>,</W><W>Ed</W><W>Asner</W><W>,</W><C><W>and</W></C><W>the</W><W>rest</W><W>of</W><W>the</W><W>actors</W><W>were</W><W>fine</W><W>enough</W><W>.</W></SENTENCE><SENTENCE><W>It</W><W>&#39;s</W><C><cue ID="124" type="negation"><W>not</W></cue></C><xcope ID="125"><ref COMMENTS="" ID="126" SRC="124"></ref><W>like</W><W>there</W><W>was</W><W>any</W><W>Oscar-stretching</W><W>material</W></xcope><W>that</W><W>they</W><W>were</W><W>having</W><W>to</W><W>deal</W><W>with</W><W>.</W></SENTENCE><SENTENCE><W>They</W><W>were</W><W>merely</W><W>background</W><W>scenery</W><W>to</W><W>the</W><W>Will</W><W>Farrell</W><W>show</W><W>.</W></SENTENCE></P><P></P><P><SENTENCE><C><W>And</W></C><W>to</W><W>top</W><W>it</W><W>all</W><W>off</W><W>,</W><W>there</W><W>was</W><C><cue ID="127" type="negation"><W>no</W></cue></C><xcope ID="128"><ref COMMENTS="" ID="129" SRC="127"></ref><W>memorable</W><W>soundtrack</W></xcope><W>.</W></SENTENCE><SENTENCE><W>C</W><W>&#39;mon</W><W>now</W><W>.</W></SENTENCE><SENTENCE><W>Christmas</W><W>music</W><W>is</W><W>so</W><W>easy</W><C><W>and</W></C><W>it</W><W>&#39;s</W><W>plentiful</W><W>!</W></SENTENCE><SENTENCE><W>I</W><W>know</W><W>that</W><W>as</W><W>the</W><W>credits</W><W>rolled</W><W>,</W><W>I</W><W>saw</W><W>songs</W><W>by</W><W>Ella</W><W>Fitzgerald</W><C><W>and</W></C><W>Lena</W><W>Horne</W><W>but</W><W>hey</W><W>-</W><W>I</W><C><cue COMMENTS="" ID="130" type="speculation"><W>must</W></cue></C><xcope ID="131"><ref COMMENTS="" ID="132" SRC="130"></ref><W>have</W><W>totally</W><W>zoned</W><W>those</W><W>out</W></xcope><W>.</W></SENTENCE></P><P></P><P><SENTENCE><W>Here</W><W>&#39;s</W><W>the</W><W>bottom</W><W>line</W><W>.</W></SENTENCE><SENTENCE><W>The</W><W>movie</W><W>had</W><C><cue ID="133" type="negation"><W>no</W></cue></C><xcope ID="136"><ref COMMENTS="" ID="140" SRC="133"></ref><W>heart</W></xcope><W>.</W></SENTENCE><SENTENCE><W>There</W><W>was</W><W>nothing</W><W>present</W><W>that</W><W>made</W><W>me</W><W>care</W><xcope ID="137"><ref COMMENTS="" ID="141" SRC="134"></ref><W>for</W><W>the</W><W>story</W></xcope><C><cue COMMENTS="" ID="134" type="speculation"><W>or</W></cue></C><xcope ID="138"><ref COMMENTS="" ID="142" SRC="134"></ref><W>for</W><W>any</W><W>of</W><W>the</W><W>characters</W></xcope><W>.</W></SENTENCE><SENTENCE><C><cue COMMENTS="" ID="135" type="negation"><W>No</W></cue></C><xcope ID="139"><ref COMMENTS="" ID="143" SRC="135"></ref><W>heart=the</W></xcope><W>inability</W><W>for</W><W>me</W><W>to</W><W>overlook</W><W>the</W><W>mistakes</W><W>made</W><W>by</W><W>Jon</W><W>Favreau</W><W>&#39;s</W><W>poor</W><W>directing</W><W>.</W></SENTENCE></P><P></P><P><SENTENCE><W>The</W><W>End</W></SENTENCE></P><P></P><P><SENTENCE><W>Elf</W><W>is</W><W>rated</W><W>PG</W><W>for</W><W>some</W><W>mild</W><W>rude</W><W>humor</W><C><W>and</W></C><W>language</W><W>.</W></SENTENCE><SENTENCE><W>Your</W><W>6-9</W><W>year</W><W>old</W><W>will</W><C><cue ID="147" type="speculation"><W>probably</W></cue></C><xcope ID="145"><ref COMMENTS="" ID="148" SRC="147"></ref><W>laugh</W><W>more</W><W>than</W><W>you</W></xcope><W>.</W></SENTENCE><SENTENCE><W>How</W><W>pathetic</W><W>is</W><W>that</W><W>?</W><W>!</W></SENTENCE></P></DOCUMENT>
