<?xml version="1.0" encoding="UTF-8"?>
<DOCUMENT><P></P><P><SENTENCE><W>Plot</W><W>Details</W><W>:</W><W>This</W><W>opinion</W><W>reveals</W><W>minor</W><W>details</W><W>about</W><W>the</W><W>movie</W><W>&#39;</W><W>&#39;s</W><W>plot</W><W>.</W></SENTENCE></P><P></P><P><SENTENCE><W>There</W><W>&#39;s</W><W>a</W><W>big</W><W>hole</W><W>at</W><W>the</W><W>center</W><W>of</W><W>Elf</W><W>,</W><C><W>and</W></C><W>his</W><W>name</W><W>is</W><W>Will</W><W>Ferrell</W><W>.</W></SENTENCE></P><P></P><P><SENTENCE><W>The</W><W>movie</W><W>&#39;s</W><W>premise</W><W>is</W><W>that</W><W>Santa</W><W>Claus</W><W>(</W><W>Ed</W><W>Asner</W><W>)</W><W>accidentally</W><W>hijacks</W><W>a</W><W>baby</W><W>to</W><W>the</W><W>North</W><W>Pole</W><W>.</W></SENTENCE><SENTENCE><W>The</W><W>baby</W><W>is</W><W>named</W><W>Buddy</W><W>(</W><W>played</W><W>by</W><W>Ferrell</W><W>)</W><C><W>and</W></C><W>raised</W><W>by</W><W>a</W><W>senior</W><W>elf</W><W>(</W><W>Bob</W><W>Newhart</W><W>)</W><W>as</W><W>one</W><W>of</W><W>the</W><W>North</W><W>Pole</W><W>&#39;s</W><W>own</W><W>.</W></SENTENCE><SENTENCE><W>Eventually</W><W>,</W><W>Buddy</W><W>is</W><W>sent</W><W>back</W><W>to</W><W>his</W><W>home</W><W>town</W><W>of</W><W>New</W><W>York</W><W>to</W><W>find</W><W>his</W><W>biological</W><W>father</W><W>(</W><W>James</W><W>Caan</W><W>)</W><W>.</W></SENTENCE></P><P></P><P><SENTENCE><W>The</W><W>opening</W><W>scenes</W><W>are</W><W>a</W><W>letter-perfect</W><W>take-off</W><W>on</W><W>the</W><W>Rankin-Bass</W><W>Christmas</W><W>TV</W><W>specials</W><W>.</W></SENTENCE><SENTENCE><C><W>And</W></C><W>Newhart</W><W>&#39;s</W><W>straight-to-the-camera</W><W>,</W><W>deadpan</W><W>narration</W><W>sets</W><W>the</W><W>perfect</W><W>tone</W><W>.</W></SENTENCE><SENTENCE><W>But</W><W>as</W><W>soon</W><W>as</W><W>Buddy</W><W>hits</W><W>Manhattan</W><W>,</W><W>the</W><W>movie</W><W>starts</W><W>going</W><W>awry</W><W>.</W></SENTENCE></P><P></P><P><SENTENCE><W>There</W><W>are</W><W>many</W><W>scenes</W><W>of</W><W>broad</W><W>physical</W><W>comedy</W><W>where</W><W>Buddy</W><W>is</W><W>overawed</W><W>by</W><W>modern</W><W>life</W><C><W>and</W></C><W>misinterprets</W><W>people</W><W>&#39;s</W><W>commands</W><W>to</W><W>him</W><W>.</W></SENTENCE><SENTENCE><C><cue ID="0" type="speculation"><W>If</W></cue></C><xcope ID="2"><ref COMMENTS="" ID="4" SRC="0"></ref><W>ever</W><W>there</W><W>was</W><W>a</W><W>pregnant</W><W>premise</W><W>for</W><W>comedy</W></xcope><W>,</W><W>a</W><W>naive</W><W>,</W><W>six-foot-tall</W><W>elf</W><W>set</W><W>loose</W><W>in</W><W>unforgiving</W><W>New</W><W>York</W><W>City</W><cue ID="1" type="speculation"><W>ought</W><W>to</W></cue><xcope ID="3"><ref COMMENTS="" ID="5" SRC="1"></ref><W>be</W><W>it</W></xcope><W>.</W></SENTENCE></P><P></P><P><SENTENCE><W>But</W><W>Will</W><W>Ferrell</W><W>is</W><C><cue ID="6" type="negation"><W>not</W></cue></C><xcope ID="16"><ref ID="25" SRC="6"></ref><W>the</W><W>man</W><W>for</W><W>the</W><W>job</W></xcope><W>.</W></SENTENCE><SENTENCE><W>Steve</W><W>Martin</W><C><W>and</W></C><W>Jim</W><W>Carrey</W><W>have</W><W>the</W><W>wild</W><W>abandon</W><W>for</W><W>this</W><W>kind</W><W>of</W><W>thing</W><W>,</W><C><W>and</W></C><W>heaven</W><W>knows</W><W>what</W><W>elfin</W><W>Robin</W><W>Williams</W><C><cue ID="7" type="speculation"><W>would</W></cue></C><xcope ID="17"><ref ID="26" SRC="7"></ref><W>have</W><W>done</W><W>with</W><W>the</W><W>role</W></xcope><W>.</W></SENTENCE><SENTENCE><W>But</W><W>Ferrell</W><W>,</W><W>another</W><W>of</W><W>those</W><W>&#34;</W><W>Saturday</W><W>Night</W><W>Live</W><W>&#34;</W><W>vets</W><W>who</W><W>go</W><W>for</W><W>nothing</W><W>beyond</W><W>the</W><W>quick</W><W>laugh</W><W>,</W><cue ID="8" type="negation"><W>ca</W><W>n&#39;t</W></cue><xcope ID="18"><ref COMMENTS="" ID="27" SRC="8"></ref><W>milk</W><W>a</W><W>routine</W><W>to</W><W>save</W><W>his</W><W>life</W></xcope><W>.</W></SENTENCE><SENTENCE><C><W>And</W></C><W>while</W><xcope ID="42"><ref COMMENTS="" ID="43" SRC="9"></ref><W>everyone</W><W>else</W><W>in</W><W>the</W><W>movie</W></xcope><C><cue ID="9" type="speculation"><W>seems</W></cue></C><xcope ID="41"><ref COMMENTS="" ID="42" SRC="9"></ref><W>sincerely</W><W>committed</W><W>to</W><W>the</W><W>story</W><W>&#39;s</W><C><cue ID="21" type="speculation"><W>potential</W></cue></C><xcope ID="20"><ref ID="29" SRC="21"></ref><W>sweetness</W></xcope></xcope><W>,</W><W>Ferrell</W><W>&#39;s</W><W>elf</W><W>is</W><W>little</W><W>more</W><W>than</W><W>a</W><W>variation</W><W>on</W><W>his</W><W>&#34;SNL</W><W>&#34;</W><W>old</W><W>routine</W><W>as</W><W>a</W><W>hyperactive</W><W>male</W><W>cheerleader</W><W>.</W></SENTENCE></P><P></P><P><SENTENCE><W>Elf</W><W>is</W><W>inoffensive</W><W>enough</W><W>,</W><C><W>and</W></C><W>kids</W><W>will</W><C><cue ID="10" type="speculation"><W>probably</W></cue></C><xcope ID="22"><ref ID="30" SRC="10"></ref><W>lap</W><W>it</W><W>up</W></xcope><W>.</W></SENTENCE><SENTENCE><W>But</W><W>even</W><xcope ID="44"><ref COMMENTS="" ID="45" SRC="11"></ref><W>the</W><W>children</W><W>at</W><W>the</W><W>preview</W><W>audience</W></xcope><C><cue ID="11" type="speculation"><W>seemed</W></cue></C><xcope ID="23"><ref ID="31" SRC="11"></ref><W>more</W><W>grossed</W><W>out</W></xcope><W>than</W><W>cheered</W><W>by</W><W>some</W><W>of</W><W>the</W><W>movie</W><W>&#39;s</W><W>Ferrelly</W><W>Bros.-like</W><W>humor</W><W>,</W><W>such</W><W>as</W><W>Buddy</W><xcope ID="35"><ref COMMENTS="" ID="39" SRC="12"></ref><W>re-chewing</W><W>discarded</W><W>bubble</W><W>gum</W></xcope><C><cue ID="12" type="speculation"><W>or</W></cue></C><xcope ID="36"><ref COMMENTS="" ID="38" SRC="12"></ref><W>pouring</W><W>maple</W><W>syrup</W><W>on</W><W>everything</W><W>he</W><W>eats</W></xcope><W>.</W></SENTENCE><SENTENCE><C><cue ID="13" type="speculation"><W>If</W></cue></C><xcope ID="34"><ref COMMENTS="" ID="37" SRC="13"></ref><W>you</W><W>&#39;re</W><W>a</W><W>discriminating</W><W>adult</W></xcope><W>,</W><W>Elf</W><C><cue ID="14" type="speculation"><W>probably</W></cue></C><xcope ID="38"><ref COMMENTS="" ID="40" SRC="14"></ref><cue ID="15" type="negation"><W>wo</W><W>n&#39;t</W></cue><xcope ID="37"><ref COMMENTS="" ID="39" SRC="15"></ref><W>be</W><W>much</W><W>more</W><W>palatable</W></xcope></xcope><W>.</W></SENTENCE></P><P></P><P><SENTENCE><W>Elf</W><W>is</W><W>rated</W><W>PG</W><W>for</W><W>minor</W><W>adult</W><W>language</W><C><W>and</W></C><W>references</W><W>.</W></SENTENCE></P></DOCUMENT>
