<?xml version="1.0" encoding="UTF-8"?>
<DOCUMENT><DESC></DESC><TIME>269</TIME><P></P><P><SENTENCE><W>Plot</W><W>Details</W><W>:</W><W>This</W><W>opinion</W><W>reveals</W><W>minor</W><W>details</W><W>about</W><W>the</W><W>movie</W><W>&#39;</W><W>&#39;s</W><W>plot</W><W>.</W></SENTENCE></P><P></P><P><SENTENCE><W>Of</W><W>all</W><W>the</W><W>cartoon</W><W>classics</W><W>that</W><W>made</W><W>themselves</W><W>a</W><W>daily</W><W>routine</W><W>during</W><W>those</W><W>sweltering</W><W>summer</W><W>vacations</W><W>in</W><W>Jacksonville</W><W>,</W><W>The</W><W>Cat</W><W>In</W><W>The</W><W>Hat</W><W>ranks</W><W>as</W><C><cue ID="9" type="speculation"><W>possibly</W></cue></C><xcope ID="5"><ref COMMENTS="" ID="10" SRC="9"></ref><W>THE</W><W>one</W><W>that</W><W>I</W><W>watched</W><W>the</W><W>most</W></xcope><W>.</W></SENTENCE><SENTENCE><C><cue ID="0" type="speculation"><W>If</W></cue></C><xcope ID="13"><ref COMMENTS="" ID="15" SRC="0"></ref><W>machines</W><C><cue ID="1" type="speculation"><W>could</W></cue></C><xcope ID="12"><ref COMMENTS="" ID="14" SRC="1"></ref><W>think</W></xcope></xcope><W>,</W><W>that</W><W>VCR</W><C><cue ID="3" type="speculation"><W>probably</W></cue></C><xcope COMMENTS="" ID="124"><ref COMMENTS="" ID="126" SRC="3"></ref><C><cue ID="4" type="speculation"><W>would</W></cue></C><xcope COMMENTS="" ID="123"><ref COMMENTS="" ID="125" SRC="4"></ref><W>have</W><W>dealt</W><W>me</W><W>a</W><W>few</W><W>spankings</W><W>of</W><W>its</W><W>own</W></xcope></xcope><W>.</W></SENTENCE></P><P></P><P><SENTENCE><W>I</W><W>felt</W><W>mostly</W><W>ambivalent</W><W>toward</W><W>2001</W><W>&#39;s</W><W>The</W><W>Grinch</W><W>.</W></SENTENCE><SENTENCE><W>While</W><W>I</W><W>liked</W><W>what</W><W>they</W><W>did</W><W>,</W><W>it</W><W>just</W><cue ID="18" type="negation"><W>was</W><W>n&#39;t</W></cue><xcope ID="20"><ref COMMENTS="" ID="22" SRC="18"></ref><W>the</W><W>same</W></xcope><W>.</W></SENTENCE><SENTENCE><W>With</W><W>The</W><W>Cat</W><W>In</W><W>The</W><W>Hat</W><W>,</W><W>it</W><W>&#39;s</W><W>mostly</W><W>more</W><W>of</W><W>the</W><W>same</W><W>.</W></SENTENCE><SENTENCE><W>But</W><W>I</W><W>hesitate</W><W>to</W><W>have</W><W>too</W><W>much</W><W>faith</W><W>in</W><W>my</W><W>own</W><W>intolerably</W><W>inane</W><W>skills</W><W>as</W><W>a</W><W>critic</W><W>,</W><W>because</W><W>how</W><W>do</W><W>you</W><W>know</W><W>when</W><W>exactly</W><W>you</W><W>&#39;re</W><W>crossing</W><W>the</W><W>line</W><W>between</W><W>saying</W><W>that</W><W>the</W><W>movie</W><W>blows</W><C><W>and</W></C><W>saying</W><W>that</W><W>growing</W><W>up</W><W>blows</W><W>?</W></SENTENCE><SENTENCE><cue ID="19" type="speculation"><W>Maybe</W></cue><xcope ID="21"><ref COMMENTS="" ID="23" SRC="19"></ref><W>that</W><W>&#39;s</W><W>all</W><W>it</W><W>is</W></xcope><W>.</W></SENTENCE></P><P></P><P><SENTENCE><W>I</W><W>&#39;ll</W><W>tell</W><W>you</W><W>this</W><W>much</W><W>--</W><W>I</W><W>laughed</W><W>.</W></SENTENCE><SENTENCE><W>I</W><W>had</W><W>a</W><W>good</W><W>time</W><W>.</W></SENTENCE><SENTENCE><W>There</W><W>were</W><W>loads</W><W>of</W><W>one-liners</W><W>,</W><W>funny</W><W>faces</W><W>,</W><W>pranks</W><W>,</W><C><W>and</W></C><W>even</W><W>a</W><W>few</W><W>brushes</W><W>with</W><W>vulgarity</W><W>(</W><C><cue ID="24" type="negation"><W>none</W></cue></C><xcope ID="27"><ref ID="30" SRC="24"></ref><W>of</W><W>which</W></xcope><C><cue ID="25" type="speculation"><W>would</W></cue></C><xcope ID="28"><ref ID="31" SRC="25"></ref><W>compel</W><W>me</W><W>to</W><W>deprive</W><W>my</W><W>own</W><W>kids</W><W>of</W><W>the</W><W>pleasure</W></xcope><W>,</W><W>had</W><W>I</W><W>any</W><W>)</W><W>.</W></SENTENCE><SENTENCE><W>The</W><W>atmosphere</W><W>was</W><W>right</W><W>on</W><W>target</W><W>,</W><W>even</W><C><cue ID="26" type="speculation"><W>if</W></cue></C><xcope ID="29"><ref COMMENTS="" ID="32" SRC="26"></ref><W>much</W><W>happens</W><W>outside</W><W>the</W><W>house</W><W>itself</W></xcope><W>.</W></SENTENCE><SENTENCE><W>There</W><W>&#39;s</W><W>difference</W><W>number</W><W>one</W><W>.</W></SENTENCE></P><P></P><P><SENTENCE><W>The</W><W>differences</W><W>between</W><W>the</W><W>new</W><C><W>and</W></C><W>the</W><W>old</W><W>go</W><W>on</W><W>for</W><W>miles</W><W>.</W></SENTENCE><SENTENCE><W>Foremost</W><W>among</W><W>them</W><W>is</W><W>the</W><W>plot</W><W>,</W><C><W>and</W></C><W>in</W><W>second</W><W>place</W><W>is</W><W>a</W><W>whole</W><W>lot</W><W>of</W><W>character</W><W>conflict</W><W>.</W></SENTENCE></P><P></P><P><SENTENCE><W>But</W><W>let</W><W>&#39;s</W><W>start</W><W>with</W><W>the</W><W>plot</W><W>,</W><W>shall</W><W>we</W><W>?</W></SENTENCE><SENTENCE><W>In</W><W>the</W><W>original</W><W>,</W><W>it</W><W>was</W><W>all</W><W>about</W><W>trying</W><W>to</W><W>find</W><W>that</W><W>moss-covered</W><W>three</W><W>handled</W><W>family</W><W>gredunza</W><W>.</W></SENTENCE><SENTENCE><W>The</W><W>cat</W><W>busted</W><W>in</W><W>the</W><W>house</W><W>all</W><W>angry</W><W>,</W><W>the</W><W>kids</W><W>just</W><W>looked</W><W>at</W><W>each</W><W>other</W><W>like</W><W>&#34;</W><W>What</W><W>?</W><W>&#34;</W><W>Remember</W><W>that</W><W>scary</W><W>music</W><W>that</W><W>played</W><W>?</W></SENTENCE><SENTENCE><W>Here</W><W>,</W><W>it</W><W>goes</W><W>completely</W><W>the</W><W>other</W><W>way</W><W>.</W></SENTENCE><SENTENCE><W>The</W><W>Cat</W><C><W>appears</W></C><W>out</W><W>of</W><W>nowhere</W><C><W>and</W></C><W>the</W><W>kids</W><W>run</W><W>away</W><W>screaming</W><W>.</W></SENTENCE><SENTENCE><W>Then</W><W>,</W><W>they</W><W>just</W><W>start</W><W>having</W><W>fun</W><W>.</W></SENTENCE><SENTENCE><W>That</W><W>&#39;s</W><W>basically</W><W>it</W><W>,</W><C><W>except</W></C><W>for</W><W>some</W><W>line</W><W>of</W><W>bologna</W><W>about</W><W>showing</W><W>the</W><W>boy</W><W>(</W><W>Spencer</W><W>Breslin</W><W>)</W><W>how</W><W>bad</W><W>it</W><W>is</W><W>to</W><W>make</W><W>a</W><W>mess</W><W>.</W><W>.</W><W>by</W><W>making</W><W>a</W><W>bigger</W><W>one</W><W>,</W><C><W>and</W></C><W>showing</W><W>the</W><W>girl</W><W>(</W><W>Dakota</W><W>Fanning</W><W>)</W><W>how</W><C><cue ID="33" type="negation"><W>not</W></cue></C><xcope ID="34"><ref COMMENTS="" ID="35" SRC="33"></ref><W>to</W><W>be</W><W>so</W><W>uptight</W></xcope><W>.</W></SENTENCE><SENTENCE><W>(</W><W>Deja</W><W>vu</W><W>,</W><W>anyone</W><W>?</W><W>)</W></SENTENCE></P><P></P><P><SENTENCE><W>In</W><W>the</W><W>original</W><W>,</W><W>the</W><W>fish</W><W>was</W><W>THE</W><W>antagonist</W><W>.</W></SENTENCE><SENTENCE><W>He</W><W>was</W><W>actually</W><W>a</W><W>frustrating</W><W>character</W><W>to</W><W>watch</W><W>,</W><C><W>and</W></C><W>when</W><W>he</W><W>was</W><W>finally</W><W>converted</W><W>via</W><W>a</W><W>little</W><W>language</W><W>lesson</W><W>(</W><W>a</W><W>gato</W><W>in</W><W>a</W><W>sombrero</W><W>,</W><W>you</W><W>say</W><W>?</W><W>)</W><W>,</W><W>it</W><W>was</W><W>such</W><W>a</W><W>great</W><W>moment</W><W>!</W></SENTENCE><SENTENCE><W>Here</W><W>,</W><xcope ID="39"><ref COMMENTS="" ID="40" SRC="36"></ref><W>he</W><W>is</W><W>just</W><W>another</W><W>victim</W><W>of</W><W>the</W><W>haphazard</W><W>shenanigans</W></xcope><W>,</W><C><cue ID="36" type="speculation"><W>or</W></cue></C><xcope ID="38"><ref COMMENTS="" ID="41" SRC="36"></ref><W>worse</W><W>yet</W><W>,</W><W>a</W><W>reminder</W><W>of</W><W>how</W><W>much</W><W>better</W><W>Finding</W><W>Nemo</W><W>was</W></xcope><W>.</W></SENTENCE><SENTENCE><W>Closest</W><W>thing</W><W>to</W><W>an</W><W>antagonist</W><W>here</W><W>is</W><W>a</W><W>next-door</W><W>neighbor</W><W>who</W><W>is</W><W>trying</W><W>to</W><W>impress</W><W>the</W><W>kids</W><W>&#39;</W><W>mother</W><W>by</W><W>looking</W><W>like</W><W>a</W><W>rich</W><W>guy</W><W>,</W><W>but</W><W>actually</W><W>has</W><W>false</W><W>teeth</W><C><W>and</W></C><W>a</W><W>beer</W><W>gut</W><W>,</W><C><W>and</W></C><W>sits</W><W>in</W><W>his</W><W>house</W><W>watching</W><W>you-know-what</W><W>.</W></SENTENCE><SENTENCE><C><cue ID="37" type="negation"><W>No</W></cue></C><xcope ID="42"><ref COMMENTS="" ID="43" SRC="37"></ref><W>kidding</W></xcope><W>.</W></SENTENCE><SENTENCE><W>Even</W><W>more</W><W>outlandish</W><W>is</W><W>his</W><W>unsubstantiated</W><W>obsession</W><W>with</W><W>disposing</W><W>of</W><W>the</W><W>son</W><W>by</W><W>sending</W><W>him</W><W>off</W><W>to</W><W>military</W><W>school</W><W>.</W></SENTENCE><SENTENCE><W>Dylan</W><W>was</W><W>right</W><W>,</W><W>the</W><W>times</W><W>they</W><W>are</W><W>a</W><W>changin&#39;</W><W>.</W></SENTENCE></P><P></P><P><SENTENCE><W>One</W><W>of</W><W>my</W><W>favorite</W><W>parts</W><W>of</W><W>the</W><W>original</W><W>was</W><W>when</W><W>they</W><W>went</W><W>on</W><W>the</W><W>big</W><W>scavenger</W><W>hunt</W><W>for</W><W>the</W><W>moss-covered</W><W>three</W><W>handled</W><W>family</W><W>gredunza</W><W>,</W><C><W>and</W></C><W>they</W><W>have</W><W>to</W><W>mark</W><W>all</W><W>the</W><W>places</W><W>where</W><W>it</W><cue ID="44" type="negation"><W>is</W><W>n&#39;t</W></cue><W>.</W></SENTENCE><SENTENCE><W>It</W><cue ID="45" type="negation"><W>is</W><W>n&#39;t</W></cue><xcope ID="50"><ref ID="54" SRC="45"></ref><W>in</W><W>this</W><W>keyhole</W></xcope><W>(</W><cue ID="46" type="negation"><W>No?</W></cue><W>)</W><C><W>and</W></C><W>it</W><cue ID="47" type="negation"><W>is</W><W>n&#39;t</W></cue><xcope ID="51"><ref ID="55" SRC="47"></ref><W>on</W><W>my</W><W>knee</W></xcope><W>(</W><W>Hmm</W><W>,</W><W>mark</W><W>the</W><W>keyhole</W><W>K-300</W><W>,</W><W>mark</W><W>the</W><W>knee</W><W>57-G!</W><W>)</W><W>Okay</W><W>,</W><W>it</W><W>&#39;s</W><W>a</W><W>little</W><W>sad</W><W>that</W><W>I</W><W>still</W><W>remember</W><W>that</W><W>.</W></SENTENCE><SENTENCE><W>But</W><W>I</W><W>was</W><W>saddened</W><W>that</W><W>they</W><cue ID="48" type="speculation"><C><W>could</W></C><W>n&#39;t</W></cue><xcope ID="52"><ref COMMENTS="" ID="56" SRC="48"></ref><W>have</W><W>found</W><W>a</W><W>way</W><W>to</W><W>at</W><W>least</W><W>incorporate</W><W>this</W><W>into</W><W>the</W><W>new</W><W>one</W></xcope><W>.</W></SENTENCE><SENTENCE><C><cue ID="49" type="speculation"><W>Or</W></cue></C><xcope ID="53"><ref ID="57" SRC="49"></ref><W>how</W><W>about</W><W>&#34;</W><W>Nobody</W><W>Loves</W><W>Me</W><W>&#34;</W><W>?</W></xcope></SENTENCE></P><P></P><P><SENTENCE><W>As</W><C><cue ID="58" type="speculation"><W>if</W></cue></C><xcope ID="65"><ref COMMENTS="" ID="71" SRC="58"></ref><W>this</W><W>all</W><W>were</W><C><cue ID="59" type="negation"><W>not</W></cue></C><xcope ID="64"><ref COMMENTS="" ID="70" SRC="59"></ref><W>enough</W></xcope></xcope><W>,</W><W>the</W><W>mystery</W><W>surrounding</W><W>the</W><W>mother</W><W>has</W><W>been</W><W>completely</W><W>uncloaked</W><W>.</W></SENTENCE><SENTENCE><W>She</W><W>&#39;s</W><W>a</W><W>legally</W><W>blonde</W><W>...</W><W>something</W><W>,</W><W>I</W><cue ID="60" type="negation"><W>do</W><W>n&#39;t</W></cue><xcope ID="66"><ref COMMENTS="" ID="72" SRC="60"></ref><W>remember</W></xcope><W>(</W><W>my</W><W>bad</W><W>!</W><W>)</W><C><W>and</W></C><W>she</W><W>is</W><W>hosting</W><W>a</W><W>party</W><W>at</W><W>her</W><W>house</W><W>that</W><W>night</W><W>.</W></SENTENCE><SENTENCE><C><cue ID="61" type="speculation"><W>If</W></cue></C><xcope ID="68"><ref COMMENTS="" ID="74" SRC="61"></ref><W>it</W><W>&#39;s</W><C><cue ID="62" type="negation"><W>not</W></cue></C><xcope ID="67"><ref COMMENTS="" ID="73" SRC="62"></ref><W>clean</W></xcope></xcope><W>,</W><W>she</W><W>will</W><W>be</W><W>fired</W><W>,</W><W>because</W><W>her</W><W>boss</W><W>has</W><W>verminophobia</W><W>.</W></SENTENCE><SENTENCE><W>How</W><W>perfect</W><W>is</W><W>that</W><W>?</W></SENTENCE><SENTENCE><cue ID="63" type="speculation"><C><W>Could</W></C><W>n&#39;t</W></cue><xcope ID="69"><ref COMMENTS="" ID="75" SRC="63"></ref><W>they</W><W>just</W><W>have</W><W>gotten</W><W>the</W><W>house</W><W>clean</W></xcope><W>for</W><W>the</W><W>sake</W><W>of</W><W>having</W><W>it</W><W>clean</W><W>?</W></SENTENCE><SENTENCE><W>Why</W><W>do</W><W>we</W><W>need</W><W>an</W><W>elaborate</W><W>backstory</W><W>to</W><W>it</W><W>?</W></SENTENCE></P><P></P><P><SENTENCE><W>Thing</W><W>1</W><C><W>and</W></C><W>Thing</W><W>2</W><W>are</W><W>only</W><W>there</W><W>because</W><W>they</W><W>have</W><W>to</W><W>be</W><W>.</W></SENTENCE><SENTENCE><C><W>And</W></C><C><cue ID="76" type="negation"><W>not</W></cue></C><xcope COMMENTS="" ID="129"><ref COMMENTS="" ID="130" SRC="76"></ref><xcope ID="78"><ref ID="82" SRC="77"></ref><W>to</W><W>hit</W><W>below</W><W>the</W><W>belt</W></xcope><C><cue ID="77" type="speculation"><W>or</W></cue></C><xcope ID="79"><ref COMMENTS="" ID="81" SRC="77"></ref><W>anything</W></xcope><W>,</W></xcope><W>but</W><W>they</W><W>looked</W><W>absolutely</W><W>frightening</W><W>!</W></SENTENCE></P><P></P><P><SENTENCE><W>Humor</W><W>these</W><W>days</W><W>has</W><W>become</W><W>so</W><W>random</W><W>.</W></SENTENCE><SENTENCE><W>I</W><C><cue ID="83" type="speculation"><W>think</W></cue></C><xcope ID="85"><ref ID="87" SRC="83"></ref><W>it</W><W>&#39;s</W><W>almost</W><W>gotten</W><W>to</W><W>a</W><W>point</W><W>where</W><W>&#34;</W><W>the</W><W>more</W><W>absurd</W><W>,</W><W>the</W><W>better</W></xcope><W>&#34;</W><W>.</W></SENTENCE><SENTENCE><W>There</W><W>are</W><W>traces</W><W>of</W><W>toilet</W><W>humor</W><W>,</W><W>situational</W><W>humor</W><W>,</W><W>irony</W><W>,</W><W>exaggeration</W><W>,</W><W>sarcasm</W><C><W>and</W></C><W>all</W><W>that</W><W>jazz</W><W>.</W></SENTENCE><SENTENCE><W>Chances</W><W>are</W><W>you</W><W>&#39;re</W><W>going</W><W>to</W><W>laugh</W><W>more</W><W>than</W><W>a</W><W>few</W><W>times</W><W>.</W></SENTENCE><SENTENCE><W>But</W><W>you</W><C><cue ID="84" type="speculation"><W>may</W></cue></C><xcope ID="86"><ref ID="88" SRC="84"></ref><W>groan</W><W>as</W><W>much</W></xcope><W>.</W></SENTENCE></P><P></P><P><SENTENCE><W>As</W><W>far</W><W>as</W><W>songs</W><W>go</W><W>,</W><W>the</W><W>Cat</W><W>himself</W><W>got</W><W>to</W><W>sing</W><C><W>and</W></C><W>dance</W><W>,</W><C><W>and</W></C><W>he</W><W>was</W><W>quite</W><W>the</W><W>wire</W><W>jumper</W><W>.</W></SENTENCE><SENTENCE><W>But</W><W>oftentime</W><W>,</W><W>it</W><W>went</W><W>by</W><W>so</W><W>fast</W><W>that</W><W>you</W><C><cue ID="89" type="speculation"><W>could</W></cue></C><xcope ID="100"><ref COMMENTS="" ID="108" SRC="89"></ref><W>barely</W><W>tell</W><W>what</W><W>he</W><W>was</W><W>saying</W></xcope><W>.</W></SENTENCE><SENTENCE><W>I</W><cue ID="90" type="negation"><W>do</W><W>n&#39;t</W></cue><xcope COMMENTS="" ID="121"><ref COMMENTS="" ID="122" SRC="90"></ref><xcope ID="101"><ref COMMENTS="" ID="111" SRC="91"></ref><W>know</W><W>how</W><W>much</W><W>Smash</W><W>Mouth</W><W>paid</W></xcope><W>(</W><C><cue ID="91" type="speculation"><W>or</W></cue></C><xcope ID="102"><ref COMMENTS="" ID="110" SRC="91"></ref><W>got</W><W>paid</W></xcope></xcope><W>)</W><W>to</W><W>have</W><W>1/3</W><W>of</W><W>their</W><W>album</W><W>played</W><W>behind</W><W>this</W><W>thing</W><C><cue ID="92" type="negation"><W>either</W></cue></C><W>,</W><W>but</W><W>it</W><C><cue ID="93" type="speculation"><W>must</W></cue></C><xcope ID="103"><ref COMMENTS="" ID="112" SRC="93"></ref><W>&#39;ve</W><W>been</W><W>a</W><W>pretty</W><W>penny</W></xcope><W>!</W></SENTENCE></P><P></P><P><SENTENCE><W>Acting</W><W>?</W><cue ID="94" type="negation"><W>Do</W><W>n&#39;t</W></cue><xcope ID="104"><ref COMMENTS="" ID="113" SRC="94"></ref><W>ask</W></xcope><W>.</W></SENTENCE><SENTENCE><W>This</W><W>is</W><W>the</W><W>stuff</W><W>of</W><W>third-grade</W><W>school</W><W>plays</W><W>.</W></SENTENCE><SENTENCE><W>Which</W><W>,</W><W>as</W><W>I</W><W>always</W><W>say</W><W>,</W><W>is</W><C><cue ID="95" type="speculation"><W>probably</W></cue></C><xcope ID="105"><ref COMMENTS="" ID="114" SRC="95"></ref><W>the</W><W>whole</W><C><W>idea</W></C></xcope><W>.</W></SENTENCE><SENTENCE><W>But</W><W>I</W><W>&#39;ll</W><W>say</W><W>this</W><W>much</W><W>--</W><W>Sean</W><W>Hayes</W><W>playing</W><W>the</W><W>Mom</W><W>&#39;s</W><W>boss</W><W>makes</W><W>the</W><W>wildest</W><W>Jim</W><W>Carrey</W><W>look</W><W>like</W><W>a</W><W>sane</W><W>individual</W><W>.</W></SENTENCE><SENTENCE><W>His</W><W>character</W><W>is</W><W>utterly</W><W>SMACKED</W><W>out</W><W>of</W><W>his</W><W>mind</W><W>.</W></SENTENCE><SENTENCE><W>Sean</W><W>&#39;s</W><W>&#34;moment</W><W>&#34;</W><W>near</W><W>the</W><W>beginning</W><W>was</W><W>one</W><W>of</W><W>my</W><W>biggest</W><W>laughs</W><W>.</W></SENTENCE><SENTENCE><cue ID="96" type="negation"><W>Do</W><W>n&#39;t</W></cue><xcope ID="107"><ref COMMENTS="" ID="116" SRC="96"></ref><W>know</W><C><cue ID="97" type="speculation"><W>if</W></cue></C><xcope ID="106"><ref COMMENTS="" ID="115" SRC="97"></ref><W>the</W><W>same</W><W>will</W><W>hold</W><W>true</W><W>for</W><W>you</W><W>folks</W></xcope></xcope><W>,</W><C><cue ID="98" type="speculation"><W>probably</W></cue></C><C><cue ID="99" type="negation"><xcope COMMENTS="" ID="127"><ref COMMENTS="" ID="128" SRC="98"></ref><W>not</W></xcope></cue></C><W>!</W></SENTENCE></P><P></P><P><SENTENCE><W>Bottom</W><W>line</W><W>,</W><cue ID="117" type="negation"><W>do</W><W>n&#39;t</W></cue><xcope ID="119"><ref COMMENTS="" ID="121" SRC="117"></ref><W>be</W><W>a</W><W>rule</W><W>breaker</W></xcope><W>.</W></SENTENCE><SENTENCE><W>Above</W><W>all</W><W>else</W><W>,</W><W>Keep</W><W>It</W><W>Simple</W><W>Stupid</W><W>!</W></SENTENCE><SENTENCE><W>Oh</W><W>,</W><W>but</W><W>how</W><W>funny</W><W>is</W><W>it</W><W>that</W><W>I</W><C><cue ID="118" type="speculation"><W>should</W></cue></C><xcope ID="120"><ref COMMENTS="" ID="122" SRC="118"></ref><W>bring</W><W>up</W><W>KISS</W><W>while</W><W>talking</W><W>about</W><W>this</W><W>movie</W></xcope><W>!</W></SENTENCE><SENTENCE><W>You</W><W>know</W><W>what</W><W>I</W><W>&#39;m</W><W>about</W><W>to</W><W>say</W><W>...</W></SENTENCE></P></DOCUMENT>
