<?xml version="1.0" encoding="UTF-8"?>
<DOCUMENT><P></P><P><SENTENCE><W>Plot</W><W>Details</W><W>:</W><W>This</W><W>opinion</W><W>reveals</W><W>major</W><W>details</W><W>about</W><W>the</W><W>movie</W><W>&#39;s</W><W>plot</W><W>.</W></SENTENCE></P><P></P><P><SENTENCE><W>I</W><W>&#39;ll</W><W>be</W><W>the</W><W>first</W><W>to</W><W>admit</W><W>that</W><W>I</W><W>was</W><C><cue ID="0" type="negation"><W>never</W></cue></C><xcope ID="1"><ref COMMENTS="" ID="2" SRC="0"></ref><W>a</W><W>big</W><W>fan</W><W>of</W><W>Dr.</W><W>Seuss</W></xcope><W>&#39;s</W><W>,</W><W>Cat</W><W>In</W><W>The</W><W>Hat</W><W>.</W></SENTENCE><SENTENCE><W>My</W><W>speed</W><W>was</W><W>more</W><W>,</W><W>In</W><W>A</W><W>People</W><W>House</W><C><W>and</W></C><W>Green</W><W>Eggs</W><C><W>and</W></C><W>Ham</W><W>.</W></SENTENCE></P><P></P><P><SENTENCE><W>When</W><W>Ron</W><W>Howard</W><C><W>and</W></C><W>Brian</W><W>Grazer</W><W>announced</W><W>that</W><W>they</W><W>were</W><W>moving</W><W>forward</W><W>with</W><W>a</W><W>Cat</W><W>In</W><W>The</W><W>Hat</W><W>movie</W><W>,</W><W>I</W><cue ID="3" type="negation"><W>was</W><W>n&#39;t</W></cue><xcope ID="7"><ref COMMENTS="" ID="13" SRC="3"></ref><W>expecting</W><W>much</W></xcope><W>.</W></SENTENCE><SENTENCE><W>After</W><W>all</W><W>,</W><W>The</W><W>Grinch</W><W>,</W><W>also</W><W>based</W><W>upon</W><W>a</W><W>Dr.</W><W>Seuss</W><W>book</W><W>,</W><W>had</W><W>a</W><W>lot</W><W>of</W><W>flash</W><W>,</W><W>but</W><C><cue ID="4" type="negation"><W>not</W></cue></C><xcope COMMENTS="" ID="93"><ref COMMENTS="" ID="94" SRC="4"></ref><W>much</W><W>substance</W></xcope><W>.</W></SENTENCE></P><P></P><P><SENTENCE><W>So</W><W>why</W><W>did</W><W>I</W><W>go</W><W>?</W></SENTENCE><SENTENCE><W>My</W><W>nine</W><W>year</W><W>old</W><W>loved</W><W>the</W><W>trailers</W><C><W>and</W></C><W>hey</W><W>-</W><W>who</W><C><cue ID="5" type="speculation"><W>can</W></cue></C><xcope COMMENTS="" ID="91"><ref COMMENTS="" ID="92" SRC="5"></ref><W>say</W><C><cue ID="6" type="negation"><W>no</W></cue></C><xcope ID="10"><ref COMMENTS="" ID="15" SRC="6"></ref><W>to</W><W>a</W><W>nine</W><W>year</W><W>old</W></xcope></xcope><W>?</W></SENTENCE><SENTENCE><W>Off</W><W>we</W><W>went</W><W>,</W><W>braving</W><W>the</W><W>crowds</W><W>of</W><W>snotty-nosed</W><W>kids</W><W>,</W><C><W>and</W></C><W>stressed-out</W><W>looking</W><W>parents</W><W>...</W></SENTENCE></P><P></P><P><SENTENCE><W>I</W><W>assume</W><W>you</W><W>&#39;re</W><W>familiar</W><W>with</W><W>the</W><W>book</W><W>so</W><W>I</W><cue ID="16" type="negation"><W>wo</W><W>n&#39;t</W></cue><xcope ID="17"><ref ID="18" SRC="16"></ref><W>rehash</W><W>the</W><W>entire</W><W>plot...The</W></xcope><W>movie</W><W>loosely</W><W>follows</W><W>the</W><W>book</W><W>,</W><W>taking</W><W>lots</W><W>of</W><W>modern</W><W>day</W><W>liberties</W><W>.</W></SENTENCE><SENTENCE><W>The</W><W>&#34;</W><W>Mom</W><W>&#34;</W><W>(</W><W>Kelly</W><W>Preston</W><W>)</W><W>is</W><W>a</W><W>single</W><W>parent</W><W>to</W><W>Conrad</W><W>(</W><W>Spencer</W><W>Breslin</W><W>)</W><C><W>and</W></C><W>Sally</W><W>(</W><W>Dakota</W><W>Fanning</W><W>)</W><W>.</W></SENTENCE><SENTENCE><W>By</W><W>day</W><W>,</W><W>she</W><W>works</W><W>at</W><W>Humberfloob</W><W>Real</W><W>Estate</W><W>for</W><W>the</W><W>meticulously</W><W>,</W><W>germ-free</W><W>,</W><W>Mr.</W><W>Humberfloob</W><W>(</W><W>Sean</W><W>Hayes</W><W>)</W><W>.</W></SENTENCE><SENTENCE><W>By</W><W>night</W><W>,</W><W>she</W><W>allegedly</W><W>dates</W><W>next</W><W>door</W><W>neighbor</W><W>,</W><W>Quinn</W><W>(</W><W>Alec</W><W>Baldwin</W><W>)</W><W>.</W></SENTENCE></P><P></P><P><SENTENCE><W>Conrad</W><W>is</W><W>your</W><W>typical</W><W>adolescent</W><W>male</W><W>.</W></SENTENCE><SENTENCE><W>Always</W><W>getting</W><W>himself</W><W>into</W><W>trouble</W><W>.</W></SENTENCE><SENTENCE><W>Always</W><W>harassing</W><W>his</W><W>sister</W><W>.</W></SENTENCE><SENTENCE><W>Always</W><W>trashing</W><W>the</W><W>house</W><W>.</W></SENTENCE><SENTENCE><W>Sally</W><W>is</W><W>your</W><W>typical</W><W>good</W><W>girl</W><W>.</W></SENTENCE><SENTENCE><W>She</W><W>makes</W><W>lists</W><W>of</W><W>things</W><W>to</W><W>do</W><W>on</W><W>her</W><W>electronic</W><W>organizer</W><W>(</W><W>Make</W><W>today</W><W>&#39;s</W><W>to</W><W>do</W><W>list</W><W>,</W><W>Be</W><W>spontaneous</W><W>,</W><W>Research</W><W>graduate</W><W>schools</W><W>)</W><W>.</W></SENTENCE></P><P></P><P><SENTENCE><W>One</W><W>day</W><W>,</W><W>their</W><W>usual</W><W>babysitter</W><W>is</W><C><W>unable</W></C><W>to</W><W>stay</W><W>with</W><W>them</W><C><W>and</W></C><W>Mom</W><C><cue ID="19" type="speculation"><W>must</W></cue></C><xcope ID="22"><ref ID="25" SRC="19"></ref><W>find</W><W>a</W><W>replacement</W></xcope><W>.</W></SENTENCE><SENTENCE><W>Before</W><W>returning</W><W>to</W><W>work</W><W>,</W><W>she</W><W>specifically</W><W>tells</W><W>Conrad</W><C><W>and</W></C><W>Sally</W><W>that</W><W>they</W><W>are</W><C><cue ID="20" type="negation"><W>not</W></cue></C><xcope COMMENTS="" ID="97"><ref COMMENTS="" ID="98" SRC="20"></ref><xcope COMMENTS="" ID="95"><ref COMMENTS="" ID="96" SRC="21"></ref><W>to</W><W>step</W><W>a</W><W>foot</W><W>into</W><W>the</W><W>living</W><W>room</W></xcope><W>,</W><C><cue ID="21" type="speculation"><W>or</W></cue></C><xcope ID="24"><ref COMMENTS="" ID="27" SRC="21"></ref><W>else</W></xcope></xcope><W>.</W></SENTENCE><SENTENCE><W>You</W><W>see</W><W>,</W><W>she</W><W>&#39;s</W><W>throwing</W><W>a</W><W>very</W><W>important</W><W>party</W><W>that</W><W>night</W><W>for</W><W>work</W><C><W>and</W></C><W>the</W><W>last</W><W>time</W><W>she</W><W>did</W><W>this</W><W>,</W><W>her</W><W>house</W><W>was</W><W>a</W><W>mess</W><C><W>and</W></C><W>her</W><W>neat-freak</W><W>boss</W><W>was</W><W>on</W><W>the</W><W>verge</W><W>of</W><W>firing</W><W>her</W><W>for</W><W>it</W><W>.</W></SENTENCE></P><P></P><P><SENTENCE><W>After</W><W>mom</W><W>leaves</W><W>,</W><W>the</W><W>kids</W><W>sit</W><W>at</W><W>the</W><W>window</W><W>,</W><W>watching</W><W>the</W><W>rain</W><W>poor</W><W>down</W><W>.</W></SENTENCE><SENTENCE><W>A</W><W>noise</W><W>interrupts</W><W>their</W><W>boredom</W><C><W>and</W></C><W>when</W><W>they</W><W>go</W><W>to</W><C><W>investigate</W></C><W>,</W><W>they</W><W>find</W><W>the</W><W>Cat</W><W>(</W><W>Mike</W><W>Myers</W><W>)</W><W>.</W></SENTENCE><SENTENCE><W>After</W><W>getting</W><W>over</W><W>their</W><W>initial</W><W>fears</W><W>,</W><W>they</W><W>soon</W><W>realize</W><W>that</W><W>the</W><W>Cat</W><W>is</W><W>here</W><W>to</W><W>make</W><W>their</W><W>lives</W><W>fun</W><W>.</W></SENTENCE><SENTENCE><W>Fun</W><W>!</W></SENTENCE></P><P></P><P><SENTENCE><W>Too</W><W>bad</W><W>fun</W><W>includes</W><W>loosing</W><W>the</W><W>dog</W><W>,</W><W>trashing</W><W>the</W><W>house</W><W>,</W><C><W>and</W></C><W>getting</W><W>the</W><W>kids</W><W>in</W><W>trouble</W><W>with</W><W>Quinn</W><W>.</W></SENTENCE></P><P></P><P><SENTENCE><C><W>And</W></C><W>that</W><W>&#39;s</W><W>enough</W><W>of</W><W>the</W><W>story</W><W>.</W></SENTENCE></P><P></P><P><SENTENCE><W>I</W><C><cue ID="28" type="speculation"><W>think</W></cue></C><xcope ID="29"><ref ID="30" SRC="28"></ref><W>this</W><W>is</W><W>also</W><W>where</W><W>I</W><W>tell</W><W>you</W></xcope><W>...and</W><W>by</W><W>this</W><W>point</W><W>in</W><W>the</W><W>movie</W><W>,</W><W>I</W><W>was</W><W>ready</W><W>to</W><W>leave</W><W>...</W></SENTENCE></P><P></P><P><SENTENCE><W>So</W><W>what</W><W>went</W><W>wrong</W><W>?</W></SENTENCE><SENTENCE><W>The</W><W>list</W><W>is</W><W>long</W><W>,</W><W>but</W><W>distinguished</W><W>.</W></SENTENCE></P><P></P><P><SENTENCE><W>First</W><W>,</W><W>every</W><W>good</W><W>part</W><W>of</W><W>the</W><W>movie</W><W>was</W><W>featured</W><W>in</W><W>the</W><W>trailers</W><W>.</W></SENTENCE><SENTENCE><W>That</W><W>sucked</W><W>.</W></SENTENCE><SENTENCE><W>I</W><C><cue ID="31" type="speculation"><W>can</W></cue></C><xcope ID="33"><ref COMMENTS="" ID="34" SRC="31"></ref><W>only</W><W>venture</W><W>that</W><W>Universal</W><W>Studios</W><W>saw</W><W>the</W><W>movie</W></xcope><W>,</W><W>figured</W><W>out</W><W>how</W><W>bad</W><W>it</W><W>was</W><W>,</W><W>but</W><W>then</W><W>patted</W><W>themselves</W><W>on</W><W>the</W><W>back</W><W>for</W><W>being</W><W>able</W><W>to</W><W>pluck</W><W>out</W><W>three</W><W>minutes</W><W>of</W><W>decent</W><W>material</W><W>.</W></SENTENCE><SENTENCE><W>For</W><W>shame</W><W>...</W></SENTENCE></P><P></P><P><SENTENCE><W>Second</W><W>,</W><W>Mike</W><W>Myers</W><W>,</W><W>who</W><W>I</W><W>normally</W><W>adore</W><W>,</W><W>ran</W><W>amuck</W><W>with</W><W>his</W><W>one-person</W><W>SNL</W><W>skits</W><W>.</W></SENTENCE><SENTENCE><xcope ID="35"><ref COMMENTS="" ID="37" SRC="32"></ref><W>While</W><W>those</W><W>work</W><W>in</W><W>small</W><W>,</W><W>contained</W><W>areas</W></xcope><W>,</W><C><cue ID="32" type="speculation"><W>or</W></cue></C><xcope ID="36"><ref COMMENTS="" ID="38" SRC="32"></ref><W>in</W><W>less</W><W>traditional</W><W>stories</W><W>like</W><W>Austin</W><W>Powers</W></xcope><W>,</W><W>he</W><W>picked</W><W>the</W><W>wrong</W><W>character</W><W>to</W><W>take</W><W>off</W><W>the</W><W>beaten</W><W>path</W><W>.</W></SENTENCE><SENTENCE><W>I</W><W>was</W><W>disappointed</W><W>in</W><W>him</W><W>however</W><W>,</W><W>my</W><W>real</W><W>anger</W><W>has</W><W>been</W><W>turned</W><W>to</W><W>the</W><W>director</W><W>,</W><W>Bo</W><W>Welch</W></SENTENCE></P><P></P><P><SENTENCE><W>Who</W><W>is</W><W>this</W><W>guy</W><W>Bo</W><W>Welch</W><C><W>and</W></C><W>why</W><W>did</W><W>Brian</W><W>Grazer</W><W>allow</W><W>him</W><W>to</W><W>direct</W><W>a</W><W>multi-bazillion</W><W>dollar</W><W>movie</W><W>?</W></SENTENCE><SENTENCE><W>What</W><W>,</W><W>his</W><W>buddy</W><W>Ron</W><W>Howard</W><W>was</W><W>n&#39;t</W><W>available</W><W>?</W></SENTENCE><SENTENCE><W>What</W><W>about</W><W>the</W><W>three</W><W>million</W><W>other</W><W>directors</W><W>who</W><C><cue ID="39" type="speculation"><W>could</W></cue></C><xcope ID="40"><ref ID="41" SRC="39"></ref><W>have</W><W>turned</W><W>this</W><W>picture</W><W>into</W><W>something</W><W>salvageable</W></xcope><W>?</W></SENTENCE></P><P></P><P><SENTENCE><W>Here</W><W>was</W><W>Bo</W><W>&#39;s</W><W>biggest</W><W>issue</W><W>.</W></SENTENCE><SENTENCE><xcope ID="54"><ref COMMENTS="" ID="56" SRC="42"></ref><W>He</W></xcope><C><cue ID="42" type="speculation"><W>seemed</W></cue></C><xcope ID="44"><ref ID="46" SRC="42"></ref><W>to</W><W>be</W><W>overwhelmed</W><W>by</W><W>the</W><W>Dr.</W><W>Seuss</W><W>legend</W></xcope><W>.</W></SENTENCE><SENTENCE><xcope ID="55"><ref COMMENTS="" ID="57" SRC="43"></ref><W>He</W></xcope><C><cue ID="43" type="speculation"><W>seemed</W></cue></C><xcope ID="45"><ref COMMENTS="" ID="47" SRC="43"></ref><W>to</W><W>be</W><W>afraid</W><W>to</W><W>do</W><W>different</W><W>things</W><W>to</W><W>endear</W><W>us</W><W>to</W><W>the</W><W>characters</W></xcope><W>.</W></SENTENCE><SENTENCE><C><W>Instead</W></C><W>,</W><W>he</W><W>let</W><W>Mike</W><W>Myers</W><W>run</W><W>amuck</W><W>.</W></SENTENCE></P><P></P><P><SENTENCE><W>Third</W><W>,</W><C><cue ID="48" type="speculation"><W>can</W></cue></C><xcope ID="51"><ref COMMENTS="" ID="54" SRC="48"></ref><W>we</W><W>talk</W><W>about</W><W>the</W><W>non-chemistry</W><W>of</W><W>Dakota</W><W>Fanning</W><C><W>and</W></C><W>Spencer</W><W>Breslin</W></xcope><W>?</W></SENTENCE><SENTENCE><W>Besides</W><W>phoning</W><W>in</W><W>their</W><W>performances</W><W>,</W><xcope ID="58"><ref COMMENTS="" ID="59" SRC="49"></ref><W>they</W></xcope><C><cue ID="49" type="speculation"><W>seemed</W></cue></C><xcope ID="53"><ref COMMENTS="" ID="56" SRC="49"></ref><W>to</W><W>have</W><C><cue ID="50" type="negation"><W>no</W></cue></C><xcope ID="52"><ref COMMENTS="" ID="55" SRC="50"></ref><W>real</W><W>love</W><W>for</W><W>each</W><W>other</W></xcope></xcope><W>.</W></SENTENCE><SENTENCE><W>Perfect</W><W>strangers</W><W>have</W><W>more</W><W>chemistry</W><W>than</W><W>these</W><W>two</W><W>.</W></SENTENCE></P><P></P><P><SENTENCE><W>Fourth</W><W>,</W><W>does</W><W>Alec</W><W>Baldwin</W><C><W>THINK</W></C><W>that</W><W>he</W><W>&#39;s</W><W>funny</W><W>?</W></SENTENCE><SENTENCE><W>I</W><W>&#39;ve</W><W>got</W><W>news</W><W>for</W><W>him</W><W>.</W></SENTENCE><SENTENCE><W>He</W><W>&#39;s</W><C><cue ID="57" type="negation"><W>not</W></cue></C><W>.</W></SENTENCE><SENTENCE><W>I</W><W>look</W><W>at</W><W>him</W><C><W>and</W></C><C><W>think</W></C><W>,</W><W>get</W><W>a</W><W>haircut</W><W>.</W></SENTENCE></P><P></P><P><SENTENCE><W>Fifth</W><W>,</W><W>who</W><W>picked</W><W>the</W><W>music</W><W>?</W></SENTENCE><SENTENCE><C><W>And</W></C><W>most</W><W>importantly</W><W>,</W><W>why</W><W>in</W><W>the</W><W>hell</W><C><cue ID="58" type="speculation"><W>would</W></cue></C><xcope ID="60"><ref COMMENTS="" ID="61" SRC="58"></ref><W>you</W><W>have</W><W>Mike</W><W>Myers</W><W>sing</W></xcope><W>?</W></SENTENCE><SENTENCE><W>Ewww...the</W><W>selections</W><W>were</W><W>horrible</W><W>,</W><C><cue ID="62" type="negation"><W>not</W></cue></C><xcope ID="63"><ref COMMENTS="" ID="64" SRC="62"></ref><W>to</W><W>mention</W><W>the</W><W>fact</W><W>that</W><W>the</W><W>tunes</W><W>stuck</W><W>out</W><W>like</W><W>sore</W><W>thumbs</W></xcope><W>.</W></SENTENCE></P><P></P><P><SENTENCE><W>Sixth</W><W>,</W><W>whoever</W><W>was</W><W>responsible</W><W>for</W><W>the</W><W>special</W><W>effects</W><W>needs</W><W>to</W><W>enroll</W><W>themselves</W><W>in</W><W>the</W><W>Pixar</W><W>school</W><W>of</W><W>creativity</W><W>.</W></SENTENCE><SENTENCE><W>There</W><W>were</W><W>several</W><W>,</W><W>obvious</W><W>glitches</W><C><W>and</W></C><W>mistakes</W><W>(</W><W>that</W><C><cue ID="65" type="speculation"><W>should</W></cue></C><xcope ID="74"><ref ID="81" SRC="65"></ref><W>have</W><W>been</W><W>handled</W><W>in</W><W>editing</W><W>but</W><W>were</W></xcope><C><cue ID="66" type="negation"><W>not</W></cue></C><W>)</W><W>.</W></SENTENCE><SENTENCE><W>Overlooking</W><W>the</W><W>errors</W><W>,</W><W>anyone</W><W>-</W><W>especially</W><xcope ID="75"><ref ID="82" SRC="67"></ref><W>Grazer</W></xcope><C><cue ID="67" type="speculation"><W>or</W></cue></C><xcope ID="76"><ref COMMENTS="" ID="83" SRC="67"></ref><W>Welch</W></xcope><W>-</W><W>thinking</W><W>that</W><W>the</W><W>special</W><W>effects</W><C><cue ID="68" type="speculation"><W>could</W></cue></C><xcope ID="78"><ref ID="84" SRC="68"></ref><W>carry</W><W>the</W><W>movie</W><W>are</W><W>obviously</W><W>deluded</W></xcope><C><W>and</W></C><C><cue ID="69" type="speculation"><W>should</W></cue></C><xcope ID="77"><ref COMMENTS="" ID="85" SRC="69"></ref><W>seek</W><W>strong</W><W>medication</W><W>immediately</W></xcope><W>.</W></SENTENCE></P><P></P><P><SENTENCE><W>Seventh</W><W>,</W><W>the</W><W>ever-wonderful</W><W>Sean</W><W>Hayes</W><W>,</W><W>who</W><W>also</W><W>does</W><W>the</W><W>voice</W><W>of</W><W>the</W><W>fish</W><W>,</W><W>was</W><W>relegated</W><W>to</W><W>a</W><W>minor</W><W>supporting</W><W>role</W><W>which</W><W>sucked</W><W>because</W><W>his</W><W>character</W><W>had</W><W>the</W><W>opportunity</W><W>to</W><W>take</W><W>this</W><W>movie</W><W>in</W><W>a</W><W>worthy</W><W>direction</W><W>.</W></SENTENCE><SENTENCE><W>But</W><W>oh</W><C><cue ID="72" type="negation"><W>no</W></cue></C><W>.</W></SENTENCE><SENTENCE><W>Mr.</W><W>Director</W><cue ID="70" type="speculation"><C><W>must</W></C><C><W>not</W></C></cue><xcope ID="79"><ref ID="86" SRC="70"></ref><W>be</W><W>able</W><W>to</W><W>deal</W><W>with</W><W>animated</W><W>characters</W></xcope><W>...</W></SENTENCE></P><P></P><P><SENTENCE><W>Now</W><W>Kelly</W><W>Preston</W><W>did</W><W>n&#39;t</W><W>offend</W><W>me</W><W>,</W><W>so</W><W>I</W><W>guess</W><W>you</W><C><cue ID="73" type="speculation"><W>can</W></cue></C><xcope ID="80"><ref ID="87" SRC="73"></ref><W>say</W><W>that</W><W>this</W><W>was</W><W>the</W><W>most</W><W>redeeming</W><W>part</W><W>of</W><W>the</W><W>movie</W></xcope><W>.</W></SENTENCE></P><P></P><P><SENTENCE><W>Cat</W><W>In</W><W>The</W><W>Hat</W><W>is</W><W>rated</W><W>PG</W><W>for</W><W>mild</W><W>crude</W><W>humor</W><C><W>and</W></C><W>some</W><W>double</W><W>ententres</W><W>.</W></SENTENCE><SENTENCE><W>Personally</W><W>,</W><W>I</W><C><cue ID="88" type="speculation"><W>can</W></cue></C><xcope ID="99"><ref COMMENTS="" ID="100" SRC="88"></ref><C><cue ID="89" type="speculation"><W>think</W></cue></C><xcope ID="90"><ref COMMENTS="" ID="92" SRC="88"></ref><W>of</W><W>better</W><W>things</W><W>to</W><W>do</W><W>with</W><W>your</W><W>time</W><W>than</W><W>taking</W><W>your</W><W>kids</W><W>to</W><W>see</W><W>this</W><W>movie</W></xcope></xcope><W>.</W></SENTENCE><SENTENCE><W>Get</W><W>a</W><W>pedicure</W><W>.</W></SENTENCE><SENTENCE><W>Clean</W><W>out</W><W>your</W><W>attic</W><W>.</W></SENTENCE><SENTENCE><W>Take</W><W>a</W><W>nap</W><W>.</W></SENTENCE><SENTENCE><W>All</W><W>much</W><W>more</W><W>worthy</W><W>of</W><W>your</W><W>time</W><W>...</W><W>I</W><W>promise</W><W>.</W></SENTENCE></P></DOCUMENT>
