<?xml version="1.0" encoding="UTF-8"?>
<DOCUMENT><P/><P><SENTENCE><W>From</W><W>Saturday</W><W>night</W><W>live</W><W>to</W><W>Old</W><W>School</W><C><W>and</W></C><W>now</W><W>to</W><W>a</W><W>even</W><W>better</W><C><W>and</W></C><W>funnier</W><W>movie</W><W>...ELF.</W></SENTENCE><SENTENCE><W>Will</W><W>Farrel</W><W>plays</W><W>the</W><W>role</W><W>of</W><W>Buddy</W><W>which</W><W>is</W><W>an</W><W>unusual</W><W>elf</W><W>.</W></SENTENCE><SENTENCE><W>An</W><W>elf</W><W>that</W><W>is</W><W>bigger</W><W>than</W><W>usual</W><W>,</W><W>has</W><W>a</W><W>lower</W><W>voice</W><W>that</W><W>the</W><W>rest</W><W>,</W><C><W>and</W></C><W>is</W><C><W>missing</W></C><W>the</W><W>pointy</W><W>ears</W><W>.</W></SENTENCE><SENTENCE><W>This</W><W>movie</W><W>is</W><W>a</W><W>very</W><W>good</W><W>family</W><W>movie</W><C><cue ID="0" type="negation"><W>not</W></cue></C><xcope ID="8"><ref ID="13" SRC="0"/><W>just</W><W>because</W><W>it</W><W>&apos;s</W><W>about</W><W>Christmas</W></xcope><W>but</W><W>because</W><W>it</W><W>has</W><W>a</W><W>good</W><W>message</W><W>to</W><W>it</W><W>.</W></SENTENCE><SENTENCE><W>The</W><W>message</W><W>that</W><W>some</W><W>people</W><W>have</W><W>forgotten</W><W>the</W><W>true</W><W>meaning</W><W>of</W><W>Christmas</W><C><W>and</W></C><W>have</W><W>given</W><W>up</W><W>on</W><W>Santa</W><W>.</W></SENTENCE><SENTENCE><W>Well</W><W>this</W><W>is</W><W>a</W><W>movie</W><W>that</W><W>you</W><C><cue ID="1" type="speculation"><W>would</W></cue></C><xcope ID="7"><ref ID="14" SRC="1"/><W>want</W><W>to</W><W>see</W><W>to</W><W>bring</W><W>back</W><W>that</W><W>Christmas</W><W>cheer</W></xcope><W>.</W></SENTENCE><SENTENCE><W>I</W><W>have</W><W>seen</W><W>this</W><W>movie</W><W>twice</W><W>now</W><C><W>and</W></C><C><cue ID="2" type="speculation"><W>can</W></cue></C><xcope COMMENTS="" ID="14"><ref COMMENTS="" ID="16" SRC="2"/><C><cue ID="3" type="negation"><W>never</W></cue></C><xcope COMMENTS="" ID="13"><ref COMMENTS="" ID="15" SRC="3"/><W>stop</W><W>laughing</W><W>at</W><W>Buddy</W><W>&apos;s(</W><W>Will</W><W>Farrel</W><W>)</W><W>actions</W><W>to</W><W>the</W><W>city</W></xcope></xcope><W>.</W></SENTENCE><SENTENCE><W>I</W><W>really</W><W>enjoy</W><W>how</W><W>Will</W><C><cue ID="4" type="speculation"><W>can</W></cue></C><xcope COMMENTS="" ID="17"><ref COMMENTS="" ID="18" SRC="4"/><W>make</W><W>a</W><W>movie</W><C><cue ID="5" type="negation"><W>without</W></cue></C><xcope ID="11"><ref ID="18" SRC="5"/><W>using</W><W>adult</W><W>humor</W></xcope></xcope><W>.</W></SENTENCE><SENTENCE><W>I</W><W>only</W><W>have</W><W>one</W><W>bad</W><W>thing</W><W>to</W><W>say</W><W>about</W><W>this</W><W>movie</W><W>...</W><W>I</W><W>really</W><cue ID="6" type="negation"><W>do</W><W>n&apos;t</W></cue><xcope ID="12"><ref COMMENTS="" ID="19" SRC="6"/><W>like</W><W>the</W><W>angry</W><W>elf</W></xcope><W>.</W></SENTENCE><SENTENCE><W>Come</W><W>join</W><W>Buddy</W><W>on</W><W>his</W><W>quest</W><W>to</W><W>find</W><W>his</W><W>father</W><W>.</W></SENTENCE></P></DOCUMENT>