<?xml version="1.0" encoding="UTF-8"?>
<DOCUMENT><P></P><P><SENTENCE><W>Plot</W><W>Details</W><W>:</W><W>This</W><W>opinion</W><W>reveals</W><W>minor</W><W>details</W><W>about</W><W>the</W><W>movie</W><W>&#39;</W><W>&#39;s</W><W>plot</W><W>.</W></SENTENCE></P><P></P><P><SENTENCE><W>Let</W><W>&#39;s</W><W>start</W><W>at</W><W>the</W><W>beginning</W><W>.</W></SENTENCE><SENTENCE><W>I</W><W>adore</W><W>Disney</W><W>&#39;s</W><W>Haunted</W><W>Mansion</W><W>in</W><W>the</W><W>Orlando</W><W>theme</W><W>park</W><W>.</W></SENTENCE><SENTENCE><W>It</W><W>is</W><W>for</W><W>everybody</W><W>.</W></SENTENCE><SENTENCE><W>It</W><W>is</W><W>funny/scary</W><W>,</W><C><W>and</W></C><W>as</W><W>Disney</W><W>caters</W><W>to</W><W>CHILDREN</W><W>,</W><W>all</W><W>is</W><W>as</W><W>it</W><C><cue ID="0" type="speculation"><W>should</W></cue></C><xcope ID="6"><ref ID="12" SRC="0"></ref><W>be</W></xcope><W>.</W></SENTENCE><SENTENCE><W>Things</W><W>are</W><W>themed</W><W>to</W><W>death</W><W>,</W><W>ghosts</W><W>,</W><C><W>and</W></C><W>the</W><W>supernatural</W><W>in</W><W>a</W><W>very</W><W>fun</W><C><W>and</W></C><W>creative</W><W>climate</W><W>.</W></SENTENCE><SENTENCE><W>Beginning</W><W>with</W><W>&#34;</W><C><cue ID="1" type="negation"><W>no</W></cue></C><xcope ID="7"><ref ID="13" SRC="1"></ref><W>windows</W></xcope><C><W>and</W></C><C><cue ID="2" type="negation"><W>no</W></cue></C><xcope ID="8"><ref ID="14" SRC="2"></ref><W>doors</W></xcope><W>,</W><W>&#34;</W><W>you</W><W>are</W><W>sucked</W><W>right</W><W>into</W><W>the</W><W>spirit</W><W>of</W><W>the</W><W>house</W><W>-</W><W>moving</W><W>doors</W><W>,</W><W>talking</W><W>head</W><W>in</W><W>a</W><W>crystal</W><W>ball</W><W>,</W><W>hearse</W><W>with</W><W>skeleton</W><W>horse</W><W>attached</W><W>,</W><W>tombstones</W><W>with</W><W>funny</W><W>saying</W><W>on</W><W>it</W><W>.</W></SENTENCE><SENTENCE><W>The</W><W>ride</W><W>is</W><W>absolutely</W><W>very</W><W>well</W><W>done</W><W>!</W></SENTENCE><SENTENCE><W>I</W><W>see</W><W>something</W><W>new</W><W>every</W><W>time</W><W>I</W><W>take</W><W>the</W><W>ride</W><C><W>and</W></C><W>I</W><W>&#39;ve</W><W>done</W><W>it</W><W>well</W><W>over</W><W>12</W><W>times</W><W>.</W></SENTENCE></P><P></P><P><SENTENCE><W>Okay</W><W>-</W><W>now</W><W>let</W><W>&#39;s</W><W>translate</W><W>that</W><C><cue ID="3" type="speculation"><W>thought</W></cue></C><xcope ID="9"><ref ID="15" SRC="3"></ref><W>into</W><W>a</W><W>movie</W></xcope><W>!</W></SENTENCE><SENTENCE><W>What</W><W>a</W><W>fantastic</W><C><W>idea</W></C><W>!</W></SENTENCE><SENTENCE><W>The</W><W>very</W><W>first</W><W>line</W><W>&#34;</W><W>Welcome</W><W>foolish</W><W>mortals</W><W>&#34;</W><W>made</W><W>me</W><W>just</W><W>giggle</W><W>.</W></SENTENCE><SENTENCE><W>You</W><W>begin</W><W>the</W><W>film</W><W>with</W><W>a</W><W>married</W><W>couple</W><W>with</W><W>2</W><W>kids</W><W>(</W><W>pretty</W><W>standard</W><W>Disney</W><W>stuff</W><W>)</W><W>,</W><C><W>and</W></C><W>the</W><W>dad</W><W>is</W><W>too</W><W>busy</W><W>at</W><W>work</W><W>(</W><W>again</W><W>,</W><W>par</W><W>for</W><W>the</W><W>course</W><W>,</W><W>but</W><W>we</W><W>have</W><W>been</W><W>doing</W><W>this</W><W>since</W><W>at</W><W>least</W><W>&#34;</W><W>Mary</W><W>Poppins</W><W>,</W><W>&#34;</W><W>you</W><W>know</W><W>?</W><W>)</W><W>.</W></SENTENCE><SENTENCE><W>So</W><W>with</W><W>one</W><W>phone</W><W>call</W><W>,</W><W>the</W><W>family</W><W>is</W><W>drawn</W><W>into</W><W>&#34;</W><W>the</W><W>house</W><W>.</W><W>&#34;</W></SENTENCE><SENTENCE><W>That</W><W>the</W><W>dad</W><W>is</W><W>Eddie</W><W>Murphy</W><W>to</W><W>me</W><cue ID="4" type="negation"><W>is</W><W>n&#39;t</W></cue><xcope ID="11"><ref COMMENTS="" ID="17" SRC="4"></ref><W>that</W><W>special</W><W>a</W><W>thing</W></xcope><W>.</W></SENTENCE><SENTENCE><W>I</W><C><cue ID="5" type="speculation"><W>think</W></cue></C><xcope ID="10"><ref ID="16" SRC="5"></ref><W>Eddie</W><W>Murphy</W><W>is</W><W>less</W><W>funny</W><W>than</W><W>he</W><W>used</W><W>to</W><W>be</W></xcope><W>,</W><W>but</W><W>he</W><W>is</W><W>one</W><W>of</W><W>only</W><W>a</W><W>handful</W><W>of</W><W>comedic</W><W>black</W><W>movie</W><W>stars</W><W>today</W><W>.</W></SENTENCE></P><P></P><P><SENTENCE><W>You</W><W>enter</W><W>the</W><W>house</W><C><W>and</W></C><W>see</W><W>the</W><W>cobwebs</W><W>on</W><W>the</W><W>grandiose</W><W>front</W><W>entryhall</W><W>.</W></SENTENCE><SENTENCE><W>The</W><W>monolithic</W><W>ceilings</W><W>,</W><W>the</W><W>candlelit</W><W>hallways</W><W>,</W><W>the</W><W>suits</W><W>of</W><W>armor</W><W>,</W><W>the</W><W>gigantic</W><W>fireplace</W><W>(</W><xcope ID="29"><ref ID="31" SRC="19"></ref><C><cue ID="18" type="speculation"><W>might</W></cue></C><xcope ID="24"><ref ID="28" SRC="18"></ref><W>be</W><W>known</W><W>as</W><W>gates</W><W>of</W><W>Hell</W></xcope></xcope><W>,</W><C><cue ID="19" type="speculation"><W>or</W></cue></C><xcope ID="30"><ref COMMENTS="" ID="32" SRC="19"></ref><xcope ID="25"><W>it</W></xcope><C><cue ID="20" type="speculation"><W>might</W></cue></C><C><cue ID="21" type="negation"><xcope COMMENTS="" ID="48"><ref COMMENTS="" ID="49" SRC="20"></ref><W>not</W></xcope></cue></C><W>)</W></xcope><W>.</W></SENTENCE><SENTENCE><W>The</W><W>busts</W><W>in</W><W>the</W><W>walls</W><W>move</W><C><W>and</W></C><W>watch</W><W>you</W><W>,</W><W>there</W><W>are</W><W>hidden</W><W>stairways</W><W>,</W><C><W>and</W></C><W>most</W><C><W>and</W></C><W>best</W><W>of</W><W>all</W><W>,</W><W>there</W><W>are</W><W>ghosts</W><W>everywhere</W><W>.</W></SENTENCE><SENTENCE><W>There</W><W>are</W><W>good</W><W>ones</W><C><W>and</W></C><W>bad</W><W>ones</W><W>,</W><C><W>and</W></C><W>all</W><W>the</W><W>family</W><W>take</W><W>off</W><W>in</W><W>different</W><W>directions</W><W>with</W><W>the</W><W>mom</W><W>being</W><W>the</W><W>most</W><W>sought</W><W>after</W><W>by</W><W>the</W><W>house</W><W>&#39;s</W><W>owner</W><W>.</W></SENTENCE></P><P></P><P><SENTENCE><W>I</W><W>&#39;m</W><C><cue ID="22" type="negation"><W>not</W></cue></C><xcope ID="26"><ref ID="33" SRC="22"></ref><W>going</W><W>to</W><W>give</W><W>away</W><W>the</W><W>plot</W></xcope><W>.</W></SENTENCE><SENTENCE><W>Suffice</W><W>it</W><W>to</W><W>say</W><W>there</W><W>is</W><W>a</W><W>trip</W><W>to</W><W>the</W><W>cemetery</W><W>with</W><W>ghouls</W><W>worse</W><W>than</W><W>in</W><W>the</W><W>new</W><W>&#34;</W><W>Pirates</W><W>of</W><W>the</W><W>Carribean</W><W>&#34;</W><W>movie</W><W>.</W></SENTENCE><SENTENCE><W>But</W><W>they</W><cue ID="23" type="negation"><W>do</W><W>n&#39;t</W></cue><xcope ID="27"><ref COMMENTS="" ID="34" SRC="23"></ref><W>last</W><W>long</W></xcope><W>.</W></SENTENCE><SENTENCE><C><W>And</W></C><W>,</W><W>of</W><W>course</W><W>,</W><W>the</W><W>boy</W><W>learns</W><W>to</W><W>be</W><W>a</W><W>man</W><W>in</W><W>the</W><W>process</W><W>.</W></SENTENCE><SENTENCE><W>The</W><W>lady</W><W>&#39;s</W><W>head</W><W>in</W><W>the</W><W>crystal</W><W>ball</W><W>is</W><W>there</W><W>,</W><C><W>and</W></C><W>she</W><W>&#39;s</W><W>even</W><W>green</W><W>.</W></SENTENCE><SENTENCE><W>There</W><W>&#39;s</W><W>a</W><W>barber</W><W>shop</W><W>quartet</W><W>of</W><W>busts</W><W>,</W><C><W>and</W></C><W>even</W><W>the</W><W>hearse</W><W>fits</W><W>in</W><W>there</W><W>somehow</W><W>.</W></SENTENCE></P><P></P><P><SENTENCE><W>The</W><W>ending</W><W>is</W><W>where</W><W>the</W><W>bad</W><W>guys</W><W>get</W><W>their</W><W>due</W><W>,</W><C><W>and</W></C><W>it</W><W>is</W><W>,</W><W>after</W><W>all</W><W>,</W><W>a</W><W>Disney</W><W>comedy</W><W>.</W></SENTENCE><SENTENCE><W>This</W><W>movie</W><W>is</W><C><cue ID="35" type="negation"><W>not</W></cue></C><xcope ID="44"><ref ID="48" SRC="35"></ref><W>too</W><W>scary</W><W>for</W><W>the</W><W>youngest</W><W>of</W><W>children</W></xcope><W>,</W><W>but</W><W>the</W><W>plot</W><C><cue ID="36" type="speculation"><W>might</W></cue></C><xcope ID="41"><ref ID="49" SRC="36"></ref><W>confuse</W><W>kids</W></xcope><xcope ID="42"><ref ID="50" SRC="37"></ref><W>under</W><W>8</W></xcope><C><cue ID="37" type="speculation"><W>or</W></cue></C><xcope ID="43"><ref ID="51" SRC="37"></ref><W>9</W></xcope><W>.</W><W>PG</W><W>is</W><W>a</W><W>good</W><W>rating</W><W>for</W><W>a</W><W>few</W><W>mild</W><W>oaths</W><W>.</W></SENTENCE></P><P></P><P><SENTENCE><W>Generally</W><W>,</W><C><cue ID="38" type="speculation"><W>if</W></cue></C><xcope COMMENTS="" ID="50"><ref COMMENTS="" ID="51" SRC="38"></ref><W>everyone</W><C><cue ID="39" type="speculation"><W>would</W></cue></C><xcope ID="47"><ref ID="53" SRC="39"></ref><W>keep</W><W>in</W><W>mind</W><W>that</W><W>Disney</W><W>makes</W><W>things</W><W>for</W><W>children</W></xcope></xcope><W>(</W><C><W>and</W></C><W>there</W><W>are</W><W>always</W><W>new</W><W>ones</W><W>coming</W><W>along</W><W>!</W><W>!</W><W>!</W><W>)</W><W>,</W><W>they</W><C><cue ID="40" type="speculation"><W>would</W></cue></C><xcope ID="45"><ref ID="54" SRC="40"></ref><W>know</W><W>that</W><W>this</W><W>is</W><W>just</W><W>a</W><W>wonderful</W><W>experience</W></xcope><W>,</W><W>compared</W><W>to</W><W>THE</W><W>CAT</W><W>IN</W><W>THE</W><W>HAT</W><W>which</W><W>is</W><W>obscene</W><W>from</W><W>what</W><W>I</W><W>&#39;ve</W><W>heard</W><C><W>and</W></C><W>read</W><W>.</W></SENTENCE><SENTENCE><W>See</W><W>this</W><W>movie</W><W>;</W><W>take</W><W>anyone</W><W>.</W></SENTENCE><SENTENCE><W>It</W><W>kept</W><W>my</W><W>attention</W><W>,</W><C><W>and</W></C><W>I</W><W>am</W><W>very</W><W>Disney-fied</W><W>.</W></SENTENCE></P><P></P><P><SENTENCE><W>It</W><W>lasts</W><W>110</W><W>minutes</W><W>,</W><C><W>and</W></C><W>they</W><W>are</W><W>fabulous</W><W>times</W><W>.</W></SENTENCE><SENTENCE><W>Well</W><W>acted</W><W>,</W><W>well</W><W>conceived</W><W>,</W><C><W>and</W></C><W>great</W><W>effects</W><W>.</W></SENTENCE><SENTENCE><W>A</W><W>great</W><W>Disney</W><W>romp</W><W>!</W></SENTENCE></P></DOCUMENT>
