<?xml version="1.0" encoding="UTF-8"?>
<DOCUMENT><P></P><P><SENTENCE><W>Plot</W><W>Details</W><W>:</W><W>This</W><W>opinion</W><W>reveals</W><W>major</W><W>details</W><W>about</W><W>the</W><W>movie</W><W>&#39;</W><W>&#39;s</W><W>plot</W><W>.</W></SENTENCE></P><P></P><P><SENTENCE><W>After</W><W>having</W><W>heard</W><W>so</W><W>many</W><W>positive</W><W>reviews</W><W>of</W><W>the</W><W>movie</W><W>Elf</W><W>,</W><W>including</W><W>a</W><W>recommendation</W><W>by</W><W>one</W><W>of</W><W>the</W><W>people</W><W>I</W><W>work</W><W>with</W><W>who</W><W>only</W><W>goes</W><W>to</W><W>the</W><W>movie</W><W>once</W><W>a</W><W>year</W><W>on</W><W>Thanksgiving</W><W>,</W><W>we</W><W>decided</W><W>to</W><W>take</W><W>the</W><W>kids</W><W>to</W><W>see</W><W>it</W><W>on</W><W>a</W><W>rainy</W><W>Friday</W><W>afternoon</W><W>in</W><W>New</W><W>York</W><W>.</W></SENTENCE></P><P></P><P><SENTENCE><W>The</W><W>film</W><W>begins</W><W>with</W><W>Pap</W><W>Elf</W><W>(</W><W>Bob</W><W>Newhart</W><W>)</W><W>relating</W><W>just</W><W>how</W><W>Buddy</W><W></W><W>managed</W><W>to</W><W>come</W><W>to</W><W>live</W><W>with</W><W>the</W><W>other</W><W>elves</W><W>in</W><W>Santas</W><W>workshop</W><W>at</W><W>the</W><W>North</W><W>Pole</W><W>.</W></SENTENCE><SENTENCE><W>Poor</W><W>Buddy</W><W>was</W><W>abandoned</W><W>to</W><W>an</W><W>orphanage</W><C><W>and</W></C><C><cue ID="0" type="negation"><W>never</W></cue></C><xcope ID="1"><ref ID="5" SRC="0"></ref><W>knew</W><W>his</W><W>real</W><W>parents</W></xcope><W>.</W></SENTENCE><SENTENCE><W>He</W><W>crawled</W><W>into</W><W>Santas</W><W>bag</W><W>while</W><W>Santa</W><W>(</W><W>Ed</W><W>Asner</W><W>)</W><W>was</W><W>chowing</W><W>down</W><W>on</W><W>the</W><W>milk</W><C><W>and</W></C><W>cookies</W><W>.</W></SENTENCE><SENTENCE><W>For</W><W>some</W><W>reason</W><W>,</W><W>Santa</W><C><W>failed</W></C><W>to</W><W>notice</W><W>his</W><W>presence</W><W>until</W><W>they</W><W>arrived</W><W>back</W><W>at</W><W>the</W><W>North</W><W>Pole</W><C><W>and</W></C><W>Buddy</W><W>crawled</W><W>out</W><W>of</W><W>the</W><W>bag</W><W>.</W></SENTENCE></P><P></P><P><SENTENCE><W>Buddy</W><W>(</W><W>Will</W><W>Ferrell</W><W>)</W><W>stays</W><W>with</W><W>them</W><W>,</W><W>but</W><W>there</W><W>are</W><W>problems</W><W>.</W></SENTENCE><SENTENCE><W>Hes</W><W>twice</W><W>the</W><W>size</W><W>of</W><W>the</W><W>other</W><W>elves</W><W>.</W></SENTENCE><SENTENCE><W>He</W><cue ID="7" type="negation"><W>is</W><W>nt</W></cue><xcope ID="9"><ref ID="11" SRC="7"></ref><W>capable</W><W>of</W><W>building</W><W>toys</W><W>with</W><W>the</W><W>same</W><W>lightning-fast</W><W>speed</W><W>as</W><W>the</W><W>other</W><W>elves</W></xcope><W>(</W><C><cue ID="8" type="speculation"><W>must</W></cue></C><xcope ID="10"><ref ID="12" SRC="8"></ref><W>be</W><W>something</W><W>genetic</W></xcope><W>)</W><W>.</W></SENTENCE><SENTENCE><W>Finally</W><W>,</W><W>he</W><W>has</W><W>a</W><W>heart-to-heart</W><W>with</W><W>Pap</W><W>Elf</W><W>who</W><W>tells</W><W>him</W><W>all</W><W>about</W><W>his</W><W>mother</W><W>who</W><W>put</W><W>him</W><W>up</W><W>for</W><W>adoption</W><C><W>and</W></C><W>passed</W><W>away</W><W>,</W><C><W>and</W></C><W>his</W><W>father</W><W>,</W><W>who</W><W>live</W><W>in</W><W>New</W><W>York</W><W>as</W><W>a</W><W>book</W><W>publisher</W><W>.</W></SENTENCE><SENTENCE><W>Oh</W><W>,</W><C><W>and</W></C><W>hes</W><W>on</W><W>the</W><W>naughty</W><W>list</W><W>.</W></SENTENCE></P><P></P><P><SENTENCE><W>The</W><W>rest</W><W>of</W><W>the</W><W>story</W><W>involves</W><W>Buddys</W><W>quest</W><W>to</W><W>find</W><W>his</W><W>family</W><W>in</W><W>New</W><W>York</W><W>.</W></SENTENCE><SENTENCE><W>He</W><W>finds</W><W>his</W><W>father</W><W>,</W><W>Walter</W><W>Hobbs</W><W>(</W><W>James</W><W>Caan</W><W>)</W><W>working</W><W>in</W><W>the</W><W>Empire</W><W>State</W><W>Building</W><W>,</W><C><W>and</W></C><W>discovers</W><W>hes</W><W>married</W><W>with</W><W>another</W><W>son</W><W>.</W></SENTENCE><SENTENCE><W>Walter</W><W>was</W><W>an</W><W>interesting</W><W>character</W><W>.</W></SENTENCE><SENTENCE><xcope ID="97"><ref COMMENTS="" ID="98" SRC="14"></ref><W>He</W></xcope><cue COMMENTS="" ID="15" type="negation"><W>did</W><W>nt</W></cue><xcope COMMENTS="" ID="82"><ref COMMENTS="" ID="84" SRC="15"></ref><C><cue COMMENTS="" ID="14" type="speculation"><W>seem</W></cue></C><xcope COMMENTS="" ID="81"><ref COMMENTS="" ID="83" SRC="14"></ref><W>to</W><W>be</W><W>a</W><W>bad</W><W>guy</W></xcope><W>,</W></xcope><W>just</W><W>someone</W><W>who</W><W>managed</W><W>to</W><W>get</W><W>off</W><W>track</W><W>in</W><W>life</W><W>as</W><W>his</W><W>main</W><W>focus</W><W>became</W><W>dollar</W><W>signs</W><C><W>and</W></C><C><cue COMMENTS="" ID="19" type="negation"><W>not</W></cue></C><xcope COMMENTS="" ID="21"><ref COMMENTS="" ID="26" SRC="19"></ref><W>being</W><W>happy</W><W>with</W><W>his</W><W>life</W></xcope><W>.</W></SENTENCE><SENTENCE><W>There</W><W>are</W><W>many</W><W>people</W><W>out</W><W>there</W><W>like</W><W>this</W><W>who</W><W>go</W><W>into</W><xcope COMMENTS="" ID="23"><ref COMMENTS="" ID="24" SRC="20"></ref><W>one</W><W>profession</W></xcope><C><cue COMMENTS="" ID="20" type="speculation"><W>or</W></cue></C><xcope COMMENTS="" ID="22"><ref COMMENTS="" ID="25" SRC="20"></ref><W>another</W></xcope><W>(</W><W>in</W><W>Walters</W><W>case</W><W>,</W><W>publishing</W><W>childrens</W><W>books</W><W>)</W><W>because</W><W>of</W><W>their</W><W>initial</W><W>fondness</W><W>for</W><W>the</W><W>work</W><W>,</W><C><W>and</W></C><W>end</W><W>up</W><W>obsessed</W><W>with</W><W>the</W><W>financial</W><W>aspect</W><W>.</W></SENTENCE><SENTENCE><W>This</W><W>what</W><W>how</W><W>the</W><W>character</W><W>of</W><W>Walter</W><W>Hobbs</W><W>struck</W><W>me</W><W>.</W></SENTENCE></P><P></P><P><SENTENCE><W>Buddy</W><C><cue COMMENTS="" ID="85" type="speculation"><W>may</W></cue></C><xcope COMMENTS="" ID="87"><ref COMMENTS="" ID="89" SRC="85"></ref><C><cue COMMENTS="" ID="86" type="negation"><W>not</W></cue></C><xcope COMMENTS="" ID="30"><ref COMMENTS="" ID="88" SRC="86"></ref><W>have</W><W>been</W><W>the</W><W>perfect</W><W>elf</W></xcope></xcope><W>,</W><W>but</W><W>hes</W><W>picked</W><W>up</W><W>some</W><W>amazing</W><W>talents</W><C><W>and</W></C><W>abilities</W><W>from</W><W>being</W><W>around</W><W>them</W><W>.</W></SENTENCE><SENTENCE><W>When</W><W>he</W><C><W>and</W></C><W>his</W><W>brother</W><W>,</W><W>Michael</W><W>(</W><W>Daniel</W><W>Tey</W><W>)</W><W>are</W><W>being</W><W>chased</W><W>by</W><W>bullies</W><W>through</W><W>Central</W><W>Park</W><W>,</W><W>Buddy</W><W>manages</W><W>to</W><W>create</W><W>a</W><W>whole</W><W>armload</W><W>of</W><W>snowballs</W><W>in</W><W>the</W><W>time</W><W>it</W><W>takes</W><W>Michael</W><W>to</W><W>create</W><W>one</W><W>.</W></SENTENCE><SENTENCE><W>He</W><C><cue COMMENTS="" ID="28" type="speculation"><W>can</W></cue></C><xcope COMMENTS="" ID="91"><ref COMMENTS="" ID="93" SRC="28"></ref><W>write</W><W>a</W><W>note</W><W>on</W><W>an</W><W>Etch-a-Sketch</W><W>faster</W><W>than</W><W>most</W><W>people</W><C><cue COMMENTS="" ID="29" type="speculation"><W>can</W></cue></C><xcope COMMENTS="" ID="90"><ref COMMENTS="" ID="92" SRC="29"></ref><W>on</W><W>a</W><W>pad</W></xcope></xcope><W>.</W></SENTENCE></P><P></P><P><SENTENCE><W>Most</W><W>of</W><W>the</W><W>really</W><W>funny</W><W>moments</W><W>of</W><W>the</W><W>film</W><W>comes</W><W>as</W><W>Buddy</W><W>tries</W><W>to</W><W>adapt</W><W>to</W><W>the</W><W>real</W><W>world</W><W>.</W></SENTENCE><SENTENCE><W>When</W><W>he</W><W>hears</W><W>Santa</W><W>will</W><W>be</W><W>arriving</W><W>at</W><W>Gimbels</W><W>(</W><W>a</W><W>department</W><W>store</W><W>that</W><W>s</W><W>been</W><W>out</W><W>of</W><W>business</W><W>for</W><W>quite</W><W>some</W><W>time</W><W>,</W><W>by</W><W>the</W><W>way</W><W>)</W><W>,</W><W>he</W><W>makes</W><W>all</W><W>sorts</W><W>of</W><W>preparations</W><W>in</W><W>the</W><W>toy</W><W>department</W><W>for</W><W>him</W><W>imminent</W><W>arrival</W><W>,</W><W>only</W><W>to</W><W>be</W><W>shocked</W><W>when</W><W>it</W><W>s</W><W>an</W><W>imposter</W><W>.</W></SENTENCE><SENTENCE><W>When</W><W>he</W><W>tries</W><W>to</W><W>go</W><W>to</W><W>work</W><W>with</W><W>his</W><W>father</W><W>,</W><W>he</W><W>is</W><W>sent</W><W>to</W><W>the</W><W>mail-room</W><W>,</W><W>where</W><W>he</W><W>befriends</W><W>a</W><W>man</W><W>on</W><W>parole</W><W>who</W><W>is</W><W>something</W><W>of</W><W>a</W><W>slacker</W><W>,</W><C><W>and</W></C><W>together</W><W>they</W><W>turn</W><W>the</W><W>mail-room</W><W>upside-down</W><W>.</W></SENTENCE></P><P></P><P><SENTENCE><W>There</W><W>are</W><W>also</W><W>some</W><W>truly</W><W>humorous</W><W>moments</W><W>as</W><W>it</W><W>s</W><W>shown</W><W>that</W><W>Buddy</W><W>is</W><W>so</W><W>out</W><W>of</W><W>place</W><W>in</W><W>the</W><W>elf</W><W>world</W><W>.</W></SENTENCE><SENTENCE><W>I</W><cue ID="94" type="negation"><W>dont</W></cue><xcope ID="39"><ref COMMENTS="" ID="95" SRC="94"></ref><W>know</W><W>how</W><W>it</W><W>was</W><W>done</W></xcope><W>,</W><W>but</W><W>Bob</W><W>Newhart</W><W>was</W><W>half</W><W>the</W><W>size</W><W>of</W><W>Will</W><W>Ferrell</W><W>,</W><W>so</W><W>this</W><W>made</W><W>for</W><W>some</W><W>pretty</W><W>humorous</W><W>situations</W><W>.</W></SENTENCE><SENTENCE><W>There</W><W>were</W><W>also</W><W>pictures</W><W>of</W><W>Buddy</W><W>playing</W><W>basketball</W><W>with</W><W>his</W><W>fellow</W><W>elves</W><W>(</W><W>he</W><W>looks</W><W>bigger</W><W>than</W><W>Shaq</W><W>)</W><W>.</W></SENTENCE></P><P></P><P><SENTENCE><W>Theres</W><C><cue ID="37" type="negation"><W>not</W></cue></C><xcope ID="40"><ref COMMENTS="" ID="43" SRC="37"></ref><W>much</W><W>really</W><W>in</W><W>the</W><W>way</W><W>of</W><W>gross-out</W><W>humor</W></xcope><W>,</W><W>which</W><W>was</W><W>something</W><W>I</W><W>really</W><W>appreciated</W><W>.</W></SENTENCE><SENTENCE><W>Buddy</W><W>eats</W><W>some</W><W>pretty</W><W>strange</W><W>combinations</W><W>of</W><W>food</W><W>,</W><C><W>and</W></C><W>indulges</W><W>in</W><W>maple</W><W>syrup</W><W>on</W><W>just</W><W>about</W><W>everything</W><W>,</W><W>along</W><W>with</W><W>finding</W><W></W><W>gum</W><W>in</W><W>some</W><W>pretty</W><W>odd</W><W>places</W><W>,</W><W>but</W><W>that</W><W>s</W><W>about</W><W>it</W><W>.</W></SENTENCE><SENTENCE><W>The</W><W>one</W><W>bodily-noise</W><W>humor</W><W>comes</W><W>after</W><W>he</W><W>chugs</W><W>a</W><W>full</W><W>2-liter</W><W>of</W><W>soda</W><W>,</W><W>but</W><W>my</W><W>feelings</W><W>of</W><W>dread</W><W>that</W><W>this</W><W>was</W><W>going</W><W>to</W><W>take</W><W>a</W><W>downturn</W><W>in</W><W>the</W><W>humor</W><W>department</W><W>after</W><W>this</W><W>were</W><C><cue ID="38" type="negation"><W>not</W></cue></C><xcope ID="41"><ref COMMENTS="" ID="44" SRC="38"></ref><W>founded</W></xcope><W>.</W></SENTENCE></P><P></P><P><SENTENCE><W>Will</W><W>Ferrell</W><W>captures</W><W>Buddys</W><W>essence</W><W>perfectly</W><W>.</W></SENTENCE><SENTENCE><W>Hes</W><W>got</W><W>a</W><W>child-like</W><W>innocence</W><W>as</W><W>he</W><W>wanders</W><W>around</W><W>the</W><W>city</W><C><W>and</W></C><W>has</W><C><cue ID="45" type="negation"><W>no</W></cue></C><xcope ID="50"><ref COMMENTS="" ID="55" SRC="45"></ref><W>real</W><C><W>idea</W></C><W>of</W><W>the</W><W>consequences</W><W>of</W><W>his</W><W>actions</W><W>at</W><W>times</W></xcope><W>.</W></SENTENCE><SENTENCE><W>Ferrell</W><W>plays</W><W>Buddy</W><W>perfectly</W><W>-</W><W>I</W><cue ID="46" type="negation"><W>did</W><W>nt</W></cue><xcope ID="51"><ref COMMENTS="" ID="56" SRC="46"></ref><W>see</W><W>him</W><W>as</W><W>dumb</W></xcope><W>,</W><W>only</W><W>innocent</W><C><W>and</W></C><W>naive</W><W>.</W></SENTENCE><SENTENCE><W>His</W><W>expressions</W><W>of</W><W>wide-eyed</W><W>innocence</W><W>at</W><W>the</W><W>events</W><W>going</W><W>on</W><W>around</W><W>him</W><W>are</W><W>also</W><W>near-perfect</W><W>,</W><C><W>and</W></C><C><cue ID="47" type="negation"><W>not</W></cue></C><xcope ID="52"><ref COMMENTS="" ID="57" SRC="47"></ref><W>exaggerated</W></xcope><C><cue ID="48" type="negation"><W>nor</W></cue></C><xcope ID="53"><ref COMMENTS="" ID="58" SRC="48"></ref><W>over-done</W></xcope><W>.</W></SENTENCE><SENTENCE><W>I</W><W>credit</W><W>director</W><W>Jon</W><W>Favreau</W><W>for</W><W>a</W><W>lot</W><W>of</W><W>this</W><W>.</W></SENTENCE><SENTENCE><W>The</W><W>film</W><C><cue ID="49" type="speculation"><W>could</W></cue></C><xcope ID="54"><ref COMMENTS="" ID="59" SRC="49"></ref><W>have</W><W>easily</W><W>descended</W><W>into</W><W>being</W><W>a</W><W>farce</W></xcope><W>,</W><W>but</W><W>he</W><W>kept</W><W>it</W><W>in</W><W>line</W><W>.</W></SENTENCE><SENTENCE><W>The</W><W>only</W><W>bad</W><W>point</W><W>I</W><W>came</W><W>across</W><W>was</W><W>the</W><W>ending</W><W>which</W><W>felt</W><W>a</W><W>bit</W><W>too</W><W>much</W><W>like</W><W>a</W><W>rip-off</W><W>of</W><W>the</W><W>ending</W><W>to</W><W>Rudolph</W><W>the</W><W>Red-Nosed</W><W>Reindeer</W><W>,</W><W>but</W><W>the</W><W>kids</W><W>really</W><W>enjoyed</W><W>it</W><W>.</W></SENTENCE></P><P></P><P><SENTENCE><W>Zooey</W><W>Deschanel</W><W>is</W><W>Buddys</W><W>love</W><W>interest</W><W>,</W><W>a</W><W>worker</W><W>at</W><W>Gimbels</W><W>named</W><W>Jovie</W><W>.</W></SENTENCE><SENTENCE><xcope ID="99"><ref COMMENTS="" ID="100" SRC="60"></ref><W>She</W></xcope><C><cue ID="60" type="speculation"><W>seems</W></cue></C><xcope ID="62"><ref COMMENTS="" ID="64" SRC="60"></ref><W>alone</W><W>in</W><W>the</W><W>big</W><W>city</W></xcope><W></W><C><W>and</W></C><W>for</W><W>Buddy</W><W>,</W><W>it</W><W>s</W><W>love</W><W>at</W><W>first</W><W>sight</W><W>,</W><W>although</W><W>it</W><W>takes</W><W>a</W><W>while</W><W>for</W><W>his</W><W>Christmas</W><W>spirit</W><W>to</W><W>rub</W><W>off</W><W>on</W><W>the</W><W>dispirited</W><W>Jovie</W><W>.</W></SENTENCE><SENTENCE><W>Still</W><W>,</W><W>it</W><W>s</W><W>Jovie</W><W>who</W><W>on</W><W>their</W><W>first</W><W>date</W><W>takes</W><W>him</W><W>to</W><W>see</W><W>the</W><W>largest</W><W>Christmas</W><W>tree</W><W>of</W><W>all</W><W>.</W></SENTENCE></P><P></P><P><SENTENCE><W>For</W><W>me</W><W>,</W><W>that</W><W>was</W><W>the</W><W>real</W><W>star</W><W>of</W><W>the</W><W>movie</W><W>.</W></SENTENCE><SENTENCE><W>I</W><W>love</W><W>going</W><W>into</W><W>New</W><W>York</W><W>City</W><W>at</W><W>Christmastime</W><C><W>and</W></C><W>walking</W><W>around</W><W>to</W><W>see</W><W>all</W><W>of</W><W>the</W><W>decorations</W><W>.</W></SENTENCE><SENTENCE><W>The</W><W>movie</W><W>captures</W><W>the</W><W>store</W><W>windows</W><W>with</W><W>their</W><W>Holiday</W><W>displays</W><W>,</W><W>the</W><W>beauty</W><W>of</W><W>Rockefeller</W><W>Center</W><W>,</W><C><W>and</W></C><W>the</W><W>decorations</W><W>in</W><W>some</W><W>of</W><W>the</W><W>out-of-the</W><W>way</W><W>places</W><W>.</W></SENTENCE><SENTENCE><W>This</W><W>film</W><C><cue ID="61" type="speculation"><W>should</W></cue></C><xcope ID="63"><ref COMMENTS="" ID="65" SRC="61"></ref><W>do</W><W>a</W><W>lot</W><W>for</W><W>NYC</W><W>tourism</W><W>during</W><W>the</W><W>holiday</W><W>period</W></xcope><W>.</W></SENTENCE></P><P></P><P><SENTENCE><W>While</W><W>the</W><W>film</W><W>raptly</W><W>kept</W><W>my</W><W>8-year-olds</W><W>interest</W><W>,</W><W>my</W><W>3-year-old</W><W>was</W><C><cue ID="66" type="negation"><W>not</W></cue></C><xcope ID="73"><ref COMMENTS="" ID="80" SRC="66"></ref><W>impressed</W><W>at</W><W>all</W></xcope><W>.</W></SENTENCE><SENTENCE><W>It</W><C><W>failed</W></C><W>to</W><W>capture</W><W>his</W><W>attention</W><W>as</W><W>many</W><W>of</W><W>the</W><W>animated</W><W>films</W><W>do</W><W>,</W><C><W>and</W></C><W>he</W><W>fell</W><W>asleep</W><W>in</W><W>my</W><W>arms</W><W>near</W><W>the</W><W>end</W><W>.</W></SENTENCE><SENTENCE><W>Although</W><W>the</W><W>film</W><W>is</W><W>rated</W><W>PG</W><W>,</W><W>other</W><W>than</W><W>one</W><W>friggin</W><W></W><C><W>and</W></C><C><cue ID="67" type="speculation"><W>perhaps</W></cue></C><xcope ID="74"><ref COMMENTS="" ID="81" SRC="67"></ref><W>the</W><W>burping</W><W>scene</W><C><W>and</W></C><W>Buddys</W><W>gum</W><W>harvest</W></xcope><W>,</W><W>there</W><W>was</W><W>little</W><W>that</W><W>I</W><C><cue ID="68" type="speculation"><W>could</W></cue></C><xcope ID="96"><ref COMMENTS="" ID="97" SRC="68"></ref><W>see</W><W>that</W><W>parents</W><C><cue ID="69" type="speculation"><W>could</W></cue></C><xcope ID="76"><ref COMMENTS="" ID="83" SRC="69"></ref><W>complain</W><W>about</W></xcope></xcope><W>.</W></SENTENCE><SENTENCE><W>It</W><W>&#39;s</W><W>also</W><W>a</W><W>good</W><W>film</W><C><cue ID="70" type="speculation"><W>if</W></cue></C><xcope ID="98"><ref COMMENTS="" ID="99" SRC="70"></ref><W>your</W><W>kids</W><W>still</W><C><W>believe</W></C><W>in</W><W>Santa</W><C><cue ID="71" type="speculation"><W>or</W></cue></C><xcope ID="78"><ref COMMENTS="" ID="85" SRC="71"></ref><W>are</W><W>at</W><W>the</W><W>cusp</W><W>where</W><W>they</W><W>are</W><W>starting</W><W>to</W><W>have</W><W>doubts</W></xcope></xcope><W>,</W><W>much</W><W>like</W><W>The</W><W>Santa</W><W>Clause</W><W>was</W><W>for</W><W>my</W><W>older</W><W>daughter</W><W>(</W><W>who</W><W>opted</W><W>to</W><W>hang</W><W>out</W><W>with</W><W>her</W><W>friends</W><W>rather</W><W>than</W><W>go</W><W>to</W><W>the</W><W>theater</W><W>with</W><W>us</W><W>-</W><W>her</W><C><W>loss</W></C><W>)</W><W>.</W></SENTENCE></P><P></P><P><SENTENCE><W>This</W><W>is</W><W>a</W><W>fun</W><W>film</W><W>for</W><W>the</W><W>whole</W><W>family</W><W>to</W><W>enjoy</W><W>this</W><W>holiday</W><W>season</W><W>.</W></SENTENCE><SENTENCE><W>Its</W><W>got</W><W>some</W><W>terrific</W><W>laughs</W><W>.</W></SENTENCE><SENTENCE><W>Im</W><C><cue ID="72" type="negation"><W>not</W></cue></C><xcope ID="79"><ref COMMENTS="" ID="86" SRC="72"></ref><W>a</W><W>Will</W><W>Ferrell</W><W>fan</W><W>at</W><W>all</W></xcope><W>,</W><W>but</W><W>I</W><W>did</W><W>enjoy</W><W>this</W><W>movie</W><W>.</W></SENTENCE></P></DOCUMENT>
