<?xml version="1.0" encoding="UTF-8"?>
<DOCUMENT><P/><P><SENTENCE><W>This</W><W>movie</W><W>portrays</W><W>the</W><W>the</W><W>children</W><W>&apos;s</W><W>story</W><W>&quot;</W><W>The</W><W>Cat</W><W>in</W><W>the</W><W>Hat</W><W>&quot;</W><W>in</W><W>a</W><W>very</W><W>colorful</W><C><W>and</W></C><W>original</W><W>manner</W><W>.</W></SENTENCE><SENTENCE><W>The</W><W>children</W><W>are</W><W>adorable</W><C><W>and</W></C><W>the</W><W>cat</W><W>is</W><W>very</W><W>amusing</W><W>.</W></SENTENCE><SENTENCE><W>I</W><W>especially</W><W>enjoyed</W><W>thing</W><W>one</W><C><W>and</W></C><W>thing</W><W>two</W><W>,</W><W>with</W><W>their</W><W>over</W><W>the</W><W>wall</W><W>antics</W><W>.</W></SENTENCE><SENTENCE><W>This</W><W>is</W><W>a</W><W>truly</W><W>original</W><W>movie</W><W>,</W><W>which</W><W>brings</W><W>a</W><W>cartoon</W><W>to</W><W>life</W><W>.</W></SENTENCE></P></DOCUMENT>