<?xml version="1.0" encoding="UTF-8"?>
<DOCUMENT><P></P><P><SENTENCE><W>Plot</W><W>Details</W><W>:</W><W>This</W><W>opinion</W><W>reveals</W><W>minor</W><W>details</W><W>about</W><W>the</W><W>movie</W><W>&#39;</W><W>&#39;s</W><W>plot</W><W>.</W></SENTENCE></P><P></P><P><SENTENCE><W>I</W><W>&#39;ve</W><W>got</W><W>to</W><W>admit</W><W>that</W><W>the</W><W>first</W><W>time</W><W>I</W><W>saw</W><W>the</W><W>trailer</W><W>for</W><W>Calendar</W><W>Girls</W><W>I</W><cue ID="0" type="negation"><W>was</W><W>n&#39;t</W></cue><xcope ID="5"><ref ID="10" SRC="0"></ref><W>exactly</W><W>charged</W><W>with</W><W>anticipation</W></xcope><W>.</W></SENTENCE><SENTENCE><W>The</W><W>trailer</W><W>did</W><W>manage</W><W>to</W><W>make</W><W>the</W><W>film</W><W>look</W><W>fun</W><W>,</W><W>but</W><W>the</W><W>concept</W><W>strongly</W><W>reminded</W><W>me</W><W>of</W><W>The</W><W>Full</W><W>Monty</W><W>,</W><W>which</W><W>is</W><W>a</W><W>film</W><W>I</W><W>personally</W><W>found</W><W>a</W><W>little</W><W>overrated</W><W>.</W></SENTENCE><SENTENCE><C><cue ID="1" type="speculation"><W>If</W></cue></C><xcope COMMENTS="" ID="54"><ref COMMENTS="" ID="55" SRC="1"></ref><W>I</W><W>wanted</W><W>to</W><W>add</W><W>further</W><W>concerns</W><W>I</W><C><cue ID="2" type="speculation"><W>could</W></cue></C><xcope ID="7"><ref ID="12" SRC="2"></ref><W>tell</W><W>you</W><W>about</W><W>how</W><W>I</W><W>decided</W><W>to</W><W>search</W><W>Epinions</W><W>for</W><W>some</W><W>reviews</W><W>on</W><W>the</W><W>film</W></xcope></xcope><W>,</W><C><W>and</W></C><W>my</W><W>search</W><W>revealed</W><W>nothing</W><W>but</W><W>a</W><W>small</W><W>selection</W><W>of</W><W>more</W><W>,</W><W>adult</W><W>titles</W><W>.</W></SENTENCE><SENTENCE><W>Nevertheless</W><W>I</W><W>recognized</W><W>that</W><C><cue ID="3" type="negation"><W>not</W></cue></C><xcope ID="8"><ref ID="13" SRC="3"></ref><W>only</W><W>did</W><W>the</W><W>trailer</W><W>look</W><W>fun</W></xcope><W>,</W><W>but</W><W>I</W><W>had</W><W>been</W><W>pleasantly</W><W>surprised</W><W>by</W><W>another</W><W>British</W><W>comedy</W><W>that</W><cue ID="4" type="negation"><W>did</W><W>n&#39;t</W></cue><xcope ID="9"><ref COMMENTS="" ID="14" SRC="4"></ref><W>appeal</W><W>to</W><W>me</W></xcope><W>,</W><W>Bend</W><W>It</W><W>Like</W><W>Beckham</W><W>.</W></SENTENCE><SENTENCE><W>With</W><W>those</W><W>thoughts</W><W>running</W><W>through</W><W>my</W><W>mind</W><W>I</W><W>decided</W><W>to</W><W>throw</W><W>caution</W><W>to</W><W>the</W><W>wind</W><C><W>and</W></C><W>go</W><W>down</W><W>to</W><W>the</W><W>local</W><W>cinema</W><W>to</W><W>see</W><W>Calendar</W><W>Girls</W><W>.</W></SENTENCE></P><P></P><P><SENTENCE><W>I</W><W>&#39;m</W><W>glad</W><W>I</W><W>went</W><W>to</W><W>see</W><W>it</W><W>now</W><W>,</W><W>because</W><W>the</W><W>film</W><W>has</W><W>remained</W><W>just</W><W>that</W><W>.</W></SENTENCE><SENTENCE><W>Fun</W><W>!</W></SENTENCE><SENTENCE><W>It</W><W>tells</W><W>the</W><W>story</W><W>of</W><W>2</W><W>friends</W><W>named</W><W>Chris</W><C><W>and</W></C><W>Annie</W><W>who</W><W>are</W><W>members</W><W>of</W><W>their</W><W>local</W><W>Womens</W><W>Institute</W><W>,</W><W>but</W><W>when</W><W>Annie</W><W>&#39;s</W><W>husband</W><W>comes</W><W>down</W><W>with</W><W>Leukemia</W><W>their</W><W>lives</W><W>are</W><W>shattered</W><W>.</W></SENTENCE><SENTENCE><W>Before</W><W>he</W><W>died</W><W>he</W><W>wrote</W><W>a</W><W>poem</W><W>about</W><W>his</W><W>flowers</W><W>,</W><C><W>and</W></C><W>mentioned</W><W>how</W><W>flowers</W><W>are</W><W>like</W><W>Women</W><W>,</W><W>they</W><W>get</W><W>more</W><W>beautiful</W><W>with</W><W>age</W><W>(</W><W>note-this</W><W>does</W><C><cue ID="15" type="negation"><W>not</W></cue></C><xcope ID="20"><ref ID="24" SRC="15"></ref><W>necessarily</W><W>reflect</W><W>my</W><W>own</W><W>opinion</W></xcope><W>)</W><W>.</W></SENTENCE><SENTENCE><W>After</W><W>he</W><W>&#39;s</W><W>died</W><W>the</W><W>2</W><W>of</W><W>them</W><W>decide</W><W>to</W><W>try</W><C><W>and</W></C><W>raise</W><W>some</W><W>money</W><W>for</W><W>a</W><W>comfortable</W><W>sofa</W><W>in</W><W>the</W><W>hospital</W><W>waiting</W><W>room</W><W>so</W><W>that</W><W>other</W><W>grieving</W><W>families</W><C><cue ID="16" type="speculation"><W>can</W></cue></C><W>at</W><W>least</W><W>have</W><W>a</W><W>little</W><W>comfort</W><W>.</W></SENTENCE><SENTENCE><W>However</W><W>since</W><W>the</W><W>women</W><W>&#39;s</W><W>Institute</W><C><cue ID="17" type="negation"><W>never</W></cue></C><xcope ID="21"><ref ID="25" SRC="17"></ref><W>makes</W><W>money</W><W>off</W><W>their</W><W>sales</W><W>Chris</W><W>decides</W><W>to</W><W>try</W><W>a</W><W>different</W><W>approach</W></xcope><W>,</W><C><W>and</W></C><W>gets</W><W>a</W><W>few</W><W>of</W><W>the</W><W>other</W><W>members</W><W>to</W><W>join</W><W>her</W><W>in</W><W>making</W><W>a</W><W>nude</W><W>calendar</W><W>.</W></SENTENCE><SENTENCE><W>That</W><W>&#39;s</W><W>nude</W><W>,</W><C><cue ID="18" type="negation"><W>not</W></cue></C><xcope ID="22"><ref ID="26" SRC="18"></ref><W>naked</W></xcope><W>,</W><W>because</W><W>they</W><C><cue ID="19" type="speculation"><W>think</W></cue></C><xcope ID="23"><ref ID="27" SRC="19"></ref><W>that</W><W>as</W><W>long</W><W>as</W><W>they</W><W>keep</W><W>themselves</W><W>covered</W><W>behind</W><W>fruit</W><C><W>and</W></C><W>things</W><W>then</W><W>it</W><W>will</W><W>be</W><W>OK</W></xcope><W>.</W></SENTENCE><SENTENCE><W>Needless</W><W>to</W><W>say</W><W>the</W><W>Calendar</W><W>is</W><W>more</W><W>than</W><W>a</W><W>local</W><W>success</W><W>,</W><C><W>and</W></C><W>by</W><W>the</W><W>time</W><W>Hollywood</W><W>beckons</W><W>they</W><W>have</W><W>enough</W><W>money</W><W>to</W><W>buy</W><W>a</W><W>settee</W><C><W>and</W></C><W>still</W><W>donate</W><W>99</W><W>%</W><W>of</W><W>their</W><W>earnings</W><W>to</W><W>cancer</W><W>research</W><W>.</W></SENTENCE><SENTENCE><W>Yet</W><W>was</W><W>the</W><W>cost</W><W>worth</W><W>it</W><W>?</W></SENTENCE></P><P></P><P><SENTENCE><W>As</W><W>with</W><W>most</W><W>comedy</W><W>&#39;s</W><W>of</W><W>this</W><W>type</W><W>the</W><W>main</W><W>reason</W><W>is</W><W>succeeds</W><W>is</W><W>it</W><W>&#39;s</W><W>absolutely</W><W>charming</W><W>cast</W><W>.</W></SENTENCE><SENTENCE><W>The</W><W>2</W><W>main</W><W>characters</W><W>alone</W><W>are</W><W>played</W><W>by</W><W>award</W><W>winning</W><W>actresses</W><W>,</W><W>Chris</W><W>by</W><W>Helen</W><W>Mirran</W><W>(</W><W>The</W><W>Madness</W><W>Of</W><W>King</W><W>George</W><W>)</W><C><W>and</W></C><W>Annie</W><W>by</W><W>Julie</W><W>Walters</W><W>(</W><W>Educating</W><W>Rita</W><W>)</W><C><W>and</W></C><W>both</W><W>give</W><W>wonderful</W><W>performances</W><W>.</W></SENTENCE><SENTENCE><W>Mirran</W><W>absolutely</W><W>nails</W><W>the</W><W>role</W><W>of</W><W>the</W><W>fun</W><W>loving</W><W>Chris</W><W>who</W><W>has</W><W>to</W><W>remain</W><W>down</W><W>to</W><W>earth</W><W>for</W><W>the</W><W>sake</W><W>of</W><W>her</W><W>companions</W><W>.</W></SENTENCE><SENTENCE><W>Walters</W><W>gives</W><W>a</W><W>touching</W><W>performance</W><W>as</W><W>the</W><W>grieving</W><W>widow</W><W>determined</W><W>to</W><W>do</W><W>anything</W><W>to</W><W>make</W><W>money</W><W>for</W><W>others</W><W>in</W><W>her</W><W>situation</W><W>,</W><W>but</W><W>together</W><W>their</W><W>partnership</W><W>becomes</W><W>even</W><W>more</W><W>than</W><W>the</W><W>sum</W><W>of</W><W>it</W><W>&#39;s</W><W>parts</W><W>.</W></SENTENCE><SENTENCE><W>They</W><W>display</W><W>an</W><W>amazing</W><W>amount</W><W>of</W><W>chemistry</W><C><W>and</W></C><W>play</W><W>off</W><W>of</W><W>each</W><W>other</W><W>&#39;s</W><W>style</W><W>just</W><W>enough</W><W>to</W><W>keep</W><W>the</W><W>characters</W><W>believable</W><W>.</W></SENTENCE></P><P></P><P><SENTENCE><W>They</W><W>&#39;re</W><C><W>supported</W></C><W>well</W><W>by</W><W>an</W><W>absolutely</W><W>stellar</W><W>cast</W><W>though</W><W>.</W></SENTENCE><SENTENCE><W>The</W><W>cast</W><W>features</W><W>such</W><W>names</W><W>as</W><W>Penelope</W><W>Wilton</W><W>(</W><W>Carrington</W><W>)</W><W>Celia</W><W>Emrie</W><W>(</W><W>Bridgette</W><W>Jones</W><W>Diary</W><W>)</W><C><W>and</W></C><W>Ciaran</W><W>Hinds</W><W>(</W><W>Tomb</W><W>Raider</W><W>2</W><W>)</W><W>among</W><W>others</W><W>.</W></SENTENCE><SENTENCE><W>Yet</W><W>most</W><W>memorable</W><W>of</W><W>the</W><W>entire</W><W>cast</W><W>is</W><W>One</W><W>Foot</W><W>In</W><W>The</W><W>Grave</W><W>&#39;s</W><W>,</W><W>Annette</W><W>Crosbie</W><W>,</W><W>who</W><W>plays</W><W>Miss</W><W>September</W><W>,</W><W>Jerssie</W><W>.</W></SENTENCE><SENTENCE><W>I</W><W>remember</W><W>seeing</W><W>her</W><C><W>and</W></C><W>just</W><W>expecting</W><W>her</W><W>to</W><W>be</W><W>playing</W><W>an</W><W>uptight</W><W>,</W><W>prim</W><C><W>and</W></C><W>proper</W><W>lady</W><W>.</W></SENTENCE><SENTENCE><W>Especially</W><W>when</W><W>she</W><W>came</W><W>out</W><W>talking</W><W>with</W><W>one</W><W>of</W><W>the</W><W>most</W><W>believable</W><W>posh</W><W>English</W><W>accents</W><W>yet</W><W>filmed</W><W>.</W></SENTENCE><SENTENCE><W>However</W><W>this</W><W>confusion</W><W>was</W><W>the</W><W>cause</W><W>of</W><W>some</W><W>of</W><W>the</W><W>films</W><W>bigger</W><W>laughs</W><W>as</W><W>she</W><W>was</W><W>one</W><W>of</W><W>the</W><W>more</W><W>supportive</W><W>characters</W><W>.</W></SENTENCE></P><P></P><P><SENTENCE><W>Crosbie</W><C><W>and</W></C><W>the</W><W>other</W><W>actresses</W><cue ID="30" type="negation"><W>did</W><W>n&#39;t</W></cue><xcope COMMENTS="" ID="56"><ref COMMENTS="" ID="57" SRC="30"></ref><W>have</W><W>to</W><W>rely</W><W>on</W><W>just</W><W>themselves</W><W>though</W><W>because</W><W>they</W><W>had</W><W>the</W><C><W>support</W></C><W>of</W><W>some</W><W>good</W><W>writers</W></xcope><W>.</W></SENTENCE><SENTENCE><W>The</W><W>film</W><W>featured</W><W>quite</W><W>a</W><W>few</W><W>genuine</W><W>laugh</W><W>out</W><W>loud</W><W>moments</W><W>,</W><W>such</W><W>as</W><W>the</W><W>scene</W><W>where</W><W>Chris</W><W>&#39;s</W><W>son</W><C><W>and</W></C><W>his</W><W>friend</W><W>walk</W><W>in</W><W>whilst</W><W>she</W><W>&#39;s</W><W>demonstrating</W><W>the</W><W>modeling</W><W>.</W></SENTENCE><SENTENCE><W>That</W><C><W>and</W></C><W>other</W><W>jokes</W><W>had</W><W>the</W><W>audience</W><W>literally</W><W>roaring</W><W>with</W><W>laughter</W><W>.</W></SENTENCE><SENTENCE><W>Yet</W><W>what</W><W>I</W><W>liked</W><W>best</W><W>about</W><W>the</W><W>writing</W><W>was</W><C><cue ID="28" type="negation"><W>not</W></cue></C><xcope ID="33"><ref ID="36" SRC="28"></ref><W>the</W><W>jokes</W><W>themselves</W></xcope><W>,</W><W>but</W><W>with</W><W>the</W><W>way</W><W>the</W><W>material</W><W>was</W><W>handled</W><W>.</W></SENTENCE><SENTENCE><W>It</W><W>&#39;s</W><W>based</W><W>on</W><W>a</W><W>true</W><W>story</W><W>,</W><W>but</W><W>that</W><W>has</W><W>n&#39;t</W><W>prevented</W><W>historical</W><W>inaccuracies</W><W>in</W><W>the</W><W>past</W><W>,</W><C><W>and</W></C><W>whilst</W><W>I</W><cue ID="29" type="negation"><W>do</W><W>n&#39;t</W></cue><xcope ID="34"><ref COMMENTS="" ID="37" SRC="29"></ref><W>really</W><W>know</W><W>anything</W><W>about</W><W>what</W><W>really</W><W>happened</W></xcope><W>,</W><W>I</W><W>do</W><W>know</W><W>that</W><W>the</W><W>film</W><W>is</W><W>more</W><W>than</W><W>just</W><W>another</W><C><W>feel</W></C><W>good</W><W>comedy</W><W>.</W></SENTENCE><SENTENCE><W>It</W><W>actually</W><W>gets</W><W>the</W><W>whole</W><W>central</W><W>story</W><W>of</W><W>making</W><W>the</W><W>calendar</W><W>out</W><W>of</W><W>the</W><W>way</W><W>surprisingly</W><W>early</W><W>,</W><W>but</W><W>then</W><W>goes</W><W>on</W><W>to</W><W>examine</W><W>the</W><W>effects</W><W>that</W><W>modeling</W><W>nude</W><W>had</W><W>on</W><W>their</W><W>lives</W><W>.</W></SENTENCE><SENTENCE><W>Chris</W><W>&#39;s</W><W>teenage</W><W>son</W><W>feels</W><W>so</W><W>humiliated</W><W>by</W><W>the</W><W>calendar</W><W>that</W><W>he</W><W>turns</W><W>to</W><W>,</W><W>what</W><W>he</W><W>believes</W><W>are</W><W>drugs</W><W>;</W><C><W>and</W></C><W>another</W><W>of</W><W>the</W><W>women</W><W>arrives</W><W>home</W><W>to</W><W>find</W><W>her</W><W>husband</W><W>leaving</W><W>her</W><W>for</W><W>another</W><W>woman</W><W>.</W></SENTENCE><SENTENCE><W>Then</W><W>as</W><W>calendar</W><W>really</W><W>finds</W><W>success</W><W>they</W><W>find</W><W>themselves</W><W>being</W><W>exploited</W><W>by</W><W>people</W><W>who</W><W>have</W><W>come</W><W>to</W><C><W>expect</W></C><W>nudity</W><W>from</W><W>them</W><W>.</W></SENTENCE><SENTENCE><W>Throughout</W><W>the</W><W>film</W><W>the</W><W>material</W><W>was</W><W>sensitively</W><C><W>and</W></C><W>honestly</W><W>handled</W><W>in</W><W>this</W><W>same</W><W>manner</W><W>.</W></SENTENCE></P><P></P><P><SENTENCE><W>Before</W><W>I</W><W>finish</W><W>I</W><W>will</W><W>give</W><W>mention</W><W>to</W><W>the</W><W>films</W><W>nudity</W><W>.</W></SENTENCE><SENTENCE><W>It</W><W>&#39;s</W><xcope COMMENTS="" ID="60"><ref COMMENTS="" ID="61" SRC="39"></ref><C><cue ID="38" type="negation"><W>never</W></cue></C><W>strong</W></xcope><C><cue ID="39" type="speculation"><W>or</W></cue></C><xcope ID="47"><ref ID="55" SRC="39"></ref><W>prolonged</W></xcope><W>but</W><W>there</W><W>are</W><W>a</W><W>few</W><W>moments</W><W>of</W><W>nudity</W><W>in</W><W>the</W><W>film</W><W>that</W><W>will</W><C><cue ID="40" type="speculation"><W>likely</W></cue></C><xcope ID="48"><ref ID="57" SRC="40"></ref><W>earn</W><W>the</W><W>same</W><W>sort</W><W>of</W><W>childish</W><W>comments</W></xcope><W>as</W><W>Cathy</W><W>Bates</W><W>infamous</W><W>scene</W><W>in</W><W>About</W><W>Schmidt</W><W>.</W></SENTENCE><SENTENCE><W>I</W><W>&#39;ll</W><W>try</W><W>to</W><W>avoid</W><W>those</W><W>sort</W><W>of</W><W>comments</W><W>here</W><W>,</W><W>but</W><W>needless</W><W>to</W><W>say</W><W>there</W><W>will</W><C><cue ID="41" type="speculation"><W>likely</W></cue></C><xcope ID="50"><ref ID="58" SRC="41"></ref><W>be</W><W>some</W><W>going</W><W>in</W><W>who</W><W>wont</W><W>be</W><W>expecting</W><W>any</W><W>real</W><W>nudity</W></xcope><W>.</W></SENTENCE><SENTENCE><W>For</W><W>example</W><W>I</W><W>went</W><W>in</W><W>knowing</W><W>the</W><W>concept</W><C><W>and</W></C><W>was</W><W>hoping</W><W>that</W><W>the</W><W>nudity</W><C><cue ID="42" type="speculation"><W>would</W></cue></C><xcope ID="49"><ref ID="59" SRC="42"></ref><W>remain</W><W>what</W><W>you</W><W>see</W><W>in</W><W>the</W><W>photo</W><W>&#39;s</W></xcope><W>,</W><W>but</W><W>in</W><W>between</W><W>the</W><W>shoots</W><W>there</W><W>is</W><W>some</W><W>brief</W><W>nudity</W><W>,</W><C><W>and</W></C><W>the</W><W>shoots</W><W>themselves</W><W>get</W><W>a</W><W>little</W><W>close</W><W>to</W><W>the</W><W>bar</W><W>of</W><W>a</W><W>12</W><W>rated</W><W>movie</W><W>.</W></SENTENCE><SENTENCE><W>However</W><W>you</W><C><W>feel</W></C><W>about</W><W>nudity</W><W>in</W><W>films</W><W>,</W><W>it</W><W>&#39;s</W><C><cue ID="43" type="speculation"><W>unlikely</W></cue></C><xcope ID="51"><ref ID="60" SRC="43"></ref><W>that</W><W>many</W><W>people</W><W>will</W><W>actually</W><W>want</W><W>to</W><W>see</W><W>this</W></xcope><W>so</W><W>I</W><W>posted</W><W>this</W><W>little</W><W>warning</W><W>here</W><W>.</W></SENTENCE><SENTENCE><C><cue ID="44" type="speculation"><W>If</W></cue></C><xcope COMMENTS="" ID="65"><ref COMMENTS="" ID="68" SRC="44"></ref><W>you</W><cue COMMENTS="" ID="63" type="negation"><W>do</W><W>n&#39;t</W></cue><xcope COMMENTS="" ID="64"><ref COMMENTS="" ID="67" SRC="63"></ref><cue COMMENTS="" ID="62" type="speculation"><W>think</W></cue><xcope ID="53"><ref COMMENTS="" ID="66" SRC="62"></ref><W>you</W><W>&#39;ll</W><W>mind</W><W>some</W><W>mild</W><W>nudity</W><W>involving</W><W>older</W><W>ladies</W><W>though</W></xcope></xcope><W>,</W></xcope><W>then</W><W>Calendar</W><W>Girls</W><W>is</W><W>a</W><W>fun</W><W>,</W><W>well</W><W>acted</W><C><W>and</W></C><W>at</W><W>times</W><W>emotional</W><W>movie</W><W>that</W><W>&#39;s</W><W>worth</W><W>seeing</W><W>.</W></SENTENCE></P><P></P><P><SENTENCE><W>Calendar</W><W>Girls</W><W>is</W><W>rated</W><W>12A</W><W>,</W><W>for</W><W>mild</W><W>nudity</W><C><W>and</W></C><W>some</W><W>bad</W><W>language</W></SENTENCE></P></DOCUMENT>
