<?xml version="1.0" encoding="UTF-8"?>
<DOCUMENT><P></P><P><SENTENCE><W>Elf</W><W>is</W><W>the</W><W>story</W><W>of</W><W>a</W><W>human</W><W>who</W><W>wandered</W><W>into</W><W>Santa</W><W>&#39;s</W><W>bag</W><W>of</W><W>toys</W><W>while</W><W>he</W><W>was</W><W>visitng</W><W>a</W><W>orphanage</W><W>(</W><W>Will</W><W>Ferrell</W><W>)</W><W>.</W></SENTENCE><SENTENCE><W>He</W><W>then</W><W>grows</W><W>up</W><W>to</W><W>realize</W><W>that</W><W>he</W><W>is</W><C><cue ID="0" type="negation"><W>not</W></cue></C><xcope ID="5"><ref ID="8" SRC="0"></ref><W>an</W><W>elf</W></xcope><W>,</W><C><W>and</W></C><W>ventures</W><W>out</W><W>into</W><W>the</W><W>real</W><W>world</W><W>to</W><W>find</W><W>his</W><W>father</W><W>(</W><W>James</W><W>Caan</W><W>)</W><W>.</W></SENTENCE><SENTENCE><W>He</W><W>finds</W><W>him</W><W>,</W><C><W>and</W></C><W>at</W><W>first</W><W>is</W><C><cue ID="1" type="negation"><W>not</W></cue></C><xcope ID="4"><ref ID="9" SRC="1"></ref><W>accepted</W></xcope><W>.</W></SENTENCE><SENTENCE><W>However</W><W>,</W><W>their</W><W>relationship</W><W>grows</W><W>throughout</W><W>the</W><W>movie</W><C><W>and</W></C><W>it</W><W>a</W><W>great</W><W>story</W><W>,</W><W>with</W><W>humor</W><W>for</W><W>all</W><W>ages</W><W>.</W></SENTENCE></P><P></P><P><SENTENCE><W>Ferrell</W><W>&#39;s</W><W>comedy</W><W>,</W><W>both</W><W>physical</W><C><W>and</W></C><W>witty</W><W>,</W><W>is</W><W>enough</W><W>to</W><W>make</W><W>you</W><W>fall</W><W>out</W><W>of</W><W>your</W><W>seat</W><W>,</W><W>even</W><C><cue ID="2" type="speculation"><W>if</W></cue></C><xcope ID="6"><ref ID="10" SRC="2"></ref><W>you</W><W>are</W><W>sitting</W><W>on</W><W>the</W><W>floor</W></xcope><W>.</W></SENTENCE><SENTENCE><W>The</W><W>situations</W><W>he</W><W>gets</W><W>himself</W><W>into</W><W>by</W><W>his</W><W>curiousity</W><C><W>and</W></C><W>naiveness</W><W>are</W><W>endless</W><W>.</W></SENTENCE><SENTENCE><C><W>And</W></C><W>the</W><W>irony</W><W>of</W><W>those</W><W>situations</W><W>is</W><W>hilarious</W><W>.</W></SENTENCE><SENTENCE><W>I</W><C><cue ID="3" type="speculation"><W>can</W></cue></C><xcope ID="7"><ref ID="11" SRC="3"></ref><W>remember</W><W>at</W><W>least</W><W>10-15</W><W>distinct</W><W>times</W><W>when</W><W>the</W><W>whole</W><W>audience</W><W>sitting</W><W>in</W><W>the</W><W>theatre</W><W>laughed</W><W>out</W><W>loud</W></xcope><W>.</W></SENTENCE></P><P></P><P><SENTENCE><W>Although</W><W>a</W><W>comedy</W><W>,</W><W>this</W><W>movie</W><W>does</W><W>have</W><W>some</W><W>touching</W><W>moments</W><W>.</W></SENTENCE><SENTENCE><W>Heck</W><W>,</W><W>it</W><W>made</W><W>me</W><W>cry</W><W>.</W></SENTENCE><SENTENCE><C><cue ID="12" type="negation"><W>Not</W></cue></C><xcope ID="13"><ref ID="14" SRC="12"></ref><W>really</W><W>cry</W><W>like</W><W>big</W><W>time</W></xcope><W>,</W><W>but</W><W>a</W><W>tear</W><W>did</W><W>roll</W><W>down</W><W>my</W><W>cheek</W><W>,</W><W>in</W><W>more</W><W>than</W><W>one</W><W>place</W><W>.</W></SENTENCE><SENTENCE><W>The</W><W>funny</W><W>thing</W><W>is</W><W>,</W><W>it</W><W>was</W><W>two</W><W>different</W><W>emotions</W><W>.</W></SENTENCE><SENTENCE><W>One</W><W>was</W><W>sadness</W><W>,</W><C><W>and</W></C><W>the</W><W>other</W><W>was</W><W>happiness</W><W>.</W></SENTENCE><SENTENCE><W>Weird</W><W>,</W><W>is</W><W>n&#39;t</W><W>it</W><W>?</W></SENTENCE></P><P></P><P><SENTENCE><W>Anyway</W><W>,</W><W>I</W><W>give</W><W>this</W><W>movie</W><W>a</W><W>great</W><W>rating</W><W>for</W><W>its</W><W>ability</W><W>to</W><W>play</W><W>with</W><W>my</W><W>emotions</W><W>.</W></SENTENCE><SENTENCE><W>Laughter</W><W>,</W><W>happiness</W><W>,</W><W>sadness</W><W>,</W><C><W>and</W></C><W>,</W><W>yes</W><W>,</W><W>even</W><W>guilt</W><W>,</W><W>played</W><W>into</W><W>my</W><W>movie-watching</W><W>experience</W><W>when</W><W>I</W><W>payed</W><W>my</W><W>9</W><W>dollars</W><W>to</W><W>watch</W><W>Elf</W><W>.</W></SENTENCE><SENTENCE><W>Great</W><W>movie</W><W>.</W></SENTENCE></P></DOCUMENT>
