<?xml version="1.0" encoding="UTF-8"?>
<DOCUMENT><P/><P><SENTENCE><W>Plot</W><W>Details</W><W>:</W><W>This</W><W>opinion</W><W>reveals</W><C><cue ID="0" type="negation"><W>no</W></cue></C><xcope ID="5"><ref ID="9" SRC="0"/><W>details</W><W>about</W><W>the</W><W>movie</W><W>&apos;</W><W>&apos;s</W><W>plot</W><W>.</W></xcope></SENTENCE></P><P/><P><SENTENCE><W>As</W><W>the</W><W>parent</W><W>of</W><W>a</W><W>5</W><W>year</W><W>old</W><W>who</W><W>had</W><W>just</W><W>returned</W><W>from</W><W>a</W><W>one</W><W>week</W><W>vacation</W><W>at</W><W>Walt</W><W>Disney</W><W>World</W><W>,</W><W>the</W><W>inescapable</W><W>fact</W><W>was</W><W>that</W><W>we</W><W>WERE</W><W>going</W><W>to</W><W>see</W><W>this</W><W>movie</W><W>(unless</W><W>it</W><W>was</W><W>X-rated</W><W>due</W><W>to</W><W>full-frontal</W><W>nudity</W><W>,</W><W>etc.</W><W>)</W><C><cue ID="1" type="speculation"><W>whether</W></cue></C><xcope COMMENTS="" ID="47"><ref COMMENTS="" ID="48" SRC="1"/><xcope ID="6"><ref ID="11" SRC="2"/><W>we</W><W>adults</W><W>liked</W><W>it</W></xcope><C><cue ID="2" type="speculation"><W>or</W></cue></C><C><cue ID="3" type="negation"><xcope ID="7"><ref ID="12" SRC="2"/><W>not</W></xcope></cue></C></xcope><W>.</W></SENTENCE><SENTENCE><W>After</W><W>reading</W><W>some</W><W>of</W><W>the</W><W>critics</W><W>reviews</W><W>on</W><W>the</W><W>web</W><W>,</W><W>I</W><W>had</W><W>resigned</W><W>myself</W><W>that</W><W>this</W><C><cue ID="4" type="speculation"><W>would</W></cue></C><xcope ID="8"><ref ID="13" SRC="4"/><W>be</W><W>an</W><W>evening</W><W>of</W><W>altruistic</W><W>self-sacrifice</W><W>for</W><W>the</W><W>benefit</W><W>of</W><W>my</W><W>child</W></xcope><W>.</W></SENTENCE><SENTENCE><W>Boy</W><W>,</W><W>was</W><W>I</W><W>wrong</W><W>.</W></SENTENCE></P><P/><P><SENTENCE><W>The</W><W>atmosphere</W><W>of</W><W>the</W><W>movie</W><W>was</W><W>very</W><W>similar</W><W>to</W><W>the</W><W>Haunted</W><W>Mansion</W><W>ride</W><W>at</W><W>W.D.W.</W><W>,</W><W>yet</W><W>the</W><W>sets</W><W>were</W><W>even</W><W>more</W><W>elaborate</W><W>.</W></SENTENCE><SENTENCE><W>The</W><W>casting</W><W>was</W><W>more</W><W>than</W><W>adequate</W><W>.</W></SENTENCE><SENTENCE><W>Eddie</W><W>Murphy</W><W>has</W><W>found</W><W>a</W><W>new</W><W>niche</W><W>in</W><W>the</W><W>role</W><W>of</W><W>the</W><W>well-intentioned</W><W>,</W><W>somewhat</W><W>misguided</W><W>father</W><W>,</W><W>similar</W><W>to</W><W>that</W><W>he</W><W>portrayed</W><W>in</W><W>Daddy</W><W>Day</W><W>Care</W><W>.</W></SENTENCE><SENTENCE><W>The</W><W>rest</W><W>of</W><W>the</W><W>cast</W><W>was</W><W>credible</W><W>,</W><W>with</W><W>the</W><W>most</W><W>noteworthy</W><W>performance</W><W>from</W><W>Terence</W><W>Stamp</W><W>as</W><W>the</W><W>creepy</W><W>butler</W><W>.</W></SENTENCE><SENTENCE><W>Despite</W><W>rumors</W><W>to</W><W>the</W><W>contrary</W><W>,</W><W>there</W><W>actually</W><W>was</W><W>a</W><W>decent</W><W>plot</W><W>.</W></SENTENCE><SENTENCE><W>The</W><W>special</W><W>effects</W><W>were</W><W>flawless</W><C><W>and</W></C><W>sometimes</W><W>subtle</W><W>.</W></SENTENCE><SENTENCE><W>This</W><W>is</W><C><cue ID="14" type="negation"><W>not</W></cue></C><xcope ID="18"><ref ID="22" SRC="14"/><W>the</W><W>usual</W><W>in-your-face</W><W>CGI</W><W>tour-de-force</W><W>Hollywood</W><W>product</W></xcope><W>.</W></SENTENCE><SENTENCE><W>It</W><W>was</W><W>a</W><W>little</W><W>scarier</W><W>than</W><W>I</W><C><W>expected</W></C><W>,</W><W>but</W><W>it</W><W>was</W><C><cue ID="15" type="negation"><W>not</W></cue></C><xcope ID="19"><ref ID="23" SRC="15"/><W>too</W><W>scary</W><W>for</W><W>my</W><W>5</W><W>year</W><W>old</W></xcope><W>.</W></SENTENCE><SENTENCE><W>There</W><W>was</W><W>some</W><W>mild</W><W>swearing</W><W>,</W><W>but</W><cue ID="16" type="negation"><W>nothing</W></cue><xcope ID="20"><ref COMMENTS="" ID="24" SRC="16"/><W>that</W><W>a</W><W>kid</W></xcope><cue ID="17" type="negation"><W>does</W><W>n&apos;t</W></cue><xcope ID="21"><ref COMMENTS="" ID="25" SRC="17"/><W>hear</W><W>on</W><W>T.V.</W><W>these</W><W>days</W></xcope><W>.</W></SENTENCE><SENTENCE><W>Our</W><W>whole</W><W>family</W><W>enjoyed</W><W>it</W><W>,</W><C><W>and</W></C><W>we</W><W>all</W><W>want</W><W>to</W><W>see</W><W>it</W><W>again</W><W>.</W></SENTENCE></P><P/><P><SENTENCE><W>I</W><C><cue ID="26" type="speculation"><W>think</W></cue></C><xcope ID="36"><ref COMMENTS="" ID="46" SRC="26"/><W>that</W><W>many</W><W>of</W><W>the</W><W>unfavorable</W><W>reviews</W><W>this</W><W>movie</W><W>has</W><W>received</W><W>have</W><W>come</W><W>from</W><W>those</W><W>who</W><W>have</W><W>had</W><W>inappropriate</W><W>expectations</W></xcope><C><W>and</W></C><W>have</W><W>prejudged</W><W>the</W><W>type</W><W>of</W><W>movie</W><W>they</W><C><cue ID="27" type="speculation"><W>expect</W></cue></C><xcope ID="37"><ref COMMENTS="" ID="47" SRC="27"/><W>it</W><W>to</W><W>be</W></xcope><W>.</W></SENTENCE><SENTENCE><W>This</W><W>movie</W><W>is</W><C><cue ID="28" type="negation"><W>not</W></cue></C><xcope ID="38"><ref COMMENTS="" ID="48" SRC="28"/><W>a</W><W>comedy</W><W>just</W><W>because</W><W>it</W><W>has</W><W>Eddie</W><W>Murphy</W><W>in</W><W>it</W></xcope><W>,</W><C><W>and</W></C><W>it</W><W>is</W><C><cue ID="29" type="negation"><W>not</W></cue></C><xcope ID="39"><ref ID="49" SRC="29"/><W>a</W><W>horror</W><W>movie</W><W>just</W><W>because</W><W>of</W><W>the</W><W>subject</W><W>matter</W></xcope><W>.</W></SENTENCE><SENTENCE><W>One</W><C><cue ID="30" type="speculation"><W>could</W></cue></C><xcope ID="40"><ref COMMENTS="" ID="50" SRC="30"/><W>say</W><W>that</W><W>it</W><W>suffers</W><W>from</W><W>typecasting</W></xcope><W>.</W></SENTENCE><SENTENCE><W>I</W><W>personally</W><cue ID="31" type="negation"><W>do</W><W>n&apos;t</W></cue><xcope ID="41"><ref COMMENTS="" ID="46" SRC="31"/><W>want</W><W>to</W><W>take</W><W>my</W><W>five</W><W>year</W><W>old</W><W>to</W><W>a</W><W>&quot;real</W><W>&quot;</W><W>Eddie</W><W>Murphy</W><W>comedy</W></xcope><C><cue ID="32" type="speculation"><W>or</W></cue></C><xcope ID="42"><ref COMMENTS="" ID="52" SRC="32"/><W>a</W><W>&quot;real</W><W>&quot;</W><W>horror</W><W>movie</W></xcope><W>.</W></SENTENCE><SENTENCE><C><cue ID="33" type="speculation"><W>If</W></cue></C><xcope ID="43"><ref COMMENTS="" ID="54" SRC="33"/><W>you</W><W>are</W><W>looking</W><W>for</W><W>what</W><W>passes</W><W>today</W><W>for</W><W>&quot;wholesome</W><W>family</W><W>entertainment&quot;</W></xcope><W>,</W><W>a</W><W>movie</W><W>that</W><W>will</W><W>entertain</W><W>your</W><W>youngster</W><C><cue ID="34" type="negation"><W>without</W></cue></C><xcope ID="44"><ref COMMENTS="" ID="55" SRC="34"/><W>teaching</W><W>him</W><W>a</W><W>new</W><W>vocabulary</W></xcope><W>,</W><W>as</W><W>well</W><W>as</W><C><cue ID="35" type="negation"><W>not</W></cue></C><xcope ID="45"><ref COMMENTS="" ID="56" SRC="35"/><W>boring</W><W>you</W><W>to</W><W>tears</W></xcope><W>,</W><W>then</W><W>this</W><W>is</W><W>the</W><W>movie</W><W>for</W><W>you</W><W>.</W></SENTENCE></P></DOCUMENT>