<?xml version="1.0" encoding="UTF-8"?>
<DOCUMENT><P></P><P><SENTENCE><W>Plot</W><W>Details</W><W>:</W><W>This</W><W>opinion</W><W>reveals</W><C><cue ID="0" type="negation"><W>no</W></cue></C><xcope ID="1"><ref COMMENTS="" ID="2" SRC="0"></ref><W>details</W><W>about</W><W>the</W><W>movie</W><W>&#39;</W><W>&#39;s</W><W>plot</W></xcope><W>.</W></SENTENCE></P><P></P><P><SENTENCE><W>I</W><W>drag</W><W>my</W><W>friends</W><W>to</W><W>see</W><W>Gothika</W><W>,</W><W>why</W><W>?</W></SENTENCE><SENTENCE><W>Because</W><W>I</W><W>am</W><W>a</W><W>person</W><W>who</W><W>loves</W><W>horror</W><W>films--all</W><W>types</W><C><W>and</W></C><W>the</W><W>previews</W><W>looked</W><W>enticing</W><W>enough</W><W>.</W></SENTENCE><SENTENCE><W>So</W><W>off</W><W>we</W><W>went</W><W>to</W><W>see</W><W>the</W><W>film</W><W>,</W><C><W>and</W></C><W>overall</W><W>,</W><W>I</W><W>was</W><W>impressed</W><W>.</W></SENTENCE></P><P></P><P><SENTENCE><W>The</W><W>videography</W><W>of</W><W>the</W><W>film</W><W>was</W><W>great</W><W>.</W></SENTENCE><SENTENCE><W>Camera</W><W>direction</W><W>,</W><W>eery</W><W>set</W><W>,</W><W>but</W><W>I</W><C><cue ID="3" type="speculation"><W>think</W></cue></C><xcope ID="9"><ref ID="14" SRC="3"></ref><W>what</W><W>made</W><W>this</W><W>film</W><W>was</W><W>the</W><W>music</W></xcope><W>.</W></SENTENCE><SENTENCE><W>Yes</W><W>,</W><xcope COMMENTS="" ID="53"><ref COMMENTS="" ID="55" SRC="5"></ref><C><cue ID="4" type="speculation"><W>believe</W></cue></C><W>it</W></xcope><C><cue ID="5" type="speculation"><W>or</W></cue></C><C><cue ID="6" type="negation"><xcope COMMENTS="" ID="50"><ref COMMENTS="" ID="54" SRC="5"></ref><W>not</W></xcope></cue></C><W>,</W><W>had</W><W>the</W><W>music</W><C><cue ID="7" type="negation"><W>not</W></cue></C><xcope ID="11"><ref ID="17" SRC="7"></ref><W>been</W><W>suspenseful</W></xcope><C><W>and</W></C><W>skillfully</W><W>placed</W><W>at</W><W>scenes</W><W>where</W><W>the</W><W>audience</W><W>got</W><W>tense</W><W>,</W><W>then</W><W>this</W><W>film</W><C><cue ID="12" type="speculation"><W>would</W></cue></C><xcope ID="13"><ref ID="16" SRC="12"></ref><W>have</W><W>been</W><W>a</W><W>flop</W></xcope><W>.</W></SENTENCE><SENTENCE><W>The</W><W>music</W><W>added</W><W>such</W><W>intensity</W><W>,</W><W>it</W><W>was</W><W>similar</W><W>to</W><W>what</W><W>made</W><W>Friday</W><W>the</W><W>13th</W><W>films</W><W>memorable</W><W>.</W></SENTENCE></P><P></P><P><SENTENCE><W>Another</W><W>thing</W><W>that</W><W>was</W><W>great</W><W>was</W><W>the</W><W>acting</W><W>.</W></SENTENCE><SENTENCE><W>Well</W><W>,</W><W>I</W><W>am</W><W>usually</W><C><cue ID="8" type="negation"><W>never</W></cue></C><xcope ID="22"><ref ID="23" SRC="8"></ref><W>disappointed</W><W>with</W><W>Halle</W><W>&#39;s</W><W>acting</W></xcope><W>,</W><W>she</W><W>is</W><W>extremely</W><W>good</W><W>.</W></SENTENCE><SENTENCE><W>But</W><W>I</W><W>was</W><W>quite</W><W>shock</W><W>to</W><W>see</W><W>her</W><W>play</W><W>such</W><W>a</W><W>role</W><W>that</W><W>was</W><W>different</W><W>that</W><W>her</W><W>usual</W><W>roles</W><W>.</W></SENTENCE><SENTENCE><W>It</W><W>was</W><W>great</W><W>!</W></SENTENCE><SENTENCE><W>She</W><W>fell</W><W>so</W><W>many</W><W>times</W><W>during</W><W>the</W><W>movie</W><W>that</W><W>I</W><W>know</W><W>realize</W><W>how</W><W>she</W><W>broke</W><W>her</W><W>arm</W><W>on</W><W>the</W><W>set</W><W>.</W></SENTENCE></P><P></P><P><SENTENCE><W>What</W><W>was</W><C><cue ID="24" type="negation"><W>not</W></cue></C><xcope ID="32"><ref ID="38" SRC="24"></ref><W>so</W><W>great</W><W>about</W><W>the</W><W>movie</W><W>was</W><W>that</W><W>there</W><W>were</W><W>gaps</W><W>in</W><W>the</W><W>plot</W></xcope><W>.</W></SENTENCE><SENTENCE><W>I</W><C><cue ID="25" type="speculation"><W>would</W></cue></C><xcope ID="33"><ref ID="39" SRC="25"></ref><W>like</W><W>to</W><W>see</W><W>more</W><W>character</W><W>establishment</W></xcope><W>.</W></SENTENCE><SENTENCE><W>Plus</W><W>,</W><W>the</W><W>role</W><W>that</W><W>Downey</W><W>Jr.</W><W>played</W><W>was</W><W>a</W><W>little</W><xcope COMMENTS="" ID="56"><ref COMMENTS="" ID="57" SRC="26"></ref><W>unclear--was</W><W>he</W><W>an</W><W>obstacle</W></xcope><C><cue ID="26" type="speculation"><W>or</W></cue></C><C><cue ID="27" type="negation"><xcope ID="41"><ref ID="42" SRC="26"></ref><W>not</W></xcope></cue></C><W>?</W></SENTENCE><SENTENCE><W>Also</W><W>,</W><W>how</W><W>did</W><W>Halle</W><W>get</W><W>off</W><W>from</W><W>murdering</W><W>a</W><W>man</W><W>?</W></SENTENCE><SENTENCE><W>These</W><W>questions</W><W>were</W><C><cue ID="28" type="negation"><W>not</W></cue></C><xcope ID="35"><ref ID="43" SRC="28"></ref><W>really</W><W>answered</W></xcope><W>.</W></SENTENCE></P><P></P><P><SENTENCE><W>The</W><C><W>idea</W></C><W>of</W><W>the</W><W>film</W><W>is</W><C><cue ID="29" type="negation"><W>not</W></cue></C><xcope ID="36"><ref ID="44" SRC="29"></ref><W>new</W></xcope><C><cue ID="30" type="negation"><ref COMMENTS="" ID="58" SRC="36"></ref><W>either</W></cue></C><W>.</W></SENTENCE><SENTENCE><W>It</W><W>was</W><W>like</W><W>a</W><W>different</W><W>version</W><W>of</W><W>the</W><W>Sixth</W><W>Sense</W><W>,</W><W>but</W><W>in</W><W>a</W><W>more</W><W>perverse</W><W>way</W><W>.</W></SENTENCE><SENTENCE><W>However</W><W>,</W><W>I</W><W>forgive</W><W>that</W><W>because</W><W>it</W><C><cue ID="31" type="speculation"><W>seemed</W></cue></C><xcope ID="37"><ref ID="45" SRC="31"></ref><W>to</W><W>work</W><W>out</W><W>at</W><W>the</W><W>end</W></xcope><W>.</W></SENTENCE></P><P></P><P><SENTENCE><W>Overall</W><W>,</W><W>I</W><C><cue ID="46" type="speculation"><W>would</W></cue></C><xcope ID="48"><ref ID="50" SRC="46"></ref><W>recommend</W><W>this</W><W>movie</W><W>to</W><W>people</W><W>who</W><W>loves</W><W>to</W><W>go</W><W>out</W><W>on</W><W>dates</W></xcope><W>,</W><W>because</W><C><cue ID="47" type="speculation"><W>if</W></cue></C><xcope ID="49"><ref COMMENTS="" ID="51" SRC="47"></ref><W>she</W><W>is</W><W>as</W><W>squeamish</W><W>as</W><W>I</W></xcope><W>,</W><W>you</W><W>will</W><W>be</W><W>in</W><W>for</W><W>a</W><W>treat</W><W>.</W></SENTENCE></P></DOCUMENT>
