<?xml version="1.0" encoding="UTF-8"?>
<DOCUMENT><P></P><P><SENTENCE><W>Plot</W><W>Details</W><W>:</W><W>This</W><W>opinion</W><W>reveals</W><W>minor</W><W>details</W><W>about</W><W>the</W><W>movie</W><W>&#39;</W><W>&#39;s</W><W>plot</W><W>.</W></SENTENCE></P><P></P><P><SENTENCE><xcope ID="75"><ref COMMENTS="" ID="76" SRC="0"></ref><W>Christmas</W></xcope><C><cue ID="0" type="speculation"><W>seems</W></cue></C><xcope ID="5"><ref COMMENTS="" ID="10" SRC="0"></ref><W>to</W><W>be</W><W>arriving</W><W>earlier</W><W>every</W><W>year</W></xcope><W>.</W></SENTENCE><SENTENCE><W>Halloween</W><C><W>and</W></C><W>Thanksgiving</W><W>are</W><W>now</W><W>the</W><W>forgotten</W><W>holidays</W><W>as</W><W>stores</W><C><W>and</W></C><W>businesses</W><W>strum</W><W>up</W><W>garland</W><C><W>and</W></C><W>other</W><W>holiday</W><W>decorations</W><W>in</W><W>order</W><W>to</W><W>prepare</W><W>for</W><W>the</W><W>hopefully</W><W>fruitful</W><W>shopping</W><W>season</W><W>ahead</W><W>.</W></SENTENCE><SENTENCE><W>The</W><W>movie</W><W>industry</W><C><cue ID="1" type="speculation"><W>must</W></cue></C><xcope ID="6"><ref COMMENTS="" ID="11" SRC="1"></ref><W>be</W><W>thinking</W><W>the</W><W>same</W><W>thing</W><W>starting</W><W>this</W><W>year</W></xcope><W>especially</W><W>after</W><W>the</W><W>success</W><W>of</W><W>last</W><W>years</W><W>The</W><W>Santa</W><W>Clause</W><W>2</W><W>,</W><W>which</W><W>opened</W><W>the</W><W>first</W><W>weekend</W><W>of</W><W>November</W><W>to</W><W>nearly</W><W>$</W><W>30</W><W>million</W><W>.</W></SENTENCE><SENTENCE><W>New</W><W>Line</W><W>offers</W><W>up</W><W>their</W><W>pre-holiday</W><W>treat</W><W>entitled</W><W>Elf</W><W>,</W><W>which</W><W>features</W><W>the</W><W>former</W><W>Saturday</W><W>Night</W><W>Live</W><W>comedian</W><W>Will</W><W>Ferrell</W><W>,</W><W>who</W><W>has</W><W>recently</W><W>become</W><W>a</W><W>new</W><W>rising</W><W>star</W><W>in</W><W>Hollywood</W><W>.</W></SENTENCE><SENTENCE><W>After</W><W>the</W><W>dismal</W><W>first</W><W>half</W><W>of</W><W>the</W><W>year</W><W>with</W><W>flops</W><W>like</W><W>A</W><W>Man</W><W>Apart</W><C><W>and</W></C><W>The</W><W>Real</W><W>Cancun</W><W>,</W><W>the</W><W>studio</W><W>bounced</W><W>back</W><W>in</W><W>the</W><W>second</W><W>half</W><W>with</W><W>Freddy</W><W>vs.</W><W>Jason</W><W>,</W><W>Secondhand</W><W>Lions</W><W>,</W><C><W>and</W></C><W>The</W><W>Texas</W><W>Chainsaw</W><W>Massacre</W><C><W>and</W></C><W>hopes</W><W>to</W><W>continue</W><W>the</W><W>trend</W><W>until</W><W>their</W><W>mega-success</W><W>The</W><W>Return</W><W>of</W><W>the</W><W>King</W><W>opens</W><W>near</W><W>Christmas</W><W>.</W></SENTENCE><SENTENCE><C><cue ID="2" type="speculation"><W>Can</W></cue></C><xcope ID="7"><ref COMMENTS="" ID="12" SRC="2"></ref><W>Elf</W><W>do</W><W>that</W></xcope><W>?</W></SENTENCE><SENTENCE><C><cue ID="3" type="speculation"><W>If</W></cue></C><xcope ID="8"><ref COMMENTS="" ID="13" SRC="3"></ref><W>it</W><W>s</W><W>anything</W><W>like</W><W>The</W><W>Santa</W><W>Clause</W><W>2</W></xcope><W>,</W><W>it</W><W>easily</W><C><cue ID="4" type="speculation"><W>could</W></cue></C><xcope ID="9"><ref COMMENTS="" ID="14" SRC="4"></ref><W>but</W><W>the</W><W>Ferrells</W><W>comedy</W><W>faces</W><W>a</W><W>lot</W><W>more</W><W>competition</W><W>then</W><W>Allens</W><W>did</W></xcope><W>.</W></SENTENCE><SENTENCE><C><cue COMMENTS="" ID="15" type="negation"><W>Not</W></cue></C><xcope ID="16"><ref COMMENTS="" ID="17" SRC="15"></ref><W>only</W><W>does</W><W>the</W><W>film</W><W>open</W><W>up</W><W>against</W><W>The</W><W>Matrix</W><W>Revolutions</W></xcope><W>,</W><W>the</W><W>yuletide</W><W>feature</W><W>goes</W><W>head</W><W>to</W><W>head</W><W>with</W><W>the</W><W>highly</W><W>publicized</W><W>The</W><W>Cat</W><W>in</W><W>the</W><W>Hat</W><C><W>and</W></C><W>Disneys</W><W>The</W><W>Haunted</W><W>Mansion</W><W>later</W><W>this</W><W>month</W><W>.</W></SENTENCE><SENTENCE><W>Until</W><W>then</W><W>the</W><W>film</W><W>will</W><W>have</W><W>to</W><W>build</W><W>up</W><W>pretty</W><W>good</W><W>word</W><W>of</W><W>mouth</W><W>for</W><W>it</W><W>to</W><W>still</W><W>hear</W><W>cash</W><W>registers</W><W>ringing</W><W>come</W><W>Christmas</W><W>Day</W><W>,</W><W>let</W><W>alone</W><W>Thanksgiving</W><W>.</W></SENTENCE></P><P></P><P><SENTENCE><W>The</W><W>story</W><W>focuses</W><W>a</W><W>larger</W><W>then</W><W>usual</W><W>elf</W><W>who</W><W>learns</W><W>he</W><W>is</W><W>actually</W><W>a</W><W>human</W><C><W>and</W></C><W>travels</W><W>to</W><W>New</W><W>York</W><W>City</W><W>to</W><W>find</W><W>his</W><W>father</W><W>.</W></SENTENCE><SENTENCE><W>Up</W><W>at</W><W>the</W><W>North</W><W>Pole</W><W>,</W><W>elves</W><W>are</W><W>busy</W><W>getting</W><W>ready</W><W>for</W><W>Christmas</W><W>but</W><W>there</W><W>is</W><W>one</W><W>elf</W><W>that</W><W>is</W><W>learning</W><W>that</W><W>he</W><cue ID="18" type="negation"><W>does</W><W>nt</W></cue><xcope ID="24"><ref COMMENTS="" ID="30" SRC="18"></ref><W>quite</W><W>fit</W><W>in</W></xcope><W>.</W></SENTENCE><SENTENCE><W>Buddy</W><W>is</W><C><cue ID="19" type="negation"><W>not</W></cue></C><xcope ID="25"><ref ID="31" SRC="19"></ref><W>the</W><W>typical</W><W>elf</W></xcope><W>,</W><W>his</W><W>large</W><W>size</W><W>being</W><W>the</W><W>biggest</W><W>factor</W><W>.</W></SENTENCE><SENTENCE><W>He</W><W>eventually</W><W>finds</W><W>out</W><W>from</W><W>his</W><W>adoptive</W><W>father</W><W>that</W><W>he</W><W>is</W><W>actually</W><W>a</W><W>human</W><W>that</W><W>as</W><W>an</W><W>orphan</W><W>baby</W><W>climbed</W><W>into</W><W>Santas</W><W>gift</W><W>bag</W><W>one</W><W>Christmas</W><W>Eve</W><C><W>and</W></C><W>found</W><W>his</W><W>way</W><W>to</W><W>Santas</W><W>Workshop</W><W>.</W></SENTENCE><SENTENCE><W>After</W><W>learning</W><W>his</W><W>true</W><W>origin</W><W>,</W><W>Buddy</W><W>travels</W><W>to</W><W>New</W><W>York</W><W>City</W><W>to</W><W>meet</W><W>his</W><W>father</W><C><W>and</W></C><W>be</W><W>part</W><W>of</W><W>a</W><W>real</W><W>family</W><W>.</W></SENTENCE><SENTENCE><W>But</W><W>this</W><W>is</W><W>easier</W><W>said</W><W>then</W><W>done</W><W>as</W><W>his</W><W>father</W><W>is</W><W>a</W><W>real</W><W>Scrooge</W><C><W>and</W></C><W>is</W><W>prominently</W><W>found</W><W>on</W><W>the</W><W>naughty</W><W>list</W><W>.</W></SENTENCE><SENTENCE><W>Buddy</W><W>,</W><W>who</W><W>has</W><C><cue ID="20" type="negation"><W>never</W></cue></C><xcope ID="26"><ref ID="32" SRC="20"></ref><W>been</W><W>to</W><W>the</W><W>human</W><W>world</W></xcope><W>,</W><W>is</W><W>unfamiliar</W><W>with</W><W>many</W><W>of</W><W>the</W><W>things</W><W>we</W><W>are</W><W>accustomed</W><W>to</W><W>like</W><W>revolving</W><W>doors</W><C><W>and</W></C><W>food</W><W>products</W><W>that</W><cue ID="21" type="negation"><W>dont</W></cue><xcope ID="27"><ref COMMENTS="" ID="33" SRC="21"></ref><W>include</W><W>sugar</W></xcope><W>.</W></SENTENCE><SENTENCE><W>The</W><W>unusually</W><W>happy</W><W>elf</W><C><cue ID="22" type="speculation"><W>must</W></cue></C><xcope ID="28"><ref ID="34" SRC="22"></ref><W>find</W><W>a</W><W>way</W><W>to</W><W>change</W><W>his</W><W>fathers</W><W>workaholic</W><W>attitude</W></xcope><C><W>and</W></C><W>help</W><W>his</W><W>new</W><W>family</W><W>find</W><W>the</W><W>true</W><W>Christmas</W><W>spirit</W><W>.</W></SENTENCE><SENTENCE><W>The</W><W>story</W><W>for</W><W>Elf</W><W>,</W><W>though</W><W>on</W><W>the</W><W>predictable</W><W>side</W><W>especially</W><W>as</W><W>the</W><W>feature</W><W>starts</W><W>to</W><W>wind</W><W>down</W><W>,</W><W>works</W><W>surprisingly</W><W>well</W><W>.</W></SENTENCE><SENTENCE><W>This</W><W>happens</W><W>mostly</W><W>in</W><W>part</W><W>to</W><W>Ferrells</W><W>performance</W><W>but</W><W>there</W><W>are</W><W>also</W><W>plenty</W><W>of</W><W>moments</W><W>that</W><W>come</W><W>off</W><W>as</W><W>hilarious</W><W>even</W><C><cue ID="23" type="negation"><W>without</W></cue></C><xcope ID="29"><ref COMMENTS="" ID="35" SRC="23"></ref><W>the</W><W>lead</W><W>star</W></xcope><W>.</W></SENTENCE></P><P></P><P><SENTENCE><W>Though</W><W>the</W><W>feature</W><cue ID="36" type="negation"><W>does</W><W>nt</W></cue><xcope ID="42"><ref ID="47" SRC="36"></ref><W>have</W><W>an</W><W>exceptionally</W><W>large</W><W>cast</W></xcope><W>,</W><W>the</W><W>film</W><cue ID="37" type="negation"><W>does</W><W>nt</W></cue><xcope ID="43"><ref ID="48" SRC="37"></ref><W>have</W><W>to</W><W>with</W><W>some</W><W>lead</W><W>characters</W><W>picking</W><W>up</W><W>any</W><W>slack</W><W>left</W><W>over</W><W>by</W><W>that</W></xcope><W>.</W></SENTENCE><SENTENCE><W>Will</W><W>Ferrell</W><W>,</W><W>who</W><W>was</W><W>featured</W><W>earlier</W><W>this</W><W>year</W><W>in</W><W>the</W><W>hit</W><W>comedy</W><W>Old</W><W>School</W><W>,</W><W>once</W><W>again</W><W>proves</W><W>he</W><W>has</W><W>as</W><W>much</W><W>comedic</W><W>timing</W><C><W>and</W></C><W>talent</W><W>as</W><W>he</W><W>ever</W><W>did</W><W>on</W><W>Saturday</W><W>Night</W><W>Live</W><C><W>and</W></C><C><cue ID="38" type="speculation"><W>probably</W></cue></C><xcope ID="44"><ref ID="49" SRC="38"></ref><W>even</W><W>more</W><W>so</W></xcope><W>.</W></SENTENCE><SENTENCE><W>Ferrell</W><W>is</W><W>able</W><W>to</W><W>make</W><W>Buddy</W><W>the</W><W>elf</W><W>both</W><W>lovable</W><C><W>and</W></C><W>hilarious</W><C><cue ID="39" type="speculation"><W>without</W></cue></C><xcope ID="45"><ref ID="50" SRC="39"></ref><W>pushing</W><W>the</W><W>personality</W><W>of</W><W>the</W><W>character</W><W>too</W><W>far</W><W>as</W><W>to</W><W>make</W><W>him</W><W>annoying</W><C><W>and</W></C><W>pathetic</W></xcope><W>.</W></SENTENCE><SENTENCE><W>James</W><W>Caan</W><W>,</W><W>who</W><W>takes</W><W>on</W><W>the</W><W>role</W><W>of</W><W>Buddys</W><W>real</W><W>father</W><W>,</W><W>has</W><W>the</W><W>grizzly</W><W>workaholic</W><W>business</W><W>man</W><W>down</W><W>pat</W><W>.</W></SENTENCE><SENTENCE><W>The</W><W>only</W><W>problem</W><W>lied</W><C><cue ID="40" type="negation"><W>not</W></cue></C><W>with</W><W>Caans</W><W>performance</W><W>but</W><W>the</W><W>character</W><W>itself</W><W>in</W><W>how</W><W>quickly</W><W>the</W><W>character</W><W>changed</W><W>his</W><W>attitude</W><W>at</W><W>the</W><W>end</W><C><cue ID="41" type="negation"><W>without</W></cue></C><xcope ID="46"><ref ID="51" SRC="41"></ref><W>really</W><W>having</W><W>a</W><W>change-of-heart</W><W>experience</W></xcope><W>.</W></SENTENCE><SENTENCE><C><W>And</W></C><W>a</W><W>big</W><W>highlight</W><W>came</W><W>from</W><W>the</W><W>performance</W><W>of</W><W>legendary</W><W>comedian</W><W>Bob</W><W>Newhart</W><W>as</W><W>Buddys</W><W>adoptive</W><W>father</W><W>.</W></SENTENCE><SENTENCE><W>Newhart</W><W>looks</W><W>like</W><W>he</W><W>had</W><W>a</W><W>lot</W><W>of</W><W>fun</W><W>with</W><W>this</W><W>role</W><C><W>and</W></C><W>gives</W><W>a</W><W>delightful</W><W>performance</W><W>that</W><W>many</W><W>will</W><W>remember</W><W>despite</W><W>being</W><W>only</W><W>a</W><W>supporting</W><W>character</W><W>rather</W><W>then</W><W>a</W><W>lead</W><W>.</W></SENTENCE></P><P></P><P><SENTENCE><W>Overall</W><W>,</W><W>Elf</W><W>joins</W><W>the</W><W>ranks</W><W>of</W><W>such</W><W>holiday</W><W>features</W><W>as</W><W>The</W><W>Santa</W><W>Clause</W><C><W>and</W></C><W>Dr.</W><W>Seuss</W><W></W><W>How</W><W>the</W><W>Grinch</W><W>Stole</W><W>Christmas</W><W>that</W><W>shows</W><W>Hollywood</W><W>is</W><W>still</W><W>able</W><W>to</W><W>make</W><W>a</W><W>yuletide</W><W>classic</W><W>as</W><W>good</W><W>as</W><W>the</W><W>old</W><W>days</W><W>.</W></SENTENCE><SENTENCE><W>Its</W><W>the</W><W>wonderful</W><W>atmosphere</W><C><W>and</W></C><W>Will</W><W>Ferrells</W><W>exuberant</W><W>performance</W><W>that</W><W>makes</W><W>this</W><W>film</W><W>a</W><W>delightful</W><W>treat</W><W>for</W><W>the</W><W>whole</W><W>family</W><C><cue ID="52" type="speculation"><W>can</W></cue></C><xcope COMMENTS="" ID="72"><ref COMMENTS="" ID="73" SRC="52"></ref><W>enjoy</W><C><cue ID="53" type="negation"><W>without</W></cue></C><xcope ID="64"><ref ID="73" SRC="53"></ref><W>one</W><W>member</W><W>of</W><W>the</W><W>family</W><W>being</W><W>alienated</W><W>by</W><W>certain</W><W>material</W></xcope></xcope><W>.</W></SENTENCE><SENTENCE><W>There</W><W>are</W><W>relatively</W><W>few</W><W>complaints</W><W>that</W><C><cue ID="54" type="speculation"><W>can</W></cue></C><xcope ID="65"><ref ID="74" SRC="54"></ref><W>be</W><W>made</W><W>about</W><W>comedy</W></xcope><W>.</W></SENTENCE><SENTENCE><W>The</W><W>only</W><W>one</W><W>that</W><W>is</W><W>prominent</W><W>in</W><W>most</W><W>minds</W><C><cue ID="55" type="speculation"><W>would</W></cue></C><xcope ID="66"><ref ID="75" SRC="55"></ref><W>be</W><W>that</W><W>film</W><W>tends</W><W>to</W><W>be</W><W>bit</W><W>predictable</W><W>at</W><W>the</W><W>end</W><W>of</W><W>the</W><W>feature</W></xcope><W>but</W><W>the</W><W>filmmakers</W><W>pull</W><W>it</W><W>off</W><W>so</W><W>well</W><W>that</W><W>many</W><W>write</W><W>it</W><W>off</W><C><W>and</W></C><W>they</W><C><cue ID="56" type="speculation"><W>should</W></cue></C><W>.</W></SENTENCE><SENTENCE><W>The</W><W>slightly-predictable</W><W>ending</W><cue ID="58" type="speculation"><C><W>should</W></C><W>nt</W></cue><xcope ID="67"><ref COMMENTS="" ID="76" SRC="58"></ref><W>ruin</W><W>the</W><W>overall</W><W>amusement</W><C><W>and</W></C><W>delightfulness</W><W>that</W><W>the</W><W>rest</W><W>of</W><W>the</W><W>film</W><W>presented</W><W>up</W><W>to</W><W>that</W><W>point</W></xcope><W>.</W></SENTENCE><SENTENCE><W>Ferrells</W><W>over-the-top</W><W>performance</W><C><cue ID="59" type="speculation"><W>should</W></cue></C><xcope ID="68"><ref ID="77" SRC="59"></ref><W>be</W><W>a</W><W>decisive</W><W>enough</W><W>reason</W><W>to</W><W>venture</W><W>to</W><W>the</W><W>local</W><W>movie</W><W>theater</W></xcope><C><W>and</W></C><W>see</W><W>Elf</W><W>but</W><C><cue ID="60" type="speculation"><W>if</W></cue></C><xcope COMMENTS="" ID="74"><ref COMMENTS="" ID="75" SRC="60"></ref><W>you</W><W>are</W><C><cue ID="61" type="negation"><W>not</W></cue></C><xcope ID="70"><ref ID="79" SRC="61"></ref><W>truly</W><W>convinced</W></xcope></xcope><W>,</W><W>here</W><C><cue ID="62" type="speculation"><W>may</W></cue></C><xcope ID="71"><ref ID="80" SRC="62"></ref><W>be</W><W>a</W><W>better</W><W>reason</W></xcope><W>:</W><W>Elf</W><W>will</W><W>keep</W><W>the</W><W>children</W><W>busy</W><W>for</W><W>an</W><W>hour</W><C><W>and</W></C><W>a</W><W>half</W><W>while</W><W>the</W><W>parents</W><W>do</W><W>their</W><W>Christmas</W><W>shopping</W><W>.</W></SENTENCE><SENTENCE><W>Smart</W><W>,</W><W>huh</W><W>?</W><W>!</W></SENTENCE></P></DOCUMENT>
