<?xml version="1.0" encoding="UTF-8"?>
<DOCUMENT><P></P><P><SENTENCE><W>Details</W><W>:</W><W>This</W><W>opinion</W><W>reveals</W><W>major</W><W>details</W><W>about</W><W>the</W><W>movie</W><W>&#39;</W><W>&#39;s</W><W>plot</W><W>.</W></SENTENCE></P><P></P><P><SENTENCE><W>Sometimes</W><W>,</W><W>the</W><W>problem</W><W>with</W><W>writing</W><W>a</W><W>review</W><W>is</W><W>just</W><W>knowing</W><W>whom</W><W>youre</W><W>writing</W><W>it</W><W>for</W><W>.</W></SENTENCE><SENTENCE><W>Thats</W><W>because</W><W>your</W><W>target</W><W>audience</W><W>is</W><W>an</W><W>important</W><W>consideration</W><W>when</W><W>youre</W><W>recording</W><W>your</W><W>impressions</W><W>on</W><W>any</W><W>given</W><W>product</W><W>.</W></SENTENCE><SENTENCE><W>Do</W><W>they</W><W>have</W><W>the</W><W>same</W><W>taste</W><W>as</W><W>you</W><W>?</W></SENTENCE><SENTENCE><W>Will</W><W>they</W><W>at</W><W>least</W><W>be</W><W>able</W><W>to</W><W>understand</W><W>your</W><W>analysis</W><C><W>and</W></C><W>critique</W><W>?</W></SENTENCE><SENTENCE><W>Any</W><W>reviewer</W><W>has</W><xcope ID="2"><ref ID="3" SRC="0"></ref><W>his</W></xcope><C><cue COMMENTS="" ID="0" type="speculation"><W>or</W></cue></C><xcope ID="1"><ref ID="4" SRC="0"></ref><W>her</W><W>own</W><W>biases</W></xcope><W>,</W><W>after</W><W>all</W><W>.</W></SENTENCE><SENTENCE><W>Its</W><W>important</W><W>for</W><W>a</W><W>reader</W><W>to</W><W>identify</W><W>this</W><W>,</W><C><W>and</W></C><W>then</W><W>take</W><W>any</W><W>advice</W><W>in</W><W>a</W><W>review</W><W>accordingly</W><W>.</W></SENTENCE></P><P></P><P><SENTENCE><W>So</W><W>whats</W><W>the</W><W>point</W><W>of</W><W>all</W><W>this</W><W>in</W><W>relation</W><W>the</W><W>Universal</W><W>Pictures</W><W></W><W>The</W><W>Cat</W><W>in</W><W>the</W><W>Hat</W><W>?</W><W>Were</W><W>getting</W><W>there</W><W>,</W><W>so</W><W>please</W><W>be</W><W>patient</W><W>.</W></SENTENCE><SENTENCE><W>Admittedly</W><W>,</W><W>Universal</W><W>has</W><W>been</W><W>plastering</W><W>the</W><W>airwaves</W><W>with</W><W>a</W><W>steady</W><W>barrage</W><W>of</W><W>commercials</W><W>for</W><W>this</W><W>flick</W><W>.</W></SENTENCE><SENTENCE><W>Theyve</W><W>also</W><W>marketed</W><W>it</W><W>to</W><W>the</W><W>max</W><W>,</W><C><W>and</W></C><W>Cat</W><W>in</W><W>the</W><W>Hat</W><W>merchandise</W><W>is</W><W>to</W><W>be</W><W>seen</W><W>lately</W><W>just</W><W>about</W><W>everywhere</W><W>you</W><W>go</W><W>.</W></SENTENCE></P><P></P><P><SENTENCE><W>Now</W><W>that</W><W>the</W><W>film</W><W>has</W><W>been</W><W>released</W><W>,</W><W>however</W><W>,</W><W>it</W><W>has</W><W>been</W><W>generally</W><W>panned</W><W>by</W><W>the</W><W>professional</W><W>critics</W><W>,</W><C><W>and</W></C><xcope ID="78"><ref COMMENTS="" ID="79" SRC="5"></ref><W>more</W><W>than</W><W>a</W><W>few</W><W>Epinions</W><W>reviewers</W></xcope><C><cue ID="5" type="speculation"><W>seem</W></cue></C><xcope ID="8"><ref ID="12" SRC="5"></ref><W>to</W><W>have</W><W>had</W><W>similar</W><W>impressions</W></xcope><W>.</W></SENTENCE><SENTENCE><W>Theres</W><W>just</W><W>one</W><W>problem</W><W>with</W><W>this</W><W>that</W><W>I</W><C><cue ID="6" type="speculation"><W>can</W></cue></C><xcope ID="9"><ref ID="11" SRC="6"></ref><W>see</W></xcope><W>.</W></SENTENCE><SENTENCE><W>Above</W><W>all</W><W>,</W><W>this</W><W>is</W><W>a</W><W>childrens</W><W>film</W><W>(</W><W>though</W><W>some</W><W>adults</W><W>will</W><W>enjoy</W><W>it</W><W>)</W><W>.</W></SENTENCE><SENTENCE><W>So</W><W>what</W><W>is</W><W>the</W><W>problem</W><W>?</W></SENTENCE></P><P></P><P><SENTENCE><W>The</W><W>children</W><cue COMMENTS="" ID="7" type="negation"><W>arent</W></cue><xcope ID="10"><ref ID="13" SRC="7"></ref><W>writing</W><W>the</W><W>reviews</W></xcope><W>.</W></SENTENCE></P><P></P><P><SENTENCE><W>That</W><W>said</W><W>,</W><W>I</W><C><cue ID="14" type="speculation"><W>thought</W></cue></C><xcope COMMENTS="" ID="79"><ref COMMENTS="" ID="81" SRC="14"></ref><W>I</W><C><cue ID="15" type="speculation"><W>would</W></cue></C><xcope COMMENTS="" ID="78"><ref COMMENTS="" ID="80" SRC="15"></ref><W>attempt</W><W>to</W><W>take</W><W>a</W><W>kids</W><W>perspective</W><W>into</W><W>view</W><W>in</W><W>writing</W><W>my</W><W>own</W><W>review</W></xcope></xcope><W>.</W></SENTENCE><SENTENCE><W>But</W><W>before</W><W>all</W><W>of</W><W>that</W><W>,</W><W>let</W><W>it</W><W>be</W><W>known</W><W>that</W><W>The</W><W>Cat</W><W>in</W><W>the</W><W>Hat</W><W>is</W><W>loosely</W><W>based</W><W>on</W><W>Dr.</W><W>Seuss</W><W>childrens</W><W>story</W><W>of</W><W>the</W><W>same</W><W>name</W><W>.</W></SENTENCE><SENTENCE><W>That</W><W>story</W><W>was</W><C><cue ID="16" type="negation"><W>not</W></cue></C><xcope ID="19"><ref ID="23" SRC="16"></ref><W>an</W><W>exceedingly</W><W>long</W><W>one</W></xcope><W>,</W><W>so</W><W>as</W><W>you</W><C><cue ID="17" type="speculation"><W>can</W></cue></C><xcope ID="20"><ref ID="24" SRC="17"></ref><W>imagine</W><W>the</W><W>film</W><W>has</W><W>been</W><W>extended</W><W>quite</W><W>a</W><W>bit</W><W>with</W><W>original</W><W>material</W><W>in</W><W>order</W><W>to</W><W>make</W><W>it</W><W>a</W><W>feature</W><W>length</W><W>film</W></xcope><W>.</W></SENTENCE><SENTENCE><W>Even</W><W>at</W><W>that</W><W>,</W><W>it</W><W>s</W><W>only</W><W>about</W><W>82</W><W>minutes</W><W>,</W><W>rather</W><W>brief</W><W>indeed</W><W>by</W><W>todays</W><W>standards</W><W>.</W></SENTENCE></P><P></P><P><SENTENCE><W>The</W><W>action</W><W>follows</W><W>little</W><W>Sally</W><W>(</W><W>Dakota</W><W>Fanning</W><W>)</W><C><W>and</W></C><W>Conrad</W><W>(</W><W>Spencer</W><W>Breslin</W><W>)</W><W>who</W><W>live</W><W>with</W><W>their</W><W>mom</W><W>in</W><W>a</W><W>house</W><W>like</W><W>any</W><W>other</W><W>in</W><W>the</W><W>quaint</W><W>town</W><W>of</W><W>Annville</W><W>.</W></SENTENCE><SENTENCE><W>As</W><W>with</W><W>any</W><W>kids</W><W>,</W><W>Sally</W><C><W>and</W></C><W>Conrad</W><W>have</W><W>their</W><W>own</W><W>little</W><W>idiosyncrasies</W><W>.</W></SENTENCE><SENTENCE><W>Conrad</W><W>just</W><W>loves</W><W>to</W><W>break</W><W>the</W><W>rules</W><W>,</W><C><W>and</W></C><W>to</W><W>do</W><W>the</W><W>opposite</W><W>of</W><W>whatever</W><W>hes</W><W>told</W><W>.</W></SENTENCE><SENTENCE><W>Sally</W><W>,</W><W>by</W><W>contrast</W><W>,</W><W>is</W><W>quite</W><W>the</W><W>opposite</W><W>.</W></SENTENCE><SENTENCE><W>Shes</W><W>a</W><W>stickler</W><W>for</W><W>being</W><W>organized</W><W>,</W><W>prim</W><C><W>and</W></C><W>proper</W><W>,</W><W>so</W><W>much</W><W>so</W><W>that</W><W>it</W><W>has</W><W>cost</W><W>her</W><W>her</W><W>friends</W><W>.</W></SENTENCE></P><P></P><P><SENTENCE><W>Enter</W><W>mom</W><W>Joan</W><W>(</W><W>Kelly</W><W>Preston</W><W>)</W><W>.</W></SENTENCE><SENTENCE><W>Shes</W><W>involved</W><W>with</W><W>the</W><W>guy</W><W>next</W><W>door</W><W>(</W><W>Alec</W><W>Baldwin</W><W>)</W><W>,</W><W>who</W><cue ID="25" type="negation"><W>cant</W></cue><xcope ID="32"><ref ID="39" SRC="25"></ref><W>stand</W><W>the</W><W>kids</W></xcope><W>,</W><C><W>and</W></C><W>is</W><W>trying</W><W>to</W><W>convince</W><W>Joan</W><W>to</W><W>place</W><W>Conrad</W><W>in</W><W>military</W><W>school</W><W>.</W></SENTENCE><SENTENCE><W>Joan</W><W>is</W><W>torn</W><W>on</W><W>what</W><W>to</W><W>do</W><W>,</W><C><W>and</W></C><W>to</W><W>add</W><W>to</W><W>her</W><W>problems</W><W>her</W><W>retentive</W><W>boss</W><W>Mr.</W><W>Humberfloob</W><W>(</W><W>Sean</W><W>Hayes</W><W>)</W><W>wants</W><W>to</W><W>host</W><W>an</W><W>important</W><W>company</W><W>party</W><W>at</W><W>her</W><W>home</W><W>.</W></SENTENCE><SENTENCE><W>Which</W><C><cue ID="26" type="speculation"><W>must</W></cue></C><xcope COMMENTS="" ID="82"><ref COMMENTS="" ID="83" SRC="26"></ref><W>be</W><W>,</W><W>of</W><W>course</W><W>,</W><W>spotless</W><W>,</W><W>dooming</W><W>the</W><W>kids</W><W>to</W><W>a</W><W>rainy</W><W>day</W><W>of</W><W>boredom</W></xcope><W>.</W></SENTENCE><SENTENCE><W>To</W><W>keep</W><W>the</W><W>house</W><W>clean</W><W>,</W><W>theyre</W><W>restricted</W><W>as</W><W>to</W><W>what</W><W>they</W><C><cue ID="27" type="speculation"><W>can</W></cue></C><xcope ID="34"><ref ID="41" SRC="27"></ref><W>do</W></xcope><W>.</W></SENTENCE><SENTENCE><W>Until</W><W>,</W><W>that</W><W>is</W><W>,</W><W>a</W><W>mysterious</W><W>six-foot</W><W>tall</W><W>talking</W><W>cat</W><W>in</W><W>a</W><W>magical</W><W>hat</W><W>(</W><W>Mike</W><W>Myers</W><W>)</W><W>arrives</W><C><W>and</W></C><W>changes</W><W>all</W><W>the</W><W>rules</W><W>.</W></SENTENCE></P><P></P><P><SENTENCE><C><W>And</W></C><W>that</W><W>s</W><W>how</W><W>the</W><W>fun</W><W>begins</W><W>.</W></SENTENCE><SENTENCE><C><W>And</W></C><W>the</W><W>movie</W><W>is</W><W>fun</W><W>.</W></SENTENCE><SENTENCE><W>Admittedly</W><W>,</W><W>Myers</W><W>does</W><W>at</W><W>times</W><W>fall</W><W>flat</W><W>more</W><W>than</W><W>a</W><W>few</W><W>times</W><W>with</W><W>lines</W><W>that</W><W>just</W><cue ID="46" type="negation"><W>arent</W></cue><xcope ID="47"><ref COMMENTS="" ID="48" SRC="46"></ref><W>that</W><W>funny</W></xcope><W>.</W></SENTENCE><SENTENCE><W>But</W><W>more</W><W>often</W><W>than</W><C><cue ID="28" type="negation"><W>not</W></cue></C><W>,</W><W>hes</W><W>very</W><W>funny</W><W>,</W><C><W>and</W></C><W>at</W><W>times</W><W>hilarious</W><W>.</W></SENTENCE><SENTENCE><W>His</W><W>interaction</W><W>with</W><W>Sally</W><C><W>and</W></C><W>Conrad</W><W>are</W><W>well</W><W>executed</W><W>,</W><C><W>and</W></C><W>both</W><W>Fanning</W><C><W>and</W></C><W>Breslin</W><W>give</W><W>adequate</W><W>performances</W><W>.</W></SENTENCE><SENTENCE><W>Make</W><C><cue ID="29" type="negation"><W>no</W></cue></C><xcope ID="35"><ref ID="42" SRC="29"></ref><W>mistake</W></xcope><W>,</W><C><cue ID="30" type="negation"><W>neither</W></cue></C><xcope ID="36"><ref ID="43" SRC="30"></ref><W>one</W><W>is</W><W>as</W><W>charming</W><W>as</W></xcope><W>,</W><W>say</W><W>,</W><W>McCauley</W><W>Culkin</W><W>in</W><xcope ID="37"><ref ID="44" SRC="31"></ref><W>Home</W><W>Alone</W></xcope><C><cue ID="31" type="speculation"><W>or</W></cue></C><xcope ID="38"><ref ID="45" SRC="31"></ref><W>Uncle</W><W>Buck</W></xcope><W>,</W><W>but</W><W>they</W><W>are</W><W>convincing</W><W>enough</W><W>in</W><W>their</W><W>roles</W><W>for</W><W>the</W><W>film</W><W>to</W><W>work</W><W>.</W></SENTENCE></P><P></P><P><SENTENCE><W>Kelly</W><W>Preston</W><W>has</W><W>little</W><W>to</W><W>do</W><C><W>and</W></C><C><cue ID="49" type="negation"><W>not</W></cue></C><xcope ID="52"><ref ID="55" SRC="49"></ref><W>much</W><W>time</W><W>to</W><W>do</W><W>it</W><W>in</W></xcope><W>.</W></SENTENCE><SENTENCE><W>Baldwin</W><W>,</W><W>however</W><W>,</W><W>is</W><W>a</W><W>convincing</W><W>bad</W><W>guy</W><W>.</W></SENTENCE><SENTENCE><W>Its</W><W>fun</W><W>watching</W><W>him</W><W>go</W><W>down</W><W>.</W></SENTENCE><SENTENCE><W>Sean</W><W>Hayes</W><W>is</W><W>also</W><W>a</W><W>lot</W><W>of</W><W>fun</W><W>in</W><W>his</W><W>brief</W><W>appearances</W><W>as</W><W>Humberfloob</W><W>.</W></SENTENCE></P><P></P><P><SENTENCE><W>Much</W><W>of</W><W>the</W><W>magic</W><W>of</W><W>the</W><W>film</W><W>,</W><W>however</W><W>,</W><W>is</W><W>the</W><W>fantastic</W><W>world</W><W>imagined</W><W>by</W><W>Seuss</W><C><W>and</W></C><W>brought</W><W>to</W><W>life</W><W>on</W><W>the</W><W>big</W><W>screen</W><W>.</W></SENTENCE><SENTENCE><W>The</W><W>sets</W><W>are</W><W>delightful</W><W>,</W><W>as</W><W>are</W><W>the</W><W>amazing</W><W>characters</W><W>Thing</W><W>One</W><C><W>and</W></C><W>Thing</W><W>Two</W><W>.</W></SENTENCE><SENTENCE><W>The</W><W>special</W><W>effects</W><W>that</W><W>bring</W><W>them</W><C><W>and</W></C><W>their</W><W>amazing</W><W>antics</W><W>to</W><W>life</W><W>are</W><W>a</W><W>lot</W><W>of</W><W>fun</W><W>indeed</W><W>.</W></SENTENCE></P><P></P><P><SENTENCE><W>With</W><W>a</W><W>stretched</W><W>plot</W><C><W>and</W></C><W>at</W><W>times</W><W>juvenile</W><W>humor</W><W>level</W><W>,</W><W>this</W><W>film</W><cue ID="50" type="negation"><W>wont</W></cue><xcope ID="53"><ref COMMENTS="" ID="56" SRC="50"></ref><W>appeal</W><W>to</W><W>all</W><W>adults</W></xcope><W>.</W></SENTENCE><SENTENCE><W>I</W><W>laughed</W><W>a</W><W>lot</W><C><W>and</W></C><W>enjoyed</W><W>it</W><W>,</W><W>but</W><W>for</W><W>many</W><W>it</W><C><cue ID="51" type="speculation"><W>may</W></cue></C><xcope ID="54"><ref ID="57" SRC="51"></ref><W>be</W><W>best</W><W>to</W><W>wait</W><W>for</W><W>this</W><W>one</W><W>to</W><W>hit</W><W>the</W><W>DVD</W><W>shelves</W></xcope><W>.</W></SENTENCE></P><P></P><P><SENTENCE><W>But</W><W>how</W><W>about</W><W>kids</W><W>?</W></SENTENCE><SENTENCE><W>How</W><W>do</W><W>they</W><W>like</W><W>it</W><W>?</W></SENTENCE><SENTENCE><W>This</W><W>is</W><W>,</W><W>after</W><W>all</W><W>,</W><W>a</W><W>childrens</W><W>story</W><W>.</W></SENTENCE><SENTENCE><W>When</W><W>we</W><W>attended</W><W>,</W><xcope ID="80"><ref COMMENTS="" ID="81" SRC="58"></ref><W>the</W><W>kids</W><W>in</W><W>the</W><W>audience</W></xcope><C><cue ID="58" type="speculation"><W>seemed</W></cue></C><xcope ID="61"><ref ID="64" SRC="58"></ref><W>magically</W><W>enthralled</W></xcope><W>,</W><W>eyes</W><W>fixed</W><W>on</W><W>the</W><W>screen</W><W>throughout</W><W>the</W><W>film</W><C><W>and</W></C><W>with</W><W>nary</W><W>a</W><W>sound</W><W>escaping</W><W>their</W><W>lips</W><C><W>except</W></C><W>for</W><W>the</W><W>frequent</W><W>fits</W><W>of</W><W>laughter</W><W>.</W></SENTENCE><SENTENCE><W>Kids</W><W>11</W><C><W>and</W></C><W>under</W><W>will</W><C><cue ID="59" type="speculation"><W>likely</W></cue></C><xcope ID="62"><ref ID="65" SRC="59"></ref><W>love</W><W>the</W><W>film</W></xcope><W>.</W></SENTENCE><SENTENCE><W>There</W><W>are</W><W>a</W><W>few</W><W>moments</W><W>of</W><C><W>implied</W></C><W>adult</W><W>humor</W><W>,</W><W>but</W><W>theyre</W><W>mild</W><C><W>and</W></C><W>theres</W><cue ID="60" type="negation"><W>nothing</W></cue><xcope ID="63"><ref COMMENTS="" ID="66" SRC="60"></ref><W>that</W><W>kids</W><W>will</W><W>really</W><W>pick</W><W>up</W><W>on</W></xcope><W>.</W></SENTENCE></P><P></P><P><SENTENCE><W>At</W><W>the</W><W>end</W><W>of</W><W>the</W><W>film</W><W>,</W><W>kids</W><W>were</W><W>calling</W><W>the</W><W>Cat</W><W>cool</W><W>,</W><W>although</W><xcope ID="82"><ref COMMENTS="" ID="83" SRC="67"></ref><W>Thing</W><W>One</W><C><W>and</W></C><W>Thing</W><W>Two</W></xcope><C><cue ID="67" type="speculation"><W>seemed</W></cue></C><xcope ID="77"><ref ID="78" SRC="67"></ref><W>to</W><W>get</W><W>more</W><W>praise</W><W>than</W><W>the</W><W>Cat</W><W>himself</W><W>did</W></xcope><W>.</W></SENTENCE><SENTENCE><xcope ID="84"><ref COMMENTS="" ID="85" SRC="68"></ref><W>The</W><W>film</W></xcope><C><cue ID="68" type="speculation"><W>seemed</W></cue></C><xcope ID="71"><ref ID="74" SRC="68"></ref><W>to</W><W>be</W><W>very</W><W>popular</W></xcope><W>,</W><C><W>and</W></C><W>I</W><C><cue ID="69" type="speculation"><W>think</W></cue></C><xcope ID="72"><ref ID="75" SRC="69"></ref><W>its</W><W>rather</W><W>brief</W><W>running</W><W>time</W><W>is</W><W>perfectly</W><W>suited</W><W>for</W><W>younger</W><W>(</W><C><W>and</W></C><W>shorter</W><W>)</W><W>attention</W><W>spans</W></xcope><W>.</W></SENTENCE><SENTENCE><W>There</W><W>&#39;s</W><W>even</W><W>a</W><W>bit</W><W>of</W><W>a</W><W>moral</W><W>at</W><W>the</W><W>end</W><W>as</W><W>the</W><W>youngsters</W><W>learn</W><W>something</W><W>about</W><W>themselves</W><W>through</W><W>their</W><W>experiences</W><W>with</W><W>the</W><W>Cat</W><W>.</W></SENTENCE></P><P></P><P><SENTENCE><W>Ill</W><W>reiterate</W><W>.</W></SENTENCE><SENTENCE><W>The</W><W>Cat</W><W>in</W><W>the</W><W>Hat</W><W>is</W><W>a</W><W>childrens</W><W>film</W><W>above</W><W>all</W><W>else</W><W>,</W><C><W>and</W></C><W>when</W><W>judged</W><W>on</W><W>that</W><W>criteria</W><W>it</W><W>s</W><W>a</W><W>great</W><W>way</W><W>to</W><W>spend</W><W>a</W><W>Saturday</W><W>afternoon</W><W>with</W><W>your</W><W>youngsters</W><W>.</W></SENTENCE><SENTENCE><W>Dont</W><C><W>expect</W></C><W>more</W><W>from</W><W>it</W><W>,</W><C><W>and</W></C><W>you</W><C><cue ID="70" type="speculation"><W>may</W></cue></C><xcope ID="73"><ref ID="76" SRC="70"></ref><W>even</W><W>enjoy</W><W>the</W><W>film</W><W>along</W><W>with</W><W>them</W></xcope><W>,</W><W>as</W><W>I</W><W>did</W><W>.</W></SENTENCE></P></DOCUMENT>
