<?xml version="1.0" encoding="UTF-8"?>
<DOCUMENT><P></P><P><SENTENCE><W>Plot</W><W>Details</W><W>:</W><W>This</W><W>opinion</W><W>reveals</W><W>minor</W><W>details</W><W>about</W><W>the</W><W>movie</W><W>&#39;</W><W>&#39;s</W><W>plot</W><W>.</W></SENTENCE></P><P></P><P><SENTENCE><W>I</W><W>first</W><W>saw</W><W>a</W><W>preview</W><W>for</W><W>Bad</W><W>Santa</W><W>about</W><W>four</W><W>weeks</W><W>ago</W><W>.</W></SENTENCE><SENTENCE><W>I</W><cue ID="0" type="negation"><W>had</W><W>n&#39;t</W></cue><xcope ID="5"><ref ID="15" SRC="1"></ref><W>laughed</W><W>that</W><W>hard</W></xcope><C><cue ID="1" type="speculation"><W>or</W></cue></C><xcope ID="7"><ref ID="14" SRC="1"></ref><W>that</W><W>consistently</W></xcope><W>at</W><W>just</W><W>a</W><W>preview</W><W>in</W><W>a</W><W>very</W><W>very</W><W>long</W><W>time</W><W>.</W></SENTENCE><SENTENCE><W>That</W><W>being</W><W>said</W><W>,</W><W>I</W><W>was</W><W>nervous</W><W>about</W><W>this</W><W>flick</W><W>because</W><W>there</W><W>are</W><W>oh</W><W>so</W><W>many</W><W>times</W><W>where</W><W>the</W><W>preview</W><W>shows</W><W>you</W><xcope ID="9"><ref ID="17" SRC="2"></ref><W>the</W><W>only</W><W>good</W></xcope><C><cue ID="8" type="speculation"><W>and</W></cue></C><C><cue ID="2" type="speculation"><W>or</W></cue></C><xcope ID="10"><ref ID="19" SRC="2"></ref><W>funny</W><W>parts</W></xcope><W>.</W></SENTENCE><SENTENCE><W>For</W><W>those</W><W>who</W><W>had</W><W>the</W><W>same</W><W>fear</W><W>as</W><W>I</W><W>did</W><W>,</W><W>you</W><C><cue ID="3" type="speculation"><W>may</W></cue></C><xcope ID="87"><ref COMMENTS="" ID="88" SRC="3"></ref><W>have</W><C><cue ID="4" type="negation"><W>no</W></cue></C><xcope ID="12"><ref COMMENTS="" ID="22" SRC="4"></ref><W>fear</W></xcope></xcope><W>.</W></SENTENCE><SENTENCE><W>Bad</W><W>Santa</W><W>is</W><W>the</W><W>most</W><W>deliciously</W><W>gut-busting</W><W>adults</W><W>only</W><W>comedy</W><W>since</W><W>1999</W><W>&#39;s</W><W>South</W><W>Park</W><W>:</W><W>Bigger</W><W>,</W><W>Longer</W><C><W>and</W></C><W>Uncut</W><W>.</W></SENTENCE></P><P></P><P><SENTENCE><W>Directed</W><W>by</W><W>Terry</W><W>Zwigoff</W><W>(</W><W>Ghost</W><W>World</W><W>)</W><W>,</W><C><W>and</W></C><W>produced</W><W>by</W><W>the</W><W>Coen</W><W>brothers</W><W>(</W><W>Fargo</W><W>,</W><W>The</W><W>Big</W><W>Lebowski</W><W>)</W><W>,</W><W>Bad</W><W>Santa</W><W>stars</W><W>Billy</W><W>Bob</W><W>Thornton</W><W>as</W><W>Willie</W><W>T</W><W>Soke</W><W>,</W><W>a</W><W>plus-size</W><W>bottom</W><W>sex</W><W>craved</W><W>depressed</W><W>alcoholic</W><W>who</W><W>cracks</W><W>safes</W><W>.</W></SENTENCE><SENTENCE><W>His</W><W>partner</W><W>in</W><W>crime</W><W>is</W><W>Marcus</W><W>(</W><W>Tony</W><W>Cox</W><W>,</W><W>Me</W><W>,</W><W>Myself</W><C><W>and</W></C><W>Irene</W><W>)</W><W>.</W></SENTENCE><SENTENCE><W>As</W><W>a</W><W>team</W><W>,</W><W>they</W><W>set</W><W>up</W><W>shop</W><W>in</W><W>a</W><W>different</W><W>city</W><W>each</W><W>Christmas</W><W>,</W><W>Thornton</W><W>as</W><W>the</W><W>department</W><W>store</W><W>Santa</W><W>,</W><W>Cox</W><W>as</W><W>one</W><W>of</W><W>his</W><W>elves</W><W>.</W></SENTENCE><SENTENCE><W>On</W><W>Christmas</W><W>Eve</W><W>,</W><W>they</W><W>rob</W><W>the</W><W>department</W><W>store</W><W>blind</W><W>,</W><W>usually</W><W>to</W><W>the</W><W>tune</W><W>of</W><W>six</W><W>figures</W><W>in</W><W>cash</W><C><W>and</W></C><W>untold</W><W>value</W><W>in</W><W>merchandise</W><W>.</W></SENTENCE></P><P></P><P><SENTENCE><W>The</W><W>set</W><W>up</W><W>this</W><W>year</W><W>is</W><W>Phoenix</W><W>,</W><W>Arizona</W><W>.</W></SENTENCE><SENTENCE><W>They</W><W>get</W><W>a</W><W>job</W><W>at</W><W>a</W><W>mall</W><W>,</W><W>replacing</W><W>a</W><W>5</W><W>years</W><W>running</W><W>Santa</W><W>thanks</W><W>to</W><W>the</W><W>penny</W><W>pinching</W><W>attitude</W><W>of</W><W>the</W><W>mall/store</W><W>(</W><W>it</W><W>&#39;s</W><C><W>unclear</W></C><W>which</W><W>one</W><W>he</W><W>really</W><W>is</W><W>)</W><W>manager</W><W>,</W><W>played</W><W>by</W><W>the</W><W>late</W><W>John</W><W>Ritter</W><W>in</W><W>one</W><W>of</W><W>his</W><W>final</W><W>film</W><W>roles</W><W>.</W></SENTENCE><SENTENCE><W>Within</W><W>five</W><W>minutes</W><W>of</W><W>having</W><W>the</W><W>job</W><W>,</W><W>however</W><W>,</W><W>Willie</W><W>is</W><W>already</W><W>being</W><W>looked</W><W>at</W><W>suspiciously</W><W>by</W><W>the</W><W>manager</W><W>,</W><W>thanks</W><W>to</W><W>his</W><W>constant</W><W>swearing</W><C><W>and</W></C><W>his</W><W>general</W><W>drunk</W><W>look</W><W>.</W></SENTENCE><SENTENCE><W>The</W><W>manager</W><W>then</W><W>goes</W><W>to</W><W>the</W><W>mall</W><W>security</W><W>guard</W><W>,</W><W>Gin</W><W>(</W><W>Bernie</W><W>Mac</W><W>)</W><W>,</W><W>who</W><W>is</W><W>on</W><W>a</W><W>power</W><W>trip</W><W>that</W><W>just</W><W>wo</W><W>n&#39;t</W><W>end</W><W>.</W></SENTENCE></P><P></P><P><SENTENCE><W>But</W><W>the</W><W>mall/department</W><W>store</W><W>part</W><W>of</W><W>the</W><W>story</W><W>is</W><W>just</W><W>the</W><W>beginning</W><W>.</W></SENTENCE><SENTENCE><W>Within</W><xcope ID="23"><ref ID="25" SRC="20"></ref><W>a</W><W>day</W></xcope><C><cue ID="20" type="speculation"><W>or</W></cue></C><xcope ID="24"><ref ID="26" SRC="20"></ref><W>two</W></xcope><W>of</W><W>beginning</W><W>their</W><W>jobs</W><W>,</W><W>an</W><W>out</W><W>of</W><W>touch</W><W>,</W><W>overweight</W><W>slob</W><W>of</W><W>a</W><W>kid</W><W>who</W><W>is</W><W>stuck</W><W>with</W><W>an</W><W>awful</W><W>name</W><W>,</W><W>Thurman</W><W>Merman</W><W>(</W><W>Brett</W><W>Kelly</W><W>)</W><W>,</W><W>visits</W><W>Santa</W><W>at</W><W>the</W><W>mall</W><C><W>and</W></C><W>quickly</W><W>becomes</W><W>enamored</W><W>of</W><W>Thornton</W><W>,</W><W>despite</W><W>his</W><W>surly</W><C><W>and</W></C><W>un-Santa</W><W>like</W><W>behavior</W><W>.</W></SENTENCE><SENTENCE><W>&#34;</W><W>The</W><W>Kid</W><W>&#34;</W><W>(</W><W>as</W><W>Thornton</W><W>refers</W><W>to</W><W>him</W><W>throughout</W><W>the</W><W>movie</W><W>)</W><W>follows</W><W>Thornton</W><W>to</W><W>a</W><W>bar</W><W>.</W></SENTENCE><SENTENCE><W>It</W><W>&#39;s</W><W>in</W><W>this</W><W>bar</W><W>where</W><W>Thornton</W><W>meets</W><W>Sue</W><W>(</W><W>Lauren</W><W>Graham</W><W>)</W><W>,</W><W>a</W><W>girl</W><W>with</W><W>a</W><W>big</W><W>time</W><W>Santa</W><W>fetish</W><W>.</W></SENTENCE><SENTENCE><W>When</W><W>Thornton</W><W>realizes</W><W>the</W><W>kid</W><W>has</W><W>followed</W><W>him</W><W>,</W><W>he</W><W>takes</W><W>him</W><W>back</W><W>home</W><W>,</W><W>where</W><W>Thurman</W><W>lives</W><W>with</W><W>his</W><W>whacked</W><W>out</W><W>grandmother</W><W>(</W><W>his</W><W>parents</W><W>are</W><W>away</W><W>for</W><W>reasons</W><W>that</W><W>are</W><W>revealed</W><W>through</W><W>the</W><W>course</W><W>of</W><W>the</W><W>film</W><W>)</W><W>,</W><W>played</W><W>by</W><W>Cloris</W><W>Leachman</W><W>.</W></SENTENCE></P><P></P><P><SENTENCE><W>Over</W><W>the</W><W>course</W><W>of</W><W>the</W><W>movie</W><W>,</W><W>Marcus</W><W>does</W><W>his</W><W>best</W><W>to</W><W>keep</W><W>Willie</W><W>out</W><W>of</W><W>trouble</W><W>.</W></SENTENCE><SENTENCE><cue ID="27" type="negation"><W>It</W><W>is</W><W>n&#39;t</W></cue><xcope ID="39"><ref ID="54" SRC="27"></ref><W>easy</W></xcope><W>,</W><W>given</W><W>Willie</W><W>&#39;s</W><W>penchant</W><W>for</W><W>having</W><W>sex</W><W>in</W><W>the</W><W>plus</W><W>size</W><W>fitting</W><W>rooms</W><W>,</W><xcope ID="41"><ref ID="56" SRC="28"></ref><W>showing</W><W>up</W><W>late</W></xcope><C><cue ID="40" type="speculation"><W>and</W></cue></C><C><cue ID="28" type="speculation"><W>or</W></cue></C><xcope ID="42"><ref ID="58" SRC="40"></ref><W>drunk</W><W>to</W><W>work</W></xcope><W>,</W><C><W>and</W></C><W>becoming</W><W>slower</W><C><W>and</W></C><W>slower</W><W>on</W><W>the</W><W>safecracking</W><W>year</W><W>after</W><W>year</W><W>.</W></SENTENCE><SENTENCE><W>Willie</W><W>,</W><W>meanwhile</W><W>,</W><W>becomes</W><W>a</W><W>sort</W><W>of</W><W>father</W><W>figure</W><W>to</W><W>Thurman</W><W>,</W><W>despite</W><W>the</W><W>fact</W><W>that</W><W>he</W><W>sees</W><cue ID="29" type="negation"><W>nothing</W></cue><xcope ID="43"><ref COMMENTS="" ID="59" SRC="29"></ref><W>but</W><W>a</W><W>loser</W><W>in</W><W>the</W><W>kid</W></xcope><W>.</W></SENTENCE><SENTENCE><W>He</W><W>questions</W><W>why</W><W>he</W><cue ID="30" type="negation"><W>does</W><W>n&#39;t</W></cue><xcope ID="44"><ref COMMENTS="" ID="60" SRC="30"></ref><W>stand</W><W>up</W><W>to</W><W>the</W><W>skate</W><W>punks</W><W>who</W><W>pick</W><W>on</W><W>him</W></xcope><W>,</W><C><W>and</W></C><W>tries</W><W>his</W><W>best</W><W>to</W><W>teach</W><W>him</W><W>to</W><W>fight</W><W>.</W></SENTENCE><SENTENCE><W>One</W><C><cue ID="31" type="speculation"><W>might</W></cue></C><xcope ID="90"><ref COMMENTS="" ID="92" SRC="31"></ref><C><cue ID="32" type="speculation"><W>think</W></cue></C><xcope ID="89"><ref COMMENTS="" ID="91" SRC="32"></ref><W>that</W><W>with</W><W>this</W><W>set</W><W>up</W><W>,</W><W>a</W><W>warm</W><W>,</W><W>happy</W><W>ending</W><W>is</W><W>in</W><W>the</W><W>cards</W></xcope></xcope><W>.</W></SENTENCE><SENTENCE><C><cue ID="33" type="speculation"><W>Think</W></cue></C><xcope ID="46"><ref ID="63" SRC="33"></ref><W>again</W></xcope><W>.</W></SENTENCE></P><P></P><P><SENTENCE><W>What</W><W>makes</W><W>Bad</W><W>Santa</W><W>such</W><W>a</W><W>good</W><W>movie</W><W>,</W><C><W>and</W></C><C><cue ID="34" type="negation"><W>not</W></cue></C><xcope ID="47"><ref ID="64" SRC="34"></ref><W>just</W><W>a</W><W>funny</W><W>one</W></xcope><W>(</W><W>an</W><W>apt</W><W>description</W><W>for</W><W>say</W><W>,</W><W>Mallrats</W><W>,</W><W>which</W><W>is</W><W>far</W><W>from</W><W>good</W><W>,</W><W>but</W><W>damned</W><W>funny</W><W>)</W><W>,</W><W>is</W><W>that</W><W>it</W><W>holds</W><C><cue ID="35" type="negation"><W>no</W></cue></C><xcope ID="48"><ref ID="65" SRC="35"></ref><W>expectations</W><W>for</W><W>itself</W></xcope><W>.</W></SENTENCE><SENTENCE><W>It</W><W>crashes</W><W>down</W><W>on</W><W>the</W><W>holiday</W><W>season</W><W>the</W><W>way</W><W>that</W><W>the</W><W>previously</W><W>mentioned</W><W>South</W><W>Park</W><W>film</W><W>crashed</W><W>down</W><W>on</W><W>musicals</W><W>.</W></SENTENCE><SENTENCE><W>The</W><W>Kid</W><W>does</W><W>bring</W><W>out</W><xcope ID="50"><ref COMMENTS="" ID="56" SRC="37"></ref><W>a</W><W>bit</W><W>of</W><W>humanity</W></xcope><C><cue ID="36" type="speculation"><W>or</W></cue></C><xcope ID="49"><ref COMMENTS="" ID="54" SRC="36"></ref><W>soul</W></xcope><C><cue ID="37" type="speculation"><W>or</W></cue></C><xcope ID="51"><ref COMMENTS="" ID="55" SRC="37"></ref><W>whatever</W></xcope><W>in</W><W>Thornton</W><W>&#39;s</W><W>character</W><W>,</W><W>but</W><W>because</W><W>Thornton</W><W>&#39;s</W><W>&#39;</W><W>Santa</W><W>&#39;</W><W>is</W><W>so</W><W>black</W><W>in</W><W>spirit</W><W>,</W><W>any</W><xcope ID="53"><ref COMMENTS="" ID="73" SRC="38"></ref><W>redemption</W></xcope><C><cue ID="38" type="speculation"><W>or</W></cue></C><xcope ID="52"><ref COMMENTS="" ID="74" SRC="38"></ref><W>humanity</W></xcope><W>is</W><W>short</W><W>lived</W><W>.</W></SENTENCE></P><P></P><P><SENTENCE><W>The</W><W>one</W><W>drawback</W><W>to</W><W>the</W><W>film</W><W>is</W><W>in</W><W>some</W><W>of</W><W>its</W><W>pacing</W><C><W>and</W></C><W>editing</W><W>.</W></SENTENCE><SENTENCE><W>The</W><W>scenes</W><W>between</W><W>Ritter</W><C><W>and</W></C><W>Mac</W><W>in</W><W>particular</W><C><W>feel</W></C><W>like</W><W>they</W><cue ID="75" type="negation"><W>were</W><W>n&#39;t</W></cue><xcope ID="80"><ref ID="87" SRC="75"></ref><W>even</W><W>shot</W><W>at</W><W>the</W><W>same</W><W>time</W><W>with</W><W>them</W><W>in</W><W>the</W><W>same</W><W>room</W></xcope><W>.</W></SENTENCE></P><P></P><P><SENTENCE><W>Completely</W><W>vulgar</W><C><W>and</W></C><W>politically</W><W>incorrect</W><W>(</W><W>a</W><W>few</W><W>choice</W><W>losers</W><W>are</W><W>protesting</W><W>because</W><W>it</W><W>&#39;s</W><W>put</W><W>out</W><W>by</W><W>a</W><W>Disney</W><W>subsidiary</W><W>,</W><W>I</W><W>say</W><W>to</W><W>all</W><W>of</W><W>you</W><W>:</W><W>GET</W><W>A</W><W>LIFE)</W><W>,</W><W>Bad</W><W>Santa</W><W>is</W><W>most</W><W>certainly</W><C><cue ID="76" type="negation"><W>NOT</W></cue></C><xcope ID="81"><ref ID="88" SRC="76"></ref><W>for</W><W>the</W><W>kiddies</W></xcope><W>(</W><W>as</W><C><cue ID="84" type="speculation"><W>if</W></cue></C><xcope ID="93"><ref COMMENTS="" ID="94" SRC="84"></ref><W>the</W><W>previews</W><cue ID="77" type="negation"><W>did</W><W>n&#39;t</W></cue><xcope ID="83"><ref COMMENTS="" ID="90" SRC="77"></ref><W>already</W><W>make</W><W>THAT</W><W>expressly</W><W>clear</W></xcope></xcope><W>)</W><W>.</W></SENTENCE><SENTENCE><W>So</W><C><cue ID="78" type="speculation"><W>if</W></cue></C><xcope ID="85"><ref COMMENTS="" ID="91" SRC="78"></ref><W>you</W><C><W>and</W></C><W>the</W><W>wife/husband</W><W>want</W><W>a</W><W>night</W><W>out</W><W>alone</W><W>with</W><W>a</W><W>film</W><W>that</W><W>will</W><W>make</W><W>you</W><W>laugh</W><W>harder</W><W>than</W><W>any</W><W>other</W><W>film</W><W>this</W><W>year</W></xcope><W>,</W><W>get</W><W>a</W><W>babysitter</W><C><W>and</W></C><W>go</W><W>see</W><W>Bad</W><W>Santa</W><W>.</W></SENTENCE><SENTENCE><W>Besides</W><W>the</W><W>kids</W><W>,</W><W>you</W><C><cue ID="79" type="speculation"><W>may</W></cue></C><xcope ID="86"><ref ID="92" SRC="79"></ref><W>want</W><W>to</W><W>leave</W><W>your</W><W>pretensions</W><W>at</W><W>the</W><W>house</W><W>as</W><W>well</W></xcope><W>.</W></SENTENCE></P><P></P><P><SENTENCE><W>Bad</W><W>Santa</W><W>has</W><W>officially</W><W>topped</W><W>Pirates</W><W>of</W><W>the</W><W>Caribbean</W><C><W>and</W></C><W>Bruce</W><W>Almighty</W><W>as</W><W>my</W><W>favorite</W><W>film</W><W>of</W><W>the</W><W>year</W><W>.</W></SENTENCE><SENTENCE><W>I</W><W>give</W><W>it</W><W>4.5</W><W>stars</W><C><W>and</W></C><W>a</W><W>hearty</W><W>HO</W><W>HO</W><W>HO</W><W>recommendation</W><W>.</W></SENTENCE></P></DOCUMENT>
