<?xml version="1.0" encoding="UTF-8"?>
<DOCUMENT><P></P><P><SENTENCE><W>Plot</W><W>Details</W><W>:</W><W>This</W><W>opinion</W><W>reveals</W><W>minor</W><W>details</W><W>about</W><W>the</W><W>movie</W><W>&#39;</W><W>&#39;s</W><W>plot</W><W>.</W></SENTENCE></P><P></P><P><SENTENCE><C><cue ID="0" type="speculation"><W>If</W></cue></C><xcope ID="6"><ref COMMENTS="" ID="17" SRC="0"></ref><W>the</W><W>title</W><W>of</W><W>this</W><W>review</W><W>offends</W><W>you</W></xcope><W>,</W><W>stop</W><W>reading</W><W>right</W><W>now</W><W>.</W></SENTENCE><SENTENCE><W>Terry</W><W>Zwigoff</W><W>&#39;s</W><W>&#34;</W><W>Bad</W><W>Santa</W><W>&#34;</W><W>is</W><C><cue ID="1" type="negation"><W>not</W></cue></C><xcope ID="7"><ref COMMENTS="" ID="16" SRC="1"></ref><W>for</W><W>you</W></xcope><W>.</W></SENTENCE><SENTENCE><W>But</W><C><cue ID="2" type="speculation"><W>if</W></cue></C><xcope ID="8"><ref COMMENTS="" ID="15" SRC="2"></ref><W>you</W><W>have</W><W>a</W><W>soft</W><W>spot</W><W>in</W><W>your</W><W>funny</W><W>bone</W><W>for</W><W>the</W><W>darker</W><W>aspects</W><W>of</W><W>human</W><W>nature</W></xcope><W>,</W><C><cue ID="3" type="speculation"><W>if</W></cue></C><xcope ID="9"><ref COMMENTS="" ID="14" SRC="3"></ref><W>the</W><W>caustic</W><W>comedy</W><W>of</W><W>directors</W><W>like</W><W>Danny</W><W>DeVito</W><C><W>and</W></C><W>the</W><W>Woody</W><W>Allen</W><W>of</W><W>&#34;</W><W>Deconstructing</W><W>Harry</W><W>&#34;</W><W>causes</W><W>you</W><W>to</W><W>break</W><W>out</W><W>in</W><W>uncontrollable</W><W>guffaws</W></xcope><W>,</W><C><cue ID="4" type="speculation"><W>if</W></cue></C><xcope ID="11"><ref COMMENTS="" ID="13" SRC="4"></ref><W>you</W><W>&#39;re</W><W>as</W><W>fed</W><W>up</W><W>as</W><W>Charlie</W><W>Brown</W><W>with</W><W>the</W><W>commercialization</W><W>of</W><W>Christmas</W><W>cheer</W><C><W>and</W></C><C><cue ID="5" type="speculation"><W>would</W></cue></C><xcope ID="10"><ref COMMENTS="" ID="12" SRC="5"></ref><W>like</W><W>to</W><W>see</W><W>this</W><W>cynical</W><W>marketing</W><W>of</W><W>a</W><W>simple</W><W>holiday</W><W>blown</W><W>a</W><W>wet</W><W>,</W><W>beery</W><W>razzberry</W></xcope><W>,</W><W>then</W><W>read</W><W>on</W></xcope><W>,</W><W>boys</W><C><W>and</W></C><W>girls</W><W>,</W><W>because</W><W>&#34;</W><W>Bad</W><W>Santa</W><W>&#34;</W><W>is</W><W>the</W><W>film</W><W>you</W><W>&#39;ve</W><W>been</W><W>waiting</W><W>for</W><W>your</W><W>whole</W><W>life</W><W>.</W></SENTENCE></P><P></P><P><SENTENCE><W>Many</W><W>critics</W><W>praise</W><W>an</W><W>actor</W><W>&#39;s</W><W>bravery</W><W>when</W><W>they</W><W>take</W><W>on</W><W>a</W><W>role</W><W>like</W><W>that</W><W>of</W><W>Cuba</W><W>Gooding</W><W>&#39;s</W><W>mentally</W><W>challenged</W><W>football</W><W>booster</W><W>in</W><W>the</W><W>recent</W><W>syrup</W><W>production</W><W>machine</W><W>&#34;</W><W>Radio&#34;</W><W>.</W></SENTENCE><SENTENCE><W>But</W><W>a</W><W>character</W><W>like</W><W>that</W><W>is</W><W>calculated</W><W>to</W><W>warm</W><W>hearts</W><C><W>and</W></C><W>win</W><W>Oscars</W><W>;</W><W>the</W><W>risk</W><W>factor</W><W>is</W><W>minimal</W><W>unless</W><W>you</W><W>overplay</W><C><W>and</W></C><W>come</W><W>off</W><W>as</W><W>a</W><W>caricature</W><W>.</W></SENTENCE><SENTENCE><W>You</W><W>want</W><W>a</W><W>risk</W><W>?</W></SENTENCE><SENTENCE><W>How</W><W>about</W><W>trying</W><W>out</W><W>a</W><W>role</W><W>like</W><W>&#34;</W><W>Bad</W><W>Santa</W><W>&#34;</W><W>&#39;s</W><W>Willie</W><W>T.</W><W>Soke</W><W>?</W></SENTENCE><SENTENCE><W>Played</W><W>by</W><W>Billy</W><W>Bob</W><W>Thornton</W><W>(</W><W>in</W><W>a</W><W>role</W><W>originally</W><W>intended</W><W>for</W><W>Bill</W><W>Murray</W><W>)</W><W>,</W><W>Willie</W><W>is</W><W>a</W><W>boozy</W><W>,</W><W>foul-mouthed</W><W>,</W><W>degenerate</W><W>nihilist</W><W>with</W><W>a</W><W>soul</W><W>as</W><W>black</W><W>as</W><W>coal</W><W>(</W><W>which</W><W>is</W><W>more</W><W>of</W><W>a</W><W>Christmas</W><W>gift</W><W>than</W><W>he</W><W>ever</W><W>got</W><W>from</W><W>his</W><W>abusive</W><W>monster</W><W>of</W><W>a</W><W>dad</W><W>)</W><W>who</W><W>uses</W><W>the</W><W>Santa</W><W>cover</W><W>to</W><W>case</W><W>department</W><W>stores</W><W>which</W><W>he</W><W>then</W><W>robs</W><W>on</W><W>Christmas</W><W>Eve</W><W>with</W><W>his</W><W>partner</W><W>Marcus</W><W>(</W><W>Tony</W><W>Cox</W><W>)</W><W>,</W><W>a</W><W>little</W><W>person</W><W>who</W><W>plays</W><W>Santa</W><W>&#39;s</W><W>elf</W><W>.</W></SENTENCE><SENTENCE><W>All</W><W>the</W><W>while</W><W>,</W><W>Willie</W><W>abuses</W><W>the</W><W>kids</W><W>who</W><W>come</W><W>to</W><W>see</W><W>him</W><W>,</W><W>uses</W><W>more</W><W>four-letter</W><W>words</W><W>than</W><W>the</W><W>entire</W><W>population</W><W>of</W><W>South</W><W>Park</W><W>,</W><W>steals</W><W>cars</W><W>,</W><W>carries</W><W>on</W><W>an</W><W>affair</W><W>with</W><W>a</W><W>waitress</W><W>(</W><W>Lauren</W><W>Graham</W><W>)</W><W>with</W><W>a</W><W>fetish</W><W>for</W><W>Santa</W><W>hats</W><W>,</W><W>nails</W><W>overweight</W><W>women</W><W>in</W><W>the</W><W>big</W><C><W>and</W></C><W>tall</W><W>dressing</W><W>stalls</W><W>,</W><C><W>and</W></C><W>drowns</W><W>the</W><W>fire</W><W>of</W><W>his</W><W>self-hatred</W><W>with</W><W>enough</W><W>booze</W><W>to</W><W>swamp</W><W>the</W><W>Titanic</W><W>(</W><W>he</W><W>rides</W><W>up</W><W>the</W><W>escalator</W><W>to</W><W>&#34;</W><W>Santa</W><W>&#39;s</W><W>Village</W><W>&#34;</W><W>lying</W><W>on</W><W>his</W><W>face</W><W>,</W><W>a</W><W>broken</W><W>bottle</W><W>clutched</W><W>in</W><W>his</W><W>jolly</W><W>old</W><W>fist</W><W>)</W><W>.</W></SENTENCE><SENTENCE><W>At</W><W>one</W><W>point</W><W>,</W><W>he</W><W>wets</W><W>his</W><W>Santa</W><W>pants</W><W>right</W><W>in</W><W>front</W><W>of</W><W>the</W><W>children</W><W>,</W><C><W>and</W></C><W>this</W><W>is</W><W>actually</W><W>one</W><W>of</W><W>his</W><W>more</W><W>forgivable</W><W>offenses</W><W>because</W><W>he</W><W>&#39;s</W><W>so</W><W>drunk</W><W>he</W><W>does</W><W>n&#39;t</W><W>even</W><W>realize</W><W>what</W><W>he</W><W>&#39;s</W><W>done</W><W>.</W></SENTENCE><SENTENCE><W>All</W><W>the</W><W>while</W><W>,</W><W>Willie</W><W>spews</W><W>invective</W><W>at</W><W>anyone</W><W>who</W><W>gets</W><W>within</W><W>his</W><W>field</W><W>of</W><W>vision</W><W>,</W><W>cursing</W><W>Christmas</W><C><W>and</W></C><W>family</W><C><W>and</W></C><W>the</W><W>whole</W><W>shebang</W><W>.</W></SENTENCE><SENTENCE><W>Playing</W><W>a</W><W>character</W><W>like</W><W>this</W><W>is</W><W>a</W><W>REAL</W><W>risk</W><W>.</W></SENTENCE><SENTENCE><C><cue ID="18" type="speculation"><W>If</W></cue></C><xcope ID="24"><ref ID="30" SRC="18"></ref><W>you</W><W>play</W><W>it</W><W>badly</W></xcope><W>,</W><W>it</W><W>&#39;s</W><W>just</W><W>an</W><W>embarrassment</W><W>.</W></SENTENCE><SENTENCE><C><cue ID="19" type="speculation"><W>If</W></cue></C><xcope ID="25"><ref ID="31" SRC="19"></ref><W>you</W><W>play</W><W>it</W><W>well</W></xcope><W>,</W><W>some</W><W>people</W><W>will</W><C><cue ID="20" type="negation"><W>not</W></cue></C><xcope ID="26"><ref ID="32" SRC="20"></ref><W>be</W><W>able</W><W>to</W><W>separate</W><W>the</W><W>actor</W><W>from</W><W>the</W><W>character</W><C><W>and</W></C><W>excoriate</W><W>the</W><W>performer</W><W>as</W><W>a</W><W>monster</W><W>just</W><W>for</W><W>doing</W><W>his</W><W>job</W><W>to</W><W>the</W><W>best</W><W>of</W><W>his</W><W>ability</W></xcope><W>.</W></SENTENCE></P><P></P><P><SENTENCE><W>It</W><W>is</W><W>to</W><W>the</W><W>endless</W><W>credit</W><W>of</W><W>Thornton</W><W>,</W><W>an</W><W>actor</W><W>who</W><W>has</W><W>made</W><W>a</W><W>career</W><W>out</W><W>of</W><W>socially</W><W>maladjusted</W><W>misfits</W><W>(</W><W>&#34;</W><W>Sling</W><W>Blade&#34;</W><W>,</W><W>&#34;</W><W>A</W><W>Simple</W><W>Plan</W><W>&#34;</W><W>)</W><W>,</W><W>that</W><xcope COMMENTS="" ID="30"><ref COMMENTS="" ID="31" SRC="21"></ref><W>he</W></xcope><C><cue ID="21" type="speculation"><W>seems</W></cue></C><xcope ID="29"><ref COMMENTS="" ID="35" SRC="21"></ref><W>to</W><W>have</W><W>taken</W><W>to</W><W>this</W><W>role</W><C><cue ID="22" type="negation"><W>without</W></cue></C><xcope ID="28"><ref COMMENTS="" ID="34" SRC="22"></ref><W>a</W><W>moment</W><W>&#39;s</W><C><W>thought</W></C><W>about</W><W>what</W><W>a</W><W>monster</W><W>like</W><W>Willie</W><C><cue ID="23" type="speculation"><W>could</W></cue></C><xcope ID="27"><ref COMMENTS="" ID="33" SRC="23"></ref><W>do</W><W>to</W><W>his</W><W>public</W><W>image</W></xcope></xcope></xcope><W>.</W></SENTENCE><SENTENCE><W>He</W><W>growls</W><W>the</W><W>character</W><W>&#39;s</W><W>endless</W><W>obscenities</W><W>with</W><W>a</W><W>phlegm-throated</W><W>relish</W><W>,</W><W>throws</W><W>himself</W><W>into</W><W>twisted</W><W>misbehavior</W><W>with</W><W>heedless</W><W>abandon</W><W>...and</W><W>what</W><W>&#39;s</W><W>most</W><W>amazing</W><W>of</W><W>all</W><W>,</W><W>somehow</W><W>manages</W><W>,</W><W>against</W><W>all</W><W>our</W><W>better</W><W>instincts</W><W>,</W><W>to</W><W>move</W><W>us</W><W>with</W><W>this</W><W>portrayal</W><W>of</W><W>a</W><W>hateful</W><W>man</W><W>by</W><C><cue ID="36" type="negation"><W>never</W></cue></C><xcope ID="51"><ref COMMENTS="" ID="52" SRC="36"></ref><W>letting</W><W>us</W><W>forget</W><W>that</W><W>he</W><W>hates</W><W>himself</W><W>most</W><W>of</W><W>all</W></xcope><W>.</W></SENTENCE><SENTENCE><W>&#34;</W><W>I</W><W>am</W><C><W>not</W></C><W>Santa</W><W>Claus&#34;</W><W>,</W><W>he</W><W>tells</W><W>a</W><W>little</W><W>boy</W><W>.</W></SENTENCE><SENTENCE><W>&#34;</W><C><cue ID="37" type="speculation"><W>If</W></cue></C><xcope ID="49"><ref ID="50" SRC="37"></ref><W>anything</W></xcope><W>,</W><W>I</W><W>&#39;m</W><W>living</W><W>proof</W><W>that</W><W>there</W><W>is</W><W>n&#39;t</W><W>any</W><W>Santa</W><W>Claus</W><W>.</W><W>&#34;</W></SENTENCE><SENTENCE><W>Willie</W><W>is</W><W>a</W><W>man</W><W>who</W><W>has</W><W>lost</W><W>his</W><W>capacity</W><W>to</W><C><W>believe</W></C><W>in</W><W>anything</W><W>,</W><W>most</W><W>of</W><W>all</W><W>himself</W><W>,</W><C><W>and</W></C><W>the</W><W>wasted</W><W>excess</W><W>that</W><W>is</W><W>his</W><W>life</W><W>is</W><C><cue ID="38" type="negation"><W>no</W></cue></C><xcope ID="48"><ref COMMENTS="" ID="53" SRC="38"></ref><W>Dionysian</W><W>revel</W></xcope><W>,</W><W>but</W><W>rather</W><W>the</W><W>extended</W><W>suicide</W><W>of</W><W>a</W><W>man</W><W>who</W><W>feels</W><W>that</W><W>he</W><W>has</W><W>more</W><W>than</W><W>earned</W><W>all</W><W>his</W><W>self-inflicted</W><W>suffering</W><W>(</W><W>at</W><W>one</W><W>point</W><W>,</W><W>feeling</W><W>that</W><W>even</W><W>he</W><W>is</W><W>being</W><W>too</W><W>easy</W><W>on</W><W>himself</W><W>,</W><W>Willie</W><W>tries</W><W>to</W><W>take</W><W>himself</W><W>out</W><W>with</W><W>carbon</W><W>monoxide</W><W>in</W><W>a</W><W>garage</W><W>...all</W><W>while</W><W>wearing</W><W>the</W><W>Santa</W><W>suit</W><W>,</W><W>of</W><W>course</W><W>)</W><W>.</W></SENTENCE><SENTENCE><W>This</W><W>is</W><W>a</W><W>character</W><W>which</W><W>,</W><C><cue ID="39" type="speculation"><W>if</W></cue></C><xcope ID="47"><ref ID="54" SRC="39"></ref><W>handled</W><W>incorrectly</W></xcope><W>,</W><C><cue ID="40" type="speculation"><W>could</W></cue></C><xcope ID="46"><ref ID="55" SRC="40"></ref><W>have</W><W>ruined</W><W>Thornton</W><W>&#39;s</W><W>career</W></xcope><W>.</W></SENTENCE><SENTENCE><W>Lucky</W><W>for</W><W>him</W><W>,</W><C><W>and</W></C><W>for</W><W>us</W><W>,</W><W>that</W><W>the</W><W>actor</W><W>sees</W><W>the</W><W>humanity</W><W>in</W><W>Willie</W><C><W>and</W></C><W>lays</W><W>it</W><W>bare</W><W>,</W><W>along</W><W>with</W><W>the</W><W>baser</W><W>indignities</W><W>man</W><W>is</W><W>capable</W><W>of</W><W>inflicting</W><W>upon</W><W>himself</W><C><W>and</W></C><W>the</W><W>world</W><W>.</W></SENTENCE><SENTENCE><W>This</W><W>is</W><W>a</W><W>monumental</W><W>comic</W><W>performance</W><W>,</W><W>funny</W><W>as</W><W>hell</W><C><W>and</W></C><W>lived</W><W>in</W><W>down</W><W>to</W><W>the</W><W>gin-soaked</W><W>bones</W><W>by</W><W>a</W><W>great</W><W>actor</W><W>,</W><C><W>and</W></C><W>the</W><W>Oscar</W><W>nominees</W><W>are</W><W>incomplete</W><C><cue ID="42" type="speculation"><W>if</W></cue></C><xcope ID="45"><ref ID="57" SRC="42"></ref><W>they</W><W>do</W><C><cue ID="43" type="negation"><W>not</W></cue></C><xcope ID="44"><ref ID="56" SRC="43"></ref><W>include</W><W>him</W></xcope><W>(</W></xcope><W>which</W><W>I</W><W>have</W><W>every</W><W>reason</W><W>to</W><C><W>suspect</W></C><W>they</W><W>will</W><C><cue ID="41" type="negation"><W>not</W></cue></C><W>,</W><W>as</W><W>Gooding</W><W>&#39;s</W><W>Rain</W><W>Man</W><W>of</W><W>the</W><W>gridiron</W><W>is</W><W>much</W><W>more</W><W>the</W><W>type</W><W>of</W><W>up-with-people</W><W>role</W><W>the</W><W>Oscars</W><W>tend</W><W>to</W><W>reward</W><W>)</W><W>.</W></SENTENCE></P><P></P><P><SENTENCE><W>For</W><W>all</W><W>its</W><W>dark</W><W>R-rated</W><W>excesses</W><W>,</W><W>&#34;</W><W>Bad</W><W>Santa</W><W>&#34;</W><W>is</W><W>ultimately</W><W>,</W><W>like</W><W>many</W><W>of</W><W>the</W><W>greatest</W><W>Christmas</W><W>movies</W><W>,</W><W>a</W><W>story</W><W>of</W><W>redemption</W><W>.</W></SENTENCE><SENTENCE><W>Willie</W><W>,</W><W>in</W><W>Phoenix</W><W>with</W><W>Marcus</W><W>for</W><W>their</W><W>annual</W><W>Christmas</W><W>scam</W><W>(</W><W>they</W><W>&#39;ve</W><W>been</W><W>pulling</W><W>their</W><W>Santa</W><W>heist</W><W>for</W><W>years</W><W>,</W><W>living</W><W>high</W><W>off</W><W>the</W><W>proceeds</W><W>,</W><W>but</W><W>always</W><W>financially</W><W>dry</W><W>as</W><W>a</W><W>bone</W><W>come</W><W>Thanksgiving</W><W>)</W><W>,</W><W>finds</W><W>that</W><W>the</W><W>job</W><W>will</W><C><cue ID="59" type="negation"><W>not</W></cue></C><xcope ID="65"><ref ID="68" SRC="59"></ref><W>come</W><W>as</W><W>easy</W><W>as</W><W>it</W><W>has</W><W>to</W><W>him</W><W>in</W><W>the</W><W>past</W></xcope><W>.</W></SENTENCE><SENTENCE><W>Their</W><W>department</W><W>store</W><W>&#39;s</W><W>sharp-tongued</W><W>detective</W><W>(</W><W>Bernie</W><W>Mac</W><W>)</W><C><W>and</W></C><W>jittery</W><W>manager</W><W>(</W><W>John</W><W>Ritter</W><W>in</W><W>his</W><W>final</W><W>film</W><W>role</W><W>)</W><W>are</W><W>keeping</W><W>a</W><W>close</W><W>eye</W><W>on</W><W>this</W><W>suspiciously</W><W>woozy</W><W>Saint</W><W>Nick</W><W>.</W></SENTENCE><SENTENCE><W>His</W><W>shakes</W><W>are</W><W>getting</W><W>so</W><W>bad</W><W>he</W><C><cue ID="58" type="speculation"><W>can</W></cue></C><xcope ID="66"><ref ID="67" SRC="58"></ref><W>barely</W><W>crack</W><W>a</W><W>safe</W><W>anymore</W></xcope><W>.</W></SENTENCE><SENTENCE><W>What</W><W>&#39;s</W><W>more</W><W>,</W><W>he</W><W>has</W><W>somehow</W><W>,</W><W>against</W><W>all</W><W>odds</W><W>,</W><W>made</W><W>a</W><W>friend</W><W>.</W></SENTENCE><SENTENCE><W>His</W><W>name</W><W>is</W><W>Thurman</W><W>Merman</W><W>(</W><W>Brett</W><W>Kelly</W><W>)</W><W>,</W><C><W>and</W></C><W>he</W><W>&#39;s</W><W>a</W><W>sad</W><W>,</W><W>overweight</W><W>eight-year-old</W><W>boy</W><W>who</W><W>latches</W><W>on</W><W>to</W><W>Willie</W><C><W>and</W></C><W>wo</W><W>n&#39;t</W><W>let</W><W>go</W><W>.</W></SENTENCE><SENTENCE><W>At</W><W>first</W><W>,</W><W>Willie</W><W>takes</W><W>advantage</W><W>of</W><W>the</W><W>situation</W><W>,</W><W>moving</W><W>into</W><W>Thurman</W><W>&#39;s</W><W>house</W><W>,</W><W>which</W><W>the</W><W>boy</W><W>shares</W><W>only</W><W>with</W><W>a</W><W>deeply</W><W>out-of-it</W><W>grandmother</W><W>(</W><W>Cloris</W><W>Leachman</W><W>)</W><W>;</W><W>his</W><W>father</W><W>is</W><W>in</W><W>prison</W><W>for</W><W>insider</W><W>trading</W><W>,</W><W>his</W><W>mother</W><W>&#34;is</W><W>in</W><W>heaven</W><W>with</W><W>God</W><C><W>and</W></C><W>the</W><W>baby</W><W>Jesus</W><W>...and</W><W>the</W><W>talking</W><W>walnut</W><W>&#34;</W><W>.</W></SENTENCE><SENTENCE><W>But</W><W>soon</W><W>,</W><W>Willie</W><W>starts</W><W>to</W><W>realize</W><W>that</W><W>this</W><W>sad</W><W>sack</W><W>of</W><W>a</W><W>kid</W><W>,</W><W>with</W><W>his</W><W>snot-crusted</W><W>upper</W><W>lip</W><C><W>and</W></C><W>Cupid-curls</W><W>hair</W><W>,</W><W>who</W><W>gets</W><W>beaten</W><W>up</W><W>on</W><W>a</W><W>daily</W><W>basis</W><W>by</W><W>skateboard</W><W>punks</W><C><W>and</W></C><W>who</W><W>exalts</W><W>over</W><W>an</W><W>almost-all-C</W><W>&#39;s</W><W>report</W><W>card</W><W>,</W><W>needs</W><W>almost</W><W>as</W><W>much</W><W>help</W><W>as</W><W>Willie</W><W>himself</W><W>.</W></SENTENCE><SENTENCE><C><W>And</W></C><W>Thurman</W><W>,</W><W>to</W><W>his</W><W>credit</W><W>,</W><W>does</W><C><cue ID="60" type="negation"><W>not</W></cue></C><xcope ID="64"><ref ID="70" SRC="60"></ref><C><W>believe</W></C><W>that</W><W>this</W><W>bleary-eyed</W><W>human</W><W>trash</W><W>heap</W><W>is</W><W>really</W><W>Santa</W><W>Claus</W></xcope><W>.</W></SENTENCE><SENTENCE><W>He</W><W>just</W><W>desperately</W><W>needs</W><W>to</W><C><W>believe</W></C><W>in</W><xcope ID="72"><ref COMMENTS="" ID="74" SRC="61"></ref><W>something</W></xcope><W>,</W><C><cue ID="61" type="speculation"><W>or</W></cue></C><xcope ID="71"><ref COMMENTS="" ID="73" SRC="61"></ref><W>else</W></xcope><W>one</W><W>day</W><W>he</W><W>just</W><C><cue ID="62" type="speculation"><W>might</W></cue></C><xcope ID="63"><ref COMMENTS="" ID="69" SRC="62"></ref><W>find</W><W>himself</W><W>in</W><W>a</W><W>Santa</W><W>suit</W></xcope><W>,</W><W>throwing</W><W>up</W><W>in</W><W>an</W><W>alley</W><W>,</W><W>just</W><W>like</W><W>his</W><W>new</W><W>best</W><W>friend</W><W>.</W></SENTENCE></P><P></P><P><SENTENCE><W>Thankfully</W><W>,</W><W>&#34;</W><W>Bad</W><W>Santa</W><W>&#34;</W><W>manages</W><W>to</W><W>tell</W><W>this</W><W>Yuletide</W><W>story</W><W>of</W><W>a</W><W>monster</W><W>&#39;s</W><W>salvation</W><C><cue ID="75" type="negation"><W>without</W></cue></C><xcope ID="85"><ref ID="86" SRC="75"></ref><W>resorting</W><W>to</W><W>the</W><W>&#34;</W><W>Will</W><W>Ferrell</W><W>learns</W><W>the</W><W>true</W><W>meaning</W><W>of</W><W>Christmas</W><W>&#34;</W><W>cliches</W></xcope><W>that</W><W>have</W><W>sent</W><W>many</W><W>a</W><W>holiday</W><W>audience</W><W>into</W><W>sugar</W><W>shock</W><W>over</W><W>the</W><W>years</W><W>.</W></SENTENCE><SENTENCE><W>Director</W><W>Zwigoff</W><W>&#39;s</W><W>past</W><W>films</W><W>,</W><W>including</W><W>the</W><W>remarkable</W><W>documentary</W><W>&#34;</W><W>Crumb</W><W>&#34;</W><C><W>and</W></C><W>the</W><W>dark</W><W>but</W><W>surprisingly</W><W>sweet</W><W>&#34;</W><W>Ghost</W><W>World</W><W>&#34;</W><W>,</W><W>have</W><W>evinced</W><W>a</W><W>soft</W><W>spot</W><W>for</W><W>the</W><W>disenfranchised</W><C><W>and</W></C><W>misunderstood</W><W>souls</W><W>of</W><W>the</W><W>world</W><W>,</W><C><W>and</W></C><W>the</W><W>miracle</W><W>of</W><W>those</W><W>films</W><W>is</W><W>that</W><W>he</W><W>allows</W><W>us</W><W>to</W><W>see</W><C><W>and</W></C><W>embrace</W><W>the</W><W>humanity</W><W>of</W><W>these</W><W>creatures</W><C><cue ID="76" type="negation"><W>without</W></cue></C><xcope ID="84"><ref ID="87" SRC="76"></ref><W>soft-pedaling</W><W>the</W><W>weirdness</W></xcope><C><W>and</W></C><W>nihilism</W><W>that</W><W>has</W><W>made</W><W>them</W><W>outsiders</W><W>to</W><W>begin</W><W>with</W><W>.</W></SENTENCE><SENTENCE><W>Thurman</W><W>&#39;s</W><W>plight</W><W>does</W><W>make</W><W>a</W><W>dent</W><W>in</W><W>Willie</W><W>&#39;s</W><W>stone</W><W>heart</W><W>,</W><W>but</W><W>a</W><W>dent</W><W>is</W><W>all</W><W>it</W><W>is</W><W>;</W><W>for</W><W>all</W><W>we</W><W>know</W><W>,</W><W>he</W><W>&#39;ll</W><W>go</W><W>right</W><W>on</W><W>boozing</W><C><W>and</W></C><W>cussing</W><C><W>and</W></C><W>banging</W><W>fat</W><W>chicks</W><W>till</W><W>his</W><W>liver</W><W>gives</W><W>out</W><C><W>and</W></C><W>they</W><W>carry</W><W>him</W><W>out</W><W>in</W><W>a</W><W>pine</W><W>box</W><W>.</W></SENTENCE><SENTENCE><W>Kelly</W><W>,</W><W>likewise</W><W>,</W><W>is</W><C><cue ID="78" type="negation"><W>not</W></cue></C><xcope ID="83"><ref ID="88" SRC="78"></ref><W>your</W><W>typical</W><W>cookie-cutter</W><W>cute</W><W>movie</W><W>kid</W></xcope><W>.</W></SENTENCE><SENTENCE><W>Take</W><W>&#34;</W><W>The</W><W>Cat</W><W>in</W><W>the</W><W>Hat</W><W>&#34;</W><W>&#39;s</W><W>Spencer</W><W>Breslin</W><W>,</W><W>add</W><W>about</W><W>seventy-five</W><W>pounds</W><W>,</W><W>yellow-crusted</W><W>underwear</W><W>,</W><W>ill-fitting</W><W>shorts</W><W>,</W><C><W>and</W></C><W>an</W><W>intensely</W><W>eyes-locked-on-you</W><W>manner</W><W>that</W><W>is</W><W>as</W><W>creepy</W><W>as</W><W>it</W><W>is</W><W>amusing</W><W>,</W><C><W>and</W></C><W>you</W><C><cue ID="77" type="speculation"><W>can</W></cue></C><xcope ID="82"><ref ID="89" SRC="77"></ref><W>understand</W><W>why</W><W>this</W><W>kid</W><W>gets</W><W>pounded</W><W>on</W><W>every</W><W>day</W></xcope><W>.</W></SENTENCE><SENTENCE><W>But</W><W>when</W><W>Willie</W><W>is</W><W>dumbstruck</W><W>by</W><W>Thurman</W><W>&#39;s</W><W>simple</W><W>sweet</W><W>Christmas</W><W>gift</W><W>of</W><W>a</W><W>wooden</W><W>pickle</W><W>,</W><W>when</W><W>Thurman</W><W>announces</W><W>that</W><W>Santa</W><W>has</W><W>n&#39;t</W><W>brought</W><W>him</W><W>a</W><W>Christmas</W><W>present</W><W>for</W><W>the</W><W>last</W><W>two</W><W>years</W><W>&#34;because</W><W>I</W><W>know</W><W>I</W><W>&#39;m</W><W>just</W><W>a</W><W>dips--t</W><W>loser</W><W>&#34;</W><W>...you</W><W>ca</W><W>n&#39;t</W><W>help</W><W>but</W><W>root</W><W>for</W><W>these</W><W>guys</W><W>.</W></SENTENCE><SENTENCE><cue ID="79" type="speculation"><W>Maybe</W></cue><xcope ID="91"><ref COMMENTS="" ID="92" SRC="79"></ref><C><cue ID="80" type="negation"><W>not</W></cue></C><xcope ID="81"><ref ID="90" SRC="80"></ref><W>to</W><W>become</W><W>president</W></xcope></xcope><W>,</W><W>but</W><W>at</W><W>least</W><W>for</W><W>Thurman</W><W>to</W><W>get</W><W>the</W><W>pink</W><W>stuffed</W><W>elephant</W><W>he</W><W>so</W><W>dearly</W><W>wants</W><W>for</W><W>Christmas</W><W>.</W></SENTENCE><SENTENCE><W>At</W><W>least</W><W>for</W><W>Willie</W><W>to</W><W>find</W><W>a</W><W>reason</W><W>to</W><W>rise</W><W>from</W><W>the</W><W>booze-and-puke</W><W>puddle</W><W>that</W><W>is</W><W>his</W><W>life</W><C><W>and</W></C><W>see</W><W>another</W><W>dawn</W><W>.</W></SENTENCE><SENTENCE><W>That</W><W>Zwigoff</W><W>manages</W><W>to</W><W>move</W><W>us</W><W>with</W><W>these</W><W>characters</W><W>,</W><W>all</W><W>the</W><W>while</W><W>causing</W><W>us</W><W>to</W><W>laugh</W><W>in</W><W>disbelief</W><W>at</W><W>the</W><W>extremity</W><W>of</W><W>Willie</W><W>&#39;s</W><W>awfulness</W><C><W>and</W></C><W>the</W><W>film</W><W>&#39;s</W><C><W>lack</W></C><W>of</W><W>faith</W><W>in</W><W>the</W><W>standard</W><W>Hollywood-Christmas</W><W>quick</W><W>fix</W><W>,</W><W>is</W><W>a</W><W>great</W><W>testament</W><W>to</W><W>both</W><W>the</W><W>director</W><W>&#39;s</W><W>delicate</W><W>touch</W><C><W>and</W></C><W>to</W><W>the</W><W>skilled</W><W>work</W><W>of</W><W>writers</W><W>John</W><W>Requa</W><C><W>and</W></C><W>Glenn</W><W>Ficarra</W><W>,</W><W>who</W><W>also</W><W>scripted</W><W>the</W><W>darker-and-funnier-than-expected</W><W>&#34;</W><W>Cats</W><W>and</W><W>Dogs</W><W>&#34;</W><W>(</W><W>the</W><W>script</W><W>went</W><W>through</W><W>several</W><W>uncredited</W><W>rewrites</W><W>,</W><W>including</W><W>one</W><W>by</W><W>executive</W><W>producers</W><W>Joel</W><C><W>and</W></C><W>Ethan</W><W>Coen</W><C><W>and</W></C><W>one</W><W>by</W><W>Zwigoff</W><W>himself</W><W>)</W><W>.</W></SENTENCE></P><P></P><P><SENTENCE><W>Still</W><W>,</W><W>regardless</W><W>of</W><W>how</W><W>unexpectedly</W><W>touching</W><W>the</W><W>film</W><C><cue ID="94" type="speculation"><W>may</W></cue></C><xcope ID="96"><ref ID="97" SRC="94"></ref><W>be</W></xcope><W>,</W><W>&#34;</W><W>Bad</W><W>Santa</W><W>&#34;</W><W>is</W><W>still</W><W>the</W><W>blackest</W><W>comedy</W><W>in</W><W>many</W><W>a</W><W>moon</W><W>.</W></SENTENCE><SENTENCE><W>I</W><W>am</W><W>personally</W><W>tired</W><W>of</W><W>Hollywood</W><W>pictures</W><W>billing</W><W>themselves</W><W>at</W><W>&#34;outrageous&#34;</W><W>,</W><W>when</W><W>really</W><W>all</W><W>that</W><W>means</W><W>is</W><W>that</W><W>they</W><W>include</W><W>a</W><W>few</W><W>gross</W><W>jokes</W><W>about</W><W>bodily</W><W>fluids</W><W>ending</W><W>up</W><W>in</W><W>somebody</W><W>&#39;s</W><W>Sprite</W><W>.</W></SENTENCE><SENTENCE><W>&#34;</W><W>Bad</W><W>Santa</W><W>&#34;</W><W>is</W><W>the</W><W>first</W><W>comedy</W><W>I</W><W>&#39;ve</W><W>seen</W><W>in</W><W>a</W><W>long</W><W>time</W><W>that</W><W>is</W><W>outrageous</W><W>in</W><W>the</W><W>literal</W><W>sense</W><W>of</W><W>the</W><W>term</W><W>;</W><W>several</W><W>critics</W><W>have</W><W>already</W><W>excoriated</W><W>it</W><W>as</W><W>mean-spirited</W><W>beyond</W><W>redemption</W><W>,</W><C><W>and</W></C><W>a</W><W>possibly-apocryphal</W><W>internet</W><W>news</W><W>item</W><W>had</W><W>Walt</W><W>Disney</W><W>CEO</W><W>Michael</W><W>Eisner</W><W>(</W><W>Disney</W><W>owns</W><W>Miramax</W><W>subsidiary</W><W>Dimension</W><W>,</W><W>which</W><W>released</W><W>this</W><W>film</W><W>)</W><W>denouncing</W><W>the</W><W>picture</W><W>as</W><W>an</W><W>insult</W><W>to</W><W>the</W><W>memory</W><W>of</W><W>the</W><W>company</W><W>&#39;s</W><W>founder</W><W>.</W></SENTENCE><SENTENCE><C><W>And</W></C><W>the</W><W>film</W><W>is</W><W>guilty</W><W>of</W><W>everything</W><W>it</W><W>&#39;s</W><W>been</W><W>accused</W><W>of</W><W>.</W></SENTENCE><SENTENCE><W>It</W><W>&#39;s</W><W>foul-mouthed</W><W>,</W><W>it</W><W>&#39;s</W><W>sex-and-booze-drenched</W><W>,</W><W>it</W><W>literally</W><W>pees</W><W>on</W><W>the</W><W>good</W><W>feelings</W><W>many</W><W>of</W><W>us</W><W>have</W><W>for</W><W>the</W><W>holiday</W><W>season</W><W>,</W><W>it</W><W>scores</W><W>laughs</W><W>off</W><W>of</W><W>midgets</W><C><W>and</W></C><W>elderly</W><W>shut-ins</W><C><W>and</W></C><W>fat</W><W>kids</W><C><W>and</W></C><W>drunks</W><W>.</W></SENTENCE><SENTENCE><W>But</W><W>you</W><W>know</W><W>what</W><W>?</W></SENTENCE><SENTENCE><W>It</W><W>gets</W><W>those</W><W>laughs</W><W>.</W></SENTENCE><SENTENCE><W>The</W><W>audience</W><W>I</W><W>saw</W><W>the</W><W>film</W><W>with</W><W>laughed</W><W>throughout</W><W>the</W><W>film</W><W>,</W><W>at</W><W>several</W><W>points</W><W>so</W><W>loudly</W><W>that</W><W>I</W><W>missed</W><W>lines</W><W>of</W><W>dialogue</W><W>completely</W><W>.</W></SENTENCE><SENTENCE><W>Of</W><W>course</W><W>,</W><W>there</W><W>were</W><W>people</W><W>that</W><W>got</W><W>up</W><C><W>and</W></C><W>walked</W><W>out</W><W>,</W><W>including</W><W>the</W><W>middle-aged</W><W>couple</W><W>sitting</W><W>next</W><W>to</W><W>me</W><W>.</W></SENTENCE><SENTENCE><C><W>And</W></C><W>to</W><W>them</W><W>I</W><W>say</W><W>,</W><W>hey</W><W>,</W><W>different</W><W>strokes</W><W>.</W></SENTENCE><SENTENCE><C><cue ID="93" type="speculation"><W>If</W></cue></C><xcope ID="95"><ref COMMENTS="" ID="98" SRC="93"></ref><W>you</W><W>want</W><W>a</W><W>nicer</W><W>Christmas</W><W>movie</W></xcope><W>,</W><W>&#34;</W><W>Elf</W><W>&#34;</W><W>is</W><W>still</W><W>playing</W><W>across</W><W>the</W><W>hall</W><W>.</W></SENTENCE></P><P></P><P><SENTENCE><W>&#34;</W><W>Bad</W><W>Santa</W><W>&#34;</W><W>is</W><W>a</W><W>refreshing</W><W>antidote</W><W>to</W><W>all</W><W>those</W><W>other</W><W>holiday</W><W>movies</W><W>that</W><W>wrap</W><W>the</W><W>season</W><W>in</W><W>prepackaged</W><W>,</W><W>mass-marketed</W><W>&#34;</W><W>cheer</W><W>&#34;</W><W>.</W></SENTENCE><SENTENCE><W>It</W><W>&#39;s</W><W>a</W><W>brazen</W><W>,</W><W>daring</W><W>,</W><W>no-holds-barred</W><W>comic</W><W>assault</W><W>on</W><W>many</W><W>of</W><W>the</W><W>values</W><W>that</W><W>we</W><W>hold</W><W>most</W><W>dear</W><W>,</W><W>from</W><W>the</W><W>sanctity</W><W>of</W><W>family</W><W>to</W><W>the</W><W>importance</W><W>of</W><W>good</W><W>personal</W><W>hygiene</W><W>.</W></SENTENCE><SENTENCE><C><W>And</W></C><W>,</W><W>amazingly</W><W>enough</W><W>,</W><W>it</W><W>still</W><W>manages</W><W>to</W><W>carry</W><W>a</W><C><W>potent</W></C><W>message</W><W>about</W><W>how</W><C><cue ID="99" type="negation"><W>no</W></cue></C><xcope ID="107"><ref COMMENTS="" ID="114" SRC="99"></ref><W>person</W><W>is</W><W>beyond</W><W>salvation</W></xcope><C><cue ID="100" type="speculation"><W>if</W></cue></C><xcope ID="106"><ref COMMENTS="" ID="113" SRC="100"></ref><W>he</W><C><cue ID="101" type="speculation"><W>can</W></cue></C><xcope ID="105"><ref COMMENTS="" ID="112" SRC="101"></ref><W>find</W><W>it</W><W>within</W><W>his</W><W>pickled</W></xcope></xcope><W>,</W><W>diabolical</W><W>soul</W><W>to</W><W>commit</W><W>one</W><W>act</W><W>that</W><W>is</W><W>for</W><W>the</W><W>good</W><W>of</W><W>the</W><W>world</W><C><W>and</W></C><W>others</W><W>.</W></SENTENCE><SENTENCE><W>&#34;</W><W>Bad</W><W>Santa</W><W>&#34;</W><W>reminds</W><W>us</W><W>of</W><W>a</W><W>message</W><W>that</W><W>is</W><W>always</W><W>useful</W><W>to</W><W>hear</W><W>:</W><C><cue ID="103" type="negation"><W>no</W></cue></C><xcope ID="109"><ref COMMENTS="" ID="111" SRC="103"></ref><W>one</W></xcope><W>,</W><W>even</W><W>the</W><W>most</W><W>loathsome</W><W>of</W><W>us</W><W>all</W><W>,</W><W>is</W><W>completely</W><C><cue ID="102" type="negation"><W>without</W></cue></C><xcope ID="108"><ref ID="110" SRC="102"></ref><W>value</W></xcope><W>.</W></SENTENCE><SENTENCE><W>It</W><W>&#39;s</W><W>the</W><W>same</W><W>message</W><W>as</W><W>&#34;</W><W>It</W><W>&#39;s</W><W>a</W><W>Wonderful</W><W>Life&#34;</W><W>,</W><W>albeit</W><W>delivered</W><W>with</W><W>a</W><W>lot</W><W>more</W><W>f-words</W><C><W>and</W></C><W>flying</W><W>liquor</W><W>bottles</W><W>.</W></SENTENCE><SENTENCE><C><W>And</W></C><W>I</W><C><cue ID="104" type="speculation"><W>suspect</W></cue></C><W>,</W><W>among</W><W>a</W><W>small</W><W>core</W><W>of</W><W>twisted</W><W>,</W><W>clever</W><W>misfits</W><W>,</W><W>&#34;</W><W>Bad</W><W>Santa</W><W>&#34;</W><W>will</W><W>join</W><W>that</W><W>Jimmy</W><W>Stewart</W><W>chestnut</W><W>as</W><W>a</W><W>perennial</W><W>holiday</W><W>favorite</W><W>.</W></SENTENCE><SENTENCE><W>Best</W><W>enjoyed</W><W>,</W><W>of</W><W>course</W><W>,</W><W>with</W><W>eggnog</W><W>.</W></SENTENCE><SENTENCE><W>HEAVILY</W><W>fortified</W><W>.</W></SENTENCE></P></DOCUMENT>
