<?xml version="1.0" encoding="UTF-8"?>
<DOCUMENT><P/><P><SENTENCE><C><cue ID="0" type="negation"><W>Not</W></cue></C><xcope ID="5"><ref COMMENTS="" ID="10" SRC="0"/><W>since</W><W>Dan</W><W>Akroyd</W><W>donned</W><W>his</W><W>own</W><W>thread</W><W>bare</W><W>red</W><C><W>and</W></C><W>white</W><W>outfit</W></xcope><W>,</W><W>in</W><W>the</W><W>movie</W><W>Trading</W><W>Places</W><W>,</W><W>has</W><W>the</W><W>world</W><W>seen</W><W>such</W><W>a</W><W>sad</W><C><W>and</W></C><W>pathetic</W><W>Santa</W><W>Claus</W><W>as</W><W>the</W><W>one</W><W>played</W><W>by</W><W>Billy</W><W>Bob</W><W>Thornton</W><W>in</W><W>the</W><W>newly</W><W>released</W><W>motion</W><W>picture</W><W>Bad</W><W>Santa</W><W>.</W></SENTENCE><SENTENCE><W>Kris</W><W>Kringle</W><W>will</W><C><cue ID="1" type="negation"><W>never</W></cue></C><xcope ID="6"><ref COMMENTS="" ID="11" SRC="1"/><W>be</W><W>looked</W><W>at</W><W>in</W><W>the</W><W>same</W><W>way</W><W>again</W><W>for</W><W>anyone</W><W>that</W><W>sees</W><W>this</W><W>hilarious</W><W>uptake</W><W>on</W><W>the</W><W>bearded</W><W>man</W><W>from</W><W>the</W><W>North</W></xcope><W>.</W></SENTENCE></P><P/><P><SENTENCE><W>Willie</W><W>T.</W><W>Stokes</W><W>(</W><W>Thornton</W><W>)</W><W>as</W><W>Santa</W><W>Claus</W><W>is</W><W>like</W><W>having</W><W>Mr.</W><W>T</W><W>play</W><W>Peter</W><W>Pan</W><W>.</W></SENTENCE><SENTENCE><W>It</W><W>just</W><cue ID="2" type="negation"><W>does</W><W>nt</W></cue><xcope ID="7"><ref COMMENTS="" ID="12" SRC="2"/><W>sound</W><W>right</W></xcope><W>.</W></SENTENCE><SENTENCE><W>Thats</W><W>what</W><W>makes</W><W>Bad</W><W>Santa</W><W>such</W><W>a</W><W>hilariously</W><W>funny</W><W>movie</W><C><W>and</W></C><W>one</W><W>that</W><W>I</W><C><cue ID="3" type="speculation"><W>think</W></cue></C><xcope ID="8"><ref COMMENTS="" ID="13" SRC="3"/><W>fans</W><W>around</W><W>the</W><W>world</W><W>are</W><W>going</W><W>to</W><W>love</W></xcope><W>,</W><C><cue ID="4" type="speculation"><W>possibly</W></cue></C><xcope COMMENTS="" ID="71"><ref COMMENTS="" ID="72" SRC="4"/><W>over</W><C><W>and</W></C><W>over</W></xcope><W>.</W></SENTENCE></P><P/><P><SENTENCE><W>Remember</W><W>the</W><W>loveable</W><W>Edmund</W><W>Gwenn</W><W>in</W><W>the</W><W>classic</W><W>Christmas</W><W>movie</W><W>,</W><W>Miracle</W><W>on</W><W>34th</W><W>Street</W><W>?</W></SENTENCE><SENTENCE><W>You</W><W>remember</W><W>him</W><W>for</W><W>all</W><W>the</W><W>right</W><W>reasons</W><W>.</W></SENTENCE><SENTENCE><W>He</W><W>was</W><W>caring</W><W>,</W><W>honest</W><W>,</W><C><W>and</W></C><W>enthusiastic</W><W>about</W><W>being</W><W>Santa</W><W>.</W></SENTENCE><SENTENCE><W>Youre</W><W>going</W><W>to</W><W>walk</W><W>out</W><W>of</W><W>Bad</W><W>Santa</W><W>remembering</W><W>Thornton</W><W>for</W><W>all</W><W>of</W><W>the</W><W>wrong</W><W>reasons</W><W>.</W></SENTENCE><SENTENCE><W>He</W><W>cusses</W><W>,</W><W>smokes</W><W>,</W><W>drinks</W><W>.</W></SENTENCE><SENTENCE><C><W>And</W></C><W>that</W><W>s</W><W>all</W><W>before</W><W>breakfast</W><W>.</W></SENTENCE></P><P/><P><SENTENCE><W>Manhola</W><W>Dargis</W><W>of</W><W>the</W><W>Los</W><W>Angeles</W><W>times</W><W>says</W><W>of</W><W>Thorntons</W><W>character</W><W>;</W><W>A</W><W>man</W><W>whose</W><W>talent</W><W>for</W><W>expletives</W><C><cue ID="15" type="speculation"><W>would</W></cue></C><xcope ID="16"><ref COMMENTS="" ID="17" SRC="15"/><W>give</W></xcope><W>.</W></SENTENCE><SENTENCE><W>Dr</W><W>Dre</W><W>pause</W><W>.</W><W>&quot;</W></SENTENCE></P><P/><P><SENTENCE><W>Tony</W><W>Cox</W><W>,</W><W>who</W><W>is</W><C><cue ID="18" type="speculation"><W>probably</W></cue></C><xcope ID="20"><ref COMMENTS="" ID="22" SRC="18"/><W>best</W><W>known</W><W>for</W><W>his</W><W>work</W><W>as</W><W>the</W><W>limo</W><W>driver</W><W>in</W><W>Jim</W><W>Carreys</W><W>Me</W><W>,</W><W>Myself</W><W>,</W><C><W>and</W></C><W>Irene</W><W>movie</W></xcope><W>,</W><W>plays</W><W>Marcus</W><W>,</W><W>Willies</W><W>assistant</W><W>.</W></SENTENCE><SENTENCE><W>For</W><W>such</W><W>a</W><W>little</W><W>guy</W><W>he</W><W>has</W><W>a</W><W>big</W><W>job</W><W>trying</W><W>to</W><W>keep</W><W>Willie</W><W>in</W><W>line</W><W>just</W><W>long</W><W>enough</W><W>to</W><W>finish</W><W>another</W><W>job</W><C><W>and</W></C><W>another</W><W>Christmas</W><W>season</W><W>.</W></SENTENCE><SENTENCE><W>This</W><W>is</W><W>nt</W><W>an</W><W>easy</W><W>task</W><W>considering</W><W>Willies</W><W>tendencies</W><W>but</W><W>one</W><W>that</W><W>Marcus</W><C><cue ID="19" type="speculation"><W>must</W></cue></C><xcope ID="21"><ref COMMENTS="" ID="23" SRC="19"/><W>do</W></xcope><W>.</W></SENTENCE></P><P/><P><SENTENCE><W>The</W><W>beautiful</W><W>,</W><W>sexy</W><W>,</W><C><W>and</W></C><W>talented</W><W>Lauren</W><W>Graham</W><W>,</W><W>last</W><W>seen</W><W>with</W><W>Keanu</W><W>Reeves</W><W>in</W><W>Sweet</W><W>November</W><W>,</W><W>plays</W><W>Sue</W><W>,</W><W>a</W><W>smoking</W><W>hot</W><W>bartender</W><W>with</W><W>a</W><W>thing</W><W>for</W><W>Santa</W><W>.</W></SENTENCE><SENTENCE><W>Graham</W><W>brings</W><W>a</W><W>wonderful</W><W>glow</W><W>to</W><W>the</W><W>screen</W><W>in</W><W>her</W><W>scenes</W><W>with</W><W>Thornton</W><W>.</W></SENTENCE><SENTENCE><W>Her</W><W>beautiful</W><W>smile</W><W>is</W><W>breathtaking</W><C><W>and</W></C><C><cue ID="24" type="speculation"><W>could</W></cue></C><xcope ID="26"><ref COMMENTS="" ID="27" SRC="24"/><W>melt</W><W>ice</W><W>off</W><W>the</W><W>Rocky</W><W>Mountains</W><W>.</W></xcope></SENTENCE></P><P/><P><SENTENCE><W>Bernie</W><W>Mac</W><W>plays</W><W>Gin</W><W>,</W><W>a</W><W>chain</W><W>smoking</W><W>,</W><W>orange</W><W>eating</W><W>mall</W><W>security</W><W>man</W><W>that</W><W>finds</W><W>out</W><W>more</W><W>than</W><W>he</W><C><cue ID="25" type="speculation"><W>should</W></cue></C><W>about</W><W>Willie</W><C><W>and</W></C><W>Marcus</W><C><W>and</W></C><W>gets</W><W>more</W><W>than</W><W>he</W><W>bargained</W><W>for</W><W>.</W></SENTENCE><SENTENCE><W>His</W><W>scene</W><W>with</W><W>Tony</W><W>where</W><W>they</W><W>try</W><W>to</W><W>get</W><W>a</W><W>drunken</W><W>Willie</W><W>out</W><W>of</W><W>the</W><W>mall</W><W>is</W><W>so</W><W>funny</W><W>I</W><W>had</W><W>tears</W><W>in</W><W>my</W><W>eyes</W><W>.</W></SENTENCE></P><P/><P><SENTENCE><W>Newcomer</W><W>Brett</W><W>Kelly</W><W>plays</W><W>the</W><W>kid</W><W>,</W><W>Thurman</W><W>Merman</W><W>.</W></SENTENCE><SENTENCE><W>Snot</W><W>nosed</W><W>,</W><W>overweight</W><W>,</W><C><W>and</W></C><W>generally</W><W>messed</W><W>up</W><W>in</W><W>the</W><W>head</W><W>,</W><W>Kellys</W><W>scenes</W><W>with</W><W>Thornton</W><W>bring</W><W>out</W><W>the</W><W>humanity</W><W>in</W><W>a</W><W>man</W><W>that</W><W>otherwise</W><W>has</W><C><cue ID="28" type="negation"><W>none</W></cue></C><W>.</W></SENTENCE></P><P/><P><SENTENCE><W>The</W><W>late</W><W>comedian</W><W>John</W><W>Ritter</W><W>has</W><W>a</W><W>small</W><W>part</W><W>in</W><W>this</W><W>movie</W><W>as</W><W>the</W><W>mall</W><W>manager</W><W>that</W><W>finds</W><W>out</W><W>he</W><C><cue ID="29" type="speculation"><W>may</W></cue></C><xcope ID="31"><ref COMMENTS="" ID="33" SRC="29"/><W>have</W><W>hired</W><W>the</W><W>wrong</W><W>type</W><W>of</W><W>person</W><W>to</W><W>be</W><W>their</W><W>store</W><W>Santa</W></xcope><W>after</W><W>finding</W><W>Bad</W><W>Santa</W><W>banging</W><W>a</W><W>heavy</W><W>set</W><W>woman</W><W>in</W><W>the</W><W>dressing</W><W>room</W><W>of</W><W>the</W><W>Three</W><W>Times</W><W>a</W><W>Lady</W><W></W><W>department</W><W>.</W></SENTENCE></P><P/><P><SENTENCE><W>This</W><W>movie</W><W>,</W><W>even</W><W>with</W><W>Thorntons</W><W>disturbing</W><W>language</W><C><W>and</W></C><W>attitude</W><W>,</W><W>was</W><C><cue ID="30" type="speculation"><W>possibly</W></cue></C><xcope ID="32"><ref COMMENTS="" ID="34" SRC="30"/><W>one</W><W>of</W><W>the</W><W>funniest</W><W>that</W><W>I</W><W>have</W><W>seen</W><W>lately</W></xcope><W>.</W></SENTENCE><SENTENCE><W>Willies</W><W>way</W><W>with</W><W>the</W><W>women</W><W>,</W><W>his</W><W>alcoholism</W><W>,</W><W>his</W><W>smoking</W><W>,</W><W>all</W><W>of</W><W>these</W><W>things</W><W>made</W><W>me</W><W>want</W><W>to</W><W>love</W><W>the</W><W>character</W><W>,</W><W>to</W><W>love</W><W>the</W><W>movie</W><W>.</W></SENTENCE></P><P/><P><SENTENCE><W>This</W><W>movie</W><cue ID="35" type="negation"><W>is</W><W>nt</W></cue><xcope ID="50"><ref COMMENTS="" ID="63" SRC="35"/><W>for</W><W>little</W><W>kids</W></xcope><W>.</W></SENTENCE><SENTENCE><W>The</W><W>language</W><W>alone</W><C><cue ID="36" type="speculation"><W>would</W></cue></C><xcope ID="51"><ref ID="64" SRC="36"/><W>make</W><W>a</W><W>Hip</W><W>Hop</W><W>crowd</W><W>blush</W></xcope><W>.</W></SENTENCE><SENTENCE><W>But</W><W>for</W><W>adults</W><W>,</W><W>this</W><W>movie</W><C><cue ID="37" type="speculation"><W>could</W></cue></C><xcope ID="52"><ref ID="65" SRC="37"/><W>be</W><W>one</W><W>of</W><W>the</W><W>best</W><W>of</W><W>the</W><W>holiday</W><W>season</W></xcope><W>.</W></SENTENCE><SENTENCE><W>I</W><cue ID="38" type="negation"><W>have</W><W>nt</W></cue><xcope ID="53"><ref COMMENTS="" ID="66" SRC="38"/><W>seen</W><W>Elf</W></xcope><W></W><W>yet</W><W>but</W><W>I</W><W>seriously</W><C><cue COMMENTS="" ID="73" type="negation"><W>cannot</W></cue></C><xcope ID="54"><ref COMMENTS="" ID="75" SRC="73"/><W>imagine</W><W>it</W><W>being</W><W>as</W><W>funny</W><W>for</W><W>adults</W><W>as</W><W>Bad</W><W>Santa</W></xcope><W>.</W></SENTENCE></P><P/><P><SENTENCE><W>Leave</W><W>the</W><W>kids</W><W>at</W><W>home</W><C><W>and</W></C><W>enjoy</W><W>Bad</W><W>Santa</W><W>as</W><W>soon</W><W>as</W><W>you</W><C><cue ID="40" type="speculation"><W>can</W></cue></C><W>.</W></SENTENCE></P><P/><P><SENTENCE><W>As</W><W>a</W><W>matter</W><W>of</W><W>record</W><W>let</W><W>me</W><W>just</W><W>say</W><W>that</W><C><cue ID="41" type="speculation"><W>if</W></cue></C><xcope COMMENTS="" ID="76"><ref COMMENTS="" ID="77" SRC="41"/><W>you</W><W>are</W><W>trying</W><W>to</W><W>quit</W><W>smoking</W><W>you</W><C><cue ID="42" type="speculation"><W>probably</W></cue></C><xcope ID="70"><ref COMMENTS="" ID="71" SRC="42"/><cue ID="43" type="negation"><W>dont</W></cue><xcope ID="56"><ref COMMENTS="" ID="69" SRC="43"/><W>want</W><W>to</W><W>see</W><W>this</W><W>movie</W></xcope></xcope></xcope><W>.</W></SENTENCE><SENTENCE><W>I</W><C><cue ID="44" type="speculation"><W>think</W></cue></C><xcope ID="57"><ref COMMENTS="" ID="72" SRC="44"/><W>I</W><W>got</W><W>lung</W><W>cancer</W></xcope><W>(</W><W>I</W><W>know</W><W>this</W><W>is</W><C><cue ID="45" type="negation"><W>no</W></cue></C><xcope ID="58"><ref ID="73" SRC="45"/><W>laughing</W><W>matter</W></xcope><W>)</W><W>just</W><W>watching</W><W>this</W><W>movie</W><W>.</W></SENTENCE><SENTENCE><C><W>And</W></C><C><cue ID="46" type="speculation"><W>if</W></cue></C><xcope COMMENTS="" ID="78"><ref COMMENTS="" ID="79" SRC="46"/><W>you</W><W>are</W><W>a</W><W>recovering</W><W>alcoholic</W><W>you</W><C><cue ID="47" type="speculation"><W>might</W></cue></C><xcope ID="60"><ref ID="75" SRC="47"/><W>want</W><W>to</W><W>sit</W><W>this</W><W>one</W><W>out</W><W>as</W><W>well</W></xcope></xcope><W>.</W></SENTENCE><SENTENCE><W>I</W><W>am</W><W>willing</W><W>to</W><W>bet</W><W>that</W><W>Stolichnaya</W><W>Vodka</W><W>was</W><C><cue ID="48" type="speculation"><W>either</W></cue></C><xcope ID="61"><ref ID="76" SRC="48"/><W>paid</W></xcope><C><cue ID="49" type="speculation"><W>or</W></cue></C><xcope ID="62"><ref ID="77" SRC="49"/><W>paid</W><W>to</W><W>have</W><W>their</W><W>product</W><W>so</W><W>visible</W><W>in</W><W>this</W><W>movie</W></xcope><W>.</W></SENTENCE></P></DOCUMENT>