<?xml version="1.0" encoding="UTF-8"?>
<DOCUMENT><P></P><P><SENTENCE><W>Plot</W><W>Details</W><W>:</W><W>This</W><W>opinion</W><W>reveals</W><W>major</W><W>details</W><W>about</W><W>the</W><W>movie</W><W>&#39;s</W><W>plot</W><W>.</W></SENTENCE></P><P></P><P><SENTENCE><W>So</W><W>relieved</W><W>Bad</W><W>Santa</W><W>had</W><W>a</W><W>happy</W><W>compromising</W><W>ending</W><W>.</W></SENTENCE><SENTENCE><W>What</W><W>with</W><W>the</W><W>main</W><W>character</W><W>,</W><W>Willie</W><W>Stokes</W><W>(</W><W>Billy</W><W>Bob</W><W>Thornton</W><W>)</W><W>being</W><W>a</W><W>cussing</W><W>,</W><W>boozing</W><W>,</W><W>womanizing</W><W>,</W><W>thieving</W><W>,</W><W>insulting</W><W>Santa</W><W>it</W><C><cue ID="0" type="speculation"><W>would</W></cue></C><xcope ID="5"><ref COMMENTS="" ID="8" SRC="0"></ref><W>be</W><W>a</W><W>let</W><W>down</W><C><cue ID="1" type="speculation"><W>if</W></cue></C><xcope ID="4"><ref COMMENTS="" ID="7" SRC="1"></ref><W>it</W><cue ID="2" type="negation"><W>did</W><W>nt</W></cue><xcope ID="3"><ref COMMENTS="" ID="6" SRC="2"></ref><W>have</W><W>a</W><W>happy</W><W>ending</W></xcope></xcope></xcope><W>.</W></SENTENCE></P><P></P><P><SENTENCE><W>Picture</W><W>a</W><W>man</W><W>who</W><W>was</W><W>abused</W><W>as</W><W>a</W><W>child</W><W>growing</W><W>up</W><W>to</W><W>be</W><W>a</W><W>fake</W><W>Santa</W><W>in</W><W>order</W><W>to</W><W>rob</W><W>the</W><W>department</W><W>store</W><W>safe</W><C><W>and</W></C><W>expensive</W><W>clothing</W><W>,</W><W>which</W><W>is</W><W>fenced</W><W>.</W></SENTENCE><SENTENCE><W>Then</W><W>taking</W><W>off</W><W>for</W><W>Florida</W><W>for</W><W>a</W><W>few</W><W>months</W><W>until</W><W>the</W><W>winter</W><W>holiday</W><W>restarts</W><W>.</W></SENTENCE><SENTENCE><W>Thats</W><W>Willie</W><C><W>and</W></C><W>his</W><W>elf</W><W>partner</W><W>in</W><W>crime</W><W>,</W><W>Marcus</W><W>(</W><W>Tony</W><W>Cox</W><W>)</W><W>,</W><W>a</W><W>3</W><W>foot</W><W>Black</W><W>dwarf</W><W>.</W></SENTENCE><SENTENCE><W>Marcus</W><W>tries</W><W>to</W><W>keep</W><W>Willie</W><W>in</W><W>line</W><W>just</W><W>long</W><W>enough</W><W>to</W><W>pull</W><W>off</W><W>the</W><W>big</W><W>score</W><W>.</W></SENTENCE><SENTENCE><W>After</W><W>that</W><W>hes</W><W>done</W><W>with</W><W>Willie</W><C><W>and</W></C><cue ID="9" type="negation"><W>does</W><W>nt</W></cue><xcope ID="10"><ref COMMENTS="" ID="11" SRC="9"></ref><W>want</W><W>to</W><W>see</W><W>him</W><W>again</W><W>until</W><W>the</W><W>next</W><W>Holiday</W><W>season</W><W>when</W><W>they</W><W>start</W><W>up</W><W>posing</W><W>as</W><W>Santa</W><C><W>and</W></C><W>his</W><W>elf</W></xcope><W>.</W></SENTENCE><SENTENCE><W>Willie</W><W>is</W><W>the</W><W>worst</W><W>Santa</W><W>.</W></SENTENCE><SENTENCE><W>He</W><W>insults</W><W>the</W><W>kids</W><W>(</W><W></W><W>Whadya</W><W>want</W><W></W><W>Okay</W><W>,</W><W>get</W><W>outta</W><W>here</W><W></W><W>)</W><C><W>and</W></C><W>arrives</W><W>at</W><W>work</W><W>drunk</W><W>.</W></SENTENCE></P><P></P><P><SENTENCE><W>When</W><W>they</W><W>venture</W><W>to</W><W>Arizona</W><W>with</W><W>their</W><W>act</W><W>,</W><W>Store</W><W>Manager</W><W>John</W><W>Ritter</W><W>thinks</W><W>hes</W><W>got</W><W>a</W><W>salary</W><W>break</W><W>:</W><W>two</W><W>for</W><W>one</W><W>.</W></SENTENCE><SENTENCE><W>He</W><W>soon</W><W>becomes</W><W>suspicious</W><W>of</W><W>the</W><W>two</W><W>when</W><W>he</W><W>catches</W><W>Willie</W><W>using</W><W>foul</W><W>language</W><W>in</W><W>front</W><W>of</W><W>the</W><W>kids</W><C><W>and</W></C><W>fornicating</W><W>with</W><W>a</W><W>female</W><W>clerk</W><W>.</W></SENTENCE><SENTENCE><W>The</W><W>store</W><W>detective</W><W>(</W><W>Bernie</W><W>Mac</W><W>)</W><W>is</W><W>consulted</W><W>,</W><C><W>and</W></C><W>starts</W><W>to</W><C><W>investigate</W></C><W>their</W><W>past</W><W>.</W></SENTENCE><SENTENCE><W>When</W><W>he</W><W>figures</W><W>out</W><W>what</W><W>theyre</W><W>doing</W><W></W><W>robbing</W><W>the</W><W>store</W><W></W><W>he</W><W>wants</W><W>a</W><W>cut</W><W>of</W><W>the</W><W>loot</W><W>.</W></SENTENCE></P><P></P><P><SENTENCE><W>Thankfully</W><W>,</W><W>there</W><W>is</W><W>a</W><W>charming</W><W>kid</W><W>,</W><W>Thuman</W><W>Merman</W><W>(</W><W>portly</W><W>cherubic</W><W>Brett</W><W>Kelly</W><W>)</W><W>who</W><W>believes</W><W>in</W><W>Willie</W><C><W>and</W></C><W>adopts</W><W>him</W><W>as</W><W>a</W><W>surrogate</W><W>dad</W><W>.</W></SENTENCE><SENTENCE><W>(</W><W>I</W><cue ID="12" type="negation"><W>wont</W></cue><xcope ID="13"><ref COMMENTS="" ID="14" SRC="12"></ref><W>reveal</W><W>where</W><W>the</W><W>real</W><W>dad</W><W>is</W></xcope><W>)</W><C><cue ID="15" type="negation"><W>No</W></cue></C><xcope ID="16"><ref COMMENTS="" ID="17" SRC="15"></ref><W>matter</W><W>how</W><W>awfully</W><W>Willie</W><W>talks</W><W>to</W><W>the</W><W>kid</W><W>,</W><W>he</W><W>so</W><W>desperately</W><W>wants</W><W>a</W><W>male</W><W>figure</W><W>he</W><W>accepts</W><W>Willie</W><W>for</W><W>what</W><W>he</W><W>is</W></xcope><W>.</W></SENTENCE><SENTENCE><W>Theres</W><W>an</W><W>attractive</W><W>barmaid</W><W>(</W><W>Lauren</W><W>Graham</W><W>)</W><W>who</W><W>has</W><W>a</W><W>fetish</W><W>for</W><W>Santas</W><C><W>and</W></C><W>has</W><W>fun</W><W>as</W><W>Willies</W><W>sex</W><W>mate</W><W>.</W></SENTENCE><SENTENCE><C><cue ID="18" type="speculation"><W>If</W></cue></C><xcope ID="23"><ref COMMENTS="" ID="26" SRC="18"></ref><W>these</W><W>characters</W><cue ID="19" type="negation"><W>werent</W></cue><xcope ID="22"><ref COMMENTS="" ID="25" SRC="19"></ref><W>so</W><W>unbelievably</W><W>funny</W><W>they</W><C><cue ID="20" type="speculation"><W>would</W></cue></C><xcope ID="21"><ref COMMENTS="" ID="24" SRC="20"></ref><W>be</W><W>implausible</W></xcope></xcope></xcope><W>.</W></SENTENCE></P><P></P><P><SENTENCE><W>Everything</W><W>that</W><W>s</W><W>politically</W><W>incorrect</W><W>(</W><W>alcohol</W><W>binging</W><W>,</W><W>swearing</W><W>,</W><W>loud-mouth</W><W>insults</W><W>)</W><W>is</W><W>there</W><W>.</W></SENTENCE><SENTENCE><W>Leave</W><W>your</W><W>purity</W><C><W>and</W></C><W>religiosity</W><W>at</W><W>home</W><W>.</W></SENTENCE></P><P></P><P><SENTENCE><W>Billy</W><W>Bob</W><W>Thornton</W><W>is</W><W>such</W><W>a</W><W>versatile</W><W>actor</W><W>.</W></SENTENCE><SENTENCE><W>He</W><W>played</W><W>character-driven</W><W>supporting</W><W>roles</W><C><W>and</W></C><W>now</W><W>hes</W><W>lead</W><W>in</W><W>a</W><W>black</W><W>comedy</W><W>.</W></SENTENCE><SENTENCE><W>With</W><W>a</W><W>scruffy</W><W>unshaven</W><W>beard</W><C><W>and</W></C><W>a</W><W>slouching</W><W>body</W><W>,</W><W>his</W><W>makes</W><W>Willie</W><W>memorable</W><W>although</W><W>unfavorably</W><W>.</W></SENTENCE><SENTENCE><W>He</W><C><W>and</W></C><W>Tony</W><W>Cox</W><W>demonstrate</W><W>perfect</W><W>comic</W><W>timing</W><W>as</W><W>crime</W><W>buddies</W><W>.</W></SENTENCE><SENTENCE><W>Brett</W><W>Kelly</W><W>plays</W><W>the</W><W>kid</W><W>with</W><W>such</W><W>sympathy</W><C><W>and</W></C><W>earnestness</W><W>you</W><W>want</W><W>to</W><W>throw</W><W>him</W><W>a</W><W>teddy</W><W>bear</W><W>for</W><W>comfort</W><W>.</W></SENTENCE></P><P></P><P><SENTENCE><W>You</W><W>will</W><W>laugh</W><W>when</W><W>you</W><cue ID="27" type="negation"><W>dont</W></cue><xcope ID="28"><ref COMMENTS="" ID="29" SRC="27"></ref><W>want</W><W>to</W><W>laugh</W><C><W>and</W></C><C><W>feel</W></C><W>embarrassed</W><W>for</W><W>doing</W><W>so</W></xcope><W>.</W></SENTENCE></P></DOCUMENT>
