<?xml version="1.0" encoding="UTF-8"?>
<DOCUMENT><P></P><P><SENTENCE><W>Plot</W><W>Details</W><W>:</W><W>This</W><W>opinion</W><W>reveals</W><W>minor</W><W>details</W><W>about</W><W>the</W><W>movie</W><W>&#39;</W><W>&#39;s</W><W>plot</W><W>.</W></SENTENCE></P><P></P><P><SENTENCE><W>Calendar</W><W>Girls</W><W>,</W><W>which</W><W>has</W><W>already</W><W>seen</W><W>a</W><W>release</W><W>in</W><W>Britain</W><W>,</W><W>will</W><W>be</W><W>making</W><W>its</W><W>way</W><W>over</W><W>the</W><W>Atlantic</W><W>in</W><W>time</W><W>for</W><W>the</W><W>holiday</W><W>season</W><W>.</W></SENTENCE><SENTENCE><W>Luckily</W><W>,</W><W>I</W><W>get</W><W>these</W><W>nice</W><W>invitations</W><W>from</W><W>the</W><W>Philadelphia</W><W>Film</W><W>Society</W><W>to</W><W>attend</W><W>sneak</W><W>previews</W><C><W>and</W></C><W>premieres</W><W>,</W><W>so</W><W>my</W><W>wife</W><C><W>and</W></C><W>I</W><W>found</W><W>ourselves</W><W>treated</W><W>to</W><W>a</W><W>free</W><W>screening</W><W>of</W><W>this</W><W>film</W><W>a</W><W>good</W><W>month</W><W>before</W><W>it</W><W>hits</W><W>theaters</W><W>.</W></SENTENCE><SENTENCE><W>This</W><W>is</W><C><cue ID="0" type="negation"><W>not</W></cue></C><xcope ID="1"><ref ID="2" SRC="0"></ref><W>the</W><W>type</W><W>of</W><W>film</W><W>I</W><W>normally</W><W>enjoy</W><W>seeing</W><W>in</W><W>the</W><W>theater</W></xcope><W>,</W><W>by</W><W>the</W><W>way</W><W>.</W></SENTENCE><SENTENCE><W>For</W><W>me</W><W>,</W><W>the</W><W>big-screen</W><W>experience</W><W>is</W><W>all</W><W>about</W><W>stunning</W><W>visuals</W><W>,</W><W>thundering</W><W>sounds</W><W>,</W><C><W>and</W></C><W>jaw-dropping</W><W>special</W><W>effects</W><W>.</W></SENTENCE><SENTENCE><W>That</W><W>said</W><W>,</W><W>I</W><W>completely</W><W>enjoyed</W><W>Calendar</W><W>Girls</W><W>as</W><W>a</W><W>happy</W><W>,</W><W>spirited</W><W>,</W><W>light-hearted</W><W>,</W><W>peculiarly</W><W>English</W><W>comedy</W><W>.</W></SENTENCE></P><P></P><P><SENTENCE><W>Characters</W><W>and</W><W>Plot</W></SENTENCE></P><P></P><P><SENTENCE><W>The</W><W>Knapely</W><W>chapter</W><W>of</W><W>the</W><W>Women</W><W>&#39;s</W><W>Institute</W><W>(</W><W>W.I.</W><W>)</W><W>is</W><W>n&#39;t</W><W>very</W><W>interesting</W><W>.</W></SENTENCE><SENTENCE><W>In</W><W>fact</W><W>,</W><W>it</W><W>&#39;s</W><W>downright</W><W>boring</W><W>.</W></SENTENCE><SENTENCE><W>Topics</W><W>like</W><W>the</W><W>history</W><W>of</W><W>broccoli</W><C><W>and</W></C><W>carpets</W><W>tend</W><W>to</W><W>predominate</W><W>the</W><W>presentations</W><W>,</W><C><W>and</W></C><W>right</W><W>from</W><W>the</W><W>beginning</W><W>,</W><W>we</W><W>find</W><W>ourselves</W><W>laughing</W><W>along</W><W>with</W><W>our</W><W>two</W><W>main</W><W>protagonists</W><W>,</W><W>Annie</W><W>(</W><W>Julie</W><W>Walters</W><W>)</W><C><W>and</W></C><W>Chris</W><W>(</W><W>Helen</W><W>Mirren</W><W>)</W><W>,</W><W>as</W><W>they</W><W>suffer</W><W>through</W><W>the</W><W>deadly</W><W>dull</W><W>pontifications</W><W>that</W><W>make</W><W>up</W><W>the</W><W>WI</W><W>meetings</W><W>.</W></SENTENCE><SENTENCE><W>Early</W><W>in</W><W>the</W><W>film</W><W>,</W><W>however</W><W>,</W><W>tragedy</W><W>sets</W><W>in</W><W>as</W><W>Annie</W><W>&#39;s</W><W>husband</W><W>begins</W><W>an</W><W>unsuccessful</W><W>battle</W><W>with</W><W>leukemia</W><W>.</W></SENTENCE></P><P></P><P><SENTENCE><W>Fairly</W><W>soon</W><W>after</W><W>his</W><W>death</W><W>,</W><W>the</W><W>Knapely</W><W>W.I.</W><W>finds</W><W>itself</W><W>once</W><W>again</W><W>in</W><W>the</W><W>position</W><W>of</W><W>having</W><W>to</W><W>publish</W><W>its</W><W>annual</W><W>calendar</W><W>for</W><W>charity</W><W>.</W></SENTENCE><SENTENCE><C><W>Instead</W></C><W>of</W><W>the</W><xcope ID="14"><ref ID="16" SRC="12"></ref><W>usual</W><W>church</W><W>buildings</W></xcope><C><cue ID="12" type="speculation"><W>or</W></cue></C><xcope ID="13"><ref COMMENTS="" ID="15" SRC="12"></ref><W>pictures</W><W>of</W><W>Yorkshire</W></xcope><W>,</W><W>however</W><W>,</W><W>Chris</W><W>decides</W><W>that</W><W>something</W><W>different</W><W>is</W><W>needed</W><W>.</W></SENTENCE><SENTENCE><W>After</W><W>receiving</W><W>some</W><W>inspiration</W><W>from</W><W>one</W><W>of</W><W>her</W><W>son</W><W>&#39;s</W><W>&#34;adult</W><W>&#34;</W><W>magazines</W><C><W>and</W></C><W>a</W><W>gas-station</W><W>biker-chick</W><W>calendar</W><W>,</W><W>she</W><W>conceives</W><W>the</W><C><W>idea</W></C><W>of</W><W>a</W><W>calendar</W><W>picturing</W><W>various</W><W>members</W><W>of</W><W>the</W><W>W.I.</W><W>in</W><W>the</W><W>nude</W><W>.</W></SENTENCE><SENTENCE><W>Of</W><W>course</W><W>,</W><W>they</W><C><cue ID="5" type="speculation"><W>would</W></cue></C><xcope ID="6"><ref COMMENTS="" ID="9" SRC="5"></ref><W>be</W><W>doing</W><W>very</W><W>W.I.-appropriate</W><W>activities</W></xcope><W>while</W><W>in</W><W>their</W><W>birthday</W><W>suits</W><W>,</W><W>so</W><W>it</W><C><cue ID="3" type="speculation"><W>would</W></cue></C><xcope ID="8"><ref ID="11" SRC="3"></ref><W>be</W><W>more</W><W>classy</W><W>than</W><W>crass</W></xcope><W>.</W></SENTENCE><SENTENCE><W>The</W><W>money</W><W>raised</W><C><cue ID="4" type="speculation"><W>would</W></cue></C><xcope ID="7"><ref COMMENTS="" ID="10" SRC="4"></ref><W>go</W><W>to</W><W>the</W><W>local</W><W>hospital</W><W>&#39;s</W><W>leukemia</W><W>ward</W></xcope><W>.</W></SENTENCE></P><P></P><P><SENTENCE><W>Soon</W><W>,</W><W>despite</W><W>opposition</W><W>from</W><W>the</W><W>local</W><W>chapter</W><W>president</W><W>,</W><C><W>and</W></C><W>some</W><W>last-minute</W><W>pleas</W><W>to</W><W>the</W><W>general</W><W>W.I.</W><W>convention</W><W>,</W><W>the</W><W>calendar</W><W>goes</W><W>to</W><W>press</W><W>.</W></SENTENCE><SENTENCE><W>What</W><W>follows</W><W>is</W><W>a</W><W>media</W><W>frenzy</W><W>that</W><W>was</W><W>entirely</W><W>unexpected</W><W>,</W><W>leading</W><W>to</W><W>BBC</W><W>spots</W><W>,</W><W>tabloid</W><W>reporters</W><W>,</W><W>Late</W><W>Night</W><W>appearances</W><W>,</W><W>sleazy</W><W>Hollywood</W><W>directors</W><W>,</W><C><W>and</W></C><W>lots</W><C><W>and</W></C><W>lots</W><W>of</W><W>money</W><W>raised</W><W>for</W><W>the</W><W>local</W><W>hospital</W><W>.</W></SENTENCE></P><P></P><P><SENTENCE><W>What</W><W>Did</W><W>I</W><C><W>Think</W></C><W>?</W></SENTENCE></P><P></P><P><SENTENCE><W>I</W><W>really</W><W>liked</W><W>Calendar</W><W>Girls</W><W>.</W></SENTENCE><SENTENCE><W>Part</W><W>of</W><W>its</W><W>charm</W><W>as</W><W>a</W><W>film</W><W>is</W><W>its</W><W>very</W><W>charming</W><W>cast</W><W>of</W><W>characters</W><W>,</W><W>especially</W><W>the</W><W>female</W><W>leads</W><W>.</W></SENTENCE><SENTENCE><W>Helen</W><W>Mirren</W><W>sparkles</W><W>as</W><W>Chris</W><W>,</W><W>portraying</W><W>a</W><W>small-town</W><W>woman</W><W>with</W><W>an</W><W>abundance</W><W>of</W><W>energy</W><W>,</W><W>enthusiasm</W><W>,</W><C><W>and</W></C><W>grit</W><W>.</W></SENTENCE><SENTENCE><W>Julie</W><W>Walters</W><W>brings</W><W>a</W><W>quiet</W><W>poignancy</W><W>to</W><W>Annie</W><W>,</W><W>with</W><W>an</W><W>undercurrent</W><W>of</W><W>humor</W><C><W>and</W></C><W>grace</W><W>.</W></SENTENCE><SENTENCE><W>Almost</W><W>all</W><W>of</W><W>the</W><W>other</W><W>W.I.</W><W>women</W><W>are</W><W>very</W><W>believable</W><W>in</W><W>their</W><W>characters</W><W>,</W><W>with</W><W>a</W><W>whole</W><W>range</W><W>of</W><W>body</W><W>types</W><C><W>and</W></C><W>personalities</W><W>to</W><W>round</W><W>out</W><W>the</W><W>calendar</W><W>(</W><C><W>and</W></C><W>film</W><W>)</W><W>.</W></SENTENCE></P><P></P><P><SENTENCE><W>One</W><W>of</W><W>the</W><W>wonderful</W><W>elements</W><W>of</W><W>this</W><W>picture</W><W>is</W><W>its</W><W>celebration</W><W>of</W><W>beauty</W><W>outside</W><W>of</W><W>Hollywood</W><C><W>and</W></C><W>magazine</W><W>pages</W><W>.</W></SENTENCE><SENTENCE><W>Helen</W><W>Mirren</W><W>,</W><W>undeniably</W><W>a</W><W>very</W><W>attractive</W><W>older</W><W>woman</W><W>,</W><W>brings</W><W>a</W><W>spark</W><W>of</W><W>glamour</W><W>to</W><W>the</W><W>story</W><W>,</W><W>but</W><W>the</W><W>very</W><W>ordinariness</W><W>of</W><W>many</W><W>of</W><W>the</W><W>other</W><W>women</W><W>,</W><C><W>and</W></C><W>the</W><W>art</W><W>with</W><W>which</W><W>they</W><W>are</W><W>presented</W><W>in</W><W>the</W><W>calendar</W><W>is</W><W>a</W><W>refreshing</W><W>reminder</W><W>that</W><W>beauty</W><C><cue ID="25" type="speculation"><W>can</W></cue></C><xcope ID="26"><ref COMMENTS="" ID="27" SRC="25"></ref><W>be</W><W>more</W><W>than</W><W>we</W><W>see</W><W>in</W><W>Cosmopolitan</W><C><W>and</W></C><W>Access</W><W>Hollywood</W></xcope><W>.</W></SENTENCE></P><P></P><P><SENTENCE><W>Despite</W><W>all</W><W>the</W><W>high-sounding</W><W>declarations</W><W>above</W><W>about</W><W>beauty</W><C><W>and</W></C><W>truth</W><W>,</W><W>the</W><W>simple</W><W>fact</W><W>is</W><W>that</W><W>this</W><W>is</W><W>a</W><W>fun</W><W>movie</W><W>.</W></SENTENCE><SENTENCE><W>The</W><W>subject</W><W>matter</W><W>lends</W><W>itself</W><W>to</W><W>all</W><W>sorts</W><W>of</W><W>hilarity</W><W>.</W></SENTENCE><SENTENCE><W>From</W><W>the</W><W>reactions</W><W>of</W><W>the</W><W>models</W><W>&#39;</W><W>husbands</W><C><W>and</W></C><W>families</W><W>,</W><W>to</W><W>the</W><W>media</W><W>blitz</W><W>,</W><W>there</W><W>are</W><W>many</W><W>moments</W><W>of</W><W>outright</W><W>laughter</W><W>throughout</W><W>the</W><W>film</W><W>.</W></SENTENCE></P><P></P><P><SENTENCE><W>Anything</W><W>Wrong</W><W>With</W><W>It</W><W>?</W></SENTENCE></P><P></P><P><SENTENCE><W>There</W><W>were</W><W>a</W><W>few</W><W>flaws</W><W>I</W><W>found</W><W>in</W><W>Calendar</W><W>Girls</W><W>.</W></SENTENCE><SENTENCE><W>A</W><W>few</W><W>conflicts</W><W>were</W><W>developed</W><W>that</W><C><cue ID="17" type="negation"><W>never</W></cue></C><xcope ID="24"><ref ID="26" SRC="17"></ref><W>found</W><W>any</W><W>resolution</W><W>in</W><W>the</W><W>film</W></xcope><W>.</W></SENTENCE><SENTENCE><W>Of</W><W>course</W><W>,</W><W>there</W><W>is</W><C><cue ID="18" type="negation"><W>no</W></cue></C><xcope ID="25"><ref ID="27" SRC="18"></ref><W>absolute</W><W>necessity</W><W>to</W><W>wrap</W><W>everything</W><W>up</W><W>neatly</W><W>by</W><W>the</W><W>end</W><W>of</W><W>an</W><W>hour</W><C><W>and</W></C><W>a</W><W>half</W></xcope><W>,</W><W>but</W><W>it</W><W>is</W><W>nice</W><W>to</W><W>see</W><W>at</W><W>least</W><W>the</W><W>beginnings</W><W>of</W><W>a</W><W>resolution</W><W>on</W><W>most</W><W>of</W><W>the</W><W>issues</W><W>.</W></SENTENCE><SENTENCE><W>One</W><W>particular</W><W>storyline</W><W>involving</W><W>Chris</W><W>&#39;s</W><W>son</W><W>does</W><W>provide</W><W>a</W><W>few</W><W>comedy</W><C><W>and</W></C><W>a</W><W>few</W><W>drama</W><W>moments</W><W>,</W><xcope ID="23"><ref ID="28" SRC="19"></ref><W>but</W><W>peters</W><W>out</W></xcope><W>,</W><C><cue ID="19" type="speculation"><W>or</W></cue></C><xcope ID="22"><ref ID="29" SRC="19"></ref><W>is</W><W>lost</W><W>in</W><W>the</W><W>wash</W><W>of</W><W>the</W><W>story</W><W>&#39;s</W><W>climax</W></xcope><W>.</W></SENTENCE></P><P></P><P><SENTENCE><W>The</W><W>other</W><W>small</W><W>complaint</W><W>I</W><C><cue ID="20" type="speculation"><W>could</W></cue></C><xcope ID="21"><ref ID="30" SRC="20"></ref><W>express</W><W>regards</W><W>the</W><W>Hollywood</W><W>furor</W><W>that</W><W>develops</W><W>around</W><W>the</W><W>Knapely</W><W>women</W></xcope><W>.</W></SENTENCE><SENTENCE><W>This</W><W>segment</W><W>of</W><W>the</W><W>film</W><W>,</W><W>while</W><W>funny</W><W>at</W><W>times</W><W>,</W><W>devolves</W><W>into</W><W>a</W><W>not-too-subtle</W><W>critique</W><W>of</W><W>Hollywood</W><C><W>and</W></C><W>the</W><W>television</W><W>industry</W><W>.</W></SENTENCE><SENTENCE><W>I</W><W>&#39;m</W><W>all</W><W>for</W><W>critiquing</W><W>the</W><W>establishment</W><W>,</W><W>by</W><W>the</W><W>way</W><W>,</W><W>but</W><W>to</W><W>my</W><W>mind</W><W>,</W><W>transferring</W><W>the</W><W>movie</W><W>&#39;s</W><W>action</W><W>to</W><W>L.A.</W><W>stripped</W><W>away</W><W>some</W><W>of</W><W>the</W><W>English</W><W>charm</W><W>that</W><W>had</W><W>attended</W><W>it</W><W>to</W><W>that</W><W>point</W><W>.</W></SENTENCE><SENTENCE><W>That</W><W>said</W><W>,</W><W>it</W><W>does</W><W>n&#39;t</W><W>by</W><W>any</W><W>means</W><W>ruin</W><W>the</W><W>film</W><W>.</W></SENTENCE><SENTENCE><W>I</W><W>just</W><W>found</W><W>that</W><W>portion</W><W>to</W><W>be</W><W>a</W><W>bit</W><W>more</W><W>forced</W><W>than</W><W>the</W><W>rest</W><W>.</W></SENTENCE></P><P></P><P><SENTENCE><W>Final</W><W>Thoughts</W></SENTENCE></P><P></P><P><SENTENCE><W>Calendar</W><W>Girls</W><W>is</W><W>quite</W><W>simply</W><W>an</W><W>all-around</W><W>enjoyable</W><W>film</W><W>.</W></SENTENCE><SENTENCE><W>The</W><W>acting</W><W>is</W><W>solid</W><W>,</W><W>the</W><W>premise</W><W>is</W><W>believable</W><W>(</W><W>good</W><W>thing</W><W>,</W><W>as</W><W>it</W><W>&#39;s</W><W>based</W><W>on</W><W>a</W><W>true</W><W>story</W><W>)</W><W>,</W><C><W>and</W></C><W>the</W><W>whole</W><W>experience</W><W>is</W><W>rife</W><W>with</W><W>humor</W><W>.</W></SENTENCE><SENTENCE><W>The</W><W>few</W><W>flaws</W><W>hardly</W><W>detract</W><W>from</W><W>the</W><W>general</W><W>sense</W><W>of</W><W>enjoyment</W><W>engendered</W><W>by</W><W>the</W><W>movie</W><W>.</W></SENTENCE><SENTENCE><W>Even</W><C><cue ID="31" type="speculation"><W>if</W></cue></C><xcope ID="35"><ref ID="42" SRC="31"></ref><W>this</W><W>kind</W><W>of</W><W>film</W><cue ID="36" type="negation"><W>is</W><W>n&#39;t</W></cue><xcope ID="37"><ref ID="41" SRC="36"></ref><W>your</W><W>cup</W><W>of</W><W>tea</W></xcope></xcope><W>,</W><C><cue ID="32" type="speculation"><W>think</W></cue></C><xcope ID="38"><ref ID="40" SRC="32"></ref><W>about</W><W>renting</W><W>it</W><W>when</W><W>it</W><W>hits</W><W>your</W><W>local</W><W>video</W><W>store</W></xcope><W>.</W></SENTENCE><SENTENCE><W>It</W><W>&#39;s</W><W>definitely</W><W>worth</W><W>seeing</W><C><cue ID="33" type="speculation"><W>if</W></cue></C><xcope ID="34"><ref ID="39" SRC="33"></ref><W>you</W><W>&#39;re</W><W>home</W><W>for</W><W>a</W><W>quiet</W><W>evening</W></xcope><W>.</W></SENTENCE></P></DOCUMENT>
