<?xml version="1.0" encoding="UTF-8"?>
<DOCUMENT><P></P><P><SENTENCE><W>Plot</W><W>Details</W><W>:</W><W>This</W><W>opinion</W><W>reveals</W><W>everything</W><W>about</W><W>the</W><W>movie</W><W>&#39;s</W><W>plot</W><W>.</W></SENTENCE></P><P></P><P><SENTENCE><C><cue ID="0" type="speculation"><W>If</W></cue></C><xcope ID="20"><ref COMMENTS="" ID="21" SRC="0"></ref><W>you</W><W>use</W><W>&#34;bad</W><W>&#34;</W><W>to</W><W>mean</W><W>&#34;good&#34;</W><W>,</W><W>then</W><W>Bad</W><W>Santa</W><W>is</W><W>very</W><W>bad</W><W>,</W><W>indeed</W></xcope><W>.</W></SENTENCE></P><P></P><P><SENTENCE><W>Billy</W><W>Bob</W><W>Thorton</W><W>plays</W><W>Willy</W><W>Stokes</W><W>,</W><W>a</W><W>drunkard/safecracker</W><W>,</W><W>who</W><W>with</W><W>the</W><W>help</W><W>of</W><W>his</W><W>dwarf-friend</W><W>Marcus</W><W>(</W><W>Tony</W><W>Cox</W><W>)</W><W>robs</W><W>shopping</W><W>malls</W><W>after</W><W>posing</W><W>as</W><W>Santa</W><W>during</W><W>the</W><W>holiday</W><W>season</W><W>.</W></SENTENCE><SENTENCE><W>On</W><W>this</W><W>particular</W><W>go</W><W>,</W><W>the</W><W>pair</W><W>winds</W><W>up</W><W>in</W><W>Arizona</W><W>,</W><W>an</W><W>inspired</W><W>choice</W><W>since</W><W>the</W><W>Southern</W><W>California</W><W>thing</W><W>has</W><W>been</W><W>done</W><W>to</W><W>death</W><W>.</W></SENTENCE><SENTENCE><W>John</W><W>Ritter</W><W>plays</W><W>a</W><W>department</W><W>store</W><W>manager</W><W>,</W><W>who</W><W>in</W><W>an</W><W>attempt</W><W>to</W><W>cut-costs</W><W>,</W><W>fires</W><W>the</W><W>store</W><W>&#39;s</W><W>regular</W><W>Santa</W><C><W>and</W></C><W>hires</W><W>the</W><W>cheaper</W><W>Billy-bob</W><W>.</W></SENTENCE><SENTENCE><W>Then</W><W>,</W><W>the</W><W>fun</W><W>begins</W><W>...</W></SENTENCE></P><P></P><P><SENTENCE><W>Billy-bob</W><W>is</W><W>so</W><W>unredeemable</W><C><W>and</W></C><W>disgusting</W><W>that</W><W>you</W><cue ID="1" type="negation"><W>ca</W><W>n&#39;t</W></cue><xcope ID="2"><ref COMMENTS="" ID="3" SRC="1"></ref><W>help</W></xcope><W>,</W><W>but</W><W>laugh</W><W>when</W><W>brat</W><W>after</W><W>brat</W><W>climbs</W><W>aboard</W><W>his</W><W>tipsy</W><W>lap</W><C><W>and</W></C><W>lists</W><W>their</W><W>demands</W><W>.</W></SENTENCE><SENTENCE><W>Billy-Bob</W><W>whines</W><C><W>and</W></C><W>scowls</W><W>his</W><W>way</W><W>through</W><W>each</W><W>day</W><W>,</W><C><W>and</W></C><W>store</W><W>manager</W><W>,</W><W>John</W><W>Ritter</W><W>,</W><C><W>and</W></C><W>partner</W><W>in</W><W>crime</W><W>,</W><W>Tony</W><W>Cox</W><W>become</W><W>more</W><C><W>and</W></C><W>more</W><W>agitated</W><W>by</W><W>Billy</W><W>Bob</W><W>&#39;s</W><W>behavior</W><W>.</W></SENTENCE><SENTENCE><W>Meanwhile</W><W>,</W><W>Billy-bob</W><W>has</W><W>met</W><W>Sue</W><W>(</W><W>Lauren</W><W>Graham</W><W>)</W><W>,</W><W>who</W><W>has</W><W>a</W><W>thing</W><W>for</W><W>being</W><W>naughty</W><W>,</W><C><W>and</W></C><W>a</W><W>chubby</W><W>snot-nosed</W><W>loser</W><W>played</W><W>perfectly</W><W>by</W><W>Brett</W><W>Kelly</W><W>.</W></SENTENCE><SENTENCE><W>(</W><W>Brett</W><W>&#39;s</W><W>performance</W><W>is</W><W>perfect</W><W>;</W><W>he</W><W>at</W><W>once</W><W>is</W><W>repulsive</W><C><W>and</W></C><W>yet</W><W>,</W><W>somehow</W><W>sympathetic</W><W>.</W><W>)</W></SENTENCE></P><P></P><P><SENTENCE><W>The</W><W>movie</W><W>,</W><W>however</W><W>,</W><W>begins</W><W>to</W><W>take</W><W>a</W><W>dark</W><W>turn</W><W>with</W><W>about</W><W>thirty</W><W>minutes</W><W>left</W><W>.</W></SENTENCE><SENTENCE><W>The</W><W>mall</W><W>&#39;s</W><W>security</W><W>officer</W><W>finds</W><W>out</W><W>about</W><W>the</W><W>previous</W><W>mall</W><W>robberies</W><W>by</W><W>Marcus</W><C><W>and</W></C><W>Willy</W><W>,</W><C><W>and</W></C><W>blackmails</W><W>the</W><W>pair</W><W>.</W></SENTENCE><SENTENCE><W>That</W><W>in</W><W>itself</W><cue ID="4" type="speculation"><C><W>would</W></C><W>n&#39;t</W></cue><xcope COMMENTS="" ID="6"><ref COMMENTS="" ID="8" SRC="4"></ref><W>be</W><W>so</W><W>bad</W></xcope><W>,</W><W>but</W><W>eventually</W><W>Marcus</W><C><W>and</W></C><W>his</W><W>horrible</W><W>girlfriend</W><W>kill</W><W>the</W><W>security</W><W>guard</W><C><W>and</W></C><W>during</W><W>their</W><W>annual</W><W>robbery</W><W>,</W><W>double-cross</W><W>Billy-bob</W><W>.</W></SENTENCE><SENTENCE><W>By</W><W>this</W><W>point</W><W>,</W><W>Billy-bob</W><W>has</W><C><cue ID="5" type="negation"><W>not</W></cue></C><xcope COMMENTS="" ID="7"><ref COMMENTS="" ID="9" SRC="5"></ref><W>exactly</W><W>reformed</W><W>his</W><W>ways</W></xcope><W>,</W><W>but</W><W>now</W><W>,</W><W>at</W><W>least</W><W>cares</W><W>enough</W><W>about</W><W>the</W><W>fat</W><W>loser</W><W>kid</W><W>to</W><W>want</W><W>to</W><W>get</W><W>him</W><W>a</W><W>gift</W><W>(</W><W>a</W><W>pink</W><W>elephant</W><W>)</W><W>.</W></SENTENCE><SENTENCE><W>He</W><W>&#39;s</W><W>chased</W><W>to</W><W>the</W><W>kids</W><W>house</W><W>where</W><W>he</W><W>&#39;s</W><W>shot</W><W>eight</W><W>times</W><W>while</W><W>trying</W><W>to</W><W>deliver</W><W>the</W><W>stuffed</W><W>elephant</W><W>.</W></SENTENCE><SENTENCE><W>I</W><W>guess</W><W>to</W><W>the</W><W>tune</W><W>of</W><W>a</W><W>Christmas</W><W>miracle</W><W>,</W><W>he</W><W>survives</W><W>.</W></SENTENCE><SENTENCE><W>The</W><W>film</W><W>manages</W><W>to</W><W>revive</W><W>itself</W><W>a</W><W>little</W><W>with</W><W>a</W><W>letter</W><W>that</W><W>Billy-Bob</W><W>sends</W><W>the</W><W>fat</W><W>kid</W><W>from</W><W>prison</W><C><W>and</W></C><W>the</W><W>movie</W><W>ends</W><W>,</W><W>happily</W><W>.</W></SENTENCE></P><P></P><P><SENTENCE><W>I</W><W>really</W><W>enjoyed</W><W>most</W><W>of</W><W>this</W><W>film</W><W>.</W></SENTENCE><SENTENCE><W>The</W><W>focus</W><W>group</W><W>ending</W><W>bothered</W><W>me</W><W>;</W><W>it</W><W>felt</W><W>a</W><W>little</W><W>bit</W><W>like</W><W>the</W><W>writer</W><cue COMMENTS="" ID="10" type="negation"><W>did</W><W>n&#39;t</W></cue><xcope COMMENTS="" ID="15"><ref COMMENTS="" ID="21" SRC="10"></ref><W>know</W><W>how</W><W>to</W><W>end</W><W>it</W></xcope><W>.</W></SENTENCE><SENTENCE><W>I</W><cue COMMENTS="" ID="11" type="negation"><W>was</W><W>n&#39;t</W></cue><xcope COMMENTS="" ID="16"><ref COMMENTS="" ID="20" SRC="11"></ref><W>a</W><W>huge</W><W>fan</W><W>of</W><W>the</W><W>dark</W><W>turn</W><W>it</W><W>took</W></xcope><W>,</W><W>but</W><W>I</W><cue ID="23" type="negation"><W>did</W><W>n&#39;t</W></cue><xcope ID="24"><ref COMMENTS="" ID="26" SRC="23"></ref><C><cue ID="22" type="speculation"><W>think</W></cue></C><xcope COMMENTS="" ID="17"><ref COMMENTS="" ID="25" SRC="22"></ref><W>it</W><W>hurt</W><W>the</W><W>film</W><W>as</W><W>much</W><W>as</W><W>the</W><W>happy</W><W>ending</W></xcope></xcope><W>.</W></SENTENCE><SENTENCE><W>The</W><W>performances</W><W>were</W><W>all</W><W>really</W><W>fantastic</W><W>(</W><W>all</W><W>the</W><W>supporting</W><W>cast</W><W>did</W><W>wonderful</W><W>jobs</W><W>)</W><W>.</W></SENTENCE><SENTENCE><W>The</W><W>script</W><C><cue COMMENTS="" ID="13" type="speculation"><W>could</W></cue></C><xcope COMMENTS="" ID="18"><ref COMMENTS="" ID="24" SRC="13"></ref><W>have</W><W>used</W><W>some</W><W>tightening</W><W>near</W><W>the</W><W>end</W></xcope><W>,</W><W>but</W><W>as</W><W>I</W><W>said</W><W>,</W><W>the</W><W>&#34;letter</W><W>&#34;</W><W>made</W><W>up</W><W>for</W><W>it</W><W>a</W><W>bit</W><W>.</W></SENTENCE><SENTENCE><W>I</W><C><cue COMMENTS="" ID="14" type="speculation"><W>would</W></cue></C><xcope COMMENTS="" ID="19"><ref COMMENTS="" ID="23" SRC="14"></ref><W>highly</W><W>recommend</W><W>this</W><W>to</W><W>anyone</W><W>who</W><W>thinks</W><W>what</W><W>the</W><W>malls</W><W>have</W><W>done</W><W>to</W><W>Christmas</W><W>is</W><W>a</W><W>crime</W></xcope><W>.</W></SENTENCE></P></DOCUMENT>
