<?xml version="1.0" encoding="UTF-8"?>
<DOCUMENT><P></P><P><SENTENCE><W>The</W><W>Haunted</W><W>Mansion</W><W>was</W><W>a</W><W>fun</W><W>Disney</W><W>movie</W><W>.</W></SENTENCE><SENTENCE><W>Because</W><W>Disney</W><W>produced</W><W>this</W><W>film</W><W>,</W><W>you</W><cue ID="0" type="speculation"><C><W>would</W></C><W>nt</W></cue><xcope ID="19"><ref COMMENTS="" ID="35" SRC="0"></ref><C><W>expect</W></C><W>the</W><W>film</W><W>to</W><W>be</W><W>scary</W></xcope><W>,</W><W>but</W><W>to</W><W>the</W><W>contrary</W><W>,</W><W>my</W><W>wife</W><W>screamed</W><W>several</W><W>times</W><C><W>and</W></C><W>grabbed</W><W>my</W><W>arm</W><W>for</W><W>protection</W><W>.</W></SENTENCE><SENTENCE><W>I</W><W>was</W><W>on</W><W>my</W><W>honeymoon</W><W>in</W><W>Lake</W><W>Tahoe</W><W>when</W><W>I</W><W>went</W><W>to</W><W>see</W><W>this</W><W>movie</W><W>.</W></SENTENCE><SENTENCE><W>My</W><W>new</W><W>wife</W><C><W>thought</W></C><xcope ID="20"><W>it</W></xcope><C><cue ID="2" type="speculation"><W>would</W></cue></C><xcope ID="21"><ref COMMENTS="" ID="36" SRC="2"></ref><W>be</W><W>fun</W><W>to</W><W>see</W><W>so</W><W>I</W><W>agreed</W><W>to</W><W>see</W><W>it</W><W>with</W><W>her</W></xcope><W>.</W></SENTENCE><SENTENCE><W>I</W><W>was</W><W>thinking</W><W>that</W><W>it</W><C><cue ID="3" type="speculation"><W>would</W></cue></C><xcope COMMENTS="" ID="35"><ref COMMENTS="" ID="36" SRC="3"></ref><W>be</W><W>lame</W><W>as</W><W>I</W><C><cue ID="4" type="speculation"><W>thought</W></cue></C><xcope ID="23"><ref COMMENTS="" ID="38" SRC="4"></ref><W>Eddie</W><W>Murphy</W><W>did</W><W>a</W><W>bad</W><W>job</W><W>on</W><W>Dr.</W><W>Doolittle</W></xcope><W>.</W></xcope></SENTENCE><SENTENCE><W>I</W><W>was</W><W>shocked</W><W>to</W><W>find</W><W>that</W><W>the</W><W>movie</W><W>,</W><W>Haunted</W><W>Mansion</W><W>,</W><W>was</W><W>actually</W><W>acted</W><W>out</W><C><W>and</W></C><W>directed</W><W>very</W><W>well</W><W>.</W></SENTENCE><SENTENCE><W>The</W><W>scary</W><W>scenes</W><W>mostly</W><W>were</W><W>a</W><W>little</W><W>scary</W><C><W>and</W></C><W>the</W><W>funny</W><W>scenes</W><W>were</W><W>funny</W><W>enough</W><W>to</W><W>be</W><W>laughed</W><W>at</W><W>.</W></SENTENCE><SENTENCE><W>I</W><cue ID="5" type="speculation"><W>cant</W></cue><xcope ID="24"><ref COMMENTS="" ID="39" SRC="5"></ref><W>remember</W><W>any</W><W>part</W><W>of</W><W>the</W><W>movie</W><W>where</W><W>I</W><W>wanted</W><W>to</W><W>look</W><W>down</W><W>at</W><W>my</W><W>watch</W></xcope><C><W>and</W></C><W>see</W><W>how</W><W>much</W><W>longer</W><W>we</W><W>had</W><W>before</W><W>we</W><C><cue ID="6" type="speculation"><W>could</W></cue></C><xcope ID="25"><ref COMMENTS="" ID="40" SRC="6"></ref><W>leaveand</W></xcope><W>Im</W><W>a</W><W>stubborn</W><W>goat</W><W>.</W></SENTENCE><SENTENCE><W>The</W><W>film</W><C><cue ID="7" type="speculation"><W>would</W></cue></C><xcope ID="26"><ref COMMENTS="" ID="41" SRC="7"></ref><W>be</W><W>wonderful</W><W>for</W><W>children</W><W>of</W><W>any</W><W>age</W><W>as</W><W>long</W><W>as</W><W>children</W><W>under</W><W>8</W><W>had</W><W>an</W><W>adult</W><W>close</W><W>by</W><W>for</W><W>those</W><W>scary</W><W>moments</W></xcope><W>.</W></SENTENCE><SENTENCE><W>There</W><W>are</W><W>very</W><W>many</W><W>wonderful</W><W>treats</W><W>film-wise</W><W>(</W><W>effects</W><C><W>and</W></C><W>sounds</W><W>)</W><W>.</W></SENTENCE><SENTENCE><W>I</W><W>am</W><W>one</W><W>who</W><W>analyzes</W><W>films</W><W>enough</W><W>to</W><W>predict</W><W>the</W><W>next</W><W>action</W><W>taken</W><W>,</W><W>but</W><W>this</W><W>film</W><W>gave</W><W>a</W><W>few</W><W>surprises</W><W>(</W><W>I</W><W>will</W><W>be</W><W>creating</W><W>films</W><W>as</W><W>a</W><W>computer</W><W>animator</W><W>,</W><W>thus</W><W>I</W><W>analyze</W><W>)</W><W>.</W></SENTENCE><SENTENCE><W>I</W><W>found</W><W>it</W><W>interesting</W><W>that</W><W>the</W><W>story</W><W>was</W><W>told</W><W>well</W><C><W>and</W></C><W>it</W><W>corresponded</W><W>enough</W><W>with</W><W>the</W><W>ride</W><W>to</W><W>have</W><W>a</W><W>familiar</W><W>tone</W><W>,</W><W>but</W><W>had</W><W>enough</W><W>originality</W><W>that</W><W>I</W><W>did</W><C><cue ID="9" type="negation"><W>not</W></cue></C><xcope ID="27"><ref COMMENTS="" ID="42" SRC="9"></ref><C><W>feel</W></C><W>as</W><W>though</W><W>I</W><W>was</W><W>on</W><W>the</W><W>ride</W></xcope><W>I</W><W>have</W><W>ridden</W><W>hundreds</W><W>of</W><W>times</W><W>before</W><W>(</W><W>being</W><W>a</W><W>former</W><W>mouse</W><W>employee</W><W>)</W><W>.</W></SENTENCE><SENTENCE><W>The</W><W>beginning</W><W>of</W><W>the</W><W>story</W><W>took</W><W>a</W><W>while</W><W>to</W><W>run</W><C><W>and</W></C><W>made</W><W>me</W><W>a</W><W>little</W><W>anxious</W><W>to</W><W>get</W><W>on</W><W>with</W><W>the</W><W>rest</W><W>of</W><W>the</W><W>film</W><W>so</W><W>I</W><C><cue ID="10" type="speculation"><W>could</W></cue></C><xcope ID="28"><ref COMMENTS="" ID="43" SRC="10"></ref><W>see</W><W>how</W><W>the</W><W>movie</W></xcope><C><cue ID="11" type="speculation"><W>would</W></cue></C><xcope ID="29"><ref COMMENTS="" ID="44" SRC="11"></ref><W>relate</W><W>to</W><W>the</W><W>ride</W></xcope><W>.</W></SENTENCE><SENTENCE><W>I</W><C><cue ID="12" type="speculation"><W>would</W></cue></C><xcope COMMENTS="" ID="63"><ref COMMENTS="" ID="64" SRC="12"></ref><xcope COMMENTS="" ID="60"><ref COMMENTS="" ID="62" SRC="14"></ref><C><cue ID="13" type="speculation"><W>suggest</W></cue></C><W>this</W><W>movie</W><W>as</W><W>a</W><W>date</W><W>movie</W></xcope><C><cue ID="14" type="speculation"><W>or</W></cue></C><xcope COMMENTS="" ID="59"><ref COMMENTS="" ID="61" SRC="14"></ref><W>a</W><xcope ID="45"><ref COMMENTS="" ID="47" SRC="15"></ref><W>friends</W></xcope><C><cue ID="15" type="speculation"><W>or</W></cue></C><xcope ID="46"><ref COMMENTS="" ID="48" SRC="15"></ref><W>family</W></xcope><W></W><W>gathering</W><W>movieand</W></xcope></xcope><W>a</W><W>fun</W><W>one</W><W>to</W><W>watch</W><W>in</W><W>a</W><W>theater</W><W>setting</W><W>.</W></SENTENCE><SENTENCE><W>As</W><W>for</W><W>home</W><W>viewing</W><W>,</W><W>I</W><C><cue ID="16" type="speculation"><W>would</W></cue></C><xcope COMMENTS="" ID="56"><ref COMMENTS="" ID="58" SRC="16"></ref><C><cue ID="17" type="speculation"><W>suggest</W></cue></C><xcope COMMENTS="" ID="55"><ref COMMENTS="" ID="57" SRC="17"></ref><W>it</W><C><cue ID="18" type="speculation"><W>if</W></cue></C><xcope ID="34"><ref COMMENTS="" ID="55" SRC="18"></ref><W>you</W><W>have</W><W>a</W><W>good</W><W>bass</W><W>backing</W></xcope></xcope></xcope><W>.</W></SENTENCE><SENTENCE><W>Wonderful</W><W>job</W><W>,</W><W>Disney</W></SENTENCE></P></DOCUMENT>
