<?xml version="1.0" encoding="UTF-8"?>
<DOCUMENT><P></P><P><SENTENCE><W>Plot</W><W>Details</W><W>:</W><W>This</W><W>opinion</W><W>reveals</W><W>major</W><W>details</W><W>about</W><W>the</W><W>movie</W><W>&#39;</W><W>&#39;s</W><W>plot</W><W>.</W></SENTENCE></P><P></P><P><SENTENCE><W>The</W><W>juxtaposition</W><W>of</W><W>the</W><W>words</W><W>British</W><C><W>and</W></C><W>comedy</W><W></W><W>is</W><W>enough</W><W>to</W><W>strike</W><W>fear</W><W>into</W><W>the</W><W>hearts</W><W>of</W><W>even</W><W>the</W><W>hardiest</W><W>cinema-goer</W><W>.</W></SENTENCE><SENTENCE><W>However</W><W>,</W><W>Calendar</W><W>Girls</W><W></W><W>proves</W><W>to</W><W>be</W><W>a</W><W>rather</W><W>impressive</W><W>exception</W><W>to</W><W>the</W><W>norm</W><W>.</W></SENTENCE></P><P></P><P><SENTENCE><W>The</W><W>film</W><W>is</W><W>based</W><W>on</W><W>the</W><W>real-life</W><W>events</W><W>from</W><W>a</W><W>Yorkshire</W><W>village</W><W>a</W><W>few</W><W>years</W><W>ago</W><W>,</W><W>although</W><W>the</W><W>Director</W><W>was</W><W>keen</W><W>on</W><W>maintaining</W><W>that</W><W>the</W><W>individual</W><W>characters</W><W>in</W><W>the</W><W>film</W><W>are</W><C><cue COMMENTS="" ID="0" type="negation"><W>not</W></cue></C><xcope COMMENTS="" ID="1"><ref COMMENTS="" ID="2" SRC="0"></ref><W>themselves</W><W>based</W><W>on</W><W>the</W><W>real-life</W><W>women</W></xcope><W>.</W></SENTENCE></P><P></P><P><SENTENCE><W>Calendar</W><W>Girls</W><W></W><W>centres</W><W>on</W><W>the</W><W>Knapeley</W><W>Womens</W><W>Institute</W><W>,</W><W>a</W><W>clan</W><W>of</W><W>Yorkshire</W><W>women</W><W>who</W><W>meet</W><W>every</W><W>week</W><W>to</W><W>sing</W><C><W>and</W></C><W>receive</W><W>talks</W><W>on</W><W>thrilling</W><W>matters</W><W>such</W><W>as</W><W>carpets</W><C><W>and</W></C><W>broccoli</W><W>.</W></SENTENCE><SENTENCE><W>Annie</W><W>(</W><W>Julie</W><W>Walters</W><W>)</W><C><W>and</W></C><W>Chris</W><W>(</W><W>Helen</W><W>Mirren</W><W>)</W><W>are</W><W>long-standing</W><W>friends</W><W>who</W><W>faithfully</W><W>turn-up</W><W>,</W><W>despite</W><W>the</W><W>soporific</W><W>subject</W><W>matter</W><W>.</W></SENTENCE><SENTENCE><W>When</W><W>Annies</W><W>husband</W><W>dies</W><W>from</W><W>leukaemia</W><W>,</W><W>the</W><W>effervescent</W><W>Chris</W><W>comes</W><W>up</W><W>with</W><W>the</W><C><W>idea</W></C><W>of</W><W>the</W><W>WI</W><W>raising</W><W>money</W><W>for</W><W>a</W><W>new</W><W>sofa</W><W>in</W><W>the</W><W>hospital</W><W>in</W><W>Johns</W><W>memory</W><W>.</W></SENTENCE><SENTENCE><W>Thanks</W><W>to</W><W>some</W><W>creative</W><W>inspiration</W><W>from</W><W>her</W><W>sons</W><W>soft-porn</W><W>magazine</W><C><W>and</W></C><W>big-breasted</W><W>dolly-bird</W><W>on</W><W>the</W><W>wall</W><W>of</W><W>the</W><W>local</W><W>bicycle</W><W>repair</W><W>shop</W><W>,</W><W>she</W><W>comes</W><W>up</W><W>with</W><W>the</W><C><W>idea</W></C><W>of</W><W>a</W><W>nude</W><W>calendar</W><W>.</W></SENTENCE></P><P></P><P><SENTENCE><W>Whilst</W><W>most</W><W>of</W><W>the</W><W>group</W><W>are</W><W>initially</W><W>reluctant</W><W>,</W><W>the</W><W>fifty-something</W><W>middle-class</W><W>folk</W><W>are</W><W>gradually</W><W>talked</W><W>round</W><W>into</W><W>stripping</W><W>off</W><W>(</W><W>nude</W><W>,</W><C><cue COMMENTS="" ID="3" type="negation"><W>not</W></cue></C><xcope COMMENTS="" ID="14"><ref COMMENTS="" ID="24" SRC="3"></ref><W>naked</W></xcope><W>,</W><W>Annie</W><W>is</W><W>keen</W><W>to</W><W>point</W><W>out</W><W>)</W><W>,</W><xcope COMMENTS="" ID="11"><ref COMMENTS="" ID="21" SRC="4"></ref><W>with</W><W>their</W><W>biblical</W><W>parts</W></xcope><W>(</W><C><cue COMMENTS="" ID="4" type="speculation"><W>or</W></cue></C><xcope COMMENTS="" ID="12"><ref COMMENTS="" ID="22" SRC="4"></ref><W>front</W><W>bottoms</W></xcope><W></W><C><cue COMMENTS="" ID="5" type="speculation"><W>if</W></cue></C><xcope COMMENTS="" ID="13"><ref COMMENTS="" ID="23" SRC="5"></ref><W>you</W><W>like</W></xcope><W>)</W><W>carefully</W><W>concealed</W><W>behind</W><W>implements</W><W>traditionally</W><W>associated</W><W>with</W><W>the</W><W>WI.</W></SENTENCE><SENTENCE><W>However</W><W>,</W><C><cue ID="6" type="negation"><W>none</W></cue></C><xcope ID="45"><ref COMMENTS="" ID="47" SRC="6"></ref><W>of</W><W>them</W><C><cue ID="7" type="speculation"><W>could</W></cue></C><xcope ID="44"><ref COMMENTS="" ID="46" SRC="7"></ref><W>imagine</W><W>the</W><W>impact</W><W>that</W><W>the</W><W>calendar</W><C><cue ID="8" type="speculation"><W>would</W></cue></C><xcope COMMENTS="" ID="15"><ref COMMENTS="" ID="27" SRC="8"></ref><W>have</W><W>over</W><W>the</W><W>coming</W><W>weeks</W></xcope></xcope></xcope><W>,</W><W>as</W><W>it</W><W>transcends</W><W>them</W><W>to</W><W>superstar</W><W>status</W><W>way</W><W>beyond</W><W>their</W><W>village</W><W>.</W></SENTENCE><SENTENCE><W>However</W><W>,</W><W>as</W><W>Hollywood</W><W>beckons</W><W>,</W><W>relationships</W><W>begin</W><W>to</W><W>suffer</W><W></W></SENTENCE></P><P></P><P><SENTENCE><W>Many</W><W>films</W><W>based</W><W>on</W><W>fact</W><W>have</W><W>a</W><W>tendency</W><W>to</W><W>be</W><W>over-the-top</W><C><W>and</W></C><W>skew</W><W>stories</W><W>so</W><W>that</W><W>they</W><W>are</W><W>barely</W><W>recognisable</W><W>.</W></SENTENCE><SENTENCE><W>However</W><W>,</W><W>it</W><W>s</W><W>the</W><W>films</W><W>ability</W><W>to</W><W>maintain</W><W>the</W><W>earthy</W><W>northern</W><W>wit</W><C><W>and</W></C><W>its</W><W>subtle</W><W>comedy</W><W>which</W><W>really</W><W>makes</W><W>it</W><W>into</W><W>a</W><W>winner</W><W>.</W></SENTENCE><SENTENCE><W>The</W><W>northerness</W><C><W>and</W></C><W>nudity</W><W>inevitably</W><W>leads</W><W>it</W><W>to</W><W>be</W><W>compared</W><W>to</W><W>The</W><W>Full</W><W>Monty</W><W>,</W><W>but</W><W>its</W><W>quirks</W><W>differentiate</W><W>it</W><W>from</W><W>its</W><W>predecessor</W><C><W>and</W></C><W>there</W><W>does</W><C><cue ID="9" type="negation"><W>not</W></cue></C><xcope ID="49"><ref COMMENTS="" ID="51" SRC="9"></ref><C><cue ID="10" type="speculation"><W>appear</W></cue></C><xcope ID="48"><ref COMMENTS="" ID="50" SRC="10"></ref><W>to</W><W>be</W><W>an</W><W>intention</W><W>to</W><W>mimic</W></xcope></xcope><W>.</W></SENTENCE></P><P></P><P><SENTENCE><W>Mirren</W><C><W>and</W></C><W>Walters</W><W>,</W><W>surely</W><W>two</W><W>of</W><W>the</W><W>most</W><W>talented</W><W>British</W><W>actresses</W><W>of</W><W>their</W><W>generation</W><W>,</W><W>give</W><W>great</W><W>performances</W><C><W>and</W></C><W>bounce</W><W>off</W><W>each</W><W>other</W><W>beautifully</W><W>,</W><W>easily</W><W>switching</W><W>from</W><W>comedy</W><W>to</W><W>drama</W><W>when</W><W>required</W><C><cue COMMENTS="" ID="30" type="negation"><W>without</W></cue></C><xcope COMMENTS="" ID="31"><ref COMMENTS="" ID="32" SRC="30"></ref><W>being</W><W>hammy</W></xcope><C><W>and</W></C><W>trying</W><W>too</W><W>hard</W><W>.</W></SENTENCE><SENTENCE><W>It</W><W>is</W><W>particularly</W><W>interesting</W><W>that</W><W>Mirren</W><W>,</W><W>best</W><W>known</W><W>for</W><W>her</W><W>ice-maiden</W><W>Jane</W><W>Tennison</W><W>in</W><W>Prime</W><W>Suspect</W><W>is</W><W>the</W><W>bubblier</W><W>,</W><W>more</W><W>outgoing</W><W>of</W><W>the</W><W>pair</W><W>whilst</W><W>Walters</W><W>,</W><W>Mrs</W><W>Overall</W><W>in</W><W>Acorn</W><W>Antiques</W><W></W><W>is</W><W>more</W><W>reserved</W><W>.</W></SENTENCE></P><P></P><P><SENTENCE><W>John</W><W>(</W><W>played</W><W>perfectly</W><W>by</W><W>Alderton</W><W>)</W><W>is</W><W>always</W><W>optimistic</W><C><W>and</W></C><W>upbeat</W><W>during</W><W>his</W><W>illness</W><W>,</W><C><W>and</W></C><W>the</W><W>scenes</W><W>with</W><W>Anne</W><W>are</W><W>warm</W><C><W>and</W></C><W>touching</W><W>rather</W><W>than</W><W>melancholy</W><C><W>and</W></C><W>melodramatic</W><W>.</W></SENTENCE><SENTENCE><W>This</W><W>is</W><W>a</W><W>refreshing</W><W>change</W><W>from</W><W>the</W><W>usual</W><W>screen</W><W>morbid</W><W>portrayals</W><W>of</W><W>terminal</W><W>illness</W><W>on</W><W>the</W><W>big</W><W>screen</W><W>.</W></SENTENCE></P><P></P><P><SENTENCE><W>The</W><W>rest</W><W>of</W><W>the</W><W>WI</W><W>is</W><W>also</W><W>fabulously</W><W>portrayed</W><W>thanks</W><W>to</W><W>some</W><W>great</W><W>performances</W><W>from</W><W>the</W><W>cast</W><W>.</W></SENTENCE><SENTENCE><W>Annette</W><W>Crosbie</W><W>,</W><W>Celia</W><W>Imrie</W><C><W>and</W></C><W>Penelope</W><W>Wilton</W><W>all</W><W>add</W><W>a</W><W>nice</W><W>depth</W><W>to</W><W>their</W><W>characters</W><W>with</W><W>some</W><W>subtle</W><W>touches</W><W>.</W></SENTENCE><SENTENCE><W>Complementing</W><W>each</W><W>other</W><W>rather</W><W>than</W><W>any</W><W>one</W><W>person</W><W>trying</W><W>to</W><W>dominate</W><W>the</W><W>screen</W><W>,</W><W>the</W><W>marvellous</W><W>cast</W><W>match</W><W>the</W><W>playful</W><W>script</W><W>.</W></SENTENCE><SENTENCE><W>Chriss</W><W>sons</W><W>adolescent</W><W>awkwardness</W><W>at</W><W>her</W><W>perceived</W><W>embarrassing</W><W>behaviour</W><W>is</W><W>also</W><W>quite</W><W>comedic</W><W>.</W></SENTENCE></P><P></P><P><SENTENCE><W>One</W><C><cue COMMENTS="" ID="33" type="speculation"><W>possible</W></cue></C><xcope COMMENTS="" ID="39"><ref COMMENTS="" ID="44" SRC="33"></ref><W>criticism</W></xcope><C><cue COMMENTS="" ID="34" type="speculation"><W>would</W></cue></C><xcope ID="55"><ref COMMENTS="" ID="56" SRC="34"></ref><W>be</W><W>that</W><W>the</W><W>arguments</W><W>between</W><W>Anne</W><C><W>and</W></C><W>Chris</W><W>in</W><W>the</W><W>later</W><W>stages</W><W>of</W><xcope ID="50"><ref COMMENTS="" ID="51" SRC="36"></ref><W>the</W><W>film</W></xcope><C><cue COMMENTS="" ID="35" type="speculation"><W>perhaps</W></cue></C><xcope ID="53"><ref COMMENTS="" ID="54" SRC="35"></ref><C><cue COMMENTS="" ID="36" type="speculation"><W>seem</W></cue></C><xcope ID="51"><ref COMMENTS="" ID="52" SRC="36"></ref><W>a</W><W>little</W><W>tacked-on</W><W>to</W><W>try</W><C><W>and</W></C><W>create</W><W>a</W><W>mini-conflict</W></xcope><W>.</W></xcope></xcope></SENTENCE><SENTENCE><W>However</W><W>,</W><W>as</W><W>youd</W><W>imagine</W><W>,</W><W>it</W><W>manages</W><W>to</W><W>resolve</W><W>itself</W><W>before</W><W>too</W><W>long</W><C><W>and</W></C><cue COMMENTS="" ID="37" type="negation"><W>does</W><W>nt</W></cue><xcope COMMENTS="" ID="42"><ref COMMENTS="" ID="48" SRC="37"></ref><W>detract</W><W>from</W><W>the</W><W>overall</W><W>feel-good</W><W>factor</W></xcope><W>.</W></SENTENCE></P><P></P><P><SENTENCE><W>A</W><W>good</W><W>old-fashioned</W><W>straightforward</W><W>plot</W><W>with</W><W>the</W><W>emphasis</W><W>on</W><W>script</W><C><W>and</W></C><W>characters</W><W>rather</W><W>than</W><W>having</W><W>a</W><W>deep</W><W>philosophical</W><W>meaning</W><W>,</W><W>it</W><W>is</W><W>fantastically</W><W>watchable</W><C><W>and</W></C><W>jam-packed</W><W>with</W><W>witty</W><W>one-liners</W><C><W>and</W></C><C><cue COMMENTS="" ID="38" type="speculation"><W>should</W></cue></C><xcope COMMENTS="" ID="43"><ref COMMENTS="" ID="49" SRC="38"></ref><W>appeal</W><W>to</W><W>a</W><W>wide</W><W>ranging</W><W>audience</W></xcope><W>.</W></SENTENCE></P></DOCUMENT>
