<?xml version="1.0" encoding="UTF-8"?>
<DOCUMENT><P/><P><SENTENCE><W>I</W><W>caught</W><W>this</W><W>movie</W><W>on</W><W>the</W><W>comedy</W><W>channel</W><W>today</W><W>,</W><C><W>and</W></C><W>want</W><W>to</W><W>find</W><W>it</W><W>on</W><W>dvd</W><W>now</W><W>,</W><W>for</W><W>my</W><W>collection</W><W>.</W></SENTENCE></P><P/><P><SENTENCE><W>It</W><W>&apos;s</W><W>what</W><W>I</W><W>&apos;d</W><W>term</W><W>the</W><W>&quot;</W><W>stupid-funny</W><W>&quot;</W><W>style</W><W>,</W><W>much</W><W>like</W><W>Mel</W><W>Brooks</W><C><cue COMMENTS="" ID="0" type="speculation"><W>would</W></cue></C><xcope COMMENTS="" ID="2"><ref COMMENTS="" ID="6" SRC="0"/><W>make</W></xcope><W>.</W></SENTENCE></P><P/><P><SENTENCE><C><cue COMMENTS="" ID="4" type="speculation"><W>If</W></cue></C><xcope COMMENTS="" ID="5"><ref COMMENTS="" ID="7" SRC="4"/><W>you</W><W>&apos;re</W><W>one</W><W>of</W><W>those</W><W>people</W><W>that</W><W>&apos;s</W><W>easily</W><W>offended</W><W>by</W><W>non</W><W>&quot;politically</W><W>correct</W><W>&quot;</W><W>movies</W></xcope><W>,</W><W>steer</W><W>clear</W><W>of</W><W>this</W><W>one</W><W>.</W></SENTENCE><SENTENCE><C><cue COMMENTS="" ID="1" type="speculation"><W>If</W></cue></C><xcope COMMENTS="" ID="3"><ref COMMENTS="" ID="8" SRC="1"/><W>you</W><W>&apos;re</W><W>capable</W><W>of</W><W>laughing</W><W>at</W><W>the</W><W>world</W></xcope><W>,</W><C><W>and</W></C><W>especially</W><W>at</W><W>yourself</W><W>,</W><W>watch</W><W>this</W><W>movie</W><W>!</W></SENTENCE></P></DOCUMENT>