<?xml version="1.0" encoding="UTF-8"?>
<DOCUMENT><P></P><P><SENTENCE><W>Plot</W><W>Details</W><W>:</W><W>This</W><W>opinion</W><W>reveals</W><W>major</W><W>details</W><W>about</W><W>the</W><W>movie</W><W>&#39;s</W><W>plot</W><W>.</W></SENTENCE></P><P></P><P><SENTENCE><W>I</W><W>just</W><W>want</W><W>to</W><W>be</W><W>upfront</W><W>on</W><W>the</W><W>following</W><W>.</W></SENTENCE></P><P></P><P><SENTENCE><W>I</W><W>still</W><cue ID="0" type="negation"><W>have</W><W>n&#39;t</W></cue><xcope ID="2"><ref COMMENTS="" ID="4" SRC="0"></ref><W>forgiven</W><W>Tom</W><W>for</W><W>what</W><W>he</W><W>did</W><W>to</W><W>Nicole</W></xcope><W>.</W></SENTENCE><SENTENCE><W>To</W><W>dump</W><W>your</W><W>wife</W><W>through</W><W>a</W><W>divorce</W><W>petition</W><W>is</W><W>pretty</W><W>sleazy</W><W>.</W></SENTENCE><SENTENCE><W>What</W><W>&#39;s</W><W>even</W><W>sleazier</W><W>is</W><W>to</W><W>abandon</W><W>her</W><W>while</W><W>she</W><W>&#39;s</W><W>pregnant</W><W>with</W><W>your</W><W>child</W><C><W>and</W></C><W>then</W><W>try</W><W>to</W><W>say</W><W>that</W><W>the</W><W>marriage</W><W>was</W><W>only</W><W>enforce</W><W>for</W><W>9</W><W>years</W><W>11</W><W>months</W><W>so</W><W>that</W><W>you</W><C><cue ID="1" type="speculation"><W>could</W></cue></C><xcope ID="3"><ref ID="5" SRC="1"></ref><W>skirt</W><W>the</W><W>10</W><W>year</W><W>California</W><W>rule</W><W>on</W><W>split</W><W>of</W><W>assets</W></xcope><W>.</W></SENTENCE></P><P></P><P><SENTENCE><W>It</W><W>&#39;s</W><W>sleazy</W><W>.</W></SENTENCE></P><P></P><P><SENTENCE><W>Now</W><W>that</W><W>I</W><W>&#39;ve</W><W>gotten</W><W>that</W><W>out</W><W>of</W><W>the</W><W>way</W><W>,</W><W>let</W><W>&#39;s</W><W>talk</W><W>about</W><W>my</W><W>strong</W><W>like</W><W>for</W><W>Tom</W><W>Cruise</W><W>,</W><W>the</W><W>actor</W><W>.</W></SENTENCE><SENTENCE><W>I</W><W>&#39;ve</W><W>always</W><W>had</W><W>a</W><W>soft</W><W>spot</W><W>for</W><W>the</W><W>lovable</W><W>creature</W><W>that</W><W>he</W><W>is</W><C><W>and</W></C><W>by</W><W>the</W><W>time</W><W>he</W><W>made</W><W>Top</W><W>Gun</W><W>,</W><W>I</W><W>was</W><W>swearing</W><W>my</W><W>undying</W><W>devotion</W><W>to</W><W>him</W><W>.</W></SENTENCE><SENTENCE><W>I</W><cue COMMENTS="" ID="6" type="negation"><W>do</W><W>n&#39;t</W></cue><xcope ID="73"><ref COMMENTS="" ID="75" SRC="6"></ref><C><cue COMMENTS="" ID="7" type="speculation"><W>think</W></cue></C><xcope ID="72"><ref COMMENTS="" ID="74" SRC="7"></ref><W>that</W><W>he</W><W>&#39;s</W><W>a</W><W>particularly</W><W>gifted</W><W>actor</W><W>however</W></xcope></xcope><W>,</W><W>like</W><W>Britney</W><W>Spears</W><W>,</W><W>he</W><W>is</W><W>the</W><W>consummate</W><W>entertainer</W><W>.</W></SENTENCE><SENTENCE><W>I</W><W>doubt</W><W>that</W><W>he</W><W>&#39;ll</W><W>ever</W><W>win</W><W>an</W><W>Oscar</W><W>for</W><W>Best</W><W>Actor</W><W>.</W></SENTENCE><SENTENCE><W>Why</W><W>?</W></SENTENCE><SENTENCE><W>In</W><W>the</W><W>end</W><W>,</W><W>I</W><C><cue COMMENTS="" ID="8" type="speculation"><W>think</W></cue></C><xcope COMMENTS="" ID="10"><ref COMMENTS="" ID="13" SRC="8"></ref><W>that</W><W>his</W><W>looks</W><W>are</W><W>what</W><W>sabotage</W><W>him</W></xcope><W>.</W></SENTENCE><SENTENCE><W>The</W><W>best</W><W>thing</W><W>that</W><C><cue COMMENTS="" ID="14" type="speculation"><W>could</W></cue></C><xcope COMMENTS="" ID="15"><ref COMMENTS="" ID="16" SRC="14"></ref><W>happen</W><W>to</W><W>him</W><W>is</W><W>an</W><W>industrial</W><W>accident</W><W>.</W></xcope></SENTENCE></P><P></P><P><SENTENCE><W>What</W><W>does</W><W>this</W><W>have</W><W>to</W><W>do</W><W>with</W><W>The</W><W>Last</W><W>Samurai</W><W>?</W></SENTENCE><SENTENCE><W>I</W><W>&#39;ll</W><W>get</W><W>to</W><W>that</W><W>in</W><W>a</W><W>moment</W><W>.</W></SENTENCE><SENTENCE><W>Let</W><W>&#39;s</W><W>review</W><W>the</W><W>story</W><W>,</W><W>shall</W><W>we</W><W>?</W></SENTENCE></P><P></P><P><SENTENCE><W>It</W><W>&#39;s</W><W>1876</W><W>.</W></SENTENCE><SENTENCE><W>The</W><W>movie</W><W>opens</W><W>up</W><W>with</W><W>Nathan</W><W>Algren</W><W>(</W><W>Tom</W><W>Cruise</W><W>)</W><W>sabotaging</W><W>his</W><W>own</W><W>employment</W><W>opportunities</W><W>by</W><W>funneling</W><W>his</W><W>anger</W><C><W>and</W></C><W>regret</W><W>into</W><W>a</W><W>bottle</W><W>of</W><W>alcohol</W><C><W>and</W></C><W>an</W><W>attitude</W><W>of</W><W>rebellion</W><W>.</W></SENTENCE></P><P></P><P><SENTENCE><W>What</W><W>&#39;s</W><W>he</W><W>so</W><W>upset</W><W>about</W><W>?</W></SENTENCE><SENTENCE><W>As</W><W>a</W><W>captain</W><W>,</W><W>he</W><W>spent</W><W>time</W><W>fighting</W><W>those</W><W>savages</W><C><W>and</W></C><W>along</W><W>the</W><W>way</W><W>,</W><W>he</W><W>massacred</W><W>innocent</W><W>women</W><C><W>and</W></C><W>children</W><W>.</W></SENTENCE><SENTENCE><W>That</W><W>&#39;s</W><W>enough</W><W>to</W><W>make</W><W>any</W><W>man</W><W>with</W><W>a</W><W>conscious</W><W>,</W><W>drink</W><W>.</W></SENTENCE></P><P></P><P><SENTENCE><W>The</W><W>Japanese</W><W>government</W><W>,</W><W>recognizing</W><W>his</W><W>keen</W><W>ability</W><W>to</W><W>get</W><W>the</W><W>job</W><W>done</W><W>,</W><W>hires</W><W>him</W><W>to</W><W>train</W><W>their</W><W>troops</W><W>in</W><W>the</W><W>modern</W><W>ways</W><W>of</W><W>war</W><W>.</W></SENTENCE><SENTENCE><W>Who</W><W>is</W><W>the</W><W>enemy</W><W>?</W></SENTENCE><SENTENCE><W>Their</W><W>own</W><W>people</W><W>,</W><W>specifically</W><W>those</W><W>who</W><W>do</W><C><cue COMMENTS="" ID="17" type="negation"><W>not</W></cue></C><xcope COMMENTS="" ID="19"><ref COMMENTS="" ID="21" SRC="17"></ref><W>wish</W><W>to</W><W>see</W><W>the</W><W>modern</W><W>ways</W><W>take</W><W>over</W><W>their</W><W>world</W></xcope><W>.</W></SENTENCE><SENTENCE><W>That</W><W>effort</W><W>is</W><W>driven</W><W>by</W><W>the</W><W>samurais</W><C><W>and</W></C><W>their</W><W>honorable</W><W>leader</W><W>,</W><W>Katsumoto</W><W>(</W><W>Ken</W><W>Watanabe</W><W>)</W><W>.</W></SENTENCE></P><P></P><P><SENTENCE><W>Algren</W><W>,</W><W>for</W><W>the</W><W>right</W><W>price</W><W>,</W><W>takes</W><W>the</W><W>job</W><W>on</W><W>.</W></SENTENCE></P><P></P><P><SENTENCE><W>The</W><W>Japanese</W><W>peasants</W><W>,</W><W>who</W><W>make</W><W>up</W><W>most</W><W>of</W><W>the</W><W>emperor</W><W>&#39;s</W><W>army</W><W>,</W><W>are</W><W>ill-prepared</W><W>for</W><W>any</W><W>type</W><W>of</W><W>battle</W><W>.</W></SENTENCE><SENTENCE><W>Unfortunately</W><W>,</W><W>the</W><W>government</W><cue COMMENTS="" ID="18" type="negation"><W>does</W><W>n&#39;t</W></cue><xcope COMMENTS="" ID="20"><ref COMMENTS="" ID="22" SRC="18"></ref><W>want</W><W>to</W><W>hear</W><W>that</W><C><W>and</W></C><W>despite</W><W>Algren</W><W>&#39;s</W><W>proof</W></xcope><W>,</W><W>they</W><W>send</W><W>a</W><W>group</W><W>in</W><W>to</W><W>hold</W><W>the</W><W>samurais</W><W>back</W><W>from</W><W>disturbing</W><W>a</W><W>railroad</W><W>.</W></SENTENCE></P><P></P><P><SENTENCE><W>After</W><W>the</W><W>samurais</W><W>kill</W><W>most</W><W>of</W><W>the</W><W>soldiers</W><W>(</W><W>the</W><W>others</W><W>have</W><W>ran</W><W>)</W><W>,</W><W>Algren</W><W>is</W><W>left</W><W>to</W><W>fight</W><W>them</W><W>off</W><W>.</W></SENTENCE><SENTENCE><W>Katsumoto</W><W>,</W><W>impressed</W><C><W>and</W></C><W>fascinated</W><W>with</W><W>the</W><W>American</W><W>,</W><W>spares</W><W>his</W><W>life</W><C><W>and</W></C><W>takes</W><W>him</W><W>in</W><W>as</W><W>a</W><W>prisoner</W><W>.</W></SENTENCE></P><P></P><P><SENTENCE><W>Algren</W><W>is</W><W>housed</W><W>with</W><W>the</W><W>family</W><W>of</W><W>the</W><W>samurai</W><W>that</W><W>he</W><W>killed</W><W>in</W><W>battle</W><W>.</W></SENTENCE><SENTENCE><W>During</W><W>the</W><W>process</W><W>,</W><W>he</W><W>detoxes</W><W>,</W><C><W>and</W></C><W>learns</W><W>to</W><W>appreciate</W><W>life</W><W>for</W><W>what</W><W>it</W><W>is</W><W>.</W></SENTENCE></P><P></P><P><SENTENCE><W>Did</W><W>you</W><C><cue COMMENTS="" ID="23" type="speculation"><W>think</W></cue></C><xcope COMMENTS="" ID="25"><ref COMMENTS="" ID="26" SRC="23"></ref><W>I</W><W>just</W><W>gave</W><W>the</W><W>entire</W><W>movie</W><W>away</W></xcope><W>?</W></SENTENCE><SENTENCE><W>Well</W><W>relax</W><W>,</W><W>I</W><cue COMMENTS="" ID="24" type="negation"><W>did</W><W>n&#39;t</W></cue><W>.</W></SENTENCE></P><P></P><P><SENTENCE><W>So</W><W>back</W><W>to</W><W>this</W><W>whole</W><W>thing</W><W>with</W><W>Tom</W><W>.</W></SENTENCE><SENTENCE><W>What</W><W>does</W><W>his</W><W>appearance</W><W>have</W><W>to</W><W>do</W><W>with</W><W>The</W><W>Last</W><W>Samurai</W><W>?</W></SENTENCE><SENTENCE><W>I</W><W>felt</W><W>like</W><W>the</W><W>entire</W><W>time</W><W>I</W><W>was</W><W>watching</W><W>this</W><W>movie</W><W>,</W><W>that</W><W>Tom</W><W>was</W><W>miscast</W><C><W>and</W></C><W>had</W><W>someone</W><W>else</W><W>been</W><W>thrown</W><W>into</W><W>this</W><W>role</W><W>(</W><W>Edward</W><W>Norton</W><W>?</W></SENTENCE><SENTENCE><W>Hugh</W><W>Jackman</W><W>?</W><W>)</W><W>,</W></SENTENCE><SENTENCE><W>I</W><C><cue COMMENTS="" ID="27" type="speculation"><W>might</W></cue></C><xcope COMMENTS="" ID="34"><ref COMMENTS="" ID="41" SRC="27"></ref><W>have</W><W>walked</W><W>away</W><W>liking</W><W>it</W><W>better</W></xcope><W>.</W></SENTENCE><SENTENCE><W>He</W><W>was</W><W>just</W><W>too</W><W>pretty</W><W>for</W><W>the</W><W>role</W><W>.</W></SENTENCE><SENTENCE><W>Even</W><W>the</W><W>hap-hazard</W><W>beard</W><C><W>and</W></C><W>scruff</W><cue COMMENTS="" ID="28" type="speculation"><C><W>could</W></C><W>n&#39;t</W></cue><xcope COMMENTS="" ID="33"><ref COMMENTS="" ID="42" SRC="28"></ref><W>hide</W><W>his</W><W>pretty-boy</W><W>face</W></xcope><C><W>and</W></C><W>that</W><W>my</W><W>friends</W><W>,</W><W>was</W><W>distracting</W><W>.</W></SENTENCE><SENTENCE><W>In</W><W>addition</W><W>,</W><W>I</W><W>felt</W><W>like</W><W>his</W><W>acting</W><W>were</W><W>pretty</W><W>stiff</W><W>.</W></SENTENCE><SENTENCE><W>It</W><W>&#39;s</W><W>like</W><W>he</W><W>was</W><W>aiming</W><W>to</W><W>be</W><W>&#34;technically</W><W>&#34;</W><W>precise</W><W>in</W><W>everything</W><W>that</W><W>he</W><W>did</W><C><W>and</W></C><xcope ID="59"><ref COMMENTS="" ID="60" SRC="29"></ref><W>that</W></xcope><W>in</W><W>turn</W><C><cue COMMENTS="" ID="29" type="speculation"><W>seemed</W></cue></C><xcope COMMENTS="" ID="35"><ref COMMENTS="" ID="43" SRC="29"></ref><W>to</W><W>stifle</W><W>any</W><W>of</W><W>his</W><W>emotional</W><W>connections</W><W>with</W><W>other</W><W>characters</W></xcope><W>.</W></SENTENCE></P><P></P><P><SENTENCE><W>The</W><W>true</W><W>gem</W><W>of</W><W>the</W><W>film</W><W>,</W><W>acting</W><W>wise</W><W>,</W><W>was</W><W>Ken</W><W>Watanbe</W><W>.</W></SENTENCE><SENTENCE><W>He</W><W>had</W><W>a</W><W>screen</W><W>presence</W><W>that</W><W>I</W><W>have</W><W>n&#39;t</W><W>seen</W><W>in</W><W>a</W><W>long</W><W>time</W><W>.</W></SENTENCE><SENTENCE><W>His</W><W>charisma</W><W>(</W><W>magnetic</W><W>,</W><W>charming</W><W>,</W><W>forceful</W><W>,</W><C><W>and</W></C><W>mysterious</W><W>)</W><W>is</W><W>what</W><W>pushed</W><W>me</W><W>to</W><W>recommend</W><W>this</W><W>movie</W><C><W>and</W></C><W>I</W><W>really</W><W>wish</W><W>that</W><W>the</W><W>entire</W><W>story</W><C><cue COMMENTS="" ID="38" type="speculation"><W>would</W></cue></C><xcope COMMENTS="" ID="39"><ref COMMENTS="" ID="44" SRC="38"></ref><W>have</W><W>focused</W><W>around</W><W>him</W></xcope><C><W>and</W></C><C><cue COMMENTS="" ID="30" type="negation"><W>not</W></cue></C><xcope COMMENTS="" ID="40"><ref COMMENTS="" ID="45" SRC="30"></ref><W>Tom</W></xcope><W>.</W></SENTENCE><SENTENCE><W>In</W><W>fact</W><W>,</W><W>you</W><C><cue COMMENTS="" ID="31" type="speculation"><W>could</W></cue></C><xcope COMMENTS="" ID="37"><ref COMMENTS="" ID="46" SRC="31"></ref><W>have</W><W>left</W><W>Tom</W><W>out</W><W>of</W><W>this</W></xcope><C><W>and</W></C><W>it</W><C><cue COMMENTS="" ID="32" type="speculation"><W>would</W></cue></C><xcope COMMENTS="" ID="36"><ref COMMENTS="" ID="47" SRC="32"></ref><W>have</W><W>been</W><W>a</W><W>better</W><W>picture</W></xcope><W>.</W></SENTENCE><SENTENCE><W>But</W><W>of</W><W>course</W><W>,</W><W>Tom</W><W>is</W><W>the</W><W>box</W><W>office</W><W>pull</W><W>SO</W><W>you</W><W>gotta</W><W>take</W><W>the</W><W>good</W><W>with</W><W>the</W><W>bad</W><W>.</W></SENTENCE></P><P></P><P><SENTENCE><W>Now</W><W>let</W><W>&#39;s</W><W>move</W><W>on</W><W>to</W><W>two</W><W>of</W><W>my</W><W>(</W><W>normally</W><W>)</W><W>favorite</W><W>producers/writers/directors</W><W>in</W><W>the</W><W>world</W><W>-</W><W>Edward</W><W>Zwick</W><C><W>and</W></C><W>Marshall</W><W>Herskovitz</W><W>.</W></SENTENCE><SENTENCE><W>I</W><W>fell</W><W>deeply</W><W>in</W><W>like</W><W>with</W><W>them</W><W>when</W><W>they</W><W>were</W><W>at</W><W>the</W><W>helm</W><W>of</W><W>Thirtysomething</W><W>.</W></SENTENCE><SENTENCE><W>I</W><W>felt</W><W>cheated</W><W>that</W><W>there</W><W>was</W><W>a</W><C><W>lack</W></C><W>of</W><W>emotional</W><W>bonding</W><W>between</W><W>the</W><W>characters</W><W>.</W></SENTENCE><SENTENCE><W>I</W><W>mean</W><W>,</W><W>there</W><W>was</W><W>some</W><W>between</W><W>Algren</W><C><W>and</W></C><W>Katsumoto</W><W>(</W><W>but</W><C><cue COMMENTS="" ID="48" type="negation"><W>not</W></cue></C><xcope COMMENTS="" ID="49"><ref COMMENTS="" ID="50" SRC="48"></ref><W>nearly</W><W>enough</W></xcope><W>)</W><C><W>and</W></C><W>virtually</W><W>nothing</W><W>but</W><W>superficial</W><W>ties</W><W>with</W><W>the</W><W>rest</W><W>of</W><W>the</W><W>characters</W><W>.</W></SENTENCE><SENTENCE><W>Although</W><W>I</W><W>&#39;m</W><W>thrilled</W><W>that</W><W>they</W><W>did</W><W>n&#39;t</W><W>have</W><W>Tom</W><W>doin&#39;</W><W>everybody</W><W>,</W><W>I</W><W>felt</W><W>a</W><W>little</W><W>cheated</W><W>about</W><W>his</W><W>interactions</W><W>with</W><W>the</W><W>opposite</W><W>sex</W><W>.</W></SENTENCE></P><P></P><P><SENTENCE><W>This</W><W>movie</W><W>was</W><W>too</W><W>long</W><W>(</W><W>I</W><W>had</W><W>to</W><W>pee</W><W>)</W><C><W>and</W></C><W>very</W><W>predictable</W><W>in</W><W>parts</W><W>(</W><W>I</W><W>rolled</W><W>my</W><W>eyes</W><W>)</W><W>.</W></SENTENCE><SENTENCE><W>In</W><W>addition</W><W>,</W><W>for</W><W>a</W><W>movie</W><W>that</W><W>did</W><W>n&#39;t</W><W>have</W><W>enough</W><W>emotional</W><W>bonding</W><W>,</W><W>it</W><W>relied</W><W>a</W><W>lot</W><W>on</W><W>melodrama</W><W>to</W><W>manipulate</W><W>the</W><W>audience</W><W>.</W></SENTENCE><SENTENCE><W>See</W><W>important</W><W>death</W><W>scenes</W><W>for</W><W>more</W><W>details</W><W>.</W></SENTENCE><SENTENCE><W>The</W><W>editing</W><W>together</W><W>of</W><W>the</W><W>scenes</W><W>was</W><W>pretty</W><W>good</W><W>with</W><W>the</W><W>exception</W><W>of</W><W>the</W><W>first</W><W>8-10</W><W>minutes</W><W>.</W></SENTENCE><SENTENCE><W>The</W><W>scenes</W><W>introducing</W><W>Tom</W><W>&#39;s</W><W>character</W><W>felt</W><W>very</W><W>disjointed</W><W>.</W></SENTENCE></P><P></P><P><SENTENCE><W>The</W><W>technical</W><W>aspects</W><W>of</W><W>the</W><W>movie</W><W>-</W><W>from</W><W>the</W><W>cinematography</W><W>to</W><W>the</W><W>battle</W><W>scenes</W><W>-</W><W>were</W><W>amazing</W><W>.</W></SENTENCE><SENTENCE><W>The</W><W>fight/training</W><W>scenes</W><W>looked</W><W>real</W><C><W>and</W></C><W>felt</W><W>real</W><W>.</W></SENTENCE><SENTENCE><W>The</W><W>choreography</W><W>was</W><W>over</W><W>the</W><W>top</W><W>fantastic</W><W>.</W></SENTENCE><SENTENCE><W>I</W><W>was</W><W>duly</W><W>impressed</W><W>.</W></SENTENCE><SENTENCE><xcope ID="61"><ref COMMENTS="" ID="62" SRC="51"></ref><W>The</W><W>battle</W><W>scenes</W></xcope><C><cue COMMENTS="" ID="51" type="speculation"><W>seemed</W></cue></C><xcope COMMENTS="" ID="58"><ref COMMENTS="" ID="64" SRC="51"></ref><W>more</W><W>like</W><W>art</W><W>than</W><W>war</W></xcope><W>-</W><W>almost</W><W>to</W><W>the</W><W>point</W><W>of</W><W>glamorization</W><W>.</W></SENTENCE><SENTENCE><W>Girls</W><W>,</W><C><cue COMMENTS="" ID="52" type="speculation"><W>if</W></cue></C><xcope COMMENTS="" ID="60"><ref COMMENTS="" ID="65" SRC="52"></ref><W>you</W><W>strongly</W><W>dislike</W><W>blood</W><C><W>and</W></C><W>guts</W><W>please</W><W>know</W><W>that</W><W>while</W><W>there</W><W>is</W><W>lots</W><W>of</W><W>blood</W><W>shed</W></xcope><W>,</W><W>most</W><W>of</W><W>the</W><W>scenes</W><W>were</W><C><cue COMMENTS="" ID="53" type="negation"><W>not</W></cue></C><xcope COMMENTS="" ID="59"><ref COMMENTS="" ID="66" SRC="53"></ref><W>horribly</W><W>gross</W></xcope><W>.</W></SENTENCE><SENTENCE><W>I</W><W>only</W><W>closed</W><W>my</W><W>eyes</W><W>twice</W><W>that</W><W>I</W><C><cue COMMENTS="" ID="54" type="speculation"><W>can</W></cue></C><xcope ID="76"><ref COMMENTS="" ID="77" SRC="54"></ref><W>remember</W></xcope><W>.</W></SENTENCE></P><P></P><P><SENTENCE><W>As</W><W>far</W><W>as</W><W>the</W><W>story</W><W>goes</W><W>,</W><W>I</W><cue COMMENTS="" ID="56" type="negation"><W>ca</W><W>n&#39;t</W></cue><xcope COMMENTS="" ID="61"><ref COMMENTS="" ID="67" SRC="56"></ref><W>vouch</W><W>to</W><W>any</W><W>of</W><W>the</W><W>historical</W><W>accuracies</W><W>of</W><W>it</W></xcope><W>so</W><C><cue COMMENTS="" ID="55" type="speculation"><W>if</W></cue></C><xcope COMMENTS="" ID="62"><ref COMMENTS="" ID="68" SRC="55"></ref><W>you</W><W>are</W><W>one</W><W>of</W><W>those</W><W>sticklers</W><W>for</W><W>factual</W><W>accounts</W></xcope><W>,</W><W>you</W><C><cue COMMENTS="" ID="57" type="speculation"><W>might</W></cue></C><xcope COMMENTS="" ID="63"><ref COMMENTS="" ID="69" SRC="57"></ref><W>want</W><W>to</W><W>do</W><W>your</W><W>research</W><W>before</W><W>you</W><W>go</W></xcope><W>.</W></SENTENCE></P><P></P><P><SENTENCE><W>I</W><C><W>feel</W></C><W>a</W><W>little</W><W>strange</W><W>giving</W><W>this</W><W>movie</W><W>such</W><W>low</W><W>marks</W><W>considering</W><W>that</W><W>it</W><W>had</W><W>a</W><W>some</W><W>of</W><W>the</W><W>best</W><W>technical</W><W>stuff</W><W>I</W><W>&#39;ve</W><W>seen</W><W>in</W><W>a</W><W>long</W><W>time</W><W>,</W><W>a</W><W>strong</W><W>score</W><W>,</W><C><W>and</W></C><W>Ken</W><W>Watanabe</W><W>however</W><W>,</W><C><cue COMMENTS="" ID="70" type="speculation"><W>if</W></cue></C><xcope COMMENTS="" ID="71"><ref COMMENTS="" ID="72" SRC="70"></ref><W>the</W><W>studios</W><W>want</W><W>to</W><W>pull</W><W>in</W><W>a</W><W>wider</W><W>audience</W><W>than</W><W>just</W><W>battle</W><W>buffs</W></xcope><W>,</W><W>they</W><W>need</W><W>to</W><W>look</W><W>beyond</W><W>the</W><W>technical</W><W>perfections</W><C><W>and</W></C><W>evaluate</W><W>the</W><W>emotional</W><W>aspects</W><W>of</W><W>the</W><W>film</W><W>.</W></SENTENCE></P><P></P><P><SENTENCE><W>To</W><W>recap</W><W>:</W></SENTENCE></P><P></P><P><SENTENCE><W>*/SYM</W><W>Movie</W><W>was</W><W>TOO</W><W>long</W><W>.</W></SENTENCE><SENTENCE><W>I</W><W>had</W><W>to</W><W>pee</W><W>but</W><W>waited</W><W>.</W></SENTENCE></P><P></P><P><SENTENCE><W>*/SYM</W><W>Tom</W><W>is</W><W>too</W><W>pretty</W><W>for</W><W>this</W><W>kind</W><W>of</W><W>role</W><W>.</W></SENTENCE></P><P></P><P><SENTENCE><W>*/SYM</W><W>Ken</W><W>Watanabe</W><W>is</W><W>a</W><W>force</W><W>to</W><W>be</W><W>reckoned</W><W>with</W><W>.</W></SENTENCE></P><P></P><P><SENTENCE><W>*/SYM</W><W>Boys</W><W>will</W><W>like</W><W>this</W><W>more</W><W>than</W><W>girls</W><W>.</W></SENTENCE></P></DOCUMENT>
