<?xml version="1.0" encoding="UTF-8"?>
<DOCUMENT><P></P><P><SENTENCE><W>OK</W><W>,</W><W>I</W><W>&#39;m</W><C><cue ID="0" type="negation"><W>not</W></cue></C><xcope ID="7"><ref ID="13" SRC="0"></ref><W>going</W><W>to</W><W>lie</W><W>to</W><W>you</W><W>here</W></xcope><W>.</W></SENTENCE><SENTENCE><W>I</W><W>was</W><W>pretty</W><W>disappointed</W><W>with</W><W>movie</W><W>in</W><W>general</W><W>after</W><W>watching</W><W>Bad</W><W>Boys</W><W>II</W><W>on</W><W>Wednesday</W><W>night</W><W>.</W></SENTENCE><SENTENCE><W>It</W><W>was</W><W>the</W><W>kind</W><W>of</W><W>movie</W><W>that</W><W>makes</W><W>you</W><W>rethink</W><C><cue ID="1" type="speculation"><W>whether</W></cue></C><xcope ID="8"><ref ID="14" SRC="1"></ref><W>you</W><W>ever</W><W>want</W><W>to</W><W>see</W><W>another</W><W>movie</W></xcope><W>.</W></SENTENCE><SENTENCE><W>I</W><W>quickly</W><W>ran</W><W>out</W><W>to</W><W>the</W><W>local</W><W>theater</W><W>to</W><W>catch</W><W>The</W><W>Last</W><W>Samurai</W><W>,</W><W>lest</W><W>I</W><W>allow</W><W>Michael</W><W>Bay</W><W>to</W><W>achieve</W><W>his</W><W>ultimate</W><W>goal</W><W>of</W><W>driving</W><W>movie</W><W>lovers</W><W>back</W><W>to</W><W>their</W><W>TV</W><W>sets</W><W>(</W><W>I</W><W>&#39;ve</W><W>determined</W><W>that</W><W>has</W><W>to</W><W>be</W><W>the</W><W>explanation</W><W>for</W><W>the</W><W>Bruckheimer/Bay</W><W>relationship...the</W><W>less</W><W>people</W><W>go</W><W>to</W><W>the</W><W>movies</W><W>,</W><W>the</W><W>more</W><W>that</W><C><cue ID="2" type="speculation"><W>can</W></cue></C><xcope ID="9"><ref ID="15" SRC="2"></ref><W>be</W><W>at</W><W>home</W><W>tuning</W><W>into</W><W>CSI</W><C><W>and</W></C><W>Cold</W><W>Case</W></xcope><W>)</W><W>.</W></SENTENCE><SENTENCE><W>I</W><W>&#39;d</W><W>heard</W><W>the</W><W>hype</W><W>,</W><W>I</W><W>&#39;m</W><C><cue ID="3" type="negation"><W>not</W></cue></C><xcope ID="10"><ref ID="16" SRC="3"></ref><W>opposed</W><W>to</W><W>Tim</W><W>Cruise</W><W>in</W><W>general</W></xcope><W>(</W><W>even</W><C><cue ID="4" type="speculation"><W>if</W></cue></C><xcope ID="11"><ref ID="17" SRC="4"></ref><W>I</W><W>did</W><W>waste</W><W>seven</W><W>dollars</W><W>seeing</W><W>Vanilla</W><W>Sky</W><W>in</W><W>theaters</W></xcope><W>)</W><W>,</W><C><W>and</W></C><W>I</W><W>went</W><W>under</W><W>the</W><W>impression</W><W>that</W><W>after</W><W>the</W><W>travesty</W><W>I</W><W>&#39;d</W><W>just</W><W>seen</W><W>in</W><W>Bad</W><W>Boys</W><W>II</W><W>,</W><W>anything</W><W>out</W><W>there</W><C><cue ID="5" type="speculation"><W>would</W></cue></C><xcope ID="76"><ref COMMENTS="" ID="78" SRC="5"></ref><C><cue ID="6" type="speculation"><W>probably</W></cue></C><xcope ID="75"><ref COMMENTS="" ID="77" SRC="6"></ref><W>be</W><W>look</W><W>like</W><W>Citizen</W><W>Kane</W><W>in</W><W>comparison</W></xcope></xcope><W>.</W></SENTENCE><SENTENCE><W>What</W><W>I</W><W>saw</W><C><W>instead</W></C><W>was</W><W>an</W><W>actual</W><W>contender</W><W>for</W><W>best</W><W>movie</W><W>of</W><W>2003</W><W>honors</W><W>.</W></SENTENCE></P><P></P><P><SENTENCE><W>The</W><W>Last</W><W>Samurai</W><W>is</W><W>a</W><W>&#34;historical</W><W>&#34;</W><W>epic</W><W>set</W><W>in</W><W>the</W><W>1870</W><W>&#39;s</W><W>,</W><W>as</W><W>Japan</W><W>started</W><W>to</W><W>move</W><W>towards</W><W>joining</W><W>the</W><W>ways</W><W>of</W><W>the</W><W>modern</W><W>(</W><W>Western</W><W>)</W><W>world</W><W>.</W></SENTENCE><SENTENCE><W>As</W><W>the</W><W>old</W><W>ways</W><W>started</W><W>to</W><W>clash</W><W>with</W><W>the</W><W>new</W><W>ones</W><W>,</W><W>the</W><W>new</W><W>emperor</W><W>decides</W><W>to</W><W>enlist</W><W>experts</W><W>in</W><W>the</W><W>Western</W><W>ways</W><W>,</W><W>including</W><W>Captain</W><W>Nathan</W><W>Algren</W><W>(</W><W>played</W><W>by</W><W>the</W><W>aforementioned</W><W>Tom</W><W>Cruise</W><W>)</W><W>of</W><W>the</W><W>US</W><W>Army</W><W>.</W></SENTENCE><SENTENCE><W>Algren</W><W>,</W><W>a</W><W>soldier</W><W>who</W><W>&#39;s</W><W>personal</W><W>demons</W><W>has</W><W>driven</W><W>him</W><W>to</W><W>hard</W><W>times</W><W>,</W><W>is</W><W>brought</W><W>in</W><W>to</W><W>train</W><W>the</W><W>Japanese</W><W>military</W><W>in</W><W>the</W><W>ways</W><W>of</W><W>modern</W><W>warfare</W><W>.</W></SENTENCE><SENTENCE><W>Mind</W><W>you</W><W>,</W><W>this</W><cue ID="20" type="speculation"><C><W>should</W></C><W>n&#39;t</W></cue><xcope ID="23"><ref ID="26" SRC="20"></ref><W>be</W><W>all</W><W>that</W><W>hard</W></xcope><W>,</W><W>as</W><W>the</W><W>military</W><W>is</W><W>using</W><W>guns</W><W>,</W><W>while</W><W>the</W><W>opposing</W><W>force</W><W>of</W><W>Samuria</W><W>warriors</W><W>is</W><W>using</W><W>bows</W><W>,</W><W>arrows</W><C><W>and</W></C><W>swords</W><W>.</W></SENTENCE><SENTENCE><W>Unforturately</W><W>for</W><W>Algren</W><W>,</W><W>the</W><W>Japanese</W><W>leaders</W><W>disregard</W><W>his</W><W>concerns</W><W>of</W><W>their</W><W>readiness</W><W>,</W><C><W>and</W></C><W>send</W><W>their</W><W>unprepared</W><W>forces</W><W>into</W><W>battle</W><W>.</W></SENTENCE><SENTENCE><W>Three</W><W>minutes</W><W>late</W><W>,</W><W>the</W><W>military</W><W>is</W><W>defeated</W><W>,</W><C><W>and</W></C><W>Algren</W><W>is</W><W>a</W><W>captive</W><W>of</W><W>the</W><W>&#34;</W><W>savages</W><W>&#34;</W><W>.</W></SENTENCE></P><P></P><P><SENTENCE><W>Wounded</W><C><W>and</W></C><W>in</W><W>the</W><W>hands</W><W>of</W><W>the</W><W>enemy</W><W>,</W><W>Algren</W><W>is</W><W>surprised</W><W>by</W><W>the</W><W>relative</W><W>kindness</W><W>he</W><W>is</W><W>shown</W><W>.</W></SENTENCE><SENTENCE><W>Slowly</W><W>but</W><W>surely</W><W>,</W><W>he</W><W>begins</W><W>to</W><W>know</W><C><W>and</W></C><W>love</W><W>the</W><W>ways</W><W>of</W><W>the</W><W>Samurai</W><W>,</W><W>eventually</W><W>turning</W><W>his</W><W>back</W><W>on</W><W>his</W><W>former</W><W>ways</W><C><W>and</W></C><W>comrades</W><W>.</W></SENTENCE><SENTENCE><C><cue ID="21" type="negation"><W>Without</W></cue></C><xcope ID="24"><ref COMMENTS="" ID="27" SRC="21"></ref><W>revealing</W><W>any</W><W>more</W><W>about</W><W>the</W><W>movie</W></xcope><W>,</W><W>I</W><W>&#39;ll</W><W>just</W><W>note</W><W>that</W><W>I</W><W>was</W><W>mildly</W><W>dissatisfied</W><W>with</W><W>the</W><W>Hollywood</W><W>ending</W><W>to</W><W>the</W><W>movie</W><W>.</W></SENTENCE><SENTENCE><W>I</W><W>felt</W><W>the</W><W>story</W><C><cue ID="22" type="speculation"><W>could</W></cue></C><xcope ID="25"><ref ID="28" SRC="22"></ref><W>have</W><W>gone</W><W>in</W><W>a</W><W>better</W><W>direction</W></xcope><W>(</W><W>is</W><W>that</W><W>vague</W><W>enough</W><W>for</W><W>you</W><W>?</W><W>)</W><W>.</W></SENTENCE></P><P></P><P><SENTENCE><W>Ok</W><W>,</W><W>let</W><W>&#39;s</W><W>get</W><W>started</W><W>off</W><W>by</W><W>saying</W><W>this</W><W>is</W><W>easily</W><W>one</W><W>of</W><W>the</W><W>top</W><W>movies</W><W>of</W><W>the</W><W>year</W><W>.</W></SENTENCE><SENTENCE><W>As</W><W>a</W><W>matter</W><W>of</W><W>fact</W><W>,</W><W>I</W><W>&#39;d</W><W>go</W><W>so</W><W>far</W><W>as</W><W>to</W><W>say</W><W>it</W><W>&#39;s</W><W>the</W><W>best</W><W>movie</W><W>that</W><W>I</W><W>have</W><W>seen</W><W>so</W><W>far</W><W>this</W><W>year</W><W>(</W><W>mind</W><W>you</W><W>,</W><W>the</W><W>top</W><W>two</W><W>critically</W><W>acclaimed</W><W>films</W><W>of</W><W>the</W><W>year</W><W>,</W><W>Cold</W><W>Mountain</W><C><W>and</W></C><W>Lord</W><W>of</W><W>the</W><W>Rings</W><W>:</W><W>Return</W><W>of</W><W>the</W><W>King</W><W>,</W><W>have</W><W>yet</W><W>to</W><W>be</W><W>released</W><W>)</W><W>.</W></SENTENCE><SENTENCE><W>Now</W><W>people</W><W>who</W><W>have</W><W>read</W><W>my</W><W>reviews</W><W>before</W><W>will</W><W>know</W><W>that</W><W>just</W><W>last</W><W>week</W><W>,</W><W>I</W><W>was</W><W>heaping</W><W>praise</W><W>upon</W><W>Master</W><C><W>and</W></C><W>Commander</W><W>.</W></SENTENCE><SENTENCE><W>Here</W><W>&#39;s</W><W>why</W><W>The</W><W>Last</W><W>Samurai</W><W>is</W><W>a</W><W>better</W><W>picture</W><W>:</W><W>Master</W><C><W>and</W></C><W>Commander</W><W>is</W><W>a</W><W>good</W><W>movie</W><W>carried</W><W>by</W><W>a</W><W>great</W><W>performance</W><W>by</W><W>Russell</W><W>Crowe</W><W>;</W><W>Last</W><W>Samurai</W><W>is</W><W>a</W><W>great</W><W>film</W><W>complimented</W><W>by</W><W>a</W><W>great</W><W>performance</W><W>by</W><W>Tom</W><W>Cruise</W><W>.</W></SENTENCE></P><P></P><P><SENTENCE><W>Speaking</W><W>of</W><W>Cruise</W><W>,</W><W>when</W><W>he</W><W>decide</W><C><cue ID="29" type="negation"><W>not</W></cue></C><xcope ID="40"><ref ID="49" SRC="29"></ref><W>to</W><W>suck</W></xcope><W>?</W></SENTENCE><SENTENCE><W>This</W><W>is</W><C><cue ID="30" type="speculation"><W>probably</W></cue></C><xcope ID="41"><ref ID="50" SRC="30"></ref><W>his</W><W>most</W><W>challenging</W><W>role</W><W>of</W><W>his</W><W>career</W></xcope><W>,</W><C><W>and</W></C><W>he</W><W>proved</W><W>that</W><W>he</W><W>was</W><W>more</W><W>up</W><W>to</W><W>the</W><W>task</W><W>.</W></SENTENCE><SENTENCE><xcope ID="44"><ref COMMENTS="" ID="45" SRC="31"></ref><W>Cruise</W></xcope><C><cue ID="31" type="speculation"><W>seemed</W></cue></C><xcope ID="42"><ref ID="51" SRC="31"></ref><W>to</W><W>immerse</W><W>himself</W><W>in</W><W>the</W><W>role</W></xcope><W>like</W><W>I</W><cue ID="32" type="negation"><W>ca</W><W>n&#39;t</W></cue><xcope ID="43"><ref COMMENTS="" ID="52" SRC="32"></ref><W>remember</W><W>him</W><W>ever</W><W>doing</W><W>before</W></xcope><W>.</W></SENTENCE><SENTENCE><W>We</W><W>watch</W><W>him</W><W>transform</W><W>from</W><W>a</W><W>drunkard</W><W>haunted</W><W>by</W><W>his</W><W>past</W><W>to</W><W>a</W><W>warrior</W><W>who</W><W>has</W><W>found</W><W>peace</W><C><W>and</W></C><W>redemption</W><W>for</W><W>the</W><W>life</W><W>he</W><W>has</W><W>led</W><W>.</W></SENTENCE><SENTENCE><W>Now</W><W>while</W><W>I</W><W>&#39;m</W><W>read</W><W>to</W><W>throw</W><W>the</W><W>guy</W><W>an</W><W>Oscar</W><W>nomination</W><W>right</W><W>now</W><W>,</W><W>it</W><C><cue ID="33" type="speculation"><W>might</W></cue></C><W>just</W><W>be</W><W>due</W><W>to</W><W>the</W><W>fact</W><W>that</W><W>I</W><W>&#39;ve</W><W>come</W><W>to</W><C><cue ID="34" type="speculation"><W>expect</W></cue></C><xcope ID="44"><ref ID="53" SRC="34"></ref><W>far</W><W>less</W><W>out</W><W>of</W><W>him</W></xcope><W>.</W></SENTENCE><SENTENCE><W>Regardless</W><W>,</W><W>I</W><cue ID="36" type="speculation"><W>would</W><W>n&#39;t</W></cue><xcope ID="79"><ref COMMENTS="" ID="80" SRC="36"></ref><W>be</W><W>far</W><W>off</W><C><cue ID="37" type="speculation"><W>if</W></cue></C><xcope ID="46"><ref ID="55" SRC="37"></ref><W>I</W><W>said</W><W>this</W><W>is</W><W>one</W><W>of</W><W>the</W><W>his</W><W>greatest</W><W>performances</W></xcope></xcope><W>.</W></SENTENCE></P><P></P><P><SENTENCE><W>The</W><W>rest</W><W>of</W><W>the</W><W>cast</W><W>is</W><W>phenomenal</W><W>,</W><W>but</W><C><cue ID="38" type="negation"><W>none</W></cue></C><xcope ID="47"><ref ID="56" SRC="38"></ref><W>greater</W><W>than</W><W>Ken</W><W>Watanabe</W></xcope><W>.</W></SENTENCE><SENTENCE><W>Watanabe</W><W>plays</W><W>Katsumoto</W><W>,</W><W>the</W><W>leader</W><W>of</W><W>the</W><W>remaining</W><W>Samurai</W><W>who</W><W>captures</W><C><W>and</W></C><W>later</W><W>befriends</W><W>Captain</W><W>Algren</W><W>.</W></SENTENCE><SENTENCE><C><cue ID="39" type="speculation"><W>If</W></cue></C><xcope ID="48"><ref ID="57" SRC="39"></ref><W>anyone</W><W>in</W><W>the</W><W>movie</W><W>gave</W><W>a</W><W>better</W><W>performance</W><W>than</W><W>Cruise</W></xcope><W>,</W><W>it</W><W>was</W><W>him</W><W>.</W></SENTENCE><SENTENCE><W>Throw</W><W>in</W><W>a</W><W>slew</W><W>of</W><W>other</W><W>top</W><W>performances</W><W>,</W><C><W>and</W></C><W>you</W><W>have</W><W>quite</W><W>a</W><W>nice</W><W>little</W><W>pic</W><W>.</W></SENTENCE></P><P></P><P><SENTENCE><W>What</W><W>really</W><W>made</W><W>this</W><W>movie</W><W>for</W><W>me</W><W>,</W><W>though</W><W>,</W><W>was</W><W>its</W><W>pace</W><C><W>and</W></C><W>flow</W><W>.</W></SENTENCE><SENTENCE><C><cue ID="58" type="negation"><W>Never</W></cue></C><xcope ID="64"><ref ID="68" SRC="58"></ref><W>slow</W></xcope><C><W>and</W></C><C><cue ID="59" type="negation"><W>never</W></cue></C><xcope ID="65"><ref ID="69" SRC="59"></ref><W>boring</W></xcope><W>,</W><W>director</W><W>Edward</W><W>Zwick</W><W>manages</W><W>to</W><W>find</W><W>that</W><W>rare</W><W>balance</W><W>between</W><W>action</W><C><W>and</W></C><W>drama</W><W>that</W><W>all</W><W>directors</W><W>strive</W><W>for</W><W>,</W><W>but</W><W>rarely</W><W>attain</W><W>.</W></SENTENCE><SENTENCE><W>It</W><W>&#39;s</W><W>very</W><W>hard</W><W>to</W><W>keep</W><W>an</W><W>audience</W><W>interested</W><W>in</W><W>a</W><W>144</W><W>minute</W><W>movie</W><W>from</W><W>start</W><W>to</W><W>finish</W><W>,</W><W>but</W><W>with</W><W>a</W><W>stellar</W><W>storyline</W><C><W>and</W></C><W>breath-taking</W><W>scenery</W><W>,</W><W>Last</W><W>Samurai</W><W>achieves</W><W>that</W><W>goal</W><W>in</W><W>spades</W><W>.</W></SENTENCE></P><P></P><P><SENTENCE><W>On</W><W>a</W><W>scale</W><W>of</W><W>one</W><W>to</W><W>five</W><W>,</W><W>Last</W><W>Samurai</W><W>is</W><W>a</W><W>seven</W><W>.</W></SENTENCE><SENTENCE><W>This</W><W>movie</W><W>gets</W><W>two</W><W>thumbs</W><W>way</W><W>up</W><W>from</W><W>me</W><W>,</W><C><W>and</W></C><C><cue ID="60" type="speculation"><W>should</W></cue></C><xcope ID="66"><ref ID="70" SRC="60"></ref><W>be</W><W>in</W><W>the</W><W>serious</W><W>running</W><W>for</W><W>an</W><W>Oscar</W><W>nomination</W></xcope><W>(</W><W>with</W><W>LOTR:ROTK</W><W>the</W><W>clear</W><W>favorite</W><W>to</W><W>win</W><W>every</W><W>major</W><W>award</W><W>in</W><W>the</W><W>world</W><W>this</W><W>year</W><W>,</W><W>I</W><C><cue ID="61" type="speculation"><W>think</W></cue></C><xcope ID="71"><ref COMMENTS="" ID="73" SRC="61"></ref><W>a</W><W>nom</W><W>is</W><W>the</W><W>best</W><W>that</W><C><cue ID="62" type="speculation"><W>can</W></cue></C><xcope ID="67"><ref COMMENTS="" ID="72" SRC="62"></ref><W>be</W><W>hoped</W><W>for</W><W>)</W></xcope><W>.</W></xcope></SENTENCE><SENTENCE><W>I</W><W>give</W><W>this</W><W>movie</W><W>the</W><W>highest</W><W>recommendation</W><W>,</W><C><W>and</W></C><C><cue ID="63" type="speculation"><W>can</W></cue></C><xcope ID="74"><ref ID="75" SRC="63"></ref><W>lock</W><W>Last</W><W>Samurai</W><W>in</W><W>as</W><W>a</W><W>guaranteed</W><W>top</W><W>three</W><W>movie</W><W>of</W><W>the</W><W>year</W></xcope><W>.</W></SENTENCE><SENTENCE><W>Go</W><W>see</W><W>this</W><W>movie</W><W>.</W></SENTENCE></P></DOCUMENT>
