<?xml version="1.0" encoding="UTF-8"?>
<DOCUMENT><P></P><P><SENTENCE><W>Plot</W><W>Details</W><W>:</W><W>This</W><W>opinion</W><W>reveals</W><W>minor</W><W>details</W><W>about</W><W>the</W><W>movie</W><W>&#39;</W><W>&#39;s</W><W>plot</W><W>.</W></SENTENCE></P><P></P><P><SENTENCE><W>Admittedly</W><W>,</W><W>I</W><W>was</W><W>concerned</W><W>about</W><W>this</W><W>film</W><W>beforehand</W><W>.</W></SENTENCE><SENTENCE><W>While</W><W>I</W><C><cue ID="0" type="speculation"><W>think</W></cue></C><xcope COMMENTS="" ID="4"><ref COMMENTS="" ID="8" SRC="0"></ref><W>Tom</W><W>Cruise</W><W>is</W><W>one</W><W>of</W><W>the</W><W>best</W><W>mega-star</W><W>actors</W><W>Hollywood</W><W>has</W><W>to</W><W>offer</W></xcope><W>,</W><W>I</W><W>was</W><W>concerned</W><W>that</W><W>The</W><W>Last</W><W>Samurai</W><C><cue ID="1" type="speculation"><W>could</W></cue></C><xcope COMMENTS="" ID="5"><ref COMMENTS="" ID="9" SRC="1"></ref><W>do</W><W>for</W><W>him</W><W>what</W><W>Braveheart</W><W>did</W><W>for</W><W>Mel</W><W>Gibson</W></xcope><C><W>and</W></C><W>Gladiator</W><W>did</W><W>for</W><W>Russell</W><W>Crowe</W><W>:</W><W>swell</W><W>their</W><W>egos</W><W>past</W><W>their</W><W>abilities</W><W>.</W></SENTENCE><SENTENCE><W>Thankfully</W><W>,</W><W>this</W><W>film</W><W>works</W><W>well</W><W>enough</W><W>by</W><W>its</W><W>own</W><W>right</W><W>that</W><W>it</W><cue ID="2" type="negation"><W>does</W><W>nt</W></cue><xcope COMMENTS="" ID="6"><ref COMMENTS="" ID="10" SRC="2"></ref><W>have</W><W>to</W><W>keep</W><W>Cruise</W><W>in</W><W>the</W><W>limelight</W><W>all</W><W>the</W><W>time</W></xcope><W>;</W><C><W>and</W></C><W>hes</W><W>quite</W><W>happy</W><W>to</W><W>have</W><W>it</W><W>that</W><W>way</W><W>.</W></SENTENCE><SENTENCE><W>The</W><W>movie</W><W>is</W><W>respectful</W><W>enough</W><W>of</W><W>its</W><W>subject</W><W>matter</W><C><cue ID="3" type="negation"><W>not</W></cue></C><xcope COMMENTS="" ID="7"><ref COMMENTS="" ID="11" SRC="3"></ref><W>to</W><W>put</W><W>all</W><W>the</W><W>glory</W><W>around</W><W>its</W><W>central</W><W>character</W></xcope><C><W>and</W></C><W>that</W><W>is</W><W>what</W><W>helps</W><W>this</W><W>movie</W><W>to</W><W>shine</W><W>.</W></SENTENCE></P><P></P><P><SENTENCE><W>The</W><W>Last</W><W>Samurai</W><W>tells</W><W>the</W><W>story</W><W>of</W><W>Capt</W><W>.</W></SENTENCE><SENTENCE><W>Nathan</W><W>Algren</W><W>(</W><W>Cruise</W><W>)</W><W>,</W><W>a</W><W>courageous</W><W>American</W><W>soldier</W><W>who</W><W>is</W><W>plagued</W><W>by</W><W>the</W><W>guilt</W><W>of</W><W>a</W><W>slaughter</W><W>of</W><W>innocent</W><W>Indians</W><W>ordered</W><W>by</W><W>his</W><W>commanding</W><W>officer</W><W>.</W></SENTENCE><SENTENCE><W>Using</W><W>whats</W><W>left</W><W>of</W><W>his</W><W>fame</W><W>to</W><W>sell</W><W>Winchester</W><W>rifles</W><W>,</W><W>Algren</W><W>spends</W><W>his</W><W>days</W><W>in</W><W>solitude</W><W>drowning</W><W>in</W><W>a</W><W>bottle</W><W>.</W></SENTENCE><SENTENCE><W>That</W><W>is</W><W>,</W><W>until</W><W>he</W><W>gets</W><W>an</W><W>offer</W><W>from</W><W>the</W><W>Japanese</W><W>government</W><W>for</W><W>$</W><W>500</W><W>per</W><W>week</W><W>to</W><W>train</W><W>their</W><W>soldiers</W><W>to</W><W>fight</W><W>against</W><W>a</W><W>band</W><W>of</W><W>Samurai</W><W>who</W><W>have</W><W>rebelled</W><W>against</W><W>their</W><W>quest</W><W>for</W><W>modernization</W><W>.</W></SENTENCE><SENTENCE><W>But</W><W>it</W><W>is</W><W>only</W><W>after</W><W>his</W><W>band</W><W>of</W><W>hastily</W><W>trained</W><W>soldiers</W><W>is</W><W>attacked</W><C><W>and</W></C><W>Algren</W><W>is</W><W>captured</W><W>by</W><W>the</W><W>rebels</W><W>that</W><W>he</W><W>learns</W><W>of</W><W>their</W><W>true</W><W>fight</W><W>:</W><W>to</W><W>preserve</W><W>their</W><W>way</W><W>of</W><W>life</W><W>that</W><W>is</W><W>being</W><W>threatened</W><W>by</W><W>western</W><W>civilization</W><W>.</W></SENTENCE><SENTENCE><W>Through</W><W>contact</W><W>with</W><W>these</W><W>enemies</W><W></W><W>he</W><W>is</W><W>able</W><W>to</W><W>learn</W><W>of</W><W>honor</W><W>,</W><W>value</W><C><W>and</W></C><W>love</W><W>.</W></SENTENCE></P><P></P><P><SENTENCE><W>Im</W><W>sure</W><W>the</W><W>cynics</W><W>will</W><W>say</W><W>a</W><W>movie</W><W>like</W><W>this</W><W>throws</W><W>the</W><W>audience</W><W>into</W><W>melodrama</W><W>,</W><W>but</W><W>theyll</W><C><cue COMMENTS="" ID="12" type="speculation"><W>likely</W></cue></C><xcope COMMENTS="" ID="17"><ref COMMENTS="" ID="20" SRC="12"></ref><W>say</W><W>the</W><W>same</W><W>about</W><W>any</W><W>film</W><W>in</W><W>which</W><W>we</W><W>are</W><C><cue COMMENTS="" ID="13" type="speculation"><W>expected</W></cue></C><xcope COMMENTS="" ID="16"><W>to</W><W>genuinely</W><W>care</W><W>about</W><W>the</W><W>characters</W></xcope></xcope><W>.</W></SENTENCE><SENTENCE><W>Cruise</W><W>is</W><W>a</W><W>fine</W><W>lead</W><W>actor</W><W>,</W><C><cue COMMENTS="" ID="14" type="negation"><W>never</W></cue></C><xcope COMMENTS="" ID="18"><ref COMMENTS="" ID="21" SRC="14"></ref><W>stealing</W><W>the</W><W>spotlight</W></xcope><W>,</W><W>but</W><W>always</W><W>commanding</W><W>enough</W><W>presence</W><W>for</W><W>us</W><W>to</W><C><W>believe</W></C><W>the</W><W>film</W><W>.</W></SENTENCE><SENTENCE><C><W>And</W></C><W>while</W><W>I</W><cue COMMENTS="" ID="15" type="negation"><W>was</W><W>nt</W></cue><xcope COMMENTS="" ID="19"><ref COMMENTS="" ID="22" SRC="15"></ref><W>always</W><W>buying</W><W>him</W><W>as</W><W>a</W><W>genuine</W><W>Samurai</W></xcope><W>,</W><W>he</W><W>throws</W><W>himself</W><W>into</W><W>the</W><W>role</W><W>with</W><W>such</W><W>determination</W><W>that</W><W>he</W><W>deserves</W><W>to</W><W>be</W><W>commended</W><W>for</W><W>his</W><W>efforts</W><W>,</W><W>despite</W><W>the</W><W>fact</W><W>that</W><W>he</W><W>is</W><W>a</W><W>Hollywood</W><W>megastar</W><W>(</W><W>which</W><W>is</W><W>hard</W><W>to</W><W>see</W><W>past</W><W>,</W><W>regardless</W><W>of</W><W>how</W><W>good</W><W>the</W><W>performance</W><W>is</W><W>.</W><W>)</W></SENTENCE></P><P></P><P><SENTENCE><W>Katsumoto</W><W>,</W><W>The</W><W>leader</W><W>of</W><W>the</W><W>Samurai</W><W>village</W><W>,</W><W>is</W><W>played</W><W>with</W><W>an</W><W>Oscar-worthy</W><W>performance</W><W>by</W><W>Ken</W><W>Wanatabe</W><W>,</W><C><W>and</W></C><W>is</W><W>easily</W><W>the</W><W>films</W><W>best</W><W>character</W><W>.</W></SENTENCE><SENTENCE><W>He</W><W>is</W><W>a</W><W>fierce</W><W>,</W><W>honorable</W><W>warrior</W><W>,</W><W>but</W><W>also</W><W>a</W><W>loving</W><W>leader</W><W>who</W><W>seeks</W><W>to</W><W>understand</W><W>that</W><W>which</W><W>is</W><W>outside</W><W>his</W><W>culture</W><W>.</W></SENTENCE></P><P></P><P><SENTENCE><W>Of</W><W>the</W><W>films</W><W>villains</W><W>,</W><W>I</W><cue COMMENTS="" ID="23" type="speculation"><W>cant</W></cue><xcope COMMENTS="" ID="26"><ref COMMENTS="" ID="29" SRC="23"></ref><W>be</W><W>so</W><W>praiseworthy</W></xcope><W>.</W></SENTENCE><SENTENCE><W>While</W><W>they</W><W>do</W><W>work</W><W>fine</W><W>in</W><W>the</W><W>framework</W><W>of</W><W>the</W><W>story</W><W>,</W><W>they</W><W>are</W><W>the</W><W>same</W><W>static</W><W>antagonists</W><W>we</W><W>see</W><W>in</W><W>every</W><W>film</W><W>like</W><W>this</W><W>,</W><W>where</W><W>their</W><W>lust</W><W>for</W><W>progress</W><W></W><W>gets</W><W>in</W><W>the</W><W>way</W><W>of</W><W>human</W><W>dignity</W><W>,</W><W>although</W><W>,</W><C><cue COMMENTS="" ID="24" type="speculation"><W>perhaps</W></cue></C><xcope COMMENTS="" ID="28"><ref COMMENTS="" ID="31" SRC="24"></ref><W>this</W><C><cue COMMENTS="" ID="25" type="speculation"><W>can</W></cue></C><xcope COMMENTS="" ID="27"><ref COMMENTS="" ID="30" SRC="25"></ref><W>be</W><W>blamed</W><W>on</W><W>the</W><W>story</W><W>itself</W></xcope></xcope><W>.</W></SENTENCE></P><P></P><P><SENTENCE><cue COMMENTS="" ID="32" type="negation"><W>Dont</W></cue><xcope COMMENTS="" ID="41"><ref COMMENTS="" ID="48" SRC="32"></ref><W>get</W><W>me</W><W>wrong</W></xcope><W>,</W><W>the</W><W>story</W><W>is</W><W>great</W><W>.</W></SENTENCE><SENTENCE><W>It</W><W>works</W><W>perfectly</W><W>for</W><W>the</W><W>film</W><W>,</W><W>because</W><W>this</W><W>is</W><W>a</W><W>character</W><W>drama</W><C><W>and</W></C><W>a</W><W>war</W><W>epic</W><W>,</W><C><cue COMMENTS="" ID="33" type="negation"><W>not</W></cue></C><xcope COMMENTS="" ID="42"><ref COMMENTS="" ID="49" SRC="33"></ref><W>a</W><W>story-driven</W><W>film</W></xcope><W>.</W></SENTENCE><SENTENCE><W>There</W><W>is</W><C><cue COMMENTS="" ID="34" type="negation"><W>no</W></cue></C><xcope COMMENTS="" ID="43"><ref COMMENTS="" ID="50" SRC="34"></ref><W>need</W><W>for</W><W>an</W><W>overly</W><W>complex</W><W>plot</W></xcope><W>,</W><W>because</W><W>what</W><W>were</W><C><cue COMMENTS="" ID="35" type="speculation"><W>expected</W></cue></C><xcope COMMENTS="" ID="44"><ref COMMENTS="" ID="51" SRC="35"></ref><W>to</W><W>be</W><W>drawn</W><W>to</W><W>here</W><W>is</W><W>these</W><W>people</W><C><W>and</W></C></xcope><W>why</W><W>theyre</W><W>so</W><W>willing</W><W>to</W><W>fight</W><W>for</W><W>what</W><W>they</W><C><W>believe</W></C><W>in</W><W>.</W></SENTENCE><SENTENCE><W>It</W><C><cue COMMENTS="" ID="36" type="speculation"><W>may</W></cue></C><xcope ID="101"><ref COMMENTS="" ID="103" SRC="36"></ref><C><cue COMMENTS="" ID="37" type="negation"><W>not</W></cue></C><xcope ID="100"><ref COMMENTS="" ID="102" SRC="37"></ref><W>be</W><W>wholly</W><W>original</W><W>at</W><W>all</W></xcope></xcope><W>,</W><W>but</W><W>it</W><W>works</W><W>.</W></SENTENCE><SENTENCE><C><W>And</W></C><W>that</W><W>s</W><W>all</W><W>that</W><W>matters</W><W>.</W></SENTENCE></P><P></P><P><SENTENCE><W>That</W><W>being</W><W>said</W><W>,</W><W>the</W><W>film</W><W>settles</W><W>into</W><W>that</W><W>mold</W><C><W>and</W></C><W>shines</W><W>beautifully</W><W>.</W></SENTENCE><SENTENCE><W>The</W><W>environments</W><W>here</W><W>are</W><W>breathtaking</W><W>.</W></SENTENCE><SENTENCE><W>The</W><W>valley</W><W>where</W><W>the</W><W>Samurai</W><W>village</W><W>resides</W><W>is</W><W>quite</W><C><cue COMMENTS="" ID="38" type="speculation"><W>possibly</W></cue></C><xcope COMMENTS="" ID="46"><ref COMMENTS="" ID="55" SRC="38"></ref><W>one</W><W>of</W><W>the</W><W>most</W><W>beautiful</W><W>set</W><W>pieces</W><W>in</W><W>cinematic</W><W>history</W></xcope><W>.</W></SENTENCE><SENTENCE><W>Its</W><W>citizens</W><W>are</W><W>well</W><W>portrayed</W><W>as</W><W>well</W><W>.</W></SENTENCE><SENTENCE><W>These</W><W>are</W><C><cue COMMENTS="" ID="39" type="negation"><W>not</W></cue></C><xcope COMMENTS="" ID="57"><ref COMMENTS="" ID="58" SRC="39"></ref><W>savage</W><W>warriors</W><W>as</W></xcope><W>the</W><W>early</W><W>goings</W><W>of</W><W>the</W><W>film</W><C><cue COMMENTS="" ID="40" type="speculation"><W>would</W></cue></C><xcope COMMENTS="" ID="47"><ref COMMENTS="" ID="56" SRC="40"></ref><W>have</W><W>us</W><C><W>believe</W></C></xcope><W>,</W><W>but</W><W>they</W><W>are</W><W>families</W><W>,</W><W>fathers</W><W>fighting</W><W>to</W><W>give</W><W>their</W><W>children</W><W>some</W><W>tradition</W><W>to</W><W>cherish</W><W>.</W></SENTENCE><SENTENCE><W>The</W><W>costumes</W><W>are</W><W>spot</W><W>on</W><W>,</W><W>especially</W><W>the</W><W>Samurai</W><W>armor</W><W>.</W></SENTENCE><SENTENCE><W>When</W><W>we</W><W>first</W><W>meet</W><W>them</W><W>thundering</W><W>through</W><W>terrestrial</W><W>mists</W><W>on</W><W>horseback</W><W>,</W><W>it</W><W>truly</W><W>is</W><W>a</W><W>fearsome</W><W>sight</W><W>.</W></SENTENCE></P><P></P><P><SENTENCE><W>The</W><W>film</W><W>is</W><W>beautifully</W><W>scored</W><W>,</W><W>from</W><W>the</W><W>soft</W><W>pieces</W><W>of</W><W>quiet</W><W>reflection</W><W>to</W><W>the</W><W>epic</W><W>pieces</W><W>of</W><W>battle</W><W>,</W><C><W>and</W></C><W>is</W><C><cue COMMENTS="" ID="59" type="speculation"><W>probably</W></cue></C><xcope ID="69"><ref ID="77" SRC="59"></ref><W>one</W><W>of</W><W>the</W><W>only</W><W>soundtracks</W><W>so</W><W>far</W><W>this</W><W>year</W></xcope><W>that</W><C><cue COMMENTS="" ID="61" type="speculation"><W>might</W></cue></C><xcope ID="70"><ref ID="78" SRC="61"></ref><W>be</W><W>worth</W><W>buying</W><W>(</W></xcope><W>Return</W><W>of</W><W>the</W><W>King</W><W>being</W><W>the</W><W>exception</W><W>)</W><W>.</W></SENTENCE><SENTENCE><W>Hans</W><W>Zimmer</W><W>captures</W><W>everything</W><W>good</W><W>about</W><W>the</W><W>film</W><C><W>and</W></C><W>translates</W><W>it</W><W>musically</W><W>.</W></SENTENCE></P><P></P><P><SENTENCE><C><W>And</W></C><W>the</W><W>fight</W><W>scenes</W><W>,</W><W>oh</W><W>the</W><W>fight</W><W>scenes</W><W>!</W></SENTENCE><SENTENCE><W>Wow</W><W>!</W></SENTENCE><SENTENCE><W>The</W><W>film</W><W>is</W><W>intensely</W><W>violent</W><C><W>and</W></C><W>has</W><W>a</W><W>body</W><W>count</W><W>that</W><C><cue ID="62" type="speculation"><W>could</W></cue></C><xcope ID="71"><ref ID="79" SRC="62"></ref><W>rival</W><W>even</W><W>Kill</W><W>Bill</W></xcope><W>.</W></SENTENCE><SENTENCE><W>Its</W><C><cue ID="63" type="negation"><W>not</W></cue></C><xcope ID="72"><ref ID="80" SRC="63"></ref><W>simply</W><W>all</W><W>out</W><W>war</W></xcope><W>,</W><W>but</W><W>it</W><W>s</W><W>stylistic</W><W>in</W><W>its</W><W>approach</W><W>as</W><W>well</W><W>.</W></SENTENCE><SENTENCE><W>The</W><W>film</W><W>has</W><W>one-on-one</W><W>sword</W><W>fighting</W><W>,</W><W>finding</W><W>a</W><W>windswept</W><C><W>and</W></C><W>rain-soaked</W><W>Cruise</W><W>continually</W><W>training</W><W>himself</W><W>in</W><W>the</W><W>way</W><W>of</W><W>the</W><W>Samurai</W><W>.</W></SENTENCE><SENTENCE><W>There</W><W>is</W><W>a</W><W>carefully</W><W>plotted</W><W>final</W><W>battle</W><W>that</W><cue ID="64" type="negation"><W>does</W><W>nt</W></cue><xcope ID="73"><ref COMMENTS="" ID="81" SRC="64"></ref><W>cheat</W><W>the</W><W>viewer</W><W>by</W><W>simply</W><W>having</W><W>the</W><W>soldiers</W><W>run</W><W>out</W><C><W>and</W></C><W>kill</W><W>each</W><W>other</W></xcope><W>.</W></SENTENCE><SENTENCE><W>The</W><W>Samurai</W><W>fight</W><W>for</W><W>their</W><W>honor</W><W>against</W><W>thousands</W><W>of</W><W>Japanese</W><W>infantry</W><W>,</W><C><W>and</W></C><W>the</W><W>battle</W><W>is</W><W>simply</W><W>spectacular</W><W>.</W></SENTENCE><SENTENCE><W>It</W><W>is</W><W>perfectly</W><W>shot</W><C><W>and</W></C><W>perfectly</W><W>directed</W><W>to</W><W>an</W><W>emotional</W><W>resonance</W><C><cue ID="65" type="negation"><W>not</W></cue></C><xcope ID="74"><ref ID="82" SRC="65"></ref><W>often</W><W>found</W><W>outside</W><W>something</W><W>like</W><W>Peter</W><W>Jacksons</W><W>The</W><W>Lord</W><W>of</W><W>the</W><W>Rings</W></xcope><W>.</W></SENTENCE><SENTENCE><W>Zwick</W><W>even</W><W>respects</W><W>the</W><W>intelligence</W><W>of</W><W>the</W><W>viewer</W><W>by</W><W>knowing</W><W>the</W><W>importance</W><W>of</W><W>military</W><W>strategy</W><W>in</W><W>battle</W><W>.</W></SENTENCE><SENTENCE><W>It</W><W>is</W><W>a</W><W>truly</W><W>epic</W><W>thing</W><W>to</W><W>see</W><W>,</W><W>with</W><W>characters</W><W>we</W><W>have</W><W>come</W><W>to</W><W>care</W><W>for</W><W>fighting</W><W>for</W><W>everything</W><W>they</W><C><W>believe</W></C><W>.</W></SENTENCE><SENTENCE><W>Theres</W><W>even</W><W>a</W><W>scene</W><W>with</W><W>Samurai</W><W>VS</W><W>Ninjas</W><W>!</W></SENTENCE><SENTENCE><W>It</W><cue ID="66" type="negation"><W>does</W><W>nt</W></cue><xcope ID="76"><ref COMMENTS="" ID="83" SRC="66"></ref><W>get</W><W>much</W><W>better</W><W>than</W><W>that</W></xcope><W>.</W></SENTENCE><SENTENCE><C><W>And</W></C><W>you</W><C><cue ID="67" type="speculation"><W>can</W></cue></C><xcope ID="85"><ref ID="86" SRC="67"></ref><W>quote</W><W>me</W><W>that</W><W>the</W><W>final</W><W>battle</W><W>here</W><W>is</W><W>epic</W><W>enough</W></xcope><W>that</W><W>it</W><C><cue ID="68" type="speculation"><W>could</W></cue></C><xcope ID="75"><ref ID="84" SRC="68"></ref><W>rival</W><W>even</W><W>Pellannor</W><W>Fields</W><W>in</W><W>Return</W><W>of</W><W>the</W><W>King</W></xcope></SENTENCE></P><P></P><P><SENTENCE><W>Amidst</W><W>the</W><W>battle</W><W>scenes</W><W>are</W><W>long</W><W>moments</W><W>of</W><W>quiet</W><W>reflection</W><W>,</W><W>light</W><W>humor</W><W>,</W><C><W>and</W></C><W>poignant</W><W>dialogue</W><W>,</W><W>all</W><W>of</W><W>which</W><W>serve</W><W>to</W><W>draw</W><W>us</W><W>further</W><W>into</W><W>the</W><W>story</W><C><W>and</W></C><W>connect</W><W>emotionally</W><W>with</W><W>the</W><W>characters</W><W>.</W></SENTENCE><SENTENCE><W>Cruise</W><W>trains</W><W>fiercely</W><W>with</W><W>the</W><W>town</W><W>warriors</W><W>,</W><W>refusing</W><W>to</W><W>stop</W><W>until</W><W>he</W><C><cue ID="87" type="speculation"><W>can</W></cue></C><xcope ID="105"><ref COMMENTS="" ID="107" SRC="87"></ref><C><cue ID="88" type="negation"><W>no</W></cue></C><xcope ID="104"><ref COMMENTS="" ID="106" SRC="88"></ref><W>longer</W><W>move</W></xcope></xcope><W>,</W><C><W>and</W></C><W>earning</W><W>the</W><W>respect</W><W>of</W><W>the</W><W>villagers</W><W>.</W></SENTENCE><SENTENCE><W>He</W><W>becomes</W><W>a</W><W>friend</W><W>to</W><W>the</W><W>people</W><W>,</W><C><W>and</W></C><W>a</W><W>father</W><W>figure</W><W>to</W><W>the</W><W>village</W><W>children</W><W>.</W></SENTENCE><SENTENCE><W>In</W><W>short</W><W>,</W><W>he</W><W>realizes</W><W>that</W><W>these</W><W>people</W><W>are</W><C><cue ID="89" type="negation"><W>not</W></cue></C><xcope COMMENTS="" ID="96"><ref COMMENTS="" ID="102" SRC="89"></ref><W>the</W><W>bad</W><W>guys</W></xcope><W>.</W></SENTENCE><SENTENCE><W>Theyre</W><W>noble</W><W>men</W><W>of</W><W>good</W><W>character</W><W>who</W><W>only</W><W>wish</W><W>to</W><W>preserve</W><W>that</W><W>which</W><W>they</W><W>have</W><W>grown</W><W>to</W><W>love</W><W>.</W></SENTENCE><SENTENCE><W>Katsumoto</W><W>says</W><W>to</W><W>Nathan</W><W>on</W><W>the</W><W>dawn</W><W>of</W><W>battle</W><W>,</W><W>You</W><C><cue ID="91" type="speculation"><W>think</W></cue></C><xcope ID="99"><ref COMMENTS="" ID="100" SRC="91"></ref><W>a</W><W>man</W><C><cue ID="90" type="speculation"><W>can</W></cue></C><xcope COMMENTS="" ID="97"><ref COMMENTS="" ID="103" SRC="90"></ref><W>change</W><W>his</W><W>destiny</W></xcope></xcope><W>?</W><W></W><W>to</W><W>which</W><W>Cruise</W><W>replies</W><W>,</W><W></W><W>I</W><C><cue ID="92" type="speculation"><W>believe</W></cue></C><xcope COMMENTS="" ID="98"><ref COMMENTS="" ID="104" SRC="92"></ref><W>a</W><W>man</W><W>does</W><W>what</W><W>he</W><C><cue ID="93" type="speculation"><W>can</W></cue></C></xcope><W>,</W><W>until</W><W>his</W><W>destiny</W><W>is</W><W>revealed</W><W>.</W><W></W></SENTENCE><SENTENCE><W>Good</W><W>stuff</W><W>.</W></SENTENCE></P><P></P><P><SENTENCE><W>The</W><W>Last</W><W>Samurai</W><W>is</W><W>an</W><W>epic</W><W>action</W><W>film</W><W>that</W><W>has</W><W>a</W><W>heart</W><C><W>and</W></C><W>a</W><W>brain</W><W>.</W></SENTENCE><SENTENCE><W>There</W><W>is</W><W>intelligence</W><W>,</W><W>emotion</W><W>,</W><W>humor</W><W>,</W><C><W>and</W></C><W>style</W><W>.</W></SENTENCE><SENTENCE><W>It</W><W>slows</W><W>down</W><W>to</W><W>let</W><W>us</W><W>connect</W><W>with</W><W>its</W><W>characters</W><W>,</W><C><W>and</W></C><W>then</W><W>it</W><W>throws</W><W>those</W><W>characters</W><W>into</W><W>a</W><W>visual</W><W>orgy</W><W>of</W><W>blood</W><C><W>and</W></C><W>carnage</W><W>.</W></SENTENCE><SENTENCE><W>The</W><W>movie</W><W>conveys</W><W>the</W><W>strength</W><W>of</W><W>the</W><W>Samurai</W><C><W>and</W></C><W>the</W><W>honor</W><W>they</W><W>live</W><W>by</W><W>,</W><C><W>and</W></C><W>the</W><W>beauty</W><W>of</W><W>the</W><W>ancient</W><W>Japanese</W><W>culture</W><W>.</W></SENTENCE><SENTENCE><W>Everything</W><W>about</W><W>this</W><W>film</W><W>is</W><W>beautiful</W><C><W>and</W></C><W>I</W><C><cue ID="94" type="speculation"><W>would</W></cue></C><xcope COMMENTS="" ID="99"><ref COMMENTS="" ID="105" SRC="94"></ref><W>go</W><W>as</W><W>far</W><W>as</W><W>to</W><W>rank</W><W>it</W><W>one</W><W>of</W><W>the</W><W>years</W><W>best</W><W>films</W></xcope><W>.</W></SENTENCE></P></DOCUMENT>
