<?xml version="1.0" encoding="UTF-8"?>
<DOCUMENT><P></P><P><SENTENCE><W>I</W><W>&#39;m</W><W>kind</W><W>of</W><W>disappointed</W><W>this</W><W>expensive</W><W>phone</W><W>system</W><W>.</W></SENTENCE><SENTENCE><W>I</W><W>used</W><W>to</W><W>have</W><W>a</W><W>Siemen</W><W>&#39;s</W><W>phone</W><W>system</W><W>,</W><W>but</W><W>the</W><W>sound</W><W>started</W><W>to</W><W>degrade</W><W>after</W><W>a</W><W>few</W><W>years</W><W>,</W><W>so</W><W>I</W><W>switched</W><W>to</W><W>this</W><W>more</W><W>expensive</W><W>Panasonic</W><W>system</W><W>.</W></SENTENCE></P><P></P><P><SENTENCE><W>The</W><W>phone</W><W>has</W><W>a</W><W>nice</W><W>feeling</W><W>to</W><W>it</W><W>.</W></SENTENCE><SENTENCE><W>I</W><W>like</W><W>that</W><W>you</W><C><cue ID="0" type="speculation"><W>can</W></cue></C><xcope ID="17"><ref ID="35" SRC="0"></ref><W>choose</W><W>the</W><W>line</W><W>you</W><W>want</W><W>to</W><W>dial</W><W>out</W><W>on</W></xcope><W>.</W></SENTENCE><SENTENCE><W>This</W><W>feature</W><W>was</W><C><W>missing</W></C><W>from</W><W>the</W><W>Siemens</W><W>phone</W><W>.</W></SENTENCE><SENTENCE><W>The</W><W>illuminated</W><W>keypad</W><W>works</W><W>very</W><W>well</W><W>.</W></SENTENCE><SENTENCE><W>The</W><W>volume</W><W>control</W><W>is</W><W>easy</W><W>to</W><W>use</W><W>when</W><W>talking</W><W>,</W><W>but</W><W>I</W><W>wish</W><W>it</W><W>went</W><W>a</W><W>bit</W><W>louder</W><W>.</W></SENTENCE><SENTENCE><W>Sometime</W><W>it</W><W>&#39;s</W><W>just</W><C><cue ID="1" type="negation"><W>not</W></cue></C><xcope ID="18"><ref ID="36" SRC="1"></ref><W>enough</W><W>volume</W></xcope><W>.</W></SENTENCE></P><P></P><P><SENTENCE><W>Now</W><W>for</W><W>the</W><W>down</W><W>side</W><W>.</W></SENTENCE></P><P></P><P><SENTENCE><W>The</W><W>directory</W><W>is</W><C><cue ID="2" type="negation"><W>not</W></cue></C><xcope ID="19"><ref ID="37" SRC="2"></ref><W>connected</W><W>to</W><W>the</W><W>caller-id</W><W>like</W><W>on</W><W>my</W><W>cell</W><W>phone</W></xcope><W>,</W><C><W>and</W></C><W>my</W><W>Siemens</W><W>phones</W><W>.</W></SENTENCE><SENTENCE><W>What</W><W>I</W><W>mean</W><W>by</W><W>this</W><W>is</W><C><cue ID="3" type="speculation"><W>if</W></cue></C><W>a</W><xcope ID="20"><ref ID="38" SRC="3"></ref><W>name</W><W>exists</W><W>in</W><W>my</W><W>directory</W><W>with</W><W>a</W><W>phone</W><W>number</W></xcope><W>,</W><W>I</W><W>want</W><W>that</W><W>directory</W><W>name</W><W>to</W><W>display</W><C><W>instead</W></C><W>of</W><W>the</W><W>default</W><W>caller-ID</W><W>name</W><W>.</W></SENTENCE><SENTENCE><W>Sometimes</W><W>the</W><W>caller-ID</W><W>name</W><W>is</W><W>&#34;</W><C><W>Unknown</W></C><W>Name&#34;</W><W>,</W><W>like</W><W>every</W><W>time</W><W>for</W><W>cell</W><W>phones</W><W>.</W></SENTENCE><SENTENCE><W>That</W><W>does</W><W>n&#39;t</W><W>do</W><W>me</W><W>any</W><W>good</W><W>at</W><W>all</W><W>.</W></SENTENCE></P><P></P><P><SENTENCE><W>Transfering</W><W>is</W><W>difficult</W><W>on</W><W>this</W><W>phone</W><W>.</W></SENTENCE><SENTENCE><W>You</W><cue ID="4" type="negation"><W>ca</W><W>n&#39;t</W></cue><xcope ID="21"><ref COMMENTS="" ID="39" SRC="4"></ref><W>just</W><W>yell</W><W>across</W><W>the</W><W>house</W><W>&#34;</W><W>Pick</W><W>up</W><W>the</W><W>phone</W><W>&#34;</W></xcope><W>.</W></SENTENCE><SENTENCE><W>You</W><W>have</W><W>to</W><W>transfer</W><W>the</W><W>call</W><W>.</W></SENTENCE><SENTENCE><W>This</W><W>is</W><C><cue ID="5" type="negation"><W>not</W></cue></C><xcope ID="22"><ref ID="40" SRC="5"></ref><W>always</W><W>easy</W></xcope><W>,</W><W>because</W><W>you</W><W>have</W><W>to</W><W>ask</W><W>what</W><W>number</W><W>extension</W><W>are</W><W>you</W><W>holding</W><W>.</W></SENTENCE><SENTENCE><W>There</W><W>are</W><C><cue ID="6" type="negation"><W>no</W></cue></C><xcope ID="23"><ref ID="41" SRC="6"></ref><W>labels</W><W>on</W><W>the</W><W>extensions</W></xcope><W>,</W><W>just</W><W>numbers</W><W>.</W></SENTENCE></P><P></P><P><SENTENCE><W>I</W><cue ID="9" type="negation"><W>do</W><W>n&#39;t</W></cue><xcope ID="24"><ref COMMENTS="" ID="42" SRC="9"></ref><W>like</W><W>the</W><W>fact</W><W>that</W><W>each</W><W>phone</W><W>acts</W><W>like</W><W>it</W><W>&#39;s</W><W>a</W><W>stand</W><W>alone</W><W>phone</W></xcope><W>.</W></SENTENCE><SENTENCE><W>The</W><W>system</W><W>does</W><C><cue ID="7" type="negation"><W>not</W></cue></C><xcope ID="25"><ref ID="43" SRC="7"></ref><W>act</W><W>like</W><W>a</W><W>system</W></xcope><W>.</W></SENTENCE><SENTENCE><W>You</W><cue ID="8" type="negation"><W>ca</W><W>n&#39;t</W></cue><xcope ID="26"><ref COMMENTS="" ID="44" SRC="8"></ref><W>share</W><W>directories</W></xcope><W>.</W></SENTENCE><SENTENCE><W>This</W><W>is</W><W>a</W><W>big</W><W>minus</W><W>,</W><W>because</W><W>you</W><W>have</W><W>to</W><W>type</W><W>in</W><W>the</W><W>directory</W><W>for</W><W>each</W><W>phone</W><W>.</W></SENTENCE><SENTENCE><W>I</W><W>have</W><W>about</W><W>75</W><W>numbers</W><W>,</W><C><W>and</W></C><W>names</W><W>for</W><W>a</W><W>system</W><W>of</W><W>4</W><W>phones</W><W>.</W></SENTENCE><SENTENCE><W>You</W><cue ID="10" type="negation"><W>ca</W><W>n&#39;t</W></cue><xcope ID="27"><ref COMMENTS="" ID="45" SRC="10"></ref><W>clear</W><W>the</W><W>&#34;</W><W>Received</W><W>Calls</W><W>&#34;</W><W>label</W><W>for</W><W>the</W><W>system</W></xcope><W>.</W></SENTENCE><SENTENCE><W>What</W><W>&#39;s</W><W>the</W><W>point</W><W>of</W><W>buying</W><W>a</W><W>system</W><W>,</W><W>when</W><W>the</W><W>phones</W><cue ID="11" type="negation"><W>do</W><W>n&#39;t</W></cue><xcope ID="28"><ref COMMENTS="" ID="46" SRC="11"></ref><W>share</W></xcope><W>.</W></SENTENCE><SENTENCE><W>There</W><W>is</W><C><cue ID="12" type="negation"><W>no</W></cue></C><xcope ID="31"><ref ID="49" SRC="12"></ref><xcope ID="29"><ref ID="48" SRC="13"></ref><W>mute</W><W>button</W><W>on</W><W>the</W><W>base</W></xcope><W>,</W><C><cue ID="13" type="speculation"><W>or</W></cue></C><xcope ID="30"><ref ID="47" SRC="13"></ref><W>any</W><W>of</W><W>the</W><W>handsets</W></xcope></xcope><W>.</W></SENTENCE><SENTENCE><W>The</W><W>speakerphone</W><W>does</W><W>work</W><W>well</W><W>though</W><W>.</W></SENTENCE></P><P></P><P><SENTENCE><W>We</W><W>had</W><W>central</W><W>air</W><W>installed</W><W>in</W><W>our</W><W>house</W><W>,</W><C><W>and</W></C><W>it</W><C><cue ID="14" type="speculation"><W>seems</W></cue></C><xcope ID="32"><ref ID="50" SRC="14"></ref><W>that</W><W>the</W><W>blower</W><W>is</W><W>interfering</W><W>with</W><W>the</W><W>sound</W><W>quality</W><W>of</W><W>any</W><W>handset</W><W>that</W><W>gets</W><W>within</W><W>10</W><W>feet</W><W>of</W><W>it</W></xcope><W>.</W></SENTENCE></P><P></P><P><SENTENCE><W>Upside</W><W>again</W><W>:</W></SENTENCE></P><P></P><P><SENTENCE><W>I</W><W>do</W><W>use</W><W>the</W><W>general</W><W>mailbox</W><W>.</W></SENTENCE><SENTENCE><W>That</W><W>works</W><W>well</W><W>,</W><C><W>and</W></C><W>I</W><C><cue ID="15" type="speculation"><W>can</W></cue></C><xcope ID="34"><ref ID="51" SRC="15"></ref><W>access</W><W>it</W><W>from</W><W>the</W><W>road</W></xcope><W>.</W></SENTENCE><SENTENCE><W>You</W><C><cue ID="16" type="speculation"><W>can</W></cue></C><xcope ID="33"><ref ID="52" SRC="16"></ref><W>have</W><W>multiple</W><W>mailboxes</W></xcope><W>,</W><W>but</W><W>I</W><W>just</W><W>use</W><W>the</W><W>general</W><W>box</W><W>.</W></SENTENCE><SENTENCE><W>the</W><W>phone</W><W>uses</W><W>NiMH</W><W>batteries</W><W>,</W><C><W>and</W></C><W>that</W><W>&#39;s</W><W>good</W><W>.</W></SENTENCE></P></DOCUMENT>
