<?xml version="1.0" encoding="UTF-8"?>
<DOCUMENT><P></P><P><SENTENCE><C><cue ID="0" type="negation"><W>No</W></cue></C><xcope ID="22"><ref ID="58" SRC="0"></ref><W>interference</W><W>from</W><W>my</W><xcope ID="21"><ref ID="57" SRC="1"></ref><W>wireless</W><W>video</W><W>camera</W></xcope><W>,</W><xcope ID="20"><ref ID="56" SRC="1"></ref><W>wireless</W><W>computer</W><W>network</W></xcope><W>,</W><C><cue ID="1" type="speculation"><W>or</W></cue></C><xcope ID="19"><ref ID="55" SRC="1"></ref><W>microwave</W></xcope></xcope><W>.</W></SENTENCE><SENTENCE><C><cue ID="2" type="negation"><W>No</W></cue></C><xcope ID="23"><ref ID="54" SRC="2"></ref><W>audio</W><W>chopping</W><W>when</W><W>I</W><W>move</W><W>to</W><W>distant</W><W>parts</W><W>of</W><W>the</W><W>house</W></xcope><W>-</W><W>I</W><W>did</W><W>have</W><W>these</W><W>problems</W><W>at</W><W>2.4</W><W>GHz</W><W>.</W></SENTENCE><SENTENCE><W>I</W><W>first</W><W>tried</W><W>a</W><W>Uniden</W><W>DCT-5260</W><W>,</W><W>2.4</W><W>GHz</W><W>model</W><W>with</W><W>2</W><W>handsets</W><W>-</W><W>I</W><W>do</W><W>n&#39;t</W><W>see</W><W>that</W><W>model</W><W>on</W><W>ePinions</W><W>.</W></SENTENCE></P><P></P><P><SENTENCE><W>I</W><W>like</W><W>the</W><W>orange</W><W>backlight</W><C><W>and</W></C><C><W>lack</W></C><W>of</W><W>visible</W><W>antenna</W><W>.</W></SENTENCE><SENTENCE><W>I</W><W>have</W><W>nothing</W><W>else</W><W>good</W><W>to</W><W>say</W><W>about</W><W>it</W><W>.</W></SENTENCE></P><P></P><P><SENTENCE><W>The</W><W>function</W><W>keys</W><W>are</W><W>atrocious</W><W>.</W></SENTENCE><SENTENCE><W>I</W><C><cue ID="3" type="speculation"><W>can</W></cue></C><xcope ID="24"><ref ID="53" SRC="3"></ref><W>find</W><W>the</W><W>Talk</W><W>button</W><W>easily</W></xcope><W>,</W><W>but</W><W>the</W><W>End</W><W>button</W><W>is</W><W>just</W><W>one</W><W>of</W><W>6</W><W>identical</W><W>buttons</W><W>that</W><W>are</W><W>equally</W><W>spaced</W><W>around</W><W>the</W><W>large</W><W>talk</W><W>button</W><W>.</W></SENTENCE><SENTENCE><W>What</W><W>were</W><W>they</W><W>thinking</W><W>?</W><W>!</W></SENTENCE></P><P></P><P><SENTENCE><W>To</W><W>work</W><W>with</W><W>the</W><W>caller</W><W>ID</W><W>list</W><W>you</W><W>have</W><W>to</W><W>press</W><W>a</W><W>button</W><W>on</W><W>the</W><W>left</W><W>,</W><W>then</W><W>one</W><W>of</W><W>two</W><W>buttons</W><W>on</W><W>the</W><W>right</W><W>to</W><W>scroll</W><W>,</W><W>then</W><W>down</W><W>to</W><W>the</W><W>bottom</W><W>to</W><W>use</W><W>two</W><W>poorly</W><W>labelled</W><W>buttons</W><W>:</W><W>one</W><W>to</W><W>delete</W><W>,</W><W>the</W><W>other</W><W>to</W><W>confirm</W><W>?</W></SENTENCE><SENTENCE><W>Most</W><W>other</W><W>phones</W><W>-</W><W>including</W><W>the</W><W>DCT-5260</W><W>-</W><W>will</W><W>use</W><W>soft</W><W>keys</W><W>.</W></SENTENCE><SENTENCE><W>What</W><W>were</W><W>they</W><W>thinking</W><W>?</W><W>!</W></SENTENCE></P><P></P><P><SENTENCE><W>When</W><W>the</W><W>phone</W><W>is</W><W>taken</W><W>out</W><W>of</W><W>the</W><W>charging</W><W>cradle</W><W>the</W><W>LCD</W><W>blanks</W><W>out</W><W>.</W></SENTENCE><SENTENCE><W>It</W><W>does</W><W>activate</W><W>when</W><W>a</W><W>call</W><W>comes</W><W>in</W><W>,</W><W>but</W><W>on</W><W>the</W><W>DCT-5260</W><W>it</W><W>stays</W><W>on</W><W>(</W><W>but</W><C><cue ID="4" type="negation"><W>not</W></cue></C><xcope ID="25"><ref ID="52" SRC="4"></ref><W>lit</W></xcope><W>)</W><W>so</W><W>that</W><W>you</W><C><cue ID="5" type="speculation"><W>can</W></cue></C><W>glance</W><W>at</W><W>it</W><C><W>and</W></C><W>see</W><C><cue ID="6" type="speculation"><W>if</W></cue></C><W>there</W><W>are</W><W>any</W><W>new</W><W>calls</W><W>on</W><W>the</W><W>list</W><W>.</W></SENTENCE><SENTENCE><W>With</W><W>this</W><W>phone</W><W>you</W><W>have</W><W>to</W><W>press</W><W>a</W><W>button</W><W>to</W><W>reactivate</W><W>the</W><W>screen</W><W>.</W></SENTENCE><SENTENCE><W>I</W><cue ID="7" type="negation"><W>do</W><W>n&#39;t</W></cue><xcope ID="26"><ref COMMENTS="" ID="51" SRC="7"></ref><W>get</W><W>it</W><W>,</W></xcope><W>LCD</W><W>with</W><W>light</W><W>off</W><W>consumes</W><W>very</W><W>little</W><W>power</W><W>.</W></SENTENCE><SENTENCE><W>What</W><W>were</W><W>they</W><W>thinking</W><W>?</W><W>!</W></SENTENCE></P><P></P><P><SENTENCE><W>The</W><W>DCT-5260</W><W>used</W><W>AA</W><W>NiMH</W><W>batteries</W><W>.</W></SENTENCE><SENTENCE><W>What</W><W>a</W><W>GREAT</W><C><W>IDEA</W></C><W>!</W></SENTENCE><SENTENCE><W>But</W><W>this</W><W>newer</W><W>model</W><W>uses</W><W>a</W><W>proprietary</W><C><W>and</W></C><W>smaller</W><W>set</W><W>of</W><W>NiMH.</W></SENTENCE><SENTENCE><W>What</W><W>were</W><W>they</W><W>thinking</W><W>?</W><W>!</W></SENTENCE></P><P></P><P><SENTENCE><W>Storing</W><W>numbers</W><W>from</W><W>caller</W><W>ID</W><W>was</W><C><cue ID="8" type="negation"><W>not</W></cue></C><xcope ID="27"><ref ID="49" SRC="8"></ref><W>easy</W></xcope><W>,</W><W>especially</W><W>because</W><W>the</W><W>function</W><W>keys</W><W>required</W><W>are</W><W>scattered</W><W>all</W><W>over</W><W>.</W></SENTENCE><SENTENCE><W>I</W><W>know</W><W>I</W><C><cue ID="9" type="speculation"><W>could</W></cue></C><xcope ID="28"><ref ID="50" SRC="9"></ref><W>&#39;ve</W><W>read</W><W>the</W><W>manual</W></xcope><W>,</W><W>but</W><W>try</W><W>to</W><W>do</W><W>this</W><W>common</W><W>function</W><W>on</W><W>a</W><W>Nokia</W><W>cell</W><W>phone</W><C><W>and</W></C><W>you</W><W>&#39;ll</W><C><cue ID="10" type="negation"><W>NEVER</W></cue></C><xcope ID="29"><ref ID="48" SRC="10"></ref><W>need</W><W>the</W><W>manual</W></xcope><W>.</W></SENTENCE></P><P></P><P><SENTENCE><W>Imagine</W><W>my</W><W>dismay</W><W>when</W><W>I</W><W>realized</W><W>that</W><W>long</W><W>distance</W><W>caller</W><W>ID</W><W>numbers</W><C><cue ID="11" type="speculation"><W>can</W></cue></C><xcope ID="31"><ref ID="47" SRC="11"></ref><C><cue ID="12" type="negation"><W>NOT</W></cue></C><xcope ID="30"><ref ID="46" SRC="12"></ref><W>be</W><W>redialed</W></xcope></xcope><W>!</W></SENTENCE><SENTENCE><W>Yes</W><W>,</W><W>they</W><W>left</W><W>off</W><W>the</W><W>leading</W><W>1</W><W>(one</W><W>)</W><C><W>and</W></C><W>there</W><W>&#39;s</W><C><cue ID="13" type="negation"><W>no</W></cue></C><xcope ID="32"><ref ID="45" SRC="13"></ref><W>option</W><W>to</W><W>make</W><W>it</W><W>store</W><W>numbers</W><W>with</W><W>a</W><W>1</W></xcope><W>.</W></SENTENCE></P><P></P><P><SENTENCE><W>Finally</W><W>,</W><W>although</W><W>the</W><W>handset</W><W>looks</W><W>OK</W><W>,</W><W>I</W><W>despised</W><W>the</W><W>retro</W><W>base</W><W>station</W><W>look</W><W>,</W><W>so</W><W>I</W><W>made</W><W>sure</W><W>to</W><W>buy</W><W>the</W><W>basic</W><W>model</W><W>with</W><C><cue ID="14" type="negation"><W>no</W></cue></C><xcope ID="35"><ref ID="44" SRC="14"></ref><xcope ID="34"><ref ID="43" SRC="15"></ref><W>speakerphone</W></xcope><C><cue ID="15" type="speculation"><W>or</W></cue></C><xcope ID="33"><ref ID="42" SRC="15"></ref><W>answering</W><W>machine</W></xcope></xcope><W>.</W></SENTENCE></P><P></P><P><SENTENCE><W>Uniden</W><W>needs</W><W>to</W><W>put</W><W>a</W><W>5.8</W><W>GHz</W><W>phone</W><W>in</W><W>the</W><W>DCT-5260</W><W>package</W><W>.</W></SENTENCE><SENTENCE><W>Now</W><W>that</W><W>I</W><W>&#39;ve</W><W>concluded</W><W>this</W><W>review</W><W>I</W><W>realize</W><W>that</W><W>I</W><C><cue ID="16" type="speculation"><W>must</W></cue></C><xcope ID="36"><ref ID="41" SRC="16"></ref><W>return</W><W>the</W><W>phone</W></xcope><W>.</W></SENTENCE><SENTENCE><W>Stupidity</W><C><cue ID="17" type="speculation"><W>should</W></cue></C><xcope ID="38"><ref COMMENTS="" ID="40" SRC="17"></ref><C><cue ID="18" type="negation"><W>not</W></cue></C><xcope ID="37"><ref ID="39" SRC="18"></ref><W>be</W><W>rewarded</W></xcope></xcope></SENTENCE></P></DOCUMENT>
