<?xml version="1.0" encoding="UTF-8"?>
<DOCUMENT><P/><P><SENTENCE><W>Pros</W><W>:</W><W>decent</W><W>speaker</W><W>phone</W></SENTENCE></P><P/><P><SENTENCE><W>Cons</W><W>:</W><W>short</W><W>battery</W><W>life</W><W>breaks</W><W>easily</W><W>paint</W><W>scratches</W><W>off</W><W>sounds</W><W>horrible</W></SENTENCE></P><P/><P><SENTENCE><W>I</W><W>had</W><W>one</W><W>for</W><W>3</W><W>months</W><W>,</W><C><W>and</W></C><W>I</W><W>just</W><W>threw</W><W>it</W><W>away</W><W>.</W></SENTENCE><SENTENCE><W>It</W><W>had</W><W>poor</W><W>sound</W><W>quality</W><W>from</W><W>day</W><W>1</W><W>,</W><C><W>and</W></C><W>everyone</W><W>was</W><W>always</W><W>complaining</W><W>to</W><W>me</W><W>that</W><W>they</W><cue ID="0" type="speculation"><C><W>could</W></C><W>n&apos;t</W></cue><xcope ID="8"><ref COMMENTS="" ID="9" SRC="0"/><W>hear</W><W>my</W><W>voice</W></xcope><W>.</W></SENTENCE></P><P/><P><SENTENCE><W>Later</W><W>on</W><W>,</W><W>the</W><W>phone</W><W>shorted</W><W>out</W><C><W>and</W></C><W>the</W><W>only</W><W>way</W><W>it</W><C><cue ID="1" type="speculation"><W>would</W></cue></C><xcope ID="7"><ref ID="10" SRC="1"/><W>work</W><W>reliably</W><W>is</W><W>in</W><W>speaker</W><W>phone</W><W>mode</W></xcope><W>.</W></SENTENCE></P><P/><P><SENTENCE><W>Also</W><W>,</W><W>the</W><W>fancy</W><W>painted</W><W>plastic</W><W>quickly</W><W>started</W><W>looking</W><W>really</W><W>bad</W><W>,</W><W>as</W><W>the</W><W>silver</W><W>paint</W><W>scratched</W><W>easily</W><W>(especially</W><W>around</W><W>the</W><W>ear</W><W>area</W><W>)</W><C><W>and</W></C><W>left</W><W>ugly</W><W>black</W><W>marks</W><W>on</W><W>the</W><W>phone</W><W>.</W></SENTENCE><SENTENCE><W>Suddenly</W><W>,</W><W>the</W><W>phone</W><W>looks</W><W>really</W><W>really</W><W>cheap</W><W>.</W></SENTENCE></P><P/><P><SENTENCE><W>Battery</W><W>life</W><W>was</W><W>about</W><W>2</W><W>hours</W><W>of</W><W>talk</W><W>time</W><W>,</W><W>which</W><W>is</W><W>ok</W><W>but</W><W>you</W><C><cue ID="2" type="speculation"><W>can</W></cue></C><xcope ID="6"><ref ID="13" SRC="2"/><W>do</W><W>better</W><W>with</W><xcope ID="5"><ref ID="12" SRC="3"/><W>2.4ghz</W></xcope><C><cue ID="3" type="speculation"><W>or</W></cue></C><xcope ID="4"><ref ID="11" SRC="3"/><W>900mhz</W></xcope><W>phones</W></xcope><W>.</W></SENTENCE></P><P/><P><SENTENCE><W>I</W><W>&apos;m</W><W>back</W><W>to</W><W>an</W><W>older</W><W>generation</W><W>900mhz</W><W>phone</W><W>now</W><W>,</W><C><W>and</W></C><W>the</W><W>voice</W><W>quality</W><W>is</W><W>much</W><W>better</W><W>.</W></SENTENCE></P></DOCUMENT>