<?xml version="1.0" encoding="UTF-8"?>
<DOCUMENT><P></P><P><SENTENCE><W>Pros</W><W>:</W><W>Great</W><W>unless</W><W>you</W><W>&#39;re</W><W>more</W><W>than</W><W>10</W><W>feet</W><W>away</W><W>.</W></SENTENCE></P><P></P><P><SENTENCE><W>Cons</W><W>:</W><W>Interface</W><C><cue ID="0" type="negation"><W>not</W></cue></C><xcope ID="11"><ref ID="12" SRC="0"></ref><W>intuitive</W></xcope><W>,</W><W>reception</W><W>horrible</W><W>,</W></SENTENCE></P><P></P><P><SENTENCE><W>These</W><W>phones</W><W>were</W><W>purchased</W><W>to</W><W>replace</W><W>a</W><W>similar</W><W>Vtech</W><W>set</W><C><W>and</W></C><W>there</W><W>is</W><C><cue ID="1" type="negation"><W>no</W></cue></C><xcope ID="10"><ref ID="13" SRC="1"></ref><W>comparison</W><W>between</W><W>the</W><W>2</W><W>systems</W></xcope><W>.</W></SENTENCE><SENTENCE><W>The</W><W>Uniden</W><W>phone</W><W>system</W><W>all</W><W>the</W><W>same</W><W>features</W><W>I</W><W>was</W><W>looking</W><W>for</W><W>,</W><W>but</W><W>in</W><W>comparison</W><W>,</W><W>the</W><W>Uniden</W><W>phones</W><cue ID="11" type="negation"><W>were</W><W>n&#39;t</W></cue><xcope ID="12"><ref COMMENTS="" ID="13" SRC="11"></ref><W>at</W><W>ALL</W><W>intuitive</W></xcope><W>,</W><W>I</W><W>was</W><W>constantly</W><W>referring</W><W>to</W><W>the</W><W>manual</W><C><W>and</W></C><W>the</W><W>reception</W><W>was</W><W>just</W><W>simply</W><W>horrible</W><W>.</W></SENTENCE><SENTENCE><W>As</W><W>the</W><W>headline</W><W>states</W><W>,</W><W>I</W><W>just</W><W>unloaded</W><W>my</W><W>Unidens</W><W>on</W><W>E-Bay</W><W>for</W><W>about</W><W>half</W><W>of</W><W>what</W><W>I</W><W>paid</W><C><W>and</W></C><W>replaced</W><W>them</W><W>with</W><W>another</W><W>,</W><W>comparible</W><W>Vtech</W><W>set</W><W>.</W></SENTENCE></P><P></P><P><SENTENCE><W>By</W><W>the</W><W>way</W><W>,</W><C><cue ID="2" type="speculation"><W>if</W></cue></C><xcope ID="7"><ref ID="14" SRC="2"></ref><W>you</W><W>are</W><W>in</W><W>the</W><W>market</W><W>for</W><W>cordless</W><W>units</W></xcope><W>,</W><W>you</W><cue ID="9" type="negation"><W>ca</W><W>n&#39;t</W></cue><xcope ID="8"><ref COMMENTS="" ID="15" SRC="9"></ref><W>go</W><W>wrong</W><W>with</W><W>the</W><W>Vtech</W><W>units</W></xcope><W>.</W></SENTENCE><SENTENCE><W>I</W><C><cue ID="3" type="speculation"><W>would</W></cue></C><xcope ID="6"><ref ID="16" SRC="3"></ref><W>post</W><W>a</W><W>review</W><W>touting</W><W>my</W><W>appreciation</W><W>of</W><W>my</W><W>new</W><W>Vtech</W><W>units</W></xcope><W>,</W><W>but</W><W>at</W><W>this</W><W>time</W><W>they</W><cue ID="4" type="negation"><W>are</W><W>n&#39;t</W></cue><xcope ID="5"><ref COMMENTS="" ID="17" SRC="4"></ref><W>listed</W><W>on</W><W>epinions.com</W></xcope><W>.</W></SENTENCE></P></DOCUMENT>
