<?xml version="1.0" encoding="UTF-8"?>
<DOCUMENT><P/><P><SENTENCE><W>About</W><W>20</W><W>years</W><W>ago</W><W>I</W><W>had</W><W>purchased</W><W>Uniden</W><W>cordless</W><W>phone</W><C><W>and</W></C><W>despite</W><W>the</W><W>extra</W><W>long</W><W>telescopic</W><W>antenna</W><W>,</W><W>I</W><cue ID="0" type="speculation"><C><W>could</W></C><W>n&apos;t</W></cue><xcope ID="8"><ref COMMENTS="" ID="22" SRC="0"/><W>get</W><W>more</W><W>than</W><W>10</W><W>ft</W><W>from</W><W>the</W><W>base</W></xcope><W>.</W></SENTENCE><SENTENCE><W>But</W><W>that</W><W>was</W><W>1982</W><C><W>and</W></C><C><cue ID="1" type="negation"><W>no</W></cue></C><xcope ID="9"><ref ID="23" SRC="1"/><W>cordless</W><W>phone</W><W>worked</W><W>perfect</W></xcope><W>.</W></SENTENCE></P><P/><P><SENTENCE><W>Over</W><W>the</W><W>years</W><W>I</W><W>witnessed</W><W>new</W><W>phones</W><W>showing</W><W>up</W><W>on</W><W>the</W><W>market</W><W>.</W></SENTENCE></P><P/><P><SENTENCE><W>So</W><W>when</W><W>I</W><W>noticed</W><W>this</W><W>technological</W><W>marvel</W><W>with</W><W>5.4GHz</W><W>frequency</W><C><W>and</W></C><W>very</W><W>attractive</W><W>silver</W><W>finish</W><W>,</W><W>I</W><W>immediately</W><C><cue ID="2" type="speculation"><W>assumed</W></cue></C><xcope ID="11"><ref ID="21" SRC="2"/><W>that</W><W>it</W><C><cue ID="3" type="speculation"><W>must</W></cue></C><xcope ID="10"><ref ID="20" SRC="3"/><W>be</W><W>better</W><W>phone</W><W>than</W><W>my</W><W>worn</W><W>out</W><W>Panasonics</W></xcope></xcope><W>.</W></SENTENCE><SENTENCE><W>The</W><W>claim</W><W>printed</W><W>right</W><W>on</W><W>the</W><W>front</W><W>of</W><W>the</W><W>package</W><W>&quot;introducing</W><W>the</W><W>most</W><W>powerful</W><W>phones</W><W>ever</W><W>built</W><W>&quot;</W><W>assured</W><W>me</W><W>that</W><W>I</W><W>&apos;m</W><W>buying</W><W>a</W><W>quality</W><W>product</W><W>.</W></SENTENCE></P><P/><P><SENTENCE><W>The</W><W>phone</W><W>has</W><W>great</W><W>features</W><W>.</W></SENTENCE><SENTENCE><W>I</W><W>like</W><W>the</W><W>push</W><W>to</W><W>talk</W><W>option</W><C><W>and</W></C><W>2</W><W>handsets</W><W>.</W></SENTENCE></P><P/><P><SENTENCE><W>The</W><W>phone</W><W>looks</W><W>really</W><W>great</W><W>but</W><W>it</W><W>just</W><W>does</W><W>n&apos;t</W><W>work</W><W>well</W><W>.</W></SENTENCE><SENTENCE><W>At</W><W>about</W><W>60</W><W>ft</W><W>from</W><W>the</W><W>base</W><W>you</W><C><cue ID="4" type="speculation"><W>can</W></cue></C><xcope ID="12"><ref ID="19" SRC="4"/><W>hear</W><W>static</W></xcope><C><W>and</W></C><W>about</W><W>100</W><W>ft</W><W>away</W><W>from</W><W>the</W><W>house</W><W>conversation</W><W>becomes</W><C><W>impossible</W></C><W>.</W></SENTENCE><SENTENCE><W>Per</W><W>instructions</W><W>,</W><W>I</W><W>relocated</W><W>base</W><W>away</W><W>from</W><W>any</W><C><W>possible</W></C><W>interference</W><W>,</W><W>but</W><W>this</W><W>little</W><W>beauty</W><W>just</W><W>did</W><W>n&apos;t</W><W>work</W><W>.</W></SENTENCE></P><P/><P><SENTENCE><W>My</W><W>900</W><W>MHz</W><W>Panasonic</W><W>costing</W><W>$</W><W>29.99</W><W>has</W><W>more</W><W>than</W><W>double</W><W>the</W><W>range</W><C><W>and</W></C><W>there</W><W>is</W><W>virtually</W><C><cue ID="5" type="negation"><W>no</W></cue></C><xcope ID="13"><ref ID="18" SRC="5"/><W>static</W><W>200</W><W>ft</W><W>away</W></xcope><W>.</W></SENTENCE><SENTENCE><W>My</W><W>old</W><W>2.7GHz</W><W>4-line</W><W>Panasonic</W><W>also</W><W>outperforms</W><W>Uniden</W><W>by</W><W>far</W><W>.</W></SENTENCE></P><P/><P><SENTENCE><W>This</W><W>great</W><W>looking</W><W>Uniden</W><W>reminds</W><W>me</W><W>of</W><W>the</W><W>crappy</W><W>phones</W><W>from</W><W>the</W><W>80&apos;s</W><W>.</W></SENTENCE></P><P/><P><SENTENCE><cue ID="6" type="negation"><W>Do</W><W>n&apos;t</W></cue><xcope ID="14"><ref COMMENTS="" ID="17" SRC="6"/><W>waste</W><W>your</W><W>time</W><W>calling</W><W>Uniden</W><W>cusomer</W><W>service</W></xcope><W>.</W></SENTENCE><SENTENCE><W>The</W><W>so</W><W>called</W><W>&quot;technician</W><W>&quot;</W><W>will</W><W>read</W><W>from</W><W>the</W><W>book</W><W>about</W><W>microwave</W><W>ovens</W><W>,</W><W>computers</W><C><W>and</W></C><W>fluorescent</W><W>lighting</W><W>interfering</W><W>with</W><W>your</W><W>phone</W><W>.</W></SENTENCE><SENTENCE><W>The</W><W>guy</W><W>is</W><W>very</W><W>rude</W><C><W>and</W></C><W>keep</W><W>pausing</W><W>for</W><W>a</W><W>minute</W><W>at</W><W>the</W><W>time</W><C><W>and</W></C><W>than</W><W>tells</W><W>me</W><W>that</W><W>I</W><W>have</W><W>a</W><W>bad</W><W>phone</W><W>line</W><W>in</W><W>my</W><W>house</W><W>.</W></SENTENCE><SENTENCE><W>All</W><W>other</W><W>phones</W><W>work</W><W>just</W><W>fine</W><W>from</W><W>the</W><W>same</W><W>line</W><C><W>and</W></C><W>so</W><W>does</W><W>Uniden</W><W>when</W><W>you</W><W>&apos;re</W><W>20</W><W>ft</W><W>away</W><W>from</W><W>the</W><W>base</W><W>.</W></SENTENCE></P><P/><P><SENTENCE><cue ID="7" type="negation"><W>Do</W><W>n&apos;t</W></cue><xcope ID="15"><ref COMMENTS="" ID="16" SRC="7"/><W>waste</W><W>your</W><W>time</W><C><W>and</W></C><W>money</W><W>on</W><W>this</W><W>inferior</W><W>product</W></xcope><W>.</W></SENTENCE></P></DOCUMENT>