<?xml version="1.0" encoding="UTF-8"?>
<DOCUMENT><P></P><P><SENTENCE><W>Pros</W></SENTENCE></P><P></P><P><SENTENCE><W>5.8Ghz</W><W>,</W><W>ringtones</W><W>,</W><W>lightweight</W></SENTENCE></P><P></P><P><SENTENCE><W>Cons</W></SENTENCE></P><P></P><P><SENTENCE><W>Cuts</W><W>out</W><W>,</W><W>battery</W><cue ID="0" type="negation"><W>does</W><W>n&#39;t</W></cue><xcope ID="30"><ref COMMENTS="" ID="59" SRC="0"></ref><C><cue ID="1" type="speculation"><W>seem</W></cue></C><xcope ID="29"><ref ID="58" SRC="1"></ref><W>to</W><W>be</W><W>completely</W><W>efficient</W></xcope></xcope></SENTENCE></P><P></P><P><SENTENCE><W>The</W><W>Bottom</W><W>Line</W></SENTENCE></P><P></P><P><SENTENCE><W>I</W><C><cue ID="2" type="speculation"><W>would</W></cue></C><xcope ID="31"><ref ID="60" SRC="2"></ref><W>be</W><W>wary</W><W>of</W><W>this</W><W>product</W></xcope><W>unless</W><W>you</W><W>know</W><W>someone</W><W>who</W><W>has</W><W>one</W><W>that</W><W>has</W><W>performed</W><W>well</W><W>.</W></SENTENCE></P><P></P><P><SENTENCE><W>Full</W><W>Review</W></SENTENCE></P><P></P><P><SENTENCE><W>So</W><W>I</W><W>was</W><W>looking</W><W>for</W><W>phones</W><W>some</W><W>time</W><W>before</W><W>Thanksgiving</W><W>last</W><W>year</W><C><W>and</W></C><W>settled</W><W>on</W><W>trying</W><W>to</W><W>find</W><W>Uniden</W><W>phones</W><W>.</W></SENTENCE><SENTENCE><W>Mostly</W><W>because</W><W>they</W><W>had</W><W>what</W><W>I</W><W>was</W><W>looking</W><W>for</W><C><W>and</W></C><W>they</W><W>were</W><W>fairly</W><W>stylish</W><C><W>and</W></C><W>cheap</W><W>.</W></SENTENCE><SENTENCE><W>I</W><W>ended</W><W>up</W><W>getting</W><W>the</W><W>Uniden</W><W>TRU-5865</W><W>2</W><W>pack</W><W>which</W><W>has</W><W>a</W><W>main</W><W>cordless</W><W>phone</W><W>with</W><W>a</W><W>usable</W><W>speakerphone</W><W>base</W><W>(</W><W>that</W><W>plugs</W><W>into</W><W>a</W><W>wall</W><W>outlet</W><C><W>and</W></C><W>phone</W><W>jack</W><W>)</W><C><W>and</W></C><W>then</W><W>a</W><W>satellite</W><W>base</W><C><W>and</W></C><W>cordless</W><W>receiver</W><W>which</W><W>only</W><W>plus</W><W>into</W><W>the</W><W>wall</W><W>outlet</W><W>.</W></SENTENCE><SENTENCE><W>Let</W><W>it</W><W>be</W><W>known</W><W>,</W><W>that</W><W>I</W><W>purchased</W><W>this</W><W>product</W><W>off</W><W>of</W><W>eBay</W><C><W>and</W></C><W>that</W><W>it</W><W>was</W><W>a</W><W>new</W><W>,</W><W>refurbished</W><W>model</W><W>.</W></SENTENCE><SENTENCE><W>I</W><W>charged</W><W>the</W><W>phones</W><W>up</W><W>for</W><W>the</W><C><W>suggested</W></C><W>time</W><W>before</W><W>we</W><W>started</W><W>using</W><W>them</W><W>.</W></SENTENCE><SENTENCE><W>Then</W><W>I</W><W>transfered</W><W>the</W><W>phone</W><W>list</W><W>from</W><W>our</W><W>old</W><W>phones</W><W>to</W><W>the</W><W>new</W><W>phones</W><W>(</W><W>manually</W><W>of</W><W>course</W><W>)</W><W>.</W></SENTENCE><SENTENCE><W>We</W><W>were</W><W>pretty</W><W>happy</W><W>with</W><W>the</W><W>phones</W><W>at</W><W>first</W><W>,</W><W>just</W><W>the</W><W>initial</W><W>excitement</W><W>of</W><W>having</W><W>something</W><W>new</W><C><W>and</W></C><W>different</W><W>.</W></SENTENCE><SENTENCE><W>However</W><W>,</W><W>it</W><C><cue ID="3" type="speculation"><W>seemed</W></cue></C><xcope ID="33"><ref ID="62" SRC="3"></ref><W>as</W><W>though</W><W>the</W><W>batteries</W><W>were</W><C><cue ID="4" type="negation"><W>not</W></cue></C><xcope ID="32"><ref ID="61" SRC="4"></ref><W>holding</W><W>charge</W><W>very</W><W>well</W></xcope></xcope><W>.</W></SENTENCE><SENTENCE><W>Then</W><W>we</W><W>also</W><W>started</W><W>noticing</W><W>that</W><W>the</W><W>phone</W><C><cue ID="5" type="speculation"><W>would</W></cue></C><xcope ID="34"><ref ID="63" SRC="5"></ref><W>cut</W><W>out</W></xcope><W>.</W></SENTENCE><SENTENCE><W>You</W><C><cue ID="6" type="speculation"><W>could</W></cue></C><xcope ID="38"><ref ID="65" SRC="6"></ref><W>still</W><W>talk</W><C><W>and</W></C><W>the</W><W>person</W><W>on</W><W>the</W><W>other</W><W>end</W><C><cue ID="7" type="speculation"><W>could</W></cue></C><xcope ID="37"><ref ID="64" SRC="7"></ref><W>hear</W><W>you</W></xcope></xcope><W>but</W><W>you</W><C><cue ID="8" type="speculation"><W>could</W></cue></C><xcope ID="36"><ref ID="67" SRC="8"></ref><C><cue ID="9" type="negation"><W>not</W></cue></C><xcope ID="35"><ref ID="66" SRC="9"></ref><W>hear</W><W>them</W></xcope></xcope><W>.</W></SENTENCE><SENTENCE><W>It</W><W>is</W><W>a</W><W>good</W><W>thing</W><W>we</W><W>kept</W><W>our</W><W>old</W><W>2.4Ghz</W><W>phones</W><W>because</W><W>that</W><W>is</W><W>what</W><W>we</W><W>are</W><W>currently</W><W>using</W><W>.</W></SENTENCE><SENTENCE><W>These</W><W>two</W><W>problems</W><W>have</W><W>caused</W><W>me</W><W>to</W><W>get</W><W>rid</W><W>of</W><W>the</W><W>Uniden</W><W>phones</W><W>.</W></SENTENCE><SENTENCE><W>The</W><W>phones</W><W>themselves</W><W>were</W><W>comfortable</W><W>to</W><W>hold</W><W>,</W><W>came</W><W>with</W><W>belt</W><W>clips</W><W>which</W><W>were</W><W>handy</W><W>,</W><C><W>and</W></C><W>had</W><W>different</W><W>ringtones</W><W>(</W><W>which</W><W>we</W><W>had</W><W>wanted</W><W>)</W><W>.</W></SENTENCE><SENTENCE><W>However</W><W>,</W><W>the</W><W>inability</W><W>to</W><W>use</W><W>the</W><W>phone</W><C><cue ID="10" type="negation"><W>without</W></cue></C><xcope ID="43"><ref ID="71" SRC="10"></ref><W>knowing</W><C><cue ID="11" type="speculation"><W>whether</W></cue></C><xcope ID="42"><ref ID="70" SRC="11"></ref><W>it</W><W>was</W><W>going</W><W>to</W><W>cutout</W><C><cue ID="12" type="speculation"><W>or</W></cue></C><xcope ID="40"><ref ID="69" SRC="12"></ref><C><cue ID="13" type="negation"><W>not</W></cue></C><xcope ID="39"><ref ID="68" SRC="13"></ref><W>caused</W><W>all</W><W>the</W><W>pros</W><W>of</W><W>this</W><W>product</W><W>to</W><W>diminish</W></xcope></xcope></xcope></xcope><W>.</W></SENTENCE><SENTENCE><W>It</W><W>is</W><W>fair</W><W>enough</W><W>to</W><W>say</W><W>this</W><C><cue ID="14" type="speculation"><W>may</W></cue></C><xcope ID="45"><ref ID="73" SRC="14"></ref><W>have</W><W>been</W><W>a</W><W>lemon</W><W>that</W><W>was</W><C><cue ID="15" type="speculation"><W>supposed</W></cue></C><xcope ID="44"><ref ID="72" SRC="15"></ref><W>to</W><W>have</W><W>been</W><W>repaired</W><W>to</W><W>great</W><W>condition</W></xcope></xcope><W>,</W><W>although</W><W>the</W><W>cutting</W><W>out</W><W>did</W><C><cue ID="16" type="negation"><W>not</W></cue></C><xcope ID="46"><ref ID="74" SRC="16"></ref><W>occur</W><W>for</W><W>the</W><W>first</W><W>couple</W><W>months</W></xcope><W>.</W></SENTENCE><SENTENCE><W>But</W><W>even</W><W>so</W><W>,</W><W>what</W><W>does</W><W>that</W><W>say</W><W>about</W><W>the</W><W>service</W><C><W>and</W></C><W>warranty</W><W>work</W><W>about</W><W>Uniden</W><W>products</W><W>?</W></SENTENCE><SENTENCE><W>So</W><W>,</W><W>when</W><W>I</W><W>purchase</W><W>more</W><W>phones</W><W>I</W><W>will</W><W>most</W><C><cue ID="17" type="speculation"><W>likely</W></cue></C><xcope ID="49"><ref ID="76" SRC="17"></ref><C><cue ID="18" type="negation"><W>not</W></cue></C><xcope ID="48"><ref ID="75" SRC="18"></ref><W>be</W><W>going</W><W>with</W><W>Uniden</W></xcope></xcope><W>.</W></SENTENCE><SENTENCE><W>I</W><W>have</W><W>had</W><W>good</W><W>experience</W><W>with</W><W>Panasonic</W><C><W>and</W></C><W>while</W><W>they</W><W>are</W><W>expensive</W><W>I</W><C><cue ID="19" type="speculation"><W>would</W></cue></C><xcope ID="47"><ref ID="77" SRC="19"></ref><W>like</W><W>something</W><W>that</W><W>works</W><C><W>and</W></C><W>is</W><W>reliable</W><W>.</W></xcope></SENTENCE></P><P></P><P><SENTENCE><W>Here</W><W>are</W><W>some</W><W>of</W><W>the</W><W>details</W><W>regarding</W><W>these</W><W>Uniden</W><W>phones</W><W>:</W></SENTENCE></P><P></P><P><SENTENCE><W>-</W><W>5.8</W><W>Ghz</W><W>DSS</W><W>technology</W></SENTENCE></P><P></P><P><SENTENCE><W>-</W><W>Up</W><W>to</W><W>2</W><W>cordless</W><W>handsets</W><W>on</W><W>same</W><W>&#34;network</W><W>&#34;</W></SENTENCE></P><P></P><P><SENTENCE><W>-</W><W>Caller</W><W>ID</W><W></W><W>Call</W><W>Waiting</W><W></W><W>Speakerphone</W><W></W><W>Handset</W><W>Locator</W><W></W><W>Voice</W><W>Mail</W><W></W><W>LCD</W><W>Display</W><W>...</W><W>PLEASE</W><W>NOTE</W><W>:</W><W>The</W><W>system</W><W>itself</W><W>does</W><C><cue ID="20" type="negation"><W>not</W></cue></C><xcope ID="53"><ref ID="78" SRC="20"></ref><W>have</W><W>voicemail</W></xcope><W>it</W><W>has</W><W>a</W><W>light</W><W>on</W><W>the</W><W>handset</W><W>which</W><C><cue ID="21" type="speculation"><W>indicates</W></cue></C><xcope ID="51"><ref ID="80" SRC="21"></ref><C><cue ID="22" type="speculation"><W>whether</W></cue></C><xcope ID="50"><ref ID="79" SRC="22"></ref><W>you</W><W>have</W><W>a</W><W>new</W><W>voicemail</W></xcope></xcope><W>,</W><W>but</W><W>you</W><C><cue ID="23" type="speculation"><W>must</W></cue></C><xcope ID="54"><ref ID="81" SRC="23"></ref><W>have</W><W>voicemail</W><W>set</W><W>up</W><W>with</W><W>your</W><W>local</W><W>phone</W><W>provider</W></xcope><W>...</W><W>it</W><W>does</W><C><cue ID="24" type="negation"><W>NOT</W></cue></C><xcope ID="52"><ref ID="82" SRC="24"></ref><W>have</W><W>an</W><W>answering</W><W>machine</W><W>.</W></xcope></SENTENCE></P><P></P><P><SENTENCE><W>-</W><W>3-way</W><W>talk</W><W>capability</W></SENTENCE></P><P></P><P><SENTENCE><W>-</W><W>10</W><W>speed</W><W>dial</W><W>numbers</W></SENTENCE></P><P></P><P><SENTENCE><W>-</W><W>up</W><W>to</W><W>100</W><W>phonebook</W><W>numbers</W><W>able</W><W>to</W><W>be</W><W>stored</W></SENTENCE></P><P></P><P><SENTENCE><W>-</W><W>battery</W><W>is</W><C><cue ID="25" type="speculation"><W>supposed</W></cue></C><xcope ID="55"><ref ID="83" SRC="25"></ref><W>to</W><W>last</W><W>up</W><W>to</W><W>192</W><W>hours</W><W>standby</W><C><W>and</W></C><W>4</W><W>hours</W><W>of</W><W>talk</W><W>time</W></xcope></SENTENCE></P><P></P><P><SENTENCE><W>-</W><W>has</W><W>a</W><W>1</W><W>year</W><W>warranty</W><C><W>except</W></C><W>refurbished</W><W>items</W><W>only</W><W>have</W><W>90</W><W>days</W></SENTENCE></P><P></P><P><SENTENCE><W>-</W><W>i</W><C><cue ID="26" type="speculation"><W>believe</W></cue></C><xcope ID="57"><ref ID="85" SRC="26"></ref><W>there</W><W>are</W><W>10</W><W>different</W><W>ringtones/rings</W><W>you</W><C><cue ID="27" type="speculation"><W>can</W></cue></C><xcope ID="56"><ref ID="84" SRC="27"></ref><W>choose</W><W>from</W></xcope></xcope><W>...</W><W>a</W><W>few</W><W>classical</W><W>type</W><W>song</W><W>ringtones</W><W>,</W><W>we</W><W>wish</W><W>you</W><W>a</W><W>merry</W><W>christmas</W><W>,</W><W>etc</W></SENTENCE></P><P></P><P><SENTENCE><W>There</W><W>you</W><W>have</W><W>it</W><W>,</W><W>now</W><W>you</W><W>have</W><W>all</W><W>the</W><W>information</W><W>regarding</W><W>this</W><W>phone</W><W>.</W></SENTENCE><SENTENCE><W>I</W><W>have</W><C><cue ID="28" type="negation"><W>not</W></cue></C><xcope ID="86"><ref COMMENTS="" ID="87" SRC="28"></ref><W>had</W><W>any</W><W>other</W><W>contact</W></xcope><W>with</W><W>Uniden</W><W>products</W><C><W>and</W></C><W>this</W><W>admittedly</W><W>leaves</W><W>a</W><W>bad</W><W>taste</W><W>in</W><W>my</W><W>mouth</W><W>.</W></SENTENCE><SENTENCE><W>My</W><W>brother</W><W>just</W><W>bought</W><W>some</W><W>new</W><W>Uniden</W><W>phones</W><C><W>and</W></C><W>I</W><W>am</W><W>looking</W><W>forward</W><W>to</W><W>seeing</W><W>what</W><W>his</W><W>experience</W><W>is</W><W>with</W><W>them</W><W>.</W></SENTENCE><SENTENCE><W>Happy</W><W>hunting</W><W>.</W></SENTENCE></P></DOCUMENT>
