<?xml version="1.0" encoding="UTF-8"?>
<DOCUMENT><P></P><P><SENTENCE><W>I</W><W>have</W><W>been</W><W>using</W><W>this</W><W>telephone</W><W>for</W><W>4</W><W>months</W><W>in</W><W>a</W><W>home</W><W>office</W><C><W>and</W></C><W>the</W><W>quality</W><W>is</W><W>unacceptable</W><W>.</W></SENTENCE></P><P></P><P><SENTENCE><W>First</W><W>,</W><W>battery</W><W>life</W><W>has</W><W>become</W><W>increasingly</W><W>short</W><W>,</W><W>despite</W><W>the</W><W>fact</W><W>that</W><W>I</W><W>have</W><W>always</W><W>followed</W><W>the</W><W>instructions</W><W>to</W><W>let</W><W>the</W><W>phone</W><W>discharge</W><W>entirely</W><W>before</W><W>putting</W><W>it</W><W>back</W><W>in</W><W>the</W><W>recharging</W><W>cradle</W><W>.</W></SENTENCE><SENTENCE><W>When</W><W>I</W><W>first</W><W>got</W><W>the</W><W>phone</W><W>,</W><W>I</W><W>had</W><W>to</W><W>recharge</W><W>it</W><W>about</W><W>every</W><W>5-7</W><W>days</W><W>.</W></SENTENCE><SENTENCE><W>While</W><C><cue ID="0" type="negation"><W>not</W></cue></C><xcope ID="9"><ref ID="20" SRC="0"></ref><W>great</W></xcope><W>,</W><W>this</W><W>is</W><W>in</W><W>keeping</W><W>with</W><W>the</W><W>table</W><W>in</W><W>the</W><W>manual</W><W>which</W><W>says</W><W>that</W><W>battery</W><W>life</W><W>in</W><W>use</W><W>(</W><W>talking</W><W>)</W><C><cue ID="1" type="speculation"><W>should</W></cue></C><xcope ID="11"><ref ID="19" SRC="1"></ref><W>be</W><W>4.5</W><W>hours</W></xcope><C><W>and</W></C><W>in</W><W>standby</W><C><cue ID="2" type="speculation"><W>should</W></cue></C><xcope ID="10"><ref ID="18" SRC="2"></ref><W>be</W><W>11</W><W>days</W></xcope><W>.</W></SENTENCE><SENTENCE><W>Now</W><W>,</W><W>I</W><W>find</W><W>that</W><W>I</W><C><cue ID="3" type="speculation"><W>must</W></cue></C><xcope ID="12"><ref COMMENTS="" ID="16" SRC="3"></ref><W>recharge</W><W>the</W><W>phone</W><W>every</W><W>36-48</W><W>hours</W></xcope><C><W>and</W></C><W>it</W><W>goes</W><W>from</W><W>fully</W><W>charged</W><W>(</W><W>by</W><W>the</W><W>battery</W><W>indicator</W><W>on</W><W>the</W><W>phone</W><W>)</W><W>to</W><W>unusable</W><W>very</W><W>quickly</W><W>.</W></SENTENCE><SENTENCE><W>Twice</W><W>in</W><W>recent</W><W>days</W><W>I</W><W>have</W><W>lost</W><W>connection</W><W>during</W><W>a</W><W>call</W><W>because</W><W>the</W><W>phone</W><W>died</W><W>.</W></SENTENCE><SENTENCE><W>It</W><W>used</W><W>to</W><W>be</W><W>that</W><W>I</W><C><cue ID="4" type="speculation"><W>would</W></cue></C><xcope ID="13"><ref COMMENTS="" ID="17" SRC="4"></ref><W>have</W><W>several</W><W>minutes</W></xcope><W>when</W><W>it</W><W>began</W><W>a</W><W>warning</W><W>beep</W><W>to</W><xcope ID="14"><ref COMMENTS="" ID="15" SRC="5"></ref><W>finish</W><W>the</W><W>call</W><C><cue ID="5" type="speculation"><W>or</W></cue></C><W>change</W><W>phones</W></xcope><W>.</W></SENTENCE><SENTENCE><W>Today</W><W>,</W><W>I</W><W>had</W><W>seconds</W><W>.</W></SENTENCE></P><P></P><P><SENTENCE><W>I</W><W>am</W><W>also</W><W>unhappy</W><W>with</W><W>how</W><W>the</W><W>three</W><W>mailboxes</W><W>work</W><W>.</W></SENTENCE><SENTENCE><W>Messages</W><W>are</W><W>put</W><W>in</W><W>box</W><W>1</W><W>by</W><W>default</W><W>,</W><C><W>and</W></C><W>you</W><C><cue ID="6" type="speculation"><W>can</W></cue></C><xcope ID="21"><W>set</W><W>a</W><W>code</W><W>for</W><W>boxes</W><W>2</W><C><W>and</W></C><W>3.</W></xcope></SENTENCE><SENTENCE><W>For</W><W>example</W><W>,</W><W>I</W><W>want</W><W>my</W><W>business</W><W>messages</W><W>to</W><W>go</W><W>to</W><W>box</W><W>1</W><C><W>and</W></C><W>home</W><W>messages</W><W>to</W><W>go</W><W>to</W><W>box</W><W>2.</W><W>So</W><W>,</W><W>when</W><W>the</W><W>machine</W><W>picks</W><W>up</W><W>on</W><W>my</W><W>home</W><W>line</W><W>,</W><W>my</W><W>message</W><W>says</W><W>to</W><W>press</W><W>#</W><W>2</W><W>to</W><W>leave</W><W>a</W><W>message</W><W>.</W></SENTENCE><SENTENCE><W>Unfortunately</W><W>,</W><W>the</W><W>machine</W><cue ID="22" type="negation"><W>does</W><W>n&#39;t</W></cue><xcope ID="23"><ref COMMENTS="" ID="24" SRC="22"></ref><W>always</W><W>respond</W><W>promptly</W></xcope><W>so</W><W>that</W><W>sometimes</W><W>people</W><W>end</W><W>up</W><xcope ID="27"><ref COMMENTS="" ID="28" SRC="8"></ref><W>pressing</W><W>#</W><W>2</W><W>repeatedly</W><C><cue ID="7" type="negation"><W>without</W></cue></C><xcope ID="25"><ref COMMENTS="" ID="26" SRC="7"></ref><W>getting</W><W>into</W><W>the</W><W>second</W><W>mailbox</W></xcope><W>,</W><C><cue ID="8" type="speculation"><W>or</W></cue></C><W>they</W><W>press</W><W>#</W><W>2</W><W>but</W><W>the</W><W>message</W><W>goes</W><W>to</W><W>mailbox</W><W>1</W><W>.</W></xcope></SENTENCE></P><P></P><P><SENTENCE><W>I</W><W>plan</W><W>to</W><W>try</W><W>to</W><W>return</W><W>this</W><W>to</W><W>Panasonic</W><W>.</W></SENTENCE><SENTENCE><W>I</W><W>bought</W><W>it</W><W>at</W><W>Staples</W><W>,</W><W>which</W><W>accepts</W><W>returns</W><W>for</W><W>only</W><W>30</W><W>days</W><W>.</W></SENTENCE></P></DOCUMENT>
