<?xml version="1.0" encoding="UTF-8"?>
<DOCUMENT><P></P><P><SENTENCE><W>The</W><W>battery</W><W>on</W><W>this</W><W>phone</W><W>does</W><C><cue ID="0" type="negation"><W>not</W></cue></C><xcope ID="3"><ref ID="4" SRC="0"></ref><W>last</W><W>long</W></xcope><W>.</W></SENTENCE><SENTENCE><W>I</W><W>have</W><W>had</W><W>the</W><W>phone</W><W>replaced</W><W>(</W><W>by</W><W>Panasonic</W><C><W>and</W></C><W>I</W><W>had</W><W>to</W><W>pay</W><W>for</W><W>the</W><W>shipping</W><W>)</W><C><W>and</W></C><W>I</W><W>was</W><W>sent</W><W>another</W><W>battery</W><W>from</W><W>Panasonic</W><W>.</W></SENTENCE><SENTENCE><W>It</W><W>just</W><W>does</W><C><cue ID="1" type="negation"><W>not</W></cue></C><xcope ID="2"><ref ID="5" SRC="1"></ref><W>last</W></xcope><W>.</W></SENTENCE><SENTENCE><W>I</W><W>have</W><W>found</W><W>that</W><W>it</W><W>lasts</W><W>about</W><W>2</W><W>hours</W><W>.</W></SENTENCE><SENTENCE><W>I</W><W>am</W><W>so</W><W>sorry</W><W>I</W><W>purchased</W><W>the</W><W>phone</W></SENTENCE></P></DOCUMENT>
