<?xml version="1.0" encoding="UTF-8"?>
<DOCUMENT><P></P><P><SENTENCE><W>5.8</W><W>Ghz</W><W>great</W><W>!</W></SENTENCE><SENTENCE><W>NiCad</W><W>?</W></SENTENCE><SENTENCE><W>Hmm...</W><W>?</W><W>In</W><W>this</W><W>day</W><C><W>and</W></C><W>age</W><W>with</W><W>cell</W><W>phones</W><W>,</W><W>cameras</W><C><W>and</W></C><xcope ID="7"><ref COMMENTS="" ID="9" SRC="8"></ref><W>everything</W><W>else</W><W>using</W><W>NiMH</W></xcope><C><cue ID="8" type="speculation"><W>or</W></cue></C><xcope ID="6"><ref ID="10" SRC="8"></ref><W>better</W><W>for</W><W>at</W><W>least</W><W>5+</W><W>years</W><W>now</W></xcope><W>,</W><W>using</W><W>the</W><W>environmentally</W><W>unfriendly</W><W>,</W><W>memory</W><W>laden</W><W>,</W><W>short</W><W>life</W><xcope ID="9"><ref COMMENTS="" ID="10" SRC="0"></ref><W>NiCad</W><W>battery</W></xcope><C><cue ID="0" type="speculation"><W>seems</W></cue></C><xcope ID="5"><ref ID="11" SRC="0"></ref><W>like</W><W>a</W><W>choice</W><W>of</W><W>the</W><W>ignorant</W></xcope><W>.</W></SENTENCE></P><P></P><P><SENTENCE><W>My</W><W>guess</W><W>is</W><W>that</W><W>Panasonic</W><W>&#39;s</W><W>choice</W><W>to</W><W>use</W><W>a</W><W>NiCad</W><W>battery</W><W>on</W><W>a</W><W>phone</W><W>that</W><W>has</W><W>all</W><W>the</W><W>bells</W><C><W>and</W></C><W>whistles</W><W>is</W><W>a</W><W>money</W><W>making</W><W>choice</W><W>.</W></SENTENCE><SENTENCE><C><cue ID="3" type="speculation"><W>If</W></cue></C><xcope ID="4"><ref ID="12" SRC="3"></ref><W>you</W><W>have</W><W>to</W><W>replace</W><W>the</W><W>Panasonic</W><W>proprietary</W><W>battery</W><W>every</W><W>6-9</W><W>months</W><W>at</W><W>$</W><W>15</W><W>a</W><W>pop</W><W>that</W><W>&#39;s</W><W>a</W><W>hard</W><W>thing</W><W>to</W><W>let</W><W>go</W><W>of</W></xcope><W>.</W></SENTENCE></P><P></P><P><SENTENCE><W>On</W><W>the</W><W>other</W><W>hand</W><W>it</W><W>was</W><W>a</W><W>good</W><W>enough</W><W>reason</W><W>for</W><W>me</W><W>to</W><W>let</W><W>go</W><W>of</W><W>this</W><W>phone</W><W>on</W><W>the</W><W>store</W><W>shelf</W><W>.</W></SENTENCE><SENTENCE><W>Panasonic</W><W>is</W><W>a</W><W>good</W><W>brand</W><C><W>and</W></C><W>this</W><W>model</W><W>is</W><W>well</W><W>designed</W><W>but</W><W>it</W><W>is</W><W>stuck</W><W>in</W><W>the</W><W>DARK</W><W>AGES</W><W>when</W><W>it</W><W>comes</W><W>to</W><W>the</W><W>battery</W><W>used</W><W>.</W></SENTENCE></P><P></P><P><SENTENCE><W>As</W><W>for</W><W>technology</W><W>...</W><W>where</W><W>&#39;s</W><W>the</W><W>Bluetooth</W><W>wireless</W><W>headphone</W><W>and</W><W>data</W><W>sync</W><W>,</W><W>color</W><W>screen</W><W>,</W><W>video</W><W>games</W><W>,</W><W>face</W><W>plates</W><C><W>and</W></C><W>everything</W><W>else</W><W>the</W><W>average</W><W>cell</W><W>phone</W><W>has</W><W>these</W><W>days</W><W>?</W></SENTENCE><SENTENCE><W>When</W><W>it</W><W>comes</W><W>to</W><W>the</W><W>bigger</W><W>picture</W><W>,</W><W>even</W><W>the</W><W>bells</W><C><W>and</W></C><W>whistles</W><W>on</W><W>this</W><W>phone</W><W>are</W><W>nothing</W><W>to</W><W>get</W><W>excited</W><W>about</W><W>.</W></SENTENCE></P></DOCUMENT>
