<?xml version="1.0" encoding="UTF-8"?>
<DOCUMENT><P/><P><SENTENCE><W>Pros</W><W>:</W><W>Hands-free</W><W>handset</W></SENTENCE></P><P/><P><SENTENCE><W>Cons</W><W>:</W><W>Everything</W><W>else</W><W>...particularly</W><W>the</W><W>battery</W><W>life</W><W>!</W><W>!</W><W>!</W><W>!</W><W>!</W></SENTENCE></P><P/><P><SENTENCE><W>I</W><W>have</W><W>had</W><W>this</W><W>phone</W><W>for</W><W>less</W><W>than</W><W>4</W><W>months</W><C><W>and</W></C><W>the</W><W>batteries</W><W>do</W><W>n&apos;t</W><W>even</W><W>last</W><W>one</W><W>phone</W><W>call</W><W>.</W></SENTENCE><SENTENCE><W>I</W><W>will</W><W>charge</W><W>the</W><W>phone</W><W>overnight</W><C><W>and</W></C><W>all</W><W>day</W><W>.</W></SENTENCE><SENTENCE><W>When</W><W>I</W><W>get</W><W>home</W><W>from</W><W>school</W><W>I</W><C><cue ID="0" type="speculation"><W>can</W></cue></C><xcope ID="3"><ref ID="4" SRC="0"/><W>only</W><W>make</W><W>one</W><W>to</W><W>two</W><W>phone</W><W>calls</W></xcope><W>before</W><W>the</W><W>handset</W><W>needs</W><W>recharging</W><W>.</W></SENTENCE><SENTENCE><W>This</W><W>is</W><W>the</W><W>absolute</W><W>worst</W><W>phone</W><W>that</W><W>I</W><W>have</W><W>ever</W><W>had</W><W>.</W></SENTENCE><SENTENCE><W>I</W><W>wish</W><W>that</W><W>I</W><C><cue ID="1" type="speculation"><W>could</W></cue></C><xcope ID="2"><ref ID="5" SRC="1"/><W>return</W><W>it</W></xcope><W>!</W><W>!</W><W>!</W><W>!</W><W>!</W><W>!</W><W>!</W></SENTENCE></P></DOCUMENT>