<?xml version="1.0" encoding="UTF-8"?>
<DOCUMENT><P/><P><SENTENCE><W>I</W><W>bought</W><W>this</W><W>phone</W><W>because</W><W>it</W><W>had</W><W>all</W><W>the</W><W>features</W><W>I</W><W>was</W><W>looking</W><W>for</W><W>(</W><W>i</W><W>.e</W><W>.</W></SENTENCE><SENTENCE><W>caller</W><W>ID</W><W>,</W><W>2.4</W><W>GHz</W><W>range</W><W>,</W><W>speakerphone</W><W>,</W><W>etc.</W><W>)</W><W>.</W></SENTENCE><SENTENCE><W>Plus</W><W>I</W><W>&apos;ve</W><W>owned</W><W>Uniden</W><W>phones</W><W>in</W><W>the</W><W>past</W><C><W>and</W></C><cue ID="0" type="negation"><W>have</W><W>n&apos;t</W></cue><xcope ID="3"><ref COMMENTS="" ID="4" SRC="0"/><W>had</W><W>a</W><W>problem</W><W>with</W><W>them</W></xcope><W>.</W></SENTENCE></P><P/><P><SENTENCE><W>However</W><W>,</W><W>this</W><W>phone</W><W>has</W><W>extremely</W><W>poor</W><W>sound</W><W>quality</W><W>from</W><W>the</W><W>handset</W><W>.</W></SENTENCE><SENTENCE><W>It</W><W>&apos;s</W><W>very</W><W>hard</W><W>to</W><W>hear/understand</W><W>the</W><W>person</W><W>on</W><W>the</W><W>other</W><W>end</W><W>of</W><W>the</W><W>line</W><W>(</W><W>even</W><W>with</W><W>the</W><W>volume</W><W>on</W><W>high</W><W>)</W><W>.</W></SENTENCE><SENTENCE><W>What</W><W>makes</W><W>matters</W><W>worse</W><W>is</W><W>that</W><W>when</W><W>you</W><W>talk</W><W>into</W><W>the</W><W>phone</W><W>it</W><W>sounds</W><W>as</W><C><cue ID="1" type="speculation"><W>if</W></cue></C><xcope ID="2"><ref ID="5" SRC="1"/><W>there</W><W>is</W><W>an</W><W>echo</W><W>which</W><W>is</W><W>very</W><W>annoying</W></xcope><W>.</W></SENTENCE></P><P/><P><SENTENCE><W>The</W><W>bottom</W><W>line</W><W>is</W><W>,</W><W>this</W><W>phone</W><W>is</W><W>going</W><W>back</W><W>to</W><W>the</W><W>store</W><W>today</W></SENTENCE></P></DOCUMENT>