<?xml version="1.0" encoding="UTF-8"?>
<DOCUMENT><P></P><P><SENTENCE><W>this</W><W>phone</W><W>offers</W><W>lots</W><W>of</W><W>fetures</W><W>,</W><W>but</W><xcope ID="10"><ref COMMENTS="" ID="11" SRC="0"></ref><W>the</W><W>quality</W></xcope><C><cue ID="0" type="speculation"><W>seems</W></cue></C><xcope ID="9"><ref ID="10" SRC="0"></ref><W>poor</W></xcope><W>.</W><W>it</W><W>also</W><W>has</W><W>alot</W><W>of</W><W>static</W><W>.</W></SENTENCE><SENTENCE><W>the</W><W>price</W><W>of</W><W>the</W><W>phone</W><W>was</W><W>cheap</W><W>but</W><xcope ID="12"><ref COMMENTS="" ID="15" SRC="1"></ref><W>the</W><W>buttons</W></xcope><W>also</W><C><cue ID="1" type="speculation"><W>seem</W></cue></C><xcope ID="8"><ref ID="11" SRC="1"></ref><W>cheap</W></xcope><W>because</W><xcope ID="13"><ref COMMENTS="" ID="14" SRC="2"></ref><W>they</W></xcope><C><cue ID="2" type="speculation"><W>seem</W></cue></C><xcope ID="7"><ref ID="12" SRC="2"></ref><W>small</W></xcope><W>.</W></SENTENCE><SENTENCE><W>other</W><W>then</W><W>that</W><C><W>and</W></C><C><cue ID="3" type="speculation"><W>if</W></cue></C><xcope ID="6"><ref ID="14" SRC="3"></ref><W>you</W><W>stand</W><W>on</W><W>one</W><W>leg</W><C><W>and</W></C><W>hold</W><W>your</W><W>head</W><W>against</W><W>a</W><W>window</W><W>it</W><C><cue ID="4" type="speculation"><W>seems</W></cue></C><xcope ID="5"><ref ID="13" SRC="4"></ref><W>to</W><W>work</W><W>great</W></xcope></xcope><W>.</W></SENTENCE></P></DOCUMENT>
