<?xml version="1.0" encoding="UTF-8"?>
<DOCUMENT><P/><P><SENTENCE><W>We</W><W>bought</W><W>this</W><W>phone</W><W>to</W><W>replace</W><W>a</W><W>cordless</W><W>phone</W><W>we</W><W>had</W><W>for</W><W>about</W><W>9</W><W>years</W><W>.</W></SENTENCE><SENTENCE><W>The</W><W>phone</W><W>we</W><W>replaced</W><W>was</W><W>very</W><W>cheap</W><W>but</W><W>worked</W><W>perfectly</W><W>for</W><W>us</W><W>until</W><W>I</W><W>dropped</W><W>it</W><W>into</W><W>a</W><W>bucket</W><W>of</W><W>water</W><W>.</W></SENTENCE><SENTENCE><W>We</W><W>looked</W><W>around</W><W>quite</W><W>a</W><W>bit</W><W>at</W><W>all</W><W>the</W><W>choices</W><W>now</W><W>available</W><W>.</W></SENTENCE><SENTENCE><W>We</W><W>like</W><W>Panasonic</W><W>products</W><W>so</W><W>decided</W><W>to</W><W>give</W><W>this</W><W>phone</W><W>a</W><W>try</W><W>.</W></SENTENCE><SENTENCE><W>I</W><W>wish</W><W>you</W><C><cue ID="0" type="speculation"><W>could</W></cue></C><xcope ID="9"><ref COMMENTS="" ID="10" SRC="0"/><W>try</W><W>the</W><W>phone</W><W>out</W><W>at</W><W>the</W><W>store</W></xcope><W>because</W><W>we</W><C><cue ID="1" type="negation"><W>never</W></cue></C><xcope ID="7"><ref ID="12" SRC="1"/><C><cue ID="2" type="speculation"><W>would</W></cue></C><xcope ID="6"><ref COMMENTS="" ID="11" SRC="2"/><W>have</W><W>bought</W><W>it</W></xcope></xcope><W>.</W></SENTENCE><SENTENCE><W>The</W><W>sound</W><W>quality</W><cue ID="3" type="negation"><W>was</W><W>n&apos;t</W></cue><xcope ID="8"><ref COMMENTS="" ID="13" SRC="3"/><W>good</W><W>at</W><W>all</W><W>for</W><W>us</W></xcope><W>.</W></SENTENCE><SENTENCE><W>While</W><W>talking</W><W>,</W><W>the</W><W>phone</W><W>was</W><W>very</W><W>echoey</W><W>...people</W><W>sounded</W><W>like</W><W>they</W><W>were</W><W>a</W><W>million</W><W>miles</W><W>away</W><W>.</W></SENTENCE><SENTENCE><W>Thinking</W><W>it</W><C><cue ID="4" type="speculation"><W>might</W></cue></C><xcope ID="5"><ref COMMENTS="" ID="14" SRC="4"/><W>be</W><W>our</W><W>phone</W><W>line</W></xcope><W>,</W><W>we</W><W>took</W><W>it</W><W>to</W><W>a</W><W>friend</W><W>&apos;s</W><W>house</W><C><W>and</W></C><W>the</W><W>same</W><W>thing</W><W>happened</W><W>.</W></SENTENCE><SENTENCE><W>We</W><W>returned</W><W>it</W><C><W>and</W></C><W>got</W><W>another</W><W>one</W><W>(</W><W>same</W><W>phone</W><W>)</W><W>just</W><W>to</W><W>give</W><W>it</W><W>another</W><W>try</W><W>.</W></SENTENCE><SENTENCE><W>Same</W><W>problem</W><W>.</W></SENTENCE><SENTENCE><W>So</W><W>,</W><W>we</W><W>ended</W><W>up</W><W>returning</W><W>it</W><C><W>and</W></C><W>finding</W><W>another</W><W>model</W><W>.</W></SENTENCE></P></DOCUMENT>