<?xml version="1.0" encoding="UTF-8"?>
<DOCUMENT><P></P><P><SENTENCE><W>I</W><W>&#39;ve</W><W>had</W><W>the</W><W>2431</W><W>for</W><W>3</W><W>years</W><W>.</W></SENTENCE><SENTENCE><W>I</W><C><cue ID="0" type="speculation"><W>may</W></cue></C><xcope ID="8"><ref COMMENTS="" ID="11" SRC="0"></ref><W>have</W><W>gotten</W><W>3</W><W>hours</W><W>use</W><W>from</W><W>it</W></xcope><W>.</W></SENTENCE><SENTENCE><W>It</W><W>works</W><W>fine</W><W>for</W><W>the</W><W>first</W><xcope ID="10"><ref COMMENTS="" ID="13" SRC="1"></ref><W>5</W></xcope><C><cue ID="1" type="speculation"><W>or</W></cue></C><xcope ID="9"><ref COMMENTS="" ID="12" SRC="1"></ref><W>10</W><W>minutes</W></xcope><C><W>and</W></C><W>that</W><W>&#39;s</W><W>when</W><W>the</W><W>volume</W><W>fades</W><W>.</W></SENTENCE><SENTENCE><W>Then</W><W>it</W><W>returns</W><C><W>and</W></C><W>then</W><W>it</W><W>fades</W><W>again</W><C><W>and</W></C><cue ID="2" type="negation"><W>does</W><W>n&#39;t</W></cue><xcope ID="7"><ref COMMENTS="" ID="14" SRC="2"></ref><W>stop</W></xcope><W>.</W></SENTENCE><SENTENCE><W>Calling</W><C><W>support</W></C><W>was</W><W>the</W><W>fastest</W><W>way</W><W>to</W><W>get</W><W>the</W><W>run-around</W><W>that</W><W>I</W><W>&#39;ve</W><W>ever</W><W>seen</W><W>.</W></SENTENCE><SENTENCE><C><cue ID="3" type="negation"><W>No</W></cue></C><xcope ID="6"><ref ID="15" SRC="3"></ref><W>help</W><W>at</W><W>all</W><W>but</W><W>they</W><W>are</W><W>willing</W><W>to</W><W>let</W><W>you</W><W>call</W><W>back</W></xcope><W>.</W></SENTENCE><SENTENCE><W>Still</W><C><cue ID="4" type="negation"><W>no</W></cue></C><xcope ID="5"><ref COMMENTS="" ID="16" SRC="4"></ref><W>help</W></xcope><W>.</W></SENTENCE><SENTENCE><W>I</W><W>packaged</W><C><W>and</W></C><W>mailed</W><W>it</W><W>back</W><C><W>and</W></C><W>after</W><W>many</W><W>weeks</W><W>was</W><W>sent</W><W>a</W><W>brand</W><W>new</W><W>replacement</W><W>.</W></SENTENCE><SENTENCE><W>Same</W><W>problem</W><W>.</W></SENTENCE><SENTENCE><W>I</W><W>eliminated</W><W>all</W><W>environmental</W><W>possibilities</W><W>such</W><W>as</W><W>disconnecting</W><W>other</W><W>phones</W><W>,</W><W>computer</W><W>,</W><W>VCR</W><W>,</W><W>etc</W><W>.</W></SENTENCE><SENTENCE><W>The</W><W>problem</W><W>still</W><W>existed</W><W>.</W></SENTENCE><SENTENCE><W>I</W><W>&#39;ve</W><W>learned</W><W>a</W><W>$</W><W>130</W><W>lesson</W></SENTENCE></P></DOCUMENT>
