<?xml version="1.0" encoding="UTF-8"?>
<DOCUMENT><P/><P><SENTENCE><W>Pros</W><W>:</W><W>Great</W><W>phone</W><W>while</W><W>it</W><W>worked</W><W>!</W></SENTENCE></P><P/><P><SENTENCE><W>Cons</W><W>:</W><C><cue ID="0" type="speculation"><W>Should</W></cue></C><xcope ID="3"><ref ID="4" SRC="0"/><W>last</W><W>more</W><W>than</W><W>three</W><W>year</W></xcope><W>.</W></SENTENCE><SENTENCE><W>Have</W><W>had</W><W>same</W><W>problem</W><W>with</W><W>other</W><W>Panasonic</W><W>phones</W><W>also</W><W>.</W></SENTENCE></P><P/><P><SENTENCE><W>After</W><W>three</W><W>years</W><W>display</W><W>on</W><W>handset</W><W>died</W><W>.</W></SENTENCE><SENTENCE><C><cue ID="1" type="negation"><W>Cannot</W></cue></C><xcope ID="2"><ref ID="5" SRC="1"/><W>recommend</W><W>for</W><W>durability</W><W>an</W><W>longevity</W></xcope><W>.</W></SENTENCE><SENTENCE><W>I</W><W>have</W><W>had</W><W>the</W><W>same</W><W>problem</W><W>with</W><W>other</W><W>Panasonic</W><W>phone</W><W>systems</W><W>before</W><W>.</W></SENTENCE><SENTENCE><W>They</W><W>use</W><W>to</W><W>make</W><W>the</W><W>best</W><W>,</W><W>I</W><W>will</W><W>look</W><W>at</W><W>other</W><W>brands</W><W>in</W><W>the</W><W>future</W><W>.</W></SENTENCE></P></DOCUMENT>