<?xml version="1.0" encoding="UTF-8"?>
<DOCUMENT><P/><P><SENTENCE><W>I</W><W>purchased</W><W>this</W><W>phone</W><W>with</W><W>one</W><W>KX-TGA271V</W><W>accessory</W><W>handset</W><C><W>and</W></C><W>one</W><W>KX-TGA272S</W><W>(</W><W>with</W><W>the</W><W>built-in</W><W>clock</W><W>)</W><W>.</W></SENTENCE><SENTENCE><W>The</W><W>standard</W><W>handsets</W><W>have</W><W>very</W><W>poor</W><W>battery</W><W>life</W><W>but</W><W>oddly</W><W>the</W><W>bigger</W><W>clock-handset</W><W>has</W><W>very</W><W>good</W><W>battery</W><W>life</W><W>.</W></SENTENCE><SENTENCE><W>Unfortunately</W><W>,</W><W>this</W><W>is</W><C><cue ID="0" type="negation"><W>not</W></cue></C><xcope ID="7"><ref ID="8" SRC="0"/><W>a</W><W>particularly</W><W>comfortable</W><W>phone</W><W>to</W><W>use</W></xcope><C><W>and</W></C><W>the</W><W>ones</W><W>that</W><W>are</W><W>comfortable</W><W>discharge</W><W>in</W><W>a</W><W>matter</W><W>of</W><W>minutes</W><W>.</W></SENTENCE></P><P/><P><SENTENCE><W>I</W><W>followed</W><W>the</W><W>instructions</W><W>for</W><W>re-charging</W><W>the</W><W>batteries</W><W>carefully</W><C><W>and</W></C><W>have</W><W>replaced</W><W>the</W><W>batteries</W><W>to</W><C><cue ID="1" type="negation"><W>no</W></cue></C><xcope ID="6"><ref ID="11" SRC="1"/><W>avail</W></xcope><W>.</W></SENTENCE><SENTENCE><W>The</W><W>feature</W><W>set</W><W>is</W><W>fine</W><W>but</W><W>the</W><W>the</W><W>phone</W><W>dies</W><W>before</W><W>you</W><C><cue ID="2" type="speculation"><W>can</W></cue></C><xcope ID="5"><ref ID="10" SRC="2"/><W>get</W><W>a</W><W>chance</W><W>to</W><W>enjoy</W><W>them</W></xcope><W>.</W></SENTENCE><SENTENCE><W>They</W><W>die</W><C><cue ID="3" type="negation"><W>without</W></cue></C><xcope ID="4"><ref ID="9" SRC="3"/><W>warning</W></xcope><C><W>and</W></C><W>it</W><W>is</W><W>a</W><W>real</W><W>nuisance</W><W>.</W></SENTENCE></P><P/><P><SENTENCE><W>I</W><W>intend</W><W>to</W><W>try</W><W>the</W><W>Energizer</W><W>ER-P511</W><W>recommended</W><W>in</W><W>the</W><W>review</W><W>by</W><W>jvas2</W><W>,</W><W>Dec</W><W>18</W><W>&apos;03</W><W>but</W><W>I</W><C><cue ID="12" type="speculation"><W>would</W></cue></C><xcope ID="18"><ref ID="21" SRC="12"/><C><cue ID="13" type="speculation"><W>think</W></cue></C><xcope ID="17"><ref ID="20" SRC="13"/><W>Panasonic</W><C><cue ID="14" type="speculation"><W>could</W></cue></C><xcope ID="16"><ref ID="19" SRC="14"/><W>provide</W><W>a</W><W>workable</W><W>battery</W><W>with</W><W>their</W></xcope></xcope></xcope><W>product</W><W>.</W></SENTENCE></P></DOCUMENT>