<?xml version="1.0" encoding="UTF-8"?>
<DOCUMENT><P/><P><SENTENCE><W>Pros</W><W>:</W><W>looks</W><W>nice</W></SENTENCE></P><P/><P><SENTENCE><W>Cons</W><W>:</W><W>poor</W><W>sound</W><W>,</W><W>cheap</W><C><W>feel</W></C><W>,</W><W>died</W><W>after</W><W>8</W><W>months</W></SENTENCE></P><P/><P><SENTENCE><W>This</W><W>phone</W><W>is</W><W>all</W><W>show</W><C><cue ID="0" type="negation"><W>no</W></cue></C><xcope ID="1"><ref ID="2" SRC="0"/><W>go</W></xcope><W>,</W><W>it</W><W>looked</W><W>good</W><W>in</W><W>the</W><W>store</W><W>,</W><W>but</W><W>is</W><W>cheaply</W><W>builts</W><C><W>and</W></C><W>has</W><W>very</W><W>poor</W><W>sound</W><W>qualit</W></SENTENCE></P></DOCUMENT>