<?xml version="1.0" encoding="UTF-8"?>
<DOCUMENT><P/><P><SENTENCE><W>After</W><W>just</W><W>one</W><W>year</W><W>,</W><W>displays</W><W>in</W><W>both</W><W>handsets</W><W>died</W><W>.</W></SENTENCE><SENTENCE><W>For</W><W>the</W><W>price</W><W>,</W><W>I</W><C><cue ID="0" type="speculation"><W>expected</W></cue></C><xcope ID="2"><ref ID="5" SRC="0"/><W>decent</W><W>quality</W></xcope><W>.</W></SENTENCE><SENTENCE><cue ID="1" type="negation"><W>Do</W><W>n&apos;t</W></cue><xcope ID="3"><ref COMMENTS="" ID="4" SRC="1"/><W>leave</W><W>the</W><W>phone</W><W>off</W><W>the</W><W>handset</W><W>charger</W><W>for</W><W>any</W><W>length</W><W>of</W><W>time</W></xcope><W>either--they</W><W>go</W><W>dead</W><W>within</W><W>one</W><W>day</W><W>.</W></SENTENCE><SENTENCE><W>Very</W><W>bad</W><W>performance</W><W>!</W><W>!</W></SENTENCE></P></DOCUMENT>