<?xml version="1.0" encoding="UTF-8"?>
<DOCUMENT><P></P><P><SENTENCE><W>I</W><W>purchased</W><W>this</W><W>phone</W><W>about</W><W>a</W><W>year</W><W>ago</W><W>.</W></SENTENCE><SENTENCE><W>All</W><W>the</W><W>features</W><W>that</W><W>this</W><W>phone</W><W>offered</W><W>(</W><W>along</W><W>with</W><W>it</W><W>&#39;s</W><W>price</W><W>)</W><W>is</W><W>what</W><W>attracted</W><W>me</W><W>to</W><W>this</W><W>particular</W><W>phone</W><W>.</W></SENTENCE><SENTENCE><W>I</W><cue ID="0" type="speculation"><C><W>could</W></C><W>n&#39;t</W></cue><xcope ID="35"><ref COMMENTS="" ID="36" SRC="0"></ref><W>find</W><W>anything</W><W>that</W><W>compared</W></xcope><W>,</W><W>however...I</W><W>&#39;m</W><W>highly</W><W>dissapointed</W><W>in</W><W>this</W><W>Panasonic</W><W>product</W><W>.</W></SENTENCE></P><P></P><P><SENTENCE><W>I</W><W>&#39;ve</W><W>called</W><W>Panasonic</W><W>service</W><W>,</W><W>they</W><W>attempted</W><W>to</W><W>help</W><W>,</W><W>but</W><W>my</W><W>receipt</W><W>is</W><W>long</W><W>gone</W><W>....so</W><W>I</W><W>&#39;m</W><W>out</W><W>of</W><W>luck</W><W>.</W></SENTENCE></P><P></P><P><SENTENCE><W>Since</W><W>purchasing</W><W>this</W><W>phone</W><W>,</W><W>I</W><W>&#39;ve</W><W>had</W><W>problems</W><W>with</W><xcope ID="22"><ref ID="24" SRC="1"></ref><W>loosing</W></xcope><W>(</W><C><cue ID="1" type="speculation"><W>or</W></cue></C><xcope ID="23"><ref COMMENTS="" ID="26" SRC="1"></ref><C><cue ID="2" type="speculation"><W>should</W></cue></C><xcope ID="21"><ref ID="25" SRC="2"></ref><W>I</W><W>say</W><W>)</W><W>fading</W><W>conversations</W></xcope></xcope><C><W>and</W></C><W>clicking</W><W>noises</W><W>in</W><W>the</W><W>phone</W><W>.</W></SENTENCE><SENTENCE><W>I</W><W>originally</W><C><cue ID="3" type="speculation"><W>thought</W></cue></C><xcope ID="18"><ref COMMENTS="" ID="27" SRC="3"></ref><W>I</W><W>had</W><W>a</W><W>phone</W><W>line</W><W>problem</W></xcope><W>,</W><W>but</W><W>that</W><cue ID="4" type="negation"><W>was</W><W>n&#39;t</W></cue><xcope ID="17"><ref COMMENTS="" ID="28" SRC="4"></ref><W>the</W><W>case</W></xcope><W>.</W></SENTENCE><SENTENCE><W>Finally</W><W>I</W><C><cue ID="5" type="speculation"><W>thought</W></cue></C><xcope ID="16"><ref COMMENTS="" ID="30" SRC="5"></ref><W>that</W><W>the</W><W>phone</W><W>was</W><C><cue ID="6" type="speculation"><W>perhaps</W></cue></C><xcope ID="15"><ref COMMENTS="" ID="29" SRC="6"></ref><W>a</W><W>lemon</W></xcope></xcope><C><W>and</W></C><W>I</W><C><cue ID="7" type="speculation"><W>would</W></cue></C><xcope ID="14"><ref COMMENTS="" ID="31" SRC="7"></ref><W>try</W><W>it</W><W>again</W></xcope><W>.</W></SENTENCE><SENTENCE><W>I</W><W>went</W><W>out</W><C><W>and</W></C><W>purchased</W><W>the</W><W>exact</W><W>same</W><W>phone</W><W>just</W><W>last</W><W>week</W><W>.</W></SENTENCE><SENTENCE><W>Since</W><W>purchasing</W><W>the</W><W>new</W><W>one</W><W>,</W><W>I</W><W>&#39;m</W><W>starting</W><W>to</W><W>notice</W><W>the</W><W>same</W><W>problems</W><W>.</W></SENTENCE><SENTENCE><W>It</W><W>goes</W><W>back</W><W>to</W><W>the</W><W>store</W><W>for</W><W>a</W><W>refund</W><W>tomorrow</W><C><W>and</W></C><W>I</W><W>&#39;ll</W><W>try</W><W>my</W><W>luck</W><W>with</W><W>another</W><W>brand</W><W>.</W></SENTENCE></P><P></P><P><SENTENCE><W>Great</W><W>features</W><C><W>and</W></C><W>low</W><W>cost</W><W>is</W><W>attractive</W><W>,</W><W>but</W><W>it</W><W>&#39;s</W><C><cue ID="8" type="negation"><W>not</W></cue></C><xcope ID="13"><ref COMMENTS="" ID="34" SRC="8"></ref><W>worth</W><W>me</W><W>having</W><W>to</W><W>wonder</W><C><cue ID="9" type="speculation"><W>if</W></cue></C><xcope ID="12"><ref COMMENTS="" ID="33" SRC="9"></ref><W>Panasonic</W><W>just</W><cue ID="10" type="negation"><W>is</W><W>n&#39;t</W></cue><xcope ID="11"><ref COMMENTS="" ID="32" SRC="10"></ref><W>up</W><W>to</W><W>par</W><W>when</W><W>it</W><W>comes</W><W>to</W><W>cordless</W><W>phone</W><W>technology</W></xcope></xcope></xcope><W>.</W></SENTENCE></P></DOCUMENT>
