<?xml version="1.0" encoding="UTF-8"?>
<DOCUMENT><P></P><P><SENTENCE><W>My</W><W>goal</W><W>was</W><W>to</W><W>replace</W><W>a</W><W>900Mhz</W><W>Vtech</W><W>cordless</W><W>phone</W><W>that</W><W>we</W><W>&#39;ve</W><W>had</W><W>for</W><W>several</W><W>years</W><C><W>and</W></C><W>an</W><W>old</W><W>tape-based</W><W>answering</W><W>machine</W><W>with</W><W>a</W><W>single</W><W>device</W><W>.</W></SENTENCE><SENTENCE><W>My</W><W>old</W><W>cordless</W><W>still</W><W>works</W><W>,</W><W>but</W><W>wo</W><W>n&#39;t</W><W>hold</W><W>a</W><W>charge</W><W>well</W><W>,</W><W>so</W><W>I</W><W>was</W><W>able</W><W>to</W><W>use</W><W>it</W><W>for</W><W>sound</W><W>quality</W><W>comparisons</W><W>.</W></SENTENCE><SENTENCE><W>I</W><W>saw</W><W>this</W><W>phone</W><W>with</W><W>the</W><W>two</W><W>handsets</W><W>for</W><W>a</W><W>good</W><W>price</W><C><W>and</W></C><W>gave</W><W>it</W><W>a</W><W>try</W><W>.</W></SENTENCE></P><P></P><P><SENTENCE><xcope ID="42"><ref COMMENTS="" ID="43" SRC="0"></ref><W>My</W><W>findings</W></xcope><C><cue ID="0" type="speculation"><W>seem</W></cue></C><xcope ID="32"><ref ID="60" SRC="0"></ref><W>to</W><C><cue ID="1" type="speculation"><W>indicate</W></cue></C><xcope ID="31"><ref ID="59" SRC="1"></ref><W>that</W><W>you</W><W>simply</W><C><cue ID="2" type="negation"><W>cannot</W></cue></C><xcope ID="30"><ref ID="58" SRC="2"></ref><W>get</W><W>the</W><W>voice</W><W>clarity</W></xcope></xcope></xcope><C><W>and</W></C><W>sound</W><W>quality</W><W>from</W><W>ANY</W><W>digital</W><W>cordless</W><W>that</W><W>you</W><C><cue ID="3" type="speculation"><W>can</W></cue></C><xcope ID="29"><ref ID="61" SRC="3"></ref><W>from</W><W>an</W><W>analog</W><W>phone</W></xcope><W>,</W><W>period</W><W>.</W></SENTENCE><SENTENCE><W>I</W><W>came</W><W>to</W><W>this</W><C><W>conclusion</W></C><W>after</W><W>trying</W><W>three</W><W>other</W><W>2.4Ghz</W><W>digital</W><W>phones</W><W>(</W><W>including</W><W>this</W><W>phone</W><W>,</W><W>another</W><W>Panasonic</W><W>,</W><C><W>and</W></C><W>a</W><W>Motorola</W><W>)</W><C><W>and</W></C><W>comparing</W><W>to</W><W>my</W><W>still-working</W><W>old</W><W>900</W><W>Mhz</W><W>cordless</W><W>.</W></SENTENCE><SENTENCE><W>I</W><W>finally</W><W>found</W><W>a</W><W>900</W><W>Mhz</W><W>cordless</W><W>with</W><W>an</W><W>answering</W><W>system</W><C><W>and</W></C><W>finally</W><W>foud</W><W>one</W><W>that</W><W>sounded</W><W>as</W><W>good</W><W>as</W><W>my</W><W>old</W><W>phone</W><W>.</W></SENTENCE></P><P></P><P><SENTENCE><W>By</W><W>the</W><W>way</W><W>,</W><W>you</W><C><cue ID="4" type="speculation"><W>can</W></cue></C><W>still</W><W>find</W><W>both</W><W>900Mhz</W><W>Analog</W><W>cordless</W><W>phones</W><C><W>and</W></C><W>some</W><W>2.4</W><W>GHz</W><W>ones</W><W>as</W><W>well</W><W>.</W></SENTENCE><SENTENCE><W>Vtech</W><W>has</W><W>quite</W><W>a</W><W>few</W><W>(</W><W>check</W><W>www.vtechphones.com</W><W>)</W><W>.</W></SENTENCE><SENTENCE><C><cue ID="5" type="negation"><W>None</W></cue></C><xcope ID="33"><ref ID="62" SRC="5"></ref><W>of</W><W>them</W><W>have</W><W>as</W><W>many</W><W>features</W><W>as</W><W>the</W><W>digital</W><W>phones</W><W>though</W></xcope><W>,</W><W>which</W><C><cue ID="6" type="speculation"><W>must</W></cue></C><xcope ID="34"><ref ID="63" SRC="6"></ref><W>by</W><W>why</W><W>they</W><W>are</W><W>now</W><W>far</W><W>more</W><W>popular</W></xcope><W>,</W><W>despite</W><W>the</W><W>sound</W><W>problems</W><W>associated</W><W>with</W><W>digital</W><W>.</W></SENTENCE></P><P></P><P><SENTENCE><W>I</W><W>&#39;ll</W><W>admit</W><W>,</W><W>I</W><cue ID="8" type="negation"><W>did</W><W>n&#39;t</W></cue><xcope ID="37"><ref COMMENTS="" ID="64" SRC="8"></ref><W>try</W><W>any</W><W>of</W><W>the</W><W>newer</W><W>5.8</W><W>GHz</W><W>phones</W></xcope><W>.</W></SENTENCE><SENTENCE><cue ID="9" type="speculation"><W>Maybe</W></cue><xcope ID="36"><ref COMMENTS="" ID="65" SRC="9"></ref><W>they</W><W>do</W><W>a</W><W>better</W><W>job</W><W>with</W><W>digital</W></xcope><C><W>and</W></C><C><cue ID="7" type="speculation"><W>can</W></cue></C><xcope ID="35"><ref ID="66" SRC="7"></ref><W>match</W><W>the</W><W>clarity</W><W>of</W><W>an</W><W>analog</W><W>phone</W></xcope><W>.</W></SENTENCE></P><P></P><P><SENTENCE><W>Now</W><W>,</W><W>that</W><W>said</W><W>,</W><C><cue ID="10" type="speculation"><W>if</W></cue></C><xcope ID="38"><ref ID="67" SRC="10"></ref><W>you</W><W>&#39;re</W><W>willing</W><W>to</W><W>let</W><W>sound</W><W>quality</W><W>suffer</W></xcope><W>(</W><W>hey</W><W>,</W><W>it</W><W>&#39;s</W><W>a</W><W>PHONE</W><W>for</W><W>goodness</W><W>sake</W><W>,</W><W>why</W><W>let</W><W>SOUND</W><W>suffer</W><W>?</W><W>)</W><C><W>and</W></C><W>are</W><W>set</W><W>on</W><W>a</W><W>2.4Ghz</W><W>Digital</W><W>cordless</W><W>,</W><W>Panasonic</W><W>has</W><W>a</W><W>pretty</W><W>good</W><W>offering</W><W>.</W></SENTENCE><SENTENCE><W>Here</W><W>&#39;s</W><W>what</W><W>I</W><W>liked</W><W>about</W><W>this</W><W>one</W><W>:</W></SENTENCE></P><P></P><P><SENTENCE><W>*/SYM</W><W>Speakerphone</W><W>on</W><W>each</W><W>handset</W><W>-</W><W>cool</W><W>!</W></SENTENCE></P><P></P><P><SENTENCE><W>*/SYM</W><W>The</W><W>size</W><C><W>and</W></C><W>weight</W><W>of</W><W>the</W><W>handset</W><C><W>feel</W></C><W>pretty</W><W>good</W><W>.</W></SENTENCE><SENTENCE><W>It</W><W>&#39;s</W><W>thinner</W><C><W>and</W></C><W>ligher</W><W>that</W><W>other</W><W>phones</W><W>.</W></SENTENCE><SENTENCE><W>My</W><W>wife</W><W>noticed</W><W>that</W><W>immediately</W><C><W>and</W></C><W>liked</W><W>it</W></SENTENCE></P><P></P><P><SENTENCE><W>*/SYM</W><W>directional</W><W>selector</W><W>button</W><W>for</W><W>navigating</W><W>menus</W><W>-</W><W>very</W><W>easy</W><W>.</W></SENTENCE><SENTENCE><W>Although</W><W>the</W><W>menu</W><W>system</W><W>on</W><W>this</W><W>model</W><W>is</W><C><cue ID="11" type="negation"><W>not</W></cue></C><xcope ID="40"><ref ID="68" SRC="11"></ref><W>as</W><W>intuitive</W><W>as</W><W>the</W><W>Panasonic</W><W>KX-TG2248S.</W></xcope></SENTENCE><SENTENCE><xcope ID="44"><ref COMMENTS="" ID="45" SRC="12"></ref><W>I</W></xcope><C><cue ID="12" type="speculation"><W>seem</W></cue></C><xcope ID="39"><ref ID="69" SRC="12"></ref><W>to</W><W>remember</W><W>having</W><W>to</W><W>go</W><W>to</W><W>an</W><W>odd</W><W>place</W><W>to</W><W>add</W><W>an</W><W>entry</W><W>to</W><W>the</W><W>phone</W><W>book</W></xcope><W>.</W></SENTENCE></P><P></P><P><SENTENCE><W>*/SYM</W><W>2</W><W>handsets</W><W>are</W><W>included</W><C><W>and</W></C><W>you</W><C><cue ID="13" type="speculation"><W>can</W></cue></C><xcope ID="41"><ref ID="70" SRC="13"></ref><W>buy</W><W>a</W><W>third</W></xcope></SENTENCE></P><P></P><P><SENTENCE><W>*/SYM</W><W>there</W><W>&#39;s</W><W>a</W><W>built-in</W><W>answering</W><W>system</W><W>on</W><W>the</W><W>base</W></SENTENCE></P><P></P><P><SENTENCE><W>What</W><W>I</W><W>did</W><W>n&#39;t</W><W>like</W><W>about</W><W>this</W><W>phone</W><W>:</W></SENTENCE></P><P></P><P><SENTENCE><W>*/SYM</W><W>It</W><W>sounds</W><W>bad</W><W>at</W><W>BOTH</W><W>ends</W><W>of</W><W>the</W><W>conversation</W><W>.</W></SENTENCE><SENTENCE><W>At</W><W>times</W><W>it</W><W>almost</W><W>sounds</W><W>like</W><W>a</W><W>1/2</W><W>duplex</W><W>speaker</W><W>phone</W><W>does</W><W>.</W></SENTENCE><SENTENCE><W>When</W><W>you</W><W>first</W><W>go</W><W>off-hook</W><W>,</W><W>you</W><W>hear</W><W>a</W><W>solid</W><W>hiss</W><W>.</W></SENTENCE><SENTENCE><W>The</W><W>hiss</W><W>goes</W><W>down</W><W>,</W><W>although</W><W>it</W><W>does</W><C><W>not</W></C><W>disapper</W><W>once</W><W>you</W><W>start</W><W>dialing</W><W>.</W></SENTENCE><SENTENCE><W>The</W><W>person</W><W>we</W><W>were</W><W>calling</W><W>to</W><W>test</W><W>it</W><W>said</W><W>that</W><W>this</W><W>phone</W><W>gave</W><W>a</W><W>&#34;tinny</W><W>&#34;</W><W>sound</W><W>to</W><W>the</W><W>voice</W><W>.</W></SENTENCE><SENTENCE><W>Switching</W><W>to</W><W>our</W><W>old</W><W>900Mhz</W><W>cordless</W><W>mid-call</W><W>resolved</W><W>it</W><W>,</W><W>ans</W><W>switching</W><W>back</W><C><cue ID="14" type="speculation"><W>would</W></cue></C><xcope ID="42"><ref ID="71" SRC="14"></ref><W>bring</W><W>it</W><W>back</W></xcope><W>.</W></SENTENCE><SENTENCE><W>So</W><W>we</W><W>know</W><W>it</W><W>&#39;s</W><W>the</W><W>phone</W><W>.</W></SENTENCE></P><P></P><P><SENTENCE><W>*/SYM</W><W>The</W><W>antenna</W><W>is</W><W>too</W><W>long</W><W>.</W></SENTENCE><SENTENCE><W>This</W><W>is</W><W>true</W><W>of</W><W>all</W><W>Panasonic</W><W>phones</W><W>.</W></SENTENCE><SENTENCE><C><cue ID="15" type="speculation"><W>If</W></cue></C><xcope ID="44"><ref ID="73" SRC="15"></ref><W>you</W><W>like</W><W>to</W><W>sit</W><W>back</W><W>in</W><W>the</W><W>recliner</W><C><cue ID="16" type="speculation"><W>or</W></cue></C><xcope ID="43"><ref ID="72" SRC="16"></ref><W>easy</W><W>chair</W></xcope></xcope><W>,</W><W>you</W><W>have</W><W>to</W><W>keep</W><W>your</W><W>head</W><W>turned</W><W>so</W><W>the</W><W>antenna</W><W>does</W><W>n&#39;t</W><W>poke</W><W>the</W><W>back</W><W>of</W><W>the</W><W>chair</W><W>.</W></SENTENCE><SENTENCE><W>I</W><W>do</W><W>n&#39;t</W><W>know</W><W>why</W><W>Panasonic</W><W>went</W><W>with</W><W>that</W><W>design</W><W>.</W></SENTENCE><SENTENCE><W>I</W><C><cue ID="17" type="speculation"><W>think</W></cue></C><xcope ID="45"><ref ID="74" SRC="17"></ref><W>it</W><W>makes</W><W>the</W><W>phones</W><W>look</W><W>less</W><W>modern</W><W>too</W></xcope><W>.</W></SENTENCE></P><P></P><P><SENTENCE><W>*/SYM</W><W>There</W><W>&#39;s</W><C><cue ID="18" type="negation"><W>no</W></cue></C><xcope ID="46"><ref ID="75" SRC="18"></ref><W>MEMO</W><W>button</W><W>on</W><W>the</W><W>answering</W><W>machine</W></xcope><W>!</W></SENTENCE><SENTENCE><W>We</W><W>use</W><W>that</W><W>all</W><W>the</W><W>time</W><W>.</W></SENTENCE><SENTENCE><W>I</W><cue ID="20" type="negation"><W>did</W><W>n&#39;t</W></cue><xcope ID="49"><ref COMMENTS="" ID="78" SRC="20"></ref><C><cue ID="19" type="speculation"><W>think</W></cue></C><xcope ID="48"><ref ID="77" SRC="19"></ref><W>anyone</W><W>even</W><W>made</W><W>an</W><W>answering</W><W>machine</W><C><cue ID="21" type="negation"><W>without</W></cue></C><xcope ID="47"><ref ID="76" SRC="21"></ref><W>one</W></xcope></xcope></xcope><W>,</W><W>so</W><W>I</W><C><cue ID="22" type="negation"><W>never</W></cue></C><xcope ID="51"><ref ID="80" SRC="22"></ref><C><cue ID="23" type="speculation"><W>thought</W></cue></C><xcope ID="50"><ref ID="79" SRC="23"></ref><W>to</W><W>look</W></xcope></xcope><W>.</W></SENTENCE><SENTENCE><W>In</W><W>fact</W><W>,</W><W>it</W><W>&#39;s</W><W>the</W><C><W>lack</W></C><W>of</W><W>this</W><W>feature</W><W>that</W><W>made</W><W>me</W><W>set</W><W>this</W><W>phone</W><W>aside</W><W>to</W><W>try</W><W>the</W><W>KX-TG2248S</W><W>even</W><W>though</W><W>it</W><W>only</W><W>has</W><W>one</W><W>handset</W><W>included</W><W>.</W></SENTENCE></P><P></P><P><SENTENCE><W>*/SYM</W><W>There</W><W>&#39;s</W><C><cue ID="24" type="negation"><W>no</W></cue></C><xcope ID="52"><ref ID="81" SRC="24"></ref><W>phone/speakerphone</W><W>on</W><W>the</W><W>base</W></xcope></SENTENCE></P><P></P><P><SENTENCE><W>Go</W><W>back</W><W>to</W><W>analog</W><C><cue ID="25" type="speculation"><W>if</W></cue></C><xcope ID="57"><ref ID="82" SRC="25"></ref><W>you</W><W>&#39;re</W><W>actually</W><W>concerned</W><W>with</W><W>how</W><W>your</W><W>phone</W><W>sounds</W></xcope><W>!</W></SENTENCE><SENTENCE><W>I</W><W>finally</W><W>ended</W><W>up</W><W>with</W><W>a</W><W>Radio</W><W>Shack</W><W>900</W><W>MHz</W><W>cordless</W><W>that</W><W>came</W><W>with</W><W>2</W><W>handsets</W><C><W>and</W></C><W>an</W><W>answering</W><W>system</W><W>in</W><W>the</W><W>base</W><W>--</W><W>on</W><W>sale</W><W>for</W><W>$</W><W>45</W><W>!</W><W>There</W><W>&#39;s</W><C><cue ID="26" type="negation"><W>no</W></cue></C><xcope ID="56"><ref ID="86" SRC="26"></ref><W>speakerphone</W><W>on</W><W>the</W><xcope ID="55"><ref ID="85" SRC="27"></ref><W>handset</W></xcope><C><cue ID="27" type="speculation"><W>or</W></cue></C><xcope ID="54"><ref ID="84" SRC="27"></ref><W>fancy</W><W>features</W></xcope></xcope><W>,</W><C><W>and</W></C><W>only</W><W>one</W><C><cue ID="28" type="speculation"><W>can</W></cue></C><xcope ID="53"><ref ID="83" SRC="28"></ref><W>be</W><W>used</W><W>at</W><W>once</W></xcope><W>,</W><W>but</W><W>at</W><W>least</W><W>it</W><W>sounds</W><W>as</W><W>good</W><W>as</W><W>the</W><W>phone</W><W>I</W><W>&#39;m</W><W>replacing</W><C><W>and</W></C><W>gets</W><W>rid</W><W>of</W><W>my</W><W>old</W><W>nasty</W><W>sounding</W><W>tape-based</W><W>answering</W><W>machine</W></SENTENCE></P></DOCUMENT>
