<?xml version="1.0" encoding="UTF-8"?>
<DOCUMENT><P/><P><SENTENCE><W>Well</W><W>,</W><W>I</W><W>went</W><W>for</W><W>the</W><W>panasonic</W><W>name</W><W>coz</W><W>I</W><W>understand</W><xcope ID="31"><ref ID="95" SRC="0"/><W>they</W><W>make</W></xcope><W>(</W><C><cue ID="0" type="speculation"><W>or</W></cue></C><xcope ID="30"><ref ID="94" SRC="0"/><W>was</W><W>it</W><W>made</W></xcope><W>?</W><W>)</W></SENTENCE><SENTENCE><W>good</W><W>phones</W><W>.</W></SENTENCE><SENTENCE><W>After</W><W>i</W><W>returned</W><W>my</W><W>KXTG1871</W><W>since</W><W>it</W><W>started</W><W>acting</W><W>funny</W><W>,</W><W>i</W><W>bought</W><W>this</W><W>one</W><W>.</W></SENTENCE><SENTENCE><W>Well</W><W>,</W><W>went</W><W>on</W><W>fine</W><W>for</W><W>a</W><W>few</W><W>months</W><W>.</W></SENTENCE><SENTENCE><W>Now</W><W>it</W><W>has</W><W>started</W><W>acting</W><W>funny</W><W>.</W></SENTENCE><SENTENCE><W>From</W><W>the</W><W>beginning</W><W>,</W><W>there</W><W>is</W><C><cue ID="1" type="negation"><W>no</W></cue></C><xcope ID="32"><ref ID="93" SRC="1"/><W>low</W><W>battery</W><W>indicator</W><W>when</W><W>you</W><W>talk</W></xcope><W>.</W><W>the</W><W>phone</W><W>just</W><W>disconnects</W><W>!</W><W>!</W><W>hey</W><W>,</W><W>even</W><W>a</W><W>10</W><W>buck</W><W>phone</W><W>has</W><W>the</W><W>decency</W><W>to</W><W>beep</W><W>before</W><W>cutting</W><W>your</W><W>conversation</W><W>!</W></SENTENCE></P><P/><P><SENTENCE><W>The</W><W>advantages</W><W>were</W><W>the</W><W>NiMH</W><W>battery</W><W>since</W><W>NiCd</W><W>is</W><W>a</W><W>pain</W><W>after</W><W>it</W><W>dies</W><W>out</W><W>pretty</W><W>soon</W><W>.</W></SENTENCE><SENTENCE><W>I</W><W>bought</W><W>this</W><W>coz</W><W>it</W><W>had</W><W>two</W><W>handsets</W><W>,</W><W>a</W><W>speaker</W><W>phone</W><W>,</W><W>caller</W><W>id</W><W>,</W><W>a</W><W>phone</W><W>book</W><W>in</W><W>each</W><W>handset</W><W>,</W><W>an</W><W>answering</W><W>machine</W><W>.</W></SENTENCE><SENTENCE><W>That</W><W>reminds</W><W>me</W><W>,</W><W>the</W><W>answering</W><W>machine</W><C><cue ID="2" type="speculation"><W>can</W></cue></C><xcope ID="34"><ref ID="92" SRC="2"/><W>be</W><W>accessed</W><W>remotely</W></xcope><W>but</W><W>you</W><C><cue ID="3" type="negation"><W>cannot</W></cue></C><xcope ID="33"><ref ID="91" SRC="3"/><W>delete</W><W>the</W><W>messages</W><W>unless</W><W>you</W><W>are</W><W>at</W><W>the</W><W>machine</W></xcope><W>!</W><W>!</W><W>hey</W><W>,</W><C><cue ID="4" type="speculation"><W>if</W></cue></C><xcope ID="35"><ref ID="90" SRC="4"/><W>i</W><W>go</W><W>on</W><W>vacation</W></xcope><W>,</W><W>my</W><W>voice</W><W>box</W><W>is</W><W>full</W><C><W>and</W></C><W>even</W><C><cue ID="5" type="speculation"><W>if</W></cue></C><xcope ID="36"><ref ID="89" SRC="5"/><W>i</W><W>check</W><W>messages</W></xcope><W>,</W><W>most</W><W>of</W><W>them</W><W>were</W><W>from</W><W>crappy</W><W>sales</W><W>people</W><W>selling</W><W>timeshares</W><W>,</W><W>i</W><C><cue ID="6" type="negation"><W>cannot</W></cue></C><xcope ID="38"><ref ID="88" SRC="6"/><W>delete</W><W>them</W></xcope><C><W>missing</W></C><W>out</W><W>on</W><W>any</W><W>important</W><W>messages</W><W>that</W><W>someone</W><C><cue ID="7" type="speculation"><W>may</W></cue></C><xcope ID="37"><ref ID="87" SRC="7"/><W>want</W><W>to</W><W>leave</W></xcope><W>!</W></SENTENCE><SENTENCE><W>For</W><W>that</W><W>matter</W><W>,</W><W>you</W><C><cue ID="8" type="negation"><W>cannot</W></cue></C><xcope ID="39"><ref ID="86" SRC="8"/><W>delete</W><W>messages</W><W>after</W><W>checking</W><W>them</W><W>from</W><W>the</W><W>handset</W></xcope><W>.</W></SENTENCE><SENTENCE><W>yeah</W><W>,</W><W>come</W><W>back</W><W>to</W><W>the</W><W>damn</W><W>base</W><W>unit</W><W>.</W></SENTENCE><SENTENCE><W>Recently</W><W>i</W><W>&apos;ve</W><W>noticed</W><W>that</W><W>the</W><W>sound</W><W>is</W><W>very</W><W>choppy</W><W>.</W></SENTENCE><SENTENCE><W>this</W><W>is</W><W>a</W><W>sure</W><W>let</W><W>down</W><W>coz</W><W>i</W><W>paid</W><W>170</W><W>for</W><W>the</W><W>thing</W><C><W>and</W></C><W>its</W><W>now</W><W>50</W><W>bucks</W><W>cheaper</W><W>but</W><W>still</W><C><cue ID="9" type="negation"><W>not</W></cue></C><xcope ID="40"><ref ID="85" SRC="9"/><W>worth</W><W>it</W></xcope><W>.</W></SENTENCE><SENTENCE><W>I</W><W>had</W><W>a</W><W>SONY</W><W>some</W><W>years</W><W>back</W><W>that</W><W>was</W><W>the</W><W>basic</W><W>cordless</W><W>phone/answering</W><W>machine</W><W>unit</W><W>you</W><W>get</W><W>.</W><W>it</W><W>had</W><W>such</W><W>good</W><W>features</W><W>that</W><C><W>except</W></C><W>for</W><W>the</W><W>caller</W><W>id</W><W>,</W><W>it</W><W>had</W><W>many</W><W>things</W><W>that</W><W>this</W><W>&quot;advanced</W><W>&quot;</W><W>device</W><W>does</W><W>n&apos;t</W><W>have</W><W>.</W></SENTENCE><SENTENCE><W>I</W><W>am</W><W>seriously</W><W>thinking</W><C><cue ID="10" type="speculation"><W>whether</W></cue></C><xcope ID="41"><ref ID="84" SRC="10"/><W>Panasonic</W><W>are</W><W>serious</W><W>about</W><W>their</W><W>phones</W><W>any</W><W>longer</W></xcope><W>since</W><W>this</W><W>was</W><W>my</W><W>third</W><W>Panasonic</W><W>in</W><W>two</W><W>years</W><W>.</W></SENTENCE></P><P/><P><SENTENCE><W>UPDATE</W><W>:</W></SENTENCE></P><P/><P><SENTENCE><W>Since</W><W>you</W><W>are</W><W>reading</W><W>this</W><W>review</W><W>,</W><W>I</W><W>figure</W><W>you</W><W>want</W><W>all</W><W>the</W><W>goodies</W><W>that</W><W>this</W><W>phone</W><C><W>suggest</W></C><W>.</W></SENTENCE><SENTENCE><C><cue ID="11" type="speculation"><W>May</W></cue></C><xcope ID="43"><ref ID="83" SRC="11"/><W>I</W><C><cue ID="12" type="speculation"><W>suggest</W></cue></C><xcope ID="42"><ref ID="82" SRC="12"/><W>look</W><W>for</W><W>these</W><W>too</W><W>in</W><W>addition</W></xcope></xcope><W>?</W></SENTENCE><SENTENCE><W>:</W></SENTENCE></P><P/><P><SENTENCE><W>1</W><W>.</W><W>Ringer</W><W>delay</W><W>.</W></SENTENCE><SENTENCE><W>This</W><W>one</W><W>shows</W><W>the</W><W>CID</W><W>after</W><W>2-3</W><W>rings</W></SENTENCE></P><P/><P><SENTENCE><W>2.</W><W>Talk</W><W>time</W><W>.</W></SENTENCE><SENTENCE><W>This</W><W>one</W><W>is</W><W>unpredictable</W><W>.</W></SENTENCE><SENTENCE><W>I</W><W>charged</W><W>it</W><W>over</W><W>night</W><W>yesterday</W><C><W>and</W></C><W>in</W><W>the</W><W>morning</W><W>it</W><W>went</W><W>****</W><W>though</W><W>the</W><W>battery</W><W>indicator</W><W>shows</W><W>full</W><W>.</W></SENTENCE></P><P/><P><SENTENCE><W>3.</W><W>3-way</W><W>calling</W><W>using</W><W>the</W><W>Phone</W><W>book</W><W>.</W></SENTENCE><SENTENCE><W>This</W><W>is</W><W>tricky</W><W>,</W><W>coz</W><W>after</W><W>you</W><W>place</W><W>one</W><W>call</W><W>,</W><W>you</W><W>want</W><W>to</W><W>use</W><W>the</W><W>phone</W><W>book</W><W>in</W><W>the</W><W>same</W><W>handset</W><W>to</W><W>dial</W><W>another</W><W>number</W><W>for</W><W>a</W><W>conference</W><W>call</W><W>.</W></SENTENCE><SENTENCE><W>well</W><W>,</W><W>you</W><W>are</W><W>out</W><W>of</W><W>luck</W><W>with</W><W>this</W><W>one</W><W>coz</W><W>the</W><W>phone</W><W>book</W><W>is</W><C><cue ID="13" type="negation"><W>not</W></cue></C><xcope ID="44"><ref ID="81" SRC="13"/><W>accessible</W></xcope><W>.</W></SENTENCE><SENTENCE><W>even</W><W>my</W><W>junk</W><W>nokia</W><W>cellphone</W><W>is</W><W>good</W><W>.</W></SENTENCE></P><P/><P><SENTENCE><W>4</W><W>.</W><C><cue ID="14" type="speculation"><W>If</W></cue></C><xcope ID="45"><ref ID="80" SRC="14"/><W>you</W><W>move</W><W>from</W><W>one</W><W>area</W><W>code</W><W>to</W><W>another</W></xcope><W>,</W><W>do</W><W>you</W><W>have</W><W>to</W><W>edit</W><W>all</W><W>phone</W><W>entries</W><W>that</W><W>were</W><W>local</W><W>in</W><W>the</W><W>former</W><W>area</W><W>code</W><C><cue ID="15" type="speculation"><W>or</W></cue></C><W>does</W><W>it</W><W>automatically</W><W>add</W><W>the</W><W>area</W><W>code</W><W>to</W><W>those</W><W>numbers</W><W>?</W></SENTENCE><SENTENCE><W>My</W><W>$</W><W>7</W><W>Bell</W><W>equipment</W><W>caller</W><W>id</W><W>i</W><W>bought</W><W>5</W><W>years</W><W>ago</W><W>does</W><W>that</W><W>!</W></SENTENCE><SENTENCE><W>Smart</W><W>,</W><W>eh</W><W>?</W></SENTENCE></P><P/><P><SENTENCE><W>5</W><W>.</W><W>I</W><W>&apos;d</W><W>love</W><W>to</W><W>have</W><W>a</W><W>phone</W><W>that</W><W>uses</W><W>the</W><W>AA</W><W>size</W><W>NiMH</W><W>since</W><W>you</W><C><cue ID="16" type="speculation"><W>can</W></cue></C><xcope ID="47"><ref ID="79" SRC="16"/><W>charge</W><W>them</W><W>separately</W><C><W>and</W></C><C><cue ID="17" type="speculation"><W>if</W></cue></C><xcope ID="46"><ref ID="78" SRC="17"/><W>the</W><W>battery</W><W>is</W><W>to</W><W>die</W><W>out</W></xcope></xcope><W>,</W><W>put</W><W>the</W><W>call</W><W>on</W><W>hold</W><W>at</W><W>the</W><W>base</W><C><cue ID="18" type="speculation"><W>probably</W></cue></C><C><W>and</W></C><W>change</W><W>the</W><W>batteries</W><C><cue ID="19" type="negation"><W>not</W></cue></C><xcope ID="48"><ref ID="77" SRC="19"/><C><W>missing</W></C><W>your</W><W>conversation</W></xcope><W>.</W></SENTENCE></P><P/><P><SENTENCE><W>6</W><W>.</W><C><cue ID="20" type="speculation"><W>Would</W></cue></C><xcope ID="49"><ref ID="76" SRC="20"/><W>love</W><W>to</W><W>have</W><W>a</W><W>base</W><W>battery</W><W>backup</W></xcope><C><W>instead</W></C><W>of</W><W>hooking</W><W>my</W><W>phone</W><W>to</W><W>my</W><W>pc</W><W>&apos;s</W><W>UPS</W><W>in</W><W>case</W><W>we</W><W>have</W><W>power</W><W>blackouts</W><W>like</W><W>the</W><W>last</W><W>one</W><W>(</W><W>god</W><W>forbid</W><W>!</W><W>!</W><W>)</W></SENTENCE></P><P/><P><SENTENCE><W>7.</W><W>the</W><W>ringer</W><W>volume</W><W>setting</W><W>is</W><W>cool</W><W>though</W><W>i</W><W>&apos;d</W><W>prefer</W><W>a</W><W>switch</W><C><W>instead</W></C><W>of</W><W>menu</W><W>driven</W><W>.</W></SENTENCE></P><P/><P><SENTENCE><W>8.</W><W>I</W><W>&apos;d</W><W>prefer</W><C><cue ID="21" type="speculation"><W>if</W></cue></C><xcope ID="51"><ref ID="71" SRC="21"/><W>i</W><W>program</W><W>my</W><W>base</W><W>unit</W><W>to</W><W>forward</W><W>calls</W><W>when</W><W>i</W><W>want</W><W>it</W><W>to</W></xcope><W>,</W><W>to</W><W>some</W><W>number</W><W>i</W><W>specify</W><xcope ID="52"><ref ID="70" SRC="22"/><W>(either</W><W>in</W><W>person</W></xcope><C><cue ID="22" type="speculation"><W>or</W></cue></C><xcope ID="53"><ref ID="69" SRC="22"/><W>from</W><W>remote</W><W>location</W></xcope><W>.</W></SENTENCE><SENTENCE><W>I</W><C><cue ID="23" type="speculation"><W>could</W></cue></C><xcope ID="50"><ref ID="68" SRC="23"/><W>do</W><W>that</W><W>in</W><W>my</W><W>SONY</W></xcope><W>)</W><C><W>instead</W></C><W>of</W><W>paying</W><W>the</W><W>phone</W><W>company</W><W>every</W><W>month</W><W>for</W><W>a</W><W>feature</W><W>i</W><W>use</W><xcope ID="73"><ref ID="75" SRC="24"/><W>once</W></xcope><C><cue ID="24" type="speculation"><W>or</W></cue></C><xcope ID="72"><ref ID="74" SRC="24"/><W>twice</W><W>a</W><W>year</W></xcope><W>.</W></SENTENCE></P><P/><P><SENTENCE><W>9</W><W>.</W><W>I</W><W>&apos;d</W><W>like</W><W>a</W><W>&quot;backlight</W><W>&quot;</W><W>button</W><C><W>instead</W></C><W>of</W><W>having</W><W>to</W><W>press</W><W>any</W><W>button</W><W>to</W><W>see</W><xcope ID="59"><ref ID="67" SRC="25"/><W>how</W><W>long</W><W>i</W><W>am</W><W>talking</W></xcope><C><cue ID="25" type="speculation"><W>or</W></cue></C><xcope ID="58"><ref ID="66" SRC="25"/><W>walk</W><W>upto</W><W>some</W><W>light</W><W>source</W></xcope><C><cue ID="26" type="speculation"><W>if</W></cue></C><W>i</W><xcope ID="57"><ref ID="65" SRC="26"/><W>am</W><W>outside</W><W>under</W><W>the</W><W>nice</W><W>starry</W><W>sky</W><W>talking</W></xcope><C><cue ID="27" type="speculation"><W>either</W></cue></C><xcope ID="56"><ref ID="64" SRC="27"/><W>to</W><W>someone</W><xcope ID="55"><ref ID="63" SRC="28"/><W>interesting</W></xcope><C><cue ID="28" type="speculation"><W>or</W></cue></C><xcope ID="54"><ref ID="62" SRC="28"/><W>pretty</W><W>boring</W></xcope></xcope><W>.</W></SENTENCE></P><P/><P><SENTENCE><W>10</W><W>.</W></SENTENCE><SENTENCE><W>Some</W><W>phones</W><W>say</W><W>they</W><W>are</W><W>2.4GHz</W><W>but</W><W>require</W><W>you</W><W>to</W><W>switch</W><W>frequencies</W><W>.</W></SENTENCE><SENTENCE><W>Atleast</W><W>this</W><W>one</W><cue ID="29" type="negation"><W>does</W><W>n&apos;t</W></cue><xcope ID="60"><ref COMMENTS="" ID="61" SRC="29"/><W>require</W><W>you</W><W>to</W><W>do</W><W>so</W></xcope><W>.</W></SENTENCE></P></DOCUMENT>