<?xml version="1.0" encoding="UTF-8"?>
<DOCUMENT><P></P><P><SENTENCE><W>The</W><W>Panasonic</W><W>TGA230B</W><W>is</W><C><cue ID="0" type="negation"><W>not</W></cue></C><xcope ID="26"><ref ID="29" SRC="0"></ref><W>only</W><W>a</W><W>great</W><W>phone</W><W>as</W><W>a</W><W>single</W><W>unit</W></xcope><W>,</W><W>but</W><W>when</W><W>purchased</W><W>in</W><W>a</W><W>set</W><W>as</W><C><cue ID="1" type="speculation"><W>can</W></cue></C><xcope ID="25"><ref ID="28" SRC="1"></ref><W>be</W><W>done</W><W>at</W><W>Sam</W><W>&#39;s</W><W>Club</W></xcope><W>,</W><W>the</W><W>phone</W><W>is</W><W>perfect</W><W>for</W><W>the</W><W>home</W><W>.</W></SENTENCE><SENTENCE><W>With</W><W>the</W><W>230</W><W>,</W><W>you</W><W>get</W><W>a</W><W>built</W><W>in</W><W>,</W><W>easy</W><W>to</W><W>use</W><W>,</W><C><W>and</W></C><W>VERY</W><W>CLEAR</W><W>speakerphone</W><W>,</W><W>all</W><W>part</W><W>of</W><W>the</W><W>light</W><W>weight</W><W>handset</W><W>that</W><W>has</W><W>an</W><W>add-on</W><W>belt</W><W>attachment</W><W>for</W><W>easily</W><W>keeping</W><W>your</W><W>phone</W><W>with</W><W>you</W><W>.</W></SENTENCE><SENTENCE><W>A</W><W>simple</W><W>push</W><W>of</W><W>a</W><W>button</W><W>returns</W><W>you</W><W>to</W><W>handset</W><W>use</W><W>.</W></SENTENCE></P><P></P><P><SENTENCE><W>All</W><W>controls</W><W>,</W><W>from</W><W>the</W><W>four</W><W>way</W><W>rocker</W><W>switch</W><W>conveniently</W><W>placed</W><W>under</W><W>the</W><W>viewscreen</W><W>,</W><W>to</W><W>all</W><W>of</W><W>the</W><W>feature</W><W>buttons</W><W>,</W><W>are</W><W>intelligently</W><W>placed</W><W>with</W><W>functions</W><W>identified</W><W>on</W><xcope ID="27"><ref ID="30" SRC="2"></ref><W>the</W><W>button</W><C><cue ID="2" type="speculation"><W>or</W></cue></C><W>adjacent</W><W>to</W><W>it</W><W>on</W><W>the</W><W>faceplate</W></xcope><W>.</W></SENTENCE><SENTENCE><W>The</W><W>included</W><W>product</W><W>documentation</W><W>is</W><W>excellent</W><W>.</W></SENTENCE></P><P></P><P><SENTENCE><W>The</W><W>built</W><W>in</W><W>display</W><W>is</W><W>clear</W><C><W>and</W></C><W>easy</W><W>to</W><W>read</W><W>.</W></SENTENCE><SENTENCE><W>There</W><W>&#39;s</W><W>a</W><W>contrast</W><W>adjustment</W><W>to</W><W>allow</W><W>for</W><xcope ID="24"><ref ID="31" SRC="3"></ref><W>lighter</W><C><cue ID="3" type="speculation"><W>or</W></cue></C><W>darker</W><W>letters</W></xcope><C><W>and</W></C><W>digits</W><W>.</W></SENTENCE></P><P></P><P><SENTENCE><W>Among</W><W>the</W><W>features</W><W>are</W><W>multiple</W><W>ring</W><W>tones</W><W>,</W><W>again</W><W>very</W><W>handy</W><C><cue ID="4" type="speculation"><W>if</W></cue></C><xcope ID="23"><ref ID="32" SRC="4"></ref><W>you</W><W>have</W><W>multiple</W><W>units</W><C><W>and</W></C><W>want</W><W>to</W><W>identify</W><W>one</W><W>of</W><W>them</W><W>for</W><W>the</W><W>kids</W></xcope><W>.</W></SENTENCE><SENTENCE><W>The</W><W>ringer</W><W>loudness</W><W>control</W><W>permits</W><W>turning</W><W>the</W><W>ringer</W><W>off</W><W>.</W></SENTENCE></P><P></P><P><SENTENCE><W>When</W><W>purchased</W><W>as</W><W>part</W><W>of</W><W>a</W><W>system</W><W>,</W><W>you</W><W>&#39;ve</W><W>got</W><W>a</W><W>home</W><W>intercom</W><W>.</W></SENTENCE><SENTENCE><W>Any</W><W>unit</W><C><cue ID="5" type="speculation"><W>can</W></cue></C><xcope ID="22"><ref ID="33" SRC="5"></ref><W>page</W><W>any</W><W>other</W></xcope><W>,</W><C><W>and</W></C><W>there</W><W>are</W><W>kits</W><W>that</W><W>include</W><W>a</W><W>console</W><W>unit</W><W>that</W><W>contains</W><W>a</W><W>charger</W><C><W>and</W></C><W>a</W><W>multifaceted</W><W>digital</W><W>answering</W><W>machine</W><W>.</W></SENTENCE><SENTENCE><W>Up</W><W>to</W><W>three</W><W>phones</W><C><W>and</W></C><W>the</W><W>console</W><C><cue ID="6" type="speculation"><W>can</W></cue></C><xcope ID="21"><ref ID="34" SRC="6"></ref><W>be</W><W>part</W><W>of</W><W>the</W><W>intercom</W><W>system</W></xcope><W>,</W><W>thereby</W><W>giving</W><W>you</W><W>four</W><W>units</W><W>.</W></SENTENCE></P><P></P><P><SENTENCE><xcope ID="19"><ref COMMENTS="" ID="36" SRC="7"></ref><W>The</W><W>digital</W><W>answerer</W><W>has</W><W>built</W><W>in</W><W>answer</W><W>greetings</W><C><cue ID="7" type="speculation"><W>or</W></cue></C><W>you</W><C><cue ID="8" type="speculation"><W>can</W></cue></C><xcope ID="18"><ref ID="35" SRC="8"></ref><W>record</W><W>your</W><W>own</W></xcope></xcope><W>,</W><C><W>and</W></C><W>it</W><W>it</W><W>&#39;s</W><W>necessary</W><W>to</W><W>dissuade</W><W>solicitors</W><W>at</W><W>mealtimes</W><W>,</W><W>the</W><W>recorder</W><C><cue ID="9" type="speculation"><W>can</W></cue></C><xcope ID="20"><ref ID="37" SRC="9"></ref><W>deliver</W><W>its</W><W>greeting</W><C><W>and</W></C><W>hang</W><W>up</W></xcope><W>.</W></SENTENCE><SENTENCE><W>Caller-id</W><C><W>and</W></C><W>call</W><W>waiting</W><W>caller-id</W><W>work</W><W>with</W><W>all</W><W>phones</W><W>.</W></SENTENCE><SENTENCE><W>The</W><W>answer</W><W>machine</W><W>console</W><W>lets</W><W>you</W><W>monitor</W><W>the</W><W>incoming</W><W>message</W><W>before</W><W>choosing</W><W>to</W><W>take</W><W>the</W><W>call</W><W>.</W></SENTENCE></P><P></P><P><SENTENCE><W>Durable</W><W>?</W></SENTENCE><SENTENCE><W>I</W><W>accidentally</W><W>dropped</W><W>a</W><W>phone</W><W>about</W><W>three</W><W>feet</W><W>to</W><W>a</W><W>concrete</W><W>floor</W><W>;</W><C><cue ID="10" type="negation"><W>no</W></cue></C><xcope ID="17"><ref ID="38" SRC="10"></ref><W>damage</W></xcope><W>,</W><W>the</W><W>battery</W><W>door</W><W>opened</W><C><W>and</W></C><W>the</W><W>battery</W><W>fell</W><W>out</W><W>,</W><C><cue ID="11" type="negation"><W>no</W></cue></C><xcope ID="16"><ref ID="39" SRC="11"></ref><W>damage</W><W>to</W><W>the</W><W>case</W><W>whatever</W><W>.</W></xcope></SENTENCE></P><P></P><P><SENTENCE><W>Additional</W><W>features</W><W>include</W><W>battery</W><W>life</W><W>indicator</W><C><W>and</W></C><W>a</W><W>charging</W><W>system</W><W>that</W><W>will</W><C><cue ID="12" type="negation"><W>not</W></cue></C><xcope ID="15"><ref ID="40" SRC="12"></ref><W>allow</W><W>overcharging</W><W>the</W><W>battery</W></xcope><W>.</W></SENTENCE></P><P></P><P><SENTENCE><W>There</W><W>are</W><W>many</W><W>good</W><W>2.4</W><W>Ghz</W><W>phones</W><W>.</W></SENTENCE><SENTENCE><W>Our</W><W>family</W><W>has</W><W>always</W><W>been</W><W>happy</W><W>with</W><W>Panasonic</W><W>products</W><W>,</W><W>looks</W><W>like</W><W>our</W><W>new</W><W>phones</W><W>are</W><C><cue ID="13" type="negation"><W>no</W></cue></C><xcope ID="14"><ref ID="41" SRC="13"></ref><W>exception</W></xcope><W>...</W></SENTENCE></P></DOCUMENT>
