<?xml version="1.0" encoding="UTF-8"?>
<DOCUMENT><P></P><P><SENTENCE><W>Our</W><W>15</W><W>year</W><W>old</W><W>cassette-tape</W><W>answering</W><W>machine</W><W>died</W><W>.</W></SENTENCE><SENTENCE><W>Our</W><W>upstairs</W><W>cordless</W><W>phone</W><W>was</W><W>near</W><W>death</W><W>.</W></SENTENCE><SENTENCE><W>Time</W><W>to</W><W>go</W><W>phone</W><W>shopping</W><W>.</W></SENTENCE></P><P></P><P><SENTENCE><W>I</W><W>was</W><W>attracted</W><W>to</W><C><W>idea</W></C><W>of</W><W>the</W><W>new</W><W>expandable</W><W>cordless</W><W>phone</W><W>systems</W><W>...</W><W>the</W><W>kind</W><W>with</W><W>a</W><W>single</W><W>base</W><W>station</W><C><W>and</W></C><W>the</W><W>ability</W><W>to</W><W>add</W><W>several</W><W>handsets</W><W>.</W></SENTENCE><SENTENCE><W>The</W><W>many</W><W>benefits</W><W>of</W><W>such</W><W>systems</W><W>include</W><W>the</W><W>ability</W><W>to</W><W>use</W><W>the</W><W>handset</W><C><W>and</W></C><W>base</W><W>stations</W><W>as</W><W>intercoms</W><C><W>and</W></C><W>the</W><W>ability</W><W>to</W><W>transfer</W><W>calls</W><W>from</W><W>one</W><W>handset</W><W>to</W><W>another</W><W>.</W></SENTENCE></P><P></P><P><SENTENCE><W>Those</W><W>items</W><W>are</W><W>just</W><W>the</W><W>beginning</W><W>of</W><W>the</W><W>long</W><W>list</W><W>of</W><W>cool</W><W>features</W><W>of</W><W>the</W><W>Panasonic</W><W>KX-TG5110M.</W></SENTENCE></P><P></P><P><SENTENCE><W>There</W><W>are</W><W>two</W><W>ways</W><W>you</W><C><cue ID="0" type="speculation"><W>can</W></cue></C><xcope ID="98"><ref ID="99" SRC="0"></ref><W>buy</W><W>this</W><W>phone</W><W>system</W></xcope><W>.</W></SENTENCE><SENTENCE><W>The</W><W>first</W><W>is</W><W>as</W><W>a</W><W>package</W><W>with</W><W>the</W><W>base</W><W>station</W><C><W>and</W></C><W>one</W><W>handset</W><W>(</W><W>Model</W><W>KX-TG5100M)</W><W>.</W></SENTENCE><SENTENCE><W>This</W><W>sells</W><W>for</W><W>around</W><W>$</W><W>200</W><W>.</W></SENTENCE><SENTENCE><W>You</W><C><cue ID="1" type="speculation"><W>can</W></cue></C><xcope ID="97"><ref ID="100" SRC="1"></ref><W>also</W><W>buy</W><W>a</W><W>package</W><W>that</W><W>contains</W><W>the</W><W>base</W><W>station</W><C><W>and</W></C><W>TWO</W><W>handsets</W></xcope><W>(</W><W>Model</W><W>KX-TG5110M)</W><W>,</W><W>which</W><W>you</W><C><cue ID="2" type="speculation"><W>can</W></cue></C><xcope ID="96"><ref ID="101" SRC="2"></ref><W>usually</W><W>find</W><W>for</W><W>around</W><W>$</W><W>265</W></xcope><W>.</W></SENTENCE><SENTENCE><W>This</W><W>is</W><W>a</W><W>good</W><W>deal</W><W>,</W><W>because</W><W>the</W><W>individual</W><W>handsets</W><W>sell</W><W>for</W><W>$</W><W>79-89</W><W>each</W><W>.</W></SENTENCE><SENTENCE><C><cue ID="3" type="speculation"><W>If</W></cue></C><xcope ID="95"><ref ID="102" SRC="3"></ref><W>you</W><W>know</W><W>you</W><W>need</W><W>more</W><W>than</W><W>one</W><W>handset</W></xcope><W>,</W><W>definitely</W><W>try</W><W>to</W><W>find</W><W>the</W><W>two-handset</W><W>package</W><W>,</W><C><W>and</W></C><W>save</W><W>yourself</W><W>a</W><W>few</W><W>bucks</W><W>.</W></SENTENCE><SENTENCE><W>When</W><W>I</W><W>was</W><W>buying</W><W>,</W><C><cue ID="4" type="negation"><W>neither</W></cue></C><xcope ID="94"><ref ID="104" SRC="4"></ref><W>Circuit</W><W>City</W><C><cue ID="5" type="negation"><W>nor</W></cue></C><W>Best</W><W>Buy</W><W>carried</W><W>the</W><W>two-handset</W><W>package</W></xcope><W>.</W></SENTENCE><SENTENCE><W>Sears</W><C><W>and</W></C><W>Amazon.com</W></SENTENCE><SENTENCE><W>did</W><W>.</W></SENTENCE><SENTENCE><W>I</W><W>bought</W><W>mine</W><W>from</W><W>Amazon.com</W><W>.</W></SENTENCE></P><P></P><P><SENTENCE><W>THE</W><W>TECHNICAL</W><W>STUFF</W></SENTENCE></P><P></P><P><SENTENCE><W>This</W><W>phone</W><W>system</W><W>works</W><W>in</W><W>the</W><W>new</W><W>5.8</W><W>GHz</W><W>frequency</W><W>range</W><W>.</W></SENTENCE><SENTENCE><W>The</W><W>advantage</W><W>of</W><W>this</W><W>over</W><W>the</W><W>more</W><W>common</W><W>2.4</W><W>GHz</W><W>phones</W><W>is</W><W>that</W><W>the</W><W>latter</W><W>is</W><W>more</W><W>prone</W><W>to</W><W>interference</W><W>from</W><W>microwave</W><W>ovens</W><W>.</W></SENTENCE><SENTENCE><W>Also</W><W>,</W><C><cue ID="6" type="speculation"><W>if</W></cue></C><xcope ID="92"><ref ID="108" SRC="6"></ref><W>you</W><W>have</W><W>an</W><W>802.11b</W><W>wireless</W><W>computer</W><W>network</W><W>in</W><W>your</W><xcope ID="91"><ref ID="106" SRC="7"></ref><W>house</W></xcope><C><cue ID="7" type="speculation"><W>or</W></cue></C><xcope ID="90"><ref ID="107" SRC="7"></ref><W>building</W></xcope></xcope><W>,</W><W>that</W><W>works</W><W>on</W><W>the</W><W>2.4</W><W>GHz</W><W>frequency</W><W>range</W><W>,</W><W>it</W><C><cue ID="8" type="speculation"><W>could</W></cue></C><xcope ID="89"><ref ID="109" SRC="8"></ref><W>cause</W><W>interference</W><W>with</W><W>that</W><W>kind</W><W>of</W><W>phone</W><W>system</W></xcope><W>.</W></SENTENCE></P><P></P><P><SENTENCE><W>This</W><W>Panasonic</W><W>system</W><W>uses</W><W>digital</W><W>spread-spectrum</W><W>technology</W><W>,</W><W>which</W><W>constantly</W><C><W>and</W></C><W>automatically</W><W>searches</W><W>for</W><W>the</W><W>clearest</W><W>channels</W><W>in</W><W>the</W><W>band</W><W>to</W><W>give</W><W>interference-free</W><W>performance</W><W>.</W></SENTENCE><SENTENCE><W>In</W><W>my</W><W>experience</W><W>,</W><W>it</W><W>works</W><W>flawlessly</W><W>...</W></SENTENCE><SENTENCE><W>This</W><W>phone</W><W>really</W><W>sounds</W><W>exactly</W><W>like</W><W>a</W><W>good</W><W>corded</W><W>phone</W><W>.</W></SENTENCE></P><P></P><P><SENTENCE><W>At</W><W>my</W><W>house</W><W>,</W><W>the</W><W>range</W><W>is</W><W>about</W><W>the</W><W>same</W><W>as</W><W>what</W><W>I</W><W>got</W><W>with</W><W>my</W><W>previous</W><W>900</W><W>MHz</W><W>phone</W><W>.</W></SENTENCE><SENTENCE><W>I</W><C><cue ID="9" type="speculation"><W>can</W></cue></C><xcope ID="88"><ref ID="110" SRC="9"></ref><W>go</W><W>outside</W><W>on</W><W>the</W><W>front</W><W>porch</W></xcope><W>,</W><W>but</W><C><cue ID="10" type="speculation"><W>if</W></cue></C><xcope ID="87"><ref ID="111" SRC="10"></ref><W>I</W><W>venture</W><W>about</W><W>30</W><W>feet</W><W>down</W><W>the</W><W>driveway</W></xcope><W>,</W><W>the</W><W>reception</W><W>goes</W><W>away</W><W>quickly</W><W>.</W></SENTENCE><SENTENCE><W>Inside</W><W>the</W><W>house</W><W>,</W><W>there</W><W>are</W><C><cue ID="11" type="negation"><W>no</W></cue></C><xcope ID="86"><ref ID="112" SRC="11"></ref><W>dead</W><W>spots</W></xcope><W>,</W><C><W>and</W></C><W>reception</W><W>is</W><W>flawless</W><W>,</W><W>both</W><W>upstairs</W><C><W>and</W></C><W>downstairs</W><W>.</W></SENTENCE></P><P></P><P><SENTENCE><W>THE</W><W>BASE</W><W>STATION</W></SENTENCE></P><P></P><P><SENTENCE><W>The</W><W>base</W><W>station</W><W>is</W><W>a</W><W>sleek</W><W>,</W><W>attractive</W><W>compact</W><W>unit</W><W>with</W><W>a</W><W>large</W><W>LCD</W><W>screen</W><W>that</W><W>displays</W><W>its</W><W>many</W><W>functions</W><W>.</W></SENTENCE><SENTENCE><W>Unlike</W><W>Panasonic</W><W>&#39;s</W><W>2.4</W><W>GHz</W><W>models</W><W>,</W><W>which</W><W>come</W><W>in</W><W>gaudy</W><W>shades</W><W>of</W><W>purple</W><C><W>and</W></C><W>silver</W><W>,</W><W>these</W><W>phones</W><W>have</W><W>an</W><W>attractive</W><W>,</W><W>businesslike</W><W>platinum</W><W>color</W><W>.</W></SENTENCE></P><P></P><P><SENTENCE><W>The</W><W>LCD</W><W>screen</W><W>displays</W><W>caller</W><W>ID</W><W>info</W><W>,</W><W>your</W><W>phone</W><W>book</W><W>,</W><W>which</W><C><cue ID="12" type="speculation"><W>can</W></cue></C><xcope ID="85"><ref ID="113" SRC="12"></ref><W>store</W><W>up</W><W>to</W><W>50</W><W>numbers</W></xcope><W>,</W><W>the</W><W>interface</W><W>for</W><W>the</W><W>digital</W><W>answering</W><W>system</W><W>,</W><C><W>and</W></C><W>the</W><W>menus</W><W>that</W><W>you</W><W>use</W><W>to</W><W>set</W><W>up</W><W>the</W><W>phone</W><W>&#39;s</W><W>features</W><W>.</W></SENTENCE><SENTENCE><W>The</W><W>display</W><W>is</W><W>backlit</W><W>,</W><W>large</W><W>,</W><W>with</W><W>nice</W><W>big</W><W>readable</W><W>text</W><W>.</W></SENTENCE></P><P></P><P><SENTENCE><W>There</W><W>is</W><W>a</W><W>large</W><W>circular</W><W>,</W><W>4-way</W><W>rocking</W><W>navigation</W><W>control</W><W>which</W><W>allows</W><W>you</W><W>to</W><W>scroll</W><W>through</W><W>your</W><W>phone</W><W>book</W><W>,</W><W>caller</W><W>ID</W><W>list</W><W>,</W><W>as</W><W>well</W><W>as</W><W>menus</W><W>.</W></SENTENCE><SENTENCE><W>It</W><W>also</W><W>acts</W><W>as</W><W>the</W><W>base</W><W>station</W><W>&#39;s</W><W>volume</W><W>control</W><W>.</W></SENTENCE></P><P></P><P><SENTENCE><W>The</W><W>base</W><W>station</W><C><cue ID="15" type="speculation"><W>can</W></cue></C><xcope ID="84"><ref ID="116" SRC="15"></ref><W>be</W><W>used</W><W>stand-alone</W><W>as</W><W>a</W><W>speakerphone</W></xcope><C><cue ID="14" type="speculation"><W>if</W></cue></C><xcope ID="83"><ref ID="115" SRC="14"></ref><W>there</W><W>is</W><C><cue ID="13" type="negation"><W>no</W></cue></C><xcope ID="82"><ref ID="114" SRC="13"></ref><W>handset</W><W>handy</W></xcope></xcope><W>.</W></SENTENCE></P><P></P><P><SENTENCE><W>HANDSETS</W></SENTENCE></P><P></P><P><SENTENCE><W>The</W><W>KX-TG5110M</W><W>system</W><C><cue ID="16" type="speculation"><W>can</W></cue></C><xcope ID="81"><ref ID="117" SRC="16"></ref><W>handle</W><W>up</W><W>to</W><W>eight</W><W>handsets</W></xcope><W>.</W></SENTENCE><SENTENCE><W>Each</W><W>handset</W><W>has</W><W>a</W><W>small</W><W>LCD</W><W>screen</W><W>,</W><W>with</W><W>3</W><W>soft</W><W>key</W><W>buttons</W><W>that</W><W>perform</W><W>various</W><W>functions</W><W>,</W><W>labeled</W><W>on</W><W>the</W><W>screen</W><W>.</W></SENTENCE><SENTENCE><W>Even</W><W>though</W><W>the</W><W>screen</W><W>is</W><W>smaller</W><W>,</W><C><W>and</W></C><W>the</W><W>handset</W><W>contains</W><W>fewer</W><W>buttons</W><W>,</W><W>you</W><C><cue ID="17" type="speculation"><W>can</W></cue></C><xcope ID="80"><ref ID="118" SRC="17"></ref><W>perform</W><W>nearly</W><W>all</W><W>of</W><W>the</W><W>functions</W><W>on</W><W>the</W><W>handset</W></xcope><W>that</W><W>you</W><C><cue ID="18" type="speculation"><W>can</W></cue></C><xcope ID="79"><ref ID="119" SRC="18"></ref><W>on</W><W>the</W><W>base</W><W>station</W></xcope><W>.</W></SENTENCE><SENTENCE><W>Most</W><W>of</W><W>the</W><W>buttons</W><W>on</W><W>the</W><W>handset</W><W>are</W><W>backlit</W><W>,</W><C><W>and</W></C><W>light</W><W>up</W><W>when</W><W>you</W><W>touch</W><W>any</W><W>button</W><W>.</W></SENTENCE><SENTENCE><W>MINOR</W><W>GRIPE</W><W>#</W><W>1</W><W>:</W><W>For</W><W>some</W><W>reason</W><W>,</W><W>Panasonic</W><W>did</W><C><cue ID="19" type="negation"><W>not</W></cue></C><xcope ID="78"><ref ID="120" SRC="19"></ref><W>backlight</W><W>the</W><W>four</W><W>most</W><W>important</W><W>buttons</W></xcope><W>(</W><W>Talk</W><W>,</W><W>Speakerphone</W><W>,</W><W>Off</W><W>,</W><C><W>and</W></C><W>Hold</W><W>)</W><W>.</W></SENTENCE></P><P></P><P><SENTENCE><W>The</W><W>handsets</W><W>are</W><W>solidly</W><W>built</W><W>,</W><C><W>and</W></C><C><W>feel</W></C><W>good</W><W>in</W><W>your</W><W>hand</W><W>.</W></SENTENCE><SENTENCE><W>They</W><W>are</W><W>a</W><W>little</W><W>larger</W><W>than</W><W>those</W><W>on</W><W>some</W><W>of</W><W>the</W><W>competing</W><W>phones</W><W>,</W><W>but</W><W>I</W><W>&#39;m</W><C><cue ID="20" type="negation"><W>not</W></cue></C><xcope ID="77"><ref ID="121" SRC="20"></ref><W>bothered</W><W>by</W><W>that</W></xcope><W>.</W></SENTENCE><SENTENCE><W>The</W><W>buttons</W><W>have</W><W>good</W><C><W>feel</W></C><W>,</W><C><W>and</W></C><W>a</W><W>quiet</W><W>beep</W><W>gives</W><W>you</W><W>good</W><W>feedback</W><W>with</W><W>each</W><W>press</W><W>.</W></SENTENCE></P><P></P><P><SENTENCE><W>The</W><W>center</W><W>of</W><W>the</W><W>handset</W><W>has</W><W>a</W><W>rocking</W><W>joystick-like</W><W>navigation</W><W>control</W><W>,</W><W>which</W><W>performs</W><W>the</W><W>same</W><W>functions</W><W>as</W><W>the</W><W>big</W><W>one</W><W>on</W><W>the</W><W>base</W><W>station</W><W>.</W></SENTENCE><SENTENCE><W>In</W><W>fact</W><W>,</W><W>the</W><W>really</W><W>nice</W><W>thing</W><W>about</W><W>this</W><W>system</W><W>is</W><W>that</W><W>the</W><W>handsets</W><W>operate</W><W>like</W><W>minature</W><W>versions</W><W>of</W><W>the</W><W>base</W><W>station</W><W>.</W></SENTENCE></P><P></P><P><SENTENCE><W>MINOR</W><W>GRIPE</W><W>#</W><W>2</W><W>:</W><W>For</W><W>some</W><W>reason</W><W>Panasonic</W><W>labeled</W><W>some</W><W>of</W><W>the</W><W>buttons</W><W>with</W><W>slightly</W><W>different</W><W>names</W><W>...</W><W>for</W><W>example</W><W>on</W><W>the</W><W>base</W><W>station</W><W>there</W><W>is</W><W>a</W><W>button</W><W>labeled</W><W>&#34;</W><W>Hold/Clear</W><W>&#34;</W><W>.</W></SENTENCE><SENTENCE><W>There</W><W>is</W><W>an</W><W>equivalent</W><W>button</W><W>on</W><W>the</W><W>handset</W><W>,</W><W>but</W><W>it</W><W>&#39;s</W><W>called</W><W>&#34;</W><W>Erase</W><W>&#34;</W><W>.</W></SENTENCE><SENTENCE><W>They</W><W>both</W><W>do</W><W>the</W><W>same</W><W>thing</W><W>,</W><W>but</W><W>they</W><W>have</W><W>different</W><W>names</W><W>.</W></SENTENCE><SENTENCE><W>Needless</W><W>confusion</W><W>.</W></SENTENCE></P><P></P><P><SENTENCE><W>Handsets</W><W>come</W><W>with</W><W>their</W><W>own</W><W>speakerphones</W><W>.</W></SENTENCE><SENTENCE><W>The</W><W>speaker</W><W>is</W><W>in</W><W>the</W><W>back</W><W>of</W><W>the</W><W>handset</W><W>.</W></SENTENCE><SENTENCE><W>It</W><W>is</W><C><cue ID="21" type="negation"><W>not</W></cue></C><xcope ID="76"><ref ID="122" SRC="21"></ref><W>really</W><W>loud</W></xcope><W>,</W><W>but</W><W>it</W><W>does</W><W>work</W><W>,</W><C><W>and</W></C><W>it</W><W>beats</W><W>holding</W><W>the</W><W>phone</W><W>to</W><W>your</W><W>ear</W><W>while</W><W>you</W><W>&#39;re</W><W>on</W><W>hold</W><W>for</W><W>45</W><W>minutes</W><W>.</W></SENTENCE><SENTENCE><W>Headset</W><W>fans</W><C><cue ID="22" type="speculation"><W>can</W></cue></C><xcope ID="75"><ref ID="123" SRC="22"></ref><W>plug</W><W>in</W><W>to</W><W>a</W><W>jack</W><W>on</W><W>the</W><W>side</W></xcope><W>,</W><C><W>and</W></C><W>use</W><W>the</W><W>included</W><W>belt</W><W>clip</W><W>.</W></SENTENCE></P><P></P><P><SENTENCE><W>Each</W><W>handset</W><W>is</W><W>an</W><W>intercom</W><W>that</W><C><cue ID="23" type="speculation"><W>can</W></cue></C><xcope ID="74"><ref ID="129" SRC="23"></ref><W>call</W><xcope ID="73"><ref ID="128" SRC="24"></ref><W>any</W></xcope><C><cue ID="24" type="speculation"><W>or</W></cue></C><xcope ID="72"><ref ID="127" SRC="24"></ref><W>all</W></xcope><W>of</W><W>the</W><W>other</W><xcope ID="71"><ref ID="126" SRC="25"></ref><W>handsets</W></xcope><C><cue ID="25" type="speculation"><W>or</W></cue></C><xcope ID="70"><ref ID="125" SRC="25"></ref><W>the</W><W>base</W><W>station</W></xcope></xcope><W>.</W></SENTENCE><SENTENCE><C><cue ID="26" type="speculation"><W>If</W></cue></C><xcope ID="69"><ref ID="124" SRC="26"></ref><W>you</W><W>answer</W><W>an</W><W>outside</W><W>call</W></xcope><W>,</W><C><W>and</W></C><W>you</W><W>want</W><W>to</W><W>transfer</W><W>the</W><W>call</W><W>to</W><W>another</W><W>handset</W><W>,</W><W>it</W><W>&#39;s</W><W>really</W><W>easy</W><W>to</W><W>do</W><W>so</W><W>.</W></SENTENCE><SENTENCE><W>The</W><W>base</W><W>station</W><W>has</W><W>a</W><W>handset</W><W>locator</W><W>button</W><W>,</W><W>so</W><W>you</W><C><cue ID="27" type="speculation"><W>can</W></cue></C><xcope ID="68"><ref ID="130" SRC="27"></ref><W>find</W><W>that</W><W>handset</W><W>that</W><W>got</W><W>buried</W><W>under</W><W>the</W><W>dirty</W><W>laundry</W></xcope><W>.</W></SENTENCE><SENTENCE><W>It</W><W>is</W><C><W>possible</W></C><W>to</W><W>use</W><W>up</W><W>to</W><W>4</W><W>handsets</W><C><W>and</W></C><W>the</W><W>base</W><W>station</W><W>simultaneously</W><W>in</W><W>a</W><W>conference</W><W>call</W><W>.</W></SENTENCE><SENTENCE><W>A</W><W>handset</W><C><cue ID="28" type="speculation"><W>can</W></cue></C><xcope ID="67"><ref ID="131" SRC="28"></ref><W>also</W><W>be</W><W>used</W><W>as</W><W>a</W><W>baby</W><W>monitor</W></xcope><W>,</W><W>but</W><W>I</W><C><cue ID="29" type="speculation"><W>would</W></cue></C><xcope ID="101"><ref COMMENTS="" ID="104" SRC="29"></ref><cue ID="99" type="speculation"><W>guess</W></cue><xcope ID="100"><ref COMMENTS="" ID="103" SRC="99"></ref><W>that</W><W>that</W><C><cue ID="30" type="speculation"><W>would</W></cue></C><xcope ID="65"><ref COMMENTS="" ID="102" SRC="30"></ref><W>eat</W><W>up</W><W>your</W><W>battery</W><W>pretty</W><W>quickly</W></xcope></xcope><W>.</W></xcope></SENTENCE></P><P></P><P><SENTENCE><W>One</W><W>really</W><W>cool</W><W>feature</W><W>is</W><W>that</W><W>you</W><C><cue ID="31" type="speculation"><W>can</W></cue></C><xcope ID="64"><ref ID="137" SRC="31"></ref><W>transfer</W><W>an</W><W>entire</W><xcope ID="63"><ref ID="136" SRC="32"></ref><W>phone</W><W>book</W><W>list</W></xcope><C><cue ID="32" type="speculation"><W>or</W></cue></C><xcope ID="62"><ref ID="135" SRC="32"></ref><W>an</W><W>individual</W><W>phone</W><W>book</W></xcope><W>entry</W><W>from</W><W>any</W><xcope ID="61"><ref ID="134" SRC="33"></ref><W>handset</W></xcope><C><cue ID="33" type="speculation"><W>or</W></cue></C><xcope ID="60"><ref ID="133" SRC="33"></ref><W>the</W><W>base</W><W>station</W></xcope><W>to</W><W>any</W><W>other</W><W>handset</W><W>.</W></xcope></SENTENCE></P><P></P><P><SENTENCE><W>MAJOR</W><W>COMPLAINT</W><W>#</W><W>1</W><W>:</W><W>Panasonic</W><W>decided</W><W>to</W><W>use</W><W>NiCad</W><W>handset</W><W>batteries</W><W>with</W><W>this</W><W>phone</W><W>,</W><C><W>instead</W></C><W>of</W><W>the</W><W>much</W><W>superior</W><W>NiMH</W><W>batteries</W><W>.</W></SENTENCE><SENTENCE><W>Many</W><W>reviewers</W><W>had</W><W>complaints</W><W>about</W><W>poor</W><W>battery</W><W>life</W><W>,</W><C><W>and</W></C><W>charging</W><W>memory</W><W>problems</W><W>with</W><W>Panasonic</W><W>&#39;s</W><W>2.4GHz</W><W>line</W><W>,</W><C><W>and</W></C><W>this</W><W>new</W><W>model</W><W>was</W><W>an</W><W>opportunity</W><W>for</W><W>them</W><W>to</W><W>fix</W><W>that</W><W>by</W><W>using</W><W>better</W><W>batteries</W><W>.</W></SENTENCE><SENTENCE><W>I</W><W>&#39;ve</W><W>seen</W><W>reviews</W><W>elsewhere</W><W>that</W><W>say</W><W>that</W><W>the</W><W>batteries</W><W>do</W><W>work</W><W>better</W><W>on</W><W>these</W><W>phones</W><W>,</W><W>but</W><W>time</W><W>will</W><W>tell</W><W>.</W></SENTENCE></P><P></P><P><SENTENCE><W>The</W><W>handset</W><W>also</W><W>has</W><W>a</W><W>signal</W><W>booster</W><W>mode</W><W>,</W><W>which</W><W>you</W><C><cue ID="34" type="speculation"><W>can</W></cue></C><xcope ID="59"><ref ID="138" SRC="34"></ref><W>turn</W><W>on</W><W>when</W><W>reception</W><W>becomes</W><W>iffy</W></xcope><W>.</W></SENTENCE><SENTENCE><W>It</W><W>give</W><W>you</W><W>a</W><W>little</W><W>more</W><W>range</W><W>,</W><W>but</W><W>it</W><W>also</W><W>cuts</W><W>down</W><W>on</W><W>your</W><W>battery</W><W>life</W><W>.</W></SENTENCE></P><P></P><P><SENTENCE><W>THE</W><W>ANSWERING</W><W>SYSTEM</W></SENTENCE></P><P></P><P><SENTENCE><W>The</W><W>base</W><W>station</W><W>contains</W><W>a</W><W>digital</W><W>answering</W><W>system</W><W>that</W><W>supports</W><W>an</W><W>outgoing</W><W>message</W><W>of</W><W>up</W><W>to</W><W>3</W><W>minutes</W><W>,</W><C><W>and</W></C><W>15</W><W>minutes</W><W>of</W><W>message</W><W>recording</W><W>time</W><W>,</W><W>all</W><W>digitally</W><W>recorded</W><W>.</W></SENTENCE><SENTENCE><W>The</W><W>sound</W><W>quality</W><cue ID="105" type="negation"><W>is</W><W>n&#39;t</W></cue><xcope ID="106"><ref COMMENTS="" ID="107" SRC="105"></ref><W>as</W><W>good</W><W>as</W><W>your</W><W>CD</W><W>player</W></xcope><W>,</W><W>but</W><W>it</W><W>&#39;s</W><C><cue ID="35" type="negation"><W>not</W></cue></C><xcope ID="58"><ref ID="139" SRC="35"></ref><W>bad</W></xcope><W>.</W></SENTENCE></P><P></P><P><SENTENCE><W>The</W><W>system</W><W>has</W><W>three</W><W>separate</W><W>voice-mail</W><W>boxes</W><W>(</W><W>which</W><W>is</W><W>perfect</W><W>at</W><W>our</W><W>house</W><W>,</W><W>because</W><W>there</W><W>are</W><W>three</W><W>of</W><W>us</W><W>)</W><W>.</W></SENTENCE><SENTENCE><W>You</W><C><cue ID="36" type="speculation"><W>can</W></cue></C><xcope ID="57"><ref ID="140" SRC="36"></ref><W>use</W><W>your</W><W>outgoing</W><W>message</W><W>to</W><W>instruct</W><W>callers</W><W>to</W><W>hit</W><W>pound-1</W><W>to</W><W>talk</W><W>to</W><W>Dad</W></xcope><W>,</W><W>pound-2</W><W>to</W><W>talk</W><W>to</W><W>Mom</W><W>,</W><W>etc.</W><W>.</W></SENTENCE><SENTENCE><C><cue ID="37" type="speculation"><W>If</W></cue></C><xcope ID="56"><ref ID="143" SRC="37"></ref><W>you</W><cue ID="38" type="negation"><W>do</W><W>n&#39;t</W></cue><xcope ID="55"><ref ID="142" SRC="38"></ref><W>need</W><W>separate</W><W>voicemail</W><W>boxes</W></xcope></xcope><W>,</W><W>you</W><W>are</W><C><cue ID="39" type="negation"><W>not</W></cue></C><xcope ID="54"><ref ID="141" SRC="39"></ref><W>forced</W><W>to</W><W>use</W><W>them</W></xcope><W>.</W></SENTENCE></P><P></P><P><SENTENCE><W>Messages</W><W>for</W><W>any</W><W>of</W><W>the</W><W>mailboxes</W><C><cue ID="40" type="speculation"><W>can</W></cue></C><xcope ID="52"><ref ID="146" SRC="40"></ref><W>be</W><W>retrieved</W><W>at</W><W>the</W><xcope ID="51"><ref ID="145" SRC="41"></ref><W>base</W><W>station</W></xcope><C><cue ID="41" type="speculation"><W>or</W></cue></C><xcope ID="50"><ref ID="144" SRC="41"></ref><W>on</W><W>any</W><W>of</W><W>the</W><W>handsets</W></xcope></xcope><W>.</W></SENTENCE><SENTENCE><W>A</W><W>flashing</W><W>indicator</W><W>on</W><W>the</W><W>LCD</W><W>lets</W><W>you</W><W>know</W><W>which</W><W>mailboxes</W><W>contain</W><W>fresh</W><W>messages</W><W>.</W></SENTENCE><SENTENCE><W>All</W><W>messages</W><W>have</W><W>a</W><W>time/date</W><W>stamp</W><W>.</W></SENTENCE><SENTENCE><W>There</W><W>is</W><W>an</W><W>option</W><W>for</W><W>slowing</W><W>down</W><W>the</W><W>playback</W><W>of</W><W>messages</W><W>.</W></SENTENCE><SENTENCE><W>The</W><W>system</W><W>uses</W><W>flash</W><W>memory</W><W>,</W><W>so</W><C><cue ID="42" type="speculation"><W>if</W></cue></C><xcope ID="53"><ref ID="148" SRC="42"></ref><W>the</W><W>power</W><W>goes</W><W>out</W><W>,</W><W>you</W><cue ID="43" type="negation"><W>do</W><W>n&#39;t</W></cue><xcope ID="49"><ref COMMENTS="" ID="147" SRC="43"></ref><W>lose</W><W>your</W><W>messages</W></xcope><W>.</W></xcope></SENTENCE></P><P></P><P><SENTENCE><W>The</W><W>answering</W><W>system</W><W>works</W><W>just</W><W>the</W><W>way</W><W>you</W><W>&#39;d</W><C><W>expect</W></C><W>it</W><W>to</W><W>,</W><C><W>and</W></C><W>it</W><W>&#39;s</W><W>very</W><W>intuitive</W><W>to</W><W>use</W><W>.</W></SENTENCE></P><P></P><P><SENTENCE><W>CONCLUSIONS</W></SENTENCE></P><P></P><P><SENTENCE><W>I</W><C><W>thought</W></C><W>long</W><C><W>and</W></C><W>hard</W><W>before</W><W>spending</W><W>this</W><W>kind</W><W>of</W><W>dough</W><W>on</W><W>a</W><W>phone</W><W>.</W></SENTENCE></P><P></P><P><SENTENCE><W>But</W><W>when</W><W>you</W><W>balance</W><W>that</W><W>high</W><W>price</W><W>against</W><W>the</W><W>long</W><W>list</W><W>of</W><W>great</W><W>features</W><W>that</W><W>you</W><C><cue ID="45" type="speculation"><W>can</W></cue></C><xcope ID="48"><ref ID="149" SRC="45"></ref><W>use</W><W>every</W><W>day</W></xcope><W>,</W><W>along</W><W>with</W><W>excellent</W><W>build</W><W>quality</W><W>,</W><W>great</W><W>sound</W><W>,</W><W>good</W><W>looks</W><W>,</W><W>ease</W><W>of</W><W>use</W><W>,</W><W>the</W><W>Panasonic</W><W>KX-TG5110M</W><W>becomes</W><W>a</W><W>solid</W><W>choice</W><W>.</W></SENTENCE><SENTENCE><W>I</W><W>compared</W><W>it</W><W>to</W><W>the</W><W>even</W><W>more</W><W>expensive</W><W>Siemens</W><W>systems</W><W>,</W><C><W>and</W></C><W>found</W><W>it</W><W>to</W><W>be</W><W>a</W><W>better</W><W>choice</W><W>.</W></SENTENCE><SENTENCE><W>After</W><W>using</W><W>it</W><W>for</W><W>a</W><W>few</W><W>weeks</W><W>,</W><W>I</W><cue ID="108" type="negation"><W>do</W><W>n&#39;t</W></cue><xcope ID="109"><ref COMMENTS="" ID="110" SRC="108"></ref><W>regret</W><W>the</W><W>purchase</W><W>at</W><W>all</W></xcope><W>.</W></SENTENCE><SENTENCE><W>Now</W><W>,</W><W>I</W><W>&#39;ve</W><W>just</W><W>got</W><W>to</W><W>keep</W><W>filling</W><W>the</W><W>swearing</W><W>jar</W><W>,</W><W>so</W><W>I</W><C><cue ID="46" type="speculation"><W>can</W></cue></C><xcope ID="47"><ref ID="150" SRC="46"></ref><W>get</W><W>a</W><W>few</W><W>more</W><W>handsets</W><W>for</W><W>around</W><W>the</W><W>house</W><W>.</W></xcope></SENTENCE></P></DOCUMENT>
