<?xml version="1.0" encoding="UTF-8"?>
<DOCUMENT><P></P><P><SENTENCE><W>We</W><W>needed</W><W>more</W><W>cordless</W><W>handsets</W><W>,</W><C><W>and</W></C><W>add</W><W>caller</W><W>ID</W><W>to</W><W>our</W><W>phone</W><W>functionality</W><W>.</W></SENTENCE><SENTENCE><W>We</W><W>are</W><W>extremely</W><W>happy</W><W>with</W><W>the</W><W>sound</W><W>clarity</W><W>,</W><W>reception</W><W>,</W><W>functionality</W><W>,</W><W>expandability</W><W>,</W><C><W>and</W></C><W>value</W><W>of</W><W>this</W><W>system</W><W>.</W></SENTENCE></P><P></P><P><SENTENCE><W>We</W><W>already</W><W>own</W><W>another</W><W>2.4GHz</W><W>Panasonic</W><W>cordless</W><W>phone</W><C><W>and</W></C><W>we</W><W>love</W><W>it</W><W>so</W><W>we</W><W>decided</W><W>to</W><W>stick</W><W>with</W><W>Panasonic</W><C><W>and</W></C><W>the</W><W>2.4GHz</W><W>line</W><W>:</W></SENTENCE></P><P></P><P><SENTENCE><W>http</W><W>://www.epinions.com/elec-review-7DE9-27970EB-394FC57C-prod2</W></SENTENCE></P><P></P><P><SENTENCE><W>While</W><W>at</W><W>Fry</W><W>&#39;s</W><W>(</W><W>to</W><W>my</W><W>surprise</W><W>)</W><W>,</W><W>a</W><W>sales</W><W>associate</W><W>actually</W><W>helped</W><W>us</W><W>.</W></SENTENCE><SENTENCE><W>I</W><W>told</W><W>her</W><W>what</W><W>I</W><W>was</W><W>looking</W><W>at</W><W>(</W><W>I</W><W>was</W><W>already</W><W>holding</W><W>a</W><W>single</W><W>Panasonic</W><W>2.4GHz</W><W>unit</W><W>)</W><W>when</W><W>she</W><W>(</W><W>to</W><W>her</W><W>credit</W><W>)</W><W>showed</W><W>us</W><W>this</W><W>model</W><W>;</W><W>which</W><W>is</W><W>the</W><W>same</W><W>technology</W><W>,</W><W>but</W><W>has</W><W>2</W><W>handsets</W><W>with</W><W>one</W><W>single</W><W>basestation</W><W>.</W></SENTENCE><SENTENCE><W>That</W><W>means</W><W>that</W><W>there</W><W>is</W><W>only</W><W>one</W><W>unit</W><W>to</W><W>plug</W><W>to</W><W>the</W><W>phone</W><W>jack</W><W>,</W><W>which</W><W>both</W><W>the</W><W>handsets</W><W>utilize</W><W>.</W></SENTENCE><SENTENCE><W>The</W><W>other</W><W>minibase</W><W>is</W><W>just</W><W>a</W><W>charging</W><W>station</W><W>.</W></SENTENCE><SENTENCE><W>This</W><W>allows</W><W>you</W><W>to</W><W>put</W><W>the</W><W>other</W><W>unit</W><W>&#39;s</W><W>minibase</W><W>anywhere</W><W>in</W><W>the</W><W>house</W><W>near</W><W>a</W><W>power</W><W>outlet</W><W>(</W><W>much</W><W>more</W><W>common</W><W>than</W><W>a</W><W>phone</W><W>jack</W><W>)</W><W>.</W></SENTENCE><SENTENCE><W>Plus</W><W>,</W><W>in</W><W>the</W><W>future</W><W>we</W><C><cue ID="0" type="speculation"><W>can</W></cue></C><xcope ID="4"><ref COMMENTS="" ID="15" SRC="0"></ref><W>add</W><W>a</W><W>3rd</W><W>handset</W></xcope><C><W>and</W></C><W>all</W><W>3</W><C><cue ID="1" type="speculation"><W>would</W></cue></C><xcope ID="3"><ref COMMENTS="" ID="16" SRC="1"></ref><W>still</W><W>utilize</W><W>the</W><W>single</W><W>main</W><W>basestation</W></xcope><W>.</W></SENTENCE><SENTENCE><W>Each</W><W>unit</W><C><cue ID="2" type="speculation"><W>can</W></cue></C><xcope ID="5"><ref ID="17" SRC="2"></ref><W>intercom</W><W>to</W><W>each</W><W>other</W></xcope><W>,</W><C><W>and</W></C><W>all</W><W>have</W><W>caller</W><W>ID</W><W>using</W><W>the</W><W>crystal</W><W>clear</W><W>clarity</W><W>of</W><W>Panasonic</W><W>&#39;s</W><W>2.4GHz</W><W>.</W></SENTENCE><SENTENCE><W>All</W><W>of</W><W>this</W><W>for</W><W>under</W><W>$</W><W>100</W><W>.</W></SENTENCE></P><P></P><P><SENTENCE><W>PHYSICAL</W><W>FEATURES</W></SENTENCE></P><P></P><P><SENTENCE><W>The</W><W>base</W><W>station</W><W>is</W><W>reasonably</W><W>small</W><C><W>and</W></C><W>has</W><W>a</W><W>telephone</W><W>jack</W><C><W>and</W></C><W>wall-wort</W><W>AC</W><W>adaptor</W><W>for</W><W>power</W><W>.</W></SENTENCE><SENTENCE><W>It</W><W>is</W><W>approximately</W><W>2</W><W>handsets</W><W>in</W><W>size</W><C><W>and</W></C><W>it</W><W>allows</W><W>you</W><W>to</W><W>place</W><W>one</W><W>handset</W><W>(either</W><W>one</W><W>)</W><C><cue ID="6" type="speculation"><W>either</W></cue></C><xcope ID="13"><ref COMMENTS="" ID="20" SRC="6"></ref><xcope ID="12"><ref COMMENTS="" ID="19" SRC="7"></ref><W>face</W><W>down</W></xcope><C><cue ID="7" type="speculation"><W>or</W></cue></C><xcope ID="11"><ref COMMENTS="" ID="18" SRC="7"></ref><W>face</W><W>up</W></xcope></xcope><W>(</W><W>latter</W><W>allows</W><W>you</W><W>to</W><W>see</W><W>caller</W><W>ID</W><C><cue ID="8" type="negation"><W>without</W></cue></C><xcope ID="14"><ref COMMENTS="" ID="21" SRC="8"></ref><W>picking</W><W>it</W><W>up</W><W>first</W></xcope><W>)</W><W>.</W></SENTENCE><SENTENCE><W>There</W><W>are</W><W>3</W><W>intercom</W><W>buttons</W><W>which</W><W>allow</W><W>you</W><W>to</W><W>locate</W><C><W>and</W></C><W>intercom</W><W>to</W><W>any</W><W>of</W><W>the</W><W>handset</W><W>units</W><W>.</W></SENTENCE><SENTENCE><W>A</W><W>single</W><W>antenna</W><W>is</W><W>used</W><W>to</W><W>transmit/receive</W><W>with</W><W>the</W><W>handsets</W><W>.</W></SENTENCE><SENTENCE><W>It</W><W>&#39;s</W><W>all</W><W>enclosed</W><W>in</W><W>a</W><W>clean</W><W>white</W><W>plastic</W><W>casing</W><W>.</W></SENTENCE></P><P></P><P><SENTENCE><W>The</W><W>handsets</W><W>are</W><W>like</W><W>long</W><W>bars</W><W>of</W><W>soap</W><C><W>and</W></C><W>are</W><W>easy</W><W>to</W><W>hold</W><W>.</W></SENTENCE><SENTENCE><W>A</W><W>rigid</W><W>3</W><W>inch</W><W>antenna</W><W>sticks</W><W>out</W><W>at</W><W>the</W><W>top</W><C><W>and</W></C><W>for</W><W>the</W><W>most</W><W>part</W><cue ID="9" type="negation"><W>does</W><W>n&#39;t</W></cue><xcope ID="23"><ref COMMENTS="" ID="24" SRC="9"></ref><W>manage</W><W>to</W><W>get</W><W>in</W><W>the</W><W>way</W></xcope><W>.</W></SENTENCE><SENTENCE><W>An</W><W>optional</W><W>belt</W><W>clip</W><C><cue ID="10" type="speculation"><W>can</W></cue></C><xcope ID="22"><ref COMMENTS="" ID="25" SRC="10"></ref><W>be</W><W>attached</W><W>the</W><W>the</W><W>back</W><W>of</W><W>the</W><W>phone</W></xcope><C><W>and</W></C><W>there</W><W>is</W><W>an</W><W>mic/earphone</W><W>jack</W><W>for</W><W>hands-free</W><W>headsets</W><W>(</W><W>which</W><W>works</W><W>well</W><W>)</W><W>.</W></SENTENCE><SENTENCE><W>The</W><W>buttons</W><W>are</W><W>reasonably</W><W>laid</W><W>out</W><W>,</W><W>but</W><W>they</W><W>are</W><W>a</W><W>little</W><W>small</W><W>for</W><W>aging</W><W>eyes</W><W>(</W><W>over</W><W>60</W><W>)</W><W>to</W><W>see</W><W>.</W></SENTENCE><SENTENCE><W>The</W><W>OFF</W><C><W>and</W></C><W>CALL</W><W>buttons</W><W>,</W><W>the</W><W>most</W><W>commonly</W><W>pressed</W><W>buttons</W><W>(</W><C><W>think</W></C><W>END</W><C><W>and</W></C><W>SEND</W><W>on</W><W>your</W><W>cell</W><W>phone</W><W>)</W><W>are</W><W>curiously</W><W>smaller</W><W>than</W><W>the</W><W>number</W><W>pad</W><W>,</W><W>which</W><W>makes</W><W>it</W><W>a</W><W>short</W><W>hunt</W><W>for</W><W>people</W><W>unfamiliar</W><W>with</W><W>the</W><W>unit</W><W>to</W><W>find</W><W>...</W><W>ie</W><W>guests</W><W>.</W></SENTENCE><SENTENCE><W>The</W><W>screen</W><W>is</W><W>green</W><W>back</W><W>lit</W><W>LCD</W><W>display</W><W>which</W><W>is</W><W>easy</W><W>to</W><W>read</W><W>.</W></SENTENCE></P><P></P><P><SENTENCE><W>RECEPTION</W></SENTENCE></P><P></P><P><SENTENCE><W>I</W><W>was</W><W>a</W><W>little</W><W>concerned</W><W>that</W><W>the</W><W>basestation</W><W>only</W><W>has</W><W>1</W><W>antenna</W><W>,</W><W>compared</W><W>to</W><W>our</W><W>older</W><W>Panasonic</W><W>2.4GHz</W><W>unit</W><W>which</W><W>has</W><W>2</W><W>antenna</W><W>for</W><W>diversity</W><W>(</W><W>more</W><W>immune</W><W>to</W><W>&#34;pockets</W><W>&#34;</W><W>of</W><W>bad</W><W>reception</W><W>)</W><W>.</W></SENTENCE><SENTENCE><W>However</W><W>,</W><W>in</W><W>practice</W><W>I</W><W>have</W><W>found</W><W>that</W><W>these</W><W>units</W><W>have</W><W>extremely</W><W>good</W><W>reception</W><C><W>and</W></C><W>have</W><W>yet</W><W>to</W><W>experience</W><W>the</W><W>pockets</W><W>of</W><W>bad</W><W>reception</W><W>anywhere</W><W>in</W><W>the</W><W>house</W><C><cue ID="26" type="speculation"><W>or</W></cue></C><W>garage</W><W>.</W></SENTENCE><SENTENCE><W>The</W><W>range</W><W>easily</W><W>covers</W><W>our</W><W>entire</W><W>home</W><W>property</W><W>.</W></SENTENCE></P><P></P><P><SENTENCE><W>I</W><C><cue ID="27" type="speculation"><W>should</W></cue></C><xcope ID="32"><ref COMMENTS="" ID="33" SRC="27"></ref><W>also</W><W>mention</W><W>that</W><W>in</W><W>addition</W><W>to</W><W>our</W><W>other</W><W>2.4GHz</W><W>phone</W><W>,</W><W>we</W><W>also</W><W>have</W><W>a</W><W>802.11b</W><W>wireless</W><W>network</W><W>in</W><W>our</W><W>house</W></xcope><W>(</W><W>which</W><W>also</W><W>uses</W><W>the</W><W>2.4GHz</W><W>spectrum</W><W>)</W><W>.</W></SENTENCE><SENTENCE><W>We</W><W>have</W><C><cue ID="28" type="negation"><W>never</W></cue></C><xcope ID="31"><ref COMMENTS="" ID="34" SRC="28"></ref><W>experienced</W><W>any</W><W>interference</W><W>on</W><W>the</W><W>phone</W><W>by</W><W>the</W><W>other</W><W>devices</W></xcope><W>,</W><C><W>and</W></C><W>we</W><cue ID="29" type="negation"><W>have</W><W>n&#39;t</W></cue><xcope ID="30"><ref COMMENTS="" ID="35" SRC="29"></ref><W>noticed</W><W>interference</W><W>with</W><W>our</W><W>network</W></xcope><W>.</W></SENTENCE></P><P></P><P><SENTENCE><W>CALLER</W><W>ID</W><C><W>AND</W></C><W>OPERATION</W></SENTENCE></P><P></P><P><SENTENCE><W>The</W><W>phones</W><W>are</W><W>easy</W><W>to</W><W>use</W><C><W>and</W></C><W>bring</W><W>a</W><W>more</W><W>&#34;cell</W><W>phone</W><W>like</W><W>&#34;</W><W>functionality</W><W>to</W><W>the</W><W>home</W><W>phone</W><W>.</W></SENTENCE><SENTENCE><W>As</W><W>calls</W><W>come</W><W>in</W><W>,</W><W>the</W><W>phone</W><W>performs</W><W>caller</W><W>ID.</W></SENTENCE><SENTENCE><W>It</W><W>takes</W><W>till</W><W>the</W><W>2nd</W><W>ring</W><W>to</W><W>figure</W><W>out</W><W>the</W><W>number</W><W>,</W><W>but</W><W>I</W><C><cue ID="36" type="speculation"><W>think</W></cue></C><xcope ID="67"><ref COMMENTS="" ID="68" SRC="36"></ref><W>this</W><W>is</W><W>typical</W></xcope><W>.</W></SENTENCE><SENTENCE><C><cue ID="37" type="speculation"><W>If</W></cue></C><xcope ID="66"><ref COMMENTS="" ID="69" SRC="37"></ref><W>you</W><W>have</W><W>previously</W><W>saved</W><W>the</W><W>number</W><C><W>and</W></C><W>labelled</W><W>it</W></xcope><W>,</W><W>then</W><W>that</W><W>text</W><W>label</W><W>will</W><W>also</W><W>show</W><W>up</W><W>with</W><W>the</W><W>number</W><W>.</W></SENTENCE><SENTENCE><W>Because</W><W>the</W><W>display</W><W>has</W><W>2</W><W>lines</W><W>,</W><W>it</W><W>&#39;s</W><W>really</W><W>nice</W><W>to</W><W>see</W><W>both</W><W>the</W><W>number</W><C><W>and</W></C><W>the</W><W>label</W><W>at</W><W>the</W><W>same</W><W>time</W><W>.</W></SENTENCE></P><P></P><P><SENTENCE><W>You</W><C><cue ID="38" type="speculation"><W>can</W></cue></C><xcope ID="65"><ref COMMENTS="" ID="71" SRC="38"></ref><C><cue ID="39" type="speculation"><W>either</W></cue></C><xcope ID="64"><ref COMMENTS="" ID="70" SRC="39"></ref><W>push</W><W>the</W><W>CALL</W><W>button</W><W>for</W><W>a</W><W>dial</W><W>tone</W><C><W>and</W></C><W>dial</W><W>the</W><W>desired</W><W>number</W><W>as</W><W>a</W><W>regular</W><W>phone</W></xcope></xcope><W>,</W><C><cue ID="40" type="speculation"><W>or</W></cue></C><xcope ID="62"><ref COMMENTS="" ID="73" SRC="40"></ref><W>you</W><C><cue ID="41" type="speculation"><W>can</W></cue></C><xcope ID="59"><ref COMMENTS="" ID="72" SRC="41"></ref><W>predial</W><W>the</W><W>number</W></xcope><W>(</W></xcope><W>which</W><W>means</W><W>you</W><C><cue ID="42" type="speculation"><W>can</W></cue></C><xcope ID="61"><ref COMMENTS="" ID="75" SRC="42"></ref><W>also</W><W>backspace</W><C><cue ID="43" type="speculation"><W>if</W></cue></C><xcope ID="60"><ref COMMENTS="" ID="74" SRC="43"></ref><W>you</W><W>err</W></xcope></xcope><W>)</W><C><W>and</W></C><W>then</W><W>press</W><W>CALL</W><W>(</W><W>like</W><W>a</W><W>cell</W><W>phone</W><W>)</W><W>.</W></SENTENCE><SENTENCE><W>All</W><W>the</W><W>standard</W><W>functions</W><W>like</W><W>redial</W><W>,</W><W>flash</W><W>,</W><C><W>and</W></C><W>constant</W><W>button</W><W>tones</W><W>are</W><W>all</W><W>there</W><W>.</W></SENTENCE></P><P></P><P><SENTENCE><W>As</W><W>mentioned</W><W>above</W><W>,</W><W>there</W><W>is</W><W>a</W><W>phone</W><W>number</W><W>directory</W><W>which</W><W>allows</W><W>you</W><xcope ID="57"><ref COMMENTS="" ID="77" SRC="44"></ref><W>to</W><W>enter</W></xcope><C><cue ID="44" type="speculation"><W>or</W></cue></C><xcope ID="58"><ref COMMENTS="" ID="76" SRC="44"></ref><W>save</W><W>caller</W><W>ID</W><W>numbers</W><W>with</W><W>labels</W></xcope><W>(</W><W>ie</W><W>&#34;</W><W>Grandma&#34;</W><W>)</W><W>to</W><W>a</W><W>phone</W><W>directory</W><W>.</W></SENTENCE><SENTENCE><W>Manipulating</W><W>the</W><W>menu</W><C><cue ID="45" type="speculation"><W>can</W></cue></C><xcope ID="56"><ref COMMENTS="" ID="78" SRC="45"></ref><W>be</W><W>a</W><W>little</W><W>confusing</W><C><W>and</W></C><W>counter</W><W>intuitive</W></xcope><W>;</W><W>this</W><W>part</W><C><cue ID="46" type="speculation"><W>could</W></cue></C><xcope ID="55"><ref COMMENTS="" ID="79" SRC="46"></ref><W>stand</W><W>for</W><W>improvement</W></xcope><W>.</W></SENTENCE><SENTENCE><W>However</W><W>,</W><W>the</W><W>most</W><W>annoying</W><W>thing</W><W>is</W><W>that</W><W>each</W><W>hand</W><W>set</W><W>maintains</W><W>it</W><W>&#39;s</W><W>own</W><W>directory</W><W>,</W><W>which</W><W>means</W><W>you</W><W>have</W><W>to</W><W>enter</W><W>each</W><W>entry</W><W>twice</W><W>;</W><W>once</W><W>for</W><W>each</W><W>phone</W><W>,</W><W>for</W><W>both</W><W>phones</W><W>to</W><W>have</W><W>it</W><W>.</W></SENTENCE><SENTENCE><W>There</W><W>is</W><C><cue ID="47" type="negation"><W>no</W></cue></C><xcope ID="54"><ref COMMENTS="" ID="80" SRC="47"></ref><W>directory</W></xcope><W>synchronization</W><W>feature</W><W>.</W></SENTENCE><SENTENCE><W>Panasonic</W><C><cue ID="48" type="speculation"><W>should</W></cue></C><xcope ID="52"><ref COMMENTS="" ID="81" SRC="48"></ref><W>really</W><W>consider</W><W>adding</W><W>this</W><W>functionality</W></xcope><W>.</W></SENTENCE><SENTENCE><W>It</W><W>&#39;s</W><C><cue ID="49" type="negation"><W>not</W></cue></C><xcope ID="53"><ref COMMENTS="" ID="82" SRC="49"></ref><W>convenient</W></xcope><W>to</W><W>spontaneously</W><W>add</W><W>the</W><W>caller</W><W>ID</W><W>received</W><W>phone</W><W>call</W><W>to</W><W>both</W><W>directories</W><W>.</W></SENTENCE><SENTENCE><C><cue ID="50" type="negation"><W>Not</W></cue></C><xcope ID="51"><ref COMMENTS="" ID="83" SRC="50"></ref><W>a</W><W>show</W><W>stopper</W></xcope><W>,</W><W>but</W><W>it</W><W>&#39;s</W><W>something</W><W>to</W><W>be</W><W>improved</W><W>in</W><W>future</W><W>models</W><W>.</W></SENTENCE></P><P></P><P><SENTENCE><W>Each</W><W>handset</W><W>also</W><W>has</W><W>speaker</W><W>phone</W><W>capability</W><W>,</W><W>a</W><W>wonderful</W><W>feature</W><W>for</W><W>a</W><W>handset</W><W>.</W></SENTENCE><SENTENCE><W>An</W><W>extra</W><W>speaker</W><W>on</W><W>the</W><W>back</W><W>of</W><W>the</W><W>phone</W><W>serves</W><W>as</W><W>the</W><W>loud</W><W>speaker</W><W>.</W></SENTENCE></P><P></P><P><SENTENCE><W>Battery</W><W>is</W><W>a</W><W>rechargeable</W><W>NiCd</W><W>which</W><W>easily</W><W>last</W><W>several</W><W>days</W><W>.</W></SENTENCE></P><P></P><P><SENTENCE><W>SUMMARY</W></SENTENCE></P><P></P><P><SENTENCE><W>Combine</W><W>the</W><W>clarity</W><W>of</W><W>2.4GHz</W><W>,</W><W>the</W><W>ease</W><W>of</W><W>a</W><W>single</W><W>basestation</W><C><W>and</W></C><W>remote</W><W>charging</W><W>station</W><W>,</W><W>caller</W><W>ID</W><W>,</W><W>speaker</W><W>phone</W><W>,</W><W>good</W><W>battery</W><W>life</W><W>,</W><C><W>and</W></C><W>quality</W><W>construction</W><W>;</W><W>these</W><W>phones</W><W>are</W><W>easily</W><W>the</W><W>most</W><W>used</W><W>phones</W><W>in</W><W>our</W><W>home</W><W>.</W></SENTENCE><SENTENCE><W>Set</W><W>at</W><W>a</W><W>very</W><W>reasonable</W><W>price</W><W>point</W><W>(</W><W>for</W><W>quality</W><W>)</W><W>,</W><W>I</W><C><cue ID="84" type="speculation"><W>can</W></cue></C><xcope ID="87"><ref COMMENTS="" ID="89" SRC="84"></ref><W>recommend</W><W>this</W><W>set</W><W>to</W><W>any</W><W>body</W><C><cue ID="85" type="negation"><W>without</W></cue></C><xcope ID="86"><ref COMMENTS="" ID="88" SRC="85"></ref><W>hesitation</W></xcope></xcope><W>.</W></SENTENCE></P></DOCUMENT>
