<?xml version="1.0" encoding="UTF-8"?>
<DOCUMENT><P/><P><SENTENCE><W>I</W><W>was</W><W>looking</W><W>for</W><W>a</W><W>full-featured</W><W>,</W><W>multi-handset</W><W>phone</W><W>system</W><W>for</W><W>my</W><W>house</W><W>.</W></SENTENCE><SENTENCE><W>I</W><W>tried</W><W>the</W><W>2.4GHz</W><C><W>and</W></C><W>5.8GHz</W><W>Vtecs</W><W>,</W><C><W>and</W></C><W>while</W><W>they</W><W>had</W><W>the</W><W>best</W><W>features</W><W>,</W><W>looks</W><W>,</W><C><W>and</W></C><W>form</W><W>factor</W><W>,</W><W>they</W><W>had</W><W>poor</W><W>quality</W><W>sound</W><W>.</W></SENTENCE></P><P/><P><SENTENCE><W>When</W><W>I</W><W>buy</W><W>a</W><W>phone</W><W>,</W><W>I</W><cue ID="1" type="negation"><W>do</W><W>n&apos;t</W></cue><xcope ID="14"><ref COMMENTS="" ID="15" SRC="1"/><W>want</W><W>hiss</W></xcope><W>.</W></SENTENCE><SENTENCE><W>The</W><W>Panasonics</W><W>are</W><W>as</W><W>clean</W><W>as</W><W>a</W><W>wire-connected</W><W>phone</W><W>.</W></SENTENCE><SENTENCE><W>The</W><W>range</W><W>is</W><W>excellent</W><W>.</W></SENTENCE><SENTENCE><W>I</W><W>&apos;ve</W><W>heard</W><W>other</W><W>people</W><W>complain</W><W>about</W><W>the</W><W>battery</W><W>life</W><W>,</W><W>but</W><W>I</W><W>&apos;ve</W><C><cue ID="0" type="negation"><W>not</W></cue></C><xcope ID="13"><ref ID="16" SRC="0"/><W>found</W><W>this</W><W>to</W><W>be</W><W>a</W><W>problem</W></xcope><W>.</W></SENTENCE></P><P/><P><SENTENCE><W>You</W><C><cue ID="2" type="speculation"><W>can</W></cue></C><xcope ID="12"><ref ID="17" SRC="2"/><W>have</W><W>up</W><W>to</W><W>8</W><W>handsets</W><W>with</W><W>this</W><W>unit</W></xcope><W>.</W></SENTENCE><SENTENCE><W>The</W><W>answering</W><W>machine</W><C><cue ID="3" type="speculation"><W>can</W></cue></C><xcope ID="11"><ref ID="18" SRC="3"/><W>be</W><W>controlled</W><W>from</W><W>the</W><W>handsets</W></xcope><W>.</W></SENTENCE><SENTENCE><W>I</W><W>wish</W><W>the</W><W>base</W><W>unit</W><W>had</W><W>more</W><W>buttons</W><W>for</W><W>controlling</W><W>the</W><W>answering</W><W>machine</W><W>,</W><W>but</W><W>since</W><W>I</W><W>mostly</W><W>check</W><W>from</W><W>the</W><W>handsets</W><W>,</W><W>this</W><W>is</W><C><cue ID="4" type="negation"><W>not</W></cue></C><xcope ID="10"><ref ID="19" SRC="4"/><W>much</W><W>of</W><W>an</W><W>issue</W></xcope><W>.</W></SENTENCE><SENTENCE><W>I</W><W>do</W><W>wish</W><W>the</W><W>answering</W><W>machine</W><W>had</W><W>more</W><W>memory</W><W>-</W><W>it</W><W>fills</W><W>up</W><W>a</W><W>lot</W><W>faster</W><W>than</W><W>my</W><W>old</W><W>answering</W><W>machine</W><W>.</W></SENTENCE><SENTENCE><W>However</W><W>,</W><W>it</W><W>warns</W><W>you</W><W>far</W><W>in</W><W>advance</W><W>when</W><W>it</W><W>is</W><W>getting</W><W>low</W><W>.</W></SENTENCE></P><P/><P><SENTENCE><W>The</W><W>base</W><W>unit</W><W>does</W><C><W>lack</W></C><W>an</W><W>audio</W><W>indicator</W><W>when</W><W>you</W><W>have</W><W>new</W><W>messages</W><W>.</W></SENTENCE><SENTENCE><W>My</W><W>old</W><W>panasonic</W><W>answering</W><W>machine</W><W>had</W><W>this</W><W>,</W><C><W>and</W></C><W>I</W><W>miss</W><W>it</W><W>.</W></SENTENCE></P><P/><P><SENTENCE><W>As</W><W>far</W><W>as</W><W>looks</W><C><W>and</W></C><W>form-factor</W><W>:</W><W>It</W><W>&apos;s</W><W>a</W><W>silver/blue</W><W>space</W><W>age</W><W>look</W><W>,</W><W>which</W><W>is</W><W>a</W><W>little</W><W>over-the-top</W><W>for</W><W>my</W><W>tastes</W><W>.</W></SENTENCE><SENTENCE><W>I</W><W>wish</W><W>they</W><W>had</W><W>a</W><W>basic</W><xcope ID="20"><ref COMMENTS="" ID="21" SRC="5"/><W>black</W><C><cue ID="5" type="speculation"><W>or</W></cue></C><W>white</W></xcope><W>.</W></SENTENCE><SENTENCE><W>I</W><W>also</W><W>wish</W><W>the</W><W>size</W><W>of</W><W>the</W><W>phone</W><W>were</W><W>more</W><W>along</W><W>the</W><W>lines</W><W>of</W><W>a</W><W>cell</W><W>phone</W><W>.</W></SENTENCE><SENTENCE><W>However</W><W>,</W><W>my</W><W>wife</W><W>disagrees</W><W>with</W><W>me</W><W>on</W><W>this</W><W>,</W><C><W>and</W></C><W>likes</W><W>a</W><W>&apos;full</W><W>size</W><W>&apos;</W><W>phone</W><W>.</W></SENTENCE></P><P/><P><SENTENCE><W>The</W><W>hands-free</W><W>speakerphone</W><W>for</W><W>the</W><W>handsets</W><W>is</W><W>great</W><W>.</W></SENTENCE><SENTENCE><W>I</W><W>use</W><W>it</W><W>a</W><W>lot</W><W>more</W><W>than</W><W>I</W><C><W>expected</W></C><W>.</W></SENTENCE></P><P/><P><SENTENCE><W>This</W><W>phone</W><W>has</W><W>a</W><W>lot</W><W>of</W><W>features</W><W>,</W><W>which</W><W>you</W><C><cue ID="6" type="speculation"><W>can</W></cue></C><xcope ID="7"><ref COMMENTS="" ID="22" SRC="6"/><W>look</W><W>up</W><W>at</W><W>the</W><W>panasonic</W><W>web</W><W>site</W></xcope><W>.</W></SENTENCE></P><P/><P><SENTENCE><W>I</W><W>highly</W><W>recommend</W><W>this</W><W>phone</W><W>.</W></SENTENCE></P></DOCUMENT>