<?xml version="1.0" encoding="UTF-8"?>
<DOCUMENT><P></P><P><SENTENCE><W>We</W><W>used</W><W>to</W><W>own</W><W>a</W><W>Siemens</W><W>2415</W><W>,</W><W>a</W><W>predecessor</W><W>to</W><W>the</W><W>4215</W><W>.</W></SENTENCE><SENTENCE><W>The</W><W>2415</W><W>phone</W><W>was</W><W>great</W><W>,</W><W>but</W><C><W>failed</W></C><W>the</W><W>drop</W><C><W>and</W></C><W>bounce</W><W>test</W><W>,</W><W>we</W><W>needed</W><W>a</W><W>new</W><W>phone</W><W>.</W></SENTENCE><SENTENCE><W>We</W><W>actually</W><W>bought</W><W>an</W><W>ATandT</W><W>2.4Ghz</W><W>phone</W><W>first</W><W>,</W><W>assuming</W><W>that</W><W>the</W><W>clarity</W><W>of</W><W>the</W><W>calls</W><W>we</W><W>got</W><W>with</W><W>the</W><W>2415</W><W>was</W><W>to</W><W>do</W><W>with</W><W>the</W><W>digital</W><W>transmission</W><W>on</W><W>that</W><W>frequency</W><W>rather</W><W>than</W><W>something</W><W>specific</W><W>about</W><W>the</W><W>phone</W><W>.</W></SENTENCE><SENTENCE><W>That</W><W>was</W><W>a</W><W>mistake</W><W>,</W><W>the</W><W>ATandT</W><W>calls</W><W>were</W><W>simply</W><C><cue ID="0" type="negation"><W>not</W></cue></C><xcope ID="37"><ref COMMENTS="" ID="38" SRC="0"></ref><W>that</W><W>clear</W></xcope><C><W>and</W></C><W>the</W><W>range</W><W>of</W><W>the</W><W>phone</W><W>was</W><C><cue ID="1" type="negation"><W>not</W></cue></C><xcope ID="36"><ref ID="39" SRC="1"></ref><W>as</W><W>good</W><W>as</W><W>the</W><W>2415</W></xcope><W>.</W></SENTENCE><SENTENCE><W>We</W><W>returned</W><W>the</W><W>ATandT</W><W>phone</W><C><W>and</W></C><W>bought</W><W>a</W><W>4215</W><W>(</W><C><W>and</W></C><W>another</W><W>4215</W><W>handset</W><W>)</W><W>.</W></SENTENCE></P><P></P><P><SENTENCE><W>This</W><W>is</W><W>a</W><W>great</W><W>phone</W><W>.</W></SENTENCE><SENTENCE><W>For</W><W>us</W><W>the</W><W>major</W><W>issue</W><W>with</W><W>a</W><W>phone</W><W>more</W><W>than</W><W>features</W><W>is</W><W>the</W><W>clarity</W><W>of</W><W>the</W><W>calls</W><C><W>and</W></C><W>with</W><W>the</W><W>4215</W><W>(</W><W>even</W><W>in</W><W>speakerphone</W><W>mode</W><W>)</W><W>it</W><W>is</W><W>exceptional</W><W>.</W></SENTENCE><SENTENCE><W>We</W><W>did</W><W>find</W><W>you</W><W>need</W><W>to</W><W>read</W><W>the</W><W>manual</W><W>to</W><W>learn</W><W>how</W><W>to</W><W>use</W><W>all</W><W>of</W><W>the</W><W>features</W><W>correctly</W><W>,</W><W>but</W><W>the</W><W>on-screen</W><W>LCD</W><W>prompts</W><W>you</W><W>for</W><W>most</W><W>things</W><W>.</W></SENTENCE><SENTENCE><W>Range</W><W>is</W><W>great</W><W>.</W></SENTENCE><SENTENCE><W>With</W><W>the</W><W>base</W><W>station</W><W>at</W><W>the</W><W>rear</W><W>of</W><W>our</W><W>house</W><W>,</W><W>we</W><C><cue ID="5" type="speculation"><W>can</W></cue></C><xcope ID="35"><ref COMMENTS="" ID="41" SRC="5"></ref><W>use</W><W>the</W><W>phone</W><W>with</W><C><cue ID="2" type="negation"><W>no</W></cue></C><xcope ID="34"><ref COMMENTS="" ID="40" SRC="2"></ref><C><W>loss</W></C><W>of</W><W>clarity</W><W>outside</W><W>at</W><W>the</W><W>front</W><W>of</W><W>our</W><W>house</W></xcope></xcope><W>,</W><W>over</W><W>60</W><W>feet</W><W>away</W><W>.</W></SENTENCE><SENTENCE><W>I</W><W>am</W><W>sure</W><W>it</W><C><cue ID="3" type="speculation"><W>would</W></cue></C><xcope ID="33"><ref COMMENTS="" ID="43" SRC="3"></ref><W>go</W><W>father</W><W>but</W><W>we</W><W>do</W><C><cue ID="4" type="negation"><W>not</W></cue></C><xcope ID="32"><ref COMMENTS="" ID="42" SRC="4"></ref><W>have</W><W>that</W><W>need</W></xcope></xcope><W>.</W></SENTENCE></P><P></P><P><SENTENCE><W>In</W><W>case</W><W>anyway</W><W>reading</W><W>this</W><W>is</W><C><cue ID="6" type="negation"><W>not</W></cue></C><xcope ID="31"><ref COMMENTS="" ID="46" SRC="6"></ref><W>aware</W></xcope><W>,</W><W>getting</W><xcope ID="30"><ref COMMENTS="" ID="45" SRC="7"></ref><W>a</W><W>2.4Ghz</W></xcope><C><cue ID="7" type="speculation"><W>or</W></cue></C><xcope ID="29"><ref COMMENTS="" ID="44" SRC="7"></ref><W>5.8Ghz</W><W>digital</W></xcope><W>cordless</W><W>is</W><W>very</W><W>different</W><W>to</W><W>getting</W><W>an</W><W>analog</W><W>cordless</W><W>phone</W><W>.</W></SENTENCE><SENTENCE><W>Analog</W><W>phone</W><W>call</W><W>quality</W><W>is</W><W>typically</W><W>poorer</W><C><W>and</W></C><W>will</W><W>degrade</W><W>the</W><W>further</W><W>away</W><W>from</W><W>the</W><W>base</W><W>station</W><W>you</W><W>get</W><W>.</W></SENTENCE><SENTENCE><W>You</W><C><cue ID="8" type="speculation"><W>may</W></cue></C><xcope ID="28"><ref COMMENTS="" ID="47" SRC="8"></ref><W>also</W><W>notice</W><W>they</W><W>have</W><W>more</W><W>visible</W><W>antenna</W><W>on</W><W>both</W><W>the</W><W>base</W></xcope><C><W>and</W></C><W>the</W><W>phone</W><W>.</W></SENTENCE><SENTENCE><W>The</W><W>other</W><W>often</W><W>missed</W><W>difference</W><W>is</W><W>the</W><W>security</W><W>of</W><W>your</W><W>calls</W><W>.</W></SENTENCE><SENTENCE><W>Its</W><W>just</W><W>too</W><W>easy</W><W>to</W><W>receive</W><W>analog</W><W>telephone</W><W>calls</W><W>using</W><W>something</W><W>as</W><W>cheap</W><W>as</W><W>a</W><W>baby</W><W>monitor</W><W>!</W></SENTENCE><SENTENCE><W>You</W><C><cue ID="9" type="speculation"><W>would</W></cue></C><xcope ID="27"><ref COMMENTS="" ID="49" SRC="9"></ref><C><cue ID="10" type="negation"><W>not</W></cue></C><xcope ID="26"><ref COMMENTS="" ID="48" SRC="10"></ref><W>be</W><W>able</W><W>to</W><W>listen</W><W>into</W><W>a</W><W>digital</W><W>cordless</W><W>transmission</W><W>as</W><W>easily</W></xcope></xcope><W>.</W></SENTENCE></P><P></P><P><SENTENCE><W>The</W><W>phone</W><W>is</W><W>packed</W><W>with</W><W>all</W><W>the</W><W>features</W><W>you</W><C><cue ID="11" type="speculation"><W>would</W></cue></C><C><xcope ID="24"><ref COMMENTS="" ID="50" SRC="11"></ref><W>expect</W></xcope></C><W>,</W><W>directory</W><W>,</W><W>caller</W><W>id</W><W>display</W><C><W>and</W></C><W>so</W><W>on</W><W>.</W></SENTENCE><SENTENCE><W>The</W><W>answer</W><W>machine</W><W>does</W><W>everything</W><W>you</W><C><cue ID="12" type="speculation"><W>could</W></cue></C><xcope ID="25"><ref COMMENTS="" ID="51" SRC="12"></ref><W>want</W><W>including</W><W>remote</W><W>access</W><W>.</W></xcope></SENTENCE></P><P></P><P><SENTENCE><W>A</W><W>small</W><W>gripe</W><C><cue ID="13" type="speculation"><W>would</W></cue></C><xcope ID="22"><ref COMMENTS="" ID="52" SRC="13"></ref><W>be</W><W>that</W><W>it</W><W>comes</W><W>with</W><W>Ni-Cd</W><W>rechargeable</W><W>batteries</W><C><W>and</W></C></xcope><W>I</W><C><cue ID="14" type="speculation"><W>would</W></cue></C><xcope ID="23"><ref COMMENTS="" ID="53" SRC="14"></ref><W>have</W><W>preferred</W><W>Ni-MH</W></xcope><W>as</W><W>these</W><W>do</W><C><cue ID="16" type="negation"><W>not</W></cue></C><xcope ID="21"><ref COMMENTS="" ID="54" SRC="16"></ref><W>have</W><W>the</W><W>memory</W><W>effect</W><W>of</W><W>Ni-Cd</W></xcope><W>,</W><W>however</W><W>as</W><W>the</W><W>batteries</W><W>are</W><W>standard</W><W>size</W><W>AA</W><W>rechargables</W><W>you</W><C><cue ID="17" type="speculation"><W>can</W></cue></C><xcope ID="20"><ref COMMENTS="" ID="55" SRC="17"></ref><W>replace</W><W>them</W><W>very</W><W>easily</W><W>with</W><W>Ni-MH</W><W>when</W><W>the</W><W>Ni-Cds</W><W>give</W><W>up</W></xcope><W>.</W></SENTENCE></P><P></P><P><SENTENCE><W>One</W><W>final</W><W>cool</W><W>feature</W><W>is</W><W>the</W><W>voice</W><W>activated</W><W>dialing</W><W>.</W></SENTENCE><SENTENCE><W>Available</W><W>on</W><W>some</W><W>cellular</W><W>wireless</W><W>phone</W><W>for</W><W>sometime</W><W>now</W><W>,</W><W>the</W><W>4215</W><W>allows</W><W>you</W><W>to</W><W>pick</W><W>directory</W><W>entries</W><W>simply</W><W>by</W><W>speaking</W><W>the</W><W>persons</W><W>name</W><W>.</W></SENTENCE></P><P></P><P><SENTENCE><W>As</W><W>you</W><C><cue ID="18" type="speculation"><W>can</W></cue></C><xcope ID="19"><ref COMMENTS="" ID="56" SRC="18"></ref><W>guess</W></xcope><W>,</W><W>I</W><W>love</W><W>this</W><W>phone</W><W>.</W></SENTENCE></P></DOCUMENT>
