<?xml version="1.0" encoding="UTF-8"?>
<DOCUMENT><P></P><P><SENTENCE><W>I</W><W>have</W><W>had</W><W>the</W><W>Panasonic</W><W>2</W><W>line</W><W>system</W><W>since</W><W>last</W><W>November</W><C><W>and</W></C><W>I</W><W>really</W><W>enjoy</W><W>its</W><W>feautres</W><W>.</W></SENTENCE><SENTENCE><W>Even</W><W>some</W><W>companies</W><C><W>fail</W></C><W>to</W><W>offer</W><W>the</W><W>features</W><W>of</W><W>this</W><W>phone</W><W>.</W></SENTENCE><SENTENCE><W>Here</W><W>is</W><W>my</W><W>own</W><W>review</W><W>from</W><W>personal</W><W>everyday</W><W>use</W><W>.</W></SENTENCE><SENTENCE><W>I</W><cue ID="0" type="negation"><W>wo</W><W>n&#39;t</W></cue><xcope ID="37"><ref COMMENTS="" ID="118" SRC="0"></ref><W>explain</W><W>the</W><W>answering</W><W>machine</W><W>in</W><W>detail</W></xcope><W>as</W><W>it</W><W>is</W><W>a</W><W>straight</W><W>forward</W><W>easy</W><W>to</W><W>use</W><W>machine</W><W>with</W><W>5</W><W>greetings</W><C><W>and</W></C><W>ring</W><W>selections</W><W>(2-7</W><W>)</W><W>.</W></SENTENCE></P><P></P><P><SENTENCE><W>Answering</W><W>Machine</W><W>secret</W><W>:</W><W>There</W><W>is</W><W>a</W><W>secret</W><W>that</W><W>I</W><W>found</W><W>out</W><W>when</W><W>I</W><W>was</W><W>playing</W><W>around</W><W>with</W><W>the</W><W>system</W><W>seeing</W><W>which</W><W>settings</W><W>I</W><W>like</W><W>.</W></SENTENCE><SENTENCE><W>On</W><W>the</W><W>answering</W><W>system</W><W>you</W><C><cue ID="1" type="speculation"><W>can</W></cue></C><xcope ID="38"><ref ID="117" SRC="1"></ref><W>set</W><W>up</W><W>the</W><W>main</W><W>message</W></xcope><C><W>and</W></C><W>direct</W><W>callers</W><W>to</W><W>different</W><W>voicemail</W><W>extensions</W><W>.</W></SENTENCE><SENTENCE><W>It</W><W>works</W><W>like</W><W>the</W><W>automated</W><W>attendant</W><W>system</W><W>so</W><W>I</W><cue ID="2" type="negation"><W>do</W><W>n&#39;t</W></cue><xcope ID="39"><ref COMMENTS="" ID="116" SRC="2"></ref><W>see</W><W>why</W><W>Panasonic</W><W>added</W><W>this</W><W>feature</W><W>to</W><W>the</W><W>system</W></xcope><W>.</W></SENTENCE><SENTENCE><W>Any</W><C><W>idea</W></C><W>?</W></SENTENCE></P><P></P><P><SENTENCE><W>Automated</W><W>Attendant</W><W>System</W><W>:</W></SENTENCE></P><P></P><P><SENTENCE><W>This</W><W>system</W><W>has</W><W>5</W><W>greetings</W><W>on</W><W>two</W><W>lines</W><W>.</W></SENTENCE><SENTENCE><W>You</W><C><cue ID="3" type="speculation"><W>can</W></cue></C><xcope ID="40"><ref ID="115" SRC="3"></ref><W>program</W><W>the</W><W>same</W><W>greeting</W><W>on</W><W>both</W><W>lines</W></xcope><W>.</W></SENTENCE><SENTENCE><W>For</W><W>the</W><W>pre-recorded</W><W>greeting</W><W>it</W><W>is</W><W>a</W><W>bland</W><W>lady</W><W>saying&#34;</W><W>Automated</W><W>Attendent</W><W>System</W><W>please</W><W>enter</W><W>the</W><W>extension</W><W>you</W><W>wish</W><W>to</W><W>reach&#34;</W><W>.</W></SENTENCE><SENTENCE><W>Change</W><W>this</W><W>before</W><W>you</W><W>play</W><W>around</W><W>with</W><W>the</W><W>settings</W><W>.</W></SENTENCE><SENTENCE><W>I</W><W>love</W><W>being</W><W>able</W><W>to</W><W>call</W><W>my</W><W>house</W><C><W>and</W></C><W>press</W><W>the</W><W>extension</W><W>number</W><W>followed</W><W>by</W><W>the</W><W>pound</W><W>sign</W><C><W>and</W></C><W>it</W><W>says</W><W>&#34;</W><W>Please</W><W>wait</W><W>a</W><W>moment</W><W>&#34;</W><W>.</W></SENTENCE><SENTENCE><W>It</W><C><cue ID="4" type="speculation"><W>can</W></cue></C><xcope ID="41"><ref ID="114" SRC="4"></ref><W>also</W><W>say</W><W>&#34;</W><W>Sorry</W><W>this</W><W>line</W><W>is</W><W>busy</W></xcope><W>&#34;</W><W>when</W><W>someone</W><W>is</W><W>on</W><W>their</W><W>extension</W><C><W>and</W></C><W>it</W><W>lets</W><W>you</W><W>leave</W><W>a</W><W>message</W><W>following</W><W>the</W><W>incomplete</W><W>call</W><W>handilng</W><W>menu</W><W>which</W><W>is</W><W>simple</W><W>to</W><W>use</W><W>.</W></SENTENCE></P><P></P><P><SENTENCE><W>It</W><C><cue ID="5" type="speculation"><W>can</W></cue></C><xcope ID="43"><ref ID="113" SRC="5"></ref><W>even</W><W>say</W><W>&#34;</W><W>Sorry</W><W>there</W><W>is</W><C><cue ID="6" type="negation"><W>no</W></cue></C><xcope ID="42"><ref ID="112" SRC="6"></ref><W>space</W><W>for</W><W>recording</W></xcope></xcope><W>&#34;</W><W>when</W><W>your</W><W>mailbox</W><W>is</W><W>full</W><W>.</W></SENTENCE><SENTENCE><W>It</W><W>will</W><W>let</W><W>you</W><W>loop-back</W><W>to</W><W>the</W><W>main</W><W>greeting</W><W>by</W><W>pressing</W><W>2.</W><C><cue ID="9" type="negation"><W>No</W></cue></C><xcope ID="44"><ref ID="111" SRC="9"></ref><W>more</W><W>hang-ups</W></xcope><W>.</W></SENTENCE><SENTENCE><W>Now</W><W>let</W><W>me</W><W>tell</W><W>you</W><W>you</W><C><cue ID="7" type="speculation"><W>can</W></cue></C><xcope ID="46"><ref ID="110" SRC="7"></ref><C><cue ID="8" type="negation"><W>not</W></cue></C><xcope ID="45"><ref ID="109" SRC="8"></ref><W>program</W><W>the</W><W>greetings</W><W>for</W><W>the</W><W>time</W><W>of</W><W>day</W></xcope></xcope><W>.</W></SENTENCE><SENTENCE><W>So</W><W>lets</W><W>say</W><W>you</W><W>are</W><W>working</W><W>at</W><W>a</W><W>company</W><W>the</W><W>receptionist</W><W>will</W><W>have</W><W>to</W><W>manually</W><W>change</W><W>the</W><W>greetings</W><W>.</W></SENTENCE><SENTENCE><W>It</W><W>also</W><W>has</W><C><cue ID="10" type="negation"><W>no</W></cue></C><xcope ID="47"><ref ID="108" SRC="10"></ref><W>dial-by-name</W><W>directory</W><W>found</W><W>on</W><W>PBX</W><W>only</W><W>systems</W></xcope><W>.</W></SENTENCE></P><P></P><P><SENTENCE><W>Voicemail</W><W>:If</W><W>you</W><W>want</W><W>your</W><W>phone</W><W>to</W><W>go</W><W>into</W><W>voicemail</W><W>after</W><W>2</W><W>rings</W><W>it</W><C><cue ID="11" type="speculation"><W>can</W></cue></C><W>.</W></SENTENCE><SENTENCE><W>This</W><W>feature</W><W>is</W><W>called</W><W>forward</W><C><cue ID="12" type="negation"><W>no</W></cue></C><xcope ID="53"><ref COMMENTS="" ID="107" SRC="12"></ref><W>answer</W><W>like</W><W>on</W><W>company</W><W>phones</W></xcope><C><cue ID="48" type="speculation"><W>if</W></cue></C><xcope ID="52"><ref COMMENTS="" ID="106" SRC="48"></ref><W>you</W><cue ID="49" type="negation"><W>do</W><W>n&#39;t</W></cue><xcope ID="51"><ref COMMENTS="" ID="105" SRC="49"></ref><W>pick</W><W>up</W><W>after</W><W>2</W><W>rings</W></xcope><W>it</W><W>will</W><W>go</W><W>right</W><W>into</W><W>your</W><W>voicemail</W></xcope><C><W>and</W></C><W>your</W><W>personal</W><W>greeting</W><W>will</W><W>play</W><W>.</W></SENTENCE><SENTENCE><C><cue ID="50" type="speculation"><W>If</W></cue></C><xcope ID="54"><ref ID="104" SRC="50"></ref><W>you</W><W>have</W><W>this</W><W>feature</W><W>turned</W><W>off</W><W>in</W><W>the</W><W>menu</W><W>on</W><W>your</W><W>handset</W><W>then</W><W>it</W><W>will</W><W>ring</W><W>5</W><W>times</W></xcope><C><W>and</W></C><W>play</W><W>the</W><W>generic</W><W>greeting</W><W>which</W><W>is</W><W>ok</W><W>but</W><W>do</W><W>n&#39;t</W><W>you</W><W>want</W><W>your</W><W>own</W><W>greeting</W><W>?</W></SENTENCE></P><P></P><P><SENTENCE><W>You</W><W>have</W><W>the</W><W>option</W><W>of</W><xcope ID="55"><ref ID="103" SRC="13"></ref><W>50</W><W>minutes</W></xcope><C><cue ID="13" type="speculation"><W>or</W></cue></C><xcope ID="56"><ref ID="102" SRC="13"></ref><W>100</W><W>minutes</W></xcope><W>of</W><W>recording</W><W>time</W><W>including</W><W>the</W><W>Automated</W><W>Attendant</W><W>greetings</W><W>.</W></SENTENCE><SENTENCE><W>I</W><W>have</W><C><cue ID="14" type="negation"><W>never</W></cue></C><xcope ID="58"><ref ID="101" SRC="14"></ref><W>used</W><W>up</W><W>all</W><W>the</W><W>time</W></xcope><W>even</W><W>with</W><W>all</W><W>the</W><W>messsages</W><W>our</W><W>household</W><W>gets</W><W>.</W></SENTENCE><SENTENCE><W>You</W><C><cue ID="15" type="speculation"><W>can</W></cue></C><xcope ID="59"><ref COMMENTS="" ID="100" SRC="15"></ref><W>easily</W><W>access</W><W>your</W><W>messages</W><W>while</W><W>you</W><W>are</W><W>away</W><W>from</W><W>your</W><W>desk</W></xcope><W>by</W><W>calling</W><W>in</W><W>the</W><W>main</W><W>number</W><C><W>and</W></C><W>pressing</W><W>*/SYM</W><W>then</W><W>your</W><W>4</W><W>digit</W><W>passcode</W><W>.</W></SENTENCE></P><P></P><P><SENTENCE><W>Another</W><W>Voicemail</W><W>secret</W><W>:</W></SENTENCE></P><P></P><P><SENTENCE><C><cue ID="16" type="speculation"><W>If</W></cue></C><xcope COMMENTS="" ID="60"><ref ID="99" SRC="16"></ref><W>you</W><W>need</W><W>to</W><W>check</W><W>the</W><W>receptionist</W><W>mailbox(</W></xcope><W>Reffered</W><W>to</W><W>as</W><W>The</W><W>General</W><W>Delivery</W><W>Mailbox</W><W>)</W><W>you</W><C><cue ID="17" type="speculation"><W>can</W></cue></C><xcope COMMENTS="" ID="61"><ref ID="98" SRC="17"></ref><W>press</W><W>4</W><W>then</W><W>after</W><W>the</W><W>messages</W><W>are</W><W>heard</W><W>then</W><W>press</W><W>4</W><W>again</W></xcope><C><W>and</W></C><W>it</W><W>will</W><W>get</W><W>you</W><W>back</W><W>to</W><W>your</W><W>mailbox</W><W>.</W></SENTENCE><SENTENCE><W>Everything</W><W>is</W><W>a</W><W>single</W><W>call</W><W>operation</W><W>on</W><W>this</W><W>system</W><W>.</W></SENTENCE></P><P></P><P><SENTENCE><W>Voicemail/system</W><W>cons</W><W>:</W><W>I</W><W>do</W><W>n&#39;t</W><W>like</W><W>that</W><W>the</W><W>General</W><W>Delivery</W><W>Mailbox</W><W>only</W><W>has</W><W>the</W><W>generic</W><W>greeting</W><W>.</W></SENTENCE><SENTENCE><W>I</W><W>like</W><W>to</W><W>be</W><W>able</W><W>to</W><W>say</W><W>(</W><W>Were</W><W>sorry</W><W>there</W><W>is</W><C><cue ID="18" type="negation"><W>no</W></cue></C><xcope COMMENTS="" ID="65"><ref COMMENTS="" ID="97" SRC="18"></ref><W>receptionist</W><W>available</W><W>please</W><W>leave</W><W>a</W><W>message</W></xcope><W>.</W></SENTENCE><SENTENCE><W>Also</W><W>there</W><W>is</W><C><cue ID="19" type="negation"><W>no</W></cue></C><xcope COMMENTS="" ID="64"><ref ID="96" SRC="19"></ref><W>quick</W><W>messaging</W><W>by</W><W>pressing</W><W>**</W><W>twice</W></xcope><C><W>and</W></C><W>having</W><W>it</W><W>say</W><W>enter</W><W>the</W><W>destination</W><W>for</W><W>your</W><W>message</W><W>.</W></SENTENCE><SENTENCE><W>This</W><C><cue ID="20" type="speculation"><W>can</W></cue></C><xcope COMMENTS="" ID="63"><ref ID="95" SRC="20"></ref><W>only</W><W>be</W><W>done</W><C><cue ID="21" type="speculation"><W>if</W></cue></C><xcope COMMENTS="" ID="62"><ref ID="94" SRC="21"></ref><W>you</W><W>are</W><W>logged</W><W>into</W><W>your</W><W>mailbox</W></xcope></xcope><W>.</W></SENTENCE></P><P></P><P><SENTENCE><W>Also</W><W>having</W><W>to</W><W>press</W><W>#</W><W>/#</W><W>to</W><W>get</W><W>an</W><W>extension</W><W>is</W><W>a</W><W>minor</W><W>con</W><W>.</W></SENTENCE><SENTENCE><W>There</W><W>is</W><C><cue ID="22" type="negation"><W>no</W></cue></C><xcope ID="68"><ref ID="92" SRC="22"></ref><W>automatic</W><W>transfer</W><W>to</W><W>the</W><W>receptionist</W></xcope><C><cue ID="24" type="speculation"><W>if</W></cue></C><xcope COMMENTS="" ID="67"><ref ID="93" SRC="24"></ref><C><cue ID="25" type="negation"><W>no</W></cue></C><xcope COMMENTS="" ID="66"><ref ID="91" SRC="25"></ref><W>action</W><W>is</W><W>taken</W></xcope></xcope><W>.</W></SENTENCE><SENTENCE><W>At</W><W>some</W><W>companies</W><W>it</W><W>will</W><W>say&#34;</W><W>Invalid</W><W>entry</W><W>transferring</W><W>to</W><W>an</W><W>attendant</W><W>one</W><W>moment</W><W>please</W><W>&#34;</W><W>.</W></SENTENCE></P><P></P><P><SENTENCE><W>Operator</W><W>Counsle</W><W>:</W><W>The</W><W>main</W><W>unit</W><W>with</W><W>the</W><W>operator</W><W>rings</W><W>5</W><W>times</W><W>you</W><W>got</W><W>that</W><W>right</W><W>then</W><W>it</W><W>plays</W><W>a</W><W>generic</W><W>greeting</W><W>.</W></SENTENCE><SENTENCE><W>Also</W><C><cue ID="26" type="speculation"><W>if</W></cue></C><xcope ID="69"><ref ID="90" SRC="26"></ref><W>you</W><W>are</W><W>on</W><W>a</W><W>rotary</W><W>dial</W><W>phone</W><W>you</W><W>have</W><W>to</W><W>wait</W><W>for</W><W>the</W><W>main</W><W>greeting</W><W>to</W><W>play</W><W>3</W><W>times</W></xcope><W>it</W><W>is</W><W>good</W><W>for</W><W>tone</W><W>users</W><C><W>and</W></C><W>bad</W><W>for</W><W>other</W><W>rotary</W><W>users</W><W>.</W></SENTENCE></P><P></P><P><SENTENCE><C><cue ID="27" type="negation"><W>No</W></cue></C><xcope ID="70"><ref ID="89" SRC="27"></ref><W>Dial</W><W>By</W><W>Name</W><W>Directory</W></xcope><W>:</W></SENTENCE></P><P></P><P><SENTENCE><W>This</W><W>needs</W><W>to</W><W>be</W><W>added</W><W>because</W><W>it</W><W>is</W><W>easier</W><W>for</W><W>people</W><W>to</W><W>get</W><W>into</W><W>extensions</W><W>.</W></SENTENCE><SENTENCE><W>For</W><W>instance</W><W>it</W><C><cue ID="28" type="speculation"><W>could</W></cue></C><xcope ID="72"><ref ID="88" SRC="28"></ref><W>say</W><W>to</W><W>dial</W><W>by</W><W>name</W><W>press</W><W>411</W></xcope><W>then</W><W>the</W><W>caller</W><C><cue ID="29" type="speculation"><W>would</W></cue></C><xcope ID="71"><ref ID="87" SRC="29"></ref><W>be</W><W>insturcted</W><W>from</W><W>there</W><W>.</W></xcope></SENTENCE></P><P></P><P><SENTENCE><W>Handset</W><W>Registration</W><W>:</W></SENTENCE></P><P></P><P><SENTENCE><W>Oh</W><W>my</W><W>!</W></SENTENCE><SENTENCE><W>You</W><W>have</W><W>to</W><W>buy</W><W>a</W><W>handset</W><W>for</W><W>each</W><W>extension</W><W>.</W></SENTENCE><SENTENCE><W>There</W><W>is</W><C><cue ID="30" type="negation"><W>no</W></cue></C><xcope ID="73"><ref ID="86" SRC="30"></ref><W>way</W><W>of</W><W>saving</W><W>money</W></xcope><W>by</W><W>just</W><W>having</W><W>a</W><W>&#34;guest</W><W>mailbox</W><W>&#34;</W><W>where</W><W>it</W><W>goes</W><W>right</W><W>to</W><W>voicemail</W><W>wihtout</W><W>rining</W><W>the</W><W>extension</W><W>.</W></SENTENCE><SENTENCE><W>Oh</W><W>well</W><W>.</W></SENTENCE></P><P></P><P><SENTENCE><W>Name</W><W>Directory</W><W>:</W></SENTENCE></P><P></P><P><SENTENCE><W>You</W><C><cue ID="31" type="speculation"><W>can</W></cue></C><xcope ID="74"><ref ID="85" SRC="31"></ref><W>store</W><W>a</W><W>lot</W><W>of</W><W>your</W><W>friends</W><W>names</W></xcope><C><W>and</W></C><W>numbers</W><W>in</W><W>the</W><W>phonebook</W><W>directory</W><W>.</W></SENTENCE><SENTENCE><W>A</W><W>good</W><W>feature</W><W>for</W><W>all</W><W>of</W><W>us</W><W>.</W></SENTENCE></P><P></P><P><SENTENCE><W>Caller</W><W>ID</W><W>:</W></SENTENCE></P><P></P><P><SENTENCE><W>I</W><W>do</W><W>n&#39;t</W><W>use</W><W>this</W><W>feature</W><W>but</W><W>the</W><W>manual</W><W>says</W><W>that</W><W>it</W><W>will</W><W>tell</W><W>how</W><W>many</W><W>times</W><W>a</W><W>caller</W><W>called</W><W>.</W></SENTENCE></P><P></P><P><SENTENCE><W>I</W><C><cue ID="32" type="speculation"><W>can</W></cue></C><xcope ID="79"><ref ID="84" SRC="32"></ref><W>go</W><W>on</W><C><W>and</W></C><W>on</W><W>on</W><W>this</W><W>phone</W><W>system</W></xcope><W>.</W></SENTENCE><SENTENCE><C><cue ID="33" type="speculation"><W>If</W></cue></C><xcope ID="78"><ref ID="83" SRC="33"></ref><W>you</W><W>want</W><W>to</W><W>discuss</W><W>this</W><W>system</W><W>please</W><W>email</W><W>me</W><W>at</W><W>vipclub@msn.com</W></xcope><W>.</W></SENTENCE><SENTENCE><C><cue ID="34" type="speculation"><W>If</W></cue></C><xcope ID="77"><ref ID="82" SRC="34"></ref><W>there</W><W>is</W><W>any</W><W>professionals</W><W>out</W><W>there</W><W>I</W><C><cue ID="35" type="speculation"><W>would</W></cue></C><xcope ID="76"><ref ID="81" SRC="35"></ref><W>like</W><W>to</W><W>discuss</W><W>voicemail</W><W>systems(</W></xcope></xcope><W>Nortel,</W><W>Toshiba</W><W>Panasonic</W><W>etc</W><W>)</W><W>as</W><W>this</W><W>is</W><W>my</W><W>hobby</W><C><W>and</W></C><W>a</W><C><cue ID="36" type="speculation"><W>possible</W></cue></C><xcope ID="75"><ref ID="80" SRC="36"></ref><W>career</W></xcope><W>.</W></SENTENCE></P></DOCUMENT>
