<?xml version="1.0" encoding="UTF-8"?>
<DOCUMENT><P></P><P><SENTENCE><W>Intro-</W><C><cue ID="0" type="speculation"><W>If</W></cue></C><xcope ID="79"><ref COMMENTS="" ID="230" SRC="0"></ref><W>you</W><W>&#39;re</W><W>a</W><W>regular</W><W>reader</W><W>of</W><W>my</W><W>reviews</W></xcope><W>,</W><W>you</W><C><cue ID="1" type="speculation"><W>might</W></cue></C><xcope ID="78"><ref COMMENTS="" ID="229" SRC="1"></ref><W>recall</W><W>that</W><W>I</W><W>reviewed</W><W>another</W><W>Panasonic</W><W>cordless</W><C><cue ID="2" type="negation"><W>not</W></cue></C><xcope ID="77"><ref COMMENTS="" ID="228" SRC="2"></ref><W>long</W><W>ago</W></xcope></xcope><W>.</W></SENTENCE><SENTENCE><W>That</W><W>unit</W><W>was</W><W>the</W><W>KX-TG2215B.</W></SENTENCE><SENTENCE><W>I</W><W>initially</W><W>liked</W><W>that</W><W>particular</W><W>phone</W><W>(</W><W>Which</W><W>I</W><W>selected</W><W>based</W><W>upon</W><W>my</W><W>very</W><W>limited</W><W>needs</W><W>in</W><W>a</W><W>cordless</W><W>unit</W><W>)</W><W>.</W></SENTENCE><SENTENCE><W>However</W><W>,</W><xcope ID="80"><ref COMMENTS="" ID="227" SRC="3"></ref><W>Within</W><W>a</W><W>month</W><C><cue ID="3" type="speculation"><W>or</W></cue></C><W>so</W></xcope><W>,</W><W>I</W><W>began</W><W>to</W><W>notice</W><W>that</W><xcope ID="198"><ref COMMENTS="" ID="199" SRC="5"></ref><W>the</W><W>battery</W></xcope><C><cue ID="5" type="speculation"><W>seemed</W></cue></C><xcope ID="82"><ref ID="226" SRC="5"></ref><W>to</W><W>be</W><W>dying</W><W>much</W><W>faster</W><W>than</W><W>it</W><C><cue ID="4" type="speculation"><W>should</W></cue></C><xcope ID="81"><ref COMMENTS="" ID="225" SRC="4"></ref><W>have</W></xcope></xcope><W>.</W></SENTENCE><SENTENCE><W>Before</W><W>long</W><W>,</W><W>I</W><W>&#39;d</W><W>have</W><W>to</W><W>charge</W><W>it</W><W>12</W><W>hours</W><W>just</W><W>to</W><W>get</W><W>a</W><W>few</W><W>minutes</W><W>worth</W><W>of</W><W>talk</W><W>time</W><W>.</W></SENTENCE><SENTENCE><W>In</W><W>spite</W><W>of</W><W>the</W><W>fact</W><W>that</W><W>the</W><W>phone</W><W>was</W><W>fine</W><W>for</W><W>my</W><W>need</W><W>otherwise</W><W>,</W><W>it</W><W>ended</W><W>up</W><W>getting</W><W>only</W><W>a</W><W>two</W><W>star</W><W>rating</W><W>from</W><W>me</W><W>in</W><W>the</W><W>end</W><W>.</W></SENTENCE><SENTENCE><W>A</W><W>phone</W><W>with</W><W>a</W><W>dead</W><W>battery</W><W>is</W><W>utterly</W><W>useless</W><W>.</W></SENTENCE></P><P></P><P><SENTENCE><W>I</W><W>eventually</W><W>got</W><W>rid</W><W>of</W><W>that</W><W>one</W><C><W>and</W></C><W>just</W><W>went</W><W>back</W><W>to</W><W>using</W><W>my</W><W>old</W><W>corded</W><W>phone</W><W>.</W></SENTENCE><SENTENCE><W>Being</W><W>someone</W><W>who</W><W>really</W><W>hates</W><W>a</W><W>lot</W><W>of</W><W>wires</W><W>,</W><W>I</W><W>tired</W><W>of</W><W>the</W><W>old</W><W>corded</W><W>phone</W><W>rather</W><W>quickly</W><W>.</W></SENTENCE><SENTENCE><W>I</W><W>knew</W><W>it</W><cue ID="6" type="negation"><W>was</W><W>n&#39;t</W></cue><xcope ID="83"><ref COMMENTS="" ID="224" SRC="6"></ref><W>going</W><W>to</W><W>be</W><W>long</W></xcope><W>before</W><W>I</W><W>purchased</W><W>another</W><W>cordless</W><W>but</W><W>I</W><W>decided</W><W>that</W><W>I</W><cue ID="85" type="negation"><W>was</W><W>n&#39;t</W></cue><xcope ID="84"><ref COMMENTS="" ID="223" SRC="85"></ref><W>going</W><W>to</W><W>get</W><W>burned</W><W>twice</W><W>in</W><W>less</W><W>than</W><W>a</W><W>year</W></xcope><W>so</W><W>I</W><W>just</W><W>kept</W><W>my</W><W>eyes</W><W>open</W><W>for</W><W>good</W><W>deals</W><W>.</W></SENTENCE><SENTENCE><W>I</W><W>really</W><W>very</W><W>rarely</W><W>ever</W><W>talk</W><W>to</W><W>anyone</W><W>over</W><W>the</W><W>phone</W><W>so</W><W>I</W><W>ca</W><W>n&#39;t</W><W>justify</W><W>spending</W><W>any</W><W>more</W><W>than</W><W>I</W><W>have</W><W>to</W><W>in</W><W>order</W><W>to</W><W>get</W><W>a</W><W>good</W><W>,</W><W>reliable</W><W>cordless</W><W>with</W><W>the</W><W>features</W><W>I</W><W>need</W><W>.</W></SENTENCE><SENTENCE><W>My</W><W>goal</W><W>was</W><W>to</W><W>find</W><W>a</W><W>unit</W><W>for</W><W>less</W><W>than</W><W>$</W><W>50</W><W>.</W></SENTENCE></P><P></P><P><SENTENCE><W>My</W><W>criteria</W><W>-</W><W>For</W><W>a</W><W>cordless</W><W>phone</W><W>to</W><W>be</W><W>useful</W><W>to</W><W>me</W><W>,</W><W>I</W><W>had</W><W>a</W><W>pretty</W><W>good</W><C><W>idea</W></C><W>of</W><W>the</W><W>features</W><W>I</W><W>wanted</W><W>.</W></SENTENCE><SENTENCE><W>Other</W><W>than</W><W>the</W><W>battery</W><W>issue</W><W>,</W><W>I</W><W>was</W><W>very</W><W>happy</W><W>with</W><W>the</W><W>features</W><C><W>and</W></C><W>performance</W><W>of</W><W>the</W><W>other</W><W>Panasonic</W><W>.</W></SENTENCE><SENTENCE><W>My</W><W>must-have</W><W>features</W><W>were</W><W>as</W><W>follows</W><W>:</W></SENTENCE></P><P></P><P><SENTENCE><W>*/SYM</W><W>Powered</W><W>by</W><W>a</W><W>high</W><W>capacity</W><W>Ni-MH</W><W>battery</W><W>pack</W></SENTENCE></P><P></P><P><SENTENCE><W>*/SYM</W><W>2.4GHz</W></SENTENCE></P><P></P><P><SENTENCE><W>*/SYM</W><W>Backlit</W><W>Caller</W><W>ID</W></SENTENCE></P><P></P><P><SENTENCE><W>*/SYM</W><W>Digital</W><W>security</W><W>(</W><W>I</W><W>&#39;m</W><cue ID="86" type="speculation"><C><W>not</W></C><W>really</W><W>sure</W></cue><xcope ID="87"><ref COMMENTS="" ID="222" SRC="86"></ref><W>how</W><W>&#34;</W><W>secure</W><W>&#34;</W><W>the</W><W>digital</W><W>security</W><W>touted</W><W>on</W><W>some</W><W>of</W><W>today</W><W>&#39;s</W><W>cordless</W><W>units</W><W>is</W></xcope><W>,</W><W>but</W><W>it</W><W>&#39;s</W><W>comforting</W><W>to</W><W>at</W><W>least</W><C><W>feel</W></C><W>like</W><W>you</W><W>&#39;re</W><W>protected</W><W>from</W><W>eavesdropping</W><C><W>and</W></C><W>other</W><W>people</W><W>placing</W><W>calls</W><W>through</W><W>your</W><W>line</W><W>)</W></SENTENCE></P><P></P><P><SENTENCE><W>*/SYM</W><W>Decent</W><W>sound</W><W>quality</W></SENTENCE></P><P></P><P><SENTENCE><W>*/SYM</W><W>I</W><W>used</W><W>to</W><W>have</W><W>a</W><W>phone</W><W>with</W><W>a</W><W>backlit</W><W>keypad</W><C><W>and</W></C><W>found</W><W>it</W><W>to</W><W>be</W><W>a</W><W>very</W><W>handy</W><W>feature</W><W>.</W></SENTENCE><SENTENCE><W>I</W><W>always</W><W>keep</W><W>my</W><W>phone</W><W>by</W><W>my</W><W>bed</W><C><W>and</W></C><W>I</W><W>like</W><W>to</W><W>know</W><W>that</W><W>I</W><W>do</W><W>n&#39;t</W><W>have</W><W>to</W><W>turn</W><W>on</W><W>the</W><W>lights</W><W>to</W><W>place</W><W>a</W><W>call</W><W>.</W></SENTENCE></P><P></P><P><SENTENCE><W>Battery</W><W>concerns</W><W>-</W><W>Once</W><W>I</W><W>noticed</W><W>the</W><W>battery</W><W>problem</W><W>in</W><W>the</W><W>old</W><W>phone</W><W>,</W><W>I</W><W>did</W><W>some</W><W>checking</W><W>around</W><W>on</W><W>Epinions</W><C><W>and</W></C><W>elsewhere</W><C><W>and</W></C><W>found</W><W>that</W><W>most</W><W>Panasonic</W><W>cordless</W><W>units</W><W>that</W><W>used</W><W>the</W><W>old</W><W>Ni-cad</W><W>battery</W><W>packs</W><W>had</W><W>the</W><W>same</W><W>problem</W><W>.</W></SENTENCE><SENTENCE><W>Therefore</W><W>,</W><W>I</W><W>decided</W><W>that</W><C><cue ID="8" type="speculation"><W>if</W></cue></C><xcope ID="88"><ref ID="221" SRC="8"></ref><W>I</W><W>was</W><W>going</W><W>to</W><W>go</W><W>with</W><W>another</W><W>Panasonic</W></xcope><W>,</W><W>I</W><W>was</W><W>going</W><W>to</W><W>make</W><W>sure</W><W>the</W><W>unit</W><W>was</W><W>powered</W><W>by</W><W>a</W><W>NI-MH</W><W>(</W><W>Nickel</W><W>Metal</W><W>Hydride</W><W>)</W><W>battery</W><W>pack</W><W>.</W></SENTENCE><SENTENCE><W>Ni-cad</W><W>batteries</W><W>were</W><W>always</W><W>plagued</W><W>by</W><W>what</W><W>is</W><W>known</W><W>as</W><W>the</W><W>&#34;memory</W><W>&#34;</W><W>effect</W><W>.</W></SENTENCE><SENTENCE><W>Basically</W><W>,</W><W>what</W><W>this</W><W>boils</W><W>down</W><W>to</W><W>is</W><W>the</W><W>batteries</W><W>needed</W><W>to</W><W>be</W><W>almost</W><W>fully</W><W>drained</W><W>before</W><W>recharging</W><W>.</W></SENTENCE><SENTENCE><W>Continuously</W><W>topping</W><W>off</W><W>Ni-cad</W><W>batteries</W><C><cue ID="9" type="speculation"><W>can</W></cue></C><xcope ID="89"><ref ID="220" SRC="9"></ref><W>sometimes</W><W>cause</W><W>their</W><W>capacity</W><W>to</W><W>gradually</W><W>decrease</W><W>more</W></xcope><C><W>and</W></C><W>more</W><W>until</W><W>they</W><W>&#39;re</W><W>totally</W><W>useless</W><W>.</W></SENTENCE><SENTENCE><W>At</W><W>any</W><W>rate</W><W>,</W><W>this</W><W>problem</W><W>has</W><W>been</W><W>discussed</W><W>enough</W><W>on</W><W>the</W><W>Internet</W><C><W>and</W></C><W>in</W><W>complaints</W><W>to</W><W>Panasonic</W><W>that</W><W>I</W><W>figured</W><W>any</W><W>new</W><W>Panasonic</W><W>with</W><W>a</W><W>Ni-MH</W><W>pack</W><C><cue ID="10" type="speculation"><W>would</W></cue></C><xcope ID="91"><ref ID="219" SRC="10"></ref><C><cue ID="11" type="speculation"><W>probably</W></cue></C><xcope ID="90"><ref ID="218" SRC="11"></ref><W>be</W><W>free</W><W>of</W><W>this</W><W>particular</W><W>problem</W></xcope></xcope><W>.</W></SENTENCE><SENTENCE><W>As</W><W>you</W><W>&#39;ll</W><W>see</W><W>,</W><W>it</W><C><cue ID="12" type="speculation"><W>seems</W></cue></C><xcope ID="92"><ref ID="217" SRC="12"></ref><W>I</W><W>guessed</W><W>correctly</W><W>.</W></xcope></SENTENCE></P><P></P><P><SENTENCE><W>The</W><W>newer</W><W>Ni-MH</W><W>batteries</W><W>also</W><W>are</W><W>n&#39;t</W><W>totally</W><W>immune</W><W>to</W><W>this</W><W>issue</W><W>but</W><W>they</W><W>are</W><W>much</W><W>less</W><C><cue ID="13" type="speculation"><W>likely</W></cue></C><xcope ID="93"><ref COMMENTS="" ID="216" SRC="13"></ref><W>to</W><W>suffer</W><W>from</W><W>this</W><W>memory</W><W>effect</W></xcope><W>.</W></SENTENCE><SENTENCE><W>At</W><W>any</W><W>rate</W><W>,</W><W>I</W><W>&#39;m</W><W>still</W><W>amazed</W><W>that</W><W>with</W><W>so</W><W>many</W><W>more</W><W>advanced</W><W>battery</W><W>technologies</W><W>around</W><W>,</W><W>cordless</W><W>phone</W><W>manufacturers</W><W>continue</W><W>to</W><W>use</W><W>Ni-cads</W><W>.</W></SENTENCE><SENTENCE><W>The</W><W>newer</W><W>batteries</W><W>are</W><W>starting</W><W>to</W><C><W>appear</W></C><W>in</W><W>more</W><C><W>and</W></C><W>more</W><W>phones</W><W>recently</W><W>though</W><W>.</W></SENTENCE></P><P></P><P><SENTENCE><W>Shopping-</W><W>When</W><W>it</W><W>comes</W><W>to</W><W>me</W><C><W>and</W></C><W>wires</W><W>,</W><W>there</W><W>&#39;s</W><W>only</W><W>so</W><W>much</W><W>I</W><C><cue ID="14" type="speculation"><W>can</W></cue></C><xcope ID="94"><ref COMMENTS="" ID="215" SRC="14"></ref><W>take</W><W>before</W><W>I</W><W>finally</W><W>get</W><W>tired</W><W>of</W><W>fighting</W><W>with</W><W>them</W></xcope><W>.</W></SENTENCE><SENTENCE><W>Going</W><W>back</W><W>to</W><W>a</W><W>corded</W><W>phone</W><cue ID="18" type="negation"><W>was</W><W>n&#39;t</W></cue><xcope ID="96"><ref COMMENTS="" ID="214" SRC="18"></ref><W>as</W><W>easy</W><W>a</W><W>transition</W><W>as</W><W>I</W><C><cue ID="15" type="speculation"><W>thought</W></cue></C><xcope ID="95"><ref COMMENTS="" ID="213" SRC="15"></ref><W>it</W><W>&#39;d</W><W>be</W></xcope></xcope><W>.</W></SENTENCE><SENTENCE><W>Finally</W><W>,</W><W>about</W><W>a</W><W>week</W><W>ago</W><W>,</W><W>I</W><W>set</W><W>out</W><W>to</W><W>buy</W><W>a</W><W>new</W><W>cordless</W><W>.</W></SENTENCE><SENTENCE><W>I</W><W>looked</W><W>at</W><W>a</W><W>lot</W><W>of</W><W>models</W><W>in</W><W>almost</W><W>every</W><W>store</W><W>I</W><C><cue ID="16" type="speculation"><W>could</W></cue></C><xcope ID="98"><ref COMMENTS="" ID="212" SRC="16"></ref><C><cue ID="17" type="speculation"><W>think</W></cue></C><xcope ID="97"><ref COMMENTS="" ID="211" SRC="17"></ref><W>of</W><W>that</W><W>sells</W><W>them</W></xcope></xcope><W>.</W></SENTENCE><SENTENCE><xcope ID="200"><ref COMMENTS="" ID="201" SRC="20"></ref><W>I</W></xcope><cue ID="19" type="speculation"><C><W>could</W></C><W>n&#39;t</W></cue><xcope ID="100"><ref COMMENTS="" ID="210" SRC="19"></ref><C><cue ID="20" type="speculation"><W>seem</W></cue></C><xcope ID="99"><ref COMMENTS="" ID="209" SRC="20"></ref><W>to</W><W>find</W><W>all</W><W>of</W><W>the</W><W>features</W><W>I</W><W>wanted</W><W>for</W><W>the</W><W>price</W><W>I</W><W>was</W><W>willing</W><W>to</W><W>pay</W></xcope></xcope><W>.</W></SENTENCE><SENTENCE><W>It</W><C><cue ID="21" type="speculation"><W>seemed</W></cue></C><xcope ID="108"><ref ID="110" SRC="21"></ref><C><cue ID="22" type="speculation"><W>if</W></cue></C><xcope ID="107"><ref COMMENTS="" ID="109" SRC="22"></ref><W>the</W><W>phone</W><W>had</W><W>a</W><W>decent</W><W>battery</W><W>pack</W><C><W>and</W></C><W>caller</W><W>ID</W><W>,</W><W>it</W><W>was</W><C><cue ID="23" type="speculation"><W>either</W></cue></C><xcope ID="105"><ref COMMENTS="" ID="106" SRC="23"></ref><C><cue ID="24" type="negation"><W>not</W></cue></C><xcope ID="102"><ref COMMENTS="" ID="104" SRC="24"></ref><W>a</W><W>2.4</W><W>GHz</W><W>phone</W><C><cue ID="25" type="speculation"><W>or</W></cue></C><W>it</W><W>was</W><W>well</W><W>overy</W><W>the</W><W>$</W><W>50</W><W>mark</W></xcope></xcope></xcope><W>.</W></xcope></SENTENCE><SENTENCE><W>Yes</W><W>,</W><W>I</W><W>saw</W><W>plenty</W><W>of</W><W>cheap</W><W>cordless</W><W>units</W><C><cue ID="26" type="negation"><W>without</W></cue></C><xcope ID="111"><ref ID="114" SRC="26"></ref><W>caller</W><W>ID.</W></xcope></SENTENCE><SENTENCE><W>However</W><W>,</W><W>I</W><W>&#39;ve</W><W>gotten</W><W>so</W><W>used</W><W>to</W><W>it</W><W>that</W><W>I</W><W>do</W><W>n&#39;t</W><W>know</W><W>how</W><W>I</W><W>ever</W><W>lived</W><C><cue ID="27" type="negation"><W>without</W></cue></C><xcope ID="112"><ref ID="113" SRC="27"></ref><W>it</W></xcope><W>.</W></SENTENCE></P><P></P><P><SENTENCE><W>I</W><W>finally</W><W>(</W><W>somehow</W><W>)</W><W>ended</W><W>up</W><W>at</W><W>Wal-Mart</W><W>.</W></SENTENCE><SENTENCE><W>I</W><W>really</W><W>very</W><W>rarely</W><W>shop</W><W>there</W><W>but</W><W>it</W><W>was</W><W>a</W><W>last</W><W>ditch</W><W>effort</W><W>before</W><W>giving</W><W>up</W><C><W>and</W></C><W>going</W><W>home</W><W>.</W></SENTENCE><SENTENCE><W>It</W><W>was</W><W>there</W><W>that</W><W>I</W><W>finally</W><W>selected</W><W>my</W><W>new</W><W>phone</W><W>-</W><W>The</W><W>Panasonic</W><W>KX-TG2214W.</W></SENTENCE><SENTENCE><W>Yes</W><W>,</W><W>the</W><W>&#34;</W><W>W&#34;</W><W>in</W><W>the</W><W>model</W><W>number</W><W>stands</W><W>for</W><W>white</W><W>.</W></SENTENCE><SENTENCE><W>In</W><W>general</W><W>,</W><W>I</W><W>like</W><W>all</W><W>of</W><W>my</W><W>electronics</W><W>to</W><W>be</W><W>black</W><W>.</W></SENTENCE><SENTENCE><W>It</W><C><cue ID="28" type="negation"><W>never</W></cue></C><xcope ID="116"><ref COMMENTS="" ID="118" SRC="28"></ref><C><cue ID="29" type="speculation"><W>seems</W></cue></C><xcope ID="115"><ref COMMENTS="" ID="117" SRC="29"></ref><W>to</W><W>go</W><W>out</W><W>of</W><W>fashion</W></xcope></xcope><C><W>and</W></C><W>it</W><W>always</W><W>blends</W><W>in</W><W>nicely</W><W>with</W><W>all</W><W>of</W><W>my</W><W>other</W><W>black</W><W>gadgets</W><W>.</W></SENTENCE><SENTENCE><W>I</W><W>was</W><W>a</W><W>little</W><W>disheartened</W><W>to</W><W>find</W><W>that</W><W>this</W><W>model</W><W>was</W><W>only</W><W>being</W><W>sold</W><W>in</W><W>white</W><W>but</W><W>this</W><W>particular</W><W>model</W><W>has</W><W>a</W><W>couple</W><W>of</W><W>features</W><W>that</W><W>really</W><W>set</W><W>it</W><W>apart</W><W>from</W><W>the</W><W>rest</W><W>of</W><W>the</W><W>sub</W><W>$</W><W>50</W><W>phones</W><W>.</W></SENTENCE><SENTENCE><W>For</W><W>starters</W><W>,</W><W>it</W><W>has</W><W>a</W><W>high</W><W>capacity</W><W>(</W><W>1500</W><W>mAh)Ni-MH</W><W>battery</W><W>pack</W><W>.</W></SENTENCE><SENTENCE><W>The</W><W>feature</W><W>that</W><W>sent</W><W>it</W><W>over</W><W>the</W><W>top</W><W>was</W><W>the</W><W>lighted</W><W>keypad</W><W>.</W></SENTENCE><SENTENCE><W>It</W><W>&#39;s</W><W>almost</W><W>unheard</W><W>of</W><W>for</W><W>a</W><W>phone</W><W>with</W><W>these</W><W>features</W><W>to</W><W>be</W><W>less</W><W>than</W><W>$</W><W>50</W><W>!</W></SENTENCE></P><P></P><P><SENTENCE><W>Initial</W><W>impressions</W><W>-</W><W>Ok</W><W>,</W><W>I</W><W>&#39;ve</W><W>been</W><W>through</W><W>this</W><W>before</W><W>.</W></SENTENCE><SENTENCE><W>This</W><W>phone</W><W>looks</W><C><W>and</W></C><W>feels</W><W>a</W><W>lot</W><W>like</W><W>the</W><W>older</W><W>Panasonic</W><W>that</W><W>I</W><W>bought</W><W>just</W><W>a</W><W>few</W><W>short</W><W>months</W><W>ago</W><W>.</W></SENTENCE><SENTENCE><W>I</W><W>was</W><W>surprised</W><W>to</W><W>find</W><W>that</W><W>the</W><W>white</W><W>does</W><W>n&#39;t</W><W>bother</W><W>me</W><W>as</W><W>much</W><W>as</W><W>I</W><C><cue ID="30" type="speculation"><W>thought</W></cue></C><xcope ID="119"><ref ID="128" SRC="30"></ref><W>it</W><C><cue ID="31" type="speculation"><W>might</W></cue></C></xcope><W>.</W></SENTENCE><SENTENCE><W>You</W><W>&#39;d</W><C><cue ID="32" type="speculation"><W>probably</W></cue></C><xcope ID="123"><ref COMMENTS="" ID="126" SRC="32"></ref><C><cue ID="35" type="speculation"><W>expect</W></cue></C><xcope ID="122"><ref COMMENTS="" ID="125" SRC="35"></ref><W>any</W><W>product</W><W>made</W><W>by</W><W>such</W><W>a</W><W>reputable</W><W>manufacturer</W><W>as</W><W>Panasonic</W><C><cue ID="34" type="speculation"><W>would</W></cue></C><xcope ID="121"><ref COMMENTS="" ID="124" SRC="34"></ref><W>have</W><W>a</W><W>nice</W><W>,</W><W>solid</W><W>look</W></xcope></xcope></xcope><C><W>and</W></C><C><W>feel</W></C><C><W>and</W></C><W>this</W><W>unit</W><W>is</W><C><cue ID="36" type="negation"><W>no</W></cue></C><xcope ID="127"><ref ID="129" SRC="36"></ref><W>exception</W></xcope><W>.</W></SENTENCE><SENTENCE><W>It</W><W>has</W><W>absolutely</W><C><cue ID="37" type="negation"><W>no</W></cue></C><xcope ID="131"><ref ID="137" SRC="37"></ref><W>sloppy</W><W>gaps</W><W>anywhere</W><W>that</W><W>I</W><C><cue ID="38" type="speculation"><W>can</W></cue></C><xcope ID="130"><ref ID="136" SRC="38"></ref><W>find</W></xcope></xcope><W>.</W></SENTENCE><SENTENCE><W>The</W><W>layout</W><W>of</W><W>the</W><W>keypad</W><C><W>and</W></C><W>caller</W><W>ID</W><W>is</W><W>pretty</W><W>nicely</W><W>done</W><W>,</W><W>although</W><W>I</W><W>miss</W><W>the</W><W>old</W><W>navigator</W><W>key</W><W>.</W></SENTENCE><SENTENCE><W>There</W><W>&#39;s</W><W>still</W><W>a</W><W>navigator</W><W>key</W><W>but</W><W>it</W><W>&#39;s</W><C><cue ID="39" type="negation"><W>not</W></cue></C><xcope ID="132"><ref ID="135" SRC="39"></ref><W>a</W><W>four-way</W><W>key</W><W>like</W><W>the</W><W>one</W><W>on</W><W>the</W><W>older</W><W>units</W></xcope><W>.</W></SENTENCE><SENTENCE><W>Still</W><W>,</W><W>navigating</W><W>through</W><W>the</W><W>menus</W><C><W>and</W></C><W>doing</W><W>everything</W><W>you</W><W>need</W><W>to</W><W>do</W><W>to</W><W>set</W><W>up</W><W>the</W><W>phone</W><W>is</W><W>all</W><W>easy</W><W>enough</W><W>to</W><W>learn</W><W>once</W><W>you</W><W>read</W><W>the</W><W>manual</W><W>(</W><C><W>And</W></C><W>maybe</W><W>even</W><C><cue ID="40" type="speculation"><W>if</W></cue></C><xcope ID="133"><ref ID="134" SRC="40"></ref><W>you</W><W>do</W><W>n&#39;t</W></xcope><W>)</W><W>.</W></SENTENCE></P><P></P><P><SENTENCE><W>As</W><W>it</W><W>was</W><W>with</W><W>the</W><W>older</W><W>Panasonic</W><W>,</W><W>the</W><W>Backlit</W><W>caller</W><W>ID</W><W>has</W><W>excellent</W><W>contrast</W><C><W>and</W></C><W>is</W><W>large</W><W>enough</W><W>to</W><W>be</W><W>read</W><W>at</W><W>a</W><W>comfortable</W><W>distance</W><W>.</W></SENTENCE><SENTENCE><W>The</W><W>keypad</W><W>lights</W><W>up</W><W>whenever</W><W>you</W><W>hit</W><W>buttons</W><C><W>and</W></C><W>when</W><W>the</W><W>phone</W><W>rings</W><W>.</W></SENTENCE><SENTENCE><W>Oddly</W><W>,</W><W>there</W><W>&#39;s</W><C><cue ID="41" type="negation"><W>no</W></cue></C><xcope ID="140"><ref COMMENTS="" ID="143" SRC="41"></ref><W>way</W><W>to</W><W>turn</W><W>this</W><W>feature</W><W>off</W><W>in</W><W>the</W><W>menu</W><C><cue ID="42" type="speculation"><W>if</W></cue></C><xcope ID="138"><ref COMMENTS="" ID="142" SRC="42"></ref><W>you</W><W>want</W><W>to</W><W>conserve</W><W>power</W></xcope></xcope><W>.</W></SENTENCE><SENTENCE><W>I</W><W>guess</W><W>it</W><W>&#39;s</W><C><cue ID="43" type="negation"><W>not</W></cue></C><xcope ID="139"><ref COMMENTS="" ID="141" SRC="43"></ref><W>a</W><W>huge</W><W>deal</W><W>anyway</W></xcope><W>,</W><W>since</W><W>the</W><W>battery</W><W>pack</W><W>is</W><W>listed</W><W>a</W><W>being</W><W>good</W><W>for</W><W>over</W><W>five</W><W>hours</W><W>of</W><W>talk</W><W>time</W><C><W>and</W></C><W>14</W><W>days</W><W>in</W><W>standby</W><W>.</W></SENTENCE></P><P></P><P><SENTENCE><W>Some</W><W>of</W><W>the</W><W>features</W><W>that</W><W>are</W><W>touted</W><W>on</W><W>this</W><W>phone</W><W>are</W><W>:</W></SENTENCE></P><P></P><P><SENTENCE><W>*Voice</W><W>Enhancer</W><W>Technology-</W><W>I</W><W>have</W><W>n&#39;t</W><W>got</W><W>a</W><W>clue</W><W>how</W><W>this</W><W>works</W><W>but</W><W>it</W><W>does</W><W>.</W></SENTENCE><SENTENCE><W>As</W><W>long</W><W>as</W><W>you</W><W>do</W><W>n&#39;t</W><W>turn</W><W>the</W><W>handset</W><W>volume</W><W>up</W><W>to</W><W>max</W><W>,</W><W>it</W><W>has</W><W>an</W><W>overall</W><W>pleasing</W><W>effect</W><W>.</W></SENTENCE><SENTENCE><W>Voices</W><W>do</W><W>sound</W><W>more</W><W>natural</W><W>than</W><W>on</W><W>Panasonic</W><W>&#39;s</W><W>older</W><W>2.4</W><W>GHz</W><W>units</W><C><cue ID="44" type="negation"><W>without</W></cue></C><xcope ID="144"><ref ID="147" SRC="44"></ref><W>this</W><W>technology</W></xcope><W>.</W></SENTENCE><SENTENCE><W>Still</W><W>,</W><W>it</W><W>&#39;s</W><W>kind</W><W>of</W><W>gimmicky</W><C><W>and</W></C><W>you</W><W>have</W><W>to</W><W>wonder</W><W>why</W><W>a</W><W>company</W><W>like</W><W>Panasonic</W><C><cue ID="45" type="speculation"><W>would</W></cue></C><xcope ID="146"><ref ID="149" SRC="45"></ref><W>need</W><W>to</W><W>&#34;enhance</W><W>&#34;</W><W>the</W><W>clarity</W><W>of</W><W>the</W><W>call</W></xcope><W>when</W><W>last</W><W>year</W><W>&#39;s</W><W>models</W><W>were</W><C><cue ID="46" type="speculation"><W>supposed</W></cue></C><xcope ID="145"><ref ID="148" SRC="46"></ref><W>to</W><W>be</W><W>so</W><W>great</W><W>(</W></xcope><W>According</W><W>to</W><W>their</W><W>own</W><W>packaging</W><W>last</W><W>year</W><W>)</W><W>.</W></SENTENCE></P><P></P><P><SENTENCE><W>Backlit</W><W>3-line</W><W>LCD</W><W>-</W><W>Frankly</W><W>,</W><W>I</W><W>liked</W><W>the</W><W>display</W><W>on</W><W>the</W><W>old</W><W>phone</W><W>slightly</W><W>better</W><W>.</W></SENTENCE><SENTENCE><W>When</W><W>this</W><W>phone</W><W>rings</W><W>,</W><C><cue ID="47" type="speculation"><W>if</W></cue></C><xcope ID="150"><ref ID="159" SRC="47"></ref><W>you</W><W>have</W><W>name</W><C><W>and</W></C><W>number</W><W>caller</W><W>ID</W><W>service</W></xcope><W>,</W><W>it</W><W>displays</W><W>only</W><W>the</W><W>name</W><W>first</W><W>.</W></SENTENCE><SENTENCE><xcope ID="202"><ref COMMENTS="" ID="203" SRC="49"></ref><W>This</W></xcope><C><cue ID="48" type="speculation"><W>might</W></cue></C><xcope ID="152"><ref COMMENTS="" ID="161" SRC="48"></ref><C><cue ID="49" type="speculation"><W>seem</W></cue></C><xcope ID="151"><ref COMMENTS="" ID="160" SRC="49"></ref><W>a</W><W>convenience</W></xcope></xcope><W>but</W><W>it</W><cue ID="154" type="negation"><W>does</W><W>n&#39;t</W></cue><xcope ID="153"><ref COMMENTS="" ID="162" SRC="154"></ref><W>help</W><W>much</W><W>when</W></xcope><W>your</W><W>caller</W><W>ID</W><W>service</W><W>lists</W><W>all</W><W>cellular</W><W>calls</W><W>as</W><W>&#34;</W><W>Cellular</W><W>call&#34;</W><W>.</W></SENTENCE><SENTENCE><W>Of</W><W>course</W><W>,</W><W>it</W><W>eventually</W><W>alternates</W><C><W>and</W></C><W>shows</W><W>you</W><W>the</W><W>actual</W><W>number</W><W>but</W><W>it</W><W>takes</W><W>a</W><W>few</W><W>seconds</W><W>,</W><W>valuable</W><W>time</W><W>when</W><W>you</W><W>&#39;re</W><W>trying</W><W>to</W><W>decide</W><C><cue ID="50" type="speculation"><W>whether</W></cue></C><C><cue ID="51" type="speculation"><W>or</W></cue></C><C><cue ID="52" type="negation"><xcope ID="156"><ref COMMENTS="" ID="163" SRC="51"></ref><W>not</W></xcope></cue></C><W>to</W><W>answer</W><W>a</W><W>call</W><W>.</W></SENTENCE><SENTENCE><W>The</W><W>old</W><W>phone</W><W>,</W><C><cue ID="53" type="speculation"><W>if</W></cue></C><xcope ID="155"><ref ID="164" SRC="53"></ref><W>I</W><W>remember</W><W>correctly</W><W>,</W><W>displayed</W><W>both</W><W>the</W><W>name</W><C><W>and</W></C><W>the</W><W>number</W><W>in</W><W>the</W><W>same</W><W>frame</W></xcope><W>.</W></SENTENCE><SENTENCE><W>That</W><W>&#39;s</W><W>about</W><W>the</W><W>only</W><W>gripe</W><W>I</W><W>have</W><W>with</W><W>the</W><W>LCD.</W></SENTENCE><SENTENCE><W>Otherwise</W><W>,</W><W>the</W><W>text</W><W>is</W><W>clear</W><C><W>and</W></C><W>legible</W><C><W>and</W></C><W>as</W><W>I</W><W>mentioned</W><W>,</W><W>contrast</W><W>is</W><W>excellent</W><W>(</W><C><W>and</W></C><W>also</W><W>adjustable</W><C><cue ID="54" type="speculation"><W>if</W></cue></C><xcope ID="158"><ref COMMENTS="" ID="166" SRC="54"></ref><W>you</W><cue ID="55" type="negation"><W>do</W><W>n&#39;t</W></cue><xcope ID="157"><ref COMMENTS="" ID="165" SRC="55"></ref><W>like</W><W>the</W><W>default</W><W>setting</W></xcope></xcope><W>)</W><W>.</W></SENTENCE></P><P></P><P><SENTENCE><W>This</W><W>phone</W><W>also</W><W>has</W><W>a</W><W>30</W><W>number</W><W>memory</W><W>for</W><W>the</W><W>caller</W><W>ID</W><C><W>and</W></C><W>the</W><W>ability</W><W>to</W><W>store</W><W>50</W><W>names</W><C><W>and</W></C><W>numbers</W><W>(</W><W>Far</W><W>more</W><W>than</W><W>I</W><W>&#39;ll</W><W>ever</W><W>need</W><W>)</W><W>.</W></SENTENCE></P><P></P><P><SENTENCE><W>Ultra</W><W>charge</W><W>-</W><W>It</W><W>&#39;s</W><W>nice</W><W>to</W><W>see</W><W>that</W><W>cordless</W><W>manufacturers</W><W>are</W><W>finally</W><W>taking</W><W>notice</W><W>of</W><W>people</W><W>&#39;s</W><W>desperate</W><W>pleas</W><W>to</W><W>shorten</W><W>the</W><W>length</W><W>of</W><W>time</W><W>it</W><W>takes</W><W>to</W><W>recharge</W><W>the</W><W>battery</W><W>packs</W><W>in</W><W>their</W><W>phones</W><W>.</W></SENTENCE><SENTENCE><W>On</W><W>top</W><W>of</W><W>the</W><W>incredible</W><W>14</W><W>day</W><W>standby</W><W>time</W><W>for</W><W>this</W><W>battery</W><W>pack</W><W>,</W><W>it</W><W>will</W><W>take</W><W>a</W><W>full</W><W>charge</W><W>in</W><W>six</W><W>hours</W><W>.</W></SENTENCE><SENTENCE><W>This</W><W>is</W><W>a</W><W>vast</W><W>improvement</W><W>but</W><W>I</W><W>guess</W><W>these</W><W>manufacturers</W><C><W>expect</W></C><W>us</W><W>to</W><W>forget</W><W>that</W><W>we</W><W>&#39;re</W><W>living</W><W>in</W><W>a</W><W>world</W><W>where</W><W>you</W><C><cue ID="56" type="speculation"><W>can</W></cue></C><xcope ID="167"><ref COMMENTS="" ID="169" SRC="56"></ref><W>charge</W><W>your</W><W>cell</W><W>battery</W><W>pack</W><W>in</W><W>three</W><W>hours</W></xcope><C><W>and</W></C><W>keep</W><W>a</W><W>spare</W><W>charged</W><W>up</W><C><W>and</W></C><W>ready</W><W>to</W><W>go</W><W>.</W></SENTENCE><SENTENCE><W>It</W><W>&#39;s</W><W>also</W><W>the</W><W>same</W><W>world</W><W>in</W><W>which</W><W>I</W><C><cue ID="57" type="speculation"><W>can</W></cue></C><xcope ID="168"><ref COMMENTS="" ID="170" SRC="57"></ref><W>fully</W><W>charge</W><W>two</W><W>AA</W><W>Ni-MH</W><W>cells</W><W>for</W><W>my</W><W>digital</W><W>camera</W><W>in</W><W>about</W><W>an</W><W>hour</W></xcope><W>.</W></SENTENCE><SENTENCE><W>I</W><W>guess</W><W>it</W><W>all</W><W>boils</W><W>down</W><W>to</W><W>cost</W><W>.</W></SENTENCE><SENTENCE><W>Cordless</W><W>phones</W><W>already</W><W>cost</W><W>more</W><W>than</W><W>they</W><C><cue ID="58" type="speculation"><W>should</W></cue></C><C><W>and</W></C><W>I</W><W>guess</W><W>these</W><W>companies</W><W>are</W><W>just</W><W>happy</W><W>that</W><W>people</W><W>buy</W><W>them</W><W>at</W><W>all</W><W>.</W></SENTENCE></P><P></P><P><SENTENCE><W>How</W><W>does</W><W>this</W><W>phone</W><W>sound</W><W>?</W></SENTENCE><SENTENCE><W>Well</W><W>,</W><W>I</W><W>do</W><W>n&#39;t</W><W>require</W><W>audiophile</W><W>sound</W><W>from</W><W>my</W><W>telephones</W><W>.</W></SENTENCE><SENTENCE><C><cue ID="59" type="speculation"><W>If</W></cue></C><xcope ID="172"><ref ID="191" SRC="59"></ref><W>I</W><C><cue ID="60" type="speculation"><W>can</W></cue></C><xcope ID="171"><ref COMMENTS="" ID="190" SRC="60"></ref><W>hear</W></xcope></xcope><C><W>and</W></C><W>understand</W><W>what</W><W>the</W><W>person</W><W>on</W><W>the</W><W>other</W><W>end</W><W>is</W><W>saying</W><C><W>and</W></C><W>they</W><C><cue ID="61" type="speculation"><W>can</W></cue></C><xcope ID="173"><ref ID="193" SRC="61"></ref><W>hear</W><C><W>and</W></C><W>understand</W><W>me</W></xcope><W>,</W><W>I</W><W>&#39;m</W><W>satisfied</W><W>.</W></SENTENCE><SENTENCE><W>Naturally</W><W>,</W><W>I</W><W>&#39;m</W><C><cue ID="62" type="negation"><W>not</W></cue></C><xcope ID="174"><ref ID="192" SRC="62"></ref><W>a</W><W>big</W><W>fan</W><W>of</W><W>static</W></xcope><W>.</W></SENTENCE><SENTENCE><W>So</W><W>far</W><W>all</W><W>of</W><W>the</W><W>calls</W><W>I</W><W>&#39;ve</W><W>made</W><W>on</W><W>this</W><W>phone</W><W>have</W><W>been</W><W>clear</W><C><W>and</W></C><W>relatively</W><W>static</W><W>free</W><W>.</W></SENTENCE><SENTENCE><W>It</W><W>makes</W><W>me</W><W>wonder</W><W>when</W><W>I</W><W>hear</W><W>persistent</W><W>complaints</W><W>about</W><W>static</W><C><W>and</W></C><W>&#34;horrible</W><W>audio</W><W>quality</W><W>&#34;</W><W>with</W><W>very</W><W>similar</W><W>phones</W><W>in</W><W>Panasonic</W><W>&#39;s</W><W>lineup</W><W>.</W></SENTENCE><SENTENCE><W>Maybe</W><W>I</W><W>&#39;m</W><W>just</W><C><cue ID="63" type="negation"><W>not</W></cue></C><xcope ID="175"><ref COMMENTS="" ID="194" SRC="63"></ref><W>as</W><W>picky</W><W>as</W><W>some</W><W>folks</W></xcope><W>,</W><W>who</W><W>knows</W><W>?</W><W>(</W><W>Update</W><W>:</W><W>12/04/03</W><W>)</W><W>As</W><W>I</W><W>&#39;ve</W><W>used</W><W>the</W><W>phone</W><W>more</W><W>in</W><W>recent</W><W>days</W><W>,</W><W>I</W><W>have</W><W>indeed</W><W>noticed</W><W>a</W><W>slight</W><W>&#34;echo</W><W>&#34;</W><W>in</W><W>the</W><W>sound</W><W>.</W></SENTENCE><SENTENCE><W>Basically</W><W>,</W><W>you</W><C><cue ID="64" type="speculation"><W>can</W></cue></C><xcope ID="176"><ref ID="195" SRC="64"></ref><W>kind</W><W>of</W><W>hear</W><W>your</W><W>own</W><W>voice</W><W>in</W><W>a</W><W>delayed</W><W>sort</W><W>of</W><W>way</W><W>after</W><W>you</W><W>speak</W></xcope><W>.</W></SENTENCE><SENTENCE><W>It</W><W>&#39;s</W><C><cue ID="65" type="negation"><W>not</W></cue></C><xcope ID="197"><ref COMMENTS="" ID="198" SRC="65"></ref><W>really</W><W>bad</W><W>though</W></xcope><C><W>and</W></C><cue ID="66" type="negation"><W>does</W><W>n&#39;t</W></cue><xcope ID="178"><ref COMMENTS="" ID="196" SRC="66"></ref><W>really</W><W>affect</W><xcope ID="177"><W>my</W><W>overall</W><W>impression</W><C><cue ID="67" type="speculation"><W>or</W></cue></C><W>rating</W><W>of</W><W>the</W><W>phone</W></xcope></xcope><W>.</W></SENTENCE><SENTENCE><W>The</W><W>only</W><W>time</W><W>when</W><W>I</W><W>noticed</W><W>a</W><W>really</W><W>procounced</W><W>form</W><W>of</W><W>this</W><W>echo</W><W>was</W><W>when</W><W>someone</W><W>else</W><W>in</W><W>my</W><W>house</W><W>was</W><W>on</W><W>the</W><W>other</W><W>line</W><W>at</W><W>the</W><W>same</W><W>time</W><W>.</W></SENTENCE></P><P></P><P><SENTENCE><xcope ID="204"><ref COMMENTS="" ID="205" SRC="68"></ref><W>The</W><W>Speakerphone</W><W>-</W><W>Panasonic</W></xcope><C><cue ID="68" type="speculation"><W>seems</W></cue></C><xcope ID="179"><ref COMMENTS="" ID="199" SRC="68"></ref><W>to</W><W>be</W><W>one</W><W>of</W><W>the</W><W>few</W><W>manufacturers</W><W>that</W><W>builds</W><W>speakerphones</W><W>into</W><W>their</W><W>handsets</W></xcope><C><W>and</W></C><W>sells</W><W>them</W><W>for</W><W>a</W><W>reasonable</W><W>price</W><W>.</W></SENTENCE><SENTENCE><W>The</W><W>speakerphone</W><W>on</W><W>this</W><W>one</W><W>does</W><W>what</W><W>it</W><W>&#39;s</W><C><W>supposed</W></C><W>to</W><W>.</W></SENTENCE><SENTENCE><W>I</W><cue ID="181" type="negation"><W>have</W><W>n&#39;t</W></cue><xcope ID="180"><ref COMMENTS="" ID="200" SRC="181"></ref><W>used</W><W>it</W><W>much</W></xcope><W>but</W><W>when</W><W>I</W><W>have</W><W>,</W><W>it</W><W>&#39;s</W><W>given</W><W>me</W><W>the</W><W>ability</W><W>to</W><W>talk</W><W>hands</W><W>free</W><W>.</W></SENTENCE><SENTENCE><W>The</W><W>sound</W><W>comes</W><W>out</W><W>of</W><W>the</W><W>speaker</W><W>on</W><W>the</W><W>rear</W><W>of</W><W>the</W><W>handset</W><W>loud</W><C><W>and</W></C><W>clear</W><W>.</W></SENTENCE></P><P></P><P><SENTENCE><W>Is</W><W>the</W><W>battery</W><W>issue</W><W>resolved</W><W>?</W></SENTENCE><SENTENCE><W>Yes</W><W>,</W><W>I</W><C><cue ID="69" type="speculation"><W>believe</W></cue></C><xcope ID="182"><ref COMMENTS="" ID="202" SRC="69"></ref><W>so</W></xcope><W>.</W></SENTENCE><SENTENCE><W>I</W><cue ID="70" type="negation"><W>have</W><W>n&#39;t</W></cue><xcope ID="183"><ref COMMENTS="" ID="201" SRC="70"></ref><W>encountered</W><W>any</W><W>of</W><W>the</W><W>problems</W></xcope><W>that</W><W>I</W><W>had</W><W>with</W><W>the</W><W>old</W><W>phone</W><W>in</W><W>this</W><W>unit</W><W>.</W></SENTENCE><SENTENCE><W>So</W><W>far</W><W>,</W><W>both</W><W>talk</W><C><W>and</W></C><W>standby</W><W>times</W><W>have</W><W>been</W><W>great</W><W>!</W></SENTENCE></P><P></P><P><SENTENCE><W>Do</W><W>I</W><W>recommend</W><W>this</W><W>phone</W><W>?</W></SENTENCE><SENTENCE><W>Yes</W><W>,</W><W>with</W><W>a</W><W>slight</W><W>reservation</W><W>.</W></SENTENCE><SENTENCE><C><cue ID="71" type="speculation"><W>If</W></cue></C><xcope ID="184"><ref COMMENTS="" ID="203" SRC="71"></ref><W>you</W><W>demand</W><W>absolute</W><W>perfection</W><W>in</W><W>a</W><W>cordless</W><W>unit</W></xcope><W>,</W><W>you</W><W>&#39;re</W><W>almost</W><W>certainly</W><W>going</W><W>to</W><W>be</W><W>spending</W><W>far</W><W>more</W><W>than</W><W>the</W><W>$</W><W>49.95</W><W>that</W><W>I</W><W>paid</W><W>for</W><W>this</W><W>.</W></SENTENCE><SENTENCE><W>This</W><W>unit</W><W>is</W><W>n&#39;t</W><W>perfect</W><C><W>and</W></C><W>has</W><W>some</W><W>limitations</W><W>.</W></SENTENCE><SENTENCE><W>I</W><W>have</W><W>n&#39;t</W><W>tested</W><W>the</W><W>range</W><W>but</W><W>it</W><W>works</W><W>great</W><W>in</W><W>my</W><W>apartment</W><W>.</W></SENTENCE><SENTENCE><W>That</W><W>&#39;s</W><W>all</W><W>the</W><W>range</W><W>I</W><W>need</W><W>.</W></SENTENCE><SENTENCE><C><cue ID="72" type="speculation"><W>If</W></cue></C><xcope ID="185"><ref COMMENTS="" ID="204" SRC="72"></ref><W>you</W><W>need</W><W>more</W><W>range</W></xcope><W>,</W><W>judging</W><W>from</W><W>some</W><W>of</W><W>the</W><W>other</W><W>reviews</W><W>I</W><W>&#39;ve</W><W>read</W><W>about</W><W>Panasonic</W><W>&#39;s</W><W>Gigarange</W><W>line</W><W>,</W><W>you</W><C><cue ID="73" type="speculation"><W>might</W></cue></C><xcope ID="186"><ref COMMENTS="" ID="205" SRC="73"></ref><W>want</W><W>to</W><W>look</W><W>elsewhere</W></xcope><W>.</W></SENTENCE><SENTENCE><W>My</W><W>needs</W><W>are</W><W>very</W><W>basic</W><C><W>and</W></C><W>this</W><W>unit</W><W>has</W><W>features</W><W>that</W><W>I</W><C><cue ID="74" type="speculation"><W>may</W></cue></C><xcope ID="189"><ref COMMENTS="" ID="208" SRC="74"></ref><C><cue ID="75" type="negation"><W>not</W></cue></C><xcope ID="188"><ref COMMENTS="" ID="207" SRC="75"></ref><W>ever</W><W>use</W></xcope></xcope><W>.</W></SENTENCE><SENTENCE><W>I</W><cue ID="76" type="negation"><W>have</W><W>n&#39;t</W></cue><xcope ID="187"><ref COMMENTS="" ID="206" SRC="76"></ref><W>listed</W><W>them</W><W>all</W></xcope><W>,</W><W>as</W><W>this</W><W>review</W><W>is</W><W>already</W><W>running</W><W>long</W><W>.</W></SENTENCE></P></DOCUMENT>
