<?xml version="1.0" encoding="UTF-8"?>
<DOCUMENT><P/><P><SENTENCE><W>I</W><W>have</W><W>had</W><W>this</W><W>phone</W><W>for</W><W>about</W><W>a</W><W>month</W><W>now</W><W>.</W></SENTENCE><SENTENCE><W>So</W><W>far</W><W>it</W><W>has</W><W>been</W><W>a</W><W>great</W><W>quality</W><W>piece</W><W>of</W><W>equipment</W><W>.</W></SENTENCE><SENTENCE><W>It</W><W>sounds</W><W>good</W><W>,</W><W>has</W><W>long</W><W>range</W><W>,</W><W>includes</W><W>tons</W><W>of</W><W>features</W><C><W>and</W></C><W>is</W><W>Wi-Fi</W><W>friendly</W><W>.</W></SENTENCE></P><P/><P><SENTENCE><W>First</W><W>the</W><W>phone</W><W>sounds</W><W>great</W><W>.</W></SENTENCE><SENTENCE><W>It</W><W>is</W><W>crisp</W><C><W>and</W></C><W>clear</W><W>,</W><W>even</W><W>at</W><W>long</W><W>distances</W><W>.</W></SENTENCE><SENTENCE><W>It</W><W>has</W><W>speakerphone</W><W>both</W><W>on</W><W>the</W><W>handset</W><C><W>and</W></C><W>the</W><W>base</W><W>station</W><W>which</W><W>is</W><W>clear</W><W>for</W><W>both</W><W>myself</W><C><W>and</W></C><W>the</W><W>people</W><W>I</W><W>talk</W><W>to</W><W>.</W></SENTENCE><SENTENCE><W>The</W><W>handset</W><W>has</W><W>a</W><W>&apos;booster</W><W>&apos;</W><W>feature</W><W>that</W><W>you</W><C><cue ID="0" type="speculation"><W>can</W></cue></C><xcope ID="19"><ref ID="20" SRC="0"/><W>flip</W><W>on</W><W>when</W><W>you</W><W>start</W><W>going</W><W>out</W><W>of</W><W>range</W></xcope><W>.</W></SENTENCE><SENTENCE><W>It</W><W>uses</W><W>more</W><W>battery</W><W>power</W><W>,</W><W>but</W><W>helps</W><W>to</W><W>keep</W><W>your</W><W>signal</W><W>strong</W><W>when</W><W>far</W><W>away</W><W>.</W></SENTENCE><SENTENCE><W>The</W><W>main</W><W>reason</W><W>I</W><W>avoided</W><W>2.4</W><W>GHZ</W><W>phones</W><W>for</W><W>so</W><W>long</W><W>was</W><W>the</W><W>interference</W><W>with</W><W>my</W><W>Wi-Fi</W><W>network</W><W>.</W></SENTENCE><SENTENCE><W>There</W><W>have</W><W>been</W><W>numerous</W><W>stories</W><W>where</W><W>people</W><W>have</W><W>invested</W><W>a</W><W>couple</W><W>hundred</W><W>in</W><W>a</W><W>nice</W><W>phone</W><C><W>and</W></C><W>then</W><xcope ID="18"><ref ID="21" SRC="1"/><W>have</W><W>to</W><W>return</W><W>it</W><C><cue ID="1" type="speculation"><W>or</W></cue></C><W>throw</W><W>it</W><W>away</W></xcope><W>because</W><W>it</W><W>shuts</W><W>down</W><W>their</W><W>Wi-Fi</W><W>.</W></SENTENCE><SENTENCE><W>I</W><W>got</W><W>this</W><W>phone</W><W>from</W><W>my</W><W>parents</W><W>as</W><W>a</W><W>gift</W><C><W>and</W></C><W>tried</W><W>it</W><W>out</W><W>right</W><W>next</W><W>to</W><W>my</W><W>wireless</W><W>Powerbook</W><W>.</W></SENTENCE><SENTENCE><W>I</W><W>was</W><W>able</W><W>to</W><W>talk</W><W>on</W><W>the</W><W>phone</W><C><W>and</W></C><W>surf</W><W>the</W><W>net</W><W>with</W><C><cue ID="2" type="negation"><W>no</W></cue></C><xcope ID="17"><ref ID="22" SRC="2"/><W>problems</W></xcope><W>.</W></SENTENCE><SENTENCE><W>The</W><W>powerbook</W><W>still</W><W>maintained</W><W>full</W><W>signal</W><W>.</W></SENTENCE></P><P/><P><SENTENCE><W>This</W><W>phone</W><W>also</W><W>sports</W><W>a</W><W>lot</W><W>of</W><W>features</W><W>,</W><cue ID="5" type="speculation"><W>maybe</W></cue><xcope ID="16"><ref COMMENTS="" ID="23" SRC="5"/><W>too</W><W>many</W><W>for</W><W>some</W></xcope><W>.</W></SENTENCE><SENTENCE><W>I</W><W>am</W><W>a</W><W>gadget</W><W>geek</W><W>so</W><W>I</W><W>am</W><W>enjoying</W><W>it</W><W>.</W></SENTENCE><SENTENCE><W>My</W><W>favorite</W><W>feature</W><W>is</W><W>the</W><W>3</W><W>mailboxes</W><W>(</W><W>so</W><W>my</W><W>roommate</W><C><W>and</W></C><W>I</W><C><cue ID="3" type="speculation"><W>can</W></cue></C><xcope ID="15"><ref ID="25" SRC="3"/><W>have</W><W>separate</W><W>boxes</W></xcope><W>)</W><W>.</W></SENTENCE><SENTENCE><W>You</W><C><cue ID="4" type="speculation"><W>can</W></cue></C><xcope ID="14"><ref ID="24" SRC="4"/><W>also</W><W>transfer</W><W>a</W><W>caller</W><W>to</W><W>voicemail</W></xcope><C><W>instead</W></C><W>of</W><W>taking</W><W>a</W><W>message</W><W>for</W><W>the</W><W>other</W><W>person</W><W>!</W></SENTENCE><SENTENCE><C><cue ID="6" type="negation"><W>No</W></cue></C><xcope ID="13"><ref ID="26" SRC="6"/><W>more</W><W>pads</W><W>of</W><W>paper</W><W>next</W><W>to</W><W>the</W><W>phone</W><W>.</W></xcope></SENTENCE></P><P/><P><SENTENCE><W>The</W><W>major</W><W>con</W><W>to</W><W>this</W><W>phone</W><W>is</W><W>the</W><W>total</W><W>dependency</W><W>on</W><W>the</W><W>handset</W><W>.</W></SENTENCE><SENTENCE><W>There</W><W>is</W><C><cue ID="7" type="negation"><W>no</W></cue></C><xcope ID="12"><ref ID="27" SRC="7"/><W>intuitive</W></xcope><W>LCD</W><W>on</W><W>the</W><W>base</W><W>station</W><W>,</W><W>just</W><W>a</W><W>number</W><W>readout</W><W>for</W><W>the</W><W>messages</W><W>received</W><W>.</W></SENTENCE><SENTENCE><W>You</W><W>have</W><W>to</W><W>have</W><W>the</W><W>handset</W><W>to</W><W>do</W><W>all</W><W>programming</W><C><W>and</W></C><W>adjustments</W><W>to</W><W>the</W><W>phones</W><W>features</W><W>.</W></SENTENCE><SENTENCE><C><cue ID="8" type="speculation"><W>If</W></cue></C><xcope ID="11"><ref ID="28" SRC="8"/><W>it</W><W>isnt</W><W>charged</W></xcope><W>,</W><W>your</W><W>out</W><W>of</W><W>luck</W><W>.</W></SENTENCE><SENTENCE><W>The</W><W>address</W><W>book</W><W>is</W><W>also</W><W>hard</W><W>to</W><W>get</W><W>to</W><W>,</W><W>you</W><W>have</W><W>to</W><W>click</W><W>the</W><W>down</W><W>arrow</W><W>,</W><W>then</W><W>side</W><W>arrow</W><W>,</W><C><W>and</W></C><W>then</W><W>scroll</W><W>through</W><W>the</W><W>names</W><W>.</W></SENTENCE><SENTENCE><W>It</W><C><cue ID="9" type="speculation"><W>should</W></cue></C><xcope ID="10"><ref ID="29" SRC="9"/><W>be</W><W>a</W><W>single</W><W>button</W><W>click</W><W>to</W><W>get</W><W>to</W><W>the</W><W>address</W><W>book</W></xcope><W>.</W></SENTENCE></P></DOCUMENT>