<?xml version="1.0" encoding="UTF-8"?>
<DOCUMENT><P/><P><SENTENCE><W>Our</W><W>Sony</W><W>phones</W><W>died</W><W>after</W><W>7</W><W>years</W><W>...which</W><W>I</W><cue ID="1" type="negation"><W>do</W><W>n&apos;t</W></cue><xcope ID="12"><ref COMMENTS="" ID="18" SRC="1"/><C><cue ID="2" type="speculation"><W>think</W></cue></C><xcope ID="11"><ref ID="17" SRC="2"/><W>is</W><W>too</W><W>bad</W><W>for</W><W>a</W><W>cordless</W><W>phone</W></xcope></xcope><W>.</W></SENTENCE><SENTENCE><W>We</W><W>wanted</W><W>something</W><W>less</W><W>bulky</W><W>,</W><W>clear</W><W>sound</W><C><W>and</W></C><W>easy</W><W>to</W><W>operate</W><W>.</W></SENTENCE><SENTENCE><W>My</W><W>husband</W><W>hates</W><W>talking</W><W>on</W><W>the</W><W>phone</W><W>,</W><W>so</W><W>I</W><W>had</W><W>to</W><W>find</W><W>something</W><W>light-weight</W><C><W>and</W></C><W>comfortable</W><W>.</W></SENTENCE><SENTENCE><W>This</W><W>phone</W><W>has</W><W>it</W><W>all</W><W>!</W></SENTENCE><SENTENCE><W>2.4G</W><W>is</W><W>great</W><W>for</W><W>the</W><W>country</W><W>,</W><C><W>and</W></C><C><cue ID="3" type="negation"><W>no</W></cue></C><xcope ID="10"><ref ID="16" SRC="3"/><W>problems</W><W>near</W><W>the</W><W>microwave</W></xcope><W>.</W></SENTENCE><SENTENCE><W>Lighted</W><W>key</W><W>pad</W><W>helps</W><W>in</W><W>low</W><W>light</W><W>times</W><W>.</W></SENTENCE><SENTENCE><W>You</W><C><cue ID="4" type="speculation"><W>can</W></cue></C><xcope ID="9"><ref ID="15" SRC="4"/><W>choose</W><W>from</W><W>6</W><W>different</W><W>ring</W><W>tones</W></xcope><W>,</W><W>but</W><W>it</W><W>had</W><C><cue ID="5" type="negation"><W>no</W></cue></C><xcope ID="8"><ref ID="14" SRC="5"/><W>&quot;regular</W><W>&quot;</W><W>phone</W><W>ring</W></xcope><W>,</W><W>these</W><W>are</W><W>all</W><W>very</W><W>electronic</W><W>sounding</W><W>.</W></SENTENCE><SENTENCE><W>The</W><W>intercom</W><W>comes</W><W>in</W><W>handy</W><W>when</W><W>I</W><W>&apos;m</W><W>upstairs</W><C><W>and</W></C><W>he</W><W>is</W><W>downstairs</W><W>.</W></SENTENCE><SENTENCE><C><W>And</W></C><W>,</W><W>having</W><W>an</W><W>extra</W><W>handset</W><W>with</W><C><cue ID="6" type="negation"><W>no</W></cue></C><xcope ID="7"><ref ID="13" SRC="6"/><W>need</W><W>for</W><W>a</W><W>phone</W><W>jack</W></xcope><W>saved</W><W>us</W><W>some</W><W>&quot;renovations</W><W>&quot;</W></SENTENCE></P></DOCUMENT>