<?xml version="1.0" encoding="UTF-8"?>
<DOCUMENT><P/><P><SENTENCE><W>Wanted</W><W>a</W><W>5.8</W><W>ghz</W><W>phone</W><W>to</W><W>replace</W><W>a</W><W>900</W><W>mhz</W><W>model</W><W>,</W><W>skipped</W><W>2.4</W><W>ghz</W><W>range</W><W>to</W><W>avoid</W><W>interference</W><W>with</W><W>in</W><W>home</W><W>wi-fi</W><W>set</W><W>up</W><W>.</W></SENTENCE><SENTENCE><W>Also</W><W>wanted</W><W>Caller</W><W>ID</W><W>but</W><W>did</W><C><cue ID="0" type="negation"><W>not</W></cue></C><W>need</W><W>digital</W><W>answering</W><W>feature</W><W>since</W><W>we</W><W>have</W><W>SBC</W><W>Voice</W><W>mail</W><W>.</W></SENTENCE><SENTENCE><W>This</W><W>was</W><W>a</W><W>second</W><W>choice</W><W>which</W><W>I</W><W>selected</W><W>after</W><W>buying</W><C><W>and</W></C><W>returning</W><W>Vtech</W><W>5831</W><W>(</W><W>see</W><W>separate</W><W>review</W><W>)</W><W>.</W></SENTENCE></P><P/><P><SENTENCE><W>Now</W><W>that</W><W>I</W><W>have</W><W>this</W><W>phone</W><W>I</W><C><cue ID="1" type="speculation"><W>can</W></cue></C><xcope ID="22"><ref COMMENTS="" ID="23" SRC="1"/><W>recommend</W><W>it</W></xcope><W>.</W></SENTENCE></P><P/><P><SENTENCE><W>The</W><W>phone</W><W>has</W><W>a</W><W>nice</W><W>amber</W><W>backlit</W><W>LCD.</W></SENTENCE><SENTENCE><C><cue ID="2" type="negation"><W>Not</W></cue></C><xcope ID="21"><ref COMMENTS="" ID="24" SRC="2"/><W>as</W><W>many</W><W>pixels</W><W>as</W><W>the</W><W>Vtech</W><W>model</W><W>but</W><W>quite</W><W>readable</W></xcope><W>.</W></SENTENCE><SENTENCE><W>Large</W><W>talk</W><W>button</W><W>with</W><W>smaller</W><W>function</W><W>buttons</W><W>arrayed</W><W>around</W><W>it</W><W>requires</W><W>a</W><W>little</W><W>practice</W><W>but</W><W>a</W><W>well</W><W>written</W><W>manual</W><W>comes</W><W>with</W><W>the</W><W>package</W><C><W>and</W></C><W>we</W><W>&apos;ve</W><W>quickly</W><W>learned</W><W>to</W><W>use</W><W>it</W><W>.</W></SENTENCE></P><P/><P><SENTENCE><W>Sound</W><W>quality</W><W>is</W><W>excellent</W><C><W>and</W></C><W>it</W><W>is</W><W>true</W><W>5.8</W><W>ghz</W><W>both</W><W>ways</W><W>between</W><W>base</W><W>unit</W><C><W>and</W></C><W>handsets</W><W>.</W></SENTENCE></P><P/><P><SENTENCE><W>The</W><W>package</W><W>comes</W><W>with</W><W>2</W><W>handsets</W><W>--</W><C><W>and</W></C><W>2</W><W>chargers</W><W>--</W><W>a</W><W>real</W><W>plus</W><W>.</W></SENTENCE><SENTENCE><W>All</W><W>the</W><W>other</W><W>packages</W><W>provide</W><W>one</W><W>handset</W><C><W>and</W></C><W>want</W><W>to</W><W>sell</W><W>you</W><W>additional</W><W>handsets</W><W>.</W></SENTENCE><SENTENCE><W>I</W><W>am</W><cue ID="19" type="speculation"><C><cue ID="3" type="negation"><W>not</W></cue></C><W>sure</W></cue><xcope ID="20"><ref COMMENTS="" ID="27" SRC="19"/><C><cue ID="4" type="speculation"><W>if</W></cue></C><xcope ID="18"><ref COMMENTS="" ID="26" SRC="4"/><W>you</W><C><cue ID="5" type="speculation"><W>can</W></cue></C><xcope ID="17"><ref COMMENTS="" ID="25" SRC="5"/><W>add</W><W>more</W><W>handsets</W><W>to</W><W>this</W><W>setup</W></xcope></xcope></xcope><W>,</W><W>but</W><W>having</W><W>2</W><W>out</W><W>of</W><W>the</W><W>box</W><W>is</W><W>a</W><W>very</W><W>good</W><W>deal</W><W>.</W></SENTENCE><SENTENCE><W>C</W><W>&apos;mon</W><W>,</W><W>unless</W><W>you</W><W>live</W><W>in</W><W>a</W><W>mansion</W><W>,</W><W>how</W><W>many</W><W>handsets</W><W>do</W><W>you</W><W>really</W><W>need</W><W>?</W></SENTENCE></P><P/><P><SENTENCE><W>The</W><W>only</W><W>thing</W><W>that</W><W>I</W><W>do</W><W>n&apos;t</W><W>like</W><W>about</W><W>this</W><W>product</W><W>is</W><W>that</W><W>each</W><W>handset</W><W>is</W><W>an</W><W>island</W><W>unto</W><W>itself</W><W>;</W><W>there</W><W>is</W><C><cue ID="6" type="negation"><W>no</W></cue></C><xcope ID="16"><ref COMMENTS="" ID="28" SRC="6"/><W>way</W><W>to</W><W>synchronize</W><W>the</W><W>address</W><W>books</W><W>between</W><W>handsets</W></xcope><W>.</W></SENTENCE><SENTENCE><W>So</W><W>you</W><W>have</W><W>to</W><W>create</W><W>each</W><W>address</W><W>book</W><W>separately</W><W>.</W></SENTENCE><SENTENCE><W>To</W><W>be</W><W>fair</W><W>,</W><W>I</W><W>am</W><cue ID="14" type="speculation"><C><W>not</W></C><W>sure</W></cue><xcope ID="15"><ref COMMENTS="" ID="29" SRC="14"/><W>that</W><W>any</W><W>other</W><W>cordless</W><W>phone</W><W>offers</W><W>the</W><W>kind</W><W>of</W><W>&quot;address</W><W>book</W><W>synchronization</W></xcope><W>&quot;</W><W>I</W><W>am</W><W>complaining</W><W>about</W><W>,</W><W>so</W><W>this</W><C><cue ID="8" type="speculation"><W>may</W></cue></C><xcope ID="13"><ref COMMENTS="" ID="30" SRC="8"/><W>be</W><W>more</W><W>of</W><W>a</W><W>personal</W><W>gripe</W></xcope><W>.</W></SENTENCE><SENTENCE><W>Still</W><W>,</W><W>my</W><W>wife</W><C><W>and</W></C><W>I</W><W>beam</W><W>address</W><W>book</W><W>data</W><W>between</W><W>our</W><W>PDA</W><W>&apos;s</W><W>,</W><W>so</W><W>this</W><W>is</W><C><cue ID="9" type="negation"><W>not</W></cue></C><xcope ID="10"><ref COMMENTS="" ID="31" SRC="9"/><W>exactly</W><W>a</W><W>cutting</W><W>edge</W><W>technology</W></xcope><W>.</W></SENTENCE><SENTENCE><cue ID="11" type="speculation"><W>Maybe</W></cue><xcope ID="12"><ref COMMENTS="" ID="32" SRC="11"/><W>someday</W><W>they</W><W>will</W><W>include</W><W>IR</W><W>beaming</W><W>between</W><W>the</W><W>handsets</W></xcope><W>.</W></SENTENCE><SENTENCE><W>Until</W><W>that</W><W>day</W><W>comes</W><W>,</W><W>this</W><W>is</W><W>still</W><W>a</W><W>very</W><W>good</W><W>buy</W><W>.</W></SENTENCE></P><P/><P><SENTENCE><W>The</W><W>phone</W><W>works</W><W>,</W><W>sounds</W><W>great</W><W>,</W><W>is</W><W>true</W><W>5.8</W><W>ghz</W><W>,</W><W>is</W><W>easy</W><W>to</W><W>program</W><W>,</W><C><W>and</W></C><W>you</W><W>get</W><W>2</W><W>handsets</W><W>in</W><W>the</W><W>box</W><W>.</W></SENTENCE><SENTENCE><W>Highly</W><W>recommended</W><W>.</W></SENTENCE></P></DOCUMENT>