<?xml version="1.0" encoding="UTF-8"?>
<DOCUMENT><P></P><P><SENTENCE><W>I</W><W>have</W><W>a</W><W>home</W><W>office</W><C><W>and</W></C><W>three</W><W>kids</W><W>(</W><W>11</W><W>,</W><W>13</W><C><W>and</W></C><W>15</W><W>years</W><W>old</W><W>)</W><C><W>and</W></C><W>this</W><W>phone</W><W>system</W><W>is</W><W>awesome</W><W>!</W></SENTENCE><SENTENCE><W>We</W><W>&#39;ve</W><W>been</W><W>using</W><W>it</W><W>for</W><W>about</W><W>9</W><W>months</W><W>now</W><W>.</W></SENTENCE><SENTENCE><W>The</W><W>kids</W><W>phones</W><W>are</W><W>set</W><W>to</W><C><cue ID="0" type="negation"><W>not</W></cue></C><xcope ID="13"><ref ID="39" SRC="0"></ref><W>ring</W><W>when</W><W>the</W><W>business</W><W>line</W><W>rings</W></xcope><W>so</W><W>they</W><cue ID="14" type="negation"><W>do</W><W>n&#39;t</W></cue><xcope ID="15"><ref COMMENTS="" ID="38" SRC="14"></ref><W>answer</W><W>my</W><W>business</W><W>calls</W></xcope><W>.</W></SENTENCE><SENTENCE><W>I</W><W>also</W><W>have</W><W>my</W><W>business</W><W>line</W><W>set</W><W>for</W><W>a</W><W>different</W><W>sound</W><W>when</W><W>it</W><W>rings</W><W>.</W></SENTENCE><SENTENCE><W>The</W><W>kids</W><C><cue ID="1" type="negation"><W>cannot</W></cue></C><xcope ID="16"><ref ID="37" SRC="1"></ref><W>pick</W><W>up</W><W>my</W><W>business</W><W>line</W><W>while</W><W>I</W><W>am</W><W>on</W><W>it</W></xcope><W>.</W></SENTENCE></P><P></P><P><SENTENCE><W>I</W><W>have</W><W>programmed</W><W>all</W><W>of</W><W>my</W><W>handsets</W><W>to</W><C><cue ID="2" type="negation"><W>NOT</W></cue></C><xcope ID="17"><ref ID="36" SRC="2"></ref><W>answer</W><W>when</W><W>the</W><W>phone</W><W>is</W><W>lifted</W><W>out</W><W>of</W><W>the</W><W>charger</W></xcope><W>,</W><W>I</W><C><cue ID="3" type="speculation"><W>can</W></cue></C><xcope ID="18"><ref COMMENTS="" ID="35" SRC="3"></ref><W>pick</W><W>up</W><W>the</W><W>phone</W><W>to</W><W>see</W><W>who</W><W>is</W><W>calling</W></xcope><C><W>and</W></C><W>decide</W><C><cue ID="4" type="speculation"><xcope ID="33"><ref ID="34" SRC="5"></ref><W>whether</W></xcope></cue></C><C><cue ID="5" type="speculation"><W>or</W></cue></C><xcope ID="19"><ref COMMENTS="" ID="32" SRC="5"></ref><C><cue ID="6" type="negation"><W>not</W></cue></C><W>to</W><W>answer</W><W>the</W><W>call</W></xcope><W>.</W></SENTENCE><SENTENCE><W>We</W><C><cue ID="7" type="speculation"><W>can</W></cue></C><xcope ID="20"><ref ID="31" SRC="7"></ref><W>all</W><W>communicate</W><W>with</W><W>eachother</W><W>throughout</W><W>the</W><W>house</W><W>with</W><W>the</W><W>phones</W></xcope><W>,</W><W>which</W><W>is</W><W>great</W><W>when</W><W>the</W><W>kids</W><W>are</W><W>sick</W><W>.</W></SENTENCE><SENTENCE><W>It</W><W>only</W><W>took</W><W>a</W><W>couple</W><W>of</W><W>days</W><W>to</W><W>get</W><W>used</W><W>to</W><W>which</W><W>phone</W><W>is</W><W>in</W><W>which</W><W>room</W><W>(</W><W>ie</W><W>phone</W><W>#</W><W>1</W><W>is</W><W>in</W><W>the</W><W>office</W><W>,</W><W>phone</W><W>#</W><W>2</W><W>is</W><W>in</W><W>the</W><W>family</W><W>room</W><W>etc.</W><W>)</W></SENTENCE></P><P></P><P><SENTENCE><W>It</W><W>is</W><W>so</W><W>easy</W><W>to</W><W>transfer</W><W>calls</W><W>to</W><W>eachother</W><W>,</W><W>we</W><W>do</W><W>it</W><W>all</W><W>the</W><W>time</W><W>.</W></SENTENCE><SENTENCE><W>It</W><W>does</W><W>n&#39;t</W><W>have</W><W>a</W><W>mute</W><W>button</W><W>but</W><W>it</W><W>does</W><W>have</W><W>a</W><W>hold</W><W>button</W><W>,</W><W>which</W><W>is</W><W>even</W><W>better</W><W>.</W></SENTENCE><SENTENCE><W>When</W><W>a</W><W>call</W><W>comes</W><W>in</W><W>you</W><C><cue ID="8" type="speculation"><W>can</W></cue></C><xcope ID="21"><ref ID="30" SRC="8"></ref><W>save</W><W>the</W><W>caller</W><W>ID</W><W>info</W><W>directly</W><W>into</W><W>your</W><W>phone</W></xcope><W>.</W></SENTENCE><SENTENCE><W>You</W><C><cue ID="9" type="speculation"><W>can</W></cue></C><xcope ID="23"><ref ID="29" SRC="9"></ref><W>edit</W><W>your</W><W>Directory</W><W>List</W><W>info</W><C><cue ID="10" type="speculation"><W>if</W></cue></C><xcope ID="22"><ref ID="28" SRC="10"></ref><W>necessary</W></xcope></xcope><W>.</W></SENTENCE><SENTENCE><W>The</W><W>kids</W><W>had</W><C><cue ID="11" type="negation"><W>no</W></cue></C><xcope ID="24"><ref ID="27" SRC="11"></ref><W>trouble</W><W>learning</W><W>how</W><W>to</W><W>use</W><W>it</W></xcope><W>.</W></SENTENCE><SENTENCE><W>They</W><W>each</W><W>have</W><W>their</W><W>own</W><W>friends</W><W>&#39;</W><W>numbers</W><W>saved</W><W>in</W><W>their</W><W>own</W><W>phones</W><C><W>and</W></C><W>I</W><W>have</W><W>mine</W><W>.</W></SENTENCE><SENTENCE><W>The</W><W>caller</W><W>ID</W><C><W>and</W></C><W>the</W><W>Directory</W><W>List</W><W>are</W><W>so</W><W>easy</W><W>to</W><W>use</W><W>.</W></SENTENCE><SENTENCE><W>The</W><W>battery</W><W>lasts</W><W>for</W><W>days</W><W>,</W><W>for</W><W>those</W><W>times</W><W>when</W><W>we</W><W>forget</W><W>to</W><W>put</W><W>them</W><W>back</W><W>in</W><W>the</W><W>charger</W><W>at</W><W>night</W><W>.</W></SENTENCE><SENTENCE><W>I</W><W>purchased</W><W>a</W><W>headset</W><C><W>and</W></C><W>we</W><W>have</W><W>all</W><W>used</W><W>it</W><W>at</W><W>different</W><W>times</W><C><W>and</W></C><W>are</W><W>very</W><W>happy</W><W>with</W><W>it</W><W>.</W></SENTENCE></P><P></P><P><SENTENCE><W>I</W><W>was</W><W>n&#39;t</W><W>sure</W><W>this</W><W>phone</W><W>system</W><C><cue ID="12" type="speculation"><W>would</W></cue></C><xcope ID="25"><ref ID="26" SRC="12"></ref><W>work</W><W>the</W><W>way</W><W>that</W><W>I</W><W>had</W><W>hoped</W></xcope><W>,</W><W>it</W><W>was</W><W>expensive</W><W>,</W><W>but</W><W>I</W><W>took</W><W>a</W><W>chance</W><C><W>and</W></C><W>it</W><W>does</W><W>everything</W><W>(</W><C><W>and</W></C><W>more</W><W>)</W><W>that</W><W>I</W><W>had</W><W>hoped</W><W>!</W></SENTENCE></P></DOCUMENT>
