<?xml version="1.0" encoding="UTF-8"?>
<DOCUMENT><P/><P><SENTENCE><W>I</W><C><cue ID="0" type="speculation"><W>hope</W></cue></C><xcope ID="31"><ref ID="32" SRC="0"/><W>they</W><W>come</W><W>out</W><W>with</W><W>a</W><W>2-line</W><W>version</W></xcope><W>,</W><W>but</W><W>that</W><C><cue ID="1" type="speculation"><W>would</W></cue></C><xcope ID="30"><ref ID="33" SRC="1"/><W>be</W><W>a</W><W>different</W><W>review</W></xcope><W>.</W></SENTENCE></P><P/><P><SENTENCE><W>I</W><W>had</W><W>my</W><W>doubts</W><W>about</W><W>getting</W><W>this</W><W>phone</W><W>.</W></SENTENCE><SENTENCE><W>You</W><W>&apos;ll</W><W>find</W><W>several</W><C><W>negative</W></C><W>reviews</W><W>from</W><W>other</W><W>consumers</W><W>.</W></SENTENCE><SENTENCE><W>Most</W><W>of</W><W>them</W><W>complain</W><W>about</W><W>poor</W><xcope ID="29"><ref ID="35" SRC="2"/><W>range</W></xcope><C><cue ID="2" type="speculation"><W>or</W></cue></C><xcope ID="28"><ref ID="34" SRC="2"/><W>clarity</W></xcope><W>.</W></SENTENCE><SENTENCE><W>I</W><W>&apos;m</W><W>glad</W><W>to</W><W>say</W><W>that</W><W>I</W><cue ID="3" type="negation"><W>have</W><W>n&apos;t</W></cue><xcope ID="27"><ref COMMENTS="" ID="37" SRC="3"/><W>experienced</W><C><cue ID="4" type="negation"><W>either</W></cue></C><xcope ID="26"><ref ID="36" SRC="4"/><W>of</W><W>these</W><W>issues</W></xcope></xcope><W>.</W></SENTENCE></P><P/><P><SENTENCE><W>In</W><W>fact</W><W>,</W><W>the</W><W>phone</W><W>is</W><W>so</W><W>clear</W><W>that</W><W>people</W><W>on</W><W>the</W><W>other</W><W>end</W><W>of</W><W>the</W><W>line</W><cue ID="8" type="negation"><W>do</W><W>n&apos;t</W></cue><xcope ID="25"><ref COMMENTS="" ID="38" SRC="8"/><W>know</W><W>I</W><W>&apos;m</W><W>using</W><W>a</W><W>cordless</W><W>phone</W></xcope><W>.</W></SENTENCE><SENTENCE><W>As</W><W>far</W><W>as</W><W>range</W><W>goes</W><W>,</W><W>I</W><W>live</W><W>in</W><W>a</W><W>decent</W><W>size</W><W>house</W><W>on</W><W>a</W><W>1/4</W><W>acre</W><W>lot</W><W>.</W></SENTENCE><SENTENCE><W>So</W><W>long</W><W>as</W><W>I</W><C><cue ID="5" type="speculation"><W>can</W></cue></C><xcope ID="24"><ref ID="42" SRC="5"/><W>make</W><W>it</W><W>to</W><W>the</W><xcope ID="23"><ref ID="41" SRC="6"/><W>mailbox</W></xcope><C><cue ID="6" type="speculation"><W>or</W></cue></C><xcope ID="22"><ref ID="40" SRC="6"/><W>yard</W><W>while</W><W>on</W><W>the</W><W>phone</W></xcope></xcope><W>,</W><W>I</W><W>&apos;m</W><W>happy</W><W>.</W></SENTENCE><SENTENCE><W>Yes</W><W>,</W><W>I</W><W>&apos;ve</W><W>gone</W><W>further</W><W>.</W></SENTENCE><SENTENCE><W>No,</W><W>I</W><cue ID="7" type="negation"><W>have</W><W>n&apos;t</W></cue><xcope ID="21"><ref COMMENTS="" ID="39" SRC="7"/><W>test</W><W>the</W><W>limits</W></xcope><W>.</W></SENTENCE></P><P/><P><SENTENCE><W>Anyway</W><W>,</W><W>this</W><W>phone</W><W>&apos;s</W><W>base</W><C><W>and</W></C><W>handset</W><W>transmit</W><W>on</W><W>the</W><W>5.8</W><W>ghz</W><W>band</W><W>,</W><W>unlike</W><W>other</W><W>5.8</W><W>phones</W><W>with</W><W>handsets</W><W>that</W><W>return</W><W>a</W><W>2.4</W><W>ghz</W><W>signal</W><W>.</W></SENTENCE><SENTENCE><W>I</W><W>&apos;m</W><W>on</W><W>a</W><W>wireless</W><W>network</W><C><W>and</W></C><W>use</W><W>VPN</W><W>secured</W><W>access</W><W>when</W><W>working</W><W>.</W></SENTENCE><SENTENCE><W>I</W><W>had</W><W>to</W><W>get</W><W>this</W><W>phone</W><W>,</W><W>because</W><W>my</W><W>older</W><W>2.4</W><W>ghz</W><W>phone</W><W>kept</W><W>causing</W><W>my</W><W>secure</W><W>link</W><W>to</W><W>hiccup</W><W>(</W><W>which</W><W>it</W><cue ID="9" type="negation"><W>does</W><W>n&apos;t</W></cue><xcope ID="20"><ref COMMENTS="" ID="43" SRC="9"/><W>like</W></xcope><W>)</W><W>,</W><W>forcing</W><W>me</W><W>to</W><W>continually</W><W>log</W><W>on</W><W>with</W><W>my</W><W>secureid</W><W>pin</W><W>.</W></SENTENCE><SENTENCE><W>Damn</W><W>telemarketers</W><W>!</W></SENTENCE></P><P/><P><SENTENCE><W>This</W><W>phone</W><W>has</W><W>all</W><W>of</W><W>the</W><W>features</W><W>you</W><W>&apos;d</W><C><W>expect</W></C><W>from</W><W>a</W><W>high</W><W>end</W><W>phone</W><W>.</W></SENTENCE><SENTENCE><W>The</W><W>cake</W><W>topper</W><W>is</W><W>the</W><W>speakerphone</W><W>built</W><W>into</W><W>each</W><W>handset</W><W>.</W></SENTENCE><SENTENCE><W>Then</W><W>there</W><W>&apos;s</W><W>the</W><W>ability</W><W>to</W><W>transfer</W><W>calls</W><W>.</W></SENTENCE><SENTENCE><W>Let</W><W>&apos;s</W><W>say</W><W>your</W><W>in</W><W>the</W><W>garage</W><C><W>and</W></C><W>you</W><W>answer</W><W>the</W><W>phone</W><W>,</W><W>but</W><W>it</W><W>&apos;s</W><W>actually</W><W>for</W><W>your</W><W>wife</W><W>.</W></SENTENCE><SENTENCE><C><cue ID="10" type="negation"><W>No</W></cue></C><xcope ID="19"><ref ID="44" SRC="10"/><W>problem</W></xcope><W>.</W></SENTENCE><SENTENCE><W>Just</W><W>hit</W><W>the</W><W>transfer</W><W>button</W><C><W>and</W></C><W>the</W><W>2nd</W><W>unit</W><W>rings</W><W>until</W><W>she</W><W>picks</W><W>it</W><W>up</W><W>.</W></SENTENCE></P><P/><P><SENTENCE><W>As</W><W>far</W><W>as</W><W>simplicity</W><W>goes</W><W>,</W><W>the</W><W>menu/button</W><W>structure</W><W>is</W><W>n&apos;t</W><W>terribly</W><W>difficult</W><W>to</W><W>figure</W><W>out</W><W>.</W></SENTENCE><SENTENCE><C><cue ID="12" type="speculation"><W>If</W></cue></C><xcope ID="18"><ref ID="46" SRC="12"/><W>you</W><C><cue ID="11" type="speculation"><W>can</W></cue></C><xcope ID="17"><ref ID="45" SRC="11"/><W>store</W><W>a</W><W>number</W><W>on</W><W>your</W><W>cell</W><W>phone</W></xcope></xcope><W>,</W><W>this</W><W>will</W><W>be</W><W>a</W><W>breeze</W><W>.</W></SENTENCE></P><P/><P><SENTENCE><W>Final</W><W>note</W><W>:</W><W>These</W><W>are</W><W>expensive</W><W>phones</W><W>.</W></SENTENCE><SENTENCE><C><cue ID="13" type="speculation"><W>If</W></cue></C><xcope ID="16"><ref ID="48" SRC="13"/><W>you</W><W>have</W><W>a</W><W>wireless</W><W>network</W></xcope><C><W>and</W></C><cue ID="14" type="negation"><W>do</W><W>n&apos;t</W></cue><xcope ID="15"><ref COMMENTS="" ID="47" SRC="14"/><W>want</W><W>t</W><W>flip</W><W>the</W><W>bill</W><W>for</W><W>5.8</W></xcope><W>,</W><W>there</W><W>&apos;s</W><W>always</W><W>good</W><W>ole</W><W>900</W><W>mhz</W><W>.</W></SENTENCE></P></DOCUMENT>