<?xml version="1.0" encoding="UTF-8"?>
<DOCUMENT><P></P><P><SENTENCE><W>I</W><W>do</W><C><cue ID="0" type="negation"><W>not</W></cue></C><xcope ID="23"><ref ID="44" SRC="0"></ref><W>review</W><W>the</W><W>answering</W><W>machine</W><W>feature</W></xcope><W>because</W><W>we</W><W>have</W><W>voice</W><W>mail</W><W>through</W><W>our</W><W>Telco</W><C><W>and</W></C><W>do</W><C><cue ID="1" type="negation"><W>not</W></cue></C><xcope ID="22"><ref ID="45" SRC="1"></ref><W>need</W><W>it</W></xcope><W>.</W></SENTENCE></P><P></P><P><SENTENCE><W>This</W><W>phone</W><W>is</W><W>totally</W><W>solid</W><W>on</W><W>all</W><W>of</W><W>the</W><W>features</W><W>it</W><W>touts</W><W>.</W></SENTENCE></P><P></P><P><SENTENCE><W>Sound</W><W>Quality-</W><W>Great</W><W>!</W></SENTENCE><SENTENCE><W>I</W><W>have</W><W>n&#39;t</W><W>had</W><W>any</W><W>problems</W><W>with</W><W>interference</W><W>like</W><xcope ID="25"><ref ID="47" SRC="2"></ref><W>phizzes</W></xcope><C><cue ID="2" type="speculation"><W>or</W></cue></C><xcope ID="24"><ref ID="46" SRC="2"></ref><W>pops</W></xcope><W>.</W></SENTENCE></P><P></P><P><SENTENCE><W>Most</W><W>useful</W><W>features</W><W>:</W></SENTENCE></P><P></P><P><SENTENCE><W>Speakerphone</W><W>in</W><W>handsets</W><W>as</W><W>well</W><W>as</W><W>base</W><W>.</W></SENTENCE><SENTENCE><W>I</W><W>use</W><W>it</W><W>all</W><W>the</W><W>time</W><W>for</W><W>checking</W><W>our</W><W>voicemail</W><W>.</W></SENTENCE></P><P></P><P><SENTENCE><W>Phone</W><W>Book</W><W>sharing</W><W>:</W><W>Add</W><W>all</W><W>your</W><W>contacts</W><W>into</W><W>one</W><W>handset</W><W>,</W><W>then</W><W>&#34;</W><W>copy</W><W>&#34;</W><W>them</W><W>to</W><W>all</W><W>the</W><W>other</W><W>handsets/base</W><W>.</W></SENTENCE></P><P></P><P><SENTENCE><W>Ability</W><W>to</W><W>be</W><W>using</W><W>all</W><W>the</W><W>handsets</W><W>at</W><W>the</W><W>same</W><W>time</W><W>:</W><W>Do</W><C><cue ID="3" type="negation"><W>not</W></cue></C><xcope ID="26"><ref COMMENTS="" ID="48" SRC="3"></ref><W>be</W><W>fooled</W><W>by</W><W>other</W><W>5.8</W><W>Ghz</W><W>phones</W></xcope><W>.</W></SENTENCE><SENTENCE><W>Some</W><W>of</W><W>them</W><W>(</W><W>Uniden</W><W>)</W><W>do</W><C><cue ID="4" type="negation"><W>not</W></cue></C><xcope ID="27"><ref COMMENTS="" ID="49" SRC="4"></ref><W>actually</W><W>allow</W><W>both</W><W>handsets</W><W>to</W><W>be</W><W>used</W><W>simultaneously</W></xcope><W>.</W></SENTENCE><SENTENCE><W>This</W><W>one</W><W>does</W><W>.</W></SENTENCE><SENTENCE><W>But</W><W>,</W><W>it</W><W>also</W><W>allows</W><W>you</W><W>to</W><W>set</W><W>a</W><W>&#34;privacy</W><W>&#34;</W><W>feature</W><W>before</W><W>you</W><W>place</W><W>a</W><W>call</W><W>so</W><W>that</W><W>the</W><W>other</W><W>handset</W><C><cue ID="5" type="negation"><W>cannot</W></cue></C><xcope ID="28"><ref COMMENTS="" ID="50" SRC="5"></ref><W>be</W><W>used</W><W>to</W><W>hear</W><W>your</W><W>call</W></xcope><W>.</W></SENTENCE></P><P></P><P><SENTENCE><W>Intercom</W><W>feature</W><W>:</W><W>Allows</W><W>you</W><W>to</W><W>talk</W><W>to</W><W>the</W><W>other</W><xcope ID="35"><ref COMMENTS="" ID="52" SRC="6"></ref><W>handset</W></xcope><C><cue ID="6" type="negation"><W>or</W></cue></C><xcope ID="34"><ref COMMENTS="" ID="51" SRC="6"></ref><W>base</W></xcope><W>while</W><W>offline</W><W>(</W><C><cue ID="7" type="negation"><W>not</W></cue></C><xcope ID="29"><ref COMMENTS="" ID="53" SRC="7"></ref><W>on</W><W>a</W><W>telephone</W><W>call</W></xcope><W>)</W><W>.</W></SENTENCE><SENTENCE><W>Plus</W><W>,</W><W>you</W><C><cue ID="9" type="speculation"><W>can</W></cue></C><xcope ID="32"><ref COMMENTS="" ID="56" SRC="9"></ref><xcope ID="30"><ref COMMENTS="" ID="55" SRC="10"></ref><W>choose</W><W>to</W><W>call</W><W>a</W><W>specific</W><W>handset</W></xcope><W>(</W><W>like</W><W>an</W><W>extension</W><W>)</W><C><cue ID="10" type="speculation"><W>or</W></cue></C><xcope ID="31"><ref COMMENTS="" ID="54" SRC="10"></ref><W>all</W><W>of</W><W>them</W><W>at</W><W>once</W></xcope></xcope><W>.</W></SENTENCE></P><P></P><P><SENTENCE><W>Key</W><W>Navigation</W><W>:</W><W>I</W><W>was</W><W>very</W><W>pleased</W><W>with</W><W>the</W><W>layout</W><W>of</W><W>the</W><W>keys</W><W>which</W><W>allowed</W><W>for</W><W>easy</W><W>navigation</W><C><W>and</W></C><W>addition</W><W>of</W><W>contacts</W><W>.</W></SENTENCE></P><P></P><P><SENTENCE><W>Battery</W><W>Strength</W><W>indicator</W><W>:</W><xcope ID="37"><ref COMMENTS="" ID="38" SRC="11"></ref><W>This</W></xcope><C><cue ID="11" type="speculation"><W>seems</W></cue></C><xcope ID="36"><ref COMMENTS="" ID="57" SRC="11"></ref><W>like</W><W>a</W><W>no-brainer</W><W>for</W><W>all</W><W>cordless</W><W>phones</W></xcope><W>,</W><W>but</W><W>this</W><W>is</W><W>the</W><W>first</W><W>one</W><W>I</W><W>have</W><W>seen</W><W>that</W><W>actually</W><W>has</W><W>it</W><W>!</W></SENTENCE><SENTENCE><W>Thank</W><W>you</W><W>Panasonic</W><W>!</W></SENTENCE><SENTENCE><W>Previous</W><W>phones</W><W>made</W><W>me</W><W>dash</W><W>to</W><W>a</W><W>corded</W><W>phone</W><W>when</W><W>the</W><W>beeps</W><W>went</W><W>off</W><W>,</W><C><W>indicating</W></C><W>that</W><W>it</W><W>was</W><W>dying</W><W>....NOW.</W></SENTENCE></P><P></P><P><SENTENCE><W>The</W><W>selectable</W><W>ring</W><W>tones</W><W>are</W><W>nice</W><W>.</W></SENTENCE><SENTENCE><W>You</W><C><cue ID="13" type="speculation"><W>can</W></cue></C><xcope ID="37"><ref COMMENTS="" ID="58" SRC="13"></ref><W>choose</W><W>from</W><W>JARRING</W><W>to</W><W>sooothing</W></xcope><W>.</W></SENTENCE><SENTENCE><C><W>And</W></C><W>in</W><W>between</W><W>of</W><W>course</W><W>.</W></SENTENCE><SENTENCE><W>:-)</W></SENTENCE></P><P></P><P><SENTENCE><W>Ergonomics</W><W>:</W><W>Good</W><W>.</W></SENTENCE><SENTENCE><W>Nothing</W><W>gets</W><W>in</W><W>the</W><W>way</W><W>(</W><W>like</W><W>chin</W><W>next</W><W>to</W><W>the</W><W>&#34;off</W><W>&#34;</W><W>button</W><W>)</W><W>Easy</W><W>to</W><W>hold</W><W>.</W></SENTENCE><SENTENCE><W>Belt</W><W>clips</W><W>were</W><W>sort</W><W>of</W><W>a</W><W>struggle</W><W>to</W><W>install</W><W>though</W><W>.</W></SENTENCE></P><P></P><P><SENTENCE><W>Other</W><W>features</W><W>it</W><W>has</W><W>,</W><W>but</W><W>I</W><W>have</W><W>n&#39;t</W><W>really</W><W>used</W><W>:</W></SENTENCE></P><P></P><P><SENTENCE><W>Room</W><W>Monitor</W><W>:</W><W>we</W><W>already</W><W>have</W><W>a</W><W>baby</W><W>monitor</W><C><W>and</W></C><W>I</W><cue ID="14" type="negation"><W>do</W><W>n&#39;t</W></cue><xcope ID="38"><ref COMMENTS="" ID="59" SRC="14"></ref><W>care</W><W>to</W><W>snoop</W><W>on</W><W>guests</W><W>so...</W></xcope></SENTENCE></P><P></P><P><SENTENCE><W>Digital</W><W>Answering</W><W>System</W><W>:</W><W>I</W><W>sent</W><W>an</W><W>email</W><W>to</W><W>Panasonic</W><W>asking</W><C><cue ID="15" type="speculation"><W>if</W></cue></C><xcope ID="40"><ref COMMENTS="" ID="61" SRC="15"></ref><W>they</W><W>were</W><W>going</W><W>to</W><W>make</W><W>a</W><W>system</W><C><cue ID="16" type="negation"><W>without</W></cue></C><xcope ID="39"><ref COMMENTS="" ID="60" SRC="16"></ref><W>it</W></xcope></xcope><C><W>and</W></C><W>the</W><W>answer</W><W>was</W><C><cue ID="17" type="negation"><W>no</W></cue></C><W>.</W></SENTENCE><SENTENCE><W>So</W><W>,</W><W>we</W><W>bit</W><W>the</W><W>bullet</W><C><W>and</W></C><W>found</W><W>that</W><W>you</W><C><W>can</W></C><W>turn</W><W>it</W><W>off</W><C><W>and</W></C><W>it</W><cue ID="18" type="negation"><W>does</W><W>n&#39;t</W></cue><xcope ID="42"><ref COMMENTS="" ID="63" SRC="18"></ref><W>at</W><W>all</W><W>get</W><W>in</W><W>the</W><W>way</W><C><cue ID="19" type="speculation"><W>if</W></cue></C><xcope ID="41"><ref COMMENTS="" ID="62" SRC="19"></ref><W>you</W><W>use</W><W>your</W><W>Telco</W><W>company</W><W>&#39;s</W><W>voice</W><W>mail</W><W>system</W></xcope></xcope><W>.</W></SENTENCE><SENTENCE><W>Which</W><W>is</W><W>the</W><W>way</W><W>to</W><W>go</W><C><cue ID="20" type="speculation"><W>if</W></cue></C><xcope ID="43"><ref COMMENTS="" ID="64" SRC="20"></ref><W>you</W><C><cue ID="21" type="speculation"><W>can</W></cue></C></xcope><W>(</W><W>but</W><W>that</W><W>is</W><W>another</W><W>review</W><W>)</W><W>.</W></SENTENCE><SENTENCE><W>On</W><W>the</W><W>other</W><W>hand</W><W>,</W><W>it</W><W>does</W><W>n&#39;t</W><W>have</W><W>any</W><W>features</W><W>which</W><W>let</W><W>you</W><W>know</W><W>that</W><W>you</W><W>have</W><W>voicemail</W><W>like</W><W>other</W><W>phones</W><W>,</W><W>but</W><W>you</W><W>still</W><W>have</W><W>the</W><W>stuttered</W><W>dial</W><W>tone</W><C><W>and</W></C><W>we</W><W>also</W><W>have</W><W>external</W><W>Caller</W><W>ID</W><W>boxes</W><W>which</W><C><W>indicate</W></C><W>voicemail</W><W>.</W></SENTENCE></P><P></P><P><SENTENCE><W>One</W><W>minor</W><W>gripe</W><W>:</W></SENTENCE></P><P></P><P><SENTENCE><W>Caller</W><W>ID</W><C><W>and</W></C><W>Multiple</W><W>Local</W><W>Area</W><W>codes</W><W>:</W><W>So</W><W>far</W><W>the</W><W>weakest</W><W>link</W><W>on</W><W>this</W><W>system</W><W>.</W></SENTENCE><SENTENCE><C><W>Instead</W></C><W>of</W><W>just</W><W>plugging</W><W>in</W><W>say</W><W>3</W><W>area</W><W>codes</W><W>to</W><C><W>indicate</W></C><W>that</W><W>they</W><W>are</W><W>local</W><W>calls</W><W>,</W><W>you</W><W>have</W><W>to</W><W>click</W><W>this</W><W>&#39;edit</W><W>&#39;</W><W>button</W><W>on</W><W>the</W><W>handset</W><W>for</W><W>calls</W><W>which</W><W>have</W><W>come</W><W>in</W><W>to</W><W>change</W><W>them</W><W>from</W><W>;</W><W>1-756-222-2222</W><W>to</W><W>756-222-2222</W><W>,</W><W>then</W><W>call</W><W>the</W><W>number</W><W>.</W></SENTENCE><SENTENCE><W>Once</W><W>you</W><W>have</W><W>done</W><W>this</W><W>,</W><W>it</W><W>will</W><W>remember</W><W>that</W><W>any</W><W>number</W><W>with</W><W>that</W><W>area</W><W>code</W><W>is</W><W>local</W><W>.</W></SENTENCE><SENTENCE><W>The</W><W>manual</W><W>says</W><W>it</W><W>will</W><W>do</W><W>this</W><W>for</W><W>up</W><W>to</W><W>4</W><W>area</W><W>codes</W><W>.</W></SENTENCE><SENTENCE><W>Another</W><W>stickler</W><W>is</W><W>that</W><W>this</W><W>setting</W><W>is</W><W>saved</W><W>individually</W><W>on</W><W>each</W><W>handset</W><W>.</W></SENTENCE></P></DOCUMENT>
