<?xml version="1.0" encoding="UTF-8"?>
<DOCUMENT><P></P><P><SENTENCE><W>I</W><W>recently</W><W>had</W><W>to</W><W>replace</W><W>my</W><W>office</W><W>phone</W><W>system</W><W>to</W><W>eliminate</W><W>a</W><W>barely</W><W>functional</W><W>Siemens</W><W>multi-line</W><W>phone</W><W>.</W></SENTENCE><SENTENCE><W>I</W><W>also</W><W>needed</W><W>a</W><W>new</W><W>answering</W><W>system</W><W>.</W></SENTENCE><SENTENCE><W>Our</W><W>office</W><W>has</W><W>gone</W><W>through</W><W>a</W><W>number</W><W>of</W><W>answering</W><W>systems</W><W>over</W><W>the</W><W>years</W><W>.</W></SENTENCE><SENTENCE><W>All</W><W>have</W><W>left</W><W>something</W><W>to</W><W>desire</W><W>.</W></SENTENCE><SENTENCE><W>After</W><W>reading</W><W>reviews</W><W>here</W><W>at</W><W>Epinions</W><W>we</W><W>decided</W><W>to</W><W>change</W><W>to</W><W>the</W><W>Panasonic</W><W>KX-TG2000B.</W></SENTENCE></P><P></P><P><SENTENCE><W>The</W><W>base</W><W>unit</W><W>is</W><W>well</W><W>constructed</W><C><W>and</W></C><W>has</W><W>a</W><W>very</W><W>large</W><C><W>and</W></C><W>useful</W><W>LCD</W><W>display</W><W>,</W><W>which</W><W>is</W><W>a</W><W>nice</W><W>change</W><W>of</W><W>pace</W><W>from</W><W>the</W><W>Lilliputian</W><W>LC</W><W>D</W><W>&#39;s</W><W>found</W><W>on</W><W>most</W><W>phones</W><W>.</W></SENTENCE><SENTENCE><W>The</W><W>base</W><W>unit</W><W>has</W><W>a</W><W>corded</W><W>handset</W><C><W>and</W></C><W>offers</W><W>a</W><W>jack</W><W>for</W><W>headset</W><W>use</W><W>.</W></SENTENCE><SENTENCE><W>A</W><W>very</W><W>nice</W><W>addition</W><W>is</W><W>a</W><W>&#34;</W><W>Headset</W><W>&#34;</W><W>button</W><W>,</W><W>which</W><W>is</W><W>used</W><W>to</W><W>answer</W><W>calls</W><W>when</W><W>then</W><W>headset</W><W>is</W><W>in</W><W>use</W><W>.</W></SENTENCE><SENTENCE><W>Finally</W><W>a</W><W>manufacture</W><W>understands</W><W>how</W><W>a</W><W>headset</W><W>is</W><W>actually</W><W>used</W><W>.</W></SENTENCE><SENTENCE><W>The</W><W>headset</W><C><cue ID="0" type="speculation"><W>can</W></cue></C><xcope ID="15"><ref ID="30" SRC="0"></ref><W>be</W><W>programmed</W><W>with</W><W>both</W><W>speed</W><W>dial</W></xcope><C><W>and</W></C><W>directory</W><W>listings</W><W>.</W></SENTENCE><SENTENCE><W>One</W><W>draw</W><W>back</W><W>here</W><W>is</W><W>that</W><W>the</W><W>handsets</W><W>do</W><C><cue ID="2" type="negation"><W>not</W></cue></C><xcope ID="16"><ref ID="32" SRC="2"></ref><W>share</W><W>the</W><W>base</W><W>station</W><W>directories</W></xcope><W>.</W></SENTENCE><SENTENCE><W>You</W><C><cue ID="1" type="speculation"><W>must</W></cue></C><xcope ID="17"><ref ID="31" SRC="1"></ref><W>program</W><W>the</W><W>handsets</W><W>individually</W></xcope><W>.</W></SENTENCE></P><P></P><P><SENTENCE><W>Setup</W><W>of</W><W>the</W><W>base</W><W>unit</W><W>is</W><W>simple</W><C><W>and</W></C><W>is</W><W>achieved</W><W>by</W><W>a</W><W>few</W><W>well</W><W>marked</W><W>buttons</W><W>in</W><W>conjunction</W><W>with</W><W>the</W><W>LCD</W><W>display</W><W>.</W></SENTENCE></P><P></P><P><SENTENCE><W>The</W><W>answering</W><W>system</W><C><W>and</W></C><W>&#34;</W><W>Auto</W><W>Attendant</W><W>&#34;</W><W>functions</W><W>are</W><W>a</W><W>little</W><W>confusing</W><W>.</W></SENTENCE><SENTENCE><W>The</W><W>answering</W><W>machine</W><W>function</W><C><cue ID="3" type="speculation"><W>can</W></cue></C><xcope ID="19"><ref ID="34" SRC="3"></ref><W>be</W><W>turned</W><W>on</W><W>to</W><W>answer</W><W>calls</W><W>on</W><C><cue ID="4" type="speculation"><W>either</W></cue></C><xcope ID="18"><ref ID="33" SRC="4"></ref><W>phone</W></xcope></xcope><W>line</W><C><W>and</W></C><W>offers</W><W>one</W><W>general</W><W>voice</W><W>mail</W><W>delivery</W><W>box</W><W>.</W></SENTENCE><SENTENCE><W>The</W><W>&#34;</W><W>Auto</W><W>Attendant</W><W>&#34;</W><W>feature</W><W>however</W><C><cue ID="5" type="speculation"><W>can</W></cue></C><xcope ID="20"><ref ID="35" SRC="5"></ref><W>route</W><W>calls</W><W>to</W><W>individual</W><W>handsets</W><W>on</W><W>answering</W><W>the</W><W>phone</W></xcope><W>.</W></SENTENCE><SENTENCE><W>This</W><W>function</W><W>offers</W><W>a</W><W>separate</W><W>voice</W><W>mail</W><W>box</W><W>for</W><W>each</W><W>handset</W><W>used</W><W>.</W></SENTENCE><SENTENCE><W>This</W><W>is</W><W>a</W><W>draw</W><W>back</W><W>as</W><W>you</W><C><cue ID="6" type="speculation"><W>can</W></cue></C><xcope ID="22"><ref ID="37" SRC="6"></ref><C><cue ID="7" type="negation"><W>not</W></cue></C><xcope ID="21"><ref ID="36" SRC="7"></ref><W>use</W><W>multiple</W><W>mailboxes</W><W>in</W><W>the</W><W>answer</W><W>mode</W></xcope></xcope><W>.</W></SENTENCE><SENTENCE><W>We</W><C><cue ID="8" type="speculation"><W>would</W></cue></C><xcope ID="23"><ref ID="38" SRC="8"></ref><W>have</W><W>liked</W><W>to</W><W>use</W><W>several</W><W>mailboxes</W><W>to</W><W>announce</W><W>address</W></xcope><C><W>and</W></C><W>appointment</W><W>information</W><W>.</W></SENTENCE><SENTENCE><W>This</W><W>is</W><W>however</W><C><cue ID="9" type="negation"><W>not</W></cue></C><C><xcope ID="24"><ref ID="41" SRC="9"></ref><W>possible</W></xcope></C><W>.</W></SENTENCE><SENTENCE><W>We</W><W>do</W><C><cue ID="10" type="negation"><W>not</W></cue></C><xcope ID="25"><ref ID="42" SRC="10"></ref><W>use</W><W>the</W><W>&#34;auto</W><W>Attendant</W><W>&#34;</W><W>feature</W></xcope><W>,</W><W>but</W><W>it</W><C><cue ID="11" type="speculation"><W>may</W></cue></C><xcope ID="27"><ref ID="40" SRC="11"></ref><W>be</W><W>useful</W><W>in</W><W>a</W><W>larger</W><W>office</W><W>with</W><C><cue ID="12" type="negation"><W>no</W></cue></C><xcope ID="26"><ref ID="39" SRC="12"></ref><W>receptionist</W><W>to</W><W>field</W><W>calls</W></xcope></xcope><W>.</W></SENTENCE><SENTENCE><W>The</W><W>answering</W><W>system</W><W>is</W><W>efficient</W><C><W>and</W></C><W>fast</W><W>.</W></SENTENCE><SENTENCE><W>The</W><W>electronic</W><W>voice</W><W>is</W><W>a</W><W>pleasant</W><W>female</W><W>voice</W><W>which</W><W>announces</W><W>mailbox</W><W>activity</W><W>.</W></SENTENCE><SENTENCE><W>New</W><W>messages</W><W>are</W><W>easily</W><W>spotted</W><W>as</W><W>the</W><W>voice</W><W>mail</W><W>button</W><W>is</W><W>a</W><W>large</W><W>clear</W><W>button</W><W>which</W><W>flashes</W><W>a</W><W>red</W><W>icon</W><W>when</W><W>a</W><W>new</W><W>message</W><W>is</W><W>taken</W><W>.</W></SENTENCE><SENTENCE><W>The</W><W>voice</W><W>is</W><W>fast</W><C><W>and</W></C><W>does</W><C><cue ID="13" type="negation"><W>not</W></cue></C><xcope ID="28"><ref ID="43" SRC="13"></ref><W>slow</W><W>down</W><W>the</W><W>user</W></xcope><W>.</W></SENTENCE><SENTENCE><W>A</W><W>pleasant</W><W>treat</W><W>for</W><W>anyone</W><W>who</W><W>has</W><W>labored</W><W>to</W><W>listen</W><W>to</W><W>the</W><W>slow</W><W>banter</W><W>of</W><W>other</W><W>voice</W><W>mail</W><W>systems</W><W>.</W></SENTENCE></P><P></P><P><SENTENCE><W>The</W><W>handsets</W><W>are</W><W>well</W><W>constructed</W><C><W>and</W></C><W>have</W><W>a</W><W>solid</W><W>heavy</W><C><W>feel</W></C><W>.</W></SENTENCE><SENTENCE><W>Buttons</W><W>are</W><W>well</W><W>marked</W><C><W>and</W></C><W>the</W><W>LCD</W><W>display</W><C><W>and</W></C><W>keypad</W><W>light</W><W>up</W><W>on</W><W>use</W><W>.</W></SENTENCE><SENTENCE><W>Sound</W><W>quality</W><W>is</W><W>exceptional</W><W>with</W><W>little</W><W>discernable</W><W>difference</W><W>between</W><W>the</W><W>handsets</W><C><W>and</W></C><W>a</W><W>corded</W><W>phone</W><W>.</W></SENTENCE><SENTENCE><W>Truly</W><W>first</W><W>class</W><W>sound</W><W>.</W></SENTENCE></P><P></P><P><SENTENCE><W>Transferring</W><W>calls</W><W>from</W><W>one</W><W>phone</W><W>to</W><W>the</W><W>next</W><W>is</W><W>a</W><W>bit</W><W>of</W><W>a</W><W>task</W><W>.</W></SENTENCE><SENTENCE><W>We</W><W>have</W><W>placed</W><W>small</W><W>notes</W><W>on</W><W>the</W><W>phones</W><W>with</W><W>instructions</W><W>on</W><W>how</W><W>to</W><W>transfer</W><W>.</W></SENTENCE><SENTENCE><W>After</W><W>a</W><W>few</W><W>more</W><W>weeks</W><W>we</W><W>will</W><W>have</W><W>learned</W><W>the</W><W>system</W><C><W>and</W></C><W>then</W><W>be</W><W>able</W><W>to</W><W>remove</W><W>the</W><W>notes</W><W>.</W></SENTENCE></P><P></P><P><SENTENCE><W>I</W><C><W>feel</W></C><W>that</W><W>the</W><W>KX-TG2000B</W><W>has</W><W>given</W><W>us</W><W>a</W><W>far</W><W>more</W><W>reliable</W><W>phone</W><C><W>and</W></C><W>answering</W><W>solution</W><W>.</W></SENTENCE><SENTENCE><W>There</W><W>is</W><W>a</W><W>serious</W><C><W>lack</W></C><W>of</W><W>high</W><W>quality</W><W>phones</W><C><W>and</W></C><W>answering</W><W>systems</W><W>on</W><W>the</W><W>market</W><W>.</W></SENTENCE><SENTENCE><W>The</W><W>Panasonic</W><W>KX-TG2000B</W><W>is</W><W>thankfully</W><C><cue ID="14" type="negation"><W>not</W></cue></C><xcope ID="29"><ref ID="44" SRC="14"></ref><W>one</W><W>of</W><W>these</W><W>poor</W><W>quality</W><W>contenders</W></xcope><W>.</W></SENTENCE><SENTENCE><W>It</W><W>is</W><W>a</W><W>first</W><W>class</W><W>product</W><W>with</W><W>few</W><W>weaknesses</W><W>.</W></SENTENCE><SENTENCE><W>For</W><W>the</W><W>price</W><W>it</W><W>is</W><W>a</W><W>steal</W><W>.</W></SENTENCE><SENTENCE><W>I</W><W>wish</W><W>I</W><W>had</W><W>bought</W><W>one</W><W>long</W><W>ago</W><W>!</W></SENTENCE></P></DOCUMENT>
