<?xml version="1.0" encoding="UTF-8"?>
<DOCUMENT><P></P><P><SENTENCE><W>It</W><C><cue ID="0" type="speculation"><W>seems</W></cue></C><xcope ID="9"><ref ID="19" SRC="0"></ref><W>that</W><W>every</W><W>year</W><W>I</W><W>buy</W><W>3-4</W><W>cordless</W><W>phones</W></xcope><W>because</W><W>the</W><W>last</W><W>years</W><W>begin</W><W>to</W><W>die</W><W>.</W></SENTENCE><SENTENCE><W>So</W><W>,</W><W>this</W><W>time</W><W>I</W><W>decided</W><W>that</W><W>I</W><W>needed</W><W>to</W><W>buy</W><W>better</W><W>phones</W><W>.</W></SENTENCE><SENTENCE><W>I</W><W>tried</W><W>the</W><W>Siemens</W><W>Gigaset</W><W>phone</W><W>,</W><W>but</W><W>it</W><W>was</W><W>n&#39;t</W><W>so</W><W>good</W><W>(</W><W>see</W><W>my</W><W>opinion</W><W>on</W><W>that</W><W>...</W><W>)</W></SENTENCE></P><P></P><P><SENTENCE><W>The</W><W>Panasonic</W><W>is</W><W>pretty</W><W>neat</W><W>-</W><W>I</W><W>have</W><W>3</W><W>cordless</W><W>handsets</W><W>in</W><W>addition</W><W>to</W><W>the</W><W>base</W><W>station</W><W>(</W><W>base</W><W>comes</W><W>with</W><W>one</W><W>cordless</W><W>)</W><W>.</W></SENTENCE></P><P></P><P><SENTENCE><W>The</W><W>individual</W><W>phones</W><W>were</W><W>a</W><W>problem</W><W>for</W><W>me</W><W>because</W><W>I</W><C><cue ID="1" type="speculation"><W>would</W></cue></C><xcope ID="10"><ref ID="20" SRC="1"></ref><W>regularly</W><W>put</W><W>the</W><W>phone</W><W>in</W><W>the</W><W>wrong</W><W>base</W><W>station</W></xcope><W>;</W><W>some</W><W>of</W><W>the</W><W>cordless</W><W>phones</W><W>out</W><W>there</W><W>are</W><W>n&#39;t</W><W>real</W><W>tolerant</W><W>of</W><W>that</W><W>.</W></SENTENCE></P><P></P><P><SENTENCE><W>The</W><W>Panasonic</W><W>just</W><W>has</W><W>chargers</W><W>,</W><W>which</W><W>is</W><W>great</W><W>!</W></SENTENCE><SENTENCE><W>I</W><W>now</W><W>have</W><W>phones</W><W>on</W><W>every</W><W>floor</W><W>of</W><W>the</W><W>house</W><W>,</W><W>all</W><W>tied</W><W>together</W><W>.</W></SENTENCE></P><P></P><P><SENTENCE><W>It</W><W>also</W><W>has</W><W>an</W><W>auto-attendant</W><C><W>and</W></C><W>up</W><W>to</W><W>8</W><W>voicemail</W><W>boxes</W><W>,</W><W>which</W><W>is</W><W>really</W><W>nice</W><W>for</W><W>small</W><W>businesses</W><W>.</W></SENTENCE><SENTENCE><W>I</W><C><cue ID="2" type="speculation"><W>would</W></cue></C><xcope ID="13"><ref ID="23" SRC="2"></ref><W>recommend</W><W>getting</W><W>the</W><W>second</W><W>line</W><C><cue ID="3" type="speculation"><W>if</W></cue></C><xcope ID="12"><ref COMMENTS="" ID="22" SRC="3"></ref><W>you</W><cue ID="4" type="negation"><W>do</W><W>n&#39;t</W></cue><xcope ID="11"><ref COMMENTS="" ID="21" SRC="4"></ref><W>have</W><W>one</W><W>yet</W></xcope></xcope></xcope><W>.</W></SENTENCE><SENTENCE><W>I</W><W>&#39;m</W><W>still</W><W>using</W><W>it</W><W>with</W><W>a</W><W>single</W><W>line</W><W>.</W></SENTENCE></P><P></P><P><SENTENCE><W>The</W><W>voice</W><W>quality</W><W>is</W><W>wonderful</W><W>,</W><W>even</W><W>at</W><W>a</W><W>good</W><W>distance</W><W>(</W><xcope ID="15"><ref ID="25" SRC="5"></ref><W>100</W><W>ft</W></xcope><C><cue ID="5" type="speculation"><W>or</W></cue></C><xcope ID="14"><ref COMMENTS="" ID="24" SRC="5"></ref><W>more</W></xcope><W>)</W><W>,</W><W>through</W><W>walls</W><W>,</W><W>etc</W><W>.</W></SENTENCE></P><P></P><P><SENTENCE><W>Even</W><W>the</W><W>speakerphone</W><W>(</W><W>in</W><W>the</W><W>base</W><W>station</W><W>)</W><W>works</W><W>well</W><W>.</W></SENTENCE></P><P></P><P><SENTENCE><W>My</W><W>one</W><W>complaint</W><W>(</W><W>which</W><W>I</W><C><cue ID="6" type="speculation"><W>think</W></cue></C><xcope ID="16"><ref ID="26" SRC="6"></ref><W>applies</W><W>to</W><W>all</W><W>2.4Ghz</W><W>phones</W></xcope><W>)</W><W>is</W><W>that</W><W>when</W><W>I</W><W>use</W><W>my</W><W>microwave</W><W>,</W><W>it</W><W>garbles</W><W>the</W><W>reception</W><W>on</W><W>the</W><W>phone</W><W>.</W></SENTENCE><SENTENCE><W>Mostly</W><W>,</W><W>it</W><W>sounds</W><W>like</W><W>you</W><W>&#39;re</W><W>under</W><W>water</W><W>.</W></SENTENCE></P><P></P><P><SENTENCE><W>Oh</W><W>-</W><W>one</W><W>last</W><W>thing</W><W>-</W><W>once</W><W>a</W><W>call</W><W>is</W><W>answered</W><W>by</W><W>a</W><W>handset</W><W>,</W><W>you</W><W>ca</W><W>n&#39;t</W><W>just</W><W>turn</W><W>on</W><W>another</W><W>handset</W><C><W>and</W></C><W>join</W><W>in</W><W>.</W></SENTENCE><SENTENCE><W>It</W><W>works</W><W>like</W><W>a</W><W>PBX</W><W>system</W><W>,</W><W>where</W><W>the</W><W>handsets</W><W>have</W><W>their</W><W>own</W><W>extension</W><W>number</W><W>(</W><W>they</W><C><cue ID="7" type="speculation"><W>can</W></cue></C><xcope ID="17"><ref ID="27" SRC="7"></ref><W>all</W><W>answer</W><W>incoming</W><W>calls</W></xcope><W>,</W><W>though</W><W>)</W><W>.</W></SENTENCE><SENTENCE><W>So</W><W>,</W><W>to</W><W>have</W><W>more</W><W>than</W><W>one</W><W>handset</W><W>on</W><W>the</W><W>same</W><W>line</W><W>at</W><W>the</W><W>same</W><W>time</W><W>,</W><W>you</W><W>have</W><W>to</W><W>&#34;intercom</W><W>&#34;</W><W>to</W><W>the</W><W>other</W><W>handset</W><W>,</W><C><W>and</W></C><W>&#34;</W><W>conference</W><W>&#34;</W><W>the</W><W>call</W><W>.</W></SENTENCE><SENTENCE><W>Again</W><W>,</W><W>good</W><W>for</W><W>businesses</W><W>,</W><C><cue ID="8" type="negation"><W>not</W></cue></C><xcope ID="18"><ref ID="28" SRC="8"></ref><W>so</W><W>great</W><W>for</W><W>my</W><W>home</W><W>use</W></xcope><W>.</W></SENTENCE><SENTENCE><W>It</W><W>&#39;s</W><W>liveable</W><W>,</W><W>though</W><W>.</W></SENTENCE></P></DOCUMENT>
