<?xml version="1.0" encoding="UTF-8"?>
<DOCUMENT><P/><P><SENTENCE><W>Bought</W><W>this</W><W>phone</W><W>2</W><W>weeks</W><W>ago</W><C><W>and</W></C><W>so</W><W>far</W><W>I</W><W>am</W><W>very</W><W>pleased</W><W>.</W></SENTENCE><SENTENCE><W>I</W><W>am</W><W>a</W><W>professional</W><W>in</W><W>the</W><W>business</W><W>telecommunications</W><W>field</W><W>specializing</W><W>in</W><W>Key</W><C><W>and</W></C><W>PBX</W><W>system</W><W>design</W><W>.</W></SENTENCE><SENTENCE><W>I</W><W>am</W><W>currently</W><W>using</W><W>the</W><W>KXTG5110</W><W>at</W><W>my</W><W>home</W><W>however</W><W>,</W><W>I</W><W>have</W><W>tested</W><W>it</W><W>via</W><W>analog</W><W>connection</W><W>to</W><W>my</W><W>office</W><W>Key</W><W>system</W><W>.</W></SENTENCE><SENTENCE><W>This</W><W>makes</W><W>for</W><W>a</W><W>creative</W><W>solution</W><W>in</W><W>that</W><W>any</W><W>analog</W><W>phone</W><C><cue ID="0" type="speculation"><W>may</W></cue></C><xcope ID="9"><ref ID="22" SRC="0"/><W>be</W><W>deployed</W><W>through</W><W>an</W><W>available</W><W>analog</W><W>port</W><W>on</W><W>a</W><W>business</W><W>phones</W><W>system</W></xcope><W>.</W></SENTENCE><SENTENCE><W>The</W><W>KXTG5110</W><W>becomes</W><W>an</W><W>extension</W><W>in</W><W>itself</W><W>but</W><W>now</W><W>you</W><W>get</W><W>the</W><W>ability</W><W>to</W><W>conference</W><W>multiple</W><W>Panasonic</W><W>handsets</W><W>behind</W><W>the</W><W>key</W><W>system</W><W>while</W><W>on</W><W>an</W><xcope ID="12"><ref ID="24" SRC="1"/><W>intercom</W></xcope><C><cue ID="1" type="speculation"><W>OR</W></cue></C><xcope ID="11"><ref ID="23" SRC="1"/><W>an</W><W>outside</W><W>line</W></xcope><W>.</W></SENTENCE><SENTENCE><W>This</W><C><cue ID="2" type="speculation"><W>can</W></cue></C><xcope ID="10"><ref ID="25" SRC="2"/><W>be</W><W>very</W><W>cost</W><W>effective</W><W>as</W><W>it</W><W>economizes</W><W>on</W><W>analog</W><W>ports</W><W>on</W><W>the</W><W>phone</W><W>system</W></xcope><W>.</W></SENTENCE></P><P/><P><SENTENCE><W>For</W><W>the</W><W>rest</W><W>of</W><W>us</W><W>though</W><W>,</W><W>it</W><W>will</W><W>be</W><W>a</W><W>great</W><W>phone</W><W>for</W><W>the</W><W>household</W><W>.</W></SENTENCE><SENTENCE><W>I</W><W>have</W><W>found</W><C><cue ID="3" type="negation"><W>no</W></cue></C><xcope ID="13"><ref ID="26" SRC="3"/><W>issues</W><W>regarding</W><W>battery</W><W>life</W><W>as</W><W>long</W><W>as</W><W>you</W><W>FOLLOW</W><W>THE</W><W>INSTRUCTIONS</W><W>IN</W><W>THE</W><W>USER</W><W>GUIDE.</W></xcope></SENTENCE><SENTENCE><cue ID="15" type="negation"><W>Do</W><W>n&apos;t</W></cue><xcope ID="14"><ref COMMENTS="" ID="27" SRC="15"/><W>recharge</W><W>the</W><W>handset</W><W>until</W><W>the</W><W>display</W><W>message</W><W>directs</W><W>you</W><W>to</W><W>do</W><W>so</W></xcope><W>.</W></SENTENCE></P><P/><P><SENTENCE><W>The</W><W>Panasonic</W><W>headset</W><W>work</W><W>seamlessly</W><C><W>and</W></C><W>provides</W><W>an</W><W>inline</W><W>volume</W><C><W>and</W></C><W>mute</W><W>control</W><W>.</W></SENTENCE></P><P/><P><SENTENCE><W>Mailboxes</W><W>are</W><W>able</W><W>to</W><W>each</W><W>have</W><W>their</W><W>own</W><W>greeting</W><C><W>and</W></C><W>you</W><C><cue ID="4" type="speculation"><W>can</W></cue></C><xcope ID="16"><ref ID="28" SRC="4"/><W>set</W><W>the</W><W>time</W><W>limit</W><W>for</W><W>incoming</W><W>messages</W><W>but</W><W>only</W><W>on</W><W>a</W><W>global</W><W>basis</W></xcope><W>.</W></SENTENCE><SENTENCE><W>1,2,or</W><W>3</W><W>minutes</W><W>.</W></SENTENCE><SENTENCE><W>I</W><W>have</W><W>mine</W><W>set</W><W>at</W><W>2</W><W>minutes.Audio</W><W>quality</W><W>is</W><W>excellent</W><C><W>and</W></C><W>range</W><C><cue ID="5" type="speculation"><W>if</W></cue></C><xcope ID="21"><ref ID="29" SRC="5"/><W>fair</W><C><W>and</W></C><W>depends</W><W>on</W><W>your</W><W>environment</W></xcope><W>.</W></SENTENCE><SENTENCE><W>I</W><W>also</W><W>use</W><W>a</W><W>2.4Ghz</W><W>wireless</W><W>computer</W><W>network</W><C><W>and</W></C><W>experience</W><C><cue ID="6" type="negation"><W>no</W></cue></C><xcope ID="20"><ref ID="30" SRC="6"/><W>interference</W></xcope><W>.</W><W>I</W><W>enjoy</W><W>the</W><W>different</W><W>ring</W><W>tones</W><W>(</W><W>6</W><W>total</W><W>)and</W><W>each</W><W>handset</W><W>as</W><W>well</W><W>as</W><W>the</W><W>base</W><C><cue ID="7" type="speculation"><W>can</W></cue></C><xcope ID="19"><ref ID="33" SRC="7"/><W>be</W><W>set</W><W>to</W><xcope ID="18"><ref ID="32" SRC="8"/><W>the</W><W>same</W></xcope><C><cue ID="8" type="speculation"><W>or</W></cue></C><xcope ID="17"><ref ID="31" SRC="8"/><W>different</W><W>tones</W></xcope></xcope><W>.</W></SENTENCE></P></DOCUMENT>