<?xml version="1.0" encoding="UTF-8"?>
<DOCUMENT><P></P><P><SENTENCE><C><cue ID="0" type="speculation"><W>If</W></cue></C><xcope ID="13"><ref ID="34" SRC="0"></ref><W>you</W><W>&#39;re</W><W>looking</W><W>to</W><W>buy</W><W>a</W><W>really</W><W>nice</W></xcope><C><W>and</W></C><W>an</W><W>honestly</W><W>good</W><W>5.8GHz</W><W>system</W><W>with</W><W>some</W><W>very</W><W>nice</W><W>features</W><W>,</W><W>then</W><W>seriously</W><W>consider</W><W>this</W><W>one</W><C><cue ID="1" type="speculation"><W>if</W></cue></C><xcope ID="12"><ref ID="33" SRC="1"></ref><W>you</W><cue ID="2" type="negation"><W>do</W><W>n&#39;t</W></cue><xcope ID="11"><ref COMMENTS="" ID="32" SRC="2"></ref><W>mind</W><W>the</W><W>price</W><W>.</W></xcope></xcope></SENTENCE></P><P></P><P><SENTENCE><W>Bought</W><W>the</W><W>system</W><W>a</W><W>few</W><W>weeks</W><W>ago</W><W>with</W><W>2</W><W>extra</W><W>hand</W><W>sets</W><W>for</W><W>a</W><W>total</W><W>of</W><W>4</W><W>hand</W><W>sets</W><W>.</W></SENTENCE><SENTENCE><W>Although</W><W>our</W><W>home</W><W>is</W><C><cue ID="3" type="negation"><W>not</W></cue></C><xcope ID="15"><ref ID="31" SRC="3"></ref><W>big</W><W>we</W><W>do</W><W>enjoy</W><W>having</W><W>the</W><W>option</W><W>of</W><W>several</W><W>hand</W><W>sets</W></xcope><W>.</W></SENTENCE><SENTENCE><W>One</W><W>feature</W><W>which</W><W>I</W><W>really</W><W>love</W><W>is</W><W>the</W><W>built-in</W><W>speaker</W><W>phone</W><W>in</W><W>the</W><W>hand</W><W>sets</W><W>.</W></SENTENCE><SENTENCE><W>Its</W><W>one</W><W>of</W><W>those</W><W>&#34;why</W><W>did</W><W>n&#39;t</W><W>anyone</W><C><cue ID="4" type="speculation"><W>think</W></cue></C><xcope ID="14"><ref ID="30" SRC="4"></ref><W>of</W><W>this</W><W>before</W><W>&#34;</W><W>options</W></xcope><W>.</W></SENTENCE></P><P></P><P><SENTENCE><W>This</W><W>system</W><W>replaced</W><W>another</W><W>one</W><W>that</W><W>we</W><W>bought</W><W>at</W><W>a</W><W>local</W><W>discount</W><W>club</W><W>,</W><W>which</W><W>was</W><W>horrible</W><C><W>and</W></C><W>much</W><W>hated</W><W>from</W><W>the</W><W>moment</W><W>it</W><W>was</W><W>connected</W><W>.</W></SENTENCE><SENTENCE><C><cue ID="5" type="speculation"><W>Should</W></cue></C><xcope ID="16"><ref ID="29" SRC="5"></ref><W>have</W><W>know</W><W>better</W><W>since</W><W>the</W><W>price</W><W>was</W><W>$</W><W>60</W><W>for</W><W>three</W><W>a</W><W>hand</W><W>set</W><W>system</W></xcope><W>.</W></SENTENCE><SENTENCE><W>A</W><W>good</W><W>example</W><W>of</W><W>you</W><W>get</W><W>what</W><W>you</W><W>pay</W><W>for</W><W>.</W></SENTENCE></P><P></P><P><SENTENCE><W>Before</W><W>deciding</W><W>on</W><W>this</W><W>system</W><W>I</W><W>seriously</W><W>was</W><W>looking</W><W>at</W><W>the</W><W>Seimens</W><W>system</W><C><W>and</W></C><W>came</W><W>&#39;oh-so-close</W><W>&#39;</W><W>to</W><W>buying</W><W>it</W><W>.</W></SENTENCE><SENTENCE><W>But</W><W>something</W><W>told</W><W>me</W><W>to</W><W>look</W><W>a</W><W>little</W><W>further</W><C><W>and</W></C><W>then</W><W>I</W><W>found</W><W>this</W><W>system</W><W>.</W></SENTENCE><SENTENCE><W>The</W><W>Seimens</W><W>system</W><W>looks</W><W>really</W><W>sleek</W><W>but</W><W>all</W><W>the</W><W>reviews</W><W>are</W><C><cue ID="6" type="speculation"><W>either</W></cue></C><xcope ID="19"><ref ID="28" SRC="6"></ref><xcope ID="18"><ref ID="27" SRC="7"></ref><W>neutral</W></xcope><C><cue ID="7" type="speculation"><W>or</W></cue></C><C><xcope ID="17"><ref ID="26" SRC="7"></ref><W>negative</W></xcope></C></xcope><W>,</W><C><W>and</W></C><W>in</W><W>some</W><W>cases</W><W>very</W><C><W>negative</W></C><W>.</W></SENTENCE></P><P></P><P><SENTENCE><W>This</W><W>gives</W><W>me</W><C><cue ID="8" type="negation"><W>no</W></cue></C><xcope ID="20"><ref ID="25" SRC="8"></ref><W>interference</W><W>what</W><W>so</W><W>ever</W><W>with</W><W>the</W><W>wireless</W><W>network</W><W>in</W><W>the</W><W>house</W></xcope><W>,</W><W>which</W><W>was</W><W>a</W><W>major</W><W>gripe</W><W>with</W><W>the</W><W>older</W><W>900</W><W>MHz</W><W>system</W><W>we</W><W>had</W><W>.</W></SENTENCE></P><P></P><P><SENTENCE><C><cue ID="9" type="speculation"><W>If</W></cue></C><xcope ID="22"><ref ID="24" SRC="9"></ref><W>your</W><W>home</W><W>is</W><W>huge</W><W>this</W><W>will</W><W>use</W><W>up</W><W>to</W><W>eight</W><W>hand</W><W>sets</W></xcope><W>.</W></SENTENCE><SENTENCE><C><cue ID="10" type="speculation"><W>If</W></cue></C><xcope ID="21"><ref ID="23" SRC="10"></ref><W>you</W><W>home</W><W>requires</W><W>more</W><W>then</W><W>you</W><W>have</W><W>enough</W><W>money</W><W>to</W><W>install</W><W>a</W><W>professional</W><W>system</W></xcope><W>.</W></SENTENCE></P><P></P><P><SENTENCE><W>So</W><W>far</W><W>I</W><W>love</W><W>the</W><W>system</W><W>,</W><W>my</W><W>wife</W><W>on</W><W>the</W><W>other</W><W>hand</W><W>keeps</W><W>saying</W><W>&#34;its</W><W>a</W><W>guy</W><W>thing&#34;</W><W>.</W></SENTENCE><SENTENCE><W>Absolutely</W><W>.</W></SENTENCE></P></DOCUMENT>
