<?xml version="1.0" encoding="UTF-8"?>
<DOCUMENT><P></P><P><SENTENCE><W>I</W><W>&#39;ve</W><W>had</W><W>the</W><W>phone</W><W>for</W><W>about</W><W>a</W><W>week</W><C><W>and</W></C><W>so</W><W>far</W><W>I</W><W>&#39;m</W><W>very</W><W>impressed</W><W>.</W></SENTENCE><SENTENCE><W>Initially</W><W>,</W><W>I</W><W>had</W><W>a</W><W>lot</W><W>of</W><W>interference</W><W>on</W><W>the</W><W>phone</W><W>,</W><W>but</W><W>then</W><W>I</W><W>realized</W><W>that</W><W>I</W><W>had</W><W>it</W><W>set</W><W>up</W><W>near</W><W>a</W><W>wall</W><W>that</W><W>had</W><W>a</W><W>lot</W><W>of</W><W>wiring</W><W>in</W><W>it</W><W>(</W><W>right</W><W>behind</W><W>my</W><W>house</W><W>&#39;s</W><W>main</W><W>electrical</W><W>panel</W><W>!</W><W>)</W><W>.</W></SENTENCE><SENTENCE><W>I</W><W>moved</W><W>the</W><W>base</W><W>station</W><W>to</W><W>a</W><W>different</W><W>room</W><C><W>and</W></C><W>it</W><W>&#39;s</W><W>been</W><W>great</W><W>!</W></SENTENCE><SENTENCE><W>Sound</W><W>quality</W><W>is</W><W>vastly</W><W>improved</W><W>over</W><W>my</W><W>2.4</W><W>Ghz</W><W>Panasonic</W><C><W>and</W></C><W>there</W><W>&#39;s</W><W>absolutely</W><C><cue ID="0" type="negation"><W>no</W></cue></C><xcope ID="1"><ref COMMENTS="" ID="2" SRC="0"></ref><W>interference</W><W>with</W><W>my</W><W>wireless</W><W>network</W></xcope><W>.</W></SENTENCE><SENTENCE><W>My</W><W>favorite</W><W>feature</W><W>so</W><W>far</W><W>is</W><W>the</W><W>built-in</W><W>speaker</W><W>phone</W><W>in</W><W>the</W><W>handset</W><W>.</W></SENTENCE><SENTENCE><W>That</W><W>&#39;s</W><W>a</W><W>life</W><W>saver</W><W>when</W><W>sitting</W><W>on</W><W>hold</W><W>waiting</W><W>for</W><W>tech</W><C><W>support</W></C><W>people</W><W>.</W></SENTENCE><SENTENCE><W>Again</W><W>,</W><W>so</W><W>far</W><W>,</W><W>so</W><W>good</W><W>.</W></SENTENCE><SENTENCE><W>I</W><W>&#39;d</W><W>recommend</W><W>it</W><W>-</W><W>especially</W><W>for</W><W>people</W><W>with</W><W>wireless</W><W>802.11b</W><W>networks</W><W>.</W></SENTENCE></P></DOCUMENT>
