<?xml version="1.0" encoding="UTF-8"?>
<DOCUMENT><P/><P><SENTENCE><W>We</W><W>LOVE</W><W>this</W><W>phone</W><W>!</W></SENTENCE></P><P/><P><SENTENCE><W>With</W><W>the</W><W>help</W><W>of</W><W>Consumer</W><W>Reports</W><C><W>and</W></C><W>Epinions.com</W></SENTENCE><SENTENCE><W>reviewers</W><W>we</W><W>went</W><W>out</W><C><W>and</W></C><W>bought</W><W>this</W><W>phone</W><W>.</W></SENTENCE><SENTENCE><W>We</W><W>had</W><W>already</W><W>gone</W><W>through</W><W>2</W><W>cordless</W><W>phones</W><W>.</W></SENTENCE><SENTENCE><W>One</W><W>we</W><W>loved</W><W>most</W><W>things</W><W>about</W><W>,</W><W>but</W><W>the</W><W>handset</W><W>was</W><W>uncomfortable</W><W>and</W><W>tiny</W><W>as</W><W>well</W><W>as</W><W>the</W><W>sound</W><W>quality</W><W>being</W><W>very</W><W>poor</W><W>.</W></SENTENCE><SENTENCE><W>SOOO</W><W>we</W><W>were</W><W>looking</W><W>for</W><W>THE</W><W>BEST</W><W>this</W><W>time</W><W>.</W></SENTENCE></P><P/><P><SENTENCE><W>We</W><C><W>feel</W></C><W>we</W><W>found</W><W>what</W><W>we</W><W>were</W><W>looking</W><W>for</W><W>in</W><W>this</W><W>phone</W><W>.</W></SENTENCE><SENTENCE><W>The</W><W>sound</W><W>is</W><W>GREAT</W><W>on</W><W>both</W><W>sets</W><W>and</W><W>all</W><W>the</W><W>features</W><W>make</W><W>it</W><W>very</W><W>convenient</W><W>!</W></SENTENCE></P></DOCUMENT>