<?xml version="1.0" encoding="UTF-8"?>
<DOCUMENT><P/><P><SENTENCE><W>Pros</W><W>:</W><W>Range/Reception</W><W>;</W><W>Expansion</W><W>Capability</W><W>;</W><W>Ability</W><W>to</W><W>talk</W><W>on</W><W>more</W><W>than</W><W>1</W><W>handset</W><W>at</W><W>a</W><W>time</W></SENTENCE></P><P/><P><SENTENCE><W>Cons</W><W>:</W><W>Deleting</W><W>Caller</W><W>ID</W><W>on</W><W>each</W><W>handset</W><W>,</W><W>Message</W><W>Light</W><W>quits</W><W>flashing</W><C><cue ID="0" type="speculation"><W>if</W></cue></C><xcope ID="11"><ref ID="12" SRC="0"/><W>you</W><W>&apos;ve</W><W>listened</W><W>to</W><W>messages</W></xcope></SENTENCE></P><P/><P><SENTENCE><W>Purchased</W><W>this</W><W>product</W><W>this</W><W>past</W><W>year</W><W>after</W><W>months</W><W>of</W><W>research</W><W>(</W><W>my</W><W>wife</W><C><cue ID="1" type="speculation"><W>thought</W></cue></C><xcope ID="10"><ref ID="13" SRC="1"/><W>I</W><W>was</W><W>nuts</W></xcope><W>-</W><W>but</W><W>now</W><W>she</W><W>is</W><W>glad</W><W>I</W><W>did</W><W>-</W><W>see</W><W>below</W><W>)</W><W>.</W></SENTENCE><SENTENCE><W>The</W><W>Internet</W><W>was</W><W>the</W><W>most</W><W>helpful</W><C><W>and</W></C><W>convenient</W><W>way</W><W>to</W><W>do</W><W>this</W><W>.</W></SENTENCE></P><P/><P><SENTENCE><W>We</W><W>wanted</W><W>a</W><W>system</W><W>that</W><W>had</W><W>a</W><W>corded</W><W>handset</W><W>w/digital</W><W>answering</W><W>machine</W><W>for</W><W>our</W><W>kitchen</W><C><W>and</W></C><W>the</W><W>capability</W><W>to</W><W>have</W><W>at</W><W>least</W><W>two</W><W>other</W><W>handsets</W><W>(</W><W>1</W><W>for</W><W>upstairs</W><W>1</W><W>for</W><W>downstairs</W><W>)</W><W>.</W></SENTENCE><SENTENCE><W>We</W><W>decided</W><W>to</W><W>purchase</W><W>the</W><W>&quot;kx-tga</W><W>273s</W><W>&quot;</W><W>additional</W><W>handset</W><W>(</W><W>bedroom</W><W>phone/alarm</W><W>clock/radio</W><W>)</W><W>.</W></SENTENCE><SENTENCE><W>Cleaned</W><W>up</W><W>our</W><W>nightstand</W><W>tremendously</W><W>-</W><W>thank</W><W>god</W><W>.</W></SENTENCE></P><P/><P><SENTENCE><W>I</W><C><cue ID="2" type="speculation"><W>could</W></cue></C><xcope ID="9"><ref ID="15" SRC="2"/><W>go</W><W>into</W><W>all</W><W>the</W><W>numerous</W><W>features</W><W>this</W><W>system</W><W>offers</W></xcope><W>-</W><W>but</W><W>that</W><C><cue ID="3" type="speculation"><W>would</W></cue></C><xcope ID="8"><ref ID="14" SRC="3"/><W>take</W><W>forever</W></xcope><W>.</W></SENTENCE><SENTENCE><W>We</W><W>use</W><W>the</W><W>majority</W><W>of</W><W>them</W><W>(</W><W>the</W><W>manual</W><W>explained</W><W>them</W><W>in</W><W>easy</W><W>to</W><W>learn</W><W>terms</W><W>)</W><W>.</W></SENTENCE></P><P/><P><SENTENCE><W>All</W><W>in</W><W>all</W><W>,</W><W>like</W><W>the</W><W>title</W><W>says</W><W>&quot;</W><W>we</W><cue ID="4" type="speculation"><C><W>could</W></C><W>n&apos;t</W></cue><xcope ID="7"><ref COMMENTS="" ID="17" SRC="4"/><W>be</W><W>happier</W></xcope><W>&quot;</W><W>with</W><W>our</W><W>purchase</W><C><W>and</W></C><W>the</W><W>cons</W><W>I</W><W>described</W><W>are</W><C><cue ID="5" type="negation"><W>not</W></cue></C><xcope ID="6"><ref ID="16" SRC="5"/><W>really</W><W>cons</W></xcope><W>,</W><W>just</W><W>minor</W><W>inconveniences</W><W>.</W></SENTENCE></P></DOCUMENT>