<?xml version="1.0" encoding="UTF-8"?>
<DOCUMENT><P></P><P><SENTENCE><W>I</W><W>bought</W><W>this</W><W>phone</W><W>in</W><W>June</W><C><W>and</W></C><W>reserved</W><W>judgment</W><W>until</W><W>I</W><W>used</W><W>it</W><W>for</W><W>a</W><W>while</W><W>.</W></SENTENCE><SENTENCE><W>My</W><W>choices</W><W>were</W><W>limited</W><W>due</W><W>to</W><W>the</W><W>features</W><W>I</W><W>wanted</W><W>.</W></SENTENCE><SENTENCE><W>I</W><W>wanted</W><W>a</W><W>digital</W><W>,</W><W>3</W><W>mailbox</W><W>voicemail</W><W>,</W><W>a</W><W>cordless</W><W>handset</W><W>,</W><C><W>and</W></C><W>my</W><W>wife</W><W>wanted</W><W>a</W><W>corded</W><W>handset</W><W>.</W></SENTENCE><SENTENCE><W>I</W><W>tease</W><W>her</W><W>about</W><W>being</W><W>a</W><W>Luddite</W><W>but</W><W>she</W><W>has</W><W>small</W><W>hands</W><C><W>and</W></C><W>the</W><W>large</W><W>cordless</W><W>handsets</W><W>are</W><W>uncomfortable</W><W>.</W></SENTENCE><SENTENCE><W>I</W><W>was</W><W>forced</W><W>to</W><W>apologize</W><W>to</W><W>her</W><W>during</W><W>the</W><W>blackout</W><W>in</W><W>August</W><W>because</W><W>it</W><W>was</W><W>the</W><W>only</W><W>phone</W><W>in</W><W>the</W><W>house</W><W>that</W><W>worked</W><W>.</W></SENTENCE></P><P></P><P><SENTENCE><W>As</W><W>a</W><W>rule</W><W>I</W><W>like</W><W>Panasonic</W><W>gear</W><W>.</W></SENTENCE><SENTENCE><W>This</W><W>phone</W><W>did</W><W>n&#39;t</W><W>let</W><W>me</W><W>down</W><W>.</W></SENTENCE><SENTENCE><W>The</W><W>sound</W><W>is</W><W>good</W><W>,</W><W>the</W><W>range</W><W>is</W><W>great</W><W>,</W><C><W>and</W></C><W>I</W><W>like</W><W>the</W><W>separate</W><W>charger</W><W>stand</W><W>for</W><W>the</W><W>cordless</W><W>.</W></SENTENCE><SENTENCE><W>I</W><C><cue ID="0" type="speculation"><W>would</W></cue></C><xcope ID="3"><ref COMMENTS="" ID="5" SRC="0"></ref><W>have</W><W>preferred</W><W>a</W><W>manual</W><W>channel</W><W>selector</W><W>as</W><W>it</W><W>interferes</W><W>with</W><W>my</W><W>802.11g</W><W>router</W><W>on</W><W>some</W><W>channels</W></xcope><W>.</W></SENTENCE><SENTENCE><W>That</W><W>was</W><W>fixed</W><W>at</W><W>the</W><W>router</W><W>end</W><W>though</W><W>.</W></SENTENCE><SENTENCE><W>The</W><W>only</W><W>other</W><W>complaint</W><W>I</W><W>have</W><W>is</W><W>that</W><W>I</W><cue ID="1" type="negation"><W>ca</W><W>n&#39;t</W></cue><xcope ID="2"><ref COMMENTS="" ID="4" SRC="1"></ref><W>transfer</W><W>a</W><W>message</W><W>from</W><W>one</W><W>mailbox</W><W>to</W><W>another</W></xcope><W>.</W></SENTENCE></P></DOCUMENT>
