<?xml version="1.0" encoding="UTF-8"?>
<DOCUMENT><P/><P><SENTENCE><W>After</W><W>researching</W><W>,</W><W>this</W><W>system</W><W>jumped</W><W>out</W><W>.</W></SENTENCE><SENTENCE><W>Having</W><W>a</W><W>home</W><W>office</W><W>,</W><W>I</W><W>used</W><W>a</W><W>Uniden</W><W>cordless</W><W>system</W><W>.</W></SENTENCE><SENTENCE><W>The</W><W>handset</W><W>inevitably</W><W>ran</W><W>out</W><W>of</W><W>power</W><W>at</W><W>the</W><W>wrong</W><W>times</W><C><W>and</W></C><W>I</W><W>was</W><C><cue ID="0" type="negation"><W>without</W></cue></C><xcope ID="7"><ref COMMENTS="" ID="8" SRC="0"/><W>a</W><W>phone</W></xcope><W>.</W></SENTENCE><SENTENCE><W>Panasonic</W><W>smartly</W><W>provides</W><W>a</W><W>base</W><W>unit</W><C><W>and</W></C><W>remote</W><W>,</W><W>each</W><W>with</W><W>a</W><W>dialing</W><W>pad</W><W>.</W></SENTENCE></P><P/><P><SENTENCE><W>It</W><W>is</W><W>an</W><W>attractive</W><W>,</W><W>high</W><W>quality</W><W>device</W><W>I</W><C><cue ID="1" type="speculation"><W>would</W></cue></C><xcope ID="6"><ref COMMENTS="" ID="9" SRC="1"/><W>recommend</W><W>highly</W></xcope><W>.</W></SENTENCE><SENTENCE><W>There</W><W>are</W><W>too</W><W>many</W><W>features</W><W>to</W><W>list</W><W>including</W><W>speakerphone</W><W>(</W><W>also</W><W>from</W><W>remote)conferencing</W><W>,</W><W>ring</W><W>tones</W><W>,</W><W>etc</W><W>.</W></SENTENCE></P><P/><P><SENTENCE><W>I</W><cue ID="2" type="speculation"><C><W>could</W></C><W>n&apos;t</W></cue><xcope ID="5"><ref COMMENTS="" ID="11" SRC="2"/><W>be</W><W>more</W><W>satisfied</W></xcope><W>...and</W><W>I</W><C><cue ID="3" type="speculation"><W>can</W></cue></C><xcope ID="4"><ref COMMENTS="" ID="10" SRC="3"/><W>add</W><W>more</W><W>hand</W><W>sets</W></xcope><W>.</W></SENTENCE></P></DOCUMENT>