<?xml version="1.0" encoding="UTF-8"?>
<DOCUMENT><P></P><P><SENTENCE><W>One</W><W>of</W><W>Newton</W><W>&#39;s</W><W>laws</W><W>of</W><W>motion</W><W>states</W><W>(</W><W>paraphrased</W><W>)</W><W>that</W><W>a</W><W>body</W><W>in</W><W>motion</W><W>tends</W><W>to</W><W>remain</W><W>in</W><W>motion</W><W>.</W></SENTENCE><SENTENCE><W>The</W><W>principle</W><W>under</W><W>discussion</W><W>is</W><W>commonly</W><W>known</W><W>as</W><W>inertia</W><W>.</W></SENTENCE><SENTENCE><W>Inertia</W><W>,</W><W>we</W><W>all</W><W>know</W><W>,</W><W>is</W><C><cue ID="0" type="negation"><W>not</W></cue></C><xcope ID="1"><ref COMMENTS="" ID="2" SRC="0"></ref><W>merely</W><W>a</W><W>physical</W><W>phenomenon</W></xcope><W>,</W><W>it</W><W>&#39;s</W><W>also</W><W>a</W><W>phenomenon</W><W>that</W><W>exerts</W><W>influence</W><W>over</W><W>such</W><W>varied</W><W>arenas</W><W>as</W><W>the</W><W>stock</W><W>market</W><C><W>and</W></C><W>personal</W><W>relationships</W><W>--</W><W>how</W><W>many</W><W>couples</W><W>do</W><W>you</W><W>know</W><W>,</W><W>for</W><W>instance</W><W>,</W><W>that</W><W>stay</W><W>together</W><W>far</W><W>too</W><W>long</W><W>because</W><W>the</W><W>act</W><W>of</W><W>breaking</W><W>up</W><W>takes</W><W>too</W><W>much</W><W>energy</W><W>?</W></SENTENCE></P><P></P><P><SENTENCE><W>Inertia</W><W>occurs</W><W>in</W><W>the</W><W>marketplace</W><W>,</W><W>of</W><W>that</W><W>we</W><C><cue ID="3" type="speculation"><W>can</W></cue></C><xcope ID="4"><ref COMMENTS="" ID="5" SRC="3"></ref><W>be</W><W>certain</W></xcope><W>.</W></SENTENCE><SENTENCE><W>One</W><W>of</W><W>the</W><W>most</W><W>telling</W><W>forms</W><W>of</W><W>inertia</W><W>is</W><W>a</W><W>consumer</W><W>&#39;s</W><W>attachment</W><W>to</W><xcope ID="8"><ref COMMENTS="" ID="9" SRC="6"></ref><W>a</W><W>brand</W></xcope><C><cue ID="6" type="speculation"><W>or</W></cue></C><xcope ID="7"><ref COMMENTS="" ID="10" SRC="6"></ref><W>to</W><W>a</W><W>model</W></xcope><W>.</W></SENTENCE><SENTENCE><W>Such</W><W>devotion</W><W>asserts</W><W>itself</W><W>in</W><W>an</W><W>&#34;</W><W>It</W><W>done</W><W>me</W><W>right</W><W>the</W><W>last</W><W>time</W><W>,</W><W>so</W><W>I</W><W>&#39;ll</W><W>stick</W><W>by</W><W>it</W><W>the</W><W>next</W><W>time</W><W>&#34;</W><W>attitude</W><W>;</W><W>a</W><W>sort</W><W>of</W><W>Tammy</W><W>Wynette*</W><W>model</W><W>for</W><W>consumption</W><W>.</W></SENTENCE><SENTENCE><W>We</W><W>often</W><W>sense</W><W>inertia</W><W>here</W><W>at</W><W>Epinions</W><W>,</W><W>especially</W><W>in</W><W>the</W><W>Automotive</W><W>category</W><W>,</W><W>where</W><W>hardly</W><W>a</W><W>day</W><W>goes</W><W>by</W><W>that</W><W>I</W><W>do</W><W>n&#39;t</W><W>read</W><W>a</W><W>review</W><W>stating</W><W>that</W><W>&#34;</W><W>I</W><W>have</W><W>always</W><W>bought</W><W>{insert</W><W>car</W><W>maker</W><W>}</W><W>cars</W><W>..</W><W>.</W><W>&#34;</W><W>In</W><W>fact</W><W>,</W><W>automobiles</W><C><cue ID="11" type="speculation"><W>may</W></cue></C><xcope ID="12"><ref COMMENTS="" ID="13" SRC="11"></ref><W>be</W><W>the</W><W>only</W><W>consumer</W><W>product</W><W>in</W><W>which</W><W>inertia</W><W>is</W><W>an</W><W>inherited</W><W>force</W></xcope><W>:</W><W>hardly</W><W>a</W><W>day</W><W>goes</W><W>by</W><W>in</W><W>which</W><W>I</W><W>do</W><W>n&#39;t</W><W>read</W><W>a</W><W>review</W><W>that</W><W>says</W><W>,</W><W>&#34;my</W><W>family</W><W>has</W><W>always</W><W>bought</W><W>insert</W><W>car</W><W>maker</W><W>cars</W><W>..</W><W>.</W><W>&#34;</W></SENTENCE></P><P></P><P><SENTENCE><C><cue ID="14" type="speculation"><W>Perhaps</W></cue></C><xcope ID="17"><ref ID="26" SRC="14"></ref><W>I</W><W>grew</W><W>up</W><W>in</W><W>an</W><W>unusual</W><W>family</W></xcope><W>:</W><W>my</W><W>parents</W><W>drove</W><W>Pontiacs</W><W>,</W><W>Fords</W><W>,</W><W>Chevvies</W><W>,</W><W>Dodges</W><W>,</W><W>Chryslers</W><W>,</W><W>Oldsmobiles</W><W>,</W><W>Studebakers</W><W>,</W><W>Ramblers</W><W>...</W><W>you</W><W>name</W><W>it</W><W>,</W><W>they</W><W>drove</W><W>it</W><W>some</W><W>time</W><W>in</W><xcope ID="19"><ref ID="25" SRC="15"></ref><W>the</W><W>fifties</W></xcope><W>,</W><xcope ID="20"><ref ID="24" SRC="15"></ref><W>sixties</W></xcope><W>,</W><C><cue ID="15" type="speculation"><W>or</W></cue></C><xcope ID="18"><ref ID="23" SRC="15"></ref><W>seventies</W></xcope><W>.</W></SENTENCE><SENTENCE><C><W>And</W></C><W>so</W><W>I</W><C><cue ID="16" type="negation"><W>never</W></cue></C><xcope ID="21"><ref COMMENTS="" ID="22" SRC="16"></ref><W>developed</W><W>that</W><W>somewhat</W><W>slavish</W><W>brand</W><W>loyalty</W></xcope><W>--</W><C><W>and</W></C><W>,</W><W>I</W><W>venture</W><W>,</W><W>the</W><W>condition</W><W>best</W><W>described</W><W>by</W><W>the</W><W>observation</W><W>that</W><W>&#34;love</W><W>is</W><W>blind</W><W>.</W><W>&#34;</W></SENTENCE><SENTENCE><W>But</W><W>I</W><W>know</W><W>that</W><W>there</W><W>are</W><W>a</W><W>lot</W><W>of</W><W>blind</W><W>consumers</W><W>out</W><W>there</W><W>.</W></SENTENCE></P><P></P><P><SENTENCE><W>America</W><W>&#39;s</W><W>Most</W><W>Popular</W><W>Car</W><W>?</W><W>!</W><W>?</W></SENTENCE></P><P></P><P><SENTENCE><W>Advertisements</W><W>tell</W><W>us</W><W>that</W><W>the</W><W>Ford</W><W>Taurus</W><W>is</W><W>America</W><W>&#39;s</W><W>most</W><W>popular</W><W>car</W><W>.</W></SENTENCE><SENTENCE><W>Note</W><W>,</W><W>however</W><W>,</W><W>that</W><W>you</W><C><cue ID="27" type="speculation"><W>can</W></cue></C><xcope ID="29"><ref ID="31" SRC="27"></ref><W>always</W><W>tell</W><W>when</W><W>an</W><W>advertising</W><W>man</W><W>is</W><W>lying</W></xcope><W>because</W><W>his</W><W>lips</W><W>are</W><W>moving</W><W>...</W><W>What</W><W>is</W><W>true</W><W>is</W><W>that</W><W>the</W><W>Taurus</W><W>is</W><W>one</W><W>of</W><W>the</W><W>most</W><W>popular</W><W>cars</W><W>ever</W><W>sold</W><W>in</W><W>this</W><W>country</W><W>;</W><C><W>and</W></C><W>(</W><C><cue ID="28" type="speculation"><W>if</W></cue></C><xcope ID="30"><ref ID="32" SRC="28"></ref><W>you</W><W>lump</W><W>Mercury</W><W>Sable</W><W>in</W><W>with</W><W>the</W><W>Taurus</W></xcope><W>)</W><W>there</W><W>are</W><W>as</W><W>many</W><W>of</W><W>them</W><W>on</W><W>the</W><W>road</W><W>as</W><W>there</W><W>are</W><W>of</W><W>any</W><W>other</W><W>vehicle</W><W>.</W></SENTENCE><SENTENCE><W>More</W><W>importantly</W><W>,</W><W>the</W><W>Taurus</W><W>--</W><W>an</W><W>ugly</W><W>,</W><W>melted-looking</W><W>critter</W><W>at</W><W>its</W><W>birth</W><W>--</W><W>marked</W><W>Ford</W><W>&#39;s</W><W>re-emergence</W><W>as</W><W>a</W><W>power</W><W>in</W><W>the</W><W>mid-sized</W><W>car</W><W>market</W><W>after</W><W>more</W><W>than</W><W>a</W><W>decade</W><W>of</W><W>shoddy</W><W>quality</W><W>,</W><W>ill-advised</W><W>experimentation</W><W>,</W><C><W>and</W></C><W>simple</W><W>ignorance</W><W>of</W><W>consumer</W><W>trends</W><W>.</W></SENTENCE><SENTENCE><W>Finally</W><W>,</W><W>America</W><W>was</W><W>making</W><W>a</W><W>car</W><W>that</W><W>was</W><W>competitive</W><W>against</W><W>Japanese</W><W>imports</W><W>,</W><W>so</W><W>much</W><W>so</W><W>that</W><W>it</W><W>actually</W><W>began</W><W>making</W><W>inroads</W><W>into</W><W>that</W><W>import</W><W>market</W><W>.</W></SENTENCE><SENTENCE><W>Hooray</W><W>for</W><W>American</W><W>ingenuity</W><C><W>and</W></C><W>engineering</W><W>!</W></SENTENCE></P><P></P><P><SENTENCE><W>As</W><W>such</W><W>,</W><W>the</W><W>Taurus</W><W>developed</W><W>a</W><W>near-cult</W><W>following</W><W>;</W><W>giving</W><W>a</W><W>new</W><W>generation</W><W>a</W><W>vehicle</W><W>on</W><W>which</W><W>to</W><W>lavish</W><W>the</W><W>family</W><W>&#39;s</W><W>Ford</W><W>addiction</W><W>.</W></SENTENCE><SENTENCE><W>Suddenly</W><C><cue ID="33" type="speculation"><W>if</W></cue></C><xcope ID="39"><ref COMMENTS="" ID="43" SRC="33"></ref><W>you</W><W>ached</W><W>to</W><W>drive</W><W>a</W><W>stylish</W><W>,</W><W>dependable</W><W>car</W><W>,</W><W>you</W><cue ID="34" type="negation"><W>did</W><W>n&#39;t</W></cue><xcope ID="38"><ref COMMENTS="" ID="42" SRC="34"></ref><W>have</W><W>to</W><xcope ID="37"><ref COMMENTS="" ID="41" SRC="35"></ref><W>hide</W><W>the</W><W>Toyota</W><W>from</W><W>Dad</W></xcope><C><cue ID="35" type="speculation"><W>or</W></cue></C><xcope ID="36"><ref COMMENTS="" ID="40" SRC="35"></ref><W>watch</W><W>Uncle</W><W>Stan</W><W>sneer</W><W>at</W><W>the</W><W>Honda</W></xcope></xcope><W>.</W></xcope></SENTENCE><SENTENCE><C><W>And</W></C><W>so</W><W>the</W><W>Taurus</W><W>(</W><C><W>and</W></C><W>its</W><W>&#34;name-plate</W><W>twin</W><W>&#34;</W><W>the</W><W>Mercury</W><W>Sable</W><W>)</W><W>became</W><W>Ford</W><W>&#39;s</W><W>&#34;</W><W>comeback</W><W>kid</W><W>.</W><W>&#34;</W></SENTENCE><SENTENCE><W>Three</W><W>cheers</W><W>for</W><W>Henry</W><W>,</W><W>Edsel</W><W>,</W><C><W>and</W></C><W>the</W><W>rest</W><W>of</W><W>the</W><W>Fords</W><W>!</W></SENTENCE></P><P></P><P><SENTENCE><W>Fast</W><W>Forward</W><W>to</W><W>2002</W></SENTENCE></P><P></P><P><SENTENCE><W>Over</W><W>the</W><W>years</W><W>,</W><W>I</W><W>&#39;ve</W><W>driven</W><W>lots</W><W>of</W><W>Tauruses</W><W>(</W><W>Tauri?</W><W>)</W><W>;</W><W>always</W><W>as</W><W>a</W><W>rental</W><W>.</W></SENTENCE><SENTENCE><W>I</W><W>&#39;ve</W><W>driven</W><W>them</W><W>through</W><W>snow</W><W>,</W><W>in</W><W>the</W><W>baking</W><W>desert</W><W>sun</W><W>,</W><W>at</W><W>the</W><W>beach</W><W>,</W><C><W>and</W></C><W>on</W><W>winding</W><W>mountain</W><W>roads</W><W>.</W></SENTENCE><SENTENCE><W>While</W><W>I</W><W>&#39;ve</W><C><cue ID="44" type="negation"><W>never</W></cue></C><xcope ID="51"><ref COMMENTS="" ID="58" SRC="44"></ref><W>been</W><W>tempted</W><W>to</W><W>buy</W><W>a</W><W>Taurus</W></xcope><W>(</W><W>frankly</W><W>,</W><W>it</W><W>&#39;s</W><W>larger</W><W>than</W><W>I</W><W>need</W><W>)</W><W>,</W><xcope ID="53"><ref COMMENTS="" ID="60" SRC="46"></ref><W>I</W><W>&#39;ve</W><C><cue ID="45" type="negation"><W>never</W></cue></C><xcope ID="52"><ref COMMENTS="" ID="59" SRC="45"></ref><W>been</W><W>unimpressed</W><W>by</W><W>the</W><W>car</W></xcope></xcope><W>,</W><C><cue ID="46" type="negation"><W>either</W></cue></C><W>.</W></SENTENCE><SENTENCE><xcope ID="150"><ref COMMENTS="" ID="151" SRC="47"></ref><W>This</W><W>is</W><W>a</W><W>vehicle</W></xcope><W>that</W><W>&#39;s</W><W>always</W><C><cue ID="47" type="speculation"><W>seemed</W></cue></C><xcope ID="55"><ref COMMENTS="" ID="62" SRC="47"></ref><W>to</W><W>be</W><W>a</W><W>solid</W><W>,</W><W>dependable</W><W>--</W><C><cue ID="48" type="speculation"><W>if</W></cue></C><xcope ID="54"><ref COMMENTS="" ID="61" SRC="48"></ref><W>somewhat</W><W>boring</W></xcope><W>--</W><W>performer</W></xcope><W>;</W><W>but</W><xcope ID="57"><ref COMMENTS="" ID="64" SRC="50"></ref><W>then</W><W>I</W><W>&#39;d</W><C><cue ID="49" type="negation"><W>never</W></cue></C><xcope ID="56"><ref COMMENTS="" ID="63" SRC="49"></ref><W>reviewed</W><W>one</W><W>for</W><W>Epinions</W></xcope></xcope><W>,</W><C><cue ID="50" type="negation"><W>either</W></cue></C><W>.</W></SENTENCE><SENTENCE><W>So</W><W>here</W><W>&#39;s</W><W>my</W><W>chance</W><W>,</W><W>after</W><W>having</W><W>looked</W><W>at</W><W>a</W><W>2002</W><W>Taurus</W><W>with</W><W>a</W><W>critical</W><W>eye</W><W>:</W></SENTENCE></P><P></P><P><SENTENCE><W>The</W><W>Car</W></SENTENCE></P><P></P><P><SENTENCE><W>My</W><W>ever-faithful</W><W>suppliers</W><W>at</W><W>Enterprise</W><W>rented</W><W>me</W><W>a</W><W>2002</W><W>Taurus</W><W>SE</W><W>model</W><W>,</W><W>a</W><W>four-door</W><W>,</W><W>with</W><W>the</W><W>stock</W><W>V6</W><W>Vulcan</W><W>engine</W><C><W>and</W></C><W>a</W><W>four-speed</W><W>automatic</W><W>transmission</W><W>.</W></SENTENCE><SENTENCE><W>This</W><W>particular</W><W>model</W><W>has</W><W>a</W><W>&#34;</W><W>convertible</W><W>&#34;</W><W>front</W><W>seat</W><W>,</W><W>which</W><W>is</W><W>a</W><W>bench</W><W>seat</W><W>with</W><W>a</W><W>center</W><W>panel</W><W>that</W><W>unfolds</W><W>into</W><W>a</W><W>console</W><W>and/or</W><W>armrest</W><W>to</W><W>create</W><W>the</W><W>illusion</W><W>of</W><W>bucket</W><W>seats</W><W>.</W></SENTENCE><SENTENCE><W>The</W><W>vehicle</W><W>came</W><W>equipped</W><W>with</W><W>dual</W><W>airbags</W><W>,</W><W>power</W><W>doors/windows/mirrors</W><W>,</W><W>cloth</W><W>seats</W><W>,</W><W>AM/FM/Cassette</W><W>,</W><W>tilt</W><W>wheel</W><W>,</W><W>cruise</W><W>control</W><W>,</W><W>intermittent</W><W>wipers</W><W>,</W><W>styled</W><W>aluminum</W><W>wheels</W><W>,</W><C><W>and</W></C><W>AC.</W></SENTENCE><SENTENCE><W>I</W><W>picked</W><W>it</W><W>up</W><W>with</W><W>about</W><W>5500</W><W>miles</W><W>on</W><W>the</W><W>clock</W><W>;</W><W>I</W><W>turned</W><W>it</W><W>back</W><W>in</W><W>with</W><W>just</W><W>over</W><W>6000</W><W>-</W><W>five</W><W>days</W><C><W>and</W></C><W>500+</W><W>miles</W><W>.</W></SENTENCE><SENTENCE><W>About</W><W>400</W><W>miles</W><W>were</W><W>highway</W><W>driving</W><W>,</W><W>the</W><W>rest</W><W>on</W><W>city</W><W>streets</W><C><W>and</W></C><W>freeways</W><W>in</W><W>the</W><W>Austin</W><C><W>and</W></C><W>Houston</W><W>areas</W><W>.</W></SENTENCE><SENTENCE><W>Weather</W><W>was</W><W>mostly</W><W>dry</W><W>,</W><W>though</W><W>my</W><W>return</W><W>to</W><W>Austin</W><W>encountered</W><W>some</W><W>moderate</W><W>showers</W><W>.</W></SENTENCE></P><P></P><P><SENTENCE><W>Styling</W><W>Notes</W></SENTENCE></P><P></P><P><SENTENCE><W>For</W><W>those</W><W>interested</W><W>in</W><W>such</W><W>things</W><W>,</W><W>the</W><W>vehicle</W><W>was</W><W>a</W><W>metallic</W><W>charcoal</W><W>gray</W><W>with</W><W>a</W><W>multi-shade</W><W>gray</W><W>interior</W><W>.</W></SENTENCE><SENTENCE><W>That</W><W>particular</W><W>combination</W><W>is</W><C><cue ID="65" type="speculation"><W>apparently</W></cue></C><xcope ID="67"><ref COMMENTS="" ID="70" SRC="65"></ref><W>quite</W><W>popular</W></xcope><W>;</W><W>one</W><W>night</W><W>in</W><W>my</W><W>hotel</W><W>parking</W><W>garage</W><W>I</W><W>had</W><W>to</W><W>choose</W><W>among</W><W>the</W><W>Taurus</W><W>,</W><W>a</W><W>Mustang</W><W>,</W><C><W>and</W></C><W>a</W><W>Contour</W><W>all</W><W>in</W><W>that</W><W>color</W><W>combination</W><W>.</W></SENTENCE><SENTENCE><W>I</W><W>stayed</W><W>with</W><W>the</W><W>Taurus</W><W>&#39;cause</W><W>I</W><cue ID="66" type="negation"><W>did</W><W>n&#39;t</W></cue><xcope ID="68"><ref COMMENTS="" ID="69" SRC="66"></ref><W>have</W><W>keys</W><W>for</W><W>the</W><W>Mustang</W></xcope><W>.</W></SENTENCE></P><P></P><P><SENTENCE><W>This</W><W>model</W><W>was</W><W>restyled</W><W>by</W><W>Ford</W><W>with</W><W>the</W><W>2000</W><W>model</W><W>year</W><W>.</W></SENTENCE><SENTENCE><W>Speaking</W><W>from</W><W>memory</W><W>,</W><W>earlier</W><W>models</W><W>were</W><W>far</W><W>more</W><W>dependent</W><W>upon</W><W>the</W><W>oval</W><W>motif</W><W>,</W><C><W>and</W></C><W>still</W><W>retained</W><W>some</W><W>of</W><W>the</W><W>original</W><W>version</W><W>&#39;s</W><W>melted</W><W>external</W><W>contours</W><W>.</W></SENTENCE><SENTENCE><W>The</W><W>restyling</W><W>possesses</W><W>slightly</W><W>more</W><W>angularity</W><W>than</W><W>the</W><W>old</W><W>version</W><W>,</W><W>with</W><W>sharper</W><W>slope</W><W>breaks</W><W>at</W><W>the</W><W>base</W><W>of</W><W>the</W><W>rear</W><W>window</W><C><W>and</W></C><W>on</W><W>the</W><W>trunk</W><W>line</W><W>.</W></SENTENCE></P><P></P><P><SENTENCE><W>The</W><W>interior</W><W>has</W><W>much</W><W>of</W><W>the</W><W>&#34;</W><W>chunky</W><W>&#34;</W><W>look</W><W>adopted</W><W>by</W><W>many</W><W>automakers</W><W>in</W><W>the</W><W>latest</W><W>&#39;90s</W><C><W>and</W></C><W>early</W><W>2000s</W><W>.</W></SENTENCE><SENTENCE><W>Blocks</W><W>of</W><W>foam-filled</W><W>&#34;naugahyde</W><W>&#34;</W><W>tend</W><W>to</W><W>fight</W><W>for</W><W>supremacy</W><W>with</W><W>contoured</W><W>plastic</W><W>panels</W><W>in</W><W>the</W><W>dash</W><C><W>and</W></C><W>on</W><W>the</W><W>doors</W><W>.</W></SENTENCE><SENTENCE><W>The</W><W>seating</W><W>arrangements</W><W>do</W><C><cue ID="71" type="negation"><W>not</W></cue></C><xcope ID="75"><ref COMMENTS="" ID="79" SRC="71"></ref><C><cue ID="72" type="speculation"><W>appear</W></cue></C><xcope ID="74"><ref COMMENTS="" ID="78" SRC="72"></ref><W>to</W><W>have</W><W>changed</W><W>from</W><W>earlier</W><W>models</W></xcope></xcope><W>;</W><C><W>and</W></C><W>the</W><W>instrument</W><W>panel</W><C><W>and</W></C><W>dashboard</W><W>layouts</W><W>are</W><W>little</W><W>changed</W><W>,</W><C><cue ID="73" type="speculation"><W>if</W></cue></C><xcope ID="76"><ref COMMENTS="" ID="77" SRC="73"></ref><W>at</W><W>all</W></xcope><W>.</W></SENTENCE></P><P></P><P><SENTENCE><W>Driver-Car</W><W>Interface</W></SENTENCE></P><P></P><P><SENTENCE><W>The</W><W>Taurus</W><W>handles</W><W>moderately</W><W>well</W><W>for</W><W>a</W><W>mid-sized</W><W>family</W><W>sedan</W><W>;</W><W>cornering</W><W>is</W><W>responsive</W><W>with</W><C><cue ID="80" type="negation"><W>neither</W></cue></C><xcope ID="83"><ref ID="85" SRC="80"></ref><W>crispness</W><C><cue ID="81" type="negation"><W>nor</W></cue></C><xcope ID="82"><ref ID="84" SRC="81"></ref><W>poor</W><W>control</W></xcope></xcope><W>.</W></SENTENCE><SENTENCE><W>The</W><W>driver</W><W>has</W><W>a</W><W>good</W><W>connection</W><W>to</W><W>the</W><W>road</W><W>when</W><W>compared</W><W>to</W><W>larger</W><W>vehicles</W><W>such</W><W>as</W><W>the</W><W>Lincoln</W><W>Continental</W><W>,</W><W>but</W><W>is</W><W>more</W><W>isolated</W><W>than</W><W>when</W><W>driving</W><W>most</W><W>Japanese</W><W>sedans</W><W>(</W><W>Mitsubishi</W><W>Galant</W><W>,</W><W>Toyota</W><W>Camry</W><W>)</W><W>.</W></SENTENCE><SENTENCE><W>Braking</W><W>tends</W><W>to</W><C><W>feel</W></C><W>a</W><W>bit</W><W>mushy</W><W>at</W><W>highway</W><W>speeds</W><W>.</W></SENTENCE></P><P></P><P><SENTENCE><W>The</W><W>stock</W><W>155-hp</W><W>Vulcan</W><W>V6</W><W>possesses</W><W>adequate</W><W>reserve</W><W>power</W><W>at</W><W>highway</W><W>speeds</W><W>,</W><W>but</W><W>is</W><W>noticeably</W><W>weak</W><W>on</W><W>acceleration</W><W>from</W><W>a</W><W>standing</W><W>start</W><W>(</W><W>this</W><W>is</W><W>the</W><W>least</W><W>powerful</W><W>of</W><W>three</W><W>available</W><W>V6</W><W>engines</W><W>)</W><W>.</W></SENTENCE><SENTENCE><W>I</W><W>averaged</W><W>about</W><W>21.5</W><W>MPG</W><W>with</W><W>this</W><W>engine</W><W>(</W><W>note</W><W>:</W><W>mostly</W><W>highway</W><W>driving</W><W>)</W><W>.</W></SENTENCE><SENTENCE><W>The</W><W>four-speed</W><W>overdrive</W><W>transmission</W><W>shifts</W><W>smoothly</W><C><W>and</W></C><W>responsively</W><W>for</W><W>the</W><W>most</W><W>part</W><W>.</W></SENTENCE><SENTENCE><W>In</W><W>this</W><W>model</W><W>,</W><W>the</W><W>shifter</W><W>is</W><W>mounted</W><W>to</W><W>the</W><W>steering</W><W>column</W><W>.</W></SENTENCE></P><P></P><P><SENTENCE><W>The</W><W>cockpit</W><W>is</W><W>laid</W><W>out</W><W>comfortably</W><W>,</W><W>with</W><W>most</W><W>controls</W><W>easily</W><W>accessible</W><C><W>and</W></C><W>few</W><W>(</W><C><cue ID="86" type="speculation"><W>if</W></cue></C><xcope ID="87"><ref COMMENTS="" ID="88" SRC="86"></ref><W>any</W></xcope><W>)</W><W>surprises</W><W>.</W></SENTENCE><SENTENCE><W>The</W><W>intermittent</W><W>wipers</W><C><W>and</W></C><W>headlight</W><W>dimmer</W><W>switch</W><W>are</W><W>located</W><W>on</W><W>the</W><W>turn</W><W>signal</W><W>stalk</W><W>.</W></SENTENCE><SENTENCE><W>The</W><W>cruise</W><W>control</W><W>buttons</W><W>are</W><W>on</W><W>the</W><W>face</W><W>of</W><W>the</W><W>steering</W><W>wheel</W><W>;</W><W>on-off</W><W>on</W><W>the</W><W>left</W><C><W>and</W></C><W>accelerate/coast/resume</W><W>on</W><W>the</W><W>right</W><W>.</W></SENTENCE></P><P></P><P><SENTENCE><W>Driving</W><W>Environment</W></SENTENCE></P><P></P><P><SENTENCE><W>The</W><W>driver</W><W>&#39;s</W><W>seat</W><W>in</W><W>this</W><W>configuration</W><W>has</W><W>a</W><W>seat-back</W><W>tilt</W><W>adjustment</W><C><W>and</W></C><W>forward/backward</W><W>adjustment</W><W>,</W><W>both</W><W>manual</W><W>.</W></SENTENCE><SENTENCE><W>There</W><W>is</W><C><cue ID="89" type="negation"><W>no</W></cue></C><xcope ID="91"><ref ID="92" SRC="89"></ref><W>lumbar</W><W>adjustment</W></xcope><W>.</W></SENTENCE><SENTENCE><W>Driver</W><W>seating</W><W>is</W><W>relatively</W><W>comfortable</W><W>,</W><W>though</W><W>the</W><C><W>lack</W></C><W>of</W><W>lumbar</W><C><W>support</W></C><W>is</W><W>somewhat</W><W>bothersome</W><W>.</W></SENTENCE><SENTENCE><W>Rear-seat</W><W>entry</W><W>in</W><W>the</W><W>four-door</W><W>models</W><W>is</W><W>a</W><W>piece</W><W>of</W><W>cake</W><W>,</W><C><W>and</W></C><W>rear-seat</W><W>room</W><W>is</W><xcope ID="93"><ref ID="96" SRC="90"></ref><W>average</W></xcope><C><cue ID="90" type="speculation"><W>or</W></cue></C><xcope ID="94"><ref ID="95" SRC="90"></ref><W>above</W></xcope><W>for</W><W>vehicles</W><W>of</W><W>this</W><W>class</W><W>.</W></SENTENCE><SENTENCE><W>There</W><W>are</W><W>sturdy</W><W>anchor-points</W><W>for</W><W>two</W><W>child</W><W>car</W><W>seats</W><W>on</W><W>the</W><W>car</W><W>&#39;s</W><W>rear</W><W>deck</W><W>.</W></SENTENCE></P><P></P><P><SENTENCE><W>There</W><W>is</W><W>a</W><W>single</W><W>small</W><W>,</W><W>rather</W><W>strangely-shaped</W><W>glove</W><W>compartment</W><C><W>and</W></C><W>the</W><W>ubiquitous</W><W>door-side</W><W>map</W><W>pockets</W><W>.</W></SENTENCE><SENTENCE><W>Ford</W><W>provides</W><W>a</W><W>single</W><W>cubby</W><W>in</W><W>the</W><W>dashboard</W><W>for</W><W>front-seat</W><W>passengers</W><W>.</W></SENTENCE><SENTENCE><W>Rear-seat</W><W>passengers</W><W>have</W><W>pockets</W><W>on</W><W>the</W><W>seatbacks</W><W>suitable</W><W>for</W><W>stowing</W><W>a</W><W>magazine</W><C><W>and</W></C><W>little</W><W>else</W><W>.</W></SENTENCE><SENTENCE><W>There</W><W>are</W><W>two</W><W>power</W><W>ports</W><W>,</W><W>both</W><W>in</W><W>front</W><W>(</W><W>one</W><W>doubles</W><W>as</W><W>a</W><W>cigarette</W><W>lighter</W><W>)</W><W>.</W></SENTENCE><SENTENCE><W>The</W><W>rearseat</W><W>passengers</W><W>have</W><W>two</W><W>flip-out</W><W>cupholders</W><W>;</W><W>front</W><W>seat</W><W>passengers</W><W>have</W><W>two</W><W>cupholders</W><W>molded</W><W>into</W><W>the</W><W>underside</W><W>of</W><W>the</W><W>fold-up</W><W>seatbottom</W><W>.</W></SENTENCE><SENTENCE><W>This</W><W>latter</W><W>surface</W><W>also</W><W>has</W><W>minimal</W><W>storage</W><W>for</W><W>cassettes</W><C><W>and</W></C><W>a</W><W>few</W><W>coins</W><W>;</W><W>it</W><W>dumps</W><W>its</W><W>contents</W><W>when</W><W>inverted</W><W>(</W><C><cue ID="97" type="negation"><W>no</W></cue></C><xcope ID="98"><ref ID="99" SRC="97"></ref><W>surprise</W><W>there</W></xcope><W>)</W><W>to</W><W>form</W><W>a</W><W>seat</W><W>cushion</W><W>.</W></SENTENCE><SENTENCE><W>The</W><W>only</W><W>locking</W><W>space</W><W>in</W><W>the</W><W>cabin</W><W>is</W><W>the</W><W>glove</W><W>compartment</W><W>.</W></SENTENCE><SENTENCE><W>Note</W><W>,</W><W>that</W><W>when</W><W>the</W><W>seat</W><W>is</W><W>in</W><W>&#34;bench</W><W>&#34;</W><W>configuration</W><W>,</W><W>there</W><W>are</W><C><cue ID="102" type="negation"><W>no</W></cue></C><xcope ID="103"><ref ID="108" SRC="102"></ref><W>cup</W><W>holders</W></xcope><C><W>and</W></C><W>little</W><W>storage</W><W>(</W><C><cue ID="100" type="speculation"><W>probably</W></cue></C><xcope ID="104"><ref ID="107" SRC="100"></ref><W>moot</W></xcope><W>,</W><W>anyway</W><W>,</W><W>since</W><W>the</W><W>room</W><C><cue ID="101" type="speculation"><W>would</W></cue></C><xcope ID="105"><ref COMMENTS="" ID="106" SRC="101"></ref><W>be</W><W>rather</W><W>limited</W></xcope><W>)</W><W>.</W></SENTENCE></P><P></P><P><SENTENCE><W>The</W><W>trunk</W><W>is</W><W>a</W><W>capacious</W><W>17</W><W>cubic</W><W>feet</W><W>,</W><W>although</W><W>the</W><W>sill</W><W>is</W><W>quite</W><W>high</W><W>,</W><W>making</W><W>loading</W><W>cumbersome</W><W>for</W><W>shorter</W><W>drivers</W><C><W>and</W></C><W>passengers</W><W>.</W></SENTENCE><SENTENCE><W>The</W><W>circumference</W><W>is</W><W>notched</W><W>for</W><W>a</W><W>cargo</W><W>net</W><W>,</W><W>though</W><W>there</W><W>was</W><C><cue ID="109" type="negation"><W>none</W></cue></C><xcope ID="115"><ref COMMENTS="" ID="125" SRC="109"></ref><W>in</W><W>the</W><W>rental</W><W>vehicle</W></xcope><W>(</W><W>it</W><C><cue ID="110" type="speculation"><W>may</W></cue></C><xcope ID="114"><ref COMMENTS="" ID="124" SRC="110"></ref><W>be</W><W>standard</W></xcope><C><W>and</W></C><W>have</W><W>&#34;disappeared</W><W>&#34;</W><W>)</W><W>.</W></SENTENCE><SENTENCE><W>The</W><W>lid</W><W>opens</W><W>with</W><W>a</W><xcope ID="116"><ref ID="123" SRC="111"></ref><W>key</W></xcope><C><cue ID="111" type="speculation"><W>or</W></cue></C><xcope ID="117"><ref COMMENTS="" ID="122" SRC="111"></ref><W>a</W><W>dash-mounted</W><W>remote</W></xcope><W>;</W><C><W>and</W></C><W>there</W><W>is</W><W>also</W><W>an</W><W>emergency</W><W>latch</W><W>for</W><W>opening</W><W>from</W><W>the</W><W>inside</W><W>.</W></SENTENCE><SENTENCE><W>The</W><W>rear</W><W>seats</W><W>do</W><C><cue ID="112" type="negation"><W>not</W></cue></C><xcope ID="118"><ref ID="121" SRC="112"></ref><W>fold</W><W>down</W></xcope><W>,</W><C><cue ID="113" type="negation"><W>nor</W></cue></C><xcope ID="119"><ref ID="120" SRC="113"></ref><W>is</W><W>there</W><W>any</W><W>sort</W><W>of</W><W>&#34;pass-through</W><W>&#34;</W><W>for</W><W>carrying</W><W>long</W><W>cargo</W></xcope><W>;</W><W>a</W><W>disappointing</W><C><W>lack</W></C><W>of</W><W>a</W><W>feature</W><W>available</W><W>in</W><W>other</W><W>trim</W><W>lines</W><C><W>and</W></C><W>on</W><W>competing</W><W>models</W><W>.</W></SENTENCE></P><P></P><P><SENTENCE><W>Engine</W><W>noise</W><W>is</W><W>somewhat</W><W>intrusive</W><W>,</W><W>partially</W><W>because</W><xcope ID="152"><ref COMMENTS="" ID="153" SRC="126"></ref><W>this</W><W>particular</W><W>engine</W></xcope><C><cue ID="126" type="speculation"><W>seems</W></cue></C><xcope ID="127"><ref ID="128" SRC="126"></ref><W>to</W><W>be</W><W>rather</W><W>&#34;grumbly</W></xcope><W>.</W><W>&#34;</W></SENTENCE><SENTENCE><W>Road</W><W>noise</W><W>is</W><W>minimal</W><W>unless</W><W>the</W><W>road</W><W>surface</W><W>is</W><W>coarse</W><W>,</W><W>but</W><W>wind</W><W>noise</W><W>is</W><W>also</W><W>rather</W><W>pronounced</W><W>.</W></SENTENCE></P><P></P><P><SENTENCE><W>Highs</W><C><W>and</W></C><W>Lows</W></SENTENCE></P><P></P><P><SENTENCE><W>These</W><W>are</W><W>my</W><W>personal</W><W>observations</W><W>about</W><W>this</W><W>Taurus</W><W>model</W><W>,</W><W>with</W><W>additional</W><W>explanation</W><W>where</W><W>necessary</W><W>:</W></SENTENCE></P><P></P><P><SENTENCE><W>Positives</W><W>:</W><W>the</W><W>Accelerator</W><W>Pedal</W></SENTENCE></P><P></P><P><SENTENCE><W>+/SYM</W><W>good</W><W>rear-seat</W><W>room</W></SENTENCE></P><P></P><P><SENTENCE><W>+/SYM</W><W>large</W><W>trunk</W><W>capacity</W></SENTENCE></P><P></P><P><SENTENCE><W>+/SYM</W><W>good</W><W>climate</W><W>control</W></SENTENCE></P><P></P><P><SENTENCE><W>+/SYM</W><W>clear</W><W>dash</W><C><W>and</W></C><W>instrument-panel</W><W>layout</W></SENTENCE></P><P></P><P><SENTENCE><W>+/SYM</W><W>fuel</W><W>economy</W></SENTENCE></P><P></P><P><SENTENCE><W>Mmmmm</W><W>,</W><W>Maybe</W><W>:</W><W>The</W><W>Neutral</W><W>Zone</W></SENTENCE></P><P></P><P><SENTENCE><W>=</W><W>engine</W><W>acceleration</W></SENTENCE></P><P></P><P><SENTENCE><W>=</W><W>road</W><W>handling</W><C><W>and</W></C><W>braking</W></SENTENCE></P><P></P><P><SENTENCE><W>=</W><W>an</W><W>average</W><W>climate-control</W><W>system</W></SENTENCE></P><P></P><P><SENTENCE><W>=</W><W>road</W><W>noise</W><C><W>and</W></C><W>wind</W><W>noise</W></SENTENCE></P><P></P><P><SENTENCE><W>Negatives</W><W>:</W><W>the</W><W>Brake</W><W>Pedal</W></SENTENCE></P><P></P><P><SENTENCE><W>-</W><C><W>no</W></C><W>fold-down</W><W>rear</W><W>seat</W></SENTENCE></P><P></P><P><SENTENCE><W>-</W><W>amateurish-looking</W><W>design</W><W>to</W><W>interior</W><W>components</W><W>,</W><W>especially</W><W>the</W><W>&#34;</W><W>console</W><W>&#34;</W></SENTENCE></P><P></P><P><SENTENCE><W>-</W><W>engine</W><W>noise</W><W>:</W><W>a</W><W>disturbing</W><W>metallic</W><W>rumble</W><W>at</W><W>idle</W></SENTENCE></P><P></P><P><SENTENCE><W>-</W><W>cheesy</W><W>stock</W><W>sound</W><W>system</W></SENTENCE></P><P></P><P><SENTENCE><W>-</W><W>poor</W><W>quality</W><W>control</W><W>(</W><W>see</W><W>below</W><W>)</W></SENTENCE></P><P></P><P><SENTENCE><W>-</W><W>that</W><W>stupid</W><W>front-seat</W><W>console</W><C><W>and</W></C><C><W>lack</W></C><W>of</W><W>interior</W><W>storage</W><W>.</W></SENTENCE></P><P></P><P><SENTENCE><W>On</W><W>Quality</W></SENTENCE></P><P></P><P><SENTENCE><W>One</W><W>of</W><W>the</W><W>reasons</W><W>many</W><W>US</W><W>buyers</W><W>deserted</W><W>American</W><W>carmakers</W><W>in</W><W>the</W><W>seventies</W><C><W>and</W></C><W>early</W><W>eighties</W><W>was</W><W>the</W><W>perception</W><W>of</W><W>poor</W><W>quality</W><W>in</W><W>US</W><W>cars</W><W>.</W></SENTENCE><SENTENCE><C><cue ID="129" type="speculation"><W>If</W></cue></C><xcope ID="132"><ref ID="134" SRC="129"></ref><W>all</W><W>American</W><W>cars</W><W>are</W><W>as</W><W>poorly</W><W>made</W><W>as</W><W>this</W><W>particular</W><W>Taurus</W><W>,</W><W>the</W><W>exodus</W><C><cue ID="130" type="speculation"><W>should</W></cue></C><xcope ID="131"><ref ID="133" SRC="130"></ref><W>begin</W><W>anew</W></xcope></xcope><W>.</W></SENTENCE><SENTENCE><W>In</W><W>only</W><W>four</W><W>day</W><W>&#39;s</W><W>exposure</W><W>,</W><W>I</W><W>noted</W><W>the</W><W>following</W><W>defects</W><W>:</W></SENTENCE></P><P></P><P><SENTENCE><W>-</W><W>The</W><W>ignition</W><W>key</W><W>was</W><W>hard</W><W>to</W><W>turn</W><C><W>and</W></C><W>more</W><W>than</W><W>once</W><C><W>failed</W></C><W>to</W><W>release</W><W>from</W><W>the</W><W>&#34;START</W><W>&#34;</W><W>position</W><W>--</W><W>this</W><W>left</W><W>the</W><W>starter</W><W>motor</W><W>engaged</W><W>until</W><W>I</W><W>manually</W><W>released</W><W>the</W><W>key</W><W>.</W></SENTENCE></P><P></P><P><SENTENCE><W>-</W><W>At</W><W>least</W><W>one</W><W>body</W><W>seam</W><W>had</W><W>variable</W><W>width</W><W>along</W><W>its</W><W>length</W><W>,</W><W>a</W><W>definite</W><W>no-no</W><W>(</W><W>one</W><W>panel</W><W>is</W><W>therefore</W><W>misaligned</W><W>)</W></SENTENCE></P><P></P><P><SENTENCE><W>-</W><W>There</W><W>was</W><W>a</W><W>quarter</W><W>of</W><W>an</W><W>inch</W><W>of</W><W>mismatch</W><W>between</W><W>interior</W><W>panels</W><W>on</W><W>the</W><W>back</W><W>of</W><W>the</W><W>front</W><W>seat</W><W>.</W></SENTENCE></P><P></P><P><SENTENCE><W>-</W><W>Flashing</W><W>(</W><W>excess</W><W>plastic</W><W>from</W><W>the</W><W>molding</W><W>process</W><W>)</W><W>had</W><C><cue ID="147" type="negation"><W>not</W></cue></C><xcope ID="148"><ref COMMENTS="" ID="149" SRC="147"></ref><W>been</W><W>trimmed</W><W>off</W><W>the</W><W>interior</W><W>of</W><W>the</W><W>trunk</W></xcope><W>,</W><W>especially</W><W>in</W><W>the</W><W>clips</W><W>for</W><W>the</W><W>cargo</W><W>net</W><W>.</W></SENTENCE></P><P></P><P><SENTENCE><W>-</W><W>The</W><W>fuel</W><W>gage</W><C><cue ID="135" type="speculation"><W>would</W></cue></C><xcope ID="138"><ref COMMENTS="" ID="140" SRC="135"></ref><C><cue ID="136" type="negation"><W>not</W></cue></C><xcope ID="137"><ref COMMENTS="" ID="139" SRC="136"></ref><W>rise</W><W>above</W><W>7/8</W><W>even</W><W>when</W><W>filled</W></xcope></xcope><W>.</W></SENTENCE></P><P></P><P><SENTENCE><W>Overall</W></SENTENCE></P><P></P><P><SENTENCE><W>Ford</W><C><cue ID="141" type="speculation"><W>appears</W></cue></C><xcope ID="146"><ref ID="147" SRC="141"></ref><W>to</W><W>have</W><W>decided</W><W>to</W><W>rest</W><W>on</W><W>its</W><W>laurels</W><W>with</W><W>this</W><W>vehicle</W></xcope><W>,</W><C><W>and</W></C><W>has</W><C><cue ID="142" type="negation"><W>not</W></cue></C><xcope ID="145"><ref COMMENTS="" ID="148" SRC="142"></ref><W>done</W><W>what</W><W>is</W><W>necessary</W><W>to</W><W>keep</W><W>it</W><W>competitive</W><W>with</W><W>the</W><W>Camry</W><W>,</W><W>Accord</W><W>,</W><W>Galant</W><W>,</W><W>Impala</W></xcope><W>,</W><C><W>and</W></C><W>the</W><W>like</W><W>.</W></SENTENCE><SENTENCE><W>I</W><C><cue ID="143" type="speculation"><W>suspect</W></cue></C><xcope ID="144"><ref COMMENTS="" ID="149" SRC="143"></ref><W>they</W><W>&#39;re</W><W>counting</W><W>on</W><W>brand</W><W>loyalty</W></xcope><W>--</W><W>inertia</W><W>--</W><W>to</W><W>keep</W><W>the</W><W>Taurus</W><W>selling</W><W>while</W><W>they</W><W>expend</W><W>all</W><W>their</W><W>energy</W><W>on</W><W>their</W><W>SUVs</W><W>.</W></SENTENCE></P><P></P><P><SENTENCE><C><cue ID="150" type="negation"><W>Not</W></cue></C><xcope ID="153"><ref ID="154" SRC="150"></ref><W>a</W><W>good</W><C><W>idea</W></C></xcope><W>,</W><W>Ford</W><W>!</W></SENTENCE><SENTENCE><C><cue ID="151" type="negation"><W>Not</W></cue></C><xcope ID="152"><ref ID="155" SRC="151"></ref><W>recommended</W></xcope><W>,</W><W>for</W><W>unimaginative</W><W>exterior</W><W>styling</W><W>,</W><W>some</W><W>truly</W><W>stupid</W><W>interior</W><W>styling</W><W>,</W><W>poor</W><W>quality</W><W>,</W><C><W>and</W></C><W>average</W><W>drivability</W><W>.</W></SENTENCE><SENTENCE><W>There</W><W>are</W><W>better</W><W>cars</W><W>on</W><W>the</W><W>road</W><W>;</W><W>let</W><W>&#39;s</W><W>buy</W><W>them</W><C><W>instead</W></C><W>.</W></SENTENCE></P><P></P><P><SENTENCE><W>Tammy</W><W>Wynette</W><W>:</W><W>country-Western</W><W>artist</W><W>,</W><C><cue ID="156" type="speculation"><W>perhaps</W></cue></C><xcope ID="157"><ref ID="158" SRC="156"></ref><W>most</W><W>widely</W><W>known</W><W>for</W><W>her</W><W>counter-feminist</W><W>anthem</W><W>&#34;</W><W>Stand</W><W>By</W><W>Your</W><W>Man</W></xcope><W>&#34;</W></SENTENCE></P></DOCUMENT>
