<?xml version="1.0" encoding="UTF-8"?>
<DOCUMENT><P></P><P><SENTENCE><W>Maybe</W><W>it</W><W>&#39;s</W><W>just</W><W>me</W><W>...</W></SENTENCE></P><P></P><P><SENTENCE><W>But</W><W>,</W><W>my</W><W>husband</W><W>&#39;s</W><W>white</W><W>2002</W><W>Ford</W><W>Taurus</W><W>SE</W><W>is</W><W>bland</W><W>,</W><W>chintzy</W><W>,</W><C><W>and</W></C><W>nothing</W><W>to</W><W>be</W><W>proud</W><W>of</W><W>.</W></SENTENCE><SENTENCE><W>The</W><W>most</W><W>redeeming</W><W>quality</W><W>of</W><W>the</W><W>vehicle</W><W>is</W><W>that</W><W>it</W><W>&#39;s</W><W>his</W><W>company</W><W>car</W><C><W>and</W></C><W>we</W><cue ID="0" type="negation"><W>are</W><W>n&#39;t</W></cue><xcope ID="1"><ref COMMENTS="" ID="2" SRC="0"></ref><W>forced</W><W>to</W><W>shell</W><W>out</W><W>our</W><W>hard</W><W>earned</W><W>cash</W><W>for</W><W>the</W><W>not-quite-mediocre</W><W>piece</W><W>of</W><W>crap</W></xcope><W>.</W></SENTENCE></P><P></P><P><SENTENCE><W>With</W><W>that</W><W>said</W><W>,</W><W>I</W><W>have</W><W>nothing</W><W>against</W><xcope ID="6"><ref COMMENTS="" ID="9" SRC="3"></ref><W>Ford</W></xcope><C><cue ID="3" type="speculation"><W>or</W></cue></C><xcope ID="7"><ref COMMENTS="" ID="8" SRC="3"></ref><W>the</W><W>Taurus</W></xcope><W>for</W><W>that</W><W>matter</W><W>.</W></SENTENCE><SENTENCE><W>But</W><W>,</W><W>the</W><W>fact</W><W>remains</W><W>that</W><W>the</W><W>auto</W><W>giant</W><W>made</W><W>very</W><W>few</W><W>(</W><C><cue ID="4" type="speculation"><W>if</W></cue></C><xcope ID="5"><ref COMMENTS="" ID="10" SRC="4"></ref><W>any</W></xcope><W>)</W><W>improvements</W><W>over</W><W>the</W><W>1999</W><W>SE</W><W>model</W><W>.</W></SENTENCE><SENTENCE><W>I</W><W>,</W><W>in</W><W>fact</W><W>,</W><W>have</W><W>a</W><W>sneaking</W><W>suspicion</W><W>that</W><W>the</W><W>company</W><W>has</W><W>gotten</W><W>a</W><W>bit</W><W>too</W><W>comfortable</W><W>in</W><W>the</W><W>market</W><C><W>and</W></C><W>in</W><W>the</W><W>buying</W><W>public</W><W>.</W></SENTENCE><SENTENCE><W>They</W><W>have</W><W>a</W><W>built-in</W><W>audience</W><W>that</W><W>will</W><W>buy</W><W>a</W><W>Ford</W><W>Taurus</W><W>regardless</W><W>of</W><W>higher</W><W>quality</W><C><W>and</W></C><W>similarly</W><W>priced</W><W>competition</W><W>(</W><W>like</W><W>my</W><W>own</W><W>lovely</W><W>2002</W><W>Chevrolet</W><W>Impala</W><W>LS</W><W>)</W><W>.</W></SENTENCE></P><P></P><P><SENTENCE><W>THE</W><W>EXTERIOR</W></SENTENCE></P><P></P><P><SENTENCE><W>From</W><W>the</W><W>outside</W><W>,</W><W>the</W><W>2002</W><W>Taurus</W><W>SE</W><W>looks</W><W>pretty</W><W>good</W><W>.</W></SENTENCE><SENTENCE><W>The</W><W>style</W><W>is</W><W>a</W><W>definite</W><W>improvement</W><W>over</W><W>the</W><W>late</W><W>1990</W><W>&#39;s</W><W>&#39;spaceship</W><W>look</W><W>.</W><W>&#39;</W></SENTENCE><SENTENCE><W>It</W><W>in</W><W>fact</W><W>is</W><W>a</W><W>combination</W><W>of</W><W>the</W><W>more</W><W>popular</W><W>earlier</W><C><W>and</W></C><W>boxier</W><W>Taurus</W><W>lines</W><C><W>and</W></C><W>the</W><W>style</W><W>popularized</W><W>a</W><W>few</W><W>years</W><W>back</W><W>by</W><W>creative</W><W>Japanese</W><W>auto</W><W>manufacturers</W><W>.</W></SENTENCE><SENTENCE><W>The</W><W>side</W><W>panels</W><W>are</W><W>relatively</W><W>blah</W><W>,</W><W>while</W><W>the</W><W>back</W><C><W>and</W></C><W>front</W><W>are</W><W>slightly</W><W>attractive</W><W>.</W></SENTENCE><SENTENCE><W>Ford</W><W>designers</W><cue ID="11" type="speculation"><C><W>should</W></C><W>nt</W></cue><xcope ID="17"><ref COMMENTS="" ID="28" SRC="11"></ref><W>be</W><W>proud</W><W>of</W><W>their</W><W>work</W><W>on</W><W>the</W><W>car</W></xcope><W>,</W><W>redesigned</W><W>initially</W><W>for</W><W>the</W><W>2000</W><W>model</W><W>year</W><W>.</W></SENTENCE></P><P></P><P><SENTENCE><W>As</W><W>with</W><W>the</W><W>1999</W><W>model</W><W>,</W><W>the</W><W>vehicle</W><W>has</W><W>some</W><W>issues</W><W>with</W><W>aerodynamics</W><W>.</W></SENTENCE><SENTENCE><W>The</W><W>car</W><C><cue ID="12" type="speculation"><W>should</W></cue></C><xcope ID="18"><ref COMMENTS="" ID="27" SRC="12"></ref><W>have</W><W>been</W><W>tested</W><W>further</W><W>in</W><W>the</W><W>wind</W><W>tunnel</W></xcope><W>.</W></SENTENCE><SENTENCE><W>Why</W><W>?</W></SENTENCE><SENTENCE><W>Well</W><W>,</W><C><cue ID="13" type="speculation"><W>if</W></cue></C><xcope ID="20"><ref COMMENTS="" ID="26" SRC="13"></ref><W>you</W><W>drive</W><W>one</W><C><W>and</W></C><cue ID="14" type="negation"><W>have</W><W>n&#39;t</W></cue><xcope ID="19"><ref COMMENTS="" ID="25" SRC="14"></ref><W>yet</W><W>noticed</W><W>rode</W><W>grime</W><C><W>and</W></C><W>mud</W><W>collects</W><W>in</W><W>strategic</W><W>locations</W><W>toward</W><W>the</W><W>back</W><W>bumper</W></xcope></xcope><W>.</W></SENTENCE><SENTENCE><W>Its</W><C><cue ID="15" type="negation"><W>not</W></cue></C><xcope ID="21"><ref COMMENTS="" ID="24" SRC="15"></ref><W>a</W><W>major</W><W>issue</W></xcope><W>when</W><W>you</W><W>&#39;re</W><W>driving</W><W>but</W><W>goes</W><W>to</W><W>show</W><W>that</W><W>the</W><W>body</W><cue ID="16" type="negation"><W>is</W><W>n&#39;t</W></cue><xcope ID="22"><ref COMMENTS="" ID="23" SRC="16"></ref><W>perfectly</W><W>designed</W></xcope><W>.</W></SENTENCE></P><P></P><P><SENTENCE><W>THE</W><W>INTERIOR</W></SENTENCE></P><P></P><P><SENTENCE><W>Upon</W><W>sitting</W><W>down</W><W>in</W><W>the</W><W>bland</W><W>medium-gray</W><W>interior</W><W>,</W><W>the</W><W>first</W><W>thing</W><W>that</W><W>struck</W><W>me</W><W>was</W><W>that</W><W>it</W><W>looks</W><C><W>and</W></C><W>feels</W><W>cheaply</W><W>made</W><W>.</W></SENTENCE><SENTENCE><W>Considering</W><W>the</W><W>fact</W><W>that</W><W>the</W><W>car</W><W>retails</W><W>for</W><W>over</W><W>$</W><W>20K</W><W>,</W><W>this</W><cue ID="31" type="negation"><W>is</W><W>nt</W></cue><xcope ID="40"><ref COMMENTS="" ID="60" SRC="31"></ref><W>a</W><W>good</W><W>thing</W></xcope><W>.</W></SENTENCE><SENTENCE><W>There</W><W>are</W><W>strange</W><W>metallic</W><W>decorations</W><W>,</W><W>a</W><W>badly</W><W>contoured</W><W>dash</W><W>,</W><C><W>and</W></C><C><cue ID="29" type="negation"><W>not</W></cue></C><xcope ID="39"><ref ID="59" SRC="29"></ref><W>in</W><W>the</W><W>least</W><W>bit</W><W>attractive</W><W>console</W></xcope><W>.</W></SENTENCE><SENTENCE><W>Fortunately</W><W>for</W><W>Ford</W><W>,</W><W>the</W><W>console</W><W>is</W><W>nicely</W><W>arranged</W><C><W>and</W></C><C><cue ID="30" type="speculation"><W>can</W></cue></C><xcope ID="41"><ref COMMENTS="" ID="58" SRC="30"></ref><W>be</W><W>accessed</W><W>easily</W><W>by</W><W>the</W><W>driver</W></xcope><W>.</W></SENTENCE><SENTENCE><W>It</W><W>&#39;s</W><W>roomy</W><W>enough</W><W>for</W><W>a</W><W>mid</W><W>size</W><W>vehicle</W><W>,</W><W>though</W><W>the</W><W>seats</W><cue ID="32" type="negation"><W>are</W><W>n&#39;t</W></cue><xcope ID="42"><ref COMMENTS="" ID="57" SRC="32"></ref><W>nearly</W><W>as</W><W>comfortable</W><W>as</W><W>some</W><W>other</W><W>similar</W><W>vehicles</W></xcope><W>.</W></SENTENCE></P><P></P><P><SENTENCE><W>The</W><W>already</W><W>uncomfortable</W><W>seats</W><W>have</W><C><cue ID="33" type="negation"><W>no</W></cue></C><xcope ID="43"><ref COMMENTS="" ID="56" SRC="33"></ref><W>features</W><W>to</W><W>speak</W><W>of</W></xcope><W>.</W></SENTENCE><SENTENCE><W>You</W><C><cue ID="34" type="speculation"><W>can</W></cue></C><xcope ID="46"><ref COMMENTS="" ID="55" SRC="34"></ref><W>tilt</W><W>the</W><W>back</W></xcope><C><W>and</W></C><W>push</W><W>the</W><W>seat</W><xcope ID="45"><ref COMMENTS="" ID="54" SRC="35"></ref><W>forward</W></xcope><C><cue ID="35" type="speculation"><W>or</W></cue></C><xcope ID="44"><ref COMMENTS="" ID="53" SRC="35"></ref><W>backward</W></xcope><W>.</W></SENTENCE><SENTENCE><W>Aside</W><W>from</W><W>that</W><W>,</W><W>the</W><W>2002</W><W>Taurus</W><W>SE</W><C><W>lacks</W></C><W>lumbar</W><C><W>support</W></C><C><W>and</W></C><W>any</W><W>of</W><W>the</W><W>other</W><W>perks</W><W>that</W><W>are</W><W>sometimes</W><W>available</W><W>.</W></SENTENCE><SENTENCE><W>The</W><W>passenger</W><W>seat</W><W>is</W><W>similar</W><W>while</W><W>the</W><W>back</W><W>bench</W><W>is</W><W>a</W><W>bit</W><W>cramped</W><C><W>and</W></C><C><cue ID="36" type="negation"><W>not</W></cue></C><xcope ID="47"><ref COMMENTS="" ID="52" SRC="36"></ref><W>particularly</W><W>comfortable</W><W>for</W><W>riders</W></xcope><W>.</W></SENTENCE><SENTENCE><W>It</W><C><cue ID="37" type="speculation"><W>would</W></cue></C><xcope ID="48"><ref COMMENTS="" ID="51" SRC="37"></ref><W>be</W><W>good</W><W>for</W><W>small</W><W>children</W></xcope><W>,</W><W>but</W><W>by</W><W>the</W><W>time</W><W>kids</W><W>become</W><W>teens</W><W>the</W><W>seat</W><C><cue ID="38" type="speculation"><W>might</W></cue></C><xcope ID="49"><ref COMMENTS="" ID="50" SRC="38"></ref><W>be</W><W>a</W><W>bit</W><W>too</W><W>small</W></xcope><W>.</W></SENTENCE></P><P></P><P><SENTENCE><W>With</W><W>an</W><W>adequate</W><W>17</W><W>square</W><W>foot</W><W>trunk</W><W>,</W><W>there</W><W>is</W><W>plenty</W><W>of</W><W>room</W><W>in</W><W>the</W><W>Taurus</W><W>.</W></SENTENCE><SENTENCE><W>The</W><W>trunk</W><W>is</W><W>rather</W><W>thick</W><W>,</W><W>though</W><W>is</W><C><W>lacking</W></C><W>when</W><W>it</W><W>comes</W><W>to</W><W>deepness</W><W>(</W><W>extending</W><W>toward</W><W>the</W><W>rear</W><W>seats</W><W>)</W><W>.</W></SENTENCE><SENTENCE><W>The</W><W>rear</W><W>seats</W><W>are</W><W>fixed</W><C><W>and</W></C><C><cue ID="61" type="negation"><W>cannot</W></cue></C><xcope ID="70"><ref ID="71" SRC="61"></ref><W>be</W><W>folded</W><W>down</W><W>in</W><W>any</W><W>way</W><W>to</W><W>allow</W><W>for</W><W>added</W><W>capacity</W></xcope><W>.</W></SENTENCE><SENTENCE><W>This</W><W>is</W><W>a</W><W>major</W><W>flaw</W><W>in</W><W>the</W><W>design</W><W>.</W></SENTENCE></P><P></P><P><SENTENCE><W>The</W><W>SE</W><W>model</W><W>we</W><W>have</W><W>came</W><W>with</W><W>a</W><W>CD</W><W>player</W><W>with</W><W>average</W><W>speakers</W><C><W>and</W></C><C><cue ID="62" type="negation"><W>no</W></cue></C><xcope ID="69"><ref ID="72" SRC="62"></ref><W>real</W><W>bonuses</W></xcope><W>.</W></SENTENCE><SENTENCE><W>There</W><W>is</W><W>n&#39;t</W><W>anything</W><W>special</W><W>to</W><W>speak</W><W>of</W><W>about</W><W>the</W><W>temperature</W><W>controls</W><W>aside</W><W>from</W><W>saying</W><W>,</W><W>&#34;yes</W><W>,</W><W>there</W><W>is</W><W>in</W><W>fact</W><W>air</W><W>conditioning</W><W>.</W><W>&#34;</W></SENTENCE><SENTENCE><W>One</W><W>minor</W><W>complaint</W><W>I</W><W>have</W><W>is</W><W>that</W><W>the</W><W>visors</W><W>are</W><W>cheaply</W><W>made</W><C><W>and</W></C><W>the</W><W>back-side</W><W>mirrors</W><C><cue ID="71" type="negation"><W>lack</W></cue></C><xcope ID="72"><ref COMMENTS="" ID="73" SRC="71"></ref><W>lights</W></xcope><W>.</W></SENTENCE><SENTENCE><C><cue ID="63" type="speculation"><W>If</W></cue></C><xcope ID="68"><ref COMMENTS="" ID="74" SRC="63"></ref><W>memory</W><W>serves</W><W>,</W><W>I</W><W>do</W><C><cue ID="66" type="speculation"><W>believe</W></cue></C><xcope ID="67"><ref COMMENTS="" ID="73" SRC="66"></ref><W>that</W><W>the</W><W>1999</W><W>Taurus</W><W>SE</W><W>at</W><W>least</W><W>featured</W><W>that</W><W>luxury</W></xcope></xcope><W>.</W></SENTENCE><SENTENCE><W>Other</W><W>standard</W><W>features</W><W>include</W><W>power</W><W>windows</W><W>,</W><W>mirrors</W><W>,</W><C><W>and</W></C><W>brakes</W><C><W>and</W></C><W>keyless</W><W>entry</W><W>.</W></SENTENCE><SENTENCE><W>Just</W><cue ID="64" type="negation"><W>do</W><W>n&#39;t</W></cue><xcope ID="65"><ref COMMENTS="" ID="75" SRC="64"></ref><C><W>expect</W></C><W>any</W><W>good</W><W>surprises</W></xcope><W>.</W></SENTENCE><SENTENCE><W>This</W><W>is</W><W>a</W><W>pretty</W><W>stripped</W><W>down</W><W>car</W><W>.</W></SENTENCE></P><P></P><P><SENTENCE><W>THE</W><W>DRIVING</W><W>EXPERIENCE</W></SENTENCE></P><P></P><P><SENTENCE><W>I</W><W>will</W><W>admit</W><W>that</W><W>I</W><W>&#39;m</W><W>jaded</W><W>because</W><W>of</W><W>the</W><W>2002</W><W>Chevy</W><W>Impala</W><W>LS.</W></SENTENCE><SENTENCE><W>That</W><W>car</W><W>has</W><W>a</W><W>lot</W><W>of</W><W>energy</W><W>,</W><W>pick</W><W>up</W><W>,</W><C><W>and</W></C><W>is</W><W>easy</W><W>to</W><W>drive</W><W>.</W></SENTENCE><SENTENCE><W>The</W><W>2002</W><W>Taurus</W><W>SE</W><W>on</W><W>the</W><W>other</W><W>hand</W><W>feels</W><W>like</W><W>a</W><W>dog</W><W>.</W></SENTENCE><SENTENCE><W>The</W><W>usually</W><W>adequate</W><W>V6</W><W>Vulcan</W><W>with</W><W>155</W><W>horsepower</W><W>engine</W><W>is</W><W>slow</W><W>to</W><W>accelerate</W><W>.</W></SENTENCE><SENTENCE><W>The</W><W>automatic</W><W>shifting</W><W>at</W><W>times</W><W>has</W><W>problems</W><W>between</W><W>1st</W><C><W>and</W></C><W>2nd</W><W>gears</W><W>adding</W><W>to</W><W>the</W><W>already</W><W>problematic</W><W>driving</W><W>experience</W><W>.</W></SENTENCE></P><P></P><P><SENTENCE><W>Once</W><W>you</W><W>get</W><W>up</W><W>to</W><W>speed</W><W>,</W><W>the</W><W>car</W><W>functions</W><W>decently</W><W>,</W><W>though</W><C><cue ID="76" type="negation"><W>not</W></cue></C><xcope ID="82"><ref ID="87" SRC="76"></ref><W>perfectly</W></xcope><W>.</W></SENTENCE><SENTENCE><W>Passing</W><W>is</W><W>a</W><W>laborious</W><W>process</W><W>.</W></SENTENCE><SENTENCE><W>What</W><W>I</W><C><cue ID="77" type="speculation"><W>can</W></cue></C><xcope ID="83"><ref ID="88" SRC="77"></ref><W>say</W><W>is</W><W>at</W><W>least</W><W>the</W><W>brakes</W><W>work</W><W>well</W><W>on</W><W>both</W><W>highways</W><C><W>and</W></C><W>city</W><W>roads</W></xcope><W>.</W></SENTENCE><SENTENCE><W>The</W><W>steering</W><W>wheel-mounted</W><W>cruise</W><W>control</W><W>is</W><W>easy</W><W>to</W><W>use</W><C><W>and</W></C><W>functions</W><W>pretty</W><W>well</W><W>.</W></SENTENCE><SENTENCE><W>Just</W><W>a</W><W>tiny</W><W>tap</W><W>of</W><W>the</W><W>brakes</W><C><W>and</W></C><W>the</W><W>cruise</W><W>immediately</W><W>shuts</W><W>off</W><W>.</W></SENTENCE></P><P></P><P><SENTENCE><W>So</W><W>far</W><W>as</W><W>gas</W><W>mileage</W><W>,</W><C><W>expect</W></C><W>to</W><W>get</W><W>an</W><W>average</W><W>of</W><W>just</W><W>over</W><W>20</W><W>miles</W><W>per</W><W>gallon</W><W>(</W><W>despite</W><W>Fords</W><W>claims</W><W>of</W><W>higher</W><W>)</W><W>.</W></SENTENCE><SENTENCE><W>As</W><W>compared</W><W>to</W><W>my</W><W>Impala</W><W>(</W><W>with</W><W>a</W><W>much</W><W>larger</W><W>engine</W><W>)</W><W>that</W><W>&#39;s</W><C><cue ID="78" type="negation"><W>not</W></cue></C><xcope ID="86"><ref ID="89" SRC="78"></ref><W>too</W><W>good</W></xcope><W>.</W></SENTENCE><SENTENCE><W>That</W><W>larger</W><W>vehicle</W><W>gets</W><W>about</W><W>25</W><W>miles</W><W>to</W><W>the</W><W>gallon</W><W>on</W><W>average</W><W>.</W></SENTENCE><SENTENCE><W>The</W><W>Taurus</W><W>&#39;</W><W>smallish</W><W>engine</W><C><cue ID="79" type="speculation"><W>should</W></cue></C><xcope ID="84"><ref ID="91" SRC="79"></ref><W>in</W><W>reality</W><W>be</W><W>more</W><W>efficient</W></xcope><W>.</W></SENTENCE><SENTENCE><W>So</W><W>,</W><W>basically</W><W>,</W><W>you</W><W>get</W><W>a</W><W>low</W><W>energy</W><W>car</W><W>with</W><W>iffy</W><W>gas</W><W>mileage</W><W>.</W></SENTENCE><SENTENCE><W>Is</W><W>this</W><W>car</W><W>sounding</W><W>good</W><W>to</W><W>you</W><W>yet</W><W>?</W></SENTENCE><SENTENCE><W>I</W><C><cue ID="81" type="speculation"><W>hope</W></cue></C><C><cue ID="80" type="negation"><xcope ID="85"><ref ID="90" SRC="81"></ref><W>not</W></xcope></cue></C><W>.</W></SENTENCE></P><P></P><P><SENTENCE><W>FINAL</W><W>ASSESSMENT</W></SENTENCE></P><P></P><P><SENTENCE><W>When</W><W>compared</W><W>to</W><W>the</W><W>earlier</W><W>style</W><W>model</W><W>,</W><W>the</W><W>2002</W><W>Taurus</W><W>SE</W><W>looks</W><W>nicer</W><W>from</W><W>the</W><W>outside</W><W>though</W><W>it</W><W>took</W><W>a</W><W>big</W><W>step</W><W>back</W><W>with</W><W>the</W><W>interior</W><W>.</W></SENTENCE><SENTENCE><W>At</W><W>well</W><W>over</W><W>$</W><W>20,000</W><W>for</W><W>this</W><W>car</W><W>,</W><W>it</W><W>s</W><C><cue ID="92" type="negation"><W>not</W></cue></C><xcope ID="94"><ref COMMENTS="" ID="97" SRC="92"></ref><W>a</W><W>good</W><W>buy</W></xcope><W>.</W></SENTENCE><SENTENCE><W>I</W><C><cue ID="93" type="speculation"><W>would</W></cue></C><xcope ID="95"><ref COMMENTS="" ID="96" SRC="93"></ref><W>recommend</W><W>buyers</W><W>look</W><W>elsewhere</W><W>to</W><W>the</W><W>aforementioned</W><W>Chevy</W><W>Impala</W></xcope><W>,</W><W>the</W><W>Honda</W><W>Accord</W><W>,</W><W>the</W><W>Toyota</W><W>Camry</W><W>,</W><C><W>and</W></C><W>even</W><W>the</W><W>Chevy</W><W>Malibu</W><W>before</W><W>settling</W><W>on</W><W>the</W><W>Taurus</W><W>.</W></SENTENCE><SENTENCE><W>It</W><W>really</W><W>is</W><W>a</W><W>disappointing</W><W>vehicle</W><W>.</W></SENTENCE></P></DOCUMENT>
