<?xml version="1.0" encoding="UTF-8"?>
<DOCUMENT><P></P><P><SENTENCE><W>I</W><W>was</W><W>given</W><W>this</W><W>car</W><W>as</W><W>a</W><W>company</W><W>vehicle</W><W>when</W><W>I</W><W>first</W><W>arrived</W><W>in</W><W>the</W><W>US</W><W>2</W><W>months</W><W>ago</W><W>.</W></SENTENCE><SENTENCE><W>My</W><W>first</W><C><W>thought</W></C><W>on</W><W>seeing</W><W>it</W><W>was</W><W>&#34;what</W><W>an</W><W>ugly</W><W>heap</W><W>!</W><W>&#34;</W><W>.</W></SENTENCE><SENTENCE><W>I</W><W>was</W><W>more</W><W>impressed</W><W>by</W><W>the</W><W>luggage</W><W>space</W><W>as</W><W>it</W><W>fairly</W><W>easily</W><W>swallowed</W><W>all</W><W>of</W><W>the</W><W>stuff</W><W>a</W><W>family</W><W>of</W><W>4</W><W>carry</W><W>when</W><W>travelling</W><W>to</W><W>a</W><W>new</W><W>land</W><W>.</W></SENTENCE></P><P></P><P><SENTENCE><W>Driving</W><W>from</W><W>the</W><W>airport</W><W>to</W><W>the</W><W>hotel</W><W>I</W><W>was</W><W>immediately</W><W>struck</W><W>by</W><W>how</W><W>soft</W><W>the</W><W>seats</W><W>were</W><W>.</W></SENTENCE><SENTENCE><W>Almost</W><W>sofa</W><W>like</W><W>in</W><W>comfort</W><C><cue ID="0" type="speculation"><W>if</W></cue></C><xcope ID="1"><ref ID="2" SRC="0"></ref><W>you</W><W>only</W><W>travel</W><W>for</W><W>a</W><W>few</W><W>miles</W></xcope><W>.</W></SENTENCE><SENTENCE><W>Problem</W><W>is</W><W>that</W><W>for</W><W>longer</W><W>journeys</W><W>they</W><W>are</W><W>completely</W><C><W>lacking</W></C><W>in</W><C><W>support</W></C><C><W>and</W></C><W>I</W><W>was</W><W>in</W><W>agony</W><W>after</W><W>only</W><W>50</W><W>miles</W><C><W>or</W></C><W>so</W><W>.</W></SENTENCE></P><P></P><P><SENTENCE><W>Next</W><W>nuisance</W><W>item</W><W>was</W><W>the</W><W>multifunction</W><W>stalk</W><W>for</W><W>controlling</W><W>lights</W><W>,</W><W>wipers</W><W>etc</W><W>.</W><W>Really</W><W>,</W><W>these</W><W>functions</W><C><cue ID="3" type="speculation"><W>should</W></cue></C><xcope ID="15"><ref ID="19" SRC="3"></ref><W>be</W><W>seperated</W></xcope><W>but</W><W>the</W><W>use</W><W>of</W><W>a</W><W>column</W><W>gear</W><W>change</W><W>prevents</W><W>that</W><W>.</W></SENTENCE><SENTENCE><W>These</W><W>column</W><W>mounted</W><W>gear</W><W>stalks</W><W>are</W><W>very</W><W>quaint</W><W>,</W><W>but</W><W>personally</W><C><cue ID="4" type="speculation"><W>if</W></cue></C><xcope ID="14"><ref ID="21" SRC="4"></ref><W>I</W><C><cue ID="5" type="negation"><W>never</W></cue></C><xcope ID="13"><ref ID="20" SRC="5"></ref><W>see</W><W>one</W><W>again</W><W>it</W><W>will</W><W>be</W><W>too</W><W>soon</W></xcope></xcope><W>.</W></SENTENCE></P><P></P><P><SENTENCE><W>Performance</W><W>was</W><W>,</W><W>well</W><W>how</W><C><cue ID="6" type="speculation"><W>could</W></cue></C><xcope ID="17"><ref ID="23" SRC="6"></ref><W>I</W><W>put</W><W>this</W><C><cue ID="7" type="negation"><W>without</W></cue></C><xcope ID="16"><ref COMMENTS="" ID="22" SRC="7"></ref><W>cussing</W></xcope></xcope><W>,</W><W>absolutely</W><W>useless</W><W>.</W></SENTENCE><SENTENCE><W>That</W><W>thing</W><cue ID="8" type="speculation"><C><W>could</W></C><W>n&#39;t</W></cue><xcope ID="18"><ref COMMENTS="" ID="24" SRC="8"></ref><W>pull</W><W>the</W><W>skin</W><W>off</W><W>a</W><W>rice</W><W>pudding</W></xcope><W>.</W></SENTENCE><SENTENCE><W>It</W><W>is</W><W>flatter</W><W>than</W><W>roadkill</W><C><W>and</W></C><W>only</W><W>slightly</W><W>more</W><W>attractive</W><W>.</W></SENTENCE><SENTENCE><W>I</W><cue ID="10" type="negation"><W>do</W><W>n&#39;t</W></cue><xcope ID="26"><ref COMMENTS="" ID="27" SRC="10"></ref><W>know</W><W>its</W><W>top</W><W>speed</W></xcope><W>as</W><W>I</W><C><cue ID="9" type="negation"><W>never</W></cue></C><xcope ID="25"><ref COMMENTS="" ID="28" SRC="9"></ref><W>felt</W><W>sufficiently</W><W>in</W><W>control</W><W>to</W><W>test</W><W>it</W></xcope><W>.</W></SENTENCE><SENTENCE><W>It</W><W>felt</W><W>like</W><W>it</W><C><cue ID="11" type="speculation"><W>would</W></cue></C><xcope ID="30"><ref ID="31" SRC="11"></ref><W>have</W><W>trouble</W><W>outrunning</W><W>a</W><W>moped</W></xcope><W>but</W><W>I</W><C><cue ID="12" type="negation"><W>never</W></cue></C><xcope ID="29"><ref ID="32" SRC="12"></ref><W>had</W><W>the</W><W>courage</W><W>to</W><W>try</W><W>it</W></xcope><W>.</W></SENTENCE></P><P></P><P><SENTENCE><W>Brakes</W><W>are</W><W>adequate</W><C><cue ID="33" type="negation"><W>without</W></cue></C><xcope ID="35"><ref COMMENTS="" ID="38" SRC="33"></ref><W>being</W><W>startling</W></xcope><W>.</W></SENTENCE><SENTENCE><W>I</W><W>did</W><W>find</W><W>that</W><W>parking</W><W>brake</W><W>to</W><W>be</W><W>hopeless</W><W>.</W></SENTENCE><SENTENCE><W>Anybody</W><W>living</W><W>in</W><W>a</W><W>hilly</W><W>area</W><W>is</W><W>going</W><W>to</W><W>become</W><W>rapidly</W><W>hacked</W><W>off</W><W>with</W><C><cue ID="34" type="negation"><W>not</W></cue></C><xcope ID="36"><ref COMMENTS="" ID="37" SRC="34"></ref><W>having</W><W>a</W><W>normal</W><W>handbrake</W></xcope><W>rather</W><W>than</W><W>the</W><W>stupid</W><W>foot</W><W>operated</W><W>system</W><W>.</W></SENTENCE><SENTENCE><W>It</W><W>is</W><C><W>impossible</W></C><W>to</W><W>gradually</W><W>release</W><W>a</W><W>foot</W><W>system</W><W>so</W><W>making</W><W>fully</W><W>controllable</W><W>getaways</W><W>a</W><W>distant</W><W>dream</W><W>.</W></SENTENCE></P><P></P><P><SENTENCE><W>Handling</W><W>.</W></SENTENCE><SENTENCE><W>Handling</W><W>?</W></SENTENCE><SENTENCE><W>Nope</W><W>,</W><C><cue ID="39" type="negation"><W>not</W></cue></C><xcope ID="43"><ref ID="47" SRC="39"></ref><W>on</W><W>this</W><W>thing</W></xcope><W>!</W></SENTENCE><SENTENCE><W>This</W><W>is</W><W>the</W><W>sort</W><W>of</W><W>softly</W><W>suspended</W><W>barge</W><W>on</W><W>wheels</W><W>American</W><W>cars</W><W>used</W><W>to</W><W>be</W><W>like</W><W>.</W></SENTENCE><SENTENCE><W>This</W><C><cue ID="40" type="speculation"><W>might</W></cue></C><xcope ID="44"><ref ID="48" SRC="40"></ref><W>have</W><W>been</W><W>acceptable</W><W>in</W><W>1975</W></xcope><W>,</W><W>but</W><W>things</W><W>have</W><W>moved</W><W>on</W><W>a</W><W>long</W><W>way</W><W>since</W><W>then</W><W>.</W></SENTENCE><SENTENCE><W>My</W><W>last</W><W>3</W><W>cars</W><W>were</W><W>2</W><W>SAABs</W><C><W>and</W></C><W>an</W><W>Audi</W><W>A4</W><W>so</W><C><cue ID="41" type="speculation"><W>perhaps</W></cue></C><xcope ID="45"><ref ID="49" SRC="41"></ref><W>criticising</W><W>the</W><W>handling</W><W>is</W><W>a</W><W>little</W><W>unfair</W></xcope><W>.</W></SENTENCE><SENTENCE><W>Problem</W><W>is</W><W>that</W><W>Ford</W><W>&#39;s</W><W>offering</W><W>in</W><W>this</W><W>category</W><W>in</W><W>Europe</W><W>is</W><W>the</W><W>Mondeo</W><C><W>and</W></C><W>it</W><W>kicks</W><W>bottom</W><W>!</W></SENTENCE><SENTENCE><W>Now</W><W>that</W><W>is</W><W>a</W><W>car</W><W>they</W><C><cue ID="42" type="speculation"><W>should</W></cue></C><xcope ID="46"><ref COMMENTS="" ID="50" SRC="42"></ref><W>be</W><W>offering</W><W>to</W><W>the</W><W>American</W><W>public</W></xcope><W>,</W><W>rather</W><W>than</W><W>the</W><W>shoddy</W><W>heap</W><W>of</W><W>garbage</W><W>that</W><W>is</W><W>the</W><W>Taurus</W><W>.</W></SENTENCE></P></DOCUMENT>
