<?xml version="1.0" encoding="UTF-8"?>
<DOCUMENT><P></P><P><SENTENCE><W>You</W><W>&#39;d</W><C><cue ID="0" type="negation"><W>never</W></cue></C><xcope ID="12"><ref COMMENTS="" ID="14" SRC="0"></ref><W>see</W><W>me</W><W>buy</W><W>one</W><W>of</W><W>those</W></xcope><W>but</W><W>I</W><W>drove</W><W>enough</W><W>in</W><W>a</W><W>rental</W><W>car</W><W>to</W><W>make</W><W>myself</W><W>a</W><W>good</W><W>opinion</W><W>.</W></SENTENCE></P><P></P><P><SENTENCE><W>Quite</W><W>silent</W><W>at</W><W>highway</W><W>speed</W><C><W>except</W></C><W>for</W><W>tire</W><W>noise</W><W>.</W></SENTENCE><SENTENCE><W>Handling</W><W>is</W><C><cue ID="1" type="negation"><W>not</W></cue></C><xcope ID="11"><ref COMMENTS="" ID="13" SRC="1"></ref><W>too</W><W>bad</W><C><W>and</W></C><W>healthy</W></xcope><W>,</W><W>body</W><W>roll</W><W>is</W><W>contained</W><W>,</W><W>brakes</W><W>are</W><W>strong</W><W>enough</W><W>in</W><W>spite</W><W>of</W><W>the</W><C><W>absence</W></C><W>of</W><W>rear</W><W>discs</W><W>.</W></SENTENCE></P><P></P><P><SENTENCE><W>Seats</W><W>have</W><W>absolutely</W><C><cue ID="2" type="negation"><W>no</W></cue></C><xcope ID="7"><ref COMMENTS="" ID="10" SRC="2"></ref><W>lateral</W><C><W>support</W></C></xcope><W>,</W><W>which</W><W>makes</W><W>driving</W><W>on</W><W>twisty</W><W>roads</W><W>a</W><W>real</W><W>pain</W><W>.</W></SENTENCE></P><P></P><P><SENTENCE><W>Auto</W><W>gearbox</W><W>4th</W><W>gear</W><W>is</W><W>way</W><W>too</W><W>long</W><W>,</W><W>engine</W><C><W>lacks</W></C><W>torque</W><W>to</W><W>hold</W><W>it</W><W>unless</W><W>road</W><W>is</W><W>flat</W><W>.</W></SENTENCE><SENTENCE><W>Steering</W><W>mounted</W><W>gear</W><W>lever</W><W>is</W><W>clumsy</W><W>although</W><W>it</W><W>saves</W><W>space</W><W>for</W><W>stuff</W><W>between</W><W>the</W><W>seats</W><W>.</W></SENTENCE><SENTENCE><W>Upshifts</W><W>are</W><W>okay</W><W>although</W><C><cue ID="3" type="negation"><W>not</W></cue></C><xcope ID="6"><ref COMMENTS="" ID="9" SRC="3"></ref><C><cue ID="4" type="negation"><W>without</W></cue></C><xcope ID="5"><ref COMMENTS="" ID="8" SRC="4"></ref><W>hesitations</W><W>at</W><W>low</W><W>speeds</W></xcope></xcope><W>,</W><W>but</W><W>downshifts</W><W>are</W><W>slow</W><W>.</W></SENTENCE></P><P></P><P><SENTENCE><W>Build</W><W>quality</W><W>is</W><W>really</W><W>average</W><W>to</W><W>low</W><W>,</W><W>I</W><W>had</W><W>the</W><W>steering</W><W>lock</W><W>mechanism</W><W>coming</W><W>out</W><W>inadvertently</W><W>.</W></SENTENCE><SENTENCE><W>Plastics</W><W>quality</W><C><W>and</W></C><W>assy</W><W>leaves</W><W>to</W><W>be</W><W>desired</W><W>,</W><W>we</W><W>are</W><W>far</W><W>,</W><W>far</W><W>away</W><W>from</W><W>Audi-league</W><W>.</W></SENTENCE></P></DOCUMENT>
