<?xml version="1.0" encoding="UTF-8"?>
<DOCUMENT><P></P><P><SENTENCE><W>The</W><W>Mitsubishi</W><W>Lancer</W><W>is</W><W>all</W><W>new</W><W>for</W><W>the</W><W>2002</W><W>model</W><W>year</W><W>,</W><W>replacing</W><W>the</W><W>cute</W><W>,</W><W>yet</W><W>infamous</W><W>Mitsubishi</W><W>Mirage</W><W>.</W></SENTENCE><SENTENCE><W>While</W><W>the</W><W>Mirage</W><W>was</W><W>a</W><W>cheap</W><W>car</W><W>made</W><W>with</W><W>cheap</W><W>materials</W><W>,</W><W>its</W><W>successor</W><W>boasts</W><W>only</W><W>slight</W><W>quality</W><W>improvements</W><W>at</W><W>a</W><W>much</W><W>higher</W><W>price</W><W>.</W></SENTENCE><SENTENCE><W>While</W><W>the</W><W>commercials</W><C><cue ID="0" type="speculation"><W>may</W></cue></C><xcope ID="33"><ref COMMENTS="" ID="72" SRC="0"></ref><W>have</W><W>young</W><W>trendy</W><W>adults</W><W>singing</W><W>to</W><W>&#39;</W><W>Barenaked</W><W>Ladies</W></xcope><W>&#39;</W><C><W>and</W></C><cue ID="34" type="speculation"><W>seeming</W></cue><xcope ID="35"><ref COMMENTS="" ID="73" SRC="34"></ref><W>to</W><W>have</W><W>a</W><W>great</W><W>time</W><W>with</W><W>this</W><W>car</W></xcope><W>,</W><W>I</W><W>have</W><W>come</W><W>to</W><W>the</W><C><W>conclusion</W></C><W>that</W><W>singing</W><W>along</W><W>to</W><W>trendy</W><W>rock</W><W>tunes</W><W>with</W><W>the</W><W>Lancer</W><W>&#39;s</W><W>100</W><W>watt</W><W>stereo</W><W>system</W><C><cue ID="1" type="speculation"><W>may</W></cue></C><xcope ID="74"><ref COMMENTS="" ID="75" SRC="1"></ref><W>be</W><W>one</W><W>of</W><W>this</W><W>car</W><W>&#39;s</W><W>only</W><W>fun</W><W>attributes</W></xcope><W>.</W></SENTENCE></P><P></P><P><SENTENCE><W>For</W><W>2002</W><W>the</W><W>Mitsubishi</W><W>Lancer</W><W>comes</W><W>in</W><W>3</W><W>trim</W><W>lines</W><W>,</W><W>the</W><W>ES</W><W>(</W><W>my</W><W>tester</W><W>)</W><W>,</W><W>LS</W><W>,</W><C><W>and</W></C><W>OZ.</W></SENTENCE><SENTENCE><W>All</W><W>trim</W><W>lines</W><W>come</W><W>with</W><W>a</W><W>2.0</W><W>SOHC</W><W>4-cylinder</W><W>engine</W><W>that</W><W>pumps</W><W>out</W><W>a</W><W>lackluster</W><W>120</W><W>horsepower</W><W>at</W><W>5,500</W><W>RPM</W><W>,</W><C><W>and</W></C><W>130</W><W>lb-ft</W><W>of</W><W>torque</W><W>at</W><W>4,250</W><W>RPM.</W></SENTENCE><SENTENCE><W>Power</W><W>is</W><W>distributed</W><W>to</W><W>the</W><W>front</W><W>wheels</W><W>via</W><xcope ID="77"><ref COMMENTS="" ID="78" SRC="2"></ref><W>a</W><W>standard</W><W>5-speed</W><W>manual</W><W>transmission</W></xcope><W>,</W><C><cue ID="2" type="speculation"><W>or</W></cue></C><xcope ID="36"><ref COMMENTS="" ID="76" SRC="2"></ref><W>a</W><W>4-speed</W><W>fully</W><W>automatic</W><W>transmission</W></xcope><W>(</W><W>as</W><W>was</W><W>in</W><W>my</W><W>tester</W><W>)</W><W>.</W></SENTENCE></P><P></P><P><SENTENCE><W>Note</W><W>:</W><C><cue ID="37" type="speculation"><W>If</W></cue></C><xcope ID="39"><ref COMMENTS="" ID="80" SRC="37"></ref><W>you</W><W>plan</W><W>on</W><W>buying</W><W>the</W><W>sport</W><W>model</W><W>&#39;OZ</W><W>&#39;</W><W>Edition</W></xcope><cue ID="4" type="negation"><W>do</W><W>n&#39;t</W></cue><xcope ID="38"><ref COMMENTS="" ID="79" SRC="4"></ref><W>plan</W><W>on</W><W>getting</W><W>any</W><W>better</W><W>performance</W><W>than</W><W>with</W><W>the</W><W>base</W><W>models</W></xcope><W>.</W></SENTENCE><SENTENCE><W>The</W><W>OZ</W><W>has</W><W>the</W><W>same</W><W>120</W><W>horsepower</W><W>2.0</W><W>4-banger</W><W>mated</W><W>with</W><W>the</W><W>same</W><W>transmissions</W><W>.</W></SENTENCE><SENTENCE><W>According</W><W>to</W><W>the</W><W>November</W><W>02</W><W>issue</W><W>of</W><W>Motor</W><W>Trend</W><W>Magazine</W><W>,</W><W>a</W><W>version</W><W>of</W><W>the</W><W>high</W><W>performance</W><W>Mitsubishi</W><W>Lancer</W><W>Evo</W><W>VII</W><W>will</W><W>be</W><W>available</W><W>sometime</W><W>next</W><W>year</W><W>.</W></SENTENCE></P><P></P><P><SENTENCE><W>Driving</W><W>impressions</W><W>:</W></SENTENCE></P><P></P><P><SENTENCE><W>With</W><W>a</W><W>hefty</W><W>curb</W><W>weight</W><W>of</W><W>2,700</W><W>Lbs</W><W>,</W><W>120</W><W>horses</W><W>,</W><C><W>and</W></C><W>peak</W><W>torque</W><W>reached</W><W>a</W><W>relatively</W><W>high</W><W>RPM</W><W>,</W><W>off-the-line</W><W>acceleration</W><W>mated</W><W>with</W><W>the</W><W>4-speed</W><W>fully</W><W>automatic</W><W>transmission</W><W>came</W><W>,</W><W>at</W><W>first</W><W>with</W><W>slight</W><W>hesitation</W><W>,</W><C><W>and</W></C><W>then</W><W>with</W><W>needed</W><W>patience</W><W>.</W></SENTENCE><SENTENCE><W>The</W><W>engine</W><C><W>and</W></C><W>exhaust</W><W>noise</W><W>is</W><W>slightly</W><W>isolated</W><W>from</W><W>the</W><W>driver</W><W>,</W><W>but</W><C><cue ID="5" type="negation"><W>no</W></cue></C><xcope ID="44"><ref COMMENTS="" ID="83" SRC="5"></ref><xcope ID="43"><ref COMMENTS="" ID="82" SRC="6"></ref><W>better</W></xcope><C><cue ID="6" type="speculation"><W>or</W></cue></C><xcope ID="42"><ref COMMENTS="" ID="81" SRC="6"></ref><W>worse</W><W>than</W><W>say</W><W>a</W><W>1997</W><W>SOHC</W><W>base</W><W>modeled</W><W>Ford</W><W>Escort</W></xcope></xcope><W>.</W></SENTENCE><SENTENCE><W>Compared</W><W>to</W><W>its</W><W>predecessor</W><W>;</W><W>the</W><W>Mirage</W><W>,</W><xcope ID="78"><ref COMMENTS="" ID="79" SRC="7"></ref><W>the</W><W>2002</W><W>Lancer</W><W>ES</W><W>does</W></xcope><C><cue ID="7" type="speculation"><W>seem</W></cue></C><xcope ID="45"><ref COMMENTS="" ID="84" SRC="7"></ref><W>a</W><W>bit</W><W>zippy</W></xcope><W>,</W><W>but</W><W>this</W><W>out-right</W><W>performance</W><W>is</W><W>far</W><W>from</W><W>blowing</W><W>my</W><W>skirt</W><W>up</W><W>.</W></SENTENCE><SENTENCE><W>Although</W><W>the</W><W>4-speed</W><W>automatic</W><W>transmission</W><W>is</W><W>somewhat</W><W>smooth</W><W>,</W><W>it</W><W>is</W><C><cue ID="8" type="speculation"><W>probably</W></cue></C><xcope ID="47"><ref COMMENTS="" ID="86" SRC="8"></ref><C><cue ID="9" type="negation"><W>not</W></cue></C><xcope ID="46"><ref COMMENTS="" ID="85" SRC="9"></ref><W>the</W><W>best</W><W>pick</W><W>for</W><W>this</W><W>SOHC</W><W>2.0</W><W>set-up</W></xcope></xcope><W>.</W></SENTENCE><SENTENCE><W>I</W><W>&#39;d</W><W>recommend</W><W>going</W><W>with</W><W>the</W><W>5-speed</W><C><cue ID="11" type="speculation"><W>if</W></cue></C><xcope ID="41"><ref COMMENTS="" ID="88" SRC="11"></ref><W>you</W><C><cue ID="10" type="speculation"><W>must</W></cue></C><xcope ID="40"><ref COMMENTS="" ID="87" SRC="10"></ref><W>choose</W><W>this</W><W>car</W></xcope></xcope><W>.</W></SENTENCE></P><P></P><P><SENTENCE><W>While</W><C><cue ID="13" type="negation"><W>not</W></cue></C><xcope ID="48"><ref COMMENTS="" ID="89" SRC="13"></ref><W>exactly</W><W>&#39;super</W><W>fun&#39;</W></xcope><W>,</W><W>handling</W><W>in</W><W>the</W><W>2002</W><W>Lancer</W><W>ES</W><W>is</W><W>well</W><W>balanced</W><C><W>and</W></C><W>surprisingly</W><W>sporty</W><W>.</W></SENTENCE><SENTENCE><W>Despite</W><W>the</W><W>heavy</W><W>curb</W><W>weight</W><W>,</W><C><W>and</W></C><W>the</W><W>small</W><W>wheels</W><W>and</W><W>tires</W><W>,</W><W>I</W><C><cue ID="14" type="negation"><W>never</W></cue></C><xcope ID="49"><ref COMMENTS="" ID="91" SRC="14"></ref><W>felt</W><W>that</W><W>I</W><W>was</W><W>going</W><W>to</W><W>lose</W><W>control</W><W>on</W><W>the</W><W>twistys</W></xcope><W>,</W><C><cue ID="53" type="negation"><W>nor</W></cue></C><xcope ID="54"><ref COMMENTS="" ID="90" SRC="53"></ref><W>was</W><W>I</W><W>conscious</W><W>of</W><W>this</W><W>car</W><W>&#39;s</W><W>relatively</W><W>hefty</W><W>curb</W><W>weight</W><W>while</W><W>driving</W></xcope><W>.</W></SENTENCE><SENTENCE><W>Body</W><W>roll</W><W>is</W><W>minimal</W><W>,</W><C><W>and</W></C><W>the</W><W>steering</W><W>is</W><W>excellent</W><W>.</W></SENTENCE></P><P></P><P><SENTENCE><W>Cruising</W><W>in</W><W>this</W><W>small</W><W>sedan</W><W>is</W><W>also</W><W>good</W><W>.</W></SENTENCE><SENTENCE><W>The</W><W>suspension</W><W>,</W><W>while</W><W>being</W><W>sporty</W><W>,</W><W>also</W><W>allows</W><W>for</W><W>a</W><W>comfortable</W><W>ride</W><W>while</W><W>cruising</W><W>at</W><W>high</W><W>speeds</W><W>.</W></SENTENCE><SENTENCE><W>Bumps</W><C><W>and</W></C><W>rattles</W><C><cue ID="15" type="speculation"><W>can</W></cue></C><xcope ID="51"><ref COMMENTS="" ID="93" SRC="15"></ref><W>be</W><W>present</W><W>on</W><W>certain</W><W>road</W><W>surfaces</W></xcope><W>,</W><W>but</W><W>this</W><W>usually</W><W>is</W><C><cue ID="16" type="negation"><W>not</W></cue></C><xcope ID="50"><ref COMMENTS="" ID="92" SRC="16"></ref><W>too</W><W>annoying</W></xcope><W>.</W></SENTENCE><SENTENCE><W>Wind</W><W>,</W><W>engine</W><W>,</W><C><W>and</W></C><W>road</W><W>noise</W><W>do</W><W>play</W><W>a</W><W>factor</W><W>at</W><W>high</W><W>speeds</W><W>as</W><W>with</W><W>most</W><W>economy</W><W>cars</W><W>,</W><W>but</W><W>this</W><C><cue ID="17" type="speculation"><W>should</W></cue></C><xcope ID="52"><ref COMMENTS="" ID="94" SRC="17"></ref><W>only</W><W>aggravate</W><W>the</W><W>most</W><W>picky</W><W>of</W><W>drivers</W></xcope><W>.</W></SENTENCE><SENTENCE><W>Hills</W><W>are</W><W>taken</W><W>fairly</W><W>well</W><W>.</W></SENTENCE><SENTENCE><W>The</W><W>4-speed</W><W>automatic</W><W>will</W><W>shift</W><W>down</W><W>into</W><W>3rd</W><W>gear</W><W>on</W><W>almost</W><W>any</W><W>incline</W><W>,</W><W>but</W><W>the</W><W>ride</W><W>remains</W><W>calm</W><W>,</W><C><W>and</W></C><W>the</W><W>engine</W><cue ID="55" type="negation"><W>does</W><W>n&#39;t</W></cue><xcope ID="58"><ref COMMENTS="" ID="97" SRC="55"></ref><xcope ID="57"><ref COMMENTS="" ID="96" SRC="19"></ref><W>get</W><W>as</W><W>loud</W></xcope><C><cue ID="19" type="speculation"><W>or</W></cue></C><xcope ID="56"><ref COMMENTS="" ID="95" SRC="19"></ref><W>as</W><W>fussy</W><W>as</W><W>with</W><W>some</W><W>car</W><W>&#39;s</W><W>engines</W><W>in</W><W>this</W><W>class</W></xcope></xcope><W>while</W><W>accomplishing</W><W>these</W><W>sorts</W><W>of</W><W>tasks</W><W>.</W></SENTENCE><SENTENCE><W>Braking</W><W>is</W><W>average</W><W>.</W></SENTENCE><SENTENCE><W>The</W><W>Lancer</W><W>ES</W><W>comes</W><W>standard</W><W>with</W><W>front</W><W>wheel</W><W>disc/rear</W><W>drum</W><W>brakes</W><C><cue ID="18" type="negation"><W>without</W></cue></C><xcope ID="59"><ref COMMENTS="" ID="98" SRC="18"></ref><W>ABS.</W></xcope></SENTENCE><SENTENCE><W>Despite</W><W>this</W><W>cost</W><W>effective</W><W>,</W><W>health</W><W>hazard</W><W>set-up</W><W>,</W><W>the</W><W>Lancer</W><W>stopped</W><W>with</W><W>little</W><W>effort</W><C><W>and</W></C><W>felt</W><W>more</W><W>like</W><W>a</W><W>4-wheel</W><W>disc</W><W>set-up</W><W>than</W><W>the</W><W>dinosaur</W><W>set-up</W><W>which</W><W>it</W><W>was</W><W>equipped</W><W>with</W><W>.</W></SENTENCE></P><P></P><P><SENTENCE><W>Fuel</W><W>economy</W><W>is</W><W>a</W><W>little</W><W>disappointing</W><W>.</W></SENTENCE><SENTENCE><W>The</W><W>EPA</W><W>rates</W><W>this</W><W>car</W><W>with</W><W>an</W><W>automatic</W><W>at</W><W>only</W><W>31</W><W>MPG</W><W>during</W><W>freeway</W><W>driving</W><W>.</W></SENTENCE><SENTENCE><W>This</W><W>EPA</W><W>is</W><W>almost</W><W>10</W><W>MPG</W><W>less</W><W>than</W><W>the</W><W>EPA</W><W>ratings</W><W>for</W><W>the</W><W>Honda</W><W>Civic</W><C><W>and</W></C><W>Toyota</W><W>Corolla</W><W>.</W></SENTENCE></P><P></P><P><SENTENCE><W>Engine</W><W>Gripes</W><W>:</W><C><cue ID="20" type="speculation"><W>If</W></cue></C><xcope ID="60"><ref COMMENTS="" ID="99" SRC="20"></ref><W>Mitsubishi</W><W>is</W><W>going</W><W>to</W><W>charge</W><W>this</W><W>much</W><W>cash</W><W>for</W><W>their</W><W>cars</W></xcope><W>,</W><W>they</W><W>are</W><W>going</W><W>to</W><W>need</W><W>to</W><W>pay</W><W>much</W><W>more</W><W>detail</W><W>to</W><W>their</W><W>powertrains</W><W>.</W></SENTENCE><SENTENCE><xcope ID="63"><ref COMMENTS="" ID="100" SRC="21"></ref><W>SOHC</W><W>engines</W><W>in</W><W>expensive</W><W>cars</W></xcope><W>,</W><C><cue ID="21" type="speculation"><W>or</W></cue></C><xcope ID="64"><ref COMMENTS="" ID="101" SRC="21"></ref><W>even</W><W>sport</W><W>oriented</W><W>cars</W></xcope><W>are</W><C><cue ID="22" type="negation"><W>not</W></cue></C><xcope ID="62"><ref COMMENTS="" ID="102" SRC="22"></ref><W>at</W><W>all</W><W>desired</W></xcope><W>.</W></SENTENCE><SENTENCE><W>More</W><W>technology</W><W>,</W><W>DOHC</W><W>designs</W><W>,</W><W>including</W><W>VVT</W><C><cue ID="23" type="speculation"><W>would</W></cue></C><xcope ID="61"><ref COMMENTS="" ID="103" SRC="23"></ref><W>be</W><W>welcomed</W></xcope><W>.</W></SENTENCE><SENTENCE><W>Mitsubishi</W><W>needs</W><W>to</W><W>stop</W><W>spending</W><W>so</W><W>much</W><W>money</W><W>on</W><W>their</W><W>fancy</W><W>commercials</W><C><W>and</W></C><W>start</W><W>investing</W><W>this</W><W>money</W><W>on</W><W>making</W><W>some</W><W>good</W><W>cars</W><W>like</W><W>they</W><W>once</W><W>did</W><W>,</W><W>i</W><W>.e</W><W>the</W><W>Mitsubishi</W><W>3000GT.</W></SENTENCE></P><P></P><P><SENTENCE><W>Interior</W><W>Accommodation</W><W>:</W></SENTENCE></P><P></P><P><SENTENCE><W>I</W><W>have</W><W>read</W><W>a</W><W>few</W><W>reviews</W><W>on</W><W>this</W><W>car</W><W>over</W><W>at</W><W>www.cars.com</W><W>,</W></SENTENCE><SENTENCE><C><W>and</W></C><W>despite</W><W>many</W><W>reviewers</W><W>saying</W><W>this</W><W>car</W><W>has</W><W>the</W><W>interior</W><W>set-up</W><W>of</W><W>the</W><W>1980s</W><W>Chrysler</W><W>K</W><W>cars</W><W>,</W><W>it</W><W>is</W><W>nowhere</W><W>near</W><W>that</W><W>bad</W><W>,</W><W>but</W><W>the</W><W>interior</W><W>does</W><W>leave</W><W>a</W><W>lot</W><W>to</W><W>be</W><W>desired</W><W>.</W></SENTENCE><SENTENCE><W>The</W><W>interior</W><W>,</W><W>while</W><W>very</W><W>dated</W><W>does</W><W>have</W><W>a</W><W>functional</W><W>design</W><C><W>and</W></C><W>easy</W><W>ergonomics</W><W>.</W></SENTENCE><SENTENCE><W>The</W><W>drivers</W><W>position</W><W>is</W><W>also</W><W>very</W><W>good</W><W>which</W><W>offers</W><W>great</W><W>vision</W><W>in</W><W>all</W><W>directions</W><W>,</W><C><W>and</W></C><W>easy</W><W>access</W><W>to</W><W>the</W><W>instrumentation</W><W>.</W></SENTENCE><SENTENCE><W>With</W><W>the</W><W>convenience</W><W>package</W><W>,</W><C><W>and</W></C><W>even</W><C><cue ID="24" type="negation"><W>without</W></cue></C><xcope ID="65"><ref COMMENTS="" ID="105" SRC="24"></ref><W>it</W></xcope><W>,</W><W>amenities</W><W>are</W><W>plentiful</W><W>for</W><W>a</W><W>car</W><W>in</W><W>this</W><W>category</W><W>.</W></SENTENCE><SENTENCE><W>Dual</W><W>Air</W><W>bags</W><W>,</W><W>AC</W><W>,</W><W>intermittent</W><W>windshield</W><W>wipers</W><W>,</W><W>tachometer</W><W>,</W><C><W>and</W></C><W>a</W><W>100</W><W>watt</W><W>,</W><W>4-speaker</W><W>Mitsubishi</W><W>sound</W><W>system</W><W>is</W><W>standard</W><W>.</W></SENTENCE><SENTENCE><W>This</W><W>sound</W><W>system</W><W>is</W><W>clear</W><W>,</W><W>but</W><C><cue ID="25" type="negation"><W>no</W></cue></C><xcope ID="66"><ref COMMENTS="" ID="104" SRC="25"></ref><W>Bose</W><W>by</W><W>any</W><W>means</W></xcope><W>.</W></SENTENCE><SENTENCE><W>The</W><W>convenience</W><W>package</W><W>adds</W><W>some</W><W>items</W><W>such</W><W>as</W><W>cruise</W><W>control</W><W>,</W><C><W>and</W></C><W>60/40</W><W>split</W><W>bench</W><W>rear</W><W>seats</W><W>.</W></SENTENCE><SENTENCE><W>www.mitsubishi.com</W></SENTENCE><SENTENCE><W>has</W><W>more</W><W>info</W><W>on</W><W>all</W><W>standard</W><C><W>and</W></C><W>optional</W><W>equipment</W><W>that</W><C><cue ID="26" type="speculation"><W>can</W></cue></C><xcope ID="67"><ref COMMENTS="" ID="106" SRC="26"></ref><W>be</W><W>had</W><W>for</W><W>the</W><W>ES</W><C><W>and</W></C><W>other</W><W>Lancer</W><W>trim</W><W>lines</W></xcope><W>.</W></SENTENCE><SENTENCE><W>The</W><W>front</W><W>bucket</W><W>seats</W><W>are</W><W>a</W><W>major</W><W>complaint</W><W>,</W><W>I</W><W>found</W><W>them</W><W>hard</W><W>to</W><W>the</W><W>&#39;butt</W><W>touch&#39;</W><W>,</W><C><W>and</W></C><W>offered</W><W>little</W><W>back</W><C><W>support</W></C><W>.</W></SENTENCE><SENTENCE><W>The</W><W>Lancer</W><W>ES</W><W>&#39;s</W><W>cargo</W><C><W>and</W></C><W>storage</W><W>is</W><W>adequate</W><W>at</W><W>most</W><W>,</W><W>the</W><W>trunk</W><W>is</W><W>small</W><W>,</W><W>but</W><W>there</W><W>are</W><W>plenty</W><W>of</W><W>pockets</W><W>in</W><W>the</W><W>cabin</W><W>for</W><W>small</W><W>items</W><W>,</W><W>like</W><W>broken</W><W>knobs</W><W>etc</W><W>.</W></SENTENCE></P><P></P><P><SENTENCE><W>Exterior</W><W>Innovation</W><W>:</W></SENTENCE></P><P></P><P><SENTENCE><W>The</W><W>exterior</W><W>of</W><W>the</W><W>2002</W><W>Lancer</W><W>is</W><W>really</W><W>nothing</W><W>to</W><W>write</W><W>home</W><W>about</W><W>,</W><W>but</W><W>it</W><W>&#39;s</W><xcope ID="108"><ref COMMENTS="" ID="109" SRC="29"></ref><C><cue ID="27" type="negation"><W>no</W></cue></C><xcope ID="68"><ref COMMENTS="" ID="107" SRC="27"></ref><W>ugly</W><W>duckling</W></xcope></xcope><C><cue ID="29" type="negation"><W>either</W></cue></C><W>.</W></SENTENCE><SENTENCE><W>Mitsubishi</W><W>played</W><W>it</W><W>pretty</W><W>safe</W><W>with</W><W>the</W><W>styling</W><W>of</W><W>this</W><W>small</W><W>sedan</W><W>.</W></SENTENCE><SENTENCE><W>I</W><W>do</W><W>like</W><W>the</W><W>front</W><W>fascia</W><W>,</W><W>as</W><W>it</W><W>offers</W><W>a</W><W>chrome</W><W>grille</W><W>,</W><C><W>and</W></C><W>an</W><W>&#39;open</W><W>mouthed</W><W>&#39;</W><W>front</W><W>bumper</W><W>which</W><W>adds</W><W>a</W><W>little</W><W>more</W><W>sexy</W><W>modern</W><W>appeal</W><W>to</W><W>this</W><W>otherwise</W><W>blase</W><W>&#39;get</W><W>lost</W><W>in</W><W>traffic</W><W>&#39;</W><W>car</W><W>.</W></SENTENCE><SENTENCE><W>The</W><W>headlights</W><W>are</W><W>with</W><W>see-through</W><W>effects</W><W>which</W><W>also</W><W>help</W><W>this</W><W>car</W><W>keep</W><W>with</W><W>the</W><W>&#39;times</W><W>&#39;</W><W>.</W></SENTENCE></P><P></P><P><SENTENCE><W>Price</W><W>,</W><W>Reliability</W><W>,</W><W>and</W><W>Warranty</W><W>:</W></SENTENCE></P><P></P><P><SENTENCE><W>For</W><W>2002</W><W>the</W><W>Lancer</W><W>ES</W><W>with</W><W>a</W><W>manual</W><W>transmission</W><W>starts</W><W>at</W><W>around</W><W>$</W><W>14,000</W><W>,</W><W>however</W><W>,</W><W>with</W><W>options</W><W>,</W><W>such</W><W>as</W><W>an</W><W>automatic</W><W>transmission</W><W>the</W><W>price</W><W>quickly</W><W>rises</W><W>to</W><W>near</W><W>$</W><W>17,000</W><W>as</W><W>was</W><W>my</W><W>tester</W><W>&#39;s</W><W>sticker</W><W>price</W><W>.</W></SENTENCE><SENTENCE><W>Mitsubishi</W><W>has</W><C><cue ID="30" type="negation"><W>never</W></cue></C><xcope ID="69"><ref COMMENTS="" ID="111" SRC="30"></ref><W>been</W><W>known</W><W>for</W><W>their</W><W>reliability</W></xcope><W>,</W><W>however</W><W>it</W><W>has</W><W>been</W><W>improving</W><W>,</W><C><cue ID="31" type="speculation"><W>if</W></cue></C><xcope ID="70"><ref COMMENTS="" ID="110" SRC="31"></ref><W>anything</W><W>does</W><W>go</W><W>wrong</W><W>with</W><W>your</W><W>2002</W><W>Lancer</W></xcope><W>,</W><W>Mitsubishi</W><W>offers</W><W>an</W><W>&#39;average</W><W>&#39;</W><W>3</W><W>year</W><W>,</W><W>36,000</W><W>mile</W><W>bumper</W><W>to</W><W>bumper</W><W>warranty</W><W>,</W><C><W>and</W></C><W>a</W><W>5</W><W>year</W><W>,</W><W>60,000</W><W>mile</W><W>powertrain</W><W>warranty</W><W>.</W></SENTENCE></P><P></P><P><SENTENCE><W>Looking</W><W>for</W><W>a</W><W>faster</W><W>,</W><W>yet</W><W>more</W><W>fuel</W><W>efficient</W><W>economy</W><W>car</W><W>?</W></SENTENCE><SENTENCE><W>You</W><C><cue ID="32" type="speculation"><W>may</W></cue></C><xcope ID="71"><ref COMMENTS="" ID="112" SRC="32"></ref><W>want</W><W>to</W><W>check</W><W>out</W><W>my</W><W>review</W><W>on</W><W>the</W><W>Toyota</W><W>Corolla</W></xcope></SENTENCE></P><P></P><P><SENTENCE><W>-</W><W>Happy</W><W>Car</W><W>Shopping</W><W>!</W></SENTENCE></P></DOCUMENT>
