<?xml version="1.0" encoding="UTF-8"?>
<DOCUMENT><P></P><P><SENTENCE><W>I</W><W>was</W><W>attracted</W><W>to</W><W>the</W><W>2002</W><W>Mirage</W><W>coupe</W><W>because</W><W>as</W><W>a</W><W>short</W><W>,</W><W>slender</W><W>female</W><W>,</W><W>the</W><W>car</W><W>was</W><W>a</W><W>dream</W><W>.</W></SENTENCE><SENTENCE><W>The</W><W>seats</W><W>enveloped</W><W>me</W><W>comfortably</W><W>(</W><W>far</W><W>more</W><W>so</W><W>than</W><W>the</W><W>Lancer</W><W>)</W><W>-</W><W>even</W><W>on</W><W>long</W><W>road</W><W>trips</W><W>.</W></SENTENCE><SENTENCE><W>However</W><W>,</W><W>the</W><W>back</W><W>seat</W><W>was</W><W>an</W><W>entirely</W><W>different</W><W>story</W><W>.</W></SENTENCE><SENTENCE><W>Rigid</W><C><W>and</W></C><W>firm</W><W>with</W><W>little</W><W>leg</W><W>room</W><W>for</W><W>my</W><W>8</W><C><W>and</W></C><W>9</W><W>year</W><W>old</W><W>,</W><W>they</W><W>constantly</W><W>complained</W><W>.</W></SENTENCE></P><P></P><P><SENTENCE><W>During</W><W>the</W><W>first</W><W>year</W><W>,</W><W>the</W><W>car</W><W>performed</W><W>well</W><W>.</W></SENTENCE><SENTENCE><W>Electronics</W><W>worked</W><W>well</W><W>,</W><W>engine</W><W>was</W><W>strong</W><W>,</W><W>etc</W><W>.</W></SENTENCE><SENTENCE><W>However</W><W>,</W><W>after</W><W>the</W><W>1</W><W>year</W><W>mark</W><W>hit</W><W>,</W><W>little</W><W>things</W><W>started</W><W>happening</W><W>all</W><W>at</W><W>once</W><W>:</W><W>Driver</W><W>window</W><C><cue ID="0" type="speculation"><W>would</W></cue></C><xcope ID="9"><ref COMMENTS="" ID="12" SRC="0"></ref><C><cue ID="1" type="negation"><W>not</W></cue></C><xcope ID="8"><ref COMMENTS="" ID="11" SRC="1"></ref><W>slide</W><W>back</W><W>up</W><C><cue ID="2" type="negation"><W>without</W></cue></C><xcope ID="6"><ref COMMENTS="" ID="10" SRC="2"></ref><W>an</W><W>initial</W><W>KER-KLUNK</W></xcope></xcope></xcope><W>,</W><W>bulbs</W><W>began</W><W>blowing</W><W>out</W><W>,</W><W>the</W><W>lighter</W><W>quit</W><W>working</W><W>(</W><C><cue ID="3" type="negation"><W>not</W></cue></C><xcope ID="7"><ref COMMENTS="" ID="13" SRC="3"></ref><W>the</W><W>fuse</W></xcope><W>)</W><W>,</W><C><W>and</W></C><W>the</W><W>engine</W><W>,</W><W>in</W><W>spite</W><W>of</W><W>professional</W><W>maintenance</W><W>,</W><W>began</W><W>to</W><W>sound</W><W>ill</W><W>.</W></SENTENCE></P><P></P><P><SENTENCE><W>I</W><W>know</W><W>there</W><W>are</W><W>better</W><W>alternatives</W><W>in</W><W>this</W><W>class</W><C><W>and</W></C><W>I</W><W>&#39;d</W><C><cue ID="4" type="speculation"><W>suggest</W></cue></C><xcope ID="5"><ref COMMENTS="" ID="14" SRC="4"></ref><W>you</W><W>save</W><W>your</W><W>money</W><W>on</W><W>this</W><W>one</W></xcope><W>,</W><W>unless</W><W>you</W><W>want</W><W>a</W><W>vehicle</W><W>full</W><W>of</W><W>problems</W><W>long</W><W>before</W><W>the</W><W>notorious</W><W>3</W><W>year</W><W>mark</W><W>.</W></SENTENCE></P></DOCUMENT>
