<?xml version="1.0" encoding="UTF-8"?>
<DOCUMENT><P></P><P><SENTENCE><W>For</W><W>2002</W><W>,</W><W>Acura</W><W>gives</W><W>the</W><W>Type-S</W><W>treatment</W><W>to</W><W>its</W><W>formerly</W><W>bland</W><W>TL</W><W>sedan</W><W>.</W></SENTENCE><SENTENCE><W>Now</W><W>you</W><W>dont</W><W>have</W><W>to</W><W>buy</W><W>a</W><W>coupe</W><W>to</W><W>get</W><W>the</W><W>260</W><W>horsepower</W><W>engine</W><W>,</W><W>17</W><W>wheels</W><W>,</W><C><W>and</W></C><W>sportier</W><W>interior</W><W>that</W><W>have</W><W>made</W><W>the</W><W>CL</W><W>Type-S</W><W>so</W><W>popular</W><W>.</W></SENTENCE><SENTENCE><W>With</W><W>a</W><W>price</W><W>of</W><W>$</W><W>31,700</W><W>,</W><W>the</W><W>TL</W><W>Type-S</W><W>continues</W><W>Acuras</W><W>more</W><W>stuff</W><W>for</W><W>less</W><W>money</W><W></W><W>strategy</W><W>.</W></SENTENCE><SENTENCE><W>The</W><W>TL</W><W>Type-S</W><W>offers</W><W>more</W><W>power</W><C><W>and</W></C><W>more</W><W>room</W><W>for</W><W>much</W><W>less</W><W>money</W><W>than</W><W>a</W><xcope ID="1"><ref COMMENTS="" ID="4" SRC="0"></ref><W>BMW</W><W>330i</W></xcope><C><cue ID="0" type="speculation"><W>or</W></cue></C><xcope ID="2"><ref COMMENTS="" ID="3" SRC="0"></ref><W>Lexus</W><W>IS300</W></xcope><W>.</W></SENTENCE><SENTENCE><W>Does</W><W>this</W><W>make</W><W>it</W><W>a</W><W>genuine</W><W>bargain</W><W>among</W><W>sports</W><W>sedans</W><W>?</W></SENTENCE><SENTENCE><W>Since</W><W>this</W><W>is</W><W>the</W><W>category</W><W>I</W><W>am</W><W>personally</W><W>most</W><W>interested</W><W>in</W><W>,</W><W>I</W><W>took</W><W>an</W><W>extended</W><W>test</W><W>drive</W><W>to</W><W>find</W><W>out</W><W>.</W></SENTENCE></P><P></P><P><SENTENCE><W>Styling</W><C><W>and</W></C><W>Accommodations</W></SENTENCE></P><P></P><P><SENTENCE><W>Ive</W><C><cue ID="5" type="negation"><W>never</W></cue></C><xcope ID="8"><ref ID="11" SRC="5"></ref><W>been</W><W>a</W><W>huge</W><W>fan</W><W>of</W><W>the</W><W>TLs</W><W>exterior</W><W>styling</W></xcope><W>.</W></SENTENCE><SENTENCE><W>But</W><cue ID="6" type="speculation"><W>maybe</W></cue><xcope ID="9"><ref ID="12" SRC="6"></ref><W>it</W><W>was</W><W>just</W><W>the</W><W>fussy</W><W>wheels</W><W>that</W><W>came</W><W>with</W><W>the</W><W>basic</W><W>TL</W><W>its</W><W>first</W><W>few</W><W>years</W></xcope><W>.</W></SENTENCE><SENTENCE><W>The</W><W>Type-Ss</W><W>larger</W><W>,</W><W>thick-spoked</W><W>wheels</W><W>bring</W><W>out</W><W>the</W><W>slightly</W><W>aggressive</W><W>quality</W><W>previously</W><W>hidden</W><W>in</W><W>the</W><W>TLs</W><W>angular</W><W>lines</W><W>.</W></SENTENCE><SENTENCE><W>While</W><W>the</W><W>car</W><W>is</W><W>still</W><W>short</W><W>of</W><W>striking</W><W>,</W><W>in</W><W>this</W><W>incarnation</W><W>I</W><C><cue ID="7" type="speculation"><W>could</W></cue></C><xcope ID="13"><ref ID="14" SRC="7"></ref><W>easily</W><W>live</W><W>with</W><W>it</W></xcope><W>.</W></SENTENCE></P><P></P><P><SENTENCE><W>The</W><W>TLs</W><W>interior</W><W>has</W><W>always</W><W>been</W><W>a</W><W>great</W><W>place</W><W>to</W><W>sit</W><W>.</W></SENTENCE><SENTENCE><W>The</W><W>driving</W><W>position</W><W>is</W><W>excellent</W><W>,</W><W>with</W><W>the</W><W>very</W><W>low</W><W>dash</W><W>typical</W><W>of</W><W>Hondas</W><W>.</W></SENTENCE><SENTENCE><W>I</W><W>have</W><C><cue ID="15" type="negation"><W>never</W></cue></C><xcope ID="17"><ref ID="19" SRC="15"></ref><W>liked</W><W>the</W><W>much</W><W>taller</W><W>instrument</W><W>panel</W><W>found</W><W>in</W><W>BMWs</W><C><W>and</W></C><W>Audis</W></xcope><W>.</W></SENTENCE><SENTENCE><W>The</W><W>front</W><W>seats</W><W>are</W><W>very</W><W>supportive</W><W>,</W><W>with</W><W>excellent</W><W>lateral</W><C><W>support</W></C><W>.</W></SENTENCE><SENTENCE><W>The</W><W>rear</W><W>seats</W><W>are</W><W>just</W><W>roomy</W><W>enough</W><W>for</W><W>my</W><W>59</W><W>frame</W><W>.</W></SENTENCE><SENTENCE><W>A</W><W>bump</W><W>on</W><W>the</W><W>leading</W><W>edge</W><W>of</W><W>the</W><W>cushion</W><W>provides</W><W>better</W><W>than</W><W>average</W><W>but</W><W>still</W><C><cue ID="16" type="negation"><W>not</W></cue></C><xcope ID="18"><ref ID="20" SRC="16"></ref><W>ideal</W><W>thigh</W><C><W>support</W></C><W>.</W></xcope></SENTENCE></P><P></P><P><SENTENCE><W>The</W><W>interior</W><W>details</W><W>added</W><W>by</W><W>the</W><W>Type-Schampagne</W><W>instrument</W><W>faces</W><W>,</W><W>perforations</W><W>in</W><W>the</W><W>leather</W><W>,</W><C><W>and</W></C><W>,</W><W>with</W><W>the</W><W>ebony</W><W>interior</W><W>,</W><W>smoke-colored</W><W>simulated</W><W>woodlend</W><W>a</W><W>sporty</W><W>look</W><W>to</W><W>the</W><W>excellent</W><W>interior</W><W>of</W><W>the</W><W>standard</W><W>TL.</W></SENTENCE><SENTENCE><W>I</W><W>personally</W><W>prefer</W><W>lighter-colored</W><W>interiors</W><W>.</W></SENTENCE><SENTENCE><W>One</W><W>problem</W><W>with</W><W>this</W><W>in</W><W>the</W><W>Type-S</W><W>is</W><W>that</W><W>the</W><W>parchment</W><W>interior</W><W>has</W><W>the</W><W>standard</W><W>simulated</W><W>wood</W><W>.</W></SENTENCE><SENTENCE><W>Its</W><W>shade</W><W>is</W><W>far</W><W>too</W><W>orange</W><W>for</W><W>my</W><W>taste</W><W>.</W></SENTENCE><SENTENCE><C><W>And</W></C><W>there</W><W>is</W><W>a</W><W>ton</W><W>of</W><W>it</W><W>.</W></SENTENCE></P><P></P><P><SENTENCE><W>The</W><W>trunk</W><W>is</W><W>at</W><W>best</W><W>average</W><W>in</W><W>size</W><W>on</W><W>paper</W><W>but</W><C><cue ID="21" type="speculation"><W>appears</W></cue></C><xcope ID="24"><ref ID="27" SRC="21"></ref><W>fairly</W><W>large</W><C><W>and</W></C><W>usefully</W><W>shaped</W></xcope><W>.</W></SENTENCE><SENTENCE><W>Unfortunately</W><W>,</W><W>the</W><W>rear</W><W>seats</W><W>do</W><C><cue ID="22" type="negation"><W>not</W></cue></C><xcope ID="25"><ref ID="28" SRC="22"></ref><W>fold</W><W>down</W></xcope><W>.</W></SENTENCE><SENTENCE><W>Only</W><W>a</W><W>pass</W><W>through</W><W>is</W><W>provided</W><W>.</W></SENTENCE><SENTENCE><W>I</W><W>have</W><W>used</W><W>the</W><W>fold</W><W>down</W><W>rear</W><W>seats</W><W>many</W><W>times</W><W>in</W><W>my</W><W>own</W><W>car</W><W>,</W><C><W>and</W></C><C><cue ID="23" type="speculation"><W>would</W></cue></C><xcope ID="26"><ref ID="29" SRC="23"></ref><W>greatly</W><W>miss</W><W>this</W><W>feature</W></xcope><W>.</W></SENTENCE></P><P></P><P><SENTENCE><W>On</W><W>the</W><W>Road</W></SENTENCE></P><P></P><P><SENTENCE><W>First</W><W>,</W><W>the</W><W>good</W><W>part</W><W>.</W></SENTENCE><SENTENCE><W>The</W><W>engine</W><W>is</W><W>magnificent</W><W>.</W></SENTENCE><SENTENCE><W>It</W><W>feels</W><W>powerful</W><C><W>and</W></C><W>sounds</W><W>great</W><W>throughout</W><W>its</W><W>range</W><W>.</W></SENTENCE><SENTENCE><C><cue ID="30" type="speculation"><W>If</W></cue></C><xcope ID="36"><ref COMMENTS="" ID="41" SRC="30"></ref><W>anything</W><W>the</W><W>tuning</W><W>of</W><W>the</W><W>throttle</W><C><W>and</W></C><W>torque</W><W>converter</W><W>are</W><W>too</W><W>aggressive</W></xcope><W>,</W><W>as</W><W>I</W><W>chirped</W><W>the</W><W>tires</W><W>at</W><W>only</W><W>part</W><W>throttle</W><W>a</W><W>few</W><W>times</W><W>.</W></SENTENCE><SENTENCE><W>The</W><W>manual</W><W>feature</W><W>of</W><W>the</W><W>standard</W><W>automatic</W><W>transmission</W><W>is</W><W>easy</W><W>to</W><W>use</W><W>,</W><C><W>and</W></C><W>reacts</W><W>as</W><W>quickly</W><W>as</W><W>most</W><W>of</W><W>these</W><W>.</W></SENTENCE><SENTENCE><W>I</W><W>used</W><W>it</W><W>to</W><W>hold</W><xcope ID="37"><ref COMMENTS="" ID="43" SRC="31"></ref><W>second</W></xcope><C><cue ID="31" type="speculation"><W>or</W></cue></C><xcope ID="38"><ref COMMENTS="" ID="42" SRC="31"></ref><W>third</W></xcope><W>while</W><W>aggressively</W><W>driving</W><W>the</W><W>curvy</W><W>roads</W><W>in</W><W>an</W><W>industrial</W><W>park</W><W>.</W></SENTENCE><SENTENCE><W>Still</W><W>,</W><W>Id</W><W>really</W><W>,</W><W>really</W><W>rather</W><W>have</W><W>a</W><W>manual</W><W>transmission</W><W>,</W><W>which</W><C><cue ID="32" type="speculation"><W>would</W></cue></C><xcope ID="39"><ref COMMENTS="" ID="44" SRC="32"></ref><W>provide</W><W>a</W><W>much</W><W>more</W><W>direct</W><W>connection</W><W>to</W><W>the</W><W>engine</W></xcope><W>.</W></SENTENCE><SENTENCE><W>Alas</W><W>,</W><W>one</W><W>is</W><C><cue ID="33" type="negation"><W>not</W></cue></C><xcope ID="40"><ref COMMENTS="" ID="45" SRC="33"></ref><W>offered</W></xcope><W>,</W><W>a</W><W>shock</W><W>given</W><W>the</W><W>fact</W><W>that</W><W>Honda</W><W>once</W><W>sold</W><W>most</W><W>of</W><W>its</W><W>cars</W><W>with</W><W>manuals</W><W>.</W></SENTENCE></P><P></P><P><SENTENCE><W>Update</W><W>:</W><W>It</W><C><cue ID="34" type="speculation"><W>seems</W></cue></C><xcope ID="48"><ref COMMENTS="" ID="49" SRC="34"></ref><W>Acura</W><W>is</W><W>going</W><W>to</W><W>make</W><W>a</W><W>real</W><W>manual</W><W>available</W><W>later</W><W>in</W><W>the</W><W>year</W><W>in</W><W>the</W><W>CL-S</W></xcope><W>,</W><C><W>and</W></C><cue ID="35" type="speculation"><W>maybe</W></cue><xcope ID="46"><ref COMMENTS="" ID="47" SRC="35"></ref><W>later</W><W>in</W><W>the</W><W>TL-S.</W></xcope></SENTENCE><SENTENCE><W>I</W><W>&#39;ll</W><W>be</W><W>sure</W><W>to</W><W>test</W><W>it</W><W>once</W><W>it</W><W>&#39;s</W><W>available</W><W>.</W></SENTENCE></P><P></P><P><SENTENCE><W>To</W><W>this</W><W>point</W><W>Im</W><W>very</W><W>pleased</W><W>with</W><W>the</W><W>car</W><W>.</W></SENTENCE><SENTENCE><W>Unfortunately</W><W>,</W><W>in</W><W>the</W><W>areas</W><W>of</W><W>ride</W><C><W>and</W></C><W>handling</W><W>it</W><W>has</W><W>a</W><W>number</W><W>of</W><W>major</W><W>flaws</W><W>.</W></SENTENCE><SENTENCE><W>Torque</W><W>steer</W><W>often</W><W>rears</W><W>its</W><W>ugly</W><W>head</W><W>.</W></SENTENCE><SENTENCE><W>When</W><W>accelerating</W><W>,</W><W>the</W><W>front</W><W>end</W><W>feels</W><W>light</W><C><W>and</W></C><W>the</W><W>steering</W><W>gets</W><W>squirrelly</W><W>.</W></SENTENCE><SENTENCE><W>There</W><W>are</W><W>some</W><W>good</W><W>aspects</W><W>of</W><W>the</W><W>handling</W><W>.</W></SENTENCE><SENTENCE><W>The</W><W>tires</W><W>stick</W><W>well</W><W>,</W><C><W>and</W></C><W>when</W><C><cue ID="50" type="negation"><W>not</W></cue></C><xcope ID="57"><ref COMMENTS="" ID="67" SRC="50"></ref><W>accelerating</W><W>the</W><W>steering</W><W>provides</W><W>good</W><W>feedback</W></xcope><W>.</W></SENTENCE><SENTENCE><W>The</W><W>stability</W><W>control</W><W>does</W><C><cue ID="51" type="negation"><W>not</W></cue></C><xcope ID="56"><ref COMMENTS="" ID="66" SRC="51"></ref><W>cut</W><W>in</W><W>too</W><W>early</W></xcope><W>,</W><W>unlike</W><W>most</W><W>such</W><W>systems</W><W>.</W></SENTENCE><SENTENCE><W>But</W><W>the</W><W>TL</W><W>Type-S</W><W>remains</W><W>less</W><W>than</W><W>eager</W><W>to</W><W>turn</W><W>in</W><W>.</W></SENTENCE><SENTENCE><W>It</W><C><W>lacks</W></C><W>the</W><W>tossable</W><C><W>feel</W></C><W>present</W><W>in</W><W>a</W><xcope ID="68"><ref ID="71" SRC="52"></ref><W>BMW</W><W>3-Series</W></xcope><W>,</W><C><cue ID="52" type="speculation"><W>or</W></cue></C><xcope ID="69"><ref COMMENTS="" ID="70" SRC="52"></ref><W>even</W><W>in</W><W>my</W><W>lowly</W><W>Ford</W><W>Contour</W></xcope><W>.</W></SENTENCE><SENTENCE><W>Strangely</W><W>enough</W><W>,</W><W>Ive</W><W>noticed</W><W>the</W><W>same</W><W>problems</W><W>in</W><W>the</W><W>Oldsmobile</W><W>Aurora</W><C><W>and</W></C><W>Cadillac</W><W>Deville</W><W>.</W></SENTENCE><SENTENCE><W>It</W><W>is</W><C><cue ID="53" type="speculation"><W>possible</W></cue></C><xcope ID="60"><ref COMMENTS="" ID="65" SRC="53"></ref><W>that</W><W>channeling</W><W>a</W><xcope ID="59"><ref COMMENTS="" ID="64" SRC="54"></ref><W>ton</W></xcope><C><cue ID="54" type="speculation"><W>or</W></cue></C><xcope ID="58"><ref COMMENTS="" ID="63" SRC="54"></ref><W>power</W></xcope><W>through</W><W>the</W><W>front</W><W>wheels</W><W>has</W><W>its</W><W>trade-offs</W></xcope><W>.</W></SENTENCE><SENTENCE><W>The</W><W>2002</W><W>Maxima</W><C><W>and</W></C><W>I30</W><W>will</W><W>be</W><W>similarly</W><W>powerful</W><W>.</W></SENTENCE><SENTENCE><W>Im</W><W>now</W><W>eager</W><W>to</W><W>see</W><C><cue ID="55" type="speculation"><W>if</W></cue></C><xcope ID="61"><ref COMMENTS="" ID="62" SRC="55"></ref><W>they</W><W>will</W><W>have</W><W>the</W><W>same</W><W>problems</W></xcope><W>.</W></SENTENCE></P><P></P><P><SENTENCE><W>All</W><W>of</W><W>this</W><W>is</W><W>nothing</W><W>compared</W><W>to</W><W>the</W><W>ride</W><W>.</W></SENTENCE><SENTENCE><W>Its</W><W>just</W><W>plain</W><W>awful</W><W>,</W><W>worse</W><W>than</W><W>anything</W><W>Ive</W><W>driven</W><W>in</W><W>recent</W><W>memory</W><W>.</W></SENTENCE><SENTENCE><W>The</W><W>Type-S</W><W>reacted</W><W>sharply</W><W>to</W><W>just</W><W>about</W><W>every</W><W>imperfection</W><W>it</W><W>encountered</W><W>in</W><W>the</W><W>road</W><W>.</W></SENTENCE><SENTENCE><W>I</W><C><cue ID="72" type="speculation"><W>thought</W></cue></C><xcope ID="73"><ref COMMENTS="" ID="74" SRC="72"></ref><W>my</W><W>Contour</W><W>SE</W><W>,</W><W>with</W><W>a</W><W>very</W><W>stiff</W><W>suspension</W><W>,</W><W>rode</W><W>poorly</W></xcope><W>,</W><W>but</W><W>driving</W><W>home</W><W>from</W><W>the</W><W>dealer</W><W>I</W><W>suddenly</W><W>realized</W><W>that</W><W>the</W><W>ride</W><W>just</W><W>sounds</W><W>bad</W><W>;</W><W>you</W><W>hear</W><W>more</W><W>than</W><W>you</W><W>actually</W><C><W>feel</W></C><W>while</W><W>hitting</W><W>bumps</W><C><W>and</W></C><W>potholes</W><W>.</W></SENTENCE><SENTENCE><W>In</W><W>the</W><W>Acura</W><W>these</W><W>were</W><W>both</W><W>heard</W><C><W>and</W></C><W>felt</W><W>.</W></SENTENCE><SENTENCE><C><cue ID="75" type="speculation"><W>If</W></cue></C><W>anything</W><W>,</W><W>the</W><W>ride</W><W>resembled</W><W>that</W><W>of</W><W>a</W><W>1980s</W><W>GM</W><W>sedan</W><W>with</W><W>the</W><W>performance</W><W>suspension</W><W>option</W><W>.</W></SENTENCE><SENTENCE><W>Back</W><W>then</W><W>,</W><W>GM</W><C><W>thought</W></C><W>that</W><W>a</W><W>performance</W><W>suspension</W><W>had</W><W>to</W><W>ride</W><W>like</W><W>hell</W><W>,</W><C><W>and</W></C><W>those</W><W>in</W><W>its</W><W>sedans</W><W>did</W><W>.</W></SENTENCE><SENTENCE><W>Given</W><W>the</W><W>degree</W><W>of</W><W>jittering</W><W>I</W><W>sensed</W><W>,</W><W>I</W><C><cue ID="76" type="speculation"><W>suspect</W></cue></C><xcope ID="82"><ref COMMENTS="" ID="86" SRC="76"></ref><W>that</W><W>the</W><W>TLs</W><W>structure</W><W>is</W><W>also</W><W>more</W><W>flexible</W><W>than</W><W>most</W><W>in</W><W>this</W><W>class</W></xcope><W>,</W><W>further</W><W>degrading</W><W>the</W><W>ride</W><W>.</W></SENTENCE><SENTENCE><W>Overall</W><W>,</W><W>the</W><W>Type-Ss</W><W>ride</W><W>felt</W><W>inappropriate</W><W>for</W><W>this</W><W>class</W><W>of</W><W>car</W><W>,</W><C><W>and</W></C><C><cue ID="77" type="speculation"><W>perhaps</W></cue></C><xcope ID="83"><ref COMMENTS="" ID="87" SRC="77"></ref><W>for</W><W>anything</W><W>short</W><W>of</W><W>an</W><W>all-out</W><W>sports</W><W>car</W></xcope><W>.</W></SENTENCE><SENTENCE><C><cue ID="78" type="speculation"><W>If</W></cue></C><xcope ID="85"><ref COMMENTS="" ID="89" SRC="78"></ref><W>this</W><W>translated</W><W>to</W><W>phenomenal</W><W>handling</W><W>,</W><W>it</W><C><cue ID="79" type="speculation"><W>might</W></cue></C><xcope ID="84"><ref COMMENTS="" ID="88" SRC="79"></ref><W>almost</W><W>be</W><W>forgivable</W></xcope></xcope><W>,</W><W>but</W><W>it</W><cue ID="80" type="negation"><W>does</W><W>nt</W></cue><W>,</W><W>so</W><W>it</W><cue ID="81" type="negation"><W>is</W><W>nt</W></cue><W>.</W></SENTENCE><SENTENCE><W>All</W><W>of</W><W>the</W><W>competition</W><W>rides</W><W>better</W><W>,</W><C><W>and</W></C><W>most</W><W>of</W><W>it</W><W>handles</W><W>better</W><W>as</W><W>well</W><W>.</W></SENTENCE></P><P></P><P><SENTENCE><W>Update</W><W>:</W><W>Xorg</W><W>in</W><W>his</W><W>own</W><W>excellent</W><W>review</W><W>says</W><W>that</W><W>the</W><W>hard</W><W>ride</W><W>I</W><W>experienced</W><C><cue ID="90" type="speculation"><W>might</W></cue></C><xcope ID="99"><ref COMMENTS="" ID="118" SRC="90"></ref><W>be</W><W>caused</W><W>by</W><W>overinflated</W><W>tires</W></xcope><W>.</W></SENTENCE><SENTENCE><W>They</W><W>ship</W><W>at</W><W>40</W><W>psi</W><W>(</W><W>as</W><W>is</W><W>standard</W><W>practice</W><W>for</W><W>all</W><W>cars--reduces</W><W>bouncing</W><W>on</W><W>the</W><W>rail</W><W>car</W><C><W>and</W></C><W>truck</W><W>)</W><C><W>and</W></C><W>sometimes</W><W>the</W><W>dealers</W><W>forget</W><W>to</W><W>deflate</W><W>them</W><W>to</W><W>32</W><W>psi</W><W>.</W></SENTENCE><SENTENCE><W>I</W><cue ID="91" type="speculation"><C><W>would</W></C><W>n&#39;t</W></cue><xcope ID="101"><ref COMMENTS="" ID="117" SRC="91"></ref><C><cue ID="92" type="speculation"><W>expect</W></cue></C><xcope ID="100"><ref COMMENTS="" ID="116" SRC="92"></ref><W>this</W><W>to</W><W>make</W><W>that</W><W>large</W><W>of</W><W>a</W><W>difference</W></xcope></xcope><W>,</W><W>but</W><W>it</W><C><cue ID="93" type="speculation"><W>would</W></cue></C><xcope ID="102"><ref ID="115" SRC="93"></ref><W>certainly</W><W>make</W><W>some</W><W>difference</W></xcope><W>.</W></SENTENCE><SENTENCE><cue ID="95" type="speculation"><W>You</W><W>&#39;d</W></cue><xcope ID="112"><ref COMMENTS="" ID="114" SRC="95"></ref><C><cue ID="94" type="speculation"><W>think</W></cue></C><xcope ID="111"><ref ID="113" SRC="94"></ref><W>that</W><W>when</W><W>I</W><W>complained</W><W>about</W><W>the</W><W>ride</W><W>the</W><W>salespeople</W><C><cue ID="96" type="speculation"><W>would</W></cue></C><xcope ID="103"><ref COMMENTS="" ID="109" SRC="96"></ref><W>have</W><W>checked</W><W>this</W></xcope></xcope></xcope><W>.</W></SENTENCE><SENTENCE><W>But</W><W>that</W><W>&#39;s</W><W>assuming</W><W>they</W><W>have</W><W>brains</W><W>...</W></SENTENCE><SENTENCE><W>Only</W><W>a</W><W>test</W><W>drive</W><W>with</W><W>a</W><W>tire</W><W>gauge</W><C><cue ID="97" type="speculation"><W>would</W></cue></C><xcope ID="105"><ref COMMENTS="" ID="108" SRC="97"></ref><W>really</W><W>solve</W><W>this</W></xcope><W>.</W></SENTENCE><SENTENCE><W>At</W><W>any</W><W>rate</W><W>,</W><W>when</W><W>you</W><W>test</W><W>drive</W><W>this</W><W>car</W><W>be</W><W>sure</W><W>to</W><W>have</W><W>the</W><W>tire</W><W>pressure</W><W>checked</W><W>.</W></SENTENCE><SENTENCE><W>It</W><C><cue ID="98" type="speculation"><W>might</W></cue></C><xcope ID="106"><ref ID="107" SRC="98"></ref><W>significantly</W><W>affect</W><W>your</W><W>evaluation</W><W>of</W><W>the</W><W>car</W></xcope><W>.</W></SENTENCE></P><P></P><P><SENTENCE><W>Update</W><W>2</W><W>:</W><W>I</W><W>still</W><W>have</W><C><cue ID="137" type="negation"><W>not</W></cue></C><xcope ID="138"><ref COMMENTS="" ID="139" SRC="137"></ref><W>driven</W><W>a</W><W>second</W><W>TL-S</W></xcope><W>,</W><W>but</W><W>based</W><W>on</W><W>comments</W><W>from</W><W>owners</W><W>in</W><W>Autoweek</W><C><W>and</W></C><W>a</W><W>review</W><W>in</W><W>Consumer</W><W>Reports</W><W>(</W><W>Feburary</W><W>2002</W><W>issue</W><W>)</W><W>I</W><C><cue ID="119" type="speculation"><W>suspect</W></cue></C><xcope ID="125"><ref COMMENTS="" ID="136" SRC="119"></ref><W>that</W><W>my</W><W>evaluation</W><W>was</W><C><cue ID="120" type="negation"><W>not</W></cue></C><xcope ID="124"><ref COMMENTS="" ID="134" SRC="120"></ref><W>based</W><W>on</W><W>overinflated</W><W>tires</W><W>.</W></xcope></xcope></SENTENCE><SENTENCE><W>CR</W><W>is</W><W>meticulous</W><W>about</W><W>setting</W><W>tire</W><W>pressure</W><W>accurately</W><W>,</W><W>yet</W><W>complained</W><W>about</W><W>a</W><W>&#34;</W><W>jittery</W><W>&#34;</W><W>ride</W><W>,</W><W>even</W><W>on</W><W>smooth</W><W>surfaces</W><W>.</W></SENTENCE><SENTENCE><W>They</W><W>also</W><W>felt</W><W>the</W><W>car</W><W>did</W><C><cue ID="121" type="negation"><W>not</W></cue></C><xcope ID="126"><ref COMMENTS="" ID="133" SRC="121"></ref><W>handle</W><W>all</W><W>that</W><W>well</W></xcope><W>.</W></SENTENCE><SENTENCE><W>People</W><W>see</W><W>the</W><W>horsepower</W><C><W>and</W></C><W>price</W><W>tag</W><W>of</W><W>this</W><W>car</W><C><W>and</W></C><W>,</W><xcope ID="127"><ref COMMENTS="" ID="132" SRC="122"></ref><W>consciously</W></xcope><C><cue ID="122" type="speculation"><W>or</W></cue></C><xcope ID="128"><ref COMMENTS="" ID="131" SRC="122"></ref><W>unconsciously</W></xcope><W>,</W><W>they</W><W>reject</W><W>any</W><W>evidence</W><W>that</W><W>this</W><W>car</W><C><cue ID="123" type="speculation"><W>might</W></cue></C><xcope ID="129"><ref COMMENTS="" ID="130" SRC="123"></ref><W>have</W><W>some</W><W>weaknesses</W></xcope><W>.</W></SENTENCE><SENTENCE><W>Sorry</W><W>to</W><W>burst</W><W>your</W><W>bubble</W><W>.</W></SENTENCE></P><P></P><P><SENTENCE><W>Last</W><W>Words</W></SENTENCE></P><P></P><P><SENTENCE><W>A</W><W>260</W><W>horsepower</W><W>engine</W><C><W>and</W></C><W>17</W><W>performance</W><W>tires</W><W>do</W><C><cue ID="140" type="negation"><W>not</W></cue></C><xcope ID="148"><ref COMMENTS="" ID="154" SRC="140"></ref><W>a</W><W>BMW</W><W>killer</W><W>make</W></xcope><W>,</W><W>even</W><C><cue ID="141" type="speculation"><W>if</W></cue></C><xcope ID="147"><ref COMMENTS="" ID="153" SRC="141"></ref><W>the</W><W>price</W><C><cue ID="142" type="speculation"><W>appears</W></cue></C><xcope ID="146"><ref COMMENTS="" ID="152" SRC="142"></ref><W>to</W><W>be</W><W>amazingly</W><W>low</W></xcope></xcope><W>.</W></SENTENCE><SENTENCE><W>The</W><W>basic</W><W>car</W><W>,</W><W>derived</W><W>from</W><W>the</W><W>Accord</W><W>,</W><W>is</W><W>simply</W><C><cue ID="143" type="negation"><W>not</W></cue></C><xcope ID="149"><ref COMMENTS="" ID="155" SRC="143"></ref><W>up</W><W>to</W><W>this</W><W>mission</W></xcope><W>.</W></SENTENCE><SENTENCE><W>Given</W><W>the</W><W>pattern</W><W>of</W><W>the</W><W>cars</W><W>faults</W><W>,</W><W>Im</W><W>beginning</W><W>to</W><W>wonder</W><C><cue ID="144" type="speculation"><W>if</W></cue></C><xcope ID="150"><ref COMMENTS="" ID="151" SRC="144"></ref><W>Honda</W><W>hired</W><W>all</W><W>of</W><W>those</W><W>engineers</W><W>that</W><W>took</W><W>early</W><W>retirement</W><W>from</W><W>GM</W><W>in</W><W>the</W><W>early</W><W>90s</W></xcope><W>.</W></SENTENCE><SENTENCE><W>Flinty</W><W>ride</W><W>,</W><W>torque</W><W>steer</W><W>,</W><W>overly</W><W>fake</W><W>wood</W><W>,</W><W>flimsy</W><W>structure</W><W>,</W><W>an</W><W>attempt</W><W>to</W><W>cover</W><W>all</W><W>of</W><W>this</W><W>up</W><W>with</W><W>great</W><W>statstheyre</W><W>all</W><W>here</W><W>.</W></SENTENCE><SENTENCE><W>Its</W><W>a</W><W>shame</W><W>,</W><W>because</W><W>the</W><W>world</W><W>really</W><W>needs</W><W>a</W><W>great</W><W>high</W><W>performance</W><W>sedan</W><W>for</W><W>around</W><W>$</W><W>30,000</W><W>.</W></SENTENCE><SENTENCE><W>Is</W><W>anyone</W><W>listening</W><W>?</W></SENTENCE><SENTENCE><W>Till</W><W>then</W><cue ID="156" type="speculation"><W>looks</W><W>like</W></cue><xcope ID="161"><ref COMMENTS="" ID="162" SRC="156"></ref><W>the</W><W>best</W><W>bet</W><W>is</W><xcope ID="157"><ref COMMENTS="" ID="160" SRC="145"></ref><W>a</W><W>used</W><W>3</W></xcope><C><cue ID="145" type="speculation"><W>or</W></cue></C><W>,</W><W>for</W><W>less</W><W>money</W><W>but</W><W>also</W><W>less</W><W>refinement</W><W>(</W><W>sometimes</W><W>chassis</W><W>imperfections</W><W>are</W><W>fun</W><W>)</W><W>,</W><xcope ID="158"><ref ID="159" SRC="145"></ref><W>a</W><W>Nissan</W><W>Maxima</W></xcope></xcope></SENTENCE></P></DOCUMENT>
