<?xml version="1.0" encoding="UTF-8"?>
<DOCUMENT><P></P><P><SENTENCE><W>My</W><W>neighbor</W><W>bought</W><W>one</W><W>of</W><W>these</W><W>,</W><W>the</W><W>sport</W><W>model</W><W>.</W></SENTENCE><SENTENCE><W>I</W><W>&#39;d</W><W>seen</W><W>them</W><W>before</W><W>out</W><W>on</W><W>the</W><W>road</W><C><W>and</W></C><W>I</W><W>always</W><C><cue ID="0" type="speculation"><W>thought</W></cue></C><xcope ID="25"><ref ID="37" SRC="0"></ref><W>they</W><W>looked</W><W>cheap</W></xcope><W>,</W><W>almost</W><W>plastic</W><W>like</W><W>...</W><W>First</W><W>off</W><W>the</W><W>colors</W><W>they</W><W>offer</W><W>....blech</W><W>....to</W><W>make</W><W>a</W><W>cheap</W><W>product</W><W>look</W><W>nice</W><W>they</W><C><cue ID="1" type="speculation"><W>should</W></cue></C><xcope ID="26"><ref ID="38" SRC="1"></ref><W>offer</W><W>something</W><W>nicer</W><W>than</W><W>maroon</W></xcope><W>.</W></SENTENCE><SENTENCE><C><cue ID="2" type="negation"><W>NOt</W></cue></C><xcope ID="27"><ref COMMENTS="" ID="39" SRC="2"></ref><W>to</W><W>hurt</W><W>my</W><W>neighbors</W><W>feelings</W></xcope><W>even</W><W>when</W><W>they</W><C><W>thought</W></C><W>they</W><W>had</W><W>bought</W><W>a</W><W>top</W><W>of</W><W>the</W><W>line</W><W>product</W><W>I</W><W>just</W><W>kind</W><W>of</W><W>shrugged</W><C><W>and</W></C><W>said</W><W>it</W><W>was</W><W>&#34;nice</W><W>&#34;</W><W>.</W></SENTENCE><SENTENCE><W>My</W><W>first</W><C><W>thought</W></C><W>was</W><W>,</W><W>morons</W><W>,</W><C><cue ID="3" type="speculation"><W>should</W></cue></C><xcope ID="31"><ref ID="46" SRC="3"></ref><W>&#39;ve</W><W>bought</W><W>an</W><xcope ID="30"><ref COMMENTS="" ID="45" SRC="4"></ref><W>Odyssey</W></xcope><C><cue ID="4" type="speculation"><W>or</W></cue></C><xcope ID="29"><ref COMMENTS="" ID="44" SRC="4"></ref><W>a</W><W>Windstar</W></xcope><C><cue ID="5" type="speculation"><W>or</W></cue></C><xcope ID="28"><ref COMMENTS="" ID="43" SRC="4"></ref><W>even</W><W>a</W><W>Quest</W></xcope></xcope><W>.</W></SENTENCE><SENTENCE><W>I</W><C><cue ID="6" type="speculation"><W>think</W></cue></C><xcope ID="32"><ref COMMENTS="" ID="47" SRC="6"></ref><W>that</W><W>most</W><W>people</W><W>that</W><W>buy</W><W>the</W><W>Villager</W><W>really</W><W>want</W><W>a</W><W>Quest</W></xcope><W>but</W><W>just</W><W>ca</W><W>n&#39;t</W><W>afford</W><W>one</W><W>.</W></SENTENCE></P><P></P><P><SENTENCE><W>So</W><W>my</W><W>neighbor</W><W>took</W><W>me</W><W>for</W><W>a</W><W>spin</W><W>in</W><W>her</W><W>new</W><W>van</W><W>.</W></SENTENCE><SENTENCE><W>The</W><W>door</W><W>handle</W><W>felt</W><W>just</W><W>like</W><W>I</W><C><W>suspected</W></C><W>...cheap</W><W>like</W><W>I</W><C><cue ID="7" type="speculation"><W>could</W></cue></C><xcope ID="33"><ref COMMENTS="" ID="48" SRC="7"></ref><W>just</W><W>twist</W><W>it</W><W>right</W><W>off</W><W>the</W><W>van</W></xcope><W>...</W></SENTENCE><SENTENCE><W>The</W><W>seat</W><W>felt</W><W>like</W><W>I</W><W>was</W><W>sitting</W><W>on</W><W>a</W><W>tower</W><W>with</W><W>the</W><W>windshield</W><W>against</W><W>my</W><W>face</W><W>.</W></SENTENCE><SENTENCE><W>I</W><W>swear</W><W>I</W><C><cue ID="8" type="speculation"><W>could</W></cue></C><xcope ID="34"><ref COMMENTS="" ID="49" SRC="8"></ref><W>see</W><W>my</W><W>breath</W><W>&#39;s</W><W>on</W><W>the</W><W>windsheild</W><W>while</W><W>she</W><W>drove</W></xcope><W>.</W></SENTENCE><SENTENCE><W>There</W><W>was</W><C><cue ID="9" type="negation"><W>no</W></cue></C><xcope ID="35"><ref COMMENTS="" ID="50" SRC="9"></ref><W>center</W><W>console</W></xcope><W>,</W><W>a</W><W>big</W><W>drawback</W><W>in</W><W>my</W><W>opinion</W><C><W>and</W></C><W>something</W><W>that</W><C><cue ID="10" type="speculation"><W>should</W></cue></C><xcope ID="36"><ref ID="51" SRC="10"></ref><W>be</W><W>standard</W><W>on</W><W>a</W><W>more</W><W>than</W><W>basic</W><W>model</W></xcope><W>.</W></SENTENCE><SENTENCE><W>The</W><W>controls</W><W>were</W><W>all</W><W>handy</W><W>but</W><W>again</W><W>,</W><W>cheap</W><W>looking</W><W>.</W></SENTENCE><SENTENCE><W>The</W><W>interior</W><W>was</W><W>very</W><W>drab</W><C><W>and</W></C><W>the</W><W>seat</W><W>covers</W><W>covered</W><W>up</W><W>that</W><W>mistake</W><W>well</W><W>.</W></SENTENCE><SENTENCE><W>The</W><W>ride</W><W>was</W><W>very</W><W>stiff</W><C><W>and</W></C><W>loud</W><C><W>and</W></C><xcope ID="55"><ref COMMENTS="" ID="56" SRC="11"></ref><W>the</W><W>acceleration</W></xcope><C><cue ID="11" type="speculation"><W>seemed</W></cue></C><xcope ID="52"><ref COMMENTS="" ID="62" SRC="11"></ref><W>sluggish</W></xcope><W>.</W></SENTENCE><SENTENCE><W>I</W><W>did</W><C><cue ID="12" type="negation"><W>not</W></cue></C><xcope ID="61"><ref COMMENTS="" ID="63" SRC="12"></ref><C><W>feel</W></C><W>safe</W><W>at</W><W>all</W><W>in</W><W>this</W><W>van</W></xcope><W>.</W></SENTENCE><SENTENCE><W>I</W><W>&#39;d</W><W>say</W><W>the</W><W>back</W><W>seating</W><W>was</W><W>sufficient</W><C><W>except</W></C><W>for</W><W>the</W><W>very</W><W>back</W><W>seat</W><W>.</W></SENTENCE><SENTENCE><xcope ID="57"><ref COMMENTS="" ID="58" SRC="13"></ref><W>There</W></xcope><W>did</W><C><cue ID="14" type="negation"><W>not</W></cue></C><xcope ID="54"><ref COMMENTS="" ID="65" SRC="14"></ref><C><cue ID="13" type="speculation"><W>seem</W></cue></C><xcope ID="53"><ref COMMENTS="" ID="64" SRC="13"></ref><W>to</W><W>be</W><W>much</W><W>leg</W><W>room</W></xcope></xcope><W>.</W></SENTENCE></P><P></P><P><SENTENCE><W>What</W><W>did</W><W>I</W><W>like</W><W>?</W></SENTENCE><SENTENCE><W>The</W><W>trunk</W><C><W>and</W></C><W>back</W><W>window</W><W>.</W></SENTENCE><SENTENCE><W>YOu</W><C><cue ID="15" type="speculation"><W>can</W></cue></C><xcope ID="67"><ref COMMENTS="" ID="70" SRC="15"></ref><xcope ID="66"><ref COMMENTS="" ID="69" SRC="16"></ref><W>open</W><W>the</W><W>trunk</W><W>completely</W></xcope><C><cue ID="16" type="speculation"><W>or</W></cue></C><xcope ID="55"><ref COMMENTS="" ID="68" SRC="16"></ref><W>just</W><W>the</W><W>window</W></xcope></xcope><W>.</W></SENTENCE><SENTENCE><W>There</W><W>is</W><W>a</W><W>handy</W><W>shelf</W><W>system</W><W>but</W><W>it</W><W>&#39;s</W><W>made</W><W>of</W><W>plastic</W><C><W>and</W></C><W>I</W><C><W>feel</W></C><W>this</W><W>will</W><C><cue ID="17" type="speculation"><W>probably</W></cue></C><xcope ID="58"><ref ID="71" SRC="17"></ref><W>break</W><W>after</W><W>a</W><W>while</W><W>somehow</W></xcope><W>.</W></SENTENCE><SENTENCE><W>I</W><W>also</W><W>like</W><W>the</W><W>length</W><W>of</W><W>the</W><W>vehicle</W><W>.</W></SENTENCE><SENTENCE><W>It</W><C><cue ID="18" type="speculation"><W>would</W></cue></C><xcope ID="60"><ref COMMENTS="" ID="73" SRC="18"></ref><C><cue ID="19" type="speculation"><W>probably</W></cue></C><xcope ID="59"><ref COMMENTS="" ID="72" SRC="19"></ref><W>be</W><W>easy</W><W>to</W><W>move</W><W>from</W><W>a</W><W>sedan</W><W>to</W><W>this</W><W>vehicle</W></xcope></xcope><C><W>and</W></C><C><cue ID="20" type="speculation"><W>would</W></cue></C><xcope ID="57"><ref COMMENTS="" ID="74" SRC="20"></ref><W>n&#39;t</W><W>take</W><W>long</W><W>to</W><W>get</W><W>used</W><W>to</W><W>it</W></xcope><W>.</W></SENTENCE></P><P></P><P><SENTENCE><W>I</W><W>&#39;ve</W><W>seen</W><W>a</W><W>lot</W><W>of</W><W>these</W><W>Villager</W><W>&#39;s</W><W>out</W><W>on</W><W>the</W><W>road</W><C><W>and</W></C><W>I</W><W>&#39;ve</W><W>noticed</W><W>they</W><W>do</W><W>n&#39;t</W><W>hold</W><W>their</W><W>shiney</W><W>integrity</W><W>once</W><W>they</W><W>&#39;re</W><W>a</W><W>year</W><W>old</W><C><W>or</W></C><W>so</W><W>.</W></SENTENCE><SENTENCE><W>They</W><W>start</W><W>to</W><W>look</W><W>,</W><W>cheap</W><W>,</W><W>the</W><W>paint</W><W>dulls</W><W>right</W><W>up</W><C><W>and</W></C><W>the</W><W>two</W><W>tone</W><W>models</W><W>just</W><W>exagerate</W><W>this</W><W>even</W><W>more</W><W>in</W><W>my</W><W>opinion</W><W>.</W></SENTENCE><SENTENCE><W>They</W><W>show</W><W>scuffs</W><C><W>and</W></C><W>scratches</W><W>very</W><W>easily</W><W>,</W><W>maybe</W><W>it</W><W>is</W><W>the</W><W>quality</W><W>of</W><W>paint</W><W>they</W><W>use</W><W>?</W></SENTENCE><SENTENCE><W>I</W><W>&#39;d</W><W>say</W><W>pass</W><W>this</W><W>vehicle</W><W>up</W><W>.</W></SENTENCE><SENTENCE><W>It</W><W>did</W><C><cue ID="23" type="negation"><W>not</W></cue></C><xcope ID="76"><ref COMMENTS="" ID="79" SRC="23"></ref><W>do</W><W>well</W><W>at</W><W>all</W><W>on</W><W>crash</W><W>tests</W></xcope><C><W>and</W></C><W>for</W><W>what</W><W>my</W><W>neighbor</W><W>paid</W><W>(</W><W>$</W><W>28,000</W><W>)</W><W>they</W><C><cue ID="22" type="speculation"><W>could</W></cue></C><xcope ID="75"><ref COMMENTS="" ID="80" SRC="22"></ref><W>have</W><W>gotten</W><W>an</W><W>a</W><W>lot</W><W>nicer</W><W>minivan</W></xcope><W>.</W></SENTENCE><SENTENCE><W>In</W><W>my</W><W>opinion</W><W>,</W><W>steer</W><W>clear</W><W>of</W><W>this</W><W>van</W><W>.</W></SENTENCE><SENTENCE><W>You</W><W>&#39;ll</W><W>be</W><W>dissatisfied</W><W>in</W><W>the</W><W>long</W><W>run</W><W>.</W></SENTENCE><SENTENCE><C><W>And</W></C><C><cue ID="21" type="negation"><W>never</W></cue></C><xcope ID="77"><ref ID="81" SRC="21"></ref><W>pay</W><W>more</W><W>than</W><W>$</W><W>22,000</W></xcope><C><cue ID="24" type="speculation"><W>if</W></cue></C><xcope ID="78"><ref ID="82" SRC="24"></ref><W>you</W><W>have</W><W>to</W><W>have</W><W>one</W></xcope><W>.</W></SENTENCE><SENTENCE><W>As</W><W>the</W><W>saying</W><W>goes</W><W>,</W><W>you</W><W>get</W><W>what</W><W>you</W><W>pay</W><W>for</W><W>!</W></SENTENCE></P></DOCUMENT>
