<?xml version="1.0" encoding="UTF-8"?>
<DOCUMENT><P></P><P><SENTENCE><W>You</W><W>know</W><W>youre</W><W>in</W><W>trouble</W><W>when</W><W>,</W><W>after</W><W>driving</W><W>a</W><W>certain</W><W>car</W><W>for</W><W>just</W><W>three</W><W>days</W><W>,</W><W>you</W><W>find</W><W>yourself</W><W>desperately</W><W>looking</W><W>for</W><W>something</W><W>to</W><W>like</W><W>about</W><W>that</W><W>car</W><W>.</W></SENTENCE><SENTENCE><W>Gear</W><W>shifter</W><W>looks</W><W>cool</W><W>the</W><W>reasoning</W><W>begins</W><W>.</W></SENTENCE><SENTENCE><W>But</W><W>alas</W><W>,</W><W>it</W><W>just</W><W>is</W><C><cue ID="0" type="negation"><W>not</W></cue></C><W>mean</W><W>to</W><W>be</W><W></W><W>the</W><W>Mercury</W><W>Cougar</W><W>is</W><W>simply</W><C><cue ID="1" type="negation"><W>not</W></cue></C><W>a</W><W>great</W><W>car</W><W>.</W></SENTENCE><SENTENCE><W>The</W><W>trouble</W><W>with</W><W>the</W><W>Cougar</W><W>is</W><W>that</W><W>it</W><W>is</W><W>a</W><W>perfectly</W><W>fine</W><W>car</W><W>when</W><W>judged</W><W>on</W><W>its</W><W>own</W><W>merits</W><W></W><W>adequate</W><W>power</W><W>,</W><W>distinct</W><W>styling</W><W>,</W><W>plenty</W><W>of</W><W>options</W><W>etc.</W><W>,</W><W>but</W><W>it</W><W>falls</W><W>short</W><W>when</W><W>one</W><W>considers</W><W>the</W><W>vehicles</W><W>that</W><W>the</W><W>Cougar</W><W>is</W><W>competing</W><W>against</W><W></W><W>VW</W><W>Turbo</W><W>Beetle</W><W>,</W><W>VW</W><W>GTI</W><W>,</W><W>Dodge</W><W>Stratus</W><W>Coupe</W><W>.</W></SENTENCE><SENTENCE><W>Frankly</W><W>there</W><W>is</W><W>little</W><W>reason</W><W>to</W><W>choose</W><W>the</W><W>Cougar</W><W>when</W><W>shopping</W><W>for</W><W>a</W><W>sporty</W><W>coupe</W><W>in</W><W>the</W><W>$</W><W>15,000</W><W>to</W><W>$</W><W>20,000</W><W>range</W><W>.</W></SENTENCE></P><P></P><P><SENTENCE><W>Cougars</W><W>of</W><W>past</W><W>have</W><W>been</W><W>big</W><W>,</W><xcope ID="12"><ref COMMENTS="" ID="15" SRC="2"></ref><W>luxury</W><W>cars</W></xcope><W>,</W><C><cue ID="2" type="speculation"><W>or</W></cue></C><xcope ID="13"><ref ID="14" SRC="2"></ref><W>high</W><W>powered</W><W>muscle</W><W>cars</W></xcope><W>.</W></SENTENCE><SENTENCE><W>This</W><W>Cougar</W><W>is</W><C><cue ID="3" type="negation"><W>neither</W></cue></C><W>.</W></SENTENCE><SENTENCE><W>It</W><W>is</W><W>front-wheel</W><W>drive</W><C><W>and</W></C><W>a</W><W>V8</W><W>engine</W><W>is</W><W>nowhere</W><W>to</W><W>be</W><W>found</W><W>.</W></SENTENCE><SENTENCE><C><cue ID="4" type="negation"><W>Without</W></cue></C><xcope ID="11"><ref COMMENTS="" ID="17" SRC="4"></ref><W>the</W><W>badges</W></xcope><W>,</W><W>youd</W><W>be</W><W>hard</W><W>pressed</W><W>to</W><W>figure</W><W>out</W><W>that</W><W>this</W><W>is</W><W>a</W><W>Cougar</W><W>.</W></SENTENCE><SENTENCE><C><cue ID="5" type="negation"><W>Not</W></cue></C><xcope ID="10"><ref ID="16" SRC="5"></ref><W>so</W><W>with</W><W>many</W><W>other</W><W>Ford</W><W>products</W></xcope><W>;</W><W>Mustang</W><W>,</W><W>Thunderbird</W><W>,</W><W>F-150</W><W>.</W></SENTENCE><SENTENCE><W>They</W><W>all</W><W>look</W><W>like</W><W>what</W><W>they</W><W>are</W><W>.</W></SENTENCE><SENTENCE><W>Even</W><C><cue ID="6" type="speculation"><W>if</W></cue></C><xcope ID="9"><ref COMMENTS="" ID="19" SRC="6"></ref><W>you</W><cue ID="7" type="negation"><W>dont</W></cue><xcope ID="8"><ref COMMENTS="" ID="18" SRC="7"></ref><W>know</W><W>the</W><W>first</W><W>thing</W><W>about</W><W>cars</W></xcope></xcope><W>,</W><W>a</W><W>Mustang</W><W>still</W><W>looks</W><W>like</W><W>a</W><W>Mustang</W><W>.</W></SENTENCE></P><P></P><P><SENTENCE><W>The</W><W>Cougar</W><W>XR</W><W>(essentially</W><W>an</W><W>appearance</W><W>package</W><W>on</W><W>the</W><W>Sport</W><W>)</W><W>offers</W><W>many</W><W>standard</W><W>features</W><W>:</W><W>V6</W><W>,</W><W>6-disc</W><W>,</W><W>in-dash</W><W>CD</W><W>changer</W><W>,</W><W>leather</W><W>seating</W><W>,</W><W>traction</W><W>control</W><W>,</W><W>split</W><W>folding</W><W>rear</W><W>seat</W><W>,</W><W>air-conditioning</W><W>etc</W><W>.</W></SENTENCE><SENTENCE><W>The</W><W>outside</W><W>is</W><W>jazzed</W><W>up</W><W>with</W><W>a</W><W>hood</W><W>scoop</W><W>,</W><W>rear</W><W>spoiler</W><W>,</W><W>16</W><W>inch</W><W>alloys</W><W>,</W><C><W>and</W></C><W>fog</W><W>lights</W><W>.</W></SENTENCE><SENTENCE><W>There</W><W>is</W><W>actually</W><W>quite</W><W>a</W><W>lot</W><W>of</W><W>stuff</W><W>packed</W><W>into</W><W>this</W><W>little</W><W>car</W><W>considering</W><W>the</W><W>price</W><W>.</W></SENTENCE><SENTENCE><W>XR</W><W>Cougars</W><W>come</W><W>with</W><W>special</W><W>logos</W><W>on</W><W>the</W><W>door</W><W>pillars</W><C><W>and</W></C><W>floor</W><W>mats</W><W>.</W></SENTENCE><SENTENCE><W>Coming</W><W>soon</W><W>;</W><W>a</W><W>35th</W><W>anniversary</W><W>edition</W><W></W><W>you</W><W>guessed</W><W>it</W><W>,</W><W>just</W><W>another</W><W>appearance</W><W>package</W><W>.</W></SENTENCE></P><P></P><P><SENTENCE><W>The</W><W>Cougar</W><W>is</W><C><cue ID="20" type="negation"><W>not</W></cue></C><xcope ID="23"><ref COMMENTS="" ID="25" SRC="20"></ref><C><cue ID="21" type="negation"><W>without</W></cue></C><xcope ID="22"><ref COMMENTS="" ID="24" SRC="21"></ref><W>its</W><W>strong</W><W>points</W></xcope></xcope><W>,</W><W>mainly</W><W>,</W><W>stand-out</W><W>exterior</W><W>styling</W><C><W>and</W></C><W>an</W><W>interior</W><W>to</W><W>match</W><W>.</W></SENTENCE><SENTENCE><W>The</W><W>Mercury</W><W>Cougar</W><W>is</W><W>a</W><W>good</W><W>looking</W><W>sporty</W><W>coupe</W><W>.</W></SENTENCE><SENTENCE><W>Its</W><W>edgy</W><W>styling</W><W>gets</W><W>noticed</W><W>in</W><W>a</W><W>crowd</W><W>.</W></SENTENCE><SENTENCE><W>Certainly</W><W>styling</W><W>is</W><W>subjective</W><W>,</W><C><W>and</W></C><W>the</W><W>Cougar</W><W>is</W><W>proof</W><W></W><W>many</W><C><W>feel</W></C><W>the</W><W>Cougar</W><W>is</W><W>nothing</W><W>less</W><W>than</W><W>the</W><W>very</W><W>definition</W><W>of</W><W>ugly</W><W>.</W></SENTENCE><SENTENCE><W>Whatever</W><W>your</W><W>perspective</W><W>,</W><W>youd</W><W>have</W><W>to</W><W>admit</W><W>it</W><W>is</W><W>different</W><W>looking</W><W>.</W></SENTENCE></P><P></P><P><SENTENCE><W>Note</W><W>to</W><W>Ford</W><W>:</W><W>The</W><W>Cougar</W><W>is</W><C><W>not</W></C><W>a</W><W>half-bad</W><W>looking</W><W>car</W><W>,</W><W>loose</W><W>the</W><W>fake</W><W>hood</W><W>scoop</W><W>FAST</W><W>!</W></SENTENCE></P><P></P><P><SENTENCE><W>So</W><W>many</W><W>modern</W><W>cars</W><W>lure</W><W>us</W><W>with</W><W>their</W><W>rakish</W><W>good</W><W>looks</W><W>on</W><W>the</W><W>outside</W><W>,</W><W>only</W><W>to</W><W>fall</W><W>short</W><W>once</W><W>were</W><W>inside</W><W>the</W><W>car</W><W>.</W></SENTENCE><SENTENCE><C><cue ID="26" type="negation"><W>Not</W></cue></C><xcope ID="27"><ref COMMENTS="" ID="28" SRC="26"></ref><W>so</W><W>with</W><W>the</W><W>Cougar</W></xcope><W>,</W><W>the</W><W>edgy</W><W>styling</W><W>theme</W><W>continues</W><W>inside</W><W>the</W><W>Cougar</W><W>with</W><W>metallic</W><W>looking</W><W>surfaces</W><C><W>and</W></C><W>racy</W><W>gauges</W><W>.</W></SENTENCE><SENTENCE><W>Aftermarket</W><W>style</W><W>pedals</W><W>,</W><W>chrome</W><W>accent</W><W>door</W><W>sills</W><W>,</W><W>sport</W><W>seats</W><W>with</W><W>body</W><W>color</W><W>inserts</W><W>,</W><W>bucket</W><W>rear</W><W>seats</W><W>,</W><C><W>and</W></C><W>an</W><W>elegant</W><W>but</W><W>simple</W><W>door</W><W>panel</W><W>design</W><W>continue</W><W>the</W><W>style-fest</W><W>inside</W><W>.</W></SENTENCE><SENTENCE><W>Other</W><W>features</W><W>worth</W><W>mention</W><W>inside</W><W>Cougar</W><W>XR</W><W>include</W><W>:</W><W>split</W><W>folding</W><W>rear</W><W>seat</W><W>,</W><W>rear</W><W>seat</W><W>cup</W><W>holder</W><W>,</W><W>6-disc</W><W>in-dash</W><W>CD</W><W>changer</W><W>,</W><W>power</W><W>drivers</W><W>seat</W><W>with</W><W>height</W><W>adjustment</W><W>,</W><C><W>and</W></C><W>high</W><W>quality</W><W>leather</W><W>seating</W><W>.</W></SENTENCE></P><P></P><P><SENTENCE><C><W>And</W></C><W>that</W><W>is</W><W>where</W><W>the</W><W>praise</W><W>ends</W><W></W><W>a</W><W>simple</W><W>summation</W><W>of</W><W>all</W><W>the</W><W>Cougars</W><W>strong</W><W>points</W><C><cue ID="29" type="speculation"><W>could</W></cue></C><xcope ID="30"><ref ID="31" SRC="29"></ref><W>easily</W><W>be</W><W>stated</W><W>as</W><W>such</W></xcope><W>;</W><W>looks</W><W>cool</W><W>inside</W><C><W>and</W></C><W>out</W><W>.</W></SENTENCE></P><P></P><P><SENTENCE><W>Although</W><W>the</W><W>interior</W><W>is</W><W>great</W><W>looking</W><W>,</W><W>it</W><W>is</W><W>essential</W><W>useless</W><W>for</W><W>carrying</W><W>more</W><W>than</W><W>two</W><W>people</W><W>.</W></SENTENCE><SENTENCE><W>Rear</W><W>seats</W><W>are</W><W>for</W><W>kids</W><W>only</W><W>,</W><C><W>and</W></C><W>even</W><W>the</W><W>front</W><W>seats</W><C><cue ID="32" type="speculation"><W>can</W></cue></C><xcope ID="38"><ref COMMENTS="" ID="43" SRC="32"></ref><C><cue ID="33" type="speculation"><W>seem</W></cue></C><xcope ID="37"><ref COMMENTS="" ID="42" SRC="33"></ref><W>cramped</W><W>times</W></xcope></xcope><W>.</W></SENTENCE><SENTENCE><W>A</W><W>cup</W><W>holder</W><W>for</W><W>the</W><W>back</W><W>seat</W><W>is</W><W>thoughtful</W><W>feature</W><W>.</W></SENTENCE><SENTENCE><W>Storage</W><W>space</W><W>up</W><W>front</W><W>is</W><W>limited</W><W>,</W><C><W>and</W></C><W>what</W><W>storage</W><W>containers</W><W>there</W><W>are</W><C><W>feel</W></C><W>cheap</W><C><W>and</W></C><W>plasticky</W><W>.</W></SENTENCE><SENTENCE><xcope ID="75"><ref COMMENTS="" ID="76" SRC="34"></ref><W>The</W><W>glove</W><W>box</W><W>alone</W></xcope><C><cue ID="34" type="speculation"><W>seems</W></cue></C><xcope ID="41"><ref COMMENTS="" ID="46" SRC="34"></ref><W>as</W><C><cue ID="35" type="speculation"><W>if</W></cue></C><xcope ID="40"><ref COMMENTS="" ID="45" SRC="35"></ref><W>the</W><W>hard</W><W>plastic</W><W>it</W><W>is</W><W>made</W><W>of</W><C><cue ID="36" type="speculation"><W>may</W></cue></C><xcope ID="39"><ref COMMENTS="" ID="44" SRC="36"></ref><W>break</W><W>with</W><W>just</W><W>one</W><W>overly</W><W>assertive</W><W>slam</W></xcope></xcope></xcope><W>.</W></SENTENCE><SENTENCE><W>Switchgear</W><W>feels</W><W>durable</W><W>,</W><W>but</W><C><W>lacks</W></C><W>the</W><W>ergonomic</W><W>correctness</W><W>of</W><W>many</W><W>Japanese</W><W>cars</W><W>.</W></SENTENCE></P><P></P><P><SENTENCE><W>On</W><W>the</W><W>road</W><W>the</W><W>Cougar</W><W>handles</W><W>well</W><W>.</W></SENTENCE><SENTENCE><W>In</W><W>fact</W><W>,</W><W>at</W><W>times</W><W>,</W><W>the</W><W>Cougar</W><C><cue ID="47" type="speculation"><W>can</W></cue></C><xcope ID="52"><ref COMMENTS="" ID="57" SRC="47"></ref><W>be</W><W>downright</W><W>fun</W></xcope><W>.</W></SENTENCE><SENTENCE><W>The</W><W>P215/50R16</W><W>tires</W><W>provide</W><W>more</W><W>than</W><W>adequate</W><W>grip</W><W>when</W><W>carving</W><W>up</W><W>back</W><W>roads</W><W>,</W><C><W>and</W></C><W>traction</W><W>control</W><W>is</W><W>a</W><W>welcome</W><W>addition</W><W>on</W><W>a</W><W>budget</W><W>priced</W><W>car</W><W>.</W></SENTENCE><SENTENCE><W>On</W><W>paper</W><W>,</W><xcope ID="73"><ref COMMENTS="" ID="74" SRC="48"></ref><W>the</W><W>Cougar</W></xcope><C><cue ID="48" type="speculation"><W>seems</W></cue></C><xcope ID="53"><ref COMMENTS="" ID="60" SRC="48"></ref><W>to</W><W>have</W><W>it</W><W>all</W></xcope><W>,</W><W>but</W><W>in</W><W>the</W><W>real</W><W>world</W><W>just</W><W>ok</W><W></W><W>comes</W><W>to</W><W>mind</W><W>.</W></SENTENCE><SENTENCE><W>Road</W><W>noise</W><W>is</W><W>unacceptably</W><W>high</W><W>on</W><W>all</W><W>but</W><W>the</W><W>smoothest</W><W>streets</W><W>.</W></SENTENCE><SENTENCE><W>Certainly</W><C><cue ID="51" type="negation"><W>no</W></cue></C><xcope ID="56"><ref COMMENTS="" ID="59" SRC="51"></ref><W>one</W><C><cue ID="49" type="speculation"><W>would</W></cue></C><xcope ID="55"><C><cue ID="50" type="speculation"><W>expect</W></cue></C><xcope ID="54"><ref COMMENTS="" ID="58" SRC="49"></ref><W>a</W><W>$</W><W>20,000</W><W>sporty</W><W>coupe</W><W>to</W><C><W>feel</W></C><W>like</W><W>a</W><W>Lexus</W></xcope></xcope></xcope><W>,</W><W>but</W><W>the</W><W>harshness</W><W>of</W><W>the</W><W>Cougars</W><W>ride</W><W>is</W><W>enough</W><W>to</W><W>make</W><W>an</W><W>owner</W><W>want</W><W>to</W><W>avoid</W><W>long</W><W>trips</W><W>.</W></SENTENCE><SENTENCE><W>Compare</W><W>this</W><W>to</W><W>a</W><W>car</W><W>like</W><W>the</W><W>VW</W><W>GTI</W><W>where</W><W>road</W><W>trips</W><W>are</W><W>a</W><W>welcome</W><W>excuse</W><W>for</W><W>some</W><W>extended</W><W>seat</W><W>time</W><W>.</W></SENTENCE><SENTENCE><W>Even</W><W>the</W><W>Dodge</W><W>Stratus</W><W>has</W><W>more</W><W>pleasant</W><W>road</W><W>manners</W><W>on</W><W>the</W><W>open</W><W>highway</W><W>.</W></SENTENCE></P><P></P><P><SENTENCE><W>Engine</W><W>noise</W><W>is</W><W>pronounced</W><W>as</W><W>well</W><W>.</W></SENTENCE><SENTENCE><W>Yes</W><W>,</W><W>it</W><W>is</W><W>great</W><W>that</W><W>the</W><W>Cougar</W><W>is</W><W>available</W><W>with</W><W>a</W><W>V6</W><W>,</W><W>but</W><W>that</W><W>170</W><W>hp</W><W>V6</W><W>is</W><W>noisy</W><C><W>and</W></C><W>unrefined</W><W>,</W><W>running</W><W>through</W><W>the</W><W>gears</W><C><cue ID="61" type="speculation"><W>would</W></cue></C><xcope ID="72"><ref COMMENTS="" ID="78" SRC="61"></ref><W>be</W><W>so</W><W>much</W><W>more</W><W>rewarding</W></xcope><C><cue ID="62" type="speculation"><W>if</W></cue></C><xcope ID="71"><ref COMMENTS="" ID="77" SRC="62"></ref><W>the</W><W>noise</W><W>level</W><W>was</W><W>kept</W><W>down</W></xcope><W>.</W></SENTENCE><SENTENCE><W>Power</W><W>is</W><W>adequate</W><W>,</W><W>but</W><C><cue ID="63" type="negation"><W>no</W></cue></C><xcope ID="70"><ref COMMENTS="" ID="76" SRC="63"></ref><W>more</W></xcope><W>.</W></SENTENCE><SENTENCE><W>An</W><W>imprecise</W><W>shift</W><W>linkage</W><W>saps</W><W>some</W><W>of</W><W>the</W><W>driving</W><W>fun</W><W>.</W></SENTENCE><SENTENCE><W>Further</W><W>sapping</W><W>any</W><W>fun</W><W>one</W><C><cue ID="64" type="speculation"><W>might</W></cue></C><xcope ID="69"><ref COMMENTS="" ID="75" SRC="64"></ref><W>wish</W><W>for</W><W>with</W><W>the</W><W>Cougar</W><W>is</W><W>balky</W></xcope><C><W>and</W></C><W>jolting</W><W>experience</W><W>which</W><W>results</W><W>from</W><W>driving</W><W>the</W><W>5-speed</W><W>with</W><W>the</W><W>A/C</W><W>on</W><W>.</W></SENTENCE><SENTENCE><W>The</W><W>compressor</W><W>switching</W><W>on</W><C><W>and</W></C><W>off</W><W>so</W><W>taxes</W><W>the</W><W>engine</W><W>that</W><W>a</W><W>jolt</W><W>,</W><C><cue ID="65" type="speculation"><W>or</W></cue></C><xcope ID="68"><ref COMMENTS="" ID="74" SRC="65"></ref><W>slight</W><W>buck</W><W>results</W></xcope><W></W><C><cue ID="66" type="negation"><W>not</W></cue></C><xcope ID="67"><ref COMMENTS="" ID="73" SRC="66"></ref><W>fun</W></xcope><W>!</W></SENTENCE><SENTENCE><W>Again</W><W>,</W><W>a</W><W>car</W><W>like</W><W>the</W><W>Dodge</W><W>Stratus</W><W>boasts</W><W>a</W><W>more</W><W>refined</W><W>engine</W><C><W>and</W></C><W>transmission</W><W>.</W></SENTENCE><SENTENCE><W>Even</W><W>the</W><W>4-cylidner</W><W>version</W><W>of</W><W>the</W><W>Stratus</W><W>is</W><W>less</W><W>abrasive</W><W>than</W><W>the</W><W>V6</W><W>version</W><W>of</W><W>the</W><W>Cougar</W><W>.</W></SENTENCE><SENTENCE><W>The</W><W>Cougar</W><W>is</W><W>available</W><W>with</W><W>a</W><W>4-cylinder</W><W>engine</W><W>as</W><W>well</W><W>,</W><W>but</W><W>given</W><W>the</W><W>barely</W><W>adequate</W><W>performance</W><W>of</W><W>the</W><W>V6</W><W>,</W><W>one</W><W>cant</W><W>help</W><W>but</W><C><W>feel</W></C><W>skeptical</W><W>about</W><W>viability</W><W>of</W><W>the</W><W>4-cylinder</W><W>version</W><W>in</W><W>everyday</W><W>driving</W><W>situations</W><W>.</W></SENTENCE></P><P></P><P><SENTENCE><W>A</W><W>bright</W><W>spot</W><W>in</W><W>the</W><W>Cougars</W><W>power</W><W>train</W><W>is</W><W>fuel</W><W>economy</W><W>.</W></SENTENCE><SENTENCE><W>The</W><W>2002</W><W>Cougars</W><W>2.5L</W><W>DOHC</W><W>V6</W><W>has</W><W>an</W><W>estimated</W><W>30</W><W>mpg</W><W>highway</W><C><W>and</W></C><W>21</W><W>city</W><W></W><C><cue ID="79" type="negation"><W>not</W></cue></C><W>bad</W><W>for</W><W>a</W><W>little</W><W>V6</W><W>.</W></SENTENCE></P><P></P><P><SENTENCE><W>When</W><W>all</W><W>is</W><W>said</W><C><W>and</W></C><W>done</W><W>,</W><W>the</W><W>Mercury</W><W>Cougar</W><W>is</W><W>a</W><W>car</W><W>with</W><W>a</W><W>few</W><W>bright</W><W>spots</W><W>,</W><W>but</W><W>is</W><W>generally</W><W>quite</W><W>lack-luster</W><W>overall</W><W>.</W></SENTENCE><SENTENCE><W>The</W><W>Cougar</W><W>is</W><W>an</W><W>attractive</W><W>looking</W><W>sporty</W><W>coupe</W><W>,</W><W>with</W><W>many</W><W>features</W><W>at</W><W>a</W><W>reasonable</W><W>price</W><W>.</W></SENTENCE><SENTENCE><W>The</W><W>main</W><W>drawbacks</W><W>are</W><W>:</W><C><W>lack</W></C><W>of</W><W>refinement</W><W>in</W><W>the</W><W>engine</W><C><W>and</W></C><W>transmission</W><W>,</W><W>a</W><W>noisy</W><W>cabin</W><W>,</W><C><W>and</W></C><W>a</W><W>rather</W><W>small</W><W>interior</W><W>.</W></SENTENCE><SENTENCE><W>While</W><C><W>no</W></C><W>one</W><C><cue ID="80" type="speculation"><W>can</W></cue></C><xcope ID="85"><ref ID="86" SRC="80"></ref><W>argue</W><W>with</W><W>the</W><W>fun</W><W>of</W><W>a</W><W>V6</W><W>hooked</W><W>up</W><W>to</W><W>a</W><W>5-speed</W><W>manual</W></xcope><W>,</W><W>there</W><W>are</W><W>plenty</W><W>of</W><W>other</W><W>cars</W><W>that</W><W>offer</W><W>twice</W><W>the</W><W>fun</W><W>,</W><C><W>and</W></C><W>twice</W><W>the</W><W>refinement</W><W>at</W><W>about</W><W>the</W><W>same</W><W>price</W><W>.</W></SENTENCE><SENTENCE><C><cue ID="81" type="speculation"><W>If</W></cue></C><xcope ID="84"><ref COMMENTS="" ID="88" SRC="81"></ref><W>one</W><W>is</W><W>shopping</W><W>for</W><W>a</W><W>new</W><W>car</W></xcope><C><W>and</W></C><W>the</W><W>Cougar</W><W>is</W><W>the</W><W>first</W><W>car</W><W>they</W><W>drive</W><W>,</W><W>it</W><W>will</W><W>most</W><C><cue ID="82" type="speculation"><W>likely</W></cue></C><xcope ID="83"><ref ID="87" SRC="82"></ref><W>impress</W></xcope><W>.</W></SENTENCE><SENTENCE><W>But</W><W>,</W><W>as</W><W>soon</W><W>as</W><W>that</W><W>same</W><W>shopper</W><W>drives</W><W>a</W><W>VW</W><W>GTI</W><W>,</W><W>the</W><W>Cougar</W><W>will</W><W>be</W><W>but</W><W>a</W><W>distant</W><W>memory</W><W>.</W></SENTENCE></P><P></P><P><SENTENCE><W>Fitting</W><W>,</W><W>because</W><W>the</W><W>Cougar</W><W>will</W><W>soon</W><W>be</W><W>a</W><W>distant</W><W>memory</W><W>for</W><W>us</W><W>all</W><W></W><W>Mercury</W><W>will</W><C><cue ID="89" type="negation"><W>no</W></cue></C><xcope ID="90"><ref ID="91" SRC="89"></ref><W>longer</W><W>make</W><W>the</W><W>current</W><W>Cougar</W></xcope><W>after</W><W>the</W><W>2002</W><W>model</W><W>year</W><W>.</W></SENTENCE><SENTENCE><C><W>And</W></C><W>frankly</W><W>,</W><W>it</W><W>s</W><W>easy</W><W>to</W><W>see</W><W>why</W><W>.</W></SENTENCE></P></DOCUMENT>
