<?xml version="1.0" encoding="UTF-8"?>
<DOCUMENT><P></P><P><SENTENCE><W>I</W><W>rented</W><W>a</W><W>PT</W><W>Cruiser</W><W>for</W><W>a</W><W>weekend</W><W>trip</W><W>from</W><W>Vancouver</W><W>,</W><W>BC</W><W>to</W><W>Sooke</W><W>on</W><W>Vancouver</W><W>Island</W><W>,</W><W>so</W><W>my</W><W>review</W><W>is</W><C><cue COMMENTS="" ID="0" type="negation"><W>not</W></cue></C><xcope COMMENTS="" ID="3"><ref COMMENTS="" ID="6" SRC="0"></ref><W>based</W><W>on</W><W>long-term</W><W>ownership</W></xcope><W>.</W></SENTENCE><SENTENCE><W>However</W><W>,</W><W>approximately</W><W>300</W><W>miles</W><W>of</W><W>city</W><C><W>and</W></C><W>highway</W><W>driving</W><W>did</W><W>give</W><W>me</W><W>a</W><W>good</W><C><W>feel</W></C><W>for</W><W>the</W><W>Cruiser</W><W>&#39;s</W><W>strengths</W><C><W>and</W></C><W>weaknesses</W><W>.</W></SENTENCE></P><P></P><P><SENTENCE><W>On</W><W>the</W><W>plus</W><W>side</W><W>,</W><W>the</W><W>exterior</W><W>styling</W><W>is</W><W>certainly</W><W>distinctive</W><W>.</W></SENTENCE><SENTENCE><W>Overall</W><W>I</W><C><cue COMMENTS="" ID="1" type="speculation"><W>think</W></cue></C><xcope COMMENTS="" ID="4"><ref COMMENTS="" ID="7" SRC="1"></ref><W>it</W><W>works</W><W>well</W></xcope><C><W>and</W></C><W>is</W><W>evidence</W><W>of</W><W>a</W><W>strong</W><W>commitment</W><W>to</W><W>design</W><W>at</W><W>Chrysler</W><W>.</W></SENTENCE><SENTENCE><W>Inside</W><W>,</W><W>the</W><W>driving</W><W>position</W><W>is</W><W>almost</W><W>perfect</W><W>,</W><C><W>and</W></C><W>although</W><W>the</W><W>driver</W><W>&#39;s</W><W>seat</W><W>in</W><W>the</W><W>model</W><W>I</W><W>drove</W><W>did</W><C><cue COMMENTS="" ID="2" type="negation"><W>not</W></cue></C><xcope COMMENTS="" ID="5"><ref COMMENTS="" ID="8" SRC="2"></ref><W>adjust</W><W>for</W><W>height</W></xcope><W>,</W><W>it</W><W>was</W><W>extremely</W><W>easy</W><W>to</W><W>get</W><W>comfortable</W><W>.</W></SENTENCE><SENTENCE><W>The</W><W>Cruiser</W><W>&#39;s</W><W>ride</W><W>is</W><W>smooth</W><W>,</W><W>soaking</W><W>up</W><W>the</W><W>potholes</W><C><W>and</W></C><W>uneven</W><W>surfaces</W><W>of</W><W>Vancouver</W><W>Island</W><W>&#39;s</W><W>roads</W><W>with</W><W>ease</W><W>.</W></SENTENCE><SENTENCE><W>Luggage</W><W>space</W><W>,</W><W>too</W><W>,</W><W>is</W><W>a</W><W>strong</W><W>point</W><W>,</W><W>with</W><W>lots</W><W>of</W><W>room</W><W>underneath</W><W>the</W><W>rear</W><W>hatchback</W><W>,</W><C><W>and</W></C><W>useful</W><W>storage</W><W>trays</W><W>.</W></SENTENCE></P><P></P><P><SENTENCE><W>Negatives</W><W>,</W><W>unfortunately</W><W>,</W><W>outweigh</W><W>the</W><W>positives</W><W>,</W><W>at</W><W>least</W><W>on</W><W>the</W><W>model</W><W>I</W><W>drove</W><W>.</W></SENTENCE><SENTENCE><W>I</W><W>say</W><W>unfortunately</W><W>because</W><W>I</W><W>wanted</W><W>to</W><W>like</W><W>this</W><W>car</W><W>enough</W><W>to</W><W>recommend</W><W>it</W><W>,</W><C><W>and</W></C><W>I</W><W>&#39;m</W><W>always</W><W>glad</W><W>to</W><W>see</W><W>North</W><W>American</W><W>manufacturers</W><W>make</W><W>a</W><W>genuine</W><W>attempt</W><W>to</W><W>produce</W><W>innovative</W><W>designs</W><W>.</W></SENTENCE></P><P></P><P><SENTENCE><W>The</W><W>biggest</W><W>issue</W><C><cue COMMENTS="" ID="9" type="speculation"><W>may</W></cue></C><xcope COMMENTS="" ID="12"><ref COMMENTS="" ID="15" SRC="9"></ref><W>be</W><W>resolved</W><W>by</W><W>going</W><W>for</W><W>the</W><W>five</W><W>speed</W><W>manual</W></xcope><W>,</W><W>but</W><W>the</W><W>automatic</W><W>model</W><W>I</W><W>drove</W><W>was</W><W>seriously</W><W>hampered</W><W>by</W><xcope ID="29"><ref COMMENTS="" ID="30" SRC="10"></ref><W>a</W><W>transmission</W></xcope><W>that</W><W>always</W><C><cue COMMENTS="" ID="10" type="speculation"><W>seemed</W></cue></C><xcope COMMENTS="" ID="13"><ref COMMENTS="" ID="16" SRC="10"></ref><W>to</W><W>be</W><W>in</W><W>the</W><W>wrong</W><W>gear</W></xcope><W>,</W><W>took</W><W>ages</W><W>to</W><W>downshift</W><W>,</W><C><W>and</W></C><W>left</W><W>the</W><W>car</W><W>struggling</W><W>on</W><W>steep</W><W>inclines</W><W>.</W></SENTENCE><SENTENCE><W>Fifteen</W><W>years</W><W>ago</W><W>,</W><W>an</W><W>autobox</W><W>this</W><W>poor</W><C><cue COMMENTS="" ID="11" type="speculation"><W>may</W></cue></C><xcope COMMENTS="" ID="14"><ref COMMENTS="" ID="17" SRC="11"></ref><W>have</W><W>been</W><W>the</W><W>norm</W></xcope><W>,</W><W>but</W><W>in</W><W>2002</W><W>it</W><W>&#39;s</W><W>unacceptable</W><W>.</W></SENTENCE><SENTENCE><W>Many</W><W>manufacturers</W><W>,</W><W>including</W><W>Honda</W><W>,</W><W>Toyota</W><C><W>and</W></C><W>VW</W><W>,</W><W>offer</W><W>far</W><W>superior</W><W>automatic</W><W>transmissions</W><W>,</W><W>even</W><W>on</W><W>their</W><W>low</W><W>end</W><W>models</W><W>.</W></SENTENCE><SENTENCE><W>That</W><W>said</W><W>,</W><C><W>if</W></C><W>I</W><W>get</W><W>the</W><W>chance</W><W>to</W><W>drive</W><W>a</W><W>five</W><W>speed</W><W>model</W><W>any</W><W>time</W><W>soon</W><W>,</W><W>I</W><W>&#39;ll</W><W>update</W><W>my</W><W>review</W><W>accordingly</W><W>.</W></SENTENCE></P><P></P><P><SENTENCE><W>Handling</W><W>is</W><W>only</W><W>average</W><W>,</W><W>with</W><W>some</W><W>significant</W><W>body</W><W>roll</W><C><W>and</W></C><W>steering</W><W>that</W><W>is</W><W>all</W><W>but</W><C><W>absent</W></C><W>of</W><C><W>feel</W></C><C><W>or</W></C><W>accuracy</W><W>.</W></SENTENCE><SENTENCE><C><cue COMMENTS="" ID="18" type="speculation"><W>Perhaps</W></cue></C><xcope COMMENTS="" ID="21"><ref COMMENTS="" ID="22" SRC="18"></ref><W>handling</W><W>quality</W><W>has</W><W>been</W><W>sacrificed</W><W>at</W><W>the</W><W>expense</W><W>of</W><W>the</W><W>smooth</W><W>ride</W></xcope><W>,</W><W>but</W><xcope ID="31"><ref COMMENTS="" ID="32" SRC="19"></ref><W>many</W><W>other</W><W>manufacturers</W></xcope><C><cue COMMENTS="" ID="19" type="speculation"><W>seem</W></cue></C><xcope COMMENTS="" ID="20"><ref COMMENTS="" ID="23" SRC="19"></ref><W>able</W><W>to</W><W>balance</W><W>these</W><W>qualities</W><W>far</W><W>more</W><W>effectively</W></xcope><W>.</W></SENTENCE></P><P></P><P><SENTENCE><W>Forward</W><W>visibility</W><W>is</W><W>excellent</W><W>,</W><W>thanks</W><W>in</W><W>part</W><W>to</W><W>the</W><W>upright</W><W>driving</W><W>position</W><C><W>and</W></C><W>large</W><W>,</W><W>steeply-angled</W><W>windshield</W><W>.</W></SENTENCE><SENTENCE><W>However</W><W>,</W><W>shoulder-checking</W><W>to</W><W>change</W><W>lanes</W><C><W>or</W></C><W>pass</W><W>reveals</W><W>a</W><W>significant</W><W>blind</W><W>spot</W><W>caused</W><W>by</W><W>the</W><W>thick</W><W>rear</W><W>pillars</W><W>.</W></SENTENCE><SENTENCE><W>The</W><W>large</W><W>exterior</W><W>mirrors</W><W>help</W><W>to</W><W>a</W><W>certain</W><W>extent</W><W>,</W><W>but</W><xcope ID="33"><ref COMMENTS="" ID="34" SRC="24"></ref><W>they</W><W>also</W></xcope><C><cue COMMENTS="" ID="24" type="speculation"><W>seem</W></cue></C><xcope COMMENTS="" ID="25"><ref COMMENTS="" ID="26" SRC="24"></ref><W>to</W><W>generate</W><W>a</W><W>lot</W><W>of</W><W>wind</W><W>noise</W><W>at</W><W>high</W><W>speeds</W></xcope><W>.</W></SENTENCE></P><P></P><P><SENTENCE><W>While</W><W>the</W><W>interior</W><W>does</W><W>have</W><W>some</W><W>nice</W><W>touches</W><W>,</W><W>such</W><W>as</W><W>the</W><W>chrome-rimmed</W><W>,</W><W>white-faced</W><W>dials</W><C><W>and</W></C><W>body-colored</W><W>accents</W><W>,</W><W>it</W><W>is</W><W>dominated</W><W>by</W><W>expanses</W><W>of</W><W>cheap</W><W>plastic</W><W>.</W></SENTENCE><SENTENCE><W>Switchgear</W><W>does</W><W>n&#39;t</W><W>have</W><W>quite</W><W>the</W><W>same</W><W>brittle</W><W>,</W><W>low</W><W>rent</W><C><W>feel</W></C><W>as</W><W>most</W><W>GM</W><W>products</W><W>,</W><W>but</W><W>it</W><W>is</W><W>n&#39;t</W><W>in</W><W>the</W><W>same</W><W>league</W><W>as</W><W>the</W><W>Japanese</W><W>competition</W><W>,</W><W>let</W><W>alone</W><W>VW.</W></SENTENCE></P><P></P><P><SENTENCE><W>Overall</W><W>,</W><W>I</W><W>ca</W><W>n&#39;t</W><W>recommend</W><W>the</W><W>PT</W><W>Cruiser</W><W>.</W></SENTENCE><SENTENCE><W>Competitors</W><W>such</W><W>as</W><W>the</W><W>VW</W><W>Golf</W><C><W>and</W></C><W>New</W><W>Beetle</W><W>,</W><W>the</W><W>upcoming</W><W>MINI</W><C><W>and</W></C><xcope ID="35"><ref COMMENTS="" ID="36" SRC="27"></ref><W>Toyota</W><W>&#39;s</W><W>Matrix</W><W>still</W></xcope><C><cue COMMENTS="" ID="27" type="speculation"><W>seem</W></cue></C><xcope COMMENTS="" ID="28"><ref COMMENTS="" ID="29" SRC="27"></ref><W>to</W><W>be</W><W>a</W><W>long</W><W>way</W><W>ahead</W><W>of</W><W>Chrysler</W><W>in</W><W>combining</W><W>style</W></xcope><C><W>AND</W></C><W>a</W><W>great</W><W>driving</W><W>experience</W><W>.</W></SENTENCE></P></DOCUMENT>
