<?xml version="1.0" encoding="UTF-8"?>
<DOCUMENT><P></P><P><SENTENCE><W>PT</W><W>Cruisers</W><W>are</W><W>cute</W><W>looking</W><W>little</W><W>cars</W><W>.</W></SENTENCE><SENTENCE><W>Our</W><W>experience</W><W>with</W><W>the</W><W>car</W><W>,</W><C><W>and</W></C><W>the</W><W>large</W><W>Phoenix</W><W>area</W><W>Chrysler</W><W>dealership</W><W>that</W><W>we</W><W>bought</W><W>it</W><W>from</W><W>is</W><W>that</W><W>it</W><W>is</W><W>a</W><W>horrible</W><W>vehicle</W><W>to</W><W>own</W><W>.</W></SENTENCE></P><P></P><P><SENTENCE><W>In</W><W>40</W><W>years</W><W>of</W><W>car</W><W>ownership</W><W>,</W><W>with</W><W>at</W><W>least</W><W>12</W><W>new</W><W>cars</W><C><W>and</W></C><W>numerous</W><W>used</W><W>cars</W><W>purchased</W><W>,</W><W>this</W><W>was</W><W>our</W><W>first</W><W>genuine</W><W>&#34;lemon</W><W>.</W><W>&#34;</W></SENTENCE><SENTENCE><W>Aside</W><W>from</W><W>being</W><W>a</W><W>gas</W><W>hog</W><W>,</W><C><W>and</W></C><C><cue ID="1" type="negation"><W>not</W></cue></C><xcope ID="9"><W>comfortable</W><W>enough</W><W>for</W><W>anything</W><W>other</W><W>than</W><W>short</W><W>trips</W><W>around</W><W>town</W></xcope><W>,</W><W>the</W><W>car</W><W>has</W><W>proven</W><W>to</W><W>be</W><W>unreliable</W><W>for</W><W>use</W><W>as</W><W>basic</W><W>transportation</W><W>.</W></SENTENCE></P><P></P><P><SENTENCE><W>Shortly</W><W>after</W><W>the</W><W>installation</W><W>of</W><W>a</W><W>4th</W><W>battery</W><W>in</W><W>25</W><W>months</W><W>in</W><W>our</W><W>2002</W><W>,</W><W>(</W><W>13,300</W><W>total</W><W>miles</W><W>driven</W><W>)</W><W>PT</W><W>Cruiser</W><W>,</W><W>(</W><W>Normal</W><W>,</W><W>according</W><W>to</W><W>the</W><W>dealer</W><W>&#39;s</W><W>service</W><W>department</W><W>!</W><W>)</W><W>we</W><W>elected</W><W>to</W><W>trade</W><W>that</W><W>pile</W><W>of</W><W>junk</W><W>in</W><W>for</W><W>a</W><W>Honda</W><W>.</W></SENTENCE></P><P></P><P><SENTENCE><W>In</W><W>two</W><W>years</W><W>of</W><W>ownership</W><W>,</W><xcope COMMENTS="" ID="20"><ref COMMENTS="" ID="21" SRC="2"></ref><W>the</W><W>PT</W><W>Cruiser</W><W>had</W><W>warranty</W></xcope><C><cue ID="2" type="speculation"><W>or</W></cue></C><xcope COMMENTS="" ID="19"><ref COMMENTS="" ID="22" SRC="2"></ref><W>recall</W><W>work</W><W>on</W><W>the</W><W>electrical</W><W>system</W></xcope><W>,</W><W>suspension</W><W>system</W><W>,</W><W>windows</W><W>,</W><W>tires</W><W>,</W><C><W>and</W></C><W>fuel</W><W>system</W><W>.</W></SENTENCE><SENTENCE><W>My</W><W>wife</W><W>had</W><W>a</W><W>high-speed</W><W>unexplained</W><W>blow-out/tread</W><C><W>failure</W></C><W>in</W><W>heavy</W><W>urban</W><W>traffic</W><W>that</W><W>nearly</W><W>resulted</W><W>in</W><W>an</W><W>accident</W><W>.</W></SENTENCE><SENTENCE><W>Granted</W><W>,</W><W>this</W><C><cue ID="3" type="speculation"><xcope ID="12"><ref COMMENTS="" ID="18" SRC="4"></ref><W>may</W></xcope></cue></C><W>(</W><C><cue ID="4" type="speculation"><W>or</W></cue></C><xcope ID="14"><ref COMMENTS="" ID="17" SRC="4"></ref><C><cue ID="5" type="speculation"><W>may</W></cue></C><xcope ID="11"><ref COMMENTS="" ID="16" SRC="5"></ref><C><cue ID="6" type="negation"><W>not</W></cue></C><W>)</W><xcope ID="10"><ref COMMENTS="" ID="15" SRC="6"></ref><W>have</W><W>been</W><W>the</W><W>PT</W><W>&#39;s</W><W>fault</W></xcope><W>,</W></xcope></xcope><W>BUT</W><W>when</W><W>she</W><W>called</W><W>for</W><W>the</W><W>&#34;roadside</W><W>service</W><W>,</W><W>&#34;</W><W>a</W><W>feature</W><W>touted</W><W>as</W><W>part</W><W>of</W><W>the</W><W>3</W><W>year</W><W>bumper-to-bumper</W><W>warranty</W><W>,</W><W>(</W><W>towing</W><W>,</W><W>tire</W><W>changes</W><W>,</W><W>lock-outs</W><W>,</W><W>gas</W><W>,</W><W>etc.</W><W>)</W><W>the</W><W>Chrysler</W><W>warranty</W><W>folks</W><W>refused</W><W>to</W><W>honor</W><W>the</W><W>request</W><W>to</W><W>come</W><W>to</W><W>her</W><W>aid</W><W>to</W><W>change</W><W>the</W><W>blown</W><W>out</W><W>tire</W><W>.</W></SENTENCE><SENTENCE><W>They</W><W>told</W><W>us</W><W>that</W><W>according</W><W>to</W><W>THEIR</W><W>records</W><W>,</W><W>&#34;</W><W>we</W><W>were</W><W>n&#39;t</W><W>the</W><W>actual</W><W>owners</W><W>of</W><W>the</W><W>car</W><W>!</W><W>&#34;</W></SENTENCE><SENTENCE><W>The</W><W>VIN</W><W>was</W><W>(</W><W>in</W><W>their</W><W>records</W><W>)</W><W>registered</W><W>to</W><W>someone</W><W>we</W><C><cue ID="7" type="negation"><W>never</W></cue></C><xcope COMMENTS="" ID="23"><ref COMMENTS="" ID="24" SRC="7"></ref><W>heard</W><W>of</W></xcope><W>.</W></SENTENCE><SENTENCE><W>This</W><W>was</W><W>a</W><W>shock</W><W>,</W><W>since</W><W>we</W><W>ordered</W><W>it</W><C><W>and</W></C><W>waited</W><W>exactly</W><W>one</W><W>year</W><W>for</W><W>delivery</W><W>...then</W><W>paid</W><W>cash</W><W>(</W><W>the</W><W>full</W><W>sticker</W><W>price</W><W>)</W><W>at</W><W>the</W><W>dealer</W><W>&#39;s</W><W>only</W><W>eighteen</W><W>months</W><W>(</W><C><W>and</W></C><W>8,000</W><W>miles</W><W>)</W><W>prior</W><W>to</W><W>the</W><W>mishap</W><W>.</W></SENTENCE></P><P></P><P><SENTENCE><W>Three</W><W>different</W><W>times</W><W>,</W><W>the</W><W>wife</W><W>had</W><W>to</W><W>call</W><W>me</W><W>to</W><W>&#34;</W><W>jump</W><W>start</W><W>&#34;</W><W>the</W><W>car</W><C><W>and</W></C><W>drive</W><W>it</W><W>to</W><W>the</W><W>dealer</W><W>because</W><W>of</W><W>sudden</W><W>,</W><W>totally</W><C><W>failed</W></C><W>batteries</W><W>.</W></SENTENCE><SENTENCE><W>Upon</W><W>installation</W><W>of</W><W>the</W><W>car</W><W>&#39;s</W><W>4th</W><W>battery</W><W>,</W><W>the</W><W>dealership</W><W>STILL</W><W>maintained</W><W>there</W><W>was</W><W>nothing</W><W>&#34;wrong</W><W>&#34;</W><W>with</W><W>the</W><W>electrical</W><W>system</W><W>.</W></SENTENCE><SENTENCE><W>At</W><W>6000</W><W>miles</W><W>,</W><W>the</W><W>OEM</W><W>tires</W><W>mysteriously</W><W>&#34;</W><W>slipped</W><W>&#34;</W><W>on</W><W>the</W><W>chrome</W><W>wheels</W><W>,</W><W>creating</W><W>a</W><W>bad</W><W>out</W><W>of</W><W>balance</W><W>situation</W><W>.</W></SENTENCE><SENTENCE><W>(</W><W>Again...&#34;normal</W><W>,</W><W>&#34;</W><W>according</W><W>to</W><W>the</W><W>dealership</W><W>.</W><W>)</W></SENTENCE><SENTENCE><W>After</W><W>a</W><W>year</W><W>,</W><W>the</W><W>left</W><W>rear</W><W>brake</W><W>drum</W><W>began</W><W>to</W><W>rust</W><W>(</W><W>light</W><W>rust</W><W>is</W><W>normal</W><W>on</W><W>a</W><W>brake</W><W>drum</W><W>exterior</W><W>)</W><W>,</W><W>but</W><W>in</W><W>this</W><W>case</W><W>,</W><W>the</W><W>rust</W><W>was</W><W>so</W><W>severe</W><W>that</W><W>the</W><W>drum</W><W>began</W><W>to</W><W>slough</W><W>off</W><W>layers</W><C><W>and</W></C><W>slivers</W><W>of</W><W>iron</W><W>,</W><C><W>and</W></C><W>bleed</W><W>oxidation</W><W>out</W><W>onto</W><W>the</W><W>chrome</W><W>wheel</W><W>.</W></SENTENCE><SENTENCE><W>When</W><W>I</W><W>asked</W><W>the</W><W>dealer</W><W>&#39;s</W><W>service</W><W>department</W><W>to</W><W>evaluate</W><W>it</W><W>,</W><W>(</W><W>while</W><W>they</W><W>changed</W><W>out</W><W>another</W><W>dead</W><W>battery</W><W>)</W><W>our</W><W>&#34;</W><W>service</W><W>manager</W><W>&#34;</W><W>glanced</W><W>at</W><W>it</W><C><W>and</W></C><W>said</W><W>:</W><W>&#34;</W><W>Normal</W><W>!</W></SENTENCE><SENTENCE><W>They</W><W>all</W><W>do</W><W>that</W><W>!</W><W>&#34;</W></SENTENCE><SENTENCE><W>Since</W><W>&#34;</W><W>they</W><W>all</W><W>do</W><W>that</W><W>,</W><W>&#34;</W><W>I</W><W>asked</W><W>him</W><W>to</W><W>show</W><W>me</W><W>another</W><W>car</W><W>on</W><W>his</W><W>huge</W><W>lot</W><W>that</W><W>had</W><W>a</W><W>brake</W><W>drum</W><W>that</W><W>was</W><W>defoliating</W><W>layers</W><W>of</W><W>iron</W><W>anywhere</W><W>nearly</W><W>like</W><W>ours</W><W>.</W></SENTENCE><SENTENCE><W>He</W><W>got</W><W>defensive</W><C><W>and</W></C><W>walked</W><W>away</W><W>,</W><W>snapping</W><W>that</W><W>they</W><C><cue ID="8" type="speculation"><W>would</W></cue></C><W>&#34;</W><xcope COMMENTS="" ID="25"><ref COMMENTS="" ID="26" SRC="8"></ref><W>check</W><W>it</W><W>out</W></xcope><W>.&#34;</W></SENTENCE><SENTENCE><W>They</W><W>dismissed</W><W>the</W><W>situation</W><W>as</W><W>&#34;normal</W><W>&#34;</W><W>again</W><W>.</W></SENTENCE><SENTENCE><W>There</W><W>was</W><W>a</W><W>strong</W><W>,</W><W>sour</W><W>(</W><W>as</W><W>in</W><W>sour</W><W>milk</W><W>)</W><W>odor</W><W>each</W><W>time</W><W>the</W><W>air</W><W>conditioning</W><W>was</W><W>turned</W><W>on</W><W>after</W><W>the</W><W>car</W><W>sat</W><W>for</W><W>a</W><W>few</W><W>hours</W><W>in</W><W>hot</W><W>weather</W><W>.</W></SENTENCE><SENTENCE><W>It</W><W>usually</W><W>took</W><W>about</W><W>10</W><W>minutes</W><W>to</W><W>abate</W><W>.</W></SENTENCE></P><P></P><P><SENTENCE><W>In</W><W>total</W><W>,</W><W>the</W><W>PT</W><W>Cruiser</W><W>was</W><W>easily</W><W>THE</W><W>SINGLE</W><W>WORST</W><W>new</W><W>car</W><W>I</W><W>have</W><W>ever</W><W>had</W><W>the</W><W>misfortune</W><W>to</W><W>own</W><W>.</W></SENTENCE><SENTENCE><W>Unfortunately</W><W>,</W><W>a</W><W>poor</W><W>service</W><W>department</W><W>at</W><W>our</W><W>dealership</W><W>,</W><W>Earnhardt</W><W>&#39;s</W><W>Chrysler/Jeep</W><W>made</W><W>the</W><W>experience</W><W>even</W><W>worse</W><W>.</W></SENTENCE><SENTENCE><W>We</W><W>&#39;re</W><W>very</W><W>happy</W><W>to</W><W>be</W><W>rid</W><W>of</W><W>it</W><W>.</W></SENTENCE></P></DOCUMENT>
