<?xml version="1.0" encoding="UTF-8"?>
<DOCUMENT><P></P><P><SENTENCE><W>Why</W><C><cue ID="0" type="speculation"><W>would</W></cue></C><xcope ID="2"><ref COMMENTS="" ID="8" SRC="0"></ref><W>anyone</W><W>want</W><W>to</W><W>buy</W><W>this</W><W>car</W></xcope><W>?</W></SENTENCE><SENTENCE><W>The</W><W>extra</W><W>$</W><W>6-7K</W><W>buys</W><W>you</W><W>a</W><W>car</W><W>that</W><W>has</W><W>worse</W><W>handling</W><W>characteristics</W><W>than</W><W>an</W><W>Accord</W><W>.</W></SENTENCE><SENTENCE><C><W>And</W></C><C><W>except</W></C><W>for</W><W>memory</W><W>/heated</W><W>seats</W><W>,</W><W>xenon</W><W>headlamps</W><C><W>and</W></C><W>4</W><W>pieces</W><W>of</W><W>plastic</W><W>&#34;wood</W><W>&#34;</W><W>everything</W><W>else</W><W>is</W><W>offered</W><W>in</W><W>the</W><W>less</W><W>expensive</W><W>Accord</W><W>.</W></SENTENCE><SENTENCE><W>Well</W><W>,</W><W>everything</W><W>but</W><W>the</W><W>engine</W><W>....</W></SENTENCE></P><P></P><P><SENTENCE><W>This</W><W>is</W><W>an</W><W>ultra</W><W>responsive</W><W>engine</W><W>.</W></SENTENCE><SENTENCE><W>In</W><W>enhancing</W><W>this</W><W>engine</W><W>,</W><W>Acura</W><W>liberally</W><W>borrowed</W><W>a</W><W>host</W><W>of</W><W>technologies</W><W>from</W><W>the</W><W>NSX</W><C><W>and</W></C><W>Honda</W><W>Racing</W><W>design</W><W>pool</W><W>.</W></SENTENCE><SENTENCE><C><W>And</W></C><W>it</W><W>shows</W><W>...</W><W>the</W><W>acceleration</W><W>is</W><W>strong</W><C><W>and</W></C><W>linear</W><W>.</W></SENTENCE><SENTENCE><xcope ID="4"><ref ID="7" SRC="1"></ref><W>It</W><W>will</W><W>beat</W><W>out</W><W>an</W><W>Audi</W><W>S4</W><W>Tiptronic</W></xcope><C><cue ID="1" type="speculation"><W>or</W></cue></C><xcope ID="5"><ref ID="6" SRC="1"></ref><W>at</W><W>the</W><W>least</W><W>hang</W><W>with</W><W>it</W></xcope><W>.</W></SENTENCE></P><P></P><P><SENTENCE><W>However</W><W>once</W><W>it</W><W>has</W><W>provided</W><W>the</W><W>&#34;orgasmic</W><W>&#34;</W><W>acceleration</W><C><W>and</W></C><W>reaches</W><W>cruising</W><W>it</W><W>shifts</W><W>into</W><W>5th</W><C><W>and</W></C><W>is</W><W>very</W><W>hesitant</W><W>to</W><W>move</W><W>out</W><W>.</W></SENTENCE><SENTENCE><W>Its</W><W>performance</W><W>becomes</W><W>more</W><W>like</W><W>a</W><W>lofty</W><W>cruiser</W><W>.</W></SENTENCE><SENTENCE><C><W>No</W></C><W>problem</W><W>here</W><W>,</W><W>thank</W><W>god</W><W>for</W><W>the</W><W>sportshift</W><W>mode</W><W>that</W><W>allows</W><W>you</W><W>to</W><W>do</W><W>your</W><W>own</W><W>thing</W><W>!</W></SENTENCE></P><P></P><P><SENTENCE><W>Now</W><W>,</W><W>although</W><W>the</W><W>engine</W><W>is</W><W>truly</W><W>superb</W><W>the</W><W>body</W><W>is</W><W>terrible</W><W>.</W></SENTENCE><SENTENCE><W>What</W><W>a</W><W>shame</W><W>!</W></SENTENCE><SENTENCE><W>The</W><W>260</W><W>HP</W><W>powerhouse</W><W>is</W><C><cue ID="9" type="negation"><W>not</W></cue></C><xcope ID="11"><ref ID="13" SRC="9"></ref><W>suited</W><W>for</W><W>this</W><W>chassis</W><C><W>and</W></C><W>is</W><W>a</W><W>big</W><W>mismatch</W></xcope><W>.</W></SENTENCE><SENTENCE><W>Driving</W><W>it</W><W>in</W><W>its</W><W>present</W><W>form</W><W>makes</W><W>the</W><W>chassis</W><W>beg</W><W>for</W><W>mercy</W><W>.</W></SENTENCE><SENTENCE><W>I</W><C><cue ID="10" type="speculation"><W>would</W></cue></C><xcope ID="12"><ref ID="14" SRC="10"></ref><W>rather</W><W>drive</W><W>the</W><W>200</W><W>HP</W><W>Accord</W><W>V6</W><W>than</W><W>this</W></xcope><W>.</W></SENTENCE><SENTENCE><W>The</W><W>immense</W><W>amount</W><W>of</W><W>power</W><W>mated</W><W>with</W><W>the</W><W>front</W><W>wheel</W><W>drive</W><W>creates</W><W>lots</W><W>of</W><W>torque</W><W>steer</W><W>(</W><W>which</W><W>Acura</W><W>&#39;claims</W><W>&#39;</W><W>it</W><W>has</W><W>eliminated</W><W>but</W><W>that</W><W>is</W><W>just</W><W>press</W><W>hype</W><W>)</W><W>.</W></SENTENCE><SENTENCE><W>The</W><W>tires/wheels</W><W>are</W><W>also</W><W>poorly</W><W>selected</W><W>for</W><W>this</W><W>kind</W><W>of</W><W>power</W><W>.</W></SENTENCE><SENTENCE><W>It</W><W>makes</W><W>the</W><W>vehicle</W><W>very</W><W>difficult</W><W>to</W><W>steer</W><W>on</W><W>rough</W><W>pavement</W><C><W>and</W></C><W>at</W><W>higher</W><W>speeds</W><W>.</W></SENTENCE></P><P></P><P><SENTENCE><W>The</W><W>VSA</W><W>system</W><W>does</W><C><cue ID="15" type="negation"><W>not</W></cue></C><xcope ID="16"><ref ID="17" SRC="15"></ref><W>work</W><W>well</W><W>as</W><W>I</W><W>tested</W><W>this</W><W>out</W><W>several</W><W>times</W><W>at</W><W>the</W><W>racetrack</W></xcope><C><W>and</W></C><W>the</W><W>car</W><W>exhibited</W><W>some</W><W>about</W><W>of</W><W>skidding</W><W>out</W><W>.</W></SENTENCE><SENTENCE><C><W>And</W></C><W>the</W><W>car</W><W>that</W><W>I</W><W>was</W><W>driving</W><W>,</W><W>with</W><W>exactly</W><W>3700</W><W>miles</W><W>,</W><W>was</W><W>rattling</W><W>like</W><W>an</W><W>old</W><W>clunker</W><W>.</W></SENTENCE></P><P></P><P><SENTENCE><W>Many</W><W>people</W><W>will</W><C><cue ID="18" type="speculation"><W>think</W></cue></C><xcope ID="19"><ref ID="20" SRC="18"></ref><W>that</W><W>just</W><W>because</W><W>it</W><W>has</W><W>260HP</W><W>makes</W><W>it</W><W>a</W><W>sports</W><W>car</W></xcope><W>.</W></SENTENCE><SENTENCE><W>Hell</W><W>no!</W></SENTENCE><SENTENCE><W>The</W><W>handling</W><W>characteristics</W><W>of</W><W>a</W><W>car</W><W>are</W><W>of</W><W>prime</W><W>importance</W><C><W>and</W></C><W>this</W><W>car</W><W>will</W><C><W>NOT</W></C><W>qualify</W><W>for</W><W>the</W><W>sports</W><W>car/sedan</W><W>moniker</W><W>.</W></SENTENCE><SENTENCE><W>Sorry</W><W>!</W></SENTENCE></P><P></P><P><SENTENCE><W>The</W><W>build</W><W>quality</W><W>is</W><W>very</W><W>substandard</W><W>with</W><W>large</W><W>gaps</W><W>all</W><W>over</W><W>the</W><W>body</W><W>...especially</W><W>near</W><W>the</W><W>doors</W><W>.</W></SENTENCE><SENTENCE><W>I</W><W>do</W><C><W>not</W></C><W>know</W><C><cue ID="21" type="speculation"><W>if</W></cue></C><xcope ID="23"><ref ID="24" SRC="21"></ref><W>this</W><W>is</W><W>by</W><W>design</W><W>but</W><W>whatever</W><W>,</W><W>it</W><W>looks</W><W>terrible</W></xcope><W>!</W></SENTENCE></P><P></P><P><SENTENCE><W>Ergonomics</W><W>are</W><W>average</W><W>but</W><C><cue ID="25" type="negation"><W>not</W></cue></C><xcope ID="27"><ref ID="30" SRC="25"></ref><W>excellent</W></xcope><W>.</W></SENTENCE><SENTENCE><W>I</W><W>was</W><C><cue ID="26" type="negation"><W>not</W></cue></C><xcope ID="28"><ref ID="29" SRC="26"></ref><W>able</W><W>to</W><W>fit</W><W>two</W><W>drinks</W><W>in</W><W>there</W></xcope><W>...the</W><W>handrest</W><C><W>and</W></C><W>the</W><W>shifter</W><W>gets</W><W>in</W><W>the</W><W>way</W><W>.</W></SENTENCE><SENTENCE><W>Poorly</W><W>designed</W><W>.</W></SENTENCE><SENTENCE><W>Also</W><W>,</W><W>the</W><W>sunroof</W><W>switches</W><W>are</W><W>hidden</W><W>on</W><W>the</W><W>dash</W><C><W>instead</W></C><W>of</W><W>by</W><W>the</W><W>sunroof</W><W>!</W></SENTENCE></P><P></P><P><SENTENCE><W>At</W><W>another</W><W>time</W><W>when</W><W>I</W><W>wanted</W><W>to</W><W>get</W><W>a</W><W>plant</W><W>into</W><W>the</W><W>trunk</W><W>I</W><C><cue ID="31" type="speculation"><W>could</W></cue></C><C><cue ID="32" type="negation"><xcope ID="35"><ref ID="36" SRC="31"></ref><W>not</W></xcope></cue></C><W>because</W><W>the</W><W>rear</W><W>seatback</W><W>is</W><W>bolted</W><W>on</W><C><W>and</W></C><W>does</W><C><cue ID="33" type="negation"><W>not</W></cue></C><xcope ID="34"><ref ID="37" SRC="33"></ref><W>fold</W><W>down</W></xcope><W>.</W></SENTENCE><SENTENCE><W>Also</W><W>,</W><W>although</W><W>it</W><W>is</W><W>longer</W><W>than</W><W>an</W><W>Accord</W><W>,</W><W>interior</W><W>room</W><W>is</W><W>less</W><W>because</W><W>of</W><W>some</W><W>wierd</W><W>design</W><W>cues</W><W>.</W></SENTENCE></P><P></P><P><SENTENCE><W>This</W><W>car</W><W>has</W><C><cue ID="38" type="negation"><W>no</W></cue></C><xcope ID="44"><ref ID="49" SRC="38"></ref><W>redeeming</W><W>qualities</W><W>at</W><W>all</W></xcope><C><W>and</W></C><W>is</W><W>a</W><W>complete</W><W>waste</W><W>of</W><W>money</W><W>.</W></SENTENCE><SENTENCE><W>I</W><C><cue ID="39" type="speculation"><W>would</W></cue></C><xcope ID="45"><ref ID="48" SRC="39"></ref><W>just</W><W>buy</W><W>the</W><W>Accord</W><W>V6</W></xcope><C><W>and</W></C><W>save</W><W>the</W><W>extra</W><W>bucks</W><W>.</W></SENTENCE><SENTENCE><C><cue ID="40" type="speculation"><W>If</W></cue></C><xcope ID="43"><ref COMMENTS="" ID="47" SRC="40"></ref><W>you</W><W>want</W><W>a</W><W>real</W><W>fun</W><W>to</W><W>drive</W><W>sports</W><W>sedan</W><W>spend</W><W>the</W><W>extra</W><W>$</W><W>$</W><W>$</W><C><W>and</W></C><W>buy</W><W>a</W><W>BMW</W><W>3</W><W>series</W></xcope><W>.</W></SENTENCE><SENTENCE><W>You</W><C><cue ID="41" type="speculation"><W>can</W></cue></C><xcope ID="42"><ref ID="46" SRC="41"></ref><W>get</W><W>a</W><W>fully</W><W>loaded</W><W>pre-owned</W><W>3</W><W>series</W><W>with</W><W>very</W><W>low</W><W>miles</W><W>for</W><W>within</W><W>this</W><W>price</W><W>range</W></xcope><W>.</W></SENTENCE></P><P></P><P><SENTENCE><W>The</W><W>3</W><W>series</W><W>is</W><W>expensive</W><W>for</W><W>a</W><W>reason</W><W>.</W></SENTENCE><SENTENCE><W>All</W><W>good</W><W>things</W><W>cost</W><W>money</W><W>:</W><W>)</W><W>It</W><W>has</W><W>the</W><W>best</W><W>safety</W><W>in</W><W>its</W><W>class</W><W>,</W><W>handles</W><W>like</W><W>its</W><W>on</W><W>rails</W><C><W>and</W></C><W>has</W><W>drop</W><W>dead</W><W>gorgeous</W><W>styling</W><W>.</W></SENTENCE></P><P></P><P><SENTENCE><W>An</W><W>alternative</W><W>,</W><W>although</W><W>expensive</W><W>,</W><W>is</W><W>the</W><W>Audi</W><W>S4</W><W>.</W></SENTENCE><SENTENCE><W>Go</W><W>test</W><W>drive</W><W>the</W><W>S4</W><C><W>and</W></C><W>you</W><C><cue ID="50" type="speculation"><W>would</W></cue></C><xcope ID="53"><ref COMMENTS="" ID="55" SRC="50"></ref><C><cue ID="51" type="negation"><W>not</W></cue></C><xcope ID="52"><ref COMMENTS="" ID="54" SRC="51"></ref><W>want</W><W>to</W><W>touch</W><W>this</W><W>TL</W><W>with</W><W>a</W><W>10</W><W>foot</W><W>barge</W><W>pole</W></xcope></xcope><W>!</W></SENTENCE><SENTENCE><W>The</W><W>S4</W><W>is</W><W>truly</W><W>exhillarating</W><W>but</W><W>it</W><W>is</W><W>currently</W><W>selling</W><W>above</W><W>sticker</W><W>(</W><W>obviously</W><W>!</W><W>)</W></SENTENCE></P><P></P><P><SENTENCE><W>The</W><W>bottom</W><W>line</W><W>(update</W><W>)</W><W>:</W></SENTENCE></P><P></P><P><SENTENCE><C><cue ID="56" type="speculation"><W>If</W></cue></C><xcope ID="59"><ref COMMENTS="" ID="61" SRC="56"></ref><W>Acura</W><W>were</W><W>to</W><W>offer</W><W>a</W><W>higher</W><W>priced</W><W>pure</W><W>performance-oriented</W><W>version</W><W>of</W><W>this</W><W>model</W><W>for</W><W>driving</W><W>enthusiasts</W></xcope><W>-</W><W>with</W><W>AWD</W><W>,</W><W>245/45R18</W><W>tires</W><W>,</W><W>more</W><W>comfortable</W><W>seats</W><W>to</W><W>compensate</W><W>for</W><W>the</W><W>stiff</W><W>suspension</W><W>,</W><W>improved</W><W>braking</W><W>,</W><W>real</W><W>wood</W><W>trim</W><W>,</W><W>6-speed</W><W>manual</W><W>,</W><W>reduce</W><W>length</W><W>to</W><W>186-188</W><W>&#34;</W><W>while</W><W>maintaining</W><W>interior</W><W>room</W><C><W>and</W></C><W>improve</W><W>the</W><W>sedate</W><W>styling</W><W>,</W><W>this</W><C><cue ID="57" type="speculation"><W>would</W></cue></C><xcope ID="58"><ref COMMENTS="" ID="60" SRC="57"></ref><W>attract</W><W>a</W><W>lot</W><W>of</W><W>attention</W></xcope><C><W>and</W></C><W>seriously</W><W>compete</W><W>with</W><W>bonafide</W><W>sports</W><W>cars</W><W>like</W><W>the</W><W>Audi</W><W>S4</W><W>.</W></SENTENCE></P></DOCUMENT>
