<?xml version="1.0" encoding="UTF-8"?>
<DOCUMENT><P></P><P><SENTENCE><W>After</W><W>reading</W><W>the</W><W>positive</W><W>reviews</W><W>posted</W><W>on</W><W>epinion</W><W>,</W><W>I</W><C><cue ID="0" type="speculation"><W>thought</W></cue></C><xcope ID="8"><ref COMMENTS="" ID="10" SRC="0"></ref><W>I</W><C><cue ID="1" type="speculation"><W>would</W></cue></C><xcope ID="7"><ref COMMENTS="" ID="9" SRC="1"></ref><W>share</W><W>my</W><C><W>negative</W></C><W>experience</W><W>with</W><W>consumers</W></xcope></xcope><W>.</W></SENTENCE><SENTENCE><W>It</W><C><cue ID="2" type="speculation"><W>seems</W></cue></C><xcope ID="6"><ref COMMENTS="" ID="13" SRC="2"></ref><xcope ID="5"><ref COMMENTS="" ID="12" SRC="3"></ref><W>the</W><W>Ford</W><W>focus</W><W>is</W><W>a</W><W>hit</W></xcope><C><cue ID="3" type="speculation"><W>or</W></cue></C><xcope ID="4"><ref COMMENTS="" ID="11" SRC="3"></ref><W>miss</W><W>model</W></xcope></xcope><W>;</W><W>the</W><W>cars</W><W>built</W><W>right</W><W>run</W><W>fine</W><W>,</W><W>but</W><W>those</W><W>that</W><W>miss</W><W>the</W><W>mark</W><W>are</W><W>unreliable</W><C><W>and</W></C><W>a</W><W>hazard</W><W>on</W><W>the</W><W>road</W><W>.</W></SENTENCE></P><P></P><P><SENTENCE><W>We</W><W>bought</W><W>a</W><W>new</W><W>Ford</W><W>Focus</W><W>three</W><W>months</W><W>ago</W><W>(</W><W>June</W><W>2002</W><W>)in</W><W>Las</W><W>Vegas</W><W>.</W></SENTENCE><SENTENCE><W>The</W><W>research</W><W>(</W><W>albeit</W><W>a</W><W>limited</W><W>internet</W><W>search</W><W>)</W><W>told</W><W>of</W><W>a</W><W>car</W><W>which</W><W>was</W><W>inexpensive</W><W>,</W><W>safe</W><W>,</W><W>well</W><W>built</W><C><W>and</W></C><W>sporty</W><W>.</W></SENTENCE><SENTENCE><W>One</W><W>week</W><W>after</W><W>we</W><W>bought</W><W>the</W><W>focus</W><W>,</W><W>the</W><W>car</W><W>died</W><W>on</W><W>a</W><W>busy</W><W>freeway</W><W>.</W></SENTENCE><SENTENCE><W>It</W><W>was</W><W>repaired</W><C><W>and</W></C><W>returned</W><W>in</W><W>two</W><W>days</W><W>.</W></SENTENCE><SENTENCE><W>Trusting</W><W>the</W><W>reliability</W><W>of</W><W>a</W><W>new</W><W>car</W><W>,</W><W>we</W><W>drove</W><W>from</W><W>Nevada</W><W>to</W><W>Tucson</W><W>,</W><W>where</W><W>it</W><W>died</W><W>again</W><W>on</W><W>a</W><W>stretch</W><W>of</W><W>road</W><W>called</W><W>properly</W><W>termed</W><W>&#34;</W><W>Dead</W><W>Man</W><W>&#39;s</W><W>Highway</W><W>&#34;</W><W>in</W><W>the</W><W>middle</W><W>of</W><W>summer</W><W>.</W></SENTENCE><SENTENCE><W>Anyway</W><W>,</W><W>this</W><W>type</W><W>of</W><W>incident</W><W>occurred</W><W>twice</W><W>more</W><W>since</W><W>we</W><W>&#39;ve</W><W>owned</W><W>the</W><W>focus</W><W>.</W></SENTENCE><SENTENCE><C><W>And</W></C><W>considering</W><W>the</W><W>car</W><W>has</W><W>been</W><W>in</W><W>the</W><W>shop</W><W>for</W><W>almost</W><W>half</W><W>that</W><W>time</W><W>does</W><W>n&#39;t</W><W>bode</W><W>well</W><W>for</W><W>Ford</W><W>reliabilty</W><W>.</W></SENTENCE></P><P></P><P><SENTENCE><W>Fuel</W><W>pump</W><W>problems</W><C><cue ID="14" type="speculation"><W>seem</W></cue></C><xcope ID="22"><ref COMMENTS="" ID="32" SRC="14"></ref><W>to</W><W>be</W><W>our</W><W>burden</W></xcope><W>,</W><W>but</W><W>other</W><W>focus</W><W>owners</W><W>have</W><W>different</W><W>,</W><W>but</W><W>equally</W><W>disappointing</W><W>problems</W><W>with</W><W>their</W><W>vehicles</W><W>.</W></SENTENCE><SENTENCE><W>Something</W><W>common</W><W>to</W><W>all</W><W>focuses</W><W>though</W><W>are</W><W>brake</W><W>problems</W><W>.</W></SENTENCE><SENTENCE><W>Car</W><W>rental</W><W>companies</W><W>with</W><W>focuses</W><W>on</W><W>their</W><W>lot</W><W>are</W><W>told</W><W>to</W><W>replace</W><W>brake</W><W>pads</W><W>at</W><W>15,000-20,000</W><W>miles</W><W>because</W><W>pads</W><C><W>fail</W></C><W>like</W><W>clockwork</W><W>.</W></SENTENCE><SENTENCE><W>Car</W><W>owners</W><W>,</W><W>unfortunately</W><W>,</W><W>are</W><W>only</W><W>given</W><W>a</W><W>warranty</W><W>on</W><W>brakes</W><xcope ID="24"><ref COMMENTS="" ID="34" SRC="15"></ref><W>for</W><W>3</W><W>years</W></xcope><C><cue ID="15" type="speculation"><W>or</W></cue></C><xcope ID="23"><ref COMMENTS="" ID="33" SRC="15"></ref><W>12,000</W><W>miles</W></xcope><W>,</W><W>so</W><W>replacement</W><W>pads</W><W>are</W><W>an</W><W>out-of-pocket</W><W>expense</W><W>.</W></SENTENCE><SENTENCE><W>A</W><W>repeated</W><W>problem</W><W>continually</W><W>found</W><W>on</W><W>focus</W><W>complaint</W><W>records</W><W>are</W><W>brakes</W><W>that</W><W>squeal</W><C><W>and</W></C><W>grind</W><W>.</W></SENTENCE><SENTENCE><W>The</W><W>problem</W><C><cue ID="16" type="negation"><W>cannot</W></cue></C><xcope ID="25"><ref COMMENTS="" ID="35" SRC="16"></ref><W>be</W><W>fixed</W></xcope><W>,</W><C><W>and</W></C><W>Ford</W><W>denies</W><W>there</W><W>are</W><W>any</W><W>design</W><W>flaws</W><W>.</W></SENTENCE><SENTENCE><W>A</W><W>website</W><W>dedicated</W><W>to</W><W>filing</W><W>a</W><W>class-action</W><W>lawsuit</W><W>against</W><W>Ford</W><W>,</W><W>www.fordfocusbreakproblems.com</W><W>,</W><C><cue ID="17" type="speculation"><W>might</W></cue></C><xcope ID="26"><ref COMMENTS="" ID="36" SRC="17"></ref><W>be</W><W>of</W><W>further</W><W>help</W></xcope><W>.</W></SENTENCE><SENTENCE><W>Also</W><W>,</W><W>read</W><W>the</W><C><W>negative</W></C><W>reviews</W><W>found</W><W>on</W><W>carsmart.com</W><W>.</W></SENTENCE><SENTENCE><W>I</W><C><cue ID="18" type="speculation"><W>believe</W></cue></C><xcope ID="29"><ref COMMENTS="" ID="39" SRC="18"></ref><W>my</W><C><W>idea</W></C><W>of</W><W>a</W><xcope ID="28"><ref COMMENTS="" ID="38" SRC="19"></ref><W>&#34;hit</W></xcope><C><cue ID="19" type="speculation"><W>or</W></cue></C><xcope ID="27"><ref COMMENTS="" ID="37" SRC="19"></ref><W>miss</W></xcope><W>&#34;</W><W>car</W><W>will</W><W>be</W><W>clear</W><W>from</W><W>the</W><W>reviews</W><W>posted</W><W>on</W><W>that</W><W>site</W></xcope><W>.</W></SENTENCE></P><P></P><P><SENTENCE><W>For</W><W>those</W><W>who</W><W>love</W><W>your</W><W>focus</W><W>,</W><W>I</W><W>am</W><W>jealous</W><W>.</W></SENTENCE><SENTENCE><W>I</W><W>wish</W><W>I</W><C><cue ID="20" type="speculation"><W>could</W></cue></C><xcope ID="30"><ref COMMENTS="" ID="40" SRC="20"></ref><W>spend</W><W>my</W><W>weekends</W><W>some</W><W>place</W><W>other</W><W>then</W><W>Ford</W><W>service</W><W>centers</W></xcope><W>.</W></SENTENCE><SENTENCE><W>For</W><W>those</W><W>who</W><W>are</W><W>looking</W><W>to</W><W>buy</W><W>,</W><W>do</W><W>the</W><W>research</W><W>.</W></SENTENCE><SENTENCE><W>Please</W><W>heed</W><W>my</W><W>warning</W><C><W>and</W></C><cue ID="21" type="negation"><W>do</W><W>n&#39;t</W></cue><xcope ID="31"><ref COMMENTS="" ID="41" SRC="21"></ref><W>risk</W><W>your</W><W>time</W><C><W>and</W></C><W>money</W><W>into</W><W>a</W><W>Ford</W><W>focus</W></xcope><W>.</W></SENTENCE></P></DOCUMENT>
