<?xml version="1.0" encoding="UTF-8"?>
<DOCUMENT><P></P><P><SENTENCE><W>I</W><W>was</W><W>on</W><W>vacation</W><W>in</W><W>Florida</W><W>in</W><W>2003</W><C><W>and</W></C><W>during</W><W>that</W><W>time</W><W>I</W><W>had</W><W>the</W><W>opportunity</W><W>to</W><W>rent</W><W>the</W><W>2002</W><W>Ford</W><W>Mustang</W><W>Convertible</W><W>.</W></SENTENCE><SENTENCE><W>I</W><W>drove</W><W>it</W><W>for</W><W>more</W><W>than</W><W>a</W><W>week</W><W>,</W><W>so</W><W>I</W><C><cue ID="0" type="speculation"><W>think</W></cue></C><xcope ID="3"><ref COMMENTS="" ID="4" SRC="0"></ref><W>that</W><W>I</W><W>was</W><W>able</W><W>to</W><W>see</W><W>the</W><W>good</W><C><W>and</W></C><W>the</W><W>bad</W><W>sides</W><W>of</W><W>driving</W><W>this</W><W>particular</W><W>car</W></xcope><W>.</W></SENTENCE></P><P></P><P><SENTENCE><W>Engine</W><C><W>and</W></C><W>transmission</W><W>.</W></SENTENCE></P><P></P><P><SENTENCE><W>The</W><W>Mustang</W><W>that</W><W>I</W><W>drove</W><W>had</W><W>3.8</W><W>liter</W><W>V-6</W><W>in</W><W>it</W><W>mated</W><W>to</W><W>a</W><W>4-speed</W><W>automatic</W><W>transmission</W><W>.</W></SENTENCE><SENTENCE><W>The</W><W>engine</W><W>was</W><W>adequately</W><W>powerful</W><C><W>and</W></C><cue ID="1" type="negation"><W>did</W><W>nt</W></cue><xcope ID="5"><ref COMMENTS="" ID="6" SRC="1"></ref><W>need</W><W>to</W><W>downshift</W><W>a</W><W>single</W><W>time</W></xcope><W>,</W><C><cue ID="2" type="negation"><W>no</W></cue></C><xcope ID="7"><ref COMMENTS="" ID="8" SRC="2"></ref><W>matter</W><W>what</W><W>the</W><W>road</W><W>was</W></xcope><W>.</W></SENTENCE><SENTENCE><W>It</W><W>was</W><W>a</W><W>silky</W><W>smooth</W><W>engine</W><W>too</W><W>,</W><W>with</W><W>deep</W><W>,</W><W>low</W><W>,</W><W>satisfying</W><W>engine</W><W>note</W><W>;</W><W>as</W><W>a</W><W>matter</W><W>of</W><W>fact</W><W>I</W><W>mistaken</W><W>it</W><W>for</W><W>V-8</W><W>at</W><W>first</W><W>,</W><W>but</W><W>then</W><W>out</W><W>of</W><W>curiosity</W><W>I</W><W>opened</W><W>the</W><W>hood</W><W>,</W><C><W>and</W></C><W>saw</W><W>that</W><W>it</W><W>was</W><W>a</W><W>V-6</W><W>.</W></SENTENCE><SENTENCE><W>The</W><W>engine</W><W>sounded</W><W>just</W><W>like</W><W>V-8.</W></SENTENCE><SENTENCE><W>The</W><W>transmission</W><W>that</W><W>the</W><W>engine</W><W>is</W><W>mated</W><W>to</W><W>is</W><W>very</W><W>smooth</W><W>also</W><W>,</W><W>with</W><W>barely</W><W>noticeable</W><W>shifts</W><W>.</W></SENTENCE><SENTENCE><W>Even</W><W>the</W><W>kickdown</W><W>was</W><W>smooth</W><W>.</W></SENTENCE><SENTENCE><C><W>And</W></C><W>that</W><W>s</W><W>where</W><W>good</W><W>stuff</W><W>ends</W><W>.</W></SENTENCE></P><P></P><P><SENTENCE><W>Handling</W></SENTENCE></P><P></P><P><SENTENCE><W>The</W><W>car</W><W>handled</W><W>like</W><W>a</W><W>van</W><W>.</W></SENTENCE><SENTENCE><W>Slightest</W><W>turn</W><C><W>and</W></C><W>the</W><W>car</W><W>was</W><W>rocking</W><C><W>and</W></C><W>rolling</W><W>all</W><W>over</W><W>the</W><W>place</W><W>.</W></SENTENCE><SENTENCE><W>While</W><W>the</W><W>car</W><W>has</W><W>very</W><W>good</W><W>ride</W><W>in</W><W>the</W><W>straight</W><W>line</W><W>,</W><W>doing</W><W>a</W><W>very</W><W>good</W><W>job</W><W>isolating</W><W>driver</W><W>from</W><W>the</W><W>road</W><W>bumps</W><W>,</W><C><cue ID="9" type="speculation"><W>if</W></cue></C><xcope ID="15"><ref COMMENTS="" ID="27" SRC="9"></ref><W>you</W><W>need</W><W>to</W><W>make</W><W>a</W><W>turn</W></xcope><W>(</W><C><W>and</W></C><W>I</W><W>am</W><W>talking</W><W>about</W><W>just</W><W>a</W><W>slight</W><W>turn</W><W>,</W><C><cue ID="10" type="negation"><W>not</W></cue></C><xcope ID="14"><ref COMMENTS="" ID="26" SRC="10"></ref><W>something</W><W>extreme</W></xcope><W>)</W><W>,</W><xcope ID="17"><ref COMMENTS="" ID="25" SRC="11"></ref><W>you</W><W>better</W><W>have</W><W>your</W><W>seatbelt</W><W>fastened</W></xcope><W>,</W><C><cue ID="11" type="speculation"><W>or</W></cue></C><xcope ID="16"><ref COMMENTS="" ID="24" SRC="11"></ref><W>you</W><W>have</W><W>a</W><W>good</W><W>chance</W><W>of</W><W>landing</W><W>somewhere</W><W>outside</W><W>of</W><W>the</W><W>car</W></xcope><W>.</W></SENTENCE><SENTENCE><W>Granted</W><W>it</W><W>is</W><W>a</W><W>convertible</W><W>,</W><W>so</W><W>it</W><W>is</W><C><cue ID="12" type="negation"><W>not</W></cue></C><xcope ID="18"><ref COMMENTS="" ID="23" SRC="12"></ref><W>as</W><W>stiff</W><W>as</W><W>a</W><W>coupe</W></xcope><W>,</W><W>but</W><W>still</W><W>,</W><W>it</W><W>is</W><C><W>considered</W></C><W>a</W><W>sports</W><W>car</W><W>afterall</W><W>,</W><W>so</W><W>it</W><C><cue ID="13" type="speculation"><W>should</W></cue></C><xcope ID="21"><ref COMMENTS="" ID="22" SRC="13"></ref><W>at</W><W>least</W><W>drive</W><W>like</W><W>one</W></xcope><W>.</W></SENTENCE></P><P></P><P><SENTENCE><W>Design</W><C><W>and</W></C><W>Ergonomics</W></SENTENCE></P><P></P><P><SENTENCE><W>The</W><W>car</W><W>looks</W><W>good</W><W>from</W><W>the</W><W>outside</W><W>.</W></SENTENCE><SENTENCE><W>It</W><W>has</W><W>nice</W><W>curves</W><W>but</W><C><cue ID="28" type="negation"><W>without</W></cue></C><xcope ID="49"><ref COMMENTS="" ID="75" SRC="28"></ref><W>boy</W><W>racer</W><W>look</W></xcope><W>,</W><W>so</W><W>it</W><W>appeals</W><W>to</W><W>both</W><W>older</W><C><W>and</W></C><W>younger</W><W>drivers</W><W>.</W></SENTENCE><SENTENCE><W>The</W><W>visibility</W><W>from</W><W>the</W><W>drivers</W><W>seat</W><W>is</W><W>very</W><W>good</W><W>.</W></SENTENCE><SENTENCE><W>The</W><W>front</W><W>seats</W><W>are</W><W>cramped</W><W>for</W><W>such</W><W>a</W><W>large</W><W>car</W><W>.</W></SENTENCE><SENTENCE><W>It</W><W>is</W><W>as</W><W>long</W><W>as</W><W>many</W><W>sedans</W><W>,</W><C><W>and</W></C><W>wider</W><W>than</W><W>most</W><W>of</W><W>them</W><W>,</W><W>but</W><W>it</W><W>is</W><W>pretty</W><W>cramped</W><W>in</W><W>the</W><W>front</W><W>,</W><C><W>and</W></C><W>I</W><W>am</W><C><cue ID="29" type="negation"><W>not</W></cue></C><xcope ID="50"><ref COMMENTS="" ID="76" SRC="29"></ref><W>even</W><W>mentioning</W><W>the</W><W>backseat</W><W>which</W><W>is</W><W>suitable</W><W>mostly</W><W>for</W><W>children</W></xcope><W>.</W></SENTENCE><SENTENCE><W>I</W><W>am</W><W>6</W><W>feet</W><W>tall</W><C><W>and</W></C><W>weigh</W><W>200</W><W>pounds</W><W>,</W><W>which</W><W>is</W><W>pretty</W><W>average</W><W>.</W></SENTENCE><SENTENCE><W>Whoever</W><W>was</W><W>in</W><W>charge</W><W>of</W><W>ergonomics</W><C><cue ID="30" type="speculation"><W>should</W></cue></C><xcope ID="53"><ref COMMENTS="" ID="78" SRC="30"></ref><W>ve</W><xcope ID="52"><W>been</W><W>fired</W></xcope><C><cue ID="31" type="speculation"><W>or</W></cue></C><xcope ID="51"><ref COMMENTS="" ID="77" SRC="31"></ref><W>limited</W><W>to</W><W>designing</W><W>floormats</W><W>for</W><W>Yugos</W></xcope></xcope><W>.</W></SENTENCE><SENTENCE><W>The</W><W>door</W><W>release</W><W>lever</W><W>is</W><W>below</W><W>drivers</W><W>knee</W><W>,</W><W>in</W><W>the</W><W>most</W><W>awkward</W><W>spot</W><W>,</W><W>right</W><W>where</W><W>you</W><C><cue ID="32" type="speculation"><W>would</W></cue></C><xcope ID="55"><ref COMMENTS="" ID="80" SRC="32"></ref><C><cue ID="33" type="negation"><W>never</W></cue></C><xcope ID="54"><ref COMMENTS="" ID="79" SRC="33"></ref><C><W>expect</W></C><W>to</W><W>find</W><W>it</W></xcope><W>.</W></xcope></SENTENCE><SENTENCE><W>It</W><W>took</W><W>me</W><W>a</W><W>while</W><W>to</W><W>find</W><W>it</W><W>the</W><W>first</W><W>time</W><W>when</W><W>I</W><W>was</W><W>trying</W><W>to</W><W>get</W><W>out</W><W>of</W><W>the</W><W>car</W><W>at</W><W>night</W><W>.</W></SENTENCE><SENTENCE><C><cue ID="34" type="negation"><W>None</W></cue></C><xcope ID="56"><ref COMMENTS="" ID="81" SRC="34"></ref><W>of</W><W>the</W><W>window</W><W>switches</W><W>are</W><W>lit</W><W>at</W><W>night</W></xcope><W>,</W><W>same</W><W>goes</W><W>to</W><W>power</W><W>locks</W><W>.</W></SENTENCE><SENTENCE><W>There</W><W>is</W><C><cue ID="35" type="negation"><W>no</W></cue></C><xcope ID="57"><ref COMMENTS="" ID="82" SRC="35"></ref><W>trunk</W><W>release</W><W>lever</W><W>inside</W><W>the</W><W>car</W></xcope><W>,</W><W>so</W><W>you</W><W>need</W><W>to</W><W>get</W><W>out</W><W>of</W><W>the</W><W>car</W><W>,</W><C><W>and</W></C><C><cue ID="36" type="speculation"><W>either</W></cue></C><xcope ID="85"><ref COMMENTS="" ID="86" SRC="36"></ref><xcope ID="58"><ref COMMENTS="" ID="84" SRC="37"></ref><W>use</W><W>the</W><W>key</W></xcope><C><cue ID="37" type="speculation"><W>or</W></cue></C><xcope ID="59"><ref COMMENTS="" ID="83" SRC="37"></ref><W>button</W><W>on</W><W>remote</W><W>control</W></xcope></xcope><W>.</W></SENTENCE><SENTENCE><W>On</W><W>the</W><W>fifth</W><W>day</W><W>of</W><W>driving</W><W>the</W><W>car</W><W>,</W><W>I</W><W>finally</W><W>found</W><W>the</W><W>controls</W><W>for</W><W>moving</W><W>the</W><W>driver</W><W>seat</W><W>,</W><W>they</W><W>were</W><W>located</W><W>in</W><W>the</W><W>front</W><W>of</W><W>the</W><W>seat</W><W>(</W><W>power</W><W>seat</W><W>in</W><W>this</W><W>case</W><W>)</W><W>,</W><C><W>and</W></C><C><cue ID="38" type="negation"><W>not</W></cue></C><xcope ID="62"><ref ID="88" SRC="38"></ref><xcope ID="61"><ref COMMENTS="" ID="71" SRC="39"></ref><W>on</W><W>the</W><W>left</W></xcope><C><cue ID="39" type="speculation"><W>or</W></cue></C><xcope ID="60"><ref ID="87" SRC="39"></ref><W>right</W><W>edge</W><W>of</W><W>the</W><W>front</W><W>side</W><W>of</W><W>the</W><W>seat</W></xcope></xcope><W>,</W><W>but</W><W>right</W><W>behind</W><W>drivers</W><W>legs</W><W>.</W></SENTENCE><SENTENCE><xcope ID="63"><ref ID="89" SRC="40"></ref><W>When</W><W>you</W><W>try</W><W>to</W><W>open</W></xcope><C><cue ID="40" type="speculation"><W>or</W></cue></C><xcope ID="64"><ref ID="90" SRC="40"></ref><W>close</W><W>the</W><W>top</W></xcope><W>,</W><W>you</W><W>have</W><W>to</W><W>use</W><W>the</W><W>two</W><W>levers</W><W>,</W><W>one</W><W>on</W><W>each</W><W>side</W><W>of</W><W>the</W><W>windshield</W><W>,</W><W>which</W><C><cue ID="41" type="speculation"><W>might</W></cue></C><xcope ID="65"><ref ID="91" SRC="41"></ref><W>be</W><W>troublesome</W><W>for</W><W>a</W><W>single</W><W>person</W></xcope><W>.</W></SENTENCE><SENTENCE><W>In</W><W>Ford</W><W>Thunderbird</W><W>,</W><W>they</W><W>finally</W><W>replaced</W><W>them</W><W>with</W><W>single</W><W>central</W><W>lever</W><W>,</W><W>which</W><W>is</W><W>foolproof</W><C><W>and</W></C><W>easy</W><W>to</W><W>use</W><W>.</W></SENTENCE><SENTENCE><W>The</W><W>heating/cooling</W><W>controls</W><W>were</W><W>designed</W><W>in</W><W>the</W><W>dumbest</W><W>way</W><C><W>possible</W></C><W>.</W></SENTENCE><SENTENCE><W>For</W><W>example</W><W>:</W><C><cue ID="42" type="speculation"><W>if</W></cue></C><xcope ID="68"><ref ID="94" SRC="42"></ref><W>you</W><W>use</W><W>air</W><W>conditioning</W><W>,</W><W>you</W><C><cue ID="43" type="speculation"><W>can</W></cue></C><xcope ID="67"><ref ID="93" SRC="43"></ref><C><cue ID="44" type="negation"><W>not</W></cue></C><xcope ID="66"><ref COMMENTS="" ID="92" SRC="44"></ref><W>direct</W><W>the</W><W>airflow</W><W>to</W><W>the</W><W>desired</W><W>spot</W></xcope></xcope></xcope><W>,</W><W>because</W><W>there</W><W>is</W><C><cue ID="73" type="negation"><W>no</W></cue></C><xcope ID="74"><ref ID="95" SRC="73"></ref><W>separate</W><W>button</W><W>for</W><W>A/C.</W></xcope></SENTENCE><SENTENCE><W>Rather</W><W>there</W><W>is</W><W>separate</W><W>position</W><W>for</W><W>A/C</W><W>on</W><W>the</W><W>same</W><W>knob</W><W>that</W><W>is</W><W>used</W><W>to</W><W>direct</W><W>the</W><W>airflow</W><W>,</W><W>so</W><C><cue ID="45" type="speculation"><W>if</W></cue></C><xcope ID="70"><ref ID="97" SRC="45"></ref><W>the</W><W>knob</W><W>is</W><W>in</W><W>A/C</W><W>position</W><W>,</W><W>it</W><C><cue ID="46" type="negation"><W>cannot</W></cue></C><xcope ID="69"><ref COMMENTS="" ID="96" SRC="46"></ref><W>be</W><W>in</W><W>defog</W><W>position</W></xcope></xcope><W>.</W></SENTENCE><SENTENCE><W>I</W><C><cue ID="47" type="speculation"><W>could</W></cue></C><xcope ID="72"><ref ID="99" SRC="47"></ref><C><cue ID="48" type="negation"><W>not</W></cue></C><xcope ID="71"><ref ID="98" SRC="48"></ref><W>use</W><W>the</W><W>A/C</W><W>for</W><W>longer</W><W>than</W><W>40</W><W>minutes</W></xcope></xcope><W>,</W><W>since</W><W>I</W><W>was</W><W>wearing</W><W>flip</W><W>flops</W><W>(</W><W>Florida</W><W>)</W><C><W>and</W></C><W>was</W><W>risking</W><W>of</W><W>freezing</W><W>my</W><W>toes</W><W>off</W><W>.</W></SENTENCE></P><P></P><P><SENTENCE><W>To</W><W>be</W><W>fair</W><W>,</W><W>Ford</W><W>took</W><W>care</W><W>of</W><W>most</W><W>of</W><W>these</W><W>stupidities</W><W>in</W><W>their</W><W>Ford</W><W>Thunderbird</W><W>convertible</W><W>,</W><W>but</W><W>it</W><W>also</W><W>costs</W><W>twice</W><W>as</W><W>much</W><W>as</W><W>the</W><W>Mustang</W><W>I</W><W>drove</W><W>.</W></SENTENCE></P><P></P><P><SENTENCE><W>In</W><W>the</W><W>end</W><W>,</W><W>I</W><C><cue ID="100" type="speculation"><W>would</W></cue></C><xcope ID="103"><ref COMMENTS="" ID="105" SRC="100"></ref><C><cue ID="101" type="negation"><W>not</W></cue></C><xcope ID="102"><ref COMMENTS="" ID="104" SRC="101"></ref><W>recommend</W><W>this</W><W>car</W><W>to</W><W>anybody</W></xcope><W>,</W></xcope><W>as</W><W>after</W><W>short</W><W>period</W><W>of</W><W>time</W><W>,</W><W>the</W><W>feeling</W><W>of</W><W>rip-off</W><W>will</W><W>set</W><W>in</W><W>,</W><W>as</W><W>you</W><W>start</W><W>thinking</W><W>about</W><W>how</W><W>much</W><W>money</W><W>Ford</W><W>saved</W><W>by</W><W>giving</W><W>the</W><W>Mustang</W><W>interior</W><W>design</W><W>job</W><W>to</W><W>a</W><W>group</W><W>of</W><W>5</W><W>Detroit</W><W>bums</W><W>.</W></SENTENCE></P></DOCUMENT>
