<?xml version="1.0" encoding="UTF-8"?>
<DOCUMENT><P/><P><SENTENCE><W>Driving</W><W>the</W><W>Mustang</W><W>with</W><W>its</W><W>hard</W><W>seats</W><W>,</W><C><W>lack</W></C><W>of</W><W>lumbar</W><C><W>support</W></C><C><W>and</W></C><W>a</W><W>hard</W><W>as</W><W>a</W><W>rock</W><W>suspension</W><W>is</W><W>like</W><W>riding</W><W>a</W><W>real</W><W>mustang</W><C><W>and</W></C><W>you</W><W>will</W><W>get</W><W>saddle</W><W>sores</W><W>.</W></SENTENCE></P><P/><P><SENTENCE><W>I</W><W>looked</W><W>over</W><W>the</W><W>field</W><W>before</W><W>I</W><W>bought</W><W>the</W><W>Mustang</W><C><W>and</W></C><W>it</W><W>had</W><W>the</W><W>power</W><W>edge</W><W>.</W></SENTENCE><SENTENCE><W>All</W><W>I</W><W>was</W><W>interested</W><W>in</W><W>at</W><W>the</W><W>time</W><W>was</W><W>power</W><C><W>and</W></C><W>edgy</W><W>looks</W><W>.</W></SENTENCE><SENTENCE><W>I</W><W>also</W><W>just</W><W>had</W><W>to</W><W>have</W><W>a</W><W>convertible</W><W>.</W></SENTENCE><SENTENCE><W>However</W><W>,</W><W>all</W><W>that</W><W>changed</W><W>when</W><W>I</W><W>realized</W><W>that</W><W>I</W><W>spend</W><W>very</W><W>little</W><W>time</W><W>looking</W><W>at</W><W>the</W><W>car</W><C><W>and</W></C><W>a</W><W>lot</W><W>of</W><W>time</W><W>being</W><W>beaten</W><W>to</W><W>death</W><W>by</W><W>it</W><W>on</W><W>the</W><W>road</W><W>.</W></SENTENCE><SENTENCE><W>It</W><W>feels</W><W>like</W><W>it</W><W>will</W><W>break</W><W>apart</W><W>over</W><W>some</W><W>of</W><W>the</W><W>bumps</W><W>.</W></SENTENCE><SENTENCE><W>It</W><W>is</W><W>also</W><W>very</W><W>loud</W><W>inside</W><W>the</W><W>car</W><W>.</W></SENTENCE><SENTENCE><W>I</W><C><cue ID="0" type="speculation"><W>can</W></cue></C><xcope ID="2"><ref ID="4" SRC="0"/><W>barely</W><W>hear</W><W>the</W><W>stereo</W><W>at</W><W>cruise</W></xcope><W>.</W></SENTENCE><SENTENCE><W>There</W><W>is</W><W>a</W><W>lot</W><W>of</W><W>rear</W><W>end</W><W>whine</W><W>.</W></SENTENCE><SENTENCE><W>It</W><W>sounds</W><W>like</W><W>a</W><W>big</W><W>rig</W><W>is</W><W>passing</W><W>me</W><W>but</W><W>there</W><W>is</W><C><cue ID="1" type="negation"><W>no</W></cue></C><xcope ID="3"><ref ID="5" SRC="1"/><W>truck</W><W>there</W></xcope><W>.</W></SENTENCE></P><P/><P><SENTENCE><W>It</W><W>was</W><W>n&apos;t</W><W>long</W><W>before</W><W>I</W><W>was</W><W>wishing</W><W>I</W><W>had</W><W>bought</W><W>the</W><W>Celica</W><W>.</W></SENTENCE><SENTENCE><W>I</W><C><cue ID="6" type="speculation"><W>should</W></cue></C><xcope ID="12"><ref COMMENTS="" ID="21" SRC="6"/><W>n&apos;t</W><W>have</W><W>gone</W><C><W>and</W></C><W>looked</W><W>at</W><W>the</W><W>Celica</W><W>once</W><W>I</W><W>bought</W><W>the</W><W>Mustang</W><W>because</W><W>I</W><C><cue ID="7" type="speculation"><W>could</W></cue></C><xcope ID="11"><ref COMMENTS="" ID="20" SRC="7"/><W>kick</W><W>myself</W></xcope></xcope><W>.</W></SENTENCE><SENTENCE><W>The</W><W>Celica</W><W>is</W><W>much</W><W>more</W><W>quality</W><W>oriented</W><W>,</W><W>the</W><W>ride</W><W>is</W><W>smoother</W><C><W>and</W></C><W>the</W><W>image</W><C><cue ID="8" type="speculation"><W>suggests</W></cue></C><xcope ID="14"><ref COMMENTS="" ID="19" SRC="8"/><W>that</W><W>I</W><W>am</W><C><cue ID="9" type="negation"><xcope ID="15"><W>not</W></xcope></cue></C><xcope ID="13"><ref COMMENTS="" ID="18" SRC="9"/><W>a</W><W>redneck</W><W>idiot</W></xcope></xcope><W>.</W></SENTENCE><SENTENCE><W>Mustang</W><C><cue ID="10" type="speculation"><W>suggests</W></cue></C><xcope ID="16"><ref COMMENTS="" ID="17" SRC="10"/><W>a</W><W>redneck</W><W>with</W><W>grease</W><W>under</W><W>the</W><W>nails</W><C><W>and</W></C><W>an</W><W>inferiority</W><W>complex</W></xcope><W>.</W></SENTENCE></P></DOCUMENT>