<?xml version="1.0" encoding="UTF-8"?>
<DOCUMENT><P/><P><SENTENCE><W>In</W><W>the</W><W>couple</W><W>of</W><W>months</W><W>I</W><W>owned</W><W>my</W><W>2002</W><W>Mustang</W><W>GT</W><W>,</W><W>i</W><W>was</W><W>sadly</W><W>disapointed</W><W>.</W></SENTENCE><SENTENCE><W>The</W><W>power</W><W>was</W><C><W>lacking</W></C><W>in</W><W>the</W><W>2V</W><W>4.6</W><W>,</W><W>I</W><W>was</W><W>getting</W><W>beaten</W><W>by</W><W>Subaru</W><W>WRX</W><W>&apos;s</W><W>.</W></SENTENCE><SENTENCE><W>The</W><W>car</W><C><cue ID="0" type="speculation"><W>would</W></cue></C><xcope ID="7"><ref COMMENTS="" ID="17" SRC="0"/><C><cue ID="1" type="negation"><W>not</W></cue></C><xcope ID="6"><ref COMMENTS="" ID="16" SRC="1"/><W>break</W><W>out</W><W>of</W><W>the</W><W>mid</W><W>14s</W></xcope></xcope><W>.</W></SENTENCE><SENTENCE><W>The</W><W>one</W><W>good</W><W>thing</W><W>I</W><W>liked</W><W>about</W><W>it</W><W>was</W><W>the</W><W>Mach</W><W>1000</W><W>sound</W><W>system</W><W>.</W></SENTENCE><SENTENCE><W>The</W><W>car</W><W>had</W><W>fords</W><W>ussual</W><W>quality(</W><W>crap</W><W>)</W><W>.</W></SENTENCE><SENTENCE><W>When</W><W>I</W><W>purchased</W><W>the</W><W>car</W><W>it</W><W>had</W><W>Blowmaster</W><W>exhaust</W><W>,</W><W>which</W><W>while</W><W>it</W><W>sounded</W><W>great</W><W>,</W><W>it</W><W>produced</W><C><cue ID="2" type="negation"><W>no</W></cue></C><xcope ID="8"><ref COMMENTS="" ID="15" SRC="2"/><W>extra</W><W>power</W></xcope><W>.</W></SENTENCE></P><P/><P><SENTENCE><W>Another</W><W>thing</W><W>I</W><W>did</W><C><cue ID="3" type="negation"><W>not</W></cue></C><xcope ID="9"><ref COMMENTS="" ID="14" SRC="3"/><W>like</W><W>was</W><W>the</W><W>fake</W><W>hood</W><C><W>and</W></C><W>side</W><W>scoops</W></xcope><W>,</W><W>domestic</W><W>rice</W><W>imo</W><W>.</W></SENTENCE><SENTENCE><C><cue ID="4" type="speculation"><W>Perhaps</W></cue></C><xcope ID="11"><ref COMMENTS="" ID="13" SRC="4"/><W>it</W><W>they</W><W>were</W><W>functional</W><W>I</W><C><cue ID="5" type="negation"><W>would</W></cue></C><xcope ID="10"><ref COMMENTS="" ID="12" SRC="5"/><W>like</W><W>them</W></xcope></xcope><W>.</W></SENTENCE></P><P/><P><SENTENCE><W>Over</W><W>all</W><W>,</W><W>I</W><W>was</W><W>disapointed</W><W>.</W></SENTENCE><SENTENCE><W>I</W><W>sold</W><W>the</W><W>car</W><W>after</W><W>5months</W><C><W>and</W></C><W>bought</W><W>a</W><W>brand</W><W>new</W><W>SOM</W><W>Ws6</W><W>Trans</W><W>Am</W><W>,</W><W>now</W><W>that</W><W>car</W><W>has</W><W>style</W><C><W>and</W></C><W>speed</W><W>,</W><W>I</W><W>love</W><W>the</W><W>Ls1</W><W>motor</W><C><W>and</W></C><W>T56</W><W>trann</W></SENTENCE></P></DOCUMENT>