<?xml version="1.0" encoding="UTF-8"?>
<DOCUMENT><P></P><P><SENTENCE><W>UPDATE</W><W>:</W><W>I</W><W>am</W><W>writing</W><W>this</W><W>update</W><W>after</W><W>owning</W><W>my</W><W>2001</W><W>Ford</W><W>Focus</W><W>wagon</W><W>only</W><W>4</W><W>1/2</W><W>months</W><W>.</W></SENTENCE><SENTENCE><W>After</W><W>taking</W><W>my</W><W>vehicle</W><W>to</W><W>the</W><W>auto</W><W>dealership</W><W>to</W><W>have</W><W>them</W><C><W>investigate</W></C><W>why</W><W>when</W><W>the</W><W>windows</W><W>go</W><W>down</W><W>(especially</W><W>the</W><W>rear</W><W>ones</W><W>)</W><W>an</W><W>extremely</W><W>loud</W><C><W>and</W></C><W>painful</W><W>vibration</W><W>occurs</W><W>.</W></SENTENCE><SENTENCE><W>When</W><W>the</W><W>service</W><W>tech</W><W>was</W><W>in</W><W>the</W><W>car</W><W>for</W><W>a</W><W>drive</W><W>to</W><W>understand</W><W>the</W><W>problems</W><W>noted</W><W>to</W><W>him</W><W>my</W><W>husband</W><W>rolled</W><W>down</W><W>the</W><W>windows</W><W>.</W></SENTENCE><SENTENCE><W>The</W><W>tech</W><W>described</W><W>the</W><W>sound</W><C><W>and</W></C><W>discomfort</W><W>to</W><W>when</W><W>his</W><W>ear</W><W>drum</W><W>broke</W><W>a</W><W>few</W><W>months</W><W>back</W><W>.</W></SENTENCE><SENTENCE><W>As</W><W>you</W><C><cue ID="0" type="speculation"><W>can</W></cue></C><xcope ID="3"><ref COMMENTS="" ID="6" SRC="0"></ref><W>see</W><W>the</W><W>noise</W><W>is</W><W>painful</W></xcope><W>!</W><W>!</W></SENTENCE><SENTENCE><W>The</W><W>tech</W><W>then</W><W>called</W><W>the</W><W>engineering</W><W>department</W><W>at</W><W>Ford</W><W>to</W><W>find</W><W>out</W><W>how</W><W>to</W><W>deal</W><W>with</W><W>the</W><W>problem</W><W>.</W></SENTENCE><SENTENCE><W>The</W><W>engineer</W><W>had</W><C><cue ID="1" type="negation"><W>no</W></cue></C><xcope ID="5"><ref COMMENTS="" ID="7" SRC="1"></ref><C><W>idea</W></C><W>as</W><W>to</W><W>how</W><W>to</W><W>fix</W><W>the</W><W>problem</W></xcope><C><W>and</W></C><W>said</W><W>he</W><W>had</W><W>a</W><W>stack</W><W>of</W><W>similar</W><W>complaints</W><W>on</W><W>his</W><W>desk</W><W>.</W></SENTENCE><SENTENCE><W>Ford</W><W>is</W><W>selling</W><W>Focus</W><W>wagons</W><W>knowing</W><W>there</W><W>is</W><W>a</W><W>window</W><W>problem</W><W>.</W></SENTENCE><SENTENCE><W>I</W><W>am</W><W>now</W><W>in</W><W>the</W><W>process</W><W>of</W><W>finding</W><W>out</W><W>how</W><W>to</W><W>handle</W><W>this</W><W>problem</W><W>.</W></SENTENCE><SENTENCE><W>How</W><W>discouraging</W><W>to</W><W>buy</W><W>a</W><W>brand</W><W>new</W><W>car</W><C><W>and</W></C><W>be</W><W>making</W><W>payments</W><C><W>and</W></C><cue ID="2" type="negation"><W>ca</W><W>n&#39;t</W></cue><xcope ID="4"><ref COMMENTS="" ID="8" SRC="2"></ref><W>even</W><W>roll</W><W>down</W><W>my</W><W>windows</W></xcope><W>!</W><W>!</W><W>Beware</W><W>when</W><W>checking</W><W>into</W><W>purchasing</W><W>this</W><W>vehicle</W><W>.</W></SENTENCE></P><P></P><P><SENTENCE><W>We</W><W>are</W><W>spending</W><W>too</W><W>much</W><W>on</W><W>gas</W><W>for</W><W>that</W><W>van</W><W>,</W><W>I</W><W>told</W><W>my</W><W>husband</W><W>.</W></SENTENCE><SENTENCE><W>With</W><W>that</W><W>comment</W><W>I</W><W>went</W><W>on</W><W>my</W><W>search</W><W>for</W><W>a</W><W>new</W><W>vehicle</W><W>.</W></SENTENCE></P><P></P><P><SENTENCE><W>I</W><W>knew</W><W>I</W><W>needed</W><C><W>and</W></C><W>wanted</W><W>something</W><W>big</W><W>enough</W><W>to</W><W>still</W><W>haul</W><W>stuff</W><W>like</W><xcope ID="29"><ref COMMENTS="" ID="33" SRC="9"></ref><xcope ID="31"><W>lumber</W></xcope></xcope><C><cue ID="9" type="speculation"><W>or</W></cue></C><xcope ID="28"><ref COMMENTS="" ID="32" SRC="9"></ref><W>my</W><W>kids</W><W>bikes</W></xcope><W>.</W></SENTENCE><SENTENCE><W>A</W><W>regular</W><W>car</W><W>trunk</W><W>just</W><cue ID="24" type="negation"><W>is</W><W>n&#39;t</W></cue><xcope ID="31"><ref COMMENTS="" ID="32" SRC="24"></ref><W>deep</W><W>enough</W><xcope ID="28"><ref COMMENTS="" ID="29" SRC="10"></ref><W>for</W><W>transporting</W><W>lumber</W></xcope><C><cue ID="10" type="speculation"><W>or</W></cue></C><xcope ID="25"><ref COMMENTS="" ID="30" SRC="10"></ref><W>long</W><W>items</W></xcope></xcope><W>.</W></SENTENCE><SENTENCE><W>So</W><W>,</W><W>I</W><W>knew</W><C><cue ID="11" type="speculation"><W>if</W></cue></C><W>I</W><xcope ID="23"><ref COMMENTS="" ID="37" SRC="11"></ref><cue ID="12" type="negation"><W>was</W><W>n&#39;t</W></cue><xcope ID="22"><ref COMMENTS="" ID="36" SRC="12"></ref><W>getting</W><W>another</W><W>gas</W><W>eating</W><W>van</W><W>it</W><C><cue ID="13" type="speculation"><W>would</W></cue></C><xcope ID="21"><ref COMMENTS="" ID="35" SRC="13"></ref><W>have</W><W>to</W><W>be</W><W>some</W><W>sort</W><W>of</W><W>station</W><W>wagon</W></xcope></xcope></xcope><W>.</W></SENTENCE></P><P></P><P><SENTENCE><W>Now</W><W>,</W><W>narrowed</W><W>down</W><W>to</W><W>body</W><W>type</W><W>I</W><W>went</W><W>on</W><W>my</W><W>search</W><W>of</W><W>different</W><W>makes</W><C><W>and</W></C><W>models</W><W>of</W><W>station</W><W>wagons</W><W>.</W></SENTENCE><SENTENCE><W>My</W><W>first</W><W>priority</W><W>was</W><W>price</W><W>.</W></SENTENCE><SENTENCE><W>Being</W><W>a</W><W>family</W><W>of</W><W>5</W><W>money</W><W>is</W><W>tight</W><C><W>and</W></C><W>I</W><W>needed</W><W>something</W><W>affordable</W><W>,</W><W>but</W><W>of</W><W>good</W><W>quality</W><W>.</W></SENTENCE><SENTENCE><W>I</W><W>checked</W><W>the</W><W>prices</W><W>of</W><W>the</W><W>VW</W><W>Jetta</W><W>wagon</W><C><W>and</W></C><W>the</W><W>Saturn</W><W>wagon</W><W>.</W></SENTENCE><SENTENCE><W>Both</W><W>were</W><W>quite</W><W>a</W><W>bit</W><W>more</W><W>expensive</W><W>!</W></SENTENCE><SENTENCE><W>The</W><W>Ford</W><W>Focus</W><W>was</W><W>by</W><W>far</W><W>the</W><W>more</W><W>affordable</W><W>of</W><W>the</W><W>three</W><W>.</W></SENTENCE><SENTENCE><W>Having</W><W>access</W><W>to</W><W>a</W><W>Ford</W><W>A</W><W>plan</W><W>was</W><W>another</W><W>deciding</W><W>factor</W><W>.</W></SENTENCE><SENTENCE><W>Ford</W><W>also</W><W>at</W><W>the</W><W>time</W><W>of</W><W>my</W><W>purchase</W><W>was</W><W>offering</W><W>rebates</W><C><W>and</W></C><W>interests</W><W>rates</W><W>of</W><W>500.00</W></SENTENCE><SENTENCE><W>cash</W><W>back</W><W>6.9</W><W>%</W><W>interest</W><C><cue ID="14" type="speculation"><W>or</W></cue></C><xcope ID="30"><ref COMMENTS="" ID="38" SRC="14"></ref><W>1000.00</W><W>cash</W><W>back</W><C><W>and</W></C><W>7.99</W><W>%</W><W>interest</W></xcope><W>.</W></SENTENCE></P><P></P><P><SENTENCE><W>We</W><W>all</W><W>know</W><W>you</W><W>get</W><W>what</W><W>you</W><W>pay</W><W>for</W><W>,</W><C><W>and</W></C><cue ID="39" type="speculation"><W>maybe</W></cue><xcope ID="40"><ref COMMENTS="" ID="43" SRC="39"></ref><W>thinking</W><W>it</W><W>is</W><W>cheaper</W></xcope><W>because</W><W>it</W><W>is</W><C><W>lacking</W></C><W>in</W><W>features</W><W>.</W></SENTENCE><SENTENCE><W>This</W><W>is</W><W>far</W><W>from</W><W>the</W><W>truth</W><W>!</W></SENTENCE><SENTENCE><W>The</W><W>Focus</W><W>Wagon</W><W>has</W><W>standard</W><W>features</W><W>such</W><W>as</W><W>;</W><W>power</W><W>door</W><W>locks</W><W>,</W><W>power</W><W>windows</W><W>,</W><W>CD</W><W>player</W><W>,</W><W>air</W><W>conditioning</W><W>,and</W><W>cruise</W><W>control</W><W>.</W></SENTENCE><SENTENCE><W>Unfortunately</W><W>,</W><W>ABS</W><W>breaks</W><W>are</W><C><cue ID="15" type="negation"><W>not</W></cue></C><xcope ID="41"><ref COMMENTS="" ID="42" SRC="15"></ref><W>a</W><W>standard</W><W>feature</W></xcope><C><W>and</W></C><W>cost</W><W>around</W><W>350-400</W><W>to</W><W>have</W><W>the</W><W>option</W><W>included</W><W>.</W></SENTENCE></P><P></P><P><SENTENCE><W>The</W><W>ease</W><W>of</W><W>getting</W><W>in</W><C><W>and</W></C><W>out</W><W>of</W><W>the</W><W>car</W><W>was</W><W>another</W><W>factor</W><W>in</W><W>my</W><W>purchase</W><W>.</W></SENTENCE><SENTENCE><W>Unlike</W><W>a</W><W>lot</W><W>of</W><W>small</W><W>cars</W><W>the</W><W>Focus</W><W>Wagon</W><W>seats</W><W>sit</W><W>higher</W><W>.</W></SENTENCE><SENTENCE><W>I</W><W>really</W><W>like</W><W>the</W><W>crank</W><W>under</W><W>the</W><W>seat</W><W>to</W><W>adjust</W><W>the</W><W>seating</W><W>height</W><W>.</W></SENTENCE><SENTENCE><W>I</W><W>hate</W><W>sitting</W><W>in</W><W>a</W><W>car</W><W>where</W><W>my</W><W>head</W><W>almost</W><W>touches</W><W>the</W><W>roof</W><W>.</W></SENTENCE><SENTENCE><W>That</W><W>is</W><C><cue ID="16" type="negation"><W>not</W></cue></C><xcope ID="44"><ref COMMENTS="" ID="45" SRC="16"></ref><W>a</W><W>problem</W><W>in</W><W>the</W><W>Focus</W><W>Wagon</W></xcope><W>.</W></SENTENCE></P><P></P><P><SENTENCE><W>The</W><W>storage</W><W>space</W><W>in</W><W>the</W><W>back</W><W>is</W><W>extremely</W><W>roomy</W><C><W>and</W></C><W>the</W><W>pull</W><W>over</W><W>cover</W><W>is</W><W>an</W><W>added</W><W>plus</W><W>.</W></SENTENCE><SENTENCE><W>I</W><W>went</W><W>shopping</W><W>for</W><W>2</W><W>weeks</W><W>of</W><W>groceries</W><W>for</W><W>a</W><W>family</W><W>of</W><W>5</W><C><W>and</W></C><W>had</W><C><cue ID="18" type="negation"><W>no</W></cue></C><xcope ID="47"><ref COMMENTS="" ID="48" SRC="18"></ref><W>problems</W><W>getting</W><W>all</W><W>the</W><W>bags</W><W>in</W><W>comfortably</W></xcope><W>.</W></SENTENCE><SENTENCE><W>Space</W><W>is</W><W>definitely</W><C><cue ID="17" type="negation"><W>not</W></cue></C><xcope ID="46"><ref COMMENTS="" ID="49" SRC="17"></ref><W>a</W><W>problem</W></xcope><W>.</W></SENTENCE></P><P></P><P><SENTENCE><W>The</W><W>gas</W><W>mileage</W><W>is</W><W>the</W><W>most</W><W>important</W><W>feature</W><W>of</W><W>this</W><W>vehicle</W><W>.</W></SENTENCE><SENTENCE><W>With</W><W>today</W><W>&#39;s</W><W>gas</W><W>prices</W><W>going</W><W>up</W><W>this</W><W>is</W><W>a</W><C><cue ID="19" type="speculation"><W>must</W></cue></C><xcope ID="50"><ref COMMENTS="" ID="51" SRC="19"></ref><W>feature</W><W>to</W><W>be</W><W>looking</W><W>at</W><W>when</W><W>choosing</W><W>a</W><W>new</W><W>car</W></xcope><W>!</W></SENTENCE><SENTENCE><W>The</W><W>engine</W><W>in</W><W>mine</W><W>is</W><W>a</W><W>Zetec</W><W>4.25</W><W>L.</W><W>It</W><W>still</W><W>has</W><W>pep</W><W>,</W><W>but</W><W>does</W><W>n&#39;t</W><W>need</W><W>a</W><W>lot</W><W>of</W><W>gas</W><W>to</W><W>achieve</W><W>the</W><W>goal</W><W>.</W></SENTENCE><SENTENCE><W>My</W><W>first</W><W>fill</W><W>up</W><W>,</W><W>after</W><W>driving</W><W>about</W><W>110</W><W>highway</W><W>miles</W><C><W>and</W></C><W>then</W><W>some</W><W>city</W><W>driving</W><W>also</W><W>,</W><W>I</W><W>figured</W><W>the</W><W>Focus</W><W>Wagon</W><W>got</W><W>around</W><W>27</W><W>mile</W><W>to</W><W>the</W><W>gallon</W><W>!</W></SENTENCE></P><P></P><P><SENTENCE><C><cue ID="20" type="speculation"><W>If</W></cue></C><xcope ID="52"><ref COMMENTS="" ID="53" SRC="20"></ref><W>you</W><W>are</W><W>looking</W><W>for</W><W>something</W><W>affordable</W></xcope><W>,</W><W>roomy</W><C><W>and</W></C><W>has</W><W>great</W><W>gas</W><W>mileage</W><W>the</W><W>Ford</W><W>Focus</W><W>Wagon</W><W>is</W><W>worth</W><W>the</W><W>money</W><W>!</W></SENTENCE></P></DOCUMENT>
