<?xml version="1.0" encoding="UTF-8"?>
<DOCUMENT><P></P><P><SENTENCE><W>Less</W><W>than</W><W>40,000</W><W>on</W><W>it</W><W>.</W></SENTENCE><SENTENCE><W>When</W><W>purchased</W><W>had</W><W>only</W><W>5,500k</W><W>.</W></SENTENCE></P><P></P><P><SENTENCE><W>This</W><W>car</W><W>was</W><W>totally</W><W>loaded</W><W>.</W></SENTENCE><SENTENCE><W>Got</W><W>about</W><W>10,000</W><W>decent</W><W>miles</W><W>on</W><W>it</W><W>,</W><W>before</W><W>everything</W><W>went</W><W>wrong</W><W>.</W></SENTENCE></P><P></P><P><SENTENCE><W>Transmission</W><W>slips</W><W>,</W><W>tie</W><W>rods</W><W>broke</W><W>3</W><W>times</W><W>,</W><W>sunroof</W><W>twice</W><W>,</W></SENTENCE></P><P></P><P><SENTENCE><W>window</W><W>problems</W><W>,</W><W>interior</W><W>has</W><W>some</W><W>many</W><W>squeaks</W><W>,</W><W>cracks</W><W>pops</W><C><W>and</W></C><W>bird</W><W>noises</W><W>,</W><W>i</W><C><W>feel</W></C><W>like</W><W>i</W><W>&#39;m</W><W>at</W><W>the</W><W>zoo</W><W>.</W></SENTENCE></P><P></P><P><SENTENCE><W>Look</W><W>underneath</W><W>,</W><W>it</W><W>&#39;s</W><W>built</W><W>like</W><W>a</W><W>matchbox</W><W>car</W><W>,</W><W>those</W><W>tiny</W><W>suspension</W><W>parts</W><C><cue ID="0" type="negation"><W>cannot</W></cue></C><xcope ID="3"><ref COMMENTS="" ID="6" SRC="0"></ref><W>hold</W><W>up</W><W>to</W><W>everyday</W><W>(</W><W>normal</W><W>)</W><W>driving</W></xcope><W>.</W></SENTENCE><SENTENCE><W>Steer</W><W>clear</W><W>of</W><W>any</W><W>potholes</W><W>,</W><C><cue ID="1" type="speculation"><W>if</W></cue></C><xcope ID="4"><ref COMMENTS="" ID="5" SRC="1"></ref><W>you</W><C><cue ID="2" type="speculation"><W>can</W></cue></C></xcope><W>.</W></SENTENCE></P><P></P><P><SENTENCE><W>Keep</W><W>windows</W><W>all</W><W>the</W><W>way</W><W>up</W><W>when</W><W>it</W><W>is</W><W>raining</W><W>(</W><W>even</W><W>a</W><W>light</W><W>rain</W><W>)</W><W>.</W></SENTENCE><SENTENCE><W>Water</W><W>just</W><W>comes</W><W>in</W><W>,</W><W>goes</W><W>all</W><W>over</W><W>the</W><W>the</W><W>power</W><W>buttons</W><W>,</W><W>arm</W><C><W>and</W></C><W>your</W><W>leg</W><W>.</W></SENTENCE></P></DOCUMENT>
