<?xml version="1.0" encoding="UTF-8"?>
<DOCUMENT><P></P><P><SENTENCE><W>It</W><W>simply</W><W>amazes</W><W>me</W><W>that</W><W>the</W><W>Ford</W><W>Taurus</W><W>is</W><W>still</W><W>in</W><W>production</W><W>.</W></SENTENCE><SENTENCE><W>After</W><W>many</W><W>years</W><W>of</W><W>major</W><W>transmission</W><W>,</W><W>engine</W><W>,</W><C><W>and</W></C><W>general</W><W>quality</W><W>control</W><W>complaints</W><W>one</W><C><cue ID="0" type="speculation"><W>would</W></cue></C><xcope ID="3"><ref ID="5" SRC="0"></ref><W>have</W><C><W>thought</W></C><W>this</W><W>car</W><C><cue ID="1" type="speculation"><W>would</W></cue></C><xcope ID="2"><ref COMMENTS="" ID="4" SRC="1"></ref><W>have</W><W>landed</W><W>itself</W><W>in</W><W>an</W><W>early</W><W>grave</W></xcope></xcope><W>.</W></SENTENCE><SENTENCE><W>Unlike</W><W>many</W><W>other</W><W>cars</W><W>that</W><W>had</W><W>caused</W><W>their</W><W>owners</W><W>so</W><W>much</W><W>anger</W><C><W>and</W></C><W>grief</W><W>,</W><W>do</W><W>to</W><W>poor</W><W>reliability</W><W>,</W><W>quality</W><W>control</W><W>,</W><C><W>and</W></C><C><W>lack</W></C><W>of</W><W>dealer</W><C><W>support</W></C><W>,</W><W>i</W><W>.e</W><W>the</W><W>Hyundai</W><W>Excel</W><W>,</W><W>the</W><W>Ford</W><W>Taurus</W><W>somehow</W><W>made</W><W>it</W><W>past</W><W>all</W><W>those</W><W>thousands</W><W>of</W><W>unhappy</W><W>customers</W><C><W>and</W></C><W>is</W><W>still</W><W>being</W><W>sold</W><W>for</W><W>the</W><W>2002</W><W>year</W><W>with</W><W>the</W><W>claim</W><W>that</W><W>it</W><W>is</W><W>&#34;one</W><W>of</W><W>the</W><W>best</W><W>selling</W><W>cars</W><W>in</W><W>America</W><W>.</W><W>&#34;</W></SENTENCE></P><P></P><P><SENTENCE><W>For</W><W>the</W><W>2002</W><W>model</W><W>year</W><W>the</W><W>Ford</W><W>Taurus</W><W>Sedan</W><W>comes</W><W>available</W><W>in</W><W>a</W><W>multitude</W><W>of</W><W>trim</W><W>lines</W><W>that</W><W>include</W><W>the</W><W>base</W><W>LX</W><W>,</W><W>the</W><W>SE</W><W>,</W><W>SES</W><W>(tester</W><W>)</W><C><W>and</W></C><W>SEL.</W></SENTENCE><SENTENCE><W>The</W><W>wagon</W><W>is</W><W>offered</W><W>in</W><W>SE</W><C><W>and</W></C><W>SEL</W><W>trim</W><W>.</W><W>2</W><W>powerplants</W><W>are</W><W>also</W><W>available</W><W>.</W></SENTENCE><SENTENCE><W>All</W><W>trims</W><W>besides</W><W>the</W><W>SEL</W><W>come</W><W>standard</W><W>with</W><W>the</W><W>reliable</W><W>yet</W><W>anemic</W><W>OHV</W><W>3.0</W><W>Vulcan</W><W>V6</W><W>,</W><W>while</W><W>a</W><W>DOHC</W><W>Duratec</W><W>3.0</W><W>V6</W><W>is</W><W>standard</W><W>on</W><W>the</W><W>SEL</W><C><W>and</W></C><W>is</W><W>an</W><W>option</W><W>on</W><W>the</W><W>lesser</W><W>trim</W><W>lines</W><W>.</W></SENTENCE><SENTENCE><W>Transmissions</W><W>include</W><W>a</W><W>standard</W><W>,</W><W>clunky</W><W>,</W><W>unrefined</W><W>,</W><W>4-speed</W><W>automatic</W><W>.</W></SENTENCE></P><P></P><P><SENTENCE><W>Driving</W><W>Impressions</W><W>:</W></SENTENCE></P><P></P><P><SENTENCE><W>My</W><W>tester</W><W>&#39;</W><W>Taurus</W><W>SES</W><W>Deluxe</W><W>&#39;</W><W>had</W><W>the</W><W>optional</W><W>3.0</W><W>DOHC</W><W>Duratec</W><W>engine</W><W>(</W><W>almost</W><W>a</W><W>$</W><W>900</W><W>option</W><W>)</W><W>.</W></SENTENCE><SENTENCE><W>At</W><W>one</W><W>point</W><W>in</W><W>time</W><W>(</W><W>1996</W><W>)</W><W>I</W><W>was</W><W>impressed</W><W>with</W><W>this</W><W>engine</W><W>,</W><W>but</W><W>alas</W><W>other</W><W>companies</W><W>have</W><W>moved</W><W>ahead</W><W>with</W><W>technology</W><C><W>and</W></C><W>for</W><W>2002</W><W>this</W><W>engine</W><W>just</W><C><cue ID="6" type="speculation"><W>seems</W></cue></C><xcope ID="14"><ref ID="31" SRC="6"></ref><W>like</W><W>it</W><W>&#39;s</W><W>lagging</W><W>in</W><W>the</W><W>refinement</W><W>department</W></xcope><W>.</W></SENTENCE><SENTENCE><W>Off-the-line</W><W>acceleration</W><W>with</W><W>the</W><W>Duratec</W><W>V6</W><W>is</W><W>fair</W><W>,</W><W>but</W><W>the</W><W>DOHC</W><W>Duratec</W><C><cue ID="7" type="speculation"><W>seems</W></cue></C><xcope ID="15"><ref COMMENTS="" ID="30" SRC="7"></ref><W>lackadaisical</W><W>compared</W><W>to</W><W>the</W><W>3.0</W><W>V6</W><W>in</W><W>the</W><W>2002</W><W>Accord</W><C><W>and</W></C><W>totally</W><W>anemic</W><W>compared</W><W>to</W><W>the</W><W>3.5</W><W>V6</W><W>in</W><W>the</W><W>Nissan</W><W>Altima</W></xcope><W>.</W></SENTENCE><SENTENCE><W>On</W><W>take-off</W><W>the</W><W>Duratec</W><W>almost</W><W>strains</W><W>to</W><W>get</W><W>this</W><W>3,500lb</W><W>vehicle</W><W>up</W><W>to</W><W>speed</W><W>.</W></SENTENCE><SENTENCE><W>Do</W><W>n&#39;t</W><W>get</W><W>me</W><W>wrong</W><W>,</W><W>the</W><W>car</W><W>is</W><C><cue ID="8" type="negation"><W>not</W></cue></C><xcope ID="16"><ref ID="29" SRC="8"></ref><W>slow</W><W>by</W><W>any</W><W>means</W></xcope><W>,</W><W>it</W><W>just</W><W>has</W><W>to</W><W>work</W><W>much</W><W>harder</W><W>to</W><W>get</W><W>up</W><W>to</W><W>speed</W><W>than</W><W>the</W><W>competition</W><W>.</W></SENTENCE><SENTENCE><W>The</W><W>4-speed</W><W>fully</W><W>automatic</W><W>transmission</W><W>coupled</W><W>to</W><W>this</W><W>engine</W><W>only</W><W>makes</W><W>accelerating</W><W>problems</W><W>worse</W><W>.</W></SENTENCE><SENTENCE><W>The</W><W>transmission</W><W>,</W><W>while</W><W>loads</W><W>refined</W><W>over</W><W>the</W><W>AXOD</W><W>tranny</W><W>equipped</W><W>in</W><W>the</W><W>1986-1995</W><W>Tauruses</W><W>still</W><C><cue ID="9" type="negation"><W>lacks</W></cue></C><xcope ID="19"><ref ID="27" SRC="9"></ref><W>the</W><W>precise</W><W>shifting</W><W>associated</W><W>with</W><W>cars</W><W>like</W><W>the</W><xcope ID="18"><ref ID="28" SRC="10"></ref><W>Camry</W></xcope><C><cue ID="10" type="speculation"><W>or</W></cue></C><xcope ID="17"><ref ID="26" SRC="10"></ref><W>even</W><W>the</W><W>Chevy</W><W>Impala</W></xcope></xcope><W>.</W></SENTENCE><SENTENCE><W>Clunky</W><W>automatic</W><W>shifting</W><W>between</W><W>1st</W><W>gear</W><C><W>and</W></C><W>2nd</W><W>is</W><W>still</W><W>noticeable</W><W>,</W><C><W>and</W></C><W>shifting</W><W>too</W><W>soon</W><W>(</W><W>high</W><W>gear</W><W>around</W><W>30</W><W>MPH)is</W><W>still</W><W>annoying</W><W>,</W><W>as</W><W>the</W><W>car</W><W>has</W><W>virtually</W><C><W>no</W></C><W>power</W><W>at</W><W>this</W><W>speed</W><W>in</W><W>high</W><W>gear</W><W>,</W><W>so</W><W>automatic</W><W>down-shifting</W><C><W>and</W></C><W>up-shifting</W><W>while</W><W>driving</W><W>through</W><W>town</W><W>is</W><W>almost</W><W>inevitable</W><C><cue ID="11" type="speculation"><W>if</W></cue></C><xcope ID="20"><ref ID="25" SRC="11"></ref><W>you</W><W>do</W><W>n&#39;t</W><W>manually</W><W>take</W><W>it</W><W>out</W><W>of</W><W>overdrive</W></xcope><W>.</W></SENTENCE></P><P></P><P><SENTENCE><W>Handling</W><W>in</W><W>the</W><W>2002</W><W>Taurus</W><W>is</W><W>good</W><W>,</W><W>however</W><W>like</W><W>most</W><W>family</W><W>cars</W><W>on</W><W>the</W><W>twistys</W><W>,</W><W>this</W><W>car</W><W>tends</W><W>to</W><W>lean</W><W>which</W><C><cue ID="12" type="speculation"><W>can</W></cue></C><xcope ID="21"><ref ID="23" SRC="12"></ref><W>be</W><W>quite</W><W>prevalent</W><W>around</W><W>bends</W><W>at</W><W>high</W><W>speeds</W></xcope><W>.</W></SENTENCE><SENTENCE><W>The</W><W>2002</W><W>Taurus</W><W>SES</W><W>is</W><C><cue ID="13" type="negation"><W>not</W></cue></C><xcope ID="22"><ref ID="24" SRC="13"></ref><W>a</W><W>bad</W><W>handler</W><W>for</W><W>what</W><W>it</W><W>is</W></xcope><W>,</W><W>but</W><W>like</W><W>the</W><W>powertrain</W><W>,</W><W>most</W><W>of</W><W>the</W><W>competition</W><W>has</W><W>the</W><W>edge</W><W>in</W><W>this</W><W>department</W><W>as</W><W>well</W><W>.</W></SENTENCE></P><P></P><P><SENTENCE><W>Cruising</W><W>in</W><W>this</W><W>relatively</W><W>large</W><W>family</W><W>sedan</W><W>is</W><C><cue ID="32" type="negation"><W>not</W></cue></C><xcope ID="48"><ref ID="76" SRC="32"></ref><W>exactly</W><W>another</W><W>downfall</W><W>for</W><W>the</W><W>Taurus</W><W>SES</W></xcope><W>but</W><W>it</W><W>&#39;s</W><W>also</W><C><cue ID="33" type="negation"><W>not</W></cue></C><xcope ID="47"><ref ID="75" SRC="33"></ref><W>an</W><W>attribute</W><W>worth</W><W>boasting</W><W>about</W></xcope><W>.</W></SENTENCE><SENTENCE><W>When</W><W>cruising</W><W>at</W><W>60-65</W><W>MPH</W><W>wind</W><C><W>and</W></C><W>engine</W><W>noise</W><C><cue ID="34" type="speculation"><W>can</W></cue></C><xcope ID="49"><ref ID="74" SRC="34"></ref><W>be</W><W>heard</W><W>in</W><W>the</W><W>cabin</W></xcope><W>,</W><W>but</W><W>for</W><W>the</W><W>first</W><W>time</W><W>while</W><W>in</W><W>a</W><W>Ford</W><W>Taurus</W><W>it</W><W>did</W><C><cue ID="35" type="negation"><W>not</W></cue></C><xcope ID="50"><ref ID="73" SRC="35"></ref><W>bother</W><W>me</W></xcope><W>.</W></SENTENCE><SENTENCE><W>With</W><W>the</W><W>older</W><W>generation</W><W>,</W><W>wind</W><C><W>and</W></C><W>engine</W><W>noise</W><C><cue ID="36" type="speculation"><W>would</W></cue></C><xcope ID="51"><ref ID="72" SRC="36"></ref><W>get</W><W>very</W><W>annoying</W></xcope><W>,</W><C><W>and</W></C><W>while</W><W>it</W><W>still</W><C><cue ID="37" type="speculation"><W>can</W></cue></C><xcope ID="52"><ref ID="71" SRC="37"></ref><W>get</W><W>annoying</W><W>when</W><W>accelerating</W><W>under</W><W>full</W><W>throttle</W></xcope><W>,</W><W>the</W><W>2002</W><W>Tauruses</W><W>are</W><W>nowhere</W><W>near</W><W>as</W><W>noisy</W><W>,</W><W>at</W><W>least</W><C><cue ID="38" type="negation"><W>not</W></cue></C><xcope ID="53"><ref ID="70" SRC="38"></ref><W>with</W><W>the</W><W>Duratec</W><W>engine</W></xcope><W>.</W></SENTENCE><SENTENCE><W>Since</W><W>it</W><W>&#39;s</W><W>redesign</W><W>in</W><W>2000</W><W>,</W><W>the</W><W>Ford</W><W>Taurus</W><C><cue ID="39" type="speculation"><W>seems</W></cue></C><xcope ID="54"><ref ID="69" SRC="39"></ref><W>to</W><W>take</W><W>bumps</W><W>much</W><W>easier</W></xcope><W>,</W><C><W>and</W></C><W>rattles</W><W>are</W><W>kept</W><W>to</W><W>a</W><W>minimum</W><W>;</W><W>jolts</W><W>are</W><W>also</W><W>much</W><W>easier</W><W>on</W><W>the</W><W>spine</W><W>.</W></SENTENCE><SENTENCE><W>I</W><C><W>can</W></C><W>remember</W><W>driving</W><W>the</W><W>96-1999</W><W>Tauruses</W><C><W>and</W></C><C><cue ID="40" type="negation"><W>not</W></cue></C><xcope ID="56"><ref ID="67" SRC="40"></ref><W>believing</W><W>how</W><W>many</W><W>rattles</W><C><W>and</W></C><W>unexpected</W><W>jolts</W><C><cue ID="41" type="speculation"><W>would</W></cue></C><xcope ID="55"><ref ID="66" SRC="41"></ref><W>be</W><W>present</W><W>on</W><W>bumpy</W><W>surfaces</W></xcope></xcope><W>.</W></SENTENCE><SENTENCE><W>There</W><W>is</W><W>a</W><W>major</W><W>improvement</W><W>vs.</W><W>the</W><W>last</W><W>generation</W><W>in</W><W>this</W><W>dept</W><W>.</W></SENTENCE><SENTENCE><W>Hills</W><W>are</W><W>taken</W><W>well</W><W>.</W></SENTENCE><SENTENCE><W>Surprisingly</W><W>the</W><W>Duratec</W><W>V6</W><W>enables</W><W>this</W><W>heavy</W><W>weight</W><W>to</W><W>tackle</W><W>up</W><W>to</W><W>7</W><W>%</W><W>grades</W><C><cue ID="42" type="negation"><W>without</W></cue></C><xcope ID="57"><ref ID="68" SRC="42"></ref><W>having</W><W>to</W><W>automatically</W><W>down-shift</W><W>to</W><W>maintain</W><W>75</W><W>MPH</W></xcope><W>,</W><C><W>and</W></C><C><cue ID="43" type="speculation"><W>can</W></cue></C><xcope ID="60"><ref ID="65" SRC="43"></ref><W>even</W><W>gain</W><W>speed</W><W>up</W><W>these</W><W>sorts</W><W>of</W><W>inclines</W><C><cue ID="44" type="speculation"><W>if</W></cue></C><xcope ID="59"><ref ID="64" SRC="44"></ref><W>given</W><W>good</W><W>&#39;right</W><W>foot</W><W>power</W></xcope></xcope><W>,</W><W>&#39;</W><W>again</W><C><cue ID="45" type="negation"><W>without</W></cue></C><xcope ID="58"><ref ID="63" SRC="45"></ref><W>the</W><W>need</W><W>for</W><W>the</W><W>automatic</W><W>to</W><W>down-shift</W></xcope><W>.</W></SENTENCE></P><P></P><P><SENTENCE><W>Braking</W><W>in</W><W>the</W><W>2002</W><W>Taurus</W><W>SES</W><W>deluxe</W><W>is</W><W>average-good</W><W>.</W></SENTENCE><SENTENCE><W>Despite</W><W>this</W><W>car</W><W>having</W><W>the</W><W>infamous</W><W>front</W><W>disc</W><W>,</W><W>rear</W><W>drum</W><W>set-up</W><W>,</W><W>it</W><W>has</W><W>standard</W><W>4-wheel</W><W>ABS</W><W>which</W><W>help</W><W>assure</W><W>good</W><W>,</W><W>safe</W><W>stops</W><W>.</W></SENTENCE><SENTENCE><W>I</W><W>was</W><W>somewhat</W><W>impressed</W><W>with</W><W>braking</W><W>,</W><W>however</W><W>I</W><W>still</W><C><W>feel</W></C><W>that</W><W>with</W><W>the</W><W>price</W><W>of</W><W>the</W><W>&#39;</W><W>Taurus</W><W>SES</W><W>deluxe</W><W>&#39;</W><W>4-wheel</W><W>discs</W><W>with</W><W>ABS</W><C><cue ID="46" type="speculation"><W>should</W></cue></C><xcope ID="61"><ref ID="62" SRC="46"></ref><W>be</W><W>standard</W><W>equipment</W></xcope><W>.</W></SENTENCE><SENTENCE><W>Even</W><W>with</W><W>the</W><W>tall</W><W>gearing</W><W>fuel</W><W>economy</W><W>is</W><W>only</W><W>average</W><W>.</W></SENTENCE><SENTENCE><W>The</W><W>EPA</W><W>is</W><W>20/27</W><W>which</W><W>is</W><W>lower</W><W>than</W><W>the</W><W>larger</W><W>,</W><W>less</W><W>sophisticated</W><W>3.8</W><W>OHV</W><W>engined</W><W>Chevrolet</W><W>Impala</W><W>.</W></SENTENCE></P><P></P><P><SENTENCE><W>Fuel</W><W>Economy</W><W>.</W></SENTENCE><SENTENCE><W>gov</W><W>has</W><W>more</W><W>info</W><W>on</W><W>EPA</W><W>ratings</W><W>.</W></SENTENCE></P><P></P><P><SENTENCE><W>Interior</W><W>Accommodation</W><W>:</W></SENTENCE></P><P></P><P><SENTENCE><W>The</W><W>interior</W><W>of</W><W>the</W><W>2002</W><W>Taurus</W><W>SES</W><W>is</W><W>a</W><W>mixed</W><W>bag</W><W>.</W></SENTENCE><SENTENCE><W>While</W><W>the</W><W>car</W><W>possesses</W><W>many</W><W>strong</W><W>attributes</W><W>,</W><W>this</W><W>car</W><W>also</W><W>has</W><W>its</W><W>obvious</W><W>weak</W><W>points</W><W>.</W></SENTENCE><SENTENCE><W>The</W><W>interior</W><W>vs</W><W>its</W><W>recent</W><W>predecessor</W><W>&#39;s</W><W>is</W><W>much</W><W>more</W><W>desirable</W><W>,</W><W>yet</W><W>still</W><W>remains</W><W>cheap</W><W>looking</W><C><W>and</W></C><W>the</W><W>materials</W><W>are</W><W>still</W><C><cue ID="77" type="negation"><W>not</W></cue></C><xcope ID="84"><ref ID="91" SRC="77"></ref><W>up</W><W>to</W><W>par</W></xcope><W>.</W></SENTENCE><SENTENCE><W>For</W><W>example</W><W>,</W><W>the</W><W>dash</W><C><cue ID="78" type="speculation"><W>seems</W></cue></C><xcope ID="85"><ref ID="92" SRC="78"></ref><W>dated</W></xcope><W>,</W><W>cluttered</W><W>,</W><C><W>and</W></C><W>uninteresting</W><W>.</W></SENTENCE><SENTENCE><W>The</W><W>instrument</W><W>cluster</W><W>is</W><W>relatively</W><W>small</W><W>,</W><W>but</W><W>offers</W><W>all</W><W>the</W><W>gauges</W><W>you</W><C><cue ID="79" type="speculation"><W>could</W></cue></C><xcope ID="86"><ref ID="96" SRC="79"></ref><W>want</W></xcope><W>.</W></SENTENCE><SENTENCE><W>Tachometer</W><W>,</W><W>temp</W><W>gauge</W><W>,</W><W>etc</W><W>.</W><W>etc</W><W>.</W><W>are</W><W>added</W><W>for</W><W>driver</W><W>convenience</W><C><W>and</W></C><W>are</W><W>very</W><W>easy</W><W>to</W><W>read</W><W>while</W><W>driving</W><W>.</W></SENTENCE><SENTENCE><W>Some</W><W>noteworthy</W><W>&#39;options</W><W>&#39;</W><W>on</W><W>the</W><W>deluxe</W><W>SES</W><W>include</W><W>,</W><W>AC</W><W>,</W><W>6</W><W>disc</W><W>in-dash</W><W>CD</W><W>player</W><W>,</W><W>adjustable</W><W>pedals</W><W>;</W><W>these</W><W>adjustable</W><W>pedals</W><C><cue ID="81" type="speculation"><W>may</W></cue></C><xcope ID="88"><ref ID="94" SRC="81"></ref><W>sound</W><W>cool</W><W>in</W><W>theory</W></xcope><W>,</W><W>but</W><W>I</W><C><W>feel</W></C><W>Ford</W><C><cue ID="80" type="speculation"><W>should</W></cue></C><xcope ID="87"><ref ID="93" SRC="80"></ref><W>have</W><W>saved</W><W>the</W><W>money</W></xcope><C><W>and</W></C><W>used</W><W>it</W><W>on</W><W>the</W><W>poor</W><W>quality</W><W>leather</W><W>seating</W><W>,</W><W>WWW.</W></SENTENCE><SENTENCE><W>CARS.COM</W><W>has</W><W>more</W><W>info</W><W>on</W><W>all</W><W>equipment</W><W>that</W><C><cue ID="82" type="speculation"><W>can</W></cue></C><xcope ID="89"><ref ID="95" SRC="82"></ref><W>be</W><W>had</W><W>with</W><W>the</W><W>SES</W><W>deluxe</W><W>trim</W></xcope><W>.</W></SENTENCE><SENTENCE><W>Standard</W><W>amenities</W><W>include</W><W>your</W><W>basic</W><W>family</W><W>bag</W><W>.</W></SENTENCE><SENTENCE><W>Dual</W><W>air</W><W>bags</W><W>,</W><W>4</W><W>cup</W><W>holders</W><W>,</W><W>remote</W><W>keyless</W><W>entry</W><W>,</W><W>power</W><W>everything</W><W>,</W><C><W>and</W></C><W>cruise</W><W>control</W><W>.</W></SENTENCE><SENTENCE><W>All</W><W>amenities</W><C><cue ID="83" type="speculation"><W>can</W></cue></C><xcope ID="90"><ref ID="97" SRC="83"></ref><W>boast</W><W>that</W><W>they</W><W>are</W><W>ergonomically</W><W>friendly</W></xcope><W>,</W><W>however</W><W>the</W><W>stereo</W><W>system</W><W>is</W><W>very</W><W>cluttered</W><W>,</W><W>much</W><W>like</W><W>the</W><W>systems</W><W>in</W><W>the</W><W>Volvo</W><W>line-up</W><W>.</W></SENTENCE><SENTENCE><W>This</W><W>system</W><W>also</W><W>falls</W><W>short</W><W>in</W><W>the</W><W>clarity</W><W>department</W><W>,</W><C><W>and</W></C><W>received</W><W>terrible</W><W>FM</W><W>reception</W><W>while</W><W>driving</W><W>through</W><W>local</W><W>mountain</W><W>valleys</W><W>.</W></SENTENCE><SENTENCE><W>Seating</W><W>is</W><W>average</W><W>,</W><W>yet</W><W>again</W><W>falls</W><W>short</W><W>of</W><W>the</W><W>competition</W><W>.</W></SENTENCE><SENTENCE><W>My</W><W>SES</W><W>tester</W><W>was</W><W>equipped</W><W>with</W><W>optional</W><W>front</W><W>bucket</W><W>&#39;plastic</W><W>feeling</W><W>&#39;</W><W>leather</W><W>seats</W><W>with</W><W>a</W><W>&#39;floor</W><W>auto</W><W>shifter</W><W>&#39;</W><C><W>and</W></C><W>console</W><W>betwixt</W><W>the</W><W>driver</W><C><W>and</W></C><W>passenger</W><W>.</W></SENTENCE><SENTENCE><W>These</W><W>seats</W><W>offer</W><W>good</W><C><W>support</W></C><C><W>and</W></C><W>standard</W><W>6-way</W><W>power</W><W>adjustments</W><W>,</W><W>but</W><W>due</W><W>to</W><W>the</W><W>cheap</W><C><W>feel</W></C><W>they</W><W>really</W><W>put</W><W>a</W><W>hamper</W><W>on</W><W>certain</W><W>aspects</W><W>of</W><W>my</W><W>driving</W><W>experience</W><W>with</W><W>this</W><W>car</W><W>.</W></SENTENCE><SENTENCE><W>Wearing</W><W>a</W><W>T-shirt</W><C><W>and</W></C><W>the</W><W>outside</W><W>temp</W><W>being</W><W>55</W><W>degrees</W><W>(yes</W><W>that</W><W>&#39;s</W><W>all</W><W>it</W><W>gets</W><W>here</W><W>during</W><W>the</W><W>day</W><W>)</W><W>my</W><W>arms</W><W>felt</W><W>like</W><W>they</W><W>were</W><W>resting</W><W>on</W><W>ice</W><W>cubes</W><W>while</W><W>first</W><W>trying</W><W>to</W><W>get</W><W>comfy</W><W>in</W><W>these</W><W>pleather</W><W>seats</W><W>.</W></SENTENCE><SENTENCE><W>The</W><W>quality</W><W>of</W><W>the</W><W>leather</W><W>actually</W><W>reminded</W><W>me</W><W>of</W><W>the</W><W>poor</W><W>leather</W><W>seating</W><W>in</W><W>my</W><W>1989</W><W>Mercury</W><W>Sable</W><W>.</W></SENTENCE><SENTENCE><W>The</W><W>rear</W><W>seats</W><W>are</W><W>made</W><W>of</W><W>the</W><W>same</W><W>cheap</W><W>material</W><W>,</W><W>which</W><W>offers</W><W>a</W><W>60/40</W><W>split</W><W>configuration</W><W>.</W></SENTENCE><SENTENCE><W>Like</W><W>all</W><W>Ford</W><W>Tauruses</W><W>room</W><W>remains</W><W>very</W><W>good</W><W>,</W><W>front</W><C><W>and</W></C><W>rear</W><W>passengers</W><W>will</W><W>enjoy</W><W>more</W><W>than</W><W>enough</W><W>room</W><W>for</W><W>long</W><W>trips</W><W>.</W></SENTENCE><SENTENCE><W>Storage</W><W>is</W><W>also</W><W>good</W><W>.</W></SENTENCE><SENTENCE><W>Tons</W><W>of</W><W>room</W><W>for</W><W>a</W><W>family</W><W>of</W><W>5s</W><W>&#39;</W><W>weeks</W><W>worth</W><W>of</W><W>groceries</W><W>.</W></SENTENCE><SENTENCE><W>There</W><W>are</W><W>also</W><W>many</W><W>storage</W><W>compartments</W><W>throughout</W><W>the</W><W>cabin</W><W>.</W></SENTENCE></P><P></P><P><SENTENCE><W>Exterior</W><W>Innovation</W><W>:</W></SENTENCE></P><P></P><P><SENTENCE><W>The</W><W>exterior</W><W>of</W><W>the</W><W>2002</W><W>Ford</W><W>Taurus</W><W>,</W><W>while</W><W>once</W><W>looking</W><W>like</W><W>what</W><W>many</W><C><W>thought</W></C><W>looked</W><W>like</W><W>a</W><W>jelly</W><W>bean</W><W>back</W><W>in</W><W>&#39;86</W><W>,</W><W>than</W><W>a</W><W>space</W><W>ship</W><W>in</W><W>&#39;96</W><W>,</W><W>has</W><W>now</W><W>joined</W><W>the</W><W>world</W><W>of</W><W>Plain</W><W>Jane</W><W>automotive</W><W>design</W><W>.</W></SENTENCE><SENTENCE><W>There</W><W>are</W><W>large</W><W>see-through</W><W>effect</W><W>head</W><W>lamps</W><W>,</W><C><W>and</W></C><W>angled</W><W>tail</W><W>lamps</W><W>,</W><W>but</W><W>this</W><W>car</W><W>still</W><W>looks</W><W>like</W><W>every</W><W>car</W><W>you</W><W>see</W><W>on</W><W>the</W><W>Hertz</W><W>rental</W><W>car</W><W>lot</W><W>.</W></SENTENCE><SENTENCE><W>The</W><W>16</W><W>&#34;</W><W>5</W><W>spoke</W><W>alloy</W><W>rims</W><W>,</W><C><W>and</W></C><W>optional</W><W>spoiler</W><W>do</W><W>add</W><W>some</W><W>sport</W><W>to</W><W>this</W><W>sedan</W><W>,</W><W>but</W><W>still</W><W>looks</W><W>every</W><W>bit</W><W>the</W><W>part</W><W>of</W><W>a</W><W>car</W><W>that</W><W>was</W><W>made</W><W>to</W><W>get</W><W>lost</W><W>in</W><W>traffic</W><W>.</W></SENTENCE><SENTENCE><W>The</W><C><W>loss</W></C><W>of</W><W>the</W><W>dual</W><W>exhaust</W><W>system</W><W>on</W><W>the</W><W>Duratec</W><W>equipped</W><W>models</W><W>just</W><W>makes</W><W>it</W><W>that</W><W>much</W><W>harder</W><W>for</W><W>this</W><W>car</W><W>to</W><W>look</W><W>sporty</W><W>.</W></SENTENCE></P><P></P><P><SENTENCE><W>Price</W><W>,</W><W>Reliability</W><W>,</W><W>and</W><W>Warranty</W><W>:</W></SENTENCE></P><P></P><P><SENTENCE><W>With</W><W>the</W><W>2002</W><W>model</W><W>year</W><W>coming</W><W>to</W><W>a</W><W>close</W><W>I</W><W>&#39;m</W><W>sure</W><W>there</W><W>are</W><W>rebates</W><W>out</W><W>there</W><W>on</W><W>these</W><W>cars</W><W>,</W><W>however</W><W>my</W><W>tester</W><W>had</W><C><cue ID="112" type="negation"><W>none</W></cue></C><W>,</W><C><W>and</W></C><W>was</W><W>priced</W><W>at</W><W>a</W><W>whopping</W><W>$</W><W>23,000</W><C><cue ID="98" type="negation"><W>without</W></cue></C><xcope ID="111"><ref ID="112" SRC="98"></ref><W>taxes</W></xcope><W>.</W></SENTENCE><SENTENCE><W>Reliability</W><W>with</W><W>the</W><W>Ford</W><W>Taurus</W><W>has</W><W>almost</W><W>always</W><W>been</W><W>poor</W><W>.</W></SENTENCE><SENTENCE><W>I</W><W>always</W><W>hear</W><W>from</W><W>Taurus</W><W>owners</W><W>that</W><W>their</W><W>new</W><W>car</W><W>has</W><W>had</W><C><cue ID="99" type="negation"><W>no</W></cue></C><xcope ID="110"><ref ID="113" SRC="99"></ref><W>problems</W></xcope><W>,</W><W>but</W><W>after</W><W>3</W><W>years</W><W>they</W><W>are</W><W>in</W><W>the</W><W>shop</W><W>getting</W><W>a</W><W>new</W><W>transmission</W><W>.</W></SENTENCE><SENTENCE><W>This</W><W>has</W><W>been</W><W>the</W><W>norm</W><W>for</W><W>these</W><W>cars</W><W>for</W><W>some</W><W>years</W><W>now</W><W>,</W><C><W>and</W></C><W>I</W><W>am</W><W>now</W><W>getting</W><W>complaints</W><W>that</W><W>the</W><W>&#39;99</W><W>models</W><W>are</W><W>having</W><W>reliability</W><W>problems</W><W>.</W></SENTENCE><SENTENCE><C><cue ID="100" type="negation"><W>Not</W></cue></C><xcope ID="109"><ref ID="115" SRC="100"></ref><W>sure</W><C><cue ID="101" type="speculation"><W>if</W></cue></C><xcope ID="108"><ref ID="114" SRC="101"></ref><W>Ford</W><W>fixed</W><W>any</W><W>of</W><W>these</W><W>problems</W></xcope></xcope><W>,</W><W>but</W><C><cue ID="102" type="speculation"><W>if</W></cue></C><xcope ID="107"><ref ID="116" SRC="102"></ref><W>this</W><W>car</W><W>is</W><W>a</W><W>&#39;must</W><W>&#39;</W><W>on</W><W>your</W><W>shopping</W><W>list</W></xcope><W>,</W><C><W>and</W></C><W>you</W><C><cue ID="103" type="speculation"><W>can</W></cue></C><xcope ID="106"><ref ID="117" SRC="103"></ref><W>afford</W><W>it</W></xcope><W>,</W><W>I</W><C><cue ID="104" type="speculation"><W>would</W></cue></C><xcope ID="105"><ref ID="118" SRC="104"></ref><W>ask</W><W>for</W><W>an</W><W>extended</W><W>warranty</W></xcope><W>,</W><W>as</W><W>Ford</W><W>only</W><W>offers</W><W>a</W><W>3</W><W>year</W><W>36,000</W><W>mile</W><W>warranty</W><W>with</W><W>roadside</W><W>assistance</W><W>.</W></SENTENCE></P></DOCUMENT>
