<?xml version="1.0" encoding="UTF-8"?>
<DOCUMENT><P></P><P><SENTENCE><W>Almost</W><W>40</W><W>years</W><W>old</W><W>now</W><W>,</W><W>the</W><W>Mustang</W><W>is</W><W>still</W><W>going</W><W>strong</W><W>.</W></SENTENCE><SENTENCE><W>According</W><W>to</W><W>specs</W><W>sells</W><W>have</W><W>reached</W><W>over</W><W>150,000</W><W>units</W><W>for</W><W>2002</W><W>alone</W><W>;</W><W>people</W><W>continue</W><W>to</W><W>flood</W><W>into</W><W>showrooms</W><W>to</W><W>get</W><W>the</W><W>&#39;best</W><W>bang</W><W>for</W><W>their</W><W>buck</W><W>&#39;</W><W>.</W></SENTENCE><SENTENCE><W>The</W><W>Mustang</W><W>for</W><W>2002</W><W>comes</W><W>in</W><W>4</W><W>models</W><W>,</W><W>the</W><W>2</W><W>base</W><W>trim</W><W>lines</W><W>which</W><W>feature</W><W>a</W><W>190</W><W>horsepower</W><W>3.8</W><W>liter</W><W>engine</W><W>that</W><W>is</W><W>offered</W><W>in</W><C><cue ID="0" type="speculation"><W>either</W></cue></C><xcope ID="4"><ref COMMENTS="" ID="36" SRC="1"></ref><W>a</W><W>convertible</W></xcope><C><cue ID="1" type="speculation"><W>or</W></cue></C><xcope ID="5"><ref COMMENTS="" ID="35" SRC="1"></ref><W>coupe</W></xcope><W>.</W></SENTENCE><SENTENCE><W>The</W><W>other</W><W>2</W><W>trim</W><W>lines</W><W>are</W><W>performance</W><W>models</W><W>,</W><W>known</W><W>as</W><W>the</W><W>GT.</W></SENTENCE><SENTENCE><W>The</W><W>GT</W><W>features</W><W>a</W><W>SOHC</W><W>,</W><W>4.6</W><W>liter</W><W>unit</W><W>,</W><C><W>and</W></C><W>is</W><W>also</W><W>offered</W><W>in</W><C><cue ID="2" type="speculation"><W>either</W></cue></C><W>a</W><xcope ID="7"><ref COMMENTS="" ID="38" SRC="3"></ref><W>coupe</W></xcope><C><cue ID="3" type="speculation"><W>or</W></cue></C><xcope ID="6"><ref COMMENTS="" ID="37" SRC="3"></ref><W>convertible</W></xcope><W>.</W></SENTENCE></P><P></P><P><SENTENCE><W>NOTE</W><W>:</W><W>There</W><W>is</W><C><cue ID="16" type="negation"><W>no</W></cue></C><xcope ID="17"><ref COMMENTS="" ID="18" SRC="16"></ref><W>Cobra</W><W>offered</W><W>this</W><W>year</W></xcope><W>,</W><W>next</W><W>year</W><W>there</W><W>will</W><W>be</W><W>a</W><W>390</W><W>horsepower</W><W>,</W><W>supercharged</W><W>,</W><W>Cobra</W><W>Mustang</W><W>.</W></SENTENCE></P><P></P><P><SENTENCE><W>Driving</W><W>Impressions</W><W>:</W></SENTENCE></P><P></P><P><SENTENCE><W>Since</W><W>1999</W><W>the</W><W>Mustang</W><W>GT</W><W>has</W><W>underwent</W><W>dramatic</W><W>styling</W><W>,</W><W>performance</W><W>changes</W><W>,</W><C><W>and</W></C><W>minor</W><W>interior</W><C><W>and</W></C><W>chassis</W><W>modifications</W><W>.</W></SENTENCE><SENTENCE><W>Most</W><W>people</W><W>favor</W><W>these</W><W>changes</W><W>made</W><W>by</W><W>Ford</W><W>.</W></SENTENCE><SENTENCE><W>The</W><W>Mustang</W><W>GT</W><C><cue ID="19" type="negation"><W>no</W></cue></C><xcope ID="27"><ref COMMENTS="" ID="42" SRC="19"></ref><W>longer</W><W>has</W><W>a</W><W>&#39;just</W><W>adequate</W><W>&#39;</W><W>215</W><W>horse</W><W>power</W><W>as</W><W>it</W><W>did</W><W>in</W><W>1996-1997</W></xcope><W>,</W><C><cue ID="20" type="negation"><W>nor</W></cue></C><xcope ID="28"><ref COMMENTS="" ID="41" SRC="20"></ref><W>does</W><W>it</W><W>have</W><W>225</W><W>horse</W><W>power</W><W>like</W><W>it</W><W>had</W><W>in</W><W>&#39;98.</W></xcope></SENTENCE><SENTENCE><W>For</W><W>the</W><W>2002</W><W>model</W><W>year</W><W>the</W><W>Mustang</W><W>GT</W><W>now</W><W>has</W><W>an</W><W>exciting</W><W>260</W><W>horsepower</W><W>at</W><W>5,250</W><W>RPM</W><W>,</W><C><W>and</W></C><W>302</W><W>lb-ft</W><W>of</W><W>torque</W><W>with</W><W>its</W><W>modified</W><W>4.6</W><W>liter</W><W>SOHC</W><W>modular</W><W>V8</W><W>.</W><W>260</W><W>horse</W><W>power</W><W>for</W><W>a</W><W>Muscle</W><W>car/sports</W><W>car</W><C><cue ID="21" type="speculation"><W>may</W></cue></C><xcope ID="30"><ref COMMENTS="" ID="40" SRC="21"></ref><C><cue ID="22" type="negation"><W>not</W></cue></C><xcope ID="29"><ref COMMENTS="" ID="39" SRC="22"></ref><W>sound</W><W>&#39;super</W><W>powerful&#39;</W></xcope></xcope><W>,</W><W>especially</W><W>since</W><W>its</W><W>rival</W><W>,</W><W>the</W><W>Camaro</W><W>Z28</W><W>has</W><W>60</W><W>more</W><W>horses</W><W>.</W></SENTENCE><SENTENCE><W>The</W><W>2002</W><W>GT</W><W>does</W><W>very</W><W>well</W><W>with</W><W>the</W><W>the</W><W>260</W><W>horses</W><W>provided</W><W>.</W></SENTENCE><SENTENCE><W>The</W><W>5-speed</W><W>allows</W><W>the</W><W>driver</W><W>to</W><W>get</W><W>the</W><W>most</W><W>out</W><W>of</W><W>this</W><W>engine</W><W>,</W><W>although</W><W>it</W><C><cue ID="23" type="speculation"><W>would</W></cue></C><xcope ID="32"><ref COMMENTS="" ID="38" SRC="23"></ref><W>be</W><W>appreciated</W><C><cue ID="24" type="speculation"><W>if</W></cue></C><xcope ID="31"><ref COMMENTS="" ID="37" SRC="24"></ref><W>a</W><W>silky</W><W>smooth</W><W>6-speed</W><W>was</W><W>added</W><W>to</W><W>the</W><W>line-up</W></xcope></xcope><W>.</W></SENTENCE><SENTENCE><W>The</W><W>considerable</W><W>power</W><W>increase</W><W>in</W><W>the</W><W>mid-range</W><W>after</W><W>1999</W><W>means</W><W>the</W><W>GT</W><W>really</W><W>moves</W><W>!</W></SENTENCE><SENTENCE><W>Burnouts</W><W>are</W><W>almost</W><W>inevitable</W><W>when</W><W>matched</W><W>with</W><W>the</W><W>5-speed</W><W>manual</W><W>,</W><W>especially</W><W>when</W><W>in</W><W>the</W><W>hands</W><W>of</W><W>a</W><W>driver</W><W>with</W><W>a</W><W>heavy</W><W>foot</W><W>.</W></SENTENCE><SENTENCE><W>The</W><W>GT</W><W>is</W><W>very</W><W>strong</W><W>off</W><W>the</W><W>line</W><W>,</W><C><W>and</W></C><W>continues</W><W>to</W><W>be</W><W>so</W><W>all</W><W>the</W><W>way</W><W>to</W><W>100</W><W>MPH</W><W>.</W></SENTENCE><SENTENCE><W>The</W><W>top</W><W>speed</W><W>is</W><W>reported</W><W>to</W><W>be</W><W>near</W><W>150</W><W>MPH</W><W>,</W><W>but</W><W>you</W><cue ID="26" type="negation"><W>wo</W><W>n&#39;t</W></cue><xcope ID="34"><ref COMMENTS="" ID="36" SRC="26"></ref><W>see</W><W>me</W><W>driving</W><W>one</W><W>that</W><W>fast</W><W>,</W><W>at</W><W>least</W><C><cue ID="25" type="negation"><W>not</W></cue></C><xcope ID="33"><ref COMMENTS="" ID="35" SRC="25"></ref><W>on</W><W>the</W><W>street</W></xcope></xcope><W>.</W></SENTENCE><SENTENCE><W>I</W><W>have</W><W>only</W><W>taken</W><W>my</W><W>friends</W><W>2002</W><W>Mustang</W><W>GT</W><W>Coupe</W><W>(</W><W>my</W><W>test</W><W>machine</W><W>)</W><W>out</W><W>for</W><W>a</W><W>few</W><W>runs</W><W>by</W><W>myself</W><W>,</W><C><W>and</W></C><W>each</W><W>time</W><W>it</W><W>&#39;s</W><W>a</W><W>blast</W><W>.</W></SENTENCE><SENTENCE><W>I</W><W>do</W><W>test</W><W>drive</W><W>quite</W><W>a</W><W>few</W><W>cars</W><W>,</W><C><W>and</W></C><W>out</W><W>of</W><W>all</W><W>the</W><W>cars</W><W>under</W><W>$</W><W>30,000</W><W>,</W><W>the</W><W>2002</W><W>GT</W><W>is</W><W>one</W><W>of</W><W>the</W><W>most</W><W>involving</W><W>to</W><W>drive</W><W>,</W><C><W>and</W></C><W>one</W><W>of</W><W>the</W><W>fastest</W><W>to</W><W>boot</W><W>.</W></SENTENCE></P><P></P><P><SENTENCE><W>On</W><W>the</W><W>freeway</W><W>the</W><W>Mustang</W><W>is</W><W>a</W><W>little</W><W>louder</W><W>than</W><W>needed</W><W>,</W><W>but</W><W>this</W><W>is</W><W>all</W><W>part</W><W>of</W><W>the</W><W>fun</W><W>.</W></SENTENCE><SENTENCE><W>The</W><W>GT</W><W>&#39;s</W><W>dual</W><W>exhaust</W><W>offers</W><W>a</W><W>beefy</W><W>note</W><W>,</W><W>letting</W><W>other</W><W>drivers</W><W>know</W><W>you</W><W>are</W><W>in</W><W>a</W><W>serious</W><W>muscle</W><W>car</W><W>.</W></SENTENCE><SENTENCE><W>The</W><W>Mustang</W><W>GT</W><W>is</W><W>very</W><W>compliant</W><W>on</W><W>bumpy</W><W>roads</W><W>,</W><W>especially</W><W>for</W><W>a</W><W>performance</W><W>natured</W><W>car</W><W>,</W><C><W>and</W></C><W>does</W><W>quite</W><W>well</W><W>in</W><W>slippery</W><W>conditions</W><W>,</W><W>thanks</W><W>to</W><W>its</W><W>genius</W><W>traction</W><W>control</W><W>.</W></SENTENCE><SENTENCE><W>A</W><W>stiff</W><W>chassis</W><C><W>and</W></C><W>well-tuned</W><W>suspension</W><W>means</W><W>the</W><W>2002</W><W>Mustang</W><W>GT</W><W>really</W><W>takes</W><W>to</W><W>twisty</W><W>roads</W><W>with</W><W>enthusiasm</W><W>.</W></SENTENCE><SENTENCE><W>A</W><W>fairly</W><W>wide-track</W><W>,</W><C><W>and</W></C><W>large</W><W>17</W><W>&#34;</W><W>rims</W><W>,</W><W>with</W><W>all</W><W>season</W><W>radials</W><W>result</W><W>in</W><W>excellent</W><W>stability</W><C><W>and</W></C><W>impressively</W><W>high</W><W>levels</W><W>of</W><W>grip</W><W>.</W></SENTENCE></P><P></P><P><SENTENCE><W>Braking</W><W>is</W><W>also</W><W>good</W><W>.</W></SENTENCE><SENTENCE><W>My</W><W>Test</W><W>car</W><W>came</W><W>with</W><W>4-wheel</W><W>discs</W><W>with</W><W>4-wheel</W><W>ABS</W><W>,</W><W>this</W><W>is</W><W>standard</W><W>safety</W><W>equipment</W><W>on</W><W>all</W><W>2002</W><W>Mustangs</W><W>.</W></SENTENCE></P><P></P><P><SENTENCE><W>Note</W><W>:</W><C><W>Expect</W></C><W>to</W><W>get</W><W>around</W><W>26</W><W>MPG</W><W>with</W><W>conservative</W><W>driving</W><W>with</W><W>the</W><W>5-speed</W><W>manual</W><W>.</W></SENTENCE><SENTENCE><W>Also</W><W>a</W><W>4-speed</W><W>automatic</W><W>transmission</W><W>is</W><W>optional</W><W>.</W></SENTENCE></P><P></P><P><SENTENCE><W>About</W><W>the</W><W>engine</W><W>:</W><W>In</W><W>1996</W><W>,</W><W>the</W><W>Mustang</W><W>GT</W><W>ditched</W><W>the</W><W>5.0</W><W>OHV</W><W>unit</W><W>,</W><C><W>and</W></C><W>got</W><W>a</W><W>new</W><W>engine</W><W>in</W><W>the</W><W>form</W><W>of</W><W>a</W><W>4.6</W><W>liter</W><W>V8</W><W>modular</W><W>unit</W><W>.</W></SENTENCE><SENTENCE><W>While</W><W>rated</W><W>at</W><W>only</W><W>215</W><W>horse</W><W>power</W><W>in</W><W>1996</W><C><W>and</W></C><W>1997</W><W>,</W><C><W>and</W></C><W>225</W><W>in</W><W>1998</W><W>,</W><W>the</W><W>1999-2002</W><W>Mustang</W><W>GT</W><W>&#39;s</W><W>offer</W><W>basically</W><W>the</W><W>same</W><W>4.6</W><W>SOHC</W><W>engine</W><W>,</W><W>only</W><W>with</W><W>260</W><W>horse</W><W>power</W><C><W>and</W></C><W>302</W><W>lb-ft</W><W>of</W><W>torque</W><W>.</W></SENTENCE><SENTENCE><W>This</W><W>welcomed</W><W>increase</W><W>in</W><W>power</W><W>is</W><W>mainly</W><W>because</W><W>of</W><W>higher</W><W>lift</W><W>,</W><W>longer</W><W>duration</W><W>cams</W><W>,</W><W>bigger</W><W>valves</W><W>,</W><C><W>and</W></C><W>a</W><W>revised</W><W>intake</W><W>system</W><W>.</W></SENTENCE></P><P></P><P><SENTENCE><W>The</W><W>2002</W><W>Mustang</W><W>GT</W><W>also</W><W>got</W><W>a</W><W>revised</W><W>suspension</W><W>in</W><W>1999</W><W>,</W><W>namely</W><W>a</W><W>wider</W><W>rear</W><W>track</W><W>,</W><C><W>and</W></C><W>greater</W><W>suspension</W><W>travel</W><W>.</W></SENTENCE><SENTENCE><W>The</W><W>1999-2002</W><W>Mustang</W><W>GT</W><W>&#39;s</W><W>also</W><W>have</W><W>received</W><W>revised</W><W>shock</W><W>absorbers</W><C><W>and</W></C><W>anti</W><W>roll</W><W>bars</W><W>to</W><W>improve</W><W>handling</W><W>.</W></SENTENCE><SENTENCE><W>note</W><W>:</W><W>The</W><W>base</W><W>models</W><W>equipped</W><W>with</W><W>the</W><W>3.8</W><W>liter</W><W>engines</W><W>do</W><C><cue ID="43" type="negation"><W>not</W></cue></C><xcope ID="44"><ref COMMENTS="" ID="45" SRC="43"></ref><W>get</W><W>this</W><W>treatment</W></xcope><W>.</W></SENTENCE></P><P></P><P><SENTENCE><W>Interior</W><W>Accommodation</W><W>:</W></SENTENCE></P><P></P><P><SENTENCE><W>The</W><W>interior</W><W>of</W><W>the</W><W>2002</W><W>Mustang</W><W>GT</W><W>is</W><W>very</W><W>well</W><W>laid</W><W>out</W><W>,</W><C><W>and</W></C><W>very</W><W>well</W><W>equipped</W><W>.</W></SENTENCE><SENTENCE><W>Test</W><W>car</W><W>came</W><W>with</W><W>power</W><W>everything</W><W>,</W><W>a</W><W>thick</W><W>leather</W><W>wrapped</W><W>steering</W><W>wheel</W><W>,</W><W>an</W><W>optional</W><W>460</W><W>watt</W><W>stereo</W><W>system</W><W>,</W><W>with</W><W>a</W><W>6</W><W>disc</W><W>CD</W><W>changer</W><W>.</W></SENTENCE><SENTENCE><W>(</W><W>a</W><W>1,140</W><W>watt</W><W>System</W><W>is</W><W>available</W><C><cue ID="46" type="speculation"><W>if</W></cue></C><xcope ID="48"><ref COMMENTS="" ID="51" SRC="46"></ref><W>you</W><W>want</W><W>to</W><W>blow</W><W>your</W><W>ear</W><W>drums</W><W>out</W></xcope><W>.)</W></SENTENCE><SENTENCE><W>Some</W><W>other</W><W>amenities</W><W>included</W><W>a</W><W>super</W><W>cold</W><W>AC</W><W>,</W><W>daytime</W><W>running</W><W>lamps</W><W>,</W><W>a</W><W>tachometer</W><W>,</W><W>a</W><W>theft</W><W>deterrent</W><W>system</W><W>,</W><C><W>and</W></C><W>tinted</W><W>glass</W><W>.</W></SENTENCE><SENTENCE><W>Ergonomics</W><W>are</W><W>near</W><W>perfect</W><W>in</W><W>the</W><W>2002</W><W>GT</W><W>,</W><C><W>and</W></C><W>so</W><W>is</W><W>the</W><W>drivers</W><W>position</W><W>.</W></SENTENCE><SENTENCE><W>The</W><W>GT</W><W>offers</W><W>excellent</W><W>visibility</W><W>,</W><W>easy-to-use</W><W>controls</W><W>,</W><C><W>and</W></C><W>superior</W><W>comfort</W><W>for</W><W>long</W><W>journeys</W><W>.</W></SENTENCE><SENTENCE><W>The</W><W>Mustang</W><W>GT</W><W>&#39;s</W><W>2</W><W>front</W><W>sport</W><W>bucket</W><W>seats</W><W>were</W><W>dressed</W><W>in</W><W>leather</W><C><W>and</W></C><W>boasted</W><W>6</W><W>way</W><W>power</W><W>.</W></SENTENCE><SENTENCE><W>The</W><W>seats</W><W>in</W><W>the</W><W>Front</W><W>are</W><W>very</W><W>comfortable</W><C><W>and</W></C><W>supportive</W><W>,</W><W>but</W><W>because</W><W>of</W><W>the</W><C><W>lack</W></C><W>of</W><W>leg</W><C><W>and</W></C><W>head</W><W>room</W><W>in</W><W>the</W><W>rear</W><W>,</W><W>the</W><W>experience</W><W>is</W><C><cue ID="47" type="negation"><W>not</W></cue></C><xcope ID="49"><ref COMMENTS="" ID="50" SRC="47"></ref><W>quite</W><W>as</W><W>positive</W></xcope><W>.</W></SENTENCE><SENTENCE><W>The</W><W>front</W><W>passenger</W><C><W>and</W></C><W>driver</W><W>are</W><W>given</W><W>plenty</W><W>of</W><W>room</W><W>however</W><W>.</W></SENTENCE></P><P></P><P><SENTENCE><W>Exterior</W><W>Innovation</W><W>:</W></SENTENCE></P><P></P><P><SENTENCE><W>Since</W><W>the</W><W>Mustangs</W><W>Substantial</W><W>makeover</W><W>for</W><W>1999</W><W>,</W><W>this</W><W>car</W><W>looks</W><W>aggressive</W><C><W>and</W></C><W>distinctive</W><W>with</W><W>a</W><W>wider</W><W>,</W><W>more</W><W>road</W><W>hugging</W><W>stance</W><W>.</W></SENTENCE><SENTENCE><W>There</W><W>really</W><W>is</W><C><cue ID="52" type="negation"><W>not</W></cue></C><xcope ID="53"><ref COMMENTS="" ID="54" SRC="52"></ref><W>much</W><W>difference</W><W>from</W><W>the</W><W>look</W><W>of</W><W>the</W><W>base</W><W>models</W></xcope><W>,</W><C><W>expect</W></C><W>some</W><W>minor</W><W>cosmetic</W><W>treatments</W><W>,</W><W>some</W><W>include</W><W>side</W><W>hood</W><W>scoops</W><W>,</W><C><W>and</W></C><W>a</W><W>GT</W><W>badge</W><W>on</W><W>the</W><W>side</W><W>of</W><W>the</W><W>car</W><W>,</W><C><W>and</W></C><W>a</W><W>&#39;</W><W>Mustang</W><W>GT&#39;</W><W>badge</W><W>in-graved</W><W>in</W><W>the</W><W>rear</W><W>bumper</W><W>.</W></SENTENCE><SENTENCE><W>The</W><W>front</W><W>Headlights</W><W>are</W><W>flush</W><W>,</W><C><W>and</W></C><W>very</W><W>slightly</W><W>&#39;cat</W><W>eyed&#39;</W><W>,</W><W>triple</W><W>taillights</W><W>continue</W><W>to</W><W>be</W><W>part</W><W>of</W><W>the</W><W>Mustangs</W><W>theme</W><W>,</W><W>but</W><W>they</W><W>now</W><W>have</W><W>sharper</W><W>edges</W><W>like</W><W>the</W><W>rest</W><W>of</W><W>the</W><W>body</W><W>.</W></SENTENCE></P><P></P><P><SENTENCE><W>Price</W><W>,</W><W>Warranty</W><W>,</W><C><W>and</W></C><W>Reliability</W><W>:</W><W>The</W><W>2002</W><W>Mustang</W><W>starts</W><W>out</W><W>at</W><W>around</W><W>$</W><W>16K</W><W>for</W><W>the</W><W>base</W><W>modeled</W><W>coupes</W><W>.</W></SENTENCE><SENTENCE><W>A</W><W>GT</W><W>model</W><W>will</W><W>run</W><W>in-between</W><W>$</W><W>22,000-$</W><W>28,000</W><W>.</W></SENTENCE><SENTENCE><W>My</W><W>test</W><W>car</W><W>has</W><W>8,000</W><W>miles</W><W>on</W><W>it</W><W>,</W><C><W>and</W></C><W>my</W><W>friend</W><W>has</W><C><cue ID="55" type="negation"><W>never</W></cue></C><xcope ID="60"><ref COMMENTS="" ID="61" SRC="55"></ref><W>had</W><W>to</W><W>take</W><W>it</W><W>to</W><W>the</W><W>shop</W></xcope><W>,</W><W>but</W><W>with</W><W>only</W><W>8,000</W><W>miles</W><W>it</W><W>&#39;s</W><W>kinda</W><W>hard</W><W>to</W><W>comment</W><W>on</W><W>her</W><W>car</W><W>&#39;s</W><W>reliability</W><W>.</W></SENTENCE><SENTENCE><W>The</W><W>GT</W><W>has</W><W>always</W><W>been</W><W>a</W><W>fairly</W><W>reliable</W><W>car</W><W>,</W><W>even</W><W>in</W><W>its</W><W>pushrod</W><W>days</W><W>,</W><W>the</W><W>GT</W><W>has</W><W>offered</W><W>years</W><W>of</W><W>reliable</W><W>performance</W><W>,</W><W>just</W><W>look</W><W>at</W><W>all</W><W>the</W><W>older</W><W>GT</W><W>&#39;s</W><W>we</W><W>see</W><W>on</W><W>the</W><W>road</W><W>.</W></SENTENCE><SENTENCE><W>I</W><C><cue ID="57" type="speculation"><W>suggest</W></cue></C><xcope ID="58"><ref COMMENTS="" ID="63" SRC="57"></ref><W>you</W><W>ask</W><W>around</W></xcope><W>,</W><W>I</W><W>&#39;m</W><W>guessing</W><W>you</W><W>will</W><W>hear</W><W>good</W><W>news</W><W>from</W><W>the</W><W>owners</W><W>of</W><W>these</W><W>cars</W><W>.</W></SENTENCE><SENTENCE><W>Ford</W><W>does</W><C><cue ID="56" type="negation"><W>not</W></cue></C><xcope ID="59"><ref COMMENTS="" ID="62" SRC="56"></ref><W>offer</W><W>the</W><W>best</W><W>warranty</W></xcope><W>,</W><W>Ford</W><W>offers</W><W>a</W><W>3</W><W>year</W><W>36,000</W><W>mile</W><W>bumper</W><W>to</W><W>bumper</W><W>warranty</W><W>on</W><W>the</W><W>GT.</W></SENTENCE></P><P></P><P><SENTENCE><W>Final</W><W>Notes</W><W>:</W></SENTENCE></P><P></P><P><SENTENCE><W>It</W><W>takes</W><W>a</W><W>certain</W><W>type</W><W>of</W><W>person</W><W>to</W><W>appreciate</W><W>the</W><W>Mustang</W><W>GT</W><W>,</W><C><cue ID="64" type="speculation"><W>if</W></cue></C><xcope ID="69"><ref COMMENTS="" ID="75" SRC="64"></ref><W>you</W><W>are</W><W>into</W><W>high</W><W>revving</W><W>4-cylinders</W><W>this</W><W>is</W><W>definitely</W><C><cue ID="65" type="negation"><W>not</W></cue></C><xcope ID="68"><ref COMMENTS="" ID="74" SRC="65"></ref><W>your</W><W>car</W></xcope></xcope><W>.</W></SENTENCE><SENTENCE><W>The</W><W>2002</W><W>GT</W><W>offers</W><W>excellent</W><W>muscle</W><C><W>and</W></C><W>accommodation</W><W>at</W><W>an</W><W>excellent</W><W>price</W><W>.</W></SENTENCE></P><P></P><P><SENTENCE><C><cue ID="66" type="speculation"><W>If</W></cue></C><xcope ID="70"><ref COMMENTS="" ID="73" SRC="66"></ref><W>you</W><W>liked</W><W>this</W><W>review</W></xcope><W>,</W><W>you</W><C><cue ID="67" type="speculation"><W>might</W></cue></C><xcope ID="71"><ref COMMENTS="" ID="72" SRC="67"></ref><W>also</W><W>like</W><W>to</W><W>read</W><W>my</W><W>review</W><W>on</W><W>the</W><W>Mustang</W><W>&#39;s</W><W>rival</W><W>,</W><W>the</W><W>Camaro</W><W>Z28</W></xcope></SENTENCE></P><P></P><P><SENTENCE><W>-Happy</W><W>Car</W><W>Shopping</W><W>!</W></SENTENCE></P></DOCUMENT>
