<?xml version="1.0" encoding="UTF-8"?>
<DOCUMENT><P></P><P><SENTENCE><W>Mitsubishi</W><W>has</W><W>finally</W><W>decided</W><W>to</W><W>bring</W><W>an</W><W>up</W><W>to</W><W>date</W><W>compact</W><W>to</W><W>American</W><W>shores</W><W>.</W></SENTENCE><SENTENCE><W>The</W><W>Lancer</W><W>has</W><W>been</W><W>available</W><W>in</W><W>other</W><W>parts</W><W>of</W><W>the</W><W>world</W><W>for</W><W>a</W><W>while</W><W>so</W><W>the</W><W>mechanicals</W><W>of</W><W>the</W><W>car</W><C><W>and</W></C><W>chassis</W><W>are</W><W>reliable</W><W>.</W></SENTENCE><SENTENCE><W>Additionally</W><W>,</W><W>a</W><W>big</W><W>plus</W><W>(</W><W>for</W><W>me</W><W>at</W><W>least</W><W>)</W><W>is</W><W>that</W><W>Lancers</W><W>are</W><W>assembled</W><W>in</W><W>Japan</W><W>.</W></SENTENCE></P><P></P><P><SENTENCE><W>The</W><W>first</W><W>thing</W><W>you</W><W>&#39;ll</W><W>notice</W><W>about</W><W>the</W><W>Lancer</W><W>is</W><W>that</W><W>its</W><W>exterior</W><W>design</W><W>stands</W><W>out</W><W>from</W><W>the</W><W>slightly</W><W>&#34;jellybean</W><W>&#34;</W><W>Corolla</W><W>,</W><W>Civic</W><W>,</W><C><W>and</W></C><W>Elantra</W><W>bodystyles</W><W>out</W><W>there</W><W>.</W></SENTENCE><SENTENCE><W>Mitsubishi</W><W>gave</W><W>the</W><W>car</W><W>crisp</W><W>lines</W><W>which</W><W>establish</W><W>a</W><W>clean</W><W>look</W><W>.</W></SENTENCE><SENTENCE><W>The</W><W>headlights</W><C><W>and</W></C><W>integrated</W><W>turn</W><W>signal</W><W>assembly</W><W>look</W><W>more</W><W>European</W><W>than</W><W>Asian</W><W>in</W><W>origin</W><W>.</W></SENTENCE><SENTENCE><W>The</W><W>only</W><W>area</W><W>which</W><W>looks</W><W>a</W><W>bit</W><W>plain</W><C><cue ID="0" type="speculation"><W>would</W></cue></C><xcope ID="1"><ref COMMENTS="" ID="2" SRC="0"></ref><W>be</W><W>the</W><W>tail</W><W>light</W><W>clusters</W></xcope><W>,</W><W>but</W><W>remember</W><W>we</W><W>&#39;re</W><W>talking</W><W>about</W><W>a</W><W>sub</W><W>$</W><W>16k</W><W>car</W><W>,</W><C><W>and</W></C><W>most</W><W>other</W><W>compacts</W><W>are</W><C><W>no</W></C><W>better</W><W>in</W><W>this</W><W>regard</W><W>.</W></SENTENCE></P><P></P><P><SENTENCE><W>Now</W><W>on</W><W>to</W><W>more</W><W>mechanical</W><W>matters</W><W>:</W></SENTENCE></P><P></P><P><SENTENCE><W>First</W><W>,</W><W>the</W><W>4G94</W><W>2.0L</W><W>Mitsubishi</W><W>engine</W><W>is</W><W>the</W><W>smoothest</W><W>,</W><W>quietest</W><W>,</W><W>4</W><W>cylinder</W><W>powerplant</W><W>I</W><W>have</W><W>ever</W><W>driven</W><W>.</W></SENTENCE><SENTENCE><W>I</W><W>test</W><W>drove</W><W>Focus</W><W>,</W><W>Elantra</W><W>,</W><W>Protege</W><W>,</W><C><W>and</W></C><W>Civic</W><W>high</W><W>level</W><W>trims</W><W>.</W></SENTENCE><SENTENCE><W>The</W><W>Mitsubishi</W><W>engine</W><W>is</W><W>simply</W><W>a</W><W>jewel</W><W>while</W><W>running</W><C><W>and</W></C><W>absolutely</W><W>puts</W><W>the</W><W>Ford</W><W>Zetec</W><C><W>and</W></C><W>Hyundai</W><W>engine</W><W>to</W><W>shame</W><W>.</W></SENTENCE></P><P></P><P><SENTENCE><W>The</W><W>5spd</W><W>manual</W><W>transmission</W><W>shifts</W><W>nicely</W><C><W>and</W></C><W>has</W><W>a</W><W>real</W><W>5th</W><W>gear</W><W>overdrive</W><W>which</W><W>drops</W><W>the</W><W>revs</W><W>for</W><W>quiet</W><W>highway</W><W>cruising</W><W>.</W></SENTENCE><SENTENCE><W>In</W><W>5th</W><W>gear</W><W>at</W><W>70MPH</W><W>,</W><W>the</W><W>Lancer</W><W>is</W><W>only</W><W>turning</W><W>approx</W><W>2750RPM.</W></SENTENCE><SENTENCE><W>The</W><W>clutch</W><W>has</W><W>a</W><W>high</W><W>engagement</W><W>point</W><W>compared</W><W>to</W><W>other</W><W>manual</W><W>tranmission</W><W>cars</W><W>I</W><W>test</W><W>drove</W><W>,</W><W>but</W><W>it</W><W>&#39;s</W><C><cue ID="3" type="negation"><W>not</W></cue></C><xcope ID="4"><ref COMMENTS="" ID="5" SRC="3"></ref><W>a</W><W>big</W><W>issue</W></xcope><W>.</W></SENTENCE></P><P></P><P><SENTENCE><W>EPA</W><W>fuel</W><W>economy</W><W>rating</W><W>is</W><W>28/33</W><W>with</W><W>the</W><W>5spd</W><W>manual</W><W>.</W></SENTENCE><SENTENCE><W>However</W><W>on</W><W>my</W><W>first</W><W>tank</W><W>I</W><W>got</W><W>33mpg</W><W>in</W><W>mixed</W><W>city/hwy</W><W>with</W><W>the</W><W>A/C</W><W>on</W><W>almost</W><W>all</W><W>the</W><W>time</W><W>.</W></SENTENCE><SENTENCE><W>Considering</W><W>the</W><W>car</W><W>now</W><W>has</W><W>only</W><W>272</W><W>miles</W><W>on</W><W>it</W><W>,</W><W>I</W><W>&#39;d</W><W>say</W><W>that</W><W>&#39;s</W><W>pretty</W><W>encouraging</W><W>.</W></SENTENCE></P><P></P><P><SENTENCE><W>Additionally</W><W>,</W><W>the</W><W>Lancer</W><W>&#39;s</W><W>engine</W><W>provides</W><W>very</W><W>decent</W><W>off</W><W>the</W><W>line</W><W>punch</W><W>to</W><W>get</W><W>the</W><W>car</W><W>moving</W><W>up</W><W>to</W><W>speed</W><W>.</W></SENTENCE><SENTENCE><W>You</W><W>do</W><C><cue ID="6" type="negation"><W>NOT</W></cue></C><xcope ID="7"><ref COMMENTS="" ID="8" SRC="6"></ref><W>have</W><W>to</W><W>rev</W><W>the</W><W>engine</W><W>up</W><W>to</W><W>near</W><W>redline</W></xcope><W>in</W><W>order</W><W>to</W><W>achieve</W><W>satisfying</W><W>acceleration</W><W>.</W></SENTENCE></P><P></P><P><SENTENCE><W>The</W><W>Lancer</W><W>&#39;s</W><W>chassis</W><W>is</W><W>an</W><W>area</W><W>that</W><W>will</W><C><cue ID="9" type="speculation"><W>probably</W></cue></C><xcope ID="12"><ref COMMENTS="" ID="17" SRC="9"></ref><W>disappoint</W><W>pocket</W><W>rocket</W><W>enthusiasts</W><W>expecting</W><W>race</W><W>car</W><W>type</W><W>cornering</W></xcope><C><W>and</W></C><W>go-kart</W><W>like</W><W>reflexes</W><W>.</W></SENTENCE><SENTENCE><W>However</W><W>,</W><W>for</W><W>the</W><W>rest</W><W>of</W><W>us</W><W>,</W><W>a</W><W>Lancer</W><W>in</W><W>stock</W><W>form</W><W>(</W><W>across</W><W>all</W><W>trim</W><W>levels</W><W>)</W><W>provides</W><W>a</W><W>quiet</W><W>,</W><W>comfortable</W><W>,</W><W>controlled</W><W>ride</W><W>across</W><W>a</W><W>variety</W><W>of</W><W>pavement</W><W>surfaces</W><W>.</W></SENTENCE><SENTENCE><W>Handling</W><W>is</W><C><cue ID="11" type="negation"><W>not</W></cue></C><xcope ID="13"><ref COMMENTS="" ID="16" SRC="11"></ref><W>sloppy</W></xcope><W>,</W><W>but</W><C><cue ID="10" type="speculation"><W>probably</W></cue></C><xcope ID="14"><ref COMMENTS="" ID="15" SRC="10"></ref><W>a</W><W>bit</W><W>behind</W><W>the</W><W>Protege</W></xcope><W>.</W></SENTENCE><SENTENCE><W>Protege</W><W>is</W><W>much</W><W>more</W><W>controlled</W><W>during</W><W>quick</W><W>cornering</W><W>,</W><W>but</W><W>at</W><W>the</W><W>expense</W><W>of</W><W>a</W><W>somewhat</W><W>harsh</W><C><W>and</W></C><W>jittery</W><W>ride</W><W>-</W><W>especially</W><W>on</W><W>bad</W><W>pavement</W><W>.</W></SENTENCE></P><P></P><P><SENTENCE><W>The</W><W>Lancer</W><W>OZ</W><W>is</W><C><W>supposed</W></C><W>to</W><W>be</W><W>a</W><W>bit</W><W>more</W><W>sporty</W><W>,</W><W>but</W><W>does</W><W>n&#39;t</W><W>have</W><W>anything</W><W>mechanically</W><W>to</W><W>&#34;kick</W><W>it</W><W>up</W><W>a</W><W>notch</W><W>&#34;</W><W>in</W><W>the</W><W>handling</W><W>department</W><W>versus</W><W>the</W><W>LS</W><C><W>or</W></C><W>ES</W><W>trims</W><W>.</W></SENTENCE><SENTENCE><W>The</W><W>only</W><W>chassis</W><W>related</W><W>complaint</W><W>I</W><W>have</W><W>is</W><W>that</W><W>the</W><W>power</W><W>steering</W><W>is</W><W>overboosted</W><W>at</W><W>low</W><W>speed</W><C><W>and</W></C><W>the</W><W>suspension</W><W>allows</W><W>a</W><W>bit</W><W>more</W><W>body</W><W>roll</W><W>that</W><W>I</W><C><cue ID="19" type="speculation"><W>would</W></cue></C><xcope ID="25"><W>normally</W><W>like</W></xcope><W>.</W></SENTENCE><SENTENCE><W>My</W><W>Lancer</W><W>came</W><W>with</W><W>Goodyear</W><W>Eagle</W><W>LS</W><W>tires</W><W>,</W><W>which</W><W>are</W><W>a</W><W>pure</W><W>passenger</W><W>car</W><W>tire</W><W>with</W><C><cue ID="18" type="negation"><W>no</W></cue></C><xcope ID="24"><ref COMMENTS="" ID="26" SRC="18"></ref><W>performance</W><W>inclination</W></xcope><W>.</W></SENTENCE><SENTENCE><C><cue ID="20" type="speculation"><W>If</W></cue></C><xcope ID="23"><ref COMMENTS="" ID="27" SRC="20"></ref><W>there</W><W>was</W><W>a</W><W>weakest</W><W>link</W><W>on</W><W>my</W><W>OZ</W><W>as</W><W>delivered</W></xcope><W>,</W><W>this</W><C><cue ID="21" type="speculation"><W>would</W></cue></C><xcope ID="22"><ref COMMENTS="" ID="28" SRC="21"></ref><W>be</W><W>it</W></xcope><W>.</W></SENTENCE></P><P></P><P><SENTENCE><W>Brakes</W><W>are</W><W>front</W><W>ventilated</W><W>disc</W><W>/</W><W>rear</W><W>drum</W><C><W>and</W></C><W>provide</W><W>sufficient</W><W>stopping</W><W>power</W><W>for</W><W>normal</W><W>duties</W><W>.</W></SENTENCE><SENTENCE><W>All</W><W>the</W><W>other</W><W>cars</W><W>I</W><W>&#39;ve</W><W>mentioned</W><W>with</W><W>the</W><W>exception</W><W>of</W><W>the</W><W>Protege</W><W>ES</W><W>use</W><W>a</W><W>disc/drum</W><W>setup</W><W>,</W><W>but</W><W>it</W><C><cue ID="29" type="speculation"><W>would</W></cue></C><xcope ID="37"><ref COMMENTS="" ID="39" SRC="29"></ref><W>have</W><W>been</W><W>nice</W><C><cue ID="30" type="speculation"><W>if</W></cue></C><xcope ID="36"><ref COMMENTS="" ID="38" SRC="30"></ref><W>Mitsubishi</W><W>had</W><W>installed</W><W>four</W><W>wheel</W><W>disc</W><W>brakes</W></xcope></xcope><W>(</W><W>on</W><W>the</W><W>OZ</W><W>at</W><W>least</W><W>)</W><W>for</W><W>increased</W><W>stopping</W><W>power</W><W>.</W></SENTENCE><SENTENCE><W>The</W><W>only</W><W>quirk</W><W>is</W><W>that</W><W>Mitsubishi</W><W>only</W><W>offers</W><W>ABS</W><W>on</W><W>the</W><W>Lancer</W><W>LS</W><W>trim</W><W>level</W><W>,</W><W>it</W><W>&#39;s</W><C><cue ID="31" type="negation"><W>not</W></cue></C><xcope ID="35"><ref COMMENTS="" ID="42" SRC="31"></ref><W>available</W><W>on</W><W>the</W><xcope ID="34"><ref COMMENTS="" ID="41" SRC="32"></ref><W>ES</W></xcope><C><cue ID="32" type="speculation"><W>or</W></cue></C><xcope ID="33"><ref COMMENTS="" ID="40" SRC="32"></ref><W>OZ.</W></xcope></xcope></SENTENCE></P><P></P><P><SENTENCE><W>To</W><W>sum</W><W>it</W><W>up</W><W>,</W><W>when</W><W>you</W><W>drive</W><W>the</W><W>car</W><W>under</W><W>normal</W><W>use</W><W>,</W><W>it</W><W>&#39;s</W><W>amazingly</W><W>smooth</W><C><W>and</W></C><W>refined</W><W>.</W></SENTENCE><SENTENCE><W>You</W><W>simply</W><C><W>feel</W></C><W>as</W><C><cue ID="43" type="speculation"><W>if</W></cue></C><xcope ID="44"><ref COMMENTS="" ID="45" SRC="43"></ref><W>you</W><W>have</W><W>a</W><W>larger</W><W>car</W><W>beneath</W><W>as</W><W>you</W><W>go</W><W>down</W><W>the</W><W>road</W></xcope><W>.</W></SENTENCE><SENTENCE><W>Body</W><W>rigidity</W><W>is</W><W>excellent</W><W>which</W><W>supports</W><W>very</W><W>low</W><W>NVH</W><W>(</W><W>noise</W><W>,</W><W>vibration</W><W>,</W><C><W>and</W></C><W>harshness</W><W>)</W><W>levels</W><W>that</W><W>the</W><W>auto</W><W>journalists</W><W>are</W><W>always</W><W>checking</W><W>on</W><W>.</W></SENTENCE></P><P></P><P><SENTENCE><W>Interior</W><W>design-wise</W><W>,</W><W>Mitsubishi</W><W>provides</W><W>a</W><W>very</W><W>roomy</W><W>interior</W><W>within</W><W>a</W><W>small</W><W>size</W><W>car</W><W>.</W></SENTENCE><SENTENCE><W>I</W><C><cue ID="46" type="speculation"><W>believe</W></cue></C><xcope ID="53"><ref COMMENTS="" ID="57" SRC="46"></ref><W>they</W><C><cue ID="47" type="speculation"><W>probably</W></cue></C><xcope ID="52"><ref COMMENTS="" ID="56" SRC="47"></ref><W>stole</W><W>a</W><W>little</W><W>space</W><W>from</W><W>the</W><W>trunk</W><W>to</W><W>give</W><W>to</W><W>back</W><W>seat</W><W>passengers</W></xcope></xcope><W>,</W><W>but</W><C><cue ID="48" type="speculation"><W>if</W></cue></C><xcope ID="51"><ref COMMENTS="" ID="55" SRC="48"></ref><W>I</W><W>have</W><W>three</W><W>friends</W><W>in</W><W>the</W><W>car</W></xcope><W>,</W><W>I</W><C><cue ID="49" type="speculation"><W>think</W></cue></C><xcope ID="50"><ref COMMENTS="" ID="54" SRC="49"></ref><W>they</W><W>&#39;d</W><W>appreciate</W><W>it</W></xcope><W>.</W></SENTENCE></P><P></P><P><SENTENCE><W>The</W><W>material(</W><W>s</W><W>)</W><W>quality</W><W>is</W><W>good</W><W>overall</W><W>for</W><W>the</W><W>price</W><W>range</W><W>of</W><W>the</W><W>car</W><W>.</W></SENTENCE><SENTENCE><W>I</W><C><cue ID="58" type="speculation"><W>would</W></cue></C><xcope ID="63"><ref COMMENTS="" ID="64" SRC="58"></ref><W>rate</W><W>front</W><W>seat</W><W>comfort</W><W>as</W><W>very</W><W>good</W></xcope><W>-</W><W>I</W><W>&#39;m</W><W>6&#39;3</W><C><W>and</W></C><W>245lbs</W><C><W>and</W></C><W>long</W><W>legged</W><W>.</W></SENTENCE><SENTENCE><W>The</W><W>driver</W><W>&#39;s</W><W>seat</W><W>goes</W><W>far</W><W>enough</W><W>back</W><W>that</W><W>I</W><C><cue ID="59" type="speculation"><W>can</W></cue></C><xcope ID="62"><ref COMMENTS="" ID="65" SRC="59"></ref><W>stretch</W><W>out</W><W>while</W><W>driving</W></xcope><C><W>and</W></C><W>a</W><W>dead</W><W>pedal</W><W>is</W><W>provided</W><W>for</W><W>your</W><W>left</W><W>foot</W><W>for</W><W>even</W><W>more</W><W>comfort</W><W>.</W></SENTENCE><SENTENCE><W>There</W><W>is</W><W>plenty</W><W>of</W><W>leg</W><W>room</W><W>for</W><W>rear</W><W>seat</W><W>passengers</W><W>,</W><C><cue ID="60" type="negation"><W>no</W></cue></C><xcope ID="61"><ref COMMENTS="" ID="66" SRC="60"></ref><W>matter</W><W>how</W><W>the</W><W>front</W><W>seats</W><W>are</W><W>adjusted</W></xcope><W>.</W></SENTENCE></P><P></P><P><SENTENCE><W>The</W><W>benefit</W><W>of</W><W>the</W><W>OZ</W><W>for</W><W>me</W><W>was</W><W>that</W><W>a</W><W>slightly</W><W>upscale</W><W>black</W><W>interior</W><W>is</W><W>used</W><W>with</W><W>nice</W><W>looking</W><W>black</W><W>fabric</W><W>cloth</W><W>for</W><W>the</W><W>seats</W><W>.</W></SENTENCE><SENTENCE><W>Otherwise</W><xcope ID="69"><ref COMMENTS="" ID="71" SRC="67"></ref><W>you</W><W>&#39;d</W><W>be</W><W>stuck</W><W>with</W><W>the</W><W>typical</W><W>light</W><W>grey</W></xcope><C><cue ID="67" type="speculation"><W>or</W></cue></C><xcope ID="68"><ref COMMENTS="" ID="70" SRC="67"></ref><W>tan</W><W>interiors</W><W>available</W><W>in</W><W>Asian</W><W>cars</W></xcope><W>.</W></SENTENCE><SENTENCE><W>Another</W><W>nice</W><W>perk</W><W>for</W><W>the</W><W>OZ</W><W>is</W><W>that</W><W>the</W><W>gauge</W><W>cluster</W><W>is</W><W>styled</W><W>after</W><W>Mitsubishi</W><W>&#39;s</W><W>Evolution</W><W>rally</W><W>car</W><W>.</W></SENTENCE><SENTENCE><W>Gauges</W><W>are</W><W>creme</W><W>faced</W><W>,</W><W>round</W><W>,</W><W>easy</W><W>to</W><W>read</W><W>,</W><C><W>and</W></C><W>glow</W><W>a</W><W>soft</W><W>orange/red</W><W>at</W><W>night</W><W>for</W><W>easy</W><W>visibility</W><W>.</W></SENTENCE></P><P></P><P><SENTENCE><W>I</W><W>just</W><W>traded</W><W>my</W><W>2001</W><W>Toyota</W><W>4x4</W><W>4Runner</W><W>in</W><W>on</W><W>my</W><W>new</W><W>Lancer</W><W>.</W></SENTENCE><SENTENCE><W>I</W><W>am</W><W>going</W><W>to</W><W>grad</W><W>school</W><C><W>and</W></C><W>wanted</W><W>to</W><W>get</W><W>a</W><W>much</W><W>more</W><W>economical</W><W>car</W><W>that</W><W>was</W><W>more</W><W>suited</W><W>to</W><W>my</W><W>needs</W><W>.</W></SENTENCE><SENTENCE><W>After</W><W>a</W><W>week</W><W>with</W><W>my</W><W>new</W><W>Lancer</W><W>OZ</W><W>,</W><W>I</W><W>&#39;ve</W><W>gotten</W><W>all</W><W>that</W><C><W>and</W></C><W>much</W><W>more</W><W>,</W><W>including</W><W>a</W><W>vehicle</W><W>which</W><W>is</W><W>fully</W><W>paid</W><W>off</W><W>.</W></SENTENCE></P><P></P><P><SENTENCE><C><cue ID="74" type="speculation"><W>If</W></cue></C><xcope ID="88"><ref COMMENTS="" ID="89" SRC="74"></ref><W>you</W><W>&#39;re</W><W>in</W><W>the</W><W>market</W><W>for</W><W>a</W><W>new</W><W>compact</W></xcope><W>,</W><W>you</W><W>&#39;d</W><W>be</W><W>negligent</W><C><cue ID="72" type="speculation"><W>if</W></cue></C><xcope ID="78"><ref COMMENTS="" ID="84" SRC="72"></ref><W>you</W><cue ID="73" type="negation"><W>did</W><W>n&#39;t</W></cue><xcope ID="77"><ref COMMENTS="" ID="83" SRC="73"></ref><W>go</W><W>to</W><W>your</W><W>Mitsubishi</W><W>dealership</W><W>to</W><W>at</W><W>least</W><W>test</W><W>drive</W><W>a</W><W>new</W><W>Lancer</W></xcope></xcope><W>.</W></SENTENCE><SENTENCE><W>I</W><W>&#39;m</W><W>sure</W><W>that</W><W>Honda</W><C><W>and</W></C><W>Toyota</W><W>loyalists</W><C><cue ID="75" type="speculation"><W>may</W></cue></C><xcope ID="81"><ref COMMENTS="" ID="86" SRC="75"></ref><W>decree</W><W>that</W><W>Mitsubishi</W><cue ID="79" type="negation"><W>does</W><W>n&#39;t</W></cue><xcope ID="80"><ref COMMENTS="" ID="85" SRC="79"></ref><W>have</W><W>the</W><W>goods</W><W>to</W><W>compete</W></xcope></xcope><W>since</W><W>they</W><W>&#39;re</W><W>the</W><W>more</W><W>established</W><W>players</W><W>in</W><W>the</W><W>arena</W><W>.</W></SENTENCE><SENTENCE><W>However</W><W>,</W><W>a</W><W>quick</W><W>test</W><W>drive</W><C><cue ID="76" type="speculation"><W>may</W></cue></C><xcope ID="82"><ref COMMENTS="" ID="87" SRC="76"></ref><W>enlighten</W><W>you</W><W>to</W><W>the</W><W>fact</W><W>that</W><W>Mitsubishi</W><W>has</W><W>done</W><W>their</W><W>homework</W><W>here</W></xcope><C><W>and</W></C><W>at</W><W>the</W><W>very</W><W>least</W><W>now</W><W>offer</W><W>a</W><W>product</W><W>on</W><W>par</W><W>with</W><W>their</W><W>Japanese</W><W>rivals</W><W>.</W></SENTENCE></P></DOCUMENT>
