<?xml version="1.0" encoding="UTF-8"?>
<DOCUMENT><P/><P><SENTENCE><W>I</W><W>opted</W><W>for</W><W>the</W><W>Focus</W><W>over</W><W>a</W><W>Subaru</W><W>Legacy</W><W>(</W><W>over</W><W>$</W><W>20K</W><W>with</W><W>safety</W><W>features</W><W>I</W><W>wanted</W><W>)</W><C><W>and</W></C><W>the</W><W>Toyota</W><W>Matrix</W><W>(tiny</W><W>rear</W><W>windshield</W><W>,</W><W>small</W><W>cargo</W><W>)</W><W>.</W></SENTENCE><SENTENCE><W>I</W><W>went</W><W>for</W><W>ALL</W><W>the</W><W>bells</W><C><W>and</W></C><W>whistles</W><W>as</W><W>a</W><W>consolation</W><C><W>and</W></C><W>am</W><W>enjoying</W><W>the</W><W>sunroof</W><W>,</W><W>the</W><W>leather</W><W>,</W><W>the</W><W>nimbleness</W><C><W>and</W></C><W>the</W><W>overall</W><W>ride</W><W>.</W></SENTENCE><SENTENCE><W>As</W><W>I</W><W>had</W><W>to</W><W>factory-order</W><W>my</W><W>5-speed</W><W>,</W><W>there</W><W>was</W><W>n&apos;t</W><W>much</W><W>negotiating</W><W>on</W><W>the</W><W>price</W><C><W>and</W></C><W>I</W><C><cue ID="0" type="speculation"><W>think</W></cue></C><xcope ID="6"><ref COMMENTS="" ID="20" SRC="0"/><W>I</W><W>paid</W><W>top-dollar</W></xcope><W>.</W></SENTENCE><SENTENCE><W>For</W><W>this</W><W>reason</W><W>I</W><W>was</W><W>peeved</W><W>when</W><W>at</W><W>2400</W><W>miles</W><W>my</W><W>gas</W><W>light</W><W>when</W><W>on</W><W>which</W><W>required</W><W>a</W><W>trip</W><W>back</W><W>to</W><W>the</W><W>dealer</W><C><W>and</W></C><W>a</W><W>full</W><W>day</W><W>in</W><W>the</W><W>shop</W><W>to</W><W>replace</W><W>fuel</W><W>pump</W><W>.</W></SENTENCE><SENTENCE><W>Now</W><W>at</W><W>12000</W><W>miles</W><W>,</W><W>she</W><W>&apos;s</W><W>been</W><W>problem</W><W>free</W><W>since</W><W>,</W><W>but</W><W>I</W><W>have</W><W>yet</W><W>to</W><W>see</W><W>better</W><W>than</W><W>30</W><W>mpg</W><W>on</W><W>the</W><W>highway</W><W>.</W></SENTENCE><SENTENCE><W>When</W><W>I</W><W>bought</W><W>this</W><W>car</W><W>the</W><W>warranty</W><W>was</W><W>only</W><W>for</W><W>3</W><W>years/36K</W><W>miles</W><C><W>and</W></C><W>I</W><W>have</W><W>been</W><W>weary</W><W>of</W><W>that</W><W>having</W><W>heard</W><W>Ford</W><W>horror</W><W>stories</W><W>.</W></SENTENCE><SENTENCE><W>I</W><W>plan</W><W>on</W><W>keeping</W><W>my</W><W>bright</W><W>highway-sign</W><W>(</W><W>&quot;grabber</W><W>&quot;</W><W>)</W><W>green</W><W>(</W><W>very</W><W>easy</W><W>to</W><W>pick</W><W>out</W><W>in</W><W>a</W><W>parking</W><W>lot</W><W>of</W><W>silver</W><W>sedans</W><W>)</W><W>little</W><W>car</W><W>at</W><W>least</W><W>until</W><W>it</W><W>&apos;s</W><W>paid</W><W>for</W><W>(</W><W>2006</W><W>)</W><W>,</W><W>I</W><W>&apos;m</W><W>just</W><W>praying</W><W>it</W><W>stays</W><W>together</W><W>that</W><W>long</W><W>.</W></SENTENCE><SENTENCE><W>But</W><W>that</W><W>&apos;s</W><W>just</W><W>my</W><W>nerves</W><W>;</W><W>the</W><W>car</W><W>has</W><W>been</W><W>great</W><W>ever</W><W>since</W><W>the</W><W>fuel</W><W>pump</W><W>thing</W><W>.</W></SENTENCE><SENTENCE><W>Resale</W><W>value</W><W>will</W><C><cue ID="1" type="negation"><W>not</W></cue></C><xcope ID="7"><ref COMMENTS="" ID="19" SRC="1"/><W>be</W><W>in</W><W>my</W><W>favor</W><W>thanks</W><W>to</W><W>my</W><W>preference</W><W>for</W><W>a</W><W>stick</W></xcope><W>,</W><C><W>and</W></C><W>the</W><W>legacy</W><W>of</W><W>the</W><W>earlier</W><W>Focii</W><W>.</W></SENTENCE><SENTENCE><W>I</W><W>&apos;m</W><W>glad</W><W>I</W><W>opted</W><W>for</W><W>all</W><W>the</W><W>extra</W><W>airbags</W><W>,</W><W>because</W><C><cue ID="2" type="speculation"><W>if</W></cue></C><xcope ID="8"><ref COMMENTS="" ID="18" SRC="2"/><W>an</W><W>SUV</W><W>ever</W><W>runs</W><W>me</W><W>down</W></xcope><W>,</W><W>I</W><W>&apos;ll</W><W>surely</W><W>need</W><W>them</W><W>.</W></SENTENCE><SENTENCE><W>The</W><W>leather</W><W>has</W><W>been</W><W>a</W><W>helpful</W><W>feature</W><W>as</W><W>my</W><W>toddler</W><W>likes</W><W>to</W><W>challenge</W><W>the</W><W>durability</W><W>of</W><W>everything</W><W>.</W></SENTENCE><SENTENCE><W>This</W><W>past</W><W>winter</W><W>surely</W><W>put</W><W>the</W><W>advancetrac</W><W>steering</W><W>system</W><W>to</W><W>the</W><W>test</W><C><W>and</W></C><W>I</W><C><cue ID="3" type="speculation"><W>must</W></cue></C><xcope ID="9"><ref COMMENTS="" ID="17" SRC="3"/><W>admit</W><W>I</W><W>felt</W><W>very</W><W>secure</W><W>on</W><W>the</W><W>snowy</W></xcope><W>,</W><W>sometimes</W><W>icy</W><W>roads</W><W>.</W></SENTENCE><SENTENCE><W>Of</W><W>course</W><W>I</W><W>drove</W><W>like</W><W>a</W><W>grandmother</W><W>whilst</W><W>all</W><W>the</W><W>bigger</W><W>vehicles</W><W>with</W><W>fearless</W><W>drivers</W><W>at</W><W>the</W><W>helm</W><W>sped</W><W>by</W><W>.</W></SENTENCE><SENTENCE><W>Oh</W><W>,</W><W>yeah</W><W>,</W><W>cargo</W><W>is</W><W>fantastic</W><W>(</W><W>3</W><W>more</W><W>cubic</W><W>feet</W><W>than</W><W>the</W><W>Subaru!</W><W>)</W><W>my</W><W>only</W><W>complaint</W><W>is</W><W>that</W><W>they</W><W>bothered</W><W>to</W><W>split</W><W>the</W><W>back</W><W>of</W><W>the</W><W>back</W><W>seat</W><W>,</W><W>but</W><C><cue ID="4" type="negation"><W>not</W></cue></C><xcope ID="11"><ref COMMENTS="" ID="16" SRC="4"/><W>the</W><W>fold</W><W>up</W><W>bench</W></xcope><W>,</W><W>so</W><W>I</W><cue ID="12" type="negation"><W>ca</W><W>n&apos;t</W></cue><xcope ID="13"><ref COMMENTS="" ID="15" SRC="12"/><W>carry</W><W>anything</W><W>long</W><W>with</W><W>my</W><W>kid</W><W>in</W><W>her</W><W>car</W><W>seat</W></xcope><W>.</W></SENTENCE><SENTENCE><W>Funny</W><W>thing</W><W>is</W><W>that</W><W>it</W><W>&apos;s</W><W>depicted</W><W>how</W><W>I</W><C><cue ID="5" type="speculation"><W>would</W></cue></C><xcope ID="10"><ref COMMENTS="" ID="14" SRC="5"/><W>like</W><W>it</W><W>in</W><W>the</W><W>owner</W><W>&apos;s</W><W>manual</W></xcope><W>.</W></SENTENCE><SENTENCE><W>Go</W><W>figure</W><W>.</W></SENTENCE></P></DOCUMENT>