<?xml version="1.0" encoding="UTF-8"?>
<DOCUMENT><P></P><P><SENTENCE><W>Wonderful</W><W>!</W></SENTENCE><SENTENCE><W>Ive</W><W>had</W><W>my</W><W>eyes</W><W>on</W><W>the</W><W>ZX2</W><W>since</W><W>it</W><W>was</W><W>introduced</W><W>,</W><W>but</W><W>the</W><W>last</W><W>Escort</W><W>we</W><W>bought</W><W>(</W><W>in</W><W>1999</W><W>)</W><W>was</W><W>the</W><W>4-door</W><W>SE</W><W>Sport</W><W>,</W><W>which</W><W>we</W><W>still</W><W>have</W><W></W><W>after</W><W>115K</W><W>--</W><W>shows</W><W>little</W><W>obvious</W><W>wear</W><C><W>and</W></C><W>were</W><W>hoping</W><W>that</W><W>our</W><W>new</W><W>ZX2</W><W>will</W><W>give</W><W>us</W><W>similar</W><W>excellent</W><W>service</W><W>.</W></SENTENCE></P><P></P><P><SENTENCE><W>Our</W><W>ZX2</W><W>has</W><W>all</W><W>the</W><W>options</W><C><W>except</W></C><W>for</W><W>leather</W><W></W><W>we</W><W>like</W><W>the</W><W>smell</W><W>of</W><W>leather</W><W>,</W><W>but</W><W>hate</W><W>to</W><W>actually</W><W>sit</W><W>on</W><W>the</W><W>stuff</W><W>.</W></SENTENCE><SENTENCE><W>The</W><W>ZX2</W><W>is</W><W>wonderful</W><W>,</W><W>but</W><W>then</W><W>Ill</W><W>admit</W><W>Im</W><W>enamored</W><W>with</W><W>smaller</W><W>cars</W><W>,</W><C><W>and</W></C><W>I</W><W>see</W><C><cue ID="0" type="negation"><W>no</W></cue></C><xcope ID="3"><ref COMMENTS="" ID="7" SRC="0"></ref><W>reason</W><W>to</W><W>pay</W><W>big</W><W>$</W><W>$</W><W>$</W><W>just</W><W>to</W><W>impress</W><W>the</W><W>parking</W><W>valet</W></xcope><W>,</W><W>also</W><W>our</W><W>kids</W><W>are</W><W>grown</W><W>,</W><W>so</W><W>the</W><W>back</W><W>seat</W><W>is</W><W>mostly</W><W>just</W><W>for</W><W>storage</W><W>on</W><W>trips</W><W>.</W></SENTENCE><SENTENCE><W>Before</W><W>we</W><W>bought</W><W>the</W><W>ZX2</W><W>we</W><W>also</W><W>looked</W><W>at</W><W>the</W><W>Dodge</W><W>Neon</W><W>,</W><W>the</W><W>Honda</W><W>Civic</W><C><W>and</W></C><W>the</W><W>Ford</W><W>Focus</W><W>.</W></SENTENCE><SENTENCE><W>The</W><W>Neon</W><W>was</W><W>unimpressive</W><W>,</W><W>but</W><W>the</W><W>Civic</W><W>was</W><W>quite</W><W>nice</W><W></W><W>just</W><C><cue ID="1" type="negation"><W>not</W></cue></C><xcope ID="4"><ref COMMENTS="" ID="8" SRC="1"></ref><W>$</W><W>3-4K</W><W>nicer</W></xcope><W>,</W><W>that</W><W>our</W><W>local</W><W>dealers</W><W>were</W><W>charging</W><W>for</W><W>equivalent</W><W>options</W><W>.</W></SENTENCE><SENTENCE><W>We</W><W>like</W><W>Fords</W><W>,</W><W>but</W><W>when</W><W>they</W><W>replaced</W><W>the</W><W>solid</W><W>little</W><W>Escort</W><W>with</W><W>the</W><W>Euro-esque</W><W>Focus</W><W>(</W><W>although</W><W>both</W><W>it</W><C><W>and</W></C><W>the</W><W>ZX2</W><W>we</W><W>bought</W><W>,</W><W>are</W><W>actually</W><W>assembled</W><W>in</W><W>Mexico</W><W>)</W><W>,</W><W>I</W><W>had</W><W>to</W><W>gulp</W><W>.</W></SENTENCE><SENTENCE><W>Ive</W><W>tried</W><W>to</W><W>like</W><W>the</W><W>Focus</W><W>,</W><C><W>and</W></C><W>mechanically</W><W>theyre</W><xcope ID="5"><ref COMMENTS="" ID="10" SRC="2"></ref><W>on</W><W>par</W></xcope><C><cue ID="2" type="speculation"><W>or</W></cue></C><xcope ID="6"><ref COMMENTS="" ID="9" SRC="2"></ref><W>better</W></xcope><W>than</W><W>anything</W><W>else</W><W>in</W><W>this</W><W>price</W><W>range</W><W>--</W><W>but</W><W>I</W><W>guess</W><W>my</W><W>ancestors</W><W>have</W><W>been</W><W>gone</W><W>from</W><W>Europe</W><W>way</W><W>too</W><W>long</W><W>for</W><W>me</W><W>to</W><W>appreciate</W><W>that</W><W>wedge-of-cheese</W><W>look</W><W>.</W></SENTENCE><SENTENCE><W>I</W><W>like</W><W>my</W><W>cars</W><W>to</W><W>look</W><W>like</W><W>,</W><W>well</W><W>,</W><W>cars</W><W>.</W></SENTENCE></P><P></P><P><SENTENCE><W>So</W><W>,</W><W>the</W><W>ZX2</W><W>was</W><W>the</W><W>best</W><W>way</W><W>to</W><W>get</W><W>back</W><W>to</W><W>the</W><W>Escort</W><W>chassis</W><C><W>and</W></C><W>drive-train</W><W>weve</W><W>grown</W><W>to</W><W>appreciate</W><C><W>and</W></C><W>trust</W><W>.</W></SENTENCE><SENTENCE><W>What</W><W>a</W><W>nice</W><W>surprise</W><W>.</W></SENTENCE><SENTENCE><W>The</W><W>ZX2</W><W>reminds</W><W>me</W><W>of</W><W>the</W><W>little</W><W>Audi</W><W>I</W><W>brought</W><W>back</W><W>from</W><W>Germany</W><W>in</W><W>the</W><W>1980s</W><W></W><W>although</W><W>the</W><W>ZX2s</W><W>fit</W><C><W>and</W></C><W>finish</W><W>is</W><W>much</W><W>,</W><W>much</W><W>better</W><W>than</W><W>I</W><W>remember</W><W>from</W><W>my</W><W>Audi</W><W>(</W><W>which</W><W>I</W><W>also</W><W>liked</W><W>very</W><W>much</W><W>)</W><W>.</W></SENTENCE><SENTENCE><W>Its</W><W>a</W><W>speeding</W><W>ticket</W><W>waiting</W><W>to</W><W>happen</W><W>.</W></SENTENCE><SENTENCE><W>Although</W><W>there</W><W>is</W><C><cue ID="11" type="negation"><W>never</W></cue></C><xcope ID="14"><ref COMMENTS="" ID="17" SRC="11"></ref><W>any</W><W>doubt</W><W>that</W><W>youre</W><W>in</W><W>a</W><W>4-cylinder</W><W>car</W></xcope><W>,</W><W>the</W><W>ZX2</W><W>is</W><W>noticeably</W><W>faster</W><W>than</W><W>our</W><W>Escort</W><W>SE</W><W></W><W>twin</W><W>cams</W><W>,</W><W>etc</W><W>.</W><W>Ive</W><W>seen</W><W>0-60</W><W>times</W><W>under</W><W>8</W><W>seconds</W><W>in</W><W>some</W><W>articles</W><W>,</W><C><W>and</W></C><W>although</W><W>Ive</W><C><cue ID="12" type="negation"><W>never</W></cue></C><xcope ID="15"><ref COMMENTS="" ID="18" SRC="12"></ref><W>timed</W><W>it</W></xcope><W>,</W><W>the</W><W>performance</W><W>is</W><W>in</W><W>the</W><W>neighborhood</W><W>of</W><W>what</W><W>I</W><W>recall</W><W>from</W><W>my</W><W>mid-sized</W><W>327</W><W>Camero</W><W></W><W>only</W><W>the</W><W>ZX2</W><W>gets</W><W>a</W><W>little</W><W>over</W><W>35mpg</W><W>on</W><W>the</W><W>road</W><W>(</W><W>we</W><W>usually</W><W>get</W><W>better</W><W>than</W><W>EPA</W><W>said</W><W>)</W><W>.</W></SENTENCE><SENTENCE><W>Weve</W><W>had</W><W>several</W><W>Escorts</W><W>over</W><W>the</W><W>years</W><W>(</W><W>something</W><W>over</W><W>400K</W><W>miles</W><W>worth</W><W>)</W><W>,</W><C><W>and</W></C><W>despite</W><W>how</W><W>the</W><W>consumer</W><W>publications</W><W>always</W><W>try</W><W>to</W><W>steer</W><W>buyers</W><W>much</W><W>further</W><W>upscale</W><W>,</W><W>I</W><W>really</W><C><cue ID="13" type="speculation"><W>think</W></cue></C><xcope ID="16"><ref COMMENTS="" ID="19" SRC="13"></ref><W>theyre</W><C><W>missing</W></C><W>the</W><W>true</W><W>meaning</W><W>of</W><W>value</W><C><W>and</W></C><W>sport</W></xcope><W>.</W></SENTENCE></P><P></P><P><SENTENCE><W>Weve</W><W>had</W><W>our</W><W>ZX2</W><W>on</W><W>a</W><W>couple</W><W>long</W><W>trips</W><W>,</W><C><W>and</W></C><W>like</W><W>weve</W><W>said</W><W>about</W><W>our</W><W>other</W><W>Escorts</W><W>(</W><W>after</W><W>driving</W><W>`em</W><W>all</W><W>over</W><W>the</W><W>United</W><W>States</W><W>,</W><W>driving</W><W>for</W><W>days</W><W>on</W><W>end</W><W>)</W><W>,</W><C><cue ID="20" type="speculation"><W>if</W></cue></C><xcope ID="22"><ref COMMENTS="" ID="25" SRC="20"></ref><W>two</W><W>AARP</W><W>Land</W><W></W><W>candidates</W><W>are</W><W>comfortable</W><W>in</W><W>them</W></xcope><W></W><W>then</W><W>theyre</W><W>comfortable</W><W>(</W><xcope ID="33"><ref COMMENTS="" ID="34" SRC="21"></ref><W>we</W></xcope><C><cue ID="21" type="speculation"><W>seem</W></cue></C><xcope ID="23"><ref COMMENTS="" ID="24" SRC="21"></ref><W>to</W><W>drive</W><W>30K++</W><W>miles</W><W>every</W><W>year</W></xcope><W></W><W>but</W><W>these</W><W>cars</W><W>make</W><W>the</W><W>going</W><W>inexpensive</W><W>)</W><W>.</W></SENTENCE><SENTENCE><W>Our</W><W>ZX2</W><W>is</W><W>the</W><W>most</W><W>comfortable</W><W>of</W><W>the</W><W>bunch</W><W>,</W><W>however</W><W>.</W></SENTENCE><SENTENCE><C><W>Except</W></C><W>for</W><W>a</W><W>timing-belt</W><W>we</W><W>pushed</W><W>to</W><W>120Kmiles</W><W>on</W><W>a</W><W>1994</W><W>Escort</W><W>(</W><W>dumb</W><W>on</W><W>my</W><W>part</W><W>)</W><C><W>and</W></C><W>an</W><W>oxygen</W><W>sensor</W><W>at</W><W>98K</W><W>on</W><W>our</W><W>`98</W><W>Escort</W><W>,</W><W>weve</W><W>had</W><W>very</W><W>few</W><W>maintenance</W><W>problems</W><W>whatever</W><W>with</W><W>our</W><W>Escorts</W><W>.</W></SENTENCE></P><P></P><P><SENTENCE><W>At</W><W>first</W><xcope ID="35"><ref COMMENTS="" ID="36" SRC="26"></ref><W>the</W><W>ZX2</W><W>was</W><W>a</W><W>compromise</W><W>that</W></xcope><C><cue ID="26" type="speculation"><W>seemed</W></cue></C><xcope ID="32"><ref COMMENTS="" ID="37" SRC="26"></ref><W>to</W><W>be</W><W>forced</W><W>on</W><W>us</W><W>because</W><W>Ford</W><C><cue ID="27" type="negation"><W>no</W></cue></C><xcope ID="31"><ref COMMENTS="" ID="36" SRC="27"></ref><W>longer</W><W>makes</W><W>the</W><W>4-door</W><W>models</W></xcope></xcope><W>.</W></SENTENCE><SENTENCE><W>But</W><W>now</W><W>,</W><W>my</W><W>only</W><W>fear</W><W>is</W><W>that</W><W>Ford</W><W>will</W><W>soon</W><W>discontinue</W><W>the</W><W>Escort</W><W>ZX2</W><W>line</W><W>altogether</W><W>(</W><W>I</W><W>&#39;ve</W><W>talked</W><W>to</W><W>the</W><W>factory</W><W>rep</W><W>about</W><W>this</W><W>)</W><W>.</W></SENTENCE><SENTENCE><W>I</W><W>just</W><C><cue ID="28" type="speculation"><W>hope</W></cue></C><xcope ID="33"><ref COMMENTS="" ID="38" SRC="28"></ref><W>they</W><W>send</W><W>the</W><W>Focus</W><W>to</W><W>one</W><W>of</W><W>those</W><W>Hollywood</W><W>plastic</W><W>surgeons</W><W>in</W><W>the</W><W>meantime</W></xcope><W>,</W><W>it</W><W>badly</W><W>needs</W><W>a</W><W>facelift</W><W>before</W><W>Id</W><W>be</W><W>as</W><W>happy</W><W>with</W><W>it</W><W>as</W><W>our</W><W>ZX2</W><W>.</W></SENTENCE><SENTENCE><C><cue ID="29" type="negation"><W>Without</W></cue></C><xcope ID="34"><ref COMMENTS="" ID="40" SRC="29"></ref><W>a</W><W>ZX2</W><W>on</W><W>the</W><W>horizon</W></xcope><W>,</W><W>that</W><W>Civic</W><W>just</W><C><cue ID="30" type="speculation"><W>might</W></cue></C><xcope ID="35"><ref COMMENTS="" ID="39" SRC="30"></ref><W>be</W><W>worth</W><W>the</W><W>extra</W><W>$</W><W>3K</W><W>over</W><W>the</W><W>Focus</W></xcope><W></W><W>in</W><W>the</W><W>meantime</W><W>were</W><W>happily</W><W>piling</W><W>the</W><W>miles</W><W>on</W><W>our</W><W>ZX2</W><W>.</W></SENTENCE></P></DOCUMENT>
