<?xml version="1.0" encoding="UTF-8"?>
<DOCUMENT><P></P><P><SENTENCE><W>The</W><W>2002</W><W>Acura</W><W>3.2TL</W><W>is</W><W>an</W><W>excellent</W><W>value</W><W>.</W></SENTENCE><SENTENCE><W>The</W><W>only</W><W>option</W><W>is</W><W>a</W><W>DVD-based</W><W>navigation</W><W>system</W><W>that</W><W>holds</W><W>the</W><W>entire</W><W>US</W><W>map</W><W>on</W><W>one</W><W>DVD</W><W>disc</W><W>.</W></SENTENCE><SENTENCE><W>The</W><W>features</W><W>that</W><W>are</W><W>optional</W><W>on</W><W>other</W><W>cars</W><W>in</W><W>this</W><W>segment</W><W>are</W><W>standard</W><W>here</W><W>.</W></SENTENCE></P><P></P><P><SENTENCE><W>Value</W></SENTENCE></P><P></P><P><SENTENCE><W>The</W><W>list</W><W>of</W><W>standard</W><W>equipment</W><W>is</W><W>very</W><W>long</W><W>.</W></SENTENCE><SENTENCE><W>ABS</W><W>,</W><W>traction</W><W>control</W><W>,</W><W>automatic</W><W>transmission</W><W>with</W><W>manual</W><W>shifting</W><W>capability</W><W>,</W><W>automatic</W><W>climate</W><W>control</W><W>,</W><W>leather</W><C><W>and</W></C><W>simulated</W><W>wood</W><W>trim</W><W>,</W><W>keyless</W><W>entry</W><W>,</W><W>security</W><W>system</W><W>with</W><W>panic</W><W>alarm</W><W>,</W><W>Bose</W><W>stereo</W><W>system</W><W>with</W><W>both</W><W>CD</W><C><W>and</W></C><W>cassette</W><W>,</W><W>heated</W><W>power</W><W>front</W><W>seats</W><W>,</W><W>cruise</W><W>control</W><W>,</W><W>power</W><W>locks</W><W>,</W><W>windows</W><C><W>and</W></C><W>mirrors</W><W>,</W><W>steering</W><W>wheel</W><W>mounted</W><W>radio</W><W>controls</W><W>,</W><W>high</W><W>intensity</W><W>headlights</W><W>,</W><W>cruise</W><W>control</W><W>,</W><W>sunroof</W><W>,</W><W>alloy</W><W>wheels</W><W>,</W><W>front</W><C><W>and</W></C><W>side</W><W>airbags</W><W>.</W></SENTENCE></P><P></P><P><SENTENCE><W>I</W><W>did</W><C><cue ID="0" type="negation"><W>not</W></cue></C><xcope ID="40"><ref COMMENTS="" ID="41" SRC="0"></ref><W>include</W><W>other</W><W>small</W><W>goodies</W><W>like</W><W>grid</W><W>antenna</W><C><W>and</W></C><W>leather</W><W>gear</W><W>shift</W><W>knob</W><C><W>and</W></C><W>steering</W><W>wheel</W></xcope><W>,</W><W>etc</W><W>.</W></SENTENCE></P><P></P><P><SENTENCE><W>Engine</W></SENTENCE></P><P></P><P><SENTENCE><W>The</W><W>engine</W><W>is</W><W>3.2</W><W>liter</W><W>V-6</W><W>with</W><W>Hondas</W><W>VTEC</W><W>variable</W><W>valve</W><W>timing</W><C><W>and</W></C><W>lift</W><W>technology</W><W>that</W><W>uses</W><W>two-lobe</W><W>camshafts</W><C><W>and</W></C><W>switches</W><W>between</W><W>lobes</W><W>depending</W><W>on</W><W>the</W><W>engine</W><W>RPMs</W><W>to</W><W>increase</W><W>torque</W><C><W>and</W></C><W>power</W><W>.</W></SENTENCE><SENTENCE><W>This</W><W>V-6</W><W>produces</W><W>225</W><W>hp</W><C><W>and</W></C><W>216</W><W>lb-ft</W><W>of</W><W>torque</W><W>.</W></SENTENCE><SENTENCE><W>There</W><W>is</W><W>a</W><W>new</W><W>TL</W><W>Type-S</W><W>model</W><W>that</W><W>gets</W><W>260</W><W>hp</W><W>,</W><W>has</W><W>17</W><W>&#34;</W><W>5-spoke</W><W>wheels</W><C><W>and</W></C><W>stiffer</W><W>suspension</W><W>.</W></SENTENCE></P><P></P><P><SENTENCE><W>The</W><W>engine</W><W>requires</W><W>premium</W><W>gas</W><C><W>and</W></C><W>the</W><W>fuel</W><W>economy</W><W>is</W><W>19</W><W>mpg</W><W>city</W><W>/</W><W>29</W><W>mpg</W><W>highway</W><W>.</W></SENTENCE></P><P></P><P><SENTENCE><W>Transmission</W></SENTENCE></P><P></P><P><SENTENCE><W>The</W><W>car</W><W>is</W><C><cue ID="2" type="negation"><W>not</W></cue></C><xcope ID="18"><ref ID="49" SRC="2"></ref><W>available</W><W>with</W><W>manual</W><W>transmission</W></xcope><W>,</W><W>but</W><W>you</W><C><cue ID="1" type="speculation"><W>can</W></cue></C><xcope ID="20"><ref ID="48" SRC="1"></ref><W>shift</W><W>the</W><W>standard</W><W>5-speed</W><W>automatic</W><W>manually</W></xcope><C><cue ID="3" type="speculation"><W>if</W></cue></C><xcope ID="19"><ref ID="47" SRC="3"></ref><W>you</W><W>wish</W></xcope><W>.</W></SENTENCE><SENTENCE><W>Unfortunately</W><W>,</W><W>automatic</W><W>transmission</W><W>,</W><W>even</W><W>with</W><W>manual</W><W>shifting</W><W>,</W><W>is</W><C><cue ID="4" type="negation"><W>no</W></cue></C><xcope ID="21"><ref ID="46" SRC="4"></ref><W>substitute</W><W>for</W><W>manual</W><W>gearbox</W></xcope><W></W><W>the</W><W>torque</W><W>converter</W><W>eats</W><W></W><W>some</W><W>power</W><W>plus</W><W>you</W><W>still</W><W>have</W><W>less</W><W>control</W><W>.</W></SENTENCE></P><P></P><P><SENTENCE><C><cue ID="5" type="speculation"><W>If</W></cue></C><xcope ID="24"><ref ID="45" SRC="5"></ref><W>you</W><W>hit</W><W>the</W><W>rev</W><W>limiter</W></xcope><W>,</W><W>it</W><W>upshifts</W><W>,</W><W>even</W><C><cue ID="6" type="speculation"><W>if</W></cue></C><xcope ID="23"><ref ID="44" SRC="6"></ref><W>you</W><cue ID="7" type="negation"><W>do</W><W>n&#39;t</W></cue><xcope ID="22"><ref ID="43" SRC="7"></ref><W>want</W><W>it</W><W>to</W></xcope></xcope><W>.</W></SENTENCE><SENTENCE><W>Mash</W><W>the</W><W>pedal</W><C><W>and</W></C><W>it</W><W>downshifts</W><W>.</W></SENTENCE><SENTENCE><W>What</W><W>&#39;s</W><W>the</W><W>point</W><W>of</W><W>having</W><W>manual</W><W>control</W><W>then</W><W>?</W></SENTENCE><SENTENCE><W>However</W><C><cue ID="8" type="speculation"><W>if</W></cue></C><xcope ID="25"><ref ID="42" SRC="8"></ref><W>you</W><W>drive</W><W>in</W><W>heavy</W><W>traffic</W><W>a</W><W>lot</W></xcope><W>,</W><W>the</W><W>auto</W><W>will</W><W>be</W><W>quite</W><W>useful</W><W>.</W></SENTENCE></P><P></P><P><SENTENCE><W>Styling</W></SENTENCE></P><P></P><P><SENTENCE><W>Some</W><W>people</W><C><cue ID="9" type="speculation"><W>might</W></cue></C><xcope ID="26"><ref ID="41" SRC="9"></ref><W>like</W><W>it</W></xcope><W>,</W><W>but</W><W>I</W><C><cue ID="10" type="speculation"><W>would</W></cue></C><xcope ID="27"><ref ID="40" SRC="10"></ref><W>prefer</W><W>something</W><W>more</W><W>distinctive</W></xcope><W>.</W></SENTENCE><SENTENCE><W>Although</W><W>the</W><W>exterior</W><W>was</W><W>improved</W><W>recently</W><W>,</W><W>the</W><W>rear</W><W>is</W><W>still</W><W>bland</W><W>.</W></SENTENCE><SENTENCE><W>Interior</W><W>is</W><W>nice</W><W>,</W><W>however</W><W>,</W><C><cue ID="30" type="negation"><W>except</W></cue></C><xcope ID="31"><ref COMMENTS="" ID="33" SRC="30"></ref><W>the</W><W>steering</W><W>wheel</W><W>that</W><W>looks</W><W>too</W><W>bulky</W><C><W>and</W></C><W>the</W><W>wood</W><W>that</W><W>looks</W><W>too</W><W>fake</W></xcope><W>.</W></SENTENCE><SENTENCE><W>The</W><W>fit</W><C><W>and</W></C><W>finish</W><W>are</W><W>very</W><W>good</W><C><W>and</W></C><W>materials</W><W>look</W><W>fine</W><W>for</W><W>the</W><W>price</W><W>.</W></SENTENCE></P><P></P><P><SENTENCE><W>The</W><W>instrumentation</W><W>cluster</W><W>is</W><W>excellently</W><W>lighted</W><W>at</W><W>night</W><C><W>and</W></C><W>the</W><W>HID</W><W>headlights</W><W>provide</W><W>enough</W><W>illumination</W><W>.</W></SENTENCE><SENTENCE><W>The</W><W>cabin</W><W>space</W><W>is</W><W>aplenty</W><C><W>and</W></C><W>ride</W><W>comfort</W><C><W>and</W></C><W>visibility</W><W>are</W><W>great</W><W>.</W></SENTENCE><SENTENCE><W>The</W><W>car</W><W>employs</W><W>a</W><W>floor-mounted</W><W>parking</W><W>brake</W><W>,</W><W>which</W><W>I</W><cue ID="34" type="negation"><W>dont</W></cue><xcope ID="35"><ref COMMENTS="" ID="36" SRC="34"></ref><W>like</W></xcope><W>.</W></SENTENCE></P><P></P><P><SENTENCE><W>Its</W><W>A</W><W>Front</W><W>Drive</W><W>Thing</W></SENTENCE></P><P></P><P><SENTENCE><W>The</W><W>TL</W><W>is</W><W>a</W><W>front-driver</W><W>,</W><W>which</W><W>makes</W><W>it</W><W>better</W><W>suited</W><W>for</W><W>slippery</W><W>conditions</W><W>.</W></SENTENCE><SENTENCE><W>The</W><W>torque</W><W>steer</W><W>is</W><W>virtually</W><W>nonexistent</W><W>.</W></SENTENCE><SENTENCE><W>The</W><W>acceleration</W><W>is</W><W>quite</W><W>fast</W><W>,</W><W>however</W><W>the</W><W>automatic</W><W>transmission</W><W>&#34;eats</W><W>&#34;</W><W>some</W><W>power</W><W>.</W></SENTENCE><SENTENCE><W>In</W><W>fact</W><W>,</W><W>BMW</W><C><W>and</W></C><W>Audi</W><W>manage</W><W>to</W><W>go</W><W>faster</W><W>with</W><W>less</W><W>power</W><W>.</W></SENTENCE><SENTENCE><W>It</W><C><cue ID="11" type="speculation"><W>might</W></cue></C><xcope ID="28"><ref ID="38" SRC="11"></ref><W>be</W><W>due</W><W>to</W><W>the</W><W>gearing</W><C><W>and</W></C><W>weight</W></xcope><W>.</W></SENTENCE><SENTENCE><W>However</W><W>,</W><W>I</W><cue ID="38" type="negation"><C><W>would</W></C><W>nt</W></cue><xcope ID="39"><ref COMMENTS="" ID="40" SRC="38"></ref><W>call</W><W>TL</W><W>slow</W></xcope><W></W><W>it</W><W>is</W><W>faster</W><W>than</W><W>a</W><W>lot</W><W>of</W><W>cars</W><W>in</W><W>its</W><W>price</W><W>range</W><W>.</W></SENTENCE></P><P></P><P><SENTENCE><W>Safety</W><C><W>And</W></C><W>Pricing</W></SENTENCE></P><P></P><P><SENTENCE><W>Although</W><W>,</W><W>a</W><W>lot</W><W>of</W><W>safety</W><W>equipment</W><W>is</W><W>standard</W><W>,</W><W>what</W><W>really</W><W>counts</W><W>is</W><W>how</W><W>car</W><W>withstands</W><W>the</W><W>crash</W><W>.</W></SENTENCE><SENTENCE><C><cue ID="13" type="speculation"><W>If</W></cue></C><xcope ID="30"><ref ID="37" SRC="13"></ref><W>you</W><W>go</W><W>to</W><W>crashtest.com</W></xcope><W>,</W></SENTENCE><SENTENCE><W>you</W><W>will</W><W>see</W><W>that</W><W>TL</W><W>was</W><W>rated</W><W>worse</W><W>than</W><W>it</W><W>s</W><W>German</W><W>competition</W><W></W><W>Audi</W><W>A4</W><W>,</W><W>BMW</W><W>3</W><W>Series</W><C><W>and</W></C><W>Benz</W><W>C-class</W><W>.</W></SENTENCE></P><P></P><P><SENTENCE><W>However</W><W>,</W><W>they</W><W>are</W><W>substantially</W><W>more</W><W>expensive</W><W>in</W><W>their</W><W>higher</W><W>trims</W><W>(</W><W>A4</W><W>3.0,</W><W>330</W><C><W>and</W></C><W>C320</W><W>)</W><W>with</W><W>the</W><W>same</W><W>equipment</W><W>as</W><W>TL.</W></SENTENCE><SENTENCE><W>The</W><W>lower</W><W>trim</W><W>levels</W><W>(</W><W>A4</W><W>1.8T</W><W>,</W><W>325</W><C><W>and</W></C><W>C240</W><W>)</W><W>have</W><W>less</W><W>power</W><W>,</W><W>substantially</W><W>less</W><W>equipment</W></SENTENCE></P><P></P><P><SENTENCE><W>The</W><W>Lexus</W><W>IS300</W><W>is</W><C><cue ID="14" type="speculation"><W>probably</W></cue></C><xcope ID="31"><ref ID="36" SRC="14"></ref><W>TLs</W><W>closest</W><W>competitor</W></xcope><W>,</W><W>yet</W><W>IS300</W><W>is</W><W>better</W><W>suited</W><W>for</W><W>younger</W><W>people</W><W>who</W><W>want</W><W>a</W><W>sporty</W><W>car</W><W>.</W></SENTENCE><SENTENCE><W>IS300</W><W>is</W><W>a</W><W>rear-wheel</W><W>drive</W><C><W>and</W></C><W>I</W><C><cue ID="15" type="speculation"><W>think</W></cue></C><xcope ID="32"><ref ID="35" SRC="15"></ref><W>it</W><W>lookos</W><W>better</W></xcope><W>.</W></SENTENCE><SENTENCE><W>The</W><W>TL</W><W>is</W><W>a</W><W>car</W><W>for</W><W>those</W><W>who</W><W>want</W><W>good</W><W>value</W><W>,</W><W>reliability</W><C><W>and</W></C><W>comfort</W><W>.</W></SENTENCE></P><P></P><P><SENTENCE><W>Bottom</W><W>Line</W></SENTENCE></P><P></P><P><SENTENCE><W>Overall</W><W>,</W><W>the</W><W>TL</W><W>is</W><W>a</W><W>good</W><W>value</W><W>with</W><W>lots</W><W>of</W><W>standard</W><W>equipment</W><C><W>and</W></C><W>smooth</W><W>engine</W><W>.</W></SENTENCE><SENTENCE><W>But</W><W>styling</W><C><W>and</W></C><W>the</W><W>crash</W><W>protection</W><C><cue ID="16" type="speculation"><W>could</W></cue></C><xcope ID="33"><ref ID="34" SRC="16"></ref><W>be</W><W>better</W></xcope><W>.</W></SENTENCE></P></DOCUMENT>
