<?xml version="1.0" encoding="UTF-8"?>
<DOCUMENT><P></P><P><SENTENCE><W>When</W><W>I</W><W>took</W><W>delivery</W><W>of</W><W>this</W><W>car</W><W>in</W><W>June</W><W>2002</W><W>,</W><W>it</W><W>was</W><W>little</W><W>known</W><C><W>and</W></C><W>often</W><W>mistaken</W><W>for</W><W>a</W><W>Honda</W><W>Civic</W><W>.</W></SENTENCE><SENTENCE><W>One</W><W>of</W><W>the</W><W>first</W><W>ones</W><W>on</W><W>the</W><W>street</W><W>of</W><W>Toronto</W><W>,</W><W>I</W><W>immediately</W><W>got</W><W>compliments</W><W>taking</W><W>the</W><W>members</W><W>of</W><W>a</W><W>local</W><W>car</W><W>club</W><W>free</W><W>rides</W><W>in</W><W>some</W><W>twisty</W><W>industrial</W><W>areas</W><W>.</W></SENTENCE><SENTENCE><W>At</W><W>that</W><W>time</W><W>,</W><W>it</W><W>was</W><W>essentially</W><C><W>considered</W></C><W>&#34;one</W><W>of</W><W>a</W><W>kind</W><W>&#34;</W><W>.</W></SENTENCE><SENTENCE><W>The</W><W>price</W><W>was</W><W>near</W><W>$</W><W>30,000</W><W>(</W><W>obviously</W><W>pricey</W><W>in</W><W>hindsight</W><W>)</W><W>,</W><W>but</W><W>it</W><W>had</W><W>the</W><W>most</W><W>bang</W><W>for</W><W>the</W><W>buck</W><W>.</W></SENTENCE></P><P></P><P><SENTENCE><W>I</W><W>had</W><C><W>considered</W></C><W>two</W><W>other</W><W>vehicles</W><W>.</W></SENTENCE><SENTENCE><W>The</W><W>Subaru</W><W>WRX</W><C><W>and</W></C><W>the</W><W>Toyota</W><W>Celica</W><W>GTS.</W></SENTENCE><SENTENCE><W>At</W><W>6&#39;3&#34;</W><W>,</W><W>the</W><W>Subaru</W><W>WRX</W><W>did</W><W>*not*</W><W>fit</W><W>my</W><W>physical</W><W>dimensions</W><W>.</W></SENTENCE><SENTENCE><W>It</W><W>had</W><W>a</W><W>too-low</W><W>ceiling</W><C><W>and</W></C><C><cue ID="3" type="negation"><W>not</W></cue></C><xcope ID="20"><ref COMMENTS="" ID="36" SRC="3"></ref><W>enough</W><W>legroom</W></xcope><W>.</W></SENTENCE><SENTENCE><W>As</W><W>for</W><W>the</W><W>Celica</W><W>GTS</W><W>,</W><C><cue ID="1" type="negation"><W>not</W></cue></C><xcope ID="19"><ref COMMENTS="" ID="38" SRC="1"></ref><W>only</W><W>did</W><W>I</W><C><cue ID="0" type="negation"><W>not</W></cue></C><xcope ID="18"><ref COMMENTS="" ID="37" SRC="0"></ref><W>fit</W><W>in</W><W>it</W></xcope></xcope><W>,</W><W>I</W><C><cue ID="2" type="speculation"><W>considered</W></cue></C><xcope ID="17"><ref COMMENTS="" ID="39" SRC="2"></ref><W>it</W><W>rather</W><W>heavy</W><W>for</W><W>such</W><W>limited</W><W>power</W></xcope><W>.</W></SENTENCE><SENTENCE><W>The</W><W>power-to-weight-ratio</W><W>was</W><W>less</W><W>than</W><W>desirable</W><W>.</W></SENTENCE></P><P></P><P><SENTENCE><W>After</W><W>already</W><W>having</W><W>leased</W><W>a</W><W>Focus</W><W>ZX3</W><W>,</W><W>the</W><W>anticipation</W><W>was</W><W>killing</W><W>me</W><W>as</W><W>I</W><W>awaited</W><W>the</W><W>announcement</W><W>of</W><W>the</W><W>replacement</W><W>for</W><W>the</W><W>SVT</W><W>Contour</W><W>.</W></SENTENCE><SENTENCE><W>I</W><W>had</W><W>premonitions</W><W>that</W><W>Ford</W><C><cue ID="4" type="speculation"><W>would</W></cue></C><xcope ID="21"><ref COMMENTS="" ID="40" SRC="4"></ref><W>produce</W><W>the</W><W>SVT</W><W>Focus</W></xcope><W>,</W><C><W>and</W></C><W>that</W><W>was</W><W>confirmed</W><W>in</W><W>February</W><W>of</W><W>2001</W><W>.</W></SENTENCE><SENTENCE><W>When</W><W>Ford</W><W>finally</W><W>took</W><W>orders</W><W>in</W><W>July</W><W>of</W><W>2001</W><W>,</W><W>I</W><W>was</W><W>the</W><W>first</W><W>one</W><W>at</W><W>my</W><W>dealership</W><W>-</W><C><cue ID="5" type="negation"><W>without</W></cue></C><xcope ID="22"><ref COMMENTS="" ID="41" SRC="5"></ref><W>a</W><W>test</W><W>drive</W></xcope><W>.</W></SENTENCE></P><P></P><P><SENTENCE><W>At</W><W>170</W><W>bhp</W><W>,</W><W>the</W><W>new</W><W>SVT</W><W>Zetec</W><W>engine</W><W>was</W><W>the</W><W>most</W><W>advanced</W><W>four-cylinder</W><W>engine</W><W>ever</W><W>produced</W><W>.</W></SENTENCE><SENTENCE><W>Its</W><W>variable</W><W>intake</W><W>manifold</W><W>complimented</W><W>well</W><W>with</W><W>the</W><W>variable</W><W>cam</W><W>timing</W><W>.</W></SENTENCE><SENTENCE><W>With</W><W>145lb-ft</W><W>of</W><W>torque</W><C><W>and</W></C><W>80</W><W>%</W><W>of</W><W>that</W><W>@</W><W>2500rpm</W><W>,</W><W>torque-steer</W><W>was</W><W>still</W><W>non-existent</W><W>.</W></SENTENCE></P><P></P><P><SENTENCE><W>The</W><W>best</W><W>feature</W><W>in</W><W>this</W><W>car</W><W>was</W><W>its</W><W>handling</W><W>-</W><W>it</W><W>is</W><C><cue ID="6" type="negation"><W>NOT</W></cue></C><xcope ID="23"><ref COMMENTS="" ID="42" SRC="6"></ref><W>a</W><W>1/4mile</W><W>car</W></xcope><W>.</W></SENTENCE><SENTENCE><W>Its</W><W>revised</W><W>suspension</W><W>consisting</W><W>of</W><W>higher</W><W>spring</W><W>rates</W><W>,</W><W>larger</W><W>stabilizers</W><C><W>and</W></C><W>1/2</W><W>&#34;</W><W>lowered</W><W>stance</W><W>,</W><W>made</W><W>this</W><W>car</W><W>corner</W><W>like</W><W>it</W><W>was</W><W>on</W><W>a</W><W>slot-car</W><W>track</W><W>.</W></SENTENCE><SENTENCE><W>I</W><W>was</W><W>quite</W><W>aware</W><W>of</W><W>this</W><W>when</W><W>after</W><W>just</W><W>4500</W><W>km</W><W>of</W><W>daily</W><W>driving</W><W>,</W><W>I</W><W>had</W><W>finally</W><W>performed</W><W>the</W><W>official</W><W>&#34;breaking-in</W><W>&#34;</W><W>at</W><W>a</W><W>local</W><W>road</W><W>track</W><W>.</W></SENTENCE></P><P></P><P><SENTENCE><W>Accompanied</W><W>with</W><W>higher-power</W><W>Ford</W><W>Mustangs</W><W>both</W><W>vintage</W><C><W>and</W></C><W>new</W><W>,</W><W>the</W><W>SVT</W><W>Focus</W><W>ate</W><W>them</W><W>all</W><W>for</W><W>lunch</W><W>through</W><W>the</W><W>corners</W><W>.</W></SENTENCE><SENTENCE><W>I</W><W>carried</W><W>most</W><W>of</W><W>my</W><W>speed</W><W>through</W><W>the</W><W>corners</W><C><cue ID="7" type="negation"><W>without</W></cue></C><xcope ID="24"><ref COMMENTS="" ID="43" SRC="7"></ref><W>having</W><W>to</W><W>brake</W></xcope><W>.</W></SENTENCE><SENTENCE><W>Though</W><W>once</W><W>I</W><W>reached</W><W>the</W><W>straightaways</W><W>,</W><W>I</W><W>had</W><W>to</W><W>say</W><W>goodbye</W><W>to</W><W>all</W><W>the</W><W>distanced</W><W>gained</W><W>from</W><W>the</W><W>corners</W><W>,</W><W>watching</W><W>helplessly</W><W>as</W><W>supercharged</W><W>Mustangs</W><W>passed</W><W>me</W><W>by</W><W>.</W></SENTENCE></P><P></P><P><SENTENCE><C><cue ID="9" type="negation"><W>No</W></cue></C><xcope ID="25"><ref COMMENTS="" ID="44" SRC="9"></ref><W>worries</W></xcope><W>.</W></SENTENCE><SENTENCE><W>I</W><W>fully</W><W>enjoyed</W><W>travelling</W><W>to</W><W>the</W><W>twisting</W><W>,</W><W>crooked</W><W>roads</W><W>of</W><W>Maine</W><W>from</W><W>Toronto</W><W>,</W><W>Ontario</W><W>.</W></SENTENCE><SENTENCE><W>Frost</W><W>heaves</W><W>in</W><W>that</W><W>region</W><cue ID="8" type="negation"><W>did</W><W>n&#39;t</W></cue><xcope ID="27"><ref COMMENTS="" ID="45" SRC="8"></ref><W>affect</W><W>the</W><W>handling</W><W>of</W><W>the</W><W>car</W><W>too</W><W>much</W></xcope><W>.</W></SENTENCE><SENTENCE><W>The</W><W>off-cambered</W><W>,</W><W>blind</W><W>90-degree</W><W>turns</W><W>were</W><C><cue ID="10" type="negation"><W>no</W></cue></C><xcope ID="26"><ref COMMENTS="" ID="46" SRC="10"></ref><W>problem</W><W>for</W><W>the</W><W>SVT</W><W>Focus</W></xcope><W>.</W></SENTENCE><SENTENCE><W>I</W><W>,</W><W>on</W><W>the</W><W>other</W><W>hand</W><W>felt</W><W>the</W><W>instant</W><W>gratification</W><W>the</W><W>moment</W><W>the</W><W>car</W><W>stuck</W><W>through</W><W>the</W><W>apex</W><C><W>and</W></C><W>out</W><W>the</W><W>other</W><W>side</W><W>.</W></SENTENCE></P><P></P><P><SENTENCE><W>As</W><W>a</W><W>daily</W><W>driver</W><W>,</W><W>after</W><W>having</W><W>driven</W><W>it</W><W>for</W><W>more</W><W>than</W><W>a</W><W>year</W><W>,</W><C><W>and</W></C><W>as</W><W>the</W><W>gas</W><W>prices</W><W>rose</W><W>to</W><W>gasping</W><W>proportions</W><W>in</W><W>Canada</W><W>,</W><W>it</W><W>gets</W><W>pricey</W><W>.</W></SENTENCE><SENTENCE><W>The</W><W>reliability</W><W>of</W><W>the</W><W>car</W><W>is</W><W>way</W><W>above</W><W>average</W><W>(</W><W>compared</W><W>to</W><W>other</W><W>Foci)</W><W>.</W></SENTENCE><SENTENCE><W>The</W><W>cost</W><W>of</W><W>operation</W><W>hits</W><W>you</W><W>in</W><W>the</W><W>maintenance</W><W>.</W></SENTENCE><SENTENCE><W>High-octane</W><W>gas</W><W>(91+</W><W>)</W><W>is</W><W>the</W><W>standard</W><W>,</W><W>though</W><W>for</W><W>spirited</W><W>driving</W><W>,</W><W>I</W><W>recommend</W><W>Sunoco</W><W>&#39;s</W><xcope ID="29"><ref COMMENTS="" ID="48" SRC="11"></ref><W>92</W></xcope><C><cue ID="11" type="speculation"><W>or</W></cue></C><xcope ID="28"><ref COMMENTS="" ID="47" SRC="11"></ref><W>94.</W></xcope></SENTENCE><SENTENCE><W>The</W><W>cost</W><W>of</W><W>an</W><W>oil</W><W>change</W><W>dramatically</W><W>increases</W><W>as</W><W>well</W><W>from</W><W>that</W><W>of</W><W>the</W><W>ZX3</W><W>.</W></SENTENCE><SENTENCE><W>After</W><W>the</W><W>break-in</W><W>period</W><W>,</W><W>only</W><W>synthetic</W><W>oils</W><W>touched</W><W>the</W><W>inside</W><W>of</W><W>the</W><W>engine</W><W>.</W></SENTENCE><SENTENCE><xcope ID="31"><ref COMMENTS="" ID="50" SRC="12"></ref><W>AMSOIL</W></xcope><C><cue ID="12" type="speculation"><W>or</W></cue></C><xcope ID="30"><ref COMMENTS="" ID="49" SRC="12"></ref><W>Mobil-1</W></xcope><W>comes</W><W>to</W><W>mind</W><W>.</W></SENTENCE></P><P></P><P><SENTENCE><W>Compared</W><W>to</W><W>other</W><W>sport</W><W>compacts</W><W>of</W><W>similar</W><W>size</W><W>,</W><W>the</W><W>SVT</W><W>Focus</W><W>has</W><W>PUNCH.</W></SENTENCE><SENTENCE><W>It</W><W>beat</W><W>the</W><W>Honda</W><W>Civic</W><W>Si</W><C><W>and</W></C><W>the</W><W>VW</W><W>GTI</W><W>in</W><W>Road</W><W>and</W><W>Track</W><W>magazine</W><W>as</W><W>the</W><W>best</W><W>valued</W><W>car</W><W>given</W><W>the</W><W>performance</W><W>characteristics</W><W>.</W></SENTENCE><SENTENCE><W>Sure</W><W>,</W><W>you</W><C><cue ID="14" type="speculation"><W>could</W></cue></C><xcope ID="33"><ref COMMENTS="" ID="52" SRC="14"></ref><W>also</W><C><cue ID="13" type="speculation"><W>probably</W></cue></C><xcope ID="32"><ref COMMENTS="" ID="51" SRC="13"></ref><W>modify</W><W>other</W><W>imports</W></xcope></xcope><C><W>and</W></C><W>*try*</W><W>,</W><W>just</W><W>*try*</W><W>to</W><W>match</W><W>its</W><W>overall</W><W>package</W><W>,</W><W>but</W><C><cue ID="15" type="speculation"><W>if</W></cue></C><xcope ID="35"><ref COMMENTS="" ID="54" SRC="15"></ref><W>you</W><cue ID="16" type="negation"><W>do</W><W>n&#39;t</W></cue><xcope ID="34"><ref COMMENTS="" ID="53" SRC="16"></ref><C><W>feel</W></C><W>like</W><W>spending</W><W>your</W><W>time</W><C><W>and</W></C><W>extra</W><W>money</W></xcope></xcope><W>trying</W><W>to</W><W>decide</W><W>what</W><W>*might*</W><W>work</W><W>for</W><W>you</W><W>,</W><W>save</W><W>your</W><W>money</W><C><W>and</W></C><W>buy</W><W>something</W><W>that</W><W>&#39;s</W><W>FUN</W><C><W>and</W></C><W>FAST</W><W>right</W><W>out</W><W>of</W><W>the</W><W>box</W><W>.</W></SENTENCE><SENTENCE><W>Just</W><W>do</W><W>n&#39;t</W><W>forget</W><W>to</W><W>break</W><W>those</W><W>tabs</W><W>before</W><W>operating</W><W>.</W></SENTENCE></P></DOCUMENT>
