<?xml version="1.0" encoding="UTF-8"?>
<DOCUMENT><P></P><P><SENTENCE><W>To</W><W>the</W><W>casual</W><W>observer</W><W>,</W><W>the</W><W>Ford</W><W>Focus</W><C><cue ID="0" type="speculation"><W>would</W></cue></C><xcope ID="14"><ref COMMENTS="" ID="28" SRC="0"></ref><C><cue ID="1" type="speculation"><W>seem</W></cue></C><xcope ID="13"><ref COMMENTS="" ID="27" SRC="1"></ref><W>to</W><W>be</W><W>little</W><W>more</W><W>than</W><W>a</W><W>big</W><W>company</W><W>s</W><W>entry</W><W>into</W><W>the</W><W>small</W><W>car</W><W>segment</W></xcope></xcope><W>.</W></SENTENCE><SENTENCE><C><W>And</W></C><W>to</W><W>a</W><W>certain</W><W>degree</W><W>that</W><W>is</W><W>true</W><W>.</W></SENTENCE><SENTENCE><W>Whats</W><C><cue ID="2" type="negation"><W>not</W></cue></C><xcope ID="15"><ref COMMENTS="" ID="29" SRC="2"></ref><W>readily</W><W>obvious</W><W>to</W><W>most</W></xcope><W>is</W><W>that</W><W>the</W><W>Ford</W><W>Focus</W><W>has</W><W>essentially</W><W>redefined</W><W>the</W><W>compact</W><W>car</W><W>segment</W><W>.</W></SENTENCE><SENTENCE><W>Ford</W><W>has</W><W>done</W><W>with</W><W>the</W><W>Focus</W><W>something</W><xcope ID="116"><ref COMMENTS="" ID="117" SRC="3"></ref><W>General</W><W>Motors</W></xcope><C><cue ID="3" type="speculation"><W>seems</W></cue></C><xcope ID="18"><ref COMMENTS="" ID="32" SRC="3"></ref><xcope ID="16"><ref COMMENTS="" ID="31" SRC="4"></ref><W>unwilling</W></xcope><C><cue ID="4" type="speculation"><W>or</W></cue></C><C><xcope ID="17"><ref COMMENTS="" ID="30" SRC="4"></ref><W>unable</W></xcope></C><W>to</W><W>do</W><W>with</W><W>its</W><W>small</W><W>cars</W></xcope><W></W><W>build</W><W>a</W><W>reliable</W><W>,</W><W>fun</W><W>,</W><W>sporty</W><W>,</W><W>practical</W><W>car</W><W>offered</W><W>in</W><W>many</W><W>different</W><W>styles</W><W>,</W><W>all</W><W>for</W><W>a</W><W>sticker</W><W>price</W><W>of</W><W>under</W><W>$</W><W>20,000</W><W>.</W></SENTENCE><SENTENCE><W>In</W><W>many</W><W>ways</W><W>the</W><W>Focus</W><W>has</W><C><cue ID="5" type="negation"><W>no</W></cue></C><xcope ID="19"><ref COMMENTS="" ID="33" SRC="5"></ref><W>competent</W><W>rival</W></xcope><W>.</W></SENTENCE><SENTENCE><W>The</W><W>Cavalier</W><W>is</W><W>a</W><W>relic</W><W>,</W><W>the</W><W>Corolla</W><W>is</W><W>getting</W><W>rather</W><W>pricey</W><C><W>and</W></C><W>while</W><C><W>no</W></C><W>one</W><C><cue ID="6" type="speculation"><W>would</W></cue></C><xcope ID="20"><ref COMMENTS="" ID="34" SRC="6"></ref><W>argue</W><W>with</W><W>its</W><W>reliability</W></xcope><W>,</W><W>the</W><W>Civic</W><C><cue ID="7" type="speculation"><W>seems</W></cue></C><xcope ID="21"><ref COMMENTS="" ID="35" SRC="7"></ref><W>so</W><W>generic</W><W>when</W><W>compared</W><W>to</W><W>the</W><W>much</W><W>cooler</W><W>Focus</W></xcope><W>.</W></SENTENCE><SENTENCE><W>In</W><W>order</W><W>to</W><W>find</W><W>a</W><W>suitable</W><W>alternative</W><W>to</W><W>the</W><W>Focus</W><W>,</W><xcope ID="24"><ref COMMENTS="" ID="38" SRC="9"></ref><W>one</W><W>has</W><W>to</W><W>look</W><W>ahead</W><W>to</W><W>the</W><W>2003</W><W>model</W><W>year</W><W>at</W><W>the</W><W>Pontiac</W><W>Vibe</W></xcope><W>,</W><C><cue ID="9" type="speculation"><W>or</W></cue></C><xcope ID="23"><ref COMMENTS="" ID="37" SRC="9"></ref><C><cue ID="8" type="speculation"><W>perhaps</W></cue></C><xcope ID="22"><ref COMMENTS="" ID="36" SRC="8"></ref><W>the</W><W>new</W><W>for</W><W>2002</W><W>Civic</W><W>Si</W></xcope></xcope><W>.</W></SENTENCE><SENTENCE><W>But</W><W>remember</W><W>,</W><W>the</W><W>Focus</W><W>has</W><W>been</W><W>around</W><W>for</W><W>years</W><W>.</W></SENTENCE></P><P></P><P><SENTENCE><W>For</W><W>2002</W><W>the</W><W>Ford</W><W>Focus</W><W>is</W><W>available</W><W>in</W><C><cue ID="11" type="negation"><W>no</W></cue></C><xcope ID="25"><ref COMMENTS="" ID="39" SRC="11"></ref><W>less</W><W>than</W><W>six</W><W>configurations</W></xcope><W>:</W><W>3-door</W><W>hatchback</W><W>,</W><W>4-door</W><W>sedan</W><W>,</W><W>station</W><W>wagon</W><W>,</W><W>a</W><W>hot-rod</W><W>SVT</W><W>,</W><C><W>and</W></C><W>now</W><W>a</W><W>5-door</W><W>hatchback</W><W>,</W><C><W>or</W></C><W>ZX5</W><W>.</W></SENTENCE><SENTENCE><W>Although</W><W>the</W><W>new</W><W>ZX5</W><W>is</W><W>the</W><W>main</W><W>topic</W><W>here</W><W>,</W><W>much</W><W>of</W><W>what</W><W>will</W><W>be</W><W>said</W><W>is</W><W>also</W><W>applicable</W><W>to</W><W>other</W><W>Focus</W><W>styles</W><W>as</W><W>well</W><W>.</W></SENTENCE></P><P></P><P><SENTENCE><xcope ID="118"><ref COMMENTS="" ID="119" SRC="40"></ref><W>Originally</W><W>the</W><W>Focus</W><W></W><W>styling</W></xcope><C><cue ID="40" type="speculation"><W>seemed</W></cue></C><xcope ID="44"><ref COMMENTS="" ID="48" SRC="40"></ref><W>odd</W></xcope><W>,</W><W>especially</W><W>the</W><W>hatchback</W><W>versions</W><W>.</W></SENTENCE><SENTENCE><C><W>And</W></C><W>certainly</W><W>odd</W><C><cue ID="41" type="speculation"><W>would</W></cue></C><xcope ID="45"><ref COMMENTS="" ID="49" SRC="41"></ref><W>be</W><W>an</W><W>appropriate</W><W>way</W><W>to</W><W>describe</W><W>the</W><W>ZX5</W></xcope><W>.</W></SENTENCE><SENTENCE><W>5-door</W><W>cars</W><W>have</W><W>been</W><W>a</W><W>common</W><W>sight</W><W>on</W><W>the</W><W>roads</W><W>of</W><W>Europe</W><W>for</W><W>many</W><W>years</W><W>,</W><W>but</W><W>somehow</W><W>our</W><W>American</W><W>tastes</W><W>shied</W><W>away</W><W>from</W><W>hatchbacks</W><W>.</W></SENTENCE><SENTENCE><W>Mazda</W><W>made</W><W>a</W><W>5-door</W><W>version</W><W>of</W><W>its</W><W>626</W><W>in</W><W>the</W><W>early</W><W>90s</W><W>,</W><C><W>and</W></C><W>the</W><W>awful</W><W>Sterling</W><W>brand</W><W>had</W><W>an</W><W>available</W><W>5-door</W><W>model</W><W>,</W><W>but</W><xcope ID="120"><ref COMMENTS="" ID="121" SRC="42"></ref><W>the</W><W>Focus</W><C><W>and</W></C><W>the</W><W>VW</W><W>Golf</W></xcope><C><cue ID="42" type="speculation"><W>seem</W></cue></C><xcope ID="46"><ref COMMENTS="" ID="50" SRC="42"></ref><W>to</W><W>be</W><W>the</W><W>most</W><W>visible</W><W>signs</W><W>that</W><W>American</W><W>buyers</W><W>silent</W><W>boycott</W><W>of</W><W>5-door</W><W>hatchbacks</W><W>is</W><W>over</W></xcope><W>(</W><W>some</W><C><cue ID="43" type="speculation"><W>may</W></cue></C><xcope ID="47"><ref COMMENTS="" ID="51" SRC="43"></ref><W>argue</W><W>the</W><W>Protégé</W><W>5</W><C><W>and</W></C><W>Lexus</W><W>SportCross</W><W>fit</W><W>that</W><W>category</W><W>as</W><W>well</W></xcope><W>)</W><W>.</W></SENTENCE></P><P></P><P><SENTENCE><W>With</W><W>its</W><W>high</W><W>roof</W><W>line</W><C><W>and</W></C><W>tall</W><W>stance</W><W>,</W><xcope ID="122"><W>the</W><W>ZX5</W><W>Focus</W></xcope><C><cue ID="52" type="speculation"><W>seems</W></cue></C><xcope ID="53"><ref COMMENTS="" ID="54" SRC="52"></ref><W>to</W><W>have</W><W>almost</W><W>a</W><W>small</W><W>van</W><W>look</W><W>to</W><W>it</W><W>from</W><W>certain</W><W>angles</W></xcope><W>.</W></SENTENCE><SENTENCE><W>The</W><W>rear</W><W>retains</W><W>the</W><W>3-doors</W><W>funky</W><W>taillight</W><W>treatment</W><W>,</W><C><W>and</W></C><W>the</W><W>front</W><W>is</W><W>all</W><W>Focus</W><W>with</W><W>those</W><W>big</W><W>eye</W><W>looking</W><W>headlamps</W><C><W>and</W></C><W>uncluttered</W><W>hood</W><W>.</W></SENTENCE></P><P></P><P><SENTENCE><W>Standard</W><W>equipment</W><W>on</W><W>the</W><W>ZX5</W><W>Focus</W><W>is</W><W>impressive</W><W>.</W></SENTENCE><SENTENCE><W>Features</W><W>such</W><W>as</W><W>a</W><W>6-disc</W><W>,</W><W>in-dash</W><W>CD</W><W>changer</W><W>,</W><W>alloy</W><W>wheels</W><W>,</W><W>power</W><W>windows</W><W>,</W><W>power</W><W>mirrors</W><C><W>and</W></C><W>remote</W><W>locking</W><W>doors</W><W>are</W><W>quite</W><W>a</W><W>bargain</W><W>at</W><W>a</W><W>price</W><W>of</W><W>$</W><W>15,450</W><W>.</W></SENTENCE><SENTENCE><W>The</W><W>ZX5</W><W>also</W><W>comes</W><W>standard</W><W>with</W><W>Fords</W><W>2.0</W><W>liter</W><W>,</W><W>130</W><W>hp</W><W>Zetec</W><W>engine</W><W>.</W></SENTENCE></P><P></P><P><SENTENCE><W>Inside</W><W>the</W><W>ZX5</W><W>there</W><W>is</W><W>more</W><W>room</W><W>than</W><W>one</W><C><cue ID="55" type="speculation"><W>might</W></cue></C><xcope ID="64"><ref COMMENTS="" ID="73" SRC="55"></ref><C><cue ID="56" type="speculation"><W>expect</W></cue></C><xcope ID="63"><ref COMMENTS="" ID="72" SRC="56"></ref><W>from</W><W>a</W><W>compact</W><W>car</W></xcope></xcope><W>.</W></SENTENCE><SENTENCE><W>Head</W><W>room</W><W>is</W><W>ample</W><W>,</W><W>as</W><W>is</W><W>hip</W><C><W>and</W></C><W>shoulder</W><W>room</W><W>.</W></SENTENCE><SENTENCE><W>Nothing</W><W>is</W><W>more</W><W>frustrating</W><W>than</W><xcope ID="66"><ref COMMENTS="" ID="75" SRC="57"></ref><W>driving</W></xcope><C><cue ID="57" type="speculation"><W>or</W></cue></C><xcope ID="67"><ref COMMENTS="" ID="74" SRC="57"></ref><W>riding</W></xcope><W>in</W><xcope ID="123"><ref COMMENTS="" ID="124" SRC="58"></ref><W>a</W><W>car</W><W>that</W></xcope><C><cue ID="58" type="speculation"><W>seems</W></cue></C><xcope ID="65"><ref COMMENTS="" ID="76" SRC="58"></ref><W>to</W><W>have</W><W>more</W><W>head</W><W>room</W><W>than</W><W>any</W><W>other</W><W>car</W><W>on</W><W>the</W><W>market</W></xcope><W>,</W><W>but</W><W>causes</W><W>you</W><W>to</W><W>rub</W><W>shoulders</W><W>with</W><W>the</W><W>person</W><W>in</W><W>the</W><W>next</W><W>seat</W><W>.</W></SENTENCE><SENTENCE><W>The</W><W>rear</W><W>seat</W><W>folds</W><W>flat</W><W>to</W><W>increase</W><W>storage</W><W>,</W><W>but</W><W>the</W><W>Focus</W><W>Wagon</W><W>has</W><W>more</W><W>useable</W><W>cargo</W><W>space</W><W>behind</W><W>the</W><W>rear</W><W>seat</W><W>.</W></SENTENCE><SENTENCE><W>With</W><W>the</W><W>rear</W><W>seat</W><W>flipped</W><W>up</W><W>to</W><W>carry</W><W>people</W><W>,</W><W>the</W><W>rear</W><W>cargo</W><W>area</W><W>becomes</W><W>a</W><W>bit</W><W>on</W><W>the</W><W>smallish</W><W>side</W><W></W><W>again</W><W>,</W><W>why</W><C><cue ID="59" type="negation"><W>not</W></cue></C><xcope ID="68"><ref COMMENTS="" ID="77" SRC="59"></ref><W>just</W><W>get</W><W>the</W><W>wagon</W></xcope><W>.</W></SENTENCE><SENTENCE><W>The</W><W>only</W><W>explanation</W><W>for</W><W>choosing</W><W>the</W><W>ZX5</W><W>over</W><W>the</W><W>wagon</W><W>is</W><W>style</W><W>.</W></SENTENCE><SENTENCE><C><cue ID="62" type="speculation"><W>If</W></cue></C><xcope ID="71"><ref COMMENTS="" ID="78" SRC="62"></ref><W>you</W><W>need</W><W>to</W><W>carry</W><W>five</W><W>people</W><C><W>and</W></C><W>your</W><W>under</W><W>30</W></xcope><W>,</W><W>go</W><W>with</W><W>the</W><W>ZX5</W><W>,</W><C><cue ID="60" type="speculation"><W>if</W></cue></C><xcope ID="70"><ref COMMENTS="" ID="80" SRC="60"></ref><W>youre</W><W>over</W><W>30</W><W>chances</W><W>are</W><W>you</W><C><cue ID="61" type="speculation"><W>could</W></cue></C><xcope ID="69"><ref COMMENTS="" ID="79" SRC="61"></ref><W>care</W><W>less</W><W>what</W><W>anyone</W><W>thinks</W><W>about</W><W>station</W><W>wagons</W></xcope></xcope><W></W><W>get</W><W>the</W><W>wagon</W><W>,</W><W>it</W><W>holds</W><W>more</W><W>stuff</W><W>.</W></SENTENCE></P><P></P><P><SENTENCE><W>The</W><W>bold</W><W>exterior</W><W>styling</W><W>carries</W><W>over</W><W>into</W><W>the</W><W>cabin</W><W>of</W><W>the</W><W>ZX5</W><W>.</W></SENTENCE><SENTENCE><W>A</W><W>large</W><W>,</W><W>round</W><W>pod</W><W>holds</W><W>the</W><W>stereo</W><C><W>and</W></C><W>various</W><W>other</W><W>controls</W><W>,</W><C><W>and</W></C><W>the</W><W>dash</W><W>incorporates</W><W>the</W><W>exteriors</W><W>creased</W><W>edge</W><W></W><W>look</W><W>.</W></SENTENCE><SENTENCE><W>Seats</W><W>are</W><W>comfortable</W><C><W>and</W></C><W>adjust</W><W>in</W><W>many</W><W>different</W><W>ways</W><W>,</W><W>although</W><W>those</W><W>adjustments</W><W>are</W><W>manual</W><W>in</W><W>nature</W><W>.</W></SENTENCE><SENTENCE><W>Leather</W><W>seating</W><W>is</W><W>available</W><W>as</W><W>an</W><W>option</W><W>,</W><W>but</W><W>the</W><W>quality</W><W>of</W><W>that</W><W>leather</W><W>is</W><C><W>lacking</W></C><W>.</W></SENTENCE><SENTENCE><W>It</W><W>feels</W><W>more</W><W>like</W><xcope ID="85"><ref COMMENTS="" ID="87" SRC="81"></ref><W>fake</W><W>leather</W></xcope><C><cue ID="81" type="speculation"><W>or</W></cue></C><xcope ID="84"><ref COMMENTS="" ID="86" SRC="81"></ref><W>leatherette</W></xcope><W>.</W><W></W></SENTENCE><SENTENCE><W>The</W><W>driving</W><W>position</W><W>feels</W><W>a</W><W>little</W><W>like</W><W>that</W><W>of</W><W>a</W><W>school</W><W>bus</W><W>at</W><W>first</W><W>-</W><W>high</W><W>,</W><W>but</W><W>it</W><W>s</W><C><cue ID="82" type="negation"><W>not</W></cue></C><xcope ID="83"><ref COMMENTS="" ID="88" SRC="82"></ref><W>nearly</W><W>as</W><W>bus-like</W><W>as</W><W>the</W><W>PT</W><W>Cruiser</W></xcope><W>.</W></SENTENCE><SENTENCE><W>Materials</W><W>have</W><W>a</W><W>quality</W><C><W>feel</W></C><W>throughout</W><W>,</W><C><W>and</W></C><W>the</W><W>cheap</W><W>plastic-like</W><W>stuff</W><W>shows</W><W>up</W><W>only</W><W>occasionally</W><W>.</W></SENTENCE></P><P></P><P><SENTENCE><W>On</W><W>the</W><W>road</W><W>,</W><W>the</W><W>Focus</W><W>is</W><W>surprisingly</W><W>agile</W><W>.</W></SENTENCE><SENTENCE><W>This</W><W>car</W><W>is</W><W>actually</W><W>quite</W><W>sporty</W><W>.</W></SENTENCE><SENTENCE><W>Handling</W><W>is</W><W>quick</W><C><W>and</W></C><W>precise</W><W>,</W><C><W>lacking</W></C><W>the</W><W>vague</W><C><W>feel</W></C><W>of</W><W>other</W><W>small</W><W>domestic</W><W>cars</W><W>like</W><xcope ID="93"><ref COMMENTS="" ID="100" SRC="89"></ref><W>the</W><W>Pontiac</W><W>Sunfire</W></xcope><C><cue ID="89" type="speculation"><W>or</W></cue></C><xcope ID="92"><ref COMMENTS="" ID="99" SRC="89"></ref><W>Grand</W><W>Am</W></xcope><W>.</W><W>Ride</W><W>quality</W><W>is</W><W>excellent</W><W>for</W><W>a</W><W>smaller</W><W>car</W><W>,</W><C><W>and</W></C><W>road</W><W>noise</W><W>is</W><W>low</W><W>as</W><W>well</W><W>.</W></SENTENCE><SENTENCE><W>Its</W><C><cue ID="91" type="negation"><W>no</W></cue></C><xcope ID="94"><ref COMMENTS="" ID="101" SRC="91"></ref><W>Lexus</W><W>at</W><W>highway</W><W>speeds</W></xcope><W>,</W><W>but</W><W>the</W><W>ZX5</W><W>has</W><W>a</W><W>smooth</W><W>quietness</W><W>that</W><W>feels</W><W>similar</W><W>to</W><W>the</W><xcope ID="96"><ref COMMENTS="" ID="98" SRC="90"></ref><W>Subaru</W><W>Impreza</W></xcope><C><cue ID="90" type="speculation"><W>or</W></cue></C><xcope ID="95"><ref COMMENTS="" ID="97" SRC="90"></ref><W>the</W><W>Honda</W><W>Civic</W></xcope><W>.</W></SENTENCE></P><P></P><P><SENTENCE><W>The</W><W>5-speed</W><W>manual</W><W>shifts</W><C><cue ID="102" type="speculation"><W>without</W></cue></C><xcope ID="104"><ref COMMENTS="" ID="107" SRC="102"></ref><W>drama</W></xcope><W>,</W><C><W>and</W></C><W>the</W><W>lever</W><W>goes</W><W>into</W><W>each</W><W>gear</W><W>with</W><W>just</W><W>the</W><W>right</W><W>amount</W><W>of</W><W>smoothness</W><C><W>and</W></C><W>enough</W><W>resistance</W><W>to</W><W>make</W><W>a</W><W>stick-shift</W><W>fun</W><W>.</W></SENTENCE><SENTENCE><W>Although</W><W>the</W><W>little</W><W>Zetec</W><W>engine</W><W>has</W><W>plenty</W><W>of</W><W>low</W><W>end</W><W>power</W><W>,</W><W>it</W><W>is</W><W>also</W><W>quite</W><W>rev</W><W>happy</W><W>,</W><W>but</W><C><cue ID="103" type="speculation"><W>without</W></cue></C><xcope ID="105"><ref COMMENTS="" ID="106" SRC="103"></ref><W>the</W><W>harsh</W><W>sound</W><W>of</W><W>many</W><W>other</W><W>4</W><W>cylinder</W><W>engines</W></xcope><W>.</W></SENTENCE><SENTENCE><W>130</W><W>hp</W><W>does</W><W>nt</W><W>sound</W><W>like</W><W>a</W><W>lot</W><W>of</W><W>power</W><W>,</W><W>but</W><W>the</W><W>larger</W><W>4</W><W>cylinder</W><W>Honda</W><W>Accord</W><W>has</W><W>only</W><W>20</W><W>more</W><W>hp</W><W>,</W><C><W>and</W></C><W>the</W><W>Toyota</W><W>Corolla</W><W>has</W><W>5</W><W>fewer</W><W>horses</W><W>than</W><W>the</W><W>Focus</W><W></W><W>2.0</W><W>liter</W><W>engine</W><W>.</W></SENTENCE><SENTENCE><W>When</W><W>ordered</W><W>with</W><W>the</W><W>5-speed</W><W>,</W><W>the</W><W>Focus</W><C><cue ID="108" type="speculation"><W>can</W></cue></C><xcope ID="115"><ref COMMENTS="" ID="119" SRC="108"></ref><C><cue ID="109" type="speculation"><W>seem</W></cue></C><xcope ID="114"><ref COMMENTS="" ID="118" SRC="109"></ref><W>quite</W><W>powerful</W></xcope></xcope><W></W><W>second</W><W>gear</W><W>tire</W><W>chirps</W><W>are</W><W>easy</W><W>to</W><W>come</W><W>by</W><W>.</W></SENTENCE><SENTENCE><W>When</W><W>shifting</W><W>hard</W><W>,</W><W>there</W><W>is</W><W>noticeable</W><W>torque-steer</W><W>,</W><W>but</W><W>it</W><W>does</W><C><cue ID="110" type="negation"><W>not</W></cue></C><xcope ID="113"><ref COMMENTS="" ID="116" SRC="110"></ref><C><W>feel</W></C><W>dangerous</W><W>as</W><W>with</W><W>other</W><W>front</W><W>wheel</W><W>drive</W><W>cars</W><W>such</W><W>as</W><W>the</W><W>SAAB</W><W>9-3</W></xcope><W>.</W></SENTENCE><SENTENCE><W>During</W><W>normal</W><W>driving</W><W>,</W><W>torque-steer</W><W>is</W><C><cue ID="111" type="negation"><W>not</W></cue></C><xcope ID="112"><ref COMMENTS="" ID="117" SRC="111"></ref><W>noticeable</W><W>at</W><W>all</W></xcope><W>.</W></SENTENCE></P><P></P><P><SENTENCE><W>Overall</W><W>,</W><W>the</W><W>Focus</W><W>ZX5</W><W>is</W><W>a</W><W>very</W><W>competent</W><W>compact</W><W>car</W><W>.</W></SENTENCE><SENTENCE><W>While</W><W>most</W><W>performance</W><W>enthusiast</W><W>eagerly</W><W>await</W><W>the</W><W>pavement</W><W>scorching</W><W>SVT</W><W>Focus</W><W>,</W><W>many</W><W>want</W><W>the</W><W>practicality</W><W>of</W><W>a</W><W>sedan</W><W>,</W><W>with</W><W>the</W><W>increased</W><W>cargo</W><W>room</W><W>of</W><W>a</W><W>hatchback</W><W>.</W></SENTENCE><SENTENCE><W>The</W><W>ZX5</W><W>is</W><C><cue ID="120" type="speculation"><W>perhaps</W></cue></C><xcope ID="122"><ref COMMENTS="" ID="125" SRC="120"></ref><W>a</W><W>compromise</W><W>in</W><W>many</W><W>ways</W></xcope><W>,</W><C><W>and</W></C><W>yet</W><W>a</W><W>stint</W><W>behind</W><W>the</W><W>wheel</W><W>makes</W><W>one</W><W>realize</W><W>how</W><W>little</W><W>is</W><W>actually</W><W>sacrificed</W><W>.</W></SENTENCE><SENTENCE><xcope ID="124"><ref COMMENTS="" ID="127" SRC="121"></ref><W>The</W><W>ZX5</W><W>offers</W><W>nothing</W><W>more</W></xcope><C><cue ID="121" type="speculation"><W>or</W></cue></C><xcope ID="123"><ref COMMENTS="" ID="126" SRC="121"></ref><W>less</W><W>than</W><W>other</W><W>Focus</W><W></W><W>offer</W></xcope><W>;</W><W>youthful</W><W>styling</W><W>,</W><W>peppy</W><W>performance</W><W>,</W><W>superb</W><W>handling</W><W>,</W><W>room</W><W>for</W><W>5</W><W>adults</W><W>,</W><W>lots</W><W>of</W><W>convenience</W><W>features</W><W>,</W><C><W>and</W></C><W>a</W><W>price</W><W>well</W><W>below</W><W>$</W><W>20,000</W><W>.</W></SENTENCE><SENTENCE><W>Essentially</W><W>the</W><W>Focus</W><W>ZX5</W><W>is</W><W>roomier</W><W>than</W><W>it</W><W>looks</W><W>,</W><C><W>and</W></C><W>sportier</W><W>than</W><W>it</W><W>has</W><W>to</W><W>be</W><W></W><W>The</W><W>Who</W><W>said</W><W>it</W><W>best</W><W>,</W><W>Id</W><W>call</W><W>that</W><W>a</W><W>bargain</W><W></W></SENTENCE></P></DOCUMENT>
