<?xml version="1.0" encoding="UTF-8"?>
<DOCUMENT><P></P><P><SENTENCE><W>Giddy-Up</W><W>!</W></SENTENCE></P><P></P><P><SENTENCE><W>Ford</W><W>Mustang</W><W>2002</W><W>convertible</W><W>.</W></SENTENCE></P><P></P><P><SENTENCE><W>A</W><W>few</W><W>years</W><W>ago</W><W>Ford</W><W>redesigned</W><W>the</W><W>Mustang</W><C><W>and</W></C><W>gave</W><W>it</W><W>back</W><W>some</W><W>its</W><W>mid</W><W>1960</W><W>classic</W><W>look</W><W>,</W><W>I</W><C><cue ID="0" type="negation"><W>never</W></cue></C><xcope ID="8"><ref COMMENTS="" ID="23" SRC="0"></ref><W>really</W><W>understood</W><W>Ford</W><W>&#39;s</W><W>decision</W><W>to</W><W>drop</W><W>the</W><W>so</W><W>popular</W><W>style</W><W>of</W><W>the</W><W>60</W><W>&#39;s</W><W>Mustang</W></xcope><W>.</W></SENTENCE><SENTENCE><W>I</W><W>always</W><C><cue ID="1" type="speculation"><W>thought</W></cue></C><xcope ID="11"><ref COMMENTS="" ID="22" SRC="1"></ref><W>that</W><C><cue ID="2" type="speculation"><W>if</W></cue></C><xcope ID="10"><ref COMMENTS="" ID="21" SRC="2"></ref><W>Chevrolet</W><C><cue ID="3" type="speculation"><W>could</W></cue></C><xcope ID="9"><ref COMMENTS="" ID="20" SRC="3"></ref><W>keep</W><W>the</W><W>sleek</W><C><W>and</W></C><W>racing</W><W>style</W><W>of</W><W>the</W><W>Corvette</W></xcope></xcope></xcope><W>than</W><W>why</W><W>Ford</W><C><cue ID="4" type="speculation"><W>could</W></cue></C><xcope ID="18"><ref COMMENTS="" ID="19" SRC="4"></ref><C><cue ID="5" type="negation"><W>not</W></cue></C><xcope ID="13"><ref COMMENTS="" ID="17" SRC="5"></ref><W>have</W><W>done</W><W>the</W><W>same</W><C><cue ID="6" type="negation"><W>not</W></cue></C><xcope ID="12"><ref COMMENTS="" ID="16" SRC="6"></ref><W>only</W><W>for</W><W>the</W><W>Mustang</W></xcope><W>.</W></xcope></xcope></SENTENCE><SENTENCE><C><cue ID="7" type="speculation"><W>If</W></cue></C><xcope ID="76"><ref COMMENTS="" ID="77" SRC="7"></ref><W>you</W><W>notice</W><W>Ford</W><W>had</W><W>also</W><W>done</W><W>the</W><W>for</W><W>the</W><W>fantastic</W><W>T-Bird</W><W>that</W><W>lost</W><W>all</W><W>its</W><W>classic</W><W>styling</W><W>in</W><W>the</W><W>early</W><W>70s</W><W>.</W></xcope></SENTENCE></P><P></P><P><SENTENCE><W>The</W><W>Mustang</W><W>convertible</W><W>2002</W><W>does</W><W>have</W><W>the</W><W>look</W><C><W>and</W></C><W>body</W><W>that</W><W>tends</W><W>to</W><W>make</W><W>cars</W><W>become</W><W>a</W><W>classic</W><W>.</W></SENTENCE><SENTENCE><W>Who</W><W>knows</W><C><cue ID="24" type="speculation"><W>if</W></cue></C><xcope ID="25"><ref COMMENTS="" ID="29" SRC="24"></ref><W>it</W><W>will</W><W>ever</W><W>be</W><W>as</W><W>popular</W><W>as</W><W>the</W><W>original</W><W>Mustang</W></xcope><W>but</W><W>it</W><W>really</W><W>does</W><C><cue ID="26" type="negation"><W>not</W></cue></C><xcope ID="27"><ref COMMENTS="" ID="28" SRC="26"></ref><W>matter</W></xcope><W>because</W><W>this</W><W>automobile</W><W>is</W><W>a</W><W>fun</W><W>sport</W><W>car</W><W>to</W><W>drive</W><W>.</W></SENTENCE></P><P></P><P><SENTENCE><W>Looking</W><W>at</W><W>the</W><W>interior</W><W>of</W><W>the</W><W>Ford</W><W>Mustang</W><W>with</W><W>the</W><W>top</W><W>is</W><W>down</W><W>is</W><W>impressive</W><W>.</W></SENTENCE><SENTENCE><W>I</W><W>like</W><W>the</W><W>beauty</W><W>of</W><W>the</W><W>interior</W><C><W>and</W></C><W>how</W><W>all</W><xcope ID="74"><ref COMMENTS="" ID="75" SRC="30"></ref><W>the</W><W>gages</W><C><W>and</W></C><W>controls</W></xcope><C><cue ID="30" type="speculation"><W>seems</W></cue></C><xcope ID="31"><ref COMMENTS="" ID="32" SRC="30"></ref><W>to</W><W>be</W><W>so</W><W>compact</W><C><W>and</W></C><W>easy</W><W>to</W><W>read</W><C><W>and</W></C><W>reach</W></xcope><W>.</W></SENTENCE></P><P></P><P><SENTENCE><W>The</W><W>car</W><W>I</W><W>drove</W><W>was</W><W>equipped</W><W>with</W><W>leather</W><W>trim</W><W>Sport</W><W>bucket</W><W>seats</W><W>,</W><W>they</W><W>are</W><W>optional</W><W>for</W><W>the</W><W>Mustang</W><W>2002</W><W>but</W><W>they</W><W>certainly</W><W>make</W><W>that</W><W>interior</W><W>look</W><W>very</W><W>special</W><W>.</W></SENTENCE></P><P></P><P><SENTENCE><W>Once</W><W>behind</W><W>the</W><W>steering</W><W>wheel</W><W>,</W><W>I</W><W>did</W><C><W>feel</W></C><W>a</W><W>bit</W><W>cramped</W><W>in</W><W>,</W><W>but</W><W>after</W><W>a</W><W>few</W><W>minutes</W><W>I</W><W>got</W><W>use</W><W>to</W><W>it</W><W>.</W></SENTENCE><SENTENCE><W>The</W><W>armrest</W><W>on</W><W>the</W><W>front</W><W>console</W><W>was</W><W>at</W><W>the</W><W>right</W><W>level</W><C><W>and</W></C><W>resting</W><W>my</W><W>arm</W><W>on</W><W>it</W><W>brought</W><W>my</W><W>hands</W><W>at</W><W>the</W><W>right</W><W>place</W><W>on</W><W>the</W><W>steering</W><C><W>and</W></C><W>felt</W><W>good</W><W>to</W><W>hold</W><W>it</W><W>.</W></SENTENCE></P><P></P><P><SENTENCE><W>The</W><W>radio/CD</W><W>player</W><W>was</W><W>an</W><W>AM/FM</W><W>stereo</W><W>with</W><W>a</W><W>single</W><W>in-dash</W><W>CD</W><W>player</W><W>.</W></SENTENCE><SENTENCE><W>The</W><W>sound</W><W>system</W><W>is</W><W>well</W><W>located</W><W>on</W><W>the</W><W>front</W><W>console</W><C><W>and</W></C><W>is</W><W>fairly</W><W>easy</W><W>to</W><W>understand</W><C><W>and</W></C><W>operate</W><W>.</W></SENTENCE><SENTENCE><W>I</W><W>did</W><C><cue ID="33" type="negation"><W>not</W></cue></C><xcope ID="39"><ref COMMENTS="" ID="43" SRC="33"></ref><C><cue ID="34" type="speculation"><W>think</W></cue></C><xcope ID="38"><ref COMMENTS="" ID="42" SRC="34"></ref><W>that</W><W>the</W><W>sound</W><W>was</W><W>as</W><W>good</W><W>as</W><W>it</W><C><cue ID="35" type="speculation"><W>should</W></cue></C><xcope ID="37"><ref COMMENTS="" ID="41" SRC="35"></ref><W>be</W></xcope></xcope></xcope><W>but</W><W>I</W><W>guess</W><W>who</W><W>cares</W><W>when</W><W>the</W><W>top</W><W>is</W><W>down</W><C><W>and</W></C><W>you</W><W>are</W><W>going</W><W>for</W><W>a</W><W>early</W><W>evening</W><W>summer</W><W>drive</W><W>down</W><W>a</W><W>scenic</W><W>country</W><W>road</W><W>.</W></SENTENCE></P><P></P><P><SENTENCE><W>The</W><W>exterior</W><W>of</W><W>this</W><W>car</W><W>is</W><W>really</W><W>something</W><W>to</W><W>look</W><W>at</W><W>,</W><C><cue ID="36" type="negation"><W>not</W></cue></C><xcope ID="40"><ref COMMENTS="" ID="44" SRC="36"></ref><W>only</W><W>does</W><W>it</W><W>bring</W><W>back</W><W>the</W><W>60</W><W>&#39;s</W><W>style</W></xcope><W>but</W><W>it</W><W>also</W><W>gives</W><W>the</W><W>2002</W><W>Mustang</W><W>a</W><W>look</W><W>worthy</W><W>of</W><W>the</W><W>new</W><W>Millennium</W><W>.</W></SENTENCE><SENTENCE><W>The</W><W>hood</W><C><W>and</W></C><W>side</W><W>panels</W><W>have</W><W>air</W><W>scoops</W><C><W>and</W></C><W>the</W><W>trunk</W><W>has</W><W>a</W><W>rear</W><W>spoiler</W><W>that</W><W>will</W><W>give</W><W>this</W><W>vehicle</W><W>a</W><W>real</W><W>sport</W><W>car</W><W>design</W><W>.</W></SENTENCE></P><P></P><P><SENTENCE><W>I</W><W>was</W><C><cue ID="45" type="negation"><W>not</W></cue></C><xcope ID="50"><ref COMMENTS="" ID="53" SRC="45"></ref><W>too</W><W>impressed</W><W>with</W><W>the</W><W>17</W><W>inches</W><W>aluminum</W><W>wheels</W></xcope><W>;</W><W>to</W><W>me</W><W>it</W><C><cue ID="46" type="speculation"><W>seems</W></cue></C><xcope ID="68"><ref COMMENTS="" ID="70" SRC="46"></ref><W>that</W><W>wires</W><W>wheels</W><C><cue ID="67" type="speculation"><W>would</W></cue></C><xcope ID="48"><ref COMMENTS="" ID="69" SRC="67"></ref><W>look</W><W>so</W><W>much</W><W>better</W><W>with</W><W>this</W><W>car</W></xcope></xcope><W>.</W></SENTENCE><SENTENCE><W>This</W><W>is</W><W>something</W><W>to</W><W>consider</W><W>to</W><W>change</W><W>in</W><W>the</W><W>after</W><W>market</W><W>for</W><W>new</W><W>Mustang</W><W>owners</W><W>.</W></SENTENCE></P><P></P><P><SENTENCE><W>Driving</W><W>the</W><W>Ford</W><W>Mustang</W><W>2002</W><W>convertible</W><W>was</W><W>quite</W><W>a</W><W>pleasing</W><W>experience</W><C><W>and</W></C><W>one</W><W>I</W><W>will</W><W>remember</W><W>for</W><W>quite</W><W>a</W><W>long</W><W>time</W><W>.</W></SENTENCE><SENTENCE><C><cue ID="54" type="speculation"><W>If</W></cue></C><xcope ID="59"><ref COMMENTS="" ID="62" SRC="54"></ref><W>I</W><C><cue ID="55" type="speculation"><W>would</W></cue></C><xcope ID="58"><ref COMMENTS="" ID="61" SRC="55"></ref><W>be</W><W>a</W><W>bit</W><W>younger</W><W>I</W><C><cue ID="56" type="speculation"><W>would</W></cue></C><xcope ID="57"><ref COMMENTS="" ID="60" SRC="56"></ref><W>certainly</W><W>consider</W><W>buying</W><W>one</W><W>for</W><W>myself</W></xcope></xcope></xcope><W>.</W></SENTENCE><SENTENCE><W>The</W><W>car</W><W>handle</W><W>very</W><W>well</W><W>on</W><W>the</W><W>highway</W><W>,</W><C><W>and</W></C><W>you</W><W>have</W><W>the</W><W>feeling</W><W>that</W><W>it</W><W>hugged</W><W>the</W><W>road</W><W>very</W><W>well</W><W>.</W></SENTENCE></P><P></P><P><SENTENCE><W>As</W><W>for</W><W>city</W><W>driving</W><W>this</W><W>car</W><W>is</W><W>a</W><W>dream</W><W>,</W><W>it</W><W>is</W><C><cue ID="71" type="negation"><W>not</W></cue></C><xcope ID="72"><ref COMMENTS="" ID="73" SRC="71"></ref><W>to</W><W>big</W><W>to</W><W>be</W><W>a</W><W>pain</W><W>to</W><W>drive</W><W>around</W><W>the</W><W>city</W></xcope><C><W>and</W></C><W>at</W><W>the</W><W>same</W><W>time</W><W>it</W><W>is</W><W>big</W><W>enough</W><W>to</W><W>be</W><W>noticed</W><W>.</W></SENTENCE></P><P></P><P><SENTENCE><W>The</W><W>Ford</W><W>Mustang</W><W>convertible</W><W>I</W><W>drove</W><W>was</W><W>had</W><W>a</W><W>V8</W><W>4.6</W><W>litter</W><W>SOHC</W><W>16</W><W>valves</W><W>engine</W><W>,</W><W>developing</W><W>260</W><W>horsepower</W><W>.</W></SENTENCE><SENTENCE><W>The</W><W>transmission</W><W>was</W><W>a</W><W>4-speed</W><W>electronic</W><W>overdrive</W><W>transmission</W><W>.</W></SENTENCE><SENTENCE><W>It</W><W>also</W><W>was</W><W>equipped</W><W>with</W><W>4-wheel</W><W>disc</W><W>brakes</W><W>with</W><W>ABS</W></SENTENCE></P><P></P><P><SENTENCE><W>As</W><W>for</W><W>the</W><W>Mustangs</W><W>of</W><W>the</W><W>mid-60</W><W>&#39;s</W><W>after</W><W>sitting</W><W>a</W><W>while</W><W>in</W><W>this</W><W>car</W><W>you</W><W>will</W><W>start</W><W>to</W><C><W>feel</W></C><W>less</W><W>comfortable</W><W>but</W><W>that</W><W>put</W><W>aside</W><W>this</W><W>is</W><W>a</W><W>fun</W><W>car</W><W>to</W><W>own</W><C><W>and</W></C><W>drive</W><W>,</W><W>I</W><C><cue ID="63" type="speculation"><W>believe</W></cue></C><xcope ID="78"><ref COMMENTS="" ID="79" SRC="63"></ref><W>that</W><W>the</W><W>price</W><W>is</W><W>right</W><C><W>and</W></C><W>anyone</W><W>who</W><W>buys</W><W>a</W><W>2002</W><W>Ford</W><W>Mustang</W><C><cue ID="64" type="speculation"><W>should</W></cue></C><xcope ID="65"><ref COMMENTS="" ID="68" SRC="64"></ref><W>have</W><W>years</W><W>of</W><W>pleasure</W><W>driving</W><W>it</W></xcope></xcope><W>.</W></SENTENCE></P></DOCUMENT>
