<?xml version="1.0" encoding="UTF-8"?>
<DOCUMENT><P></P><P><SENTENCE><W>Ford</W><W>Focus</W><W>Hatchback</W><W>2002</W><W>.</W></SENTENCE></P><P></P><P><SENTENCE><W>Focus</W><W>for</W><W>the</W><W>New</W><W>Century</W><W>.</W></SENTENCE></P><P></P><P><SENTENCE><W>At</W><W>first</W><W>glance</W><W>looking</W><W>at</W><W>the</W><W>front</W><W>end</W><W>of</W><W>the</W><W>Ford</W><W>Focus</W><W>Hatchback</W><W>looks</W><W>like</W><W>a</W><W>regular</W><W>Ford</W><W>vehicle</W><W>but</W><W>as</W><W>you</W><W>proceed</W><W>to</W><W>look</W><W>at</W><W>the</W><W>rest</W><W>of</W><W>the</W><W>Focus</W><W>,</W><W>you</W><W>will</W><W>notice</W><W>it</W><W>has</W><W>a</W><W>very</W><W>particular</W><W>look</W><W>.</W></SENTENCE></P><P></P><P><SENTENCE><W>The</W><W>Focus</W><W>Hatchback</W><W>looks</W><W>as</W><C><cue ID="0" type="speculation"><W>if</W></cue></C><W>Ford</W><W>designers</W><W>started</W><W>putting</W><W>this</W><W>car</W><W>together</W><W>by</W><W>throwing</W><W>away</W><W>all</W><W>the</W><W>basic</W><W>rules</W><W>about</W><W>designing</W><W>a</W><W>car</W><W>.</W></SENTENCE></P><P></P><P><SENTENCE><W>It</W><W>is</W><W>well</W><W>equipped</W><C><W>and</W></C><W>for</W><W>those</W><W>who</W><W>wants</W><W>to</W><W>load</W><W>it</W><W>up</W><W>Ford</W><W>will</W><W>offer</W><W>you</W><W>an</W><W>excellent</W><W>selection</W><W>of</W><W>options</W><W>for</W><W>your</W><W>driving</W><W>pleasure</W><W>.</W></SENTENCE></P><P></P><P><SENTENCE><W>The</W><W>interior</W><W>of</W><W>the</W><W>focus</W><W>is</W><W>very</W><W>spacious</W><C><W>and</W></C><W>this</W><W>is</W><W>due</W><W>to</W><W>the</W><W>raised</W><W>roofline</W><W>at</W><W>the</W><W>front</W><W>.</W></SENTENCE><SENTENCE><W>Also</W><W>you</W><C><cue ID="1" type="speculation"><W>should</W></cue></C><xcope ID="8"><ref COMMENTS="" ID="9" SRC="1"></ref><W>appreciate</W><W>the</W><W>extra</W><W>wide</W><W>doors</W></xcope><W>which</W><C><cue ID="2" type="speculation"><W>can</W></cue></C><xcope ID="6"><ref COMMENTS="" ID="10" SRC="2"></ref><W>make</W><W>entering</W><C><W>and</W></C><W>exiting</W><W>much</W><W>easier</W></xcope><W>.</W></SENTENCE></P><P></P><P><SENTENCE><W>All</W><W>the</W><W>controls</W><W>are</W><W>well</W><W>placed</W><C><W>and</W></C><C><cue ID="3" type="speculation"><W>can</W></cue></C><xcope ID="12"><ref COMMENTS="" ID="13" SRC="3"></ref><W>easily</W><W>be</W><W>seen</W><C><W>and</W></C><W>reached</W><W>by</W><W>the</W><W>driver</W></xcope><W>.</W></SENTENCE><SENTENCE><W>Also</W><W>I</W><W>noticed</W><W>that</W><W>the</W><W>controls</W><W>most</W><W>often</W><W>used</W><W>are</W><W>placed</W><W>in</W><W>a</W><W>manner</W><W>that</W><W>they</W><W>are</W><W>much</W><W>easier</W><W>to</W><W>locate</W><W>than</W><W>the</W><W>ones</W><C><cue ID="4" type="negation"><W>not</W></cue></C><xcope ID="5"><ref COMMENTS="" ID="11" SRC="4"></ref><W>used</W><W>regularly</W></xcope><W>.</W></SENTENCE></P><P></P><P><SENTENCE><W>The</W><W>exterior</W><W>look</W><W>of</W><W>this</W><W>car</W><W>is</W><W>certainly</W><W>where</W><W>it</W><W>stand</W><W>out</W><W>from</W><W>other</W><W>compact</W><W>cars</W><W>.</W></SENTENCE><SENTENCE><C><cue ID="14" type="negation"><W>Not</W></cue></C><xcope ID="15"><ref COMMENTS="" ID="16" SRC="14"></ref><W>only</W><W>because</W><W>the</W><W>new</W><W>bold</W><W>design</W></xcope><W>but</W><W>it</W><W>gives</W><W>the</W><W>impression</W><W>of</W><W>a</W><W>tightly</W><W>put</W><W>together</W><W>exterior</W><W>panels</W><W>.</W></SENTENCE></P><P></P><P><SENTENCE><W>It</W><C><cue ID="17" type="speculation"><W>may</W></cue></C><xcope ID="20"><ref COMMENTS="" ID="21" SRC="17"></ref><W>take</W><W>some</W><W>time</W><W>for</W><W>consumers</W><W>to</W><W>get</W><W>used</W><W>to</W><W>this</W><W>design</W></xcope><W>but</W><W>lets</W><W>face</W><W>it</W><W>I</W><W>have</W><W>seen</W><W>other</W><W>unusual</W><W>designs</W><W>that</W><W>became</W><W>hits</W><W>with</W><W>the</W><W>public</W><W>.</W></SENTENCE><SENTENCE><W>I</W><W>guess</W><W>only</W><W>time</W><W>will</W><W>tell</W><W>about</W><W>the</W><W>acceptance</W><W>of</W><W>this</W><W>new</W><W>style</W><W>.</W></SENTENCE></P><P></P><P><SENTENCE><W>I</W><W>had</W><W>the</W><W>opportunity</W><W>to</W><W>rent</W><W>the</W><W>Focus</W><W>during</W><W>a</W><W>recent</W><W>visit</W><W>to</W><W>the</W><W>Vietnam</W><W>War</W><W>Memorial</W><W>in</W><W>Washington</W><W>DC</W><W>.</W></SENTENCE><SENTENCE><W>When</W><W>I</W><W>made</W><W>my</W><W>reservation</W><W>,</W><W>I</W><W>asked</W><W>the</W><W>car</W><W>rental</W><W>company</W><C><cue ID="18" type="speculation"><W>if</W></cue></C><xcope ID="19"><ref COMMENTS="" ID="22" SRC="18"></ref><W>they</W><W>had</W><W>any</W><W>available</W><C><W>and</W></C><W>they</W><W>did</W></xcope><W>.</W></SENTENCE></P><P></P><P><SENTENCE><W>The</W><W>first</W><W>thing</W><W>I</W><W>noticed</W><W>was</W><W>how</W><W>well</W><W>the</W><W>interior</W><C><W>and</W></C><W>exterior</W><W>colors</W><W>really</W><W>complimented</W><W>each</W><W>other</W><W>&#39;s</W><W>,</W><W>the</W><W>car</W><W>really</W><W>looked</W><W>good</W><W>.</W></SENTENCE></P><P></P><P><SENTENCE><W>During</W><W>the</W><W>weekend</W><W>I</W><W>mostly</W><W>did</W><W>city</W><W>driving</W><C><W>and</W></C><W>it</W><W>almost</W><W>made</W><W>driving</W><W>around</W><W>in</W><W>a</W><W>strange</W><W>city</W><W>a</W><W>pleasure</W><W>.</W></SENTENCE><SENTENCE><W>I</W><W>did</W><W>drive</W><W>for</W><W>short</W><W>while</W><W>on</W><W>the</W><W>highway</W><C><W>and</W></C><W>again</W><W>it</W><W>felt</W><W>that</W><W>even</W><C><cue ID="23" type="speculation"><W>if</W></cue></C><xcope ID="24"><ref COMMENTS="" ID="25" SRC="23"></ref><W>this</W><W>is</W><W>a</W><W>compact</W><W>car</W><W>it</W><W>still</W><W>has</W><W>enough</W><W>power</W><W>to</W><C><W>feel</W></C><W>safe</W><W>for</W><W>highway</W><W>driving</W></xcope><W>.</W></SENTENCE></P><P></P><P><SENTENCE><W>Breaking</W><W>with</W><W>this</W><W>automobile</W><W>was</W><W>smooth</W><C><W>and</W></C><W>the</W><W>vehicle</W><W>came</W><W>to</W><W>a</W><W>quick</W><W>stop</W><W>every</W><W>time</W><W>.</W></SENTENCE><SENTENCE><W>The</W><W>Ford</W><W>Focus</W><W>I</W><W>rented</W><W>was</W><W>equipped</W><W>as</W><W>follows</W><W>.</W></SENTENCE></P><P></P><P><SENTENCE><W>The</W><W>Engine</W><W>was</W><W>a</W><W>4</W><W>Cylinder</W><W>,</W><W>2.0</W><W>Liters</W><W>DOHC</W><W>Zetec</W><W>engine</W><W>with</W><W>130</W><W>Horsepower</W><W>.</W></SENTENCE><SENTENCE><W>IT</W><W>had</W><W>a</W><W>4-Speed</W><W>automatic</W><W>transmission</W><W>.</W></SENTENCE><SENTENCE><W>The</W><W>brakes</W><W>were</W><W>disc</W><W>for</W><W>the</W><W>front</W><C><W>and</W></C><W>drum</W><W>in</W><W>the</W><W>rear</W><W>.</W></SENTENCE></P><P></P><P><SENTENCE><W>As</W><W>for</W><W>the</W><W>fuel</W><W>economy</W><W>it</W><W>gets</W><W>25</W><W>MPH</W><W>in</W><W>the</W><W>city</W><C><W>and</W></C><W>33</W><W>on</W><W>the</W><W>highway</W><W>.</W></SENTENCE><SENTENCE><W>The</W><W>curb</W><W>weight</W><W>of</W><W>the</W><W>Focus</W><W>hatchback</W><W>is</W><W>2,551</W><W>Lbs</W><W>.</W></SENTENCE><SENTENCE><W>The</W><W>sitting</W><W>capacity</W><W>is</W><W>5</W><W>persons</W><W>.</W></SENTENCE></P><P></P><P><SENTENCE><W>The</W><W>Ford</W><W>Focus</W><W>hatchback</W><W>is</W><W>an</W><W>interesting</W><C><W>and</W></C><W>pleasant</W><W>car</W><W>to</W><W>drive</W><W>.</W></SENTENCE><SENTENCE><W>I</W><W>had</W><W>the</W><W>opportunity</W><W>to</W><W>drive</W><W>it</W><W>for</W><W>two</W><W>full</W><W>days</W><C><W>and</W></C><W>even</W><C><cue ID="27" type="speculation"><W>if</W></cue></C><xcope ID="33"><ref COMMENTS="" ID="34" SRC="27"></ref><W>it</W><W>is</W><C><W>considered</W></C><W>a</W><W>compact</W></xcope><W>,</W><W>I</W><W>did</W><C><cue ID="26" type="negation"><W>not</W></cue></C><xcope ID="32"><ref COMMENTS="" ID="33" SRC="26"></ref><C><W>feel</W></C><W>cooped</W><W>in</W><C><W>and</W></C><W>uncomfortable</W><W>at</W><W>all</W><W>in</W><W>the</W><W>Focus</W></xcope><W>.</W></SENTENCE></P><P></P><P><SENTENCE><W>I</W><C><cue ID="28" type="speculation"><W>would</W></cue></C><xcope ID="31"><ref COMMENTS="" ID="35" SRC="28"></ref><W>certainly</W><W>consider</W><W>going</W><W>on</W><W>a</W><W>long</W><W>drive</W><W>with</W><W>it</W></xcope><C><W>and</W></C><W>I</W><C><cue ID="29" type="speculation"><W>believe</W></cue></C><xcope ID="30"><ref COMMENTS="" ID="34" SRC="29"></ref><W>it</W><W>to</W><W>be</W><W>an</W><W>ideal</W><W>car</W><W>for</W><W>a</W><W>young</W><W>family</W></xcope><W>.</W></SENTENCE></P></DOCUMENT>
