<?xml version="1.0" encoding="UTF-8"?>
<DOCUMENT><P></P><P><SENTENCE><W>Let</W><W>me</W><W>start</W><W>by</W><W>saying</W><W>that</W><W>Im</W><C><cue COMMENTS="" ID="0" type="negation"><W>not</W></cue></C><xcope COMMENTS="" ID="3"><ref COMMENTS="" ID="4" SRC="0"></ref><W>a</W><W>car</W><W>person</W></xcope><W>.</W></SENTENCE><SENTENCE><W>I</W><W>view</W><W>driving</W><W>as</W><W>a</W><W>necessary</W><W>evil</W><W>,</W><C><W>and</W></C><W>a</W><W>car</W><W>is</W><W>just</W><W>the</W><W>thing</W><W>that</W><W>I</W><W>sit</W><W>in</W><W>while</W><W>I</W><W>am</W><W>forced</W><W>to</W><W>drive</W><W>.</W></SENTENCE><SENTENCE><W>When</W><W>it</W><W>s</W><W>time</W><W>for</W><W>me</W><W>to</W><W>buy</W><W>a</W><W>car</W><W>I</W><W>figure</W><W>out</W><W>my</W><W>price</W><W>range</W><W>,</W><W>look</W><W>in</W><W>Consumer</W><W>Reports</W><W>to</W><W>see</W><W>which</W><W>cars</W><W>in</W><W>that</W><W>range</W><W>get</W><W>the</W><W>best</W><W>ratings</W><W>for</W><W>safety</W><C><W>and</W></C><W>reliability</W><W>,</W><C><W>and</W></C><W>then</W><W>pick</W><W>the</W><W>ones</W><W>that</W><W>look</W><W>good</W><W>to</W><W>test</W><W>drive</W><W>.</W></SENTENCE><SENTENCE><W>Ill</W><C><cue COMMENTS="" ID="1" type="negation"><W>never</W></cue></C><xcope COMMENTS="" ID="2"><ref COMMENTS="" ID="5" SRC="1"></ref><W>be</W><W>a</W><W>car</W><W>person</W></xcope><W>.</W></SENTENCE></P><P></P><P><SENTENCE><W>That</W><W>being</W><W>said</W><W>let</W><W>me</W><W>tell</W><W>you</W><W>that</W><W>I</W><W>absolutely</W><W>love</W><W>my</W><W>2002</W><W>Nissan</W><W>Altima</W><W>!</W></SENTENCE><SENTENCE><W>Ive</W><W>owned</W><W>the</W><W>car</W><W>for</W><W>almost</W><W>three</W><W>months</W><W>now</W><W>,</W><C><W>and</W></C><W>Im</W><W>still</W><W>as</W><W>excited</W><W>about</W><W>it</W><W>as</W><W>I</W><W>was</W><W>when</W><W>I</W><W>drove</W><W>it</W><W>off</W><W>the</W><W>dealers</W><W>lot</W><W>.</W></SENTENCE><SENTENCE><W>Im</W><W>almost</W><W>embarrassed</W><W>to</W><W>admit</W><W>this</W><W>,</W><W>but</W><W>there</W><W>are</W><W>times</W><W>when</W><W>Im</W><W>in</W><W>the</W><W>garage</W><W>that</W><W>I</W><W>have</W><W>to</W><W>stop</W><W>what</W><W>Im</W><W>doing</W><W>just</W><W>so</W><W>that</W><W>I</W><C><cue COMMENTS="" ID="6" type="speculation"><W>can</W></cue></C><xcope COMMENTS="" ID="10"><ref COMMENTS="" ID="14" SRC="6"></ref><W>take</W><W>a</W><W>moment</W><W>to</W><W>admire</W><W>my</W><W>car</W></xcope><W>.</W></SENTENCE><SENTENCE><W>I</W><W>have</W><W>even</W><W>stopped</W><W>in</W><W>parking</W><W>lots</W><C><W>and</W></C><W>said</W><W>to</W><W>myself</W><W>Wow</W><W>!</W></SENTENCE><SENTENCE><W>Thats</W><W>a</W><W>good</W><W>looking</W><W>car</W><W>!</W><W></W><W>only</W><W>to</W><W>realize</W><W>that</W><W>it</W><W>s</W><W>mine</W><W>!</W></SENTENCE><SENTENCE><C><cue COMMENTS="" ID="7" type="speculation"><W>If</W></cue></C><xcope COMMENTS="" ID="11"><ref COMMENTS="" ID="13" SRC="7"></ref><W>this</W><W>car</W><C><cue COMMENTS="" ID="8" type="speculation"><W>can</W></cue></C><xcope COMMENTS="" ID="9"><ref COMMENTS="" ID="12" SRC="8"></ref><W>get</W><W>me</W><W>excited</W></xcope></xcope><W>,</W><W>it</W><W>s</W><W>definitely</W><W>worth</W><W>writing</W><W>about</W><W>!</W></SENTENCE></P><P></P><P><SENTENCE><W>Before</W><W>I</W><W>get</W><W>into</W><W>the</W><W>details</W><W>,</W><W>please</W><W>know</W><W>that</W><W>I</W><W>dont</W><W>know</W><W>much</W><W>about</W><W>engines</W><W>,</W><W>suspension</W><W>systems</W><W>,</W><C><W>and</W></C><W>brakes</W><W>.</W></SENTENCE><SENTENCE><W>I</W><W>cant</W><W>explain</W><W>the</W><W>technical</W><W>workings</W><W>of</W><W>the</W><W>car</W><W>.</W></SENTENCE><SENTENCE><W>Luckily</W><W>,</W><W>you</W><W>dont</W><W>need</W><W>me</W><W>for</W><W>that</W><W>.</W></SENTENCE><SENTENCE><W>The</W><W>Nissan</W><W>Website</W><W>http</W><W>://www.nissanusa.com/vehicles/ModelHomePage/0,9438,20700,00.html</W></SENTENCE></P><P></P><P><SENTENCE><C><W>and</W></C><W>your</W><W>local</W><W>dealer</W><C><cue COMMENTS="" ID="15" type="speculation"><W>can</W></cue></C><xcope COMMENTS="" ID="20"><ref COMMENTS="" ID="21" SRC="15"></ref><W>give</W><W>you</W><W>plenty</W><W>of</W><W>technical</W><W>information</W></xcope><W>(</W><W>note</W><W>that</W><W>the</W><W>website</W><W>now</W><W>details</W><W>the</W><W>2003</W><W>Altima</W><W>)</W><W>.</W></SENTENCE><SENTENCE><W>What</W><W>I</W><C><cue COMMENTS="" ID="16" type="speculation"><W>can</W></cue></C><xcope COMMENTS="" ID="19"><ref COMMENTS="" ID="22" SRC="16"></ref><W>share</W><W>is</W><W>my</W><W>own</W><W>unique</W><W>experiences</W><W>with</W><W>the</W><W>car</W></xcope><W></W><W>why</W><W>I</W><W>am</W><W>so</W><W>thrilled</W><W>with</W><W>my</W><W>choice</W><W>,</W><C><W>and</W></C><W>the</W><W>few</W><W>things</W><W>that</W><W>Nissan</W><C><cue COMMENTS="" ID="17" type="speculation"><W>could</W></cue></C><xcope COMMENTS="" ID="18"><ref COMMENTS="" ID="23" SRC="17"></ref><W>do</W><W>to</W><W>make</W><W>next</W><W>years</W><W>model</W><W>even</W><W>better</W></xcope><W>.</W></SENTENCE></P><P></P><P><SENTENCE><W>First</W><W>-</W><W>a</W><W>bit</W><W>of</W><W>history</W><W>.</W></SENTENCE><SENTENCE><W>I</W><W>got</W><W>my</W><W>drivers</W><W>license</W><W>at</W><W>17</W><W>,</W><W>but</W><W>did</W><W>nt</W><W>own</W><W>a</W><W>car</W><W>until</W><W>I</W><W>moved</W><W>to</W><W>Florida</W><W>at</W><W>the</W><W>tender</W><W>age</W><W>of</W><W>32</W><W>.</W></SENTENCE><SENTENCE><W>My</W><W>first</W><W>car</W><W>was</W><W>a</W><W>sporty</W><W>Acura</W><W>Integra</W><W>.</W></SENTENCE><SENTENCE><W>At</W><W>the</W><W>time</W><W>,</W><W>my</W><W>employer</W><W>was</W><W>paying</W><W>for</W><W>the</W><W>car</W><W>,</W><W>so</W><W>I</W><W>leased</W><W>.</W></SENTENCE><SENTENCE><W>I</W><W>really</W><W>liked</W><W>the</W><W>Integra</W><W>,</W><W>but</W><W>when</W><W>the</W><W>lease</W><W>was</W><W>up</W><W>,</W><W>I</W><W>chose</W><C><cue COMMENTS="" ID="24" type="negation"><W>not</W></cue></C><xcope COMMENTS="" ID="29"><ref COMMENTS="" ID="36" SRC="24"></ref><W>to</W><W>buy</W><W>it</W><W>for</W><W>several</W><W>reasons</W></xcope><W>,</W><W>the</W><W>most</W><W>relevant</W><W>being</W><W>that</W><W>I</W><W>wanted</W><W>a</W><W>larger</W><W>six</W><W>cylinder</W><W>car</W><W>.</W></SENTENCE><SENTENCE><W>The</W><W>Integra</W><W>had</W><W>only</W><W>four</W><W>cylinders</W><W>,</W><C><W>and</W></C><W>sometimes</W><W>while</W><W>merging</W><W>onto</W><W>highways</W><W>it</W><W>gave</W><W>me</W><W>cause</W><W>to</W><W>pray</W><W>!</W></SENTENCE><SENTENCE><W>Florida</W><W>drivers</W><W>are</W><W>known</W><W>to</W><W>be</W><W>rude</W><C><W>and</W></C><W>to</W><W>drive</W><W>fast</W><W>,</W><C><W>and</W></C><W>quick</W><W>pick-up</W><W>is</W><W>required</W><W>for</W><W>anyone</W><W>doing</W><W>a</W><W>lot</W><W>of</W><W>highway</W><W>driving</W><W>.</W></SENTENCE><SENTENCE><W>I</W><W>turned</W><W>in</W><W>the</W><W>Integra</W><C><W>and</W></C><W>bought</W><W>a</W><W>Honda</W><W>Accord</W><W>V6</W><W>.</W></SENTENCE><SENTENCE><W>It</W><W>is</W><W>a</W><W>great</W><W>car</W><C><W>and</W></C><W>I</W><W>had</W><C><cue COMMENTS="" ID="25" type="negation"><W>no</W></cue></C><xcope COMMENTS="" ID="30"><ref COMMENTS="" ID="35" SRC="25"></ref><W>problems</W><W>with</W><W>it</W></xcope><W>.</W></SENTENCE><SENTENCE><W>Meanwhile</W><W>,</W><W>my</W><W>husband</W><W>had</W><W>been</W><W>driving</W><W>Denty</W><W>.</W></SENTENCE><SENTENCE><W>Denty</W><W>was</W><W>our</W><W>1989</W><W>Nissan</W><W>Maxima</W><W>.</W></SENTENCE><SENTENCE><W>The</W><W>car</W><cue COMMENTS="" ID="28" type="negation"><W>was</W><W>nt</W></cue><xcope COMMENTS="" ID="31"><ref COMMENTS="" ID="34" SRC="28"></ref><W>beautiful</W></xcope><W>,</W><W>but</W><W>it</W><C><cue COMMENTS="" ID="26" type="negation"><W>never</W></cue></C><xcope COMMENTS="" ID="32"><ref COMMENTS="" ID="33" SRC="26"></ref><W>gave</W><W>us</W><W>a</W><W>moment</W><W>of</W><W>engine</W><W>trouble</W></xcope><W>.</W></SENTENCE><SENTENCE><W>It</W><W>got</W><W>the</W><W>name</W><W>Denty</W><W></W><W>four</W><W>years</W><W>ago</W><W>when</W><W>someone</W><W>sideswiped</W><W>my</W><W>husband</W><W>.</W></SENTENCE><SENTENCE><W>The</W><W>entire</W><W>drivers</W><W>side</W><W>was</W><W>smashed</W><W>.</W></SENTENCE><SENTENCE><W>Denty</W><W>had</W><W>some</W><W>issues</W><W></W><W>after</W><W>the</W><W>accident</W><W></W><W>only</W><W>three</W><W>doors</W><W>worked</W><W>,</W><W>only</W><W>one</W><W>window</W><W>worked</W><W>,</W><W>the</W><W>air</W><W>conditioned</W><W>sometimes</W><W>got</W><W>temperamental</W><W>,</W><W>the</W><W>sun</W><W>visor</W><W>had</W><W>been</W><W>ripped</W><W>out</W><W>,</W><W>but</W><W>the</W><W>engine</W><W>was</W><W>a</W><W>finely</W><W>tuned</W><W>machine</W><W>!</W></SENTENCE><SENTENCE><W>When</W><W>a</W><W>fender-bender</W><W>finally</W><W>killed</W><W></W><W>Denty</W><W>at</W><W>180,000</W><W>miles</W><W>,</W><W>we</W><W>were</W><W>completely</W><W>sold</W><W>on</W><W>Nissan</W><W>as</W><W>the</W><W>maker</W><W>of</W><W>reliable</W><W>cars</W><W>.</W></SENTENCE></P><P></P><P><SENTENCE><W>We</W><W>went</W><W>to</W><W>look</W><W>at</W><W>new</W><W>Nissans</W><W>.</W></SENTENCE><SENTENCE><W>Unfortunately</W><W>,</W><W>I</W><cue COMMENTS="" ID="37" type="negation"><W>did</W><W>nt</W></cue><xcope COMMENTS="" ID="38"><ref COMMENTS="" ID="39" SRC="37"></ref><W>like</W><W>the</W><W>look</W><W>of</W><W>the</W><W>new</W><W>Maxima</W></xcope><W>,</W><C><W>and</W></C><W>the</W><W>car</W><W>was</W><W>priced</W><W>out</W><W>of</W><W>my</W><W>desired</W><W>range</W><W>.</W></SENTENCE><SENTENCE><W>The</W><W>Altima</W><W>,</W><W>on</W><W>the</W><W>other</W><W>hand</W><W>,</W><W>looked</W><W>great</W><W>!</W></SENTENCE><SENTENCE><W>I</W><W>remember</W><W>the</W><W>first</W><W>time</W><W>I</W><W>saw</W><W>the</W><W>new</W><W>Altima</W><W>.</W></SENTENCE><SENTENCE><W>I</W><W>loved</W><W>the</W><W>silhouette</W><W>of</W><W>the</W><W>car</W><W>,</W><C><W>and</W></C><W>the</W><W>shape</W><W>of</W><W>the</W><W>tail</W><W>lights</W><W>.</W></SENTENCE><SENTENCE><W>The</W><W>car</W><W>looked</W><W>large</W><C><W>and</W></C><W>comfortable</W><W>,</W><W>yet</W><W>sleek</W><C><W>and</W></C><W>sporty</W><W>.</W></SENTENCE><SENTENCE><W>The</W><W>price</W><W>range</W><W>on</W><W>the</W><W>new</W><W>Altima</W><W>,</W><W>however</W><W>,</W><W>was</W><W>outrageous</W><W>,</W><W>with</W><W>sticker</W><W>prices</W><W>starting</W><W>under</W><W>$</W><W>17,000</W><C><W>and</W></C><W>top</W><W>of</W><W>the</W><W>line</W><W>models</W><W>selling</W><W>in</W><W>the</W><W>low</W><W>$</W><W>30,000s</W><W>.</W></SENTENCE><SENTENCE><W>Quite</W><W>frankly</W><W>,</W><W>I</W><W>was</W><W>confused</W><W>.</W></SENTENCE></P><P></P><P><SENTENCE><W>Altima</W><W>offers</W><W>3</W><W>basic</W><W>models</W><W>:</W></SENTENCE></P><P></P><P><SENTENCE><W>The</W><W>2.5</W><W>S</W><W>is</W><W>the</W><W>basic</W><W>car</W><W>.</W></SENTENCE><SENTENCE><W>It</W><W>boasts</W><W>a</W><W>175</W><W>horse</W><W>power</W><W>engine</W><W>,</W><W>4-cylinders</W><W>,</W><W>cloth</W><W>seats</W><W>,</W><W>AM/FM/CD</W><W>Audio</W><W>system</W><W>,</W><W>air</W><W>conditioning</W><C><W>and</W></C><W>keyless</W><W>remote</W><W>.</W></SENTENCE><SENTENCE><W>Consumers</W><W>seeking</W><W>to</W><W>enhance</W><W>this</W><W>basic</W><W>model</W><C><cue COMMENTS="" ID="40" type="speculation"><W>can</W></cue></C><xcope COMMENTS="" ID="41"><ref COMMENTS="" ID="42" SRC="40"></ref><W>purchase</W><W>the</W><W>convenience</W><W>package</W></xcope><W></W><W>which</W><W>gives</W><W>them</W><W>16</W><W>alloy</W><W>wheels</W><W>,</W><W>8-way</W><W>power</W><W>drivers</W><W>seat</W><W>adjustments</W><W>,</W><W>manual</W><W>lumbar</W><W>adjustment</W><W>,</W><W>leather-wrapped</W><W>steering</W><W>wheel</W><W>,</W><W>steering</W><W>wheel</W><W>mounted</W><W>audio</W><C><W>and</W></C><W>trip</W><W>controls</W><W>,</W><W>automatic</W><W>on/off</W><W>headlights</W><W>,</W><W>a</W><W>security</W><W>system</W><W>,</W><C><W>and</W></C><W>some</W><W>other</W><W>minor</W><W>convenience</W><W>items</W><W>.</W></SENTENCE></P><P></P><P><SENTENCE><W>The</W><W>SL</W><W>model</W><W>is</W><W>also</W><W>4</W><W>cylinders</W><W>,</W><C><W>and</W></C><W>comes</W><W>standard</W><W>with</W><W>all</W><W>of</W><W>the</W><W>items</W><W>in</W><W>the</W><W>convenience</W><W>package</W><W>,</W><W>as</W><W>well</W><W>as</W><W>leather</W><W>seats</W><W>,</W><W>the</W><W>Homelink</W><W>Universal</W><W>Transceiver</W><W>,</W><C><W>and</W></C><W>a</W><W>Bose</W><W>stereo</W><W>with</W><W>6-CD</W><W>Changer</W><W>.</W></SENTENCE></P><P></P><P><SENTENCE><W>Finally</W><W>there</W><W>is</W><W>the</W><W>3.5</W><W>SE</W><W>model</W><W>which</W><W>features</W><W>a</W><W>3.5</W><W>liter</W><W>V-6</W><W>engine</W><W>.</W></SENTENCE><SENTENCE><W>Strangely</W><W>,</W><W>this</W><W>top</W><W>of</W><W>the</W><W>line</W><W></W><W>model</W><W>does</W><C><cue COMMENTS="" ID="43" type="negation"><W>not</W></cue></C><xcope COMMENTS="" ID="46"><ref COMMENTS="" ID="48" SRC="43"></ref><W>come</W><W>standard</W><W>with</W><W>many</W><W>of</W><W>the</W><W>luxury</W><C><W>and</W></C><W>convenience</W><W>items</W><W>included</W><W>in</W><W>the</W><W>SL.</W></xcope></SENTENCE><SENTENCE><W>These</W><C><W>and</W></C><W>other</W><W>features</W><C><cue COMMENTS="" ID="44" type="speculation"><W>can</W></cue></C><xcope COMMENTS="" ID="45"><ref COMMENTS="" ID="47" SRC="44"></ref><W>be</W><W>added</W><W>on</W></xcope><W>,</W><W>but</W><W>that</W><W>is</W><W>what</W><W>drives</W><W>the</W><W>price</W><W>on</W><W>the</W><W>6-cylinder</W><W>model</W><W>into</W><W>the</W><W>Maxima</W><W>price</W><W>range</W><W>.</W></SENTENCE></P><P></P><P><SENTENCE><W>I</W><C><cue COMMENTS="" ID="49" type="speculation"><W>think</W></cue></C><xcope COMMENTS="" ID="59"><ref COMMENTS="" ID="70" SRC="49"></ref><W>that</W><W>Nissan</W><W>designed</W><W>the</W><W>packages</W><W>to</W><W>be</W><W>confusing</W></xcope><C><W>and</W></C><W>to</W><W>force</W><W>consumers</W><W>to</W><W>buy</W><W>features</W><W>that</W><W>they</W><cue COMMENTS="" ID="51" type="negation"><W>dont</W></cue><xcope COMMENTS="" ID="60"><ref COMMENTS="" ID="71" SRC="51"></ref><W>really</W><W>want</W></xcope><W>.</W></SENTENCE><SENTENCE><W>Its</W><C><cue COMMENTS="" ID="50" type="negation"><W>not</W></cue></C><xcope COMMENTS="" ID="61"><ref COMMENTS="" ID="72" SRC="50"></ref><W>a</W><W>great</W><W>system</W></xcope><W>,</W><C><W>and</W></C><W>it</W><W>will</W><W>frustrate</W><W>many</W><W>buyers</W><W>.</W></SENTENCE><SENTENCE><W>I</W><cue COMMENTS="" ID="52" type="negation"><W>cant</W></cue><xcope COMMENTS="" ID="62"><ref COMMENTS="" ID="74" SRC="52"></ref><W>defend</W><W>Nissans</W><W>marketing</W><W>strategy</W></xcope><W>,</W><C><W>and</W></C><W>I</W><W>will</W><C><cue COMMENTS="" ID="53" type="negation"><W>not</W></cue></C><xcope COMMENTS="" ID="63"><ref COMMENTS="" ID="73" SRC="53"></ref><W>try</W><W>to</W><W>provide</W><W>the</W><W>details</W><W>for</W><W>all</W><W>of</W><W>these</W><W>packages</W></xcope><W>.</W></SENTENCE><SENTENCE><W>Again</W><W>,</W><W>the</W><W>website</W><C><W>and</W></C><W>sales</W><W>brochure</W><C><cue COMMENTS="" ID="54" type="speculation"><W>can</W></cue></C><xcope COMMENTS="" ID="64"><ref COMMENTS="" ID="75" SRC="54"></ref><W>spell</W><W>out</W><W>all</W><W>of</W><W>the</W><W>options</W><W>for</W><W>you</W></xcope><W>.</W></SENTENCE></P><P></P><P><SENTENCE><W>Initially</W><W>,</W><W>the</W><W>new</W><W>car</W><W>was</W><W>going</W><W>to</W><W>be</W><W>for</W><W>my</W><W>husband</W><W>.</W></SENTENCE><SENTENCE><W>After</W><W>driving</W><W>Denty</W><W>for</W><W>years</W><W>,</W><W>he</W><W>had</W><W>his</W><W>eye</W><W>on</W><W>a</W><W>more</W><W>luxurious</W><W>car</W><W>like</W><W>the</W><xcope COMMENTS="" ID="66"><ref COMMENTS="" ID="77" SRC="55"></ref><W>Maxima</W></xcope><C><cue COMMENTS="" ID="55" type="speculation"><W>or</W></cue></C><xcope COMMENTS="" ID="65"><ref COMMENTS="" ID="76" SRC="55"></ref><W>Lexus</W></xcope><W>.</W></SENTENCE><SENTENCE><W>I</W><W>had</W><W>problems</W><W>with</W><W>the</W><W>price</W><W>of</W><W>those</W><W>cars</W><W>.</W></SENTENCE><SENTENCE><W>Then</W><W>,</W><W>the</W><W>salesman</W><W>told</W><W>us</W><W>that</W><W>the</W><W>4</W><W>cylinder</W><W>Altima</W><W>had</W><W>more</W><W>horse</W><W>power</W><W>than</W><W>my</W><W>?</W></SENTENCE><SENTENCE><W>Accord</W><W>,</W><C><W>and</W></C><W>that</W><W>pick</W><W>up</W><C><cue COMMENTS="" ID="56" type="speculation"><W>would</W></cue></C><xcope COMMENTS="" ID="68"><ref COMMENTS="" ID="79" SRC="56"></ref><C><cue COMMENTS="" ID="57" type="negation"><W>not</W></cue></C><xcope COMMENTS="" ID="67"><ref COMMENTS="" ID="78" SRC="57"></ref><W>be</W><W>an</W><W>issue</W></xcope></xcope><W>.</W></SENTENCE><SENTENCE><W>All</W><W>of</W><W>a</W><W>sudden</W><W>we</W><W>had</W><W>the</W><W>opportunity</W><W>to</W><W>purchase</W><W>a</W><W>great</W><W>looking</W><W>,</W><W>less</W><W>expensive</W><W>car</W><W>that</W><W>that</W><W>offered</W><W>great</W><W>gas</W><W>mileage</W><C><W>and</W></C><W>that</W><C><cue COMMENTS="" ID="58" type="speculation"><W>would</W></cue></C><xcope COMMENTS="" ID="69"><ref COMMENTS="" ID="80" SRC="58"></ref><W>save</W><W>me</W><W>gas</W><W>money</W><W>on</W><W>my</W><W>long</W><W>commute</W><W>to</W><W>work</W></xcope></SENTENCE></P><P></P><P><SENTENCE><W>I</W><W>ended</W><W>up</W><W>buying</W><W>a</W><W>4-cylinder</W><W>SL</W><W>model</W><W>.</W></SENTENCE><SENTENCE><W>Its</W><W>lovely</W><W>-</W><W>silver</W><W>paint</W><W>with</W><W>black</W><W>racing</W><W>stripes</W><W>,</W><W>black</W><W>leather</W><W>seats</W><W>,</W><W>sun</W><W>roof</W><W>,</W><W>leather-wrapped</W><W>steering</W><W>wheel</W><W>.</W></SENTENCE><SENTENCE><W>The</W><W>car</W><W>looks</W><W>sharp</W><W>!</W></SENTENCE><SENTENCE><W>I</W><W>love</W><W>the</W><W>Bose</W><W>stereo</W><W>with</W><W>6-CD</W><W>changer</W><W>!</W></SENTENCE><SENTENCE><W>I</W><W>cant</W><W>do</W><W>things</W><C><W>and</W></C><W>drive</W><W>at</W><W>the</W><W>same</W><W>time</W><W>.</W></SENTENCE><SENTENCE><cue COMMENTS="" ID="85" type="negation"><W>Cant</W></cue><xcope COMMENTS="" ID="93"><ref COMMENTS="" ID="97" SRC="85"></ref><xcope COMMENTS="" ID="86"><ref COMMENTS="" ID="96" SRC="81"></ref><W>drink</W><W>coffee</W></xcope><W>,</W><xcope COMMENTS="" ID="88"><ref COMMENTS="" ID="95" SRC="81"></ref><W>talk</W><W>on</W><W>the</W><W>cell</W><W>phone</W></xcope><W>,</W><C><cue COMMENTS="" ID="81" type="speculation"><W>or</W></cue></C><xcope COMMENTS="" ID="87"><ref COMMENTS="" ID="94" SRC="81"></ref><W>change</W><W>CDs</W></xcope></xcope><W>.</W></SENTENCE><SENTENCE><W>With</W><W>the</W><W>6-cd</W><W>changer</W><C><W>and</W></C><W>steering</W><W>wheel</W><W>mounted</W><W>radio</W><W>controls</W><W>,</W><W>I</W><W>have</W><W>easy</W><W>access</W><W>to</W><W>many</W><W>music</W><C><W>and</W></C><W>radio</W><W>choices</W><W>,</W><C><W>and</W></C><W>the</W><W>Bose</W><W>system</W><W>sounds</W><W>great</W><W>(</W><W>I</W><W>even</W><C><cue COMMENTS="" ID="82" type="speculation"><W>think</W></cue></C><xcope COMMENTS="" ID="89"><ref COMMENTS="" ID="98" SRC="82"></ref><W>that</W><W>my</W><W>singing</W><W>has</W><W>improved</W><W>since</W><W>I</W><W>got</W><W>the</W><W>Bose</W></xcope><W>,</W><W>but</W><W>youll</W><W>have</W><W>to</W><W>take</W><W>my</W><W>word</W><W>for</W><W>that</W><W>)</W><W>.</W></SENTENCE></P><P></P><P><SENTENCE><W>I</W><W>am</W><W>very</W><W>pleased</W><W>with</W><W>the</W><W>way</W><W>the</W><W>car</W><W>handles</W><W>.</W></SENTENCE><SENTENCE><W>I</W><W>have</W><C><cue COMMENTS="" ID="83" type="negation"><W>no</W></cue></C><xcope COMMENTS="" ID="92"><ref COMMENTS="" ID="101" SRC="83"></ref><W>problems</W><xcope COMMENTS="" ID="91"><ref COMMENTS="" ID="100" SRC="84"></ref><W>accelerating</W><W>onto</W><W>the</W><W>highway</W></xcope><C><cue COMMENTS="" ID="84" type="speculation"><W>or</W></cue></C><xcope COMMENTS="" ID="90"><ref COMMENTS="" ID="99" SRC="84"></ref><W>stopping</W><W>on</W><W>short</W><W>notice</W></xcope></xcope><W>.</W></SENTENCE><SENTENCE><W>The</W><W>car</W><W>rides</W><W>smoothly</W><C><W>and</W></C><W>comfortably</W><W>.</W></SENTENCE><SENTENCE><W>Its</W><W>fast</W><C><W>and</W></C><W>peppy</W><W>.</W></SENTENCE></P><P></P><P><SENTENCE><W>I</W><W>have</W><W>heard</W><W>some</W><W>complaints</W><W>about</W><W>the</W><W>seat</W><W>comfort</W><W>,</W><W>but</W><W>I</W><W>am</W><W>satisfied</W><W>.</W></SENTENCE><SENTENCE><W>I</W><W>am</W><W>short</W><C><W>and</W></C><C><cue COMMENTS="" ID="102" type="speculation"><W>must</W></cue></C><xcope COMMENTS="" ID="111"><ref COMMENTS="" ID="120" SRC="102"></ref><W>raise</W><W>the</W><W>seat</W><W>to</W><W>its</W><W>highest</W><W>height</W><W>to</W><W>be</W><W>comfortable</W></xcope><W>,</W><W>but</W><W>the</W><W>drivers</W><W>side</W><W>seat</W><W>has</W><W>8</W><W>way</W><W>electronic</W><W>adjustments</W><W>,</W><C><W>and</W></C><W>it</W><W>is</W><W>easy</W><W>for</W><W>me</W><W>to</W><W>find</W><W>a</W><W>comfortable</W><W>driving</W><W>position</W><W>.</W></SENTENCE></P><P></P><P><SENTENCE><W>I</W><C><cue COMMENTS="" ID="103" type="speculation"><W>could</W></cue></C><xcope COMMENTS="" ID="119"><ref COMMENTS="" ID="121" SRC="103"></ref><W>go</W><W>on</W><C><W>and</W></C><W>on</W><W>about</W><W>how</W><W>much</W><W>I</W><W>love</W><W>the</W><W>car</W></xcope><W>,</W><W>but</W><W>I</W><C><cue COMMENTS="" ID="104" type="speculation"><W>think</W></cue></C><xcope COMMENTS="" ID="118"><ref COMMENTS="" ID="124" SRC="104"></ref><C><cue COMMENTS="" ID="105" type="speculation"><W>perhaps</W></cue></C><xcope COMMENTS="" ID="117"><ref COMMENTS="" ID="123" SRC="105"></ref><W>it</W><C><cue COMMENTS="" ID="106" type="speculation"><W>would</W></cue></C><xcope COMMENTS="" ID="116"><ref COMMENTS="" ID="122" SRC="106"></ref><W>be</W><W>more</W><W>useful</W><W>for</W><W>me</W><W>to</W><W>focus</W><W>on</W><W>the</W><W>few</W><W>things</W></xcope></xcope></xcope><W>that</W><W>I</W><C><cue COMMENTS="" ID="107" type="speculation"><W>think</W></cue></C><xcope COMMENTS="" ID="115"><ref COMMENTS="" ID="126" SRC="107"></ref><W>Nissan</W><C><cue COMMENTS="" ID="108" type="speculation"><W>could</W></cue></C><xcope COMMENTS="" ID="114"><ref COMMENTS="" ID="125" SRC="108"></ref><W>have</W><W>done</W><W>better</W></xcope></xcope><W>.</W></SENTENCE><SENTENCE><C><cue COMMENTS="" ID="110" type="negation"><W>None</W></cue></C><xcope COMMENTS="" ID="113"><ref COMMENTS="" ID="128" SRC="110"></ref><W>of</W><W>these</W><C><cue COMMENTS="" ID="109" type="speculation"><W>would</W></cue></C><xcope COMMENTS="" ID="112"><ref COMMENTS="" ID="127" SRC="109"></ref><W>have</W><W>changed</W><W>my</W><W>decision</W><W>to</W><W>buy</W><W>the</W><W>car</W></xcope></xcope><W>,</W><W>but</W><W>there</W><W>certainly</W><W>is</W><W>room</W><W>for</W><W>some</W><W>small</W><W>improvements</W><W>.</W></SENTENCE></P><P></P><P><SENTENCE><W>1</W><W>)</W><W>The</W><W>center</W><W>console</W><W>/</W><W>arm</W><W>rest</W><W>:</W><W>The</W><W>arm</W><W>rest</W><W>is</W><W>set</W><W>further</W><W>back</W><W>than</W><W>in</W><W>most</W><W>cars</W><W>which</W><W>makes</W><W>the</W><W>front</W><W>seats</W><C><W>feel</W></C><W>roomier</W><W>.</W></SENTENCE><SENTENCE><W>There</W><W>is</W><W>a</W><W>button</W><W>that</W><W>you</W><C><cue COMMENTS="" ID="129" type="speculation"><W>can</W></cue></C><xcope COMMENTS="" ID="142"><ref COMMENTS="" ID="155" SRC="129"></ref><W>pop</W><W>to</W><W>push</W><W>the</W><W>arm-rest</W><W>forward</W></xcope><W>so</W><W>that</W><W>it</W><C><cue COMMENTS="" ID="130" type="speculation"><W>can</W></cue></C><xcope COMMENTS="" ID="143"><ref COMMENTS="" ID="156" SRC="130"></ref><W>actually</W><W>be</W><W>used</W><W>as</W><W>an</W><W>arm</W><W>rest</W></xcope><W>.</W></SENTENCE><SENTENCE><W>I</W><C><cue COMMENTS="" ID="131" type="speculation"><W>think</W></cue></C><xcope COMMENTS="" ID="144"><ref COMMENTS="" ID="157" SRC="131"></ref><W>the</W><W>mechanism</W><W>is</W><W>a</W><W>bit</W><W>flimsy</W></xcope><W>,</W><C><W>and</W></C><W>the</W><W>design</W><W>a</W><W>little</W><W>bit</W><W>silly</W><W>.</W></SENTENCE><SENTENCE><cue COMMENTS="" ID="132" type="speculation"><W>Maybe</W></cue><xcope COMMENTS="" ID="146"><ref COMMENTS="" ID="159" SRC="132"></ref><W>a</W><W>taller</W><W>person</W><C><cue COMMENTS="" ID="133" type="speculation"><W>could</W></cue></C><xcope COMMENTS="" ID="145"><ref COMMENTS="" ID="158" SRC="133"></ref><W>actually</W><W>use</W><W>the</W><W>arm</W><W>rest</W></xcope></xcope><W>,</W><W>but</W><W>I</W><cue COMMENTS="" ID="134" type="negation"><W>cant</W></cue><W>.</W></SENTENCE><SENTENCE><W>The</W><W>console</W><W>has</W><C><cue COMMENTS="" ID="135" type="negation"><W>no</W></cue></C><xcope COMMENTS="" ID="147"><ref COMMENTS="" ID="160" SRC="135"></ref><W>change</W><W>holder</W></xcope><W>.</W></SENTENCE><SENTENCE><W>Its</W><W>a</W><W>minor</W><W>thing</W><W>,</W><W>but</W><W>I</W><W>like</W><xcope COMMENTS="" ID="148"><ref COMMENTS="" ID="161" SRC="136"></ref><W>a</W><W>change</W><W>holder</W><W>in</W><W>the</W><W>console</W></xcope><C><cue COMMENTS="" ID="136" type="speculation"><W>or</W></cue></C><xcope COMMENTS="" ID="149"><ref COMMENTS="" ID="162" SRC="136"></ref><W>a</W><W>change</W><W>cup</W><W></W><W>on</W><W>the</W><W>dash</W></xcope><W>.</W></SENTENCE><SENTENCE><W>In</W><W>its</W><W>defense</W><W>,</W><W>the</W><W>arm</W><W>rest</W><W>opens</W><W>into</W><W>two</W><W>separate</W><W>compartments</W><W>that</W><W>are</W><W>useful</W><W>.</W></SENTENCE><SENTENCE><W>A</W><W>shallow</W><W>one</W><W>on</W><W>top</W><C><W>and</W></C><W>a</W><W>deeper</W><W>one</W><W>underneath</W><W>that</W><W>is</W><W>large</W><W>enough</W><W>to</W><W>hold</W><W>CDs</W><W>.</W></SENTENCE></P><P></P><P><SENTENCE><W>2</W><W>)</W><W>Power</W><W>outlet</W><W>covers</W><W>:</W><W>In</W><W>the</W><W>deeper</W><W>section</W><W>of</W><W>the</W><W>center</W><W>console</W><W>there</W><W>is</W><W>a</W><W>power</W><W>outlet</W><W>.</W></SENTENCE><SENTENCE><W>This</W><W>is</W><W>a</W><W>second</W><W>outlet</W><W>(</W><W>there</W><W>is</W><W>one</W><W>on</W><W>the</W><W>dash</W><W>)</W><W>,</W><C><W>and</W></C><W>it</W><W>is</W><W>a</W><W>nice</W><W>feature</W><W>for</W><W>someone</W><W>who</W><C><cue COMMENTS="" ID="137" type="speculation"><W>may</W></cue></C><xcope COMMENTS="" ID="150"><ref COMMENTS="" ID="163" SRC="137"></ref><W>want</W><W>to</W><W>charge</W><W>a</W><W>cell-phone</W><W>but</W><W>keep</W><W>it</W><W>hidden</W><W>from</W><W>view</W></xcope><W>.</W></SENTENCE><SENTENCE><W>The</W><W>power</W><W>outlet</W><W>on</W><W>the</W><W>dash</W><W>is</W><W>located</W><W>low</W><C><W>and</W></C><W>to</W><W>the</W><W>right</W><W>.</W></SENTENCE><SENTENCE><W>It</W><W>is</W><W>in</W><W>a</W><W>good</W><W>location</W><W></W><W>out</W><W>of</W><W>the</W><W>drivers</W><W>way</W><W>.</W></SENTENCE><SENTENCE><W>One</W><W>thing</W><W>that</W><W>I</W><W>dont</W><W>like</W><W>is</W><W>that</W><W>the</W><W>outlet</W><W>covers</W><W>are</W><C><cue COMMENTS="" ID="138" type="negation"><W>not</W></cue></C><xcope COMMENTS="" ID="151"><ref COMMENTS="" ID="164" SRC="138"></ref><W>attached</W></xcope><W>,</W><C><W>and</W></C><W>therefore</W><W>,</W><C><cue COMMENTS="" ID="139" type="speculation"><W>can</W></cue></C><xcope COMMENTS="" ID="152"><ref COMMENTS="" ID="165" SRC="139"></ref><W>be</W><W>easily</W><W>lost</W></xcope><W>.</W></SENTENCE><SENTENCE><W>I</W><C><cue COMMENTS="" ID="140" type="speculation"><W>think</W></cue></C><xcope COMMENTS="" ID="154"><ref COMMENTS="" ID="167" SRC="140"></ref><W>that</W><W>Nissan</W><C><cue COMMENTS="" ID="141" type="speculation"><W>should</W></cue></C><xcope COMMENTS="" ID="153"><ref COMMENTS="" ID="166" SRC="141"></ref><W>attach</W><W>them</W></xcope></xcope><W>so</W><W>that</W><W>when</W><W>the</W><W>outlet</W><W>is</W><W>in</W><W>use</W><W>,</W><W>the</W><W>covers</W><W>will</W><W>stay</W><W>nearby</W><W>.</W></SENTENCE></P><P></P><P><SENTENCE><W>3</W><W>)</W><W>Sun</W><W>visors</W><W>:</W><W>The</W><W>Sun</W><W>visors</W><W>are</W><W>poorly</W><W>placed</W><W>too</W><W>close</W><W>to</W><W>the</W><W>rear-view</W><W>mirror</W><W>so</W><W>that</W><W>the</W><W>sun</W><C><cue COMMENTS="" ID="168" type="speculation"><W>can</W></cue></C><xcope COMMENTS="" ID="181"><ref COMMENTS="" ID="197" SRC="168"></ref><W>shine</W><W>in</W><W>from</W><W>the</W><W>sides</W></xcope><W>.</W></SENTENCE><SENTENCE><W>There</W><W>are</W><W>visor</W><W>extenders</W><W>,</W><W>but</W><W>they</W><W>are</W><C><cue COMMENTS="" ID="170" type="negation"><W>not</W></cue></C><xcope COMMENTS="" ID="182"><ref COMMENTS="" ID="198" SRC="170"></ref><W>useable</W></xcope><W>since</W><W>they</W><C><cue COMMENTS="" ID="171" type="speculation"><W>would</W></cue></C><xcope COMMENTS="" ID="185"><ref COMMENTS="" ID="202" SRC="171"></ref><xcope COMMENTS="" ID="184"><ref COMMENTS="" ID="201" SRC="172"></ref><W>hit</W></xcope><C><cue COMMENTS="" ID="172" type="speculation"><W>or</W></cue></C><xcope COMMENTS="" ID="183"><ref COMMENTS="" ID="200" SRC="172"></ref><W>block</W><W>the</W><W>rear-view</W><W>mirror</W></xcope></xcope><W>.</W></SENTENCE><SENTENCE><C><cue COMMENTS="" ID="173" type="speculation"><W>If</W></cue></C><xcope COMMENTS="" ID="186"><ref COMMENTS="" ID="199" SRC="173"></ref><W>Nissan</W><W>moved</W><W>the</W><W>visors</W><W>out</W></xcope><W>,</W><W>away</W><W>from</W><W>the</W><W>center</W><W>,</W><W>the</W><W>visors</W><C><cue COMMENTS="" ID="169" type="speculation"><W>would</W></cue></C><xcope COMMENTS="" ID="187"><ref COMMENTS="" ID="204" SRC="169"></ref><W>be</W><W>more</W><W>effective</W><W>in</W><W>blocking</W><W>the</W><W>sun</W></xcope><W>,</W><C><W>and</W></C><W>the</W><W>extenders</W><C><cue COMMENTS="" ID="174" type="speculation"><W>could</W></cue></C><xcope COMMENTS="" ID="188"><ref COMMENTS="" ID="203" SRC="174"></ref><W>be</W><W>used</W><W>when</W><W>needed</W></xcope><W>.</W></SENTENCE></P><P></P><P><SENTENCE><W>4</W><W>)</W><W>Location</W><W>of</W><W>the</W><W>hazard</W><W>light</W><W>button</W><W>:</W><W>The</W><W>hazard</W><W>light</W><W>switch</W><W>is</W><W>poorly</W><W>placed</W><W>low</W><W>on</W><W>the</W><W>dashboard</W><C><W>and</W></C><W>towards</W><W>the</W><W>passengers</W><W>side</W><W>.</W></SENTENCE><SENTENCE><C><cue COMMENTS="" ID="175" type="speculation"><W>If</W></cue></C><xcope COMMENTS="" ID="189"><ref COMMENTS="" ID="205" SRC="175"></ref><W>were</W><W>lucky</W></xcope><W>,</W><W>we</W><W>dont</W><W>need</W><W>to</W><W>use</W><W>our</W><W>hazards</W><W>often</W><W></W><W>at</W><W>least</W><C><cue COMMENTS="" ID="176" type="negation"><W>not</W></cue></C><xcope COMMENTS="" ID="192"><ref COMMENTS="" ID="208" SRC="176"></ref><xcope COMMENTS="" ID="191"><ref COMMENTS="" ID="207" SRC="177"></ref><W>in</W><W>dangerous</W></xcope><C><cue COMMENTS="" ID="177" type="speculation"><W>or</W></cue></C><xcope COMMENTS="" ID="190"><ref COMMENTS="" ID="206" SRC="177"></ref><W>emergency</W><W>situations</W></xcope></xcope><W>.</W></SENTENCE><SENTENCE><W>Here</W><W>in</W><W>Florida</W><W>,</W><W>however</W><W>,</W><W>we</W><W>often</W><W>get</W><W>horrific</W><W>rain</W><W>storms</W><W>that</W><W>reduce</W><W>visibility</W><W>on</W><W>the</W><W>highway</W><W>.</W></SENTENCE><SENTENCE><W>Everyone</W><W>uses</W><W>hazards</W><W>in</W><W>those</W><W>storms</W><W>to</W><W>help</W><W>other</W><W>cars</W><W>see</W><W>them</W><W>.</W></SENTENCE><SENTENCE><W>I</W><W>want</W><W>the</W><W>hazard</W><W>light</W><W>button</W><W>to</W><W>be</W><W>in</W><W>a</W><W>spot</W><W>that</W><W>is</W><W>easy</W><W>to</W><W>reach</W><W>.</W></SENTENCE><SENTENCE><xcope COMMENTS="" ID="194"><ref COMMENTS="" ID="210" SRC="178"></ref><W>In</W><W>a</W><W>bad</W><W>storm</W></xcope><C><cue COMMENTS="" ID="178" type="speculation"><W>or</W></cue></C><xcope COMMENTS="" ID="193"><ref COMMENTS="" ID="209" SRC="178"></ref><W>emergency</W><W>situation</W></xcope><W>,</W><W>it</W><C><cue COMMENTS="" ID="179" type="speculation"><W>would</W></cue></C><xcope COMMENTS="" ID="196"><ref COMMENTS="" ID="212" SRC="179"></ref><W>be</W><W>hard</W><W>to</W><W>locate</W><W>the</W><W>hazard</W><W>light</W><W>button</W></xcope><C><cue COMMENTS="" ID="180" type="negation"><W>without</W></cue></C><xcope COMMENTS="" ID="195"><ref COMMENTS="" ID="211" SRC="180"></ref><W>taking</W><W>your</W><W>eyes</W><W>off</W><W>of</W><W>the</W><W>road</W></xcope><W>.</W></SENTENCE><SENTENCE><W>Id</W><W>like</W><W>to</W><W>see</W><W>Nissan</W><W>move</W><W>the</W><W>switch</W><W>higher</W><W>up</W><C><W>and</W></C><W>closer</W><W>to</W><W>the</W><W>drivers</W><W>side</W><W>.</W></SENTENCE></P><P></P><P><SENTENCE><W>5</W><W>)</W><W>Cup</W><W>Holders</W><W>:</W><W>The</W><W>cup</W><W>holder</W><W>is</W><W>in</W><W>front</W><W>of</W><W>the</W><W>center</W><W>console</W><W>.</W></SENTENCE><SENTENCE><W>It</W><W>is</W><W>big</W><C><W>and</W></C><W>roomy</W><C><W>and</W></C><C><W>can</W></C><W>accommodate</W><W>two</W><W>large</W><W>cups</W><C><W>or</W></C><W>bottles</W><W>.</W></SENTENCE><SENTENCE><W>It</W><W>is</W><W>,</W><W>however</W><W>,</W><W>too</W><W>deep</W><W>for</W><W>a</W><W>normal</W><W>sized</W><W>coffee</W><W>cup</W><W>.</W></SENTENCE><SENTENCE><W>I</W><W>like</W><W>the</W><W>overall</W><W>design</W><W>,</W><W>but</W><W>I</W><C><W>think</W></C><W>that</W><W>Nissan</W><W>needs</W><W>to</W><W>offer</W><W>some</W><W>sort</W><W>of</W><W>inset</W><W>to</W><W>raise</W><W>smaller</W><W>cups</W><W>up</W><C><W>and</W></C><W>make</W><W>the</W><W>holders</W><W>more</W><W>user</W><W>friendly</W><W>.</W></SENTENCE></P><P></P><P><SENTENCE><W>6</W><W>)</W><W>Glasses</W><W>Holder</W><W>:</W><W>The</W><W>car</W><W>comes</W><W>with</W><W>a</W><W>built</W><W>in</W><W>glasses-holder</W><W>above</W><W>the</W><W>rear-view</W><W>mirror</W><W>.</W></SENTENCE><SENTENCE><W>I</W><W>also</W><W>had</W><W>this</W><W>in</W><W>the</W><W>Honda</W><W>,</W><C><W>and</W></C><W>I</W><W>really</W><W>like</W><W>this</W><W>feature</W><W>.</W></SENTENCE><SENTENCE><W>The</W><W>holder</W><W>in</W><W>the</W><W>Altima</W><W>is</W><W>designed</W><W>with</W><W>a</W><W>door</W><W>that</W><W>folds</W><W>down</W><W>to</W><W>access</W><W>the</W><W>glasses</W><W>.</W></SENTENCE><SENTENCE><W>When</W><W>the</W><W>door</W><W>is</W><W>down</W><W>,</W><W>it</W><W>completely</W><W>blocks</W><W>the</W><W>rearview</W><W>mirror</W><W>.</W></SENTENCE><SENTENCE><W>Granted</W><W>,</W><W>the</W><W>door</W><W>does</W><C><cue COMMENTS="" ID="213" type="negation"><W>not</W></cue></C><xcope COMMENTS="" ID="219"><ref COMMENTS="" ID="229" SRC="213"></ref><W>stay</W><W>down</W><W>for</W><W>long</W></xcope><W>,</W><W>but</W><W>this</W><W>is</W><W>a</W><W>poor</W><W>design</W><W>.</W></SENTENCE><SENTENCE><W>The</W><W>glasses</W><W>holder</W><W>in</W><W>the</W><W>Honda</W><W>rolled</W><W>open</W><W>into</W><W>itself</W><W>,</W><W>so</W><W>that</W><W>it</W><C><cue COMMENTS="" ID="214" type="negation"><W>never</W></cue></C><xcope COMMENTS="" ID="223"><ref COMMENTS="" ID="228" SRC="214"></ref><W>blocked</W><W>the</W><W>drivers</W><W>view</W><W>of</W><xcope COMMENTS="" ID="222"><W>the</W><W>road</W></xcope><C><cue COMMENTS="" ID="215" type="speculation"><W>or</W></cue></C><xcope COMMENTS="" ID="221"><ref COMMENTS="" ID="227" SRC="215"></ref><W>mirrors</W></xcope></xcope><W>.</W></SENTENCE><SENTENCE><W>I</W><C><cue COMMENTS="" ID="216" type="speculation"><W>hope</W></cue></C><xcope COMMENTS="" ID="220"><ref COMMENTS="" ID="226" SRC="216"></ref><W>that</W><W>Nissan</W><W>will</W><W>adopt</W><W>a</W><W>similar</W><W>design</W><W>for</W><W>future</W><W>models</W></xcope><W>.</W></SENTENCE></P><P></P><P><SENTENCE><W>7</W><W>)</W><W>Side</W><W>View</W><W>Mirrors</W><W>:</W><W>The</W><W>side</W><W>view</W><W>mirrors</W><W>are</W><W>slightly</W><W>small</W><C><W>and</W></C><W>taper</W><W>at</W><W>the</W><W>outside</W><W>.</W></SENTENCE><SENTENCE><W>The</W><W>car</W><W>does</W><W>have</W><W>fairly</W><W>significant</W><W>blind-spots</W><W>,</W><C><W>and</W></C><W>I</W><C><cue COMMENTS="" ID="217" type="speculation"><W>think</W></cue></C><xcope COMMENTS="" ID="225"><ref COMMENTS="" ID="231" SRC="217"></ref><W>that</W><W>larger</W><W>mirrors</W><C><cue COMMENTS="" ID="218" type="speculation"><W>would</W></cue></C><xcope COMMENTS="" ID="224"><ref COMMENTS="" ID="230" SRC="218"></ref><W>help</W><W>eliminate</W><W>the</W><W>need</W><W>for</W><W>the</W><W>driver</W><W>to</W><W>bend</W><C><W>and</W></C><W>crane</W><W></W></xcope></xcope><W>before</W><W>making</W><W>lane</W><W>changes</W><W>.</W></SENTENCE></P><P></P><P><SENTENCE><W>8</W><W>)</W><W>ABS</W><C><cue COMMENTS="" ID="232" type="negation"><W>not</W></cue></C><xcope COMMENTS="" ID="245"><ref COMMENTS="" ID="252" SRC="232"></ref><W>standard</W></xcope><W>:</W><W>The</W><W>car</W><W>did</W><C><cue COMMENTS="" ID="233" type="negation"><W>not</W></cue></C><xcope COMMENTS="" ID="244"><ref COMMENTS="" ID="251" SRC="233"></ref><W>come</W><W>standard</W><W>with</W><W>ABS</W><W>brakes</W></xcope><W>,</W><C><W>and</W></C><W>,</W><W>here</W><W>in</W><W>Florida</W><W>it</W><W>was</W><W>almost</W><C><W>impossible</W></C><W>to</W><W>buy</W><W>one</W><W>off</W><W>the</W><W>lot</W><W>with</W><W>ABS.</W></SENTENCE><SENTENCE><W>In</W><W>the</W><W>end</W><W>,</W><W>I</W><W>did</W><C><cue COMMENTS="" ID="234" type="negation"><W>not</W></cue></C><xcope COMMENTS="" ID="243"><ref COMMENTS="" ID="250" SRC="234"></ref><W>buy</W><W>a</W><W>car</W><W>with</W><W>ABS</W></xcope><W>,</W><C><W>and</W></C><W>in</W><W>Florida</W><W>,</W><W>this</W><W>is</W><C><cue COMMENTS="" ID="235" type="speculation"><W>probably</W></cue></C><xcope COMMENTS="" ID="242"><ref COMMENTS="" ID="249" SRC="235"></ref><W>fine</W></xcope><W>.</W></SENTENCE><SENTENCE><C><cue COMMENTS="" ID="236" type="speculation"><W>If</W></cue></C><xcope COMMENTS="" ID="241"><ref COMMENTS="" ID="248" SRC="236"></ref><W>I</W><W>lived</W><W>somewhere</W><W>where</W><W>we</W><W>had</W><W>ice</W><C><W>and</W></C><W>snow</W></xcope><W>,</W><W>however</W><W>,</W><W>I</W><C><cue COMMENTS="" ID="237" type="speculation"><W>would</W></cue></C><xcope COMMENTS="" ID="240"><ref COMMENTS="" ID="247" SRC="237"></ref><W>insist</W><W>on</W><W>an</W><W>ABS</W><W>braking</W><W>system</W></xcope><W>,</W><C><W>and</W></C><W>I</W><C><cue COMMENTS="" ID="238" type="speculation"><W>would</W></cue></C><xcope COMMENTS="" ID="239"><ref COMMENTS="" ID="246" SRC="238"></ref><W>be</W><W>irritated</W><W>to</W><W>have</W><W>to</W><W>pay</W><W>extra</W><W>for</W><W>it</W><W>as</W><W>an</W><W>upgrade</W></xcope><W>.</W></SENTENCE></P><P></P><P><SENTENCE><W>Now</W><W>that</W><W>Ive</W><W>detailed</W><W>the</W><W>cars</W><W>problems</W><W>,</W><W>Ill</W><W>conclude</W><W>by</W><W>saying</W><W>that</W><W>I</W><W>am</W><W>99.7</W><W>%</W><W>satisfied</W><W>with</W><W>my</W><W>car</W><W>.</W></SENTENCE><SENTENCE><W>Despite</W><W>these</W><W>few</W><W>problems</W><W>,</W><W>the</W><W>car</W><W>has</W><W>many</W><W>small</W><C><W>and</W></C><W>delightful</W><W>features</W><W>.</W></SENTENCE><SENTENCE><W>The</W><W>rearview</W><W>mirror</W><W>has</W><W>a</W><W>built</W><W>in</W><W>dimmer</W><W>which</W><W>automatically</W><W>adjusts</W><W>so</W><W>that</W><W>Im</W><C><cue COMMENTS="" ID="253" type="negation"><W>not</W></cue></C><xcope COMMENTS="" ID="257"><ref COMMENTS="" ID="259" SRC="253"></ref><W>blinded</W><W>by</W><W>headlights</W><W>from</W><W>cars</W><W>behind</W><W>me</W></xcope><W>.</W></SENTENCE><SENTENCE><W>The</W><W>trunk</W><W>is</W><W>massive</W><C><W>and</W></C><W>came</W><W>with</W><W>two</W><W>cargo</W><W>nets</W><W>which</W><W>allow</W><W>me</W><W>to</W><W>keep</W><W>things</W><W>neat</W><C><W>and</W></C><W>organized</W><W>.</W></SENTENCE><SENTENCE><W>The</W><W>back</W><W>seat</W><W>folds</W><W>down</W><W>in</W><W>a</W><W>60/40</W><W>configuration</W><W>giving</W><W>me</W><W>even</W><W>more</W><W>trunk</W><W>space</W><W>.</W></SENTENCE><SENTENCE><W>The</W><W>gas</W><W>tank</W><W>cover</W><W>is</W><W>attached</W><W>so</W><W>that</W><W>it</W><cue ID="182" type="negation"><W>cant</W></cue><xcope ID="183"><ref COMMENTS="" ID="184" SRC="182"></ref><W>be</W><W>left</W><W>behind</W></xcope><W>.</W></SENTENCE><SENTENCE><W>The</W><W>keyless</W><W>remote</W><C><W>not</W></C><W>only</W><W>locks</W><C><W>and</W></C><W>unlocks</W><W>the</W><W>car</W><W>,</W><W>but</W><W>also</W><C><cue COMMENTS="" ID="254" type="speculation"><W>can</W></cue></C><xcope COMMENTS="" ID="256"><ref COMMENTS="" ID="260" SRC="254"></ref><W>roll</W><W>down</W><W>the</W><W>windows</W><W>to</W><W>help</W><W>air</W><W>out</W><W>the</W><W>car</W><W>on</W><W>those</W><W>hot</W><W>Florida</W><W>summer</W><W>days</W></xcope><W>.</W></SENTENCE><SENTENCE><W>(</W><W>Too</W><W>bad</W><W>it</W><W>cant</W><W>also</W><W>raise</W><W>the</W><W>windows</W><W>when</W><W>those</W><W>sudden</W><W>Florida</W><W>summer</W><W>rain</W><W>storms</W><W>hit</W><W>!</W><W>)</W></SENTENCE><SENTENCE><W>The</W><W>headlights</W><W>have</W><W>auto-off</W><W>which</W><W>I</W><W>like</W><W>,</W><W>but</W><W>I</W><W>like</W><W>even</W><W>more</W><W>that</W><W>they</W><W>have</W><W>an</W><W>auto</W><W>setting</W><W>that</W><W>senses</W><W>when</W><W>there</W><W>is</W><C><cue COMMENTS="" ID="255" type="negation"><W>not</W></cue></C><xcope COMMENTS="" ID="258"><ref COMMENTS="" ID="261" SRC="255"></ref><W>enough</W><W>light</W></xcope><C><W>and</W></C><W>puts</W><W>the</W><W>headlights</W><W>on</W><C><W>and</W></C><W>off</W><W>automatically</W><W>.</W></SENTENCE><SENTENCE><W>Im</W><W>getting</W><W>great</W><W>gas</W><W>mileage</W><W>!</W></SENTENCE><SENTENCE><W>On</W><W>the</W><W>highway</W><W>I</W><W>get</W><W>over</W><W>31</W><W>mpg</W><W>,</W><C><W>and</W></C><W>overall</W><W>Im</W><W>averaging</W><W>over</W><W>28</W><W>mpg</W><W>(</W><W>thats</W><W>with</W><W>a</W><W>commute</W><W>that</W><W>is</W><W>about</W><W>a</W><W>50/50</W><W>mix</W><W>of</W><W>highway</W><C><W>and</W></C><W>local</W><W>driving</W><W>)</W><W>.</W></SENTENCE></P><P></P><P><SENTENCE><W>Ill</W><C><cue COMMENTS="" ID="262" type="negation"><W>never</W></cue></C><xcope COMMENTS="" ID="263"><ref COMMENTS="" ID="264" SRC="262"></ref><W>enjoy</W><W>driving</W></xcope><W>,</W><W>but</W><W>I</W><W>do</W><C><W>feel</W></C><W>comfortable</W><C><W>and</W></C><W>safe</W><W>in</W><W>my</W><W>car</W><W>.</W></SENTENCE><SENTENCE><W>It</W><W>looks</W><W>great</W><W>,</W><C><W>and</W></C><W>it</W><W>performs</W><W>wonderfully</W><W>!</W></SENTENCE><SENTENCE><W>I</W><W>drive</W><W>two</W><W>hours</W><W>a</W><W>day</W><W>to</W><C><W>and</W></C><W>from</W><W>work</W><W>,</W><C><W>and</W></C><W>the</W><W>car</W><W>is</W><W>a</W><W>joy</W><W>.</W></SENTENCE><SENTENCE><W>Coming</W><W>from</W><W>me</W><W>,</W><W>that</W><W>is</W><W>a</W><W>huge</W><W>endorsement</W><W>!</W></SENTENCE></P></DOCUMENT>
