<?xml version="1.0" encoding="UTF-8"?>
<DOCUMENT><P></P><P><SENTENCE><W>During</W><W>its</W><W>introduction</W><W>in</W><W>1992</W><W>as</W><W>a</W><W>&#39;93</W><W>model</W><W>,</W><W>Nissan</W><W>boasted</W><W>all</W><W>sorts</W><W>of</W><W>things</W><W>about</W><W>the</W><W>&#39;new</W><W>&#39;</W><W>Altima</W><W>.</W></SENTENCE><SENTENCE><W>Some</W><W>advertisements</W><W>had</W><W>the</W><W>audacity</W><W>to</W><W>claim</W><W>that</W><W>the</W><W>1993</W><W>Altima</W><W>looked</W><W>like</W><W>a</W><W>Jaguar</W><W>.</W></SENTENCE><SENTENCE><W>Do</W><W>n&#39;t</W><W>ask</W><W>me</W><W>what</W><W>Jaguar</W><W>looks</W><W>like</W><W>a</W><W>Nissan</W><W>Altima</W><W>,</W><W>but</W><C><cue ID="0" type="speculation"><W>apparently</W></cue></C><xcope ID="24"><ref COMMENTS="" ID="29" SRC="0"></ref><xcope ID="23"><ref COMMENTS="" ID="28" SRC="3"></ref><W>the</W><W>person</W><W>who</W><W>made</W><W>that</W><W>AD</W><W>knew</W><W>something</W><W>I</W><cue ID="2" type="negation"><W>did</W><W>n&#39;t</W></cue></xcope><C><cue ID="3" type="speculation"><W>or</W></cue></C><xcope ID="22"><ref COMMENTS="" ID="27" SRC="3"></ref><W>was</W><W>in</W><W>need</W><W>of</W><W>prescription</W><W>glasses</W></xcope></xcope><W>.</W></SENTENCE><SENTENCE><W>The</W><W>1993</W><W>Nissan</W><W>Altima</W><W>had</W><W>many</W><W>flaws</W><W>,</W><C><W>and</W></C><W>so</W><W>did</W><W>the</W><W>2nd</W><W>generation</W><W>.</W></SENTENCE><SENTENCE><W>Finally</W><W>,</W><W>I</W><C><cue ID="1" type="speculation"><W>think</W></cue></C><xcope ID="25"><ref COMMENTS="" ID="26" SRC="1"></ref><W>Nissan</W><W>really</W><W>has</W><W>what</W><W>it</W><W>takes</W></xcope><W>,</W><W>with</W><W>the</W><W>3rd</W><W>generation</W><W>Altima</W><W>to</W><W>be</W><W>one</W><W>of</W><W>America</W><W>&#39;s</W><W>top</W><W>3</W><W>best</W><W>sellers</W><W>.</W></SENTENCE></P><P></P><P><SENTENCE><W>Driving</W><W>Impressions</W><W>:</W></SENTENCE></P><P></P><P><SENTENCE><W>The</W><W>2002</W><W>Nissan</W><W>Altima</W><W>comes</W><W>in</W><W>4</W><W>trim</W><W>lines</W><W>,</W><W>the</W><W>2.5</W><W>,</W><W>the</W><W>2.5</W><W>S</W><W>,</W><W>the</W><W>2.5</W><W>SL</W><W>,</W><C><W>and</W></C><W>the</W><W>3.5</W><W>SE.</W></SENTENCE><SENTENCE><W>Unfortunately</W><W>I</W><W>only</W><W>got</W><W>to</W><W>drive</W><W>a</W><W>2.5</W><W>S</W><W>,</W><W>but</W><W>this</W><W>does</W><C><cue ID="4" type="negation"><W>not</W></cue></C><xcope ID="31"><ref COMMENTS="" ID="36" SRC="4"></ref><W>mean</W><W>I</W><W>was</W><C><cue ID="5" type="negation"><W>not</W></cue></C><xcope ID="30"><ref COMMENTS="" ID="35" SRC="5"></ref><W>impressed</W></xcope></xcope><W>.</W></SENTENCE><SENTENCE><W>The</W><W>2.5</W><W>,</W><W>16</W><W>valve</W><W>,</W><W>DOHC</W><W>4-cylinder</W><W>is</W><W>loads</W><W>more</W><W>refined</W><W>over</W><W>its</W><W>predecessor</W><W>.</W></SENTENCE><SENTENCE><W>Hesitation</W><W>is</W><C><cue ID="6" type="negation"><W>no</W></cue></C><xcope ID="32"><ref COMMENTS="" ID="37" SRC="6"></ref><W>longer</W><W>an</W><W>issue</W></xcope><W>like</W><W>it</W><W>was</W><W>in</W><W>the</W><W>1st</W><C><W>and</W></C><W>2nd</W><W>generation</W><W>models</W><W>.</W></SENTENCE><SENTENCE><W>My</W><W>test</W><W>Car</W><W>was</W><W>a</W><W>2.5</W><W>S</W><W>,</W><W>which</W><W>offered</W><W>adequate-borderline</W><W>strong</W><W>engine</W><W>performance</W><W>.</W></SENTENCE><SENTENCE><W>With</W><W>175</W><W>horsepower</W><W>,</W><W>this</W><W>comes</W><W>close</W><W>to</W><W>the</W><W>power</W><W>that</W><W>is</W><W>associated</W><W>with</W><W>most</W><W>V6</W><W>engines</W><W>.</W></SENTENCE><SENTENCE><W>Even</W><W>with</W><W>the</W><W>4-speed</W><W>optional</W><W>automatic</W><W>transmission</W><W>(</W><W>a</W><W>5</W><W>speed</W><W>is</W><W>standard</W><W>)</W><W>the</W><W>car</W><W>moved</W><W>from</W><W>the</W><W>light</W><W>with</W><C><cue ID="7" type="negation"><W>no</W></cue></C><xcope ID="33"><ref COMMENTS="" ID="38" SRC="7"></ref><W>fuss</W><W>whatsoever</W></xcope><W>,</W><W>with</W><W>a</W><W>slight</W><W>sporting</W><W>growl</W><W>from</W><W>the</W><W>single</W><W>,</W><W>dual</W><W>tipped</W><W>,</W><W>Exhaust</W><W>pipe</W><W>.</W></SENTENCE><SENTENCE><W>Torque</W><W>for</W><W>this</W><W>engine</W><W>comes</W><W>in</W><W>at</W><W>181</W><W>lb-ft</W><W>at</W><W>a</W><W>relatively</W><W>low</W><W>4,000</W><W>RPM</W><W>,</W><W>so</W><W>hill</W><W>climbing</W><C><W>and</W></C><W>passing</W><W>large</W><W>trucks</W><W>are</W><W>accomplished</W><W>with</W><W>much</W><W>less</W><W>strain</W><W>than</W><W>most</W><W>family</W><W>cars</W><W>that</W><W>are</W><W>powered</W><W>by</W><W>naturally</W><W>aspirated</W><W>powered</W><W>4-cylinder</W><W>engines</W><W>.</W></SENTENCE></P><P></P><P><SENTENCE><W>Cruising</W><W>was</W><W>also</W><W>very</W><W>refined</W><W>,</W><C><cue ID="8" type="negation"><W>not</W></cue></C><xcope ID="34"><ref COMMENTS="" ID="39" SRC="8"></ref><W>as</W><W>quiet</W><W>as</W><W>a</W><W>V6</W><W>Accord</W></xcope><W>,</W><W>but</W><W>the</W><W>driver</W><W>is</W><W>in</W><W>a</W><W>totally</W><W>hushed</W><W>environment</W><W>while</W><W>cruising</W><W>at</W><W>65</W><W>MPH</W><W>;</W><W>given</W><W>a</W><W>well</W><W>built</W><W>freeway</W><W>.</W></SENTENCE></P><P></P><P><SENTENCE><W>Handling</W><W>is</W><W>a</W><W>shade</W><W>more</W><W>refined</W><W>over</W><W>the</W><W>2nd</W><W>generation</W><W>models</W><W>,</W><W>but</W><cue ID="9" type="negation"><W>do</W><W>n&#39;t</W></cue><xcope ID="41"><ref COMMENTS="" ID="45" SRC="9"></ref><C><cue ID="10" type="speculation"><W>expect</W></cue></C><xcope ID="40"><ref COMMENTS="" ID="44" SRC="10"></ref><W>to</W><W>see</W><W>too</W><W>much</W><W>improvement</W></xcope></xcope><W>,</W><W>which</W><W>is</W><W>ok</W><W>,</W><W>because</W><W>the</W><W>Nissan</W><W>Altima</W><W>has</W><W>always</W><W>been</W><W>a</W><W>good</W><W>car</W><W>on</W><W>the</W><W>twistys</W><W>.</W></SENTENCE><SENTENCE><W>My</W><W>test</W><W>car</W><W>came</W><W>with</W><W>4</W><W>wheel</W><W>disc</W><W>brakes</W><W>with</W><W>4</W><W>wheel</W><W>ABS</W><W>,</W><W>which</W><W>assured</W><W>excellent</W><W>braking</W><W>.</W></SENTENCE><SENTENCE><W>This</W><W>set-up</W><W>of</W><W>course</W><W>was</W><W>an</W><W>option</W><W>,</W><W>so</W><W>unless</W><W>you</W><W>are</W><W>willing</W><W>to</W><W>pay</W><W>the</W><W>cash</W><W>,</W><W>you</W><W>will</W><C><cue ID="11" type="negation"><W>not</W></cue></C><xcope ID="42"><ref COMMENTS="" ID="46" SRC="11"></ref><W>see</W><W>the</W><W>ABS.</W></xcope><W>4</W><W>wheel</W><W>Discs</W><W>although</W><W>are</W><W>standard</W><W>equipment</W><W>.</W></SENTENCE></P><P></P><P><SENTENCE><W>NOTE</W><W>:</W><C><cue ID="12" type="speculation"><W>Expect</W></cue></C><xcope ID="43"><ref COMMENTS="" ID="47" SRC="12"></ref><W>to</W><W>get</W><W>around</W><W>28</W><W>MPG</W></xcope><W>while</W><W>doing</W><W>conservative</W><W>freeway</W><W>driving</W><W>with</W><W>the</W><W>automatic</W><W>,</W><C><W>and</W></C><W>29</W><W>with</W><W>the</W><W>5-speed</W><W>.</W></SENTENCE><SENTENCE><W>Also</W><W>,</W><W>just</W><W>to</W><W>do</W><W>a</W><W>little</W><W>MPG</W><W>comparison</W><W>,</W><W>28</W><W>mpg</W><W>is</W><W>less</W><W>than</W><W>what</W><W>a</W><W>3.8</W><W>liter</W><W>OHV</W><W>V6</W><W>&#39;dinosaur</W><W>engine</W><W>&#39;</W><W>powered</W><W>Chevy</W><W>Impala</W><W>receives</W><W>.</W></SENTENCE><SENTENCE><W>The</W><W>Chevrolet</W><W>Impala</W><W>is</W><W>heavier</W><W>,</W><W>has</W><W>more</W><W>horse</W><W>power</W><W>,</W><W>has</W><W>a</W><W>bigger</W><W>engine</W><W>,</W><W>less</W><W>technology</W><W>,</W><W>yet</W><W>gets</W><W>better</W><W>gas</W><W>mileage</W><W>,</W><W>what</W><W>gives</W><W>?</W><W>?</W></SENTENCE></P><P></P><P><SENTENCE><W>All</W><W>2002</W><W>Nissan</W><W>Altima</W><W>&#39;s</W><W>ride</W><W>on</W><W>a</W><W>110</W><W>&#34;</W><W>wheelbase</W><W>,</W><W>this</W><W>is</W><W>around</W><W>7</W><W>&#34;</W><W>longer</W><W>than</W><W>its</W><W>predecessor</W><W>.</W></SENTENCE><SENTENCE><W>The</W><W>overall</W><W>length</W><W>of</W><W>the</W><W>car</W><W>is</W><W>also</W><W>longer</W><W>,</W><W>measuring</W><W>around</W><W>192&#34;</W><W>.</W></SENTENCE><SENTENCE><W>The</W><W>suspension</W><W>consists</W><W>of</W><W>struts</W><C><W>and</W></C><W>coil</W><W>springs</W><W>.</W></SENTENCE></P><P></P><P><SENTENCE><W>Interior</W><W>Innovation</W><W>:</W></SENTENCE></P><P></P><P><SENTENCE><W>The</W><W>interior</W><W>while</W><C><cue ID="13" type="negation"><W>not</W></cue></C><xcope ID="48"><ref COMMENTS="" ID="53" SRC="13"></ref><W>being</W><W>as</W><W>refined</W><W>as</W><W>many</W><W>other</W><W>cars</W><W>on</W><W>the</W><W>market</W></xcope><W>,</W><C><W>and</W></C><C><cue ID="14" type="negation"><W>not</W></cue></C><xcope ID="49"><ref COMMENTS="" ID="54" SRC="14"></ref><W>having</W><W>as</W><W>much</W><W>standard</W><W>equipment</W></xcope><W>,</W><W>was</W><W>quite</W><W>surprising</W><W>.</W></SENTENCE><SENTENCE><W>The</W><W>dash</W><W>is</W><W>a</W><W>little</W><W>on</W><W>the</W><W>cheap-o</W><W>material</W><W>side</W><W>,</W><W>but</W><W>did</W><W>come</W><W>with</W><W>a</W><W>tachometer</W><C><W>and</W></C><W>a</W><W>optional</W><W>trip</W><W>computer</W><W>.</W></SENTENCE><SENTENCE><W>I</W><W>actually</W><W>found</W><W>the</W><W>interior</W><W>of</W><W>the</W><W>Hyundai</W><W>Elantra</W><W>GT</W><W>,</W><C><W>and</W></C><W>Kia</W><W>Sedona</W><W>to</W><W>be</W><W>much</W><W>more</W><W>accommodating</W><W>.</W></SENTENCE><SENTENCE><W>There</W><W>was</W><W>an</W><W>&#39;optional</W><W>&#39;</W><W>8</W><W>speaker</W><W>Bose</W><W>Cd</W><W>player</W><W>that</W><W>sounded</W><W>excellent</W><W>.</W></SENTENCE><SENTENCE><W>This</W><W>option</W><W>came</W><W>with</W><W>a</W><W>convenience</W><W>package</W><W>.</W></SENTENCE><SENTENCE><W>For</W><W>the</W><W>entire</W><W>package</W><W>,</W><W>which</W><W>also</W><W>included</W><W>AC</W><W>,</W><W>cruise</W><W>control</W><W>,</W><W>power</W><W>everything</W><W>,</W><C><W>and</W></C><W>remote</W><W>keyless</W><W>entry</W><W>with</W><W>leather</W><W>trimmed</W><W>seats</W><W>came</W><W>close</W><W>to</W><W>adding</W><W>on</W><W>3</W><W>grand</W><W>to</W><W>the</W><W>sticker</W><W>price</W><W>.</W></SENTENCE><SENTENCE><W>Speaking</W><W>of</W><W>seats</W><W>,</W><W>they</W><W>were</W><W>both</W><W>supportive</W><C><W>and</W></C><W>comfortable</W><W>,</W><W>the</W><W>driver</W><W>seat</W><W>was</W><W>8</W><W>way</W><W>power</W><W>,</W><C><W>and</W></C><W>the</W><W>rear</W><W>seats</W><W>were</W><W>of</W><W>the</W><W>60/40</W><W>split</W><W>variety</W><W>which</W><W>folded</W><W>down</W><W>.</W></SENTENCE><SENTENCE><W>I</W><C><cue ID="15" type="speculation"><W>would</W></cue></C><xcope ID="51"><ref COMMENTS="" ID="56" SRC="15"></ref><W>give</W><W>you</W><W>a</W><W>comment</W><W>of</W><W>the</W><W>ease</W><W>of</W><W>doing</W><W>that</W></xcope><W>,</W><W>but</W><W>I</W><W>did</W><C><cue ID="16" type="negation"><W>not</W></cue></C><xcope ID="50"><ref COMMENTS="" ID="55" SRC="16"></ref><W>get</W><W>the</W><W>chance</W><W>for</W><W>conversion</W></xcope><W>.</W></SENTENCE><SENTENCE><W>A</W><W>center</W><W>console</W><W>is</W><W>standard</W><W>,</W><W>a</W><W>micro</W><W>air</W><W>filter</W><W>,</W><C><W>and</W></C><W>many</W><W>other</W><W>amenities</W><W>are</W><W>standard</W><W>,</W><W>including</W><W>dual</W><W>airbags</W><W>.</W></SENTENCE><SENTENCE><xcope ID="60"><ref COMMENTS="" ID="61" SRC="17"></ref><W>The</W><W>interior</W></xcope><W>is</W><W>very</W><W>spacious</W><W>,</W><C><W>and</W></C><C><cue ID="17" type="speculation"><W>seems</W></cue></C><xcope ID="52"><ref COMMENTS="" ID="57" SRC="17"></ref><W>much</W><W>larger</W><W>than</W><W>the</W><W>1st</W><C><W>and</W></C><W>2nd</W><W>generation</W><W>Altima</W><W>&#39;s</W></xcope><W>.</W></SENTENCE><SENTENCE><W>The</W><W>cabin</W><W>offers</W><W>plenty</W><W>of</W><W>room</W><W>for</W><W>5</W><W>adults</W><W>.</W></SENTENCE></P><P></P><P><SENTENCE><W>Exterior</W><W>Innovation</W><W>:</W></SENTENCE></P><P></P><P><SENTENCE><W>The</W><W>exterior</W><W>(</W><W>all</W><W>new</W><W>for</W><W>2002</W><W>)</W><W>is</W><W>much</W><W>more</W><W>sleek/sporty</W><W>over</W><W>its</W><W>predecessor</W><W>.</W></SENTENCE><SENTENCE><W>The</W><W>2002</W><W>Nissan</W><W>Altima</W><W>is</W><W>fitted</W><W>with</W><W>flush</W><W>mounted</W><W>headlamps</W><W>with</W><W>see-through</W><W>effects</W><W>,</W><C><W>and</W></C><W>are</W><W>slightly</W><W>&#39;cat</W><W>eyed</W><W>&#39;</W><W>to</W><W>give</W><W>a</W><W>modern</W><W>appearance</W><W>.</W></SENTENCE><SENTENCE><W>The</W><W>same</W><W>theme</W><W>is</W><W>incorporated</W><W>with</W><W>the</W><W>rear</W><W>lights</W><W>,</W><W>only</W><W>are</W><W>more</W><W>triangular</W><W>.</W></SENTENCE><SENTENCE><W>The</W><W>2002</W><W>Altima</W><W>is</W><W>very</W><W>&#39;cab</W><W>forward</W><W>,</W><W>&#39;</W><C><cue ID="18" type="negation"><W>not</W></cue></C><xcope ID="58"><ref COMMENTS="" ID="60" SRC="18"></ref><W>a</W><W>new</W><W>theme</W><W>by</W><W>any</W><W>means</W></xcope><W>,</W><W>I</W><C><cue ID="19" type="speculation"><W>believe</W></cue></C><xcope ID="59"><ref COMMENTS="" ID="61" SRC="19"></ref><W>the</W><W>1986</W><W>Ford</W><W>Taurus</W><W>was</W><W>one</W><W>of</W><W>the</W><W>first</W><W>designs</W><W>to</W><W>be</W><C><W>considered</W></C><W>&#39;cab</W><W>forward</W></xcope><W>.</W><W>&#39;</W></SENTENCE><SENTENCE><W>From</W><W>the</W><W>side</W><W>of</W><W>the</W><W>Altima</W><W>you</W><W>will</W><W>undoubtedly</W><W>notice</W><W>that</W><W>the</W><W>rear</W><W>is</W><W>higher</W><W>than</W><W>the</W><W>front</W><W>,</W><C><W>and</W></C><W>will</W><W>notice</W><W>the</W><W>sloping</W><W>roofline</W><W>.</W></SENTENCE><SENTENCE><W>This</W><W>car</W><W>is</W><W>the</W><W>sexiest</W><W>Altima</W><W>yet</W><W>!</W></SENTENCE></P><P></P><P><SENTENCE><W>Price</W><W>,</W><W>Warranty</W><W>,</W><C><W>and</W></C><W>Reliability</W><W>:</W></SENTENCE></P><P></P><P><SENTENCE><W>For</W><W>2002</W><W>,</W><W>a</W><W>base</W><W>Nissan</W><W>Altima</W><W>will</W><W>run</W><W>you</W><W>around</W><W>$</W><W>15,000</W><W>with</W><W>just</W><W>standard</W><W>equipment</W><W>.</W></SENTENCE><SENTENCE><W>With</W><W>options</W><W>however</W><W>the</W><W>price</W><W>rises</W><W>quite</W><W>dramatically</W><W>,</W><W>the</W><W>price</W><W>on</W><W>my</W><W>test</W><W>car</W><W>was</W><W>just</W><W>over</W><W>$</W><W>20,000</W><W>,</W><C><W>and</W></C><W>this</W><W>was</W><C><cue ID="20" type="negation"><W>not</W></cue></C><xcope ID="62"><ref COMMENTS="" ID="64" SRC="20"></ref><W>even</W><W>the</W><W>3.5</W><W>SE</W><W>model</W></xcope><W>.</W></SENTENCE><SENTENCE><W>Both</W><W>the</W><W>2.5</W><W>liter</W><W>4</W><W>banger</W><W>,</W><C><W>and</W></C><W>the</W><W>V6</W><W>are</W><W>both</W><W>new</W><W>for</W><W>2002</W><W>so</W><W>it</W><W>&#39;s</W><W>way</W><W>too</W><W>early</W><W>to</W><W>comment</W><W>on</W><W>reliability</W><W>,</W><W>but</W><C><cue ID="21" type="speculation"><W>if</W></cue></C><xcope ID="63"><ref COMMENTS="" ID="65" SRC="21"></ref><W>anything</W><W>happens</W><W>to</W><W>your</W><W>car</W><W>at</W><W>the</W><W>manufactures</W><W>fault</W></xcope><W>,</W><W>it</W><W>&#39;s</W><W>covered</W><W>under</W><W>a</W><W>,</W><W>3</W><W>year</W><W>36,000</W><W>bumper</W><W>to</W><W>bumper</W><W>warranty</W><C><W>and</W></C><W>a</W><W>5</W><W>year</W><W>60,000</W><W>mile</W><W>powertrain</W><W>warranty</W><W>.</W></SENTENCE></P></DOCUMENT>
