<?xml version="1.0" encoding="UTF-8"?>
<DOCUMENT><DESC> </DESC><TIME>1046</TIME><P></P><P><SENTENCE><W>A</W><W>few</W><W>years</W><W>ago</W><W>,</W><W>my</W><W>husband</W><W>started</W><W>a</W><W>real</W><W>estate</W><W>development</W><W>company</W><W>with</W><W>a</W><W>partner</W><W>.</W></SENTENCE><SENTENCE><W>Our</W><W>new</W><W>hobby</W><W>has</W><W>become</W><W>driving</W><W>around</W><W>the</W><W>countryside</W><W>looking</W><W>for</W><W>undiscovered</W><W>tracts</W><W>of</W><W>land</W><W>off</W><W>of</W><W>which</W><W>we</W><C><cue ID="0" type="speculation"><W>can</W></cue></C><xcope ID="44"><ref COMMENTS="" ID="46" SRC="0"></ref><W>become</W><W>rich</W></xcope><W>.</W></SENTENCE><SENTENCE><W>Yeah</W><W>,</W><W>we</W><W>are</W><W>still</W><W>looking</W><W>.</W></SENTENCE></P><P></P><P><SENTENCE><W>Sometimes</W><W>that</W><W>search</W><W>takes</W><W>us</W><W>off</W><W>the</W><W>beaten</W><W>path</W><W>.</W></SENTENCE><SENTENCE><W>When</W><W>you</W><W>are</W><W>looking</W><W>to</W><W>design</W><W>a</W><W>subdivision</W><W>,</W><W>chances</W><W>are</W><W>there</W><W>are</W><W>n&#39;t</W><W>any</W><W>roads</W><W>put</W><W>down</W><W>.</W></SENTENCE><SENTENCE><W>This</W><W>is</W><W>what</W><W>prompted</W><W>us</W><W>to</W><W>get</W><W>the</W><W>Xterra</W><W>.</W></SENTENCE><SENTENCE><W>It</W><W>&#39;s</W><W>an</W><W>SUV</W><C><cue ID="1" type="negation"><W>without</W></cue></C><xcope ID="45"><ref COMMENTS="" ID="47" SRC="1"></ref><W>breaking</W><W>the</W><W>bank</W></xcope><W>.</W></SENTENCE></P><P></P><P><SENTENCE><W>We</W><W>are</W><W>a</W><W>Nissan</W><W>family</W><W>.</W></SENTENCE><SENTENCE><W>In</W><W>our</W><W>8</W><W>years</W><W>of</W><W>marriage</W><W>,</W><W>we</W><W>&#39;ve</W><W>bought</W><W>three</W><W>,</W><W>all</W><W>brand</W><W>new</W><W>,</W><C><W>and</W></C><W>they</W><W>&#39;ve</W><C><cue ID="2" type="negation"><W>never</W></cue></C><xcope ID="48"><ref COMMENTS="" ID="53" SRC="2"></ref><W>given</W><W>us</W><W>a</W><W>minute</W><W>&#39;s</W><W>worth</W><W>of</W><W>trouble</W></xcope><W>.</W></SENTENCE><SENTENCE><W>The</W><W>Xterra</W><W>is</W><C><cue ID="3" type="negation"><W>no</W></cue></C><xcope ID="49"><ref COMMENTS="" ID="54" SRC="3"></ref><W>exception</W></xcope><W>.</W></SENTENCE><SENTENCE><W>We</W><W>give</W><W>it</W><W>the</W><W>standard</W><W>oil</W><W>change</W><W>,</W><C><W>and</W></C><W>any</W><W>general</W><W>maintenance</W><W>,</W><C><W>and</W></C><W>it</W><W>gives</W><W>us</W><W>a</W><W>good</W><W>ride</W><W>each</W><W>time</W><W>.</W></SENTENCE></P><P></P><P><SENTENCE><W>Another</W><W>attribute</W><W>I</W><W>like</W><W>about</W><W>the</W><W>Xterra</W><W>is</W><W>that</W><W>it</W><W>is</W><W>pleasant</W><W>looking</W><W>.</W></SENTENCE><SENTENCE><W>It</W><W>has</W><W>got</W><W>a</W><W>very</W><W>distinctive</W><W>shape</W><C><W>and</W></C><W>has</W><W>always</W><W>caught</W><W>my</W><W>eye</W><W>while</W><W>we</W><W>were</W><W>out</W><W>,</W><W>even</W><W>before</W><W>we</W><W>were</W><W>owners</W><W>.</W></SENTENCE><SENTENCE><W>The</W><W>colors</W><W>for</W><W>this</W><W>line</W><W>of</W><W>SUV</W><W>&#39;s</W><W>is</W><W>so</W><W>bright</W><C><W>and</W></C><W>sassy</W><W>.</W></SENTENCE><SENTENCE><W>I</W><W>&#39;ve</W><W>liked</W><W>almost</W><W>every</W><W>one</W><W>I</W><W>&#39;ve</W><W>seen</W><W>,</W><W>but</W><W>we</W><W>chose</W><W>the</W><W>blue</W><W>one</W><W>,</W><W>as</W><W>it</W><W>is</W><W>my</W><W>son</W><W>&#39;s</W><W>favorite</W><W>color</W><W>.</W></SENTENCE><SENTENCE><W>While</W><W>I</W><W>&#39;ve</W><W>seen</W><W>many</W><W>women</W><W>driving</W><W>it</W><W>,</W><xcope ID="52"><ref COMMENTS="" ID="57" SRC="4"></ref><W>you</W></xcope><W>(</W><C><cue ID="4" type="speculation"><W>or</W></cue></C><xcope ID="51"><ref COMMENTS="" ID="56" SRC="4"></ref><W>your</W><W>man</W></xcope><W>)</W><cue ID="5" type="negation"><W>wo</W><W>n&#39;t</W></cue><xcope ID="50"><ref COMMENTS="" ID="55" SRC="5"></ref><W>look</W><W>like</W><W>a</W><W>sissy</W><W>in</W><W>this</W><W>truck</W></xcope><W>.</W></SENTENCE></P><P></P><P><SENTENCE><W>What</W><W>&#39;s</W><W>under</W><W>the</W><W>hood</W><W>?</W></SENTENCE><SENTENCE><W>Just</W><W>a</W><W>V-6</W><W>engine</W><W>,</W><W>nothing</W><W>spectacular</W><W>.</W></SENTENCE><SENTENCE><W>This</W><W>means</W><W>little</W><W>to</W><W>me</W><W>,</W><W>but</W><W>I</W><W>will</W><W>tell</W><W>you</W><W>this</W><W>:</W><C><cue ID="7" type="speculation"><W>If</W></cue></C><xcope ID="58"><ref COMMENTS="" ID="67" SRC="7"></ref><W>you</W><W>are</W><W>trying</W><W>to</W><W>pass</W><W>someone</W><W>on</W><W>a</W><W>2-lane</W></xcope><W>,</W><W>allow</W><W>plenty</W><W>of</W><W>room</W><W>.</W></SENTENCE><SENTENCE><C><cue ID="6" type="speculation"><W>If</W></cue></C><xcope ID="59"><ref COMMENTS="" ID="66" SRC="6"></ref><W>you</W><W>are</W><W>trying</W><W>to</W><W>beat</W><W>someone</W><W>at</W><W>a</W><W>red</W><W>light</W></xcope><W>,</W><W>make</W><W>sure</W><W>you</W><W>are</W><W>next</W><W>to</W><W>a</W><W>little</W><W>old</W><W>lady</W><W>before</W><W>trying</W><W>it</W><W>.</W></SENTENCE><SENTENCE><W>But</W><W>hey</W><W>,</W><W>did</W><W>you</W><W>buy</W><W>this</W><W>thing</W><W>for</W><W>speed</W><W>?</W></SENTENCE><SENTENCE><W>No,</W><C><W>and</W></C><W>it</W><cue ID="10" type="negation"><W>is</W><W>n&#39;t</W></cue><xcope ID="60"><ref COMMENTS="" ID="65" SRC="10"></ref><W>a</W><W>strong</W><W>point</W></xcope><W>.</W></SENTENCE><SENTENCE><W>But</W><W>it</W><W>does</W><W>handle</W><W>nicely</W><W>.</W></SENTENCE><SENTENCE><W>We</W><W>had</W><W>a</W><W>fair</W><W>share</W><W>of</W><W>snow</W><W>in</W><W>North</W><W>Carolina</W><W>this</W><W>year</W><W>,</W><C><W>and</W></C><W>the</W><W>Xterra</W><W>got</W><W>us</W><W>through</W><W>in</W><W>every</W><W>situation</W><W>.</W></SENTENCE><SENTENCE><C><W>And</W></C><W>we</W><W>tested</W><W>it</W><W>;</W><W>my</W><W>daughter</W><W>was</W><W>born</W><W>New</W><W>Year</W><W>&#39;s</W><W>Eve</W><W>3</W><W>months</W><W>early</W><W>,</W><W>so</W><W>she</W><W>had</W><W>to</W><W>stay</W><W>in</W><W>the</W><W>NICU</W><W>nursery</W><W>for</W><W>2</W><W>months</W><W>before</W><W>coming</W><W>home</W><W>,</W><W>which</W><W>was</W><W>about</W><W>20</W><W>miles</W><W>from</W><W>our</W><W>house</W><W>.</W></SENTENCE><SENTENCE><W>We</W><W>only</W><W>missed</W><W>one</W><W>day</W><W>of</W><W>seeing</W><W>her</W><W>due</W><W>to</W><W>snow</W><W>.</W></SENTENCE><SENTENCE><W>Now</W><C><cue ID="8" type="speculation"><W>perhaps</W></cue></C><xcope ID="62"><ref COMMENTS="" ID="64" SRC="8"></ref><W>you</W><C><cue ID="9" type="speculation"><W>can</W></cue></C><xcope ID="61"><ref COMMENTS="" ID="63" SRC="9"></ref><W>understand</W><W>my</W><W>loyalty</W><W>to</W><W>this</W><W>SUV</W></xcope></xcope><W>?</W></SENTENCE></P><P></P><P><SENTENCE><W>Here</W><W>&#39;s</W><W>my</W><W>Xterra</W><W>&#39;s</W><W>dirty</W><W>little</W><W>secret</W><W>though</W><W>:</W><W>It</W><W>eats</W><W>gas</W><W>.</W></SENTENCE><SENTENCE><W>I</W><W>have</W><C><cue ID="11" type="negation"><W>never</W></cue></C><xcope ID="68"><ref COMMENTS="" ID="71" SRC="11"></ref><W>driven</W><W>another</W><W>SUV</W></xcope><W>(</W><W>I</W><W>&#39;m</W><W>thinking</W><W>Suburban</W><W>,</W><W>Navigator</W><W>,</W><W>Explorers</W><W>)</W><W>so</W><W>ca</W><W>n&#39;t</W><W>compare</W><W>it</W><W>to</W><W>them</W><W>,</W><W>but</W><W>it</W><W>gobbles</W><W>it</W><W>quicker</W><W>than</W><W>my</W><W>Maxima</W><W>.</W></SENTENCE><SENTENCE><C><cue ID="12" type="speculation"><W>If</W></cue></C><xcope ID="70"><ref COMMENTS="" ID="73" SRC="12"></ref><W>we</W><W>are</W><W>on</W><W>the</W><W>highway</W></xcope><W>,</W><W>it</W><C><cue ID="13" type="speculation"><W>may</W></cue></C><xcope ID="69"><ref COMMENTS="" ID="72" SRC="13"></ref><W>get</W><W>close</W><W>to</W><W>20</W><W>miles</W><W>to</W><W>the</W><W>gallon</W></xcope><W>,</W><W>but</W><W>I</W><W>&#39;d</W><W>say</W><W>normal</W><W>driving</W><W>is</W><W>only</W><W>going</W><W>to</W><W>get</W><W>you</W><W>16-17</W><W>miles</W><W>to</W><W>the</W><W>gallon</W><W>.</W></SENTENCE><SENTENCE><W>Ouch</W><W>!</W></SENTENCE></P><P></P><P><SENTENCE><W>When</W><W>you</W><W>are</W><W>inside</W><W>the</W><W>Xterra</W><W>,</W><W>the</W><W>feeling</W><W>of</W><W>gliding</W><W>on</W><W>glass</W><W>is</W><C><cue ID="15" type="negation"><W>not</W></cue></C><xcope ID="74"><ref COMMENTS="" ID="83" SRC="15"></ref><W>one</W><W>you</W><W>&#39;ll</W><W>have</W></xcope><W>.</W></SENTENCE><SENTENCE><W>I</W><C><cue ID="14" type="speculation"><W>suppose</W></cue></C><xcope ID="75"><ref COMMENTS="" ID="82" SRC="14"></ref><W>this</W><W>is</W><W>all</W><W>a</W><W>matter</W><W>of</W><W>perspective</W></xcope><W>,</W><W>but</W><W>being</W><W>compared</W><W>(</W><W>again</W><W>)</W><W>to</W><W>the</W><W>Maxima</W><W>,</W><W>I</W><W>have</W><W>to</W><W>say</W><W>my</W><W>bottom</W><W>hurts</W><W>.</W></SENTENCE><SENTENCE><W>But</W><W>hey</W><W>,</W><W>this</W><W>is</W><W>an</W><W>SUV,</W><W>folks</W><W>.</W></SENTENCE></P><P></P><P><SENTENCE><W>Another</W><W>little</W><W>add</W><W>on</W><W>was</W><W>the</W><W>trailer</W><W>hitch</W><W>.</W></SENTENCE><SENTENCE><C><cue ID="16" type="speculation"><W>Apparently</W></cue></C><W>,</W><xcope ID="77"><ref COMMENTS="" ID="85" SRC="16"></ref><W>this</W><W>too</W><W>is</W><W>an</W><W>extra</W><W>that</W><W>you</W><C><cue ID="17" type="speculation"><W>must</W></cue></C><xcope ID="76"><ref COMMENTS="" ID="84" SRC="17"></ref><W>request</W></xcope></xcope><W>.</W></SENTENCE><SENTENCE><W>We</W><W>have</W><W>yet</W><W>to</W><W>haul</W><W>anything</W><W>(</W><W>to</W><W>my</W><W>knowledge</W><W>)</W><W>so</W><W>I</W><W>ca</W><W>n&#39;t</W><W>comment</W><W>on</W><W>it</W><W>.</W></SENTENCE><SENTENCE><W>I</W><W>will</W><W>say</W><W>that</W><W>the</W><W>trailer</W><W>hitch</W><W>cover</W><W>comes</W><W>&#34;unhitched</W><W>&#34;</W><W>often</W><C><W>and</W></C><W>is</W><W>a</W><W>minor</W><W>annoyance</W><W>to</W><W>the</W><W>aforementioned</W><W>anal-retentive</W><W>husband</W><W>.</W></SENTENCE></P><P></P><P><SENTENCE><W>Inside</W><W>is</W><W>what</W><W>I</W><W>like</W><W>to</W><W>call</W><W>sufficient</W><W>.</W></SENTENCE><SENTENCE><W>I</W><W>drive</W><W>a</W><W>Maxima</W><W>with</W><W>a</W><W>lot</W><W>of</W><W>frills</W><W>,</W><W>so</W><W>I</W><W>do</W><C><W>feel</W></C><W>like</W><W>I</W><W>&#39;m</W><W>roughing</W><W>it</W><W>a</W><W>little</W><W>when</W><W>I</W><W>drive</W><W>the</W><W>Xterra</W><W>.</W></SENTENCE><SENTENCE><W>The</W><W>seats</W><W>are</W><W>canvas</W><W>,</W><C><W>and</W></C><C><cue ID="21" type="speculation"><W>can</W></cue></C><xcope ID="78"><ref COMMENTS="" ID="89" SRC="21"></ref><W>be</W><W>removed</W><C><W>and</W></C><W>hosed</W><W>down</W></xcope><W>.</W></SENTENCE><SENTENCE><C><cue ID="18" type="negation"><W>Not</W></cue></C><xcope ID="80"><ref COMMENTS="" ID="87" SRC="18"></ref><W>that</W><W>my</W><W>anal-retentive</W><W>husband</W><C><cue ID="19" type="speculation"><W>would</W></cue></C><xcope ID="79"><ref COMMENTS="" ID="86" SRC="19"></ref><W>allow</W><W>his</W><W>truck</W><W>to</W><W>get</W><W>that</W><W>dirty</W></xcope></xcope><W>,</W><W>but</W><W>nice</W><W>to</W><W>know</W><W>it</W><C><cue ID="20" type="speculation"><W>can</W></cue></C><xcope ID="81"><ref COMMENTS="" ID="88" SRC="20"></ref><W>be</W><W>done</W></xcope><W>.</W></SENTENCE></P><P></P><P><SENTENCE><W>One</W><W>nice</W><W>extra</W><W>is</W><W>the</W><W>CD</W><W>player</W><W>in</W><W>the</W><W>front</W><W>.</W></SENTENCE><SENTENCE><W>It</W><W>is</W><W>one</W><W>that</W><W>you</W><W>feed</W><W>from</W><W>the</W><W>front</W><W>,</W><C><cue ID="22" type="negation"><W>not</W></cue></C><xcope ID="90"><ref COMMENTS="" ID="99" SRC="22"></ref><W>a</W><W>changer</W></xcope><W>,</W><W>but</W><W>that</W><W>&#39;s</W><C><cue ID="23" type="negation"><W>not</W></cue></C><xcope ID="91"><ref COMMENTS="" ID="98" SRC="23"></ref><W>necessarily</W><W>a</W><W>drawback</W><W>to</W><W>me</W></xcope><W>.</W></SENTENCE><SENTENCE><W>I</W><W>will</W><W>freely</W><W>admit</W><W>that</W><W>the</W><W>CD</W><W>changer</W><W>in</W><W>the</W><W>trunk</W><W>is</W><W>more</W><W>convenient</W><W>,</W><W>but</W><W>you</W><W>certainly</W><W>get</W><W>more</W><W>selection</W><W>(</W><W>providing</W><W>you</W><W>bring</W><W>your</W><W>CD</W><W>collection</W><W>)</W><W>with</W><W>the</W><W>front</W><W>loading</W><W>CD</W><W>player</W><W>.</W></SENTENCE><SENTENCE><W>The</W><W>radio</W><W>has</W><W>a</W><W>memory</W><W>for</W><W>up</W><W>to</W><W>18</W><W>stations</W><W>,</W><W>more</W><W>than</W><W>we</W><C><cue ID="24" type="speculation"><W>can</W></cue></C><xcope ID="92"><ref COMMENTS="" ID="100" SRC="24"></ref><W>actually</W><W>get</W><W>around</W><W>here</W></xcope><W>!</W></SENTENCE><SENTENCE><W>The</W><W>speakers</W><W>are</W><W>sufficiently</W><W>loud</W><C><W>and</W></C><W>clear</W><W>.</W></SENTENCE></P><P></P><P><SENTENCE><W>Do</W><W>you</W><W>smoke</W><W>?</W></SENTENCE><SENTENCE><C><cue ID="26" type="negation"><W>Not</W></cue></C><xcope ID="95"><ref COMMENTS="" ID="103" SRC="26"></ref><W>in</W><W>my</W><W>car</W></xcope><W>!</W></SENTENCE><SENTENCE><W>We</W><cue ID="28" type="negation"><W>do</W><W>n&#39;t</W></cue><xcope ID="94"><ref COMMENTS="" ID="102" SRC="28"></ref><W>have</W><W>an</W><W>ashtray</W></xcope><W>!</W></SENTENCE><SENTENCE><W>You</W><C><cue ID="25" type="speculation"><W>must</W></cue></C><xcope ID="93"><ref COMMENTS="" ID="101" SRC="25"></ref><W>pay</W><W>extra</W><W>for</W><W>it</W><W>to</W><W>be</W><W>a</W><W>&#34;</W><W>smoking</W><W>&#34;</W><W>vehicle</W></xcope><W>.</W></SENTENCE><SENTENCE><W>Also</W><W>,</W><W>in</W><W>the</W><W>place</W><W>where</W><W>lighters</W><W>usually</W><W>are</W><W>is</W><W>just</W><W>an</W><W>empty</W><W>cap</W><W>over</W><W>the</W><W>AC</W><W>outlet</W><W>.</W></SENTENCE><SENTENCE><W>You</W><C><cue ID="27" type="speculation"><W>may</W></cue></C><xcope ID="106"><ref COMMENTS="" ID="107" SRC="27"></ref><xcope ID="96"><ref COMMENTS="" ID="105" SRC="29"></ref><W>use</W><W>these</W><W>to</W><W>plug</W><W>your</W><W>cell</W><W>phone</W><W>in</W></xcope><W>,</W><C><cue ID="29" type="speculation"><W>or</W></cue></C><xcope ID="97"><ref COMMENTS="" ID="104" SRC="29"></ref><W>to</W><W>plug</W><W>up</W><W>your</W><W>portable</W><W>DVD</W><W>for</W><W>the</W><W>kids</W><W>in</W><W>the</W><W>back-seat</W></xcope></xcope><W>.</W></SENTENCE></P><P></P><P><SENTENCE><W>Speaking</W><W>of</W><W>kids</W><W>in</W><W>the</W><W>back-seat</W><W>,</W><W>this</W><W>little</W><W>truck</W><W>actually</W><W>has</W><W>lots</W><W>of</W><W>leg</W><W>room</W><W>...for</W><W>kids</W><W>.</W></SENTENCE><SENTENCE><W>While</W><W>it</W><cue ID="119" type="negation"><W>does</W><W>n&#39;t</W></cue><xcope ID="120"><ref COMMENTS="" ID="121" SRC="119"></ref><W>have</W><W>as</W><W>much</W><W>as</W><W>my</W><W>Maxima</W></xcope><W>,</W><W>the</W><W>kids</W><W>(</W><W>OK</W><W>,</W><W>Ty</W><W>as</W><W>Mary</W><W>Ashley</W><W>is</W><W>only</W><W>5</W><W>months</W><W>old</W><W>)</W><W>like</W><W>taking</W><W>the</W><W>Xterra</W><W>because</W><W>they</W><W>are</W><W>seated</W><W>up</W><W>so</W><W>high</W><W>that</W><W>they</W><C><cue ID="30" type="speculation"><W>can</W></cue></C><xcope ID="118"><ref COMMENTS="" ID="119" SRC="30"></ref><W>see</W><W>out</W><W>so</W><W>much</W><W>better</W></xcope><W>.</W></SENTENCE><SENTENCE><W>The</W><W>seats</W><W>are</W><W>individual</W><W>,</W><W>though</W><W>bench</W><W>seats</W><W>,</W><W>which</W><W>come</W><W>with</W><W>a</W><W>third</W><W>seatbelt</W><W>in</W><W>the</W><W>middle</W><W>.</W></SENTENCE><SENTENCE><W>You</W><C><cue ID="31" type="speculation"><W>may</W></cue></C><xcope ID="109"><ref COMMENTS="" ID="117" SRC="31"></ref><W>also</W><W>push</W><W>down</W><W>one</W><W>of</W><W>the</W><W>seats</W></xcope><W>,</W><C><cue ID="32" type="negation"><W>or</W></cue></C><xcope ID="110"><ref COMMENTS="" ID="115" SRC="32"></ref><W>both</W></xcope><W>,</W><W>to</W><W>allow</W><W>yourself</W><W>more</W><W>trunk</W><W>room</W><W>.</W></SENTENCE><SENTENCE><W>This</W><W>trunk</W><W>is</W><W>where</W><W>your</W><W>extra</W><W>storage</W><W>comes</W><W>into</W><W>play</W><W>.</W></SENTENCE><SENTENCE><W>You</W><W>are</W><C><cue ID="34" type="negation"><W>not</W></cue></C><xcope ID="112"><ref COMMENTS="" ID="114" SRC="34"></ref><W>as</W><W>confined</W><W>by</W><W>an</W><W>enclosed</W><W>trunk</W></xcope><W>,</W><W>so</W><C><cue ID="33" type="speculation"><W>can</W></cue></C><xcope ID="111"><ref COMMENTS="" ID="113" SRC="33"></ref><W>find</W><W>more</W><W>space</W><W>to</W><W>stuff</W><W>your</W><W>stuff</W></xcope><W>.</W></SENTENCE><SENTENCE><W>Also</W><W>,</W><W>there</W><W>is</W><W>a</W><W>luggage</W><W>rack</W><W>on</W><W>top</W><W>,</W><W>which</W><W>we</W><W>will</W><W>use</W><W>for</W><W>the</W><W>first</W><W>time</W><W>this</W><W>summer</W><W>.</W></SENTENCE></P><P></P><P><SENTENCE><C><W>And</W></C><W>speaking</W><W>of</W><W>room</W><W>,</W><W>this</W><W>little</W><W>dilly</W><W>is</W><W>n&#39;t</W><W>as</W><W>big</W><W>as</W><W>it</W><W>looks</W><W>.</W></SENTENCE><SENTENCE><W>In</W><W>fact</W><W>,</W><W>we</W><W>take</W><W>this</W><W>truck</W><W>on</W><W>our</W><W>11-hour</W><W>trek</W><W>to</W><W>Florida</W><W>each</W><W>year</W><W>,</W><C><W>and</W></C><W>I</W><W>get</W><W>to</W><W>squirming</W><W>pretty</W><W>quick</W><W>.</W></SENTENCE><SENTENCE><W>I</W><W>had</W><W>a</W><W>back</W><W>surgery</W><W>a</W><W>few</W><W>years</W><W>ago</W><C><W>and</W></C><W>it</W><W>is</W><W>hard</W><W>for</W><W>me</W><W>to</W><W>sit</W><W>straight</W><W>up</W><W>,</W><W>but</W><W>that</W><W>&#39;s</W><W>just</W><W>what</W><W>these</W><W>seats</W><W>do</W><W>.</W></SENTENCE><SENTENCE><W>You</W><C><cue ID="120" type="speculation"><W>can</W></cue></C><xcope ID="121"><ref COMMENTS="" ID="141" SRC="120"></ref><W>manually</W><W>lean</W><W>your</W><W>seat</W><W>back</W></xcope><W>,</W><W>but</W><W>I</W><W>&#39;ve</W><C><cue ID="37" type="negation"><W>never</W></cue></C><xcope ID="122"><ref COMMENTS="" ID="140" SRC="37"></ref><W>found</W><W>that</W><W>comfort</W><W>spot</W></xcope><W>.</W></SENTENCE><SENTENCE><W>I</W><W>&#39;m</W><C><cue ID="35" type="speculation"><W>either</W></cue></C><xcope ID="123"><ref COMMENTS="" ID="138" SRC="35"></ref><W>up</W><W>too</W><W>straight</W></xcope><C><cue ID="36" type="speculation"><W>or</W></cue></C><xcope ID="124"><ref COMMENTS="" ID="136" SRC="36"></ref><W>laying</W><W>too</W><W>flat</W></xcope><W>.</W></SENTENCE><SENTENCE><W>My</W><W>other</W><W>complaint</W><W>is</W><W>with</W><W>the</W><W>seatbelt</W><W>.</W></SENTENCE><SENTENCE><W>For</W><W>some</W><W>reason</W><W>,</W><W>this</W><W>one</W><W>locks</W><W>against</W><W>your</W><W>chest</W><C><cue ID="38" type="speculation"><W>if</W></cue></C><xcope ID="126"><ref COMMENTS="" ID="139" SRC="38"></ref><W>you</W><W>move</W><W>too</W><W>much</W></xcope><W>(</W><C><W>and</W></C><W>for</W><W>me</W><W>too</W><W>much</W><W>is</W><W>leaning</W><W>up</W><W>to</W><W>change</W><W>the</W><W>radio</W><W>station</W><W>)</W><W>.</W></SENTENCE><SENTENCE><W>It</W><W>also</W><W>creeps</W><W>up</W><W>along</W><W>my</W><W>neck</W><W>,</W><W>which</W><W>my</W><W>Maxima</W><W>does</W><W>n&#39;t</W><W>do</W><W>,</W><W>so</W><W>I</W><W>know</W><W>it</W><W>is</W><C><cue ID="39" type="negation"><W>not</W></cue></C><xcope ID="125"><ref COMMENTS="" ID="135" SRC="39"></ref><W>just</W><W>me</W></xcope><W>!</W></SENTENCE></P><P></P><P><SENTENCE><W>As</W><W>confined</W><W>as</W><W>I</W><C><W>feel</W></C><W>in</W><W>this</W><W>car</W><W>,</W><W>it</W><W>is</W><W>obviously</W><W>made</W><W>for</W><W>tall</W><W>people</W><W>.</W></SENTENCE><SENTENCE><W>I</W><W>had</W><W>to</W><W>really</W><W>learn</W><W>how</W><W>to</W><W>get</W><W>into</W><W>this</W><W>darn</W><W>thing</W><W>gracefully</W><W>,</W><C><W>and</W></C><W>I</W><W>&#39;m</W><W>almost</W><W>5&#39;9</W><W>&#34;</W><W>tall</W><W>.</W></SENTENCE><SENTENCE><W>I</W><C><cue ID="40" type="speculation"><W>can</W></cue></C><xcope ID="127"><ref COMMENTS="" ID="134" SRC="40"></ref><W>hardly</W><W>complain</W><W>though</W></xcope><W>,</W><W>since</W><W>this</W><W>very</W><W>feature</W><W>allows</W><W>us</W><W>to</W><W>actually</W><W>see</W><W>over</W><W>some</W><W>cars</W><W>in</W><W>front</W><W>of</W><W>us</W><W>,</W><C><W>and</W></C><W>besides</W><W>,</W><W>the</W><W>truck</W><W>comes</W><W>with</W><W>a</W><W>tubular</W><W>rail</W><W>on</W><W>the</W><W>side</W><W>to</W><W>help</W><W>you</W><W>up</W><W>,</W><W>anyway</W><W>.</W></SENTENCE><SENTENCE><W>It</W><W>&#39;s</W><W>an</W><W>SUV,</W><W>people</W><W>!</W></SENTENCE></P><P></P><P><SENTENCE><C><cue ID="42" type="speculation"><W>If</W></cue></C><xcope ID="130"><ref COMMENTS="" ID="133" SRC="42"></ref><W>you</W><W>are</W><W>looking</W><W>for</W><W>a</W><W>manly</W><W>vehicle</W></xcope><W>,</W><W>you</W><W>just</W><W>ca</W><W>n&#39;t</W><W>go</W><W>wrong</W><W>with</W><W>a</W><W>Nissan</W><W>.</W></SENTENCE><SENTENCE><W>I</W><W>&#39;ve</W><C><cue ID="41" type="negation"><W>never</W></cue></C><xcope ID="128"><ref COMMENTS="" ID="132" SRC="41"></ref><W>been</W><W>disappointed</W><W>with</W><W>any</W><W>of</W><W>their</W><W>products</W></xcope><W>,</W><C><W>and</W></C><W>the</W><W>Xterra</W><W>is</W><C><cue ID="43" type="negation"><W>no</W></cue></C><xcope ID="129"><ref COMMENTS="" ID="131" SRC="43"></ref><W>exception</W></xcope><W>.</W></SENTENCE></P></DOCUMENT>
