<?xml version="1.0" encoding="UTF-8"?>
<DOCUMENT><P></P><P><SENTENCE><W>I</W><W>bought</W><W>the</W><W>new</W><W>Mitsubishi</W><W>Lancer</W><W>OZ</W><W>Rally</W><W>model</W><W>in</W><W>February</W><W>2002</W><W>.</W></SENTENCE><SENTENCE><W>My</W><W>car</W><W>is</W><W>silver</W><C><W>and</W></C><W>since</W><W>it</W><W>&#39;s</W><W>the</W><W>OZ</W><W>model</W><W>,</W><W>it</W><W>has</W><W>all</W><W>the</W><W>upgrades</W><W>:</W><W>rear</W><W>spoiler</W><W>,</W><W>racing</W><W>console</W><W>,</W><W>metal</W><W>rims</W><W>,</W><W>upgraded</W><W>interior</W><W>,</W><W>cd</W><W>player</W><W>with</W><W>4</W><W>speakers</W><W>,</W><C><W>and</W></C><W>leather</W><W>wrapped</W><W>steering</W><W>wheel</W><C><W>and</W></C><W>gear</W><W>shift</W><W>.</W></SENTENCE><SENTENCE><W>All</W><W>that</W><W>for</W><W>$</W><W>18,000</W><W>.</W></SENTENCE><SENTENCE><C><W>And</W></C><W>since</W><W>I</W><W>accepted</W><W>the</W><W>3-year</W><W>financing</W><W>plan</W><W>,</W><W>I</W><W>have</W><W>0</W><W>%</W><W>interest</W><W>.</W></SENTENCE><SENTENCE><W>So</W><W>every</W><W>payment</W><W>I</W><W>make</W><W>goes</W><W>straight</W><W>to</W><W>principal</W><W>.</W></SENTENCE><SENTENCE><W>You</W><W>just</W><W>ca</W><W>n&#39;t</W><W>beat</W><W>a</W><W>deal</W><W>like</W><W>that</W><W>!</W></SENTENCE><SENTENCE><W>My</W><W>car</W><W>before</W><W>that</W><W>was</W><W>a</W><W>2002</W><W>Nissan</W><W>Sentra</W><W>that</W><W>I</W><W>drove</W><W>until</W><W>it</W><W>died</W><W>.</W></SENTENCE><SENTENCE><W>This</W><W>was</W><W>my</W><W>first</W><W>brand</W><W>new</W><W>car</W><W>ever</W><W>,</W><C><W>and</W></C><W>I</W><C><cue ID="0" type="speculation"><W>could</W></cue></C><xcope ID="8"><ref COMMENTS="" ID="9" SRC="0"></ref><W>n&#39;t</W><W>be</W><W>more</W><W>pleased</W></xcope><W>.</W></SENTENCE></P><P></P><P><SENTENCE><W>When</W><W>I</W><W>started</W><W>shopping</W><W>for</W><W>a</W><W>new</W><W>car</W><W>,</W><W>I</W><W>also</W><C><W>considered</W></C><W>another</W><W>Nissan</W><W>Sentra</W><C><W>or</W></C><W>an</W><W>Altima</W><W>,</W><W>a</W><W>Mitsubishi</W><W>Galant</W><W>,</W><C><W>or</W></C><W>a</W><W>Honda</W><W>Civic</W><W>.</W></SENTENCE><SENTENCE><W>I</W><cue ID="8" type="negation"><W>did</W><W>n&#39;t</W></cue><xcope ID="9"><ref COMMENTS="" ID="10" SRC="8"></ref><W>like</W><W>the</W><W>plainness</W><W>of</W><W>the</W><W>Sentra</W></xcope><W>,</W><xcope ID="11"><ref COMMENTS="" ID="12" SRC="1"></ref><W>the</W><W>Altima</W></xcope><C><cue ID="1" type="speculation"><W>seemed</W></cue></C><xcope ID="7"><ref COMMENTS="" ID="10" SRC="1"></ref><W>too</W><W>big</W><C><W>and</W></C><W>&#34;old</W></xcope><W>&#34;</W><W>,</W><W>the</W><W>Galant</W><W>was</W><W>too</W><W>expensive</W><W>for</W><W>my</W><W>budget</W><W>,</W><C><W>and</W></C><W>the</W><W>Civic</W><W>just</W><cue ID="5" type="negation"><W>did</W><W>n&#39;t</W></cue><xcope ID="6"><ref COMMENTS="" ID="11" SRC="5"></ref><W>offer</W><W>the</W><W>extras</W><W>that</W><W>the</W><W>Lancer</W><W>did</W><W>at</W><W>the</W><W>same</W><W>price</W></xcope><W>.</W></SENTENCE><SENTENCE><W>I</W><W>also</W><W>liked</W><W>the</W><W>Lancer</W><W>because</W><W>it</W><W>was</W><W>the</W><W>right</W><W>size</W><W>for</W><W>a</W><W>5&#39;4</W><W>&#34;</W><W>female</W><W>.</W></SENTENCE><SENTENCE><W>I</W><cue ID="2" type="negation"><W>did</W><W>n&#39;t</W></cue><xcope ID="13"><ref COMMENTS="" ID="14" SRC="2"></ref><cue ID="3" type="speculation"><C><W>feel</W></C><W>like</W></cue><xcope ID="4"><ref COMMENTS="" ID="12" SRC="3"></ref><W>I</W><W>was</W><W>driving</W><W>a</W><W>tank</W></xcope></xcope><W>.</W></SENTENCE></P><P></P><P><SENTENCE><W>The</W><W>thing</W><W>I</W><W>like</W><W>most</W><W>about</W><W>the</W><W>Mitsubishi</W><W>cars</W><W>is</W><W>that</W><W>you</W><W>do</W><W>n&#39;t</W><W>have</W><W>to</W><W>pay</W><W>for</W><W>each</W><W>option</W><W>separately</W><W>.</W></SENTENCE><SENTENCE><W>Each</W><W>model</W><C><W>and</W></C><W>trim</W><W>comes</W><W>with</W><W>it</W><W>&#39;s</W><W>own</W><W>set</W><W>of</W><W>options</W><W>,</W><W>so</W><W>you</W><W>do</W><W>n&#39;t</W><W>end</W><W>up</W><W>with</W><W>sticker</W><W>shock</W><W>by</W><W>the</W><W>time</W><W>you</W><W>pick</W><W>out</W><W>what</W><W>you</W><W>want</W><W>.</W></SENTENCE><SENTENCE><W>The</W><W>Lancer</W><W>is</W><W>new</W><W>to</W><W>the</W><W>U.S.</W><C><W>and</W></C><W>it</W><W>&#39;s</W><W>reliability</W><W>is</W><W>still</W><C><W>uncertain</W></C><W>,</W><W>but</W><W>all</W><W>the</W><W>other</W><W>Mitsubishi</W><W>cars</W><W>have</W><W>proven</W><W>to</W><W>be</W><W>reliable</W><C><W>and</W></C><W>I</W><W>have</W><W>faith</W><W>in</W><W>Mitsubishi</W><W>&#39;s</W><W>name</W><W>.</W></SENTENCE><SENTENCE><W>The</W><W>car</W><W>drives</W><W>very</W><W>smoothly</W><C><W>and</W></C><W>has</W><W>a</W><W>fair</W><W>amount</W><W>of</W><W>pick-up</W><W>.</W></SENTENCE><SENTENCE><W>It</W><C><cue ID="38" type="speculation"><W>can</W></cue></C><xcope ID="39"><ref COMMENTS="" ID="40" SRC="38"></ref><W>handle</W><W>speeds</W><W>up</W><W>to</W><W>90mph</W></xcope><C><cue ID="16" type="negation"><W>without</W></cue></C><xcope ID="26"><ref COMMENTS="" ID="37" SRC="16"></ref><W>any</W><xcope ID="25"><ref COMMENTS="" ID="36" SRC="21"></ref><W>jiggles</W></xcope><C><cue ID="21" type="speculation"><W>or</W></cue></C><xcope ID="24"><ref COMMENTS="" ID="35" SRC="21"></ref><W>rattles</W></xcope></xcope><W>(</W><C><W>and</W></C><C><cue ID="15" type="speculation"><W>probably</W></cue></C><xcope ID="23"><ref COMMENTS="" ID="34" SRC="15"></ref><W>more</W><W>but</W><W>I</W><cue ID="17" type="negation"><W>have</W><W>n&#39;t</W></cue><xcope ID="22"><ref COMMENTS="" ID="33" SRC="17"></ref><W>gone</W><W>that</W><W>fast</W></xcope></xcope><W>)</W><W>.</W></SENTENCE><SENTENCE><W>The</W><W>gas</W><W>mileage</W><W>is</W><W>28-32</W><W>miles</W><W>per</W><W>gallon</W><W>(</W><W>wonderful</W><W>!</W><W>)</W><C><W>and</W></C><W>although</W><W>the</W><W>car</W><W>is</W><W>among</W><W>the</W><W>smaller</W><W>models</W><W>,</W><W>it</W><W>&#39;s</W><W>still</W><W>comfortable</W><W>enough</W><W>for</W><W>4</W><W>people</W><W>.</W></SENTENCE></P><P></P><P><SENTENCE><C><cue ID="18" type="speculation"><W>If</W></cue></C><xcope ID="29"><ref COMMENTS="" ID="32" SRC="18"></ref><W>I</W><C><cue ID="19" type="speculation"><W>could</W></cue></C><xcope ID="28"><ref COMMENTS="" ID="31" SRC="19"></ref><W>go</W><W>back</W><C><W>and</W></C><W>do</W><W>it</W><W>over</W></xcope></xcope><W>,</W><W>I</W><cue ID="20" type="speculation"><C><W>would</W></C><W>n&#39;t</W></cue><xcope ID="27"><ref COMMENTS="" ID="30" SRC="20"></ref><W>change</W><W>a</W><W>thing</W></xcope><W>.</W></SENTENCE><SENTENCE><W>There</W><W>is</W><W>nothing</W><W>about</W><W>the</W><W>car</W><W>that</W><W>displeases</W><W>me</W><W>in</W><W>any</W><W>way</W><W>.</W></SENTENCE></P></DOCUMENT>
