<?xml version="1.0" encoding="UTF-8"?>
<DOCUMENT><P></P><P><SENTENCE><W>Spring</W><W>has</W><W>arrived</W><W>along</W><W>the</W><W>Gulf</W><W>Coast</W><W>.</W></SENTENCE><SENTENCE><W>I</W><W>&#39;m</W><W>rolling</W><W>west</W><W>out</W><W>of</W><W>Houston</W><W>along</W><W>I-10</W><W>in</W><W>a</W><W>riot</W><W>of</W><W>color</W><W>.</W></SENTENCE><SENTENCE><W>Carpets</W><W>of</W><W>bluebonnets</W><W>line</W><W>the</W><W>roadsides</W><W>,</W><W>as</W><W>yet</W><W>unsullied</W><W>by</W><W>the</W><W>inevitable</W><W>amateur</W><W>photographers</W><C><W>and</W></C><W>those</W><W>families</W><W>in</W><W>their</W><W>finery</W><W>.</W></SENTENCE><SENTENCE><W>Here</W><C><W>and</W></C><W>there</W><W>I</W><W>spot</W><W>clumps</W><C><W>and</W></C><W>clusters</W><W>of</W><W>primrose</W><W>in</W><W>pale</W><W>pink</W><W>evening</W><W>gowns</W><W>;</W><W>brilliant</W><W>yellow</W><W>coreopsis</W><C><W>and</W></C><W>purple</W><W>henbit</W><W>lurk</W><W>in</W><W>the</W><W>median</W><W>as</W><C><cue ID="0" type="speculation"><W>if</W></cue></C><xcope ID="49"><ref COMMENTS="" ID="50" SRC="0"></ref><W>embarrassed</W><W>to</W><W>pit</W><W>their</W><W>tiny</W><W>flowers</W><W>against</W><W>the</W><W>showy</W><W>&#39;bonnets</W></xcope><W>.</W></SENTENCE><SENTENCE><W>In</W><W>the</W><W>shade</W><W>of</W><W>an</W><W>overgrown</W><W>fencerow</W><W>I</W><W>catch</W><W>glimpses</W><W>of</W><W>the</W><W>winy</W><W>tones</W><W>of</W><W>a</W><W>stand</W><W>of</W><W>claret</W><W>cups</W><W>;</W><W>simple</W><W>fuchsia</W><W>heads</W><W>like</W><W>wineglasses</W><W>waving</W><W>on</W><W>slender</W><W>stems</W><W>;</W><C><W>and</W></C><W>over</W><W>yonder</W><W>a</W><W>prickly</W><W>phalanx</W><W>of</W><W>California</W><W>poppies</W><W>has</W><W>invaded</W><W>from</W><W>a</W><W>nearby</W><W>pasture</W><W>,</W><W>long</W><W>,</W><W>fuzzy</W><W>dark</W><W>green</W><W>stems</W><W>crowned</W><W>by</W><W>delicate</W><W>white</W><W>petals</W><W>around</W><W>a</W><W>lotus-like</W><W>core</W><W>.</W></SENTENCE><SENTENCE><W>On</W><W>hillside</W><C><W>and</W></C><W>meadow</W><W>alike</W><W>,</W><W>the</W><W>Indian</W><W>paintbrush</W><W>nod</W><W>wisely</W><W>,</W><W>shafts</W><W>of</W><W>color</W><W>ranging</W><W>from</W><W>startling</W><W>orange</W><W>to</W><W>fire-engine</W><W>red</W><W>waving</W><W>contentedly</W><W>in</W><W>the</W><W>humid</W><W>breeze</W><W>.</W></SENTENCE><SENTENCE><W>Overhead</W><W>a</W><W>squadron</W><W>of</W><W>turkey</W><W>buzzards</W><W>circles</W><W>lazily</W><W>above</W><W>some</W><W>carrion</W><W>buried</W><W>in</W><W>the</W><W>tall</W><W>grass</W><W>,</W><W>flying</W><W>in</W><W>a</W><W>perfect</W><W>missing-man</W><W>formation</W><W>.</W></SENTENCE></P><P></P><P><SENTENCE><W>As</W><W>for</W><W>me</W><W>,</W><W>I</W><W>&#39;m</W><W>fighting</W><W>a</W><W>well-nigh</W><W>uncontrollable</W><W>urge</W><W>to</W><W>roar</W><W>off</W><W>the</W><W>pavement</W><W>,</W><W>spraying</W><W>mud</W><W>left</W><C><W>and</W></C><W>right</W><C><W>and</W></C><W>sending</W><W>battalions</W><W>of</W><W>Ladybird</W><W>Johnson</W><W>&#39;s</W><W>legacy</W><W>to</W><W>their</W><W>heavenly</W><W>reward</W><W>.</W></SENTENCE><SENTENCE><W>As</W><W>I</W><W>resist</W><W>the</W><W>urge</W><W>,</W><W>I</W><W>keep</W><W>wondering</W><W>:</W><W>&#34;</W><W>Does</W><W>Nissan</W><W>install</W><W>a</W><W>testosterone</W><W>dispenser</W><W>as</W><W>standard</W><W>equipment</W><W>in</W><W>the</W><W>Xterra</W><W>?</W><W>&#34;</W></SENTENCE></P><P></P><P><SENTENCE><W>Is</W><W>this</W><W>the</W><W>Ultimate</W><W>Boy</W><W>Toy</W><W>?</W></SENTENCE></P><P></P><P><SENTENCE><W>Immediately</W><W>on</W><W>seeing</W><W>your</W><W>first</W><W>Xterra</W><W>you</W><W>know</W><W>that</W><W>every</W><W>inch</W><W>of</W><W>the</W><W>vehicle</W><W>breathes</W><W>essence</W><W>of</W><W>(young</W><W>)</W><W>male</W><W>,</W><W>from</W><W>the</W><W>buffed</W><W>,</W><W>muscular</W><W>body</W><W>to</W><W>the</W><W>simple</W><W>lines</W><W>of</W><W>the</W><W>manly</W><W>interior</W><W>.</W></SENTENCE><SENTENCE><W>The</W><W>standard</W><W>roof</W><W>rack</W><C><cue ID="1" type="speculation"><W>might</W></cue></C><xcope ID="51"><ref COMMENTS="" ID="53" SRC="1"></ref><W>as</W><W>well</W><W>be</W><W>a</W><W>backwards-billed</W><W>baseball</W><W>cap</W></xcope><W>;</W><W>that</W><W>strange</W><W>flat</W><W>spot</W><W>on</W><W>the</W><W>rear</W><W>hatch</W><W>is</W><W>a</W><W>precise</W><W>analog</W><W>for</W><W>the</W><W>perfect</W><W>circle</W><W>imprinted</W><W>on</W><W>ten</W><W>million</W><W>teenage</W><W>boys</W><W>&#39;</W><W>wallets</W><W>.</W></SENTENCE><SENTENCE><W>There</W><W>&#39;s</W><C><cue ID="2" type="negation"><W>no</W></cue></C><xcope ID="52"><ref COMMENTS="" ID="54" SRC="2"></ref><W>question</W><W>at</W><W>all</W><W>that</W><W>Nissan</W><W>aimed</W><W>this</W><W>vehicle</W></xcope><W>,</W><W>with</W><W>laser</W><W>targeting</W><W>,</W><W>at</W><W>a</W><W>youthful</W><W>male</W><W>market</W><W>.</W></SENTENCE></P><P></P><P><SENTENCE><W>Unlike</W><W>Honda</W><C><W>and</W></C><W>Toyota</W><W>(among</W><W>others</W><W>)</W><W>whose</W><W>smallest</W><W>SUVs</W><W>ride</W><W>on</W><W>a</W><W>car</W><W>platform</W><W>,</W><W>Nissan</W><W>has</W><W>built</W><W>the</W><W>Xterra</W><W>around</W><W>the</W><W>frame</W><W>of</W><W>its</W><W>Frontier</W><W>pickup</W><W>.</W></SENTENCE><SENTENCE><W>It</W><W>&#39;s</W><W>a</W><W>meaty</W><W>,</W><W>beaty</W><W>,</W><W>big</W><C><W>and</W></C><W>bouncy</W><W>bruiser</W><W>of</W><W>an</W><W>SUV,</W><W>positioned</W><W>squarely</W><W>to</W><W>take</W><W>over</W><W>the</W><W>Jeep</W><W>Wrangler</W><W>market</W><W>from</W><W>the</W><W>sixteen-to-twenty-six</W><W>age</W><W>group</W><W>.</W></SENTENCE><SENTENCE><W>The</W><W>brutish</W><W>good</W><W>looks</W><W>of</W><W>the</W><W>Xterra</W><W>-</W><W>tall</W><C><W>and</W></C><W>slender</W><W>,</W><W>with</W><W>a</W><W>two-step</W><W>roofline</W><C><W>and</W></C><W>what</W><W>looks</W><W>like</W><W>an</W><W>over-engineered</W><W>roof</W><W>rack</W><W>-</W><C><cue ID="3" type="speculation"><W>should</W></cue></C><xcope ID="55"><ref COMMENTS="" ID="56" SRC="3"></ref><W>serve</W><W>it</W><W>well</W><W>in</W><W>that</W><W>market</W></xcope><W>.</W></SENTENCE><SENTENCE><W>The</W><W>pot</W><W>&#39;s</W><W>sweetened</W><W>by</W><W>a</W><W>passel</W><W>of</W><W>wild</W><W>colors</W><W>-</W><W>who</W><W>among</W><W>us</W><W>has</W><W>yet</W><W>to</W><W>see</W><W>a</W><W>canary</W><W>yellow</W><W>model</W><W>on</W><W>the</W><W>streets</W><W>?</W></SENTENCE><SENTENCE><W>-</W><C><W>and</W></C><W>a</W><W>standard</W><W>100-watt</W><W>stereo</W><W>with</W><W>CD</W><W>,</W><W>tinted</W><W>windows</W><W>,</W><W>ABS</W><W>,</W><C><W>and</W></C><W>anti-skid</W><W>plates</W><W>;</W><W>also</W><W>aimed</W><W>to</W><W>please</W><W>.</W></SENTENCE><SENTENCE><W>Throw</W><W>in</W><W>the</W><W>optional</W><W>first</W><W>aid</W><W>kit</W><W>(</W><W>it</W><W>screams</W><W>,</W><W>&#34;Xtreme</W><W>Sportsman</W><W>Here</W><W>!</W><W>&#34;</W><W>)</W><W>,</W><W>300-watt</W><W>six-disc</W><W>in-dash</W><W>CD</W><W>changer</W><W>,</W><C><W>and</W></C><W>-</W><W>the</W><W>piece</W><W>de</W><W>resistance</W><W>-</W><W>the</W><W>new-this-year</W><W>210-hp</W><W>turbocharged</W><W>V6</W><W>engine</W><W>,</W><C><W>and</W></C><W>the</W><W>teenage</W><W>boy</W><W>inside</W><W>us</W><W>will</W><W>be</W><W>in</W><W>seventh</W><W>heaven</W><W>!</W></SENTENCE></P><P></P><P><SENTENCE><C><W>Not</W></C><W>for</W><W>Everybody</W><W>?</W></SENTENCE></P><P></P><P><SENTENCE><W>The</W><W>very</W><W>features</W><W>that</W><W>make</W><W>the</W><W>Xterra</W><W>boy-bait</W><C><cue ID="4" type="speculation"><W>probably</W></cue></C><xcope ID="57"><ref COMMENTS="" ID="63" SRC="4"></ref><W>place</W><W>serious</W><W>limits</W><W>on</W><W>its</W><W>popularity</W><W>outside</W><W>the</W><W>target</W><W>audience</W></xcope><W>.</W></SENTENCE><SENTENCE><W>With</W><W>the</W><W>disappearance</W><W>of</W><W>station</W><W>wagons</W><C><W>and</W></C><W>the</W><W>waning</W><W>popularity</W><W>of</W><W>minivans</W><W>,</W><W>the</W><W>SUV</W><W>has</W><W>become</W><W>the</W><W>new</W><W>family</W><W>cruiser</W><W>for</W><W>Sunday</W><W>afternoon</W><W>rides</W><W>in</W><W>the</W><W>country</W><W>.</W></SENTENCE><SENTENCE><W>Families</W><W>,</W><W>however</W><W>,</W><W>tend</W><W>to</W><W>like</W><W>their</W><W>creature</W><W>comforts</W><W>:</W><W>car-seat</W><W>latches</W><W>,</W><W>two</W><W>cupholders</W><W>for</W><W>every</W><W>seat</W><W>,</W><W>DVD</W><W>players</W><W>that</W><W>drop</W><W>from</W><W>the</W><W>ceiling</W><W>,</W><W>six-way</W><W>adjustable</W><W>chairs</W><W>,</W><C><W>and</W></C><W>--</W><W>above</W><W>all</W><W>-</W><W>a</W><W>cushiony</W><W>ride</W><W>.</W></SENTENCE><SENTENCE><W>The</W><W>Xterra</W><W>is</W><W>definitely</W><C><cue ID="7" type="negation"><W>not</W></cue></C><xcope ID="62"><ref COMMENTS="" ID="66" SRC="7"></ref><W>aimed</W><W>at</W><W>this</W><W>crowd</W></xcope><W>,</W><C><cue ID="5" type="negation"><W>neither</W></cue></C><xcope ID="60"><ref COMMENTS="" ID="65" SRC="5"></ref><W>its</W><W>creature</W><W>comforts</W></xcope><C><cue ID="6" type="negation"><W>nor</W></cue></C><xcope ID="58"><ref COMMENTS="" ID="64" SRC="6"></ref><W>its</W><W>ride</W></xcope><W>.</W></SENTENCE><SENTENCE><W>You</W><W>say</W><W>you</W><W>want</W><W>a</W><W>small</W><W>SUV</W><W>with</W><W>a</W><W>smooth</W><W>,</W><W>quiet</W><W>ride</W><W>?</W></SENTENCE><SENTENCE><W>Have</W><W>you</W><W>tried</W><W>the</W><W>Toyota</W><W>Highlander</W><W>yet</W><W>?</W></SENTENCE><SENTENCE><W>&#39;</W><W>Cause</W><W>the</W><W>Xterra</W><W>&#39;s</W><C><cue ID="9" type="negation"><W>not</W></cue></C><xcope ID="61"><ref COMMENTS="" ID="67" SRC="9"></ref><W>what</W><W>you</W><W>&#39;re</W><W>looking</W><W>for</W></xcope><W>!</W></SENTENCE></P><P></P><P><SENTENCE><W>The</W><W>Driving</W><W>Experience</W></SENTENCE></P><P></P><P><SENTENCE><W>I</W><W>put</W><W>about</W><W>450</W><W>miles</W><W>on</W><W>a</W><W>four-wheel</W><W>drive</W><W>Xterra</W><W>XE</W><W>(</W><W>the</W><W>base</W><W>trim</W><W>level</W><W>)</W><W>,</W><W>with</W><W>the</W><W>stock</W><W>four-speed</W><W>automatic</W><C><W>and</W></C><W>2.4-liter</W><W>(</W><W>140-hp</W><W>)</W><W>4-cylinder</W><W>power</W><W>plant</W><W>.</W></SENTENCE><SENTENCE><C><cue ID="13" type="speculation"><W>If</W></cue></C><xcope ID="68"><ref COMMENTS="" ID="75" SRC="13"></ref><W>anybody</W><W>cares</W></xcope><W>,</W><W>it</W><W>was</W><W>silver</W><W>.</W></SENTENCE><SENTENCE><W>Again</W><W>,</W><C><cue ID="10" type="speculation"><W>if</W></cue></C><xcope ID="69"><ref COMMENTS="" ID="74" SRC="10"></ref><W>anybody</W><W>cares</W></xcope><W>,</W><W>I</W><W>got</W><W>about</W><W>18MPG</W><W>for</W><W>mainly</W><W>highway</W><W>driving</W><W>...</W></SENTENCE><SENTENCE><W>I</W><W>engaged</W><W>the</W><W>shift-on-the-fly</W><W>4WD</W><W>only</W><W>for</W><W>a</W><W>trip</W><W>down</W><W>my</W><W>driveway</W><W>,</W><W>though</W><W>I</W><C><cue ID="11" type="speculation"><W>probably</W></cue></C><xcope ID="71"><ref COMMENTS="" ID="73" SRC="11"></ref><C><cue ID="12" type="speculation"><W>could</W></cue></C><xcope ID="70"><ref COMMENTS="" ID="72" SRC="12"></ref><W>have</W><W>used</W><W>it</W><W>a</W><W>few</W><W>times</W><W>in</W><W>downtown</W><W>Houston</W><W>&#39;s</W><W>interminable</W><W>road</W><W>construction</W></xcope></xcope><W>.</W></SENTENCE></P><P></P><P><SENTENCE><W>Handling</W><W>is</W><W>intended</W><W>to</W><W>be</W><W>fun</W><W>-</W><C><W>and</W></C><W>it</W><W>is</W><W>,</W><W>as</W><W>long</W><W>as</W><W>you</W><W>&#39;re</W><W>going</W><W>fairly</W><W>slowly</W><W>.</W></SENTENCE><SENTENCE><W>There</W><W>&#39;s</W><W>a</W><W>reason</W><W>all</W><W>Nissan</W><W>&#39;s</W><W>commercials</W><W>show</W><W>the</W><W>Xterra</W><W>grinding</W><W>up</W><W>the</W><W>countryside</W><C><W>instead</W></C><W>of</W><W>rockin&#39;</W><W>down</W><W>the</W><W>highway</W><W>.</W></SENTENCE><SENTENCE><W>The</W><W>Xterra</W><W>turns</W><W>on</W><W>a</W><W>relative</W><W>dime</W><W>at</W><W>low</W><W>speed</W><W>,</W><W>which</W><C><cue ID="14" type="speculation"><W>can</W></cue></C><xcope ID="137"><ref COMMENTS="" ID="143" SRC="14"></ref><W>be</W><W>a</W><W>blessing</W><xcope ID="136"><ref COMMENTS="" ID="142" SRC="140"></ref><W>in</W><W>true</W><W>off-road</W><W>situations</W></xcope><W>(</W><C><cue ID="140" type="speculation"><W>or</W></cue></C><xcope ID="135"><ref COMMENTS="" ID="141" SRC="140"></ref><W>on</W><W>Milam</W><W>in</W><W>downtown</W><W>Houston</W></xcope></xcope><W>)</W><W>.</W></SENTENCE><SENTENCE><W>At</W><W>higher</W><W>speeds</W><W>,</W><W>the</W><W>steering</W><W>has</W><W>a</W><W>tendency</W><W>to</W><W>wander</W><W>on</W><W>smooth</W><W>roads</W><W>,</W><W>especially</W><C><cue ID="15" type="speculation"><W>if</W></cue></C><xcope ID="77"><ref COMMENTS="" ID="86" SRC="15"></ref><W>the</W><W>surface</W><W>is</W><W>a</W><W>tad</W><W>slick</W></xcope><W>;</W><C><W>and</W></C><W>its</W><W>high</W><W>profile</W><W>gives</W><W>the</W><W>vehicle</W><W>just</W><W>a</W><W>hint</W><W>of</W><W>tippiness</W><W>through</W><W>high-speed</W><W>turns</W><W>.</W></SENTENCE><SENTENCE><W>The</W><W>ride</W><W>...</W><W>what</W><C><cue ID="16" type="speculation"><W>can</W></cue></C><xcope ID="78"><ref COMMENTS="" ID="85" SRC="16"></ref><W>you</W><W>say</W><W>about</W><W>the</W><W>ride</W></xcope><W>...</W><W>truck-like</W><W>?</W></SENTENCE><SENTENCE><W>bouncy</W><W>?</W></SENTENCE><SENTENCE><C><cue ID="17" type="negation"><W>not</W></cue></C><xcope ID="79"><ref COMMENTS="" ID="84" SRC="17"></ref><W>unlike</W><W>a</W><W>Kenmore</W><W>washing</W><W>machine</W><W>with</W><W>an</W><W>unbalanced</W><W>load</W></xcope><W>?</W></SENTENCE><SENTENCE><W>Well</W><W>,</W><W>I</W><W>said</W><W>the</W><W>Xterra</W><W>&#39;s</W><C><cue ID="146" type="negation"><W>not</W></cue></C><xcope ID="144"><ref COMMENTS="" ID="147" SRC="146"></ref><W>intended</W><W>for</W><W>families</W></xcope><W>,</W><C><W>and</W></C><C><cue ID="18" type="speculation"><W>if</W></cue></C><xcope ID="80"><ref COMMENTS="" ID="83" SRC="18"></ref><W>you</W><W>&#39;re</W><W>worried</W><W>the</W><W>kiddies</W><W>&#39;ll</W><W>get</W><W>whiplash</W></xcope><W>,</W><W>this</W><W>is</W><W>one</W><W>truck</W><W>to</W><W>avoid</W><W>!</W></SENTENCE><SENTENCE><W>Be</W><W>prepared</W><W>to</W><W>buckle</W><W>up</W><W>firmly</W><W>,</W><W>for</W><W>this</W><W>truck</W><C><cue ID="19" type="speculation"><W>can</W></cue></C><xcope ID="81"><ref COMMENTS="" ID="82" SRC="19"></ref><W>put</W><W>you</W><W>through</W><W>the</W><W>wringer</W><W>on</W><W>rough</W><W>pavement</W></xcope><W>.</W></SENTENCE></P><P></P><P><SENTENCE><W>The</W><W>little</W><W>four-banger</W><W>had</W><W>great</W><W>difficulty</W><W>shoving</W><W>around</W><W>the</W><W>Xterra</W><W>&#39;s</W><W>4300-pound</W><W>carcass</W><W>,</W><W>with</W><W>lousy</W><W>acceleration</W><C><W>and</W></C><W>a</W><W>great</W><W>deal</W><W>of</W><W>noise</W><W>.</W></SENTENCE><SENTENCE><W>Under</W><W>acceleration</W><W>,</W><W>the</W><W>engine</W><W>howls</W><W>like</W><W>a</W><W>lovesick</W><W>hyena</W><W>;</W><W>even</W><W>at</W><W>a</W><W>steady</W><W>speed</W><W>the</W><W>poor</W><W>baby</W><W>sounds</W><W>like</W><W>a</W><W>rhino</W><W>with</W><W>a</W><W>bellyache</W><W>-</W><W>that</W><W>&#39;s</W><W>assuming</W><W>you</W><C><cue ID="25" type="speculation"><W>can</W></cue></C><xcope ID="93"><ref COMMENTS="" ID="94" SRC="25"></ref><W>hear</W><W>it</W><W>over</W><W>the</W><W>abundant</W><W>road</W><W>noise</W></xcope><C><W>and</W></C><W>the</W><W>howl</W><W>of</W><W>the</W><W>wind</W><W>in</W><W>the</W><W>roof</W><W>rack</W><W>(</W><xcope ID="92"><ref COMMENTS="" ID="96" SRC="21"></ref><W>fairing</W></xcope><C><cue ID="21" type="speculation"><W>or</W></cue></C><C><cue ID="20" type="negation"><xcope ID="91"><ref COMMENTS="" ID="95" SRC="21"></ref><W>no</W></xcope></cue></C><W>,</W><W>it</W><W>&#39;s</W><W>darned</W><W>noisy</W><W>)</W><W>.</W></SENTENCE><SENTENCE><W>The</W><W>automatic</W><W>transmission</W><W>spent</W><W>about</W><W>as</W><W>much</W><W>time</W><W>hunting</W><W>for</W><W>the</W><W>proper</W><W>gear</W><W>as</W><W>it</W><W>did</W><W>performing</W><W>quietly</W><W>.</W></SENTENCE><SENTENCE><W>This</W><W>is</W><W>definitely</W><C><cue ID="22" type="negation"><W>not</W></cue></C><xcope ID="90"><ref COMMENTS="" ID="97" SRC="22"></ref><W>the</W><W>proper</W><W>configuration</W><W>for</W><W>a</W><W>truck</W><W>this</W><W>size</W><C><W>and</W></C><W>weight</W></xcope><W>-</W><W>purchasers</W><W>are</W><W>well</W><W>advised</W><W>to</W><W>at</W><W>least</W><W>spring</W><W>for</W><W>the</W><W>170-horse</W><W>V6</W><W>(</W><W>which</W><W>is</W><W>also</W><W>rumored</W><W>to</W><W>be</W><W>gutless</W><W>)</W><C><cue ID="24" type="speculation"><W>if</W></cue></C><xcope ID="89"><ref COMMENTS="" ID="99" SRC="24"></ref><C><cue ID="23" type="negation"><W>not</W></cue></C><xcope ID="88"><ref COMMENTS="" ID="98" SRC="23"></ref><W>the</W><W>turbo</W><W>version</W></xcope></xcope><W>.</W></SENTENCE></P><P></P><P><SENTENCE><W>The</W><W>driving</W><W>position</W><W>is</W><W>high</W><W>-</W><W>heck</W><W>,</W><W>everything</W><W>is</W><W>high</W><W>,</W><W>including</W><W>the</W><W>cargo</W><W>bed</W><W>,</W><W>which</W><W>hits</W><W>this</W><W>5&#39;11</W><W>&#34;</W><W>guy</W><W>right</W><W>at</W><W>Gluteus</W><W>maximus</W><W>level</W><W>(</W><W>I</W><cue ID="148" type="speculation"><W>&#39;d</W></cue><xcope ID="149"><ref COMMENTS="" ID="150" SRC="148"></ref><W>hate</W><W>to</W><W>have</W><W>to</W><W>load</W><W>anything</W><W>heavy</W><W>into</W><W>an</W><W>Xterra</W></xcope><W>)</W><W>.</W></SENTENCE><SENTENCE><W>Although</W><W>you</W><W>&#39;re</W><W>up</W><W>there</W><W>with</W><W>a</W><W>good</W><W>all-around</W><W>view</W><W>of</W><W>the</W><W>road</W><W>,</W><W>the</W><W>2002</W><W>model</W><W>updates</W><W>include</W><W>a</W><W>2-inch</W><W>bulge</W><W>on</W><W>the</W><W>hood</W><W>(</W><W>to</W><W>make</W><W>room</W><W>for</W><W>the</W><W>optional</W><W>turbocharged</W><W>V6</W><W>)</W><W>that</W><W>cut</W><W>down</W><W>on</W><W>my</W><W>front</W><W>view</W><W>;</W><W>it</W><W>&#39;s</W><C><cue ID="26" type="speculation"><W>probably</W></cue></C><xcope ID="100"><ref COMMENTS="" ID="101" SRC="26"></ref><W>even</W><W>worse</W><W>for</W><W>shorter</W><W>drivers</W></xcope><W>.</W></SENTENCE><SENTENCE><W>My</W><W>rental</W><W>came</W><W>equipped</W><W>with</W><W>step</W><W>bars</W><C><W>and</W></C><W>lots</W><W>of</W><W>grab</W><W>handles</W><W>to</W><W>help</W><W>the</W><W>less</W><W>nimble</W><W>clamber</W><W>aboard</W><W>.</W></SENTENCE><SENTENCE><W>In</W><W>a</W><W>bit</W><W>of</W><W>inspired</W><W>styling</W><W>(</W><W>form</W><W>over</W><W>function</W><W>,</W><W>I</W><W>&#39;spect</W><W>)</W><W>,</W><W>the</W><W>rear</W><W>door</W><W>handles</W><W>are</W><W>mounted</W><W>high</W><W>on</W><W>the</W><W>door</W><W>behind</W><W>the</W><W>window</W><W>-</W><W>let</W><W>&#39;s</W><W>see</W><W>your</W><W>average</W><W>six-year-old</W><W>operate</W><W>those</W><W>!</W></SENTENCE></P><P></P><P><SENTENCE><W>Critter</W><W>Comforts</W><C><W>and</W></C><W>Car-Driver</W><W>Interface</W></SENTENCE></P><P></P><P><SENTENCE><W>The</W><W>stock</W><W>six-speaker</W><W>AM/FM/CD</W><W>player</W><W>(</W><C><cue ID="151" type="negation"><W>no</W></cue></C><xcope ID="152"><ref COMMENTS="" ID="153" SRC="151"></ref><W>tape</W></xcope><W>)</W><W>puts</W><W>out</W><W>above-average</W><W>sound</W><W>,</W><W>but</W><W>the</W><W>climate-control</W><W>system</W><C><cue ID="27" type="speculation"><W>seemed</W></cue></C><xcope ID="102"><ref COMMENTS="" ID="107" SRC="27"></ref><W>just</W><W>a</W><W>little</W><W>overwhelmed</W><W>at</W><W>times</W></xcope><W>-</W><C><W>and</W></C><W>summer</W><W>&#39;s</W><W>still</W><W>a</W><W>long</W><W>way</W><W>off</W><W>!</W></SENTENCE><SENTENCE><W>Nissan</W><W>has</W><W>gone</W><W>all-out</W><W>to</W><W>give</W><W>the</W><W>cockpit</W><W>a</W><W>kicky</W><W>look</W><W>,</W><W>including</W><W>retro-looking</W><W>climate-control</W><W>knobs</W><W>(</W><W>straight</W><W>off</W><W>a</W><W>1930s</W><W>gas</W><W>stove</W><W>)</W><C><W>and</W></C><W>bizarre</W><W>little</W><W>three-LED</W><W>indicator</W><W>lights</W><W>.</W></SENTENCE><SENTENCE><W>The</W><W>triple-headed</W><W>instrument</W><W>panel</W><W>(</W><W>derivative</W><W>of</W><W>the</W><W>PT</W><W>Cruiser</W><C><cue ID="28" type="speculation"><W>if</W></cue></C><xcope ID="103"><ref COMMENTS="" ID="106" SRC="28"></ref><W>you</W><W>ask</W><W>me</W></xcope><W>)</W><W>has</W><W>good</W><W>sight</W><W>lines</W><W>so</W><W>you</W><C><cue ID="29" type="speculation"><W>can</W></cue></C><xcope ID="104"><ref COMMENTS="" ID="105" SRC="29"></ref><W>notice</W><W>that</W><W>Nissan</W></xcope><W>-</W><W>being</W><W>different</W><W>again</W><W>-</W><W>uses</W><W>an</W><W>italic</W><W>typeface</W><W>on</W><W>the</W><W>gauges</W><W>.</W></SENTENCE><SENTENCE><W>The</W><W>parking</W><W>brake</W><W>is</W><W>mounted</W><W>beneath</W><W>the</W><W>dashboard</W><W>on</W><W>the</W><W>left</W><W>side</W><W>-</W><W>those</W><W>of</W><W>you</W><W>who</W><W>&#39;ve</W><W>had</W><W>ACL</W><W>surgery</W><W>are</W><W>forewarned</W><W>,</W><W>the</W><W>left</W><W>knee</W><W>has</W><W>to</W><W>approach</W><W>shoulder</W><W>level</W><W>to</W><W>operate</W><W>it</W><W>.</W></SENTENCE><SENTENCE><W>The</W><W>brake</W><W>release</W><W>,</W><W>though</W><W>,</W><W>is</W><W>at</W><W>the</W><W>right</W><W>side</W><W>of</W><W>the</W><W>steering</W><W>wheel</W><W>.</W></SENTENCE><SENTENCE><W>Why</W><W>?</W><cue ID="154" type="negation"><W>Do</W><W>n&#39;t</W></cue><xcope ID="155"><ref COMMENTS="" ID="156" SRC="154"></ref><W>ask</W><W>me</W></xcope><W>...</W></SENTENCE></P><P></P><P><SENTENCE><W>Seating</W><W>is</W><W>mediocre</W><W>at</W><W>best</W><W>;</W><W>the</W><W>padding</W><W>a</W><W>bit</W><W>sparse</W><W>for</W><W>these</W><W>old</W><W>bones</W><W>(</W><W>but</W><W>then</W><W>again</W><W>,</W><W>I</W><W>&#39;m</W><W>about</W><W>twice</W><W>the</W><W>target</W><W>age</W><W>)</W><W>.</W></SENTENCE><SENTENCE><W>Headroom</W><W>is</W><W>great</W><W>all</W><W>around</W><W>,</W><W>plus</W><W>the</W><W>cargo</W><W>area</W><W>is</W><W>advertised</W><W>as</W><W>the</W><W>largest</W><W>in</W><W>its</W><W>class</W><W>-</W><C><W>and</W></C><W>I</W><C><W>believe</W></C><W>it</W><W>.</W></SENTENCE><SENTENCE><W>The</W><W>cargo</W><W>area</W><W>comes</W><W>with</W><W>a</W><W>tonneau</W><W>cover</W><W>for</W><W>hiding</W><W>the</W><W>contents</W><W>;</W><W>it</W><C><cue ID="30" type="speculation"><W>seemed</W></cue></C><xcope ID="108"><ref COMMENTS="" ID="111" SRC="30"></ref><W>pretty</W><W>flimsy</W><C><W>and</W></C><W>rather</W><W>awkward</W><W>to</W><W>use</W></xcope><W>.</W></SENTENCE><SENTENCE><W>Part</W><W>of</W><W>the</W><W>reason</W><W>the</W><W>rear</W><W>sill</W><W>is</W><W>so</W><W>high</W><W>is</W><W>a</W><W>full-size</W><W>spare</W><W>mounted</W><W>beneath</W><W>the</W><W>frame</W><W>(</W><W>at</W><W>least</W><W>Nissan</W><cue ID="157" type="negation"><W>does</W><W>n&#39;t</W></cue><xcope ID="158"><ref COMMENTS="" ID="159" SRC="157"></ref><W>stick</W><W>you</W><W>with</W><W>a</W><W>rolling</W><W>donut</W></xcope><W>)</W><W>.</W></SENTENCE></P><P></P><P><SENTENCE><W>There</W><W>are</W><W>numerous</W><W>cubbyholes</W><W>-</W><W>several</W><W>of</W><C><cue ID="32" type="speculation"><W>probably</W></cue></C><xcope ID="109"><ref COMMENTS="" ID="110" SRC="32"></ref><W>useless</W><W>size</W><C><W>and</W></C><W>placement</W></xcope><W>-</W><W>on</W><W>the</W><W>insides</W><W>of</W><W>the</W><W>doors</W><C><W>and</W></C><W>around</W><W>the</W><W>console</W><W>,</W><W>plus</W><W>a</W><W>large</W><W>locking</W><W>glove</W><W>compartment</W><W>.</W></SENTENCE><SENTENCE><W>A</W><W>single</W><W>power</W><W>port</W><W>graces</W><W>the</W><W>dashboard</W><W>-</W><W>mine</W><cue ID="160" type="negation"><W>did</W><W>n&#39;t</W></cue><xcope ID="161"><ref COMMENTS="" ID="162" SRC="160"></ref><W>work</W></xcope><W>,</W><W>by</W><W>the</W><W>way</W><W>-</W><C><W>and</W></C><W>there</W><W>&#39;s</W><W>a</W><W>second</W><W>inside</W><W>a</W><W>generous</W><W>console</W><W>compartment</W><W>.</W></SENTENCE><SENTENCE><W>Two</W><W>cupholders</W><W>are</W><W>molded</W><W>into</W><W>the</W><W>console</W><W>,</W><W>their</W><W>removable</W><W>rubber</W><W>boots</W><W>make</W><W>&#39;em</W><W>large</W><W>enough</W><W>for</W><W>a</W><W>1-litre</W><W>bottle</W><W>.</W></SENTENCE><SENTENCE><W>I</W><W>wonder</W><W>,</W><W>though</W><W>,</W><W>how</W><W>many</W><W>of</W><W>the</W><W>boots</W><W>get</W><W>lost</W><W>?</W></SENTENCE></P><P></P><P><SENTENCE><W>Also</W><W>standard</W><W>on</W><W>all</W><W>models</W><W>are</W><W>power</W><W>windows</W><C><W>and</W></C><W>locks</W><W>(</W><W>another</W><W>irritant</W><W>-</W><C><cue ID="33" type="negation"><W>no</W></cue></C><xcope ID="112"><ref COMMENTS="" ID="117" SRC="33"></ref><W>keyhole</W><W>on</W><W>the</W><W>passenger</W><W>door</W></xcope><W>)</W><W>,</W><W>remote</W><W>keyless</W><W>entry</W><W>,</W><C><W>and</W></C><W>cruise</W><W>control</W><W>.</W></SENTENCE></P><P></P><P><SENTENCE><W>Overall</W></SENTENCE></P><P></P><P><SENTENCE><W>This</W><W>baby</W><W>is</W><W>in</W><C><cue ID="35" type="negation"><W>no</W></cue></C><xcope ID="113"><ref COMMENTS="" ID="115" SRC="35"></ref><W>way</W><W>intended</W><W>to</W><W>compete</W><W>with</W><W>luxury</W><W>SUVs</W><W>like</W><W>the</W><W>Lexus</W><W>/</W><W>BMW</W><W>/</W><W>Mercedes</W><W>crowd</W></xcope><W>;</W><C><cue ID="34" type="negation"><W>nor</W></cue></C><xcope ID="114"><ref COMMENTS="" ID="116" SRC="34"></ref><W>is</W><W>it</W><W>a</W><W>competitor</W><W>for</W><W>the</W><W>small-family</W><W>dollar</W><W>with</W><W>the</W><W>likes</W><W>of</W><W>the</W><W>CRV</W><W>/</W><W>RAV4</W><W>/</W><W>VUE.</W></xcope></SENTENCE><SENTENCE><W>It</W><W>&#39;s</W><W>designed</W><W>for</W><C><W>and</W></C><W>aimed</W><W>at</W><W>that</W><W>subset</W><W>of</W><W>the</W><W>market</W><W>that</W><W>actually</W><W>gets</W><W>off</W><W>the</W><W>pavement</W><W>once</W><W>in</W><W>a</W><W>while</W><W>-</W><W>as</W><W>is</W><W>abundantly</W><W>clear</W><W>from</W><W>Nissan</W><W>&#39;s</W><W>advertising</W><W>.</W></SENTENCE><SENTENCE><W>The</W><W>truck</W><W>frame</W><W>gives</W><W>the</W><W>Xterra</W><W>good</W><W>towing</W><W>capability</W><W>,</W><W>but</W><W>the</W><W>tradeoff</W><W>is</W><W>an</W><W>uncomfortable</W><W>ride</W><W>at</W><W>highway</W><W>speeds</W><W>.</W></SENTENCE><SENTENCE><W>Handling</W><W>is</W><W>good</W><W>at</W><W>lower</W><W>speeds</W><W>,</W><W>mediocre</W><W>on</W><W>the</W><W>highway</W><W>.</W></SENTENCE></P><P></P><P><SENTENCE><W>The</W><W>stock</W><W>4-cylinder</W><W>engine</W><C><W>and</W></C><W>automatic</W><W>transmission</W><W>are</W><W>a</W><W>waste</W><W>of</W><W>your</W><W>time</W><W>.</W></SENTENCE><SENTENCE><W>Given</W><W>the</W><W>weight</W><W>of</W><W>the</W><W>truck</W><W>,</W><W>it</W><W>amazes</W><W>me</W><W>that</W><W>Nissan</W><C><cue ID="36" type="speculation"><W>would</W></cue></C><xcope ID="118"><ref COMMENTS="" ID="119" SRC="36"></ref><W>even</W><W>offer</W><W>a</W><W>four</W></xcope><W>,</W><W>especially</W><W>when</W><W>competing</W><W>head-to-head</W><W>with</W><W>the</W><W>peppy</W><W>3.7L</W><W>V6</W><W>in</W><W>the</W><W>Jeep</W><W>Liberty</W><W>.</W></SENTENCE></P><P></P><P><SENTENCE><W>Nissan</W><W>as</W><W>a</W><W>company</W><W>has</W><W>a</W><W>good</W><W>reputation</W><W>for</W><W>reliability</W><W>;</W><W>in</W><W>its</W><W>third</W><W>model</W><W>year</W><xcope ID="163"><ref COMMENTS="" ID="165" SRC="37"></ref><W>the</W><W>Xterra</W><W>also</W></xcope><C><cue ID="37" type="speculation"><W>appears</W></cue></C><xcope ID="120"><ref COMMENTS="" ID="123" SRC="37"></ref><W>to</W><W>be</W><W>holding</W><W>up</W><W>well</W></xcope><W>.</W></SENTENCE><SENTENCE><W>I</W><C><cue ID="38" type="speculation"><W>should</W></cue></C><xcope ID="121"><ref COMMENTS="" ID="124" SRC="38"></ref><W>note</W><W>that</W><W>my</W><W>rental</W></xcope><W>-</W><W>which</W><W>was</W><W>delivered</W><W>with</W><W>10K</W><W>miles</W><W>on</W><W>the</W><W>clock</W><W>-</W><W>had</W><W>already</W><W>had</W><W>a</W><W>couple</W><W>of</W><W>plastic</W><W>parts</W><W>break</W><W>,</W><W>though</W><W>,</W><C><W>and</W></C><W>the</W><W>dashboard</W><W>power</W><W>port</W><W>was</W><W>on</W><W>the</W><W>fritz</W><W>.</W></SENTENCE><SENTENCE><xcope ID="166"><ref COMMENTS="" ID="167" SRC="39"></ref><W>Many</W><W>of</W><W>the</W><W>plastic</W><W>parts</W></xcope><C><cue ID="39" type="speculation"><W>seemed</W></cue></C><xcope ID="122"><ref COMMENTS="" ID="125" SRC="39"></ref><W>pretty</W><W>cheesy</W></xcope><W>.</W></SENTENCE><SENTENCE><W>Still</W><W>,</W><W>Datsun</W><W>/</W><W>Nissan</W><W>has</W><W>put</W><W>out</W><W>durable</W><W>,</W><W>long-lasting</W><W>trucks</W><W>for</W><W>decades</W><W>.</W></SENTENCE></P><P></P><P><SENTENCE><W>Recommendations</W></SENTENCE></P><P></P><P><SENTENCE><W>This</W><W>is</W><W>in</W><cue ID="168" type="negation"><C><cue ID="40" type="negation"><W>no</W></cue></C><W>way</W></cue><xcope ID="169"><ref COMMENTS="" ID="170" SRC="168"></ref><W>a</W><W>family</W><W>car</W></xcope><W>,</W><W>unless</W><W>your</W><W>family</W><W>consists</W><W>entirely</W><W>of</W><W>adolescent</W><W>males</W><W>.</W></SENTENCE><SENTENCE><W>The</W><W>washing-machine</W><W>ride</W><C><W>and</W></C><W>amenity-poor</W><W>interior</W><W>are</W><W>a</W><W>dead</W><W>giveaway</W><W>that</W><W>SUV</W><cue ID="171" type="negation"><W>is</W><W>n&#39;t</W></cue><xcope ID="172"><ref COMMENTS="" ID="173" SRC="171"></ref><W>intended</W><W>for</W><W>hauling</W><W>around</W><W>groceries</W></xcope><W>;</W><W>it</W><W>&#39;s</W><W>built</W><W>to</W><W>carry</W><W>mountain</W><W>bikes</W><C><W>and</W></C><W>snowboards</W><C><W>and</W></C><W>get</W><W>them</W><W>where</W><W>they</W><C><cue ID="42" type="speculation"><W>can</W></cue></C><xcope ID="126"><ref COMMENTS="" ID="131" SRC="42"></ref><W>be</W><W>used</W></xcope><W>.</W></SENTENCE><SENTENCE><W>You</W><C><cue ID="43" type="speculation"><W>can</W></cue></C><xcope ID="127"><ref COMMENTS="" ID="130" SRC="43"></ref><W>get</W><W>into</W><W>a</W><W>base-level</W><W>model</W><W>Xterra</W><W>on</W><W>the</W><W>cheap</W></xcope><W>,</W><W>though</W><W>getting</W><W>4WD</W><C><W>and</W></C><W>enough</W><W>power</W><W>to</W><W>get</W><W>out</W><W>of</W><W>your</W><W>own</W><W>way</W><W>requires</W><W>significantly</W><W>more</W><W>outlay</W><W>of</W><W>cash</W><W>.</W></SENTENCE></P><P></P><P><SENTENCE><W>For</W><W>the</W><W>class</W><W>of</W><W>cars</W><W>it</W><W>represents</W><W>,</W><W>the</W><W>stock</W><W>4WD</W><W>is</W><W>at</W><W>best</W><W>average</W><W>.</W></SENTENCE><SENTENCE><W>That</W><W>gutless</W><W>four-cylinder</W><W>engine</W><C><W>and</W></C><W>automatic</W><W>transmission</W><W>pairing</W><W>are</W><W>downers</W><W>,</W><W>particularly</W><W>given</W><W>the</W><W>unimpressive</W><W>gas</W><W>mileage</W><W>for</W><W>the</W><W>four</W><W>.</W></SENTENCE><SENTENCE><W>Upgrading</W><W>to</W><W>the</W><W>stock</W><W>V6</W><W>is</W><C><cue ID="44" type="speculation"><W>apparently</W></cue></C><xcope ID="128"><ref COMMENTS="" ID="129" SRC="44"></ref><W>marginally</W><W>better</W></xcope><W>,</W><W>though</W><W>reviewers</W><W>are</W><W>waxing</W><W>rapturous</W><W>over</W><W>the</W><C><W>potential</W></C><W>of</W><W>the</W><W>V6</W><W>turbo</W><W>.</W></SENTENCE></P><P></P><P><SENTENCE><W>The</W><W>ride</W><W>is</W><W>awful</W><W>,</W><W>but</W><W>that</W><W>&#39;s</W><W>the</W><W>hallmark</W><W>of</W><W>a</W><W>truck-based</W><W>SUV.</W></SENTENCE><SENTENCE><W>You</W><W>buy</W><W>these</W><W>things</W><W>&#39;cause</W><W>you</W><W>want</W><W>to</W><W>get</W><W>off</W><W>the</W><W>beaten</W><W>path</W><W>,</W><C><cue ID="45" type="negation"><W>not</W></cue></C><xcope ID="134"><ref COMMENTS="" ID="140" SRC="45"></ref><W>because</W><W>you</W><W>need</W><W>something</W><W>&#34;</W><W>classy</W></xcope><W>&#34;</W><W>to</W><W>drive</W><W>to</W><W>opening</W><W>night</W><W>at</W><W>the</W><W>Met</W><W>.</W></SENTENCE><SENTENCE><W>It</W><W>&#39;s</W><W>better</W><W>suited</W><W>to</W><W>hauling</W><W>-</W><C><cue ID="47" type="speculation"><W>either</W></cue></C><xcope ID="133"><ref COMMENTS="" ID="139" SRC="47"></ref><W>in</W><W>the</W><W>cargo</W><W>bay</W></xcope><C><cue ID="46" type="speculation"><W>or</W></cue></C><xcope ID="132"><ref COMMENTS="" ID="137" SRC="46"></ref><W>on</W><W>a</W><W>trailer</W></xcope><W>-</W><W>than</W><W>it</W><W>is</W><W>to</W><W>elegance</W><W>.</W></SENTENCE></P><P></P><P><SENTENCE><W>Based</W><W>on</W><W>my</W><W>driving</W><W>experience</W><C><W>and</W></C><W>the</W><C><W>potential</W></C><W>of</W><W>the</W><W>V6</W><W>,</W><W>I</W><W>rate</W><W>the</W><W>Xterra</W><W>a</W><W>provisional</W><W>four</W><W>stars</W><W>.</W></SENTENCE><SENTENCE><W>Be</W><W>forewarned</W><W>,</W><W>though</W><W>,</W><W>that</W><W>your</W><W>driving</W><W>experience</W><C><cue ID="48" type="speculation"><W>can</W></cue></C><xcope ID="135"><ref COMMENTS="" ID="136" SRC="48"></ref><W>be</W><W>diminished</W><W>by</W><W>that</W><W>doggy</W><W>four-cylinder</W><W>engine</W></xcope><W>,</W><W>so</W><W>the</W><W>four-cylinder</W><W>version</W><W>only</W><W>gets</W><W>three</W><W>.</W></SENTENCE><SENTENCE><W>Fair</W><W>enough</W><W>?</W></SENTENCE></P></DOCUMENT>
