<?xml version="1.0" encoding="UTF-8"?>
<DOCUMENT><P></P><P><SENTENCE><W>I</W><W>have</W><W>driven</W><W>just</W><W>about</W><W>every</W><W>sports</W><W>car</W><W>that</W><W>is</W><W>out</W><W>there</W><W>-</W><W>from</W><W>a</W><W>Porsche</W><W>911</W><W>,</W><W>BMW</W><W>540i</W><W>,</W><W>Jaguar</W><W>S-Type</W><C><W>and</W></C><W>even</W><W>the</W><W>Subaru</W><W>WRX</W><W>.</W></SENTENCE><SENTENCE><W>There</W><W>is</W><W>something</W><W>about</W><W>the</W><W>driving</W><W>experience</W><W>of</W><W>this</W><W>Acura</W><W>that</W><W>is</W><W>special</W><W>.</W></SENTENCE><SENTENCE><W>While</W><W>its</W><W>true</W><W>that</W><W>it</W><W>is</W><C><cue ID="0" type="negation"><W>not</W></cue></C><xcope ID="12"><xcope ID="10"><ref COMMENTS="" ID="35" SRC="0"></ref><W>the</W><W>best</W><W>handling</W></xcope><C><cue ID="1" type="speculation"><W>or</W></cue></C><xcope ID="11"><ref COMMENTS="" ID="33" SRC="1"></ref><W>fastest</W><W>car</W><W>on</W><W>the</W><W>planet</W></xcope></xcope><W>...</W><W>this</W><W>is</W><W>one</W><W>of</W><W>the</W><W>very</W><W>few</W><W>cars</W><W>that</W><W>will</W><W>give</W><W>you</W><W>performance</W><W>with</W><W>the</W><xcope ID="15"><ref COMMENTS="" ID="32" SRC="2"></ref><W>reliability</W><W>issues</W><W>of</W><W>the</W><W>german</W><W>cars</W></xcope><C><cue ID="2" type="speculation"><W>or</W></cue></C><xcope ID="14"><ref COMMENTS="" ID="31" SRC="2"></ref><W>the</W><W>spartan</W><W>comfort</W><W>of</W><W>the</W><W>WRX</W></xcope><W>.</W></SENTENCE></P><P></P><P><SENTENCE><W>The</W><W>exterior</W><W>styling</W><W>is</W><C><cue ID="3" type="negation"><W>not</W></cue></C><xcope ID="17"><ref COMMENTS="" ID="30" SRC="3"></ref><W>offensive</W><W>but</W><C><cue ID="4" type="speculation"><W>can</W></cue></C><xcope ID="16"><ref COMMENTS="" ID="29" SRC="4"></ref><W>look</W><W>odd</W><W>from</W><W>some</W><W>angles</W></xcope></xcope><W>.</W></SENTENCE><SENTENCE><W>From</W><W>the</W><W>side</W><W>the</W><W>TLS</W><W>looks</W><W>gorgeous</W><W>,</W><W>from</W><W>the</W><W>back</W><W>it</W><W>is</W><W>quite</W><W>boring</W><C><W>and</W></C><W>from</W><W>the</W><W>front</W><W>it</W><C><cue ID="7" type="speculation"><W>may</W></cue></C><xcope ID="18"><ref COMMENTS="" ID="28" SRC="7"></ref><W>be</W><W>wierd</W><W>looking</W></xcope><W>.</W></SENTENCE><SENTENCE><W>Someone</W><W>mentioned</W><W>a</W><W>corolla...</W></SENTENCE><SENTENCE><W>I</W><W>kind</W><W>of</W><W>see</W><W>the</W><W>resemblence</W><W>of</W><W>the</W><W>high</W><W>beam</W><W>curve</W><W>outs</W><W>a</W><W>little</W><W>.</W></SENTENCE><SENTENCE><W>Anyways</W><W>,</W><W>I</W><C><cue ID="5" type="speculation"><W>think</W></cue></C><xcope ID="21"><ref COMMENTS="" ID="27" SRC="5"></ref><W>it</W><C><cue ID="6" type="speculation"><W>should</W></cue></C><xcope ID="20"><ref COMMENTS="" ID="26" SRC="6"></ref><W>be</W><W>improved</W></xcope></xcope><W>.</W></SENTENCE><SENTENCE><C><cue ID="8" type="speculation"><W>If</W></cue></C><xcope ID="23"><ref COMMENTS="" ID="25" SRC="8"></ref><W>we</W><W>look</W><W>at</W><W>the</W><W>RL</W><W>,</W><W>NSX</W><C><W>and</W></C><W>RSX</W></xcope><W>we</W><C><cue ID="9" type="speculation"><W>should</W></cue></C><xcope ID="19"><ref COMMENTS="" ID="24" SRC="9"></ref><W>see</W><W>that</W><W>the</W><W>Acura</W><W>has</W><W>largely</W><W>ignored</W><W>the</W><W>TL</W><W>as</W><W>far</W><W>as</W><W>styling</W><W>goes</W></xcope><W>.</W></SENTENCE></P><P></P><P><SENTENCE><W>The</W><W>interior</W><W>is</W><W>another</W><W>picture</W><W>.</W></SENTENCE><SENTENCE><W>I</W><W>too</W><W>absolutely</W><W>love</W><W>the</W><W>interior</W><W>dash</W><W>.</W></SENTENCE><SENTENCE><W>Ergonomics</W><W>are</W><W>top-rate</W><W>.</W></SENTENCE><SENTENCE><W>I</W><C><cue ID="36" type="speculation"><W>would</W></cue></C><xcope ID="48"><ref COMMENTS="" ID="49" SRC="36"></ref><W>preferred</W><W>real</W><W>wood</W></xcope><W>but</W><W>the</W><W>existing</W><W>plastic</W><W>wood</W><W>does</W><C><cue ID="37" type="negation"><W>not</W></cue></C><xcope ID="47"><ref COMMENTS="" ID="50" SRC="37"></ref><W>look</W><W>as</W><W>bad</W><W>as</W><W>some</W><W>make</W><W>it</W><W>out</W><W>to</W><W>be</W></xcope><W>.</W></SENTENCE><SENTENCE><W>The</W><W>white</W><W>faced</W><W>guages</W><W>are</W><W>just</W><W>lovely</W><C><W>and</W></C><W>&#34;reverse</W><W>illumuinate</W><W>&#34;</W><W>at</W><W>night</W><W>.</W></SENTENCE><SENTENCE><W>The</W><W>dash</W><W>has</W><W>external</W><W>temperature</W><W>readout</W><W>,</W><W>trip</W><W>A</W><W>,</W><W>trip</W><W>B</W><W>,</W><W>ODO</W><W>in</W><W>digital</W><W>format</W><C><W>and</W></C><W>various</W><W>other</W><W>indicators</W><W>for</W><W>VSA</W><W>(</W><W>Vehicle</W><W>Stability</W><W>Assist</W><W>)</W><W>,</W><W>Cruise</W><W>etc</W><W>.</W><W>etc</W><W>.</W></SENTENCE><SENTENCE><W>There</W><W>is</W><W>also</W><W>the</W><W>Sequential</W><W>Sportshift</W><W>gear</W><W>readout</W><W>which</W><W>tells</W><W>you</W><W>which</W><W>gear</W><W>#</W><W>the</W><W>Sportshift</W><W>is</W><W>currently</W><W>in</W><W>.</W></SENTENCE></P><P></P><P><SENTENCE><W>The</W><W>SportShift</W><W>feature</W><W>is</W><C><cue ID="38" type="negation"><W>without</W></cue></C><xcope ID="46"><ref COMMENTS="" ID="51" SRC="38"></ref><W>argument</W><W>the</W><W>best</W><W>out</W><W>there</W></xcope><W>.</W></SENTENCE><SENTENCE><W>It</W><W>surely</W><W>beats</W><W>anything</W><W>offered</W><W>by</W><W>BMW,</W><xcope ID="45"><ref COMMENTS="" ID="52" SRC="39"></ref><W>Porsche</W></xcope><C><cue ID="39" type="speculation"><W>or</W></cue></C><xcope ID="44"><ref COMMENTS="" ID="53" SRC="39"></ref><W>Audi</W></xcope><W>.</W></SENTENCE><SENTENCE><W>Acura</W><W>has</W><W>done</W><W>a</W><W>great</W><W>job</W><W>here</W><W>.</W></SENTENCE><SENTENCE><W>Engine</W><W>response</W><W>with</W><W>the</W><W>SportShift</W><W>feels</W><W>quite</W><W>close</W><W>to</W><W>a</W><W>manual</W><W>...but</W><W>of</W><W>course</W><W>it</W><C><cue ID="41" type="speculation"><W>can</W></cue></C><xcope ID="43"><ref COMMENTS="" ID="55" SRC="41"></ref><C><cue ID="40" type="negation"><W>never</W></cue></C><xcope ID="42"><ref COMMENTS="" ID="54" SRC="40"></ref><W>be</W><W>as</W><W>good</W><W>as</W><W>the</W><W>real</W><W>thing</W></xcope></xcope><W>.</W></SENTENCE></P><P></P><P><SENTENCE><W>Since</W><W>this</W><W>car</W><W>is</W><W>a</W><W>front</W><W>wheel</W><W>drive</W><W>it</W><W>suffers</W><W>from</W><W>some</W><W>handling</W><W>problems</W><W>like</W><W>oversteer</W><W>.</W></SENTENCE><SENTENCE><W>Launch</W><W>spin</W><W>as</W><W>someone</W><W>mentioned</W><W>is</W><W>also</W><W>a</W><W>problem</W><W>.</W></SENTENCE><SENTENCE><W>But</W><W>then</W><W>again</W><W>,</W><W>this</W><W>car</W><W>is</W><C><cue ID="56" type="negation"><W>not</W></cue></C><xcope ID="63"><ref COMMENTS="" ID="64" SRC="56"></ref><W>exactly</W><W>a</W><W>$</W><W>100,000</W><W>Porsche</W><W>911</W></xcope><W>.</W></SENTENCE><SENTENCE><W>RWD</W><W>is</W><W>expensive</W><W>to</W><W>manufacture</W><W>,</W><W>at</W><W>the</W><W>TLs</W><W>price</W><W>I</W><C><cue ID="57" type="speculation"><W>think</W></cue></C><xcope ID="62"><ref COMMENTS="" ID="67" SRC="57"></ref><W>they</W><C><cue ID="58" type="speculation"><W>would</W></cue></C><xcope ID="61"><ref COMMENTS="" ID="66" SRC="58"></ref><W>have</W><W>to</W><W>remove</W><W>a</W><W>large</W><W>chunk</W><W>of</W><W>standard</W><W>equipment</W><C><cue ID="59" type="speculation"><W>if</W></cue></C><xcope ID="60"><ref COMMENTS="" ID="65" SRC="59"></ref><W>they</W><W>made</W><W>it</W><W>RWD.</W></xcope></xcope></xcope></SENTENCE></P><P></P><P><SENTENCE><W>The</W><W>HIDs</W><W>are</W><W>standard</W><W>on</W><W>this</W><W>vehicle</W><W>.</W></SENTENCE><SENTENCE><W>HIDs</W><W>are</W><W>currently</W><W>very</W><W>expensive</W><C><W>and</W></C><C><cue ID="68" type="negation"><W>not</W></cue></C><xcope ID="75"><ref COMMENTS="" ID="76" SRC="68"></ref><W>even</W><W>found</W><W>standard</W><W>on</W><W>a</W><W>high</W><W>end</W><W>Mercedes</W></xcope><C><W>or</W></C><W>BMW,</W><W>yet</W><W>Acura</W><W>offers</W><W>them</W><W>standard</W><W>.</W></SENTENCE><SENTENCE><W>They</W><W>cost</W><W>somewhere</W><W>between</W><W>$</W><W>500-$</W><W>700</W><W>itself</W><W>!</W><W>!</W></SENTENCE><SENTENCE><W>These</W><W>lights</W><W>illuminate</W><W>the</W><W>road</W><W>almost</W><W>like</W><W>its</W><W>daylight</W><W>!</W></SENTENCE><SENTENCE><W>The</W><W>light</W><W>uses</W><W>a</W><W>Xenon</W><W>gas</W><W>chamber</W><W>which</W><W>is</W><W>ignited</W><W>with</W><W>an</W><W>electrical</W><W>arc</W><W>.</W></SENTENCE><SENTENCE><W>This</W><W>is</W><C><cue ID="69" type="negation"><W>not</W></cue></C><xcope ID="74"><ref COMMENTS="" ID="77" SRC="69"></ref><W>just</W><W>some</W><W>blue</W><W>paper</W><W>over</W><W>a</W><W>regular</W><W>halogen</W><W>bulb</W></xcope><W>.</W></SENTENCE><SENTENCE><W>The</W><W>&#34;firing</W><W>&#34;</W><W>of</W><W>this</W><W>chamber</W><W>requires</W><W>an</W><W>expensive</W><W>device</W><W>called</W><W>a</W><W>Ballast</W><W>.</W></SENTENCE><SENTENCE><W>The</W><W>beam</W><W>also</W><W>needs</W><W>focusing</W><W>which</W><W>requires</W><W>more</W><W>electronic</W><W>circuits</W><W>.</W></SENTENCE><SENTENCE><W>When</W><W>you</W><W>first</W><W>turn</W><W>these</W><W>lights</W><W>on</W><W>you</W><C><cue ID="70" type="speculation"><W>can</W></cue></C><xcope ID="73"><ref COMMENTS="" ID="78" SRC="70"></ref><W>see</W><W>the</W><W>light</W><W>being</W><W>focused</W></xcope><W>...it</W><W>is</W><W>amazing</W><W>!</W></SENTENCE><SENTENCE><C><W>And</W></C><W>the</W><W>blush-white</W><W>rays</W><W>look</W><W>cool</W><W>too</W><W>:-)</W><W>Although</W><W>the</W><W>Acura</W><W>version</W><W>does</W><C><cue ID="71" type="negation"><W>not</W></cue></C><xcope ID="72"><ref COMMENTS="" ID="79" SRC="71"></ref><W>have</W></xcope><W>&#34;</W><W>Dynamic</W><W>Auto</W><W>Levelling</W><W>&#34;</W><W>which</W><W>is</W><W>an</W><W>even</W><W>more</W><W>complicated</W><W>headlight</W><W>which</W><W>is</W><W>optional</W><W>on</W><W>Lexus</W><W>,</W><W>BMW,</W><W>Mercedes</W><W>etc</W><W>.</W></SENTENCE></P><P></P><P><SENTENCE><W>The</W><W>space</W><W>inside</W><W>the</W><W>car</W><W>is</W><W>roomy</W><W>for</W><W>4</W><W>adults</W><W>.</W></SENTENCE><SENTENCE><W>5</W><C><cue ID="80" type="speculation"><W>could</W></cue></C><xcope ID="90"><ref COMMENTS="" ID="91" SRC="80"></ref><W>sit</W><W>for</W><W>short</W><W>distances</W></xcope><W>.</W></SENTENCE><SENTENCE><W>The</W><W>trunk</W><W>is</W><W>HUMONGOUS</W><W>!</W></SENTENCE><SENTENCE><W>This</W><W>car</W><W>is</W><W>LONG</W><W>!</W></SENTENCE><SENTENCE><W>The</W><W>tires</W><W>need</W><W>to</W><W>be</W><W>wider</W><W>for</W><W>the</W><W>performance</W><W>of</W><W>this</W><W>vehicle</W><W>.</W></SENTENCE></P><P></P><P><SENTENCE><W>Basically</W><W>I</W><W>found</W><W>this</W><W>vehicle</W><W>to</W><W>be</W><W>very</W><W>desirable</W><C><W>and</W></C><W>offering</W><W>a</W><W>lot</W><W>for</W><W>the</W><W>dollar</W><W>.</W></SENTENCE><SENTENCE><C><cue ID="81" type="speculation"><W>If</W></cue></C><xcope ID="89"><ref COMMENTS="" ID="98" SRC="81"></ref><W>you</W><W>have</W><W>money</W><W>to</W><W>burn</W><W>you</W><C><cue ID="82" type="speculation"><cue ID="83" type="speculation"><W>may</W></cue></cue></C><xcope ID="88"><ref COMMENTS="" ID="97" SRC="83"></ref><W>want</W><W>to</W><W>buy</W><W>a</W><xcope ID="87"><ref COMMENTS="" ID="96" SRC="93"></ref><W>Lexus</W><W>GS430</W></xcope><C><cue ID="93" type="speculation"><W>or</W></cue></C><xcope ID="86"><ref COMMENTS="" ID="95" SRC="93"></ref><W>540i</W></xcope></xcope></xcope><W>...</W><W>but</W><W>for</W><W>those</W><W>that</W><W>want</W><W>to</W><W>use</W><W>their</W><W>dollars</W><W>wisely</W><W>I</W><C><cue ID="84" type="speculation"><W>would</W></cue></C><xcope ID="85"><ref COMMENTS="" ID="99" SRC="84"></ref><W>highly</W><W>recommend</W><W>the</W><W>TLS.</W></xcope></SENTENCE></P></DOCUMENT>
