<?xml version="1.0" encoding="UTF-8"?>
<DOCUMENT><P></P><P><SENTENCE><W>After</W><W>my</W><W>SAAB</W><W>story</W><W>with</W><W>the</W><W>9-5SE</W><W>(</W><W>please</W><W>see</W><W>that</W><W>review</W><W>for</W><W>all</W><W>the</W><W>gory</W><W>details</W><W>)</W><W>I</W><W>decided</W><W>to</W><W>return</W><W>to</W><W>the</W><W>warm</W><W>bosom</W><W>of</W><W>reliability</W><C><W>and</W></C><W>high</W><W>resale</W><W>value</W><W>of</W><W>Japanese-made</W><W>automobiles</W><W>.</W></SENTENCE></P><P></P><P><SENTENCE><W>Just</W><W>to</W><W>rule</W><W>out</W><W>alternatives</W><W>,</W><W>I</W><W>drove</W><W>15</W><W>cars</W><W>in</W><W>total</W><W>.</W></SENTENCE><SENTENCE><C><cue ID="0" type="speculation"><W>If</W></cue></C><xcope ID="30"><ref COMMENTS="" ID="57" SRC="0"></ref><W>you</W><W>are</W><W>only</W><W>interested</W><W>in</W><W>the</W><W>TL</W></xcope><W>,</W><W>you</W><C><cue ID="1" type="speculation"><W>can</W></cue></C><xcope ID="29"><ref COMMENTS="" ID="58" SRC="1"></ref><W>scroll</W><W>down</W><W>to</W><W>see</W><W>the</W><W>TL</W><W>review</W></xcope><W>.</W></SENTENCE></P><P></P><P><SENTENCE><W>The</W><W>Mercedes</W><W>C320</W><W>(</W><W>a</W><W>disappointment</W><W>,</W><W>terrible</W><W>ride</W><W>)</W><W>Volvo</W><W>T6</W><W>(</W><W>very</W><W>nice</W><W>car</W><W>,</W><W>but</W><W>still</W><W>too</W><W>skittish</W><W>for</W><W>a</W><W>Swedish</W><W>make</W><W>)</W></SENTENCE></P><P></P><P><SENTENCE><W>Audi</W><W>S4</W><W>(</W><W>awesome</W><W>car</W><W>,</W><W>but</W><W>questionable</W><W>reliability</W><W>)</W></SENTENCE></P><P></P><P><SENTENCE><W>Three</W><W>Lexus</W><W>models</W><W>(</W><W>RX300-did</W><W>n&#39;t</W><W>want</W><W>SUV,</W><W>IS-300</W><W>,</W><W>cool</W><W>car</W><W>but</W><C><cue ID="2" type="negation"><W>no</W></cue></C><xcope ID="31"><ref COMMENTS="" ID="59" SRC="2"></ref><W>leather</W><W>option</W></xcope><C><W>and</W></C><W>did</W><W>n&#39;t</W><W>want</W><W>RWD</W><W>,</W><C><W>and</W></C><W>the</W><W>GS300</W><W>,</W><W>which</W><W>is</W><W>a</W><W>really</W><W>nice</W><W>car</W><W>,</W><W>but</W><W>glove</W><W>compartment-mounted</W><W>CD</W><W>player</W><W>ruled</W><W>it</W><W>out</W><W>)</W></SENTENCE></P><P></P><P><SENTENCE><W>Toyota</W><W>Camry</W><W>,</W><W>a</W><W>disappointment</W><W>,</W><C><cue ID="3" type="speculation"><W>would</W></cue></C><xcope ID="32"><ref COMMENTS="" ID="60" SRC="3"></ref><W>like</W><W>to</W><W>see</W><W>a</W><W>sports</W><W>version</W></xcope><W>(</W><W>I</W><W>&#39;m</W><W>glad</W><W>to</W><W>see</W><W>they</W><W>finally</W><W>updated</W><W>it</W><W>,</W><W>it</W><W>was</W><W>overdue</W><W>)</W></SENTENCE></P><P></P><P><SENTENCE><W>BMW</W><W>330xi</W><W>was</W><W>nice</W><W>but</W><W>way</W><W>too</W><W>cramped</W><C><W>and</W></C><W>questionable</W><W>reliaiblity</W><W>.</W></SENTENCE></P><P></P><P><SENTENCE><W>Mazda</W><W>Millenia</W><W>was</W><W>also</W><W>nice</W><W>,</W><W>but</W><W>was</W><C><W>missing</W></C><W>key</W><W>features</W><C><W>and</W></C><W>had</W><C><cue ID="5" type="negation"><W>no</W></cue></C><xcope ID="33"><ref COMMENTS="" ID="61" SRC="5"></ref><W>significant</W><W>cost</W><W>advantage</W></xcope></SENTENCE></P><P></P><P><SENTENCE><W>VW</W><W>Passat</W><W>,</W><W>which</W><W>I</W><W>was</W><W>very</W><W>impressed</W><W>with</W><W>,</W><W>but</W><W>again</W><W>questionable</W><W>reliability</W><W>.</W></SENTENCE></P><P></P><P><SENTENCE><W>Maxima</W><W>20th</W><W>anniversary</W><W>edition</W><W>,</W><W>an</W><W>awesome</W><W>car</W><W>with</W><C><cue ID="6" type="speculation"><W>perhaps</W></cue></C><xcope ID="35"><ref COMMENTS="" ID="62" SRC="6"></ref><W>the</W><W>best</W><W>V6</W><W>engine</W><W>ever</W><W>made</W></xcope><W>,</W><W>with</W><W>a</W><W>long</W><W>history</W><W>,</W><W>but</W><W>it</W><W>had</W><C><cue ID="7" type="negation"><W>no</W></cue></C><xcope ID="34"><ref COMMENTS="" ID="63" SRC="7"></ref><W>cost</W><W>advantage</W><W>over</W><W>the</W><W>Infiniti</W><W>I30</W></xcope><W>,</W><W>which</W><W>was</W><W>the</W><W>car</W><W>that</W><W>gave</W><W>the</W><W>TL</W><W>a</W><W>run</W><W>for</W><W>the</W><W>money</W><W>,</W><W>but</W><W>the</W><W>TL</W><W>won</W><W>out</W><W>with</W><W>more</W><W>powerful</W><W>engine</W><W>,</W><W>higher</W><W>resale</W><C><W>and</W></C><W>lower</W><W>insurance</W><W>costs</W><W>.</W></SENTENCE></P><P></P><P><SENTENCE><W>I</W><W>took</W><W>delivery</W><W>in</W><W>March</W><W>,</W><W>of</W><W>one</W><W>of</W><W>the</W><W>very</W><W>first</W><W>TL-S&#39;</W><W>available</W><W>.</W></SENTENCE><SENTENCE><W>The</W><W>TL-S</W><W>is</W><W>an</W><W>incredibly</W><W>FAST</W><W>car</W><W>.</W></SENTENCE><SENTENCE><W>I</W><W>&#39;ve</W><W>seen</W><W>0-60</W><W>numbers</W><W>in</W><W>the</W><W>6.2-6.3</W><W>second</W><W>range</W><W>,</W><C><W>and</W></C><W>I</W><W>have</W><C><cue ID="8" type="negation"><W>no</W></cue></C><xcope ID="36"><ref COMMENTS="" ID="64" SRC="8"></ref><W>trouble</W><W>believing</W><W>it</W></xcope><W>.</W></SENTENCE><SENTENCE><W>When</W><W>I</W><W>press</W><W>the</W><W>accelerator</W><W>,</W><W>the</W><W>260</W><W>horses</W><W>are</W><W>ready</W><W>to</W><W>run</W><W>.</W></SENTENCE><SENTENCE><W>It</W><W>&#39;s</W><W>great</W><W>for</W><W>evasive</W><W>maneuvering</W><W>,</W><W>which</W><W>I</W><W>&#39;ve</W><W>had</W><W>to</W><W>use</W><W>twice</W><W>.</W></SENTENCE><SENTENCE><W>Once</W><W>was</W><W>literally</W><W>ten</W><W>minutes</W><W>after</W><W>I</W><W>picked</W><W>up</W><W>the</W><W>car</W><W>,</W><W>when</W><W>an</W><W>adjacent</W><W>car</W><W>literally</W><W>crashed</W><W>into</W><W>the</W><W>car</W><W>in</W><W>front</W><W>of</W><W>him</W><W>,</W><W>while</W><W>gawking</W><W>at</W><W>my</W><W>new</W><W>TL.</W></SENTENCE><SENTENCE><W>I</W><W>swear</W><W>this</W><W>is</W><W>a</W><W>true</W><W>story</W><W>.</W></SENTENCE><SENTENCE><W>I</W><W>almost</W><W>had</W><W>a</W><W>heart</W><W>attack</W><W>.</W></SENTENCE><SENTENCE><W>Luckily</W><W>,</W><C><cue ID="9" type="negation"><W>none</W></cue></C><xcope ID="37"><ref COMMENTS="" ID="65" SRC="9"></ref><W>of</W><W>the</W><W>flying</W><W>debris</W><W>hit</W><W>me</W></xcope><W>.</W></SENTENCE></P><P></P><P><SENTENCE><W>As</W><W>with</W><W>most</W><W>Japanese</W><W>makes</W><W>,</W><W>the</W><W>fit</W><C><W>and</W></C><W>finish</W><W>were</W><W>almost</W><W>flawless</W><W>on</W><W>delivery</W><W>.</W></SENTENCE><SENTENCE><W>There</W><W>is</W><W>one</W><W>small</W><W>flaw</W><W>in</W><W>the</W><W>paint</W><W>,</W><W>a</W><W>bubble</W><W>on</W><W>the</W><W>front</W><W>fender</W><W>,</W><W>less</W><W>than</W><W>the</W><W>size</W><W>of</W><W>a</W><W>pinhead</W><W>.</W></SENTENCE></P><P></P><P><SENTENCE><W>So</W><W>far</W><W>I</W><W>&#39;ve</W><W>found</W><C><cue ID="10" type="negation"><W>no</W></cue></C><xcope ID="38"><ref COMMENTS="" ID="66" SRC="10"></ref><W>other</W><W>flaws</W><W>in</W><W>the</W><W>car</W></xcope><W>.</W></SENTENCE></P><P></P><P><SENTENCE><W>The</W><W>minor</W><W>cosmetic</W><W>differences</W><W>in</W><W>the</W><W>&#39;02</W><W>go</W><W>a</W><W>long</W><W>way</W><W>in</W><W>improving</W><W>the</W><W>looks</W><W>of</W><W>the</W><W>car</W><W>,</W><W>which</W><W>many</W><W>consider</W><W>bland</W><W>.</W></SENTENCE><SENTENCE><W>These</W><W>changes</W><W>include</W><W>a</W><W>reshaped</W><W>headlight</W><W>cluster</W><W>,</W><W>integrated</W><W>fog</W><W>lights</W><W>(</W><W>long</W><W>overdue</W><W>)</W><W>,</W><W>clear</W><W>reverse</W><W>light</W><W>lenses</W><C><W>and</W></C><W>a</W><W>larger</W><W>,</W><W>toothier</W><W>grille</W><W>.</W></SENTENCE></P><P></P><P><SENTENCE><W>I</W><W>chose</W><W>the</W><W>silver</W><W>exterior</W><W>,</W><W>with</W><W>dark</W><W>ebony</W><W>interior</W><W>.</W></SENTENCE><SENTENCE><W>The</W><W>fake</W><W>wood</W><W>for</W><W>this</W><W>exterior</W><W>color</W><W>option</W><W>is</W><W>black</W><W>only</W><W>,</W><W>which</W><W>looks</W><W>better</W><W>in</W><W>my</W><W>opinion</W><W>than</W><W>the</W><W>tan</W><W>with</W><W>brown</W><W>wood</W><W>,</W><W>which</W><W>is</W><W>obviously</W><W>fake</W><W>.</W></SENTENCE><SENTENCE><W>I</W><W>know</W><W>the</W><W>black</W><W>wood</W><W>is</W><W>also</W><W>fake</W><W>,</W><W>but</W><W>somehow</W><W>I</W><C><cue ID="11" type="speculation"><W>think</W></cue></C><xcope ID="39"><ref COMMENTS="" ID="67" SRC="11"></ref><W>it</W><W>&#39;s</W><W>better</W><W>looking</W><W>than</W><W>the</W><W>fake</W><W>brown</W><W>wood</W></xcope><W>.</W></SENTENCE></P><P></P><P><SENTENCE><W>Another</W><W>advantage</W><W>to</W><W>the</W><W>TL</W><W>is</W><W>the</W><W>flat</W><W>pricing</W><W>structure</W><W>.</W></SENTENCE><SENTENCE><W>You</W><W>get</W><W>a</W><W>lot</W><W>of</W><W>&#34;bang</W><W>for</W><W>the</W><W>buck</W><W>&#34;</W><W>with</W><W>the</W><W>TL.</W></SENTENCE><SENTENCE><W>Just</W><W>compare</W><W>it</W><W>to</W><W>any</W><W>of</W><W>the</W><W>cars</W><W>I</W><W>mentioned</W><W>above</W><C><W>and</W></C><W>you</W><W>will</W><W>find</W><W>it</W><W>&#39;s</W><W>extremely</W><W>well</W><W>equipped</W><W>.</W></SENTENCE><SENTENCE><W>Basically</W><W>the</W><W>only</W><W>option</W><W>for</W><W>this</W><W>car</W><W>is</W><W>the</W><W>navigational</W><W>system</W><W>,</W><W>which</W><W>I</W><C><cue ID="12" type="speculation"><W>could</W></cue></C><xcope ID="41"><ref COMMENTS="" ID="69" SRC="12"></ref><C><cue ID="13" type="negation"><W>not</W></cue></C><xcope ID="40"><ref COMMENTS="" ID="68" SRC="13"></ref><W>justify</W><W>paying</W><W>$</W><W>2000</W><W>for</W></xcope></xcope><W>.</W></SENTENCE><SENTENCE><W>Some</W><W>of</W><W>the</W><W>key</W><W>features</W><W>include</W><W>:</W></SENTENCE></P><P></P><P><SENTENCE><W>-3.2</W><W>liter</W><W>aluminum</W><W>alloy</W><W>24-valve</W><W>SOHC</W><W>V-6</W></SENTENCE></P><P></P><P><SENTENCE><W>-260</W><W>hp</W><W>(</W><W>Type-S)</W><W>,</W><W>225hp</W><W>for</W><W>the</W><W>TL</W></SENTENCE></P><P></P><P><SENTENCE><W>-VTEC</W><W>technology</W></SENTENCE></P><P></P><P><SENTENCE><W>-Programmed</W><W>fuel</W><W>injection</W></SENTENCE></P><P></P><P><SENTENCE><W>-5-speed</W><W>sequential</W><W>SportShift</W><W>Automatic</W><W>Transmission</W><W>(</W><W>I</W><W>find</W><W>the</W><W>sport</W><W>shift</W><W>a</W><W>little</W><W>awkward</W><W>with</W><C><W>no</W></C><W>clutch</W><W>)</W></SENTENCE></P><P></P><P><SENTENCE><W>-Vehicle</W><W>Stability</W><W>Assist</W></SENTENCE></P><P></P><P><SENTENCE><W>-4-wheel</W><W>independent</W><W>Double</W><W>Wishbone</W><W>suspension</W></SENTENCE></P><P></P><P><SENTENCE><W>-4-wheel</W><W>disc</W><W>brakes</W><C><W>and</W></C><W>ABS</W></SENTENCE></P><P></P><P><SENTENCE><W>-Dual</W><W>stage</W><W>front</W><W>air</W><W>bags</W><W>plus</W><W>side</W><W>airbags</W></SENTENCE></P><P></P><P><SENTENCE><W>-Automatic</W><W>climate</W><W>control</W><W>system</W></SENTENCE></P><P></P><P><SENTENCE><W>-Heated</W><W>front</W><W>seats</W><W>with</W><W>8-way</W><W>power</W><W>driver</W><W>seat</W></SENTENCE></P><P></P><P><SENTENCE><W>-LEV</W><W>emission</W><W>rating</W><W>(</W><W>ULEV</W><W>for</W><W>the</W><W>TL</W><W>)</W></SENTENCE></P><P></P><P><SENTENCE><W>-self-dimming</W><W>rearview</W><W>mirror</W><W>(</W><W>the</W><W>greatest</W><W>invention</W><W>ever</W><W>)</W></SENTENCE></P><P></P><P><SENTENCE><W>-auto-tilting</W><W>right</W><W>passenger</W><W>mirror</W><W>when</W><W>the</W><W>car</W><W>is</W><W>put</W><W>in</W><W>reverse</W><W>.</W></SENTENCE><SENTENCE><W>(</W><W>excellent</W><W>for</W><W>parallel</W><W>parking</W><W>)</W></SENTENCE></P><P></P><P><SENTENCE><W>-auto</W><W>up/down</W><W>driver</W><W>&#39;s</W><W>side</W><W>window</W><W>,</W><W>very</W><W>handy</W></SENTENCE></P><P></P><P><SENTENCE><W>The</W><W>engine</W><W>is</W><W>incredibly</W><W>smooth</W><C><W>and</W></C><W>shifts</W><C><cue ID="14" type="negation"><W>without</W></cue></C><xcope ID="43"><ref COMMENTS="" ID="71" SRC="14"></ref><W>hesitation</W></xcope><W>.</W></SENTENCE><SENTENCE><W>Despite</W><W>its</W><W>power</W><W>,</W><W>you</W><C><cue ID="15" type="speculation"><W>can</W></cue></C><xcope ID="42"><ref COMMENTS="" ID="70" SRC="15"></ref><W>barely</W><C><W>feel</W></C><W>it</W><W>running</W><W>while</W><W>idling</W></xcope><W>.</W></SENTENCE></P><P></P><P><SENTENCE><W>The</W><W>seats</W><W>are</W><W>very</W><W>comfortable</W><C><W>and</W></C><W>there</W><W>are</W><W>two</W><W>memory</W><W>settings</W><W>coded</W><W>to</W><W>the</W><W>keyless</W><W>entry</W><W>fob</W><W>you</W><W>carry</W><W>,</W><W>which</W><W>is</W><W>a</W><W>nice</W><W>feature</W><W>.</W></SENTENCE></P><P></P><P><SENTENCE><W>The</W><W>car</W><W>has</W><W>excellent</W><W>road</W><W>manners</W><C><W>and</W></C><W>I</W><W>&#39;ve</W><W>found</W><W>it</W><W>to</W><W>be</W><W>a</W><W>smooth</W><C><W>and</W></C><W>comfortable</W><W>ride</W><W>,</W><W>despite</W><W>the</W><W>sports-tuned</W><W>suspension</W><W>.</W></SENTENCE></P><P></P><P><SENTENCE><W>The</W><W>rear</W><W>seats</W><W>sit</W><W>a</W><W>little</W><W>low</W><W>,</W><W>but</W><W>there</W><W>are</W><W>rear</W><W>air</W><W>vents</W><C><W>and</W></C><W>an</W><W>armrest</W><W>with</W><W>two</W><W>cupholders</W><W>for</W><W>passenger</W><W>comfort</W><W>.</W></SENTENCE><SENTENCE><W>The</W><W>back</W><W>seat</W><W>has</W><W>more</W><W>legroom</W><W>than</W><W>you</W><C><cue ID="16" type="speculation"><W>would</W></cue></C><xcope ID="44"><ref COMMENTS="" ID="72" SRC="16"></ref><W>anticipate</W><C><W>and</W></C><W>is</W><W>actually</W><W>quite</W><W>comfortable</W></xcope><W>.</W></SENTENCE><SENTENCE><W>The</W><W>cabin</W><W>is</W><W>quiet</W><C><W>and</W></C><W>road</W><W>noise</W><W>is</W><W>minimized</W><W>through</W><W>lots</W><W>of</W><W>soundproofing</W><W>.</W></SENTENCE></P><P></P><P><SENTENCE><W>The</W><W>6-disc</W><W>in</W><W>dash</W><W>CD</W><W>player</W><W>is</W><W>very</W><W>convenient</W><C><W>and</W></C><W>the</W><W>7-speaker</W><W>Bose</W><W>sound</W><W>output</W><W>is</W><W>quite</W><W>good</W><W>,</W><W>although</W><W>I</W><C><W>would</W></C><W>like</W><W>to</W><W>be</W><W>able</W><W>to</W><W>crank</W><W>it</W><W>a</W><W>little</W><W>louder</W><W>.</W></SENTENCE><SENTENCE><W>But</W><W>keep</W><W>in</W><W>mind</W><W>that</W><W>I</W><W>came</W><W>down</W><W>from</W><W>a</W><W>12-speaker</W><W>240-watt</W><W>Harmon</W><W>Kardon</W><W>system</W><W>.</W></SENTENCE></P><P></P><P><SENTENCE><W>There</W><W>are</W><W>plenty</W><W>of</W><W>handy</W><W>storage</W><W>bins</W><W>,</W><W>including</W><W>in</W><W>the</W><W>door</W><W>,</W><W>behind</W><W>each</W><W>seat</W><W>,</W><C><W>and</W></C><W>a</W><W>double</W><W>console</W><W>cover</W><W>,</W><W>with</W><W>a</W><W>deep</W><W>cover</W><W>(</W><W>for</W><W>kleenex</W><C><W>and</W></C><W>CDs</W><W>)</W><C><W>and</W></C><W>shallow</W><W>cover</W><W>(</W><W>for</W><W>pens</W><W>,</W><W>etc.</W><W>)</W><W>over</W><W>a</W><W>single</W><W>storage</W><W>compartment</W><W>in</W><W>the</W><W>center</W><W>console</W><W>.</W></SENTENCE><SENTENCE><W>There</W><W>is</W><W>an</W><W>additional</W><W>power</W><W>outlet</W><W>in</W><W>the</W><W>center</W><W>console</W><W>.</W></SENTENCE><SENTENCE><W>The</W><W>cup</W><W>holders</W><W>are</W><W>excellent</W><C><W>and</W></C><W>hold</W><W>a</W><W>variety</W><W>of</W><W>sizes</W><W>,</W><W>from</W><W>a</W><W>Coke</W><C><W>Can</W></C><W>to</W><W>the</W><W>largest</W><W>fast-food</W><W>cups</W><W>.</W></SENTENCE><SENTENCE><W>I</W><W>have</W><C><W>not</W></C><W>yet</W><W>found</W><W>a</W><W>cup</W><W>size</W><W>that</W><W>wo</W><W>n&#39;t</W><W>fit</W><W>in</W><W>one</W><W>of</W><W>the</W><W>two</W><W>cup</W><W>holders</W><W>.</W></SENTENCE></P><P></P><P><SENTENCE><W>WARNING</W><W>!</W><W>!</W></SENTENCE><SENTENCE><C><cue ID="17" type="speculation"><W>If</W></cue></C><xcope ID="46"><ref COMMENTS="" ID="74" SRC="17"></ref><W>you</W><W>buy</W><W>this</W><W>car</W><W>,</W><W>DO</W><C><cue ID="18" type="negation"><W>NOT</W></cue></C><xcope ID="45"><ref COMMENTS="" ID="73" SRC="18"></ref><W>use</W><W>the</W><W>coin</W><W>holder</W><W>in</W><W>front</W><W>of</W><W>the</W><W>shifter</W><W>for</W><W>coins</W></xcope></xcope><W>.</W></SENTENCE><SENTENCE><W>I</W><W>know</W><W>that</W><W>is</W><W>its</W><W>intended</W><W>purpose</W><W>,</W><W>but</W><W>I</W><W>had</W><W>a</W><W>coin</W><W>that</W><W>somehow</W><W>slipped</W><W>up</W><W>behind</W><W>the</W><W>compartment</W><W>,</W><W>preventing</W><W>it</W><W>from</W><W>closing</W><W>,</W><C><W>and</W></C><W>was</W><W>about</W><W>to</W><W>have</W><W>to</W><W>take</W><W>the</W><W>entire</W><W>console</W><W>out</W><W>to</W><W>retrieve</W><W>.</W></SENTENCE><SENTENCE><W>Only</W><W>after</W><W>a</W><W>couple</W><W>of</W><W>hours</W><W>of</W><W>cramming</W><W>wire</W><W>hangers</W><C><W>and</W></C><W>fingers</W><W>up</W><W>into</W><W>the</W><W>slot</W><W>,</W><W>was</W><W>I</W><W>able</W><W>to</W><W>get</W><W>the</W><W>loose</W><W>coins</W><W>out</W><W>.</W></SENTENCE><SENTENCE><W>This</W><W>is</W><W>a</W><W>common</W><W>problem</W><W>,</W><W>based</W><W>on</W><W>what</W><W>I</W><W>&#39;ve</W><W>read</W><W>on</W><W>the</W><W>internet</W><W>,</W><C><W>and</W></C><W>most</W><W>dealers</W><W>will</W><C><W>not</W></C><W>repair</W><W>it</W><C><cue ID="19" type="negation"><W>without</W></cue></C><xcope ID="47"><ref COMMENTS="" ID="76" SRC="19"></ref><W>charging</W><W>you</W><W>labor</W></xcope><W>,</W><W>since</W><W>it</W><W>&#39;s</W><C><cue ID="20" type="negation"><W>not</W></cue></C><xcope ID="48"><ref COMMENTS="" ID="75" SRC="20"></ref><W>a</W><C><W>failure</W></C></xcope><W>.</W></SENTENCE><SENTENCE><W>So</W><W>whatever</W><W>you</W><W>do</W><W>,</W><W>do</W><W>n&#39;t</W><W>put</W><W>any</W><W>coins</W><W>in</W><W>the</W><W>coin</W><W>holder</W><W>.</W></SENTENCE></P><P></P><P><SENTENCE><W>There</W><W>is</W><W>also</W><W>a</W><W>nice</W><W>cubby</W><W>hole</W><W>in</W><W>front</W><W>of</W><W>the</W><W>shifter</W><W>for</W><W>chapstick</W><C><W>and</W></C><W>keys</W><W>,</W><W>etc</W><W>.</W></SENTENCE><SENTENCE><W>The</W><W>interior</W><W>is</W><W>well</W><W>laid</W><W>out</W><W>.</W></SENTENCE></P><P></P><P><SENTENCE><W>The</W><W>one</W><W>problem</W><W>I</W><W>have</W><W>with</W><W>the</W><W>interior</W><W>is</W><W>the</W><W>foot</W><W>emergency</W><W>brake</W><W>.</W></SENTENCE><SENTENCE><W>I</W><C><cue ID="21" type="speculation"><W>would</W></cue></C><xcope ID="49"><ref COMMENTS="" ID="78" SRC="21"></ref><W>much</W><W>rather</W><W>have</W><W>a</W><W>hand</W><W>emergency</W><W>brake</W></xcope><W>.</W></SENTENCE><SENTENCE><C><cue ID="22" type="speculation"><W>If</W></cue></C><xcope ID="56"><ref COMMENTS="" ID="57" SRC="22"></ref><W>the</W><W>foot</W><W>brake</W><W>released</W><W>when</W><W>the</W><W>car</W><W>was</W><W>put</W><W>into</W><W>gear</W><W>,</W><W>it</W><C><cue ID="23" type="speculation"><W>would</W></cue></C><xcope ID="51"><ref COMMENTS="" ID="79" SRC="23"></ref><W>n&#39;t</W><W>be</W><W>so</W><W>bad</W></xcope></xcope><W>,</W><W>but</W><W>you</W><W>have</W><W>to</W><W>push</W><W>it</W><W>,</W><C><W>and</W></C><W>I</W><W>&#39;ve</W><W>found</W><W>there</W><W>is</W><W>a</W><W>fine</W><W>line</W><W>between</W><W>fully</W><W>engaging</W><W>the</W><W>brake</W><C><W>and</W></C><W>pushing</W><W>it</W><W>too</W><W>far</W><W>,</W><W>to</W><W>where</W><W>it</W><W>releases</W><C><cue ID="24" type="negation"><W>without</W></cue></C><xcope ID="52"><ref COMMENTS="" ID="81" SRC="24"></ref><W>engaging</W></xcope><W>.</W></SENTENCE><SENTENCE><W>This</W><C><cue ID="25" type="speculation"><W>can</W></cue></C><xcope ID="53"><ref COMMENTS="" ID="80" SRC="25"></ref><W>be</W><W>extremely</W><W>frustrating</W><W>until</W><W>you</W><W>get</W><W>a</W><C><W>feel</W></C><W>for</W></xcope><W>it</W><W>.</W></SENTENCE></P><P></P><P><SENTENCE><W>The</W><W>key</W><W>fobs</W><W>have</W><W>excellent</W><W>range</W><W>,</W><C><W>and</W></C><W>include</W><W>a</W><W>power</W><W>release</W><W>for</W><W>the</W><W>trunk</W><W>deck</W><W>.</W></SENTENCE></P><P></P><P><SENTENCE><W>I</W><W>&#39;ve</W><W>had</W><W>this</W><W>car</W><W>since</W><W>March</W><C><W>and</W></C><W>will</W><W>continue</W><W>to</W><W>update</W><W>the</W><W>review</W><W>as</W><W>warranted</W><W>.</W></SENTENCE></P><P></P><P><SENTENCE><C><W>May</W></C><W>2001-I</W><W>just</W><W>took</W><W>the</W><W>car</W><W>to</W><W>the</W><W>dealer</W><W>for</W><W>a</W><W>recall</W><W>of</W><W>the</W><W>power</W><W>window</W><W>control</W><W>unit</W><W>(</W><W>which</W><W>I</W><W>have</W><C><cue ID="26" type="negation"><W>not</W></cue></C><xcope ID="54"><ref COMMENTS="" ID="82" SRC="26"></ref><W>had</W><W>any</W><W>problems</W><W>with</W></xcope><W>)</W><W>.</W></SENTENCE><SENTENCE><W>They</W><W>had</W><W>it</W><W>replaced</W><W>in</W><W>less</W><W>than</W><W>30</W><W>minutes</W><W>.</W></SENTENCE></P><P></P><P><SENTENCE><W>July</W><W>2001-I</W><W>just</W><W>rolled</W><W>over</W><W>3,000</W><W>miles</W><C><W>and</W></C><W>changed</W><W>the</W><W>engine</W><W>oil</W><W>myself</W><W>.</W></SENTENCE><SENTENCE><W>The</W><W>drain</W><W>plug</W><C><W>and</W></C><W>oil</W><W>filter</W><W>are</W><W>the</W><W>easiest</W><W>I</W><W>&#39;ve</W><W>ever</W><W>accessed</W><W>on</W><W>any</W><W>car</W><W>.</W></SENTENCE><SENTENCE><W>They</W><W>are</W><W>both</W><W>directly</W><W>over</W><W>the</W><W>drain</W><W>bottle</W><W>,</W><W>so</W><W>its</W><W>very</W><W>easy</W><W>to</W><W>drain</W><W>the</W><W>oil</W><W>.</W></SENTENCE><SENTENCE><W>I</W><W>was</W><W>done</W><W>in</W><W>less</W><W>than</W><W>10</W><W>minutes</W><W>.</W></SENTENCE><SENTENCE><xcope ID="58"><ref COMMENTS="" ID="59" SRC="27"></ref><W>The</W><W>engine</W><W>layout</W></xcope><C><cue ID="27" type="speculation"><W>seems</W></cue></C><xcope ID="55"><ref COMMENTS="" ID="83" SRC="27"></ref><W>logical</W><C><W>and</W></C><W>all</W><W>the</W><W>necessary</W><W>reservoirs</W></xcope><C><W>and</W></C><W>tanks</W><W>are</W><W>clearly</W><W>labeled</W><W>.</W></SENTENCE></P><P></P><P><SENTENCE><W>January</W><W>2002-I</W><W>just</W><W>rolled</W><W>over</W><W>10,000</W><W>miles</W><C><W>and</W></C><W>have</W><W>changed</W><W>the</W><W>oil</W><W>3</W><W>times</W><C><W>and</W></C><W>rotated</W><W>the</W><W>tires</W><W>once</W><W>.</W></SENTENCE><SENTENCE><W>I</W><W>&#39;ve</W><W>had</W><C><cue ID="28" type="negation"><W>no</W></cue></C><xcope ID="56"><ref COMMENTS="" ID="84" SRC="28"></ref><W>mechanical</W><W>difficulties</W><W>of</W><W>any</W><W>kind</W></xcope><W>.</W></SENTENCE><SENTENCE><W>In</W><W>fact</W><W>,</W><W>I</W><W>have</W><W>n&#39;t</W><W>had</W><W>any</W><W>problems</W><W>of</W><W>any</W><W>kind</W><W>.</W></SENTENCE><SENTENCE><W>The</W><W>car</W><W>is</W><W>great</W><W>for</W><W>road</W><W>trips</W><W>.</W></SENTENCE></P></DOCUMENT>
