<?xml version="1.0" encoding="UTF-8"?>
<DOCUMENT><P></P><P><SENTENCE><W>I</W><W>completely</W><W>disagree</W><W>with</W><W>the</W><W>person</W><W>who</W><W>wrote</W><W>the</W><W>review</W><W>titled</W><W>&#34;</W><W>Acura</W><W>TL</W><W>Type-S</W><W>:</W><W>Lost</W><W>any</W><W>fillings</W><W>lately</W><W>?</W><W>&#34;</W><W>.</W></SENTENCE><SENTENCE><W>Specifically</W><W>there</W><W>are</W><W>a</W><W>few</W><W>things</W><W>I</W><W>want</W><W>to</W><W>point</W><W>out</W><W>.</W></SENTENCE></P><P></P><P><SENTENCE><W>First</W><W>,</W><W>he</W><W>said</W><W>the</W><W>ride</W><W>is</W><W>horrible</W><W>.</W></SENTENCE><SENTENCE><W>This</W><W>is</W><W>completely</W><W>untrue</W><W>.</W></SENTENCE><SENTENCE><W>I</W><W>have</W><W>one</W><W>,</W><W>drive</W><W>it</W><W>every</W><W>day</W><W>,</W><C><W>and</W></C><C><cue ID="0" type="speculation"><W>if</W></cue></C><xcope ID="15"><ref COMMENTS="" ID="44" SRC="0"></ref><W>anything</W><W>the</W><W>ride</W><W>is</W><W>too</W><W>soft</W></xcope><W>.</W></SENTENCE><SENTENCE><W>Fillings</W><W>falling</W><W>out</W><W>?</W></SENTENCE><SENTENCE><C><cue ID="1" type="speculation"><W>Perhaps</W></cue></C><xcope ID="16"><ref COMMENTS="" ID="43" SRC="1"></ref><W>he</W><W>is</W><W>used</W><W>to</W><W>riding</W><W>around</W><W>in</W><W>a</W><W>1976</W><W>Cadillac</W><W>Sedan</W><W>DeVille</W></xcope><W>,</W><W>floating</W><W>across</W><W>the</W><W>pavement</W><W>with</W><C><cue ID="2" type="negation"><W>no</W></cue></C><xcope ID="17"><ref COMMENTS="" ID="42" SRC="2"></ref><W>connection</W><W>to</W><W>the</W><W>road</W></xcope><W>?</W></SENTENCE><SENTENCE><C><cue ID="3" type="speculation"><W>Perhaps</W></cue></C><xcope ID="18"><ref COMMENTS="" ID="41" SRC="3"></ref><W>he</W><W>needs</W><W>a</W><W>new</W><W>dentist</W></xcope><W>.</W></SENTENCE><SENTENCE><W>The</W><W>ride</W><W>is</W><W>hardly</W><W>rough</W><W>.</W></SENTENCE><SENTENCE><W>He</W><W>also</W><W>states</W><W>that</W><W>it</W><W>does</W><W>n&#39;t</W><W>really</W><W>do</W><W>as</W><W>well</W><W>as</W><W>it</W><C><cue ID="4" type="speculation"><W>should</W></cue></C><xcope ID="19"><ref COMMENTS="" ID="40" SRC="4"></ref><W>for</W><W>a</W><W>front</W><W>driver</W></xcope><W>.</W></SENTENCE><SENTENCE><C><cue ID="5" type="speculation"><W>Perhaps</W></cue></C><xcope ID="24"><ref COMMENTS="" ID="39" SRC="5"></ref><W>he</W><C><cue ID="6" type="speculation"><W>should</W></cue></C><xcope ID="23"><ref COMMENTS="" ID="38" SRC="6"></ref><C><cue ID="7" type="speculation"><W>either</W></cue></C><xcope ID="22"><ref COMMENTS="" ID="37" SRC="7"></ref><xcope ID="20"><ref COMMENTS="" ID="36" SRC="8"></ref><W>drive</W><W>one</W></xcope><W>,</W><C><cue ID="8" type="speculation"><W>or</W></cue></C><xcope ID="21"><ref COMMENTS="" ID="35" SRC="8"></ref><W>read</W><W>what</W><W>Road</W><C><W>and</W></C><W>Track</W><W>said</W><W>when</W><W>they</W><W>did</W><W>an</W><W>extensive</W><W>review</W><W>of</W><W>the</W><W>Type-S.</W></xcope></xcope></xcope></xcope></SENTENCE><SENTENCE><W>Namely</W><W>that</W><W>it</W><W>does</W><C><cue ID="9" type="negation"><W>NOT</W></cue></C><xcope ID="25"><ref COMMENTS="" ID="34" SRC="9"></ref><C><W>feel</W></C><W>like</W><W>a</W><W>front</W><W>driver</W><W>at</W><W>all</W></xcope><W>,</W><W>despite</W><W>the</W><W>fact</W><W>that</W><W>it</W><W>is</W><W>.</W></SENTENCE></P><P></P><P><SENTENCE><W>Value</W><W>.</W></SENTENCE><SENTENCE><W>He</W><W>mentions</W><W>that</W><W>it</W><W>&#39;s</W><W>too</W><W>bad</W><W>that</W><W>there</W><W>is</W><W>n&#39;t</W><W>a</W><W>$</W><W>30K</W><W>performance</W><W>sport</W><W>sedan</W><W>,</W><C><W>and</W></C><W>refers</W><W>to</W><W>BMW,</W><W>Maxima</W><C><W>and</W></C><W>I30</W><W>.</W></SENTENCE><SENTENCE><W>First</W><W>the</W><W>BMW.</W></SENTENCE><SENTENCE><W>What</W><W>BMW</W><C><cue ID="10" type="speculation"><W>can</W></cue></C><xcope ID="26"><ref COMMENTS="" ID="33" SRC="10"></ref><W>you</W><W>buy</W><W>that</W><W>costs</W><W>$</W><W>31K</W></xcope><W>?</W></SENTENCE><SENTENCE><C><cue ID="11" type="negation"><W>None</W></cue></C><W>.</W></SENTENCE><SENTENCE><W>With</W><W>an</W><W>automatic</W><W>,</W><C><W>and</W></C><W>a</W><W>somewhat</W><W>modest</W><W>option</W><W>list</W><W>they</W><W>easily</W><W>soar</W><W>past</W><W>$</W><W>35K.</W></SENTENCE><SENTENCE><W>How</W><W>about</W><W>a</W><W>nice</W><W>330i</W><W>?</W></SENTENCE><SENTENCE><W>$</W><W>40K</W><W>for</W><W>a</W><W>car</W><W>with</W><W>35</W><W>HP</W><W>LESS</W><W>than</W><W>the</W><W>Acura</W><W>,</W><C><W>and</W></C><W>less</W><W>torque</W><W>.</W></SENTENCE><SENTENCE><W>Ok</W><W>,</W><W>to</W><W>save</W><W>money</W><W>,</W><W>drop</W><W>down</W><W>from</W><W>the</W><W>BMW</W><W>3.0</W><W>to</W><W>the</W><W>smaller</W><W>engine</W><W>.</W></SENTENCE><SENTENCE><W>Have</W><W>you</W><W>driven</W><W>one</W><W>?</W></SENTENCE><SENTENCE><W>I</W><W>have</W><W>(</W><W>328is</W><W>)</W><W>.</W></SENTENCE><SENTENCE><W>They</W><W>have</W><C><cue ID="12" type="negation"><W>NO</W></cue></C><xcope ID="28"><ref COMMENTS="" ID="32" SRC="12"></ref><W>low-end</W><W>torque</W></xcope><C><W>and</W></C><C><W>feel</W></C><W>like</W><W>an</W><W>economy</W><W>car</W><W>compared</W><W>to</W><W>the</W><W>Type-S.</W></SENTENCE><SENTENCE><W>Additionally</W><W>have</W><W>fun</W><W>spending</W><W>a</W><W>thousand</W><W>bucks</W><W>+</W><W>for</W><W>snow</W><W>tires</W><C><W>and</W></C><W>rims</W><W>for</W><W>the</W><W>BMW.</W></SENTENCE><SENTENCE><W>Sure</W><W>the</W><W>handling</W><W>is</W><W>superior</W><W>to</W><W>the</W><W>Acura</W><W>,</W><W>but</W><W>for</W><W>$</W><W>9K</W><W>I</W><C><cue ID="13" type="speculation"><W>think</W></cue></C><xcope ID="27"><ref COMMENTS="" ID="31" SRC="13"></ref><W>I</W><W>&#39;ll</W><W>take</W><W>a</W><W>couple</W><W>of</W><W>European</W><W>vacations</W></xcope><W>.</W></SENTENCE><SENTENCE><W>The</W><W>bottom</W><W>line</W><W>,</W><W>the</W><W>value</W><W>the</W><W>Type-S</W><W>has</W><W>is</W><W>very</W><W>high</W><W>,</W><W>especially</W><W>compared</W><W>to</W><W>the</W><W>BMW.</W></SENTENCE></P><P></P><P><SENTENCE><W>Ok</W><W>,</W><W>how</W><W>about</W><W>the</W><W>Maxima</W><W>?</W></SENTENCE><SENTENCE><W>Have</W><W>you</W><W>driven</W><W>this</W><W>car</W><W>?</W><W>!</W></SENTENCE><SENTENCE><W>I</W><W>have</W><W>driven</W><W>the</W><W>2004</W><W>SE</W><C><W>and</W></C><W>it</W><W>is</W><W>SOFT.</W></SENTENCE><SENTENCE><W>Feels</W><W>more</W><W>like</W><W>an</W><W>Accord</W><W>.</W></SENTENCE><SENTENCE><W>Great</W><W>engine</W><W>,</W><W>lots</W><W>of</W><W>torque</W><W>,</W><C><W>and</W></C><W>very</W><W>quick</W><W>,</W><W>but</W><W>clearly</W><W>geared</W><W>towards</W><W>lots</W><W>of</W><W>highway</W><W>miles</W><C><W>and</W></C><C><cue ID="14" type="negation"><W>not</W></cue></C><xcope ID="29"><ref COMMENTS="" ID="30" SRC="14"></ref><W>back</W><W>road</W><W>driving</W></xcope><W>.</W></SENTENCE></P><P></P><P><SENTENCE><W>Bottom</W><W>line</W><W>is</W><W>this</W><W>car</W><W>is</W><W>a</W><W>HUGE</W><W>value</W><W>.</W></SENTENCE><SENTENCE><W>Absolutely</W><W>amazing</W><W>engine</W><W>,</W><C><W>and</W></C><W>one</W><W>of</W><W>the</W><W>best</W><W>front</W><W>driving</W><W>cars</W><W>I</W><W>have</W><W>ever</W><W>driven</W><W>.</W></SENTENCE><SENTENCE><W>Do</W><W>n&#39;t</W><W>just</W><W>take</W><W>my</W><W>word</W><W>for</W><W>it</W><W>,</W><W>read</W><W>the</W><W>magazines</W><C><W>and</W></C><W>hear</W><W>what</W><W>the</W><W>&#34;professionals</W><W>&#34;</W><W>have</W><W>to</W><W>say</W><W>.</W></SENTENCE></P><P></P><P><SENTENCE><W>/Gene</W></SENTENCE></P></DOCUMENT>
