<?xml version="1.0" encoding="UTF-8"?>
<DOCUMENT><P></P><P><SENTENCE><W>After</W><W>a</W><W>strong</W><W>start</W><W>back</W><W>in</W><W>the</W><W>late</W><W>80s</W><W>,</W><W>Acura</W><W>threatened</W><W>to</W><W>fade</W><W>into</W><W>obscurity</W><W>with</W><W>the</W><W>appearance</W><W>of</W><W>Lexus</W><C><W>and</W></C><W>the</W><W>resurgence</W><W>of</W><W>the</W><W>German</W><W>luxury</W><W>brands</W><W>.</W></SENTENCE><SENTENCE><W>Acuras</W><W>decision</W><W>to</W><W>junk</W><W>real</W><W>model</W><W>names</W><W>in</W><W>favor</W><W>of</W><W>two-letter</W><W>designations</W><W>did</W><W>nt</W><W>help</W><W>.</W></SENTENCE><SENTENCE><W>But</W><W>now</W><W>theyve</W><W>found</W><W>a</W><W>new</W><W>formula</W><W>,</W><C><W>and</W></C><W>it</W><C><cue ID="0" type="speculation"><W>seems</W></cue></C><xcope ID="64"><ref COMMENTS="" ID="130" SRC="0"></ref><W>to</W><W>be</W><W>working</W><W>for</W><W>them</W></xcope><W>.</W></SENTENCE><SENTENCE><W>Like</W><W>the</W><W>successful</W><W>1999</W><W>redesign</W><W>of</W><W>the</W><W>TL</W><W>,</W><W>with</W><W>which</W><W>it</W><W>shared</W><W>a</W><W>Honda</W><W>Accord-based</W><W>chassis</W><W>,</W><W>the</W><W>2001</W><W>CL</W><W>Type</W><W>S</W><W>came</W><W>standard</W><W>with</W><W>everything</W><C><W>except</W></C><W>a</W><W>navigation</W><W>system</W><W>(</W><W>even</W><W>a</W><W>Bose</W><W>sound</W><W>system</W><W>with</W><W>a</W><W>six-disk</W><W>in-dash</W><W>CD</W><W>changer</W><W>!</W><W>)</W><W>.</W></SENTENCE><SENTENCE><W>Yet</W><W>it</W><W>was</W><W>also</W><W>priced</W><W>far</W><W>less</W><W>than</W><W>the</W><W>European</W><W>competition</W><W>at</W><W>just</W><W>over</W><W>$</W><W>30,000</W><W>.</W></SENTENCE></P><P></P><P><SENTENCE><W>Nothing</W><W>significant</W><W>has</W><W>changed</W><W>for</W><W>2002</W><W>.</W></SENTENCE><SENTENCE><W>The</W><W>most</W><W>notable</W><W>standard</W><W>feature</W><W>is</W><W>a</W><W>3.2</W><W>liter</W><W>six</W><W>the</W><W>produces</W><W>260</W><W>horsepower</W><W>at</W><W>a</W><W>high</W><W>but</W><W>still</W><W>accessible</W><W>6100</W><W>RPM.</W></SENTENCE><SENTENCE><W>This</W><W>is</W><W>35</W><W>more</W><W>than</W><W>the</W><W>225</W><W>of</W><W>the</W><W>standard</W><W>CL</W><C><W>and</W></C><W>of</W><W>the</W><W>new</W><W>3.0</W><W>liter</W><W>in</W><W>the</W><W>roughly</W><W>$</W><W>10,000</W><W>more</W><W>expensive</W><W>BMW</W><W>330Ci</W><W>.</W></SENTENCE><SENTENCE><W>Only</W><W>one</W><W>transmission</W><W>is</W><W>available</W><W>:</W><W>a</W><W>five</W><W>speed</W><W>automatic</W><W>.</W></SENTENCE><SENTENCE><C><cue ID="1" type="speculation"><W>Perhaps</W></cue></C><xcope ID="67"><ref COMMENTS="" ID="132" SRC="1"></ref><W>in</W><W>an</W><W>attempt</W><W>to</W><W>placate</W><W>those</W><W>who</W><C><cue ID="2" type="speculation"><W>might</W></cue></C><xcope ID="66"><ref COMMENTS="" ID="131" SRC="2"></ref><W>wonder</W><W>where</W><W>the</W><W>manual</W><W>is</W></xcope></xcope><W>,</W><W>this</W><W>automatic</W><W>comes</W><W>even</W><W>in</W><W>the</W><W>regular</W><W>CL</W><W>with</W><W>a</W><W>sequential</W><W>sportshift</W><W>,</W><W></W><W>which</W><W>supposedly</W><W>offers</W><W>the</W><C><W>feel</W></C><C><W>and</W></C><W>control</W><W>of</W><W>a</W><W>manual</W><C><cue ID="3" type="negation"><W>without</W></cue></C><xcope ID="68"><ref COMMENTS="" ID="133" SRC="3"></ref><W>the</W><W>bother</W><W>of</W><W>a</W><W>clutch</W></xcope><W>.</W></SENTENCE></P><P></P><P><SENTENCE><W>Update</W><W>:</W><W>For</W><W>2003</W><W>a</W><W>manual</W><W>is</W><W>finally</W><W>available</W><W>in</W><W>the</W><W>CL-S.</W></SENTENCE><SENTENCE><W>I</W><W>have</W><W>driven</W><W>this</W><W>car</W><W>,</W><C><W>and</W></C><W>posted</W><W>a</W><W>review</W><W>of</W><W>it</W><W>under</W><W>the</W><W>listing</W><W>for</W><W>the</W><W>2003</W><W>CL-S</W><W>here</W><W>:</W><W>http</W><W>://www.epinions.com/content_72728153732</W></SENTENCE></P><P></P><P><SENTENCE><W>So</W><W>the</W><W>CL</W><W>Type</W><W>S</W><W>poses</W><W>as</W><W>a</W><W>serious</W><W>yet</W><W>much</W><W>less</W><W>expensive</W><W>challenger</W><W>to</W><W>the</W><W>BMW</W><W>330Ci</W><W>.</W></SENTENCE><SENTENCE><W>Does</W><W>it</W><W>really</W><W>measure</W><W>up</W><W>?</W></SENTENCE><SENTENCE><W>To</W><W>find</W><W>out</W><W>,</W><W>I</W><W>took</W><W>one</W><W>for</W><W>a</W><W>drive</W><W>.</W></SENTENCE></P><P></P><P><SENTENCE><W>Styling</W></SENTENCE></P><P></P><P><SENTENCE><W>The</W><W>more</W><W>serious</W><W>mission</W><W>of</W><W>the</W><W>second-generation</W><W>CL</W><W>is</W><W>evident</W><W>in</W><W>its</W><W>styling</W><W>.</W></SENTENCE><SENTENCE><W>The</W><W>first</W><W>CL</W><W>was</W><W>attractive</W><W>,</W><W>even</W><W>pretty</W><W>.</W></SENTENCE><SENTENCE><W>Its</W><W>tall</W><W>,</W><W>airy</W><W>greenhouse</W><W>(</W><W>window</W><W>area</W><W>)</W><C><W>and</W></C><W>artfully</W><W>tapered</W><W>rear</W><W>end</W><W>gave</W><W>it</W><W>a</W><W>unique</W><W>appearance</W><W>(</W><C><W>except</W></C><W>from</W><W>the</W><W>front</W><W>,</W><W>which</W><W>had</W><W>a</W><W>generic</W><W>Honda</W><W>look</W><W>to</W><W>it</W><W>)</W><W>.</W></SENTENCE><SENTENCE><W>But</W><W>the</W><W>styling</W><W>of</W><W>the</W><W>first</W><W>CL</W><W>did</W><C><cue ID="5" type="negation"><W>not</W></cue></C><xcope ID="70"><ref COMMENTS="" ID="134" SRC="5"></ref><W>exude</W><W>substance</W><C><W>and</W></C><W>luxury</W></xcope><W>.</W></SENTENCE><SENTENCE><W>Its</W><W>styling</W><W>connoted</W><W>playfulness</W><W>,</W><W>lightness</W><W>,</W><C><W>and</W></C><C><cue ID="4" type="speculation"><W>perhaps</W></cue></C><xcope ID="69"><ref COMMENTS="" ID="135" SRC="4"></ref><W>agility</W></xcope><W>.</W></SENTENCE><SENTENCE><W>Yet</W><W>,</W><W>despite</W><W>some</W><W>of</W><W>the</W><W>flavor</W><W>of</W><W>the</W><W>late</W><W>BMW</W><W>6-series</W><W>,</W><W>it</W><W>did</W><W>n&#39;t</W><W>have</W><W>the</W><W>look</W><W>of</W><W>a</W><W>serious</W><W>luxury</W><W>car</W><W>.</W></SENTENCE></P><P></P><P><SENTENCE><W>Acura</W><W>has</W><W>fixed</W><W>this</W><W>with</W><W>the</W><W>new</W><W>car</W><W>.</W></SENTENCE><SENTENCE><W>Though</W><W>roughly</W><W>the</W><W>same</W><W>sizethe</W><W>largest</W><W>dimensional</W><W>change</W><W>is</W><W>a</W><W>two</W><W>inch</W><W>increase</W><W>in</W><W>lengththe</W><W>new</W><W>car</W><C><cue ID="6" type="speculation"><W>appears</W></cue></C><xcope ID="71"><ref COMMENTS="" ID="136" SRC="6"></ref><W>much</W><W>larger</W></xcope><W>.</W></SENTENCE><SENTENCE><W>This</W><W>is</W><W>largely</W><W>the</W><W>result</W><W>of</W><W>shrinking</W><W>the</W><W>greenhouse</W><C><W>and</W></C><W>bulking</W><W>up</W><W>the</W><W>body</W><W>.</W></SENTENCE><SENTENCE><W>These</W><W>looks</W><W>are</W><C><cue ID="7" type="negation"><W>not</W></cue></C><xcope ID="72"><ref COMMENTS="" ID="137" SRC="7"></ref><W>entirely</W><W>deceiving</W></xcope><W>.</W></SENTENCE><SENTENCE><W>Though</W><W>similar</W><W>in</W><W>size</W><W>,</W><W>the</W><W>new</W><W>car</W><W>is</W><W>about</W><W>500</W><W>lbs</W><W>.</W></SENTENCE><SENTENCE><W>heavier</W><W>.</W></SENTENCE><SENTENCE><W>These</W><W>changes</W><W>come</W><W>with</W><W>a</W><W>cost</W><W>:</W><W>the</W><W>new</W><W>styling</W><W>is</W><C><cue ID="8" type="negation"><W>not</W></cue></C><xcope ID="73"><ref COMMENTS="" ID="138" SRC="8"></ref><W>as</W><W>distinctive</W></xcope><W>.</W></SENTENCE><SENTENCE><W>What</W><W>designers</W><W>refer</W><W>to</W><W>as</W><W>the</W><W>DLO</W><W>(</W><W>for</W><W>daylight</W><W>opening</W><W>,</W><W>the</W><W>side</W><W>window</W><W>outline</W><W>)</W><W>is</W><W>strikingly</W><W>similar</W><W>to</W><W>the</W><W>last</W><W>Nissan</W><W>240SX</W><W>,</W><W>which</W><C><W>failed</W></C><W>to</W><W>stand</W><W>out</W><W>against</W><W>other</W><W>coupes</W><C><W>and</W></C><C><W>failed</W></C><W>in</W><W>the</W><W>marketplace</W><W>.</W></SENTENCE><SENTENCE><W>Where</W><W>the</W><W>old</W><W>DLO</W><W>curved</W><W>up</W><W>quite</W><W>a</W><W>bit</W><W>towards</W><W>the</W><W>rear</W><W>,</W><W>the</W><W>new</W><W>one</W><W>curves</W><W>subtly</W><W>down</W><W>.</W></SENTENCE><SENTENCE><W>The</W><W>rear</W><W>end</W><W>of</W><W>the</W><W>car</W><W>is</W><C><cue ID="9" type="negation"><W>no</W></cue></C><xcope ID="74"><ref COMMENTS="" ID="139" SRC="9"></ref><W>longer</W><W>strongly</W><W>tapered</W></xcope><W>.</W></SENTENCE><SENTENCE><W>It</W><W>now</W><W>looks</W><W>much</W><W>like</W><W>that</W><W>of</W><W>many</W><W>other</W><W>cars</W><W>.</W></SENTENCE><SENTENCE><W>I</W><W>personally</W><W>lament</W><W>these</W><W>styling</W><W>changes</W><W>.</W></SENTENCE><SENTENCE><W>But</W><W>I</W><C><cue ID="10" type="speculation"><W>must</W></cue></C><xcope ID="141"><ref COMMENTS="" ID="142" SRC="10"></ref><W>admit</W><W>they</W><W>make</W><W>grant</W><W>the</W><W>new</W><W>CL</W><W>a</W><W>much</W><W>more</W><W>substantial</W><W>,</W><W>more</W><W>serious</W><W>,</W><W>considerably</W><W>more</W><W>luxurious</W><W>appearance</W></xcope><W>.</W></SENTENCE></P><P></P><P><SENTENCE><W>To</W><W>hammer</W><W>this</W><W>message</W><W>home</W><W>the</W><W>CL</W><W>Type</W><W>S</W><W>rides</W><W>on</W><W>17</W><W>wheels</W><W>with</W><W>a</W><W>strong</W><W>five-spoke</W><W>design</W><W>.</W></SENTENCE><SENTENCE><C><cue ID="11" type="negation"><W>No</W></cue></C><xcope ID="77"><ref COMMENTS="" ID="143" SRC="11"></ref><W>multitude</W><W>of</W><xcope ID="75"><W>frilly</W><W>thin</W><W>spokes</W></xcope><C><cue ID="12" type="speculation"><W>or</W></cue></C><xcope ID="76"><ref COMMENTS="" ID="142" SRC="12"></ref><W>cross-mesh</W><W>design</W><W>here</W></xcope></xcope><W>.</W></SENTENCE><SENTENCE><W>On</W><W>the</W><W>inside</W><W>the</W><W>serious</W><W>performance</W><W>message</W><W>is</W><W>conveyed</W><W>by</W><W>perforated</W><W>leather</W><W>,</W><W>metallic</W><W>gray</W><W>gauge</W><W>faces</W><W>,</W><C><W>and</W></C><W>,</W><W>with</W><W>the</W><W>ebony</W><W>interior</W><W>,</W><W>black</W><W>wood</W><W>.</W><W></W></SENTENCE><SENTENCE><W>(</W><W>The</W><W>parchment</W><W>interior</W><W>comes</W><W>with</W><W>the</W><W>brown</W><W>wood</W><W>of</W><W>the</W><W>standard</W><W>CL.</W><W>)</W></SENTENCE><SENTENCE><W>The</W><W>last</W><W>,</W><W>similar</W><W>in</W><W>appearance</W><W>to</W><W>that</W><W>found</W><W>in</W><W>high</W><W>performance</W><W>Jags</W><C><W>and</W></C><W>Mercedes</W><W>,</W><W>covers</W><W>large</W><W>portions</W><W>of</W><W>the</W><W>door</W><W>panels</W><C><W>and</W></C><W>center</W><W>console</W><W>.</W></SENTENCE><SENTENCE><C><cue ID="14" type="speculation"><W>If</W></cue></C><xcope ID="78"><ref COMMENTS="" ID="144" SRC="14"></ref><W>you</W><W>want</W><W>still</W><W>more</W><W>of</W><W>it</W></xcope><W>,</W><W>the</W><W>dealer</W><C><cue ID="15" type="speculation"><W>can</W></cue></C><xcope ID="79"><ref COMMENTS="" ID="145" SRC="15"></ref><W>add</W><W>a</W><W>piece</W><W>around</W><W>the</W><W>instruments</W></xcope><W>.</W></SENTENCE><SENTENCE><W>How</W><C><cue ID="16" type="speculation"><W>can</W></cue></C><xcope ID="80"><ref COMMENTS="" ID="146" SRC="16"></ref><W>Acura</W><W>afford</W><W>such</W><W>extravagance</W><W>in</W><W>a</W><W>$</W><W>30,000</W><W>automobile</W></xcope><W>?</W></SENTENCE><SENTENCE><W>Easy</W><W>:</W><W>unlike</W><W>that</W><W>in</W><W>the</W><W>European</W><W>brands</W><W>this</W><W>wood</W><W></W><W>is</W><W>plastic</W><W>.</W></SENTENCE><SENTENCE><W>The</W><W>tan</W><W>interior</W><W>come</W><W>with</W><W>more</W><W>traditional-looking</W><W>wood</W><W>that</W><W>is</W><W>a</W><W>bit</W><W>orange</W><W>for</W><W>my</W><W>tastes</W><W>,</W><W>but</W><W>it</W><C><cue ID="17" type="speculation"><W>seems</W></cue></C><xcope ID="81"><ref COMMENTS="" ID="147" SRC="17"></ref><W>to</W><W>work</W><W>for</W><W>many</W><W>people</W></xcope><W>.</W></SENTENCE><SENTENCE><W>Especially</W><W>those</W><W>who</W><W>dislike</W><W>the</W><W>trendier</W><W>gray</W><W>variety</W><W>.</W></SENTENCE></P><P></P><P><SENTENCE><W>Accommodations</W></SENTENCE></P><P></P><P><SENTENCE><W>I</W><W>actually</W><W>prefer</W><W>the</W><W>interior</W><W>to</W><W>that</W><W>in</W><W>the</W><W>BMW</W><W>in</W><W>many</W><W>ways</W><W>.</W></SENTENCE><SENTENCE><W>Because</W><W>the</W><W>cowl</W><W>is</W><W>low</W><W>in</W><W>the</W><W>traditional</W><W>Honda</W><W>fashion</W><C><W>and</W></C><W>the</W><W>cockpit</W><W>is</W><W>a</W><W>couple</W><W>of</W><W>inches</W><W>wider</W><W>,</W><W>the</W><W>CLs</W><W>interior</W><W>manages</W><W>to</W><C><W>feel</W></C><W>more</W><W>open</W><W>than</W><W>the</W><W>BMWs</W><W>while</W><W>still</W><W>feeling</W><W>driver-oriented</W><W>.</W></SENTENCE><SENTENCE><W>The</W><W>view</W><W>forward</W><W>is</W><W>especially</W><W>nice</W><W>,</W><W>with</W><W>the</W><W>steering</W><W>wheel</W><W>well</W><W>below</W><W>even</W><W>a</W><W>short</W><W>drivers</W><W>field</W><W>of</W><W>vision</W><W>.</W></SENTENCE><SENTENCE><W>Ive</W><C><cue ID="18" type="negation"><W>never</W></cue></C><xcope ID="82"><ref COMMENTS="" ID="148" SRC="18"></ref><W>warmed</W><W>to</W><W>the</W><W>extremely</W><W>high</W><W>position</W><W>of</W><W>the</W><W>wheel</W></xcope><C><W>and</W></C><W>instruments</W><W>in</W><W>BMWs</W><W>.</W></SENTENCE><SENTENCE><W>I</W><W>like</W><W>to</W><W>see</W><W>the</W><W>instruments</W><W>,</W><W>but</W><W>I</W><W>mostly</W><W>want</W><W>to</W><W>see</W><W>OUT.</W></SENTENCE><SENTENCE><W>Though</W><W>the</W><W>side</W><W>windows</W><W>are</W><W>much</W><W>shorter</W><W>than</W><W>in</W><W>the</W><W>old</W><W>CL</W><W>,</W><W>the</W><W>beltline</W><W>is</W><C><cue ID="19" type="negation"><W>not</W></cue></C><xcope ID="83"><ref COMMENTS="" ID="149" SRC="19"></ref><W>uncomfortably</W><W>high</W></xcope><W>,</W><W>about</W><W>on</W><W>par</W><W>with</W><W>the</W><W>BMW.</W></SENTENCE></P><P></P><P><SENTENCE><W>The</W><W>front</W><W>seats</W><C><cue ID="20" type="negation"><W>not</W></cue></C><xcope ID="85"><ref COMMENTS="" ID="150" SRC="20"></ref><W>only</W><W>look</W><W>impressive</W></xcope><W>but</W><W>are</W><W>very</W><W>comfortable</W><C><W>and</W></C><W>hold</W><W>you</W><W>in</W><W>place</W><W>very</W><W>well</W><W>due</W><W>to</W><W>their</W><W>large</W><W>bolsters</W><W>.</W></SENTENCE><SENTENCE><W>They</W><W>are</W><W>slightly</W><W>softer</W><W>than</W><W>the</W><W>traditionally</W><W>hard</W><W>(</W><W>though</W><W>still</W><W>comfortable</W><W>)</W><W>seats</W><W>in</W><W>the</W><W>BMW.</W></SENTENCE><SENTENCE><W>My</W><W>only</W><W>complaint</W><W>about</W><W>the</W><W>driving</W><W>position</W><W>is</W><W>that</W><W>the</W><W>steering</W><W>wheel</W><W>feels</W><W>a</W><W>bit</W><W>close</W><W>.</W></SENTENCE><SENTENCE><W>Since</W><W>another</W><W>reviewer</W><W>felt</W><W>it</W><W>was</W><W>too</W><W>far</W><W>away</W><W>,</W><W>it</W><C><cue ID="21" type="speculation"><W>seems</W></cue></C><xcope ID="84"><ref COMMENTS="" ID="151" SRC="21"></ref><W>a</W><W>telescoping</W><W>wheel</W><W>is</W><W>in</W><W>order</W></xcope><W>.</W></SENTENCE></P><P></P><P><SENTENCE><W>Though</W><W>the</W><W>Acura</W><W>is</W><W>over</W><W>a</W><W>foot</W><W>longer</W><C><W>and</W></C><W>a</W><W>few</W><W>hundred</W><W>pounds</W><W>heavier</W><W>than</W><W>the</W><W>BMW,</W><C><W>and</W></C><W>simply</W><W>feels</W><W>like</W><W>a</W><W>significantly</W><W>larger</W><W>car</W><W>,</W><W>it</W><W>is</W><W>similarly</W><W>tight</W><W>in</W><W>the</W><W>rear</W><W>seat</W><W>.</W></SENTENCE><SENTENCE><W>Though</W><W>Im</W><W>only</W><W>59</W><W>,</W><W>I</W><W>barely</W><W>fit</W><W>in</W><W>the</W><W>rear</W><W>seat</W><W>behind</W><W>a</W><W>similarly</W><W>sized</W><W>driver</W><W>.</W></SENTENCE><SENTENCE><W>My</W><W>hair</W><W>brushed</W><W>the</W><W>rear</W><W>glass</W><W>.</W></SENTENCE><SENTENCE><C><cue ID="22" type="speculation"><W>Apparently</W></cue></C><xcope ID="86"><ref COMMENTS="" ID="152" SRC="22"></ref><W>the</W><W>extra</W><W>length</W><C><W>and</W></C><W>weight</W><W>went</W><W>towards</W><W>the</W><W>flowing</W><W>exterior</W><W>lines</W><W>rather</W><W>than</W><W>the</W><W>interior</W></xcope><W>.</W></SENTENCE><SENTENCE><W>At</W><W>least</W><W>it</W><W>is</W><W>easy</W><W>to</W><W>get</W><W>into</W><W>the</W><W>rear</W><W>seats</W><W>compared</W><W>to</W><W>other</W><W>coupes</W><W>.</W></SENTENCE><SENTENCE><W>Lift</W><W>the</W><W>handle</W><W>on</W><W>the</W><W>side</W><W>of</W><C><W>either</W></C><W>seat</W><W>,</W><C><W>and</W></C><W>it</W><W>glides</W><W>forward</W><W>.</W></SENTENCE><SENTENCE><W>Tilt</W><W>the</W><W>seat</W><W>back</W><W>,</W><C><W>and</W></C><W>it</W><W>automatically</W><W>returns</W><W>to</W><W>its</W><W>previous</W><W>position</W><W>.</W></SENTENCE><SENTENCE><W>The</W><W>CL</W><W>does</W><C><cue ID="143" type="negation"><W>not</W></cue></C><xcope ID="144"><ref COMMENTS="" ID="145" SRC="143"></ref><W>pretend</W><W>to</W><W>seat</W><W>five</W></xcope><W>:</W><W>the</W><W>center</W><W>of</W><W>the</W><W>rear</W><W>seat</W><W>is</W><W>occupied</W><W>by</W><W>a</W><W>storage</W><W>console</W><W>.</W></SENTENCE></P><P></P><P><SENTENCE><W>The</W><W>major</W><W>problem</W><W>with</W><W>the</W><W>rear</W><W>seat</W><W>is</W><W>that</W><W>it</W><W>does</W><C><cue ID="23" type="negation"><W>not</W></cue></C><xcope ID="87"><ref COMMENTS="" ID="153" SRC="23"></ref><W>fold</W><W>downthere</W><W>is</W><W>only</W><W>a</W><W>pass-through</W><W>behind</W><W>the</W><W>armrest</W></xcope><W>.</W></SENTENCE><SENTENCE><W>The</W><W>BMW</W><W>does</W><W>offer</W><W>this</W><W>feature</W><W>.</W></SENTENCE><SENTENCE><W>I</W><W>personally</W><C><cue ID="26" type="speculation"><W>would</W></cue></C><xcope ID="91"><ref COMMENTS="" ID="157" SRC="26"></ref><C><cue ID="25" type="negation"><W>not</W></cue></C><xcope ID="90"><ref COMMENTS="" ID="156" SRC="25"></ref><W>want</W><W>a</W><W>car</W><C><cue ID="24" type="negation"><W>without</W></cue></C><xcope ID="89"><ref COMMENTS="" ID="155" SRC="24"></ref><W>it</W><W>unless</W><W>I</W><W>planned</W><C><cue ID="27" type="negation"><W>never</W></cue></C><xcope ID="88"><ref COMMENTS="" ID="154" SRC="27"></ref><W>to</W><W>use</W><W>it</W><W>to</W><W>carry</W><W>moderately</W><W>large</W><W>objects</W></xcope></xcope></xcope></xcope><W>.</W></SENTENCE><SENTENCE><W>In</W><W>both</W><W>of</W><W>the</W><W>cars</W><W>I</W><W>own</W><W>the</W><W>rear</W><W>seat</W><W>folds</W><W>down</W><W>,</W><C><W>and</W></C><W>Ive</W><W>used</W><W>this</W><W>feature</W><W>many</W><W>times</W><W>to</W><W>carry</W><W>large</W><W>objects</W><W>such</W><W>as</W><W>book</W><W>cases</W><C><W>and</W></C><W>cribs</W><W>.</W></SENTENCE></P><P></P><P><SENTENCE><W>On</W><W>the</W><W>Road</W></SENTENCE></P><P></P><P><SENTENCE><W>The</W><W>Type</W><W>Ss</W><W>throttle</W><W>is</W><W>tuned</W><W>to</W><W>make</W><W>the</W><W>car</W><W>jump</W><W>the</W><W>moment</W><W>you</W><W>tip</W><W>into</W><W>the</W><W>throttle</W><W>.</W></SENTENCE><SENTENCE><W>This</W><W>is</W><W>both</W><W>good</W><C><W>and</W></C><W>bad</W><W>.</W></SENTENCE><SENTENCE><W>It</W><W>conveys</W><W>the</W><W>capabilities</W><W>of</W><W>the</W><W>car</W><W>.</W></SENTENCE><SENTENCE><W>But</W><W>it</W><W>also</W><W>makes</W><W>a</W><W>smooth</W><W>,</W><W>subtle</W><W>launch</W><W>difficult</W><W>.</W></SENTENCE><SENTENCE><W>Your</W><W>passengers</W><C><cue ID="28" type="speculation"><W>might</W></cue></C><xcope ID="93"><ref COMMENTS="" ID="159" SRC="28"></ref><C><cue ID="29" type="speculation"><W>think</W></cue></C><xcope ID="92"><ref COMMENTS="" ID="158" SRC="29"></ref><W>you</W><W>&#39;re</W><W>having</W><W>trouble</W><W>growing</W><W>up</W></xcope></xcope><W>.</W></SENTENCE><SENTENCE><W>Then</W><W>again</W><W>,</W><W>this</W><C><cue ID="30" type="speculation"><W>might</W></cue></C><xcope ID="94"><ref COMMENTS="" ID="160" SRC="30"></ref><W>be</W><W>the</W><W>image</W><W>you</W><W>are</W><W>after</W></xcope><W>.</W></SENTENCE></P><P></P><P><SENTENCE><W>Give</W><W>it</W><W>gas</W><W>,</W><C><W>and</W></C><W>the</W><W>engine</W><W>immediately</W><W>responds</W><W>.</W></SENTENCE><SENTENCE><W>Unlike</W><W>some</W><W>high</W><W>performance</W><W>engine</W><W>variants</W><W>,</W><W>that</W><W>in</W><W>the</W><W>Type</W><W>S</W><W>is</W><C><cue ID="31" type="negation"><W>not</W></cue></C><xcope ID="95"><ref COMMENTS="" ID="161" SRC="31"></ref><W>just</W><W>a</W><W>high</W><W>RPM</W><W>wonder</W></xcope><W>than</W><W>offers</W><W>few</W><W>benefits</W><W>over</W><W>the</W><W>standard</W><W>CL</W><W>engine</W><W>in</W><W>regular</W><W>driving</W><W>.</W></SENTENCE><SENTENCE><W>This</W><W>engine</W><W>does</W><W>nt</W><W>only</W><W>make</W><W>35</W><W>more</W><W>horsepower</W><W>on</W><W>the</W><W>high</W><W>end</W><W>,</W><W>500</W><W>RPM</W><W>further</W><W>up</W><W>the</W><W>tach</W><W>.</W></SENTENCE><SENTENCE><W>It</W><W>also</W><W>has</W><W>a</W><W>higher</W><W>,</W><W>flatter</W><W>torque</W><W>curve</W><W>through</W><W>the</W><W>mid-range</W><W>,</W><W>so</W><W>it</W><W>will</W><C><W>feel</W></C><W>stronger</W><W>even</W><W>in</W><W>relaxed</W><W>driving</W><W>.</W></SENTENCE><SENTENCE><W>The</W><W>torque</W><W>peak</W><W>is</W><W>16</W><W>lbs.-ft</W><W>.</W></SENTENCE><SENTENCE><W>higher</W><W>,</W><C><W>and</W></C><W>is</W><W>reached</W><W>1200</W><W>RPM</W><W>sooner</W><W>.</W></SENTENCE><SENTENCE><W>This</W><W>paradox</W><W>is</W><W>made</W><C><cue ID="32" type="speculation"><W>possible</W></cue></C><xcope ID="97"><ref COMMENTS="" ID="163" SRC="32"></ref><W>by</W><W>a</W><W>sophisticated</W><W>two-stage</W><W>manifold</W><C><cue ID="33" type="negation"><W>not</W></cue></C><xcope ID="96"><ref COMMENTS="" ID="162" SRC="33"></ref><W>found</W><W>in</W><W>the</W><W>standard</W><W>CL.</W></xcope></xcope></SENTENCE><SENTENCE><W>As</W><W>a</W><W>further</W><W>bonus</W><W>,</W><W>the</W><W>Type</W><W>S</W><W>engine</W><W>earned</W><W>the</W><W>same</W><W>EPA</W><W>numbers</W><W>as</W><W>the</W><W>225</W><W>horsepower</W><W>one</W><W>:</W><W>19/29</W><W>.</W></SENTENCE><SENTENCE><W>Honda</W><W>certainly</W><W>has</W><W>a</W><W>way</W><W>with</W><W>engines</W><W>.</W></SENTENCE></P><P></P><P><SENTENCE><W>I</W><C><cue ID="35" type="speculation"><W>should</W></cue></C><xcope ID="98"><ref COMMENTS="" ID="165" SRC="35"></ref><W>add</W><W>that</W><W>the</W><W>engine</W><W>also</W><W>makes</W><W>nice</W><W>sounds</W></xcope><W>.</W></SENTENCE><SENTENCE><W>When</W><W>pushed</W><W>,</W><W>it</W><W>does</W><C><cue ID="34" type="negation"><W>not</W></cue></C><xcope ID="99"><ref COMMENTS="" ID="164" SRC="34"></ref><W>attempt</W><W>to</W><W>be</W><W>silent</W></xcope><W>.</W></SENTENCE><SENTENCE><W>Fortunately</W><W>,</W><W>the</W><W>mellow</W><W>growl</W><W>at</W><W>high</W><W>RPM</W><W>connotes</W><W>refined</W><W>power</W><W>.</W></SENTENCE><SENTENCE><W>I</W><W>personally</W><W>prefer</W><W>the</W><W>slightly</W><W>more</W><W>throaty</W><W>,</W><W>more</W><W>mechanical</W><W>,</W><W>sportier</W><W>voice</W><W>of</W><W>the</W><W>BMW</W><W>3</W><W>liter</W><W>,</W><W>but</W><W>this</W><W>engine</W><W>sounds</W><W>more</W><W>luxurious</W><W>.</W></SENTENCE><SENTENCE><W>Anyone</W><W>interested</W><W>in</W><W>this</W><W>type</W><W>of</W><W>car</W><W>will</W><W>rev</W><W>the</W><W>engine</W><W>from</W><W>time</W><W>to</W><W>time</W><W>just</W><W>to</W><W>hear</W><W>it</W><W>burble</W><W>.</W></SENTENCE></P><P></P><P><SENTENCE><W>I</W><W>really</W><W>wish</W><W>a</W><W>manual</W><W>transmission</W><W>were</W><W>available</W><W>in</W><W>this</W><W>car</W><W>.</W></SENTENCE><SENTENCE><W>That</W><W>(</W><C><W>and</W></C><W>a</W><W>hand-operating</W><W>parking</W><W>brake</W><W>)</W><C><cue ID="37" type="speculation"><W>would</W></cue></C><xcope ID="100"><ref COMMENTS="" ID="166" SRC="37"></ref><W>solidify</W><W>its</W><W>claim</W><W>to</W><W>be</W><W>a</W><W>serious</W><W>contender</W><W>among</W><W>performance</W><W>coupes</W></xcope><W>.</W></SENTENCE><SENTENCE><W>It</W><C><cue ID="36" type="speculation"><W>would</W></cue></C><xcope ID="101"><ref COMMENTS="" ID="167" SRC="36"></ref><W>also</W><W>make</W><W>the</W><W>car</W><W>more</W><W>fun</W><W>to</W><W>drive</W></xcope><W>,</W><W>at</W><W>least</W><W>for</W><W>me</W><W>.</W></SENTENCE><SENTENCE><W>The</W><W>&#34;</W><W>sportshift</W><W>&#34;</W><W>was</W><W>easy</W><W>to</W><W>use</W><W>:</W><W>just</W><W>slide</W><W>the</W><W>lever</W><W>into</W><W>a</W><W>short</W><W>slot</W><W>to</W><W>the</W><W>left</W><W>of</W><W>&#34;</W><W>D</W><W>,</W><W>&#34;</W><C><W>and</W></C><W>then</W><W>push</W><W>forward</W><W>to</W><W>upshift</W><C><W>and</W></C><W>pull</W><W>backward</W><W>to</W><W>downshift</W><W>.</W></SENTENCE><SENTENCE><W>This</W><W>allows</W><W>you</W><W>to</W><W>quickly</W><C><W>and</W></C><W>easily</W><W>control</W><W>which</W><W>gear</W><W>you</W><W>are</W><W>in</W><W>.</W></SENTENCE><SENTENCE><W>But</W><W>,</W><W>at</W><W>least</W><W>for</W><W>me</W><W>,</W><W>nothing</W><C><cue ID="38" type="speculation"><W>can</W></cue></C><xcope ID="102"><ref COMMENTS="" ID="168" SRC="38"></ref><W>replace</W><W>the</W><W>responsiveness</W></xcope><C><W>and</W></C><W>&#34;at</W><W>one</W><W>with</W><W>the</W><W>car</W><W>&#34;</W><W>feeling</W><W>you</W><W>get</W><W>from</W><W>a</W><W>good</W><W>clutch</W><C><W>and</W></C><W>manual</W><W>shifter</W><W>.</W></SENTENCE></P><P></P><P><SENTENCE><W>As</W><W>I</W><W>&#39;ve</W><W>already</W><W>mentioned</W><W>,</W><W>this</W><W>wish</W><W>has</W><W>now</W><W>been</W><W>granted</W><W>.</W></SENTENCE><SENTENCE><W>In</W><W>my</W><W>review</W><W>of</W><W>the</W><W>2003</W><W>I</W><W>describe</W><W>the</W><W>happy</W><W>results</W><W>.</W></SENTENCE></P><P></P><P><SENTENCE><W>The</W><W>key</W><W>challenge</W><W>faced</W><W>by</W><W>Hondas</W><W>engineers</W><W>was</W><W>surely</W><W>how</W><W>to</W><W>manage</W><W>260</W><W>horsepower</W><W>through</W><W>the</W><W>front</W><W>wheels</W><W>.</W></SENTENCE><SENTENCE><W>The</W><W>key</W><W>difference</W><W>between</W><W>this</W><W>car</W><C><W>and</W></C><W>the</W><W>BMW</W><W>is</W><W>that</W><W>this</W><W>car</W><W>,</W><W>due</W><W>to</W><W>its</W><W>Accord</W><W>roots</W><W>,</W><W>is</W><W>front-wheel-drive</W><W>.</W></SENTENCE><SENTENCE><W>Generally</W><W>,</W><W>channeling</W><W>a</W><W>great</W><W>deal</W><W>of</W><W>power</W><W>through</W><W>the</W><W>front</W><W>wheels</W><W>results</W><W>in</W><W>torque</W><W>steer</W><W>:</W><W>the</W><W>car</W><W>pulls</W><W>to</W><W>one</W><W>side</W><W>during</W><W>hard</W><W>acceleration</W><W>.</W></SENTENCE><SENTENCE><W>Remarkably</W><W>for</W><W>such</W><W>a</W><W>powerful</W><W>front</W><W>driver</W><W>,</W><W>torque</W><W>steer</W><W>is</W><W>all</W><W>but</W><C><W>absent</W></C><W>.</W></SENTENCE><SENTENCE><W>Under</W><W>hard</W><W>acceleration</W><W>the</W><W>steering</W><W>acquired</W><W>an</W><W>additional</W><W>degree</W><W>of</W><W>stiffness</W><W>(</W><W>partly</W><W>an</W><W>artifact</W><W>of</W><W>the</W><W>way</W><W>the</W><W>variable</W><W>assist</W><W>is</W><W>set</W><W>up</W><W>)</W><W>,</W><W>but</W><W>it</W><W>did</W><C><cue ID="39" type="negation"><W>not</W></cue></C><xcope ID="106"><ref COMMENTS="" ID="170" SRC="39"></ref><W>tug</W><W>to</W><xcope ID="105"><W>one</W><W>side</W></xcope><C><cue ID="40" type="speculation"><W>or</W></cue></C><xcope ID="104"><ref COMMENTS="" ID="169" SRC="40"></ref><W>the</W><W>other</W></xcope></xcope><W>.</W></SENTENCE><SENTENCE><W>Many</W><W>other</W><W>car</W><W>companies</W><C><cue ID="41" type="speculation"><W>should</W></cue></C><xcope ID="103"><ref COMMENTS="" ID="171" SRC="41"></ref><W>study</W><W>this</W><W>car</W><W>to</W><W>figure</W><W>out</W><W>how</W><W>this</W><W>was</W><W>done</W></xcope><W>.</W></SENTENCE></P><P></P><P><SENTENCE><W>On</W><W>the</W><W>whole</W><W>,</W><W>handling</W><W>was</W><W>also</W><W>impressive</W><W>for</W><xcope ID="108"><ref COMMENTS="" ID="173" SRC="42"></ref><W>a</W><W>front-driver</W></xcope><W>,</W><C><cue ID="42" type="speculation"><W>or</W></cue></C><xcope ID="107"><ref COMMENTS="" ID="172" SRC="42"></ref><W>a</W><W>rear-driver</W><W>for</W><W>that</W><W>matter</W></xcope><W>.</W></SENTENCE><SENTENCE><W>Though</W><W>weight</W><W>distribution</W><W>is</W><W>far</W><W>from</W><W>even</W><W>,</W><W>understeer</W><W>in</W><W>hard</W><W>turns</W><W>is</W><W>moderate</W><W>(</W><W>though</W><W>always</W><W>present</W><W>)</W><W>.</W></SENTENCE><SENTENCE><W>The</W><W>nicely-tuned</W><W>suspension</W><W>,</W><W>despite</W><W>tires</W><W>with</W><W>only</W><W>a</W><W>215</W><W>mm</W><W>cross-section</W><W>,</W><W>sticks</W><W>very</W><W>well</W><W>.</W></SENTENCE><SENTENCE><W>I</W><W>drove</W><W>this</W><W>car</W><W>hard</W><W>along</W><W>a</W><W>curvy</W><W>road</W><W>,</W><W>yet</W><W>felt</W><W>well</W><W>within</W><W>the</W><W>limits</W><W>of</W><W>the</W><W>car</W><W>.</W></SENTENCE><SENTENCE><W>The</W><W>front-drive</W><W>layout</W><W>,</W><C><cue ID="43" type="negation"><W>not</W></cue></C><xcope ID="109"><ref COMMENTS="" ID="174" SRC="43"></ref><W>matter</W><W>how</W><W>well</W><W>it</W><W>is</W><W>tuned</W></xcope><W>,</W><W>simply</W><W>does</W><C><cue ID="44" type="negation"><W>not</W></cue></C><xcope ID="111"><ref COMMENTS="" ID="175" SRC="44"></ref><W>allow</W><W>the</W><W>kind</W><W>of</W><W>power-on</W><W>oversteer</W></xcope><W>that</W><C><cue ID="45" type="speculation"><W>can</W></cue></C><xcope ID="110"><ref COMMENTS="" ID="176" SRC="45"></ref><W>readily</W><W>be</W><W>had</W><W>in</W><W>the</W><W>BMW.</W></xcope></SENTENCE><SENTENCE><W>Otherwise</W><W>this</W><W>is</W><W>a</W><W>fine</W><W>chassis</W><W>.</W></SENTENCE><SENTENCE><C><W>Not</W></C><W>quite</W><W>as</W><W>tossable</W><W>,</W><W>but</W><W>very</W><W>stable</W><C><W>and</W></C><W>enjoyable</W><W>enough</W><W>for</W><W>most</W><W>drivers</W><W>.</W></SENTENCE><SENTENCE><W>The</W><W>overall</W><W>feeling</W><W>is</W><W>simply</W><W>of</W><W>a</W><W>larger</W><W>,</W><W>more</W><W>luxurious</W><W>car</W><W>.</W></SENTENCE><SENTENCE><W>I</W><W>felt</W><W>more</W><W>cosseted</W><W>than</W><W>connected</W><W>.</W></SENTENCE><SENTENCE><W>For</W><W>those</W><W>who</W><W>really</W><W>like</W><W>to</W><W>make</W><W>a</W><W>car</W><W>dance</W><W>,</W><C><W>and</W></C><W>I</W><W>am</W><W>among</W><W>these</W><W>,</W><W>Id</W><W>still</W><W>recommend</W><W>finding</W><W>the</W><W>additional</W><W>cash</W><W>for</W><W>the</W><W>BMW.</W></SENTENCE><SENTENCE><W>But</W><W>most</W><W>people</W><W>shopping</W><W>these</W><W>cars</W><W>will</W><W>find</W><W>the</W><W>Acuras</W><W>chassis</W><W>more</W><W>than</W><W>sufficient</W><W>for</W><W>how</W><W>they</W><W>typically</W><W>drive</W><W>.</W></SENTENCE></P><P></P><P><SENTENCE><W>I</W><W>do</W><C><cue ID="46" type="negation"><W>not</W></cue></C><xcope ID="113"><ref COMMENTS="" ID="178" SRC="46"></ref><C><cue ID="47" type="speculation"><W>think</W></cue></C><xcope ID="112"><ref COMMENTS="" ID="177" SRC="47"></ref><W>most</W><W>luxury</W><W>coupe</W><W>buyers</W><W>will</W><W>be</W><W>troubled</W><W>by</W><W>the</W><W>major</W><W>fault</W><W>I</W><W>had</W><W>with</W><W>the</W><W>car</W></xcope></xcope><W>:</W><W>its</W><W>steering</W><W>.</W></SENTENCE><SENTENCE><W>When</W><W>the</W><W>car</W><W>is</W><W>driven</W><W>in</W><W>a</W><W>relaxed</W><W>manner</W><W>,</W><W>the</W><W>steering</W><W>feels</W><W>pretty</W><W>good</W><W>,</W><W>with</W><W>a</W><W>desirable</W><W>amount</W><W>of</W><W>heft</W><W>(</W><C><cue ID="49" type="speculation"><W>if</W></cue></C><xcope ID="115"><ref COMMENTS="" ID="180" SRC="49"></ref><C><cue ID="48" type="negation"><W>not</W></cue></C><xcope ID="114"><ref COMMENTS="" ID="179" SRC="48"></ref><W>exactly</W><W>road</W><C><W>feel</W></C><W>)</W><W>once</W><W>the</W><W>car</W><W>exceeds</W><W>parking</W><W>lot</W><W>speeds</W></xcope></xcope><W>.</W></SENTENCE><SENTENCE><W>But</W><W>when</W><W>the</W><W>car</W><W>is</W><W>driven</W><W>in</W><W>a</W><W>spirited</W><W>manner</W><W>,</W><W>steering</W><C><W>feel</W></C><W>jumps</W><W>all</W><W>over</W><W>the</W><W>map</W><W>,</W><W>going</W><W>heavy</W><W>,</W><W>then</W><W>light</W><W>,</W><W>then</W><W>suddenly</W><W>heavy</W><W>again</W><W>,</W><W>sometimes</W><W>within</W><W>the</W><W>span</W><W>of</W><W>a</W><W>few</W><W>seconds</W><W>.</W></SENTENCE><SENTENCE><W>While</W><W>this</W><W>poses</W><C><W>no</W></C><W>safety</W><W>issues</W><W>,</W><W>it</W><W>detracts</W><W>from</W><W>the</W><C><W>feel</W></C><W>of</W><W>the</W><W>road</W><W>desired</W><W>from</W><W>the</W><W>steering</W><W>of</W><W>a</W><W>drivers</W><W>car</W><W>.</W></SENTENCE></P><P></P><P><SENTENCE><W>Over</W><W>most</W><W>surfaces</W><W>the</W><W>CL</W><W>Type-S</W><W>rides</W><W>quite</W><W>well</W><W>,</W><W>especially</W><W>considering</W><W>the</W><W>capabilities</W><W>of</W><W>its</W><W>chassis</W><W>.</W></SENTENCE><SENTENCE><W>The</W><W>only</W><W>exception</W><W>I</W><W>noticed</W><W>was</W><W>some</W><W>jitteriness</W><W>over</W><W>slightly</W><W>imperfect</W><W>surfaces</W><W>.</W></SENTENCE><SENTENCE><W>Ive</W><W>noticed</W><W>this</W><W>characteristic</W><W>in</W><W>some</W><W>other</W><W>cars</W><W>with</W><W>low-profile</W><W>tires</W><W>.</W></SENTENCE><SENTENCE><W>I</W><W>personally</W><C><W>feel</W></C><W>this</W><W>is</W><W>an</W><W>unnecessary</W><W>trade-off</W><W>to</W><W>make</W><W>to</W><W>get</W><W>that</W><W>final</W><W>bit</W><W>of</W><W>steering</W><W>response</W><W>.</W></SENTENCE><SENTENCE><W>The</W><W>BMW</W><W>3s</W><W>Ive</W><W>driven</W><W>rode</W><W>better</W><W>,</W><W>even</W><W>with</W><W>the</W><W>Sport</W><W>Package</W><W>.</W></SENTENCE></P><P></P><P><SENTENCE><W>I</W><C><cue ID="50" type="speculation"><W>suspect</W></cue></C><xcope ID="122"><ref COMMENTS="" ID="187" SRC="50"></ref><W>the</W><W>standard</W><W>CL</W><C><cue ID="51" type="speculation"><W>would</W></cue></C><xcope ID="121"><ref COMMENTS="" ID="186" SRC="51"></ref><C><cue ID="52" type="negation"><W>not</W></cue></C><xcope ID="120"><ref COMMENTS="" ID="185" SRC="52"></ref><W>have</W><W>this</W><W>problem</W></xcope><W>.</W></xcope></xcope></SENTENCE><SENTENCE><W>I</W><W>have</W><C><cue ID="53" type="negation"><W>not</W></cue></C><xcope ID="119"><ref COMMENTS="" ID="182" SRC="53"></ref><W>driven</W><W>the</W><W>standard</W><W>CL</W></xcope><W>,</W><W>so</W><W>I</W><C><cue ID="54" type="speculation"><W>can</W></cue></C><xcope ID="118"><ref COMMENTS="" ID="181" SRC="54"></ref><W>only</W><W>guess</W><W>at</W><W>how</W><W>it</W><W>compares</W></xcope><W>.</W></SENTENCE><SENTENCE><W>The</W><W>extra</W><W>power</W><W>of</W><W>the</W><W>Type</W><W>S</W><W>sounds</W><W>nice</W><W>,</W><W>260</W><W>is</W><W>a</W><W>big</W><W>number</W><W>,</W><W>but</W><C><cue ID="55" type="speculation"><W>may</W></cue></C><xcope ID="117"><ref COMMENTS="" ID="184" SRC="55"></ref><C><cue ID="56" type="negation"><W>not</W></cue></C><xcope ID="116"><ref COMMENTS="" ID="183" SRC="56"></ref><W>make</W><W>such</W><W>a</W><W>large</W><W>difference</W><W>in</W><W>actual</W><W>driving</W></xcope></xcope><W>.</W></SENTENCE><SENTENCE><W>The</W><W>same</W><W>goes</W><W>for</W><W>the</W><W>stiffer</W><W>suspension</W><C><W>and</W></C><W>larger</W><W>wheels</W><W>of</W><W>the</W><W>Type</W><W>S.</W><W>Are</W><W>the</W><W>engine</W><W>,</W><W>suspension</W><W>,</W><C><W>and</W></C><W>interior</W><W>trim</W><W>differences</W><W>of</W><W>the</W><W>Type</W><W>S</W><W>worth</W><W>the</W><W>extra</W><W>$</W><W>2,350</W><W>?</W></SENTENCE><SENTENCE><W>I</W><W>urge</W><C><W>potential</W></C><W>buyers</W><W>to</W><W>drive</W><W>both</W><W>CLs</W><C><W>and</W></C><W>make</W><W>this</W><W>judgement</W><W>for</W><W>themselves</W><W>.</W></SENTENCE></P><P></P><P><SENTENCE><W>Last</W><W>Words</W></SENTENCE></P><P></P><P><SENTENCE><W>In</W><W>the</W><W>end</W><W>I</W><W>was</W><W>impressed</W><W>by</W><W>the</W><W>CL</W><W>Type</W><W>S</W><W>,</W><W>but</W><C><cue ID="57" type="negation"><W>not</W></cue></C><xcope ID="123"><ref COMMENTS="" ID="189" SRC="57"></ref><W>in</W><W>love</W><W>with</W><W>it</W></xcope><W>.</W></SENTENCE><SENTENCE><W>Its</W><W>a</W><W>matter</W><W>of</W><W>personal</W><W>preference</W><W>.</W></SENTENCE><SENTENCE><C><cue ID="58" type="speculation"><W>If</W></cue></C><xcope ID="124"><ref COMMENTS="" ID="188" SRC="58"></ref><W>you</W><W>want</W><W>a</W><W>luxurious</W></xcope><W>,</W><W>fully</W><W>loaded</W><W>coupe</W><W>with</W><W>a</W><W>lot</W><W>of</W><W>power</W><C><W>and</W></C><W>above-average</W><W>handling</W><W>for</W><W>about</W><W>$</W><W>30k</W><W>,</W><W>then</W><W>this</W><W>is</W><C><cue ID="59" type="speculation"><W>probably</W></cue></C><xcope ID="125"><ref COMMENTS="" ID="190" SRC="59"></ref><W>your</W><W>best</W><W>choice</W></xcope><W>.</W></SENTENCE><SENTENCE><W>It</W><W>certainly</W><W>appeals</W><W>to</W><W>me</W><W>more</W><W>than</W><W>the</W><W>Toyota</W><W>Solara</W><W>,</W><W>its</W><W>closest</W><W>competitor</W><xcope ID="127"><ref COMMENTS="" ID="192" SRC="61"></ref><W>in</W><W>terms</W><W>of</W><W>features</W><C><W>and</W></C><W>price</W></xcope><W>,</W><C><cue ID="61" type="speculation"><W>or</W></cue></C><xcope ID="126"><ref COMMENTS="" ID="191" SRC="61"></ref><W>even</W><W>some</W><W>more</W><W>expensive</W><W>coupes</W></xcope><W>such</W><W>as</W><W>the</W><W>Volvo</W><W>C70</W><W>.</W></SENTENCE><SENTENCE><W>This</W><W>is</W><W>a</W><W>lot</W><W>of</W><W>coupe</W><W>for</W><W>the</W><W>money</W><W>,</W><C><W>and</W></C><W>it</W><W>has</W><W>a</W><W>number</W><W>of</W><W>strengths</W><W>.</W></SENTENCE><SENTENCE><W>But</W><C><cue ID="63" type="speculation"><W>if</W></cue></C><xcope ID="128"><ref COMMENTS="" ID="193" SRC="63"></ref><W>you</W><W>want</W><W>the</W><W>most</W><W>enjoyable</W><W>coupe</W><W>to</W><W>drive</W></xcope><W>,</W><W>with</W><W>other</W><W>factors</W><W>being</W><W>secondary</W><W>,</W><W>the</W><W>BMW,</W><W>even</W><W>the</W><W>less</W><W>powerful</W><W>325Ci</W><W>,</W><W>remains</W><W>a</W><W>better</W><W>choice</W><W>due</W><W>to</W><W>its</W><W>superior</W><W>steering</W><C><W>and</W></C><W>handling</W><W>.</W></SENTENCE><SENTENCE><W>Especially</W><C><cue ID="62" type="speculation"><W>if</W></cue></C><xcope ID="129"><ref COMMENTS="" ID="194" SRC="62"></ref><W>your</W><W>definition</W><W>of</W><W>an</W><W>enjoyable</W><W>coupe</W><W>includes</W><W>a</W><W>manual</W><W>transmission</W><C><W>and</W></C><W>a</W><W>tossable</W><W>chassis</W></xcope><W>.</W></SENTENCE></P></DOCUMENT>
