<?xml version="1.0" encoding="UTF-8"?>
<DOCUMENT><P></P><P><SENTENCE><W>The</W><W>2002</W><W>Acura</W><W>3.2CL</W><W>is</W><W>an</W><W>all-around</W><W>car</W><W>.</W></SENTENCE><SENTENCE><W>It</W><W>comes</W><W>with</W><W>pretty</W><W>much</W><W>everything</W><W>standard</W><W>.</W></SENTENCE><SENTENCE><W>It</W><W>&#39;s</W><W>simply</W><W>an</W><W>extensive</W><W>vehicle</W><W>,</W><W>that</W><W>covers</W><W>all</W><W>aspects</W><W>of</W><W>driving</W><W>,</W><W>comfort</W><W>,</W><C><W>and</W></C><W>convenience</W><W>.</W></SENTENCE></P><P></P><P><SENTENCE><W>Exterior</W></SENTENCE></P><P></P><P><SENTENCE><W>One</W><W>look</W><W>at</W><W>this</W><W>car</W><W>,</W><C><W>and</W></C><W>this</W><W>section</W><W>of</W><W>the</W><W>review</W><W>speaks</W><W>for</W><W>itself</W><W>!</W></SENTENCE><SENTENCE><W>The</W><W>2002</W><W>3.2CL</W><W>undoubtedly</W><W>offers</W><W>a</W><W>sharp</W><W>,</W><W>clean</W><W>look</W><W>to</W><W>it</W><W>.</W></SENTENCE><SENTENCE><W>The</W><W>curves</W><W>of</W><W>this</W><W>car</W><W>truly</W><W>makes</W><W>one</W><W>drool</W><W>upon</W><W>the</W><W>sight</W><W>of</W><W>it</W><W>.</W></SENTENCE><SENTENCE><W>All</W><W>in</W><W>all</W><W>,</W><W>the</W><W>car</W><W>is</W><W>very</W><W>well</W><W>modeled</W><W>,</W><W>especially</W><W>with</W><W>the</W><W>dual</W><W>exhaust</W><W>in</W><W>the</W><W>back</W><W>,</W><W>allowing</W><W>for</W><W>a</W><W>nice</W><W>symmetry</W><W>.</W></SENTENCE><SENTENCE><W>The</W><W>curvature</W><W>of</W><W>this</W><W>car</W><W>also</W><W>facilitates</W><W>the</W><W>washing</W><W>of</W><W>the</W><W>car</W><W>,</W><W>since</W><W>curves</W><W>are</W><W>much</W><W>easier</W><W>to</W><W>get</W><W>around</W><W>than</W><W>corners</W><W>.</W></SENTENCE></P><P></P><P><SENTENCE><W>Interior</W></SENTENCE></P><P></P><P><SENTENCE><W>One</W><C><cue ID="0" type="speculation"><W>could</W></cue></C><xcope ID="81"><ref ID="165" SRC="0"></ref><C><cue ID="1" type="negation"><W>not</W></cue></C><xcope ID="80"><ref ID="164" SRC="1"></ref><W>ask</W><W>for</W><W>a</W><W>more</W><W>well-equipped</W><W>interior</W><W>than</W><W>the</W><W>one</W><W>Acura</W><W>provides</W><W>you</W><W>with</W></xcope></xcope><W>.</W></SENTENCE><SENTENCE><W>The</W><W>3.2CL</W><W>is</W><W>nicely</W><W>equipped</W><W>with</W><W>leather</W><W>seats</W><W>,</W><W>which</W><W>are</W><W>quite</W><W>comfortable</W><W>.</W></SENTENCE><SENTENCE><W>Because</W><W>the</W><W>car</W><W>is</W><W>coupe</W><W>,</W><W>the</W><W>driver</W><C><W>and</W></C><W>passenger</W><W>&#39;s</W><W>seats</W><W>are</W><W>designed</W><W>to</W><W>be</W><W>much</W><W>more</W><W>comfortable</W><W>,</W><W>than</W><W>say</W><W>-</W><W>a</W><W>sedan</W><W>.</W></SENTENCE><SENTENCE><W>This</W><W>is</W><W>definitely</W><W>evidenced</W><W>by</W><W>this</W><W>vehicle</W><W>.</W></SENTENCE><SENTENCE><W>The</W><W>driver</W><C><W>and</W></C><W>passenger</W><W>&#39;s</W><W>seats</W><W>are</W><W>both</W><W>somewhat</W><W>deep</W><W>bucket</W><W>seats</W><W>that</W><W>allow</W><W>you</W><W>to</W><W>sit</W><W>snugly</W><W>in</W><W>the</W><W>seats</W><C><cue ID="2" type="negation"><W>without</W></cue></C><xcope ID="82"><ref COMMENTS="" ID="166" SRC="2"></ref><W>being</W><W>overly</W><W>comfortable</W></xcope><W>.</W></SENTENCE><SENTENCE><W>Because</W><W>I</W><W>rarely</W><W>have</W><W>any</W><W>reason</W><W>to</W><W>sit</W><W>in</W><W>the</W><W>back</W><W>seat</W><W>of</W><W>my</W><W>own</W><W>car</W><W>,</W><W>my</W><W>account</W><W>of</W><W>the</W><W>back</W><C><cue ID="3" type="speculation"><W>may</W></cue></C><xcope ID="84"><ref ID="168" SRC="3"></ref><C><cue ID="4" type="negation"><W>not</W></cue></C><xcope ID="83"><ref ID="167" SRC="4"></ref><W>be</W><W>accurate</W></xcope></xcope><W>.</W></SENTENCE><SENTENCE><W>However</W><W>,</W><W>I</W><W>have</W><W>sat</W><W>in</W><W>the</W><W>back</W><W>,</W><W>just</W><C><cue ID="5" type="negation"><W>not</W></cue></C><xcope ID="85"><ref ID="169" SRC="5"></ref><W>for</W><W>a</W><W>trip</W></xcope><W>.</W></SENTENCE><SENTENCE><W>It</W><C><cue ID="6" type="speculation"><W>seems</W></cue></C><xcope ID="87"><ref COMMENTS="" ID="171" SRC="6"></ref><W>the</W><W>back</W><C><cue ID="7" type="speculation"><W>could</W></cue></C><xcope ID="86"><ref COMMENTS="" ID="170" SRC="7"></ref><W>use</W><W>a</W><W>little</W><W>more</W><W>leg</W><W>room</W></xcope></xcope><W>,</W><W>but</W><W>this</W><W>of</W><W>course</W><W>only</W><W>depends</W><W>on</W><W>the</W><W>seating</W><W>of</W><W>the</W><W>driver</W><W>and/or</W><W>passenger</W><W>.</W></SENTENCE><SENTENCE><W>Regardless</W><W>,</W><W>the</W><W>seats</W><W>in</W><W>the</W><W>back</W><W>are</W><W>rather</W><W>comfortable</W><W>.</W></SENTENCE><SENTENCE><W>I</W><W>have</W><W>also</W><W>been</W><W>told</W><W>this</W><W>by</W><W>my</W><W>passengers</W><W>.</W></SENTENCE><SENTENCE><W>Of</W><W>course</W><W>,</W><C><cue ID="8" type="speculation"><W>if</W></cue></C><xcope ID="88"><ref ID="172" SRC="8"></ref><W>you</W><W>do</W><W>intend</W><W>on</W><W>having</W><W>more</W><W>than</W><W>1</W><W>passenger</W><W>in</W><W>your</W><W>car</W><W>at</W><W>a</W><W>time</W></xcope><W>,</W><W>you</W><C><cue ID="9" type="speculation"><W>may</W></cue></C><xcope ID="89"><ref ID="173" SRC="9"></ref><W>want</W><W>to</W><W>consider</W><W>the</W><W>Acura</W><W>TL</W></xcope><W>-</W><W>the</W><W>CL</W><W>,</W><W>just</W><W>with</W><W>4</W><W>doors</W><W>,</W><W>pretty</W><W>much</W><W>.</W></SENTENCE></P><P></P><P><SENTENCE><W>Handling</W></SENTENCE></P><P></P><P><SENTENCE><W>The</W><W>handling</W><W>on</W><W>the</W><W>CL</W><W>is</W><W>pretty</W><W>decent</W><W>.</W></SENTENCE><SENTENCE><W>It</W><W>drives</W><W>very</W><W>smoothly</W><W>,</W><W>but</W><W>a</W><W>bit</W><W>heavily</W><W>.</W></SENTENCE><SENTENCE><C><cue ID="10" type="speculation"><W>If</W></cue></C><xcope ID="90"><ref COMMENTS="" ID="176" SRC="10"></ref><W>youre</W><W>the</W><W>type</W><W>who</W><W>speeds</W><W>excessively</W><W>around</W><W>corners</W></xcope><C><W>and</W></C><xcope ID="92"><ref COMMENTS="" ID="175" SRC="12"></ref><W>enjoys</W><W>being</W><W>thrown</W><W>into</W><W>your</W><W>door</W></xcope><C><cue ID="12" type="speculation"><W>or</W></cue></C><xcope ID="93"><ref COMMENTS="" ID="174" SRC="12"></ref><W>armrest</W><W>around</W><W>these</W><W>turns</W></xcope><W>,</W><W>you</W><C><cue ID="11" type="speculation"><W>might</W></cue></C><xcope ID="91"><ref ID="177" SRC="11"></ref><W>consider</W><W>another</W><W>vehicle</W></xcope><W>,</W><W>such</W><W>as</W><W>the</W><W>Lexus</W><W>IS300</W><W>,</W><W>Subaru</W><W>Impreza</W><W>WRX</W><W>,</W><C><W>and</W></C><W>other</W><W>competing</W><W>models</W><W>.</W></SENTENCE><SENTENCE><W>Of</W><W>course</W><W>,</W><W>you</W><W>do</W><W>sacrifice</W><W>certain</W><W>features</W><W>when</W><W>you</W><W>choose</W><W>another</W><W>car</W><W>.</W></SENTENCE></P><P></P><P><SENTENCE><W>Regardless</W><W>,</W><W>the</W><W>bucket</W><W>seats</W><W>hold</W><W>you</W><W>nicely</W><W>around</W><W>those</W><W>curves</W><C><W>and</W></C><W>turns</W><C><W>and</W></C><W>the</W><W>car</W><W>accelerates</W><W>very</W><W>smoothly</W><W>,</W><C><cue ID="13" type="speculation"><W>if</W></cue></C><xcope ID="94"><ref ID="178" SRC="13"></ref><W>driven</W><W>regularly</W></xcope><W>.</W></SENTENCE><SENTENCE><W>It</W><cue ID="14" type="negation"><W>does</W><W>nt</W></cue><xcope ID="95"><ref COMMENTS="" ID="179" SRC="14"></ref><W>exactly</W><W>have</W><W>the</W><W>fastest</W><W>acceleration</W><W>of</W><W>its</W><W>competing</W><W>models</W></xcope><W>,</W><W>but</W><W>it</W><W>s</W><W>pretty</W><W>decent</W><W>,</W><W>provided</W><W>the</W><W>cars</W><W>weight</W><W>(</W><W>3485</W><W>lbs</W><W>.</W></SENTENCE><SENTENCE><W></W><W>with</W><W>Navigation</W><W>;</W><C><cue ID="15" type="negation"><W>without</W></cue></C><xcope ID="96"><ref COMMENTS="" ID="180" SRC="15"></ref><W></W><W>3470</W><W>lbs</W></xcope><W>)</W><W>.</W></SENTENCE><SENTENCE><W>All</W><W>in</W><W>all</W><W>,</W><W>the</W><W>handling</W><W>of</W><W>this</W><W>car</W><W>is</W><W>pretty</W><W>good</W><W>,</W><W>unless</W><W>youre</W><W>one</W><W>with</W><W>a</W><W>passion</W><W>for</W><W>speed</W><C><W>and</W></C><W>hard</W><W>cornering</W><W>.</W></SENTENCE></P><P></P><P><SENTENCE><W>Features</W></SENTENCE></P><P></P><P><SENTENCE><W>The</W><W>3.2CL</W><W>is</W><W>equipped</W><W>with</W><W>pretty</W><W>much</W><W>everything</W><W>standard</W><W>,</W><W>which</W><W>I</W><C><W>feel</W></C><W>is</W><W>a</W><W>big</W><W>advantage</W><W>of</W><W>owning</W><W>this</W><W>car</W><W>.</W></SENTENCE><SENTENCE><W>Everything</W><W>from</W><W>the</W><W>tape</W><W>deck</W><W>to</W><W>leather</W><W>seats</W><W>is</W><W>in</W><W>this</W><W>vehicle</W><W>,</W><W>which</W><W>make</W><W>it</W><W>such</W><W>an</W><W>enjoyment</W><W>driving</W><W>.</W></SENTENCE></P><P></P><P><SENTENCE><W>Navigation/GPS</W><W>(</W><W>optional</W><W>)</W></SENTENCE></P><P></P><P><SENTENCE><W>The</W><W>GPS</W><W>(</W><W>Global</W><W>Positioning</W><W>System</W><W>)</W><W>is</W><W>exceptional</W><W>on</W><W>this</W><W>vehicle</W><W>.</W></SENTENCE><SENTENCE><W>It</W><W>is</W><W>a</W><W>touch-screen</W><W>navigation</W><W>system</W><W>,</W><W>which</W><W>makes</W><W>it</W><W>much</W><W>more</W><W>convenient</W><W>than</W><W>some</W><W>of</W><W>the</W><W>current</W><W>navigation</W><W>systems</W><W>that</W><W>are</W><W>on</W><W>the</W><W>market</W><W>.</W></SENTENCE><SENTENCE><W>Many</W><W>require</W><W>the</W><W>use</W><W>of</W><W>a</W><W>small</W><W>knob-like</W><W>object</W><W>to</W><W>select</W><W>your</W><W>choice</W><W>,</W><W>which</W><C><cue ID="16" type="speculation"><W>can</W></cue></C><xcope ID="97"><ref COMMENTS="" ID="182" SRC="16"></ref><W>make</W><W>typing</W><W>in</W><W>long</W><W>addresses</W><W>a</W><W>hassle</W></xcope><W>.</W></SENTENCE><SENTENCE><W>With</W><W>the</W><W>CL</W><W>navigation</W><W>system</W><W>,</W><W>it</W><W>s</W><W>just</W><W>point</W><C><W>and</W></C><W>shoot</W><W>.</W><W></W></SENTENCE><SENTENCE><W>However</W><W>,</W><C><cue ID="17" type="speculation"><W>if</W></cue></C><xcope ID="98"><ref ID="181" SRC="17"></ref><W>you</W><W>do</W><W>prefer</W><W>the</W><W>joystick</W><W></W><W>style</W><W>knob</W></xcope><W>,</W><W>that</W><W>is</W><W>available</W><W>as</W><W>well</W><W>.</W></SENTENCE></P><P></P><P><SENTENCE><W>The</W><W>navigation</W><W>system</W><W>is</W><W>pretty</W><W>concise</W><W>.</W></SENTENCE><SENTENCE><W>The</W><W>female</W><W>voice</W><W>who</W><W>assists</W><W>you</W><W>guides</W><W>you</W><W>well</W><W>,</W><C><W>and</W></C><W>it</W><W>also</W><W>guides</W><W>you</W><W>to</W><W>your</W><W>preferences</W><W>,</W><W>which</W><W>it</W><C><cue ID="18" type="speculation"><W>should</W></cue></C><xcope ID="99"><ref ID="183" SRC="18"></ref><W>do</W><W>anyway</W></xcope><W>.</W></SENTENCE><SENTENCE><W>In</W><W>addition</W><W>,</W><W>you</W><C><cue ID="20" type="speculation"><W>can</W></cue></C><xcope ID="101"><ref ID="184" SRC="20"></ref><W>select</W><W>places</W><W>by</W><W>their</W><W>name</W></xcope><W>,</W><C><W>and</W></C><W>it</W><C><cue ID="19" type="speculation"><W>can</W></cue></C><xcope ID="100"><ref ID="185" SRC="19"></ref><W>sort</W><W>the</W><W>places</W><W>by</W><W>distance</W></xcope><W>,</W><C><W>and</W></C><W>so</W><W>forth</W><W>.</W></SENTENCE><SENTENCE><W>This</W><W>is</W><W>an</W><W>all-around</W><W>comprehensive</W><W>system</W><W>that</W><W>covers</W><W>all</W><W>aspects</W><W>of</W><W>navigation</W><C><W>and</W></C><W>GPS.</W></SENTENCE></P><P></P><P><SENTENCE><W>The</W><W>navigation</W><W>unit/screen</W><W>also</W><W>controls</W><W>the</W><W>A/C</W><W>air</W><W>flow</W><W>of</W><W>the</W><W>car</W><W>,</W><C><cue ID="21" type="speculation"><xcope ID="103"><ref COMMENTS="" ID="187" SRC="22"></ref><W>whether</W></xcope></cue></C><C><cue ID="22" type="speculation"><W>or</W></cue></C><C><cue ID="23" type="negation"><xcope ID="102"><ref ID="186" SRC="22"></ref><W>not</W></xcope></cue></C><W>you</W><W>want</W><W>A/C</W><W>itself</W><W>on</W><W>,</W><C><W>and</W></C><W>the</W><W>speed</W><W>at</W><W>which</W><W>the</W><W>fan</W><W>is</W><W>blown</W><W>.</W></SENTENCE><SENTENCE><W>This</W><W>feature</W><W>is</W><C><cue ID="24" type="speculation"><W>perhaps</W></cue></C><xcope ID="105"><ref COMMENTS="" ID="189" SRC="24"></ref><C><cue ID="25" type="negation"><W>not</W></cue></C><xcope ID="104"><ref COMMENTS="" ID="188" SRC="25"></ref><W>extremely</W><W>necessary</W></xcope><W>,</W></xcope><W>but</W><W>it</W><W>does</W><W>add</W><W>a</W><W>nice</W><W>touch</W><W>to</W><W>the</W><W>high-techness</W><W></W><W>of</W><W>this</W><W>car</W><W>.</W></SENTENCE></P><P></P><P><SENTENCE><W>Also</W><W>,</W><C><cue ID="26" type="speculation"><W>if</W></cue></C><xcope ID="108"><ref COMMENTS="" ID="192" SRC="26"></ref><W>you</W><W>are</W><C><cue ID="27" type="negation"><W>not</W></cue></C><xcope ID="106"><ref COMMENTS="" ID="191" SRC="28"></ref><W>using</W><W>the</W><W>navigation</W></xcope><C><cue ID="28" type="speculation"><W>or</W></cue></C><xcope ID="107"><ref COMMENTS="" ID="190" SRC="28"></ref><W>A/C</W><W>controls</W><W>at</W><W>the</W><W>time</W></xcope></xcope><W>,</W><W>it</W><C><cue ID="29" type="speculation"><W>can</W></cue></C><xcope ID="109"><ref COMMENTS="" ID="193" SRC="29"></ref><W>display</W><W>the</W><W>time</W><W>for</W><W>you</W><W>set</W><W>in</W><W>a</W><W>background</W><W>of</W><W>stars</W></xcope><W>.</W></SENTENCE><SENTENCE><W>However</W><W>,</W><C><cue ID="30" type="speculation"><W>if</W></cue></C><xcope ID="110"><ref COMMENTS="" ID="194" SRC="30"></ref><W>you</W><W>are</W><W>using</W><W>the</W><W>navigation</W></xcope><W>,</W><W>it</W><W>will</W><W>summon</W><W>the</W><W>time</W><W>to</W><W>the</W><W>bottom</W><W>right</W><W>corner</W><W>in</W><W>a</W><W>small</W><W>box</W><W>.</W></SENTENCE><SENTENCE><W>This</W><W>is</W><W>a</W><W>con</W><W>because</W><W>there</W><W>are</W><C><cue ID="31" type="negation"><W>no</W></cue></C><xcope ID="111"><ref COMMENTS="" ID="195" SRC="31"></ref><W>other</W><W>points</W><W>on</W><W>the</W><W>car</W><W>in</W><W>which</W><W>it</W><W>displays</W><W>time</W></xcope><W>,</W><W>making</W><W>the</W><W>driver</W><W>,</W><W>who</W><W>always</W><W>races</W><W>against</W><W>time</W><W>,</W><W>have</W><W>to</W><W>make</W><W>an</W><W>extra</W><W>effort</W><W>to</W><W>sometimes</W><W>lean</W><W>over</W><W>to</W><W>the</W><W>right</W><W>to</W><W>check</W><W>out</W><W>the</W><W>time</W><W>.</W></SENTENCE><SENTENCE><W>This</W><C><cue ID="32" type="speculation"><W>may</W></cue></C><xcope ID="113"><ref COMMENTS="" ID="196" SRC="32"></ref><W>be</W><W>a</W><W>safety</W><W>hazard</W></xcope><W>,</W><W>for</W><W>those</W><W>seconds</W><W>trying</W><W>to</W><W>find</W><W>the</W><W>time</W><C><cue ID="33" type="speculation"><W>should</W></cue></C><xcope ID="112"><ref COMMENTS="" ID="197" SRC="33"></ref><W>be</W><W>seconds</W><W>spent</W><W>surveying</W><W>the</W><W>road</W><W>ahead</W></xcope><W>.</W></SENTENCE></P><P></P><P><SENTENCE><W>Basically</W><W>,</W><W>navigation</W><W>is</W><W>all</W><W>a</W><W>personal</W><W>choice</W><W>.</W></SENTENCE><SENTENCE><W>Its</W><W>just</W><W>up</W><W>to</W><W>the</W><W>buyer</W><C><cue ID="34" type="speculation"><xcope ID="115"><ref COMMENTS="" ID="199" SRC="35"></ref><W>whether</W></xcope></cue></C><C><cue ID="35" type="speculation"><W>or</W></cue></C><C><cue ID="36" type="negation"><xcope ID="114"><ref COMMENTS="" ID="198" SRC="35"></ref><W>not</W></xcope></cue></C><W>he</W><W>is</W><W>willing</W><W>to</W><W>shell</W><W>out</W><W>approximately</W><W>$</W><W>2000</W><W>for</W><W>something</W><W>he</W><C><W>or</W></C><W>she</W><C><cue ID="37" type="speculation"><W>may</W></cue></C><xcope ID="117"><ref COMMENTS="" ID="201" SRC="37"></ref><C><cue ID="38" type="negation"><W>never</W></cue></C><xcope ID="116"><ref COMMENTS="" ID="200" SRC="38"></ref><W>need</W></xcope></xcope><W>,</W><W>depending</W><W>on</W><W>amount</W><W>of</W><W>travel</W><C><W>and</W></C><W>sense</W><W>of</W><W>direction</W><W>.</W></SENTENCE><SENTENCE><W>Maybe</W><W>you</W><C><cue ID="39" type="speculation"><W>could</W></cue></C><xcope ID="118"><ref COMMENTS="" ID="202" SRC="39"></ref><W>get</W><W>it</W><W>to</W><W>show</W><W>off</W></xcope><W>,</W><C><cue ID="40" type="speculation"><W>if</W></cue></C><xcope ID="119"><ref COMMENTS="" ID="203" SRC="40"></ref><W>you</W><W>are</W><W>the</W><W>conceited</W><W>type</W></xcope><W>:</W><W>)</W><W>.</W></SENTENCE><SENTENCE><W>Personally</W><W>,</W><W>I</W><W>enjoy</W><W>the</W><W>fact</W><W>that</W><W>I</W><W>have</W><W>a</W><W>screen</W><C><W>and</W></C><W>voice</W><W>that</W><C><cue ID="41" type="speculation"><W>can</W></cue></C><xcope ID="120"><ref COMMENTS="" ID="204" SRC="41"></ref><W>assist</W><W>me</W><W>in</W><W>case</W><W>I</W><W>ever</W><W>get</W><W>lost</W><C><W>and</W></C><W>whatnot</W></xcope><W>.</W></SENTENCE><SENTENCE><W>Safety</W><W>wise</W><W>,</W><W>the</W><W>navigation</W><W>system</W><W>is</W><W>nt</W><W>much</W><W>of</W><W>a</W><W>distraction</W><W>,</W><W>unless</W><W>you</W><W>are</W><W>constantly</W><W>looking</W><W>at</W><C><W>and</W></C><W>inputting</W><W>things</W><W>into</W><W>the</W><W>screen</W><W>.</W></SENTENCE><SENTENCE><W>Just</W><W>remember</W><W>that</W><W>though</W><W>you</W><C><cue ID="42" type="speculation"><W>may</W></cue></C><xcope ID="121"><ref COMMENTS="" ID="205" SRC="42"></ref><W>be</W><W>tempted</W><W>to</W><W>often</W><W>look</W><W>down</W><W>at</W><W>the</W><W>screen</W></xcope><W>,</W><W>the</W><W>road</W><W>is</W><W>always</W><W>the</W><W>most</W><W>important</W><W>when</W><W>driving</W><W>,</W><W>hence</W><W>the</W><W>female</W><W>voice</W><W>that</W><W>assists</W><W>you</W><W>.</W></SENTENCE></P><P></P><P><SENTENCE><W>Music</W></SENTENCE></P><P></P><P><SENTENCE><W>The</W><W>Bose</W><W>system</W><W>in</W><W>the</W><W>car</W><W>(</W><W>standard</W><W>)</W><W>is</W><W>pretty</W><W>decent</W><W>.</W></SENTENCE><SENTENCE><W>It</W><W>delivers</W><W>a</W><W>adequate</W><W>bass</W><W>,</W><W>though</W><W>I</W><C><W>feel</W></C><W>it</W><C><cue ID="43" type="speculation"><W>could</W></cue></C><xcope ID="122"><ref COMMENTS="" ID="206" SRC="43"></ref><W>use</W><W>a</W><W>little</W><W>more</W><W>bass</W></xcope><W></W><C><cue ID="44" type="speculation"><W>perhaps</W></cue></C><xcope ID="123"><ref COMMENTS="" ID="207" SRC="44"></ref><W>another</W><W>woofer</W></xcope><W>.</W></SENTENCE><SENTENCE><W>All</W><W>in</W><W>all</W><W>,</W><W>however</W><W>,</W><W>the</W><W>sound</W><W>quality</W><W>is</W><W>pretty</W><W>good</W><W>,</W><C><W>and</W></C><W>is</W><W>suitable</W><W>for</W><W>most</W><W>types</W><W>of</W><W>music</W><W>.</W></SENTENCE><SENTENCE><W>A</W><W>nice</W><W>feature</W><W>to</W><W>its</W><W>sound</W><W>system</W><W>is</W><W>the</W><W>6</W><W>disc</W><W>in-dash</W><W>CD</W><W>changer</W><W>.</W></SENTENCE><SENTENCE><W>This</W><W>is</W><W>a</W><W>very</W><W>nice</W><C><W>and</W></C><W>convenient</W><W>feature</W><W>for</W><W>you</W><W>dont</W><W>have</W><W>to</W><W>go</W><W>to</W><W>the</W><W>trunk</W><W>to</W><W>change</W><W>the</W><W>CDs</W><W>,</W><W>like</W><W>in</W><W>many</W><W>other</W><W>CD</W><W>equipped</W><W>vehicles</W><W>.</W></SENTENCE></P><P></P><P><SENTENCE><W>Overall</W><W>,</W><W>Bose</W><W>equips</W><W>the</W><W>CL</W><W>with</W><W>a</W><W>pretty</W><W>nice</W><W>system</W><W>,</W><W>though</W><W>a</W><W>pinch</W><W>of</W><W>bass</W><C><cue ID="45" type="speculation"><W>could</W></cue></C><xcope ID="124"><ref COMMENTS="" ID="208" SRC="45"></ref><W>always</W><W>be</W><W>added</W></xcope><W>.</W></SENTENCE></P><P></P><P><SENTENCE><W>Additional</W><W>Features</W></SENTENCE></P><P></P><P><SENTENCE><W>TCS</W><W></W><W>Traction</W><W>Control</W><W>System</W><W></W><W>This</W><W>feature</W><W>keeps</W><W>your</W><W>car</W><W>straight</W><W></W><C><W>and</W></C><C><cue ID="46" type="negation"><W>not</W></cue></C><xcope ID="125"><ref COMMENTS="" ID="209" SRC="46"></ref><W>sliding</W></xcope><C><W>and</W></C><W>spinning</W><W>after</W><W>those</W><W>fast</W><W>sharp</W><W>curves</W><W>.</W></SENTENCE><SENTENCE><xcope ID="129"><xcope ID="126"><ref COMMENTS="" ID="211" SRC="47"></ref><W>TCS</W></xcope><W>,</W></xcope><C><cue ID="47" type="speculation"><W>or</W></cue></C><xcope ID="127"><ref COMMENTS="" ID="210" SRC="47"></ref><W>others</W><W>like</W><W>it</W></xcope><W>,</W><W>with</W><W>other</W><W>cars</W><W>,</W><C><cue ID="48" type="speculation"><W>should</W></cue></C><xcope ID="128"><ref COMMENTS="" ID="212" SRC="48"></ref><W>always</W><W>be</W><C><W>considered</W></C><W>when</W><W>purchasing</W><W>any</W><W>vehicle</W></xcope><W>.</W></SENTENCE><SENTENCE><W>Its</W><W>a</W><W>large</W><W>safety</W><W>factor</W><W>nowadays</W><W>,</W><C><W>and</W></C><W>it</W><C><cue ID="50" type="speculation"><W>could</W></cue></C><W>save</W><W>your</W><W>life</W><W>one</W><W>day</W><W>when</W><W>youre</W><cue ID="49" type="speculation"><C><W>supposed</W></C><W>to</W><W>be</W></cue><xcope ID="130"><ref COMMENTS="" ID="213" SRC="49"></ref><W>spinning</W><W>360s</W></xcope><W>,</W><W>but</W><W>you</W><W>simply</W><W>fishtail</W><W>a</W><W>bit</W><W>.</W></SENTENCE></P><P></P><P><SENTENCE><W>Automatic</W><W>Seats</W><W></W><W>This</W><W>is</W><W>a</W><W>very</W><W>nice</W><W>feature</W><W>.</W></SENTENCE><SENTENCE><W>Because</W><W>this</W><W>car</W><W>is</W><W>a</W><W>coupe</W><C><W>and</W></C><W>it</W><W>seats</W><W>4</W><W>,</W><W>it</W><W>is</W><W>pretty</W><W>obvious</W><W>that</W><W>the</W><W>front</W><W>seats</W><W>have</W><W>to</W><W>move</W><W>forward</W><W>in</W><W>order</W><W>for</W><W>the</W><W>rear</W><W>passengers</W><W>to</W><W>get</W><W>in</W><W>the</W><W>vehicle</W><W>.</W></SENTENCE><SENTENCE><W>This</W><W>is</W><W>true</W><W>in</W><W>any</W><W>coupe</W><W>that</W><W>seats</W><W>more</W><W>than</W><W>the</W><W>driver</W><C><W>and</W></C><W>passenger</W><W>.</W></SENTENCE><SENTENCE><W>However</W><W>,</W><W>most</W><W>of</W><W>the</W><W>time</W><W>,</W><W>you</W><W>have</W><W>to</W><W>lift</W><W>up</W><W>a</W><W>lever</W><W>near</W><W>the</W><W>bottom</W><W>of</W><W>the</W><W>seat</W><C><W>and</W></C><W>manually</W><W>push</W><W>it</W><W>forward</W><W>.</W></SENTENCE><SENTENCE><C><cue ID="51" type="negation"><W>Not</W></cue></C><xcope ID="131"><ref COMMENTS="" ID="214" SRC="51"></ref><W>the</W><W>case</W><W>with</W><W>the</W><W>CL.</W></xcope></SENTENCE></P><P></P><P><SENTENCE><W>In</W><W>the</W><W>CL</W><W>,</W><W>you</W><W>simply</W><W>give</W><W>the</W><W>lever</W><W>on</W><W>the</W><W>side</W><W>of</W><W>the</W><W>seat</W><W>a</W><W>little</W><W>push</W><W>,</W><C><W>and</W></C><W>the</W><W>seatback</W><W>will</W><W>fold</W><W>down</W><W>,</W><C><W>and</W></C><W>the</W><W>seat</W><W>will</W><W>come</W><W>forward</W><W>automatically</W><W>,</W><W>giving</W><W>the</W><W>rear</W><W>passengers</W><W>entry</W><W>.</W></SENTENCE><SENTENCE><W>Then</W><W>,</W><W>after</W><W>the</W><W>rear</W><W>passengers</W><W>are</W><W>in</W><W>,</W><W>you</W><W>simply</W><W>push</W><W>the</W><W>seatback</W><W>back</W><W>,</W><C><W>and</W></C><W>the</W><W>seat</W><W>moves</W><W>back</W><W>to</W><W>its</W><W>original</W><W>position</W><W>.</W></SENTENCE><SENTENCE><W>This</W><W>function</W><W>is</W><W>very</W><W>nifty</W><W>,</W><W>efficient</W><W>,</W><C><W>and</W></C><W>saves</W><W>the</W><W>energy</W><W>of</W><W>those</W><W>who</W><W>constantly</W><W>have</W><W>multiple</W><W>passengers</W><W>.</W></SENTENCE></P><P></P><P><SENTENCE><W>Sequential</W><W>SportShift</W><W></W><W>Many</W><W>current</W><W>cars</W><W>now</W><W>carry</W><W>this</W><W>feature</W><W>,</W><W>though</W><W>each</W><W>has</W><W>its</W><W>own</W><W>name</W><W>.</W></SENTENCE><SENTENCE><W>Its</W><W>for</W><W>the</W><W>driver</W><W>who</W><W>has</W><C><cue ID="52" type="negation"><W>no</W></cue></C><xcope ID="134"><ref COMMENTS="" ID="220" SRC="52"></ref><xcope ID="132"><ref COMMENTS="" ID="219" SRC="53"></ref><W>interest</W><W>in</W><W>learning</W><W>how</W><W>to</W><W>drive</W><W>manual</W><W>transmission</W></xcope><W>,</W><C><cue ID="53" type="speculation"><W>or</W></cue></C><xcope ID="133"><ref COMMENTS="" ID="218" SRC="53"></ref><W>the</W><W>one</W><W>who</W><W>prefers</W><W>automatic</W></xcope></xcope><W>,</W><W>but</W><W>likes</W><W>the</W><C><W>feel</W></C><W>of</W><W>a</W><W>manual</W><W>.</W></SENTENCE><SENTENCE><W>I</W><W>personally</W><W>have</W><C><cue ID="55" type="negation"><W>never</W></cue></C><xcope ID="135"><ref COMMENTS="" ID="217" SRC="55"></ref><W>driven</W><W>a</W><W>manual</W></xcope><W>,</W><W>but</W><W>people</W><W>who</W><W>have</W><W>say</W><W>the</W><W>SportShift</W><W>is</W><W>nothing</W><W>like</W><W>driving</W><W>real</W><W>manual</W><W>.</W></SENTENCE><SENTENCE><W>It</W><C><cue ID="54" type="speculation"><W>seems</W></cue></C><xcope ID="137"><ref COMMENTS="" ID="216" SRC="54"></ref><W>like</W><W>its</W><W>just</W><W>a</W><W>cool</W><W>little</W><W>useless</W><W>feature</W><W>that</W><C><cue ID="56" type="speculation"><W>can</W></cue></C><xcope ID="136"><ref COMMENTS="" ID="215" SRC="56"></ref><W>give</W><W>the</W><W>driver</W><W>a</W><W>bit</W><W>of</W><W>power</W></xcope></xcope><W>when</W><xcope ID="165"><ref COMMENTS="" ID="168" SRC="164"></ref><W>he</W></xcope><C><cue ID="164" type="speculation"><W>or</W></cue></C><xcope ID="166"><ref COMMENTS="" ID="169" SRC="164"></ref><W>she</W></xcope><W>downshifts</W><W>.</W></SENTENCE></P><P></P><P><SENTENCE><W>I</W><W>personally</W><W>have</W><C><cue ID="57" type="negation"><W>not</W></cue></C><xcope ID="138"><ref COMMENTS="" ID="221" SRC="57"></ref><W>really</W><W>had</W><W>the</W><W>chance</W><W>to</W><W>take</W><W>a</W><W>ride</W><W>in</W><W>SportShift</W><W>mode</W></xcope><W>,</W><W>but</W><W>when</W><W>I</W><W>do</W><W>,</W><W>I</W><W>will</W><W>post</W><W>an</W><W>update</W><W>!</W></SENTENCE></P><P></P><P><SENTENCE><W>Sure</W><W>,</W><W>the</W><W>CL</W><W>has</W><W>SportShift</W><W>,</W><W>but</W><W>it</W><C><W>lacks</W></C><W>the</W><W>manual</W><W>transmission</W><W>,</W><W>desired</W><W>by</W><W>those</W><W>hardcore</W><W></W><W>drivers</W><W>who</W><W>really</W><W>like</W><W>to</W><W>get</W><W>the</W><W>most</W><W>from</W><W>a</W><W>car</W><W>.</W></SENTENCE></P><P></P><P><SENTENCE><W>Steering</W><W>wheel</W><W>buttons</W><W>-</W><W>To</W><W>keep</W><W>the</W><W>driver</W><W>focused</W><W>on</W><W>the</W><W>road</W><C><W>and</W></C><C><cue ID="58" type="negation"><W>not</W></cue></C><xcope ID="139"><ref COMMENTS="" ID="222" SRC="58"></ref><W>the</W><W>buttons</W><W>throughout</W><W>the</W><W>car</W></xcope><W>,</W><W>audio</W><W>buttons</W><W>that</W><W>control</W><W>volume</W><C><W>and</W></C><W>tracks</W><W>(</W><W>CDs</W><W>)</W><C><W>or</W></C><W>stations</W><W>(</W><W>radio</W><W>)</W><W>are</W><W>easily</W><W>accessible</W><W>by</W><W>clicking</W><W>the</W><W>buttons</W><W>mounted</W><W>on</W><W>the</W><W>steering</W><W>wheel</W><W>that</W><C><cue ID="59" type="speculation"><W>can</W></cue></C><xcope ID="140"><ref COMMENTS="" ID="223" SRC="59"></ref><W>change</W><W>audio</W></xcope><W>.</W></SENTENCE><SENTENCE><W>On</W><W>the</W><W>right-hand</W><W>side</W><W>,</W><W>there</W><W>are</W><W>buttons</W><W>that</W><W>control</W><W>Cruise</W><W>Control</W><W>,</W><W>which</W><W>are</W><W>also</W><W>easy</W><W>to</W><W>get</W><W>to</W><W>.</W></SENTENCE></P><P></P><P><SENTENCE><W>Automatic</W><W>power</W><W>window</W><W></W><W>Like</W><W>many</W><W>cars</W><W>nowadays</W><W>,</W><W>this</W><W>car</W><W>has</W><W>the</W><W>Automatic</W><W>window</W><W>function</W><W>,</W><W>however</W><W>only</W><W>on</W><W>the</W><W>drivers</W><W>window</W><W>.</W></SENTENCE><SENTENCE><W>The</W><W>passenger</W><W>window</W><W>is</W><W>like</W><W>any</W><W>old</W><W>power</W><W>window</W><W>though</W><W>.</W></SENTENCE></P><P></P><P><SENTENCE><W>HID</W><W>(</W><W>High</W><W>Intensity</W><W>Discharge</W><W>)/Xenon</W><W>lights</W><W></W><W>This</W><W>,</W><W>I</W><C><W>feel</W></C><W>,</W><W>is</W><W>a</W><W>very</W><W>considerate</W><W>of</W><W>Acura</W><W>to</W><W>include</W><W>standard</W><W>.</W></SENTENCE><SENTENCE><W>These</W><W>lights</W><W>provide</W><W>a</W><W>brighter</W><W>,</W><W>whiter</W><W>light</W><W>that</W><W>allows</W><W>the</W><W>driver</W><W>to</W><W>fully</W><W>see</W><W>the</W><W>road</W><W>while</W><W>driving</W><W>in</W><W>the</W><W>dark</W><W>.</W></SENTENCE><SENTENCE><W>Though</W><W>you</W><C><cue ID="60" type="speculation"><W>may</W></cue></C><xcope ID="142"><ref COMMENTS="" ID="225" SRC="60"></ref><C><cue ID="61" type="negation"><W>not</W></cue></C><xcope ID="141"><ref COMMENTS="" ID="224" SRC="61"></ref><W>know/have</W><W>known</W><W>the</W><W>name</W><W>of</W><W>these</W><W>lights</W></xcope></xcope><W>,</W><W>you</W><W>know</W><W>what</W><W>Im</W><W>talking</W><W>about</W><W></W><W>when</W><W>youre</W><W>driving</W><W>down</W><W>the</W><W>road</W><W>,</W><W>seeing</W><W>all</W><W>these</W><W>continuous</W><W>yellow</W><W>lights</W><W>,</W><W>then</W><W>one</W><W>,</W><W>which</W><W>is</W><W>nt</W><W>yellow</W><W>,</W><W>all</W><W>of</W><W>a</W><W>sudden</W><W>catches</W><W>your</W><W>eye</W><W>.</W></SENTENCE><SENTENCE><W>It</W><W>has</W><W>a</W><W>slight</W><W>blue</W><W>tint</W><W>to</W><W>it</W><W>,</W><C><W>and</W></C><W>it</W><W>really</W><W>stands</W><W>out</W><W>.</W></SENTENCE><SENTENCE><W>Thats</W><W>what</W><W>Im</W><W>talking</W><W>about</W><W></W><W>:</W><W>)</W></SENTENCE></P><P></P><P><SENTENCE><W>I</W><W>consider</W><W>Acura</W><W>very</W><W>considerate</W><W>to</W><W>include</W><W>these</W><W>because</W><W>on</W><W>many</W><W>luxury</W><W>cars</W><W>,</W><W>it</W><W>s</W><W>still</W><W>an</W><W>option</W><W>.</W></SENTENCE><SENTENCE><W>Also</W><W>,</W><W>it</W><W>enhances</W><W>safety</W><W>for</W><W>the</W><W>driver</W><W>,</W><W>his</W><C><W>or</W></C><W>her</W><W>passengers</W><W>,</W><C><W>and</W></C><W>other</W><W>drivers</W><W>on</W><W>the</W><W>road</W><W>.</W></SENTENCE></P><P></P><P><SENTENCE><W>The</W><W>specifications</W><C><W>and</W></C><W>conveniences</W><W>of</W><W>this</W><W>car</W><W>are</W><W>practically</W><W>endless</W><W>.</W></SENTENCE><SENTENCE><W>Please</W><W>visit</W><W>Acura</W><W>at</W><W>www.acura.com</W></SENTENCE><SENTENCE><C><W>and</W></C><C><cue ID="62" type="speculation"><W>perhaps</W></cue></C><xcope ID="144"><ref COMMENTS="" ID="228" SRC="62"></ref><W>request</W><W>a</W><W>brochure</W><C><W>if</W></C><xcope ID="143"><W>you</W><W>wish</W></xcope></xcope><W>.</W></SENTENCE><SENTENCE><C><cue ID="63" type="speculation"><W>Perhaps</W></cue></C><xcope ID="145"><ref COMMENTS="" ID="226" SRC="63"></ref><W>through</W><W>updates</W></xcope><W>,</W><W>I</W><C><cue ID="64" type="speculation"><W>can</W></cue></C><xcope ID="146"><ref COMMENTS="" ID="229" SRC="64"></ref><W>add</W><W>what</W><W>features</W><C><W>and</W></C><W>conveniences</W><W>I</W><W>find</W><W>to</W><W>be</W><W>worthy</W><W>of</W><W>posted</W></xcope><W>.</W></SENTENCE></P><P></P><P><SENTENCE><C><W>Conclusion</W></C></SENTENCE></P><P></P><P><SENTENCE><W>In</W><C><W>conclusion</W></C><W>,</W><W>this</W><W>car</W><W>is</W><W>worth</W><W>its</W><W>every</W><W>penny</W><W>,</W><W>because</W><W>it</W><W>comes</W><W>very</W><W>loaded</W><W>with</W><W>everything</W><W>standard</W><W>.</W></SENTENCE><SENTENCE><W>There</W><W>is</W><W>nothing</W><W>really</W><W>I</W><cue ID="65" type="speculation"><C><W>could</W></C><W>nt</W></cue><xcope ID="147"><ref COMMENTS="" ID="230" SRC="65"></ref><W>ask</W><W>for</W><W>in</W><W>this</W><W>car</W></xcope><W>.</W></SENTENCE><SENTENCE><C><cue ID="66" type="speculation"><W>If</W></cue></C><xcope ID="148"><ref COMMENTS="" ID="231" SRC="66"></ref><W>youre</W><W>looking</W><W>for</W><W>a</W><W>combination</W><W>of</W><W>performance</W></xcope><W>,</W><W>luxury</W><W>,</W><C><W>and</W></C><W>convenience</W><W>,</W><W>this</W><W>is</W><W>the</W><W>car</W><W>for</W><W>you</W><W>!</W></SENTENCE><SENTENCE><W>However</W><W>,</W><C><cue ID="69" type="speculation"><W>if</W></cue></C><xcope ID="149"><ref COMMENTS="" ID="232" SRC="69"></ref><W>youre</W><W>looking</W><W>more</W><W>into</W><W>performance</W></xcope><W>,</W><C><W>and</W></C><W>are</W><W>willing</W><W>to</W><W>shell</W><W>out</W><W>a</W><W>few</W><W>more</W><W>thousands</W><W>,</W><W>then</W><W>I</W><C><cue ID="67" type="speculation"><W>would</W></cue></C><xcope ID="234"><ref COMMENTS="" ID="235" SRC="67"></ref><cue ID="68" type="speculation"><W>maybe</W></cue><xcope ID="150"><ref COMMENTS="" ID="233" SRC="68"></ref><W>consider</W><W>Lexuss</W><W>IS300</W></xcope></xcope><W>.</W></SENTENCE></P><P></P><P><SENTENCE><W>Competing</W><W>Models</W></SENTENCE></P><P></P><P><SENTENCE><C><cue ID="70" type="speculation"><W>If</W></cue></C><xcope ID="151"><ref COMMENTS="" ID="237" SRC="70"></ref><W>you</W><W>are</W><W>interested</W><W>in</W><W>this</W><W>car</W></xcope><W>,</W><W>I</W><C><cue ID="71" type="speculation"><W>would</W></cue></C><xcope ID="152"><ref COMMENTS="" ID="236" SRC="71"></ref><W>recommend</W><W>you</W><W>also</W><W>check</W><W>out</W><W>its</W><W>competing</W><W>models</W></xcope><W>,</W><W>as</W><W>I</W><W>dont</W><W>really</W><W>know</W><W>your</W><W>tastes</W><C><W>and</W></C><W>interests</W><W>in</W><W>vehicles</W><W>.</W></SENTENCE><SENTENCE><W>Though</W><W>I</W><W>do</W><W>own</W><W>this</W><W>car</W><C><W>and</W></C><W>love</W><W>it</W><W>to</W><W>death</W><W>,</W><W>I</W><W>still</W><W>,</W><C><W>and</W></C><W>always</W><W>have</W><W>,</W><W>envied</W><W>Lexuss</W><W>IS300</W><W>(</W><W>as</W><W>is</W><W>evidenced</W><W>by</W><W>my</W><W>constant</W><W>comparisons/references</W><W>to</W><W>it</W><W>throughout</W><W>this</W><W>review</W><W>)</W><W>.</W></SENTENCE><SENTENCE><W>Though</W><W>it</W><W>looks</W><W>to</W><W>be</W><W>styled</W><W>towards</W><W>a</W><W>younger</W><W>generation</W><W>,</W><W>it</W><W>still</W><W>is</W><W>an</W><W>awesome</W><W>car</W><W>,</W><W>despite</W><W>that</W><W>it</W><C><cue ID="72" type="speculation"><W>may</W></cue></C><xcope ID="154"><ref COMMENTS="" ID="239" SRC="72"></ref><W>be</W><W>a</W><W>bit</W><W>more</W><W>since</W><C><cue ID="73" type="negation"><W>not</W></cue></C><xcope ID="153"><ref COMMENTS="" ID="238" SRC="73"></ref><W>everything</W><W>is</W><W>standard</W><W>with</W><W>the</W><W>IS300</W></xcope></xcope><W>,</W><W>like</W><W>it</W><W>is</W><W>with</W><W>the</W><W>CL.</W></SENTENCE></P><P></P><P><SENTENCE><C><cue ID="74" type="speculation"><W>If</W></cue></C><xcope ID="156"><ref COMMENTS="" ID="241" SRC="74"></ref><W>theres</W><W>any</W><W>specific</W><W>item</W><W>you</W><C><cue ID="75" type="speculation"><W>would</W></cue></C><xcope ID="155"><ref COMMENTS="" ID="240" SRC="75"></ref><W>like</W><W>me</W><W>to</W><W>review</W><W>about</W><W>the</W><W>CL</W></xcope></xcope><W>,</W><W>please</W><xcope ID="157"><ref COMMENTS="" ID="242" SRC="76"></ref><W>post</W><W>a</W><W>comment</W></xcope><C><cue ID="76" type="speculation"><W>or</W></cue></C><xcope ID="158"><ref COMMENTS="" ID="244" SRC="76"></ref><C><W>feel</W></C><W>free</W><W>to</W><W>e-mail</W><W>me</W><W>at</W><W>chineze@tampabay</W><W>.rr.com</W></xcope><W>!</W></SENTENCE><SENTENCE><C><cue ID="77" type="speculation"><W>If</W></cue></C><xcope ID="161"><ref COMMENTS="" ID="245" SRC="77"></ref><W>you</W><W>have</W><W>any</W><xcope ID="160"><W>questions</W></xcope><C><cue ID="78" type="speculation"><W>or</W></cue></C><xcope ID="159"><W>comments</W></xcope><W>regarding</W><W>the</W><W>review</W></xcope><W>,</W><xcope ID="162"><ref COMMENTS="" ID="246" SRC="79"></ref><W>please</W><W>e-mail</W><W>me</W></xcope><C><cue ID="79" type="speculation"><W>or</W></cue></C><xcope ID="163"><ref COMMENTS="" ID="247" SRC="79"></ref><W>post</W><W>a</W><W>comment</W><W>as</W><W>well</W></xcope><W>!</W></SENTENCE></P><P></P><P><SENTENCE><W>Thanks</W><W>for</W><W>your</W><W>time</W><W>!</W></SENTENCE></P><P></P><P><SENTENCE><W>~Asian-Playa</W><W>12.31.01</W></SENTENCE><SENTENCE><W>|Happy</W><W>New</W><W>Year</W><W>!</W><W>|</W></SENTENCE></P></DOCUMENT>
