<?xml version="1.0" encoding="UTF-8"?>
<DOCUMENT><P></P><P><SENTENCE><W>Acura</W><W>3.2CL</W><W>2002</W></SENTENCE></P><P></P><P><SENTENCE><W>The</W><W>Golden</W><W>Boy</W></SENTENCE></P><P></P><P><SENTENCE><W>I</W><W>remember</W><xcope ID="31"><ref COMMENTS="" ID="64" SRC="1"></ref><W>about</W><W>7</W></xcope><C><cue ID="1" type="speculation"><W>or</W></cue></C><xcope ID="30"><ref COMMENTS="" ID="63" SRC="1"></ref><W>8</W><W>years</W><W>ago</W></xcope><W>,</W><W>I</W><W>received</W><W>a</W><W>phone</W><W>call</W><W>from</W><W>one</W><W>of</W><W>my</W><W>client</W><W>.</W></SENTENCE><SENTENCE><W>She</W><W>was</W><W>opening</W><W>a</W><W>new</W><W>car</W><W>dealership</W><C><W>and</W></C><W>wanted</W><W>me</W><W>to</W><W>set</W><W>them</W><W>up</W><W>with</W><W>the</W><W>same</W><W>service</W><W>I</W><W>had</W><W>put</W><W>in</W><W>place</W><W>at</W><W>her</W><W>other</W><W>store</W><W>.</W></SENTENCE></P><P></P><P><SENTENCE><W>I</W><W>call</W><W>her</W><W>accountant</W><W>,</W><W>which</W><W>I</W><W>already</W><W>had</W><W>met</W><W>several</W><W>times</W><C><W>and</W></C><W>made</W><W>a</W><W>working</W><W>lunch</W><W>appointment</W><W>with</W><W>him</W><W>.</W></SENTENCE></P><P></P><P><SENTENCE><W>During</W><W>lunch</W><W>he</W><W>told</W><W>me</W><W>that</W><W>they</W><W>were</W><W>opening</W><W>a</W><W>new</W><W>Acura</W><W>dealership</W><W>,</W><W>I</W><W>was</W><W>a</W><W>little</W><W>curious</W><W>although</W><W>I</W><W>had</W><W>seen</W><W>a</W><W>few</W><W>Acura</W><W>&#39;s</W><W>but</W><W>I</W><C><cue ID="2" type="negation"><W>never</W></cue></C><xcope ID="32"><ref COMMENTS="" ID="65" SRC="2"></ref><W>did</W><W>see</W><W>one</W><W>close</W><W>by</W><W>.</W></xcope></SENTENCE></P><P></P><P><SENTENCE><W>When</W><W>we</W><W>finally</W><W>got</W><W>to</W><W>the</W><W>dealership</W><W>,</W><W>they</W><W>had</W><W>just</W><W>taken</W><W>delivery</W><W>of</W><W>a</W><W>few</W><W>cars</W><W>.</W></SENTENCE><SENTENCE><W>After</W><W>filling</W><W>the</W><W>proper</W><W>documents</W><C><W>and</W></C><W>training</W><W>the</W><W>new</W><W>cashiers</W><W>,</W><W>I</W><W>returned</W><W>to</W><W>the</W><W>accountant</W><W>to</W><W>inform</W><W>him</W><W>that</W><W>every</W><W>thing</W><W>was</W><W>on-line</W><C><W>and</W></C><W>that</W><W>his</W><W>new</W><W>staff</W><W>was</W><W>already</W><W>trained</W><W>.</W></SENTENCE></P><P></P><P><SENTENCE><W>He</W><W>said</W><W>that</W><W>he</W><W>was</W><W>on</W><W>his</W><W>way</W><W>out</W><W>to</W><W>try</W><W>out</W><W>his</W><W>new</W><W>demo</W><C><W>and</W></C><W>asked</W><C><cue ID="3" type="speculation"><W>if</W></cue></C><xcope ID="33"><ref COMMENTS="" ID="66" SRC="3"></ref><W>I</W><W>wanted</W><W>to</W><W>come</W><W>along</W></xcope><W>.</W></SENTENCE><SENTENCE><W>I</W><W>really</W><C><cue ID="4" type="speculation"><W>must</W></cue></C><xcope ID="34"><ref COMMENTS="" ID="67" SRC="4"></ref><W>say</W><W>that</W><W>this</W><W>car</W><W>was</W><W>very</W><W>impressive</W></xcope><W>,</W><W>I</W><W>am</W><C><cue ID="5" type="negation"><W>not</W></cue></C><xcope ID="35"><ref COMMENTS="" ID="68" SRC="5"></ref><W>quite</W><W>sure</W><W>what</W><W>model</W><W>it</W><W>was</W></xcope><W>,</W><W>but</W><W>it</W><W>sure</W><W>gave</W><W>a</W><W>very</W><W>comfortable</W><W>ride</W><W>.</W></SENTENCE></P><P></P><P><SENTENCE><W>I</W><W>told</W><W>myself</W><W>;</W><W>here</W><W>we</W><W>go</W><W>a</W><W>few</W><W>more</W><W>lean</W><W>years</W><W>for</W><W>Detroit</W><W>.</W></SENTENCE><SENTENCE><W>But</W><W>on</W><W>the</W><W>way</W><W>to</W><W>the</W><W>market</W><W>,</W><W>a</W><W>funny</W><W>thing</W><W>happened</W><W>.</W></SENTENCE><SENTENCE><W>Acura</W><W>&#39;s</W><W>early</W><W>popularity</W><W>vanished</W><W>,</W><W>I</W><C><cue ID="6" type="negation"><W>never</W></cue></C><xcope ID="36"><ref COMMENTS="" ID="69" SRC="6"></ref><W>found</W><W>out</W><W>why</W></xcope><W>,</W><W>but</W><W>it</W><W>was</W><W>a</W><W>rare</W><W>occasion</W><W>to</W><W>see</W><W>one</W><W>on</W><W>the</W><W>road</W><W>at</W><W>least</W><W>in</W><W>our</W><W>area</W><W>.</W></SENTENCE></P><P></P><P><SENTENCE><W>Recently</W><W>a</W><W>friend</W><W>of</W><W>mine</W><W>that</W><W>lives</W><W>in</W><W>South</W><W>East</W><W>Asia</W><W>bought</W><W>a</W><W>brand</W><W>new</W><W>Gold</W><W>Acura</W><W>3.2CL.</W></SENTENCE><SENTENCE><C><cue ID="8" type="speculation"><W>If</W></cue></C><xcope ID="38"><ref COMMENTS="" ID="71" SRC="8"></ref><W>you</W><C><cue ID="7" type="speculation"><W>think</W></cue></C><xcope ID="37"><ref COMMENTS="" ID="70" SRC="7"></ref><W>a</W><W>gold</W><W>color</W><W>car</W><W>will</W><W>get</W><W>some</W><W>attention</W><W>in</W><W>America</W></xcope></xcope><W>,</W><W>it</W><W>is</W><W>nothing</W><W>compares</W><W>to</W><W>the</W><W>looks</W><W>he</W><W>is</W><W>getting</W><W>in</W><W>Asia</W><W>with</W><W>this</W><W>very</W><W>flashy</W><W>,</W><W>but</W><W>classy</W><W>automobile</W><W>.</W></SENTENCE></P><P></P><P><SENTENCE><W>Automobile</W><W>description</W><W>:</W></SENTENCE></P><P></P><P><SENTENCE><W>The</W><W>new</W><W>2002</W><W>Acura</W><W>3.2CL</W><W>is</W><W>available</W><W>in</W><W>2</W><W>models</W><W>for</W><W>this</W><W>year</W><W>.</W></SENTENCE><SENTENCE><W>A</W><W>base</W><W>model</W><C><W>and</W></C><W>a</W><W>supercharged</W><W>high-performance</W><W>3.2CL</W><W>Type</W><W>S.</W></SENTENCE></P><P></P><P><SENTENCE><W>From</W><W>the</W><W>exterior</W><W>both</W><W>models</W><W>look</W><W>the</W><W>same</W><W>,</W><W>they</W><W>have</W><W>beautiful</W><W>sporty</W><W>lines</W><C><W>and</W></C><W>it</W><W>is</W><W>combined</W><W>with</W><W>a</W><W>very</W><W>elegant</W><W>silhouette</W><W>.</W></SENTENCE></P><P></P><P><SENTENCE><W>The</W><W>base</W><W>model</W><W>is</W><W>the</W><W>one</W><W>I</W><W>drove</W><C><W>and</W></C><W>it</W><W>was</W><W>fully</W><W>loaded</W><W>,</W><W>I</W><W>asked</W><W>my</W><W>friend</W><W>Mike</W><xcope ID="41"><ref COMMENTS="" ID="74" SRC="11"></ref><C><cue ID="9" type="speculation"><W>if</W></cue></C><xcope ID="40"><ref COMMENTS="" ID="73" SRC="9"></ref><W>he</W><W>had</W><W>to</W><W>pay</W><W>a</W><W>lot</W><W>for</W><W>all</W><W>the</W><W>extras</W></xcope></xcope><C><cue ID="11" type="speculation"><W>or</W></cue></C><xcope ID="42"><ref COMMENTS="" ID="75" SRC="11"></ref><C><cue ID="10" type="speculation"><W>if</W></cue></C><xcope ID="39"><ref COMMENTS="" ID="72" SRC="10"></ref><W>he</W><W>bought</W><W>a</W><W>package</W></xcope></xcope><W>.</W></SENTENCE><SENTENCE><W>I</W><W>was</W><W>surprised</W><W>when</W><W>he</W><W>told</W><W>me</W><W>that</W><W>all</W><W>the</W><W>equipment</W><W>was</W><W>standard</W><W>even</W><W>on</W><W>the</W><W>base</W><W>model</W><W>.</W></SENTENCE></P><P></P><P><SENTENCE><W>Here</W><W>are</W><W>some</W><W>of</W><W>the</W><W>standard</W><W>equipment</W><W>the</W><W>3.2CL</W><W>is</W><W>equipped</W><W>with</W><W>:</W><W>air</W><W>bags</W><W>for</W><W>driver</W><W>,</W><W>passenger</W><C><W>and</W></C><W>side</W><W>,</W><W>remote</W><W>keyless</W><W>entry</W><W>,</W><W>power</W><W>windows</W><W>,</W><W>locks</W><C><W>and</W></C><W>mirrors</W><W>,</W><W>cruise</W><W>control</W><W>,</W><W>AM/FM</W><W>CD</W><W>player</W><W>,</W><W>sunroof</W><C><W>and</W></C><W>leather</W><W>seats</W><W>.</W></SENTENCE></P><P></P><P><SENTENCE><W>This</W><W>is</W><W>quite</W><W>an</W><W>impressive</W><W>list</W><W>of</W><W>standard</W><W>equipment</W><W>for</W><W>a</W><W>base</W><W>model</W><W>.</W></SENTENCE></P><P></P><P><SENTENCE><W>The</W><W>interior</W><W>of</W><W>the</W><W>Acura</W><W>3.2CL</W><W>is</W><W>very</W><W>particular</W><W>;</W><W>it</W><W>comes</W><W>with</W><W>twin</W><W>sets</W><W>of</W><W>bucket</W><W>seats</W><W>.</W></SENTENCE><SENTENCE><W>That</W><W>&#39;s</W><W>right</W><W>this</W><W>is</W><C><cue ID="12" type="negation"><W>not</W></cue></C><xcope ID="43"><ref COMMENTS="" ID="76" SRC="12"></ref><W>a</W><W>mistake</W></xcope><W>,</W><W>you</W><W>have</W><W>two</W><W>bucket</W><W>seats</W><W>in</W><W>the</W><W>front</W><C><W>and</W></C><W>to</W><W>in</W><W>the</W><W>rear</W><W>.</W></SENTENCE></P><P></P><P><SENTENCE><W>I</W><C><cue ID="13" type="speculation"><W>must</W></cue></C><xcope ID="45"><ref COMMENTS="" ID="79" SRC="13"></ref><W>admit</W><W>that</W><W>I</W><W>have</W><C><cue ID="14" type="negation"><W>never</W></cue></C><xcope ID="44"><ref COMMENTS="" ID="78" SRC="14"></ref><W>seen</W><W>this</W><W>in</W><W>a</W><W>coupe</W><W>before</W></xcope></xcope><W>,</W><W>the</W><W>closest</W><W>thing</W><W>I</W><W>have</W><W>seen</W><W>that</W><C><cue ID="15" type="speculation"><W>might</W></cue></C><xcope ID="47"><ref COMMENTS="" ID="77" SRC="15"></ref><W>resemble</W><W>this</W><W>seating</W><W>arrangements</W><W>were</W><W>the</W><W>seats</W><W>I</W><W>had</W><W>in</W><W>my</W><W>1962</W><W>Thunder</W><W>Bird</W></xcope><W>.</W></SENTENCE><SENTENCE><W>Twin</W><W>Buckets</W><W>in</W><W>front</W><C><W>and</W></C><W>a</W><W>sofa</W><W>like</W><W>seat</W><W>in</W><W>the</W><W>rear</W><W>that</W><W>looked</W><W>like</W><W>semi</W><W>buckets</W><W>seats</W><W>.</W></SENTENCE></P><P></P><P><SENTENCE><W>As</W><W>I</W><W>mentioned</W><W>earlier</W><W>the</W><W>Acura</W><W>CL</W><W>comes</W><W>fully</W><W>loaded</W><W>,</W><W>since</W><W>it</W><W>is</W><C><cue ID="18" type="negation"><W>not</W></cue></C><xcope ID="48"><ref COMMENTS="" ID="82" SRC="18"></ref><W>a</W><W>very</W><W>big</W><W>automobile</W></xcope><W>you</W><C><cue ID="16" type="speculation"><W>may</W></cue></C><xcope ID="51"><ref COMMENTS="" ID="81" SRC="16"></ref><C><cue ID="17" type="speculation"><W>think</W></cue></C><xcope ID="50"><ref COMMENTS="" ID="80" SRC="17"></ref><W>how</W><W>did</W><W>the</W><W>engineers</W><W>at</W><W>Acura</W><W>manage</W><W>with</W><W>all</W><W>those</W><W>controls</W><C><W>and</W></C><W>gages</W><W>.</W></xcope></xcope></SENTENCE></P><P></P><P><SENTENCE><W>Every</W><W>controls</W><W>are</W><W>easy</W><W>to</W><W>reach</W><W>for</W><W>the</W><W>driver</W><C><W>and</W></C><W>also</W><W>quite</W><W>easy</W><W>to</W><W>detect</W><W>.</W></SENTENCE><SENTENCE><W>The</W><W>dashboard</W><W>is</W><W>very</W><W>well</W><W>designed</W><C><W>and</W></C><W>you</W><C><cue ID="19" type="speculation"><W>can</W></cue></C><xcope ID="52"><ref ID="83" SRC="19"></ref><W>tell</W><W>that</W><W>they</W><W>have</W><W>put</W><W>a</W><W>lot</W><W>of</W><W>attention</W><W>to</W><W>the</W><W>details</W><W>in</W><W>this</W><W>car</W><W>.</W></xcope></SENTENCE></P><P></P><P><SENTENCE><W>Now</W><W>nothing</W><W>is</W><W>perfect</W><W>,</W><C><cue ID="20" type="speculation"><W>if</W></cue></C><xcope ID="54"><ref ID="85" SRC="20"></ref><W>there</W><W>is</W><W>one</W><W>flaw</W><W>it</W><W>is</W><W>that</W><W>it</W><C><cue ID="21" type="speculation"><W>may</W></cue></C><xcope ID="53"><ref ID="84" SRC="21"></ref><W>be</W><W>a</W><W>tight</W><W>fit</W><W>for</W><W>a</W><W>large</W><W>body</W><W>person</W></xcope></xcope><W>.</W></SENTENCE><SENTENCE><W>But</W><W>aside</W><W>from</W><W>that</W><W>the</W><W>seats</W><W>are</W><W>extremely</W><W>comfortable</W><C><W>and</W></C><W>the</W><W>Bose</W><W>sound</W><W>system</W><W>which</W><W>comes</W><W>with</W><W>an</W><W>in-dash</W><W>CD</W><W>changer</W><W>is</W><W>something</W><W>to</W><W>listen</W><W>to</W><W>.</W></SENTENCE></P><P></P><P><SENTENCE><W>When</W><W>looking</W><W>at</W><W>the</W><W>Acura</W><W>CL</W><W>from</W><W>the</W><W>front</W><W>,</W><W>to</W><W>me</W><W>it</W><C><cue ID="22" type="speculation"><W>seems</W></cue></C><xcope ID="56"><ref COMMENTS="" ID="90" SRC="22"></ref><W>as</W><C><cue ID="23" type="speculation"><W>if</W></cue></C><xcope ID="55"><ref COMMENTS="" ID="89" SRC="23"></ref><W>something</W><W>is</W><C><W>missing</W></C></xcope></xcope><W>.</W></SENTENCE><SENTENCE><W>I</W><C><cue ID="24" type="speculation"><W>can</W></cue></C><xcope ID="58"><ref COMMENTS="" ID="88" SRC="24"></ref><C><cue ID="25" type="negation"><W>not</W></cue></C><xcope ID="57"><ref ID="87" SRC="25"></ref><W>quite</W><W>make</W><W>out</W><W>what</W><W>it</W><W>is</W><W>yet</W></xcope><W>,</W></xcope><cue ID="26" type="speculation"><W>maybe</W></cue><xcope ID="59"><ref COMMENTS="" ID="86" SRC="26"></ref><W>it</W><W>is</W><W>a</W><C><W>lack</W></C><W>of</W><W>chrome</W></xcope><W>,</W><W>it</W><W>has</W><W>some</W><W>but</W><W>mostly</W><W>around</W><W>the</W><W>lights</W><C><W>and</W></C><W>grill</W><W>.</W></SENTENCE></P><P></P><P><SENTENCE><W>Well</W><W>anyway</W><W>aside</W><W>from</W><W>that</W><W>the</W><W>car</W><W>looks</W><W>great</W><W>.</W></SENTENCE><SENTENCE><C><W>Not</W></C><W>that</W><W>it</W><W>will</W><W>make</W><W>people</W><W>turn</W><W>their</W><W>heads</W><W>as</W><W>one</W><W>goes</W><W>by</W><W>,</W><W>but</W><W>it</W><W>a</W><W>beautiful</W><W>coupe</W><W>.</W></SENTENCE></P><P></P><P><SENTENCE><W>On</W><W>the</W><W>road</W><W>:</W></SENTENCE></P><P></P><P><SENTENCE><W>I</W><C><cue ID="27" type="speculation"><W>must</W></cue></C><xcope ID="61"><ref COMMENTS="" ID="92" SRC="27"></ref><W>admit</W><W>that</W><W>I</W><W>did</W><C><cue ID="28" type="negation"><W>not</W></cue></C><xcope ID="60"><ref COMMENTS="" ID="91" SRC="28"></ref><W>have</W><W>a</W><W>chance</W><W>to</W><W>drive</W><W>this</W><W>car</W><W>very</W><W>much</W></xcope></xcope><W>.</W></SENTENCE><SENTENCE><W>Only</W><W>a</W><W>few</W><W>shorts</W><W>drive</W><W>,</W><W>within</W><W>a</W><W>few</W><W>miles</W><W>from</W><W>our</W><W>cottage</W><W>.</W></SENTENCE><SENTENCE><W>But</W><W>for</W><W>the</W><W>times</W><W>I</W><W>did</W><W>drive</W><W>,</W><W>it</W><W>was</W><W>a</W><W>great</W><W>experience</W><W>.</W></SENTENCE></P><P></P><P><SENTENCE><W>The</W><W>one</W><W>thing</W><W>I</W><W>did</W><W>noticed</W><W>during</W><W>these</W><W>short</W><W>drives</W><W>is</W><W>the</W><W>excellent</W><W>all</W><W>around</W><W>vision</W><W>the</W><W>driver</W><W>has</W><C><W>and</W></C><W>this</W><W>includes</W><W>a</W><W>very</W><W>small</W><W>dead</W><W>spot</W><W>from</W><W>the</W><W>side</W><W>view</W><W>mirrors</W><W>.</W></SENTENCE></P><P></P><P><SENTENCE><W>A</W><W>few</W><W>times</W><W>when</W><W>I</W><W>drove</W><W>the</W><W>car</W><W>it</W><W>poured</W><W>,</W><W>as</W><W>it</W><C><W>can</W></C><W>in</W><W>Asia</W><W>.</W></SENTENCE><SENTENCE><W>The</W><W>car</W><W>ABS</W><W>breaks</W><W>worked</W><W>just</W><W>fine</W><C><W>and</W></C><W>it</W><W>was</W><W>easy</W><W>to</W><W>control</W><W>the</W><W>automobile</W><W>at</W><W>all</W><W>time</W><W>mainly</W><W>because</W><W>it</W><W>is</W><W>a</W><W>forward</W><W>wheel</W><W>drive</W><W>.</W></SENTENCE></P><P></P><P><SENTENCE><W>Under</W><W>the</W><W>hood</W><W>:</W></SENTENCE></P><P></P><P><SENTENCE><W>The</W><W>Acura</W><W>3.2CL</W><W>I</W><W>drove</W><W>was</W><W>equipped</W><W>as</W><W>follows</W><W>:</W></SENTENCE></P><P></P><P><SENTENCE><W>Engine</W><W>:</W><W>A</W><W>V-6</W><W>,</W><W>3.2</W><W>liters</W><W>that</W><W>produces</W><W>225</W><W>Horsepower</W><W>.</W></SENTENCE></P><P></P><P><SENTENCE><W>Transmission</W><W>:</W><W>A</W><W>5-speed</W><W>automatic</W><W>.</W></SENTENCE></P><P></P><P><SENTENCE><W>Breaks</W><W>:</W><W>4-wheel</W><W>disc</W><W>breaks</W><W>with</W><W>ABS.</W></SENTENCE></P><P></P><P><SENTENCE><W>Final</W><C><W>thought</W></C><W>:</W></SENTENCE></P><P></P><P><SENTENCE><W>First</W><W>let</W><W>me</W><W>say</W><C><cue ID="29" type="speculation"><W>if</W></cue></C><xcope ID="62"><ref COMMENTS="" ID="93" SRC="29"></ref><W>you</W><W>want</W><W>to</W><W>be</W><W>noticed</W></xcope><W>,</W><W>get</W><W>a</W><W>Gold</W><W>car</W><W>,</W><W>at</W><W>least</W><W>it</W><W>works</W><W>in</W><W>Asia</W><W>.</W></SENTENCE></P><P></P><P><SENTENCE><W>But</W><W>aside</W><W>from</W><W>this</W><W>the</W><W>Acura</W><W>3.2CL</W><W>is</W><W>an</W><W>excellent</W><W>automobile</W><C><W>and</W></C><W>quite</W><W>recommendable</W><W>for</W><W>anyone</W><W>looking</W><W>for</W><W>a</W><W>car</W><W>that</W><W>has</W><W>bucket</W><W>seats</W><W>in</W><W>the</W><W>rear</W><W>.</W></SENTENCE></P></DOCUMENT>
