<?xml version="1.0" encoding="UTF-8"?>
<DOCUMENT><P></P><P><SENTENCE><W>The</W><W>Imac</W><W>is</W><W>horrible</W><W>.</W></SENTENCE><SENTENCE><W>Sure</W><W>it</W><W>looks</W><W>nice</W><W>but</W><W>we</W><W>are</W><W>talking</W><W>about</W><W>a</W><W>computer</W><C><cue ID="0" type="negation"><W>not</W></cue></C><xcope ID="27"><ref COMMENTS="" ID="82" SRC="0"></ref><W>an</W><W>office</W><W>ornament</W></xcope><W>.</W></SENTENCE><SENTENCE><W>For</W><W>those</W><W>who</W><W>are</W><W>looking</W><W>to</W><W>buy</W><W>a</W><W>computer</W><W>that</W><W>is</W><W>technologically</W><W>advance</W><C><W>and</W></C><W>will</W><W>last</W><W>at</W><W>least</W><W>a</W><W>couple</W><W>of</W><W>years</W><W>before</W><W>it</W><W>becomes</W><W>worthless</W><W>LOOK</W><W>ELSEWHERE</W><C><W>and</W></C><cue ID="1" type="negation"><W>do</W><W>n&#39;t</W></cue><xcope ID="28"><ref COMMENTS="" ID="80" SRC="1"></ref><W>waste</W><W>your</W><W>hard</W><W>earned</W><W>money</W><W>on</W><W>this</W><W>piece</W><W>of</W><W>junk</W></xcope><W>.</W></SENTENCE><SENTENCE><W>I</W><C><cue ID="2" type="speculation"><W>could</W></cue></C><xcope ID="29"><ref COMMENTS="" ID="81" SRC="2"></ref><W>write</W><W>a</W><W>huge</W><W>book</W><W>on</W><W>why</W><W>the</W><W>iMac</W><W>is</W><W>a</W><W>bad</W><W>computer</W></xcope><W>,</W><W>but</W><W>to</W><W>be</W><W>brief</W><W>here</W><W>are</W><W>a</W><W>some</W><W>of</W><W>the</W><W>big</W><W>problems</W><W>with</W><W>the</W><W>Imac</W><W>:</W></SENTENCE></P><P></P><P><SENTENCE><W>1</W><W>)</W><W>Over</W><W>Heating</W></SENTENCE></P><P></P><P><SENTENCE><W>The</W><W>IMac</W><W>has</W><C><cue ID="3" type="negation"><W>no</W></cue></C><xcope ID="30"><ref COMMENTS="" ID="43" SRC="3"></ref><W>fan</W><W>on</W><W>the</W><W>processor</W></xcope><W>which</W><W>means</W><W>on</W><W>really</W><W>hot</W><W>days</W><W>your</W><W>computer</W><C><cue ID="4" type="speculation"><W>could</W></cue></C><xcope ID="32"><ref COMMENTS="" ID="42" SRC="4"></ref><C><cue ID="5" type="speculation"><W>possibly</W></cue></C><xcope ID="31"><ref COMMENTS="" ID="41" SRC="5"></ref><W>over</W><W>heat</W><C><W>and</W></C><W>shut</W><W>down</W></xcope></xcope><W>.</W></SENTENCE><SENTENCE><W>Worse</W><W>comes</W><W>to</W><W>worse</W><W>your</W><W>processor</W><C><cue ID="6" type="speculation"><W>can</W></cue></C><xcope ID="33"><ref COMMENTS="" ID="40" SRC="6"></ref><W>get</W><W>fried</W><W>making</W><W>your</W><W>computer</W><W>worthless</W></xcope><W>.</W></SENTENCE><SENTENCE><W>Also</W><W>because</W><W>the</W><W>iMac</W><W>compacts</W><W>everything</W><W>in</W><W>that</W><W>little</W><W>case</W><W>there</W><W>is</W><W>overheating</W><W>with</W><W>all</W><W>the</W><W>other</W><W>hardware</W><W>parts</W><W>which</W><C><cue ID="7" type="speculation"><W>could</W></cue></C><xcope ID="34"><ref COMMENTS="" ID="39" SRC="7"></ref><W>cost</W><W>you</W><W>in</W><W>performance</W></xcope><W>.</W></SENTENCE><SENTENCE><W>Also</W><W>since</W><W>there</W><W>is</W><C><cue ID="8" type="negation"><W>no</W></cue></C><xcope ID="35"><ref COMMENTS="" ID="38" SRC="8"></ref><W>fan</W><W>on</W><W>the</W><W>processor</W></xcope><W>the</W><W>processor</W><W>is</W><W>running</W><W>at</W><W>a</W><W>slower</W><W>speed</W><W>then</W><W>it</W><W>technically</W><C><cue ID="9" type="speculation"><W>could</W></cue></C><W>which</W><W>means</W><W>that</W><W>there</W><W>is</W><W>wasted</W><W>hardware</W><C><W>potential</W></C><W>.</W></SENTENCE><SENTENCE><W>In</W><W>a</W><W>nutshell</W><W>the</W><W>Imac</W><W>heats</W><W>up</W><W>a</W><W>lot</W><W>faster</W><W>then</W><W>normal</W><W>computers</W><W>which</W><W>is</W><W>bad</W><W>for</W><W>your</W><W>computer</W><W>.</W></SENTENCE><SENTENCE><W>Besides</W><W>why</W><C><cue ID="10" type="speculation"><W>would</W></cue></C><xcope ID="36"><ref COMMENTS="" ID="37" SRC="10"></ref><W>you</W><W>want</W><W>your</W><W>computer</W><W>to</W><W>be</W><W>releasing</W><W>massive</W><W>amounts</W><W>of</W><W>heat</W><W>on</W><W>a</W><W>hot</W><W>summer</W><W>day</W></xcope></SENTENCE></P><P></P><P><SENTENCE><W>2</W><W>)</W><W>Hardware</W><W>sucks</W></SENTENCE></P><P></P><P><SENTENCE><W>Try</W><W>using</W><W>the</W><W>DVD</W><W>drive</W><W>it</W><W>is</W><W>so</W><W>flimsy</W><W>.</W></SENTENCE><SENTENCE><W>It</W><W>is</W><W>bound</W><W>to</W><W>brake</W><W>.</W></SENTENCE><SENTENCE><W>It</W><W>does</W><W>n&#39;t</W><W>even</W><W>come</W><W>out</W><W>all</W><W>the</W><W>way</W><W>when</W><W>you</W><W>press</W><W>the</W><W>button</W><W>.</W></SENTENCE><SENTENCE><W>There</W><W>is</W><C><cue ID="11" type="negation"><W>no</W></cue></C><xcope ID="44"><ref COMMENTS="" ID="45" SRC="11"></ref><W>floppy</W><W>disk</W></xcope><W>.</W></SENTENCE><SENTENCE><W>The</W><W>speakers</W><W>suck</W><W>.</W></SENTENCE><SENTENCE><W>The</W><W>mouse</W><C><W>and</W></C><W>keyboard</W><W>are</W><W>horrible</W><W>see</W><W>my</W><W>section</W><W>on</W><W>Ergonomics</W><W>.</W></SENTENCE><SENTENCE><W>Can&#39;t</W><W>upgrade</W><W>to</W><W>anything</W><W>see</W><W>ca</W><W>n&#39;t</W><W>upgrade</W><W>.</W></SENTENCE></P><P></P><P><SENTENCE><W>3</W><W>)</W><C><W>Lack</W></C><W>of</W><W>Software</W></SENTENCE></P><P></P><P><SENTENCE><W>As</W><W>with</W><W>all</W><W>Apple</W><W>computers</W><W>very</W><W>few</W><W>developers</W><W>make</W><W>software</W><W>for</W><W>Macs</W><W>.</W></SENTENCE><SENTENCE><W>Even</W><W>when</W><W>they</W><W>do</W><W>the</W><W>software</W><W>comes</W><W>out</W><xcope ID="46"><ref COMMENTS="" ID="50" SRC="13"></ref><W>months</W></xcope><C><cue ID="13" type="speculation"><W>or</W></cue></C><xcope ID="47"><ref COMMENTS="" ID="49" SRC="13"></ref><W>years</W></xcope><W>after</W><W>it</W><W>has</W><W>come</W><W>out</W><W>for</W><W>PCs</W><W>.</W></SENTENCE><SENTENCE><W>Go</W><W>in</W><W>to</W><W>a</W><W>computer</W><W>store</W><C><W>and</W></C><W>look</W><W>at</W><W>the</W><W>software</W><W>sections</W><W>for</W><W>both</W><W>PCs</W><C><W>and</W></C><W>Macs</W><W>.</W></SENTENCE><SENTENCE><W>You</W><W>will</W><W>soon</W><W>see</W><W>the</W><W>difference</W><W>.</W></SENTENCE><SENTENCE><W>Mac</W><W>holds</W><W>such</W><W>a</W><W>small</W><W>part</W><W>of</W><W>the</W><W>computer</W><W>market</W><W>that</W><W>there</W><W>is</W><W>little</W><W>profit</W><C><W>and</W></C><W>incentive</W><W>for</W><W>companies</W><W>to</W><W>make</W><W>software</W><W>for</W><W>Macs</W><W>.</W></SENTENCE><SENTENCE><C><cue ID="12" type="speculation"><W>If</W></cue></C><xcope ID="48"><ref COMMENTS="" ID="51" SRC="12"></ref><W>you</W><W>want</W><W>lots</W><W>of</W><W>software</W></xcope><W>(especially</W><W>games</W><W>)</W><W>,</W><W>then</W><W>buy</W><W>a</W><W>PC</W><W>.</W></SENTENCE></P><P></P><P><SENTENCE><W>4</W><W>)</W><W>Can&#39;t</W><W>Upgrade</W></SENTENCE></P><P></P><P><SENTENCE><W>It</W><W>is</W><W>next</W><W>to</W><C><W>impossible</W></C><W>to</W><W>upgrade</W><W>an</W><W>imac.</W></SENTENCE><SENTENCE><W>Open</W><W>up</W><W>the</W><W>case</W><C><W>and</W></C><W>look</W><W>.</W></SENTENCE><SENTENCE><W>You</W><W>be</W><W>lucky</W><C><cue ID="14" type="speculation"><W>if</W></cue></C><xcope ID="54"><ref COMMENTS="" ID="61" SRC="14"></ref><W>you</W><C><cue ID="15" type="speculation"><W>can</W></cue></C><xcope ID="53"><ref COMMENTS="" ID="60" SRC="15"></ref><W>locate</W><W>anything</W></xcope></xcope><W>.</W></SENTENCE><SENTENCE><W>Just</W><W>about</W><W>every</W><W>Pc</W><C><cue ID="16" type="speculation"><W>can</W></cue></C><xcope ID="52"><ref COMMENTS="" ID="59" SRC="16"></ref><W>be</W><W>upgraded</W></xcope><W>.</W></SENTENCE><SENTENCE><W>Plus</W><W>even</W><C><cue ID="17" type="speculation"><W>if</W></cue></C><xcope ID="56"><ref COMMENTS="" ID="58" SRC="17"></ref><W>you</W><C><cue ID="18" type="speculation"><W>could</W></cue></C><xcope ID="55"><ref COMMENTS="" ID="57" SRC="18"></ref><W>there</W><W>is</W><W>almost</W><W>nothing</W><W>to</W><W>upgrade</W><W>to</W></xcope></xcope><W>.</W></SENTENCE><SENTENCE><W>While</W><W>Pcs</W><W>have</W><W>tons</W><W>of</W><W>hardware</W><W>upgrades</W><W>(video</W><W>cards</W><W>,</W><W>sound</W><W>cars</W><W>...</W><W>)</W><W>availble</W><W>,</W><W>macs</W><W>have</W><W>next</W><W>to</W><C><cue ID="19" type="negation"><W>none</W></cue></C><W>.</W></SENTENCE><SENTENCE><W>You</W><W>are</W><W>suck</W><W>with</W><W>it</W><W>.</W></SENTENCE></P><P></P><P><SENTENCE><W>5</W><W>)</W><W>Ergonomics</W></SENTENCE></P><P></P><P><SENTENCE><W>Before</W><W>you</W><W>buy</W><W>try</W><W>out</W><W>the</W><W>new</W><W>Imac.</W></SENTENCE><SENTENCE><W>You</W><W>will</W><W>find</W><W>that</W><W>the</W><W>mouse</W><C><W>and</W></C><W>keyboard</W><W>are</W><W>Ergonomicly</W><W>painful</W><W>.</W></SENTENCE><SENTENCE><W>The</W><W>mouse</W><C><W>and</W></C><W>keyboard</W><W>are</W><W>too</W><W>small</W><W>to</W><W>fit</W><W>your</W><W>hands</W><C><W>and</W></C><W>will</W><W>make</W><W>your</W><W>hand</W><W>hurt</W><W>after</W><W>a</W><W>couple</W><W>of</W><W>minutes</W><W>.</W></SENTENCE><SENTENCE><C><cue ID="20" type="negation"><W>Never</W></cue></C><xcope ID="64"><ref COMMENTS="" ID="67" SRC="20"></ref><W>have</W><W>I</W><W>used</W><W>a</W><W>more</W><xcope ID="63"><ref COMMENTS="" ID="66" SRC="21"></ref><W>uncomfortable</W><W>mouse</W></xcope><C><cue ID="21" type="speculation"><W>or</W></cue></C><xcope ID="62"><ref COMMENTS="" ID="65" SRC="21"></ref><W>keyboard</W></xcope></xcope><W>.</W></SENTENCE></P><P></P><P><SENTENCE><W>6</W><W>)</W><W>Price/Performance</W></SENTENCE></P><P></P><P><SENTENCE><W>Sure</W><W>you</W><W>have</W><W>all</W><W>heard</W><W>that</W><W>macs</W><W>are</W><W>twice</W><W>as</W><W>fast</W><W>a</W><W>Pcs</W><W>at</W><W>least</W><W>.</W></SENTENCE><SENTENCE><W>Too</W><W>bad</W><W>the</W><W>test</W><W>was</W><W>done</W><W>by</W><W>Byte</W><W>Mag</W><W>.</W><W>a</W><W>product</W><W>of</W><W>apple</W><W>.</W></SENTENCE><SENTENCE><W>Sure</W><W>in</W><W>some</W><W>intences</W><W>they</W><W>are</W><W>a</W><W>bit</W><W>faster</W><W>but</W><W>most</W><W>times</W><W>they</W><W>lag</W><W>far</W><W>back</W><W>in</W><W>performance</W><W>.</W></SENTENCE><SENTENCE><W>I</W><W>have</W><W>comparing</W><W>the</W><W>parts</W><W>of</W><W>an</W><W>iMac</W><W>with</W><W>a</W><W>Compaq</W><W>Pc</W><W>in</W><W>the</W><W>same</W><W>price</W><W>range</W><W>to</W><W>prove</W><W>that</W><W>the</W><W>iMac</W><W>is</W><C><cue ID="22" type="negation"><W>not</W></cue></C><xcope ID="68"><ref COMMENTS="" ID="69" SRC="22"></ref><W>worth</W><W>it</W></xcope><W>.</W></SENTENCE><SENTENCE><W>The</W><W>Pc</W></SENTENCE></P><P></P><P><SENTENCE><W>A)</W><W>Costs</W><W>:</W></SENTENCE></P><P></P><P><SENTENCE><W>Pc</W><W>-</W><W>$</W><W>1299</W><W>(</W><W>complete</W><W>system</W><W>w/</W><W>printer</W><W>)</W></SENTENCE></P><P></P><P><SENTENCE><W>Imac</W><W>-</W><W>$</W><W>1299</W></SENTENCE></P><P></P><P><SENTENCE><W>B)</W><W>Processor</W><W>:</W></SENTENCE></P><P></P><P><SENTENCE><W>Pc</W><W>-</W><W>Pentium</W><W>III</W><W>600</W></SENTENCE></P><P></P><P><SENTENCE><W>iMac</W><W>-</W><W>G3</W><W>400</W><W>MHz</W></SENTENCE></P><P></P><P><SENTENCE><W>C</W><W>)</W><W>Memory</W><W>:</W></SENTENCE></P><P></P><P><SENTENCE><W>Pc</W><W>-</W><W>128</W><W>mg</W></SENTENCE></P><P></P><P><SENTENCE><W>Imac</W><W>-</W><W>64</W><W>mg</W></SENTENCE></P><P></P><P><SENTENCE><W>D)</W><W>Hard</W><W>drive</W><W>:</W></SENTENCE></P><P></P><P><SENTENCE><W>Pc</W><W>-</W><W>17</W><W>GB</W></SENTENCE></P><P></P><P><SENTENCE><W>Imac</W><W>-</W><W>10</W><W>GB</W></SENTENCE></P><P></P><P><SENTENCE><W>E)</W><W>Monitor</W><W>:</W></SENTENCE></P><P></P><P><SENTENCE><W>Pc</W><W>-</W><W>17</W></SENTENCE></P><P></P><P><SENTENCE><W>Mac</W><W>-</W><W>15</W><W>in</W></SENTENCE></P><P></P><P><SENTENCE><W>F)</W><W>Results</W><W>when</W><W>software</W><W>was</W><W>run</W><W>on</W><W>both</W><W>:</W></SENTENCE></P><P></P><P><SENTENCE><W>Starcraft</W><W>(</W><W>game</W><W>)</W><W>:</W></SENTENCE></P><P></P><P><SENTENCE><W>Pc</W><W>-</W><W>5</W><W>sec</W><W>to</W><W>load</W></SENTENCE></P><P></P><P><SENTENCE><W>Mac</W><W>-</W><W>7</W><W>sec</W><W>to</W><W>load</W></SENTENCE></P><P></P><P><SENTENCE><W>Microsoft</W><W>word</W><W>:</W></SENTENCE></P><P></P><P><SENTENCE><W>Pc</W><W>-</W><W>2</W><W>sec</W><W>to</W><W>load</W></SENTENCE></P><P></P><P><SENTENCE><W>Mac</W><W>-</W><W>2</W><W>sec</W><W>to</W><W>load</W></SENTENCE></P><P></P><P><SENTENCE><W>Netscape</W><W>:</W></SENTENCE></P><P></P><P><SENTENCE><W>Pc</W><W>-</W><W>3</W><W>sec</W></SENTENCE></P><P></P><P><SENTENCE><W>Mac</W><W>-</W><W>6</W><W>sec</W></SENTENCE></P><P></P><P><SENTENCE><W>Photoshop</W><W>(</W><W>graphics</W><W>program</W><W>)</W></SENTENCE></P><P></P><P><SENTENCE><W>Pc</W><W>-</W><W>6</W><W>sec</W></SENTENCE></P><P></P><P><SENTENCE><W>Mac</W><W>-</W><W>5</W><W>sec</W></SENTENCE></P><P></P><P><SENTENCE><W>As</W><W>you</W><C><cue ID="24" type="speculation"><W>can</W></cue></C><xcope ID="74"><ref COMMENTS="" ID="75" SRC="24"></ref><W>see</W></xcope><W>,</W><W>the</W><W>iMac</W><W>is</W><C><cue ID="25" type="negation"><W>not</W></cue></C><xcope ID="73"><ref COMMENTS="" ID="78" SRC="25"></ref><W>worth</W><W>it</W><xcope ID="72"><ref COMMENTS="" ID="77" SRC="26"></ref><W>the</W><W>high</W><W>price</W></xcope><C><cue ID="26" type="speculation"><W>or</W></cue></C><xcope ID="71"><ref COMMENTS="" ID="76" SRC="26"></ref><W>the</W><W>trouble</W></xcope></xcope><W>.</W></SENTENCE><SENTENCE><W>I</W><W>urge</W><W>you</W><W>to</W><W>get</W><W>a</W><W>pc</W><W>.</W></SENTENCE><SENTENCE><W>However</W><C><cue ID="23" type="speculation"><W>if</W></cue></C><xcope ID="70"><ref COMMENTS="" ID="79" SRC="23"></ref><W>you</W><W>are</W><W>a</W><W>Mac</W><W>lover</W></xcope><W>get</W><W>a</W><W>new</W><W>G4</W><C><W>instead</W></C><W>of</W><W>the</W><W>Imac.</W></SENTENCE></P></DOCUMENT>
