<?xml version="1.0" encoding="UTF-8"?>
<DOCUMENT><P/><P><SENTENCE><W>Let</W><W>me</W><W>start</W><W>off</W><W>this</W><W>review</W><W>by</W><W>first</W><W>stating</W><W>that</W><W>the</W><W>iMacDV</W><W>I</W><W>own</W><W>is</W><W>the</W><W>1999</W><W>model</W><W>.</W></SENTENCE><SENTENCE><W>When</W><W>I</W><W>bought</W><W>the</W><W>computer</W><W>,</W><W>I</W><W>was</W><W>awestruck</W><W>taking</W><W>it</W><W>out</W><W>of</W><W>the</W><W>box</W><W>.</W></SENTENCE><SENTENCE><W>It</W><W>was</W><W>sooo</W><W>cute</W><W>!</W></SENTENCE><SENTENCE><W>It</W><W>was</W><W>also</W><W>incredibly</W><W>easy</W><W>to</W><W>set</W><W>up</W><W>,</W><W>I</W><W>was</W><W>on</W><W>my</W><W>way</W><W>after</W><W>plugging</W><W>in</W><W>only</W><W>a</W><W>couple</W><W>of</W><W>cords</W><W>.</W></SENTENCE><SENTENCE><W>However</W><W>,</W><W>after</W><W>having</W><W>the</W><W>mac</W><W>for</W><W>a</W><W>short</W><W>while</W><W>I</W><W>began</W><W>to</W><W>notice</W><W>its</W><W>downfalls</W><W>.</W></SENTENCE></P><P/><P><SENTENCE><W>1</W><W>)</W><C><W>Can</W></C><W>you</W><W>say</W><C><W>no</W></C><W>space</W><W>?</W></SENTENCE></P><P/><P><SENTENCE><W>I</W><W>was</W><W>a</W><W>film</W><W>major</W><W>in</W><W>college</W><W>,</W><C><W>and</W></C><W>I</W><W>loved</W><W>the</W><C><W>idea</W></C><W>of</W><W>being</W><W>able</W><W>to</W><W>edit</W><W>my</W><W>school</W><W>projects</W><W>on</W><W>my</W><W>computer</W><W>.</W></SENTENCE><SENTENCE><W>Until</W><W>I</W><W>realized</W><W>only</W><W>about</W><W>10</W><W>minutes</W><W>of</W><W>footage</W><C><cue ID="0" type="speculation"><W>would</W></cue></C><xcope ID="23"><ref COMMENTS="" ID="26" SRC="0"/><W>fit</W><W>on</W><W>my</W><W>hard</W><W>drive</W></xcope><W>before</W><W>the</W><W>computer</W><C><cue ID="1" type="speculation"><W>would</W></cue></C><xcope ID="21"><ref COMMENTS="" ID="25" SRC="1"/><W>freeze</W></xcope><W>.</W></SENTENCE><SENTENCE><W>I</W><W>had</W><C><cue ID="2" type="negation"><W>no</W></cue></C><xcope ID="22"><ref COMMENTS="" ID="24" SRC="2"/><C><W>idea</W></C><W>of</W><W>the</W><W>compatibility</W><W>issues</W><W>that</W><W>existed</W><W>when</W><W>I</W><W>bought</W><W>my</W><W>computer</W></xcope><W>.</W></SENTENCE><SENTENCE><W>Final</W><W>Cut</W><W>Pro</W><W>wont</W><W>even</W><W>run</W><W>on</W><W>it</W><W>for</W><C><W>lack</W></C><W>of</W><W>space</W><W>.</W></SENTENCE></P><P/><P><SENTENCE><W>2</W><W>)</W><W>My</W><W>modem</W><W>&quot;went</W><W>bad</W><W>&quot;</W></SENTENCE></P><P/><P><SENTENCE><W>I</W><W>have</W><W>now</W><W>owned</W><W>my</W><W>mac</W><W>for</W><W>two</W><W>years</W><W>,</W><C><W>and</W></C><W>one</W><W>day</W><W>when</W><W>trying</W><W>to</W><W>sign</W><W>on</W><W>to</W><W>AOL</W><W>,</W><W>it</W><W>decided</W><W>I</W><C><cue ID="3" type="negation"><W>no</W></cue></C><xcope ID="27"><ref COMMENTS="" ID="37" SRC="3"/><W>longer</W><W>had</W><W>a</W><W>modem</W></xcope><W>.</W></SENTENCE><SENTENCE><W>I</W><W>tried</W><W>reloading</W><W>AOL</W><W>,</W><W>checking</W><W>the</W><W>system</W><W>extensions</W><W>,</W><C><W>and</W></C><W>just</W><W>about</W><W>everything</W><W>else</W><W>that</W><W>I</W><C><cue ID="4" type="speculation"><W>could</W></cue></C><xcope ID="30"><ref COMMENTS="" ID="40" SRC="4"/><C><cue ID="5" type="speculation"><W>possibly</W></cue></C><xcope ID="29"><ref COMMENTS="" ID="39" SRC="5"/><C><cue ID="6" type="speculation"><W>think</W></cue></C><xcope ID="28"><ref COMMENTS="" ID="38" SRC="6"/><W>of</W><W>before</W><W>I</W><W>called</W><W>the</W><W>local</W><W>Mac</W><W>repair</W><W>shop</W></xcope></xcope></xcope><W>.</W></SENTENCE><SENTENCE><W>Two</W><W>days</W><W>letter</W><W>I</W><W>got</W><W>the</W><W>following</W><W>message</W><W>on</W><W>my</W><W>answering</W><W>machine</W><W>:</W><W>&quot;</W><W>Turns</W><W>out</W><W>your</W><W>modem</W><W>has</W><W>gone</W><W>bad</W><W>.</W></SENTENCE><SENTENCE><C><cue ID="7" type="speculation"><W>If</W></cue></C><xcope ID="31"><ref COMMENTS="" ID="41" SRC="7"/><W>you</W><W>want</W><W>us</W><W>to</W><W>replace</W><W>the</W><W>faulty</W><W>modem</W></xcope><W>,</W><W>the</W><W>modem</W><W>cost</W><W>is</W><W>$</W><W>120</W><C><W>and</W></C><W>the</W><W>price</W><W>for</W><W>labor</W><W>is</W><W>$</W><W>75&quot;</W><W>OUTRAGEOUS</W><W>!</W></SENTENCE><SENTENCE><W>I</W><W>have</W><W>decided</W><W>to</W><C><cue ID="8" type="negation"><W>not</W></cue></C><xcope ID="32"><ref COMMENTS="" ID="42" SRC="8"/><W>get</W><W>my</W><W>computer</W><W>fixed</W></xcope><W>,</W><C><W>and</W></C><W>to</W><W>save</W><W>up</W><W>until</W><W>I</W><W>have</W><W>the</W><W>ability</W><W>to</W><W>buy</W><W>a</W><W>G4</W><W>.</W></SENTENCE><SENTENCE><W>UPDATE</W><W>Turns</W><W>out</W><W>it</W><W>was</W><C><cue ID="9" type="negation"><W>not</W></cue></C><xcope ID="33"><ref COMMENTS="" ID="43" SRC="9"/><W>my</W><W>modem</W><W>that</W><W>was</W><W>the</W><W>problem</W></xcope><W>,</W><W>I</W><W>have</W><W>a</W><W>faulty</W><W>logic</W><W>board</W><W>.</W></SENTENCE><SENTENCE><W>This</W><W>is</W><W>quite</W><W>a</W><W>bit</W><W>worse</W><W>of</W><W>a</W><W>problem</W><W>,</W><W>as</W><W>there</W><W>is</W><C><cue ID="10" type="negation"><W>no</W></cue></C><xcope ID="36"><ref COMMENTS="" ID="44" SRC="10"/><W>way</W><W>to</W><W>fix</W><W>it</W></xcope><W>,</W><C><cue ID="11" type="negation"><W>without</W></cue></C><xcope ID="35"><ref COMMENTS="" ID="45" SRC="11"/><W>paying</W><W>more</W><W>than</W><W>my</W><W>computer</W><W>is</W><W>worth</W></xcope><W>.</W></SENTENCE><SENTENCE><W>ARGH.</W></SENTENCE><SENTENCE><W>I</W><W>will</W><C><cue ID="12" type="negation"><W>never</W></cue></C><xcope ID="34"><ref COMMENTS="" ID="46" SRC="12"/><W>sign</W><W>on</W><W>to</W><W>the</W><W>internet</W><W>again</W><W>with</W><W>my</W><W>iMac.</W></xcope></SENTENCE><SENTENCE><W>It</W><W>kind</W><W>of</W><W>makes</W><W>me</W><W>wonder</W><W>why</W><W>the</W><W>&quot;i&quot;</W><W>in</W><W>iMac</W><W>stands</W><W>for</W><W>&quot;internet</W><W>&quot;</W></SENTENCE></P><P/><P><SENTENCE><W>3)fast</W><W>processor</W><W>?</W></SENTENCE></P><P/><P><SENTENCE><W>A</W><W>pox</W><W>on</W><W>whomever</W><W>believes</W><W>the</W><W>hype</W><W>about</W><W>how</W><W>much</W><W>faster</W><W>Mac</W><W>processers</W><W>are</W><W>than</W><W>PCs</W><W>.</W></SENTENCE><SENTENCE><W>I</W><W>ca</W><W>n&apos;t</W><W>speak</W><W>for</W><W>other</W><W>Macs</W><W>,</W><W>but</W><W>my</W><W>PC</W><W>was</W><W>much</W><W>faster</W><W>than</W><W>my</W><W>Mac</W><W>,</W><C><W>and</W></C><W>it</W><W>had</W><W>a</W><W>couple</W><W>more</W><W>years</W><W>on</W><W>it</W><W>.</W></SENTENCE></P><P/><P><SENTENCE><W>4)DV</W><W>Drive</W><W>Problems</W></SENTENCE></P><P/><P><SENTENCE><W>I</W><W>do</W><W>n&apos;t</W><W>know</W><W>how</W><W>many</W><W>of</W><W>you</W><W>have</W><W>taken</W><W>a</W><W>gander</W><W>at</W><W>the</W><W>Mac</W><W>home</W><W>page</W><W>,</W><W>but</W><W>at</W><W>the</W><W>bottom</W><W>in</W><W>very</W><W>small</W><W>print</W><W>is</W><W>the</W><W>notice</W><W>for</W><W>a</W><W>civil</W><W>suit</W><W>against</W><W>Mac</W><W>,</W><W>requiring</W><W>them</W><W>to</W><W>give</W><W>upgrades</W><W>to</W><W>all</W><W>of</W><W>their</W><W>G3s</W><C><W>and</W></C><W>iMacs</W><W>built</W><W>prior</W><W>to</W><W>2000</W><W>.</W></SENTENCE><SENTENCE><C><cue ID="13" type="speculation"><W>If</W></cue></C><W>I</W><xcope ID="51"><ref COMMENTS="" ID="58" SRC="13"/><cue ID="14" type="negation"><W>had</W><W>n&apos;t</W></cue><xcope ID="50"><ref COMMENTS="" ID="57" SRC="14"/><W>thought</W><W>of</W><W>buying</W><W>a</W><W>much</W><W>higher</W><W>model</W></xcope></xcope><W>,</W><C><W>and</W></C><W>scrolled</W><W>down</W><W>on</W><W>their</W><W>home</W><W>page</W><W>,</W><W>I</W><C><cue ID="15" type="negation"><W>never</W></cue></C><xcope ID="52"><ref COMMENTS="" ID="56" SRC="15"/><C><cue ID="16" type="speculation"><W>would</W></cue></C><xcope ID="47"><ref COMMENTS="" ID="55" SRC="16"/><W>have</W><W>known</W></xcope></xcope><W>,</W><C><cue ID="18" type="negation"><W>nor</W></cue></C><xcope ID="49"><ref COMMENTS="" ID="54" SRC="18"/><C><cue ID="17" type="speculation"><W>would</W></cue></C><xcope ID="48"><ref COMMENTS="" ID="53" SRC="17"/><W>I</W><W>ever</W><W>have</W><W>been</W><W>able</W><W>to</W><W>get</W><W>the</W><W>upgrade</W></xcope></xcope><W>,</W><W>as</W><W>the</W><W>time</W><W>limit</W><W>for</W><W>upgrading</W><W>expires</W><W>on</W><W>Nov</W><W>12th</W><W>,</W><W>2001</W><W>.</W></SENTENCE><SENTENCE><W>(</W><W>10</W><W>days</W><W>after</W><W>I</W><W>saw</W><W>the</W><W>notice</W><W>)</W></SENTENCE></P><P/><P><SENTENCE><W>5)User</W><W>friendly</W><W>?</W></SENTENCE></P><P/><P><SENTENCE><W>I</W><W>do</W><W>n&apos;t</W><W>know</W><C><cue ID="19" type="speculation"><W>if</W></cue></C><xcope ID="59"><ref COMMENTS="" ID="61" SRC="19"/><W>its</W><W>because</W><W>I</W><W>&apos;ve</W><W>played</W><W>with</W><W>PCs</W><W>all</W><W>my</W><W>life</W></xcope><W>,</W><W>but</W><W>the</W><W>iMac</W><W>was</W><W>anything</W><W>but</W><W>user</W><W>friendly</W><W>when</W><W>it</W><W>came</W><W>to</W><W>anything</W><W>other</W><W>than</W><W>standard</W><W>operations</W><W>.</W></SENTENCE><SENTENCE><W>I</W><W>&apos;ve</W><W>had</W><W>difficulty</W><W>with</W><W>so</W><W>many</W><W>different</W><W>applications</W><W>,</W><W>its</W><C><W>impossible</W></C><W>to</W><W>list</W><W>them</W><W>all</W><W>.</W></SENTENCE><SENTENCE><C><W>AND</W></C><W>the</W><W>iMac</W><W>does</W><W>n&apos;t</W><W>come</W><W>with</W><W>a</W><C><W>support</W></C><W>booklet</W><W>.</W></SENTENCE><SENTENCE><C><cue ID="20" type="speculation"><W>If</W></cue></C><xcope ID="60"><ref COMMENTS="" ID="62" SRC="20"/><W>you</W><W>are</W><W>having</W><W>problems</W><W>with</W><W>an</W><W>application</W></xcope><W>,</W><W>you</W><W>have</W><W>to</W><W>use</W><W>a</W><W>less-than-reliable</W><W>computer</W><W>searching</W><W>HELP</W><W>device</W><W>.</W></SENTENCE><SENTENCE><W>It</W><W>also</W><W>does</W><W>n&apos;t</W><W>help</W><W>that</W><W>they</W><W>have</W><W>online</W><C><W>support</W></C><W>when</W><W>your</W><W>computer</W><W>&apos;s</W><W>modem</W><W>has</W><W>&quot;gone</W><W>bad</W><W>&quot;</W></SENTENCE></P></DOCUMENT>