<?xml version="1.0" encoding="UTF-8"?>
<DOCUMENT><P></P><P><SENTENCE><W>I</W><W>was</W><W>so</W><W>excited</W><W>when</W><W>I</W><W>was</W><W>given</W><W>an</W><W>iMac</W><W>for</W><W>my</W><W>birthday</W><W>last</W><W>year</W><W>,</W><W>especially</W><W>since</W><W>it</W><W>is</W><W>aqua</W><W>blue</W><W>.</W></SENTENCE><SENTENCE><W>However</W><W>,</W><W>I</W><W>have</W><W>found</W><W>lots</W><W>of</W><W>flaws</W><W>with</W><W>this</W><W>computer</W><W>.</W></SENTENCE><SENTENCE><W>First</W><W>of</W><W>all</W><W>,</W><W>it</W><cue ID="2" type="negation"><W>does</W><W>n&#39;t</W></cue><xcope ID="14"><ref COMMENTS="" ID="42" SRC="2"></ref><W>have</W><W>a</W><W>disk</W><W>drive</W></xcope><W>(</W><W>the</W><W>hard</W><W>square</W><W>disks</W><W>)</W><W>,</W><W>you</W><W>have</W><W>to</W><W>buy</W><W>that</W><W>seperately</W><W>(</W><W>which</W><W>runs</W><W>about</W><W>100$</W><W>!</W><W>)</W><W>.</W></SENTENCE><SENTENCE><W>I</W><cue ID="0" type="speculation"><C><W>could</W></C><W>n&#39;t</W></cue><xcope ID="16"><ref COMMENTS="" ID="41" SRC="0"></ref><W>transfer</W><W>any</W><W>files</W><W>from</W><W>my</W><W>old</W><W>computer</W><W>onto</W><W>my</W><W>new</W><W>iMac</W><C><cue ID="1" type="negation"><W>without</W></cue></C><xcope ID="15"><ref COMMENTS="" ID="40" SRC="1"></ref><W>buying</W><W>extra</W><W>stuff</W></xcope></xcope><W>!</W></SENTENCE><SENTENCE><W>I</W><W>was</W><W>also</W><C><cue ID="3" type="negation"><W>not</W></cue></C><xcope ID="17"><ref COMMENTS="" ID="39" SRC="3"></ref><W>happy</W><W>with</W><W>the</W><W>DVD</W><W>player</W></xcope><W>,</W><W>it</W><cue ID="4" type="negation"><W>is</W><W>n&#39;t</W></cue><xcope ID="18"><ref COMMENTS="" ID="38" SRC="4"></ref><W>fast</W><W>enough</W><W>to</W><W>keep</W><W>up</W><W>with</W><W>the</W><W>DVD</W><W>itself</W></xcope><W>!</W></SENTENCE><SENTENCE><W>The</W><W>actors</W><W>lines</W><W>will</W><W>go</W><W>in</W><C><W>and</W></C><W>out</W><W>of</W><W>being</W><W>dubbed</W><W>correctly</W><W>.</W></SENTENCE><SENTENCE><W>It</W><W>is</W><W>only</W><W>a</W><W>slight</W><W>problem</W><W>,</W><W>but</W><W>it</W><W>really</W><W>aggravates</W><W>me</W><W>to</W><W>the</W><W>point</W><W>that</W><W>I</W><W>have</W><W>only</W><W>watched</W><W>one</W><W>DVE</W><W>on</W><W>it</W><W>.</W></SENTENCE><SENTENCE><C><cue ID="5" type="negation"><W>Not</W></cue></C><W>only</W><W>that</W><W>,</W><W>this</W><W>computer</W><W>has</W><W>frequent</W><W>crashes</W><W>(</W><xcope ID="20"><ref COMMENTS="" ID="37" SRC="6"></ref><W>about</W><W>once</W><W>every</W><W>week</W></xcope><C><cue ID="6" type="speculation"><W>or</W></cue></C><xcope ID="19"><ref COMMENTS="" ID="36" SRC="6"></ref><W>so</W></xcope><W>)</W><W>.</W></SENTENCE><SENTENCE><W>That</W><W>is</W><W>a</W><W>problem</W><W>in</W><W>itself</W><W>,</W><W>but</W><W>to</W><W>make</W><W>matters</W><W>worse</W><W>there</W><W>is</W><C><cue ID="7" type="negation"><W>no</W></cue></C><xcope ID="22"><ref COMMENTS="" ID="35" SRC="7"></ref><W>set</W><W>of</W><W>keys</W><W>that</W><W>you</W><C><cue ID="8" type="speculation"><W>can</W></cue></C><xcope ID="21"><ref COMMENTS="" ID="34" SRC="8"></ref><W>press</W><W>to</W><W>restart</W><W>the</W><W>computer</W></xcope></xcope><W>.</W></SENTENCE><SENTENCE><W>You</W><W>have</W><W>to</W><W>hold</W><W>down</W><W>the</W><W>power</W><W>button</W><W>for</W><W>about</W><W>ten</W><W>seconds</W><W>for</W><W>the</W><W>computer</W><W>to</W><W>turn</W><W>off</W><W>.</W></SENTENCE><SENTENCE><W>A</W><W>few</W><W>times</W><W>even</W><W>that</W><W>has</W><W>n&#39;t</W><W>worked</W><C><W>and</W></C><W>I</W><W>actually</W><W>had</W><W>to</W><W>unplug</W><W>my</W><W>computer</W><W>.</W></SENTENCE><SENTENCE><W>However</W><W>,</W><W>the</W><W>computer</W><W>does</W><W>have</W><W>a</W><W>lot</W><W>of</W><W>memory</W><W>,</W><W>it</W><W>is</W><W>pretty</W><W>quick</W><W>,</W><C><W>and</W></C><W>is</W><W>good</W><C><cue ID="9" type="speculation"><W>if</W></cue></C><xcope ID="24"><ref COMMENTS="" ID="33" SRC="9"></ref><W>you</W><cue ID="10" type="negation"><W>do</W><W>n&#39;t</W></cue><xcope ID="23"><ref COMMENTS="" ID="32" SRC="10"></ref><W>constantly</W><W>have</W><W>to</W><W>import</W><C><W>and</W></C><W>export</W><W>things</W><W>from</W><W>your</W><W>computer</W></xcope></xcope><W>.</W></SENTENCE><SENTENCE><W>The</W><W>tech</W><C><W>support</W></C><W>is</W><W>very</W><W>helpful</W><W>too</W><W>...however</W><W>,</W><W>I</W><W>have</W><W>WAY</W><W>too</W><W>many</W><W>friends</W><W>there</W><W>considering</W><W>this</W><W>is</W><C><W>supposed</W></C><W>to</W><W>be</W><W>a</W><W>very</W><W>reliable</W><W>computer</W><W>.</W></SENTENCE><SENTENCE><W>Overall</W><W>,</W><W>I</W><cue ID="11" type="speculation"><C><W>would</W></C><W>n&#39;t</W></cue><xcope ID="26"><ref COMMENTS="" ID="31" SRC="11"></ref><C><cue ID="12" type="speculation"><W>suggest</W></cue></C><xcope ID="25"><ref COMMENTS="" ID="30" SRC="12"></ref><W>this</W><W>computer</W></xcope></xcope><W>,</W><W>espcially</W><W>since</W><W>the</W><W>world</W><W>is</W><W>being</W><W>run</W><W>more</W><C><W>and</W></C><W>more</W><W>by</W><W>PC</W><W>&#39;s</W><W>now</W><W>(</W><W>I</W><C><cue ID="13" type="negation"><W>cannot</W></cue></C><xcope ID="28"><ref COMMENTS="" ID="29" SRC="13"></ref><W>down</W><W>load</W><W>files</W><W>unless</W><W>they</W><W>are</W><W>in</W><W>a</W><W>MAC</W><W>format...very</W><W>frustrating</W></xcope><W>)</W><W>.</W></SENTENCE></P></DOCUMENT>
