<?xml version="1.0" encoding="UTF-8"?>
<DOCUMENT><P/><P><SENTENCE><W>I</W><W>purchased</W><W>this</W><W>product</W><W>because</W><W>I</W><W>like</W><W>&quot;</W><W>thinking</W><W>different</W><W>.</W><W>&quot;</W></SENTENCE><SENTENCE><W>I</W><W>was</W><W>really</W><W>sick</W><W>of</W><W>Windoze!</W><W>I</W><W>was</W><W>originally</W><W>going</W><W>to</W><W>get</W><W>an</W><W>iBook</W><W>but</W><W>the</W><W>features</W><W>in</W><W>the</W><W>iBook</W><W>pale</W><W>in</W><W>comparison</W><W>to</W><W>the</W><W>iMac.</W></SENTENCE><SENTENCE><W>So</W><W>I</W><W>went</W><W>to</W><W>CompUSA</W><C><W>and</W></C><W>bought</W><W>a</W><W>blueberry</W><W>one</W><W>,</W><W>BIG</W><W>MISTAKE.</W></SENTENCE><SENTENCE><W>I</W><W>got</W><W>the</W><W>computer</W><W>home</W><C><W>and</W></C><W>I</W><C><cue ID="0" type="speculation"><W>thought</W></cue></C><xcope ID="10"><ref COMMENTS="" ID="35" SRC="0"/><W>it</W><W>was</W><W>great</W><W>until</W><W>I</W><W>saw</W><W>two</W><W>little</W><W>black</W><W>dots</W><W>towards</W><W>the</W><W>bottom</W><W>of</W><W>the</W><W>screen</W></xcope><W>.</W></SENTENCE><SENTENCE><W>I</W><W>have</W><W>only</W><W>heard</W><W>of</W><W>dead</W><W>pixels</W><W>on</W><W>LCD</W><W>displays</W><W>,</W><W>the</W><W>kind</W><W>they</W><W>use</W><W>on</W><W>laptops</W><W>,</W><W>like</W><W>the</W><W>Powerbook</W><W>series</W><W>.</W></SENTENCE><SENTENCE><W>So</W><W>I</W><W>took</W><W>it</W><W>back</W><W>the</W><W>next</W><W>day</W><C><W>and</W></C><W>they</W><W>gave</W><W>me</W><W>a</W><W>new</W><W>one</W><W>.</W></SENTENCE><SENTENCE><W>The</W><W>next</W><W>day</W><W>I</W><W>tested</W><W>out</W><W>the</W><W>new</W><W>one</W><C><W>and</W></C><W>this</W><W>one</W><W>was</W><W>fine</W><W>until</W><W>I</W><W>tested</W><W>a</W><W>DVD</W><W>movie</W><W>on</W><W>it</W><W>.</W></SENTENCE><SENTENCE><W>The</W><W>window</W><W>of</W><W>where</W><W>the</W><W>DVD</W><W>was</W><W>playing</W><W>had</W><W>big</W><W>lines</W><W>going</W><W>through</W><W>it</W><W>horizontally</W><W>about</W><W>the</W><W>size</W><W>of</W><W>scroll</W><W>bars</W><W>.</W></SENTENCE><SENTENCE><W>So</W><W>I</W><W>took</W><W>that</W><W>one</W><W>back</W><C><W>and</W></C><W>then</W><W>CompUSA</W><W>said</W><W>I</W><C><cue ID="1" type="speculation"><W>would</W></cue></C><xcope ID="13"><ref COMMENTS="" ID="34" SRC="1"/><xcope ID="11"><ref COMMENTS="" ID="33" SRC="2"/><W>have</W><W>to</W><W>get</W><W>another</W><W>one</W></xcope><C><cue ID="2" type="speculation"><W>or</W></cue></C><xcope ID="12"><ref COMMENTS="" ID="32" SRC="2"/><W>wait</W><W>15</W><W>days</W><W>to</W><W>get</W><W>a</W><W>refund</W><W>in</W><W>the</W><W>mail</W></xcope></xcope><W>.</W></SENTENCE><SENTENCE><W>I</W><W>opted</W><W>for</W><W>a</W><W>refund</W><W>because</W><W>I</W><cue ID="3" type="negation"><W>do</W><W>n&apos;t</W></cue><xcope ID="15"><ref COMMENTS="" ID="31" SRC="3"/><C><cue ID="4" type="speculation"><W>believe</W></cue></C><xcope ID="14"><ref COMMENTS="" ID="30" SRC="4"/><W>in</W><W>the</W><W>&quot;</W><W>three</W><W>strikes</W><W>you</W><W>&apos;re</W><W>out</W><W>,</W><W>&quot;</W><W>philosophy</W></xcope></xcope><W>,</W><W>two</W><W>I</W><C><cue ID="5" type="speculation"><W>think</W></cue></C><xcope ID="16"><ref COMMENTS="" ID="29" SRC="5"/><W>is</W><W>plenty</W></xcope><W>.</W></SENTENCE><SENTENCE><W>Thus</W><W>,</W><W>here</W><W>I</W><W>am</W><W>now</W><W>,</W><W>waiting</W><W>for</W><W>my</W><W>check</W><W>to</W><W>come</W><W>in</W><W>the</W><W>mail</W><W>.</W></SENTENCE><SENTENCE><W>I</W><W>highly</W><C><cue ID="6" type="speculation"><W>suggest</W></cue></C><xcope ID="18"><ref COMMENTS="" ID="28" SRC="6"/><W>you</W><W>do</W><C><cue ID="7" type="negation"><W>not</W></cue></C><xcope ID="17"><ref COMMENTS="" ID="27" SRC="7"/><W>buy</W><W>this</W><W>computer</W><W>,</W></xcope></xcope><C><W>instead</W></C><W>buy</W><W>some</W><W>other</W><W>Apple</W><W>computer</W><W>such</W><W>as</W><W>a</W><xcope ID="22"><ref COMMENTS="" ID="26" SRC="8"/><W>PowerMac,</W></xcope><xcope ID="21"><ref COMMENTS="" ID="25" SRC="8"/><W>Powerbook</W><W>G3</W></xcope><W>,</W><C><cue ID="8" type="speculation"><W>or</W></cue></C><xcope ID="20"><ref COMMENTS="" ID="24" SRC="8"/><W>iBook</W></xcope><W>because</W><W>Apple</W><W>is</W><W>definitely</W><W>just</W><W>sending</W><W>these</W><W>things</W><W>out</W><W>in</W><W>quantity</W><C><W>and</W></C><C><cue ID="9" type="negation"><W>not</W></cue></C><xcope ID="19"><ref COMMENTS="" ID="23" SRC="9"/><W>testing</W><W>them</W><W>for</W><W>quality</W></xcope><W>.</W></SENTENCE></P></DOCUMENT>