<?xml version="1.0" encoding="UTF-8"?>
<DOCUMENT><P></P><P><SENTENCE><W>My</W><W>father</W><W>works</W><W>in</W><W>the</W><W>Marketing</W><C><W>and</W></C><W>Advertising</W><W>business</W><W>,</W><C><W>and</W></C><W>bought</W><W>one</W><W>of</W><W>these</W><W>monsters</W><W>.</W></SENTENCE><SENTENCE><W>He</W><W>uses</W><W>it</W><W>during</W><W>the</W><W>day</W><W>,</W><C><W>and</W></C><W>I</W><W>use</W><W>it</W><W>during</W><W>the</W><W>night</W><W>.</W></SENTENCE><SENTENCE><W>After</W><W>a</W><W>year</W><W>of</W><W>working</W><W>with</W><W>this</W><W>thing</W><W>,</W><W>I</W><W>have</W><W>come</W><W>to</W><W>a</W><C><W>conclusion</W></C><W>.</W></SENTENCE></P><P></P><P><SENTENCE><W>Stop</W><W>buying</W><W>Apples</W><W>.</W></SENTENCE></P><P></P><P><SENTENCE><W>First</W><W>of</W><W>all</W><W>,</W><W>my</W><W>dad</W><W>bought</W><W>this</W><W>thing</W><W>EXACTLY</W><W>4</W><W>days</W><W>before</W><W>the</W><W>dual</W><W>processor</W><W>macs</W><W>come</W><W>onto</W><W>the</W><W>market</W><W>at</W><W>the</W><W>same</W><W>price</W><W>.</W></SENTENCE><SENTENCE><W>I</W><W>called</W><W>up</W><W>Apple</W><C><W>and</W></C><W>demanded</W><W>they</W><W>take</W><W>it</W><W>back</W><C><W>and</W></C><W>give</W><W>us</W><W>the</W><W>higher</W><W>end</W><W>model</W><W>.</W></SENTENCE><SENTENCE><W>They</W><W>politely</W><W>said</W><W>they</W><C><cue ID="0" type="speculation"><W>could</W></cue></C><xcope ID="32"><ref COMMENTS="" ID="64" SRC="0"></ref><C><cue ID="1" type="negation"><W>not</W></cue></C><xcope ID="31"><ref COMMENTS="" ID="63" SRC="1"></ref><W>do</W><W>a</W><W>thing</W><W>about</W><W>it</W></xcope></xcope><C><W>and</W></C><W>hung</W><W>up</W><W>.</W></SENTENCE><SENTENCE><W>Poor</W><W>poor</W><W>customer</W><W>service</W><W>.</W></SENTENCE><SENTENCE><W>Had</W><W>Apple</W><W>given</W><W>a</W><W>damn</W><W>about</W><W>the</W><W>small</W><W>market</W><W>of</W><W>consumers</W><W>they</W><W>have</W><W>,</W><W>I</W><C><cue ID="2" type="speculation"><W>would</W></cue></C><xcope ID="33"><ref COMMENTS="" ID="65" SRC="2"></ref><W>&#39;ve</W><W>been</W><W>transferred</W><W>to</W><W>someone</W><W>with</W><W>authority</W></xcope><W>,</W><C><W>and</W></C><W>a</W><W>solution</W><C><cue ID="3" type="speculation"><W>would</W></cue></C><xcope ID="34"><ref COMMENTS="" ID="66" SRC="3"></ref><W>have</W><W>been</W><W>reached</W></xcope><W>.</W></SENTENCE><SENTENCE><W>But</W><C><cue ID="4" type="negation"><W>no</W></cue></C><W>.</W></SENTENCE><SENTENCE><W>The</W><W>system</W><W>we</W><W>had</W><W>was</W><W>obselete</W><W>the</W><W>moment</W><W>we</W><W>got</W><W>it</W><W>up</W><C><W>and</W></C><W>running</W><W>.</W></SENTENCE></P><P></P><P><SENTENCE><C><cue ID="5" type="speculation"><W>If</W></cue></C><xcope ID="36"><ref COMMENTS="" ID="68" SRC="5"></ref><W>that</W><cue ID="6" type="negation"><W>was</W><W>n&#39;t</W></cue><xcope ID="35"><ref COMMENTS="" ID="67" SRC="6"></ref><W>bad</W><W>enough</W></xcope></xcope><W>,</W><W>the</W><W>computer</W><W>sucks</W><W>too</W><W>.</W></SENTENCE></P><P></P><P><SENTENCE><W>Apple</W><W>has</W><W>this</W><W>problem</W><W>with</W><W>making</W><W>good</W><W>computer</W><W>components</W><W>I</W><W>find</W><W>.</W></SENTENCE><SENTENCE><W>From</W><W>the</W><cue ID="57" type="negation"><C><W>lack</W></C><W>of</W></cue><xcope ID="58"><ref COMMENTS="" ID="59" SRC="57"></ref><W>ADB</W><W>ports</W></xcope><W>to</W><W>the</W><W>weeks</W><W>of</W><W>buying</W><C><W>and</W></C><W>returning</W><W>external</W><W>SCSI</W><W>cards</W><W>because</W><W>they</W><W>were</W><W>incompatible</W><W>and/or</W><W>problematic</W><W>(</W><W>these</W><xcope ID="38"><ref COMMENTS="" ID="70" SRC="8"></ref><cue ID="7" type="negation"><W>were</W><W>n&#39;t</W></cue><xcope ID="37"><ref COMMENTS="" ID="69" SRC="7"></ref><W>your</W><W>no-name</W><W>&#39;s</W></xcope></xcope><C><cue ID="8" type="negation"><W>either</W></cue></C><W>.</W></SENTENCE><SENTENCE><W>LaCie</W><W>,</W><W>Adaptec</W><W>,</W><C><W>and</W></C><W>Iomega</W><W>were</W><W>just</W><W>a</W><W>few</W><W>of</W><W>the</W><W>brand</W><W>names</W><W>we</W><W>tried</W><W>)</W><W>with</W><W>the</W><W>computer</W><W>.</W></SENTENCE><SENTENCE><W>Some</W><W>of</W><W>the</W><W>devices</W><W>still</W><cue ID="9" type="negation"><W>do</W><W>n&#39;t</W></cue><xcope ID="39"><ref COMMENTS="" ID="72" SRC="9"></ref><W>work</W><W>with</W><W>it</W><W>.</W></xcope></SENTENCE><SENTENCE><W>The</W><W>CD-ROM</W><W>is</W><W>very</W><W>buggy</W><W>as</W><W>CDs</W><W>randomly</W><W>unmount</W><W>,</W><C><W>and</W></C><W>you</W><cue ID="10" type="negation"><W>ca</W><W>n&#39;t</W></cue><xcope ID="40"><ref COMMENTS="" ID="71" SRC="10"></ref><W>eject</W><W>them</W><W>unless</W><W>you</W><W>restart</W><W>your</W><W>computer</W></xcope><W>(</W><W>a</W><W>very</W><W>frequent</W><W>problem</W><W>on</W><W>our</W><W>end</W><W>)</W><W>.</W></SENTENCE><SENTENCE><C><cue ID="11" type="speculation"><W>Perhaps</W></cue></C><xcope ID="41"><ref COMMENTS="" ID="73" SRC="11"></ref><W>one</W><W>of</W><W>my</W><W>biggest</W><W>complaints</W><W>is</W><W>the</W><cue ID="60" type="negation"><C><W>lack</W></C><W>of</W></cue><xcope ID="61"><ref COMMENTS="" ID="62" SRC="60"></ref><W>performance</W></xcope></xcope><W>.</W></SENTENCE><SENTENCE><W>All</W><W>that</W><W>bull</W><W>about</W><W>this</W><W>being</W><W>a</W><W>supercomputer</W><W>...forget</W><W>it</W><W>.</W></SENTENCE><SENTENCE><W>I</W><W>ran</W><W>a</W><W>test</W><W>between</W><W>a</W><W>G3</W><W>400</W><C><W>and</W></C><W>the</W><W>G4</W><W>500</W><W>in</W><W>photoshop</W><W>,</W><C><W>and</W></C><W>the</W><W>G4</W><W>was</W><W>only</W><W>about</W><W>5</W><W>%</W><W>faster</W><W>.</W></SENTENCE><SENTENCE><W>This</W><W>is</W><W>because</W><W>programs</W><C><cue ID="12" type="speculation"><W>must</W></cue></C><xcope ID="42"><ref COMMENTS="" ID="75" SRC="12"></ref><W>be</W><W>designed</W><W>specifically</W><W>to</W><W>run</W><W>faster</W><W>on</W><W>the</W><W>G4</W><W>system</W></xcope><W>before</W><W>you</W><C><cue ID="13" type="speculation"><W>can</W></cue></C><xcope ID="43"><ref COMMENTS="" ID="74" SRC="13"></ref><W>get</W><W>any</W><W>noticeable</W><W>speed</W><W>improvements</W></xcope><W>.</W></SENTENCE></P><P></P><P><SENTENCE><W>Of</W><W>course</W><W>the</W><W>computer</W><W>is</W><W>bundled</W><W>with</W><W>OS</W><W>9</W><W>,</W><W>the</W><W>most</W><W>bug</W><W>filled</W><W>of</W><W>all</W><W>the</W><W>Mac</W><W>OS</W><W>versions</W><W>(</W><W>even</W><W>with</W><W>9.0.4)</W><W>.</W></SENTENCE><SENTENCE><W>While</W><W>this</W><W>review</W><cue ID="14" type="negation"><W>is</W><W>n&#39;t</W></cue><xcope ID="44"><ref COMMENTS="" ID="76" SRC="14"></ref><W>about</W><W>the</W><W>OS</W></xcope><W>,</W><W>I</W><C><cue ID="15" type="speculation"><W>must</W></cue></C><xcope ID="46"><ref COMMENTS="" ID="77" SRC="15"></ref><W>say</W><W>that</W><W>protected</W><W>memory</W><C><cue ID="16" type="speculation"><W>would</W></cue></C><xcope ID="45"><W>have</W><W>made</W><W>this</W><W>OS</W><W>bearable</W></xcope></xcope><W>,</W><W>but</W><W>when</W><W>one</W><W>program</W><W>crashes</W><W>,</W><W>they</W><W>all</W><W>go</W><W>,</W><W>mon</W><W>ami</W><W>.</W></SENTENCE><SENTENCE><W>OS</W><W>X</W><W>will</W><W>be</W><W>out</W><W>mid</W><W>summer</W><W>(</W><W>provided</W><W>they</W><cue ID="17" type="negation"><W>do</W><W>n&#39;t</W></cue><xcope ID="47"><ref COMMENTS="" ID="78" SRC="17"></ref><W>delay</W><W>it</W><W>for</W><W>another</W><W>year</W></xcope><W>)</W><W>,</W><C><W>and</W></C><W>OS</W><W>X</W><W>compatible</W><W>programs</W><W>will</W><C><cue ID="18" type="speculation"><W>probably</W></cue></C><xcope ID="48"><ref COMMENTS="" ID="79" SRC="18"></ref><W>be</W><W>popular</W><W>around</W><W>2002</W><W>.</W></xcope></SENTENCE></P><P></P><P><SENTENCE><W>In</W><W>other</W><W>words</W><W>,</W><W>this</W><W>computer</W><cue ID="19" type="negation"><W>is</W><W>n&#39;t</W></cue><xcope ID="51"><ref COMMENTS="" ID="82" SRC="19"></ref><W>worth</W><W>your</W><xcope ID="50"><ref COMMENTS="" ID="81" SRC="20"></ref><W>time</W></xcope><C><cue ID="20" type="speculation"><W>or</W></cue></C><xcope ID="49"><ref COMMENTS="" ID="80" SRC="20"></ref><W>money</W></xcope><W>.</W></xcope></SENTENCE><SENTENCE><W>Even</W><C><cue ID="21" type="speculation"><W>if</W></cue></C><xcope ID="54"><ref COMMENTS="" ID="85" SRC="21"></ref><W>you</W><W>&#39;re</W><W>a</W><xcope ID="53"><ref COMMENTS="" ID="84" SRC="22"></ref><W>graphic</W><W>designer</W></xcope><W>(</W><C><cue ID="22" type="speculation"><W>or</W></cue></C><xcope ID="52"><ref COMMENTS="" ID="83" SRC="22"></ref><W>a</W><W>hardcore</W><W>gamer</W></xcope><W>)</W></xcope><W>,</W><W>avoid</W><W>G4s</W><W>alltogether</W><W>.</W></SENTENCE><SENTENCE><W>A</W><W>G3</W><W>400</W><C><cue ID="23" type="speculation"><W>should</W></cue></C><xcope ID="56"><ref COMMENTS="" ID="87" SRC="23"></ref><W>satisfy</W><W>just</W><W>about</W><W>anyone</W><W>who</W><C><cue ID="24" type="speculation"><W>MUST</W></cue></C><xcope ID="55"><ref COMMENTS="" ID="86" SRC="24"></ref><W>have</W><W>an</W><W>Apple</W></xcope></xcope><W>.</W></SENTENCE><SENTENCE><W>I</W><W>have</W><W>worked</W><W>with</W><W>Apples</W><W>since</W><W>the</W><W>Macintosh</W><W>Plus</W><W>(around</W><W>1986</W><W>)</W><W>,</W><W>but</W><W>I</W><W>have</W><W>to</W><W>put</W><W>my</W><W>foot</W><W>down</W><W>here</W><W>.</W></SENTENCE><SENTENCE><W>Apple</W><W>is</W><C><cue ID="25" type="negation"><W>no</W></cue></C><xcope ID="57"><ref COMMENTS="" ID="88" SRC="25"></ref><W>longer</W><W>the</W><W>wonderful</W><W>system</W><W>that</W><W>does</W><W>exactly</W><W>what</W><W>it</W><W>&#39;s</W><W>told</W></xcope><W>.</W></SENTENCE><SENTENCE><W>Combined</W><W>with</W><W>the</W><W>substandard</W><W>hardware</W><W>(</W><W>with</W><W>nifty</W><W>cases</W><W>)</W><C><W>and</W></C><W>an</W><W>obselete</W><W>OS</W><W>,</W><W>it</W><W>runs</W><W>like</W><W>Windows</W><W>95</W><W>,</W><W>but</W><C><cue ID="26" type="negation"><W>without</W></cue></C><xcope ID="58"><ref COMMENTS="" ID="89" SRC="26"></ref><W>the</W><W>multi-tasking</W><C><W>and</W></C><W>protected</W><W>memory</W></xcope><W>.</W></SENTENCE></P><P></P><P><SENTENCE><W>Oh</W><W>,</W><W>one</W><W>more</W><W>thing</W><W>.</W></SENTENCE><SENTENCE><C><cue ID="27" type="speculation"><W>If</W></cue></C><xcope ID="59"><ref COMMENTS="" ID="91" SRC="27"></ref><W>you</W><W>want</W><W>tech</W><C><W>support</W></C></xcope><W>,</W><W>Apple</W><W>has</W><W>a</W><W>unique</W><W>way</W><W>of</W><W>helping</W><W>you</W><W>-</W><W>a</W><W>way</W><C><cue ID="28" type="negation"><W>not</W></cue></C><xcope ID="60"><ref COMMENTS="" ID="90" SRC="28"></ref><W>unlike</W><W>a</W><W>Dilbert</W><W>comic</W><W>I</W><W>once</W><W>read</W></xcope><W>:</W><W>The</W><W>more</W><W>problems</W><W>your</W><W>computer</W><W>has</W><W>,</W><W>the</W><W>more</W><W>you</W><W>have</W><W>to</W><W>pay</W><W>them</W><W>.</W></SENTENCE><SENTENCE><W>Apple</W><W>uses</W><W>a</W><W>&#34;pay</W><W>per</W><W>incident</W><W>&#34;</W><W>program</W><W>,</W><W>meaning</W><C><cue ID="29" type="speculation"><W>if</W></cue></C><xcope ID="61"><ref COMMENTS="" ID="92" SRC="29"></ref><W>their</W><W>product</W><W>F***s</W><W>up</W></xcope><W>,</W><W>you</W><W>get</W><W>to</W><W>pay</W><W>them</W><W>MORE</W><W>money</W><W>so</W><W>they</W><C><cue ID="30" type="speculation"><W>can</W></cue></C><xcope ID="62"><ref COMMENTS="" ID="93" SRC="30"></ref><W>tell</W><W>you</W><W>to</W><W>go</W><W>have</W><W>it</W><W>fixed</W></xcope><W>.</W></SENTENCE><SENTENCE><W>Thanks</W><W>Apple</W><W>.</W></SENTENCE></P></DOCUMENT>
