<?xml version="1.0" encoding="UTF-8"?>
<DOCUMENT><P></P><P><SENTENCE><W>Wow</W><W>,</W><W>this</W><W>is</W><W>one</W><W>beautiful</W><W>piece</W><W>of</W><W>machinery</W><W>,</W><W>both</W><W>inside</W><C><W>and</W></C><W>out</W><W>.</W></SENTENCE><SENTENCE><W>It</W><W>will</W><W>empty</W><W>all</W><W>doubts</W><W>that</W><W>Apple</W><W>is</W><W>back</W><W>,</W><W>but</W><W>it</W><W>will</W><W>also</W><W>empty</W><W>your</W><W>wallet</W><W>.</W></SENTENCE><SENTENCE><W>I</W><W>am</W><C><cue ID="1" type="speculation"><W>perhaps</W></cue></C><xcope ID="16"><ref COMMENTS="" ID="37" SRC="1"></ref><W>one</W><W>of</W><W>the</W><W>worlds</W><W>biggest</W><W>fans</W><W>in</W><W>emptying</W><W>my</W><W>wallet</W></xcope><W>,</W><W>but</W><W>it</W><C><cue ID="0" type="speculation"><W>must</W></cue></C><xcope ID="17"><ref ID="36" SRC="0"></ref><W>be</W><W>a</W><W>warranted</W><W>spending</W></xcope><W>,</W><C><W>and</W></C><W>unfortunately</W><W>,</W><W>this</W><W>is</W><W>exactly</W><C><cue ID="2" type="negation"><W>not</W></cue></C><xcope ID="18"><ref COMMENTS="" ID="38" SRC="2"></ref><W>that</W></xcope><W>.</W></SENTENCE></P><P></P><P><SENTENCE><W>This</W><W>computer</W><W>will</W><W>do</W><W>everything</W><W>you</W><W>want</W><C><W>and</W></C><W>more</W><W>,</W><W>fully</W><W>upgraded</W><W>you</W><C><cue ID="3" type="speculation"><W>could</W></cue></C><xcope ID="19"><ref COMMENTS="" ID="39" SRC="3"></ref><W>edit</W><W>an</W><W>entire</W><W>feature</W><W>film</W><W>on</W><W>this</W><W>thing</W></xcope><W>,</W><W>but</W><W>for</W><W>half</W><W>the</W><W>price</W><W>,</W><W>you</W><C><cue ID="4" type="speculation"><W>could</W></cue></C><xcope ID="20"><ref COMMENTS="" ID="40" SRC="4"></ref><W>do</W><W>it</W><W>on</W><W>a</W><W>PC</W></xcope><W>.</W></SENTENCE><SENTENCE><W>I</W><W>am</W><W>both</W><W>a</W><W>PC</W><C><W>and</W></C><W>a</W><W>Mac</W><W>user</W><W>for</W><W>different</W><W>things</W><W>.</W></SENTENCE><SENTENCE><W>Audio</W><W>editing</W><W>,</W><W>Graphic</W><W>editing</W><C><W>and</W></C><W>composing</W><W>are</W><W>ten</W><W>fold</W><W>better</W><W>on</W><W>a</W><W>Macintosh</W><W>than</W><W>on</W><W>a</W><W>PC</W><W>due</W><W>to</W><W>better</W><W>software</W><W>being</W><W>manufactured</W><W>for</W><W>it</W><W>.</W></SENTENCE></P><P></P><P><SENTENCE><W>However</W><W>,</W><W>you</W><C><cue ID="5" type="speculation"><W>can</W></cue></C><xcope ID="23"><ref COMMENTS="" ID="41" SRC="5"></ref><W>get</W><W>a</W><W>similar</W><W>PC</W><W>for</W><W>under</W><W>3000</W><W>dollars</W></xcope><C><W>and</W></C><W>upgrade</W><W>to</W><W>far</W><W>beyond</W><W>the</W><W>capacity</W><W>of</W><W>this</W><W>computer</W><W>for</W><W>under</W><W>5000</W><W>dollars</W><W>altogether</W><W>.</W></SENTENCE><SENTENCE><W>You</W><C><cue ID="8" type="speculation"><W>can</W></cue></C><xcope ID="24"><ref COMMENTS="" ID="42" SRC="8"></ref><W>definitely</W><W>do</W><W>everything</W><W>on</W><W>this</W><W>computer</W></xcope><W>,</W><W>but</W><W>why</W><W>do</W><W>it</W><C><cue ID="6" type="speculation"><W>if</W></cue></C><xcope ID="22"><ref COMMENTS="" ID="44" SRC="6"></ref><W>you</W><C><cue ID="7" type="speculation"><W>can</W></cue></C><xcope ID="21"><ref COMMENTS="" ID="43" SRC="7"></ref><W>put</W><W>up</W><W>with</W><W>Windows</W><W>98</W></xcope></xcope><C><W>and</W></C><W>do</W><W>evertything</W><C><W>and</W></C><W>more</W><W>for</W><W>virtually</W><W>half</W><W>the</W><W>price</W><W>.</W></SENTENCE><SENTENCE><W>Video</W><W>editing</W><W>,</W><W>mostly</W><W>done</W><W>on</W><W>Macs</W><W>professionally</W><W>is</W><W>quickly</W><W>moving</W><W>over</W><W>to</W><W>PC</W><W>because</W><W>all</W><W>upgrades</W><W>are</W><W>much</W><W>cheaper</W><W>.</W></SENTENCE><SENTENCE><W>It</W><W>&#39;s</W><W>really</W><W>terrific</W><W>that</W><W>you</W><W>get</W><W>256mb</W><W>of</W><W>RAM</W><C><W>and</W></C><W>a</W><W>40GB</W><W>hard</W><W>drive</W><W>with</W><W>this</W><W>here</W><W>computer</W><W>,</W><W>but</W><W>that</W><W>&#39;s</W><W>just</W><C><cue ID="9" type="negation"><W>not</W></cue></C><xcope ID="25"><ref COMMENTS="" ID="45" SRC="9"></ref><W>enough</W><W>to</W><W>really</W><W>edit</W><W>medium</W><W>to</W><W>large</W><W>amounts</W><W>of</W><W>digital</W><W>video</W></xcope><W>.</W></SENTENCE></P><P></P><P><SENTENCE><W>You</W><C><cue ID="10" type="speculation"><W>can</W></cue></C><xcope ID="28"><ref COMMENTS="" ID="50" SRC="10"></ref><xcope ID="48"><ref COMMENTS="" ID="49" SRC="11"></ref><W>upgrade</W><W>on</W><W>this</W></xcope><C><cue ID="11" type="speculation"><W>or</W></cue></C><xcope ID="27"><ref COMMENTS="" ID="47" SRC="11"></ref><W>a</W><W>PC</W></xcope></xcope><W>.</W></SENTENCE><SENTENCE><W>But</W><W>you</W><C><cue ID="12" type="speculation"><W>can</W></cue></C><xcope ID="26"><ref COMMENTS="" ID="46" SRC="12"></ref><W>do</W><W>it</W><W>for</W><W>half</W><W>the</W><W>price</W><W>on</W><W>a</W><W>PC</W></xcope><W>due</W><W>to</W><W>the</W><W>many</W><W>other</W><W>manufacturers</W><W>making</W><W>PC</W><W>products</W><W>that</W><W>take</W><W>the</W><W>price</W><W>down</W><W>as</W><W>opposed</W><W>to</W><W>Apple</W><W>which</W><W>has</W><W>a</W><W>monopoly</W><W>on</W><W>it</W><W>&#39;s</W><W>own</W><W>parts</W><W>.</W></SENTENCE></P><P></P><P><SENTENCE><W>Do</W><W>n&#39;t</W><W>buy</W><W>this</W><W>computer</W><W>unless</W><W>you</W><W>have</W><W>money</W><W>to</W><W>throw</W><W>away</W><W>.</W></SENTENCE><SENTENCE><W>It</W><C><cue ID="13" type="speculation"><W>seems</W></cue></C><xcope ID="29"><ref COMMENTS="" ID="51" SRC="13"></ref><W>like</W><W>an</W><W>industry</W><W>standard</W></xcope><W>,</W><W>it</W><W>&#39;s</W><W>just</W><W>an</W><W>industry</W><C><W>suggestion</W></C><W>.</W></SENTENCE><SENTENCE><W>Please</W><W>bear</W><W>in</W><W>mind</W><W>,</W><W>they</W><W>have</W><W>money</W><W>to</W><W>throw</W><W>away</W><W>.</W></SENTENCE></P><P></P><P><SENTENCE><C><cue ID="15" type="speculation"><W>If</W></cue></C><xcope ID="30"><ref COMMENTS="" ID="52" SRC="15"></ref><W>you</W><W>are</W><W>looking</W><W>to</W><W>edit</W><W>digital</W><W>video</W><W>on</W><W>your</W><W>computer</W><W>email</W><W>me</W></xcope><W>at</W><W>(</W><W>InnerYouthFilms@aol.com</W><W>)</W><C><W>and</W></C><W>I</W><W>&#39;m</W><W>more</W><W>than</W><W>happy</W><W>to</W><W>provide</W><W>you</W><W>with</W><W>answers</W><W>that</W><W>will</W><W>save</W><W>you</W><W>3000</W><W>dollars</W><W>.</W></SENTENCE><SENTENCE><xcope ID="33"><ref COMMENTS="" ID="55" SRC="14"></ref><W>Go</W><W>PC</W></xcope><C><cue ID="14" type="speculation"><W>or</W></cue></C><xcope ID="31"><ref COMMENTS="" ID="54" SRC="14"></ref><W>go</W><W>MAC</W></xcope><W>,</W><W>just</W><cue ID="35" type="negation"><W>do</W><W>n&#39;t</W></cue><xcope ID="34"><ref COMMENTS="" ID="53" SRC="35"></ref><W>buy</W><W>this</W><W>computer</W></xcope><W>.</W></SENTENCE></P></DOCUMENT>
