<?xml version="1.0" encoding="UTF-8"?>
<DOCUMENT><P></P><P><SENTENCE><W>Although</W><W>I</W><W>do</W><C><cue ID="0" type="negation"><W>not</W></cue></C><xcope ID="4"><ref COMMENTS="" ID="11" SRC="0"></ref><W>personaly</W><W>own</W><W>one</W><W>of</W><W>these</W><W>monsters</W></xcope><W>,</W><W>I</W><W>work</W><W>with</W><W>one</W><W>every</W><W>day</W><W>.</W></SENTENCE><SENTENCE><W>You</W><W>see</W><W>I</W><W>am</W><W>a</W><W>non-linear</W><W>video</W><W>editor</W><W>,</W><C><W>and</W></C><W>we</W><W>have</W><W>a</W><W>new</W><W>G4</W><W>Professional</W><W>paper</W><W>weight</W><W>here</W><W>in</W><W>our</W><W>art</W><W>department</W><W>.</W></SENTENCE><SENTENCE><W>Sure</W><W>it</W><W>is</W><W>nice</W><W>in</W><W>theory</W><W>520</W><W>MB</W><W>of</W><W>ram</W><W>expandable</W><W>to</W><W>1.5</W><W>GB</W><W>,</W><W>Built</W><W>in</W><W>DVD</W><W>burner</W><W>,</W><W>built</W><W>in</W><W>Zip</W><W>Drive</W><W>,</W><W>Airport</W><W>,</W><W>USB</W><W>,</W><W>Pretty</W><W>Blue</W><C><W>and</W></C><W>Clear</W><W>Case</W><W>.</W></SENTENCE><SENTENCE><W>But</W><W>that</W><W>is</W><W>where</W><W>the</W><W>fun</W><W>ends</W><W>Im</W><W>afraid</W><W>.</W></SENTENCE><SENTENCE><W>First</W><W>of</W><W>all</W><W>Mac-OS</W><W>9</W><W>which</W><W>came</W><W>with</W><W>ours</W><W>is</W><W>a</W><W>nightmare</W><W>see</W><W>my</W><W>other</W><W>opinion</W><W>titled</W><W>&#34;</W><W>OS-?</W><W>&#34;</W><W>for</W><W>an</W><W>explanation</W><W>on</W><W>that</W><W>.</W></SENTENCE><SENTENCE><W>The</W><W>New</W><W>macintosh</W><W>is</W><W>exactly</W><W>that</W><W>a</W><W>500</W><W>MHZ</W><W>paper</W><W>weight</W><W>.</W></SENTENCE><SENTENCE><W>The</W><W>art</W><W>director</W><W>is</W><W>disgusted</W><W>with</W><W>it</W><W>.</W></SENTENCE><SENTENCE><W>Always</W><W>Crashing</W><W>,</W><W>Locking</W><W>up</W><W>,</W><W>Finder</W><W>dissapearing</W><W>,</W><W>DVD</W><W>Drive</W><W>dos</W><W>n&#39;t</W><W>burn</W><W>right</W><W>.</W></SENTENCE><SENTENCE><W>This</W><W>computer</W><W>look</W><W>nice</W><W>on</W><W>the</W><W>outside</W><W>but</W><C><cue ID="1" type="speculation"><W>if</W></cue></C><xcope ID="5"><ref COMMENTS="" ID="10" SRC="1"></ref><W>you</W><W>want</W><W>a</W><W>real</W><W>laugh</W><W>hold</W><W>the</W><W>DVD</W><W>Flip</W><W>Door</W><W>Open</W></xcope><C><W>and</W></C><W>look</W><W>at</W><W>the</W><W>covered</W><W>up</W><W>headphone</W><W>output</W><C><W>and</W></C><W>volume</W><W>wheel</W><W>on</W><W>the</W><W>internal</W><W>DVD.</W></SENTENCE><SENTENCE><W>This</W><W>was</W><C><cue ID="2" type="negation"><W>not</W></cue></C><xcope ID="6"><ref COMMENTS="" ID="9" SRC="2"></ref><W>exactly</W><W>retooled</W></xcope><W>.</W></SENTENCE><SENTENCE><W>Oh</W><W>yes</W><W>apple</W><W>keep</W><W>cutting</W><W>thoses</W><W>corners</W><W>,</W><W>your</W><W>accountants</W><W>are</W><W>doing</W><W>an</W><W>excellent</W><W>job</W><W>.</W></SENTENCE><SENTENCE><W>Make</W><W>sure</W><W>that</W><W>their</W><W>year</W><W>end</W><W>bonuses</W><W>are</W><W>big</W><W>.</W></SENTENCE><SENTENCE><W>!</W></SENTENCE><SENTENCE><W>This</W><W>is</W><W>one</W><W>fast</W><W>machine</W><W>when</W><W>it</W><W>is</W><W>up</W><C><W>and</W></C><W>running</W><W>I</W><W>&#39;ll</W><W>give</W><W>it</W><W>that</W><W>.</W></SENTENCE><SENTENCE><W>But</W><W>it</W><C><cue ID="3" type="speculation"><W>seems</W></cue></C><xcope ID="7"><ref COMMENTS="" ID="8" SRC="3"></ref><W>to</W><W>be</W><W>faster</W><W>at</W><W>crashing</W><W>as</W><W>well</W></xcope><W>.</W></SENTENCE><SENTENCE><W>My</W><W>overall</W><W>opinion</W><W>is</W><W>that</W><W>this</W><W>machine</W><W>has</W><W>great</W><C><W>potential</W></C><W>,</W><W>however</W><W>it</W><W>is</W><W>almost</W><W>unusable</W><W>out</W><W>of</W><W>the</W><W>box</W><W>.</W></SENTENCE></P></DOCUMENT>
