<?xml version="1.0" encoding="UTF-8"?>
<DOCUMENT><P></P><P><SENTENCE><W>Another</W><W>case</W><W>of</W><C><cue ID="0" type="speculation"><W>If</W></cue></C><xcope ID="34"><ref COMMENTS="" ID="73" SRC="0"></ref><W>you</W><W>do</W><C><cue ID="1" type="negation"><W>not</W></cue></C><xcope ID="33"><ref COMMENTS="" ID="72" SRC="1"></ref><W>look</W><W>under</W><W>the</W><W>hood</W></xcope></xcope><W>.</W></SENTENCE><SENTENCE><W>You</W><W>deserve</W><W>what</W><W>you</W><W>invested</W><W>in</W><W>.</W></SENTENCE><SENTENCE><W>I</W><W>will</W><C><cue ID="2" type="negation"><W>not</W></cue></C><xcope ID="35"><ref ID="74" SRC="2"></ref><W>make</W><W>this</W><W>another</W><W>long</W><W>winded</W><W>review</W></xcope><W>.</W></SENTENCE><SENTENCE><W>Look</W><W>at</W><W>my</W><W>review</W><W>of</W><W>the</W><W>Dimension</W><W>4550</W><W>.</W></SENTENCE><SENTENCE><W>Any</W><W>Dell</W><W>will</W><W>fit</W><W>into</W><W>the</W><W>same</W><W>criteria</W><W>.</W></SENTENCE></P><P></P><P><SENTENCE><C><cue ID="3" type="speculation"><W>If</W></cue></C><xcope ID="36"><ref ID="75" SRC="3"></ref><W>you</W><W>are</W><W>happy</W><W>investing</W><W>in</W><W>a</W><W>car</W><W>that</W><W>has</W><W>a</W><W>nice</W><W>paint</W><W>job</W></xcope><C><W>and</W></C><W>a</W><W>2.4</W><W>GHz</W><W>sticker</W><W>glued</W><W>to</W><W>the</W><W>side</W><W>of</W><W>it</W><W>.</W></SENTENCE><SENTENCE><W>Great</W><W>.</W></SENTENCE></P><P></P><P><SENTENCE><W>I</W><W>charge</W><W>$</W><W>75-$</W><W>100</W><W>dollars</W><W>per</W><W>hour</W><W>repairing</W><W>proprietary</W><W>computers</W><W>like</W><W>this</W><W>.</W></SENTENCE><SENTENCE><C><W>And</W></C><W>we</W><W>make</W><W>great</W><W>money</W><W>.</W></SENTENCE><SENTENCE><W>Out</W><W>of</W><W>all</W><W>proprietary</W><W>manufacturers</W><W>,</W><W>I</W><C><cue ID="4" type="speculation"><W>believe</W></cue></C><xcope ID="37"><ref ID="76" SRC="4"></ref><W>Dell</W><W>is</W><W>Number</W><W>One</W></xcope><W>.</W></SENTENCE><SENTENCE><W>You</W><W>will</W><W>save</W><W>money</W><W>.</W></SENTENCE><SENTENCE><C><W>And</W></C><W>it</W><W>will</W><W>allow</W><W>recuperation</W><W>of</W><W>your</W><W>finances</W><W>,</W><W>so</W><W>you</W><C><cue ID="5" type="speculation"><W>can</W></cue></C><xcope ID="38"><ref ID="77" SRC="5"></ref><W>afford</W><W>the</W><W>repair</W><C><W>and</W></C><W>maintenance</W><W>costs</W></xcope><W>.</W></SENTENCE></P><P></P><P><SENTENCE><C><cue ID="79" type="speculation"><W>If</W></cue></C><xcope ID="39"><ref COMMENTS="" ID="80" SRC="79"></ref><W>you</W><W>Look</W><W>under</W><W>the</W><W>Hood</W><W>here</W><W>is</W><W>what</W><W>you</W><W>see</W></xcope><W>:</W></SENTENCE></P><P></P><P><SENTENCE><W>Case</W><W>with</W><W>250</W><W>Watt</W><W>power</W><W>supply</W><W>.</W></SENTENCE><SENTENCE><W>Do</W><C><cue ID="6" type="negation"><W>not</W></cue></C><xcope ID="41"><ref ID="82" SRC="6"></ref><W>count</W><W>on</W><W>the</W><W>power</W><W>supply</W><C><cue ID="7" type="negation"><W>not</W></cue></C><xcope ID="40"><ref ID="81" SRC="7"></ref><W>burning</W><W>up</W></xcope></xcope><W>,</W><W>when</W><W>adding</W><W>more</W><W>devices</W><W>.</W></SENTENCE><SENTENCE><W>Non-proprietary</W><W>systems</W><W>mostly</W><W>have</W><W>300</W><W>Watts</W><W>minimum</W><W>.</W></SENTENCE><SENTENCE><C><W>and</W></C><W>most</W><W>non-proprietary</W><W>mid</W><W>tower</W><W>cases</W><W>will</W><W>have</W><W>room</W><W>for</W><W>4</W><W>-</W><W>5.25</W><W>&#34;</W><W>bays</W><C><W>and</W></C><W>6-3.25</W><W>&#34;</W><W>bays</W><W>.</W></SENTENCE></P><P></P><P><SENTENCE><C><cue ID="8" type="negation"><W>No</W></cue></C><xcope ID="42"><ref ID="83" SRC="8"></ref><W>concrete</W><W>Motherboard</W><W>Specs</W></xcope><W>.</W></SENTENCE><SENTENCE><W>Video</W><W>chipset</W><W>is</W><W>poor</W><W>quality</W><W>.</W></SENTENCE><SENTENCE><W>Low</W><W>end</W><W>SiS</W><W>chipset</W><W>.</W></SENTENCE><SENTENCE><W>Board</W><W>has</W><W>poor</W><W>architecture</W><W>.</W></SENTENCE><SENTENCE><W>Motherboard</W><W>only</W><W>has</W><W>2</W><W>memory</W><W>slots</W><C><W>and</W></C><W>only</W><W>supports</W><W>1.5</W><W>Ghz</W><W>RDRam</W><W>max</W><W>.</W></SENTENCE><SENTENCE><W>RDRam</W><W>runs</W><W>at</W><W>high</W><W>temp</W><C><W>and</W></C><W>is</W><W>subject</W><W>to</W><C><W>failure</W></C><W>.</W></SENTENCE><SENTENCE><W>Bios</W><W>is</W><W>Locked</W><W>down</W><C><W>and</W></C><W>manual</W><W>tweaking</W><W>is</W><W>virtually</W><W>impossible(</W><W>i</W><W>.e</W><W>.</W></SENTENCE><SENTENCE><W>bios</W><W>flash</W><W>)</W><W>.</W></SENTENCE><SENTENCE><W>Inexpensive</W><W>higher</W><W>quality</W><W>motherboards</W><C><W>support</W></C><W>up</W><W>to</W><W>3GB</W><W>of</W><W>DDR</W><W>,</W><W>have</W><W>higher</W><W>quality</W><W>video</W><W>chipset(</W><W>i</W><W>.e</W><W>.</W></SENTENCE><SENTENCE><W>Nvidia</W><W>)</W><W>,and</W><W>do</W><C><cue ID="9" type="negation"><W>not</W></cue></C><xcope ID="43"><ref ID="84" SRC="9"></ref><W>contain</W><W>a</W><W>locked</W><W>bios</W></xcope><W>.</W></SENTENCE></P><P></P><P><SENTENCE><W>CPU</W><W>is</W><W>an</W><W>OEM</W><W>version</W><W>.</W></SENTENCE><SENTENCE><C><cue ID="10" type="negation"><W>Not</W></cue></C><xcope ID="44"><ref ID="86" SRC="10"></ref><W>a</W><W>boxed</W><W>version</W></xcope><W>,</W><W>which</W><W>holds</W><W>a</W><W>3</W><W>year</W><W>warranty</W><W>directly</W><W>from</W><W>Intel</W><W>.</W></SENTENCE><SENTENCE><C><cue ID="11" type="speculation"><W>If</W></cue></C><xcope ID="46"><ref ID="85" SRC="11"></ref><W>it</W><C><W>fails</W></C></xcope><W>,</W><W>the</W><W>vendor</W><W>/</W><W>Distributor</W><W>has</W><W>30</W><W>days</W><W>from</W><W>date</W><W>of</W><W>order</W><W>for</W><W>a</W><W>return</W><W>.</W></SENTENCE><SENTENCE><W>Investor</W><W>has</W><W>to</W><W>pay</W><W>for</W><W>shipping</W><C><W>and</W></C><W>return</W><W>his</W><W>case</W><W>to</W><W>Dell</W><W>.</W></SENTENCE><SENTENCE><C><cue ID="12" type="speculation"><W>If</W></cue></C><xcope ID="45"><ref ID="87" SRC="12"></ref><W>Dell</W><W>will</W><W>honor</W><W>the</W><W>warranty</W></xcope><W>.</W></SENTENCE><SENTENCE><W>After</W><W>the</W><W>30</W><W>day</W><W>return</W><W>policy</W><W>,</W><W>an</W><W>investor</W><C><cue ID="13" type="speculation"><W>may</W></cue></C><xcope ID="47"><ref ID="88" SRC="13"></ref><W>as</W><W>well</W><W>roll</W><W>the</W><W>dice</W></xcope><W>,</W><W>hoping</W><W>for</W><xcope ID="48"><ref ID="90" SRC="14"></ref><W>a</W><W>7</W></xcope><C><cue ID="14" type="speculation"><W>or</W></cue></C><xcope ID="49"><ref COMMENTS="" ID="89" SRC="14"></ref><W>11</W></xcope><W>.</W></SENTENCE></P><P></P><P><SENTENCE><W>Dell</W><W>memory</W><W>is</W><W>cheapest</W><W>,</W><W>lowest</W><W>quality</W><W>on</W><W>the</W><W>market</W><W>.</W></SENTENCE><SENTENCE><W>It</W><W>will</W><W>only</W><W>function</W><W>correctly</W><W>in</W><W>a</W><W>Dell</W><W>machine</W><W>.</W></SENTENCE><SENTENCE><W>For</W><W>the</W><W>price</W><W>512MB</W><C><cue ID="15" type="speculation"><W>should</W></cue></C><xcope ID="50"><ref ID="91" SRC="15"></ref><W>be</W><W>standard</W><W>as</W><W>most</W><W>non-proprietary</W><W>custom</W><W>computers</W><W>are</W><W>quoted</W></xcope><W>.</W></SENTENCE><SENTENCE><W>RDRam</W><W>memory</W><W>operates</W><W>at</W><W>high</W><W>temperatures</W><W>.</W></SENTENCE><SENTENCE><W>Dell</W><W>makes</W><W>their</W><W>money</W><W>back</W><W>when</W><W>you</W><W>return</W><W>for</W><W>more</W><W>memory</W><W>.</W></SENTENCE><SENTENCE><W>DDR</W><W>is</W><W>less</W><W>expensive</W><W>,</W><W>less</W><W>inclined</W><W>to</W><C><W>fail</W></C><W>,</W><W>from</W><W>quality</W><W>manufacturers(</W><W>i</W><W>.e</W><W>.</W></SENTENCE><SENTENCE><W>Kingston</W><W>)</W></SENTENCE></P><P></P><P><SENTENCE><W>Hard</W><W>drives</W><W>have</W><W>lots</W><W>of</W><W>storage</W><W>space</W><W>.</W></SENTENCE><SENTENCE><W>What</W><W>is</W><W>the</W><W>R.P.M.</W><W>speed</W><W>?</W></SENTENCE><SENTENCE><W>Hard</W><W>drive</W><W>does</W><C><cue ID="16" type="negation"><W>not</W></cue></C><xcope ID="51"><ref ID="92" SRC="16"></ref><W>have</W><W>an</W><W>8MB</W><W>cache</W></xcope><W>.</W></SENTENCE><SENTENCE><W>On</W><W>board</W><W>HDD</W><W>cache</W><C><cue ID="17" type="speculation"><W>would</W></cue></C><xcope ID="52"><ref ID="93" SRC="17"></ref><W>be</W><W>great</W><W>to</W><W>increase</W><W>HDD</W><W>performance</W><W>of</W><W>multi-tasking</W><C><W>and</W></C><W>web</W><W>performance</W></xcope><W>.</W></SENTENCE><SENTENCE><W>Dimension</W><W>8250</W><W>does</W><C><cue ID="18" type="negation"><W>not</W></cue></C><xcope ID="53"><ref ID="94" SRC="18"></ref><W>have</W><W>it</W><W>for</W><W>current</W><W>price</W><W>quote</W></xcope><W>.</W></SENTENCE><SENTENCE><W>Currently</W><W>HDD</W><W>is</W><W>poor</W><W>quality</W><W>,</W><C><W>fails</W></C><W>easily</W><W>,</W><C><cue ID="55" type="speculation"><W>may</W></cue></C><xcope ID="54"><ref ID="95" SRC="55"></ref><W>only</W><W>be</W><W>5400</W><W>RPM.</W></xcope></SENTENCE><SENTENCE><W>One</W><W>of</W><W>the</W><W>lowest</W><W>speeds</W><W>on</W><W>the</W><W>market</W><W>.</W></SENTENCE></P><P></P><P><SENTENCE><W>CD-Rom</W><W>is</W><W>a</W><W>48X</W><W>.</W></SENTENCE><SENTENCE><W>Does</W><W>Dell</W><C><cue ID="20" type="negation"><W>not</W></cue></C><xcope ID="56"><ref ID="97" SRC="20"></ref><W>have</W><W>any</W><W>56X</W></xcope><W>?</W></SENTENCE><SENTENCE><W>There</W><W>are</W><W>most</W><C><cue ID="19" type="speculation"><W>likely</W></cue></C><xcope ID="57"><ref ID="96" SRC="19"></ref><W>several</W><W>million</W><W>poor</W><W>quality</W><W>CD-Roms</W><W>still</W><W>on</W><W>a</W><W>shelf</W></xcope><W>.</W></SENTENCE><SENTENCE><W>DVD-Roms</W><W>are</W><W>currently</W><W>16X</W><W>DVD</W><C><W>and</W></C><W>56X</W><W>CD-Rom</W><W>.</W></SENTENCE><SENTENCE><W>Invest</W><W>in</W><W>a</W><W>DVD</W><W>as</W><W>they</W><W>are</W><W>usually</W><W>$</W><W>20-$</W><W>30</W><W>more</W><W>for</W><W>quality</W><W>brands(</W><W>i</W><W>.e</W><W>.</W></SENTENCE><SENTENCE><W>AOpen</W><W>,</W><W>MSI)</W><W>.</W></SENTENCE><SENTENCE><W>Most</W><W>Leading</W><W>Technology</W><W>companies</W><W>,</W><W>which</W><W>Dell</W><W>claims</W><W>to</W><W>be</W><W>,</W><W>are</W><W>phasing</W><W>out</W><W>CD-Roms</W><W>.</W></SENTENCE><SENTENCE><W>Dell</W><W>will</W><W>still</W><W>be</W><W>including</W><W>CD-Roms</W><W>in</W><W>their</W><W>builds</W><W>for</W><W>months</W><W>to</W><W>come</W><W>as</W><W>they</W><W>have</W><W>with</W><W>24X</W><W>CD-Roms</W><W>on</W><W>most</W><W>of</W><W>their</W><W>server</W><W>builds</W><W>.</W></SENTENCE><SENTENCE><W>Open</W><W>your</W><W>case</W><C><W>and</W></C><W>look</W><W>at</W><W>the</W><W>manufacture</W><W>date</W><W>on</W><W>your</W><W>optical</W><W>device</W><W>.</W></SENTENCE><SENTENCE><W>I</W><W>have</W><W>witnessed</W><W>several</W><W>up</W><W>to</W><W>2</W><W>years</W><W>older</W><W>than</W><W>the</W><W>purchase</W><W>date</W><W>.</W></SENTENCE></P><P></P><P><SENTENCE><W>Operating</W><W>System</W><C><W>and</W></C><W>included</W><W>software</W><W>are</W><W>resource</W><W>hogs</W><W>.</W></SENTENCE><SENTENCE><W>Operating</W><W>system</W><W>is</W><W>a</W><W>Dell</W><W>imaged</W><W>disk</W><W>that</W><C><cue ID="21" type="speculation"><W>can</W></cue></C><xcope ID="58"><ref ID="98" SRC="21"></ref><W>only</W><W>be</W><W>used</W><W>on</W><W>a</W><W>Dell</W><W>machine</W></xcope><W>.</W></SENTENCE><SENTENCE><C><W>and</W></C><W>nothing</W><W>other</W><W>than</W><W>a</W><W>proprietary</W><W>Dell</W><W>machine</W><W>.</W></SENTENCE><SENTENCE><W>XP</W><W>home</W><W>is</W><W>garbage</W><W>.</W></SENTENCE><SENTENCE><C><cue ID="22" type="negation"><W>Not</W></cue></C><xcope ID="59"><ref ID="99" SRC="22"></ref><W>stable</W></xcope><C><W>and</W></C><W>nearly</W><C><W>impossible</W></C><W>to</W><W>network</W><W>.</W></SENTENCE><SENTENCE><C><cue ID="23" type="negation"><W>Not</W></cue></C><xcope ID="60"><ref ID="100" SRC="23"></ref><W>suited</W><W>for</W><W>a</W><W>small</W><W>business</W><W>environment</W></xcope><W>,</W><W>especially</W><W>for</W><W>networking</W><W>other</W><W>computers</W><W>.</W></SENTENCE><SENTENCE><W>Windows</W><W>9X</W><W>,</W><W>Millenium</W><W>,</W><C><W>and</W></C><W>XP</W><W>home</W><W>are</W><W>designed</W><W>from</W><W>the</W><W>same</W><W>poor</W><W>architecture</W><W>.</W></SENTENCE><SENTENCE><W>Invest</W><W>in</W><W>your</W><W>Operating</W><W>System</W><W>.</W></SENTENCE><SENTENCE><W>One</W><W>of</W><W>the</W><W>most</W><W>important</W><W>items</W><W>in</W><W>your</W><W>build</W><W>.</W></SENTENCE><SENTENCE><C><cue ID="24" type="negation"><W>Without</W></cue></C><xcope ID="105"><ref ID="106" SRC="24"></ref><xcope ID="61"><ref ID="104" SRC="25"></ref><W>Dell</W></xcope><W>,</W><xcope ID="62"><ref ID="103" SRC="25"></ref><W>Gateway</W></xcope><W>,</W><xcope ID="63"><ref ID="102" SRC="25"></ref><W>HP/Compaq</W></xcope><W>,</W><C><cue ID="25" type="speculation"><W>or</W></cue></C><xcope ID="64"><ref COMMENTS="" ID="101" SRC="25"></ref><W>other</W><W>proprietary</W><W>imaging</W><W>involved</W></xcope></xcope><W>.</W></SENTENCE><SENTENCE><W>Full</W><W>professional</W><W>version</W><W>(</W><W>i</W><W>.e</W><W>.</W></SENTENCE><SENTENCE><W>2000</W><W>pro</W><W>,</W><W>XP</W><W>pro</W><W>)</W><W>.</W></SENTENCE><SENTENCE><W>Dell</W><W>also</W><W>includes</W><W>4GB-10GB</W><W>of</W><W>SPAM</W><W>software</W><W>pre-installed</W><W>.</W></SENTENCE><SENTENCE><W>Some</W><W>of</W><W>which</W><C><cue ID="26" type="speculation"><W>can</W></cue></C><xcope ID="66"><ref ID="108" SRC="26"></ref><C><cue ID="27" type="negation"><W>not</W></cue></C><xcope ID="65"><ref ID="107" SRC="27"></ref><W>be</W><W>un-installed</W></xcope></xcope><C><W>except</W></C><W>by</W><W>reload(</W><W>i</W><W>.e</W><W>.</W></SENTENCE><SENTENCE><W>AOL</W><W>,</W><W>Bonzi-buddy</W><W>,</W><W>etc.</W><W>)</W></SENTENCE></P><P></P><P><SENTENCE><W>Monitors</W><C><W>and</W></C><W>accessories</W><C><cue ID="28" type="speculation"><W>can</W></cue></C><xcope ID="67"><ref ID="109" SRC="28"></ref><W>be</W><W>found</W><W>for</W><W>reasonable</W><W>prices</W><W>from</W><W>quality</W><W>manufacturers</W></xcope><W>.</W></SENTENCE><SENTENCE><W>Dell</W><W>still</W><W>achieves</W><W>their</W><W>mark-up</W><W>.</W></SENTENCE><SENTENCE><W>sacrificing</W><W>quality</W><W>with</W><W>antiquity</W><C><W>and</W></C><W>bulk</W><W>,</W><W>low-grade</W><W>,</W><W>cheap</W><W>parts</W><W>.</W></SENTENCE></P><P></P><P><SENTENCE><W>Dell</W><C><W>support</W></C><W>in</W><W>One</W><W>word</W><W>,</W><W>Sucks</W><W>.</W></SENTENCE><SENTENCE><W>Call</W><W>the</W><C><W>support</W></C><W>line</W><C><W>and</W></C><W>see</W><W>how</W><W>long</W><W>it</W><W>takes</W><W>for</W><W>a</W><W>human</W><W>voice</W><W>to</W><W>answer</W><W>.</W></SENTENCE><SENTENCE><W>Go</W><W>to</W><W>a</W><W>local</W><W>custom</W><W>computer</W><W>store</W><W>.</W></SENTENCE><SENTENCE><W>Add</W><W>a</W><W>little</W><W>to</W><W>your</W><W>investment</W><W>for</W><W>local</W><C><W>support</W></C><W>.</W></SENTENCE><SENTENCE><W>Much</W><W>friendlier</W><C><W>and</W></C><W>more</W><W>knowledge</W><W>.</W></SENTENCE><SENTENCE><W>Look</W><C><W>and</W></C><W>shop</W><W>around</W><W>,</W><W>you</W><C><cue ID="29" type="speculation"><W>may</W></cue></C><xcope ID="68"><ref ID="110" SRC="29"></ref><W>find</W><W>someone</W><W>local</W><W>who</W><W>is</W><W>a</W><W>true</W><W>technology</W><W>leader</W></xcope><W>.</W></SENTENCE><SENTENCE><C><W>And</W></C><W>your</W><W>computer</W><W>will</W><W>less</W><C><cue ID="30" type="speculation"><W>likely</W></cue></C><xcope ID="69"><ref ID="111" SRC="30"></ref><C><W>fail</W></C><W>within</W><W>6</W><W>months</W></xcope><W>.</W></SENTENCE><SENTENCE><W>You</W><W>will</W><C><cue ID="31" type="negation"><W>not</W></cue></C><xcope ID="70"><ref ID="112" SRC="31"></ref><W>wonder</W><W>why</W><W>Dell</W><W>said</W><W>that</W><W>XP</W><W>Home</W><W>is</W><W>great</W><W>for</W><W>small</W><W>businesses</W></xcope><W>.</W></SENTENCE><SENTENCE><W>Plus</W><W>,</W><W>you</W><W>will</W><C><cue ID="32" type="negation"><W>not</W></cue></C><xcope ID="71"><ref ID="113" SRC="32"></ref><W>have</W><W>to</W><W>wait</W><W>for</W><W>weeks</W><W>/</W><W>months</W><W>for</W><W>the</W><W>return</W><W>of</W><W>a</W><C><W>failed</W></C><W>computer</W></xcope><W>.</W></SENTENCE><SENTENCE><W>Local</W><W>builds</W><W>usually</W><W>have</W><W>repair</W><W>turn-around</W><W>of</W><W>3-5</W><W>business</W><W>days</W><W>.</W></SENTENCE><SENTENCE><C><W>And</W></C><W>they</W><W>pick</W><W>up</W><W>the</W><W>phone</W><W>usually</W><W>by</W><W>the</W><W>third</W><W>ring</W><W>.</W></SENTENCE></P></DOCUMENT>
