<?xml version="1.0" encoding="UTF-8"?>
<DOCUMENT><P></P><P><SENTENCE><W>This</W><W>computer</W><W>came</W><W>with</W><W>a</W><W>Pentium</W><W>4</W><W>3.0Ghz</W><W>,</W><W>1Gig</W><W>of</W><W>PC</W><W>1600</W><W>RAM</W><W>,</W><W>A</W><W>120Gig</W><W>7200</W><W>Hard</W><W>Drive</W><W>,</W><W>quiet</W><W>keyboard</W><C><W>and</W></C><W>Altec</W><W>Lansing5.1</W><W>surround</W><W>sound</W><W>speakers.It</W><W>also</W><W>came</W><W>with</W><W>a</W><W>16x</W><W>DVD-RW</W><C><W>and</W></C><W>CD-RW</W><W>drive</W><W>.</W></SENTENCE><SENTENCE><W>When</W><W>I</W><W>placed</W><W>the</W><W>order</W><W>for</W><W>this</W><W>computer</W><W>I</W><W>also</W><W>added</W><W>on</W><W>the</W><W>Dell</W><W>Movie</W><W>Studio</W><W>Plus</W><W>with</W><W>FireWire</W><C><W>and</W></C><W>S-Video</W><W>in</W><C><W>and</W></C><W>outputs</W><W>.</W></SENTENCE><SENTENCE><W>This</W><W>video</W><W>card</W><W>was</W><W>the</W><W>ATI</W><W>Radeon</W><W>120MB</W><W>DDR</W><W>Video</W><W>Card</W><C><W>and</W></C><W>promised</W><W>to</W><W>do</W><W>wonderful</W><W>things</W><W>with</W><W>my</W><W>home</W><W>movie</W><W>collection</W><W>.</W></SENTENCE><SENTENCE><W>I</W><W>also</W><W>upgraded</W><W>the</W><W>audio</W><W>card</W><W>to</W><W>the</W><W>Audiogy</W><W>2</W><W>SoundBlaster</W><W>live</W><W>5.1</W><W>.</W></SENTENCE><SENTENCE><W>Once</W><W>I</W><W>placed</W><W>the</W><W>order</W><C><W>and</W></C><W>after</W><W>the</W><W>order</W><W>was</W><W>processed</W><C><W>and</W></C><W>on</W><W>its</W><W>way</W><W>to</W><W>me</W><W>,</W><W>I</W><W>received</W><W>a</W><W>call</W><W>from</W><W>Dell</W><W>saying</W><W>that</W><W>the</W><W>upgraded</W><W>video</W><C><W>and</W></C><W>audio</W><W>cards</W><W>were</W><C><cue ID="0" type="negation"><W>not</W></cue></C><xcope ID="13"><ref COMMENTS="" ID="26" SRC="0"></ref><W>available</W><W>at</W><W>the</W><W>time</W><W>of</W><W>the</W><W>order</W><W>taking</W></xcope><C><W>and</W></C><W>that</W><W>Dell</W><W>has</W><W>shipped</W><W>them</W><W>seperatly</W><W>.</W></SENTENCE><SENTENCE><W>They</W><W>told</W><W>me</W><C><cue ID="1" type="negation"><W>not</W></cue></C><xcope ID="14"><ref COMMENTS="" ID="27" SRC="1"></ref><W>to</W><W>worry</W></xcope><W>because</W><W>it</W><W>was</W><W>easy</W><W>to</W><W>install</W><W>them</W><W>once</W><W>I</W><W>received</W><W>the</W><W>computer</W><W>.</W></SENTENCE><SENTENCE><W>I</W><W>found</W><W>this</W><W>a</W><W>little</W><W>bizarre</W><W>but</W><W>I</W><W>graciously</W><W>complied</W><W>,</W><W>anxious</W><W>to</W><W>receive</W><W>my</W><W>mega</W><W>machine</W><W>.</W></SENTENCE><SENTENCE><W>Actually</W><W>I</W><W>have</W><W>installed</W><W>extra</W><W>memory</W><W>cards</W><C><W>and</W></C><W>hard</W><W>drives</W><W>in</W><W>the</W><W>past</W><W>so</W><W>I</W><W>doubted</W><W>that</W><W>this</W><C><cue ID="2" type="speculation"><W>would</W></cue></C><xcope ID="15"><ref COMMENTS="" ID="28" SRC="2"></ref><W>be</W><W>any</W><W>different</W></xcope><W>.</W></SENTENCE><SENTENCE><W>I</W><W>ordered</W><W>my</W><W>computer</W><W>on</W><W>Dec</W><W>20</W><W>2002</W><C><W>and</W></C><W>did</W><C><cue ID="3" type="negation"><W>not</W></cue></C><xcope ID="16"><ref COMMENTS="" ID="29" SRC="3"></ref><W>receive</W><W>it</W><W>until</W><W>Jan</W><W>15</W><W>2003</W></xcope><W>.</W></SENTENCE><SENTENCE><W>I</W><W>&#39;m</W><W>glad</W><W>I</W><W>paid</W><W>the</W><W>extra</W><W>100</W><W>bucks</W><W>for</W><W>the</W><W>2</W><W>day</W><W>shipping</W><W>guarantee</W><W>.</W></SENTENCE><SENTENCE><W>When</W><W>I</W><W>received</W><W>my</W><W>computer</W><W>I</W><W>proceeded</W><W>to</W><W>install</W><W>the</W><W>upgraded</W><W>video</W><C><W>and</W></C><W>audio</W><W>cards</W><W>which</W><W>as</W><W>promised</W><W>arrived</W><W>seperately</W><W>a</W><W>few</W><W>days</W><W>later</W><W>.</W></SENTENCE><SENTENCE><W>I</W><W>installed</W><W>both</W><W>cards</W><W>correctly</W><W>with</W><W>the</W><W>help</W><W>of</W><W>a</W><W>Dell</W><W>technician</W><W>on</W><W>the</W><W>phone</W><W>.</W></SENTENCE><SENTENCE><W>From</W><W>this</W><W>point</W><W>on</W><W>I</W><W>have</W><W>had</W><W>nothing</W><W>but</W><W>problems</W><W>.</W></SENTENCE><SENTENCE><W>The</W><W>computer</W><C><cue ID="4" type="negation"><W>never</W></cue></C><xcope ID="18"><ref COMMENTS="" ID="31" SRC="4"></ref><W>recognized</W><C><cue ID="5" type="negation"><W>either</W></cue></C><xcope ID="17"><ref COMMENTS="" ID="30" SRC="5"></ref><W>cards</W></xcope></xcope><W>.</W></SENTENCE><SENTENCE><W>I</W><W>was</W><W>on</W><W>the</W><W>phone</W><W>day</W><W>in</W><C><W>and</W></C><W>day</W><W>out</W><W>for</W><W>2</W><W>weeks</W><W>trying</W><W>to</W><W>get</W><W>tech</W><C><W>support</W></C><W>to</W><W>help</W><W>me</W><W>figure</W><W>out</W><W>what</W><W>was</W><W>wrong</W><W>.</W></SENTENCE><SENTENCE><W>I</W><W>was</W><W>bounced</W><W>around</W><W>like</W><W>a</W><W>power</W><W>spike</W><W>from</W><W>department</W><W>to</W><W>department</W><W>hoping</W><W>each</W><W>time</W><W>I</W><C><cue ID="6" type="speculation"><W>would</W></cue></C><xcope ID="20"><ref COMMENTS="" ID="32" SRC="6"></ref><W>hear</W><W>the</W><W>voice</W><W>of</W><W>God</W><W>telling</W><W>me</W><W>what</W><W>the</W><W>problem</W><W>was</W></xcope><W>.</W></SENTENCE><SENTENCE><W>But</W><W>sadly</W><W>that</W><W>day</W><C><cue ID="7" type="negation"><W>never</W></cue></C><xcope ID="19"><ref COMMENTS="" ID="33" SRC="7"></ref><W>came</W></xcope><W>.</W></SENTENCE><SENTENCE><W>I</W><W>was</W><W>confronted</W><W>with</W><W>short</W><W>tempered</W><W>tech</W><C><W>support</W></C><W>people</W><W>,</W><W>an</W><W>ignorant</W><C><W>and</W></C><W>uncaring</W><W>sales</W><W>tribe</W><C><W>and</W></C><W>the</W><W>most</W><W>confused</W><C><W>and</W></C><W>disorderly</W><W>customer</W><W>service</W><W>this</W><W>side</W><W>of</W><W>a</W><W>liquidation</W><W>sale</W><W>at</W><W>Kmart</W><W>.</W></SENTENCE><SENTENCE><W>After</W><W>several</W><W>calls</W><W>,</W><W>arguments</W><C><W>and</W></C><W>upset</W><W>stomachs</W><W>Dell</W><W>finally</W><W>agreed</W><W>to</W><W>send</W><W>out</W><W>a</W><W>technician</W><C><W>and</W></C><W>was</W><W>nice</W><W>enough</W><C><cue ID="8" type="negation"><W>not</W></cue></C><xcope ID="21"><ref COMMENTS="" ID="34" SRC="8"></ref><W>to</W><W>charge</W><W>me</W><W>the</W><W>95</W><W>bucks</W><W>an</W><W>hour</W><W>fee</W><W>for</W><W>it</W></xcope><W>.</W></SENTENCE><SENTENCE><W>The</W><W>technician</W><W>replaced</W><W>the</W><W>mother</W><W>board</W><W>.</W></SENTENCE><SENTENCE><W>That</W><W>did</W><W>n&#39;t</W><W>work</W><W>.</W></SENTENCE><SENTENCE><W>He</W><W>came</W><W>back</W><W>the</W><W>following</W><W>week</W><C><W>and</W></C><W>changed</W><W>both</W><W>the</W><W>audio</W><C><W>and</W></C><W>video</W><W>cards</W><W>,</W><W>guess</W><W>what</W><W>,</W><W>that</W><W>did</W><W>n&#39;t</W><W>work</W><W>.</W></SENTENCE><SENTENCE><W>After</W><W>I</W><W>begged</W><C><W>and</W></C><W>pleaded</W><W>for</W><W>them</W><W>to</W><W>take</W><W>back</W><W>the</W><W>computer</W><W>,</W><W>which</W><W>they</W><C><cue ID="9" type="negation"><W>never</W></cue></C><xcope ID="22"><ref COMMENTS="" ID="35" SRC="9"></ref><W>did</W><W>they</W><W>finally</W><W>sent</W><W>me</W><W>a</W><W>second</W><W>replacement</W><W>computer</W><W>last</W><W>week</W></xcope><W>.</W></SENTENCE><SENTENCE><W>When</W><W>I</W><W>called</W><W>customer</W><W>service</W><W>to</W><W>find</W><W>out</W><W>why</W><W>they</W><W>sent</W><W>me</W><W>another</W><W>computer</W><W>,</W><W>they</W><W>were</W><C><cue ID="10" type="negation"><W>not</W></cue></C><xcope ID="23"><ref COMMENTS="" ID="36" SRC="10"></ref><W>aware</W><W>of</W><W>the</W><W>situation</W></xcope><W>.</W></SENTENCE><SENTENCE><W>To</W><W>add</W><W>insult</W><W>to</W><W>injury</W><W>,</W><W>when</W><W>I</W><W>checked</W><W>the</W><W>packing</W><W>list</W><W>for</W><W>this</W><W>item</W><W>it</W><W>was</W><C><W>missing</W></C><W>both</W><W>the</W><W>audio</W><C><W>and</W></C><W>video</W><W>cards</W><W>!</W><W>!</W><W>Who</W><W>the</W><W>hell</W><W>is</W><W>running</W><W>Dell</W><W>I</W><W>ask</W><W>you</W><W>?</W></SENTENCE><SENTENCE><W>So</W><W>here</W><W>I</W><W>sit</W><W>in</W><W>my</W><W>home</W><W>office</W><W>with</W><W>two</W><W>brand</W><W>new</W><W>four</W><W>thousand</W><W>dollar</W><W>plus</W><W>Dell</W><W>desktops</W><W>which</W><W>dont</W><W>work</W><W>whatsoever</W><W>.</W></SENTENCE><SENTENCE><W>I</W><W>really</W><W>wanted</W><W>to</W><W>do</W><W>my</W><W>video</W><C><W>and</W></C><W>audio</W><W>editing</W><W>on</W><W>this</W><W>computer</W><C><W>and</W></C><W>I</W><W>had</W><W>heard</W><W>that</W><W>Dell</W><W>had</W><W>a</W><W>good</W><W>product</W><C><W>and</W></C><W>even</W><W>better</W><W>tech</W><C><W>support</W></C><W>.</W></SENTENCE><SENTENCE><W>I</W><W>was</W><W>so</W><W>wrong</W><W>.</W></SENTENCE><SENTENCE><W>But</W><cue ID="11" type="negation"><W>do</W><W>n&#39;t</W></cue><xcope ID="24"><ref ID="37" SRC="11"></ref><C><W>feel</W></C><W>to</W><W>bad</W><W>for</W><W>me</W></xcope><W>because</W><W>when</W><W>I</W><W>purchased</W><W>the</W><W>computer</W><W>I</W><W>chose</W><W>the</W><W>pay</W><W>next</W><W>year</W><W>deal</W><W>which</W><W>means</W><W>that</W><W>I</W><W>have</W><C><W>not</W></C><W>paid</W><W>for</W><W>this</W><W>item</W><W>yet</W><C><W>and</W></C><C><cue ID="12" type="negation"><W>never</W></cue></C><xcope ID="25"><ref COMMENTS="" ID="38" SRC="12"></ref><W>will</W><W>since</W><W>I</W><W>cancelled</W><W>my</W><W>credit</W><W>card</W></xcope><W>.</W></SENTENCE><SENTENCE><W>Somebody</W><W>better</W><W>come</W><C><W>and</W></C><W>pick</W><W>these</W><W>two</W><W>Dells</W><W>up</W><W>soon</W><C><W>and</W></C><W>give</W><W>me</W><W>one</W><W>what</W><W>works</W><W>before</W><W>I</W><W>put</W><W>them</W><W>both</W><W>on</W><W>Ebay</W><C><W>and</W></C><W>buy</W><W>a</W><W>Mac</W><W>G4</W></SENTENCE></P></DOCUMENT>
