<?xml version="1.0" encoding="UTF-8"?>
<DOCUMENT><P></P><P><SENTENCE><W>I</W><W>bought</W><W>the</W><W>ZD7000</W><W>as</W><W>a</W><W>desktop</W><W>replacement</W><W>for</W><W>work</W><C><W>and</W></C><W>home</W><W>use</W><W>.</W></SENTENCE><SENTENCE><W>The</W><W>screen</W><W>is</W><W>enormous</W><C><W>and</W></C><W>the</W><W>notebook</W><W>worked</W><W>well</W><W>for</W><W>the</W><W>first</W><W>2</W><W>weeks</W><W>.</W></SENTENCE><SENTENCE><W>I</W><W>am</W><W>writing</W><W>this</W><W>review</W><W>on</W><W>my</W><W>7</W><W>yr</W><W>old</W><W>Dell</W><W>,</W><W>however</W><W>,</W><W>because</W><W>the</W><W>new</W><W>HP</W><W>only</W><W>displays</W><W>the</W><W>following</W><W>message</W><W>:</W><W>&#34;</W><W>Operating</W><W>System</W><C><W>Not</W></C><W>Found</W><W>&#34;</W><W>.</W></SENTENCE></P><P></P><P><SENTENCE><C><cue ID="0" type="negation"><W>No</W></cue></C><xcope ID="6"><ref ID="10" SRC="0"></ref><W>problem</W></xcope><W>,</W><W>I</W><C><cue ID="1" type="speculation"><W>thought</W></cue></C><W>.</W></SENTENCE><SENTENCE><W>Just</W><W>a</W><W>minor</W><W>glitch</W><W>-</W><W>I</W><W>&#39;ll</W><W>call</W><W>for</W><W>24-7</W><W>tech</W><C><W>support</W></C><W>.</W></SENTENCE><SENTENCE><W>I</W><W>also</W><W>paid</W><W>an</W><W>extra</W><W>$</W><W>350</W><W>for</W><W>3</W><W>years</W><W>of</W><W>HP</W><W>care</W><W>with</W><W>Fed</W><W>Ex</W><W>pick</W><W>up</W><W>and</W><W>delivery</W><W>.</W></SENTENCE></P><P></P><P><SENTENCE><W>I</W><W>called</W><W>right</W><W>away</W><W>(</W><W>on</W><W>a</W><W>Saturday</W><W>)</W><C><W>and</W></C><W>HP</W><W>gave</W><W>me</W><W>these</W><W>options</W><W>:</W><W>1</W><W>)</W><W>Call</W><W>back</W><W>Monday</W><W>for</W><W>tech</W><W>support(</W><W>Big</W><W>Surprise</W><W>)</W><W>2</W><W>)</W><W>Join</W><W>a</W><W>research</W><W>group</W><W>for</W><C><W>failed</W></C><W>hard</W><W>drives</W><W>(</W><W>I</W><W>felt</W><W>like</W><W>a</W><W>cancer</W><W>patient</W><W>hoping</W><W>to</W><W>get</W><W>into</W><W>a</W><W>clinical</W><W>trial</W><W>.</W><W>)</W></SENTENCE><SENTENCE><W>3</W><W>)</W><W>Troubleshoot</W><W>then</W><C><W>and</W></C><W>there</W><W>over</W><W>the</W><W>phone</W><W>-</W><W>with</W><W>the</W><W>understanding</W><W>that</W><W>this</W><W>option</W><C><cue ID="2" type="speculation"><W>would</W></cue></C><xcope ID="14"><ref ID="15" SRC="2"></ref><W>void</W><W>the</W><W>previous</W><W>options</W></xcope><W>.</W></SENTENCE><SENTENCE><W>(</W><W>What</W><W>?</W><W>?</W><W>!</W><W>!</W><W>)</W><W>I</W><W>was</W><W>also</W><W>told</W><W>they</W><C><cue ID="3" type="speculation"><W>might</W></cue></C><xcope ID="8"><ref ID="13" SRC="3"></ref><C><cue ID="4" type="speculation"><W>POSSIBLY</W></cue></C><xcope ID="7"><ref ID="12" SRC="4"></ref><W>exchange</W><W>it</W></xcope></xcope><W>.</W></SENTENCE><SENTENCE><W>I</W><W>bought</W><W>the</W><W>extra</W><W>warranty</W><W>for</W><W>accident</W><W>coverage</W><W>,</W><C><W>and</W></C><C><cue ID="5" type="negation"><W>NOT</W></cue></C><xcope ID="9"><ref ID="11" SRC="5"></ref><W>to</W><W>be</W><W>the</W><W>final</W><W>step</W><W>in</W><W>HP</W><W>&#39;s</W><W>Quality</W><W>Control</W><W>Dept</W></xcope><W>.</W></SENTENCE></P><P></P><P><SENTENCE><W>I</W><W>will</W><W>be</W><W>returning</W><W>this</W><W>machine</W><W>for</W><W>a</W><W>full</W><W>refund</W><W>.</W></SENTENCE><SENTENCE><W>What</W><W>a</W><W>disappointment</W><W>.</W></SENTENCE></P></DOCUMENT>
