<?xml version="1.0" encoding="UTF-8"?>
<DOCUMENT><P></P><P><SENTENCE><W>Any</W><W>Dell</W><C><cue ID="100" type="speculation"><W>can</W></cue></C><xcope ID="101"><ref COMMENTS="" ID="102" SRC="100"></ref><W>be</W><W>fit</W><W>into</W><W>the</W><W>same</W><W>category</W></xcope><W>.</W></SENTENCE><SENTENCE><W>Cheap</W><W>but</W><W>overpriced</W><W>.</W></SENTENCE><SENTENCE><W>Check</W><W>out</W><W>the</W><W>reviews</W><W>at</W><W>www.epininions.com/cmhd_desktops-Dell-general</W></SENTENCE></P><P></P><P><SENTENCE><W>Be</W><W>sure</W><W>to</W><W>click</W><W>on</W><W>sort</W><W>by</W><W>date</W><W>.</W></SENTENCE><SENTENCE><W>I</W><W>will</W><W>start</W><W>to</W><W>have</W><W>Dell</W><W>of</W><W>the</W><W>week</W><W>reviews</W><W>.</W></SENTENCE></P><P></P><P><SENTENCE><W>The</W><W>Dell</W><W>2350(</W><W>MPN-D235RH)</W><W>is</W><W>another</W><W>example</W><W>of</W><W>great</W><W>Gimmick</W><W>pricing</W><W>.</W></SENTENCE></P><P></P><P><SENTENCE><W>Based</W><W>on</W><W>a</W><W>comment</W><W>for</W><W>the</W><W>celeron</W><W>version</W><W>of</W><W>these</W><W>Dell</W><W>pieces</W><W>.</W></SENTENCE><SENTENCE><W>I</W><W>felt</W><W>I</W><cue ID="0" type="speculation"><C><W>could</W></C><W>n&#39;t</W></cue><xcope ID="103"><ref COMMENTS="" ID="109" SRC="0"></ref><W>just</W><W>alter</W><W>my</W><W>other</W><W>review</W></xcope><W>.</W></SENTENCE><SENTENCE><W>However</W><W>,</W><W>since</W><W>Dells</W><W>have</W><W>almost</W><W>the</W><W>same</W><W>garbage</W><W>in</W><W>different</W><W>flavors</W><W>.</W></SENTENCE><SENTENCE><W>I</W><C><cue ID="1" type="speculation"><W>can</W></cue></C><xcope ID="104"><ref ID="110" SRC="1"></ref><W>write</W><W>another</W><W>piece</W></xcope><C><W>and</W></C><W>cover</W><W>some</W><W>of</W><W>the</W><C><W>missing</W></C><W>issues</W><W>.</W></SENTENCE></P><P></P><P><SENTENCE><W>What</W><W>makes</W><W>this</W><W>version</W><W>different</W><W>from</W><W>the</W><W>celeron</W><W>version</W><W>.</W></SENTENCE><SENTENCE><W>Maybe</W><W>you</W><W>are</W><W>PAYING</W><W>$</W><W>600</W><W>more</W><W>for</W><W>the</W><W>privilege</W><W>of</W><W>saying</W><W>you</W><W>have</W><W>a</W><W>OEM</W><W>version</W><W>P4</W><W>Intel</W><W>2.5GHz</W><W>processor</W><W>.</W></SENTENCE><SENTENCE><W>Wow</W><W>,</W><W>that</W><W>upgrade</W><C><cue ID="2" type="speculation"><W>must</W></cue></C><xcope ID="105"><ref ID="111" SRC="2"></ref><W>really</W><W>hurt</W><W>for</W><W>investors</W><W>impressed</W><W>by</W><W>the</W><W>upsell</W><W>of</W><W>another</W><W>OEM</W><W>processor</W></xcope><W>.</W></SENTENCE><SENTENCE><W>OEM</W><W>again</W><W>means</W><W>Dell</W><W>is</W><W>burning</W><W>the</W><W>clock</W><W>on</W><W>a</W><W>30</W><W>day</W><W>warranty</W><W>from</W><W>Intel</W><W>.</W></SENTENCE><SENTENCE><C><cue ID="3" type="negation"><W>Not</W></cue></C><xcope ID="106"><ref ID="112" SRC="3"></ref><W>you</W></xcope><W>,</W><W>the</W><W>perspective</W><W>.</W></SENTENCE><SENTENCE><W>Your</W><W>warranty</W><W>on</W><W>the</W><W>processor</W><W>will</W><W>most</W><C><cue ID="4" type="speculation"><W>likely</W></cue></C><xcope ID="107"><ref ID="113" SRC="4"></ref><W>have</W><W>been</W><W>expired</W><W>several</W><W>days</W><W>/</W><W>months</W><W>before</W><W>your</W><W>machine</W><W>ever</W><W>ships</W></xcope><W>.</W></SENTENCE><SENTENCE><W>You</W><W>&#39;ll</W><C><cue ID="5" type="negation"><W>never</W></cue></C><xcope ID="108"><ref ID="114" SRC="5"></ref><W>know</W></xcope><W>.</W></SENTENCE><SENTENCE><C><W>Except</W></C><W>for</W><W>the</W><W>time</W><W>your</W><W>frustration</W><C><W>and</W></C><W>stress</W><W>factors</W><W>build</W><W>as</W><W>you</W><W>wait</W><W>for</W><W>your</W><W>machine</W><W>to</W><W>be</W><W>fixed</W><W>.</W></SENTENCE></P><P></P><P><SENTENCE><W>The</W><W>cases</W><W>on</W><W>any</W><W>Dell</W><W>are</W><W>almost</W><W>identical</W><W>.</W></SENTENCE><SENTENCE><W>A</W><W>lot</W><W>of</W><W>research</W><C><W>and</W></C><W>money</W><W>put</W><W>into</W><W>appeal</W><W>,</W><W>but</W><C><cue ID="6" type="negation"><W>not</W></cue></C><xcope ID="115"><ref ID="117" SRC="6"></ref><W>functionality</W></xcope><W>.</W></SENTENCE><SENTENCE><C><cue ID="7" type="speculation"><W>Can</W></cue></C><xcope ID="116"><ref ID="118" SRC="7"></ref><W>you</W><C><W>believe</W></C><W>a</W><W>computer</W><W>company</W><W>is</W><W>still</W><W>installing</W><W>250W</W><W>power</W><W>supplies</W><W>in</W><W>their</W><W>computers</W></xcope><W>?</W></SENTENCE><SENTENCE><W>Technology</W><W>leader</W><W>.</W></SENTENCE><SENTENCE><W>What</W><W>a</W><W>joke</W><W>.</W></SENTENCE><SENTENCE><W>Sales</W><W>leader</W><W>of</W><W>Junk</W><W>is</W><W>more</W><W>appropriate</W><W>.</W></SENTENCE><SENTENCE><W>Maybe</W><W>in</W><W>the</W><W>future</W><W>,</W><W>when</W><W>Dell</W><W>catches</W><W>up</W><W>with</W><W>the</W><W>technology</W><W>leaders</W><W>,</W><W>a</W><W>Dell</W><W>case</W><W>will</W><C><W>support</W></C><W>10</W><W>bays</W><W>as</W><W>the</W><W>majority</W><W>of</W><W>quality</W><W>cases</W><W>do</W><W>.</W></SENTENCE><SENTENCE><W>As</W><W>well</W><W>as</W><W>a</W><W>minimum</W><W>300-350W</W><W>power</W><W>supply</W><W>.</W></SENTENCE></P><P></P><P><SENTENCE><W>The</W><W>only</W><W>valuable</W><W>piece</W><W>of</W><W>hardware</W><W>in</W><W>this</W><W>Dell</W><W>is</W><W>actually</W><W>the</W><W>Harmon</W><W>Kardon</W><W>Speakers</W><W>.</W></SENTENCE><SENTENCE><C><W>And</W></C><W>surprisingly</W><W>Dell</W><W>lets</W><W>you</W><W>know</W><W>it</W><W>is</W><W>included</W><W>in</W><W>the</W><W>system</W><W>.</W></SENTENCE><SENTENCE><W>Are</W><W>you</W><W>curious</W><W>?</W></SENTENCE><SENTENCE><W>Now</W><W>ask</W><W>who</W><W>the</W><W>manufacturers</W><W>are</W><W>for</W><W>the</W><W>rest</W><W>of</W><W>the</W><W>computer</W><W>.</W></SENTENCE></P><P></P><P><SENTENCE><W>Wow</W><W>,</W><W>it</W><W>comes</W><W>with</W><W>a</W><W>15</W><W>&#34;</W><W>Flat</W><W>screen</W><W>.</W></SENTENCE><SENTENCE><W>Right</W><W>click</W><W>on</W><W>the</W><W>screen</W><W>.</W></SENTENCE><SENTENCE><W>Go</W><W>into</W><W>settings</W><W>tab</W><W>.</W></SENTENCE><SENTENCE><W>Click</W><W>on</W><W>advanced</W><W>button</W><W>.</W></SENTENCE><SENTENCE><W>Pick</W><W>monitor</W><W>tab</W><W>.</W></SENTENCE><SENTENCE><W>Change</W><W>the</W><W>monitor</W><W>frequency</W><W>to</W><W>75</W><W>Hertz</W><W>,</W><W>which</W><W>is</W><W>a</W><W>minimum</W><W>cofortable</W><W>setting</W><W>for</W><W>human</W><W>vision</W><W>.</W></SENTENCE><SENTENCE><W>These</W><W>very</W><W>cheap</W><W>flat</W><W>screens</W><W>will</W><W>start</W><W>freaking</W><W>out</W><W>above</W><W>70</W><W>Hertz</W><W>.</W></SENTENCE><SENTENCE><W>Plus</W><W>again</W><W>,</W><W>An</W><W>embarrassing</W><W>manufacturer</W><W>Dell</W><W>is</W><W>to</W><W>embarrassed</W><W>to</W><W>disclose</W><W>.</W></SENTENCE><SENTENCE><C><W>And</W></C><C><cue ID="8" type="negation"><W>no</W></cue></C><xcope ID="120"><ref ID="122" SRC="8"></ref><W>Dell</W><W>is</W><C><cue ID="9" type="negation"><W>not</W></cue></C><xcope ID="119"><ref ID="121" SRC="9"></ref><W>the</W><W>manufacturer</W></xcope></xcope><W>.</W></SENTENCE></P><P></P><P><SENTENCE><W>Memory</W><W>is</W><W>coming</W><W>down</W><W>in</W><W>pricing</W><W>.</W></SENTENCE><SENTENCE><W>But</W><W>Microsoft</W><W>is</W><W>always</W><W>requiring</W><W>more</W><W>.</W></SENTENCE><SENTENCE><C><W>And</W></C><W>other</W><W>than</W><W>being</W><W>some</W><W>of</W><W>the</W><W>lowest</W><W>quality</W><W>Dell</W><W>memory</W><W>for</W><W>a</W><W>computer</W><W>.</W></SENTENCE><SENTENCE><W>This</W><W>is</W><W>where</W><W>Dell</W><W>will</W><W>make</W><W>up</W><W>for</W><W>that</W><W>low</W><W>price</W><W>.</W></SENTENCE><SENTENCE><W>XP</W><W>operating</W><W>systems</W><W>require</W><W>having</W><W>a</W><W>minimum</W><W>of</W><W>128MB</W><W>to</W><W>run</W><W>effectively</W><W>.</W></SENTENCE><SENTENCE><C><cue ID="10" type="speculation"><W>If</W></cue></C><xcope ID="123"><ref ID="125" SRC="10"></ref><W>you</W><W>need</W><W>to</W><W>add</W><W>programs</W></xcope><W>.</W></SENTENCE><SENTENCE><W>You</W><W>need</W><W>to</W><W>add</W><W>memory</W><W>.</W></SENTENCE><SENTENCE><W>Dell</W><W>upgrades</W><W>are</W><W>truly</W><W>overpriced</W><W>.</W></SENTENCE><SENTENCE><W>So</W><W>when</W><W>you</W><C><W>believe</W></C><W>you</W><W>are</W><W>moving</W><W>toward</W><W>an</W><W>Ultimate</W><W>platform</W><W>,</W><W>You</W><W>are</W><W>really</W><W>progressing</W><W>toward</W><W>an</W><W>ultimate</W><W>reaming</W><W>.</W></SENTENCE><SENTENCE><W>For</W><W>a</W><W>modern</W><W>system</W><W>you</W><W>are</W><W>really</W><W>being</W><W>mislead</W><W>with</W><W>only</W><W>128MB</W><W>of</W><W>memory</W><W>.</W></SENTENCE><SENTENCE><W>This</W><W>model</W><W>does</W><W>come</W><W>with</W><W>512MB.</W></SENTENCE><SENTENCE><W>But</W><W>what</W><W>is</W><W>it</W><W>?</W></SENTENCE><SENTENCE><W>It</W><W>is</W><C><cue ID="11" type="negation"><W>not</W></cue></C><xcope ID="124"><ref ID="126" SRC="11"></ref><W>Dell</W><W>memory</W></xcope><W>.</W></SENTENCE><SENTENCE><W>It</W><W>only</W><W>has</W><W>a</W><W>Dell</W><W>logo</W><W>on</W><W>it</W><W>.</W></SENTENCE></P><P></P><P><SENTENCE><W>The</W><W>Motherboard</W><W>in</W><W>this</W><W>pile</W><W>is</W><W>a</W><W>microboard</W><W>.</W></SENTENCE><SENTENCE><W>Great</W><W>for</W><xcope ID="127"><ref ID="135" SRC="12"></ref><W>an</W><W>office</W><W>environment</W></xcope><W>,</W><xcope ID="128"><ref ID="136" SRC="12"></ref><W>Internet</W><W>only</W><W>surfing</W></xcope><W>,</W><C><cue ID="12" type="speculation"><W>or</W></cue></C><xcope ID="129"><ref ID="137" SRC="12"></ref><W>elementary</W><C><W>and</W></C><W>pre-adolescents</W></xcope><W>.</W></SENTENCE><SENTENCE><W>Dell</W><W>motherboards</W><W>have</W><W>very</W><W>secretive</W><W>Specs</W><C><W>and</W></C><W>very</W><W>poor</W><W>architecture</W><W>.</W></SENTENCE><SENTENCE><W>A</W><W>good</W><W>reason</W><W>for</W><W>a</W><W>company</W><W>to</W><W>maintain</W><W>a</W><W>large</W><W>repair</W><C><W>and</W></C><W>engineering</W><W>staff</W><W>.</W></SENTENCE><SENTENCE><W>Bios</W><W>is</W><W>locked</W><W>down</W><C><W>and</W></C><W>very</W><W>difficult</W><W>to</W><W>enter</W><W>.</W></SENTENCE><SENTENCE><W>Almost</W><W>every</W><W>other</W><W>manufacturer</W><W>of</W><W>motherboard</W><W>is</W><C><cue ID="13" type="negation"><W>not</W></cue></C><xcope ID="132"><ref ID="140" SRC="13"></ref><W>afraid</W><W>to</W><W>give</W><xcope ID="131"><ref ID="139" SRC="14"></ref><W>knowledgeable</W></xcope><C><cue ID="14" type="speculation"><W>or</W></cue></C><xcope ID="130"><ref ID="138" SRC="14"></ref><W>trained</W><W>individuals</W></xcope><W>the</W><W>capability</W><W>to</W><W>enter</W><W>the</W><W>bios</W><W>settings</W></xcope><W>.</W></SENTENCE><SENTENCE><W>But</W><W>then</W><W>again</W><W>,</W><W>some</W><W>people</W><W>need</W><W>to</W><W>hide</W><W>the</W><W>truth</W><W>.</W></SENTENCE><SENTENCE><W>Most</W><W>,</W><C><cue ID="16" type="speculation"><W>if</W></cue></C><xcope ID="134"><ref ID="142" SRC="16"></ref><C><cue ID="15" type="negation"><W>not</W></cue></C><xcope ID="133"><ref ID="141" SRC="15"></ref><W>all</W><W>microboards</W><W>have</W><W>around</W><W>2</W><W>PCI</W><W>slots</W><C><W>and</W></C><W>an</W><W>AGP</W><W>slot</W></xcope></xcope><W>.</W></SENTENCE><SENTENCE><W>They</W><W>will</W><W>have</W><W>Integrated</W><W>Video</W><W>,</W><W>LAN</W><W>,</W><C><W>and</W></C><W>typically</W><W>AC97</W><W>audio</W><W>.</W></SENTENCE><SENTENCE><W>Do</W><W>you</W><C><W>feel</W></C><W>the</W><W>surge</W><W>of</W><W>excitement</W><W>when</W><W>you</W><W>find</W><W>out</W><W>your</W><W>system</W><W>has</W><W>Intel</W><W>3d</W><W>Extreme</W><W>Graphics</W><W>?</W></SENTENCE><SENTENCE><W>OOOh</W><W>!</W><W>sorry</W><W>truthfully</W><W>you</W><W>only</W><W>an</W><W>on</W><W>board</W><W>video</W><W>chipset</W><W>with</W><W>32MB</W><W>capabilities</W><W>.</W></SENTENCE><SENTENCE><C><W>And</W></C><W>it</W><W>pulls</W><W>from</W><W>your</W><W>memory</W><W>cache</W><W>.</W></SENTENCE><SENTENCE><W>So</W><W>,</W><W>remember</W><W>your</W><W>128MB</W><W>system</W><W>.</W></SENTENCE><SENTENCE><W>It</W><W>is</W><W>now</W><W>only</W><W>about</W><W>96MB</W><W>at</W><W>full</W><W>speed</W><W>.</W></SENTENCE></P><P></P><P><SENTENCE><W>When</W><W>you</W><W>move</W><W>into</W><W>CD-Roms</W><W>.</W></SENTENCE><SENTENCE><W>I</W><W>was</W><W>asked</W><W>the</W><W>question</W><W>of</W><W>what</W><W>the</W><W>difference</W><W>is</W><W>between</W><W>a</W><W>48x</W><C><W>and</W></C><W>52x</W><W>.</W></SENTENCE><SENTENCE><W>The</W><W>answer</W><W>is</W><W>very</W><W>little</W><W>.</W></SENTENCE><SENTENCE><W>around</W><W>400k</W><W>per</W><W>second</W><W>.</W></SENTENCE><SENTENCE><W>However</W><W>,</W><W>we</W><W>are</W><W>in</W><W>the</W><xcope ID="144"><ref ID="150" SRC="17"></ref><W>21st</W><W>century</W></xcope><C><cue ID="17" type="speculation"><W>or</W></cue></C><xcope ID="145"><ref ID="149" SRC="17"></ref><W>so</W></xcope><W>I</W><W>had</W><C><W>thought</W></C><W>.</W></SENTENCE><SENTENCE><W>That</W><W>is</W><C><cue ID="18" type="negation"><W>not</W></cue></C><xcope ID="143"><ref ID="151" SRC="18"></ref><W>meant</W><W>to</W><W>be</W><W>an</W><W>offensive</W><W>statement</W><W>to</W><W>the</W><W>commentator</W><W>by</W><W>the</W><W>way</W></xcope><W>.</W></SENTENCE><SENTENCE><W>That</W><W>was</W><W>an</W><W>excellent</W><W>question</W><W>.</W></SENTENCE><SENTENCE><W>It</W><C><cue ID="19" type="speculation"><W>seems</W></cue></C><xcope ID="148"><ref ID="154" SRC="19"></ref><W>to</W><W>me</W><W>that</W><W>48x</W><W>were</W><W>available</W><W>around</W><xcope ID="147"><ref ID="153" SRC="20"></ref><W>the</W><W>turn</W><W>of</W><W>the</W><W>century</W></xcope><C><cue ID="20" type="speculation"><W>or</W></cue></C><xcope ID="146"><ref ID="152" SRC="20"></ref><W>before</W></xcope></xcope><W>.</W></SENTENCE><SENTENCE><W>We</W><W>sell</W><W>DVD</W><W>16x</W><W>for</W><W>$</W><W>65</W><W>off</W><W>the</W><W>shelf</W><W>.</W></SENTENCE><SENTENCE><C><W>And</W></C><W>my</W><W>cost</W><W>is</W><W>so</W><W>insignificant</W><W>between</W><W>CD-rom</W><C><W>and</W></C><W>DVD</W><W>that</W><W>I</W><W>hardly</W><W>ever</W><W>try</W><W>to</W><W>sell</W><W>CD-Rom</W><W>unless</W><W>a</W><W>perspective</W><W>just</W><W>has</W><W>to</W><W>pinch</W><W>those</W><W>pennies</W><W>.</W></SENTENCE><SENTENCE><W>I</W><W>just</W><W>wonder</W><W>how</W><W>much</W><W>dust</W><W>is</W><W>being</W><W>blown</W><W>off</W><W>those</W><W>CD-Roms</W><W>before</W><W>they</W><W>go</W><W>into</W><W>a</W><C><W>supposed</W></C><W>new</W><W>Dell</W><W>.</W></SENTENCE><SENTENCE><W>This</W><W>model</W><W>does</W><W>come</W><W>with</W><W>a</W><W>16x</W><W>DVD-rom</W><W>.</W></SENTENCE><SENTENCE><W>But</W><W>again</W><W>who</W><W>is</W><W>the</W><W>manufacturer</W><W>?</W></SENTENCE><SENTENCE><W>Why</W><W>is</W><W>Dell</W><W>afraid</W><W>to</W><W>disclose</W><W>who</W><W>makes</W><W>their</W><W>parts</W><W>?</W></SENTENCE><SENTENCE><W>Sorry</W><W>people</W><W>their</W><W>is</W><W>nothing</W><W>that</W><W>Dell</W><W>has</W><W>actually</W><W>made</W><W>themselves</W><C><W>except</W></C><W>the</W><W>Dell</W><W>logo</W><W>on</W><W>the</W><W>case</W><C><W>and</W></C><W>the</W><W>sticker</W><W>on</W><W>their</W><W>imaged</W><W>software</W><W>.</W></SENTENCE><SENTENCE><C><W>And</W></C><W>just</W><W>remember</W><W>,</W><W>Upgrade</W><W>means</W><W>nice</W><W>commission</W><W>increase</W><W>to</W><W>a</W><W>dell</W><W>salesteam</W><W>.</W></SENTENCE></P><P></P><P><SENTENCE><xcope ID="156"><ref ID="172" SRC="21"></ref><W>The</W><W>Hard</W><W>drives</W><W>in</W><W>these</W><W>systems</W><W>are</W><W>truly</W><W>another</W><W>joke</W></xcope><W>.</W></SENTENCE><SENTENCE><C><cue ID="21" type="speculation"><W>Or</W></cue></C><xcope ID="155"><ref ID="171" SRC="21"></ref><W>another</W><W>question</W><W>for</W><W>turn</W><W>of</W><W>the</W><W>century</W></xcope><W>.</W></SENTENCE><SENTENCE><W>5400</W><W>RPM</W><W>usually</W><W>.</W></SENTENCE><SENTENCE><W>That</W><W>is</W><W>almost</W><W>as</W><W>fast</W><W>as</W><W>a</W><W>Volkswagon</W><W>diesel</W><W>car</W><W>climbing</W><W>a</W><W>hill</W><W>with</W><W>a</W><W>5</W><W>%</W><W>grade</W><W>.</W></SENTENCE><SENTENCE><W>Let</W><W>the</W><W>old</W><W>have</W><W>a</W><W>peaceful</W><W>euthanization</W><W>.</W></SENTENCE><SENTENCE><W>Even</W><W>7200</W><W>RPM</W><W>has</W><W>been</W><W>updated</W><W>with</W><W>10K</W><W>RPM</W><W>hard</W><W>drives</W><W>.</W></SENTENCE><SENTENCE><C><W>And</W></C><W>10K</W><W>is</W><W>as</W><W>fast</W><W>as</W><W>owning</W><W>a</W><W>SCSI</W><W>hard</W><W>drive</W><W>for</W><W>a</W><W>third</W><W>of</W><W>the</W><W>price</W><W>.</W></SENTENCE><SENTENCE><W>You</W><W>just</W><C><cue ID="22" type="speculation"><W>can</W></cue></C><xcope ID="158"><ref ID="174" SRC="22"></ref><C><cue ID="23" type="negation"><W>not</W></cue></C><xcope ID="157"><ref ID="173" SRC="23"></ref><W>Daisy</W><W>chain</W><W>several</W><W>IDE</W><W>hard</W><W>drives</W></xcope></xcope><W>.</W></SENTENCE><SENTENCE><W>Another</W><W>modern</W><W>convenience</W><W>is</W><xcope ID="159"><ref ID="175" SRC="24"></ref><W>the</W><W>development</W></xcope><C><cue ID="24" type="speculation"><W>or</W></cue></C><xcope ID="160"><ref ID="178" SRC="25"></ref><W>hard</W><W>drives</W><W>with</W><W>8MB</W><W>caches</W></xcope><W>.</W></SENTENCE><SENTENCE><C><cue ID="25" type="speculation"><W>Or</W></cue></C><xcope ID="161"><ref ID="177" SRC="25"></ref><W>memory</W><W>on</W><W>the</W><W>hard</W><W>drive</W></xcope><W>.</W></SENTENCE><SENTENCE><W>Hard</W><W>to</W><C><W>believe</W></C><W>but</W><W>it</W><W>allows</W><W>faster</W><W>file</W><W>accessing</W><W>,</W><C><W>and</W></C><xcope ID="163"><ref ID="179" SRC="26"></ref><W>internet</W></xcope><C><cue ID="26" type="speculation"><W>or</W></cue></C><xcope ID="162"><ref ID="180" SRC="26"></ref><W>web</W><W>caching</W></xcope><W>.</W></SENTENCE><SENTENCE><W>Memory</W><W>is</W><W>local</W><W>to</W><W>the</W><W>hard</W><W>drive</W><C><W>instead</W></C><W>of</W><W>pulling</W><W>resources</W><W>from</W><W>the</W><W>memory</W><W>on</W><W>the</W><W>motherboard</W><W>.</W></SENTENCE><SENTENCE><W>This</W><W>model</W><W>surprisingly</W><W>has</W><W>a</W><W>7200</W><W>RPM</W><W>HDD</W><W>,</W><W>But</W><W>it</W><W>does</W><C><cue ID="27" type="negation"><W>not</W></cue></C><xcope ID="166"><ref ID="183" SRC="27"></ref><W>have</W><W>the</W><W>8MB</W><W>cache</W><C><W>and</W></C><xcope ID="165"><ref ID="182" SRC="28"></ref><W>it</W><W>is</W><W>also</W><W>an</W><C><W>unknown</W></C></xcope><C><cue ID="28" type="speculation"><W>or</W></cue></C><xcope ID="164"><ref ID="181" SRC="28"></ref><W>generic</W><W>manufacturer</W></xcope></xcope><W>that</W><W>Dell</W><W>is</W><W>too</W><W>embarrassed</W><W>to</W><W>disclose</W><W>.</W></SENTENCE></P><P></P><P><SENTENCE><W>One</W><W>of</W><W>the</W><W>greatest</W><W>jokes</W><W>of</W><W>owning</W><W>a</W><W>Dell</W><W>machine</W><W>is</W><W>their</W><W>Imaged</W><W>software</W><C><W>and</W></C><W>included</W><W>spamware</W><W>.</W></SENTENCE><SENTENCE><W>It</W><W>is</W><W>true</W><W>some</W><W>of</W><W>the</W><W>other</W><W>large</W><W>names</W><W>use</W><W>Imaged</W><W>software</W><W>.</W></SENTENCE><SENTENCE><W>Most</W><W>of</W><W>the</W><W>other</W><W>names</W><C><cue ID="29" type="speculation"><W>can</W></cue></C><xcope ID="170"><ref ID="187" SRC="29"></ref><W>have</W><W>a</W><W>full</W><W>version</W><W>operating</W><W>system</W><W>installed</W><W>on</W><W>them</W><xcope ID="169"><ref ID="186" SRC="30"></ref><W>with</W><W>little</W></xcope><C><cue ID="30" type="speculation"><W>or</W></cue></C><xcope ID="168"><ref ID="185" SRC="30"></ref><C><cue ID="31" type="negation"><W>no</W></cue></C><xcope ID="167"><ref ID="184" SRC="31"></ref><W>headaches</W></xcope></xcope></xcope><W>.</W></SENTENCE><SENTENCE><W>Plan</W><W>on</W><W>sticking</W><W>with</W><W>the</W><xcope ID="188"><ref ID="214" SRC="32"></ref><W>Image</W><W>disk</W></xcope><C><cue ID="32" type="speculation"><W>or</W></cue></C><xcope ID="189"><ref ID="215" SRC="32"></ref><W>x-file</W></xcope><W>the</W><W>Dell</W><W>where</W><W>it</W><W>belongs</W><W>in</W><W>some</W><W>dumpster</W><W>.</W></SENTENCE><SENTENCE><W>The</W><W>reason</W><W>you</W><W>receive</W><W>Imaged</W><W>software</W><W>on</W><W>systems</W><W>like</W><W>this</W><W>is</W><W>because</W><W>of</W><W>buying</W><W>in</W><W>bulk</W><W>for</W><W>one</W><W>.</W></SENTENCE><SENTENCE><W>Imaged</W><W>CD-Rom</W><W>media</W><W>is</W><C><cue ID="33" type="speculation"><W>probably</W></cue></C><xcope ID="190"><ref ID="216" SRC="33"></ref><W>pennies</W><W>for</W><W>companies</W><W>like</W><W>Dell</W></xcope><W>.</W></SENTENCE><SENTENCE><C><W>And</W></C><W>they</W><W>shave</W><W>around</W><W>$</W><W>40</W><W>dollars</W><W>per</W><W>full</W><W>OS</W><W>media</W><W>disk</W><W>from</W><W>Microsoft</W><W>.</W></SENTENCE><SENTENCE><C><cue ID="34" type="speculation"><W>If</W></cue></C><xcope ID="191"><ref ID="217" SRC="34"></ref><W>you</W><W>are</W><W>happy</W><W>with</W><W>your</W><W>Dell</W><W>after</W><W>a</W><W>few</W><W>months</W></xcope><W>,</W><W>you</W><W>will</W><C><cue ID="35" type="negation"><W>not</W></cue></C><xcope ID="192"><ref ID="218" SRC="35"></ref><W>care</W><W>about</W><W>having</W><W>imaged</W><W>Operating</W><W>System</W><W>media</W></xcope><W>.</W></SENTENCE><SENTENCE><C><cue ID="36" type="speculation"><W>If</W></cue></C><xcope ID="193"><ref ID="219" SRC="36"></ref><W>you</W><W>are</W><C><cue ID="37" type="negation"><W>not</W></cue></C></xcope><W>,</W><W>sorry</W><cue ID="38" type="negation"><W>ca</W><W>n&#39;t</W></cue><xcope ID="194"><ref COMMENTS="" ID="220" SRC="38"></ref><W>use</W><W>your</W><W>media</W><W>on</W><W>different</W><W>systems</W></xcope><W>.</W></SENTENCE><SENTENCE><W>You</W><W>have</W><xcope ID="198"><ref ID="221" SRC="39"></ref><W>to</W><W>buy</W><W>imaged</W><W>software</W><W>for</W><W>different</W><W>machine</W></xcope><C><cue ID="39" type="speculation"><W>or</W></cue></C><xcope ID="199"><ref ID="222" SRC="39"></ref><W>purchase</W><W>full</W><W>version</W><W>after</W><W>learning</W><W>from</W><W>your</W><W>pain</W></xcope><W>.</W></SENTENCE><SENTENCE><C><W>And</W></C><W>do</W><W>plan</W><W>on</W><W>a</W><W>lot</W><W>of</W><W>pain</W><C><cue ID="40" type="speculation"><W>if</W></cue></C><xcope ID="195"><ref ID="223" SRC="40"></ref><W>you</W><W>wish</W><W>to</W><W>install</W><W>full</W><W>version</W><W>OS</W><W>&#39;s</W><W>on</W><W>a</W><W>Dell</W><W>system</W></xcope><W>.</W></SENTENCE><SENTENCE><W>Do</W><C><cue ID="41" type="negation"><W>not</W></cue></C><xcope ID="196"><ref ID="224" SRC="41"></ref><W>be</W><W>mislead</W><W>by</W><W>home</W><W>version</W><C><cue ID="42" type="speculation"><W>either</W></cue></C></xcope><W>.</W></SENTENCE><SENTENCE><W>Win</W><W>95</W><W>,</W><W>98</W><W>,</W><W>millenium</W><W>,</W><C><W>and</W></C><W>XP</W><W>Home</W><W>is</W><W>garbage</W><W>.</W></SENTENCE><SENTENCE><W>I</W><W>do</W><C><cue ID="43" type="negation"><W>not</W></cue></C><xcope ID="202"><ref ID="228" SRC="43"></ref><xcope ID="197"><ref ID="227" SRC="44"></ref><W>recommend</W></xcope><W>,</W><xcope ID="200"><ref ID="226" SRC="44"></ref><W>sell</W></xcope><W>,</W><C><cue ID="44" type="speculation"><W>or</W></cue></C><xcope ID="201"><ref ID="225" SRC="44"></ref><W>install</W><W>this</W><W>garbage</W></xcope></xcope><W>unless</W><W>a</W><W>client</W><W>already</W><W>has</W><W>made</W><W>the</W><W>mistake</W><W>of</W><W>owning</W><W>it</W><W>.</W></SENTENCE><SENTENCE><C><cue ID="45" type="speculation"><W>If</W></cue></C><xcope ID="204"><ref ID="230" SRC="45"></ref><W>they</W><C><cue ID="46" type="speculation"><W>can</W></cue></C><xcope ID="203"><ref ID="229" SRC="46"></ref><W>return</W><W>it</W></xcope></xcope><W>,</W><W>I</W><W>always</W><W>recommend</W><W>the</W><W>wise</W><W>move</W><W>.</W></SENTENCE><SENTENCE><W>Lock-ups</W><W>,</W><W>poor</W><W>system</W><W>resourcing</W><W>,</W><W>will</W><C><cue ID="47" type="negation"><W>not</W></cue></C><xcope ID="205"><ref ID="231" SRC="47"></ref><W>join</W><W>a</W><W>domain</W></xcope><W>,</W><C><cue ID="48" type="negation"><W>No</W></cue></C><xcope ID="206"><ref ID="232" SRC="48"></ref><W>internet</W><W>firewall</W></xcope><W>.</W></SENTENCE><SENTENCE><W>Hopefully</W><W>,</W><W>microsoft</W><W>will</W><W>euthanize</W><W>this</W><W>worthless</W><W>,</W><W>sad</W><W>architecture</W><W>.</W></SENTENCE><SENTENCE><W>Invest</W><W>in</W><W>XP</W><W>profesional</W><C><cue ID="49" type="negation"><W>without</W></cue></C><xcope ID="233"><ref ID="237" SRC="49"></ref><xcope ID="207"><ref ID="234" SRC="50"></ref><W>Dell</W></xcope><W>,</W><xcope ID="208"><ref ID="235" SRC="50"></ref><W>Gateway</W></xcope><W>,</W><C><cue ID="50" type="speculation"><W>or</W></cue></C><xcope ID="209"><ref ID="236" SRC="50"></ref><W>some</W><W>other</W><W>companies</W><W>imaged</W><W>garbage</W><W>on</W><W>the</W><W>media</W></xcope></xcope><W>.</W></SENTENCE><SENTENCE><W>You</W><W>will</W><C><cue ID="51" type="negation"><W>never</W></cue></C><xcope ID="210"><ref ID="238" SRC="51"></ref><W>regret</W><W>it</W></xcope><W>.</W></SENTENCE><SENTENCE><W>Other</W><W>than</W><W>worthless</W><W>operating</W><W>system</W><W>software</W><W>you</W><W>will</W><W>also</W><W>have</W><W>several</W><W>Gigabytes</W><W>of</W><W>useless</W><W>spamware</W><W>.</W></SENTENCE><SENTENCE><W>Great</W><W>publicity</W><C><W>and</W></C><W>marketing</W><W>charges</W><W>to</W><W>hopeful</W><W>companies</W><W>to</W><W>place</W><W>junk</W><W>and/or</W><W>unwanted</W><W>programs</W><W>on</W><W>you</W><W>system</W><W>.</W></SENTENCE><SENTENCE><W>You</W><C><cue ID="52" type="speculation"><W>can</W></cue></C><xcope ID="211"><ref ID="239" SRC="52"></ref><W>plan</W><W>on</W><W>losing</W><W>up</W><W>to</W><W>10GB</W><W>of</W><W>your</W><W>system</W><W>to</W><W>this</W><W>garbage</W></xcope><W>(</W><W>i</W><W>.e</W><W>.</W></SENTENCE><SENTENCE><W>AOL</W><W>,</W><W>Bonzie</W><W>buddie</W><W>,</W><W>music</W><W>match</W><W>jukebox</W><W>,</W><W>modem</W><W>on</W><W>hold</W><W>,</W><W>etc.</W><W>)</W></SENTENCE><SENTENCE><W>You</W><W>really</W><W>did</W><W>n&#39;t</W><W>get</W><W>something</W><W>for</W><W>a</W><W>great</W><W>price</W><W>.</W></SENTENCE><SENTENCE><xcope ID="212"><ref ID="241" SRC="53"></ref><W>You</W><W>still</W><W>have</W><W>to</W><W>pay</W><W>to</W><W>get</W><W>it</W></xcope><C><cue ID="53" type="speculation"><W>or</W></cue></C><xcope ID="213"><ref ID="240" SRC="53"></ref><W>make</W><W>it</W><W>right</W><W>in</W><W>the</W><W>end</W></xcope><W>.</W></SENTENCE></P><P></P><P><SENTENCE><W>Last</W><W>,</W><C><cue ID="54" type="speculation"><W>if</W></cue></C><xcope ID="243"><ref ID="261" SRC="54"></ref><C><cue ID="55" type="negation"><W>not</W></cue></C><xcope ID="242"><ref ID="260" SRC="55"></ref><W>the</W><W>greatest</W><W>joke</W><W>about</W><W>Dell</W><W>is</W><W>their</W><W>Service</W></xcope></xcope><C><W>and</W></C><W>warranty</W><W>enhancements</W><W>.</W></SENTENCE><SENTENCE><W>As</W><W>I</W><W>have</W><W>said</W><W>in</W><W>a</W><W>previous</W><W>review</W><W>,</W><W>it</W><W>is</W><W>a</W><W>wise</W><W>investment</W><W>for</W><W>a</W><W>phone</W><W>headset</W><W>with</W><W>a</W><W>dell</W><W>machine</W><W>.</W></SENTENCE><SENTENCE><W>When</W><W>you</W><W>call</W><W>for</W><C><W>support</W></C><W>,</W><W>you</W><C><cue ID="56" type="speculation"><W>can</W></cue></C><xcope ID="246"><ref ID="264" SRC="56"></ref><W>rest</W><W>your</W><xcope ID="245"><ref ID="262" SRC="57"></ref><W>arms</W></xcope><C><cue ID="57" type="speculation"><W>or</W></cue></C><xcope ID="244"><ref ID="263" SRC="57"></ref><W>twiddle</W></xcope><W>your</W><W>thumbs</W></xcope><W>.</W></SENTENCE><SENTENCE><W>Plus</W><C><cue ID="58" type="speculation"><W>if</W></cue></C><xcope ID="248"><ref ID="266" SRC="58"></ref><W>you</W><W>are</W><W>a</W><W>light</W><W>sleeper</W><W>you</W><C><cue ID="59" type="speculation"><W>can</W></cue></C><xcope ID="247"><ref ID="265" SRC="59"></ref><W>rest</W><W>while</W><W>you</W><W>wait</W><W>for</W><W>help</W></xcope></xcope><W>.</W></SENTENCE><SENTENCE><W>Next</W><W>day</W><C><W>support</W></C><W>does</W><C><cue ID="60" type="negation"><W>not</W></cue></C><xcope ID="249"><ref ID="267" SRC="60"></ref><W>mean</W><W>your</W><W>system</W><W>is</W><W>fixed</W><W>the</W><W>next</W><W>day</W></xcope><W>.</W></SENTENCE><SENTENCE><W>You</W><W>will</W><W>hopefully</W><W>get</W><W>a</W><W>call</W><W>,</W><W>for</W><W>a</W><W>scheduled</W><W>repair</W><W>.</W></SENTENCE><SENTENCE><W>Also</W><W>,</W><W>as</W><W>our</W><W>company</W><W>is</W><W>sub-contracted</W><W>by</W><W>a</W><W>Dell</W><W>agent</W><W>,</W><W>your</W><C><W>support</W></C><W>is</W><W>usually</W><W>provided</W><W>by</W><W>a</W><W>sub-contracted</W><W>local</W><xcope ID="251"><ref ID="269" SRC="61"></ref><W>computer</W><W>store</W></xcope><C><cue ID="61" type="speculation"><W>or</W></cue></C><xcope ID="250"><ref ID="268" SRC="61"></ref><W>individual</W></xcope><W>.</W></SENTENCE><SENTENCE><W>You</W><C><cue ID="62" type="speculation"><W>should</W></cue></C><xcope ID="253"><ref ID="271" SRC="62"></ref><C><cue ID="63" type="negation"><W>not</W></cue></C><xcope ID="252"><ref ID="270" SRC="63"></ref><W>have</W><W>to</W><W>Pay</W><W>an</W><W>extra</W><W>for</W><W>something</W><W>that</W><W>is</W><W>usually</W><W>provided</W><W>by</W><W>manufacturers</W><W>of</W><W>quality</W><W>components</W></xcope></xcope><W>.</W></SENTENCE><SENTENCE><W>Quality</W><W>parts</W><W>typically</W><W>come</W><W>with</W><W>a</W><W>3</W><W>year</W><W>manufacturer</W><W>warranty</W><W>.</W></SENTENCE><SENTENCE><W>Some</W><W>people</W><W>have</W><W>a</W><W>tolerance</W><W>for</W><W>pain</W><W>.</W></SENTENCE><SENTENCE><C><cue ID="64" type="speculation"><W>If</W></cue></C><xcope ID="256"><ref ID="272" SRC="64"></ref><W>you</W><W>plan</W><W>on</W><W>buying</W><W>a</W><W>Dell</W><W>Plan</W><W>on</W><W>the</W><W>enhancement</W><W>for</W><xcope ID="255"><ref ID="273" SRC="65"></ref><W>as</W><W>long</W><W>as</W><W>you</W><W>plan</W><W>to</W><W>have</W><W>it</W></xcope></xcope><W>.</W></SENTENCE><SENTENCE><C><cue ID="65" type="speculation"><W>Or</W></cue></C><xcope ID="254"><ref ID="274" SRC="65"></ref><W>research</W><W>some</W><W>companies</W><W>like</W><W>ours</W></xcope><W>,</W><W>who</W><W>stand</W><W>behind</W><W>their</W><W>systems</W><W>locally</W><W>.</W></SENTENCE><SENTENCE><W>We</W><W>have</W><W>been</W><W>in</W><W>this</W><W>business</W><W>for</W><W>over</W><W>12</W><W>years</W><W>with</W><W>hundreds</W><W>of</W><W>computer</W><W>builds</W><C><W>and</W></C><W>our</W><W>phones</W><W>are</W><C><cue ID="66" type="negation"><W>not</W></cue></C><xcope ID="259"><ref ID="277" SRC="66"></ref><W>ringing</W><W>off</W><W>the</W><W>hook</W><xcope ID="258"><ref ID="276" SRC="67"></ref><W>for</W><W>returns</W></xcope><C><cue ID="67" type="speculation"><W>or</W></cue></C><xcope ID="257"><ref ID="275" SRC="67"></ref><W>low</W><W>quality</W><W>systems</W></xcope><W>.</W></xcope></SENTENCE></P><P></P><P><SENTENCE><W>Case</W><W>in</W><W>point</W></SENTENCE></P><P></P><P><SENTENCE><W>We</W><W>just</W><W>sold</W><W>2</W><W>systems</W><W>to</W><W>a</W><W>client</W><W>with</W><W>this</W><W>Dell</W><W>comparison</W><W>including</W><W>a</W><W>17</W><W>&#34;</W><W>Black</W><W>LCD.</W></SENTENCE><SENTENCE><W>Exactly</W><W>what</W><W>this</W><W>system</W><W>has</W><W>with</W><W>the</W><W>included</W><W>hidden</W><W>specs</W><W>for</W><W>$</W><W>1493</W><W>ea</W><W>.</W></SENTENCE><SENTENCE><W>The</W><W>perspective</W><W>had</W><W>initiated</W><W>an</W><W>order</W><W>with</W><W>Dell</W><W>,</W><W>but</W><W>called</W><W>back</W><W>for</W><W>immediate</W><W>termination</W><W>after</W><W>my</W><W>following</W><C><W>proposal</W></C><W>:</W></SENTENCE></P><P></P><P><SENTENCE><W>Blk</W><W>window</W><W>case</W><W>w/</W><W>320W</W><W>ATX</W><W>power</W><C><W>and</W></C><W>2</W><W>80mm</W><W>fans</W></SENTENCE></P><P></P><P><SENTENCE><W>Aopen</W><W>AK77</W><W>400N</W><W>motherboard</W></SENTENCE></P><P></P><P><SENTENCE><W>(</W><W>400</W><W>MHz</W><W>FSB</W><W>,</W><W>5</W><W>PCI</W><W>,</W><W>8x</W><W>AGP</W><W>,</W><W>6</W><W>ch</W><W>audio</W><W>,</W><W>LAN</W><W>)</W></SENTENCE></P><P></P><P><SENTENCE><W>AMD</W><W>XP2200</W><W>with</W><W>Heatsink</W><C><W>and</W></C><W>Fan</W></SENTENCE></P><P></P><P><SENTENCE><W>512MB</W><W>PC2100</W><W>DDR</W><W>memory</W></SENTENCE></P><P></P><P><SENTENCE><W>WD</W><W>40GB</W><W>w/</W><W>8MB</W><W>cache</W><W>7200</W><W>RPM</W></SENTENCE></P><P></P><P><SENTENCE><W>Mitsumi</W><W>1.44</W><W>FDD</W><W>Blk</W></SENTENCE></P><P></P><P><SENTENCE><W>Sony</W><W>16x</W><W>DVD-Rom</W><W>Blk</W></SENTENCE></P><P></P><P><SENTENCE><W>Gainsward</W><W>Geforce</W><W>MX400</W><W>64MB</W><W>w/TV</W><W>out</W></SENTENCE></P><P></P><P><SENTENCE><W>Creative</W><W>56K</W><W>modem</W></SENTENCE></P><P></P><P><SENTENCE><W>Blk</W><W>104</W><W>key</W><W>Standard</W><W>,</W><W>3</W><W>button</W><W>scroll</W><W>,</W><W>and</W><W>2</W><W>Pc</W><W>180W</W><W>Spkr</W><W>)</W></SENTENCE></P><P></P><P><SENTENCE><W>Hyundai</W><W>L70-S</W><W>LCD</W><W>17</W><W>&#34;</W><W>BLK/SLV</W></SENTENCE></P><P></P><P><SENTENCE><W>Windows</W><W>XP</W><W>pro</W></SENTENCE></P><P></P><P><SENTENCE><W>Limited</W><W>1</W><W>year</W><W>warranty</W></SENTENCE></P><P></P><P><SENTENCE><W>I</W><W>sold</W><W>2</W><W>systems</W><C><W>and</W></C><W>made</W><W>over</W><W>$</W><W>450</W><W>profit</W><W>from</W><W>each</W><W>.</W></SENTENCE><SENTENCE><W>After</W><W>limited</W><W>warranty</W><C><cue ID="68" type="speculation"><W>if</W></cue></C><xcope ID="278"><ref ID="290" SRC="68"></ref><W>anything</W><W>does</W><W>happen</W><W>to</W><C><W>fail</W></C></xcope><W>,</W><W>rarely</W><W>.</W></SENTENCE><SENTENCE><W>Client</W><W>pays</W><W>shipping</W><C><W>and</W></C><W>we</W><W>help</W><W>with</W><W>RMA.</W></SENTENCE><SENTENCE><W>We</W><W>do</W><W>n&#39;t</W><W>have</W><W>to</W><W>worry</W><W>about</W><W>this</W><W>promise</W><W>because</W><W>quality</W><W>parts</W><W>with</W><W>3</W><W>year</W><W>warranties</W><W>rarely</W><C><W>fail</W></C><W>.</W></SENTENCE><SENTENCE><W>Also</W><C><cue ID="69" type="speculation"><W>if</W></cue></C><xcope ID="288"><ref ID="291" SRC="69"></ref><W>you</W><W>prefer</W><W>an</W><W>intel</W><W>system</W><W>as</W><W>we</W><W>are</W><W>Intel</W></xcope><C><W>and</W></C><W>AMD</W><W>partners</W><W>,</W><W>add</W><W>$</W><W>150</W><C><W>and</W></C><W>my</W><W>systems</W><W>will</W><W>still</W><W>out-perform</W><C><W>and</W></C><W>stand</W><W>above</W><W>any</W><W>Dell</W><W>system</W><W>.</W></SENTENCE><SENTENCE><W>There</W><W>are</W><W>quality</W><C><W>and</W></C><W>Leading</W><W>technology</W><W>computer</W><W>companies</W><W>out</W><W>there</W><C><cue ID="70" type="speculation"><W>if</W></cue></C><xcope ID="289"><ref ID="292" SRC="70"></ref><W>you</W><W>put</W><W>some</W><W>effort</W><W>into</W><W>the</W><W>search</W></xcope><W>.</W></SENTENCE><SENTENCE><C><W>And</W></C><C><cue ID="71" type="speculation"><W>if</W></cue></C><xcope ID="286"><ref ID="295" SRC="71"></ref><W>you</W><W>are</W><xcope ID="284"><ref ID="294" SRC="72"></ref><W>foolish</W></xcope><C><cue ID="72" type="speculation"><W>or</W></cue></C><xcope ID="285"><ref ID="293" SRC="72"></ref><W>have</W><W>the</W><W>opportunity</W><W>to</W><W>pay</W><W>those</W><W>Dell</W><W>upgrades</W></xcope></xcope><W>.</W></SENTENCE><SENTENCE><C><W>Instead</W></C><W>of</W><W>PAYING</W><W>for</W><W>it</W><W>,</W><W>INVEST</W><C><W>and</W></C><C><W>INVESTIGATE</W></C><W>a</W><W>more</W><W>custom</W><W>system</W><W>.</W></SENTENCE><SENTENCE><C><cue ID="73" type="speculation"><W>If</W></cue></C><xcope ID="283"><ref ID="297" SRC="73"></ref><W>you</W><C><cue ID="74" type="speculation"><W>can</W></cue></C><xcope ID="282"><ref ID="296" SRC="74"></ref><W>break</W><W>the</W><W>$</W><W>1000</W><W>dollar</W><W>investment</W><W>range</W></xcope></xcope><W>,</W><W>companies</W><W>like</W><W>ours</W><W>will</W><W>kick</W><W>the</W><W>crap</W><W>out</W><W>of</W><W>any</W><W>Dell</W><W>quote</W><W>for</W><W>price</W><W>,</W><W>quality</W><W>,</W><C><W>and</W></C><W>performance</W><W>.</W></SENTENCE><SENTENCE><W>Any</W><W>company</W><W>,</W><W>who</W><W>puts</W><W>so</W><W>much</W><W>effort</W><W>into</W><W>marketing</W><W>,</W><W>needs</W><W>it</W><W>to</W><W>sell</W><W>low</W><W>quality</W><W>products</W><W>.</W></SENTENCE><SENTENCE><W>I</W><W>truly</W><W>do</W><C><cue ID="75" type="negation"><W>not</W></cue></C><xcope ID="287"><ref ID="298" SRC="75"></ref><W>mind</W><W>making</W><W>lots</W><W>of</W><W>money</W><W>off</W><W>of</W><W>Dell</W><W>service</W><W>work</W></xcope><W>.</W></SENTENCE><SENTENCE><W>But</W><W>the</W><W>complaints</W><W>are</W><W>really</W><W>over-whelming</W><W>.</W></SENTENCE><SENTENCE><C><W>And</W></C><W>I</W><W>really</W><C><cue ID="76" type="speculation"><W>would</W></cue></C><xcope ID="281"><ref ID="300" SRC="76"></ref><W>like</W><W>to</W><W>recommend</W><xcope ID="280"><ref ID="301" SRC="77"></ref><W>K-y</W></xcope><C><cue ID="77" type="speculation"><W>or</W></cue></C><xcope ID="279"><ref ID="299" SRC="77"></ref><W>vaseline</W></xcope></xcope><C><W>and</W></C><W>tell</W><W>Whiny</W><W>Dell</W><W>owners</W><W>to</W><W>accept</W><W>the</W><W>inevitable</W><W>.</W></SENTENCE><SENTENCE><W>Bend</W><W>over</W><C><W>and</W></C><W>take</W><W>Dell</W><W>like</W><W>a......</W></SENTENCE></P><P></P><P><SENTENCE><W>I</W><W>have</W><W>to</W><W>truly</W><W>applaud</W><W>Dell</W><W>for</W><W>their</W><W>sales</W><W>abilities</W><W>.</W></SENTENCE><SENTENCE><C><cue ID="78" type="speculation"><W>If</W></cue></C><xcope ID="302"><ref ID="318" SRC="78"></ref><W>you</W><W>are</W><W>willing</W><W>to</W><W>Invest</W><W>$</W><W>1500</W><W>dollars</W></xcope><W>,</W><W>You</W><C><cue ID="79" type="speculation"><W>should</W></cue></C><xcope ID="303"><ref ID="319" SRC="79"></ref><W>have</W><W>a</W><W>great</W><W>entry</W><W>to</W><W>mid</W><W>level</W><W>system</W></xcope><W>.</W></SENTENCE><SENTENCE><W>However</W><W>,</W><W>It</W><W>will</W><C><cue ID="80" type="negation"><W>never</W></cue></C><xcope ID="304"><ref ID="320" SRC="80"></ref><W>be</W><W>a</W><W>Dell</W></xcope><W>.</W></SENTENCE><SENTENCE><C><cue ID="81" type="negation"><W>Not</W></cue></C><xcope ID="306"><ref ID="322" SRC="81"></ref><W>in</W><W>my</W><W>opinion</W></xcope><C><W>and</W></C><xcope ID="307"><ref ID="323" SRC="83"></ref><W>I</W><C><cue ID="82" type="speculation"><W>believe</W></cue></C><xcope ID="305"><ref ID="321" SRC="82"></ref><W>several</W><W>of</W><W>the</W><W>silent</W><W>majority</W><W>as</W><W>well</W></xcope></xcope><W>.</W></SENTENCE><SENTENCE><C><cue ID="83" type="speculation"><W>Or</W></cue></C><xcope ID="308"><ref ID="324" SRC="83"></ref><W>individuals</W><W>who</W><W>are</W><W>to</W><W>embarrassed</W><W>to</W><W>admit</W><W>they</W><C><W>feel</W></C><W>like</W><W>they</W><W>flushed</W><W>their</W><W>money</W><W>down</W><W>the</W><W>toilet</W></xcope><W>.</W></SENTENCE><SENTENCE><W>I</W><W>hate</W><W>seeing</W><W>the</W><W>pain</W><W>on</W><W>clients</W><W>faces</W><W>,</W><W>when</W><W>they</W><W>enter</W><W>our</W><W>store</W><W>with</W><W>yet</W><W>another</W><W>fairly</W><W>new</W><W>Dell</W><W>.</W></SENTENCE><SENTENCE><W>&#34;</W><W>Please</W><W>fix</W><W>it</W><W>,</W><W>I</W><W>ca</W><W>n&#39;t</W><W>get</W><W>any</W><W>help</W><W>from</W><W>Dell</W><C><W>support</W></C><W>.</W><W>&#34;&#34;</W><W>I</W><W>&#39;m</W></SENTENCE><SENTENCE><W>tired</W><W>of</W><W>being</W><W>on</W><W>the</W><W>phone</W><W>for</W><W>what</W><C><cue ID="84" type="speculation"><W>seems</W></cue></C><xcope ID="309"><ref ID="325" SRC="84"></ref><W>like</W><W>hours</W><W>with</W><W>someone</W><W>truly</W><W>unhelpful</W></xcope><W>.</W><W>&#34;&#34;</W><W>Yes</W><W>,</W></SENTENCE><SENTENCE><W>I</W><W>do</W><W>have</W><W>a</W><W>service</W><W>/warranty</W><W>contract</W><W>,</W><W>little</W><W>good</W><W>it</W><W>does</W><W>me</W><W>.</W><W>&#34;&#34;It</W><W>&#39;s</W></SENTENCE><SENTENCE><C><cue ID="86" type="negation"><W>not</W></cue></C><xcope ID="310"><ref ID="327" SRC="86"></ref><W>even</W><W>6</W><W>months</W><W>old</W></xcope><W>,</W><W>why</W><W>the</W><W>hell</W><W>is</W><W>it</W><C><cue ID="87" type="negation"><W>not</W></cue></C><xcope ID="311"><ref ID="326" SRC="87"></ref><W>working</W></xcope><W>.</W><W>&#34;</W></SENTENCE><SENTENCE><W>&#34;</W><W>How</W><W>much</W><W>to</W><W>fix</W><W>it</W><W>?</W><W>?&#34;</W><C><W>And</W></C><W>the</W><W>Dell</W><W>pain</W><W>goes</W><W>on</W><C><W>and</W></C><W>on</W><W>.</W></SENTENCE><SENTENCE><W>Now</W><W>riddle</W><W>me</W><W>this</W><W>.</W></SENTENCE><SENTENCE><C><cue ID="85" type="speculation"><W>If</W></cue></C><xcope ID="317"><ref ID="328" SRC="85"></ref><W>your</W><W>sales</W><W>people</W><W>were</W><C><W>not</W></C><W>super</W><W>friendly</W></xcope><C><W>and</W></C><W>helpful</W><W>about</W><W>selling</W><W>a</W><W>pile</W><W>of</W><W>crap</W><C><cue ID="88" type="speculation"><W>would</W></cue></C><xcope ID="312"><ref ID="329" SRC="88"></ref><W>they</W><W>still</W><W>work</W><W>for</W><W>you</W></xcope><W>?</W></SENTENCE><SENTENCE><W>Of</W><W>course</W><W>Dell</W><W>sales</W><W>is</W><W>exceptional</W><W>.</W></SENTENCE><SENTENCE><W>With</W><W>as</W><W>much</W><W>money</W><W>as</W><W>Dell</W><W>puts</W><W>into</W><W>Marketing</W><C><W>and</W></C><W>TV</W><W>,</W><W>It</W><W>is</W><C><cue ID="89" type="negation"><W>no</W></cue></C><xcope ID="314"><ref ID="331" SRC="89"></ref><W>wonder</W><W>people</W><C><cue ID="90" type="speculation"><W>can</W></cue></C><xcope ID="313"><ref ID="330" SRC="90"></ref><W>follow</W><W>their</W><W>animals</W><W>around</W><W>the</W><W>yard</W></xcope></xcope><W>.</W></SENTENCE><SENTENCE><W>Scooping</W><W>up</W><W>something</W><W>to</W><W>hide</W><W>in</W><W>a</W><W>colorful</W><W>,</W><W>fancy</W><W>wrapper</W><W>.</W></SENTENCE><SENTENCE><C><W>And</W></C><W>calling</W><W>it</W><W>a</W><xcope ID="316"><ref ID="333" SRC="91"></ref><W>Dimension</W></xcope><W>,</W><C><cue ID="91" type="speculation"><W>or</W></cue></C><xcope ID="315"><ref ID="332" SRC="91"></ref><W>whatever</W></xcope><W>.</W></SENTENCE><SENTENCE><W>There</W><W>is</W><W>always</W><W>someone</W><W>who</W><W>will</W><W>buy</W><W>it</W><W>.</W></SENTENCE></P><P></P><P><SENTENCE><W>Overall</W></SENTENCE></P><P></P><P><SENTENCE><W>Dells</W><W>suck</W><W>.</W></SENTENCE><SENTENCE><W>Performance</W><W>wise</W><W>,</W><W>Architecture</W><W>wise</W><W>,</W><W>Modern</W><W>parts</W><W>are</W><W>few</W><C><W>and</W></C><W>far</W><W>between</W><W>.</W></SENTENCE><SENTENCE><W>Yes</W><W>,</W><W>it</W><W>is</W><W>cheap</W><W>.</W></SENTENCE><SENTENCE><W>Until</W><W>the</W><W>upgrades</W><C><W>and</W></C><W>enhancements</W><W>come</W><W>into</W><W>play</W><W>.</W></SENTENCE><SENTENCE><W>Then</W><W>you</W><C><cue ID="92" type="speculation"><W>would</W></cue></C><xcope ID="334"><ref ID="343" SRC="92"></ref><W>have</W><W>been</W><W>better</W><W>off</W><W>researching</W><W>local</W><W>references</W></xcope><W>.</W></SENTENCE><SENTENCE><W>The</W><W>most</W><W>entertaining</W><W>thing</W><W>is</W><W>to</W><W>see</W><W>reviews</W><W>from</W><W>people</W><W>who</W><W>have</W><W>owned</W><W>their</W><W>Dells</W><W>for</W><W>less</W><W>than</W><W>3-4</W><W>months</W><W>.</W></SENTENCE><SENTENCE><W>Please</W><W>....Any</W><W>intelligent</W><W>person</W><C><cue ID="94" type="speculation"><W>can</W></cue></C><xcope ID="336"><ref ID="344" SRC="94"></ref><W>put</W><W>together</W><W>a</W><W>system</W></xcope><C><W>and</W></C><W>make</W><W>it</W><C><cue ID="93" type="speculation"><W>seem</W></cue></C><xcope ID="335"><ref ID="345" SRC="93"></ref><W>like</W><W>the</W><W>latest</W></xcope><W>,</W><W>fastest</W><W>,</W><C><W>and</W></C><W>coolest</W><W>rocket</W><W>ship</W><W>.</W></SENTENCE><SENTENCE><W>Wait</W><W>until</W><W>you</W><W>own</W><W>it</W><W>more</W><W>than</W><xcope ID="338"><ref ID="347" SRC="95"></ref><W>the</W><W>return</W><W>period</W></xcope><C><cue ID="95" type="speculation"><W>or</W></cue></C><xcope ID="337"><ref ID="346" SRC="95"></ref><W>closer</W><W>to</W><W>expired</W><W>warranties</W></xcope><W>.</W></SENTENCE><SENTENCE><W>Experience</W><W>some</W><W>Dell</W><C><W>support</W></C><W>.</W></SENTENCE><SENTENCE><W>Than</W><W>write</W><W>your</W><W>reviews</W><W>.</W></SENTENCE><SENTENCE><C><W>And</W></C><W>hopefully</W><W>,</W><W>also</W><W>weed</W><W>out</W><W>some</W><W>of</W><W>the</W><W>Dell</W><W>employees</W><W>who</W><W>are</W><W>obligated</W><W>to</W><W>write</W><W>reviews</W><W>.</W></SENTENCE></P><P></P><P><SENTENCE><C><cue ID="96" type="speculation"><W>If</W></cue></C><xcope ID="339"><ref ID="348" SRC="96"></ref><W>you</W><W>like</W><W>large</W><W>names</W><C><W>and</W></C><W>fancy</W><W>marketing</W></xcope><W>,</W><W>buy</W><W>a</W><W>gateway</W><W>system</W><W>.</W></SENTENCE><SENTENCE><W>Ask</W><W>for</W><W>a</W><W>full</W><W>version</W><W>Operating</W><W>system</W><W>.</W></SENTENCE><SENTENCE><W>Have</W><W>someone</W><W>with</W><W>experience</W><W>do</W><W>an</W><W>install</W><W>with</W><W>pro</W><W>version</W><W>.</W></SENTENCE><SENTENCE><W>SAY</W><C><cue ID="97" type="negation"><W>NO</W></cue></C><xcope ID="340"><ref ID="349" SRC="97"></ref><W>to</W><W>free</W><W>spamware</W></xcope><W>.</W></SENTENCE><SENTENCE><W>It</W><W>&#39;s</W><W>on</W><W>the</W><W>internet</W><C><cue ID="98" type="speculation"><W>if</W></cue></C><xcope ID="341"><ref ID="350" SRC="98"></ref><W>you</W><W>really</W><W>want</W><W>it</W></xcope><W>.</W></SENTENCE><SENTENCE><W>You</W><W>will</W><W>enjoy</W><W>a</W><W>lot</W><W>less</W><W>stress</W><C><W>and</W></C><W>aggravation</W><W>.</W></SENTENCE><SENTENCE><C><W>Or</W></C><W>research</W><C><W>and</W></C><C><W>investigate</W></C><W>some</W><W>local</W><W>companies</W><C><W>and</W></C><W>their</W><W>references</W><W>.</W></SENTENCE><SENTENCE><W>Be</W><W>smart</W><C><W>and</W></C><W>Be</W><W>happy</W><W>.</W></SENTENCE><SENTENCE><W>Buying</W><W>a</W><W>computer</W><W>is</W><W>as</W><W>important</W><W>as</W><W>shopping</W><W>for</W><W>a</W><W>good</W><W>vehicle</W><W>.</W></SENTENCE><SENTENCE><W>Dell</W><W>is</W><W>just</W><W>a</W><W>large</W><W>,</W><W>slick</W><W>car</W><W>lot</W><W>.</W></SENTENCE></P></DOCUMENT>
