<?xml version="1.0" encoding="UTF-8"?>
<DOCUMENT><P></P><P><SENTENCE><W>The</W><W>new</W><W>Apple</W><W>12-inch</W><W>Powerbook</W><W>(</W><W>PB)</W><W>notebook</W><W>computer</W><W>is</W><W>a</W><W>sleek</W><C><W>idea</W></C><W>with</W><W>some</W><W>special</W><W>features</W><W>for</W><W>a</W><W>compact</W><W>computer</W><W>,</W><W>but</W><W>it</W><W>overheats</W><W>with</W><W>extended</W><W>use</W><W>.</W></SENTENCE><SENTENCE><W>Specifically</W><W>,</W><W>when</W><W>using</W><W>the</W><W>computer</W><W>for</W><W>over</W><W>one</W><W>hour</W><W>,</W><C><W>and</W></C><W>especially</W><W>when</W><W>multitasking</W><W>with</W><W>programs</W><W>,</W><W>(</W><W>i</W><W>.e</W><W>.</W></SENTENCE><SENTENCE><W>word</W><W>processing</W><C><W>and</W></C><W>listening</W><W>to</W><W>a</W><W>CD</W><W>)</W><W>,</W><W>the</W><W>computer</W><W>becomes</W><W>exceedingly</W><W>hot</W><W>on</W><W>the</W><W>surface</W><W>where</W><W>the</W><W>palm/wrists</W><W>rest</W><W>when</W><W>using</W><W>the</W><W>keyboard</W><C><W>and</W></C><W>tracking</W><W>pad</W><W>.</W></SENTENCE><SENTENCE><W>The</W><W>excessive</W><W>heat</W><W>is</W><C><cue ID="0" type="negation"><W>not</W></cue></C><xcope ID="17"><ref ID="36" SRC="0"></ref><W>only</W><W>distracting</W><C><W>and</W></C><W>unpleasant</W></xcope><W>,</W><W>it</W><W>is</W><W>unhealthy</W><W>as</W><W>heat</W><W>inflames</W><W>the</W><W>tendon</W><W>sheath</W><W>associated</W><W>with</W><W>carpal</W><W>tunnels</W><W>syndrome</W><W>(</W><W>CTS</W><W>)</W><W>.</W></SENTENCE></P><P></P><P><SENTENCE><W>Notebook</W><W>computers</W><W>get</W><W>hot</W><W>,</W><W>but</W><W>the</W><W>design</W><C><W>and</W></C><W>internal</W><W>fan</W><C><cue ID="1" type="speculation"><W>should</W></cue></C><xcope ID="19"><ref ID="37" SRC="1"></ref><W>dissipate</W><W>the</W><W>heat</W></xcope><W>so</W><W>it</W><W>does</W><C><cue ID="2" type="negation"><W>not</W></cue></C><xcope ID="18"><ref ID="38" SRC="2"></ref><W>radiate</W><W>upward</W><W>on</W><W>the</W><W>working</W><W>surface</W></xcope><W>.</W></SENTENCE><SENTENCE><W>This</W><W>is</W><W>a</W><W>new</W><W>compact</W><W>model</W><W>,</W><C><W>and</W></C><W>others</W><W>have</W><W>reported</W><W>this</W><W>over-heating</W><W>design</W><W>flaw</W><W>;</W><W>there</W><W>are</W><W>over</W><W>200</W><W>related</W><W>postings</W><W>on</W><W>Apple</W><W>&#39;s</W><W>own</W><W>website</W><W>&#39;s</W><W>discussion</W><W>forum</W><W>:</W><W>(</W><W>http</W><W>://discussions</W><W>.info.apple</W><W>.com</W></SENTENCE><SENTENCE><W>&#62;</W><W>PowerBook</W><W>&#62;</W><W>PowerBook</W><W>G4</W><W>12/17</W><W>Inch</W><W>&#62;</W><W>Usage</W><W>)</W><W>.</W></SENTENCE><SENTENCE><W>This</W><W>problem</W><W>has</W><W>also</W><W>been</W><W>discussed</W><W>in</W><W>other</W><W>non-Apple</W><W>affiliated</W><W>sources</W><W>.</W></SENTENCE></P><P></P><P><SENTENCE><W>Apple</W><W>&#39;s</W><W>warranty</W><W>for</W><W>the</W><W>computer</W><W>is</W><W>one</W><W>year</W><W>.</W></SENTENCE><SENTENCE><W>In</W><W>my</W><W>experience</W><W>with</W><W>the</W><W>12-inch</W><W>PB</W><W>,</W><W>I</W><W>spent</W><W>excessive</W><W>time</W><W>on</W><W>the</W><W>phone</W><W>with</W><W>Apple</W><W>regarding</W><W>the</W><W>overheating</W><W>.</W></SENTENCE><SENTENCE><W>I</W><W>took</W><W>it</W><W>in</W><W>for</W><W>repair</W><W>twice</W><W>,</W><W>but</W><W>with</W><C><cue ID="5" type="negation"><W>no</W></cue></C><xcope ID="23"><ref ID="39" SRC="5"></ref><W>improvement</W></xcope><W>.</W></SENTENCE><SENTENCE><W>Apple</W><W>claims</W><W>that</W><W>it</W><W>is</W><W>performing</W><W>within</W><W>specifications</W><C><W>and</W></C><W>will</W><C><cue ID="3" type="negation"><W>not</W></cue></C><xcope ID="40"><ref ID="44" SRC="3"></ref><xcope ID="20"><ref COMMENTS="" ID="43" SRC="4"></ref><W>replace</W></xcope><W>,</W><xcope ID="21"><ref ID="41" SRC="4"></ref><W>refund</W></xcope><W>,</W><C><cue ID="4" type="speculation"><W>or</W></cue></C><xcope ID="22"><ref COMMENTS="" ID="42" SRC="4"></ref><W>allow</W><W>me</W><W>to</W><W>trade</W><W>in</W><W>the</W><W>computer</W><W>for</W><W>a</W><W>different</W><W>model</W></xcope></xcope><W>.</W></SENTENCE></P><P></P><P><SENTENCE><W>On</W><W>March</W><W>26th</W><W>,</W><W>Apple</W><W>released</W><W>an</W><W>article</W><W>concerning</W><W>the</W><W>excessive</W><W>heat</W><W>:</W><W>&#34;</W><W>PowerBook</W><W>G4</W><W>(</W><W>12-inch</W><W>)</W><W>:</W><W>Feels</W><W>Warm</W><W>to</W><W>the</W><W>Touch</W><W>-</W><W>Article</W><W>ID:86307&#34;</W><W>.</W></SENTENCE><SENTENCE><W>In</W><W>this</W><W>Apple</W><W>document</W><W>,</W><W>advice</W><W>is</W><W>provided</W><W>to</W><W>minimize</W><W>the</W><W>heat</W><W>problem</W><W>by</W><W>making</W><W>adjustments</W><W>to</W><W>the</W><W>Power</W><W>Manager</W><W>Preference</W><W>.</W></SENTENCE><SENTENCE><W>Apple</W><W>Technical</W><C><W>Support</W></C><W>has</W><W>also</W><W>recommended</W><W>that</W><W>I</W><W>purchase</W><W>a</W><W>heat</W><W>transfer</W><W>device</W><W>that</W><W>goes</W><W>under</W><W>the</W><W>PB</W><W>to</W><W>elevate</W><W>it</W><W>,</W><C><W>and</W></C><W>to</W><W>put</W><W>rubber</W><W>pads</W><W>where</W><W>my</W><W>hands</W><W>rest</W><W>as</W><W>a</W><W>barrier</W><W>from</W><W>the</W><W>heat</W><W>.</W></SENTENCE><SENTENCE><W>This</W><W>is</W><W>all</W><W>commendable</W><W>advice</W><W>,</W><W>but</W><W>it</W><W>has</W><C><cue ID="9" type="negation"><W>not</W></cue></C><xcope ID="24"><ref ID="47" SRC="9"></ref><W>resolved</W><W>the</W><W>over-heating</W><W>problem</W></xcope><W>.</W></SENTENCE><SENTENCE><W>More</W><W>importantly</W><W>,</W><W>one</W><C><cue ID="6" type="speculation"><W>should</W></cue></C><xcope ID="26"><ref ID="46" SRC="6"></ref><C><cue ID="7" type="negation"><W>not</W></cue></C><xcope ID="25"><ref ID="45" SRC="7"></ref><W>pay</W><W>top</W><W>dollar</W><W>for</W><W>a</W><W>computer</W><W>advertised</W><W>as</W><W>the</W><W>top</W><W>model</W><W>of</W><W>its</W><W>size</W></xcope></xcope><W>,</W><W>only</W><W>to</W><W>have</W><W>to</W><W>compromise</W><W>certain</W><W>features</W><W>,</W><W>how</W><W>many</W><xcope ID="28"><ref ID="49" SRC="8"></ref><W>programs</W><W>operating</W></xcope><W>,</W><C><cue ID="8" type="speculation"><W>or</W></cue></C><xcope ID="27"><ref ID="48" SRC="8"></ref><W>speed</W></xcope><W>,</W><W>etc</W><W>.</W></SENTENCE><SENTENCE><W>One</W><W>purchases</W><W>such</W><W>a</W><W>high-end</W><W>model</W><W>computer</W><W>precisely</W><W>because</W><W>for</W><W>high-performance</W><W>to</W><W>handle</W><W>more</W><W>complicated</W><W>tasks</W><W>.</W></SENTENCE></P><P></P><P><SENTENCE><W>Discussion</W><W>speculates</W><W>that</W><W>in</W><W>its</W><W>efforts</W><W>to</W><W>produces</W><W>a</W><W>powerful</W><W>,</W><W>compact</W><W>,</W><W>metal</W><W>encased</W><W>computer</W><W>before</W><W>others</W><W>,</W><W>Apple</W><W>overlooked</W><W>that</W><W>the</W><W>aluminum</W><W>casing</W><W>readily</W><W>radiates</W><W>heat</W><W>,</W><W>(</W><W>IBM</W><W>&#39;s</W><W>ThinkPad</W><W>notebook</W><W>computer</W><W>has</W><W>metal</W><W>bottom</W><C><W>and</W></C><W>top</W><W>,</W><W>but</W><W>a</W><W>plastic</W><W>working</W><W>surface</W><W>)</W><W>.</W></SENTENCE></P><P></P><P><SENTENCE><C><cue ID="10" type="speculation"><W>If</W></cue></C><xcope ID="31"><ref ID="50" SRC="10"></ref><W>you</W><W>are</W><W>considering</W><W>switching</W><W>to</W><W>Apple</W></xcope><W>because</W><W>it</W><W>advertises</W><W>itself</W><W>as</W><W>an</W><W>out-of-the-box</W><W>,</W><W>user-friendly</W><W>,</W><W>problem-free</W><W>alternative</W><W>to</W><W>PCs</W><W>,</W><W>I</W><C><cue ID="11" type="speculation"><W>would</W></cue></C><xcope ID="30"><ref ID="52" SRC="11"></ref><C><cue ID="12" type="negation"><W>not</W></cue></C><xcope ID="29"><ref ID="51" SRC="12"></ref><W>consider</W><W>this</W><W>computer</W></xcope></xcope><W>.</W></SENTENCE><SENTENCE><W>Although</W><W>I</W><W>am</W><W>new</W><W>to</W><W>Apple</W><W>,</W><C><W>and</W></C><W>obviously</W><W>disappointed</W><W>with</W><W>this</W><W>initial</W><W>experience</W><W>,</W><W>I</W><W>am</W><C><cue ID="13" type="negation"><W>not</W></cue></C><xcope ID="33"><ref ID="53" SRC="13"></ref><W>anti-Apple</W></xcope><W>:</W><W>just</W><W>use</W><W>caution</W><W>.</W></SENTENCE><SENTENCE><W>I</W><W>recommend</W><W>you</W><W>visit</W><W>Apple</W><W>&#39;s</W><W>own</W><W>discussion</W><W>forum</W><W>on</W><W>its</W><W>website</W><W>before</W><W>purchasing</W><W>any</W><W>of</W><W>their</W><W>products</W><W>.</W></SENTENCE><SENTENCE><W>Certain</W><W>flaws</W><W>,</W><W>such</W><W>as</W><W>overheating</W><W>,</W><W>will</W><C><cue ID="14" type="negation"><W>not</W></cue></C><xcope ID="34"><ref ID="54" SRC="14"></ref><W>be</W><C><W>apparent</W></C></xcope><W>until</W><W>you</W><W>find</W><W>yourself</W><W>at</W><W>home</W><W>with</W><W>the</W><W>computer</W><W>.</W></SENTENCE><SENTENCE><W>Also</W><W>,</W><W>I</W><W>do</W><C><cue ID="16" type="negation"><W>not</W></cue></C><xcope ID="32"><ref ID="56" SRC="16"></ref><W>recommend</W><W>buying</W><W>the</W><W>first</W><W>line</W><W>of</W><W>a</W><W>new</W><W>model</W><W>computer</W></xcope><W>,</W><W>but</W><W>wait</W><W>until</W><W>it</W><W>has</W><W>been</W><W>out</W><W>a</W><W>while</W><W>so</W><W>the</W><W>problems</W><C><cue ID="15" type="speculation"><W>can</W></cue></C><xcope ID="35"><ref ID="55" SRC="15"></ref><W>be</W><W>worked</W><W>out</W></xcope><W>.</W></SENTENCE></P></DOCUMENT>
