<?xml version="1.0" encoding="UTF-8"?>
<DOCUMENT><P></P><P><SENTENCE><W>I</W><W>have</W><W>been</W><W>a</W><W>Mac</W><W>user</W><W>for</W><W>many</W><W>years</W><W>.</W></SENTENCE><SENTENCE><W>When</W><W>I</W><W>started</W><W>a</W><W>consultancy</W><W>business</W><W>recently</W><W>I</W><W>bought</W><W>an</W><W>Apple</W><W>Ti</W><W>Powerbook</W><W>.</W></SENTENCE><SENTENCE><W>It</W><W>nearly</W><W>cost</W><W>me</W><W>the</W><W>business</W><W>.</W></SENTENCE></P><P></P><P><SENTENCE><W>The</W><W>packaging</W><W>was</W><W>delightful</W><W>as</W><W>was</W><W>the</W><W>design</W><W>.</W></SENTENCE><SENTENCE><W>Lots</W><W>of</W><W>curious</W><C><W>and</W></C><W>envious</W><W>looks</W><W>whenever</W><W>it</W><W>came</W><W>out</W><W>of</W><W>its</W><W>bag</W><W>in</W><W>meetings</W><W>,</W><W>presentations</W><C><W>and</W></C><W>cafes</W><W>!</W></SENTENCE><SENTENCE><W>Other</W><W>pluses</W><W>were</W><W>the</W><W>battery</W><W>life</W><W>,</W><W>beautiful</W><W>screen</W><C><W>and</W></C><W>thin</W><W>profile</W><W>.</W></SENTENCE></P><P></P><P><SENTENCE><W>Unfortunately</W><W>I</W><W>was</W><W>forced</W><W>to</W><W>sell</W><W>it</W><W>due</W><W>to</W><W>on-going</W><W>reliability</W><C><W>and</W></C><W>engineering</W><W>issues</W><W>.</W></SENTENCE><SENTENCE><W>These</W><W>became</W><W>so</W><W>bad</W><W>the</W><W>unit</W><W>was</W><C><cue ID="0" type="negation"><W>no</W></cue></C><xcope ID="14"><ref ID="28" SRC="0"></ref><W>longer</W><W>reliable</W></xcope><W>.</W></SENTENCE><SENTENCE><W>I</W><C><cue ID="1" type="speculation"><W>could</W></cue></C><xcope ID="16"><ref COMMENTS="" ID="30" SRC="1"></ref><C><cue ID="2" type="negation"><W>not</W></cue></C><xcope ID="15"><ref ID="29" SRC="2"></ref><W>trust</W><W>it</W><W>-</W><W>even</W><W>started</W><W>to</W><W>really</W><W>really</W><W>hate</W><W>it</W><W>.</W></xcope></xcope></SENTENCE></P><P></P><P><SENTENCE><W>The</W><W>battery</W><W>connection</W><W>was</W><W>very</W><W>unreliable</W><W>.</W></SENTENCE><SENTENCE><W>I</W><W>have</W><W>had</W><W>many</W><W>embarassing</W><W>unexpected</W><W>shutdowns</W><W>midway</W><W>through</W><W>important</W><W>presentations</W><W>.</W></SENTENCE><SENTENCE><W>What</W><W>made</W><W>it</W><W>worse</W><W>was</W><W>I</W><W>work</W><W>with</W><W>predominantly</W><W>Windows-based</W><W>clients</W><W>,</W><C><W>and</W></C><W>having</W><W>to</W><W>defend</W><W>this</W><W>non-Windows</W><W>laptop</W><W>was</W><C><cue ID="3" type="negation"><W>no</W></cue></C><xcope ID="17"><ref ID="31" SRC="3"></ref><W>enviable</W><W>task</W></xcope><W>.</W></SENTENCE></P><P></P><P><SENTENCE><W>The</W><W>screen</W><W>did</W><C><cue ID="5" type="negation"><W>not</W></cue></C><xcope ID="18"><ref ID="33" SRC="5"></ref><W>close</W><W>properly</W><W>from</W><W>day</W><W>one</W></xcope><W>.</W></SENTENCE><SENTENCE><W>The</W><W>right</W><W>edge</W><W>floated</W><W>above</W><W>the</W><W>bottom</W><W>chassis</W><W>when</W><W>shut</W><W>.</W></SENTENCE><SENTENCE><W>There</W><W>was</W><C><cue ID="4" type="negation"><W>no</W></cue></C><xcope ID="19"><ref ID="32" SRC="4"></ref><W>protection</W><W>for</W><W>the</W><W>screen</W></xcope><W>when</W><W>shut</W><W>-</W><W>one</W><W>day</W><W>I</W><W>found</W><W>a</W><W>wad</W><W>of</W><W>business</W><W>cards</W><W>had</W><W>actually</W><W>fallen</W><W>in</W><W>between</W><W>the</W><W>screen</W><C><W>and</W></C><W>the</W><W>base</W><W>,</W><W>this</W><W>was</W><W>with</W><W>the</W><W>lid</W><W>shut</W><W>!</W></SENTENCE></P><P></P><P><SENTENCE><W>I</W><W>hated</W><W>the</W><W>slot</W><W>drive</W><W>after</W><W>about</W><W>the</W><W>5th</W><W>use</W><W>.</W></SENTENCE><SENTENCE><W>Imagine</W><C><cue ID="6" type="negation"><W>not</W></cue></C><xcope ID="20"><ref ID="34" SRC="6"></ref><W>being</W><W>able</W><W>to</W><W>return</W><W>a</W><W>disc</W><W>a</W><W>client</W><W>had</W><W>asked</W><W>me</W><W>to</W><W>look</W><W>at</W></xcope><W>because</W><W>it</W><W>was</W><W>stuck</W><W>inside</W><W>this</W><W>expensive</W><W>&#34;</W><W>toy&#34;</W><W>!</W></SENTENCE><SENTENCE><W>Bad</W><W>news</W><W>was</W><W>I</W><C><cue ID="7" type="speculation"><W>could</W></cue></C><xcope ID="23"><ref ID="36" SRC="7"></ref><C><cue ID="8" type="negation"><W>not</W></cue></C><xcope ID="22"><ref ID="35" SRC="8"></ref><W>remove</W><W>the</W><W>useless</W><W>drive</W></xcope></xcope><W>,</W><W>thus</W><W>having</W><W>to</W><W>still</W><W>carry</W><W>it</W><W>around</W><W>despite</W><C><cue ID="9" type="negation"><W>not</W></cue></C><xcope ID="21"><ref ID="37" SRC="9"></ref><W>using</W><W>it</W><W>.</W></xcope></SENTENCE></P><P></P><P><SENTENCE><W>Heat</W><W>was</W><W>an</W><W>issue</W><W>,</W><W>the</W><W>very</W><W>loud</W><W>fan</W><W>was</W><W>a</W><W>right</W><W>embarassment</W><W>in</W><W>the</W><W>boardroom</W><W>(</W><W>where</W><W>there</W><W>were</W><W>other</W><W>noticeably</W><W>quieter</W><W>Windows</W><W>laptops</W><W>around</W><W>)</W><W>.</W></SENTENCE></P><P></P><P><SENTENCE><W>To</W><W>top</W><W>it</W><W>all</W><W>off</W><W>Apple</W><W>&#39;s</W><W>service</W><W>was</W><W>slow</W><C><W>and</W></C><W>dogged</W><W>by</W><W>part</W><W>shortages</W><W>(</W><W>good</W><W>intentions</W><W>only</W><W>went</W><W>so</W><W>far</W><W>)</W><W>.</W></SENTENCE><SENTENCE><W>There</W><W>were</W><W>only</W><W>so</W><W>many</W><W>weeks</W><W>I</W><C><cue ID="10" type="speculation"><W>could</W></cue></C><xcope ID="25"><ref ID="40" SRC="10"></ref><W>be</W><C><cue ID="11" type="negation"><W>without</W></cue></C><xcope ID="24"><ref ID="39" SRC="11"></ref><W>a</W><W>computer</W></xcope></xcope><W>.</W></SENTENCE><SENTENCE><W>I</W><C><cue ID="12" type="speculation"><W>believe</W></cue></C><xcope ID="26"><ref ID="38" SRC="12"></ref><W>my</W><W>business</W><W>(certainly</W><W>my</W><W>sanity</W><W>)</W><W>suffered</W></xcope><W>because</W><W>of</W><W>the</W><W>poor</W><W>quality</W><W>of</W><W>this</W><W>laptop</W><W>.</W></SENTENCE></P><P></P><P><SENTENCE><W>I</W><W>switched</W><W>to</W><W>an</W><W>IBM</W><W>thinkpad</W><W>after</W><W>this</W><W>.</W></SENTENCE><SENTENCE><W>It</W><W>was</W><W>cheaper</W><W>,</W><W>very</W><W>solidly</W><W>built</W><W>,</W><W>quiet</W><W>,</W><C><W>and</W></C><W>came</W><W>with</W><W>3</W><W>year</W><W>return</W><W>to</W><W>base</W><W>warranty</W><W>(</W><W>compared</W><W>with</W><W>Apple</W><W>&#39;s</W><W>1</W><W>)</W><W>.</W></SENTENCE><SENTENCE><C><W>And</W></C><W>Windows</W><W>is</W><C><cue ID="13" type="negation"><W>not</W></cue></C><xcope ID="27"><ref ID="41" SRC="13"></ref><W>bad</W><W>after</W><W>you</W><W>get</W><W>used</W><W>to</W><W>it</W></xcope><W>.</W></SENTENCE></P></DOCUMENT>
