<?xml version="1.0" encoding="UTF-8"?>
<DOCUMENT><P></P><P><SENTENCE><W>I</W><W>&#39;ve</W><W>owned</W><W>my</W><W>titanium</W><W>powerbook</W><W>for</W><W>3</W><W>months</W><W>.</W></SENTENCE></P><P></P><P><SENTENCE><W>It</W><W>&#39;s</W><W>beauty</W><W>is</W><C><W>apparent</W></C><W>in</W><W>pictures</W><W>,</W><W>but</W><W>you</W><W>have</W><W>to</W><W>own</W><C><W>and</W></C><W>use</W><W>it</W><W>for</W><W>awhile</W></SENTENCE></P><P></P><P><SENTENCE><W>to</W><W>learn</W><W>of</W><W>its</W><W>problems</W><W>.</W></SENTENCE></P><P></P><P><SENTENCE><W>-fragile</W><W>(titanium</W><W>is</W><W>strong</W><W>but</W><W>this</W><W>machine</W><W>&#39;s</W><W>shell</W><W>is</W><W>paper-thin</W><C><W>and</W></C><W>even</W><W>titanium</W><W>is</W><W>weak</W><W>when</W><W>stretched</W><W>like</W></SENTENCE></P><P></P><P><SENTENCE><W>onion</W><W>skin</W><W>)</W></SENTENCE></P><P></P><P><SENTENCE><W>-mine</W><W>arrived</W><W>with</W><W>a</W><W>non-functioning</W><W>hard</W><W>drive</W></SENTENCE></P><P></P><P><SENTENCE><W>-mine</W><W>arrived</W><W>with</W><W>a</W><W>DVD</W><W>drive</W><W>that</W><W>refused</W><W>to</W><W>give</W><W>back</W><W>DVDs</W><W>unless</W><W>I</W><W>forced</W><W>them</W><W>out</W></SENTENCE></P><P></P><P><SENTENCE><W>-mine</W><W>arrived</W><W>with</W><W>a</W><W>DVD</W><W>drive</W><W>that</W><C><cue ID="0" type="speculation"><W>could</W></cue></C><xcope ID="32"><ref ID="36" SRC="0"></ref><C><cue ID="1" type="negation"><W>not</W></cue></C><xcope ID="31"><ref ID="35" SRC="1"></ref><W>run</W><xcope ID="30"><ref ID="34" SRC="2"></ref><W>Cds</W></xcope><C><cue ID="2" type="speculation"><W>or</W></cue></C><xcope ID="29"><ref ID="33" SRC="2"></ref><W>DVDs</W></xcope></xcope></xcope><W>that</W><W>had</W><W>certain</W><W>images</W><W>on</W><W>them</W></SENTENCE></P><P></P><P><SENTENCE><W>(</W><W>that</W><W>is</W><W>,</W><W>the</W><W>decor</W><W>on</W><W>certain</W><W>dvd</W><W>&#39;s</W><W>,</W><W>the</W><W>little</W><W>picture</W><W>on</W><W>the</W><W>back</W><W>,</W><xcope ID="24"><ref COMMENTS="" ID="28" SRC="3"></ref><W>is</W><W>sometimes</W><W>printed</W><W>too</W><W>thick</W></xcope></SENTENCE></P><P></P><P><SENTENCE><C><cue ID="3" type="speculation"><W>or</W></cue></C><xcope ID="23"><ref ID="27" SRC="3"></ref><W>too</W><W>uneven</W><W>for</W><W>the</W><W>DVD</W><W>drive</W><W>to</W><W>handle</W></xcope><W>,</W><C><W>and</W></C><W>the</W><W>DVD</W><W>drive</W><W>goes</W><W>nuts</W><W>when</W><W>presented</W><W>with</W><W>a</W><W>Cd</W></SENTENCE></P><P></P><P><SENTENCE><W>like</W><W>this</W><W>;</W><W>ordinary</W><W>pc</W><W>&#39;s</W><C><cue ID="4" type="speculation"><W>can</W></cue></C><xcope ID="22"><ref ID="26" SRC="4"></ref><W>handle</W><W>this</W></xcope><W>but</W><W>the</W><W>Titanium</W><W>powerbook</W><W>has</W><W>little</W><W>to</W><C><cue ID="5" type="negation"><W>no</W></cue></C><xcope ID="21"><ref ID="25" SRC="5"></ref><W>tolerance</W><W>for</W></xcope></SENTENCE></P><P></P><P><SENTENCE><W>any</W><W>CD/DVD</W><W>deviation</W><W>from</W><W>perfect</W><W>)</W><W>.</W></SENTENCE></P><P></P><P><SENTENCE><W>-mine</W><W>arrived</W><W>with</W><W>a</W><W>battery</W><W>that</W><W>cuts</W><W>out</W><C><W>and</W></C><W>FALLS</W><W>OUT</W><W>(</W><W>the</W><W>battery</W><W>actually</W><W>fell</W><W>out</W><W>once</W><W>when</W><W>I</W><W>lifted</W></SENTENCE></P><P></P><P><SENTENCE><W>the</W><W>machine</W><W>.</W></SENTENCE><SENTENCE><W>It</W><W>bounced</W><W>off</W><W>the</W><W>table</W><C><W>and</W></C><W>back</W><W>up</W><W>hitting</W><C><W>AND</W></C><W>DENTING</W><W>the</W><W>underside</W><W>of</W><W>the</W><W>powerbook</W><W>!</W><W>)</W></SENTENCE></P><P></P><P><SENTENCE><W>-I</W><W>sent</W><W>the</W><W>machine</W><W>back</W><C><W>and</W></C><W>APPLE</W><W>replaced</W><W>the</W><W>DVD</W><C><W>and</W></C><W>HARDDRIVE</W><W>;</W></SENTENCE></P><P></P><P><SENTENCE><W>-Then</W><W>I</W><W>discovered</W><W>the</W><W>battery</W><W>problem</W><C><W>and</W></C><W>they</W><W>sent</W><W>me</W><W>a</W><W>new</W><W>battery</W><W>for</W><W>free</W><W>,</W><W>redesigned</W><W>so</W><W>as</W><C><cue ID="6" type="negation"><W>not</W></cue></C><xcope ID="19"><ref ID="20" SRC="6"></ref><W>to</W><W>fall</W><W>out</W></xcope><W>.</W></SENTENCE></P><P></P><P><SENTENCE><W>-The</W><W>next</W><W>thing</W><W>that</W><W>happened</W><W>was</W><W>my</W><W>fault</W><W>.</W></SENTENCE><SENTENCE><W>I</W><W>dropped</W><W>the</W><W>powerbook</W><W>,</W><W>only</W><W>about</W><W>4</W><W>inches</W><W>to</W><W>the</W><W>tabletop</W><W>,</W><W>but</W><W>I</W><W>dropped</W><W>it</W><W>,</W><C><W>AND</W></C><W>IT</W><W>COMPLETELY</W><W>CRUMPED</W><W>UP!</W><W>!</W><W>Like</W><W>a</W><W>car</W><W>with</W><W>crumple</W><W>zones</W><W>,</W><C><W>and</W></C><W>that</W><W>&#39;s</W><W>when</W><W>I</W><W>saw</W><W>how</W><W>THIN</W><W>the</W><W>titanium</W><W>really</W><W>is</W><W>.</W></SENTENCE><SENTENCE><W>It</W><W>&#39;s</W><W>absurdly</W><W>thin</W><W>.</W></SENTENCE><SENTENCE><W>Any</W><W>thinner</W><C><W>and</W></C><W>you</W><W>&#39;d</W><W>be</W><W>able</W><W>to</W><W>see</W><W>through</W><W>it</W><W>.</W></SENTENCE></P><P></P><P><SENTENCE><W>I</W><W>paid</W><W>for</W><W>this</W><W>repair</W><W>.</W></SENTENCE><SENTENCE><W>Apple</W><W>returned</W><W>it</W><W>all</W><W>fixed</W><W>,</W><W>completely</W><W>revamped</W><W>.</W></SENTENCE></P><P></P><P><SENTENCE><W>Two</W><W>weeks</W><W>later</W><W>,</W><C><W>and</W></C><C><W>believe</W></C><W>me</W><W>I</W><W>handled</W><W>it</W><W>with</W><W>kid</W><W>gloves</W><W>,</W><W>VERY</W><W>carefully</W><W>after</W><W>its</W><W>return</W><W>,</W><W>two</W><W>weeks</W><W>later</W></SENTENCE></P><P></P><P><SENTENCE><W>it</W><W>froze</W><W>every</W><W>time</W><W>I</W><W>booted</W><W>up</W><W>.</W></SENTENCE><SENTENCE><W>I</W><W>spent</W><W>2.5</W><W>hours</W><W>on</W><W>Apple</W><W>tech</W><C><W>support</W></C><W>.</W></SENTENCE><SENTENCE><W>The</W><W>guy</W><W>gave</W><W>up</W><W>.</W></SENTENCE><SENTENCE><W>I</W><W>&#39;m</W><W>sending</W><W>it</W><W>back</W></SENTENCE></P><P></P><P><SENTENCE><W>in</W><W>for</W><W>a</W><W>free</W><W>repair</W><W>yet</W><W>again</W><W>.</W></SENTENCE></P><P></P><P><SENTENCE><W>This</W><W>will</W><W>mark</W><W>the</W><W>FOURTH</W><W>repair</W><W>since</W><W>I</W><W>&#39;ve</W><W>owned</W><W>this</W><W>machine</W><W>.</W></SENTENCE><SENTENCE><W>I</W><W>&#39;ve</W><W>owned</W><W>it</W><W>for</W><W>THREE</W><W>MONTHS!</W><W>!</W><W>!</W><W>!</W></SENTENCE></P><P></P><P><SENTENCE><W>Okay</W><W>,</W><W>one</W><W>of</W><W>those</W><W>repairs</W><W>was</W><W>my</W><W>fault</W><W>,</W><W>so</W><W>consider</W><W>it</W><W>THREE</W><W>REPAIRS.</W></SENTENCE><SENTENCE><W>I</W><C><W>suggest</W></C><W>to</W><W>you</W><W>that</W></SENTENCE></P><P></P><P><SENTENCE><W>3</W><W>repairs</W><W>in</W><W>3</W><W>months</W><W>is</W><W>3</W><W>too</W><W>many</W><W>.</W></SENTENCE></P><P></P><P><SENTENCE><W>This</W><W>machine</W><W>is</W><W>beautiful</W><W>but</W><W>fragile</W><C><W>and</W></C><W>tempermental</W><W>,</W><C><cue ID="7" type="speculation"><W>probably</W></cue></C><xcope ID="17"><ref ID="18" SRC="7"></ref><W>owing</W><W>to</W><W>its</W><W>slimness</W></xcope><W>.</W></SENTENCE><SENTENCE><W>I</W><W>imagine</W><W>all</W><W>sorts</W></SENTENCE></P><P></P><P><SENTENCE><W>of</W><W>problems</W><W>stem</W><W>from</W><W>the</W><W>slim</W><W>space</W><W>Apple</W><W>has</W><W>fit</W><W>this</W><W>machine</W><W>into</W><W>.</W></SENTENCE></P><P></P><P><SENTENCE><C><cue ID="8" type="speculation"><W>If</W></cue></C><xcope ID="13"><ref ID="16" SRC="8"></ref><W>you</W><W>buy</W><W>it</W><cue ID="10" type="negation"><W>do</W><W>n&#39;t</W></cue><xcope ID="12"><ref ID="15" SRC="10"></ref><W>say</W><W>I</W><cue ID="9" type="negation"><W>did</W><W>n&#39;t</W></cue><xcope ID="11"><ref COMMENTS="" ID="14" SRC="9"></ref><W>warn</W><W>you</W></xcope></xcope><W>.</W></xcope></SENTENCE></P></DOCUMENT>
