<?xml version="1.0" encoding="UTF-8"?>
<DOCUMENT><P></P><P><SENTENCE><W>This</W><W>mac</W><W>laptop</W><W>uses</W><W>2</W><W>very</W><W>different</W><C><W>and</W></C><W>very</W><W>confusing</W><W>systems</W><W>:</W></SENTENCE></P><P></P><P><SENTENCE><W>-</W><W>&#34;</W><W>classic</W><W>mac</W><W>os</W><W>&#34;</W></SENTENCE></P><P></P><P><SENTENCE><C><W>and</W></C></SENTENCE></P><P></P><P><SENTENCE><W>-</W><W>&#34;mac</W><W>os</W><W>x</W><W>&#34;</W></SENTENCE></P><P></P><P><SENTENCE><W>Apple</W><W>co-founder</W><W>Steve</W><W>Wozniak</W><W>recently</W><W>declared</W><W>that</W><W>mac</W><W>os</W><W>x</W><W>is</W><W>&#34;</W><C><cue ID="0" type="negation"><W>not</W></cue></C><xcope ID="51"><ref ID="52" SRC="0"></ref><W>ready</W><W>for</W><W>primetime</W></xcope><W>.</W><W>&#34;</W></SENTENCE><SENTENCE><W>For</W><W>example</W><W>,</W><W>displaying</W><C><W>and</W></C><W>navigating</W><W>through</W><W>multiple</W><W>open</W><W>windows</W><W>on</W><W>&#34;mac</W><W>os</W><W>x</W><W>&#34;</W><W>is</W><W>very</W><W>slow</W><W>even</W><W>on</W><W>this</W><W>$</W><W>3,500</W><W>laptop</W><W>&#39;s</W><W>500</W><W>MHz</W><W>G4</W><W>chip</W><W>.</W></SENTENCE></P><P></P><P><SENTENCE><W>By</W><W>comparison</W><W>,</W><W>Windows</W><W>2000</W><W>is</W><W>extremely</W><W>fast</W><W>on</W><W>Intel</W><W>Pentium</W><W>3/4</W><C><W>and</W></C><W>AMD</W><W>Athlon</W><W>chips</W><W>,</W><W>which</W><W>now</W><W>exceed</W><W>1000</W><W>MHz</W><W>=</W><W>1</W><W>GigaHerz</W><W>=</W><W>1</W><W>GHz</W><W>,</W><W>with</W><W>IBM</W><C><W>and</W></C><W>Dell</W><W>offering</W><W>1</W><W>GHz</W><W>Pentium</W><W>3</W><W>laptops</W><W>.</W></SENTENCE></P><P></P><P><SENTENCE><W>Most</W><W>mac</W><W>software</W><W>,</W><W>including</W><W>major</W><W>software</W><W>such</W><W>as</W><W>Adobe</W><W>Photoshop</W><C><W>and</W></C><W>Microsoft</W><W>Office</W><W>,</W><W>work</W><W>only</W><W>on</W><W>&#34;</W><W>classic</W><W>mac</W><W>os&#34;</W><W>,</W><W>which</W><W>does</W><C><cue ID="1" type="negation"><W>not</W></cue></C><xcope ID="49"><ref ID="50" SRC="1"></ref><W>have</W></xcope><W>:</W></SENTENCE></P><P></P><P><SENTENCE><W>-</W><W>preemptive</W><W>multitasking</W></SENTENCE></P><P></P><P><SENTENCE><W>-</W><W>protected</W><W>memory</W></SENTENCE></P><P></P><P><SENTENCE><W>As</W><W>of</W><W>this</W><W>writing</W><W>,</W><W>even</W><W>apple</W><W>&#39;s</W><W>own</W><W>DVD</W><W>player</W><W>software</W><W>does</W><C><cue ID="2" type="negation"><W>not</W></cue></C><xcope ID="47"><ref ID="48" SRC="2"></ref><W>work</W><W>on</W><W>&#34;mac</W><W>os</W><W>x</W></xcope><W>.</W><W>&#34;</W></SENTENCE></P><P></P><P><SENTENCE><W>But</W><W>wait</W><W>.</W></SENTENCE><SENTENCE><W>There</W><W>&#39;s</W><W>more</W><W>:</W><W>here</W><W>&#39;s</W><W>a</W><W>partial</W><W>list</W><W>of</W><W>Windows-only</W><W>software</W><W>:</W></SENTENCE></P><P></P><P><SENTENCE><W>www.att</W><W>.net</W></SENTENCE></P><P></P><P><SENTENCE><W>&#34;</W><W>ATandT</W><W>WorldNet</W><W>®</W><W>Service</W><W>System</W><W>Requirements</W><W>[for</W><W>ATandT</W><W>i495</W><C><W>and</W></C><W>7/70</W><W>offers</W><W>]</W><W>:</W><W>A</W><W>PC</W><W>with</W><W>a</W><W>Pentium</W><xcope ID="40"><ref ID="45" SRC="3"></ref><W>90</W><W>processor</W></xcope><C><cue ID="3" type="speculation"><W>or</W></cue></C><xcope ID="39"><ref ID="46" SRC="3"></ref><W>faster</W></xcope><W>;</W><W>Windows</W><W>95</W><W>,</W><W>Windows</W><W>98</W><W>,</W><W>Windows</W><W>Me</W><W>,</W><xcope ID="38"><ref ID="44" SRC="4"></ref><W>Windows</W><W>NT</W><W>4.0</W><W>with</W><xcope ID="37"><ref ID="43" SRC="5"></ref><W>Service</W><W>Pack</W><W>3</W></xcope><W>(</W><C><cue ID="5" type="speculation"><W>or</W></cue></C><xcope ID="36"><ref ID="42" SRC="5"></ref><W>higher</W></xcope><W>)</W></xcope><W>,</W><C><cue ID="4" type="speculation"><W>or</W></cue></C><xcope ID="35"><ref COMMENTS="" ID="41" SRC="4"></ref><W>Windows</W><W>2000</W></xcope><W>;</W><W>&#34;</W></SENTENCE></P><P></P><P><SENTENCE><W>www.yahoo.com</W></SENTENCE></P><P></P><P><SENTENCE><W>help.yahoo.com/help/us/mesg/use/mvoice/mvoice-07.html</W></SENTENCE></P><P></P><P><SENTENCE><W>&#34;</W><C><W>Can</W></C><W>I</W><W>voice</W><W>chat</W><W>on</W><W>my</W><W>Macintosh</W><W>?</W></SENTENCE><SENTENCE><W>Yahoo!</W></SENTENCE><SENTENCE><W>Messenger</W><W>for</W><W>Macintosh</W><W>does</W><C><cue ID="6" type="negation"><W>not</W></cue></C><xcope ID="32"><ref ID="33" SRC="6"></ref><W>include</W><W>the</W><W>Voice</W><W>Chat</W><W>feature</W></xcope><W>.</W></SENTENCE><SENTENCE><W>We</W><W>are</W><W>aware</W><W>there</W><W>is</W><W>strong</W><W>interest</W><W>among</W><W>our</W><W>Macintosh</W><W>users</W><W>,</W><W>but</W><W>there</W><W>is</W><W>currently</W><C><cue ID="7" type="negation"><W>no</W></cue></C><xcope ID="31"><ref ID="34" SRC="7"></ref><W>schedule</W><W>for</W><W>releasing</W><W>this</W><W>feature</W></xcope><W>.</W><W>&#34;</W></SENTENCE></P><P></P><P><SENTENCE><W>messenger.yahoo.com/messenger/webcams</W><W>.html</W></SENTENCE></P><P></P><P><SENTENCE><W>&#34;</W><W>Setup</W><W>Your</W><W>Own</W><W>Webcam</W><C><cue ID="8" type="speculation"><W>If</W></cue></C><xcope ID="29"><ref ID="30" SRC="8"></ref><W>you</W><W>&#39;d</W><W>like</W><W>to</W><W>setup</W><W>a</W><W>webcam</W><W>of</W><W>yourself</W></xcope><W>,</W><W>all</W><W>you</W><W>need</W><W>is</W><W>a</W><W>Windows</W><W>95/NT/98</W><W>computer</W><W>that</W><W>is</W><W>equipped</W><W>with</W><W>a</W><W>webcam</W><W>camera</W><W>.</W><W>&#34;</W></SENTENCE></P><P></P><P><SENTENCE><W>&#34;</W><W>Yahoo!</W><W>Drive</W><W>-</W><W>Its</W><W>your</W><W>hard</W><W>drive</W><W>on</W><W>the</W><W>internet</W><W>.</W></SENTENCE><SENTENCE><W>Windows</W><W>95/98/ME</W><W>only</W><W>.</W><W>&#34;</W></SENTENCE></P><P></P><P><SENTENCE><W>www.dialpad.com</W></SENTENCE></P><P></P><P><SENTENCE><W>dialpad.com/support/clinic.html</W></SENTENCE></P><P></P><P><SENTENCE><W>&#34;</W><W>Minimum</W><W>Requirements</W><W>:</W><W>Windows</W><W>95</W><W>Optimal</W><W>Performance</W><W>:</W><W>Windows</W><W>98&#34;</W></SENTENCE></P><P></P><P><SENTENCE><W>mac</W><W>users</W><W>claim</W><W>that</W><W>macs</W><W>are</W><W>easier</W><W>to</W><W>use</W><W>than</W><W>Windows</W><W>.</W></SENTENCE><SENTENCE><W>Nonsense</W><W>.</W></SENTENCE><SENTENCE><W>An</W><W>overwhelming</W><W>majority</W><W>of</W><W>the</W><W>world</W><W>uses</W><W>Windows</W><W>just</W><W>fine</W><W>whilst</W><W>only</W><W>5</W><W>%</W><W>use</W><W>macs</W><W>.</W></SENTENCE></P><P></P><P><SENTENCE><W>So</W><xcope ID="17"><ref COMMENTS="" ID="28" SRC="14"></ref><C><cue ID="9" type="speculation"><W>if</W></cue></C><xcope ID="16"><ref ID="27" SRC="9"></ref><W>you</W><W>still</W><C><cue ID="10" type="speculation"><W>think</W></cue></C><xcope ID="15"><ref ID="26" SRC="10"></ref><W>Windows</W><W>is</W><W>too</W><W>difficult</W><W>to</W><W>use</W></xcope></xcope></xcope><W>,</W><cue ID="14" type="speculation"><W>and/or</W></cue><xcope ID="21"><ref COMMENTS="" ID="25" SRC="14"></ref><C><cue ID="11" type="speculation"><W>if</W></cue></C><xcope ID="20"><ref ID="24" SRC="11"></ref><W>you</W><cue ID="12" type="negation"><W>do</W><W>n&#39;t</W></cue><xcope ID="19"><ref COMMENTS="" ID="23" SRC="12"></ref><C><cue ID="13" type="speculation"><W>believe</W></cue></C><xcope ID="18"><ref ID="22" SRC="13"></ref><W>that</W><W>&#34;it</W><W>&#39;s</W><W>votes</W><W>that</W><W>count</W></xcope></xcope></xcope></xcope><W>,</W><W>&#34;</W><W>then</W><W>&#34;</W><W>You</W><W>are</W><W>the</W><W>weakest</W><W>link</W><W>.</W></SENTENCE><SENTENCE><W>Goodbye</W><W>.</W><W>&#34;</W></SENTENCE></P></DOCUMENT>
