<?xml version="1.0" encoding="UTF-8"?>
<DOCUMENT><P/><P><SENTENCE><W>I</W><W>purchased</W><W>the</W><W>sony</W><W>PCG-FRV25</W><W>on</W><W>recomendation</W><W>from</W><W>a</W><W>pc</W><W>sales</W><W>person</W><W>.</W></SENTENCE><SENTENCE><W>I</W><W>want</W><W>it</W><W>for</W><W>real</W><W>estate</W><W>purposes</W><W>.</W></SENTENCE><SENTENCE><W>But</W><W>it</W><W>has</W><W>been</W><W>nothing</W><W>but</W><W>a</W><W>total</W><W>disappointment</W><W>.</W></SENTENCE><SENTENCE><W>The</W><W>worst</W><W>thing</W><W>is</W><W>it</W><W>&apos;s</W><W>terribly</W><W>slow</W><W>boot</W><W>speed</W><W>,</W><C><W>and</W></C><W>I</W><cue ID="0" type="negation"><W>do</W><W>n&apos;t</W></cue><xcope ID="5"><ref COMMENTS="" ID="19" SRC="0"/><xcope ID="2"><ref COMMENTS="" ID="18" SRC="4"/><W>even</W><W>run</W><W>a</W><W>fire</W><W>wall</W></xcope><C><cue ID="4" type="speculation"><W>or</W></cue></C><xcope ID="3"><ref COMMENTS="" ID="17" SRC="4"/><W>any</W><W>back</W><W>ground</W><W>virus</W><W>checker</W></xcope></xcope><W>.</W></SENTENCE><SENTENCE><W>Secondly</W><W>it</W><W>sometimes</W><xcope ID="7"><ref COMMENTS="" ID="16" SRC="6"/><W>locks</W><W>up</W></xcope><cue ID="6" type="speculation"><C><W>and</W></C><C><W>or</W></C></cue><xcope ID="8"><ref COMMENTS="" ID="15" SRC="6"/><W>takes</W><W>like</W><W>five</W><W>to</W><W>ten</W><W>minutes</W><W>to</W><W>catch</W><W>up</W><W>to</W><W>a</W><W>web</W><W>page</W><W>request</W></xcope><W>.</W></SENTENCE><SENTENCE><W>It</W><cue ID="9" type="negation"><W>wo</W><W>n&apos;t</W></cue><xcope ID="10"><ref COMMENTS="" ID="14" SRC="9"/><W>even</W><W>let</W><W>me</W><W>shut</W><W>it</W><W>down</W></xcope><W>,</W><W>it</W><W>will</W><W>just</W><W>hang</W><W>.</W></SENTENCE><SENTENCE><W>It</W><W>also</W><cue ID="11" type="negation"><W>wo</W><W>n&apos;t</W></cue><xcope ID="12"><ref COMMENTS="" ID="13" SRC="11"/><W>even</W><W>allow</W><W>me</W><W>to</W><W>burn</W><W>a</W><W>back</W><W>up</W><W>disk</W><W>it</W><W>aborts</W><W>half</W><W>way</W><W>through</W></xcope><W>.</W></SENTENCE><SENTENCE><W>I</W><W>have</W><W>an</W><W>old</W><W>500</W><W>megahertz</W><W>coppermine</W><W>desk</W><W>top</W><W>,</W><W>that</W><W>runs</W><W>circles</W><W>around</W><W>this</W><W>peace</W><W>of</W><W>junk</W><W>.</W></SENTENCE><SENTENCE><W>I</W><W>am</W><W>seriously</W><W>thinking</W><W>of</W><W>taking</W><W>it</W><W>back</W><C><W>and</W></C><W>stopping</W><W>payment</W><W>on</W><W>it</W><W>,</W><W>but</W><W>then</W><W>I</W><W>have</W><W>wasted</W><W>weeks</W><W>of</W><W>loading</W><C><W>and</W></C><W>working</W><W>with</W><W>all</W><W>my</W><W>programs</W><W>.</W></SENTENCE><SENTENCE><W>Anyway</W><W>do</W><W>n&apos;t</W><W>say</W><W>I</W><W>did</W><W>n&apos;t</W><W>warn</W><W>you</W><W>.</W></SENTENCE><SENTENCE><C><W>And</W></C><W>,</W><W>thereis</W><W>always</W><W>a</W><W>chance</W><W>that</W><W>I</W><W>happened</W><W>to</W><W>get</W><W>a</W><W>big</W><W>lemon</W><W>.</W></SENTENCE></P></DOCUMENT>