<?xml version="1.0" encoding="UTF-8"?>
<DOCUMENT><P/><P><SENTENCE><W>We</W><W>highly</W><W>recommend</W><C><cue ID="0" type="negation"><W>NOT</W></cue></C><xcope ID="11"><ref ID="32" SRC="0"/><W>fully</W><W>decking</W><W>out</W><W>your</W><W>G5</W></xcope><W>.</W></SENTENCE><SENTENCE><W>We</W><W>ordered</W><W>a</W><W>$</W><W>6,000</W><W>souped</W><W>up</W><W>model</W><W>(</W><W>maximum</W><W>hard</W><W>drive</W><W>,</W><W>RAM</W><W>,</W><W>processors</W><W>,</W><W>etc.</W><W>)</W></SENTENCE><SENTENCE><W>It</W><W>worked</W><W>briefly</W><W>each</W><W>time</W><W>we</W><W>picked</W><W>it</W><W>up</W><W>after</W><W>repair</W><W>.</W></SENTENCE><SENTENCE><W>We</W><W>knew</W><W>immediately</W><W>that</W><W>it</W><C><cue ID="1" type="speculation"><W>should</W></cue></C><xcope ID="13"><ref ID="31" SRC="1"/><C><cue ID="2" type="negation"><W>not</W></cue></C><xcope ID="12"><ref ID="30" SRC="2"/><W>rev</W><W>up</W></xcope></xcope><W>like</W><W>a</W><W>jet</W><W>engine</W><W>immediately</W><W>upon</W><W>booting</W><C><W>and</W></C><C><cue ID="3" type="negation"><W>never</W></cue></C><xcope ID="14"><ref ID="29" SRC="3"/><W>slow</W><W>down</W></xcope><W>.</W></SENTENCE><SENTENCE><W>It</W><W>has</W><W>frozen</W><W>up</W><W>,</W><C><W>failed</W></C><W>to</W><W>recognize</W><W>the</W><W>operating</W><W>system</W><W>,</W><W>take</W><W>fifteen</W><W>minutes</W><W>to</W><W>boot</W><W>up</W><W>...you</W><W>name</W><W>it</W><W>,</W><cue ID="4" type="negation"><W>it</W><W>has</W><W>n&apos;t</W></cue><xcope ID="15"><ref COMMENTS="" ID="28" SRC="4"/><W>worked</W></xcope><W>.</W></SENTENCE><SENTENCE><W>We</W><W>do</W><W>massive</W><W>Final</W><W>Cut</W><W>Pro</W><W>editing</W><C><W>and</W></C><W>looked</W><W>forward</W><W>to</W><W>the</W><W>machined</W><W>used</W><W>to</W><W>create</W><W>&quot;</W><W>Finding</W><W>Nemo</W><W>.</W><W>&quot;</W></SENTENCE><SENTENCE><W>Last</W><W>night</W><W>,</W><W>we</W><W>bought</W><W>our</W><W>8th</W><W>external</W><W>hard</W><W>drive</W><W>so</W><W>we</W><C><cue ID="5" type="speculation"><W>could</W></cue></C><xcope ID="16"><ref ID="27" SRC="5"/><W>back</W><W>up</W><W>the</W><W>one</W><W>drive</W><W>that</W><W>is</W><W>working</W><W>on</W><W>our</W><W>G5</W></xcope><W>.</W></SENTENCE><SENTENCE><W>They</W><W>are</W><W>trying</W><W>it</W><W>out</W><W>with</W><W>the</W><W>original</W><W>hard</W><W>drive</W><W>(</W><W>smaller</W><W>,</W><W>but</W><C><cue ID="8" type="speculation"><W>if</W></cue></C><xcope ID="19"><ref ID="26" SRC="8"/><W>it</W><W>works</W></xcope><W>,</W><W>fine</W><W>with</W><W>us</W><W>)</W><W>to</W><W>see</W><C><cue ID="7" type="speculation"><W>if</W></cue></C><xcope ID="18"><ref ID="25" SRC="7"/><W>it</W><C><cue ID="6" type="speculation"><W>can</W></cue></C><xcope ID="17"><ref ID="24" SRC="6"/><W>find</W><W>its</W><W>brain</W><W>again</W></xcope><W>.</W></xcope></SENTENCE></P><P/><P><SENTENCE><W>We</W><W>are</W><W>about</W><W>to</W><W>seek</W><W>a</W><W>refund</W><W>for</W><W>our</W><W>$</W><W>6,000</W><W>purchase</W><W>.</W></SENTENCE><SENTENCE><C><cue ID="9" type="speculation"><W>If</W></cue></C><xcope ID="21"><ref ID="23" SRC="9"/><W>it</W><W>worked</W></xcope><W>,</W><W>it</W><C><cue ID="10" type="speculation"><W>would</W></cue></C><xcope ID="20"><ref ID="22" SRC="10"/><W>be</W><W>worth</W><W>it</W></xcope><W>...</W><W>because</W><W>when</W><W>it</W><W>does</W><W>work</W><W>,</W><W>it</W><W>is</W><W>a</W><W>productivity</W><W>dream</W><W>.</W></SENTENCE><SENTENCE><W>But</W><W>it</W><W>&apos;s</W><W>now</W><W>a</W><W>nightmare</W></SENTENCE></P></DOCUMENT>