<?xml version="1.0" encoding="UTF-8"?>
<DOCUMENT><P></P><P><SENTENCE><W>For</W><W>a</W><W>person</W><W>on</W><W>a</W><W>semi-limited</W><W>budget</W><W>,</W><W>I</W><W>wanted</W><W>a</W><W>computer</W><W>that</W><C><cue ID="0" type="speculation"><W>would</W></cue></C><xcope ID="41"><ref COMMENTS="" ID="87" SRC="0"></ref><W>give</W><W>me</W><W>the</W><W>most</W><W>bang</W><W>for</W><W>the</W><W>buck</W></xcope><W>.</W></SENTENCE><SENTENCE><W>This</W><W>was</W><W>my</W><W>first</W><W>computer</W><W>purchase</W><W>.</W></SENTENCE><SENTENCE><W>I</W><xcope ID="42"><ref ID="88" SRC="1"></ref><W>knew</W></xcope><W>(</W><C><cue ID="1" type="speculation"><W>or</W></cue></C><xcope ID="43"><ref ID="89" SRC="1"></ref><W>at</W><W>least</W><W>I</W><C><W>THOUGHT</W></C><W>I</W><W>knew</W></xcope><W>)</W><W>that</W><W>I</W><W>couldnt</W><W>get</W><W>a</W><W>decent</W><W>Windows</W><W>PC</W><W>for</W><W>about</W><W>a</W><W>grand</W><W>.</W></SENTENCE><SENTENCE><W>All</W><W>I</W><W>heard</W><W>was</W><W>how</W><W>powerful</W><C><W>and</W></C><W>easy</W><W>Mac</W><W>&#39;s</W><W>are</W><W>to</W><W>use</W><W>.</W></SENTENCE><SENTENCE><W>So</W><W>I</W><W>decided</W><W>on</W><W>the</W><W>iMac.</W></SENTENCE><SENTENCE><W>I</W><W>&#39;ve</W><W>had</W><W>it</W><W>a</W><W>couple</W><W>weeks</W><W>,</W><C><W>and</W></C><W>after</W><W>a</W><W>few</W><W>incidents</W><W>that</W><W>made</W><W>me</W><W>want</W><W>to</W><W>kick</W><W>the</W><W>thing</W><W>out</W><W>the</W><W>window</W><W>,</W><W>I</W><W>am</W><W>now</W><W>writing</W><W>this</W><W>review</W><W>with</W><W>a</W><W>cool</W><C><W>and</W></C><W>logical</W><W>head</W><W>.</W></SENTENCE><SENTENCE><W>i</W><W>want</W><W>to</W><W>do</W><W>an</W><W>illusion</W><C><W>and</W></C><W>reality</W><W>comparison</W><W>of</W><W>this</W><W>computer...this</W><W>is</W><W>based</W><W>on</W><W>the</W><W>research</W><W>I</W><W>did</W><W>on</W><W>the</W><W>Mac</W><W>before</W><W>buying</W><W>it</W><W>,</W><C><W>and</W></C><W>the</W><W>reality</W><W>of</W><W>the</W><W>darn</W><W>thing</W><W>that</W><W>Im</W><W>living</W><W>with</W><W>.</W></SENTENCE></P><P></P><P><SENTENCE><W>Illusion</W><W>:</W><W>the</W><W>Mac</W><W>is</W><W>a</W><W>powerful</W><W>computer</W><W>that</W><W>is</W><W>easy</W><W>to</W><W>setup</W><C><W>and</W></C><W>use</W><W>.</W></SENTENCE></P><P></P><P><SENTENCE><W>Fact</W><W>:</W><W>its</W><C><cue ID="2" type="negation"><W>not</W></cue></C><xcope ID="46"><ref ID="92" SRC="2"></ref><xcope ID="45"><ref ID="91" SRC="3"></ref><W>really</W><W>all</W><W>that</W><W>powerful</W></xcope><C><cue ID="3" type="speculation"><W>or</W></cue></C><xcope ID="44"><ref ID="90" SRC="3"></ref><W>easy</W><W>to</W><W>setup</W></xcope></xcope><W>.</W><W>the</W><W>sales</W><W>guy</W><W>told</W><W>me</W><W>I</W><W>&#39;d</W><W>be</W><W>ready</W><W>to</W><W>go</W><W>right</W><W>out</W><W>of</W><W>the</W><W>box</W><W>.</W></SENTENCE><SENTENCE><W>Yeah</W><W>right</W><W>.</W></SENTENCE><SENTENCE><W>I</W><W>know</W><W>,</W><W>Im</W><W>naive</W><W>...like</W><W>I</W><W>said</W><W>i</W><C><cue ID="4" type="negation"><W>never</W></cue></C><xcope ID="48"><ref ID="93" SRC="4"></ref><W>bought</W><W>a</W><W>computer</W><W>before</W></xcope><W>.</W></SENTENCE><SENTENCE><W>For</W><W>something</W><W>so</W><W>powerful</W><W>,</W><W>it</W><W>certainly</W><W>does</W><C><cue ID="5" type="negation"><W>NOT</W></cue></C><xcope ID="47"><ref ID="94" SRC="5"></ref><W>like</W><W>to</W><W>do</W><W>more</W><W>than</W><W>one</W><W>application</W><W>at</W><W>once</W></xcope><W>.</W></SENTENCE><SENTENCE><W>IFor</W><W>example</W><W>,</W><C><cue ID="6" type="speculation"><W>if</W></cue></C><xcope ID="49"><ref ID="95" SRC="6"></ref><W>you</W><W>are</W><W>using</W><W>iTunes</W><W>to</W><W>import</W><W>songs</W><W>onto</W><W>the</W><W>hard</W><W>drive</W></xcope><C><W>and</W></C><W>want</W><W>to</W><W>go</W><W>on</W><W>to</W><W>the</W><W>internet</W><W>,</W><W>forget</W><W>it</W><W>.</W></SENTENCE><SENTENCE><W>its</W><W>slow</W><W>as</W><W>molasses</W><W>.</W></SENTENCE><SENTENCE><W>As</W><W>a</W><W>matter</W><W>of</W><W>fact</W><W>,</W><W>the</W><W>only</W><W>application</W><W>that</W><W>works</W><W>at</W><W>regular</W><W>speed</W><W>with</W><W>another</W><W>application</W><W>running</W><W>is</W><W>the</W><W>stupid</W><W>chess</W><W>game</W><W>.</W></SENTENCE><SENTENCE><W>Its</W><C><cue ID="7" type="negation"><W>not</W></cue></C><xcope ID="50"><ref ID="96" SRC="7"></ref><W>even</W><W>specifically</W><W>with</W><W>iTunes</W></xcope><W>...try</W><W>running</W><W>any</W><W>two</W><W>applications</W><C><W>and</W></C><W>everything</W><W>slows</W><W>down</W><W>to</W><W>snail</W><W>&#39;s</W><W>pace</W><W>.</W></SENTENCE></P><P></P><P><SENTENCE><W>Illusion</W><W>:</W><W>the</W><W>imac</W><W>comes</W><W>with</W><W>a</W><W>56K</W><W>modem</W><W>for</W><W>decent</W><W>internet</W><W>connection</W><W>speed</W><W>.</W></SENTENCE></P><P></P><P><SENTENCE><W>Reality</W><W>:</W><W>it</W><W>will</W><C><cue ID="8" type="negation"><W>never</W></cue></C><xcope ID="51"><ref ID="97" SRC="8"></ref><W>connect</W><W>at</W><W>higher</W><W>than</W><W>32K.</W></xcope></SENTENCE><SENTENCE><W>Calls</W><W>to</W><W>Earthlink</W><C><W>and</W></C><W>Apple</W><W>Care</W><C><W>Support</W></C><W>say</W><W>there</W><W>&#39;s</W><W>nothing</W><W>really</W><W>that</W><C><cue ID="9" type="speculation"><W>can</W></cue></C><xcope ID="52"><ref ID="98" SRC="9"></ref><W>be</W><W>done</W><W>about</W><W>it</W></xcope><W>,</W><W>unless</W><W>i</W><C><cue ID="10" type="speculation"><W>can</W></cue></C><xcope ID="53"><ref ID="99" SRC="10"></ref><W>eliminate</W><W>all</W><W>the</W><C><W>supposed</W></C><W>line</W><W>noise</W><W>in</W><W>the</W><W>phone</W><W>system</W></xcope><W>.</W></SENTENCE><SENTENCE><W>I</W><W>use</W><W>to</W><W>own</W><W>a</W><W>webtv</W><W>unit</W><W>,</W><C><W>and</W></C><W>to</W><W>be</W><W>honest</W><W>,</W><W>webtv</W><W>was</W><W>faster</W><W>than</W><W>the</W><W>imac</W><W>is</W><W>for</W><W>accessing</W><W>internet</W><W>pages</W><W>from</W><W>the</W><W>same</W><W>phone</W><W>line</W><W>.</W></SENTENCE><SENTENCE><W>i</W><W>dont</W><W>know</W><W>,</W><W>I</W><W>pick</W><W>up</W><W>the</W><W>phone</W><C><W>and</W></C><W>I</W><W>dont</W><W>hear</W><W>any</W><W>noise</W><W>whatsoever</W><W>.</W></SENTENCE></P><P></P><P><SENTENCE><W>Illusion</W><W>:</W><W>Mac</W><W>OS</W><W>X</W><W>is</W><W>the</W><W>best</W><W>OS</W><W>thing</W><W>to</W><W>come</W><W>along</W><W>since</W><W>sliced</W><W>bread</W><W>.</W></SENTENCE></P><P></P><P><SENTENCE><W>Fact</W><W>:</W><W>This</W><W>stupid</W><W>OS</W><W>X</W><W>in</W><W>incredibly</W><W>slow</W><C><W>and</W></C><W>frustrating</W><W>to</W><W>use</W><W>.</W></SENTENCE><SENTENCE><W>I</W><C><cue ID="11" type="speculation"><W>believe</W></cue></C><xcope ID="54"><ref ID="100" SRC="11"></ref><W>that</W><W>the</W><W>OS</W><W>X</W><W>is</W><W>mostly</W><W>responsible</W><W>for</W><W>the</W><W>turtle</W><W>like</W><W>speed</W><W>of</W><W>the</W><W>system</W></xcope><W>,</W><W>it</W><W>does</W><W>run</W><W>better</W><W>in</W><W>9.1</W><W>.</W></SENTENCE><SENTENCE><W>It</W><W>also</W><W>needs</W><W>to</W><W>switch</W><W>freqently</W><W>between</W><W>X</W><C><W>and</W></C><W>9.1</W><W>to</W><W>run</W><W>some</W><W>applications</W><W>.</W></SENTENCE><SENTENCE><W>this</W><W>also</W><W>takes</W><W>up</W><W>more</W><W>time</W><C><W>and</W></C><W>slows</W><W>everything</W><W>down</W><W>.</W></SENTENCE><SENTENCE><C><W>And</W></C><W>Im</W><W>sorry</W><W>,</W><W>I</W><W>hate</W><W>the</W><W>friggin</W><W>dock</W><W>.</W></SENTENCE><SENTENCE><W>It</W><W>&#39;s</W><W>too</W><W>big</W><C><W>and</W></C><W>gets</W><W>in</W><W>the</W><W>way</W><W>of</W><W>everything</W><W>Im</W><W>trying</W><W>to</W><W>do</W><W>.</W></SENTENCE><SENTENCE><W>I</W><W>know</W><W>you</W><C><cue ID="13" type="speculation"><W>can</W></cue></C><xcope ID="56"><ref ID="101" SRC="13"></ref><W>reduce</W><W>it</W><W>in</W><W>size</W></xcope><W>,</W><W>but</W><W>then</W><W>when</W><W>I</W><W>get</W><W>it</W><W>to</W><W>the</W><W>point</W><W>where</W><W>its</W><C><cue ID="12" type="negation"><W>not</W></cue></C><xcope ID="60"><ref ID="104" SRC="12"></ref><xcope ID="57"><ref ID="103" SRC="59"></ref><W>blocking</W><W>scroll</W><W>bars</W></xcope><C><cue ID="59" type="speculation"><W>or</W></cue></C><xcope ID="58"><ref ID="102" SRC="59"></ref><W>Appleworks</W><W>controls</W></xcope><W>,</W></xcope><W>its</W><W>too</W><W>small</W><W>to</W><W>read</W><W>.</W></SENTENCE><SENTENCE><W>It</W><W>has</W><W>a</W><W>hiding</W><W>function</W><W>,</W><C><W>and</W></C><W>the</W><W>dock</W><W>pops</W><W>up</W><W>when</W><W>the</W><W>mouse</W><W>is</W><W>on</W><W>the</W><W>bottom</W><W>of</W><W>the</W><W>screen</W><W>.</W></SENTENCE><SENTENCE><xcope ID="85"><ref COMMENTS="" ID="86" SRC="14"></ref><W>That</W></xcope><C><cue ID="14" type="speculation"><W>seems</W></cue></C><xcope ID="55"><ref ID="105" SRC="14"></ref><W>to</W><W>be</W><W>the</W><W>best</W><W>option</W></xcope><W>,</W><W>though</W><W>sometimes</W><W>it</W><W>doesnt</W><W>respond</W><W>properly</W><W>.</W></SENTENCE></P><P></P><P><SENTENCE><C><W>and</W></C><W>for</W><W>some</W><W>reason</W><W>,</W><W>every</W><W>time</W><W>I</W><W>restart</W><W>ot</W><W>shut</W><W>down</W><W>the</W><W>computer</W><W>,</W><W>all</W><W>of</W><W>my</W><W>icons</W><W>are</W><W>re-aranged</W><W>on</W><W>the</W><W>desktop</W><W>in</W><W>weird</W><W>locations</W><W>.</W></SENTENCE><SENTENCE><W>Whats</W><W>up</W><W>with</W><W>that</W><W>?</W><W>?</W><W>?</W><W>?</W></SENTENCE></P><P></P><P><SENTENCE><W>illusion</W><W>:</W><W>iTunes</W><W>is</W><W>a</W><W>revolutionary</W><W>music</W><W>program</W><W>.</W></SENTENCE></P><P></P><P><SENTENCE><W>fact</W><W>:</W><W>it</W><C><cue ID="15" type="speculation"><W>would</W></cue></C><xcope ID="63"><ref ID="108" SRC="15"></ref><W>be</W><W>great</W><C><cue ID="16" type="speculation"><W>if</W></cue></C><xcope ID="62"><ref ID="107" SRC="16"></ref><W>you</W><C><cue ID="17" type="speculation"><W>could</W></cue></C><xcope ID="61"><ref ID="106" SRC="17"></ref><W>just</W><W>copy</W><W>a</W><W>CD</W><W>straight</W><W>up</W></xcope></xcope></xcope><W>.</W></SENTENCE><SENTENCE><W>But</W><W>no...you</W><W>have</W><W>to</W><W>import</W><W>the</W><W>whole</W><W>CD</W><W>to</W><W>your</W><W>hard</W><W>drive</W><W>,</W><W>make</W><W>a</W><W>seperate</W><W>playlist</W><W>for</W><W>it</W><W>,</W><W>burn</W><W>it</W><W>,</W><W>than</W><W>delete</W><W>everything-one</W><W>song</W><W>at</W><W>a</W><W>time</W><W>so</W><W>you</W><W>dont</W><W>overcrowd</W><W>the</W><W>HD.</W></SENTENCE><SENTENCE><W>What</W><W>a</W><W>drag</W><W>.</W></SENTENCE><SENTENCE><W>While</W><W>im</W><W>on</W><W>the</W><W>subject</W><W>,</W><W>the</W><W>volume</W><W>control</W><W>for</W><W>this</W><W>thing</W><W>sucks</W><W>.</W></SENTENCE><SENTENCE><W>its</W><W>like</W><W>there</W><W>&#39;s</W><W>5</W><W>settings</W><W>:</W><W>Off</W><W>,</W><W>loud</W><W>,</W><W>louder</W><W>,</W><W>loudest</W><W>,</W><C><W>and</W></C><W>deafening</W><W>.</W></SENTENCE><SENTENCE><C><cue ID="18" type="negation"><W>Not</W></cue></C><xcope ID="64"><ref ID="109" SRC="18"></ref><W>good</W><W>for</W><W>late</W><W>night</W><W>listening</W><W>in</W><W>the</W><W>house</W><W>when</W><W>all</W><W>are</W><W>asleep.</W></xcope></SENTENCE><SENTENCE><W>Also</W><W>,</W><xcope ID="87"><ref COMMENTS="" ID="88" SRC="19"></ref><W>the</W><W>CD</W><W>eject</W><W>button</W></xcope><W>only</W><C><cue ID="19" type="speculation"><W>seems</W></cue></C><xcope ID="65"><ref ID="110" SRC="19"></ref><W>to</W><W>work</W><W>when</W><W>it</W><W>feels</W><W>like</W><W>it</W></xcope><W>.</W></SENTENCE><SENTENCE><W>It</W><W>malfunctions</W><W>at</W><W>least</W><W>1</W><W>out</W><W>of</W><W>every</W><W>3</W><W>attempts</W><W>.</W></SENTENCE><SENTENCE><C><W>and</W></C><W>why</W><W>?</W></SENTENCE><SENTENCE><W>Well</W><W>,</W><W>because</W><W>the</W><W>manual</W><W>says</W><W>you</W><W>have</W><W>to</W><W>quit</W><W>all</W><W>other</W><W>applications</W><W>first</W><W>.</W></SENTENCE><SENTENCE><W>HUH?</W><W>!</W><W>?</W><W>!</W><W>?</W><W>!</W><W>?</W><W>Im</W><C><cue ID="20" type="negation"><W>no</W></cue></C><xcope ID="66"><ref ID="111" SRC="20"></ref><W>computer</W><W>genious</W></xcope><W>,</W><W>but</W><W>how</W><W>much</W><W>friggin</W><W>memory</W><W>is</W><W>needed</W><W>to</W><W>eject</W><W>a</W><W>CD</W><W>?</W><W>Come</W><W>on</W><W>!</W><W>!</W><W>!</W><W>!</W><W>!</W><W>Another</W><W>example</W><W>of</W><W>the</W><W>multi-tasking</W><W>suckiness</W><W>of</W><W>this</W><W>thing</W><W>.</W></SENTENCE></P><P></P><P><SENTENCE><W>Also</W><W>on</W><W>my</W><W>list</W><W>of</W><W>complaints</W><W>are</W><C><cue ID="21" type="negation"><W>not</W></cue></C><xcope ID="67"><ref ID="112" SRC="21"></ref><W>enough</W><W>USB</W><W>ports</W><W>(</W><W>2</W><W>)</W></xcope><W>,</W><C><W>and</W></C><W>Apple</W><W>Care</W><C><W>Support</W></C><W>.</W></SENTENCE><SENTENCE><W>Why</W><W>the</W><C><W>support</W></C><W>staff</W><W>?</W></SENTENCE><SENTENCE><W>Well</W><W>,</W><W>when</W><W>you</W><W>call</W><W>them</W><W>they</W><W>give</W><W>you</W><W>the</W><W>impression</W><W>that</W><W>you</W><W>are</W><W>an</W><W>idiot</W><C><cue ID="24" type="speculation"><W>if</W></cue></C><xcope ID="70"><ref ID="113" SRC="24"></ref><W>you</W><W>dont</W><W>know</W><W>this</W><W>stuff</W><W>already</W></xcope><W>.</W></SENTENCE><SENTENCE><W>I</W><W>had</W><W>once</W><W>person</W><W>laugh</W><W>at</W><W>me</W><W>.</W></SENTENCE><SENTENCE><C><cue ID="23" type="negation"><W>Not</W></cue></C><xcope ID="69"><ref ID="114" SRC="23"></ref><W>very</W><W>professional</W></xcope><W>,</W><C><cue ID="22" type="negation"><W>no</W></cue></C><xcope ID="68"><ref ID="115" SRC="22"></ref><W>matter</W><W>how</W><W>bad</W><W>I</W><W>screwed</W><W>up</W></xcope><W>.</W></SENTENCE><SENTENCE><W>I</W><cue ID="89" type="negation"><W>didnt</W></cue><xcope ID="90"><ref COMMENTS="" ID="91" SRC="89"></ref><W>pay</W><W>150</W><W>bucks</W><W>for</W><W>a</W><W>warranty</W><W>to</W><W>be</W><W>made</W><W>fun</W><W>of</W><W>.</W></xcope></SENTENCE><SENTENCE><W>A-holes</W><W>.</W></SENTENCE></P><P></P><P><SENTENCE><W>I</W><W>will</W><C><cue ID="25" type="speculation"><W>probably</W></cue></C><xcope ID="71"><ref ID="116" SRC="25"></ref><W>update</W><W>this</W><W>review</W><W>when</W><W>the</W><W>OS</W><W>10.1</W><W>update</W><W>comes</W><W>out</W></xcope><W>.</W></SENTENCE><SENTENCE><W>Supposedly</W><W>it</W><W>will</W><W>speed</W><W>up</W><W>the</W><W>system</W><W>quite</W><W>a</W><W>bit</W><W>...we</W><W>&#39;ll</W><W>see</W><W>.</W></SENTENCE><SENTENCE><W>As</W><W>it</W><W>stands</W><W>,</W><W>I</W><C><cue ID="26" type="speculation"><W>would</W></cue></C><xcope ID="73"><ref ID="118" SRC="26"></ref><C><cue ID="27" type="negation"><W>not</W></cue></C><xcope ID="72"><ref ID="117" SRC="27"></ref><W>recommend</W><W>the</W><W>iMac</W><W>to</W><W>anyone</W></xcope></xcope><W>,</W><W>especially</W><C><cue ID="28" type="speculation"><W>if</W></cue></C><xcope ID="75"><ref ID="120" SRC="28"></ref><W>you</W><W>need</W><W>a</W><W>computer</W><W>that</W><C><cue ID="29" type="speculation"><W>can</W></cue></C><xcope ID="74"><ref ID="119" SRC="29"></ref><W>do</W><W>more</W><W>than</W><W>one</W><W>thing</W><W>at</W><W>a</W><W>time</W><W>effectively</W></xcope></xcope><W>.</W></SENTENCE><SENTENCE><W>This</W><W>thing</W><W>just</W><W>sucks</W><W>at</W><W>multi-tasking</W><W>,</W><W>theres</W><C><cue ID="30" type="negation"><W>no</W></cue></C><xcope ID="76"><ref ID="121" SRC="30"></ref><W>better</W><W>way</W><W>to</W><W>put</W></xcope><W>.</W></SENTENCE><SENTENCE><W>it</W><W>.</W></SENTENCE><SENTENCE><W>For</W><W>the</W><W>money</W><W>,</W><W>I</W><W>imagine</W><W>you</W><C><cue ID="31" type="speculation"><W>could</W></cue></C><xcope ID="78"><ref ID="122" SRC="31"></ref><W>get</W><W>something</W><W>WAY</W><W>better</W><W>than</W><W>this</W><W>overpriced-for-what-it-does</W><W>machine</W></xcope><W>.</W></SENTENCE><SENTENCE><C><cue ID="32" type="speculation"><W>If</W></cue></C><xcope ID="80"><ref ID="124" SRC="32"></ref><W>I</W><C><cue ID="33" type="speculation"><W>could</W></cue></C><xcope ID="79"><ref ID="123" SRC="33"></ref><W>do</W><W>it</W><W>again</W></xcope></xcope><W>,</W><W>I</W><C><cue ID="34" type="speculation"><W>would</W></cue></C><xcope ID="81"><ref ID="125" SRC="34"></ref><W>have</W><W>bought</W><W>the</W><W>iMac</W><W>model</W><W>for</W><W>999</W></xcope><W>,</W><C><W>and</W></C><W>upgraded</W><W>the</W><W>memory</W><W>later</W><W>.</W></SENTENCE><SENTENCE><W>This</W><W>thing</W><W>is</W><C><cue ID="35" type="negation"><W>not</W></cue></C><xcope ID="82"><ref ID="126" SRC="35"></ref><W>as</W><W>fast</W><W>as</W><W>i</W><W>was</W><W>led</W><W>to</W><C><W>believe</W></C></xcope><W>.</W></SENTENCE><SENTENCE><W>I</W><W>also</W><W>was</W><W>disappoined</W><W>in</W><W>the</W><C><W>lack</W></C><W>of</W><W>a</W><W>DVD-rom</W><W>drive</W><W>.</W></SENTENCE></P><P></P><P><SENTENCE><W>I</W><C><cue ID="36" type="speculation"><W>feel</W></cue></C><xcope ID="83"><ref ID="127" SRC="36"></ref><W>kind</W><W>of</W><W>ripped</W><W>off</W><C><W>and</W></C><W>misguided</W><W>in</W><W>making</W><W>this</W><W>purchase</W></xcope><W>.</W></SENTENCE><SENTENCE><W>I</W><W>guess</W><W>theres</W><W>a</W><W>reason</W><W>Windows</W><W>PC</W><W>&#39;s</W><W>are</W><W>so</W><W>popular</W><W>,</W><xcope ID="92"><ref COMMENTS="" ID="93" SRC="38"></ref><W>they</W></xcope><W>just</W><C><cue ID="38" type="speculation"><W>seem</W></cue></C><xcope ID="84"><ref ID="128" SRC="38"></ref><W>to</W><W>work</W><W>better</W></xcope><W>.</W></SENTENCE><SENTENCE><W>Quite</W><W>frankly</W><W>,</W><W>I</W><C><cue ID="37" type="speculation"><W>think</W></cue></C><xcope ID="85"><ref ID="129" SRC="37"></ref><W>this</W><W>iMac</W><W>is</W><W>a</W><W>piece</W><W>of</W><W>junk</W></xcope><W>.</W></SENTENCE><SENTENCE><W>I</W><W>&#39;d</W><W>take</W><W>it</W><W>back</W><W>were</W><W>it</W><C><cue ID="40" type="negation"><W>not</W></cue></C><W>for</W><W>those</W><W>stupid</W><W>open-box</W><W>fees</W><W>.</W></SENTENCE><SENTENCE><W>I</W><W>&#39;ll</W><W>live</W><W>with</W><W>it</W><W>for</W><W>the</W><W>next</W><W>3</W><W>years</W><W>,</W><W>just</W><C><cue ID="39" type="negation"><W>not</W></cue></C><xcope ID="86"><ref ID="130" SRC="39"></ref><W>happily</W></xcope><W>.</W></SENTENCE><SENTENCE><W>please</W><W>,</W><W>do</W><W>shop</W><W>around</W><W>before</W><W>you</W><W>consider</W><W>buying</W><W>this</W><W>thing</W><W>.</W></SENTENCE></P></DOCUMENT>
