<?xml version="1.0" encoding="UTF-8"?>
<DOCUMENT><P></P><P><SENTENCE><W>Mac</W><W>has</W><W>fashioned</W><W>a</W><W>prettier</W><W>toaster</W><W>in</W><W>the</W><W>form</W><W>of</W><W>its</W><W>new</W><W>desktop</W><W>,</W><W>but</W><W>unfortunately</W><W>,</W><W>the</W><W>toast</W><W>does</W><C><cue ID="0" type="negation"><W>not</W></cue></C><xcope ID="20"><ref ID="46" SRC="0"></ref><W>taste</W><W>better</W></xcope><W>.</W></SENTENCE><SENTENCE><W>My</W><W>difficulties</W><W>with</W><W>using</W><W>this</W><W>product</W><W>are</W><W>numerous</W><W>,</W><C><W>and</W></C><W>the</W><W>fact</W><W>that</W><W>Mac</W><W>has</W><W>only</W><W>5</W><W>%</W><W>of</W><W>the</W><W>market</W><W>share</W><W>on</W><W>computers</W><W>is</W><W>fully</W><W>understandable</W><W>;</W><W>they</W><W>make</W><W>a</W><W>terrible</W><W>product</W><W>that</W><W>is</W><C><cue ID="1" type="negation"><W>not</W></cue></C><xcope ID="21"><ref ID="47" SRC="1"></ref><W>very</W><W>compatible</W><W>with</W><W>standard</W><W>software</W></xcope><W>,</W><W>the</W><W>Microsoft</W><W>Office</W><W>Suite</W><W>of</W><W>applications</W><W>.</W></SENTENCE></P><P></P><P><SENTENCE><W>First</W><W>,</W><W>there</W><W>is</W><C><cue ID="4" type="negation"><W>no</W></cue></C><xcope ID="22"><ref ID="48" SRC="4"></ref><W>scroll-to-zoom</W><W>feature</W></xcope><W>.</W></SENTENCE><SENTENCE><W>This</W><W>means</W><W>that</W><W>the</W><W>mouse</W><W>wheel</W><C><cue ID="2" type="negation"><W>cannot</W></cue></C><xcope ID="25"><ref ID="51" SRC="2"></ref><W>be</W><W>used</W><W>to</W><W>zoom</W><W>in</W><C><W>and</W></C><W>out</W></xcope><W>(</W><xcope ID="24"><ref ID="50" SRC="3"></ref><W>enlarge</W></xcope><C><cue ID="3" type="speculation"><W>or</W></cue></C><xcope ID="23"><ref ID="49" SRC="3"></ref><W>minimize</W></xcope><W>)</W><W>a</W><xcope ID="28"><ref ID="53" SRC="5"></ref><W>document</W><W>for</W><W>editing</W></xcope><W>,</W><xcope ID="27"><ref ID="52" SRC="5"></ref><W>proofing</W></xcope><W>,</W><C><cue ID="5" type="speculation"><W>or</W></cue></C><xcope ID="26"><ref ID="54" SRC="5"></ref><W>viewing</W></xcope><W>.</W></SENTENCE><SENTENCE><W>More</W><W>insulting</W><W>,</W><C><cue ID="6" type="negation"><W>no</W></cue></C><xcope ID="29"><ref ID="55" SRC="6"></ref><W>mouse</W><W>driver</W><W>is</W><W>available</W><W>on</W><W>the</W><W>internet</W><W>to</W><W>install</W><W>this</W><W>essential</W><W>feature</W><W>that</W><W>is</W><W>STANDARD</W><W>on</W><W>Windows</W><W>machines</W></xcope><W>.</W></SENTENCE><SENTENCE><W>Many</W><W>sites</W><W>offer</W><W>such</W><W>a</W><W>driver</W><W>,</W><W>but</W><W>I</W><W>have</W><W>yet</W><W>to</W><W>find</W><W>one</W><W>that</W><W>works</W><W>at</W><W>all</W><W>.</W></SENTENCE><SENTENCE><W>To</W><W>this</W><W>end</W><W>,</W><W>I</W><W>purchased</W><W>3</W><W>mouse</W><W>accessories</W><C><W>and</W></C><C><cue ID="7" type="negation"><W>none</W></cue></C><xcope ID="30"><ref ID="56" SRC="7"></ref><W>were</W><W>able</W><W>to</W><W>zoom</W><W>within</W><W>a</W><W>document</W></xcope><W>.</W></SENTENCE><SENTENCE><W>Also</W><W>,</W><W>assigning</W><W>shortcut</W><W>keys</W><W>to</W><W>applications</W><W>by</W><W>way</W><W>of</W><W>the</W><W>tools</W><W>menu</W><W>causes</W><W>the</W><W>machine</W><W>to</W><W>lock</W><W>up</W><W>,</W><W>necessitating</W><W>rebooting</W><W>.</W></SENTENCE><SENTENCE><W>Assigning</W><W>shortcuts</W><W>keys</W><W>are</W><W>essential</W><W>for</W><W>more</W><W>proficient</W><W>computer</W><W>users</W><W>.</W></SENTENCE><SENTENCE><W>Thus</W><W>,</W><W>this</W><W>is</W><W>a</W><W>debilitating</W><W>fault</W><W>.</W></SENTENCE></P><P></P><P><SENTENCE><W>Worse</W><W>,</W><xcope ID="60"><ref COMMENTS="" ID="61" SRC="8"></ref><W>word</W><C><W>and</W></C><W>excel</W></xcope><C><cue ID="8" type="speculation"><W>seem</W></cue></C><xcope ID="31"><ref ID="57" SRC="8"></ref><W>to</W><C><W>lack</W></C><W>features</W><W>that</W><W>are</W><W>standard</W><W>devices</W><W>on</W><W>the</W><W>PC</W></xcope><W>.</W></SENTENCE><SENTENCE><W>Standard</W><W>shortcut</W><W>key</W><W>assignments</W><W>in</W><W>word</W><W>applications</W><W>are</W><C><cue ID="10" type="negation"><W>not</W></cue></C><xcope ID="34"><ref ID="61" SRC="10"></ref><W>cross-application</W><W>translatable</W><xcope ID="59"><W>in</W><xcope ID="33"><ref ID="60" SRC="9"></ref><W>Excel</W></xcope></xcope><C><cue ID="9" type="speculation"><W>or</W></cue></C><xcope ID="32"><ref ID="58" SRC="9"></ref><W>PowerPoint</W></xcope></xcope><W>,</W><W>although</W><W>these</W><W>three</W><W>applications</W><C><W>appear</W></C><W>in</W><W>a</W><W>suite</W><W>for</W><W>purchase</W><C><W>and</W></C><W>are</W><W>most</W><W>compatible</W><W>in</W><W>this</W><W>manner</W><W>on</W><W>a</W><W>PC</W><W>!</W></SENTENCE></P><P></P><P><SENTENCE><xcope ID="62"><ref COMMENTS="" ID="63" SRC="11"></ref><W>The</W><W>Mac</W><W>product</W></xcope><C><cue ID="11" type="speculation"><W>seems</W></cue></C><xcope ID="35"><ref ID="62" SRC="11"></ref><W>to</W><W>persist</W><W>like</W><W>an</W><W>uninvited</W><W>houseguest</W></xcope><W>,</W><xcope ID="37"><ref ID="63" SRC="12"></ref><W>overstaying</W><W>its</W><W>welcome</W></xcope><C><cue ID="12" type="speculation"><W>or</W></cue></C><xcope ID="36"><ref ID="64" SRC="12"></ref><W>utility</W></xcope><W>.</W></SENTENCE><SENTENCE><W>Frankly</W><W>,</W><W>Mac</W><W>has</W><W>made</W><W>my</W><W>job</W><W>more</W><xcope ID="38"><ref ID="65" SRC="13"></ref><W>difficult</W></xcope><C><cue ID="13" type="speculation"><W>or</W></cue></C><xcope ID="39"><ref ID="66" SRC="13"></ref><W>downright</W></xcope><C><W>impossible</W></C><W>with</W><W>inefficient</W><W>document</W><W>handling</W><C><W>and</W></C><W>un-user</W><W>friendly</W><W>filing</W><W>systems</W><W>.</W></SENTENCE><SENTENCE><W>Also</W><W>,</W><W>having</W><W>to</W><W>drag</W><W>down</W><W>a</W><W>menu</W><W>bar</W><W>just</W><W>to</W><W>perform</W><W>a</W><W>function</W><W>is</W><W>a</W><W>time-waster</W><W>.</W></SENTENCE><SENTENCE><W>Almost</W><W>everything</W><W>on</W><W>a</W><W>PC</W><W>is</W><W>key-able</W><W>.</W></SENTENCE><SENTENCE><C><cue ID="14" type="negation"><W>No</W></cue></C><xcope ID="40"><ref ID="67" SRC="14"></ref><W>mouse</W><W>is</W><W>needed</W><W>for</W><W>the</W><W>most</W><W>common</W><W>tasks</W></xcope><W>,</W><W>making</W><W>usage</W><W>a</W><W>breeze</W><W>for</W><W>the</W><W>more</W><W>dexterous</W><W>.</W></SENTENCE></P><P></P><P><SENTENCE><W>Also</W><W>,</W><W>the</W><W>Macs</W><W>horrible</W><W>desktop</W><W>display</W><W>choices</W><W>make</W><W>me</W><C><W>feel</W></C><W>like</W><W>a</W><W>punished</W><W>three-year-old</W><W>.</W></SENTENCE><SENTENCE><W>I</W><W>want</W><W>to</W><W>be</W><W>able</W><W>to</W><W>alter</W><W>every</W><W>element</W><W>of</W><W>my</W><W>desktop</W><W>appearance</W><W>(</W><W>including</W><W>the</W><W>way</W><W>Word</W><W>,</W><W>PowerPoint</W><W>,</W><C><W>and</W></C><W>Excel</W><C><W>appear</W></C><W>when</W><W>I</W><W>am</W><W>working</W><W>within</W><W>these</W><W>applications</W><W>)</W><W>like</W><W>I</W><C><cue ID="15" type="speculation"><W>can</W></cue></C><xcope ID="41"><ref ID="68" SRC="15"></ref><W>on</W><W>a</W><W>PC</W></xcope><W>?</W></SENTENCE><SENTENCE><W>What</W><W>purpose</W><W>does</W><W>it</W><W>serve</W><W>to</W><W>hold</W><W>the</W><W>Mac</W><W>user</W><W>hostage</W><W>to</W><W>someone</W><W>elses</W><W>factory</W><W>preferences</W><W>?</W></SENTENCE></P><P></P><P><SENTENCE><W>Finally</W><W>,</W><W>memory</W><W>problems</W><W>on</W><W>the</W><W>Mac</W><W>abound</W><W>,</W><W>causing</W><W>system</W><W>crashes</W><W>daily</W><W>.</W></SENTENCE><SENTENCE><W>This</W><W>does</W><C><cue ID="16" type="negation"><W>not</W></cue></C><xcope ID="42"><ref ID="69" SRC="16"></ref><W>contribute</W><W>to</W><W>productivity</W></xcope><W>.</W></SENTENCE><SENTENCE><W>Mac</W><W>causes</W><W>problems</W><W>,</W><C><W>and</W></C><W>solves</W><C><cue ID="17" type="negation"><W>no</W></cue></C><xcope ID="43"><ref ID="70" SRC="17"></ref><W>problems</W></xcope><W>.</W></SENTENCE><SENTENCE><W>Technical</W><C><W>support</W></C><W>at</W><W>Apple</W><W>borders</W><W>on</W><W>IRS-style</W><W>hostility</W><W>.</W></SENTENCE><SENTENCE><W>I</W><W>was</W><W>told</W><W>that</W><W>my</W><W>brand</W><W>new</W><W>iMac</W><W>was</W><W>8</W><W>years</W><W>old</W><W>,</W><W>based</W><W>on</W><W>the</W><W>serial</W><W>number</W><W>I</W><W>gave</W><W>the</W><W>lady</W><W>over</W><W>the</W><W>phone</W><W>.</W></SENTENCE><SENTENCE><W>She</W><W>refused</W><W>to</W><W>help</W><W>me</W><W>past</W><W>that</W><W>point</W><W>unless</W><W>I</W><W>bought</W><C><W>support</W></C><W>!</W></SENTENCE><SENTENCE><W>What</W><W>a</W><W>rip-off</W><W>.</W></SENTENCE><SENTENCE><W>My</W><W>department</W><W>bought</W><W>a</W><W>useless</W><W>desktop</W><C><W>and</W></C><W>now</W><C><cue ID="18" type="speculation"><W>must</W></cue></C><xcope ID="44"><ref ID="71" SRC="18"></ref><W>spend</W><W>more</W><W>for</W><W>dubious</W><C><W>support</W></C></xcope><W>.</W></SENTENCE><SENTENCE><W>I</W><W>have</W><W>receive</W><W>more</W><C><W>support</W></C><W>from</W><W>old</W><W>pantyhose</W><W>!</W></SENTENCE><SENTENCE><W>Get</W><W>real</W><W>!</W></SENTENCE><SENTENCE><C><cue ID="19" type="speculation"><W>Can</W></cue></C><xcope ID="45"><ref ID="72" SRC="19"></ref><W>you</W><W>afford</W><W>to</W><W>be</W><W>rude</W><W>to</W><W>customers</W><W>who</W><W>comprise</W><W>an</W><W>ever</W><W>dwindling</W><W>share</W><W>of</W><W>the</W><W>market</W></xcope><W>?</W></SENTENCE><SENTENCE><W>I</W><W>recommend</W><W>that</W><W>Apple</W><W>go</W><W>out</W><W>of</W><W>business</W><W>(</W><C><W>and</W></C><W>take</W><W>their</W><W>tacky</W><C><W>support</W></C><W>department</W><W>with</W><W>them</W><W>)</W><C><W>and</W></C><W>recall</W><W>its</W><W>awful</W><W>products</W><W>immediately</W><W>.</W></SENTENCE></P></DOCUMENT>
