<?xml version="1.0" encoding="UTF-8"?>
<DOCUMENT><DESC></DESC><TIME>196</TIME><P></P><P><SENTENCE><W>Allright</W><W>I</W><W>looked</W><W>at</W><W>this</W><W>little</W><W>computer</W><W>in</W><W>the</W><W>store</W><W>a</W><W>couple</W><W>weeks</W><W>ago</W><W>hoping</W><W>there</W><C><cue ID="0" type="speculation"><W>would</W></cue></C><xcope ID="16"><ref ID="34" SRC="0"></ref><W>be</W><W>an</W><W>advancement</W><W>over</W><W>the</W><W>first</W><W>Imac.</W></xcope></SENTENCE><SENTENCE><W>Besides</W><W>a</W><W>few</W><W>minor</W><W>upgrades</W><W>that</W><W>just</W><W>barely</W><W>met</W><W>par</W><W>with</W><W>technology</W><W>advancements</W><W>there</W><W>were</W><C><cue ID="1" type="negation"><W>no</W></cue></C><xcope ID="17"><ref ID="35" SRC="1"></ref><W>changes</W></xcope><W>.</W></SENTENCE><SENTENCE><W>The</W><W>sales</W><W>rep</W><W>made</W><W>a</W><W>big</W><W>deal</W><W>out</W><W>of</W><W>how</W><W>there</W><W>was</W><C><cue ID="2" type="negation"><W>no</W></cue></C><xcope ID="18"><ref ID="36" SRC="2"></ref><W>fan</W><W>on</W><W>the</W><W>processor</W></xcope><C><W>and</W></C><W>that</W><W>meant</W><W>there</W><W>was</W><W>such</W><W>advanced</W><W>technology</W><W>.</W></SENTENCE><SENTENCE><W>He</W><W>did</W><C><cue ID="3" type="negation"><W>not</W></cue></C><xcope ID="19"><ref ID="37" SRC="3"></ref><W>realize</W><W>he</W><W>was</W><W>talking</W><W>to</W><W>a</W><W>man</W><W>who</W><W>is</W><W>an</W><W>overclocker</W><W>at</W><W>heart</W></xcope><W>.</W></SENTENCE><SENTENCE><C><cue ID="4" type="speculation"><W>If</W></cue></C><xcope ID="23"><ref ID="41" SRC="4"></ref><W>there</W><W>is</W><C><cue ID="5" type="negation"><W>no</W></cue></C><xcope ID="22"><ref ID="40" SRC="5"></ref><W>fan</W><W>all</W><W>that</W><W>means</W><W>is</W><W>that</W><C><cue ID="6" type="speculation"><W>if</W></cue></C><xcope ID="21"><ref ID="39" SRC="6"></ref><W>there</W><W>was</W><W>a</W><W>fan</W><W>on</W><W>the</W><W>processor</W><W>then</W><W>it</W><C><cue ID="7" type="speculation"><W>could</W></cue></C><xcope ID="20"><ref ID="38" SRC="7"></ref><W>be</W><W>run</W><W>faster</W></xcope></xcope></xcope></xcope><W>.</W></SENTENCE><SENTENCE><W>That</W><W>means</W><W>there</W><W>is</W><W>wasted</W><W>hardware</W><C><W>potential</W></C><W>.</W></SENTENCE><SENTENCE><C><cue ID="8" type="negation"><W>Not</W></cue></C><xcope ID="24"><ref ID="42" SRC="8"></ref><W>only</W><W>do</W><W>you</W><W>pay</W><W>more</W><W>for</W><W>these</W><W>machines</W></xcope><W>but</W><W>they</W><W>are</W><W>set</W><W>up</W><W>so</W><W>as</W><C><cue ID="9" type="negation"><W>not</W></cue></C><xcope ID="25"><ref ID="43" SRC="9"></ref><W>to</W><W>take</W><W>full</W><C><W>potential</W></C><W>of</W><W>their</W><W>power</W></xcope><W>,</W><W>which</W><W>is</W><W>still</W><W>pretty</W><W>limited</W><W>.</W></SENTENCE><SENTENCE><W>The</W><W>mouse</W><W>design</W><W>problems</W><W>have</W><C><cue ID="10" type="negation"><W>not</W></cue></C><xcope ID="26"><ref ID="44" SRC="10"></ref><W>been</W><W>fixed</W></xcope><C><W>and</W></C><W>I</W><W>still</W><C><cue ID="11" type="speculation"><W>think</W></cue></C><xcope ID="27"><ref ID="45" SRC="11"></ref><W>the</W><W>thing</W><W>looks</W><W>like</W><W>bas</W><W>70</W><W>&#39;s</W><W>art</W><W>deco</W></xcope><W>.</W></SENTENCE><SENTENCE><W>I</W><cue ID="13" type="negation"><W>do</W><W>n&#39;t</W></cue><xcope ID="29"><ref COMMENTS="" ID="47" SRC="13"></ref><C><cue ID="12" type="speculation"><W>think</W></cue></C><xcope ID="28"><ref ID="46" SRC="12"></ref><W>it</W><W>is</W><C><W>possible</W></C><W>to</W><W>overclock</W><W>with</W><W>the</W><W>hardware</W><W>in</W><W>this</W><W>machine</W></xcope></xcope><W>.</W></SENTENCE><SENTENCE><W>They</W><cue ID="14" type="negation"><W>are</W><W>n&#39;t</W></cue><xcope ID="30"><ref COMMENTS="" ID="48" SRC="14"></ref><W>made</W><W>for</W><W>adjustment</W></xcope><C><W>and</W></C><W>they</W><W>just</W><cue ID="33" type="negation"><W>are</W><W>n&#39;t</W></cue><xcope ID="31"><ref COMMENTS="" ID="49" SRC="33"></ref><W>that</W><W>fast</W></xcope><W>.</W></SENTENCE><SENTENCE><W>I</W><W>&#39;m</W><W>sorry</W><W>but</W><W>this</W><W>machine</W><W>is</W><W>just</W><C><cue ID="15" type="negation"><W>not</W></cue></C><xcope ID="32"><ref ID="50" SRC="15"></ref><W>worth</W><W>it</W></xcope></SENTENCE></P></DOCUMENT>
