<?xml version="1.0" encoding="UTF-8"?>
<DOCUMENT><P></P><P><SENTENCE><W>bought</W><W>this</W><W>computer</W><W>12</W><W>of</W><W>august</W><W>&#39;03</W><W>at</W><W>the</W><W>apple</W><W>store</W><W>in</W><W>the</W><W>mall</W><W>of</W><W>america</W><W>,</W><C><cue ID="0" type="negation"><W>no</W></cue></C><xcope ID="12"><ref COMMENTS="" ID="21" SRC="0"></ref><xcope ID="10"><W>additional</W><W>apple</W><W>care</W></xcope><W>(</W><W>i&#39;ll</W><W>buy</W><W>that</W><W>before</W><W>the</W><W>1</W><W>year</W><W>warranty</W><W>expires</W><W>)</W><C><cue ID="1" type="speculation"><W>or</W></cue></C><xcope ID="11"><ref COMMENTS="" ID="20" SRC="1"></ref><W>products</W><W>to</W><W>go</W><W>with</W><W>it</W></xcope></xcope><W>.</W></SENTENCE><SENTENCE><W>i</W><W>got</W><W>a</W><W>sweet</W><W>deal</W><W>on</W><W>it</W><W>with</W><W>my</W><W>higher</W><W>education</W><W>discount</W><W>.</W></SENTENCE><SENTENCE><W>the</W><W>machine</W><W>was</W><W>easy</W><W>to</W><W>&#34;assemble</W><W>&#34;</W><W>right</W><W>out</W><W>of</W><W>the</W><W>box</W><W>,</W><C><W>and</W></C><W>by</W><W>default</W><W>booted</W><W>into</W><W>OS</W><W>X</W><W>after</W><W>user</W><W>setup</W><W>.</W></SENTENCE><SENTENCE><W>noticing</W><W>that</W><W>the</W><W>default</W><W>128mb</W><W>of</W><W>ram</W><W>was</W><W>insufficient</W><W>to</W><W>run</W><W>many</W><W>applications</W><W>simultaneously</W><W>,</W><W>i</W><W>took</W><W>2</W><W>256</W><W>ram</W><W>modules</W><W>from</W><W>my</W><W>other</W><W>mac</W><C><W>and</W></C><W>installed</W><W>those</W><W>in</W><W>the</W><W>emac.</W></SENTENCE><SENTENCE><W>this</W><W>was</W><W>an</W><W>easy</W><W>task</W><W>that</W><W>does</W><W>require</W><W>a</W><W>philips</W><W>screwdriver</W><W>,</W><W>but</W><W>that</W><W>by</W><W>following</W><W>the</W><W>instructions</W><W>provided</W><W>in</W><W>the</W><W>user</W><W>manual</W><W>,</W><W>even</W><W>a</W><W>novice</W><W>user</W><C><cue ID="2" type="speculation"><W>should</W></cue></C><xcope ID="13"><ref COMMENTS="" ID="22" SRC="2"></ref><W>be</W><W>able</W><W>to</W><W>perform</W></xcope><W>.</W></SENTENCE><SENTENCE><W>a</W><W>word</W><W>of</W><W>caution</W><W>however</W><W>,</W><W>when</W><W>purchasing</W><W>ram</W><W>,</W><W>apple</W><W>has</W><W>somewhat</W><W>strict</W><W>standards</W><W>,</W><C><W>and</W></C><W>it</W><W>is</W><W>best</W><W>to</W><W>purchase</W><W>ram</W><W>from</W><W>a</W><W>dealer</W><W>that</W><W>caters</W><W>to</W><W>apple</W><W>hardware</W><W>specifically</W><W>,</W><W>e.g</W><W>.</W></SENTENCE><SENTENCE><W>crucial.com</W></SENTENCE><SENTENCE><W>et</W><W>cetera</W><W>.</W></SENTENCE><SENTENCE><W>the</W><W>addition</W><W>of</W><W>the</W><W>new</W><W>ram</W><W>signifigantly</W><W>increased</W><W>the</W><W>ability</W><W>to</W><W>run</W><W>several</W><W>apps</W><W>simultaneously</W><W>(</W><C><W>and</W></C><C><cue ID="3" type="negation"><W>not</W></cue></C><xcope ID="14"><ref COMMENTS="" ID="23" SRC="3"></ref><W>bogging</W><W>down</W><W>the</W><W>system</W><W>)</W></xcope><W>of</W><W>the</W><W>mac.</W></SENTENCE><SENTENCE><W>a</W><W>week</W><W>later</W><W>i</W><W>purchased</W><W>an</W><W>airport</W><W>extreme</W><W>card</W><W>to</W><W>accomodate</W><W>a</W><W>new</W><W>networking</W><W>scheme</W><W>in</W><W>our</W><W>house</W><W>.</W></SENTENCE><SENTENCE><W>the</W><W>card</W><W>was</W><W>$</W><W>100</W><W>dollars</W><W>,</W><C><W>and</W></C><W>was</W><W>easy</W><W>to</W><W>install</W><W>,</W><W>once</W><W>again</W><W>by</W><W>following</W><W>instructions</W><W>provided</W><W>by</W><W>the</W><W>user</W><W>manual</W><W>.</W></SENTENCE><SENTENCE><W>i</W><W>was</W><W>disappointed</W><W>to</W><W>realize</W><W>that</W><W>airport</W><W>extreme</W><W>cards</W><W>are</W><W>only</W><W>compatible</W><W>with</W><W>OS</W><W>X</W><W>,</W><C><W>and</W></C><W>so</W><W>that</W><W>any</W><W>time</W><W>i</W><W>&#39;m</W><W>using</W><W>OS</W><W>9</W><W>,</W><W>i</W><W>am</W><W>limited</W><W>to</W><C><cue ID="6" type="speculation"><W>either</W></cue></C><xcope ID="16"><ref COMMENTS="" ID="25" SRC="6"></ref><W>an</W><W>ethernet</W><W>connection</W></xcope><W>(</W><C><cue ID="4" type="speculation"><W>or</W></cue></C><xcope ID="15"><ref COMMENTS="" ID="29" SRC="5"></ref><W>modem</W></xcope><W>)</W><W>,</W><C><cue ID="5" type="speculation"><W>or</W></cue></C><xcope ID="17"><ref COMMENTS="" ID="28" SRC="5"></ref><W>using</W><W>Classic</W><W>mode</W><W>under</W><W>OS</W><W>X</W><W>.</W></xcope><W>gaming</W><W>performance</W><W>is</W><W>very</W><W>satisfactory</W><W>on</W><W>this</W><W>machine</W><W>,</W><W>but</W><W>i</W><W>&#39;m</W><W>sure</W><W>i</W><W>&#39;m</W><C><cue ID="7" type="negation"><W>not</W></cue></C><xcope ID="32"><ref COMMENTS="" ID="33" SRC="7"></ref><W>getting</W><W>mega-high</W><W>framerates</W><W>that</W><W>128mb</W><W>video</W><W>cards</W><W>get</W></xcope><W>,</W><W>but</W><W>unreal</W><W>tournament</W><W>2003</W><W>is</W><W>very</W><W>playable</W><W>at</W><W>800x600</W><C><W>and</W></C><W>full</W><W>details</W><W>set</W><W>.</W></SENTENCE><SENTENCE><W>same</W><W>with</W><W>any</W><W>game</W><W>based</W><W>on</W><W>quake</W><W>3</W><W>engine</W><W>.</W></SENTENCE><SENTENCE><W>the</W><W>speakers</W><W>are</W><W>*adequate*</W><W>,</W><W>but</W><W>i</W><W>choose</W><W>to</W><W>have</W><W>my</W><W>comptuters</W><W>hooked</W><W>up</W><W>to</W><W>my</W><W>home</W><W>stereo</W><W>system</W><W>for</W><W>a</W><W>higher</W><W>fidelity</W><W>sound</W><W>.</W></SENTENCE><SENTENCE><W>about</W><W>the</W><W>monitor...people</W><W>who</W><W>are</W><W>sensitive</W><W>to</W><W>refresh</W><W>rates</W><W>but</W><W>want</W><W>a</W><W>high</W><W>resolution</W><W>will</W><W>be</W><W>disappointed</W><W>.</W></SENTENCE><SENTENCE><W>in</W><W>OS</W><W>X</W><W>,</W><W>the</W><W>best</W><W>combination</W><W>of</W><W>resolution</W><W>is</W><W>1280x960</W><W>at</W><W>72Hz</W><W>.</W><W>this</W><W>is</W><W>plenty</W><W>fine</W><W>for</W><W>me</W><W>,</W><W>but</W><W>i</W><W>have</W><W>known</W><W>people</W><W>who</W><W>get</W><W>eye</W><W>strain</W><W>at</W><W>looking</W><W>at</W><W>anything</W><W>slower</W><W>than</W><W>80Hz</W><W>.</W></SENTENCE><SENTENCE><xcope ID="33"><ref COMMENTS="" ID="34" SRC="8"></ref><W>the</W><W>refresh</W><W>rate</W><W>goes</W><W>up</W><W>to</W><W>89Hz</W><W>at</W><W>1024x768</W></xcope><W>,</W><W>which</W><C><cue ID="8" type="speculation"><W>seems</W></cue></C><xcope ID="18"><ref COMMENTS="" ID="30" SRC="8"></ref><W>fine</W><W>to</W><W>me</W><W>in</W><W>OS</W><W>9</W><W>,</W></xcope><W>but</W><W>things</W><W>look</W><W>too</W><W>silly</W><C><W>and</W></C><W>large</W><W>in</W><W>OS</W><W>X</W><W>.</W><W>the</W><W>new</W><W>mouse</W><C><W>and</W></C><W>keyboard</W><W>are</W><W>nice</W><W>.</W></SENTENCE><SENTENCE><W>one</W><W>more</W><W>thing</W><W>,</W><W>in</W><W>sleep</W><W>mode</W><W>,</W><W>the</W><W>white</W><W>power</W><C><W>indicating</W></C><W>light</W><W>next</W><W>to</W><W>the</W><W>right</W><W>speaker</W><W>pulsates</W><W>,</W><C><W>and</W></C><C><cue ID="9" type="speculation"><W>may</W></cue></C><xcope ID="19"><ref COMMENTS="" ID="31" SRC="9"></ref><W>be</W><W>irritating</W><W>to</W><W>some</W><W>people</W></xcope><W>who</W><W>are</W><W>sleeping</W><W>in</W><W>the</W><W>same</W><W>room</W><W>as</W><W>there</W><W>computer</W><W>,</W><W>as</W><W>it</W><W>does</W><W>give</W><W>off</W><W>quite</W><W>a</W><W>bit</W><W>of</W><W>light</W><W>when</W><W>it</W><W>pulses</W><W>bright</W><W>.</W></SENTENCE><SENTENCE><W>i</W><W>find</W><W>the</W><W>pulsating</W><W>a</W><W>lot</W><W>less</W><W>irritating</W><W>than</W><W>fan</W><W>noise</W><W>however</W><W>.</W></SENTENCE></P></DOCUMENT>
