<?xml version="1.0" encoding="UTF-8"?>
<DOCUMENT><P></P><P><SENTENCE><W>I</W><W>bought</W><W>my</W><W>eMac</W><W>because</W><W>I</W><W>needed</W><W>a</W><W>new</W><W>PC</W><W>for</W><W>school/work/play</W><W>.</W></SENTENCE><SENTENCE><W>My</W><W>current</W><W>clamshell</W><W>iBook</W><W>;</W><W>G3</W><W>,</W><W>333</W><W>mhZ</W><W>,</W><W>6</W><W>GB</W><W>,</W><W>12&#34;</W><W>,</W><W>simply</W><W>was</W><C><cue ID="0" type="negation"><W>not</W></cue></C><xcope ID="2"><ref ID="5" SRC="0"></ref><W>cussing</W><W>it</W><W>anymore</W><W>in</W><W>the</W><W>productivity</W><W>department</W><W>.</W></xcope></SENTENCE></P><P></P><P><SENTENCE><W>I</W><W>did</W><W>look</W><W>around</W><W>at</W><W>Dell</W><W>&#39;s</W><W>,</W><W>Gateway</W><W>&#39;s</W><C><W>and</W></C><W>HP</W><W>&#39;s</W><W>only</W><W>to</W><W>find</W><W>that</W><W>once</W><W>I</W><W>added</W><W>a</W><W>17</W><W>&#34;</W><W>monitor</W><W>,</W><W>an</W><W>ethernet</W><W>card</W><W>,</W><W>a</W><W>gig</W><W>of</W><W>RAM</W><W>,</W><W>an</W><W>operating</W><W>system</W><W>,</W><W>MS</W><W>Office</W><W>,</W><W>the</W><W>prices</W><W>between</W><W>the</W><W>major</W><W>PC</W><W>makers</W><C><W>and</W></C><W>Apple</W><W>are</W><W>really</W><W>out</W><W>of</W><W>whack</W><W>.</W></SENTENCE><SENTENCE><W>Although</W><W>Apple</W><W>demands</W><W>a</W><W>premium</W><W>price</W><W>for</W><W>their</W><W>products</W><W>,</W><W>you</W><W>get</W><W>all</W><W>the</W><W>bells</W><C><W>and</W></C><W>whistles</W><W>at</W><W>the</W><W>time</W><W>of</W><W>purchase</W><W>,</W><W>thus</W><W>saving</W><W>you</W><W>time</W><C><W>and</W></C><W>energy</W><W>trying</W><W>to</W><W>incorporate</W><W>all</W><W>the</W><W>add-ons</W><W>.</W></SENTENCE><SENTENCE><W>In</W><W>the</W><W>end</W><W>,</W><W>the</W><W>eMac</W><W>with</W><W>all</W><W>the</W><W>stuff</W><W>I</W><W>need</W><W>,</W><W>including</W><W>Office</W><W>,</W><W>was</W><W>a</W><W>better</W><W>deal</W><W>than</W><W>a</W><xcope ID="4"><ref ID="7" SRC="1"></ref><W>Dell</W><W>laptop</W></xcope><C><cue ID="1" type="speculation"><W>or</W></cue></C><xcope ID="3"><ref ID="6" SRC="1"></ref><W>HP</W><W>desktop</W></xcope><W>with</W><W>comparable</W><W>systems</W><W>.</W></SENTENCE></P><P></P><P><SENTENCE><W>Apple</W><W>has</W><W>certainly</W><W>created</W><W>a</W><W>great</W><W>product</W><W>in</W><W>the</W><W>eMac.</W></SENTENCE></P><P></P><P><SENTENCE><W>Affordable</W><W>;</W><W>up</W><W>to</W><W>a</W><W>15</W><W>%</W><W>discount</W><W>for</W><W>students</W></SENTENCE></P><P></P><P><SENTENCE><W>Easy</W><W>to</W><W>use</W><W>;</W><W>was</W><W>on-line</W><W>with</W><W>my</W><W>cable</W><W>modem</W><W>in</W><W>5</W><W>minutes</W><W>,</W></SENTENCE></P><P></P><P><SENTENCE><W>Fast</W><W>;</W><W>as</W><W>fast</W><W>as</W><W>my</W><W>2.3</W><W>GHz</W><W>HP</W><W>at</W><W>work</W><W>.</W></SENTENCE></P><P></P><P><SENTENCE><W>The</W><W>cd</W><W>burner</W><W>works</W><W>perfectly</W><C><W>and</W></C><W>the</W><W>dvd</W><W>player</W><W>is</W><W>a</W><W>nice</W><W>option</W><W>.</W></SENTENCE></P><P></P><P><SENTENCE><W>The</W><W>17</W><W>&#34;</W><W>(</W><W>16</W><W>&#34;</W><W>viewable</W><W>)</W><W>is</W><W>also</W><W>very</W><W>nice</W><W>to</W><W>have</W><W>as</W><W>well</W><W>.</W></SENTENCE></P><P></P><P><SENTENCE><W>As</W><W>with</W><W>everything</W><W>out</W><W>there</W><W>,</W><W>technology</W><W>is</W><W>always</W><W>changing</W><C><W>and</W></C><C><cue ID="8" type="negation"><W>not</W></cue></C><xcope ID="12"><ref ID="13" SRC="8"></ref><W>everything</W><W>will</W><W>be</W><W>as</W><W>great</W><W>as</W><W>it</W><C><cue ID="9" type="speculation"><W>seems</W></cue></C></xcope><W>.</W></SENTENCE><SENTENCE><W>In</W><W>order</W><W>to</W><W>have</W><W>a</W><W>great</W><W>experience</W><W>,</W><W>you</W><C><cue ID="10" type="speculation"><W>should</W></cue></C><xcope ID="11"><ref ID="14" SRC="10"></ref><W>upgrade</W><W>to</W><W>at</W><W>least</W><W>512</W><W>MB</W><W>of</W><W>RAM</W></xcope><W>(</W><W>this</W><W>applies</W><W>to</W><W>all</W><W>computer</W><W>systems</W><W>as</W><W>well</W><W>)</W><W>.</W></SENTENCE><SENTENCE><W>This</W><W>improvement</W><W>was</W><W>immediate</W><C><W>and</W></C><W>worth</W><W>the</W><W>75</W><W>bucks</W><W>.</W></SENTENCE></P><P></P><P><SENTENCE><W>Included</W><W>with</W><W>the</W><W>eMac</W><W>is</W><W>a</W><W>nice</W><W>suite</W><W>of</W><W>software</W><W>:</W></SENTENCE></P><P></P><P><SENTENCE><W>MacOS</W><W>X</W><W>based</W><W>on</W><W>UNIX</W><W>;</W><W>stable</W><C><W>and</W></C><W>powerful</W></SENTENCE></P><P></P><P><SENTENCE><W>MacOS</W><W>9</W><W>for</W><W>older</W><W>applications</W></SENTENCE></P><P></P><P><SENTENCE><W>Appleworks</W><W>6.2</W><W>-</W><W>comparable</W><W>to</W><W>MS</W><W>Office</W></SENTENCE></P><P></P><P><SENTENCE><W>Safari</W><W>1.0</W><W>-</W><W>Apple</W><W>&#39;s</W><W>new</W><W>browser</W><W>based</W><W>on</W><W>KHTML</W></SENTENCE></P><P></P><P><SENTENCE><W>Quicken</W><W>2003</W><W>-</W><W>a</W><W>$</W><W>60</W><W>dollar</W><W>value</W><C><W>and</W></C><W>one</W><W>great</W><W>application</W></SENTENCE></P><P></P><P><SENTENCE><W>WorldBook</W><W>2003</W></SENTENCE></P><P></P><P><SENTENCE><W>iTunes</W><W>-</W><W>for</W><W>all</W><W>your</W><W>music</W><W>needs</W><W>,</W><W>interfaces</W><W>with</W><W>iTunes</W><W>Muic</W><W>Store</W></SENTENCE></P><P></P><P><SENTENCE><W>iPhoto</W><W>-</W><W>easily</W><W>manage</W><W>all</W><W>your</W><W>digital</W><W>photos</W><W>,</W><W>print</W><W>an</W><W>album</W></SENTENCE></P><P></P><P><SENTENCE><W>iCal</W><W>-</W><W>similar</W><W>to</W><W>Outlook</W><W>Calendar</W><W>features</W></SENTENCE></P><P></P><P><SENTENCE><W>Quicktime</W><W>6.2</W><W>-</W><W>movie</W><W>player/viewer</W></SENTENCE></P><P></P><P><SENTENCE><C><W>and</W></C><W>to</W><W>put</W><W>all</W><W>the</W><W>software</W><W>to</W><W>use</W><W>,</W><W>there</W><W>are</W><W>5</W><W>USB</W><W>ports</W><C><W>and</W></C><W>2</W><W>FireWire</W><W>ports</W><W>.</W></SENTENCE></P><P></P><P><SENTENCE><W>Limitations</W><W>:</W></SENTENCE></P><P></P><P><SENTENCE><W>The</W><W>fan</W><C><cue ID="15" type="speculation"><W>can</W></cue></C><xcope ID="18"><ref ID="23" SRC="15"></ref><W>be</W><W>a</W><W>bit</W><W>noisy</W></xcope><W>(</W><W>I</W><W>used</W><W>to</W><W>use</W><W>only</W><W>an</W><W>iBook</W><W>=</W><C><cue ID="17" type="negation"><W>no</W></cue></C><xcope ID="19"><ref ID="22" SRC="17"></ref><W>fan</W></xcope><W>;</W><C><cue ID="16" type="negation"><W>no</W></cue></C><xcope ID="20"><ref ID="21" SRC="16"></ref><W>noise</W></xcope><W>)</W><W>so</W><W>I</W><W>am</W><W>still</W><W>getting</W><W>used</W><W>to</W><W>the</W><W>fan</W></SENTENCE></P><P></P><P><SENTENCE><W>128</W><W>MB</W><W>of</W><W>factory</W><W>RAM</W><W>-</W><W>recommend</W><W>upgrade</W><W>to</W><W>512</W><W>MB</W></SENTENCE></P><P></P><P><SENTENCE><W>This</W><W>is</W><W>the</W><W>only</W><W>problem</W><W>that</W><W>I</W><W>see</W><W>,</W><C><cue ID="24" type="negation"><W>not</W></cue></C><xcope ID="25"><ref ID="26" SRC="24"></ref><W>enough</W><W>memory</W><W>out</W><W>of</W><W>the</W><W>box</W></xcope><W>.</W></SENTENCE><SENTENCE><W>But</W><W>memory</W><W>is</W><W>cheap</W><C><W>and</W></C><W>very</W><W>easy</W><W>to</W><W>install</W><W>;</W><W>just</W><W>flip</W><W>the</W><W>emac</W><W>upside</W><W>down</W><C><W>and</W></C><W>undo</W><W>the</W><W>hatch</W><W>.</W></SENTENCE></P><P></P><P><SENTENCE><C><cue ID="28" type="negation"><W>No</W></cue></C><xcope ID="27"><ref ID="29" SRC="28"></ref><W>expansion</W><W>slots</W></xcope></SENTENCE></P><P></P><P><SENTENCE><W>Overall</W><W>the</W><W>eMac</W><W>is</W><W>an</W><W>exceptional</W><W>value</W><W>for</W><W>the</W><W>price</W><W>.</W></SENTENCE><SENTENCE><W>When</W><W>you</W><W>take</W><W>the</W><W>time</W><W>to</W><W>build</W><W>a</W><W>comparable</W><W>PC</W><C><W>and</W></C><W>finally</W><W>get</W><W>to</W><W>compare</W><W>features</W><C><W>and</W></C><W>price</W><W>,</W><W>you</W><W>will</W><W>see</W><W>that</W><W>the</W><W>eMac</W><W>is</W><W>a</W><W>great</W><W>buy</W><W>dollar</W><W>for</W><W>dollar</W><W>.</W></SENTENCE></P><P></P><P><SENTENCE><W>My</W><W>$</W><W>749</W><W>buy</W><W>price</W><W>reflects</W><W>my</W><W>educational</W><W>discount</W><W>.</W></SENTENCE><SENTENCE><W>Regular</W><W>price</W><W>is</W><W>$</W><W>999</W><W>.</W></SENTENCE></P></DOCUMENT>
