<?xml version="1.0" encoding="UTF-8"?>
<DOCUMENT><P/><P><SENTENCE><W>I</W><W>&apos;ve</W><W>coveted</W><W>an</W><W>iMac</W><W>ever</W><W>since</W><W>a</W><W>friend</W><W>&apos;s</W><W>retired</W><W>mom</W><W>first</W><W>got</W><W>a</W><W>flat</W><W>panel</W><W>15</W><W>&quot;</W><W>iMac</W><W>18</W><W>months</W><W>ago</W><W>.</W></SENTENCE><SENTENCE><W>But</W><W>I</W><C><cue ID="0" type="speculation"><W>could</W></cue></C><xcope ID="20"><ref ID="22" SRC="0"/><C><cue ID="1" type="negation"><W>never</W></cue></C><xcope ID="19"><ref ID="21" SRC="1"/><W>justified</W><W>it</W><W>.</W></xcope></xcope></SENTENCE><SENTENCE><W>I</W><W>&apos;m</W><W>self-employed</W><W>,</W><W>client</W><W>work</W><W>is</W><W>scarcer</W><W>than</W><W>a</W><W>few</W><W>years</W><W>ago</W><W>,</W><C><W>and</W></C><W>I</W><W>had</W><W>two</W><W>perfectly</W><W>adequate</W><W>PCs</W><W>.</W></SENTENCE><SENTENCE><C><cue ID="2" type="speculation"><W>If</W></cue></C><xcope ID="18"><ref ID="23" SRC="2"/><W>I</W><W>wanted</W><W>a</W><W>speedy</W><W>new</W><W>computer</W></xcope><W>,</W><W>I</W><C><cue ID="3" type="speculation"><W>could</W></cue></C><xcope ID="17"><ref ID="24" SRC="3"/><W>get</W><W>one</W><W>from</W><W>Dell</W><W>for</W><W>$</W><W>500</W><W>,</W><W>right</W></xcope><W>?</W></SENTENCE></P><P/><P><SENTENCE><W>I</W><W>got</W><W>a</W><W>great</W><W>price</W><W>on</W><W>this</W><W>,</W><C><W>and</W></C><W>I</W><W>&apos;ve</W><C><cue ID="4" type="negation"><W>never</W></cue></C><xcope ID="16"><ref ID="25" SRC="4"/><W>looked</W><W>back</W></xcope><W>.</W></SENTENCE><SENTENCE><W>I</W><W>&apos;ve</W><W>owned</W><W>Macs</W><W>on</W><C><W>and</W></C><W>off</W><W>since</W><W>1987</W><W>(</W><W>when</W><W>I</W><W>famously</W><W>paid</W><W>$</W><W>500</W><W>for</W><W>a</W><W>15</W><W>meg</W><W>hard</W><W>drive</W><W>)</W><W>,</W><W>but</W><W>about</W><W>six</W><W>years</W><W>ago</W><W>,</W><W>while</W><W>working</W><W>for</W><W>a</W><W>software</W><W>company</W><W>,</W><W>I</W><W>got</W><W>fed</W><W>up</W><W>with</W><W>my</W><W>top</W><W>of</W><W>the</W><W>line</W><W>$</W><W>5000</W><W>PowerBook</W><C><W>and</W></C><W>its</W><W>constant</W><W>crashing</W><C><W>and</W></C><W>switched</W><W>to</W><W>PCs</W><W>as</W><W>my</W><W>main</W><W>platform</W><W>.</W></SENTENCE></P><P/><P><SENTENCE><W>In</W><W>the</W><W>long</W><W>run</W><W>,</W><W>I</W><W>did</W><W>n&apos;t</W><W>do</W><W>this</W><W>for</W><W>the</W><W>operating</W><W>system</W><W>but</W><W>for</W><W>my</W><W>eyes</W><W>.</W></SENTENCE><SENTENCE><W>I</W><W>spend</W><W>at</W><W>least</W><W>40</W><W>hours</W><W>a</W><W>week</W><W>in</W><W>front</W><W>of</W><W>the</W><W>computer</W><W>,</W><W>mostly</W><W>online</W><W>.</W></SENTENCE></P><P/><P><SENTENCE><W>An</W><W>enormous</W><W>bonus</W><W>is</W><W>the</W><W>audio</W><W>capabilities</W><W>,</W><W>as</W><W>they</W><W>have</W><W>always</W><W>been</W><W>with</W><W>every</W><W>Mac</W><W>I</W><W>&apos;ve</W><W>owned</W><W>.</W></SENTENCE><SENTENCE><W>The</W><W>speakers</W><W>are</W><W>great</W><W>.</W></SENTENCE><SENTENCE><W>You</W><W>plug</W><W>in</W><W>a</W><W>printer</W><W>(</W><W>see</W><W>my</W><W>rave</W><W>review</W><W>of</W><W>the</W><W>Epson</W><W>5200</W><W>multifunction</W><W>)</W><C><W>and</W></C><W>it</W><W>just</W><W>works</W><W>.</W></SENTENCE></P><P/><P><SENTENCE><W>The</W><W>monitor</W><W>is</W><W>so</W><W>crisp</W><W>I</W><C><cue ID="5" type="speculation"><W>can</W></cue></C><xcope ID="15"><ref ID="26" SRC="5"/><W>focus</W><W>across</W><W>the</W><W>room</W></xcope><W>.</W></SENTENCE><SENTENCE><W>I</W><W>love</W><W>the</W><W>adjustable</W><W>arm</W><W>.</W></SENTENCE><SENTENCE><W>The</W><W>keyboard</W><W>is</W><W>perfect</W><W>.</W></SENTENCE><SENTENCE><W>Took</W><W>a</W><W>while</W><W>to</W><W>get</W><W>used</W><W>to</W><W>the</W><W>infrared</W><W>mouse</W><W>,</W><C><W>and</W></C><W>I</W><W>miss</W><W>having</W><W>a</W><W>second</W><W>button</W><W>.</W></SENTENCE><SENTENCE><W>The</W><W>superdrive</W><W>is</W><W>just</W><W>super</W><W>.</W></SENTENCE></P><P/><P><SENTENCE><W>On</W><W>the</W><W>downside</W><W>,</W><W>the</W><W>OS</W><cue ID="9" type="negation"><W>does</W><W>n&apos;t</W></cue><xcope ID="14"><ref COMMENTS="" ID="27" SRC="9"/><W>work</W><W>with</W><W>the</W><W>256</W><W>megs</W><W>of</W><W>RAM</W><W>the</W><W>computer</W><W>comes</W><W>with--they</W></xcope><C><cue ID="6" type="speculation"><W>should</W></cue></C><xcope ID="13"><ref ID="31" SRC="6"/><xcope ID="12"><ref ID="30" SRC="8"/><W>tweak</W><W>the</W><W>OS</W></xcope><C><cue ID="8" type="speculation"><W>or</W></cue></C><xcope ID="11"><ref ID="29" SRC="8"/><C><cue ID="7" type="negation"><W>not</W></cue></C><xcope ID="10"><ref ID="28" SRC="7"/><W>sell</W><W>in</W><W>this</W><W>configuration</W></xcope></xcope></xcope><W>.</W></SENTENCE><SENTENCE><W>I</W><W>&apos;m</W><W>running</W><W>Panther</W><W>on</W><W>768</W><W>megs</W><W>of</W><W>RAM</W><W>,</W><C><W>and</W></C><W>it</W><W>&apos;s</W><W>really</W><W>fast</W><W>.</W></SENTENCE></P></DOCUMENT>