<?xml version="1.0" encoding="UTF-8"?>
<DOCUMENT><P></P><P><SENTENCE><W>Fortunately</W><W>for</W><W>me</W><W>,</W><W>I</W><W>was</W><W>in</W><W>the</W><W>midst</W><W>of</W><W>contemplating</W><W>my</W><W>upcoming</W><W>new</W><W>computer</W><W>purchase</W><W>when</W><W>the</W><W>recent</W><W>Mac</W><W>Expo</W><W>was</W><W>in</W><W>session</W><W>.</W></SENTENCE><SENTENCE><W>I</W><W>had</W><W>just</W><W>donated</W><W>my</W><W>slooooow</W><W>Performa</W><W>6200</W><W>to</W><W>my</W><W>son</W><W>&#39;s</W><W>kindergarten</W><W>classroom</W><C><W>and</W></C><W>somehow</W><W>convinced</W><W>my</W><W>husband</W><W>that</W><W>we</W><W>needed</W><W>a</W><W>new</W><W>computer</W><W>.</W></SENTENCE><SENTENCE><W>(</W><W>Note</W><W>that</W><W>we</W><W>already</W><W>have</W><W>a</W><W>perfectly</W><W>good</W><W>blue</W><C><W>and</W></C><W>white</W><W>G3</W><C><W>and</W></C><W>an</W><W>iMac</W><W>DV+</W><W>.</W><W>)</W><W>It</W><W>&#39;s</W><W>a</W><W>testament</W><W>to</W><W>his</W><W>devotion</W><W>to</W><W>me</W><W>that</W><W>did</W><W>n&#39;t</W><W>question</W><W>(</W><W>too</W><W>much</W><W>)</W><W>my</W><W>insistence</W><W>on</W><W>a</W><W>new</W><W>computer</W><W>.</W></SENTENCE></P><P></P><P><SENTENCE><W>The</W><W>big</W><W>struggle</W><W>for</W><W>me</W><W>was</W><W>to</W><W>decide</W><W>which</W><W>computer</W><W>to</W><W>buy</W><W>.</W></SENTENCE><SENTENCE><W>I</W><W>&#39;ve</W><W>lusted</W><W>after</W><W>laptops</W><W>for</W><W>ages</W><C><W>and</W></C><W>really</W><W>had</W><W>my</W><W>sights</W><W>set</W><W>on</W><W>an</W><xcope ID="46"><ref ID="91" SRC="0"></ref><W>iBook</W></xcope><C><cue ID="0" type="speculation"><W>or</W></cue></C><xcope ID="45"><ref ID="90" SRC="0"></ref><W>Powerbook</W></xcope><W>but</W><W>the</W><W>truth</W><W>is</W><W>that</W><W>you</W><W>just</W><W>do</W><W>n&#39;t</W><W>get</W><W>the</W><W>same</W><W>bang</W><W>for</W><W>your</W><W>buck</W><W>with</W><W>a</W><W>laptop</W><W>.</W></SENTENCE><SENTENCE><W>I</W><W>also</W><W>drooled</W><W>over</W><W>the</W><W>G4</W><W>dual</W><W>processors</W><W>but</W><W>,</W><W>yikes</W><W>,</W><W>the</W><W>cost</W><W>was</W><W>a</W><W>bit</W><W>too</W><W>prohibitive</W><W>for</W><W>me</W><W>.</W></SENTENCE><SENTENCE><W>Of</W><W>course</W><W>I</W><C><cue ID="1" type="speculation"><W>considered</W></cue></C><xcope ID="47"><ref ID="92" SRC="1"></ref><W>another</W><W>iMac</W></xcope><W>(</W><W>my</W><W>husband</W><W>was</W><W>lobbying</W><W>heavily</W><W>for</W><W>this</W><W>)</W><W>but</W><W>I</W><W>just</W><W>felt</W><W>like</W><W>I</W><W>wanted</W><W>more</W><W>.</W></SENTENCE></P><P></P><P><SENTENCE><W>and</W><W>then</W><W>I</W><W>saw</W><W>it</W><W>,</W><W>the</W><W>brand</W><W>new</W><W>,</W><W>ultra</W><W>sleek</W><W>Flat</W><W>Panel</W><W>G4</W><W>iMac.</W></SENTENCE><SENTENCE><W>It</W><W>was</W><W>lust</W><W>at</W><W>first</W><W>sight</W><W>.</W></SENTENCE></P><P></P><P><SENTENCE><W>When</W><W>I</W><W>told</W><W>others</W><W>that</W><W>I</W><W>had</W><W>ordered</W><W>a</W><W>flat</W><W>panel</W><W>iMac</W><W>,</W><W>I</W><W>got</W><W>a</W><W>mix</W><W>of</W><W>reactions</W><W>.</W></SENTENCE><SENTENCE><W>Some</W><W>were</W><W>understandably</W><W>envious</W><C><W>and</W></C><W>jealous</W><W>.</W></SENTENCE><SENTENCE><W>However</W><W>,</W><W>a</W><W>small</W><W>minority</W><W>looked</W><W>at</W><W>me</W><W>like</W><W>I</W><W>had</W><W>lost</W><W>my</W><W>mind</W><W>.</W></SENTENCE><SENTENCE><W>&#34;</W><W>Why</W><C><cue ID="2" type="speculation"><W>would</W></cue></C><xcope ID="48"><ref ID="95" SRC="2"></ref><W>you</W><W>buy</W><W>that</W><W>freaky</W><W>looking</W><W>computer</W></xcope><W>?</W><W>&#34;</W></SENTENCE><SENTENCE><W>&#34;</W><W>It</W><cue ID="4" type="negation"><W>ca</W><W>n&#39;t</W></cue><xcope ID="50"><ref COMMENTS="" ID="94" SRC="4"></ref><C><cue ID="3" type="speculation"><W>possibly</W></cue></C><xcope ID="49"><ref ID="93" SRC="3"></ref><W>hold</W><W>up</W><W>to</W><W>everyday</W><W>use</W></xcope></xcope><W>.</W><W>&#34;</W><W>&#34;</W><W>It</W><W>&#39;s</W><W>going</W><W>to</W><W>be</W><W>a</W><W>bust</W><W>,</W><W>just</W><W>like</W><W>the</W><W>Cube</W><W>.</W><W>&#34;</W></SENTENCE><SENTENCE><W>Harrumph</W><W>!</W></SENTENCE><SENTENCE><W>I</W><W>ignored</W><W>their</W><W>taunts</W><W>,</W><W>secretly</W><W>hoping</W><W>that</W><W>they</W><W>were</W><W>n&#39;t</W><W>right</W><W>.</W></SENTENCE></P><P></P><P><SENTENCE><W>Unfortunately</W><W>,</W><W>I</W><W>had</W><W>to</W><W>wait</W><W>almost</W><W>a</W><W>month</W><W>for</W><W>the</W><W>computer</W><W>to</W><W>ship</W><W>so</W><W>that</W><W>gave</W><W>me</W><W>plenty</W><W>of</W><W>time</W><W>to</W><W>second</W><W>guess</W><W>the</W><W>wisdom</W><W>of</W><W>my</W><W>choice</W><W>.</W></SENTENCE></P><P></P><P><SENTENCE><W>The</W><W>Unveiling</W><C><W>and</W></C><W>Set</W><W>Up</W></SENTENCE></P><P></P><P><SENTENCE><W>The</W><W>big</W><W>day</W><W>finally</W><W>came</W><W>when</W><W>my</W><W>new</W><W>baby</W><W>arrived</W><W>from</W><W>Airborne</W><W>Express</W><W>.</W></SENTENCE><SENTENCE><W>I</W><W>impatiently</W><W>elbowed</W><W>my</W><W>kids</W><C><W>and</W></C><W>husband</W><W>out</W><W>of</W><W>the</W><W>way</W><W>so</W><W>I</W><C><cue ID="5" type="speculation"><W>could</W></cue></C><xcope ID="51"><ref ID="96" SRC="5"></ref><W>be</W><W>the</W><W>first</W><W>one</W><W>to</W><W>see</W><W>this</W><W>masterpiece</W><W>.</W></xcope></SENTENCE></P><P></P><P><SENTENCE><W>I</W><W>checked</W><W>my</W><W>watch</W><W>before</W><W>I</W><W>opened</W><W>the</W><W>box</W><W>.</W></SENTENCE><SENTENCE><W>It</W><W>took</W><W>me</W><W>just</W><W>under</W><W>9</W><W>minutes</W><W>from</W><W>cutting</W><W>the</W><W>tape</W><W>on</W><W>the</W><W>box</W><W>to</W><W>having</W><W>the</W><W>computer</W><W>up</W><C><W>and</W></C><W>running</W><W>.</W></SENTENCE><SENTENCE><W>That</W><W>includes</W><W>the</W><W>time</W><W>that</W><W>I</W><W>took</W><W>to</W><W>drool</W><W>lovingly</W><W>over</W><W>each</W><W>component</W><W>as</W><W>I</W><W>removed</W><W>it</W><W>from</W><W>the</W><W>box</W><W>.</W></SENTENCE><SENTENCE><W>I</W><W>cant</W><W>brag</W><W>about</W><W>how</W><W>quickly</W><W>I</W><W>got</W><W>on</W><W>to</W><W>the</W><W>internet</W><W>,</W><W>though</W><W>,</W><W>since</W><W>my</W><W>darling</W><W>husband</W><W>has</W><C><cue ID="6" type="negation"><W>not</W></cue></C><xcope ID="52"><ref ID="97" SRC="6"></ref><W>yet</W><W>installed</W><W>the</W><W>Ethernet</W><W>wire</W><W>I</W><W>bought</W><W>to</W><W>connect</W><W>to</W><W>our</W><W>new</W><W>router</W></xcope><W>.</W></SENTENCE></P><P></P><P><SENTENCE><W>Needless</W><W>to</W><W>say</W><W>,</W><W>the</W><W>set-up</W><W>was</W><W>incredibly</W><W>easy</W><C><W>and</W></C><W>took</W><C><cue ID="7" type="negation"><W>no</W></cue></C><xcope ID="53"><ref ID="98" SRC="7"></ref><W>instructions</W><W>whatsoever</W></xcope><W>(</W><W>though</W><W>clear</W><W>visual</W><W>diagrams</W><W>are</W><W>available</W><W>for</W><W>the</W><W>less</W><W>confident</W><W>)</W><W>.</W></SENTENCE><SENTENCE><W>The</W><W>software</W><W>is</W><W>already</W><W>pre-loaded</W><C><W>and</W></C><W>ready</W><W>to</W><W>go</W><W>.</W></SENTENCE></P><P></P><P><SENTENCE><W>How</W><W>does</W><W>the</W><W>New</W><W>iMac</W><W>Different</W><W>Compare</W><W>to</W><W>the</W><W>Previous</W><W>Version</W><W>?</W></SENTENCE></P><P></P><P><SENTENCE><W>In</W><W>comparing</W><W>the</W><W>two</W><W>computers</W><W>,</W><W>I</W><W>will</W><W>be</W><W>referring</W><W>to</W><W>the</W><W>more</W><W>recent</W><W>iMac</W><W>models</W><W>,</W><C><cue ID="8" type="negation"><W>not</W></cue></C><xcope ID="57"><ref ID="99" SRC="8"></ref><W>the</W><W>original</W><W>fruit</W><W>colored</W><W>ones</W><W>with</W><W>the</W><W>hockey</W><W>puck</W><W>mouse</W></xcope><W>.</W></SENTENCE><SENTENCE><W>Also</W><W>,</W><W>be</W><W>aware</W><W>that</W><W>even</W><W>though</W><W>I</W><W>am</W><W>an</W><W>avid</W><C><W>and</W></C><W>devoted</W><W>Mac</W><W>fan</W><W>,</W><W>I</W><W>&#39;m</W><C><cue ID="9" type="negation"><W>not</W></cue></C><xcope ID="55"><ref COMMENTS="" ID="100" SRC="9"></ref><W>a</W><W>techno-geek</W></xcope><W>.</W></SENTENCE><SENTENCE><W>Therefore</W><W>,</W><W>my</W><W>comparison</W><W>of</W><W>these</W><W>iMacs</W><W>will</W><W>be</W><W>limited</W><W>to</W><W>the</W><W>features</W><W>that</W><W>I</W><C><cue ID="10" type="speculation"><W>can</W></cue></C><xcope ID="56"><ref ID="101" SRC="10"></ref><W>sort</W><W>of</W><W>understand</W></xcope><W>.</W></SENTENCE><SENTENCE><W>Do</W><W>n&#39;t</W><W>sue</W><W>me</W><C><cue ID="11" type="speculation"><W>if</W></cue></C><xcope ID="54"><ref ID="102" SRC="11"></ref><W>I</W><W>leave</W><W>something</W><W>out</W></xcope><W>-</W><W>just</W><W>leave</W><W>me</W><W>a</W><W>comment</W><W>about</W><W>my</W><W>omissions</W><W>and/or</W><W>errors</W><W>(</W><W>preferably</W><W>a</W><W>kind</W><C><W>and</W></C><W>supportive</W><W>comment</W><W>)</W><W>.</W></SENTENCE></P><P></P><P><SENTENCE><W>Although</W><W>first</W><W>glance</W><C><cue ID="12" type="speculation"><W>suggests</W></cue></C><xcope ID="58"><ref ID="103" SRC="12"></ref><W>that</W><W>the</W><W>new</W><W>iMac</W><W>is</W><W>vastly</W><W>different</W><W>than</W><W>its</W><W>predecessor</W></xcope><W>,</W><W>there</W><W>are</W><W>a</W><W>few</W><W>basic</W><W>similarities</W><W>:</W></SENTENCE></P><P></P><P><SENTENCE><W>~</W><W>~</W><W>All</W><W>in</W><W>one</W><W>package</W><W>:</W><W>The</W><W>beauty</W><C><W>and</W></C><W>simplicity</W><W>of</W><W>having</W><W>everything</W><W>you</W><W>need</W><W>in</W><W>one</W><W>integrated</W><W>unit</W><W>was</W><W>a</W><W>major</W><W>selling</W><W>point</W><W>for</W><W>the</W><W>first</W><W>iMacs</W><C><W>and</W></C><W>it</W><W>continues</W><W>to</W><W>be</W><W>a</W><W>significant</W><W>advantage</W><W>of</W><W>the</W><W>new</W><W>generation</W><W>of</W><W>iMacs</W><W>.</W></SENTENCE></P><P></P><P><SENTENCE><W>~</W><W>~</W><W>Mouse</W><C><W>and</W></C><W>keyboard</W><W>:</W><W>Both</W><W>of</W><W>these</W><W>input</W><W>peripherals</W><W>are</W><W>identical</W><W>on</W><W>my</W><W>two</W><W>iMacs</W><W>-</W><W>the</W><W>Apple</W><W>Pro</W><W>Optical</W><W>mouse</W><C><W>and</W></C><W>the</W><W>full</W><W>size</W><W>Apple</W><W>Pro</W><W>keyboard</W><W>.</W></SENTENCE><SENTENCE><W>Both</W><W>are</W><W>significant</W><W>improvements</W><W>over</W><W>the</W><W>cheesy</W><W>undersized</W><W>mouse</W><C><W>and</W></C><W>keyboard</W><W>that</W><W>shipped</W><W>with</W><W>the</W><W>original</W><W>iMacs</W><W>(</W><C><W>and</W></C><W>my</W><W>G3</W><W>)</W><W>.</W></SENTENCE><SENTENCE><W>Actually</W><W>,</W><W>there</W><W>is</W><W>one</W><W>notable</W><W>difference</W><W>with</W><W>this</W><W>iMac</W><W></W><W>both</W><W>the</W><W>keyboard</W><C><W>and</W></C><W>the</W><W>optical</W><W>mouse</W><W>are</W><W>snowy</W><W>white</W><W>,</W><W>just</W><W>like</W><W>the</W><W>computer</W><W>itself</W><W>.</W></SENTENCE><SENTENCE><W>The</W><W>white</W><W>keys</W><W>are</W><W>an</W><W>improvement</W><W>over</W><W>the</W><W>black</W><W>keys</W><W>on</W><W>my</W><W>other</W><W>iMac</W><W>keyboard</W><W>because</W><W>theyre</W><W>much</W><W>easier</W><W>to</W><W>see</W><W>in</W><W>the</W><W>dark</W><W>.</W></SENTENCE></P><P></P><P><SENTENCE><W>~</W><W>~</W><W>Minimal</W><W>Expandability</W><W>:</W><W>There</W><W>are</W><C><cue ID="13" type="negation"><W>not</W></cue></C><xcope ID="105"><ref ID="106" SRC="13"></ref><W>many</W><W>options</W><W>for</W><W>expanding</W></xcope><C><W>either</W></C><W>iMac</W><W>model</W><W>,</W><xcope ID="116"><ref COMMENTS="" ID="117" SRC="14"></ref><W>though</W><W>the</W><W>need</W><W>for</W><W>expansion</W></xcope><C><cue ID="14" type="speculation"><W>seems</W></cue></C><xcope ID="59"><ref ID="104" SRC="14"></ref><W>less</W><W>of</W><W>an</W><W>issue</W><W>with</W><W>the</W><W>feature-packed</W><W>new</W><W>iMac.</W></xcope></SENTENCE><SENTENCE><W>Both</W><W>have</W><W>one</W><W>available</W><W>slot</W><W>for</W><W>memory</W><W>(</W><W>which</W><W>Ive</W><W>already</W><W>filled</W><W>on</W><W>both</W><W>computers</W><W>)</W><C><W>and</W></C><W>the</W><W>option</W><W>of</W><W>installing</W><W>an</W><W>Airport</W><W>card</W><W>.</W></SENTENCE></P><P></P><P><SENTENCE><W>Now</W><W>for</W><W>the</W><W>differences</W><W>-</W><W>some</W><W>striking</W><C><W>and</W></C><W>some</W><W>more</W><W>subtle</W><W>:</W></SENTENCE></P><P></P><P><SENTENCE><W>~</W><W>~</W><W>Size</W><C><W>and</W></C><W>shape</W><W>:</W><W>As</W><W>you</W><C><cue ID="15" type="speculation"><W>can</W></cue></C><xcope ID="60"><ref ID="107" SRC="15"></ref><W>see</W><W>from</W><W>the</W><W>photo</W></xcope><W>,</W><W>the</W><W>new</W><W>iMac</W><W>is</W><W>a</W><W>unique-looking</W><W>computer</W><W>.</W></SENTENCE><SENTENCE><W>Personally</W><W>,</W><W>I</W><C><cue ID="16" type="speculation"><W>think</W></cue></C><xcope ID="61"><ref ID="108" SRC="16"></ref><W>it</W><W>&#39;s</W><W>elegant</W></xcope><W>but</W><W>then</W><W>I</W><W>did</W><W>buy</W><W>it</W><W>so</W><W>I</W><C><W>suppose</W></C><W>I</W><W>&#39;m</W><W>biased</W><W>.</W></SENTENCE><SENTENCE><W>Rather</W><W>than</W><W>looking</W><W>like</W><W>a</W><W>large</W><W>CRT</W><W>monitor</W><W>(</W><W>like</W><W>the</W><W>old</W><W>iMac</W><W>)</W><W>,</W><W>the</W><W>new</W><W>one</W><W>looks</W><W>like</W><W>a</W><W>soccer</W><W>ball</W><W>(</W><C><W>except</W></C><W>closer</W><W>in</W><W>size</W><W>to</W><W>a</W><W>basketball</W><W>)</W><W>cut</W><W>in</W><W>half</W><W>with</W><W>a</W><W>slender</W><W>flat</W><W>screen</W><W>literally</W><W>floating</W><W>in</W><W>space</W><W>.</W></SENTENCE><SENTENCE><W>The</W><W>new</W><W>iMac</W><W>only</W><W>has</W><W>a</W><W>10.6</W><W>inch</W><W>footprint</W><W>so</W><W>even</W><W>with</W><W>the</W><W>two</W><W>speakers</W><W>,</W><W>keyboard</W><W>,</W><C><W>and</W></C><W>mouse</W><W>,</W><W>I</W><W>have</W><W>tons</W><W>more</W><W>room</W><W>on</W><W>my</W><W>computer</W><W>desk</W><W>to</W><W>clutter</W><W>up</W><W>with</W><W>other</W><W>gadgets</W><W>.</W></SENTENCE></P><P></P><P><SENTENCE><W>~</W><W>~</W><W>Monitor</W><W>:</W><C><W>Instead</W></C><W>of</W><W>the</W><W>15-inch</W><W>CRT</W><W>on</W><W>the</W><W>older</W><W>iMac</W><W>,</W><W>the</W><W>new</W><W>iMac</W><W>has</W><W>a</W><W>brilliant</W><W>flat-panel</W><W>15-inch</W><W>display</W><W>which</W><W>provides</W><W>almost</W><W>the</W><W>same</W><W>viewable</W><W>area</W><W>as</W><W>most</W><W>17-inch</W><W>CRT</W><W>monitors</W><W>,</W><W>but</W><W>with</W><W>twice</W><W>the</W><W>sharpness</W><W>,</W><W>brightness</W><W>,</W><C><W>and</W></C><W>contrast</W><W>.</W></SENTENCE><SENTENCE><W>The</W><W>screen</W><W>is</W><W>bordered</W><W>in</W><W>white</W><C><W>and</W></C><W>then</W><W>further</W><W>edged</W><W>with</W><W>clear</W><W>plastic</W><W>.</W></SENTENCE><SENTENCE><W>Therefore</W><W>,</W><W>there</W><W>is</W><W>ample</W><W>space</W><W>to</W><W>grab</W><W>a</W><W>hold</W><W>of</W><W>the</W><W>screen</W><C><W>and</W></C><W>move</W><W>it</W><C><cue ID="17" type="speculation"><W>without</W></cue></C><xcope ID="62"><ref ID="109" SRC="17"></ref><W>actually</W><W>putting</W><W>your</W><W>fingers</W><W>on</W><W>the</W><W>viewable</W><W>screen</W><W>itself</W></xcope><W>.</W></SENTENCE></P><P></P><P><SENTENCE><W>~</W><W>~</W><W>Speakers</W><W>:</W><W>This</W><W>high-end</W><W>iMac</W><W>also</W><W>ships</W><W>with</W><W>two</W><W>9-watt</W><W>round</W><W>external</W><W>Apple</W><W>Pro</W><W>Speakers</W><W>.</W></SENTENCE><SENTENCE><W>The</W><W>earlier</W><W>iMacs</W><W>are</W><W>all</W><W>limited</W><W>to</W><W>internal</W><W>speakers</W><W>that</W><W>provide</W><W>a</W><W>much</W><W>more</W><W>limited</W><W>audio</W><W>experience</W><W>.</W></SENTENCE><SENTENCE><W>The</W><W>Apple</W><W>Pro</W><W>Speakers</W><W>look</W><W>like</W><W>softball-sized</W><W>clear</W><W>eyeballs</W><W>.</W></SENTENCE><SENTENCE><W>The</W><W>sound</W><W>quality</W><W>is</W><W>impressive</W><W>,</W><W>but</W><W>then</W><W>I</W><W>have</W><W>n&#39;t</W><W>cranked</W><W>them</W><W>up</W><W>to</W><W>listen</W><W>to</W><W>any</W><W>music</W><W>yet</W><W>.</W></SENTENCE></P><P></P><P><SENTENCE><W>~</W><W>~</W><W>Hard</W><W>Drive</W><W>:</W><W>Though</W><W>hard</W><W>drive</W><W>size</W><W>is</W><C><cue ID="18" type="negation"><W>not</W></cue></C><xcope ID="63"><ref ID="110" SRC="18"></ref><W>a</W><W>huge</W><W>issue</W><W>for</W><W>many</W><W>people</W></xcope><W>,</W><W>I</W><W>really</W><W>appreciate</W><W>the</W><W>60GB</W><W>Ultra</W><W>ATA</W><W>hard</W><W>disk</W><W>drive</W><W>on</W><W>the</W><W>new</W><W>iMac</W><W>(</W><W>as</W><W>opposed</W><W>to</W><W>20GB</W><W>on</W><W>my</W><W>older</W><W>iMac</W><W>)</W><W>.</W></SENTENCE><SENTENCE><W>All</W><W>it</W><W>took</W><W>was</W><W>a</W><W>little</W><W>digital</W><W>video-editing</W><W>project</W><W>to</W><W>max</W><W>out</W><W>my</W><W>old</W><W>iMac</W><W>&#39;s</W><W>hard</W><W>drive</W><W>space</W><W>.</W></SENTENCE></P><P></P><P><SENTENCE><W>~</W><W>~</W><W>Processor</W><W>:</W><C><W>Instead</W></C><W>of</W><W>the</W><W>450-MHz</W><W>G3</W><W>in</W><W>my</W><W>first</W><W>iMac</W><W>,</W><W>the</W><W>newer</W><W>iMac</W><W>comes</W><W>with</W><W>the</W><W>800-MHz</W><W>PowerPC</W><W>G4</W><W>with</W><W>Velocity</W><W>Engine</W><W>.</W></SENTENCE><SENTENCE><W>This</W><W>allows</W><W>it</W><W>to</W><W>process</W><W>data</W><W>in</W><W>larger</W><W>chunks</W><W>(</W><W>128-bit</W><W>)</W><W>,</W><W>in</W><W>comparison</W><W>to</W><W>the</W><W>smaller</W><W>chunks</W><W>used</W><W>in</W><W>earlier</W><W>processors</W><W>.</W></SENTENCE><SENTENCE><W>What</W><W>this</W><W>means</W><W>is</W><W>that</W><W>the</W><W>newer</W><W>iMac</W><C><cue ID="19" type="speculation"><W>can</W></cue></C><xcope ID="64"><ref ID="111" SRC="19"></ref><W>easily</W><W>handle</W><W>the</W><W>data-intensive</W><W>processing</W><W>required</W><W>by</W><W>digital</W><W>video</W></xcope><W>,</W><W>music</W><W>,</W><W>graphics</W><W>applications</W><C><W>and</W></C><W>3D</W><W>games</W><W>.</W></SENTENCE><SENTENCE><W>It</W><W>also</W><W>comes</W><W>with</W><W>a</W><W>NVIDIA</W><W>GeForce2</W><W>MX</W><W>graphics</W><W>processor</W><W>with</W><W>32MB</W><W>of</W><W>dedicated</W><W>Double</W><W>Data</W><W>rate</W><W>video</W><W>memory</W><W>that</W><W>gives</W><W>a</W><W>major</W><W>boost</W><W>to</W><W>3D</W><W>graphics</W><W>.</W></SENTENCE></P><P></P><P><SENTENCE><W>~</W><W>~</W><W>Removable</W><W>Media</W><W>Drive</W><W>:</W><W>My</W><W>old</W><W>iMac</W><W>was</W><C><W>considered</W></C><W>cutting</W><W>edge</W><W>(</W><W>OK</W><W>,</W><W>well</W><C><cue ID="112" type="negation"><W>not</W></cue></C><xcope ID="115"><ref ID="117" SRC="112"></ref><W>really</W></xcope><W>)</W><W>,</W><W>because</W><W>it</W><W>came</W><W>with</W><W>a</W><W>DVD</W><W>player</W><W>.</W></SENTENCE><SENTENCE><W>Though</W><W>the</W><W>removable</W><W>media</W><W>drives</W><W>that</W><W>ship</W><W>with</W><W>the</W><W>new</W><W>iMacs</W><W>differ</W><W>from</W><W>model</W><W>to</W><W>model</W><W>,</W><W>this</W><W>one</W><W>is</W><W>the</W><W>top</W><W>of</W><W>the</W><W>line</W><W>-</W><W>the</W><W>SuperDrive</W><W>.</W></SENTENCE><SENTENCE><W>The</W><W>SuperDrive</W><W>is</W><W>a</W><W>DVD</W><W>burner</W><W>as</W><W>well</W><W>as</W><W>a</W><W>DVD</W><W>player</W><C><W>and</W></C><W>CD-RW.</W></SENTENCE><SENTENCE><W>The</W><W>new</W><W>iMacs</W><W>drive</W><W>is</W><W>also</W><W>a</W><W>tray</W><W>drive</W><W>as</W><W>opposed</W><W>to</W><W>the</W><W>slot</W><W>drive</W><W>on</W><W>my</W><W>older</W><W>iMac.</W></SENTENCE><SENTENCE><W>It</W><W>fits</W><W>flush</W><W>to</W><W>the</W><W>round</W><W>computer</W><W>base</W><C><W>and</W></C><W>is</W><W>almost</W><W>invisible</W><W>.</W></SENTENCE><SENTENCE><W>You</W><C><cue ID="113" type="speculation"><W>can</W></cue></C><xcope ID="114"><ref COMMENTS="" ID="116" SRC="113"></ref><W>open</W><C><W>and</W></C><W>close</W><W>the</W><W>drive</W><W>with</W><W>the</W><W>media</W><W>eject</W><W>key</W></xcope><W>(</W><W>far</W><W>upper</W><W>right</W><W>on</W><W>keyboard</W><W>)</W><W>.</W></SENTENCE></P><P></P><P><SENTENCE><W>According</W><W>to</W><W>Apple</W><W>,</W><W>the</W><W>SuperDrive</W><W>&#34;writes</W><W>DVD-R</W><W>discs</W><W>at</W><W>2x</W><W>speed</W><W>,</W><W>reads</W><W>DVDs</W><W>at</W><W>6x</W><W>speed</W><W>,</W><W>writes</W><W>CD-R</W><W>discs</W><W>at</W><W>8x</W><W>speed</W><W>,</W><W>writes</W><W>CD-RW</W><W>discs</W><W>at</W><W>4x</W><W>speed</W><W>,</W><W>reads</W><W>CDs</W><W>at</W><W>24x</W><W>speed</W><W>.</W><W>&#34;</W></SENTENCE><SENTENCE><W>I</W><W>have</W><W>n&#39;t</W><W>timed</W><W>it</W><W>yet</W><W>so</W><W>I</W><W>&#39;ll</W><W>have</W><W>to</W><W>take</W><W>their</W><W>word</W><W>for</W><W>it</W><W>.</W></SENTENCE></P><P></P><P><SENTENCE><W>~</W><W>~</W><W>More</W><W>USB</W><W>ports</W><W>:</W><W>The</W><W>new</W><W>iMacs</W><W>have</W><W>one</W><W>extra</W><W>USB</W><W>port</W><W>than</W><W>the</W><W>earlier</W><W>iMacs</W><W>,</W><W>making</W><W>a</W><W>total</W><W>of</W><W>5</W><W>USB</W><W>ports</W><W>(</W><W>counting</W><W>the</W><W>two</W><W>on</W><W>the</W><W>Apple</W><W>Pro</W><W>keyboard</W><W>)</W><W>.</W></SENTENCE><SENTENCE><W>I</W><W>appreciate</W><W>the</W><W>extra</W><W>port</W><W>,</W><W>though</W><W>I</W><C><cue ID="118" type="speculation"><W>suspect</W></cue></C><xcope ID="119"><ref ID="120" SRC="118"></ref><W>I</W><W>&#39;ll</W><W>still</W><W>need</W><W>a</W><W>hub</W><W>at</W><W>some</W><W>point</W></xcope><W>.</W></SENTENCE></P><P></P><P><SENTENCE><W>~</W><W>~</W><W>Operating</W><W>System</W><W>:</W><W>My</W><W>first</W><W>iMac</W><W>was</W><W>one</W><W>of</W><W>the</W><W>last</W><W>machines</W><W>that</W><W>shipped</W><C><cue ID="20" type="negation"><W>without</W></cue></C><xcope ID="65"><ref ID="121" SRC="20"></ref><W>OS</W><W>X</W></xcope><W>.</W></SENTENCE><SENTENCE><W>The</W><W>new</W><W>one</W><W>comes</W><W>with</W><W>two</W><W>operating</W><W>systems</W><W>:</W><W>OS</W><W>X</W><C><W>and</W></C><W>OS</W><W>9.2</W></SENTENCE></P><P></P><P><SENTENCE><W>~</W><W>~</W><W>Digital</W><W>Hub</W><W>Goodies</W><C><W>and</W></C><W>Other</W><W>Software</W><W>:</W><W>Both</W><W>iMacs</W><W>came</W><W>with</W><W>good</W><W>software</W><W>packages</W><W>but</W><W>the</W><W>new</W><W>iMac</W><W>has</W><W>the</W><W>newer</W><W>iTunes2</W><W>,</W><W>iMovie2</W><W>,</W><W>iPhoto</W><W>,</W><C><W>and</W></C><W>iDVD2</W><W>.</W></SENTENCE><SENTENCE><W>Other</W><W>software</W><W>shipped</W><W>on</W><W>the</W><W>new</W><W>iMac</W><W>includes</W><W>the</W><W>latest</W><W>QuickTime</W><W>,</W><W>AppleWorks</W><W>6</W><W>,</W><W>Mail</W><W>,</W><W>Microsoft</W><W>Internet</W><W>Explorer</W><W>,</W><W>AOL</W><W>,</W><W>Quicken</W><W>2002</W><W>Deluxe</W><W>,</W><W>World</W><W>Book</W><W>Mac</W><W>OS</W><W>X</W><W>Edition</W><W>,</W><W>Otto</W><W>Matic</W><W>,</W><W>Mac</W><W>OS</W><W>X</W><W>Chess</W><W>,</W><W>PCalc</W><W>,</W><W>Acrobat</W><W>Reader</W><C><W>and</W></C><W>FAXstf</W><W>10.0</W><W>Preview</W><W>.</W></SENTENCE><SENTENCE><W>I</W><W>have</W><W>nt</W><W>checked</W><W>it</W><W>all</W><W>out</W><W>,</W><W>though</W><W>I</W><W>have</W><W>had</W><W>a</W><W>blast</W><W>with</W><W>the</W><W>World</W><W>Book</W><W>(</W><W>encyclopedia</W><W>,</W><W>dictionary</W><W>,</W><W>atlas</W><W>,</W><C><W>and</W></C><W>more</W><W>)</W><W>.</W></SENTENCE></P><P></P><P><SENTENCE><W>~</W><W>~</W><W>Other</W><W>Features</W><W>(</W><C><cue ID="21" type="negation"><W>not</W></cue></C><xcope ID="66"><ref ID="122" SRC="21"></ref><W>necessarily</W><W>unique</W><W>to</W><W>this</W><W>iMac</W></xcope><W>)</W><W>:</W><W>The</W><W>G4</W><W>iMac</W><W>comes</W><W>with</W><W>256</W><W>RAM</W><W>(</W><W>I</W><W>added</W><W>another</W><W>256</W><W>immediately</W><W>)</W><W>,</W><W>a</W><W>built-in</W><W>56K</W><W>V.90</W><W>fax</W><W>modem</W><W>,</W><W>built-in</W><W>10/100BASE-T</W><W>Ethernet</W><W>(</W><W>takes</W><W>RJ-45</W><W>connector</W><W>)</W><W>,</W><W>two</W><W>400-Mbps</W><W>FireWire</W><W>ports</W><W>,</W><W>built-in</W><W>antennas</W><C><W>and</W></C><W>a</W><W>card</W><W>slot</W><W>for</W><W>an</W><W>optional</W><W>11-Mbps</W><W>AirPort</W><W>Card</W><W>.</W></SENTENCE><SENTENCE><W>Adding</W><W>additional</W><W>memory</W><C><W>and</W></C><W>an</W><W>airport</W><W>card</W><W>is</W><W>a</W><W>simple</W><W>process</W><W>of</W><W>unscrewing</W><W>the</W><W>base</W><W>plate</W><W>.</W></SENTENCE><SENTENCE><W>However</W><W>,</W><W>I</W><W>had</W><W>my</W><W>extra</W><W>memory</W><W>installed</W><W>free</W><W>from</W><W>MacConnection</W><W>so</W><W>I</W><W>did</W><W>n&#39;t</W><W>need</W><W>to</W><W>do</W><W>this</W><W>.</W></SENTENCE></P><P></P><P><SENTENCE><W>You</W><C><cue ID="22" type="speculation"><W>can</W></cue></C><xcope ID="67"><ref ID="123" SRC="22"></ref><W>find</W><W>out</W><W>more</W><W>technical</W><W>details</W><W>by</W><W>checking</W><W>out</W><W>Apple</W><W>&#39;s</W><W>web</W><W>site</W></xcope><W>:</W></SENTENCE></P><P></P><P><SENTENCE><W>http</W><W>://www.apple</W><W>.com/imac/specs</W><W>.html</W></SENTENCE></P><P></P><P><SENTENCE><W>Enough</W><W>of</W><W>the</W><W>Dry</W><W>Details</W><W>,</W><W>Tell</W><W>Us</W><W>About</W><W>the</W><W>Intangible</W><W>iMac</W><W>Experience</W><W>!</W></SENTENCE></P><P></P><P><SENTENCE><W>I</W><C><cue ID="23" type="speculation"><W>must</W></cue></C><xcope ID="68"><ref ID="124" SRC="23"></ref><W>admit</W></xcope><W></W><W>I</W><W>love</W><W>the</W><W>all</W><W>white</W><W>look</W><W>.</W></SENTENCE><SENTENCE><W>Its</W><W>downright</W><W>virginal</W><W>!</W></SENTENCE><SENTENCE><W>Dont</W><W>let</W><W>appearances</W><W>fool</W><W>you</W><W>,</W><W>though</W><W>.</W></SENTENCE><SENTENCE><W>Besides</W><W>looking</W><W>gorgeous</W><W>,</W><W>sitting</W><W>on</W><W>my</W><W>desk</W><W>,</W><W>this</W><W>G4</W><W>iMac</W><W>screams</W><W>in</W><W>terms</W><W>of</W><W>speed</W><W>!</W></SENTENCE><SENTENCE><W>The</W><W>flat</W><W>screen</W><W>is</W><W>crystal</W><W>clear</W><C><W>and</W></C><W>sharp</W><W>with</W><W>all</W><W>pixels</W><W>live</W><C><W>and</W></C><W>accounted</W><W>for</W><W>.</W></SENTENCE><SENTENCE><W>It</W><W>&#39;s</W><W>going</W><W>to</W><W>be</W><W>hard</W><W>to</W><W>switch</W><W>back</W><C><W>and</W></C><W>forth</W><W>between</W><W>this</W><C><W>and</W></C><W>my</W><W>older</W><W>CRT.</W></SENTENCE></P><P></P><P><SENTENCE><W>The</W><W>screen</W><W>moves</W><W>effortlessly</W><W>up</W><C><W>and</W></C><W>down</W><W>,</W><W>forward</W><C><W>and</W></C><W>back</W><W>,</W><W>while</W><W>maintaining</W><W>the</W><W>same</W><W>angle</W><W>.</W></SENTENCE><SENTENCE><W>I</W><W>was</W><W>a</W><W>bit</W><W>apprehensive</W><W>about</W><W>the</W><W>strength</W><W>of</W><W>the</W><W>chrome</W><W>arm</W><W>but</W><W>after</W><W>handling</W><W>it</W><W>a</W><W>bit</W><W>I</W><C><cue ID="24" type="speculation"><W>can</W></cue></C><xcope ID="69"><ref ID="125" SRC="24"></ref><W>see</W><W>that</W><W>s</W><W>more</W><W>than</W><W>tough</W><W>enough</W></xcope><W>.</W></SENTENCE><SENTENCE><W>In</W><W>fact</W><W>,</W><W>you</W><W>lift</W><W>the</W><W>computer</W><W>by</W><W>the</W><W>arm</W><W>when</W><W>you</W><W>want</W><W>to</W><W>move</W><W>it</W><W>.</W></SENTENCE></P><P></P><P><SENTENCE><W>The</W><W>video</W><W>quality</W><W>in</W><W>this</W><W>computer</W><W>is</W><W>first</W><W>rate</W><W>.</W></SENTENCE><SENTENCE><W>Ive</W><W>watched</W><W>several</W><W>DVDs</W><W>on</W><W>this</W><C><cue ID="25" type="negation"><W>without</W></cue></C><xcope ID="70"><ref ID="126" SRC="25"></ref><W>any</W><W>problem</W></xcope><W>,</W><W>though</W><W>I</W><W>have</W><W>nt</W><W>yet</W><W>burned</W><W>one</W><W>.</W></SENTENCE><SENTENCE><W>There</W><W>is</W><W>a</W><W>distinct</W><W>hum</W><W>to</W><W>the</W><W>computer</W><W>(</W><C><cue ID="26" type="speculation"><W>probably</W></cue></C><xcope ID="71"><ref ID="127" SRC="26"></ref><W>a</W><W>cooling</W><W>fan</W></xcope><W>)</W><W>,</W><W>though</W><W>it</W><W>s</W><W>still</W><W>quieter</W><W>than</W><W>my</W><W>older</W><W>iMac.</W></SENTENCE><SENTENCE><W>The</W><W>tray</W><W>drive</W><W>itself</W><W>is</W><W>rather</W><W>loud</W><W>opening</W><C><W>and</W></C><W>closing</W><W>so</W><W>I</W><W>guess</W><W>it</W><C><cue ID="27" type="speculation"><W>could</W></cue></C><xcope ID="72"><ref ID="128" SRC="27"></ref><W>disturb</W><W>someone</W><W>sleeping</W><W>in</W><W>the</W><W>room</W></xcope><W>(</W><W>a</W><C><W>potential</W></C><W>issue</W><W>for</W><W>me</W><W>since</W><W>the</W><W>computer</W><W>is</W><W>in</W><W>our</W><W>bedroom</W><W>)</W><W>.</W></SENTENCE></P><P></P><P><SENTENCE><W>One</W><W>of</W><W>my</W><W>biggest</W><W>concerns</W><W>in</W><W>getting</W><W>the</W><W>new</W><W>computer</W><W>was</W><W>dealing</W><W>with</W><W>OSX</W><W>.</W></SENTENCE><SENTENCE><W>Though</W><W>Ive</W><W>been</W><W>quite</W><W>curious</W><W>about</W><W>this</W><W>new</W><W>operating</W><W>system</W><W>,</W><W>Ive</W><W>also</W><W>been</W><W>understandably</W><W>nervous</W><W>in</W><W>having</W><W>it</W><W>on</W><W>my</W><W>new</W><W>computer</W><W>since</W><W>virtually</W><W>all</W><W>of</W><W>my</W><W>applications</W><W>(</W><C><W>except</W></C><W>the</W><W>ones</W><W>that</W><W>came</W><W>pre-installed</W><W>)</W><W>are</W><C><cue ID="32" type="negation"><W>not</W></cue></C><xcope ID="73"><ref ID="129" SRC="32"></ref><W>OSX</W><W>compatible</W></xcope><W>.</W></SENTENCE><SENTENCE><W>Fortunately</W><W>,</W><W>it</W><W>also</W><W>ships</W><W>with</W><W>OS</W><W>9.2</W><W>so</W><W>I</W><C><cue ID="29" type="speculation"><W>assumed</W></cue></C><xcope ID="77"><ref ID="133" SRC="29"></ref><W>I</W><C><cue ID="28" type="speculation"><W>would</W></cue></C><xcope ID="76"><ref ID="132" SRC="28"></ref><W>make</W><W>that</W><W>my</W><W>default</W><W>operating</W><W>system</W></xcope></xcope><W></W><C><cue ID="31" type="speculation"><W>if</W></cue></C><xcope ID="75"><ref ID="131" SRC="31"></ref><W>I</W><C><cue ID="30" type="speculation"><W>could</W></cue></C><xcope ID="74"><ref COMMENTS="" ID="130" SRC="30"></ref><W>figure</W><W>out</W><W>how</W></xcope></xcope><W>.</W></SENTENCE><SENTENCE><W>Some</W><W>people</W><W>I</W><W>know</W><W>are</W><W>so</W><W>paranoid</W><W>about</W><W>OSX</W><W>that</W><W>they</W><W>uninstalled</W><W>it</W><W>completely</W><W>.</W></SENTENCE></P><P></P><P><SENTENCE><W>Fortunately</W><W>,</W><W>I</W><C><cue ID="33" type="negation"><W>not</W></cue></C><xcope ID="78"><ref ID="134" SRC="33"></ref><W>only</W><W>discovered</W><W>that</W><W>it</W><W>s</W><W>quite</W><W>simple</W><W>to</W><W>switch</W><W>default</W><W>operating</W><W>systems</W></xcope><W>,</W><W>I</W><W>also</W><W>was</W><W>delighted</W><W>to</W><W>learn</W><W>that</W><W>the</W><W>&#34;</W><W>classic</W><W>&#34;</W><W>environment</W><W>(</W><W>OS</W><W>9</W><W>)</W><W>kicked</W><W>in</W><W>automatically</W><W>whenever</W><W>I</W><W>tried</W><W>to</W><W>us</W><W>one</W><W>of</W><W>my</W><W>earlier</W><W>applications</W><W>.</W></SENTENCE><SENTENCE><W>For</W><W>example</W><W>,</W><W>I</W><W>installed</W><W>my</W><W>Microsoft</W><W>Office</W><W>98</W><C><cue ID="34" type="negation"><W>without</W></cue></C><xcope ID="79"><ref ID="135" SRC="34"></ref><W>switching</W><W>operating</W><W>systems</W></xcope><C><W>and</W></C><W>it</W><W>works</W><W>just</W><W>fine</W><W></W><W>in</W><W>fact</W><W>Im</W><W>typing</W><W>in</W><W>it</W><W>right</W><W>now</W><W>.</W></SENTENCE><SENTENCE><W>It</W><W>takes</W><W>a</W><W>few</W><W>seconds</W><W>for</W><W>the</W><W>classic</W><W>environment</W><W>to</W><W>open</W><W>but</W><W>then</W><xcope ID="118"><ref COMMENTS="" ID="119" SRC="35"></ref><W>everything</W></xcope><C><cue ID="35" type="speculation"><W>seems</W></cue></C><xcope ID="80"><ref ID="136" SRC="35"></ref><W>to</W><W>work</W><W>perfectly</W></xcope><W>(</W><W>so</W><W>far</W><W>)</W><W>.</W></SENTENCE><SENTENCE><W>The</W><W>ease</W><W>of</W><W>dealing</W><W>with</W><W>the</W><W>operating</W><W>system</W><W>question</W><W>has</W><W>definitely</W><W>added</W><W>to</W><W>the</W><W>pleasure</W><W>of</W><W>using</W><W>this</W><W>new</W><W>iMac.</W></SENTENCE></P><P></P><P><SENTENCE><W>One</W><W>thing</W><W>that</W><W>s</W><W>taking</W><W>awhile</W><W>to</W><W>get</W><W>use</W><W>to</W><W>is</W><W>the</W><W>location</W><W>of</W><W>the</W><W>power</W><W>button</W><W>.</W></SENTENCE><SENTENCE><W>Its</W><W>on</W><W>the</W><W>back</W><W>of</W><W>the</W><W>computer</W><W>on</W><W>the</W><W>left</W><W>side</W><W>.</W></SENTENCE><SENTENCE><W>You</W><W>cant</W><W>see</W><W>it</W><W>so</W><W>you</W><W>have</W><W>to</W><C><W>feel</W></C><W>around</W><W>for</W><W>it</W><W>.</W></SENTENCE><SENTENCE><W>Its</W><W>actually</W><C><cue ID="36" type="negation"><W>not</W></cue></C><xcope ID="81"><ref ID="137" SRC="36"></ref><W>hard</W><W>to</W><W>reach</W></xcope><W>since</W><W>the</W><W>computer</W><W>itself</W><W>is</W><W>so</W><W>petite</W><W>but</W><W>it</W><W>sure</W><W>confuses</W><W>people</W><W>who</W><W>are</W><W>unfamiliar</W><W>with</W><W>the</W><W>G4</W><W>iMac</W><W>(</W><W>&#34;</W><W>How</W><W>do</W><W>you</W><W>turn</W><W>this</W><W>thing</W><W>on</W><W>?</W><W>&#34;</W><W>)</W><W>.</W></SENTENCE><SENTENCE><W>I</W><W>still</W><W>miss</W><W>the</W><W>power</W><W>button</W><W>on</W><W>the</W><W>keyboard</W><W>(</W><W>on</W><W>my</W><W>Blue</W><C><W>and</W></C><W>White</W><W>G3</W><W>)</W><W>.</W></SENTENCE></P><P></P><P><SENTENCE><W>Practical</W><W>Considerations</W><W>with</W><W>the</W><W>G4</W><W>iMac</W></SENTENCE></P><P></P><P><SENTENCE><W>Though</W><W>I</W><W>&#39;m</W><W>thrilled</W><W>with</W><W>my</W><W>new</W><W>purchase</W><W>,</W><W>I</W><W>do</W><W>have</W><W>some</W><W>doubts</W><W>about</W><W>the</W><W>practicality</W><W>of</W><W>this</W><W>model</W><W>in</W><W>certain</W><W>situations</W><W>.</W></SENTENCE><SENTENCE><W>For</W><W>example</W><W>,</W><W>I</W><cue ID="38" type="negation"><W>do</W><W>n&#39;t</W></cue><xcope ID="83"><ref COMMENTS="" ID="139" SRC="38"></ref><C><cue ID="37" type="speculation"><W>think</W></cue></C><xcope ID="82"><ref COMMENTS="" ID="138" SRC="37"></ref><W>this</W><W>iMac</W><W>will</W><W>ever</W><W>take</W><W>off</W><W>as</W><W>a</W><W>computer</W><W>of</W><W>choice</W><W>in</W><W>the</W><W>public</W><W>schools</W></xcope></xcope><W>(</W><W>a</W><W>haven</W><W>for</W><W>the</W><W>original</W><W>iMac</W><W>)</W><W>.</W></SENTENCE><SENTENCE><W>The</W><W>flat</W><W>screen</W><W>is</W><W>just</W><W>too</W><W>delicate</W><W>for</W><W>the</W><W>kind</W><W>of</W><W>handling</W><W>that</W><W>curious</W><C><W>and</W></C><W>impulsive</W><W>kids</W><W>provide</W><W>.</W></SENTENCE></P><P></P><P><SENTENCE><W>In</W><W>fact</W><W>,</W><W>I</W><W>have</W><W>my</W><W>concerns</W><W>about</W><W>my</W><W>own</W><W>kids</W><C><W>and</W></C><W>the</W><W>flat</W><W>screen</W><W>.</W></SENTENCE><SENTENCE><W>Originally</W><W>,</W><W>I</W><W>envisioned</W><W>this</W><W>computer</W><W>serving</W><W>as</W><W>the</W><W>&#34;family</W><W>computer</W><W>&#34;</W><W>where</W><W>I</W><C><cue ID="39" type="speculation"><W>could</W></cue></C><xcope ID="84"><ref ID="140" SRC="39"></ref><W>write</W><W>Epinions</W></xcope><W>,</W><W>my</W><W>husband</W><C><cue ID="40" type="speculation"><W>could</W></cue></C><xcope ID="85"><ref ID="142" SRC="40"></ref><W>surf</W><W>the</W><W>net</W></xcope><W>,</W><C><W>and</W></C><W>our</W><W>young</W><W>children</W><C><cue ID="41" type="speculation"><W>could</W></cue></C><xcope ID="86"><ref ID="141" SRC="41"></ref><W>play</W><W>games</W></xcope><W>.</W></SENTENCE><SENTENCE><W>For</W><W>now</W><W>,</W><W>I</W><W>&#39;ve</W><W>banned</W><W>my</W><W>kids</W><W>from</W><W>even</W><W>coming</W><W>within</W><W>5</W><W>feet</W><W>of</W><W>this</W><W>baby</W><W>,</W><W>though</W><W>I</W><W>know</W><W>I</W><W>wo</W><W>n&#39;t</W><W>be</W><W>able</W><W>to</W><W>enforce</W><W>the</W><W>&#34;</W><C><cue ID="42" type="negation"><W>no</W></cue></C><xcope ID="87"><ref ID="143" SRC="42"></ref><W>kid</W><W>zone</W></xcope><W>&#34;</W><W>for</W><W>long</W><W>.</W></SENTENCE><SENTENCE><W>My</W><W>six-year-old</W><W>is</W><W>already</W><W>talking</W><W>about</W><W>what</W><W>games</W><W>he</W><W>wants</W><W>to</W><W>load</W><W>on</W><W>to</W><W>&#34;</W><W>Mamas</W><W>new</W><W>computer</W><W>.</W><W>&#34;</W></SENTENCE></P><P></P><P><SENTENCE><W>Dr_Steph</W><W>&#39;s</W><W>Recommendation</W></SENTENCE></P><P></P><P><SENTENCE><W>The</W><W>800MHz</W><W>Flat</W><W>Screen</W><W>G4</W><W>iMac</W><W>is</W><W>everything</W><W>I</W><W>want</W><W>in</W><W>a</W><W>computer</W><W>-</W><W>fast</W><W>,</W><W>reliable</W><W>,</W><W>powerful</W><W>,</W><W>compact</W><W>,</W><W>beautiful</W><W>,</W><C><W>and</W></C><W>downright</W><W>fun</W><W>.</W></SENTENCE><SENTENCE><W>It</W><W>has</W><W>the</W><W>features</W><W>to</W><W>delight</W><W>the</W><W>experienced</W><W>computer</W><W>whiz</W><W>,</W><W>yet</W><W>is</W><W>simple</W><W>enough</W><W>for</W><W>the</W><W>novice</W><W>to</W><W>enjoy</W><W>.</W></SENTENCE><SENTENCE><W>In</W><W>case</W><W>you</W><cue ID="43" type="speculation"><C><W>could</W></C><W>n&#39;t</W></cue><xcope ID="88"><ref COMMENTS="" ID="144" SRC="43"></ref><W>tell</W><W>yet</W></xcope><W>,</W><W>I</W><W>love</W><W>my</W><W>new</W><W>computer</W><W>.</W></SENTENCE><SENTENCE><W>You</W><C><cue ID="44" type="speculation"><W>can</W></cue></C><xcope ID="89"><ref ID="145" SRC="44"></ref><W>laugh</W><W>all</W><W>you</W><W>want</W></xcope><W>-</W><W>I</W><W>know</W><W>you</W><W>&#39;re</W><W>just</W><W>jealous</W><W>.</W></SENTENCE></P></DOCUMENT>
