<?xml version="1.0" encoding="UTF-8"?>
<DOCUMENT><P/><P><SENTENCE><W>This</W><W>review</W><W>is</W><W>a</W><W>bit</W><W>long</W><W>but</W><C><cue ID="0" type="speculation"><W>if</W></cue></C><W>you</W><W>&apos;re</W><W>even</W><W>slightly</W><W>interested</W><W>in</W><W>switching</W><W>to</W><W>the</W><W>iMac</W><W>please</W><W>take</W><W>the</W><W>time</W><W>to</W><W>read</W><W>it</W><W>(you</W><W>do</W><W>n&apos;t</W><W>want</W><W>to</W><W>spend</W><W>$</W><W>2K</W><W>on</W><W>just</W><W>any</W><W>old</W><W>computer</W><W>do</W><W>you</W><W>?</W><W>)</W></SENTENCE></P><P/><P><SENTENCE><W>1st</W><W>of</W><W>all</W><W>the</W><W>individuals</W><W>who</W><W>wrote</W><W>the</W><W>1*</W><W>reviews</W><W>obviously</W><W>do</W><W>n&apos;t</W><W>own</W><W>an</W><W>iMac</W><C><W>and</W></C><C><cue ID="1" type="speculation"><W>probably</W></cue></C><xcope ID="35"><ref COMMENTS="" ID="36" SRC="1"/><W>own</W><W>a</W><W>lot</W><W>of</W><W>MS</W><W>stock</W><W>so</W><W>they</W><W>are</W><W>Apple</W><W>bashing</W></xcope><W>.</W></SENTENCE><SENTENCE><W>I</W><W>am</W><W>in</W><W>the</W><W>military</W><C><W>and</W></C><W>have</W><W>used</W><W>PC</W><W>&apos;s</W><W>since</W><W>there</W><W>were</W><W>PC</W><W>&apos;s</W><W>.</W></SENTENCE><SENTENCE><W>I</W><W>spent</W><W>one</W><W>tour</W><W>as</W><W>the</W><W>IT</W><W>manager</W><W>for</W><W>my</W><W>command</W><W>.</W></SENTENCE><SENTENCE><W>My</W><W>only</W><W>experience</W><W>w/</W><W>Macs</W><W>had</W><W>been</W><W>at</W><W>my</W><W>kid</W><W>&apos;s</W><W>school</W><C><W>and</W></C><W>with</W><W>my</W><W>minister</W><W>.</W></SENTENCE><SENTENCE><W>I</W><W>was</W><W>extremely</W><W>skeptical</W><W>of</W><W>Apple</W><C><W>and</W></C><W>researched</W><W>for</W><W>several</W><W>months</W><W>before</W><W>deciding</W><W>on</W><W>the</W><W>iMac.</W></SENTENCE><SENTENCE><W>I</W><W>was</W><W>tired</W><W>of</W><W>having</W><W>the</W><W>BBB</W><W>(</W><W>big</W><W>beige</W><W>box</W><W>)</W><W>next</W><W>to</W><W>my</W><W>desk</W><W>.</W></SENTENCE><SENTENCE><W>I</W><W>had</W><W>seen</W><W>the</W><W>new</W><W>iMac</W><W>in</W><W>the</W><W>news</W><W>during</W><W>its</W><W>intro</W><C><W>and</W></C><W>was</W><W>immediately</W><W>smitten</W><W>.</W></SENTENCE><SENTENCE><W>I</W><W>ask</W><W>you</W><W>why</W><W>in</W><W>the</W><W>yr</W><W>2K3</W><W>do</W><W>computers</W><W>still</W><W>look</W><W>like</W><W>they</W><W>did</W><W>20</W><W>years</W><W>ago</W><W>?</W></SENTENCE><SENTENCE><W>Apple</W><W>broke</W><W>the</W><W>mold</W><W>with</W><W>the</W><W>original</W><W>iMac</W><C><W>and</W></C><W>then</W><W>vaporized</W><W>it</W><W>with</W><W>the</W><W>new</W><W>iMac.</W></SENTENCE><SENTENCE><W>I</W><W>&apos;ve</W><W>had</W><W>mine</W><W>for</W><W>about</W><W>one</W><W>week</W><W>now</W><C><W>and</W></C><W>my</W><W>wife</W><W>is</W><W>about</W><W>ready</W><W>to</W><W>divorce</W><W>me</W><W>.</W></SENTENCE><SENTENCE><W>The</W><W>engineering</W><C><W>and</W></C><W>design</W><W>that</W><W>went</W><W>into</W><W>the</W><W>iMac</W><W>make</W><W>it</W><W>the</W><W>most</W><W>usable</W><W>computer</W><W>on</W><W>the</W><W>market</W><W>.</W></SENTENCE><SENTENCE><W>Try</W><W>moving</W><W>a</W><W>regular</W><W>LCD</W><W>monitor</W><W>with</W><W>one</W><W>finger</W><W>to</W><W>position</W><W>it</W><W>precisely</W><W>where</W><W>you</W><W>want</W><W>it</W><W>.</W></SENTENCE><SENTENCE><W>I</W><C><cue ID="3" type="speculation"><W>can</W></cue></C><xcope ID="34"><ref ID="37" SRC="3"/><W>bring</W><W>the</W><W>iMac</W><W>?s</W><W>monitor</W><W>right</W><W>over</W><W>the</W><W>keyboard</W></xcope><W>for</W><W>typing</W><C><W>and</W></C><xcope ID="33"><ref ID="39" SRC="2"/><W>surfing</W></xcope><C><cue ID="2" type="speculation"><W>or</W></cue></C><xcope ID="32"><ref ID="38" SRC="2"/><W>put</W><W>it</W><W>up</W><W>high</W><W>to</W><W>watch</W><W>DVD</W><W>?s</W><W>with</W><W>my</W><W>kids</W></xcope><W>,</W><W>truly</W><W>awesome</W><W>.</W></SENTENCE><SENTENCE><W>The</W><W>16X9</W><W>aspect</W><W>ratio</W><W>is</W><W>great</W><W>for</W><W>everything</W><W>,</W><W>especially</W><W>browsing</W><W>w/</W><W>two</W><W>windows</W><W>open</W><W>,</W><W>one</W><W>on</W><W>each</W><W>side</W><W>of</W><W>the</W><W>screen</W><W>.</W></SENTENCE><SENTENCE><W>I</W><W>get</W><W>so</W><W>tired</W><W>of</W><W>hearing</W><W>how</W><W>you</W><W>ca</W><W>n&apos;t</W><W>upgrade</W><W>it</W><W>.</W></SENTENCE><SENTENCE><W>How</W><W>many</W><W>average</W><W>PC</W><W>users</W><W>actually</W><W>crack</W><W>a</W><W>case</W><C><W>and</W></C><W>upgrade</W><W>their</W><W>PC</W><W>&apos;s</W><W>?</W></SENTENCE><SENTENCE><C><cue ID="4" type="negation"><W>Not</W></cue></C><xcope ID="31"><ref ID="40" SRC="4"/><W>many</W><W>I</W><W>&apos;ll</W><W>wager</W></xcope><W>.</W></SENTENCE><SENTENCE><C><cue ID="5" type="speculation"><W>If</W></cue></C><xcope ID="30"><ref ID="41" SRC="5"/><W>you</W><W>&apos;re</W><W>worried</W><W>about</W><W>the</W><W>iMac</W><W>&apos;s</W><W>1GHz</W><W>processor</W><W>vs</W><W>a</W><W>2.x</W><W>GHz</W><W>PC</W><W>clone</W></xcope><W>,</W><W>do</W><W>n&apos;t</W><W>.</W></SENTENCE><SENTENCE><W>I</W><W>run</W><W>a</W><W>2.4</W><W>GHz</W><W>at</W><W>work</W><C><W>and</W></C><W>I</W><W>see</W><C><cue ID="6" type="negation"><W>no</W></cue></C><xcope ID="44"><ref COMMENTS="" ID="45" SRC="6"/><W>difference</W><W>in</W><W>everyday</W><W>apps</W></xcope><W>.</W></SENTENCE><SENTENCE><W>I</W><C><cue ID="7" type="speculation"><W>suppose</W></cue></C><xcope ID="29"><ref ID="43" SRC="7"/><C><cue ID="8" type="speculation"><W>if</W></cue></C><xcope ID="28"><ref ID="42" SRC="8"/><W>you</W><W>&apos;re</W><W>a</W><W>game</W><W>freak</W><W>you</W><W>&apos;ll</W><W>want</W><W>a</W><W>PC</W></xcope></xcope><W>but</W><W>my</W><W>kids</W><C><W>and</W></C><W>I</W><W>play</W><W>games</W><W>on</W><W>consoles</W><W>now</W><C><W>and</W></C><W>use</W><W>the</W><W>computer</W><W>for</W><W>important</W><W>things</W><W>like</W><W>the</W><W>wonderfully</W><W>educational</W><C><W>and</W></C><W>preloaded</W><W>World</W><W>Book</W><W>encyclopedia</W><W>.</W></SENTENCE><SENTENCE><C><cue ID="9" type="speculation"><W>If</W></cue></C><xcope ID="26"><ref ID="46" SRC="9"/><W>you</W><W>&apos;re</W><W>really</W><W>interested</W></xcope><W>read</W><W>up</W><W>on</W><W>how</W><W>the</W><W>G4</W><W>chip</W><W>processes</W><W>in</W><W>comparison</W><W>w/</W><W>the</W><W>PC</W><W>chips</W><W>.</W></SENTENCE><SENTENCE><W>Set</W><W>up</W><W>was</W><W>a</W><W>breeze</W><W>,</W><W>about</W><W>15</W><W>mins</W><W>including</W><W>unpacking</W><W>.</W></SENTENCE><SENTENCE><W>The</W><W>speakers</W><W>look</W><W>and</W><W>sound</W><W>incredible</W><W>,</W><C><W>and</W></C><W>there</W><W>&apos;s</W><C><cue ID="10" type="negation"><W>no</W></cue></C><xcope ID="27"><ref ID="47" SRC="10"/><W>power</W><W>cord</W></xcope><W>!</W></SENTENCE><SENTENCE><W>Do</W><W>you</W><W>really</W><W>need</W><W>a</W><W>subwoofer</W><W>w/</W><W>a</W><W>computer</W><W>(</W><W>more</W><W>wires</W><W>)</W><W>?</W></SENTENCE><SENTENCE><W>I</W><W>was</W><W>unsure</W><W>of</W><W>the</W><W>Apple</W><W>one</W><W>button</W><W>mouse</W><W>but</W><W>now</W><W>I</W><W>&apos;m</W><W>sure</W><W>,</W><C><cue ID="11" type="negation"><W>no</W></cue></C><xcope ID="24"><ref ID="48" SRC="11"/><W>carpel</W><W>tunnel</W></xcope><W>as</W><W>I</W><W>move</W><W>my</W><W>hand</W><W>around</W><W>more</W><W>the</W><W>only</W><W>thing</W><W>it</W><C><W>lacks</W></C><W>is</W><W>a</W><W>wheel</W><W>as</W><W>you</W><C><cue ID="12" type="speculation"><W>can</W></cue></C><xcope ID="25"><ref ID="49" SRC="12"/><W>hold</W><W>the</W><W>control</W><W>key</W></xcope><C><W>and</W></C><W>pop</W><W>up</W><W>a</W><W>menu</W><W>window</W><W>anywhere</W><W>(you</W><C><cue ID="13" type="speculation"><W>can</W></cue></C><xcope ID="23"><ref ID="51" SRC="13"/><W>add</W><W>a</W><W>multi-button</W><W>mouse</W></xcope><C><cue ID="14" type="speculation"><W>if</W></cue></C><xcope ID="22"><ref ID="50" SRC="14"/><W>you</W><W>want</W><W>)</W></xcope><W>.</W></SENTENCE><SENTENCE><W>I</W><W>love</W><W>the</W><W>&quot;</W><W>Dock</W><W>&quot;</W><W>that</W><W>holds</W><W>all</W><W>frequently</W><W>used</W><W>program</W><W>icons</W><W>,</W><W>it</W><W>makes</W><W>opening</W><W>an</W><W>app</W><W>a</W><W>delight</W><W>as</W><W>each</W><W>icon</W><W>blows</W><W>up</W><W>when</W><W>moused</W><W>over</W><W>.</W></SENTENCE><SENTENCE><W>I</W><W>have</W><W>yet</W><W>to</W><W>use</W><W>the</W><W>super</W><W>drive</W><W>for</W><xcope ID="20"><ref ID="53" SRC="15"/><W>burning</W><W>DVD</W><W>&apos;s</W></xcope><C><cue ID="15" type="speculation"><W>or</W></cue></C><xcope ID="21"><ref ID="52" SRC="15"/><W>CD</W><W>&apos;s</W></xcope><W>but</W><W>it</W><W>plays/loads</W><W>them</W><W>fast</W><C><W>and</W></C><W>fine</W><W>.</W></SENTENCE><SENTENCE><W>The</W><W>iMac</W><W>is</W><W>very</W><W>quiet</W><C><W>and</W></C><W>just</W><W>wait</W><W>until</W><W>you</W><W>see</W><W>it</W><W>sleeping</W><W>for</W><W>the</W><W>first</W><W>time</W><W>,</W><W>way</W><W>cool</W><W>.</W></SENTENCE><SENTENCE><W>Lastly</W><C><cue ID="16" type="speculation"><W>if</W></cue></C><xcope ID="19"><ref ID="54" SRC="16"/><W>you</W><W>know</W><W>your</W><W>way</W><W>around</W><W>MS</W><W>Windows</W></xcope><W>then</W><W>do</W><W>n&apos;t</W><W>fear</W><W>Mac</W><W>OS.</W></SENTENCE><SENTENCE><W>I</W><C><cue ID="17" type="speculation"><W>estimate</W></cue></C><xcope ID="18"><ref ID="55" SRC="17"/><W>it</W><W>took</W><W>an</W><W>hour</W><W>to</W><W>familiarize</W><W>myself</W><W>w/</W><W>the</W><W>important</W><W>parts</W><W>of</W><W>the</W><W>system</W></xcope><W>.</W></SENTENCE><SENTENCE><W>Go</W><W>look</W><W>at</W><W>the</W><W>iMac</W><W>,</W><W>talk</W><W>to</W><W>Mac</W><W>users</W><W>,</W><W>read</W><W>the</W><W>switch</W><W>testimonies</W><C><W>and</W></C><W>make</W><W>you</W><W>choice</W><W>.</W></SENTENCE><SENTENCE><W>Anyone</W><W>who</W><W>does</W><W>n&apos;t</W><W>give</W><W>the</W><W>iMac</W><W>a</W><W>test</W><W>drive</W><C><W>and</W></C><W>buys</W><W>a</W><W>clone</W><W>will</W><W>miss</W><W>a</W><W>great</W><W>opportunity</W><W>to</W><W>own</W><W>a</W><W>truly</W><W>useful</W><W>home</W><W>computer</W><W>.</W></SENTENCE></P></DOCUMENT>