<?xml version="1.0" encoding="UTF-8"?>
<DOCUMENT><P/><P><SENTENCE><W>The</W><W>first</W><W>thing</W><W>you</W><W>notice</W><W>about</W><W>the</W><W>P25</W><W>S507</W><W>is</W><W>the</W><W>huge</W><W>screen</W><W>.</W></SENTENCE><SENTENCE><W>At</W><W>17</W><W>inches</W><W>,</W><W>it</W><W>is</W><C><cue ID="0" type="speculation"><W>probably</W></cue></C><xcope ID="26"><ref ID="76" SRC="0"/><W>as</W><W>big</W><W>as</W><W>you</W><C><cue ID="1" type="speculation"><W>can</W></cue></C><xcope ID="25"><ref ID="75" SRC="1"/><W>get</W><W>while</W><W>still</W><W>being</W><W>&quot;portable</W></xcope></xcope><W>.</W><W>&quot;</W></SENTENCE><SENTENCE><W>After</W><W>you</W><W>get</W><W>past</W><W>just</W><W>the</W><W>size</W><W>of</W><W>the</W><W>screen</W><W>,</W><W>you</W><W>will</W><W>find</W><W>a</W><W>fairly</W><C><W>potent</W></C><W>laptop</W><W>.</W></SENTENCE><SENTENCE><W>Although</W><W>I</W><W>say</W><W>laptop</W><W>very</W><W>loosely</W><W>as</W><W>you</W><W>will</W><W>see</W><W>.</W></SENTENCE></P><P/><P><SENTENCE><W>First</W><W>off</W><W>the</W><W>specs</W><W>:</W></SENTENCE></P><P/><P><SENTENCE><W>Desktop</W><W>:</W><W>Pentium</W><W>4</W><W>with</W><W>Hyper</W><W>threading</W><W>2.8</W><W>GHZ</W></SENTENCE></P><P/><P><SENTENCE><W>Screen</W><W>:</W><W>17</W><W>inches</W></SENTENCE></P><P/><P><SENTENCE><W>Weight</W><W>:</W><W>about</W><W>10</W><W>lbs</W></SENTENCE></P><P/><P><SENTENCE><W>Storage</W><W>:</W><W>60</W><W>gigs</W><W>hard</W><W>drive</W></SENTENCE></P><P/><P><SENTENCE><W>DVD</W><W>:</W><W>DVD</W><W>R/RW</W><W>,</W><W>yes</W><W>you</W><C><cue ID="2" type="speculation"><W>can</W></cue></C><xcope ID="27"><ref ID="74" SRC="2"/><W>write</W><W>DVD</W></xcope><W>!</W><W>!</W><W>!</W></SENTENCE></P><P/><P><SENTENCE><W>Internet</W><W>:</W><W>Ethernet</W><C><W>and</W></C><W>integrated</W><W>wireless</W><W>adapter</W></SENTENCE></P><P/><P><SENTENCE><W>Connectivity</W><W>:</W><W>4</W><W>USB2</W><W>ports</W><C><W>and</W></C><W>an</W><W>IEE</W><W>Port</W></SENTENCE></P><P/><P><SENTENCE><W>RAM</W><W>:</W><W>512</W><W>mb</W></SENTENCE></P><P/><P><SENTENCE><W>Video</W><W>:</W><W>GeforceGo</W><W>5200fx</W><W>32</W><W>mg</W><W>VRAM</W></SENTENCE></P><P/><P><SENTENCE><W>Battery</W><W>Life</W><W>:</W><W>About</W><W>2</W><W>hours</W><W>,</W><W>roughly</W><W>1</W><W>1/2</W><W>with</W><W>heavy</W><W>use</W><W>.</W></SENTENCE></P><P/><P><SENTENCE><W>Operating</W><W>system</W><W>:</W><W>Windows</W><W>XP</W></SENTENCE></P><P/><P><SENTENCE><W>Impressions</W><W>:</W><W>The</W><W>extra</W><W>wide</W><W>screen</W><W>size</W><C><W>and</W></C><W>ability</W><W>to</W><W>burn</W><W>your</W><W>own</W><W>DVD</W><W>&apos;s</W><W>lends</W><W>this</W><W>laptop</W><W>to</W><W>be</W><W>consider</W><W>an</W><W>extremely</W><W>good</W><W>movable</W><W>movie</W><W>theater</W><W>.</W></SENTENCE><SENTENCE><W>It</W><W>has</W><W>really</W><W>good</W><W>sound</W><W>,</W><W>with</W><W>two</W><W>stereo</W><W>Harmon/Karmon</W><W>speakers</W><W>.</W></SENTENCE><SENTENCE><W>The</W><W>screen</W><W>is</W><W>pretty</W><W>clear</W><C><W>and</W></C><W>crisp</W><W>,</W><W>so</W><W>movies</W><C><W>and</W></C><W>pictures</W><W>are</W><W>pretty</W><W>good</W><W>.</W></SENTENCE><SENTENCE><W>Though</W><C><cue ID="3" type="negation"><W>not</W></cue></C><xcope ID="29"><ref ID="73" SRC="3"/><W>quite</W><W>as</W><W>good</W><W>as</W><W>a</W><W>HDTV</W></xcope><W>,</W><W>but</W><C><cue ID="4" type="negation"><W>not</W></cue></C><xcope ID="28"><ref ID="72" SRC="4"/><W>too</W><W>bad</W><C><cue ID="5" type="negation"><W>either</W></cue></C></xcope><W>.</W></SENTENCE><SENTENCE><W>I</W><W>&apos;m</W><W>a</W><W>pretty</W><W>big</W><W>movie</W><W>buff</W><W>,</W><W>so</W><W>the</W><W>ability</W><W>to</W><W>watch</W><W>my</W><W>favorites</W><W>movies</W><W>anywhere</W><W>is</W><W>a</W><W>big</W><W>factor</W><W>for</W><W>me</W><W>.</W></SENTENCE><SENTENCE><W>Plus</W><W>with</W><W>the</W><W>extra</W><W>wide</W><W>screen</W><W>format</W><W>,</W><W>it</W><W>lends</W><W>itself</W><W>perfectly</W><W>for</W><W>movies</W><W>.</W></SENTENCE><SENTENCE><W>Preloaded</W><W>programs</W><W>also</W><W>makes</W><W>it</W><W>quite</W><W>versatile</W><W>.</W></SENTENCE><SENTENCE><W>I</W><W>found</W><W>the</W><W>Quicken</W><W>program</W><W>the</W><W>most</W><W>useful</W><W>as</W><W>I</W><C><cue ID="6" type="speculation"><W>can</W></cue></C><xcope ID="30"><ref ID="71" SRC="6"/><W>balance</W><W>my</W><W>finances</W></xcope><W>.</W></SENTENCE><SENTENCE><W>I</W><W>especially</W><W>like</W><W>the</W><W>integrated</W><W>wireless</W><W>modem</W><W>,</W><W>since</W><W>I</W><W>have</W><W>a</W><W>wireless</W><W>network</W><W>at</W><W>home</W><W>.</W></SENTENCE><SENTENCE><W>Connecting</W><W>to</W><W>the</W><W>internet</W><W>was</W><W>quite</W><W>easy</W><W>,</W><C><W>and</W></C><W>did</W><C><cue ID="7" type="negation"><W>not</W></cue></C><xcope ID="31"><ref ID="70" SRC="7"/><W>require</W><W>a</W><W>lot</W><W>of</W><W>tinkering</W></xcope><W>.</W></SENTENCE><SENTENCE><W>Though</W><W>lots</W><W>of</W><W>web</W><W>pages</W><W>are</W><C><cue ID="8" type="negation"><W>not</W></cue></C><xcope ID="32"><ref ID="69" SRC="8"/><W>made</W><W>in</W><W>the</W><W>extra</W><W>wide</W><W>format</W><W>so</W></xcope><W>,</W><W>there</W><W>will</W><W>be</W><W>wasted</W><W>space</W><W>on</W><W>your</W><W>screen</W><W>.</W></SENTENCE><SENTENCE><W>Playing</W><W>games</W><W>on</W><W>this</W><W>machine</W><W>is</W><W>great</W><W>,</W><W>the</W><W>high</W><W>specs</W><W>on</W><W>the</W><W>machine</W><W>allows</W><W>me</W><W>to</W><W>play</W><W>a</W><W>game</W><W>like</W><W>FreeLancer</W><W>at</W><W>good</W><W>frame</W><W>rates</W><W>.</W></SENTENCE><SENTENCE><W>The</W><W>game</W><W>actually</W><W>is</W><W>in</W><W>wide</W><W>format</W><W>so</W><W>I</W><W>get</W><W>the</W><W>see</W><W>more</W><W>of</W><W>the</W><W>game</W><W>than</W><W>a</W><W>regular</W><W>laptop</W><W>.</W></SENTENCE><SENTENCE><W>You</W><W>will</W><W>have</W><W>to</W><W>buy</W><W>an</W><W>external</W><W>mouse</W><W>,</W><W>since</W><W>the</W><W>touch</W><W>pad</W><W>is</W><C><cue ID="9" type="negation"><W>not</W></cue></C><xcope ID="33"><ref ID="68" SRC="9"/><W>really</W><W>made</W><W>for</W><W>games</W></xcope><W>.</W></SENTENCE><SENTENCE><W>I</W><W>have</W><C><cue ID="10" type="negation"><W>not</W></cue></C><xcope ID="34"><ref ID="67" SRC="10"/><W>try</W><W>it</W><W>yet</W><W>with</W><W>a</W><W>graphics</W><W>intensive</W><W>game</W></xcope><W>,</W><W>but</W><W>when</W><xcope ID="36"><ref ID="66" SRC="11"/><W>Doom3</W></xcope><C><cue ID="11" type="speculation"><W>or</W></cue></C><xcope ID="35"><ref ID="65" SRC="11"/><W>Half2</W><W>comes</W><W>out</W></xcope><W>,</W><W>I</W><W>&apos;ll</W><W>let</W><W>you</W><W>know</W><W>.</W></SENTENCE><SENTENCE><W>I</W><W>have</W><C><cue ID="12" type="negation"><W>not</W></cue></C><xcope ID="37"><ref ID="64" SRC="12"/><W>been</W><W>able</W><W>to</W><W>find</W><W>a</W><W>program</W><W>to</W><W>uses</W><W>the</W><W>hyper-threading</W><W>aspect</W><W>of</W><W>the</W><W>CPU</W></xcope><W>,</W><W>so</W><W>I</W><C><cue ID="13" type="speculation"><W>can</W></cue></C><xcope ID="39"><ref ID="63" SRC="13"/><C><cue ID="14" type="negation"><W>not</W></cue></C><xcope ID="38"><ref ID="62" SRC="14"/><W>give</W><W>any</W><W>impressions</W><W>on</W><W>that</W></xcope></xcope><W>.</W></SENTENCE></P><P/><P><SENTENCE><W>Drawbacks</W><W>:</W></SENTENCE></P><P/><P><SENTENCE><W>While</W><W>this</W><W>is</W><W>consider</W><W>a</W><W>laptop</W><W>,</W><W>I</W><W>really</W><C><cue ID="15" type="speculation"><W>think</W></cue></C><xcope ID="40"><ref ID="61" SRC="15"/><W>of</W><W>it</W><W>more</W><W>as</W><W>an</W><W>movable</W><W>movie</W><W>theater</W></xcope><W>.</W></SENTENCE><SENTENCE><W>Why</W><W>?</W></SENTENCE><SENTENCE><W>Well</W><W>,</W><W>at</W><W>10</W><W>lbs</W><W>it</W><W>is</W><W>pretty</W><W>heavy</W><W>thing</W><W>to</W><W>lug</W><W>around</W><W>.</W></SENTENCE><SENTENCE><W>Plus</W><W>,</W><W>with</W><W>the</W><W>extra</W><W>wide</W><W>screen</W><W>,</W><W>you</W><C><cue ID="16" type="speculation"><W>can</W></cue></C><xcope ID="42"><ref ID="60" SRC="16"/><C><cue ID="17" type="negation"><W>not</W></cue></C><xcope ID="41"><ref ID="59" SRC="17"/><W>fit</W><W>it</W><W>in</W><W>an</W><W>average</W><W>laptop</W><W>bag</W></xcope></xcope><W>.</W></SENTENCE><SENTENCE><W>The</W><W>size</W><W>of</W><W>the</W><W>laptop</W><W>itself</W><W>makes</W><W>it</W><W>harder</W><W>to</W><W>move</W><W>from</W><W>place</W><W>to</W><W>place</W><W>.</W></SENTENCE><SENTENCE><W>You</W><C><cue ID="18" type="speculation"><W>can</W></cue></C><xcope ID="46"><ref ID="58" SRC="18"/><C><cue ID="19" type="speculation"><W>probably</W></cue></C><xcope ID="45"><ref ID="57" SRC="19"/><W>movie</W><W>it</W><xcope ID="44"><ref ID="56" SRC="21"/><W>from</W><W>room</W><W>to</W><W>room</W></xcope><C><cue ID="21" type="speculation"><W>or</W></cue></C><xcope ID="43"><ref ID="55" SRC="21"/><W>from</W><W>house</W><W>to</W><W>house</W></xcope></xcope></xcope><W>,</W><W>but</W><W>I</W><C><cue ID="20" type="speculation"><W>would</W></cue></C><xcope ID="48"><ref ID="54" SRC="20"/><C><cue ID="22" type="negation"><W>not</W></cue></C><xcope ID="47"><ref ID="53" SRC="22"/><W>recommend</W><W>using</W><W>it</W><W>in</W><W>where</W><W>your</W><W>lap</W><W>is</W><W>your</W><W>only</W><W>option</W></xcope></xcope><W>.</W></SENTENCE><SENTENCE><W>This</W><W>laptop</W><W>requires</W><W>a</W><W>desk</W><W>.</W></SENTENCE></P><P/><P><SENTENCE><C><cue ID="23" type="speculation"><W>If</W></cue></C><xcope ID="49"><ref ID="52" SRC="23"/><W>you</W><W>do</W><W>want</W><W>to</W><W>bring</W><W>this</W><W>laptop</W></xcope><W>,</W><W>you</W><W>will</W><W>find</W><W>it</W><W>hard</W><W>to</W><W>find</W><W>a</W><W>bag</W><W>that</W><W>will</W><W>fit</W><W>a</W><W>17</W><W>inch</W><W>screen</W><W>.</W></SENTENCE><SENTENCE><W>I</W><W>&apos;ve</W><W>found</W><W>one</W><W>,</W><W>but</W><W>it</W><W>barely</W><W>fit</W><C><W>and</W></C><W>requires</W><W>some</W><W>squeezing</W><W>.</W></SENTENCE></P><P/><P><SENTENCE><W>Bottom</W><W>line</W><W>.</W></SENTENCE></P><P/><P><SENTENCE><W>Great</W><W>for</W><W>movies</W><W>,</W><C><cue ID="24" type="negation"><W>not</W></cue></C><xcope ID="50"><ref ID="51" SRC="24"/><W>so</W><W>great</W><W>for</W><W>your</W><W>lap</W></xcope><W>.</W></SENTENCE></P></DOCUMENT>