<?xml version="1.0" encoding="UTF-8"?>
<DOCUMENT><P></P><P><SENTENCE><W>I</W><W>&#39;ve</W><W>been</W><W>a</W><W>&#34;</W><W>Mac</W><W>girl&#34;</W><W>ever</W><W>since</W><W>the</W><W>introduction</W><W>of</W><W>the</W><W>Classic</W><C><W>and</W></C><W>I</W><C><cue ID="0" type="speculation"><W>must</W></cue></C><xcope ID="25"><ref ID="50" SRC="0"></ref><W>say</W><W>that</W><W>this</W><W>is</W><W>one</W><W>of</W><W>the</W><W>best</W><W>computers</W><W>I</W><W>&#39;ve</W><W>ever</W><W>owned</W></xcope><W>.</W></SENTENCE><SENTENCE><W>Many</W><W>of</W><W>the</W><W>other</W><W>Apple</W><W>computers</W><C><W>and</W></C><W>components</W><W>I</W><W>&#39;ve</W><W>owned</W><W>have</W><W>been</W><W>plagued</W><W>with</W><W>problems</W><W>,</W><W>yet</W><W>after</W><W>6</W><W>months</W><W>this</W><W>one</W><W>has</W><W>been</W><W>virtually</W><W>problem-free</W><W>.</W></SENTENCE><SENTENCE><W>Although</W><W>I</W><W>had</W><W>just</W><W>purchased</W><W>a</W><W>Snow</W><W>iMac</W><W>in</W><W>late</W><W>2000</W><W>,</W><W>once</W><W>I</W><W>saw</W><W>the</W><W>ad</W><W>for</W><W>the</W><W>Flat</W><W>Panel</W><W>iMac</W><W>I</W><W>knew</W><W>this</W><W>was</W><W>the</W><W>computer</W><W>for</W><W>me</W><W>.</W></SENTENCE><SENTENCE><W>The</W><W>original</W><W>iMac</W><C><W>and</W></C><W>iMovie</W><W>for</W><W>OS</W><W>9</W><W>had</W><W>got</W><W>me</W><W>hooked</W><W>on</W><W>editing</W><W>home</W><W>movies</W><C><W>and</W></C><W>I</W><W>was</W><W>drooling</W><W>over</W><W>the</W><W>built</W><W>in</W><W>DVD-R</W><W>in</W><W>the</W><W>new</W><W>model</W><W>....</W><W>I</W><W>had</W><W>to</W><W>have</W><W>it</W><W>.</W></SENTENCE></P><P></P><P><SENTENCE><W>Getting</W><W>the</W><W>computer</W><W>was</W><W>the</W><W>only</W><W>major</W><W>problem</W><W>I</W><W>&#39;ve</W><W>had</W><W>due</W><W>to</W><W>a</W><W>release</W><W>date</W><W>that</W><W>Apple</W><cue ID="1" type="speculation"><C><W>could</W></C><W>n&#39;t</W></cue><xcope ID="26"><ref COMMENTS="" ID="51" SRC="1"></ref><W>meet</W></xcope><W>.</W></SENTENCE><SENTENCE><W>Once</W><W>I</W><W>ordered</W><W>the</W><W>system</W><W>it</W><W>took</W><W>months</W><W>to</W><W>come</W><W>in</W><W>because</W><W>they</W><W>were</W><W>n&#39;t</W><W>shipping</W><W>,</W><W>but</W><W>I</W><C><cue ID="2" type="speculation"><W>believe</W></cue></C><xcope ID="27"><ref ID="52" SRC="2"></ref><W>those</W><W>problems</W><W>are</W><W>gone</W><W>now</W></xcope><W>.</W></SENTENCE><SENTENCE><W>When</W><W>the</W><W>computer</W><W>arrived</W><W>,</W><W>the</W><W>flat</W><W>panel</W><W>screen</W><W>was</W><W>cocked</W><C><W>and</W></C><W>the</W><W>fix</W><W>was</W><W>too</W><W>difficult</W><W>to</W><W>complete</W><W>alone</W><W>as</W><W>it</W><W>required</W><W>opening</W><W>the</W><W>flat</W><W>panel</W><W>screen</W><W>.</W></SENTENCE><SENTENCE><W>Apple</W><W>tech</W><C><W>support</W></C><W>was</W><W>very</W><W>understanding</W><W>of</W><W>the</W><W>problem</W><C><W>and</W></C><W>quickly</W><W>set</W><W>up</W><W>a</W><W>case</W><W>for</W><W>me</W><C><W>and</W></C><W>it</W><W>was</W><W>fixed</W><W>at</W><W>a</W><W>local</W><W>shop</W><W>within</W><W>a</W><W>week</W><W>.</W></SENTENCE></P><P></P><P><SENTENCE><W>I</W><W>was</W><W>a</W><W>little</W><W>nervous</W><W>about</W><W>switching</W><W>operating</W><W>systems</W><W>since</W><W>everything</W><W>I</W><W>used</W><W>was</W><W>on</W><W>OS</W><W>9</W><W>,</W><W>but</W><W>the</W><W>learning</W><W>curve</W><W>is</W><W>n&#39;t</W><W>steep.</W></SENTENCE><SENTENCE><W>OS</W><W>X</W><W>is</W><W>very</W><W>sleek</W><C><W>and</W></C><W>much</W><W>more</W><W>user</W><W>friendly</W><C><W>and</W></C><W>stable</W><W>than</W><W>OS</W><W>9</W><W>,</W><C><W>and</W></C><W>for</W><W>the</W><W>few</W><W>programs</W><W>that</W><W>you</W><W>ca</W><W>n&#39;t</W><W>get</W><W>on</W><W>OS</W><W>X</W><W>,</W><W>it</W><W>even</W><W>runs</W><W>OS</W><W>9</W><W>in</W><W>the</W><W>background</W><C><cue ID="3" type="speculation"><W>if</W></cue></C><xcope ID="28"><ref ID="53" SRC="3"></ref><W>you</W><W>want</W></xcope><W>!</W></SENTENCE><SENTENCE><W>OS</W><W>X</W><W>comes</W><W>with</W><W>all</W><W>the</W><W>tools</W><W>you</W><W>need</W><W>(</W><C><W>except</W></C><W>the</W><W>video</W><W>camera</W><W>)</W><W>for</W><W>making</W><W>professional</W><W>looking</W><W>DVD</W><W>&#39;s</W><W>of</W><W>whatever</W><W>you</W><W>want</W><W>.</W></SENTENCE><SENTENCE><W>In</W><W>6</W><W>months</W><W>I</W><W>have</W><W>already</W><W>attended</W><W>an</W><W>event</W><W>,</W><W>video</W><W>taped</W><W>it</W><W>,</W><W>then</W><W>edited</W><W>it</W><W>with</W><W>iMovie</W><C><W>and</W></C><W>sold</W><W>80</W><W>copies</W><W>of</W><W>the</W><W>DVD</W><W>&#39;s</W><W>I</W><W>burned</W><W>with</W><W>my</W><W>new</W><W>system</W><W>.</W></SENTENCE><SENTENCE><W>At</W><W>$</W><W>22</W><W>a</W><W>piece</W><W>it</W><W>has</W><W>almost</W><W>paid</W><W>for</W><W>itself</W><W>!</W></SENTENCE></P><P></P><P><SENTENCE><W>Unlike</W><W>Apple</W><W>&#39;s</W><W>previous</W><W>attempts</W><W>at</W><W>stylish</W><W>computers</W><W>,</W><W>they</W><W>did</W><C><cue ID="4" type="negation"><W>not</W></cue></C><xcope ID="29"><ref ID="54" SRC="4"></ref><W>sacrifice</W><W>function</W><W>for</W><W>fashion</W><W>in</W><W>this</W><W>model</W></xcope><W>.</W></SENTENCE><SENTENCE><C><cue ID="5" type="negation"><W>Not</W></cue></C><xcope ID="30"><ref ID="55" SRC="5"></ref><W>only</W><W>is</W><W>it</W><W>ingeniously</W><W>&#34;</W><W>cute</W></xcope><W>,</W><W>&#34;</W><W>it</W><W>also</W><W>runs</W><W>extremely</W><W>cool</W><W>(</W><C><cue ID="6" type="negation"><W>no</W></cue></C><xcope ID="31"><ref ID="56" SRC="6"></ref><W>burning</W><W>hot</W><W>CD</W><W>&#39;s</W><W>coming</W><W>out</W><W>of</W><W>THIS</W><W>drive</W></xcope><W>)</W><W>.</W></SENTENCE><SENTENCE><W>It</W><W>is</W><W>the</W><W>quietest</W><W>computer</W><W>I</W><W>&#39;ve</W><W>ever</W><W>owned</W><W>as</W><W>well</W><W>.</W></SENTENCE><SENTENCE><W>The</W><W>flat</W><W>panel</W><W>is</W><W>beautiful</W><C><W>and</W></C><W>although</W><W>I</W><W>&#39;ve</W><W>seen</W><W>others</W><W>complain</W><W>of</W><W>dead</W><W>pixels</W><W>,</W><W>I</W><W>do</W><W>n&#39;t</W><W>have</W><W>any</W><W>yet</W><W>.</W></SENTENCE><SENTENCE><W>(</W><W>I</W><W>also</W><C><cue ID="7" type="speculation"><W>believe</W></cue></C><xcope ID="32"><ref ID="57" SRC="7"></ref><W>this</W><W>is</W><W>just</W><W>the</W><W>&#34;nature</W><W>of</W><W>the</W><W>beast</W></xcope><W>&#34;</W><W>with</W><W>flat</W><W>panel</W><W>monitors</W><W>)</W><W>The</W><W>screen</W><W>pivoting</W><W>feature</W><W>is</W><W>wonderful</W><W>in</W><W>a</W><W>room</W><W>where</W><W>I</W><W>am</W><W>constantly</W><W>showing</W><W>my</W><W>work</W><W>to</W><W>people</W><W>around</W><W>me</W><W>.</W></SENTENCE><SENTENCE><W>It</W><W>will</W><W>run</W><W>even</W><W>the</W><W>most</W><W>graphic</W><W>intensive</W><W>game</W><C><W>and</W></C><W>multi-task</W><W>like</W><W>a</W><W>champ</W><W>.</W></SENTENCE><SENTENCE><W>I</W><W>&#39;m</W><W>disappointed</W><W>that</W><W>they</W><W>are</W><W>now</W><W>coming</W><W>out</W><W>with</W><W>a</W><W>17</W><W>&#34;</W><W>model</W><W>,</W><W>as</W><W>I</W><C><cue ID="8" type="speculation"><W>would</W></cue></C><xcope ID="33"><ref ID="58" SRC="8"></ref><W>have</W><W>waited</W><W>for</W><W>this</W><W>had</W><W>I</W><W>known</W></xcope><W>.</W></SENTENCE><SENTENCE><W>I</W><W>know</W><W>I</W><W>know</W><W>,</W><W>you</W><C><cue ID="9" type="negation"><W>never</W></cue></C><xcope ID="34"><ref ID="59" SRC="9"></ref><W>know</W><W>with</W><W>computers</W></xcope><C><W>and</W></C><W>whatever</W><W>you</W><W>buy</W><W>is</W><W>typically</W><W>outdated</W><W>within</W><W>6</W><W>months</W><W>anyways</W><W>,</W><W>but</W><W>with</W><W>this</W><W>machine</W><W>I</W><W>went</W><W>by</W><W>past</W><W>experience</W><W>with</W><W>iMacs</W><W>always</W><W>being</W><W>15</W><W>inches</W><W>.</W></SENTENCE><SENTENCE><W>I</W><W>figured</W><C><cue ID="10" type="speculation"><W>if</W></cue></C><xcope ID="35"><ref ID="60" SRC="10"></ref><W>they</W><W>had</W><W>n&#39;t</W><W>come</W><W>out</W><W>with</W><W>a</W><W>17</W><W>&#34;</W></xcope><W>at</W><W>this</W><W>point</W><W>that</W><W>they</W><W>redesigned</W><W>the</W><W>whole</W><W>machine</W><W>,</W><W>they</W><C><cue ID="11" type="negation"><W>never</W></cue></C><C><cue ID="12" type="speculation"><xcope ID="36"><ref ID="61" SRC="11"></ref><W>would</W></xcope></cue></C><W>lol</W><W>.</W></SENTENCE></P><P></P><P><SENTENCE><W>The</W><W>only</W><W>complaint</W><W>I</W><W>have</W><W>is</W><W>really</W><W>just</W><W>with</W><W>Apple</W><W>&#39;s</W><W>policies</W><W>.</W></SENTENCE><SENTENCE><W>I</W><W>just</W><W>got</W><W>this</W><W>machine</W><W>in</W><W>February</W><C><W>and</W></C><W>they</W><W>&#39;ve</W><W>already</W><W>come</W><W>out</W><W>with</W><W>a</W><W>new</W><W>operating</W><W>system</W><W>that</W><W>I</W><W>&#39;m</W><W>required</W><W>to</W><W>pay</W><W>*full</W><W>price*</W><W>for</W><W>in</W><W>order</W><W>to</W><W>upgrade</W><W>.</W></SENTENCE><SENTENCE><W>This</W><W>is</W><W>ridiculous</W><W>,</W><W>to</W><W>me</W><W>they</W><C><cue ID="13" type="speculation"><W>should</W></cue></C><xcope ID="38"><ref ID="63" SRC="13"></ref><W>at</W><W>least</W><W>offer</W><W>a</W><W>little</W><W>cheaper</W><W>version</W><C><cue ID="14" type="speculation"><W>if</W></cue></C><xcope ID="37"><ref ID="62" SRC="14"></ref><W>you</W><W>already</W><W>own</W><W>the</W><W>operating</W><W>system</W></xcope></xcope><W>.</W></SENTENCE><SENTENCE><W>I</W><W>am</W><W>also</W><W>a</W><W>little</W><W>&#34;</W><W>torqued</W><W>&#34;</W><W>that</W><W>they</W><W>are</W><W>charging</W><W>for</W><W>iTools</W><W>.</W></SENTENCE><SENTENCE><C><cue ID="16" type="negation"><W>Not</W></cue></C><xcope ID="41"><ref ID="66" SRC="16"></ref><W>because</W><W>I</W><C><cue ID="17" type="speculation"><W>think</W></cue></C><xcope ID="40"><ref ID="65" SRC="17"></ref><W>it</W><W>&#39;s</W><C><cue ID="18" type="negation"><W>not</W></cue></C><xcope ID="39"><ref ID="64" SRC="18"></ref><W>worth</W></xcope><W>it</W></xcope></xcope><W>(</W><W>well</W><W>,</W><W>worth</W><W>$</W><W>100</W><W>a</W><W>year</W><W>?</W></SENTENCE><SENTENCE><W>I</W><W>dunno...</W><W>)</W><W>but</W><W>because</W><W>they</W><W>had</W><W>always</W><W>&#34;promised</W><W>&#34;</W><W>that</W><W>at</W><W>the</W><W>very</W><W>least</W><W>the</W><W>email</W><C><cue ID="19" type="speculation"><W>would</W></cue></C><xcope ID="42"><ref ID="67" SRC="19"></ref><W>continue</W><W>to</W><W>be</W><W>free</W></xcope><W>.</W></SENTENCE><SENTENCE><W>At</W><W>this</W><W>point</W><W>,</W><W>they</W><W>are</W><W>n&#39;t</W><W>even</W><W>offering</W><W>different</W><W>levels</W><W>of</W><W>iTools</W><W>(</W><W>like</W><W>mail</W><W>only</W><W>$</W><W>20/year</W><W>,</W><W>mail</W><W>+website</W><W>$</W><W>40/year</W><W>,</W><W>etc</W><W>)</W><xcope ID="46"><ref ID="70" SRC="21"></ref><W>you</W><W>just</W><W>have</W><W>to</W><W>pay</W><W>$</W><W>100</W></xcope><C><cue ID="21" type="speculation"><W>or</W></cue></C><xcope ID="44"><ref ID="69" SRC="21"></ref><C><cue ID="20" type="negation"><W>not</W></cue></C><xcope ID="43"><ref ID="68" SRC="20"></ref><W>get</W><W>it</W></xcope></xcope><W>.</W></SENTENCE><SENTENCE><W>But</W><W>for</W><W>years</W><W>the</W><W>free</W><W>iTools</W><W>has</W><W>been</W><W>one</W><W>of</W><W>their</W><W>strongest</W><W>selling</W><W>points</W><C><W>and</W></C><W>they</W><W>advertise</W><W>it</W><W>on</W><W>every</W><W>machine</W><W>.</W></SENTENCE><SENTENCE><W>For</W><W>a</W><W>company</W><W>that</W><W>relies</W><W>heavily</W><W>on</W><W>word</W><W>of</W><W>mouth</W><W>advertising</W><W>from</W><W>Mac</W><W>to</W><W>PC</W><W>users</W><W>,</W><W>I</W><C><cue ID="22" type="speculation"><W>would</W></cue></C><xcope ID="49"><ref ID="73" SRC="22"></ref><C><cue ID="23" type="speculation"><W>think</W></cue></C><xcope ID="48"><ref ID="72" SRC="23"></ref><W>that</W><W>it</W><cue ID="24" type="speculation"><C><W>would</W></C><W>n&#39;t</W></cue><xcope ID="47"><ref COMMENTS="" ID="71" SRC="24"></ref><W>want</W><W>to</W><W>reduce</W><W>it</W><W>&#39;s</W><W>loyal</W><W>customer</W><W>base</W></xcope><W>by</W></xcope></xcope><W>making</W><W>them</W><C><W>feel</W></C><W>slighted</W><W>.</W></SENTENCE></P></DOCUMENT>
