<?xml version="1.0" encoding="UTF-8"?>
<DOCUMENT><P></P><P><SENTENCE><W>I</W><W>have</W><W>spent</W><W>three</W><W>months</W><W>with</W><W>my</W><W>new</W><W>Sony</W><W>Vaio</W><W>PCG-FRV27</W><W>notebook</W><W>computer</W><C><W>and</W></C><C><cue ID="0" type="speculation"><W>must</W></cue></C><xcope ID="60"><ref ID="120" SRC="0"></ref><W>say</W><W>that</W><W>I</W><W>am</W><W>impressed</W></xcope><W>.</W></SENTENCE><SENTENCE><W>Our</W><W>company</W><W>had</W><W>been</W><W>using</W><W>a</W><W>four</W><W>year</W><W>old</W><W>Sony</W><W>that</W><W>just</W><W>did</W><C><cue ID="1" type="negation"><W>not</W></cue></C><xcope ID="61"><ref ID="121" SRC="1"></ref><W>cut</W><W>it</W></xcope><W>;</W><W>too</W><W>slow</W><W>,</W><W>too</W><W>heavy</W><W>,</W><W>too</W><W>old</W><W>.</W></SENTENCE><SENTENCE><W>After</W><W>a</W><W>couple</W><W>of</W><W>years</W><W>of</W><W>haggling</W><W>,</W><W>we</W><W>finally</W><W>convinced</W><W>the</W><W>bosses</W><W>that</W><W>we</W><W>really</W><W>did</W><W>need</W><W>a</W><W>better</W><W>laptop</W><W>.</W></SENTENCE><SENTENCE><W>Thankfully</W><W>,</W><W>they</W><W>saw</W><W>that</W><W>we</W><C><cue ID="2" type="speculation"><W>might</W></cue></C><xcope ID="62"><ref ID="122" SRC="2"></ref><W>be</W><W>on</W><W>to</W><W>something</W></xcope><C><W>and</W></C><W>managed</W><W>to</W><W>free</W><W>up</W><W>enough</W><W>money</W><W>so</W><W>that</W><W>we</W><C><cue ID="3" type="speculation"><W>could</W></cue></C><xcope ID="63"><ref ID="123" SRC="3"></ref><W>make</W><W>a</W><W>purchase</W></xcope><W>.</W></SENTENCE></P><P></P><P><SENTENCE><W>The</W><W>differences</W><W>between</W><W>the</W><xcope ID="64"><ref ID="125" SRC="4"></ref><W>three</W></xcope><C><cue ID="4" type="speculation"><W>or</W></cue></C><xcope ID="65"><ref ID="124" SRC="4"></ref><W>four</W><W>year</W></xcope><W>old</W><W>Sony</W><W>laptop</W><W>that</W><W>I</W><W>had</W><W>been</W><W>using</W><C><W>and</W></C><W>the</W><W>Sony</W><W>VAIO</W><W>PCG-FRV27</W><W>Notebook</W><W>are</W><W>simply</W><W>amazing</W><W>.</W></SENTENCE><SENTENCE><W>Suddenly</W><W>,</W><W>I</W><W>am</W><C><cue ID="5" type="negation"><W>not</W></cue></C><xcope ID="67"><ref ID="126" SRC="5"></ref><W>hesitant</W><W>to</W><W>pull</W><W>out</W><W>my</W><W>laptop</W><W>in</W><W>front</W><W>of</W><W>clients</W></xcope><W>(</W><W>Improved</W><W>graphics</W><W>,</W><W>speed</W><W>,</W><W>mouse</W><W>,</W><W>etc.</W><W>)</W><W>because</W><W>of</W><W>the</W><W>ineptitude</W><W>of</W><W>my</W><W>previous</W><W>computer</W><W>.</W></SENTENCE><SENTENCE><W>Heck</W><W>,</W><W>the</W><W>improvements</W><W>are</W><W>a</W><W>huge</W><W>step</W><W>up</W><W>from</W><W>my</W><W>desktop</W><W>of</W><W>two</W><W>years</W><W>.</W></SENTENCE><SENTENCE><W>Regardless</W><W>,</W><W>here</W><W>is</W><W>what</W><W>I</W><W>like</W><C><W>and</W></C><W>do</W><C><cue ID="6" type="negation"><W>not</W></cue></C><xcope ID="66"><ref ID="127" SRC="6"></ref><W>like</W><W>when</W><W>it</W><W>comes</W><W>to</W><W>the</W><W>Sony</W><W>VAIO</W><W>PCG-FRV27</W><W>Notebook</W></xcope><W>.</W></SENTENCE></P><P></P><P><SENTENCE><W>THE</W><W>SPECIFICS</W><W>:</W></SENTENCE></P><P></P><P><SENTENCE><W>*/SYM</W><W>2.66</W><W>GHz</W><W>Intel</W><W>Pentium</W><W>4</W><W>processor</W></SENTENCE></P><P></P><P><SENTENCE><W>*/SYM</W><W>512</W><W>MB</W><W>RAM</W></SENTENCE></P><P></P><P><SENTENCE><W>*/SYM</W><W>533</W><W>system</W><W>BUS</W><W>speed</W></SENTENCE></P><P></P><P><SENTENCE><W>*/SYM</W><W>DDR</W><W>SDRAM</W></SENTENCE></P><P></P><P><SENTENCE><W>*/SYM</W><W>1.024</W><W>MB</W><W>maximum</W><W>RAM</W></SENTENCE></P><P></P><P><SENTENCE><W>*/SYM</W><W>Windows</W><W>XP</W><W>home</W><W>operating</W><W>system</W></SENTENCE></P><P></P><P><SENTENCE><W>*/SYM</W><W>One</W><W>40</W><W>GB</W><W>hard</W><W>drive</W></SENTENCE></P><P></P><P><SENTENCE><W>*/SYM</W><W>CD-RW</W><W>24x</W><W>(</W><W>read</W><W>)</W><W>,</W><W>16x</W><W>(</W><W>write</W><W>)</W><W>,</W><W>8x</W><W>(</W><W>rewrite</W><W>)</W></SENTENCE></P><P></P><P><SENTENCE><W>*/SYM</W><W>Screen</W><W>size</W><W>of</W><W>15</W><W>&#34;</W><W>x</W><W>15</W><W>&#34;</W></SENTENCE></P><P></P><P><SENTENCE><W>*/SYM</W><W>LCD</W><W>resolution</W><W>1024</W><W>x</W><W>768</W></SENTENCE></P><P></P><P><SENTENCE><W>*/SYM</W><W>Two</W><W>PC</W><W>card</W><W>slots</W></SENTENCE></P><P></P><P><SENTENCE><W>*/SYM</W><W>Three</W><W>USB</W><W>2.0</W><W>ports</W></SENTENCE></P><P></P><P><SENTENCE><W>*/SYM</W><W>Modem</W><W>56</W><W>Kbps</W></SENTENCE></P><P></P><P><SENTENCE><W>*/SYM</W><W>10BASE-T/100BASE-TX</W><W>Ethernet</W><W>network</W><W>connection</W></SENTENCE></P><P></P><P><SENTENCE><W>*/SYM</W><W>Size</W><W>13</W><W>&#34;</W><W>x</W><W>10.8</W><W>x</W><W>2.26</W><W>&#34;</W><C><W>and</W></C><W>7.72</W><W>lbs</W></SENTENCE></P><P></P><P><SENTENCE><W>*/SYM</W><W>Warranty</W><W>for</W><W>parts</W><C><W>and</W></C><W>labor</W><W>of</W><W>one</W><W>year</W></SENTENCE></P><P></P><P><SENTENCE><W>Ok</W><W>,</W><W>so</W><W>what</W><W>does</W><W>all</W><W>this</W><W>provide</W><W>you</W><W>with</W><W>?</W></SENTENCE><SENTENCE><W>How</W><W>do</W><W>you</W><W>make</W><W>sense</W><W>of</W><W>this</W><W>?</W></SENTENCE><SENTENCE><W>Well</W><W>,</W><C><cue ID="7" type="speculation"><W>if</W></cue></C><xcope ID="68"><ref ID="128" SRC="7"></ref><W>you</W><W>are</W><W>me</W></xcope><W>,</W><W>you</W><W>do</W><W>n&#39;t</W><W>.</W></SENTENCE><SENTENCE><W>I</W><W>will</W><W>provide</W><W>you</W><W>with</W><W>what</W><W>I</W><W>like</W><C><W>and</W></C><W>do</W><C><cue ID="8" type="negation"><W>not</W></cue></C><xcope ID="70"><ref ID="129" SRC="8"></ref><W>like</W></xcope><W>,</W><W>but</W><W>this</W><W>will</W><C><cue ID="9" type="negation"><W>not</W></cue></C><xcope ID="71"><ref ID="131" SRC="9"></ref><W>be</W><W>a</W><W>highly</W><W>technical</W><W>epinion</W></xcope><W>.</W></SENTENCE><SENTENCE><W>I</W><W>simply</W><W>do</W><C><cue ID="10" type="negation"><W>not</W></cue></C><xcope ID="69"><ref ID="130" SRC="10"></ref><W>understand</W><W>a</W><W>lot</W><W>of</W><W>the</W><W>technical</W><W>stuff</W></xcope><W>.</W></SENTENCE><SENTENCE><W>What</W><W>I</W><W>do</W><W>understand</W><W>is</W><W>performance</W><C><W>and</W></C><W>what</W><W>is</W><W>important</W><W>to</W><W>the</W><W>everyday</W><W>end</W><W>user</W><W>.</W></SENTENCE></P><P></P><P><SENTENCE><W>WHAT</W><W>I</W><W>LIKE</W><W>:</W></SENTENCE></P><P></P><P><SENTENCE><W>1</W><W>.</W></SENTENCE><SENTENCE><W>The</W><W>size</W><W>is</W><W>much</W><W>better</W><W>than</W><W>what</W><W>I</W><W>was</W><W>accustomed</W><W>to</W><W>.</W></SENTENCE><SENTENCE><W>I</W><W>know</W><W>it</W><C><cue ID="11" type="speculation"><W>seems</W></cue></C><xcope ID="73"><ref ID="133" SRC="11"></ref><W>odd</W><W>that</W><W>I</W><C><cue ID="12" type="speculation"><W>would</W></cue></C><xcope ID="72"><ref ID="132" SRC="12"></ref><W>list</W><W>this</W><W>first</W></xcope></xcope><W>,</W><W>but</W><W>when</W><W>you</W><W>are</W><W>traveling</W><W>frequently</W><W>the</W><W>size</W><W>of</W><W>your</W><W>machine</W><W>is</W><W>important</W><W>.</W></SENTENCE><SENTENCE><W>The</W><W>smaller</W><C><W>and</W></C><W>lighter</W><W>the</W><W>better</W><W>,</W><W>so</W><W>long</W><W>as</W><W>you</W><W>are</W><C><cue ID="13" type="negation"><W>not</W></cue></C><xcope ID="74"><ref ID="134" SRC="13"></ref><W>sacrificing</W><W>performance</W></xcope><W>.</W></SENTENCE><SENTENCE><W>The</W><W>Vaio</W><W>PCG-</W><W>FRV27</W><W>Notebook</W><W>is</W><W>quite</W><W>light</W><C><W>and</W></C><W>a</W><W>similar</W><W>size</W><W>to</W><W>what</W><W>all</W><W>other</W><W>notebooks</W><W>are</W><W>.</W></SENTENCE><SENTENCE><W>A</W><W>great</W><W>improvement</W><W>over</W><W>what</W><W>you</W><C><cue ID="14" type="speculation"><W>could</W></cue></C><xcope ID="75"><ref ID="135" SRC="14"></ref><W>purchase</W><W>a</W><W>few</W><W>years</W><W>ago</W></xcope><W>.</W></SENTENCE></P><P></P><P><SENTENCE><W>2.</W><W>Speed</W><W>.</W></SENTENCE><SENTENCE><W>No,</W><W>the</W><W>Vaio</W><W>is</W><C><cue ID="15" type="negation"><W>not</W></cue></C><xcope ID="76"><ref ID="136" SRC="15"></ref><W>as</W><W>fast</W><W>as</W><W>my</W><W>desktop</W><W>computer</W></xcope><W>,</W><W>but</W><W>yes</W><W>it</W><W>is</W><W>fast</W><W>.</W></SENTENCE><SENTENCE><W>I</W><W>am</W><W>able</W><W>to</W><W>download</W><W>as</W><W>fast</W><W>as</W><W>I</W><C><cue ID="16" type="speculation"><W>can</W></cue></C><xcope ID="77"><ref ID="137" SRC="16"></ref><W>on</W><W>any</W><W>computer</W><W>in</W><W>our</W><W>office</W></xcope><W>.</W></SENTENCE><SENTENCE><W>This</W><W>is</W><W>of</W><W>utmost</W><W>importance</W><W>to</W><W>me</W><W>when</W><W>I</W><W>am</W><W>traveling</W><W>since</W><W>I</W><W>am</W><W>constantly</W><W>downloading</W><W>large</W><W>files</W><W>that</W><W>contains</W><W>numerous</W><W>graphics</W><W>for</W><W>various</W><W>presentations</W><W>.</W></SENTENCE><SENTENCE><W>I</W><W>am</W><W>also</W><W>able</W><W>to</W><W>download</W><W>videos</W><W>that</W><W>go</W><W>along</W><W>with</W><W>the</W><W>presentations</W><C><cue ID="17" type="negation"><W>without</W></cue></C><xcope ID="78"><ref ID="138" SRC="17"></ref><W>delay</W></xcope><W>.</W></SENTENCE><SENTENCE><W>Both</W><W>are</W><W>great</W><W>upgrades</W><W>over</W><W>my</W><W>previous</W><W>laptop</W><W>.</W></SENTENCE></P><P></P><P><SENTENCE><W>3.</W><W>The</W><W>graphics</W><W>are</W><W>sharp</W><C><W>and</W></C><W>professional</W><W>.</W></SENTENCE><SENTENCE><W>Again</W><W>,</W><W>this</W><W>is</W><W>important</W><W>when</W><W>it</W><W>comes</W><W>to</W><W>any</W><W>presentation</W><W>.</W></SENTENCE><SENTENCE><W>I</W><C><cue ID="18" type="speculation"><W>must</W></cue></C><xcope ID="82"><ref ID="140" SRC="18"></ref><W>have</W><W>a</W><W>computer</W><W>that</W><C><cue ID="19" type="speculation"><W>can</W></cue></C><xcope ID="81"><ref ID="139" SRC="19"></ref><W>produce</W><W>colorful</W><C><W>and</W></C><W>sharp</W><W>graphics</W></xcope></xcope><W>in</W><W>order</W><W>to</W><W>look</W><W>professional</W><W>.</W></SENTENCE><SENTENCE><W>The</W><W>graphics</W><C><cue ID="20" type="speculation"><W>must</W></cue></C><xcope ID="80"><ref ID="141" SRC="20"></ref><W>also</W><W>be</W><W>sharp</W><W>when</W><W>shown</W><W>through</W><W>the</W><W>lens</W><W>of</W><W>a</W><W>projector</W></xcope><W>.</W></SENTENCE><SENTENCE><W>The</W><W>Vaio</W><W>PCG-</W><W>FRV27</W><W>Notebook</W><W>meets</W><W>both</W><W>of</W><W>these</W><W>criteria</W><C><cue ID="21" type="negation"><W>without</W></cue></C><xcope ID="79"><ref ID="142" SRC="21"></ref><W>a</W><W>problem</W></xcope><W>.</W></SENTENCE></P><P></P><P><SENTENCE><W>In</W><W>addition</W><W>,</W><W>the</W><W>screen</W><W>is</W><W>larger</W><W>than</W><W>my</W><W>old</W><W>machine</W><W>because</W><W>the</W><W>screen</W><W>takes</W><W>up</W><W>most</W><W>of</W><W>the</W><W>frame</W><W>that</W><W>you</W><W>view</W><W>.</W></SENTENCE><SENTENCE><W>What</W><W>I</W><W>mean</W><W>is</W><W>that</W><W>there</W><W>is</W><C><cue ID="22" type="negation"><W>not</W></cue></C><xcope ID="83"><ref ID="143" SRC="22"></ref><W>really</W><W>much</W><W>of</W><W>a</W><W>frame</W><W>around</W><W>the</W><W>picture</W></xcope><W>.</W></SENTENCE><SENTENCE><W>Hence</W><W>,</W><W>the</W><W>picture</W><W>portion</W><W>of</W><W>the</W><W>screen</W><W>is</W><W>larger</W><W>.</W></SENTENCE></P><P></P><P><SENTENCE><W>4</W><W>.</W><W>Options</W><W>are</W><W>important</W><W>.</W></SENTENCE><SENTENCE><W>What</W><W>do</W><W>I</W><W>mean</W><W>?</W></SENTENCE><SENTENCE><W>I</W><W>mean</W><W>multiple</W><W>ports</W><W>.</W></SENTENCE><SENTENCE><W>At</W><W>any</W><W>one</W><W>time</W><W>,</W><W>for</W><W>instance</W><W>,</W><W>I</W><C><cue ID="23" type="speculation"><W>may</W></cue></C><xcope ID="84"><ref ID="144" SRC="23"></ref><W>need</W><W>to</W><W>be</W><W>hooked</W><W>to</W><W>a</W><W>printer</W></xcope><W>,</W><W>projector</W><W>,</W><C><W>and</W></C><W>the</W><W>internet</W><W>.</W></SENTENCE><SENTENCE><W>In</W><W>order</W><W>to</W><W>do</W><W>so</W><W>I</W><W>need</W><W>multiple</W><W>ports</W><W>.</W></SENTENCE><SENTENCE><W>This</W><W>machine</W><W>provides</W><W>me</W><W>with</W><W>three</W><W>USB</W><W>ports</W><C><W>and</W></C><W>two</W><W>pc</W><W>card</W><W>slots</W><W>.</W></SENTENCE><SENTENCE><W>What</W><W>this</W><W>means</W><W>is</W><W>that</W><W>I</W><C><cue ID="24" type="speculation"><W>can</W></cue></C><xcope ID="85"><ref ID="145" SRC="24"></ref><W>be</W><W>hooked</W><W>into</W><W>multiple</W><W>accessories</W><W>at</W><W>the</W><W>same</W><W>time</W></xcope><W>.</W></SENTENCE><SENTENCE><W>With</W><W>my</W><W>old</W><W>machine</W><W>,</W><W>I</W><W>had</W><W>to</W><W>often</W><W>disconnect</W><W>from</W><W>one</W><W>accessory</W><W>in</W><W>order</W><W>to</W><W>hook</W><W>another</W><W>one</W><W>up</W><W>.</W></SENTENCE></P><P></P><P><SENTENCE><W>5</W><W>.</W><W>The</W><W>bundled</W><W>software</W><W>is</W><W>useful</W><W>.</W></SENTENCE><SENTENCE><W>This</W><W>software</W><W>includes</W><W>the</W><W>following</W><W>:</W><W>Microsoft</W><W>Money</W><W>2003</W><W>,</W><W>Microsoft</W><W>Works</W><W>7.0,</W><W>Intervideo</W><W>WinDVD</W><W>4</W><W>for</W><W>VAIO</W><W>PC</W><W>,</W><W>Microsoft</W><W>Encarta</W><W>Online</W><W>,</W><W>Sony</W><W>DVgate</W><W>Plus</W><W>,</W><W>Sony</W><W>SonicStage</W><W>,</W><W>Sony</W><W>PictureGear</W><W>Studio</W><W>,</W><W>Sony</W><W>VAIO</W><W>Media</W><W>Software</W><W>,</W><W>Sony</W><W>Click</W><W>to</W><W>DVD</W><W>,</W><W>EasySystem</W><W>Drag</W><W>&#39;n</W><W>Drop</W><W>CD+DVD.</W></SENTENCE><SENTENCE><W>While</W><C><cue ID="25" type="negation"><W>not</W></cue></C><xcope ID="86"><ref ID="146" SRC="25"></ref><W>all</W><W>these</W><W>names</W><W>are</W><W>familiar</W><W>to</W><W>me</W></xcope><W>,</W><W>I</W><W>am</W><W>sure</W><W>that</W><W>some</W><W>of</W><W>them</W><W>are</W><W>used</W><C><cue ID="26" type="negation"><W>without</W></cue></C><xcope ID="87"><ref ID="147" SRC="26"></ref><W>my</W><W>knowledge</W></xcope><W>.</W></SENTENCE><SENTENCE><W>I</W><W>do</W><W>spend</W><W>a</W><W>good</W><W>bit</W><W>of</W><W>time</W><W>using</W><W>Microsoft</W><W>Money</W><W>2003</W><W>for</W><W>my</W><W>personal</W><W>financial</W><W>computations</W><C><W>and</W></C><W>budgets</W><W>.</W></SENTENCE><SENTENCE><W>I</W><W>also</W><W>frequently</W><W>utilize</W><W>Microsoft</W><W>Works</W><W>in</W><W>order</W><W>to</W><W>import</W><C><W>and</W></C><W>export</W><W>charts</W><W>for</W><W>presentations</W><C><W>and</W></C><W>to</W><W>develop</W><W>reports</W><W>for</W><W>clients</W><W>.</W></SENTENCE><SENTENCE><W>A</W><W>number</W><W>of</W><W>the</W><W>bundled</W><W>software</W><W>programs</W><W>are</W><W>used</W><W>for</W><W>digital</W><W>images</W><W>-</W><C><cue ID="27" type="speculation"><W>whether</W></cue></C><xcope ID="90"><ref ID="150" SRC="27"></ref><W>it</W><W>be</W><xcope ID="89"><ref ID="149" SRC="28"></ref><W>processing</W></xcope><C><cue ID="28" type="speculation"><W>or</W></cue></C><xcope ID="88"><ref ID="148" SRC="28"></ref><W>editing</W></xcope></xcope><W>.</W></SENTENCE><SENTENCE><W>Regardless</W><W>of</W><C><cue ID="29" type="speculation"><W>whether</W></cue></C><C><cue ID="30" type="speculation"><W>or</W></cue></C><C><cue ID="31" type="negation"><xcope ID="91"><ref ID="151" SRC="30"></ref><W>not</W></xcope></cue></C><W>you</W><xcope ID="93"><ref ID="153" SRC="32"></ref><W>utilize</W><W>many</W></xcope><C><cue ID="32" type="speculation"><W>or</W></cue></C><xcope ID="92"><ref ID="152" SRC="32"></ref><W>any</W><W>of</W><W>these</W><W>software</W><W>programs</W></xcope><W>,</W><W>it</W><W>is</W><W>best</W><W>to</W><W>have</W><W>them</W><W>available</W><W>.</W></SENTENCE></P><P></P><P><SENTENCE><W>6</W><W>.</W></SENTENCE><SENTENCE><W>The</W><W>touch</W><W>pad</W><W>mouse</W><W>is</W><W>easier</W><W>to</W><W>use</W><W>than</W><W>most</W><W>.</W></SENTENCE><SENTENCE><W>I</W><W>have</W><C><cue ID="33" type="negation"><W>never</W></cue></C><xcope ID="94"><ref ID="154" SRC="33"></ref><W>been</W><W>a</W><W>fan</W><W>of</W><W>the</W><W>touch</W><W>pad</W><W>mouse</W></xcope><W>,</W><W>but</W><W>am</W><W>becoming</W><W>a</W><W>fan</W><W>of</W><W>this</W><W>mouse</W><W>.</W></SENTENCE><SENTENCE><W>Most</W><W>have</W><W>always</W><W>been</W><W>difficult</W><W>for</W><W>me</W><W>to</W><W>use</W><W>because</W><W>they</W><C><cue ID="34" type="speculation"><W>would</W></cue></C><xcope ID="97"><ref ID="156" SRC="34"></ref><xcope ID="96"><W>always</W><W>move</W><W>too</W><W>quickly</W></xcope><C><cue ID="35" type="speculation"><W>or</W></cue></C><xcope ID="95"><ref ID="155" SRC="35"></ref><W>have</W><W>too</W><W>much</W><W>lag</W></xcope></xcope><W>.</W></SENTENCE><SENTENCE><W>I</W><W>also</W><W>found</W><W>that</W><W>I</W><W>struggled</W><W>in</W><W>getting</W><W>them</W><W>to</W><W>go</W><W>where</W><W>I</W><W>wanted</W><W>them</W><W>to</W><W>go</W><W>.</W></SENTENCE><SENTENCE><C><cue ID="36" type="negation"><W>Not</W></cue></C><xcope ID="98"><ref ID="157" SRC="36"></ref><W>so</W><W>with</W><W>this</W><W>mouse</W></xcope><W>.</W></SENTENCE><SENTENCE><W>The</W><W>touch</W><W>pad</W><W>is</W><W>easy</W><W>to</W><W>operate</W><C><W>and</W></C><W>works</W><W>like</W><W>it</W><C><cue ID="37" type="speculation"><W>should</W></cue></C><W>.</W></SENTENCE><SENTENCE><W>You</W><W>will</W><W>find</W><W>a</W><W>consistent</W><W>speed</W><C><W>and</W></C><W>pinpoint</W><W>control</W><W>.</W></SENTENCE></P><P></P><P><SENTENCE><W>7.</W><W>Though</W><W>I</W><W>infrequently</W><W>utilize</W><W>the</W><W>sound</W><W>feature</W><W>,</W><W>it</W><W>is</W><W>decent</W><W>enough</W><W>.</W></SENTENCE><SENTENCE><W>The</W><W>speakers</W><W>are</W><W>built</W><W>in</W><W>(</W><W>Obviously</W><W>)</W><C><W>and</W></C><W>provide</W><W>a</W><W>sound</W><W>that</W><W>I</W><C><cue ID="38" type="speculation"><W>would</W></cue></C><xcope ID="100"><ref ID="159" SRC="38"></ref><C><cue ID="39" type="negation"><W>not</W></cue></C><xcope ID="99"><ref ID="158" SRC="39"></ref><W>be</W><W>embarrassed</W><W>to</W><W>utilize</W><W>in</W><W>a</W><W>presentation</W></xcope></xcope><W>.</W></SENTENCE><SENTENCE><W>Again</W><W>,</W><W>this</W><W>is</W><W>a</W><W>big</W><W>step</W><W>up</W><W>from</W><W>a</W><W>few</W><W>years</W><W>ago</W><W>.</W></SENTENCE></P><P></P><P><SENTENCE><W>WHAT</W><W>I</W><W>DO</W><C><cue ID="40" type="negation"><W>NOT</W></cue></C><xcope ID="160"><ref ID="161" SRC="40"></ref><W>LIKE</W></xcope><W>:</W></SENTENCE></P><P></P><P><SENTENCE><W>1</W><W>.</W></SENTENCE><SENTENCE><W>The</W><W>battery</W><W>is</W><W>just</W><W>mediocre</W><W>.</W></SENTENCE><SENTENCE><W>I</W><W>say</W><W>this</W><W>with</W><W>a</W><W>caveat</W><W>;</W><W>I</W><C><cue ID="41" type="speculation"><W>may</W></cue></C><xcope ID="101"><ref ID="162" SRC="41"></ref><W>be</W><W>using</W><W>more</W><W>battery</W><W>draining</W><W>operations</W><W>than</W><W>before</W></xcope><W>since</W><W>I</W><C><cue ID="42" type="speculation"><W>can</W></cue></C><W>.</W></SENTENCE><SENTENCE><W>However</W><W>,</W><W>I</W><C><cue ID="43" type="speculation"><W>would</W></cue></C><xcope ID="102"><ref ID="163" SRC="43"></ref><W>have</W><W>liked</W><W>to</W><W>see</W><W>Sony</W><W>utilize</W><W>a</W><W>better</W><W>battery</W></xcope><W>.</W></SENTENCE><SENTENCE><W>Utilizng</W><W>a</W><W>couple</W><W>of</W><W>accessories</W><W>,</W><W>I</W><C><cue ID="44" type="speculation"><W>can</W></cue></C><xcope ID="104"><ref ID="165" SRC="44"></ref><W>go</W><W>for</W><W>a</W><W>good</W><W>four</W><W>to</W><W>six</W><W>hours</W><C><cue ID="45" type="negation"><W>without</W></cue></C><xcope ID="103"><ref ID="164" SRC="45"></ref><W>problems</W></xcope></xcope><W>.</W></SENTENCE><SENTENCE><W>Anything</W><W>over</W><W>six</W><W>hours</W><C><W>and</W></C><W>the</W><W>battery</W><W>begins</W><W>to</W><W>die</W><W>out</W><W>in</W><W>a</W><W>hurry</W><W>.</W></SENTENCE></P><P></P><P><SENTENCE><W>2.</W><W>Customer</W><W>service</W><W>is</W><W>nothing</W><W>special</W><W>.</W></SENTENCE><SENTENCE><W>Ok</W><W>,</W><W>this</W><W>is</W><W>nothing</W><W>new</W><W>.</W></SENTENCE><SENTENCE><W>It</W><C><cue ID="46" type="speculation"><W>seems</W></cue></C><xcope ID="105"><ref ID="166" SRC="46"></ref><W>as</W><W>though</W><W>customer</W><W>service</W><W>is</W><W>poor</W></xcope><W>regardless</W><W>of</W><W>which</W><W>company</W><W>you</W><W>are</W><W>talking</W><W>about</W><W>when</W><W>it</W><W>comes</W><W>to</W><W>technology</W><W>.</W></SENTENCE><SENTENCE><W>I</W><W>was</W><W>disappointed</W><W>when</W><W>I</W><W>had</W><W>to</W><W>wait</W><W>for</W><W>30</W><W>minutes</W><C><W>and</W></C><W>then</W><W>spoke</W><W>with</W><W>a</W><W>rude</W><W>individual</W><W>shortly</W><W>after</W><W>first</W><W>using</W><W>the</W><W>new</W><W>machine</W><W>.</W></SENTENCE><SENTENCE><W>More</W><W>frustrating</W><W>was</W><W>that</W><W>I</W><W>was</W><W>put</W><W>on</W><W>hold</W><W>twice</W><W>while</W><W>the</W><W>technician</W><W>consulted</W><W>with</W><W>someone</W><W>else</W><W>.</W></SENTENCE><SENTENCE><W>I</W><W>had</W><W>a</W><W>simple</W><W>question</W><W>(</W><W>I</W><C><cue ID="47" type="negation"><W>cannot</W></cue></C><xcope ID="106"><ref ID="167" SRC="47"></ref><W>even</W><W>remember</W><W>what</W><W>it</W><W>was</W></xcope><W>.</W><W>)</W></SENTENCE><SENTENCE><C><W>and</W></C><W>felt</W><W>as</W><W>though</W><W>I</W><C><cue ID="48" type="speculation"><W>should</W></cue></C><xcope ID="107"><ref ID="168" SRC="48"></ref><W>have</W><W>been</W><W>treated</W><W>better</W></xcope><W>.</W></SENTENCE></P><P></P><P><SENTENCE><W>THE</W><W>BOTTOM</W><W>LINE</W><W>:</W></SENTENCE></P><P></P><P><SENTENCE><W>The</W><W>Sony</W><W>VAIO</W><W>PCG-FRV27</W><W>Notebook</W><W>is</W><W>a</W><W>gem</W><W>of</W><W>a</W><W>laptop</W><W>.</W></SENTENCE><SENTENCE><W>I</W><W>have</W><W>found</W><W>that</W><W>it</W><W>does</W><W>everything</W><W>I</W><W>want</W><W>a</W><W>business</W><W>use</W><W>laptop</W><W>to</W><W>do</W><C><W>and</W></C><W>more</W><W>.</W></SENTENCE><SENTENCE><W>My</W><W>complaints</W><W>are</W><W>minimal</W><C><W>and</W></C><W>the</W><W>positives</W><W>far</W><W>outweigh</W><W>anything</W><W>I</W><C><cue ID="49" type="speculation"><W>can</W></cue></C><xcope ID="109"><ref ID="170" SRC="49"></ref><C><cue ID="50" type="speculation"><W>think</W></cue></C><xcope ID="108"><ref ID="169" SRC="50"></ref><W>of</W><W>on</W><W>the</W><C><W>negative</W></C><W>side</W></xcope></xcope><W>.</W></SENTENCE></P><P></P><P><SENTENCE><W>Additionally</W><W>,</W><W>the</W><W>battery</W><W>problems</W><C><cue ID="51" type="speculation"><W>can</W></cue></C><xcope ID="112"><ref ID="173" SRC="51"></ref><W>be</W><W>cleared</W><W>up</W><xcope ID="111"><ref ID="172" SRC="52"></ref><W>by</W><W>using</W><W>the</W><W>AC</W><W>adapter</W></xcope><C><cue ID="52" type="speculation"><W>or</W></cue></C><xcope ID="110"><ref ID="171" SRC="52"></ref><W>by</W><W>carrying</W><W>a</W><W>backup</W><W>battery</W></xcope></xcope><W>.</W></SENTENCE><SENTENCE><W>The</W><W>customer</W><W>service</W><W>issue</W><C><cue ID="53" type="speculation"><W>may</W></cue></C><xcope ID="114"><ref ID="174" SRC="53"></ref><W>be</W><W>just</W><W>one</W><W>individual</W><C><W>and</W></C><W>a</W><W>heavy</W><W>call</W><W>time</W></xcope><W>.</W></SENTENCE><SENTENCE><W>Regardless</W><W>,</W><W>I</W><W>do</W><C><cue ID="54" type="negation"><W>not</W></cue></C><xcope ID="113"><ref ID="175" SRC="54"></ref><C><W>expect</W></C><W>to</W><W>be</W><W>calling</W><W>customer</W><W>service</W><W>often</W></xcope><W>.</W></SENTENCE></P><P></P><P><SENTENCE><W>I</W><C><cue ID="55" type="speculation"><W>would</W></cue></C><xcope ID="115"><ref COMMENTS="" ID="180" SRC="55"></ref><W>highly</W><W>recommend</W><W>the</W><W>Sony</W><W>VAIO</W><W>PCG-FRV27</W><W>Notebook</W></xcope><W>to</W><W>those</W><W>who</W><W>need</W><W>a</W><W>powerful</W><W>computer</W><W>that</W><W>will</W><W>impress</W><W>.</W></SENTENCE><SENTENCE><W>This</W><W>is</W><C><cue ID="56" type="speculation"><W>probably</W></cue></C><xcope ID="117"><ref COMMENTS="" ID="179" SRC="56"></ref><W>too</W><W>much</W><W>computer</W><W>for</W><W>those</W><W>who</W><W>do</W><C><cue ID="57" type="negation"><W>not</W></cue></C><xcope ID="116"><ref COMMENTS="" ID="178" SRC="57"></ref><W>have</W><W>business</W><W>needs</W></xcope></xcope><W>,</W><W>but</W><W>you</W><C><cue ID="58" type="negation"><W>never</W></cue></C><xcope ID="118"><ref COMMENTS="" ID="177" SRC="58"></ref><W>know</W><W>when</W><W>you</W><W>will</W><W>need</W><W>the</W><W>capabilities</W><W>that</W><W>the</W><W>Sony</W><W>VAIO</W><W>PCG-FRV27</W><W>Notebook</W><W>provides</W></xcope><W>.</W></SENTENCE><SENTENCE><C><cue ID="59" type="negation"><W>Without</W></cue></C><xcope ID="119"><ref COMMENTS="" ID="176" SRC="59"></ref><W>a</W><W>doubt</W></xcope><W>,</W><W>a</W><W>very</W><W>good</W><W>new</W><W>laptop</W><W>from</W><W>Sony</W><W>.</W></SENTENCE></P></DOCUMENT>
