<?xml version="1.0" encoding="UTF-8"?>
<DOCUMENT><P></P><P><SENTENCE><W>Let</W><W>me</W><W>just</W><W>start</W><W>off</W><W>with</W><W>a</W><W>little</W><W>background</W><W>about</W><W>me</W><W>before</W><W>I</W><W>get</W><W>into</W><W>the</W><W>review</W><W>.</W></SENTENCE></P><P></P><P><SENTENCE><W>I</W><W>&#39;ve</W><W>been</W><W>involved</W><W>in</W><W>PC</W><W>&#39;s</W><W>for</W><W>about</W><W>10</W><W>years</W><W>now</W><W>in</W><W>various</W><W>capacities</W><W>,</W><W>from</W><W>PC</W><W>tech</W><W>to</W><W>Network</W><W>Administrator</W><W>.</W></SENTENCE><SENTENCE><W>So</W><W>,</W><W>I</W><W>&#39;ve</W><W>seen</W><W>many</W><W>different</W><W>PC</W><W>&#39;s</W><W>come</W><W>across</W><W>my</W><W>desk</W><W>.</W></SENTENCE><SENTENCE><W>I</W><W>also</W><W>do</W><W>consulting/PC</W><W>sales</W><C><W>and</W></C><W>Repair</W><W>on</W><W>the</W><W>side</W><C><W>and</W></C><W>prefer</W><W>to</W><W>build</W><W>my</W><W>own</W><W>PC</W><W>&#39;s</W><W>whenever</W><C><W>possible</W></C><W>(you</W><W>get</W><W>the</W><W>best</W><W>value</W><W>that</W><W>way</W><W>)</W><W>.</W></SENTENCE></P><P></P><P><SENTENCE><W>Now</W><W>,</W><W>on</W><W>to</W><W>the</W><W>review</W><W>:</W></SENTENCE></P><P></P><P><SENTENCE><W>Back</W><W>in</W><W>99</W><W>we</W><W>got</W><W>a</W><W>digital</W><W>camcorder</W><W>as</W><W>a</W><W>wedding</W><C><W>and</W></C><W>Christmas</W><W>present</W><C><W>and</W></C><W>I</W><W>was</W><W>so</W><W>excited</W><W>-</W><W>we</W><C><cue ID="0" type="speculation"><W>could</W></cue></C><xcope ID="25"><ref ID="51" SRC="0"></ref><W>edit</W><W>our</W><W>home</W><W>movies</W><W>on</W><W>our</W><W>computer</W></xcope><C><W>and</W></C><W>do</W><W>all</W><W>sorts</W><W>of</W><W>neat</W><W>titles</W><C><W>and</W></C><W>such</W><W>!</W></SENTENCE><SENTENCE><W>Well</W><W>,</W><W>after</W><W>$</W><W>150</W><W>for</W><W>the</W><W>FireWire</W><W>card</W><C><W>and</W></C><W>2</W><W>PC</W><W>&#39;s</W><W>later</W><W>,</W><W>I</W><W>was</W><C><cue ID="1" type="negation"><W>never</W></cue></C><xcope ID="26"><ref ID="52" SRC="1"></ref><W>able</W><W>to</W><W>get</W><W>it</W><W>to</W><W>work</W><W>well</W></xcope><W>.</W></SENTENCE><SENTENCE><W>The</W><W>software</W><W>was</W><W>buggy</W><W>,</W><W>the</W><W>card</W><W>manufacuturer</W><W>claimed</W><W>my</W><W>PC</W><W>&#39;s</W><W>chipsets</W><W>were</W><W>bad</W><W>as</W><W>I</W><W>was</W><C><cue ID="2" type="negation"><W>never</W></cue></C><xcope ID="27"><ref ID="53" SRC="2"></ref><W>able</W><W>to</W><W>get</W><W>the</W><W>finished</W><W>product</W><W>back</W><W>to</W><W>tape</W></xcope><W>,</W><W>etc</W><W>.</W></SENTENCE><SENTENCE><W>I</W><W>gave</W><W>up</W><W>in</W><W>&#39;00</W><W>on</W><W>video</W><W>editing</W><W>.</W></SENTENCE></P><P></P><P><SENTENCE><W>Then</W><W>in</W><W>2001</W><W>,</W><W>I</W><W>picked</W><W>up</W><W>a</W><W>new</W><W>digital</W><W>camera</W><W>.</W></SENTENCE><SENTENCE><W>Since</W><W>photography</W><W>has</W><W>been</W><W>one</W><W>of</W><W>my</W><W>hobbies</W><W>for</W><W>years</W><W>,</W><W>it</W><W>only</W><C><cue ID="3" type="speculation"><W>seemed</W></cue></C><xcope ID="28"><ref ID="54" SRC="3"></ref><W>natural</W><W>to</W><W>try</W><W>out</W><W>a</W><W>good</W><W>digital</W><W>camera</W></xcope><W>.</W></SENTENCE><SENTENCE><W>Along</W><W>the</W><W>way</W><W>,</W><W>it</W><C><cue ID="4" type="speculation"><W>seemed</W></cue></C><xcope ID="31"><ref ID="57" SRC="4"></ref><W>as</W><C><cue ID="5" type="speculation"><W>if</W></cue></C><xcope ID="30"><ref ID="56" SRC="5"></ref><W>our</W><W>current</W><W>PC</W><W>just</W><cue ID="6" type="negation"><W>was</W><W>n&#39;t</W></cue><xcope ID="29"><ref ID="55" SRC="6"></ref><W>cutting</W><W>it</W></xcope></xcope></xcope><W>.</W></SENTENCE><SENTENCE><W>with</W><W>digital</W><W>photos</W><W>....</W></SENTENCE></P><P></P><P><SENTENCE><W>I</W><W>had</W><W>always</W><W>heard</W><W>Macs</W><W>were</W><W>the</W><W>best</W><W>for</W><W>photo</W><C><W>and</W></C><W>video</W><W>,</W><W>but</W><W>I</W><C><cue ID="7" type="negation"><W>never</W></cue></C><xcope ID="32"><ref ID="58" SRC="7"></ref><W>was</W><W>really</W><W>drawn</W><W>to</W><W>them</W></xcope><W>-</W><W>the</W><W>iMacs</W><W>were</W><W>ugly</W><W>(</W><W>sorry</W><W>)</W><W>,</W><C><W>and</W></C><W>the</W><W>towers</W><W>were</W><W>EXPENSIVE.</W></SENTENCE><SENTENCE><W>Besides</W><W>,</W><W>who</W><W>uses</W><W>a</W><W>Mac</W><W>anyway</W><W>?</W></SENTENCE><SENTENCE><W>Then</W><W>in</W><W>February</W><W>I</W><W>saw</W><W>an</W><W>ad</W><W>for</W><W>the</W><W>new</W><W>iMac.</W></SENTENCE><SENTENCE><W>I</W><W>fell</W><W>in</W><W>love</W><W>!</W></SENTENCE><SENTENCE><W>This</W><W>was</W><W>what</W><W>I</W><W>was</W><W>looking</W><W>for</W><W>,</W><W>a</W><W>fast</W><W>computer</W><W>with</W><W>all</W><W>the</W><W>bells</W><C><W>and</W></C><W>whistles</W><W>!</W></SENTENCE></P><P></P><P><SENTENCE><W>After</W><W>showing</W><W>it</W><W>to</W><W>the</W><W>wife</W><W>,</W><W>along</W><W>with</W><W>the</W><W>comments</W><W>about</W><W>&#34;why</W><W>are</W><W>you</W><W>getting</W><W>a</W><W>Mac</W><W>?</W><W>&#34;</W><C><W>and</W></C><W>&#34;</W><W>Are</W><W>you</W><W>crazy</W><W>?</W><W>&#34;</W><C><W>and</W></C><W>&#34;</W><W>It</W><W>&#39;s</W><W>so</W><W>UGLY</W><W>!&#34;</W><W>.</W></SENTENCE><SENTENCE><W>I</W><W>just</W><W>knew</W><W>this</W><W>had</W><W>to</W><W>be</W><W>the</W><W>computer</W><W>for</W><W>me</W><W>.</W></SENTENCE><SENTENCE><W>We</W><W>took</W><W>a</W><W>trip</W><W>to</W><W>the</W><W>Tyson</W><W>&#39;s</W><W>Corner</W><W>Apple</W><W>store</W><W>one</W><W>Sunday</W><W>to</W><W>check</W><W>it</W><W>out</W><C><W>and</W></C><W>make</W><W>sure</W><W>it</W><W>was</W><W>for</W><W>me</W><W>.</W></SENTENCE></P><P></P><P><SENTENCE><W>Arriving</W><W>there</W><W>,</W><W>it</W><W>was</W><W>an</W><W>awesome</W><W>experience</W><W>-</W><W>you</W><C><cue ID="8" type="speculation"><W>could</W></cue></C><xcope ID="33"><ref ID="59" SRC="8"></ref><W>play</W><W>to</W><W>your</W><W>hearts</W><W>content</W><C><W>and</W></C><W>really</W><W>experience</W><W>the</W><W>hardware</W></xcope><W>.</W></SENTENCE><SENTENCE><W>Definitely</W><W>worth</W><W>the</W><W>trip</W><W>.</W></SENTENCE><SENTENCE><W>I</W><W>was</W><W>sold</W><W>immediately</W><W>-</W><W>iPhoto</W><W>was</W><W>just</W><W>what</W><W>I</W><W>needed</W><W>to</W><W>organize</W><W>my</W><W>photos</W><W>,</W><W>iTunes</W><W>was</W><W>the</W><W>BEST</W><W>MP3</W><W>player</W><W>,</W><W>iMovie</W><W>was</W><W>what</W><W>PC</W><W>editing</W><C><cue ID="9" type="speculation"><W>should</W></cue></C><xcope ID="34"><ref ID="60" SRC="9"></ref><W>have</W><W>been</W></xcope><W>.</W></SENTENCE></P><P></P><P><SENTENCE><W>Unfortunately</W><W>,</W><W>I</W><W>had</W><W>to</W><W>wait</W><W>about</W><W>a</W><W>month</W><W>for</W><W>the</W><W>money</W><W>to</W><W>come</W><W>in</W><W>before</W><W>I</W><C><cue ID="10" type="speculation"><W>could</W></cue></C><xcope ID="36"><ref ID="62" SRC="10"></ref><W>even</W><C><cue ID="11" type="speculation"><W>think</W></cue></C><xcope ID="35"><ref ID="61" SRC="11"></ref><W>about</W><W>the</W><W>iMac</W><W>again</W></xcope></xcope><W>.</W></SENTENCE><SENTENCE><W>Then</W><W>,</W><W>once</W><W>the</W><W>money</W><W>was</W><W>in</W><W>I</W><W>called</W><W>up</W><W>local</W><W>Mac</W><W>dealers</W><W>-</W><C><cue ID="12" type="negation"><W>none</W></cue></C><xcope ID="37"><ref ID="63" SRC="12"></ref><W>of</W><W>which</W><W>had</W><W>them</W><W>in</W><W>stock</W></xcope><W>,</W><W>then</W><W>the</W><W>Tyson</W><W>&#39;s</W><W>Corner</W><W>store</W><W>....Nothing</W><W>,</W><W>then</W><W>the</W><W>Clarendon</W><W>store</W><W>-</W><W>they</W><W>had</W><W>1</W><W>left</W><C><W>and</W></C><C><cue ID="13" type="speculation"><W>would</W></cue></C><xcope ID="38"><ref ID="64" SRC="13"></ref><W>only</W><W>hold</W><W>it</W><W>for</W><W>me</W><W>until</W><W>the</W><W>end</W><W>of</W><W>the</W><W>day</W><W>...</W></xcope></SENTENCE></P><P></P><P><SENTENCE><W>So</W><W>,</W><W>at</W><W>5pm</W><W>I</W><W>left</W><W>on</W><W>a</W><W>2</W><W>hour</W><W>journey</W><W>...Got</W><W>there</W><W>around</W><W>7:30</W><C><W>and</W></C><W>was</W><W>out</W><W>the</W><W>door</W><W>with</W><W>my</W><W>ner</W><W>toy</W><W>by</W><W>8pm</W><W>,</W><W>home</W><W>by</W><W>10:30....</W><W>I</W><C><cue ID="14" type="speculation"><W>think</W></cue></C><xcope ID="39"><ref ID="65" SRC="14"></ref><W>the</W><W>salesperson</W><W>was</W><W>in</W><W>shock</W></xcope><W>when</W><W>he</W><W>learned</W><W>I</W><W>was</W><W>from</W><W>2</W><W>hours</W><W>away</W><W>to</W><W>pick</W><W>up</W><W>the</W><W>computer</W><W>.</W></SENTENCE></P><P></P><P><SENTENCE><W>Out</W><W>of</W><W>Box</W><W>Experience</W><W>-</W><W>Apple</W><W>has</W><W>,</W><W>hands</W><W>down</W><W>the</W><W>best</W><W>.</W></SENTENCE><SENTENCE><W>Opening</W><W>up</W><W>the</W><W>box</W><W>,</W><W>you</W><W>saw</W><W>a</W><W>cardboard</W><W>poster</W><W>with</W><W>unpacking</W><W>instructions</W><W>.</W></SENTENCE><SENTENCE><W>Everything</W><W>was</W><W>precisely</W><W>placed</W><C><W>and</W></C><W>laid</W><W>out</W><W>very</W><W>well</W><W>.</W></SENTENCE></P><P></P><P><SENTENCE><W>Initial</W><W>Setup</W><W>-</W><W>Again</W><W>,</W><W>flick</W><W>the</W><W>power</W><W>switch</W><C><W>and</W></C><W>in</W><W>10</W><W>minutes</W><W>you</W><W>were</W><W>off</W><C><W>and</W></C><W>running</W><W>.</W></SENTENCE><SENTENCE><W>Just</W><W>answer</W><W>a</W><W>few</W><W>simple</W><W>questions</W><C><W>and</W></C><W>you</W><W>are</W><W>all</W><W>setup</W><W>.</W></SENTENCE></P><P></P><P><SENTENCE><W>Performance</W><W>-</W><W>Performance</W><W>is</W><W>great</W><W>.</W></SENTENCE><SENTENCE><W>OSX</W><W>really</W><W>needs</W><W>more</W><W>memory</W><W>than</W><W>the</W><W>standard</W><W>256MB</W><W>(</W><W>so</W><W>does</W><W>WinXP)</W><W>,</W><W>expecially</W><W>since</W><W>I</W><W>love</W><W>to</W><W>multitask</W><W>-</W><W>I</W><W>&#39;m</W><W>one</W><W>of</W><W>those</W><W>people</W><W>that</W><W>have</W><W>10</W><W>things</W><W>running</W><W>at</W><W>a</W><W>time</W><W>!</W></SENTENCE></P><P></P><P><SENTENCE><W>Display</W><W>-</W><W>THE</W><W>BEST</W><W>!</W></SENTENCE><SENTENCE><W>I</W><W>have</W><W>a</W><W>work</W><W>issue</W><W>IBM</W><W>laptop</W><C><W>and</W></C><W>the</W><W>iMac</W><W>is</W><W>the</W><W>best</W><W>.</W></SENTENCE><SENTENCE><W>Big</W><W>(</W><W>as</W><W>big</W><W>as</W><W>a</W><W>17</W><W>&#34;</W><W>monitor</W><W>)</W><W>,</W><W>bright</W><W>,</W><C><W>and</W></C><W>beautiful</W><W>.</W></SENTENCE><SENTENCE><W>What</W><W>more</W><C><cue ID="15" type="speculation"><W>can</W></cue></C><xcope ID="40"><ref ID="66" SRC="15"></ref><W>I</W><W>say</W></xcope><W>-</W><W>everything</W><W>looks</W><W>gorgeous</W><W>,</W><W>from</W><W>my</W><W>Pictures</W><W>to</W><W>text</W><W>!</W></SENTENCE></P><P></P><P><SENTENCE><W>Stability</W><W>-</W><W>I</W><W>&#39;m</W><W>a</W><W>stickler</W><W>for</W><W>stability</W><W>.</W></SENTENCE><SENTENCE><W>I</W><W>&#39;ve</W><C><cue ID="16" type="negation"><W>never</W></cue></C><xcope ID="41"><ref ID="67" SRC="16"></ref><W>managed</W><W>to</W><W>coax</W><W>more</W><W>than</W><W>10</W><W>days</W><W>of</W><W>uptime</W><W>out</W><W>of</W><W>any</W><W>of</W><W>my</W><W>Windows</W><W>boxes</W></xcope><W>(</W><C><W>except</W></C><W>my</W><W>Win2k</W><W>server</W><W>)</W><W>that</W><W>are</W><W>in</W><W>daily</W><W>use</W><W>.</W></SENTENCE><SENTENCE><W>With</W><W>the</W><W>Mac</W><C><W>and</W></C><W>OSX</W><W>I</W><W>regularly</W><W>get</W><W>20+</W><W>days</W><W>of</W><W>uptime</W><W>before</W><W>I</W><W>need</W><W>to</W><W>reboot</W><W>.</W></SENTENCE><SENTENCE><W>It</W><W>just</W><W>runs</W><C><W>and</W></C><W>runs</W><C><W>and</W></C><W>runs</W><W>.</W></SENTENCE><SENTENCE><C><cue ID="17" type="negation"><W>No</W></cue></C><xcope ID="44"><ref ID="70" SRC="17"></ref><xcope ID="42"><ref ID="69" SRC="18"></ref><W>&#34;reboot</W><W>to</W><W>fix</W><W>this</W></xcope><W>&#34;</W><C><cue ID="18" type="speculation"><W>or</W></cue></C><xcope ID="43"><ref ID="68" SRC="18"></ref><W>any</W><W>stuff</W><W>like</W><W>that</W></xcope></xcope><W>-</W><W>it</W><W>just</W><W>chugs</W><W>away</W><W>.</W></SENTENCE></P><P></P><P><SENTENCE><W>Software</W><W>-</W><W>What</W><C><cue ID="19" type="speculation"><W>can</W></cue></C><xcope ID="45"><ref ID="71" SRC="19"></ref><W>I</W><W>say</W></xcope><W>-</W><W>this</W><W>thing</W><W>is</W><W>truly</W><W>the</W><W>digital</W><W>hub</W><W>.</W></SENTENCE><SENTENCE><W>I</W><W>&#39;ve</W><W>made</W><W>more</W><W>movies</W><C><W>and</W></C><W>DVD</W><W>&#39;s</W><W>with</W><W>it</W><W>in</W><W>the</W><W>past</W><W>4</W><W>months</W><W>than</W><W>I</W><W>have</W><W>with</W><W>my</W><W>PC</W><W>&#39;s</W><W>in</W><W>10</W><W>years</W><W>.</W></SENTENCE><SENTENCE><W>It</W><W>&#39;s</W><W>so</W><W>easy</W><C><W>and</W></C><W>just</W><W>works</W><W>.</W></SENTENCE><SENTENCE><W>Recently</W><W>,</W><W>my</W><W>wife</W><C><W>and</W></C><W>I</W><W>completed</W><W>a</W><W>DVD</W><C><W>and</W></C><W>VHS</W><W>tape</W><W>for</W><W>her</W><W>brother</W><W>&#39;s</W><W>wedding</W><C><W>and</W></C><W>the</W><W>results</W><W>are</W><W>better</W><W>than</W><W>the</W><W>PROFESSIONAL</W><W>we</W><W>hired</W><W>to</W><W>do</W><W>ours</W><W>!</W></SENTENCE></P><P></P><P><SENTENCE><W>MP3</W><W>&#39;s</W><W>rock</W><W>in</W><W>iTunes</W><W>,</W><W>iPhoto</W><W>is</W><W>a</W><W>great</W><W>way</W><W>to</W><W>organize</W><W>your</W><W>photos</W><W>....</W></SENTENCE></P><P></P><P><SENTENCE><W>Compatibility-</W><W>All</W><W>my</W><W>files</W><C><W>and</W></C><W>hardware</W><W>work</W><W>with</W><W>it</W><W>.</W></SENTENCE><SENTENCE><W>I</W><W>made</W><W>the</W><W>transition</W><W>to</W><W>all</W><W>USB</W><W>devices</W><W>(</W><W>printer</W><W>,</W><W>scanner</W><W>,</W><W>memory</W><W>card</W><W>reader</W><W>,</W><W>etc.</W><W>)</W><W>a</W><W>while</W><W>ago</W><C><W>and</W></C><W>they</W><W>are</W><W>all</W><W>Plug-and-Play</W><W>with</W><W>the</W><W>Mac</W><W>!</W></SENTENCE></P><P></P><P><SENTENCE><W>Complaints</W></SENTENCE></P><P></P><P><SENTENCE><W>These</W><W>are</W><W>small</W><W>:</W></SENTENCE></P><P></P><P><SENTENCE><W>*/SYM</W><W>Re-learning</W><W>a</W><W>new</W><W>OS.</W></SENTENCE><SENTENCE><W>Being</W><W>a</W><W>Windows</W><W>guy</W><W>,</W><W>learning</W><W>OSX</W><W>has</W><W>taken</W><W>some</W><W>time</W><W>.</W></SENTENCE><SENTENCE><W>In</W><W>the</W><W>first</W><W>couple</W><W>days</W><W>I</W><W>wanted</W><W>to</W><W>return</W><W>the</W><W>machine</W><W>,</W><W>I</W><W>was</W><W>so</W><W>frustrated</W><W>with</W><W>it</W><W>.</W></SENTENCE><SENTENCE><W>But</W><W>after</W><W>&#34;forgetting</W><W>&#34;</W><W>my</W><W>Windows</W><W>stuff</W><W>Mac</W><W>OS</W><W>was/is</W><W>so</W><W>intuitive</W><W>.</W></SENTENCE></P><P></P><P><SENTENCE><W>*/SYM</W><W>Scanning</W><W>in</W><W>OSX</W><W>is</W><W>a</W><W>disaster</W><W>.</W></SENTENCE><SENTENCE><W>For</W><W>some</W><W>reason</W><W>,</W><W>few</W><W>scanner</W><W>manufacturers</W><C><W>support</W></C><W>OSX</W><W>.</W><W>Epson</W><W>(</W><W>whose</W><W>scanner</W><W>I</W><W>love</W><W>)</W><W>has</W><W>beta</W><W>software</W><W>that</W><W>works</W><W>well</W><W>,</W><W>but</W><W>it</W><C><cue ID="20" type="speculation"><W>could</W></cue></C><xcope ID="46"><ref ID="72" SRC="20"></ref><W>be</W><W>a</W><W>lot</W><W>better</W></xcope><W>.</W></SENTENCE></P><P></P><P><SENTENCE><W>*/SYM</W><W>Printer</W><C><W>support</W></C><W>.</W></SENTENCE><SENTENCE><W>Again</W><W>,</W><W>I</W><W>use</W><W>Epson</W><W>.</W></SENTENCE><SENTENCE><W>Their</W><W>drivers</W><W>are</W><W>OK</W><W>,</W><W>but</W><C><W>lack</W></C><W>some</W><W>of</W><W>the</W><W>features</W><W>of</W><W>the</W><W>&#34;</W><W>Classic</W><W>&#34;</W><W>versions</W><W>(</W><C><W>or</W></C><W>even</W><W>the</W><W>Windows</W><W>versions</W><W>.</W></SENTENCE><SENTENCE><W>I</W><W>hear</W><W>the</W><W>new</W><W>version</W><W>of</W><W>OSX</W><W>will</W><W>fix</W><W>this</W><W>.</W></SENTENCE></P><P></P><P><SENTENCE><W>*/SYM</W><W>Networking</W><W>with</W><W>Windows</W><W>.</W></SENTENCE><SENTENCE><W>You</W><C><cue ID="21" type="speculation"><W>can</W></cue></C><W>connect</W><W>to</W><W>file</W><W>shares</W><W>on</W><W>a</W><W>Windows</W><W>network</W><W>,</W><W>but</W><C><cue ID="22" type="negation"><W>cannot</W></cue></C><xcope ID="49"><ref ID="75" SRC="22"></ref><xcope ID="48"><ref ID="74" SRC="23"></ref><W>use</W><W>printers</W></xcope><C><cue ID="23" type="speculation"><W>or</W></cue></C><xcope ID="47"><ref ID="73" SRC="23"></ref><W>share</W><W>files</W><W>from</W><W>your</W><W>Mac</W><W>on</W><W>the</W><W>Windows</W><W>network</W></xcope></xcope><W>(</W><C><cue ID="24" type="negation"><W>without</W></cue></C><xcope ID="50"><ref ID="76" SRC="24"></ref><W>installing</W><W>AppleTalk</W></xcope><C><W>support</W></C><W>on</W><W>the</W><W>PC</W><W>)</W><W>.</W></SENTENCE><SENTENCE><W>When</W><W>you</W><W>do</W><W>connect</W><W>,</W><W>the</W><W>Mac</W><W>has</W><W>a</W><W>nasty</W><W>habit</W><W>of</W><W>leaving</W><W>weird</W><W>files</W><W>on</W><W>the</W><W>server</W><W>(</W><W>.DsStore</W><C><W>and</W></C><W>a</W><W>couple</W><W>others</W><W>)</W><W>I</W><W>hear</W><W>the</W><W>new</W><W>version</W><W>of</W><W>OSX</W><W>will</W><W>fix</W><W>that</W><W>as</W><W>well</W><W>.</W></SENTENCE></P><P></P><P><SENTENCE><W>All</W><W>in</W><W>all</W><W>,</W><W>it</W><W>&#39;s</W><W>the</W><W>best</W><W>computer</W><W>that</W><W>I</W><W>&#39;ve</W><W>ever</W><W>used</W><W>.</W></SENTENCE><SENTENCE><W>Fast</W><W>,</W><W>stable</W><W>,</W><C><W>and</W></C><W>IT</W><W>JUST</W><W>WORKS!</W><W>!</W><W>!</W></SENTENCE></P></DOCUMENT>
