<?xml version="1.0" encoding="UTF-8"?>
<DOCUMENT><P></P><P><SENTENCE><W>Canceled</W><W>my</W><W>order</W><W>for</W><W>an</W><W>Inspiron</W><W>8500</W><W>for</W><W>the</W><W>5150</W><W>-</W><C><W>and</W></C><W>have</W><C><cue ID="0" type="negation"><W>no</W></cue></C><xcope ID="20"><ref COMMENTS="" ID="21" SRC="0"></ref><W>regrets</W></xcope><W>.</W></SENTENCE><SENTENCE><W>This</W><W>sweet</W><W>notebook</W><W>has</W><W>everything</W><W>I</W><W>was</W><W>looking</W><W>for</W><W>:</W><W>performance</W><W>,</W><W>value</W><W>,</W><W>quality</W><W>construction</W><W>,</W><C><W>and</W></C><W>CAE</W><W>capability</W><W>.</W></SENTENCE></P><P></P><P><SENTENCE><W>Everything</W><W>worked</W><W>flawlessly</W><W>out</W><W>of</W><W>the</W><W>box</W><W>-</W><C><W>except</W></C><W>for</W><W>strange</W><W>behavior</W><W>of</W><W>the</W><W>second</W><W>USB</W><W>port</W><W>.</W></SENTENCE><SENTENCE><W>Updated</W><W>drivers</W><W>downloaded</W><W>from</W><W>the</W><W>Dell</W><C><W>support</W></C><W>site</W><W>later</W><W>cleared</W><W>that</W><W>problem</W><W>.</W></SENTENCE></P><P></P><P><SENTENCE><W>I</W><W>took</W><W>advantage</W><W>of</W><W>the</W><W>free</W><W>512</W><W>MB</W><W>upgrade</W><W>offer</W><W>,</W><C><W>and</W></C><W>added</W><W>the</W><W>60</W><W>GB</W><W>HDD.</W></SENTENCE><SENTENCE><W>The</W><W>4200</W><W>RPM</W><W>speed</W><W>is</W><W>a</W><W>bit</W><W>behind</W><W>the</W><W>curve</W><W>,</W><W>but</W><W>use</W><W>of</W><W>a</W><W>larger</W><W>disk</W><W>cache</W><W>(XP</W><C><cue ID="1" type="speculation"><W>or</W></cue></C><W>3rd</W><W>party</W><W>)</W><C><cue ID="2" type="speculation"><W>can</W></cue></C><xcope ID="19"><ref COMMENTS="" ID="22" SRC="2"></ref><W>compensate</W><W>for</W><W>this</W><W>somewhat</W></xcope><W>.</W></SENTENCE></P><P></P><P><SENTENCE><W>As</W><W>another</W><W>reviewer</W><W>observed</W><W>,</W><W>Dell</W><W>&#39;s</W><W>expansion</W><W>options</W><W>are</W><W>occasionally</W><W>overpriced</W><W>.</W></SENTENCE><SENTENCE><W>Compare</W><W>,</W><W>pick</W><W>,</W><C><W>and</W></C><W>choose</W><W>.</W></SENTENCE><SENTENCE><W>A</W><W>trip</W><W>to</W><W>local</W><W>computer</W><W>store</W><W>(</W><W>Fry</W><W>&#39;s</W><W>)</W><W>yielded</W><W>lower-cost</W><W>port</W><W>expander</W><W>,</W><W>12-volt</W><W>adapter</W><W>,</W><W>floppy</W><W>drive</W><W>,</W><C><W>and</W></C><W>USB</W><W>networking</W><W>cable</W><W>.</W></SENTENCE><SENTENCE><W>PC2700</W><W>notebook</W><W>RAM</W><W>is</W><W>available</W><W>much</W><W>cheaper</W><W>over</W><W>the</W><W>WWW</W><W>,</W><W>when</W><W>upgrade</W><W>time</W><W>comes</W><W>around</W><W>.</W></SENTENCE><SENTENCE><W>Just</W><W>order</W><W>what</W><W>Dell</W><W>offers</W><W>&#39;free</W><W>&#39;</W><W>.</W></SENTENCE><SENTENCE><W>I</W><W>also</W><W>ordered</W><W>an</W><W>extra</W><W>battery</W><W>pack</W><W>from</W><W>Dell</W><W>.</W></SENTENCE><SENTENCE><W>Have</W><W>n&#39;t</W><W>needed</W><W>it</W><W>yet</W><W>,</W><W>since</W><W>a</W><W>3-hour</W><W>DVD</W><W>movie</W><W>leaves</W><W>40</W><W>%</W><W>capacity</W><W>to</W><W>spare</W><W>on</W><W>a</W><W>single</W><W>battery</W><W>.</W></SENTENCE></P><P></P><P><SENTENCE><W>The</W><W>tilde</W><W>key</W><W>is</W><W>in</W><W>an</W><W>awkward</W><W>place</W><W>;</W><W>otherwise</W><W>the</W><W>keyboard</W><W>is</W><W>fine</W><W>,</W><C><W>and</W></C><W>does</W><C><cue ID="3" type="negation"><W>not</W></cue></C><xcope COMMENTS="" ID="25"><ref COMMENTS="" ID="26" SRC="3"></ref><W>have</W><W>the</W><W>problems</W><W>reported</W><W>for</W><W>the</W><W>Inspiron</W><W>8500</W></xcope><W>.</W></SENTENCE><SENTENCE><W>Built-in</W><W>sound</W><W>quality</W><W>is</W><W>poor</W><W>:</W><xcope ID="18"><ref COMMENTS="" ID="24" SRC="4"></ref><W>headphones</W></xcope><C><cue ID="4" type="speculation"><W>or</W></cue></C><xcope ID="17"><ref COMMENTS="" ID="23" SRC="4"></ref><W>external</W><W>speakers</W><W>work</W><W>fine</W></xcope><W>.</W></SENTENCE></P><P></P><P><SENTENCE><W>I</W><W>miss</W><W>the</W><W>printer</W><C><W>and</W></C><W>serial</W><W>ports</W><W>,</W><W>since</W><W>I</W><W>did</W><W>n&#39;t</W><W>want</W><W>to</W><W>replace</W><W>my</W><W>legacy</W><W>home</W><W>office</W><W>equipment</W><W>.</W></SENTENCE><SENTENCE><W>The</W><W>USB</W><W>port</W><W>expander</W><W>fixed</W><W>that</W><W>,</W><C><W>and</W></C><W>works</W><W>well</W><W>.</W></SENTENCE><SENTENCE><W>With</W><W>that</W><C><W>and</W></C><W>an</W><W>external</W><W>USB</W><W>2.0</W><W>HDD</W><W>enclosure</W><W>for</W><W>my</W><W>old</W><W>80</W><W>GB</W><W>drive</W><W>(</W><W>now</W><W>used</W><W>for</W><W>backups</W><W>)</W><W>,</W><W>I</W><W>was</W><W>able</W><W>to</W><W>retire</W><W>the</W><W>old</W><W>desktop</W><W>:</W><W>the</W><W>5150</W><W>is</W><W>my</W><W>&#39;main&#39;</W><W>machine</W><W>on</W><W>the</W><W>road</W><C><W>AND</W></C><W>at</W><W>home</W><W>,</W><W>with</W><C><cue ID="5" type="negation"><W>NO</W></cue></C><xcope ID="16"><ref COMMENTS="" ID="27" SRC="5"></ref><W>sacrifices</W></xcope><W>.</W></SENTENCE></P><P></P><P><SENTENCE><W>These</W><W>omissions</W><W>are</W><W>VERY</W><W>minor</W><W>:</W><W>this</W><W>is</W><W>a</W><W>beautiful</W><W>,</W><xcope ID="15"><ref COMMENTS="" ID="28" SRC="6"></ref><W>first-rate</W><W>desktop</W><W>replacement</W><W>for</W><W>gaming</W></xcope><C><cue ID="6" type="speculation"><W>or</W></cue></C><xcope ID="14"><ref COMMENTS="" ID="29" SRC="6"></ref><W>serious</W><W>engineering</W><W>work</W></xcope><W>.</W></SENTENCE><SENTENCE><W>The</W><W>basics</W><W>are</W><W>rock</W><W>solid</W><W>:</W><W>processor</W><W>,</W><W>chipset</W><W>,</W><W>FSB/memory</W><W>speed</W><W>,</W><W>display</W><W>,</W><W>graphics</W><W>acceleration</W><W>,</W><W>performance/battery</W><W>life</W><W>,</W><W>quiet</W><W>operation</W><W>,</W><W>runs</W><W>cool</W><W>.</W></SENTENCE><SENTENCE><W>The</W><W>just-released</W><W>Inspiron</W><W>8600</W><C><cue ID="7" type="speculation"><W>may</W></cue></C><xcope ID="13"><ref COMMENTS="" ID="30" SRC="7"></ref><W>be</W><W>a</W><W>better</W><W>choice</W><W>for</W><xcope ID="12"><W>gaming</W></xcope><C><cue ID="8" type="speculation"><W>or</W></cue></C><xcope ID="11"><W>DVD</W><W>viewing</W></xcope></xcope><W>,</W><W>but</W><W>I</W><C><cue ID="9" type="speculation"><W>believe</W></cue></C><xcope ID="10"><ref COMMENTS="" ID="31" SRC="9"></ref><W>the</W><W>5150</W><W>is</W><W>a</W><W>better</W><W>fit</W><W>for</W><W>CPU-intensive</W><W>business</W><C><W>and</W></C><W>engineering</W><W>use</W></xcope><W>.</W></SENTENCE></P></DOCUMENT>
