<?xml version="1.0" encoding="UTF-8"?>
<DOCUMENT><P></P><P><SENTENCE><W>I</W><W>purchased</W><C><W>and</W></C><W>am</W><W>quite</W><W>satisfied</W><W>with</W><W>the</W><W>IBM</W><W>ThinkPad</W><W>G40</W><W>PC</W><W>.</W></SENTENCE><SENTENCE><W>There</W><W>are</W><W>many</W><W>models</W><W>,</W><W>differing</W><W>in</W><W>the</W><W>clock</W><W>speed</W><W>of</W><W>the</W><W>Intel</W><W>chip</W><W>,</W><W>the</W><W>size</W><W>of</W><W>the</W><W>hard</W><W>disk</W><W>,</W><C><cue ID="0" type="speculation"><W>whether</W></cue></C><xcope ID="50"><ref ID="51" SRC="0"></ref><W>there</W><W>is</W><W>a</W><W>wireless</W><W>card</W><W>built</W></xcope><W>,</W><W>in</W><W>,</W><W>etc</W><W>.</W></SENTENCE><SENTENCE><W>My</W><W>comments</W><W>relate</W><W>to</W><W>the</W><W>whole</W><W>family</W><W>of</W><W>G40</W><W>ThinkPads</W><W>.</W></SENTENCE></P><P></P><P><SENTENCE><W>Prior</W><W>to</W><W>purchasing</W><W>the</W><W>G40</W><W>,</W><W>I</W><W>was</W><W>also</W><W>interested</W><W>in</W><W>,</W><C><W>and</W></C><W>tried</W><W>out</W><W>,</W><W>several</W><W>Sony</W><W>Vaio</W><C><W>and</W></C><W>Dell</W><W>notebooks</W><W>.</W></SENTENCE></P><P></P><P><SENTENCE><W>The</W><W>Sony</W><W>had</W><W>a</W><W>sharper</W><W>,</W><W>glossy</W><W>display</W><C><W>and</W></C><W>is</W><W>much</W><W>lighter</W><W>(</W><W>the</W><W>G40</W><W>is</W><W>rather</W><W>heavy</W><W>)</W><W>,</W><W>but</W><W>the</W><W>typing</W><W>keys</W><W>were</W><W>too</W><W>close</W><W>together</W><C><W>and</W></C><W>shallow</W><W>,</W><C><W>and</W></C><W>the</W><W>Vaio</W><C><cue ID="1" type="speculation"><W>can</W></cue></C><xcope ID="49"><ref ID="52" SRC="1"></ref><W>only</W><W>be</W><W>booted</W><W>with</W><W>the</W><W>latest</W><W>Microsoft</W><W>system</W><W>(XP</W></xcope><W>)</W><W>.</W></SENTENCE><SENTENCE><W>In</W><W>contrast</W><W>,</W><W>the</W><W>G40</W><C><cue ID="2" type="speculation"><W>can</W></cue></C><xcope ID="48"><ref ID="53" SRC="2"></ref><W>be</W><W>booted</W><W>with</W><W>98SE</W></xcope><W>,</W><W>2000</W><W>,</W><C><W>and</W></C><W>both</W><W>versions</W><W>of</W><W>XP.</W></SENTENCE><SENTENCE><W>This</W><W>was</W><W>important</W><W>to</W><W>me</W><W>because</W><W>I</W><W>purchased</W><W>several</W><W>PCs</W><W>with</W><W>Windows</W><W>ME</W><W>,</W><W>a</W><W>defective</W><W>,</W><W>unstable</W><W>system</W><W>,</W><C><W>and</W></C><W>only</W><W>after</W><W>purchasing</W><W>them</W><W>found</W><W>that</W><W>the</W><W>machines</W><C><cue ID="3" type="speculation"><W>could</W></cue></C><xcope ID="47"><ref ID="55" SRC="3"></ref><C><cue ID="4" type="negation"><W>not</W></cue></C><xcope ID="46"><ref ID="54" SRC="4"></ref><W>be</W><W>formatted</W><W>for</W><W>W98</W><W>because</W><W>the</W><W>chips</W><W>in</W><W>the</W><W>machine</W><C><W>expected</W></C><W>the</W><W>ME</W><W>junk</W></xcope></xcope><W>.</W></SENTENCE></P><P></P><P><SENTENCE><W>Despite</W><W>what</W><W>many</W><W>people</W><W>claim</W><W>,</W><W>PCs</W><W>are</W><C><cue ID="5" type="negation"><W>not</W></cue></C><xcope ID="45"><ref ID="56" SRC="5"></ref><W>a</W><W>commodity</W></xcope><W>,</W><W>in</W><W>that</W><W>the</W><C><W>feel</W></C><W>of</W><W>the</W><W>keyboard</W><C><W>and</W></C><W>the</W><W>resolution</W><W>of</W><W>the</W><W>screen</W><W>differ</W><W>from</W><W>company</W><W>to</W><W>company</W><C><W>and</W></C><W>model</W><W>to</W><W>model</W><W>.</W></SENTENCE><SENTENCE><W>I</W><W>was</W><W>attracted</W><W>to</W><W>Dell</W><W>because</W><W>it</W><W>offered</W><W>customization</W><W>over</W><W>the</W><W>Internet</W><W>.</W></SENTENCE><SENTENCE><W>I</W><C><cue ID="6" type="speculation"><W>could</W></cue></C><xcope ID="43"><ref ID="57" SRC="6"></ref><W>select</W><W>what</W><W>I</W><W>want</W></xcope><W>(</W><W>more</W><W>memory</W><W>,</W><W>better</W><W>screen</W><W>)</W><C><W>and</W></C><W>dump</W><W>what</W><W>I</W><W>did</W><C><cue ID="7" type="negation"><W>not</W></cue></C><xcope ID="44"><ref ID="61" SRC="7"></ref><W>want</W></xcope><W>(</W><W>overpriced</W><W>high-end</W><W>Intel</W><W>chips</W><W>,</W><W>Humvee-sized</W><W>hard</W><W>disks</W><W>)</W><W>.</W></SENTENCE><SENTENCE><C><W>And</W></C><W>I</W><C><cue ID="8" type="speculation"><W>would</W></cue></C><xcope ID="42"><ref ID="59" SRC="8"></ref><C><cue ID="9" type="negation"><W>not</W></cue></C><xcope ID="41"><ref ID="58" SRC="9"></ref><W>have</W><W>to</W><W>spend</W><W>hours</W><W>on</W><W>the</W><W>&#39;phone</W></xcope></xcope><W>,</W><W>during</W><W>inconvenient</W><W>times</W><W>,</W><W>with</W><W>an</W><W>idiot</W><W>specifying</W><W>each</W><W>part</W><W>,</W><W>I</W><C><cue ID="10" type="speculation"><W>could</W></cue></C><xcope ID="40"><ref ID="60" SRC="10"></ref><W>just</W><W>enter</W><W>it</W><W>via</W><W>the</W><W>Internet</W></xcope><W>.</W></SENTENCE></P><P></P><P><SENTENCE><W>But</W><C><cue ID="11" type="speculation"><W>if</W></cue></C><xcope ID="38"><ref ID="63" SRC="11"></ref><W>you</W><W>want</W><W>to</W><W>actually</W><W>touch</W><W>a</W><W>Dell</W></xcope><W>,</W><W>in</W><W>most</W><W>of</W><W>the</W><W>world</W><W>,</W><W>forget</W><W>it</W><W>.</W></SENTENCE><SENTENCE><W>I</W><W>called</W><W>Dell</W><W>from</W><W>a</W><W>Chicago</W><W>location</W><C><W>and</W></C><W>asked</W><W>where</W><W>I</W><C><cue ID="12" type="speculation"><W>could</W></cue></C><xcope ID="39"><ref ID="62" SRC="12"></ref><W>see</W><W>a</W><W>demo</W><W>model</W></xcope><W>,</W><C><W>and</W></C><W>was</W><W>told</W><W>that</W><W>the</W><W>nearest</W><W>location</W><W>was</W><W>Florida</W><W>.</W></SENTENCE><SENTENCE><W>Since</W><W>the</W><W>operator</W><W>was</W><W>in</W><W>an</W><W>Indian</W><W>call</W><W>center</W><W>,</W><W>he</W><W>mentioned</W><W>the</W><W>Floridia</W><W>location</W><W>as</W><C><cue ID="13" type="speculation"><W>if</W></cue></C><xcope ID="36"><ref ID="64" SRC="13"></ref><W>it</W><W>were</W><W>the</W><W>next</W><W>street</W><W>down</W><W>from</W><W>me</W></xcope><W>,</W><W>because</W><W>he</W><W>had</W><C><cue ID="14" type="negation"><W>no</W></cue></C><xcope ID="37"><ref ID="65" SRC="14"></ref><C><W>idea</W></C><W>of</W><W>North</W><W>American</W><W>geography</W></xcope><W>.</W></SENTENCE><SENTENCE><W>I</W><W>began</W><W>to</W><W>wonder</W><W>what</W><C><cue ID="15" type="speculation"><W>would</W></cue></C><xcope ID="35"><ref ID="67" SRC="15"></ref><W>happen</W><C><cue ID="16" type="speculation"><W>if</W></cue></C><xcope ID="34"><ref ID="66" SRC="16"></ref><W>I</W><W>had</W><W>a</W><W>technical</W><W>question</W></xcope></xcope><C><W>and</W></C><W>had</W><W>to</W><W>talk</W><W>to</W><W>someone</W><W>in</W><W>India</W><W>.</W></SENTENCE><SENTENCE><W>I</W><W>finally</W><W>managed</W><W>to</W><W>play</W><W>with</W><W>several</W><W>Inspirons</W><W>in</W><W>Tokyo</W><W>,</W><W>but</W><W>was</W><W>disappointed</W><W>by</W><W>their</W><W>cheap</W><W>,</W><W>creaky</W><W>plastic</W><W>parts</W><C><W>and</W></C><W>the</W><W>keyboard</W><W>with</W><W>substandard</W><W>key</W><W>spacing</W><C><W>and</W></C><W>key</W><W>travel</W><W>.</W></SENTENCE><SENTENCE><W>Too</W><W>bad</W><W>,</W><W>otherwise</W><W>the</W><W>Inspiron</W><W>8600</W><W>is</W><W>a</W><W>nice</W><W>machine</W><W>,</W><W>but</W><W>I</W><W>type</W><W>lots</W><W>of</W><W>reports</W><C><W>and</W></C><W>articles</W><W>,</W><C><W>and</W></C><W>I</W><W>need</W><W>a</W><W>machine</W><W>with</W><W>a</W><W>superb</W><W>keyboard</W><W>.</W></SENTENCE><SENTENCE><W>I</W><cue ID="51" type="negation"><W>do</W><W>n&#39;t</W></cue><xcope ID="52"><ref COMMENTS="" ID="53" SRC="51"></ref><W>have</W><W>space</W><W>to</W><W>add</W><W>a</W><W>separate</W><W>keyboard</W><W>on</W><W>my</W><W>desk</W></xcope><W>.</W></SENTENCE></P><P></P><P><SENTENCE><W>Here</W><W>is</W><W>where</W><W>the</W><W>G40</W><W>shines</W><W>.</W></SENTENCE><SENTENCE><W>It</W><W>has</W><W>a</W><W>wonderful</W><W>keyboard</W><W>at</W><W>an</W><W>ergonomic</W><W>angle</W><W>.</W></SENTENCE><SENTENCE><W>I</W><W>use</W><W>my</W><W>PC</W><W>mainly</W><W>for</W><W>reports</W><W>,</W><W>comments</W><W>,</W><W>spreadsheets</W><W>,etc.</W></SENTENCE><SENTENCE><W>I</W><cue ID="54" type="negation"><W>do</W><W>n&#39;t</W></cue><xcope ID="55"><ref COMMENTS="" ID="56" SRC="54"></ref><W>use</W><W>it</W><W>for</W><W>games</W></xcope><W>(</W><W>that</W><W>&#39;s</W><W>what</W><W>a</W><W>PlayStation-Game</W><W>Cube-Xbox</W><W>are</W><W>for</W><W>)</W><C><W>and</W></C><W>I</W><cue ID="17" type="negation"><W>do</W><W>n&#39;t</W></cue><xcope ID="33"><ref COMMENTS="" ID="68" SRC="17"></ref><W>use</W><W>it</W><W>to</W><W>read</W><W>email</W><W>while</W><W>I</W><W>travel</W><W>(</W><W>that</W><W>&#39;s</W><W>what</W><W>a</W><W>PDA</W><W>is</W><W>for</W><W>)</W></xcope><W>.</W></SENTENCE><SENTENCE><W>The</W><W>G40</W><W>accepts</W><W>a</W><W>PS/2</W><W>plug</W><W>for</W><W>keyboards</W><W>,</W><W>although</W><W>the</W><W>built-in</W><W>keyboard</W><W>is</W><W>excellent</W><W>by</W><W>itself</W><W>.</W></SENTENCE><SENTENCE><W>The</W><W>PS/2</W><W>jack</W><W>is</W><W>being</W><W>phased</W><W>out</W><W>of</W><W>notebooks</W><W>,</W><W>like</W><W>the</W><W>serial</W><W>port</W><W>,</W><W>but</W><W>there</W><cue ID="18" type="negation"><W>are</W><W>n&#39;t</W></cue><xcope ID="32"><ref COMMENTS="" ID="69" SRC="18"></ref><W>that</W><W>many</W><W>USB</W><W>keyboards</W><W>available</W></xcope><C><W>and</W></C><W>who</W><W>wants</W><W>to</W><W>use</W><W>up</W><W>all</W><W>their</W><W>USB</W><W>ports</W><W>with</W><W>basic</W><W>equipment</W><W>?</W></SENTENCE></P><P></P><P><SENTENCE><W>Besides</W><W>the</W><W>keyboard</W><W>,</W><W>I</W><W>was</W><W>attracted</W><W>to</W><W>IBM</W><W>&#39;s</W><W>responsible</W><W>service</W><W>.</W></SENTENCE><SENTENCE><W>IBM</W><W>has</W><W>always</W><W>had</W><W>well-trained</W><W>,</W><W>courteous</W><W>help</W><W>staff</W><W>,</W><C><W>and</W></C><xcope ID="31"><ref ID="71" SRC="19"></ref><W>has</W><W>repaired</W></xcope><C><cue ID="19" type="speculation"><W>or</W></cue></C><xcope ID="30"><ref ID="70" SRC="19"></ref><W>replaced</W><W>problems</W></xcope><W>immediately</W><W>in</W><W>past</W><W>IBMs</W><W>I</W><W>have</W><W>owned</W><W>.</W></SENTENCE><SENTENCE><W>Sometimes</W><W>,</W><W>the</W><W>repairs</W><W>were</W><W>free</W><W>.</W></SENTENCE><SENTENCE><W>Other</W><W>times</W><W>,</W><W>they</W><W>were</W><C><cue ID="20" type="negation"><W>not</W></cue></C><xcope ID="29"><ref ID="72" SRC="20"></ref><W>as</W><W>expensive</W><W>as</W><W>elsewhere</W></xcope><W>.</W></SENTENCE></P><P></P><P><SENTENCE><C><cue ID="21" type="speculation"><W>If</W></cue></C><xcope ID="28"><ref ID="73" SRC="21"></ref><W>one</W><W>ignores</W><W>the</W><W>keyboard</W><C><W>and</W></C><W>the</W><W>service</W></xcope><W>,</W><W>the</W><W>G40</W><W>is</W><W>a</W><W>plain</W><W>vanilla</W><W>PC</W><W>.</W></SENTENCE><SENTENCE><W>It</W><W>is</W><W>only</W><W>2.4GHz</W><W>,</W><W>it</W><W>only</W><W>ships</W><W>with</W><W>256MB</W><W>memory</W><W>(upgrades</W><W>to</W><W>1GB)</W><W>,</W><W>this</W><W>model</W><W>has</W><W>a</W><W>40GB</W><W>hard</W><W>disk</W><W>but</W><W>that</W><W>only</W><W>spins</W><W>at</W><W>4200</W><W>rpm</W><C><W>instead</W></C><W>of</W><W>the</W><W>newer</W><W>7200</W><W>rpm</W><W>,</W><W>the</W><W>memory</W><W>cache</W><W>is</W><W>on</W><W>the</W><W>processor</W><C><W>and</W></C><C><cue ID="22" type="negation"><W>not</W></cue></C><xcope ID="27"><ref ID="74" SRC="22"></ref><W>separate</W></xcope><W>,</W><W>etc</W><W>.</W></SENTENCE><SENTENCE><W>Since</W><W>memory</W><C><W>and</W></C><W>drives</W><W>are</W><W>commodities</W><W>available</W><W>cheaply</W><W>,</W><W>one</W><W>wonders</W><W>why</W><W>IBM</W><cue ID="57" type="negation"><W>does</W><W>n&#39;t</W></cue><xcope ID="58"><ref COMMENTS="" ID="59" SRC="57"></ref><W>splurge</W><W>a</W><W>bit</W></xcope><C><W>and</W></C><W>include</W><W>the</W><W>latest</W><W>stuff</W><W>,</W><W>but</W><W>IBM</W><W>was</W><C><cue ID="23" type="negation"><W>never</W></cue></C><xcope ID="26"><ref ID="75" SRC="23"></ref><W>the</W><W>low-cost</W><W>leader</W></xcope><W>.</W></SENTENCE></P><P></P><P><SENTENCE><W>The</W><W>G40</W><W>model</W><W>I</W><W>purchased</W><W>(</W><W>2388-4XJ)</W><W>comes</W><W>with</W><W>4</W><W>USB</W><W>2.0</W><W>ports</W><W>.</W></SENTENCE><SENTENCE><W>Other</W><W>PCs</W><W>have</W><W>only</W><W>2</W><W>,</W><C><W>and</W></C><W>trust</W><W>me</W><W>,</W><W>they</W><W>will</W><W>be</W><W>full</W><W>from</W><W>the</W><W>first</W><W>week</W><W>of</W><W>use</W><W>.</W></SENTENCE><SENTENCE><W>It</W><W>also</W><W>comes</W><W>with</W><W>CD</W><W>RW/DVD</W><W>,</W><W>1</W><W>PC</W><W>card</W><W>slot</W><W>,</W><W>parallel</W><W>,</W><W>monitor</W><W>ports</W><W>,</W><W>built-in</W><W>floppy</W><W>drive</W><W>,</W><W>built-in</W><W>T100</W><W>ethernet</W><W>,</W><W>audio</W><W>jacks</W><C><W>and</W></C><W>a</W><W>modem</W><W>.</W></SENTENCE><SENTENCE><W>I</W><W>did</W><C><cue ID="24" type="negation"><W>not</W></cue></C><xcope ID="25"><ref ID="76" SRC="24"></ref><W>want</W><W>a</W><W>built-in</W><W>wireless</W><W>card</W></xcope><W>,</W><W>they</W><W>typically</W><W>are</W><W>incompatible</W><W>with</W><W>third-party</W><W>transmitters</W><W>.</W></SENTENCE></P></DOCUMENT>
