<?xml version="1.0" encoding="UTF-8"?>
<DOCUMENT><P></P><P><SENTENCE><W>The</W><W>Dell</W><W>Inspiron</W><W>5150</W><W>is</W><W>a</W><W>powerful</W><W>notebook</W><W>with</W><W>some</W><W>nice</W><W>components</W><W>to</W><W>give</W><W>you</W><W>plenty</W><W>of</W><W>power</W><C><W>and</W></C><W>needs</W><W>on</W><W>the</W><W>go</W><W>!</W></SENTENCE><SENTENCE><W>The</W><W>power</W><W>of</W><W>this</W><W>notebook</W><W>is</W><W>run</W><W>by</W><W>the</W><W>3.06GHz</W><W>mobile</W><W>Intel</W><W>Pentium</W><W>4</W><W>processor</W><W>with</W><W>333MHz</W><W>of</W><W>DDR</W><W>memory</W><C><W>and</W></C><W>the</W><W>ATI</W><W>Mobility</W><W>Radeon</W><W>9000</W><W>graphics</W><W>chip</W><W>.</W></SENTENCE></P><P></P><P><SENTENCE><W>The</W><W>Inspiron</W><W>5150</W><W>is</W><W>upgradeable</W><W>with</W><W>several</W><W>options</W><W>,</W><W>this</W><W>one</W><W>that</W><W>I</W><W>am</W><W>reviewing</W><W>has</W><W>512MB</W><W>of</W><W>333MHz</W><W>DDR</W><W>RAM</W><W>,</W><C><W>and</W></C><W>64MB</W><W>of</W><W>266MHz</W><W>RAM</W><W>for</W><W>the</W><W>ATI</W><W>Mobility</W><W>Radeon</W><W>9000</W><W>graphics</W><W>chip</W><W>.</W></SENTENCE></P><P></P><P><SENTENCE><W>Other</W><W>features</W><W>include</W><W>a</W><W>15</W><W>&#34;</W><W>Ultra</W><W>Sharp</W><W>UXGA</W><W>Display</W><W>,</W><W>a</W><W>60GB</W><W>Ultra</W><W>ATA</W><W>Hard</W><W>Drive</W><C><W>and</W></C><W>a</W><W>2x</W><W>CD/DVD</W><W>burner</W><W>.</W></SENTENCE><SENTENCE><W>(</W><W>DVD+RW/+R</W><W>)</W><W>Added</W><W>upgrades</W><W>for</W><W>Microsoft</W><W>Windows</W><W>XP</W><W>Professional</W><C><W>and</W></C><W>Microsoft</W><W>Works</W><W>Suite</W><W>2003</W><W>.</W></SENTENCE><SENTENCE><W>We</W><W>added</W><W>a</W><W>leather</W><W>case</W><W>which</W><W>brought</W><W>the</W><W>cost</W><W>to</W><W>$</W><W>2377</W><W>before</W><W>tax</W><W>with</W><W>a</W><W>1</W><W>Year</W><W>Limited</W><W>Warranty</W><W>plus</W><W>1</W><W>Year</W><W>At-Home</W><W>Service</W><W>.</W></SENTENCE><SENTENCE><W>The</W><W>Dell</W><W>Inspiron</W><W>5150</W><W>starts</W><W>as</W><W>low</W><W>as</W><W>$</W><W>1499</W><W>.</W></SENTENCE></P><P></P><P><SENTENCE><W>The</W><W>Memory</W></SENTENCE></P><P></P><P><SENTENCE><W>One</W><W>disappointment</W><W>in</W><W>upgrading</W><W>the</W><W>Inspiron</W><W>5150</W><W>was</W><W>the</W><W>memory</W><W>.</W></SENTENCE><SENTENCE><W>The</W><W>5150</W><W>comes</W><W>with</W><W>two</W><W>slots</W><C><W>and</W></C><W>the</W><W>512</W><W>MB</W><W>of</W><W>memory</W><W>for</W><W>one</W><W>slot</W><W>was</W><W>$</W><W>150</W><W>higher</W><W>in</W><W>price</W><W>,</W><W>so</W><W>we</W><W>settled</W><W>on</W><W>two</W><W>256MB</W><W>chips</W><W>.</W></SENTENCE><SENTENCE><W>Here</W><W>is</W><W>one</W><W>of</W><W>those</W><W>deals</W><W>that</W><W>Dell</W><W>continues</W><W>to</W><W>rip</W><W>off</W><W>the</W><W>consumer</W><W>because</W><W>the</W><W>price</W><W>of</W><W>two</W><W>256MB</W><W>chips</W><C><W>and</W></C><W>the</W><W>one</W><W>512MB</W><W>chip</W><C><cue ID="0" type="speculation"><W>should</W></cue></C><xcope ID="1"><ref COMMENTS="" ID="2" SRC="0"></ref><W>be</W><W>about</W><W>$</W><W>20</W><W>difference</W><W>in</W><W>cost</W><W>.</W></xcope></SENTENCE></P><P></P><P><SENTENCE><W>The</W><W>good</W><W>part</W><W>is</W><W>they</W><W>are</W><W>using</W><W>PC</W><W>2700</W><W>333MHz</W><W>DDR</W><W>memory</W><W>for</W><W>a</W><W>faster</W><W>performance</W><W>.</W></SENTENCE></P><P></P><P><SENTENCE><W>The</W><W>Processor</W></SENTENCE></P><P></P><P><SENTENCE><W>The</W><W>Dell</W><W>Inspiron</W><W>5150</W><W>is</W><W>available</W><W>with</W><W>only</W><W>one</W><W>processor</W><W>,</W><W>the</W><W>3.06GHz</W><W>mobile</W><W>Intel</W><W>Pentium</W><W>4</W><W>processor</W><W>with</W><W>on-die</W><W>512K</W><W>L2</W><W>cache</W><C><W>and</W></C><W>533</W><W>MHz</W><W>Front</W><W>Side</W><W>Bus</W><W>.</W></SENTENCE></P><P></P><P><SENTENCE><W>This</W><W>is</W><W>plenty</W><W>of</W><W>processor</W><W>for</W><W>anything</W><W>that</W><W>you</W><C><cue ID="3" type="speculation"><W>may</W></cue></C><xcope ID="4"><ref COMMENTS="" ID="5" SRC="3"></ref><W>need</W><W>for</W><W>now</W></xcope><W>.</W></SENTENCE></P><P></P><P><SENTENCE><W>The</W><W>Display</W></SENTENCE></P><P></P><P><SENTENCE><W>The</W><W>Inspiron</W><W>5150</W><W>comes</W><W>standard</W><W>with</W><W>a</W><W>15</W><W>&#34;</W><W>SXGA</W><W>display</W><C><W>and</W></C><W>an</W><W>upgrade</W><W>to</W><W>a</W><W>15</W><W>UltraSharp</W><W>UXGA</W><W>TFT</W><W>high-resolution</W><W>display</W><W>.</W></SENTENCE></P><P></P><P><SENTENCE><W>The</W><W>upgrade</W><W>to</W><W>the</W><W>15</W><W>&#34;</W><W>Ultra</W><W>Sharp</W><W>UXGA</W><W>Display</W><W>was</W><W>a</W><W>good</W><W>investment</W><W>because</W><W>the</W><W>display</W><W>is</W><W>crystal</W><W>clear</W><W>with</W><W>brilliant</W><W>colors</W><W>.</W></SENTENCE></P><P></P><P><SENTENCE><W>Graphics</W></SENTENCE></P><P></P><P><SENTENCE><W>The</W><W>choice</W><W>to</W><W>go</W><W>with</W><W>the</W><W>ATI</W><W>Mobility</W><W>Radeon</W><W>9000</W><W>graphics</W><W>was</W><W>a</W><W>great</W><C><W>idea</W></C><W>.</W></SENTENCE><SENTENCE><W>It</W><W>comes</W><W>standard</W><W>with</W><W>32MB</W><W>of</W><W>DDR</W><W>RAM</W><W>running</W><W>at</W><W>266MHz</W><W>.</W></SENTENCE><SENTENCE><W>It</W><W>is</W><W>an</W><W>AGP</W><W>4x</W><W>graphics</W><W>card</W><C><W>and</W></C><C><W>can</W></C><W>be</W><W>ordered</W><W>with</W><W>the</W><W>64MB</W><W>installed</W><W>.</W></SENTENCE><SENTENCE><W>I</W><W>highly</W><W>recommend</W><W>the</W><W>64MB</W><W>over</W><W>the</W><W>32MB.</W></SENTENCE></P><P></P><P><SENTENCE><W>Other</W><W>Features</W></SENTENCE></P><P></P><P><SENTENCE><W>FireWire</W></SENTENCE></P><P></P><P><SENTENCE><W>S-Video-out</W><W>,</W></SENTENCE></P><P></P><P><SENTENCE><W>VGA</W><W>,</W><W>Ethernet</W></SENTENCE></P><P></P><P><SENTENCE><W>Two</W><W>USB</W><W>2.0</W><W>ports</W></SENTENCE></P><P></P><P><SENTENCE><W>A</W><W>56Kbps-modem</W><W>V.92</W></SENTENCE></P><P></P><P><SENTENCE><W>One</W><W>Type</W><W>II</W><W>PC</W><W>Card</W><W>slot</W></SENTENCE></P><P></P><P><SENTENCE><W>A</W><W>jack</W><W>for</W><W>headphones</W><C><W>and</W></C><W>a</W><W>jack</W><W>for</W><W>a</W><W>microphone</W></SENTENCE></P><P></P><P><SENTENCE><W>The</W><W>Looks</W></SENTENCE></P><P></P><P><SENTENCE><W>The</W><W>Dell</W><W>Inspiron</W><W>5150</W><W>comes</W><W>in</W><W>a</W><W>new</W><W>Moonlight</W><W>Silver</W><C><W>and</W></C><W>Venice</W><W>blue</W><W>that</W><W>makes</W><W>it</W><W>look</W><W>very</W><W>attractive</W><W>.</W></SENTENCE></P><P></P><P><SENTENCE><W>Looking</W><W>at</W><C><W>and</W></C><W>around</W><W>the</W><W>notebook</W><W>in</W><W>the</W><W>Front</W><W>and</W><W>Top</W><W>you</W><W>have</W><W>the</W><W>15</W><W>inch</W><W>screen</W><W>,</W><W>keyboard</W><W>,</W><W>mouse</W><W>pad</W><C><W>and</W></C><W>a</W><W>pair</W><W>of</W><W>front</W><W>mounted</W><W>speakers</W><W>.</W></SENTENCE></P><P></P><P><SENTENCE><W>The</W><W>left</W><W>side</W><W>has</W><W>a</W><W>PCMCIA</W><W>Type</W><W>I/I</W><W>I</W><W>card</W><W>Slot</W><W>,</W><W>Microphone/headphone</W><W>jacks</W><C><W>and</W></C><W>a</W><W>Media</W><W>bay</W><W>.</W></SENTENCE><SENTENCE><W>The</W><W>right</W><W>side</W><W>has</W><W>the</W><W>56K</W><W>modem</W><W>.</W></SENTENCE></P><P></P><P><SENTENCE><W>The</W><W>rear</W><W>has</W><W>an</W><W>AC</W><W>adapter</W><W>plug-in</W><W>,</W><W>S-video</W><W>out</W><W>,</W><W>Two</W><W>USB</W><W>ports</W><W>,</W><W>Monitor</W><W>out</W><W>,</W><W>IEEE</W><W>1304</W><W>port</W><C><W>and</W></C><W>10/100</W><W>Ethernet</W><W>port</W><W>.</W></SENTENCE><SENTENCE><W>The</W><W>bottom</W><W>has</W><W>an</W><W>access</W><W>door</W><W>for</W><W>the</W><W>memory</W><W>,</W><W>the</W><W>hard</W><W>drive</W><C><W>and</W></C><W>battery</W><W>compartment</W><W>.</W></SENTENCE></P><P></P><P><SENTENCE><W>Overall</W></SENTENCE></P><P></P><P><SENTENCE><W>Dell</W><cue ID="7" type="negation"><W>did</W><W>nt</W></cue><xcope ID="34"><ref COMMENTS="" ID="41" SRC="7"></ref><xcope ID="33"><ref COMMENTS="" ID="40" SRC="31"></ref><W>include</W><W>a</W><W>serial</W></xcope><C><cue ID="31" type="speculation"><W>or</W></cue></C><xcope ID="32"><ref COMMENTS="" ID="39" SRC="31"></ref><W>PS/2</W><W>port</W></xcope></xcope><W>;</W><W>these</W><W>are</W><W>ports</W><W>that</W><W>are</W><W>outdated</W><W>today</W><W>.</W></SENTENCE><SENTENCE><C><cue ID="8" type="negation"><W>No</W></cue></C><xcope ID="29"><ref COMMENTS="" ID="38" SRC="8"></ref><W>big</W><C><W>loss</W></C><W>on</W><W>these</W><W>ports</W></xcope><W>I</W><C><cue ID="9" type="speculation"><W>think</W></cue></C><xcope ID="30"><ref COMMENTS="" ID="37" SRC="9"></ref><W>you</W><W>will</W><W>see</W><W>them</W><W>disappear</W><W>from</W><W>most</W><W>systems</W><W>yet</W><W>to</W><W>come</W></xcope><W>.</W></SENTENCE><SENTENCE><W>Good</W><W>choice</W><W>Dell</W><W>!</W></SENTENCE></P><P></P><P><SENTENCE><W>Overall</W><W>the</W><W>performance</W><W>is</W><W>fast</W><W>;</W><W>playing</W><W>DVD</W><W>movies</W><W>are</W><C><cue ID="10" type="negation"><W>no</W></cue></C><xcope ID="28"><ref COMMENTS="" ID="36" SRC="10"></ref><W>problem</W><W>at</W><W>all</W></xcope><W>with</W><W>a</W><W>clear</W><C><W>and</W></C><W>smooth</W><W>running</W><W>movie</W><W>.</W></SENTENCE><SENTENCE><W>Games</W><W>are</W><W>fast</W><C><W>and</W></C><W>produce</W><W>beautiful</W><W>graphics</W><W>with</W><C><cue ID="11" type="negation"><W>no</W></cue></C><xcope ID="27"><ref ID="35" SRC="11"></ref><W>hesitation</W><W>at</W><W>all</W></xcope><W>.</W></SENTENCE></P><P></P><P><SENTENCE><W>Color</W><W>is</W><W>beautiful</W><W>on</W><W>anything</W><W>that</W><W>you</W><W>do</W><W>with</W><W>the</W><W>Inspiron</W><W>5150</W><W>;</W><W>the</W><W>games</W><W>are</W><W>the</W><W>most</W><W>impressive</W><W>.</W></SENTENCE></P><P></P><P><SENTENCE><W>The</W><W>sound</W><W>through</W><W>the</W><W>speakers</W><W>are</W><W>fair</W><W>,</W><W>they</W><W>are</W><C><W>missing</W></C><W>a</W><W>good</W><W>bass</W><W>sound</W><W>.</W></SENTENCE><SENTENCE><W>Adding</W><W>a</W><W>nice</W><W>set</W><W>of</W><W>speakers</W><W>for</W><W>use</W><W>at</W><W>home</W><C><cue ID="12" type="speculation"><W>would</W></cue></C><xcope ID="21"><ref ID="22" SRC="12"></ref><W>be</W><W>helpful</W></xcope><W>.</W></SENTENCE></P><P></P><P><SENTENCE><W>The</W><W>built-in</W><W>mouse</W><W>is</W><W>easy</W><W>to</W><W>use</W><W>,</W><C><cue ID="13" type="negation"><W>not</W></cue></C><xcope ID="20"><ref COMMENTS="" ID="23" SRC="13"></ref><W>as</W><W>good</W><W>as</W><W>a</W><W>regular</W><W>cordless</W><W>mouse</W></xcope><W>but</W><W>for</W><W>trips</W><W>it</W><W>will</W><W>do</W><W>fine</W><W>.</W></SENTENCE><SENTENCE><W>At</W><W>home</W><W>I</W><W>still</W><W>prefer</W><W>a</W><W>USB</W><W>cordless</W><W>Optical</W><W>mouse</W><W>.</W></SENTENCE></P><P></P><P><SENTENCE><W>I</W><W>was</W><W>very</W><W>impressed</W><W>with</W><W>the</W><W>battery</W><W>use</W><W>;</W><W>I</W><W>get</W><W>roughly</W><W>4</W><W>hours</W><W>of</W><W>usage</W><W>before</W><W>I</W><W>need</W><W>to</W><W>recharge</W><W>it</W><W>.</W></SENTENCE><SENTENCE><W>An</W><W>extra</W><W>battery</W><W>here</W><C><cue ID="14" type="speculation"><W>could</W></cue></C><xcope ID="19"><ref COMMENTS="" ID="24" SRC="14"></ref><W>get</W><W>you</W><W>around</W><W>8</W><W>hours</W><W>of</W><W>usage</W></xcope><W>,</W><W>this</W><cue ID="16" type="speculation"><W>maybe</W></cue><xcope ID="18"><ref COMMENTS="" ID="26" SRC="16"></ref><W>something</W><W>to</W><W>consider</W><C><cue ID="15" type="speculation"><W>if</W></cue></C><xcope ID="17"><ref ID="25" SRC="15"></ref><W>you</W><W>are</W><W>on</W><W>the</W><W>go</W><W>a</W><W>lot</W></xcope></xcope><W>.</W></SENTENCE></P><P></P><P><SENTENCE><W>I</W><W>am</W><W>very</W><W>impressed</W><W>with</W><W>the</W><W>quality</W><W>that</W><W>went</W><W>into</W><W>this</W><W>notebook</W><W>,</W><W>in</W><W>my</W><W>book</W><W>the</W><W>Dell</W><W>Inspiron</W><W>5150</W><W>is</W><W>one</W><W>of</W><W>their</W><W>best</W><W>computers</W><W>on</W><W>the</W><W>market</W><W>today</W><W>!</W></SENTENCE></P></DOCUMENT>
