<?xml version="1.0" encoding="UTF-8"?>
<DOCUMENT><P></P><P><SENTENCE><W>Why</W><C><cue ID="0" type="negation"><W>no</W></cue></C><xcope ID="46"><ref ID="146" SRC="0"></ref><W>reviews</W><W>on</W><W>this</W><W>model</W></xcope><W>?</W></SENTENCE><SENTENCE><W>Because</W><W>most</W><W>folks</W><W>are</W><C><cue ID="1" type="negation"><W>not</W></cue></C><xcope ID="47"><ref ID="145" SRC="1"></ref><W>familiar</W><W>with</W><W>the</W><W>name</W><W>Sharp</W><W>as</W><W>far</W><W>as</W><W>computers</W><W>go</W></xcope><W>.</W></SENTENCE><SENTENCE><W>This</W><W>is</W><W>a</W><W>brand</W><W>exclusive</W><W>to</W><W>Circuit</W><W>City</W><W>so</W><W>I</W><cue ID="2" type="negation"><W>do</W><W>n&#39;t</W></cue><xcope ID="49"><ref COMMENTS="" ID="144" SRC="2"></ref><C><cue ID="3" type="speculation"><W>think</W></cue></C><xcope ID="48"><ref ID="143" SRC="3"></ref><W>most</W><W>folks</W><C><W>feel</W></C><W>comfortable</W><W>with</W><W>it</W><W>yet</W></xcope></xcope><W>.</W></SENTENCE><SENTENCE><W>They</W><C><cue ID="4" type="speculation"><W>should</W></cue></C><xcope ID="50"><ref ID="142" SRC="4"></ref><W>give</W><W>it</W><W>a</W><W>try</W></xcope><W>.</W></SENTENCE></P><P></P><P><SENTENCE><W>There</W><W>is</W><W>a</W><W>lot</W><W>to</W><W>love</W><W>about</W><W>the</W><W>Sharp</W><W>Actius</W><W>RD10</W><W>.</W></SENTENCE><SENTENCE><W>It</W><W>has</W><W>so</W><W>many</W><W>features</W><W>that</W><W>other</W><W>laptops</W><W>do</W><C><cue ID="5" type="negation"><W>not</W></cue></C><W>.</W></SENTENCE><SENTENCE><W>Number</W><W>one</W><W>on</W><W>my</W><W>list</W><W>is</W><W>:</W></SENTENCE></P><P></P><P><SENTENCE><C><cue ID="6" type="negation"><W>NO</W></cue></C><xcope ID="51"><ref ID="139" SRC="6"></ref><W>Shared</W><W>memory</W></xcope><W>!</W></SENTENCE><SENTENCE><W>That</W><W>&#39;s</W><W>right</W><W>,</W><W>most</W><W>laptops</W><W>have</W><W>about</W><W>a</W><W>half</W><W>a</W><W>gig</W><W>of</W><W>SDRAM</W><W>,</W><W>but</W><W>they</W><W>share</W><W>that</W><W>with</W><W>the</W><W>video</W><W>.</W></SENTENCE><SENTENCE><W>Now</W><W>,</W><W>in</W><W>the</W><W>majority</W><W>of</W><W>cases</W><W>this</W><W>wo</W><W>n&#39;t</W><W>be</W><W>an</W><W>issue</W><W>.</W><W>.</W><W>but</W><C><cue ID="8" type="speculation"><W>if</W></cue></C><xcope ID="140"><ref ID="141" SRC="8"></ref><W>you</W><W>plan</W><W>to</W><W>play</W><W>any</W><W>of</W><W>todays</W><W>graphic-intense</W><W>games</W></xcope><W>,</W><W>you</W><W>need</W><W>it</W><W>to</W><C><cue ID="7" type="negation"><W>not</W></cue></C><xcope ID="52"><ref ID="138" SRC="7"></ref><W>be</W><W>shared</W></xcope><W>.</W></SENTENCE><SENTENCE><W>That</W><W>was</W><W>what</W><W>swung</W><W>us</W><W>to</W><W>buy</W><W>this</W><W>model</W><W>.</W></SENTENCE><SENTENCE><W>We</W><cue ID="95" type="negation"><W>ca</W><W>n&#39;t</W></cue><xcope ID="96"><ref COMMENTS="" ID="97" SRC="95"></ref><W>be</W><W>having</W><W>our</W><W>memory</W><W>smashed</W><W>in</W><W>the</W><W>middle</W><W>of</W><W>battle</W></xcope><W>.</W><W>.</W><W>know</W><W>what</W><W>I</W><W>&#39;m</W><W>sayin</W><W>?</W></SENTENCE><SENTENCE><W>heh</W><W>.</W></SENTENCE><SENTENCE><C><cue ID="9" type="negation"><W>No</W></cue></C><xcope ID="53"><ref ID="137" SRC="9"></ref><W>problemo</W><W>with</W><W>this</W><W>baby</W></xcope><W>!</W></SENTENCE></P><P></P><P><SENTENCE><W>Number</W><W>two</W><C><cue ID="10" type="speculation"><W>would</W></cue></C><xcope ID="54"><ref ID="136" SRC="10"></ref><W>be</W><W>the</W><W>display</W></xcope><W>:</W><W>Amazingly</W><W>crisp</W><W>,</W><W>bright</W><W>,</W><C><W>and</W></C><W>clear</W><W>display</W><W>.</W></SENTENCE><SENTENCE><W>Brighter</W><W>even</W><W>than</W><W>any</W><W>of</W><W>our</W><W>CRTs</W><W>!</W></SENTENCE><SENTENCE><W>On</W><W>our</W><W>desk</W><W>tops</W><W>we</W><W>&#39;re</W><W>running</W><W>a</W><W>Sony</W><W>Multiscan</W><W>400PS</W><W>on</W><W>mine</W><W>,</W><C><W>and</W></C><W>a</W><W>Samsung</W><W>Syncmaster</W><W>1200NF.</W></SENTENCE><SENTENCE><W>This</W><W>laptop</W><W>monitor</W><W>blows</W><W>them</W><W>both</W><W>away</W><W>on</W><W>clarity</W><W>.</W></SENTENCE><SENTENCE><W>I</W><W>&#39;m</W><C><cue ID="11" type="negation"><W>not</W></cue></C><xcope ID="56"><ref ID="135" SRC="11"></ref><W>talking</W><W>hmm</W><W>I</W><C><cue ID="12" type="speculation"><W>think</W></cue></C><xcope ID="55"><ref COMMENTS="" ID="134" SRC="12"></ref><W>that</W><W>is</W><W>a</W><W>little</W><W>brighter</W></xcope></xcope><W>.</W></SENTENCE><SENTENCE><cue ID="98" type="negation"><W>No.</W></cue></SENTENCE><SENTENCE><W>I</W><W>&#39;m</W><W>talking</W><W>Oh</W><W>hell</W><W>look</W><W>at</W><W>the</W><W>difference</W><W>in</W><W>this</W><W>puppy</W><W>!</W></SENTENCE><SENTENCE><W>It</W><W>&#39;s</W><W>also</W><W>surprising</W><W>to</W><W>me</W><W>that</W><W>there</W><W>is</W><C><cue ID="13" type="negation"><W>no</W></cue></C><xcope ID="59"><ref COMMENTS="" ID="133" SRC="13"></ref><xcope ID="58"><ref ID="132" SRC="15"></ref><W>difference</W><W>in</W><W>this</W><W>between</W><W>battery</W></xcope><C><cue ID="15" type="speculation"><W>or</W></cue></C><C><cue ID="14" type="speculation"><W>if</W></cue></C><xcope ID="57"><ref ID="130" SRC="14"></ref><W>it</W><W>&#39;s</W><W>plugged</W><W>in</W></xcope></xcope><W>.</W></SENTENCE><SENTENCE><W>Just</W><W>a</W><W>freakin</W><W>sweet</W><W>display</W><W>!</W></SENTENCE></P><P></P><P><SENTENCE><W>The</W><W>sound</W><W>is</W><W>also</W><W>,</W><W>of</W><W>course</W><W>,</W><W>built</W><W>in</W><W>.</W></SENTENCE><SENTENCE><W>There</W><W>are</W><W>two</W><W>speakers</W><W>up</W><W>near</W><W>the</W><W>display</W><C><W>and</W></C><W>while</W><W>they</W><cue ID="62" type="negation"><W>wo</W><W>n&#39;t</W></cue><xcope ID="63"><ref COMMENTS="" ID="129" SRC="62"></ref><W>rival</W><W>your</W><W>desk</W><W>top</W><W>speakers</W></xcope><W>,</W><W>they</W><W>do</W><W>the</W><W>job</W><W>.</W></SENTENCE><SENTENCE><W>You</W><cue ID="99" type="negation"><W>wo</W><W>n&#39;t</W></cue><xcope ID="100"><ref COMMENTS="" ID="101" SRC="99"></ref><W>want</W><W>to</W><W>be</W><W>cranking</W><W>your</W><W>music</W><W>CDs</W><W>on</W><W>this</W></xcope><W>,</W><W>but</W><xcope ID="61"><ref ID="128" SRC="16"></ref><W>for</W><W>watching</W><W>a</W><W>DVD</W></xcope><C><cue ID="16" type="speculation"><W>or</W></cue></C><xcope ID="60"><ref ID="127" SRC="16"></ref><W>cruising</W><W>the</W><W>web</W><W>they</W><W>are</W><W>more</W><W>than</W><W>adequate</W></xcope><W>.</W></SENTENCE></P><P></P><P><SENTENCE><W>Have</W><W>a</W><W>digital</W><W>camera</W><W>?</W></SENTENCE><SENTENCE><W>Plug</W><W>your</W><W>memory</W><W>card</W><W>right</W><W>in</W><W>to</W><W>the</W><W>front</W><W>side</W><W>!</W></SENTENCE><SENTENCE><W>That</W><W>&#39;s</W><W>right</W><W>,</W><C><cue ID="17" type="negation"><W>no</W></cue></C><xcope ID="64"><ref ID="126" SRC="17"></ref><W>need</W><W>for</W><W>extra</W><W>gadgets</W></xcope><W>,</W><W>this</W><W>sucker</W><W>I</W><C><cue ID="18" type="speculation"><W>believe</W></cue></C><xcope ID="65"><ref ID="125" SRC="18"></ref><W>has</W><W>a</W><W>slot</W><W>for</W><W>about</W><W>any</W><W>size</W><W>camera</W><W>flash</W><W>card</W></xcope><W>.</W></SENTENCE><SENTENCE><W>It</W><W>fits</W><W>my</W><W>Cannon</W><C><W>and</W></C><W>has</W><W>other</W><W>slots</W><W>for</W><W>other</W><W>sizes</W><W>.</W></SENTENCE><SENTENCE><W>Very</W><W>convenient</W><W>indeed</W><W>...and</W><W>it</W><W>&#39;s</W><W>fast</W><W>.</W></SENTENCE><SENTENCE><W>Actually</W><W>,</W><W>the</W><W>pictures</W><W>come</W><W>up</W><W>faster</W><W>on</W><W>this</W><W>than</W><W>on</W><W>my</W><W>big</W><W>Micron</W><W>Millennia</W><W>.</W></SENTENCE></P><P></P><P><SENTENCE><W>The</W><W>wireless</W><W>(</W><W>802.11B</W><W>)</W><W>is</W><W>built</W><W>in</W><W>.</W></SENTENCE><SENTENCE><W>Again</W><W>,</W><C><cue ID="19" type="negation"><W>no</W></cue></C><xcope ID="66"><ref ID="124" SRC="19"></ref><W>need</W><W>to</W><W>keep</W><W>track</W><W>of</W><W>endless</W><W>accessories</W><W>for</W><W>everything</W></xcope><W>,</W><W>it</W><W>&#39;s</W><W>all</W><W>right</W><W>here</W><W>built</W><W>in</W><W>.</W></SENTENCE><SENTENCE><W>The</W><W>wireless</W><W>works</W><W>seemlessly</W><W>on</W><W>this</W><W>baby</W><W>too</W><W>.</W></SENTENCE><SENTENCE><W>I</W><C><cue ID="20" type="speculation"><W>could</W></cue></C><xcope ID="68"><ref ID="123" SRC="20"></ref><W>tell</W><C><cue ID="21" type="negation"><W>no</W></cue></C><xcope ID="67"><ref ID="122" SRC="21"></ref><W>difference</W><W>between</W><W>cruising</W><W>the</W><W>web</W><W>on</W><W>this</W><W>with</W><W>the</W><W>wirelss</W><C><W>and</W></C><W>my</W><W>PC</W><W>which</W><W>is</W><W>cabled</W><W>to</W><W>the</W><W>hub</W></xcope></xcope><W>.</W></SENTENCE><SENTENCE><W>It</W><W>worked</W><W>when</W><W>we</W><W>took</W><W>it</W><W>upstairs</W><W>too</W><W>.</W></SENTENCE><SENTENCE><W>That</W><C><cue ID="22" type="speculation"><W>may</W></cue></C><xcope ID="69"><ref ID="121" SRC="22"></ref><W>speak</W><W>to</W><W>the</W><W>effectiveness</W><W>of</W><W>our</W><W>wireless</W><W>thingy</W><W>in</W><W>general</W></xcope><W>,</W><W>but</W><W>I</W><W>tend</W><W>to</W><C><cue ID="23" type="speculation"><W>think</W></cue></C><xcope ID="70"><ref ID="120" SRC="23"></ref><W>it</W><W>&#39;s</W><W>a</W><W>combo</W><W>of</W><W>that</W></xcope><C><W>and</W></C><W>the</W><W>wireless</W><W>set</W><W>up</W><W>in</W><W>the</W><W>Sharp</W><W>itself</W><W>.</W></SENTENCE></P><P></P><P><SENTENCE><W>All</W><W>the</W><W>geeky</W><W>stuff</W><W>:</W></SENTENCE></P><P></P><P><SENTENCE><W>2.8-GHz</W><W>Pentium</W><W>4</W><W>,</W><W>512MB</W><W>of</W><W>DDR</W><W>SDRAM</W><W>,</W><W>Windows</W><W>XP</W><W>Home</W><W>,</W><W>15-inch</W><W>XGA</W><W>screen</W><W>,</W><W>NVidia</W><W>GeForce4</W><W>420</W><W>Go</W><W>with</W><W>32MB</W><W>of</W><W>DDR</W><W>SDRAM</W><W>,</W><W>60GB</W><W>hard</W><W>drive</W><W>,</W><W>8X</W><W>DVD-ROM</W><C><W>and</W></C><W>24X/10X/24X</W><W>CD-RW</W><W>combo</W><W>drive</W><W>,</W><W>built-in</W><W>V.90</W><W>modem</W><W>,</W><W>10/100</W><W>ethernet</W><W>port</W><W>,</W><W>touchpad</W><W>pointing</W><W>device</W><W>,</W><W>One-year</W><W>parts</W><C><W>and</W></C><W>labor</W><W>warranty</W><W>;</W><W>lifetime</W><W>24-hour</W><W>daily</W><W>toll-free</W><W>technical</W><C><W>support</W></C><W>.</W></SENTENCE></P><P></P><P><SENTENCE><W>Battery</W><W>life</W><W>is</W><C><cue ID="24" type="negation"><W>not</W></cue></C><xcope ID="71"><ref ID="113" SRC="24"></ref><W>something</W><W>I</W><W>am</W><W>concerned</W><W>about</W></xcope><W>,</W><W>but</W><W>this</W><W>one</W><W>is</W><W>only</W><W>about</W><W>an</W><W>hour</W><C><W>and</W></C><W>a</W><W>half.</W><W>.</W><C><cue ID="25" type="speculation"><W>probably</W></cue></C><xcope ID="72"><ref ID="114" SRC="25"></ref><W>due</W><W>to</W><W>the</W><W>awesome</W><W>display</W></xcope><W>.</W></SENTENCE><SENTENCE><W>In</W><W>the</W><W>car</W><W>I</W><C><cue ID="26" type="speculation"><W>can</W></cue></C><xcope ID="73"><ref ID="115" SRC="26"></ref><W>plug</W><W>into</W><W>the</W><W>cigarette</W><W>lighter</W><W>though</W></xcope><W>,</W><C><W>and</W></C><W>the</W><W>hotel</W><W>of</W><W>course</W><W>has</W><W>jacks</W><W>,</W><W>airlines</W><W>also</W><W>have</W><W>plug-ins</W><C><cue ID="27" type="speculation"><W>if</W></cue></C><xcope ID="79"><ref ID="116" SRC="27"></ref><W>you</W><W>have</W><W>the</W><W>adapter.</W></xcope><W>.</W></SENTENCE><SENTENCE><W>I</W><cue ID="29" type="negation"><W>ca</W><W>n&#39;t</W></cue><xcope ID="104"><ref COMMENTS="" ID="107" SRC="29"></ref><C><cue ID="28" type="speculation"><W>think</W></cue></C><xcope ID="103"><ref COMMENTS="" ID="106" SRC="28"></ref><W>of</W><W>very</W><W>often</W><W>that</W><W>I</W><C><cue ID="30" type="speculation"><W>would</W></cue></C><xcope ID="102"><ref COMMENTS="" ID="105" SRC="30"></ref><W>need</W><W>more</W><W>than</W><W>that</W><W>hour</W><C><W>and</W></C><W>a</W><W>half</W><W>of</W><W>battery</W><W>life</W><W>anyway</W></xcope></xcope></xcope><W>,</W><C><W>and</W></C><C><cue ID="31" type="speculation"><W>if</W></cue></C><xcope ID="78"><ref ID="112" SRC="31"></ref><W>you</W><W>&#39;re</W><W>smart</W><W>you</W><W>always</W><W>keep</W><W>a</W><W>spare</W><W>battery</W><W>anyway</W></xcope><W>.</W></SENTENCE><SENTENCE><W>So</W><W>,</W><W>to</W><W>me</W><W>at</W><W>least</W><W>,</W><W>that</W><cue ID="108" type="negation"><W>is</W><W>n&#39;t</W></cue><xcope ID="109"><ref COMMENTS="" ID="110" SRC="108"></ref><W>even</W><W>an</W><W>issue</W></xcope><W>.</W></SENTENCE><SENTENCE><W>I</W><W>figured</W><W>some</W><W>of</W><W>you</W><C><cue ID="32" type="speculation"><W>may</W></cue></C><xcope ID="77"><ref ID="111" SRC="32"></ref><W>like</W><W>to</W><W>know</W><W>though</W></xcope><W>.</W></SENTENCE></P><P></P><P><SENTENCE><W>It</W><W>has</W><C><cue ID="34" type="negation"><W>no</W></cue></C><xcope ID="82"><ref ID="110" SRC="34"></ref><xcope ID="81"><ref ID="109" SRC="33"></ref><W>serial</W></xcope><C><cue ID="33" type="speculation"><W>or</W></cue></C><xcope ID="80"><ref ID="108" SRC="33"></ref><W>parallel</W><W>printer</W><W>ports</W></xcope></xcope><W>,</W><W>but</W><W>it</W><W>does</W><W>have</W><W>4</W><W>USB</W><W>2.0</W><W>ports</W><W>.</W></SENTENCE><SENTENCE><W>(</W><W>I</W><W>have</W><C><cue ID="35" type="negation"><W>no</W></cue></C><xcope ID="83"><ref ID="107" SRC="35"></ref><C><W>idea</W></C><W>what</W><W>I</W><W>just</W><W>said</W></xcope><W>,</W><W>Nick</W><W>told</W><W>me</W><W>to</W><W>add</W><W>this</W><W>part</W><W>)</W></SENTENCE></P><P></P><P><SENTENCE><W>So</W><W>.</W></SENTENCE><SENTENCE><W>Why</W><W>am</W><W>I</W><W>replacing</W><W>this</W><C><cue ID="36" type="speculation"><W>if</W></cue></C><xcope ID="84"><ref ID="106" SRC="36"></ref><W>I</W><W>like</W><W>it</W><W>so</W><W>much</W></xcope><W>?</W></SENTENCE><SENTENCE><W>Because</W><W>it</W><W>&#39;s</W><W>very</W><W>heavy</W><W>at</W><W>10.3</W><W>pounds</W><W>(</W><W>12.2</W><W>with</W><W>the</W><W>adapter</W><C><W>and</W></C><W>all</W><W>that</W><W>stuff</W><W>)</W><C><W>and</W></C><W>over</W><W>2</W><W>inches</W><W>thick</W><W>.</W></SENTENCE><SENTENCE><W>Yep.</W><W>.</W><W>sad</W><W>to</W><W>say</W><W>,</W><W>but</W><W>it</W><W>&#39;s</W><W>like</W><W>lugging</W><W>bricks</W><W>around</W><W>.</W></SENTENCE><SENTENCE><W>In</W><W>fact</W><W>,</W><W>I</W><W>&#39;m</W><W>having</W><W>a</W><W>difficult</W><W>time</W><W>finding</W><W>a</W><W>bag</W><W>that</W><W>it</W><W>will</W><W>fit</W><W>in</W><W>even</W><W>.</W></SENTENCE><SENTENCE><W>This</W><W>is</W><W>one</W><W>behemoth</W><W>mo&#39;fo</W><W>,</W><W>I</W><W>&#39;m</W><W>tellin</W><W>ya</W><W>!</W></SENTENCE></P><P></P><P><SENTENCE><W>So...the</W><W>thing</W><W>is</W><W>I</W><W>do</W><W>recommend</W><W>this</W><W>machine</W><W>,</W><W>just</W><C><cue ID="37" type="negation"><W>not</W></cue></C><xcope ID="85"><ref COMMENTS="" ID="105" SRC="37"></ref><W>for</W><W>folks</W><W>who</W><W>travel</W><W>a</W><W>lot</W></xcope><W>.</W></SENTENCE><SENTENCE><W>This</W><C><cue ID="38" type="speculation"><W>would</W></cue></C><xcope ID="89"><ref COMMENTS="" ID="104" SRC="38"></ref><xcope ID="86"><ref COMMENTS="" ID="102" SRC="39"></ref><W>be</W><W>very</W><W>good</W><W>as</W><W>a</W><W>desk</W><W>top</W><W>replacement</W><W>for</W><W>a</W><W>college</W><W>student</W><W>in</W><W>a</W><W>dorm</W></xcope><W>,</W><C><cue ID="39" type="speculation"><W>or</W></cue></C><xcope ID="87"><ref COMMENTS="" ID="103" SRC="39"></ref><W>as</W><W>an</W><W>additional</W><W>home</W><W>unit</W><W>in</W><W>another</W><W>room</W></xcope><C><cue ID="40" type="speculation"><W>or</W></cue></C><xcope ID="88"><ref COMMENTS="" ID="100" SRC="40"></ref><W>something</W></xcope></xcope><W>.</W></SENTENCE><SENTENCE><W>For</W><W>compact</W><W>travel</W><W>though</W><W>?</W></SENTENCE><SENTENCE><C><cue ID="41" type="negation"><W>No</W></cue></C><xcope ID="90"><ref ID="99" SRC="41"></ref><W>way</W></xcope><W>.</W></SENTENCE><SENTENCE><W>I</W><C><cue ID="42" type="speculation"><W>think</W></cue></C><xcope ID="91"><ref ID="98" SRC="42"></ref><W>we</W><W>&#39;re</W><W>going</W><W>to</W><W>go</W><W>buy</W><W>a</W><W>little</W><W>Sony</W><W>today</W><W>for</W><W>our</W><W>trip</W><W>to</W><W>New</W><W>York</W><W>next</W><W>week</W></xcope><W>.</W></SENTENCE><SENTENCE><W>As</W><W>much</W><W>as</W><W>I</W><W>love</W><W>the</W><W>features</W><W>on</W><W>this</W><W>Sharp</W><W>,</W><W>I</W><W>just</W><W>am</W><C><cue ID="43" type="negation"><W>not</W></cue></C><xcope ID="92"><ref ID="97" SRC="43"></ref><W>lugging</W><W>the</W><W>damn</W><W>thing</W><W>around</W></xcope><W>!</W></SENTENCE></P><P></P><P><SENTENCE><W>I</W><cue ID="111" type="negation"><W>do</W><W>n&#39;t</W></cue><xcope ID="112"><ref COMMENTS="" ID="113" SRC="111"></ref><W>usually</W><W>write</W><W>in</W><W>electronics</W></xcope><W>,</W><W>so</W><W>you</W><W>folks</W><W>need</W><W>to</W><W>tell</W><W>me</W><C><cue ID="44" type="speculation"><W>if</W></cue></C><xcope ID="93"><ref ID="96" SRC="44"></ref><W>I</W><W>left</W><W>anything</W><W>out</W><W>here</W></xcope><W>.</W></SENTENCE><SENTENCE><W>I</W><W>do</W><W>plan</W><W>to</W><W>review</W><W>whatever</W><W>we</W><W>decide</W><W>to</W><W>buy</W><W>tonight</W><W>also</W><W>,</W><W>so</W><W>please</W><W>do</W><W>give</W><W>me</W><W>a</W><W>heads</W><W>up</W><C><cue ID="45" type="speculation"><W>if</W></cue></C><xcope ID="94"><ref ID="95" SRC="45"></ref><W>there</W><W>is</W><W>any</W><W>vital</W><W>info</W><W>you</W><W>want</W><W>in</W><W>addition</W><W>to</W><W>what</W><W>I</W><W>have</W><W>put</W><W>here</W></xcope><W>.</W></SENTENCE><SENTENCE><W>Thanks</W><W>guys</W><W>!</W></SENTENCE></P></DOCUMENT>
