<?xml version="1.0" encoding="UTF-8"?>
<DOCUMENT><P></P><P><SENTENCE><W>The</W><W>5150</W><W>has</W><W>proved</W><W>to</W><W>be</W><W>a</W><W>true</W><W>desktop</W><W>replacement...with</W><W>all</W><W>the</W><W>pros</W><C><W>and</W></C><W>cons</W><W>that</W><W>go</W><W>along</W><W>with</W><W>it</W><W>.</W></SENTENCE></P><P></P><P><SENTENCE><W>My</W><W>Model</W></SENTENCE></P><P></P><P><SENTENCE><W>3.06GHz</W><W>Pentium</W><W>4</W></SENTENCE></P><P></P><P><SENTENCE><W>UXGA</W><W>screen</W></SENTENCE></P><P></P><P><SENTENCE><W>XP</W><W>Home</W></SENTENCE></P><P></P><P><SENTENCE><W>512</W><W>Meg</W><W>RAM</W><W>on</W><W>2</W><W>DIMMs</W></SENTENCE></P><P></P><P><SENTENCE><W>60GB</W><W>4200rpm</W><W>drive</W></SENTENCE></P><P></P><P><SENTENCE><W>2x</W><W>DVD+RW</W><W>drive</W></SENTENCE></P><P></P><P><SENTENCE><W>Integrated</W><W>wireless</W><W>NIC</W></SENTENCE></P><P></P><P><SENTENCE><W>NVIDIA</W><W>GeForce</W><W>FX</W><W>Go5200</W><W>64Mb</W></SENTENCE></P><P></P><P><SENTENCE><W>I</W><W>am</W><W>delighted</W><W>with</W><W>this</W><W>machine</W><W>&#39;s</W><W>performance</W><W>.</W></SENTENCE><SENTENCE><W>The</W><W>machine</W><W>is</W><W>extremely</W><W>fast</W><W>when</W><W>running</W><W>at</W><W>full-speed</W><W>,</W><C><W>and</W></C><W>multi-tasks</W><W>well</W><W>.</W></SENTENCE><SENTENCE><W>When</W><W>running</W><W>at</W><W>battery-conservation</W><W>speeds</W><W>,</W><W>the</W><W>machine</W><W>is</W><W>still</W><W>very</W><W>responsive</W><W>,</W><W>though</W><W>I</W><W>do</W><W>notice</W><W>occasional</W><W>sluggishness</W><W>while</W><W>trying</W><W>to</W><W>listen</W><W>to</W><W>MP3</W><W>&#39;s</W><C><W>and</W></C><W>process</W><W>large</W><W>files</W><W>in</W><W>Photoshop</W><W>.</W></SENTENCE></P><P></P><P><SENTENCE><W>The</W><W>screen</W><W>is</W><W>fantastic</W><W>!</W></SENTENCE><SENTENCE><W>It</W><W>is</W><W>well</W><W>suited</W><W>for</W><W>the</W><W>demands</W><W>of</W><W>photo</W><W>editing</W><W>;</W><W>vastly</W><W>superior</W><W>than</W><W>my</W><W>previous</W><W>laptop</W><W>(</W><W>IBM</W><W>T22</W><W>)</W><W>.</W></SENTENCE><SENTENCE><W>The</W><W>color</W><W>range</W><W>is</W><W>noticeably</W><W>better</W><W>--</W><W>pure</W><W>whites</W><C><W>and</W></C><W>deep</W><W>blacks</W><W>.</W></SENTENCE><SENTENCE><W>The</W><W>screen</W><W>is</W><W>also</W><W>noticeably</W><W>brighter</W><W>than</W><W>my</W><W>IBM</W><W>T22</W><W>,</W><C><W>and</W></C><W>reasonably</W><W>usable</W><W>in</W><W>outdoor</W><W>shade</W><W>.</W></SENTENCE><SENTENCE><W>I</W><C><cue ID="0" type="speculation"><W>would</W></cue></C><xcope ID="15"><ref ID="57" SRC="0"></ref><C><W>estimate</W></C><W>that</W><W>the</W><W>screen</W><W>is</W><W>still</W><W>readable</W><W>at</W><W>about</W><W>130-degrees</W></xcope><W>,</W><W>though</W><W>the</W><W>brightness</W><W>falls-off</W><W>outside</W><W>of</W><W>90-degrees</W><W>.</W></SENTENCE><SENTENCE><W>I</W><W>am</W><W>still</W><W>working</W><W>to</W><W>adjust</W><W>to</W><W>the</W><W>massive</W><W>1600x1200</W><W>native</W><W>resolution</W><W>.</W></SENTENCE><SENTENCE><W>Some</W><W>websites</W><W>just</W><cue ID="33" type="negation"><W>are</W><W>n&#39;t</W></cue><xcope ID="34"><ref COMMENTS="" ID="35" SRC="33"></ref><W>intended</W><W>for</W><W>such</W><W>a</W><W>large</W><W>resolution</W></xcope><W>.</W></SENTENCE><SENTENCE><W>The</W><W>screen</W><W>is</W><W>still</W><W>very</W><W>usable</W><W>at</W><W>lower</W><W>resolutions</W><W>,</W><W>despite</W><W>some</W><W>diminished</W><W>quality</W><W>.</W></SENTENCE></P><P></P><P><SENTENCE><W>So</W><W>far</W><W>,</W><W>the</W><W>system</W><W>has</W><W>had</W><C><cue ID="1" type="negation"><W>no</W></cue></C><xcope ID="18"><ref ID="56" SRC="1"></ref><W>problems</W><xcope ID="17"><ref ID="55" SRC="2"></ref><W>sleeping</W></xcope><C><cue ID="2" type="speculation"><W>or</W></cue></C><xcope ID="16"><ref ID="54" SRC="2"></ref><W>hibernating</W></xcope></xcope><W>.</W></SENTENCE><SENTENCE><W>The</W><W>options</W><W>are</W><W>very</W><W>configurable</W><W>--</W><W>hard-drive</W><W>,</W><W>processor</W><W>,</W><W>screen</W><W>,</W><W>network</W><W>,</W><W>etc</W><W>--</W><W>based</W><W>on</W><xcope ID="20"><ref ID="53" SRC="3"></ref><W>inactivity</W></xcope><W>,</W><C><cue ID="3" type="speculation"><W>or</W></cue></C><xcope ID="19"><ref ID="52" SRC="3"></ref><W>closing</W><W>the</W><W>screen</W></xcope><W>.</W></SENTENCE></P><P></P><P><SENTENCE><W>I</W><W>have</W><W>un-installed</W><W>most</W><W>of</W><W>the</W><W>Dell</W><W>software</W><W>.</W></SENTENCE><SENTENCE><W>All</W><W>software</W><W>un-installed</W><W>flawlessly</W><W>.</W></SENTENCE><SENTENCE><W>I</W><W>left</W><W>the</W><W>Dell</W><C><W>Support</W></C><W>Alerts</W><W>,</W><W>but</W><W>it</W><W>has</W><W>proved</W><W>worthless</W><C><W>and</W></C><W>will</W><W>soon</W><W>be</W><W>removed</W><W>.</W></SENTENCE><SENTENCE><W>It</W><W>&#39;s</W><W>just</W><W>a</W><W>shot-gun</W><W>approach</W><W>to</W><W>curbing</W><W>customer</W><W>service</W><W>contacts</W><W>.</W></SENTENCE><SENTENCE><W>I</W><W>am</W><W>constantly</W><W>being</W><W>reminded</W><W>of</W><W>Windows</W><W>updates</W><W>I</W><W>&#39;ve</W><W>already</W><W>downloaded</W><W>,</W><C><W>and</W></C><W>tips</W><W>on</W><W>how</W><W>to</W><W>burn</W><W>CD</W><W>&#39;s</W><W>using</W><W>Roxio</W><W>--</W><W>things</W><W>I</W><W>do</W><W>n&#39;t</W><W>need</W><W>alerts</W><W>for</W><W>.</W></SENTENCE><SENTENCE><W>I</W><W>&#39;ve</W><W>set</W><W>it</W><W>for</W><W>critical</W><W>alerts</W><W>only</W><W>,</W><W>but</W><W>still</W><W>receive</W><W>the</W><W>Roxio</W><W>messages</W><W>every</W><W>couple</W><W>of</W><W>days</W><W>.</W></SENTENCE></P><P></P><P><SENTENCE><W>After</W><W>reading</W><W>feedback</W><W>from</W><W>others</W><W>,</W><W>I</W><W>was</W><W>concerned</W><W>that</W><W>my</W><W>4200rpm</W><W>hard-drive</W><C><cue ID="4" type="speculation"><W>might</W></cue></C><xcope ID="21"><ref ID="51" SRC="4"></ref><W>be</W><W>too</W><W>slow</W></xcope><W>.</W></SENTENCE><SENTENCE><W>It</W><cue ID="22" type="negation"><W>has</W><W>n&#39;t</W></cue><xcope ID="23"><ref COMMENTS="" ID="50" SRC="22"></ref><W>been</W><W>an</W><W>issue</W><W>for</W><W>me</W></xcope><W>,</W><W>even</W><W>though</W><W>I</W><W>listen</W><W>to</W><W>mp3</W><W>&#39;s</W><C><W>and</W></C><W>work</W><W>with</W><W>large</W><W>Photoshop</W><W>files</W><W>at</W><W>the</W><W>same</W><W>time</W><W>.</W></SENTENCE></P><P></P><P><SENTENCE><W>I</W><W>was</W><W>pleasantly</W><W>surprised</W><W>by</W><W>the</W><W>battery</W><W>life</W><W>!</W></SENTENCE><SENTENCE><W>I</W><C><cue ID="5" type="speculation"><W>can</W></cue></C><xcope ID="24"><ref ID="47" SRC="5"></ref><W>easily</W><W>get</W><W>2</W><W>hours</W></xcope><W>,</W><C><W>and</W></C><W>up</W><W>to</W><W>3.5</W><C><cue ID="6" type="speculation"><W>if</W></cue></C><xcope ID="25"><ref ID="46" SRC="6"></ref><W>I</W><W>&#39;m</W><W>conservative</W></xcope><W>.</W></SENTENCE><SENTENCE><W>For</W><W>two</W><W>hours</W><W>,</W><W>all</W><W>I</W><W>do</W><W>is</W><W>lower</W><W>the</W><W>CPU</W><W>speed</W><W>.</W></SENTENCE><SENTENCE><W>I</W><C><cue ID="7" type="speculation"><W>can</W></cue></C><xcope ID="48"><ref ID="49" SRC="7"></ref><W>still</W><W>use</W><W>the</W><W>screen</W><W>at</W><W>full</W><W>brightness</W></xcope><C><W>and</W></C><W>listen</W><W>to</W><W>mp3</W><W>&#39;s</W><W>.</W></SENTENCE></P><P></P><P><SENTENCE><W>The</W><W>touchpad</W><W>takes</W><W>some</W><W>getting</W><W>used</W><W>to</W><W>.</W></SENTENCE><SENTENCE><W>I</W><W>miss</W><W>the</W><W>trackpoint</W><W>on</W><W>my</W><W>IBM</W><W>Thinkpad</W><W>.</W></SENTENCE><SENTENCE><W>But</W><W>the</W><W>touchpoint</W><W>is</W><W>very</W><W>configurable</W><W>,</W><C><W>and</W></C><W>includes</W><W>some</W><W>thoughtful</W><W>capabilities</W><W>.</W></SENTENCE><SENTENCE><W>You</W><C><cue ID="9" type="speculation"><W>can</W></cue></C><xcope ID="28"><ref ID="45" SRC="9"></ref><W>tap</W><W>on</W><W>it</W><W>to</W><W>double-click</W></xcope><W>,</W><C><W>and</W></C><W>you</W><C><cue ID="8" type="speculation"><W>can</W></cue></C><xcope ID="27"><ref ID="44" SRC="8"></ref><W>configure</W><W>it</W><W>to</W><W>continue</W><W>scrolling</W><W>the</W><W>mouse</W><W>when</W><W>you</W><W>reach</W><W>the</W><W>edge</W><W>of</W><W>the</W><W>pad</W></xcope><W>.</W></SENTENCE><SENTENCE><W>Even</W><W>with</W><W>the</W><W>sensitivity</W><W>set</W><W>to</W><W>high</W><W>,</W><W>it</W><W>still</W><W>takes</W><W>more</W><W>muscle</W><W>work</W><W>than</W><C><cue ID="10" type="speculation"><W>either</W></cue></C><xcope ID="31"><ref ID="43" SRC="10"></ref><xcope ID="30"><ref ID="42" SRC="11"></ref><W>the</W><W>trackpoint</W></xcope><C><cue ID="11" type="speculation"><W>or</W></cue></C><xcope ID="29"><ref ID="41" SRC="11"></ref><W>a</W><W>regular</W><W>mouse</W></xcope></xcope><W>.</W></SENTENCE></P><P></P><P><SENTENCE><W>The</W><W>DVD</W><W>Burner</W><W>works</W><W>flawlessly</W><W>,</W><C><W>and</W></C><W>it</W><W>is</W><W>much</W><W>faster</W><W>than</W><W>my</W><W>old</W><W>16x</W><W>CD</W><W>burner</W><W>.</W></SENTENCE><SENTENCE><W>The</W><W>ability</W><W>to</W><W>burn</W><W>4.7Gig</W><W>of</W><W>digital</W><W>photos</W><W>onto</W><W>a</W><W>single</W><W>disk</W><W>is</W><W>VERY</W><W>nice</W><W>.</W></SENTENCE><SENTENCE><W>Since</W><W>the</W><W>drive</W><W>fits</W><W>under</W><W>the</W><W>palm</W><W>rest</W><W>,</W><W>you</W><C><W>can</W></C><C><W>feel</W></C><W>a</W><W>little</W><W>bit</W><W>of</W><W>heat</W><W>while</W><W>you</W><W>&#39;re</W><W>burning</W><W>disks</W><W>.</W></SENTENCE><SENTENCE><W>It</W><W>&#39;s</W><C><cue ID="12" type="negation"><W>not</W></cue></C><xcope ID="32"><ref ID="40" SRC="12"></ref><W>hot</W><W>enough</W><W>to</W><W>cause</W><W>discomfort</W></xcope><W>,</W><W>but</W><W>you</W><W>are</W><W>reminded</W><W>why</W><W>they</W><W>call</W><W>it</W><W>&#34;burning</W><W>.</W><W>&#34;</W></SENTENCE></P><P></P><P><SENTENCE><W>The</W><W>integrated</W><W>wireless</W><W>card</W><W>was</W><W>a</W><W>smart</W><W>way</W><W>to</W><W>go</W><W>.</W></SENTENCE><SENTENCE><W>Works</W><W>even</W><W>better</W><W>than</W><W>my</W><W>PCMCIA</W><W>card</W><W>,</W><C><W>and</W></C><W>there</W><W>is</W><C><cue ID="33" type="negation"><W>no</W></cue></C><xcope ID="34"><ref ID="39" SRC="33"></ref><W>protruding</W><W>antennae</W></xcope><W>.</W></SENTENCE></P><P></P><P><SENTENCE><W>The</W><W>overall</W><W>build</W><W>construction</W><W>is</W><W>n&#39;t</W><W>as</W><W>solid</W><W>as</W><W>my</W><W>IBM</W><W>Thinkpad</W><W>.</W></SENTENCE><SENTENCE><W>This</W><W>machine</W><W>is</W><W>more</W><W>&#34;plasticy</W><W>.</W><W>&#34;</W></SENTENCE><SENTENCE><W>When</W><W>picking</W><W>it</W><W>up</W><W>with</W><W>one</W><W>hand</W><W>,</W><W>you</W><C><cue ID="13" type="speculation"><W>can</W></cue></C><xcope ID="35"><ref ID="38" SRC="13"></ref><C><W>feel</W></C><W>the</W><W>case</W><W>flex</W><W>a</W><W>bit</W></xcope><W>.</W></SENTENCE><SENTENCE><W>But</W><W>given</W><W>this</W><W>machine</W><W>&#39;s</W><W>weight</W><W>,</W><W>I</W><W>wo</W><W>n&#39;t</W><W>be</W><W>holding</W><W>it</W><W>with</W><W>one</W><W>hand</W><W>for</W><W>prolonged</W><W>periods</W><W>,</W><W>anyway</W><W>.</W></SENTENCE></P><P></P><P><SENTENCE><W>Very</W><W>quiet</W><W>--</W><W>compared</W><W>to</W><W>my</W><W>desktop</W><W>PC</W><W>.</W></SENTENCE></P><P></P><P><SENTENCE><W>Minor</W><W>gripes</W><W>...</W></SENTENCE></P><P></P><P><SENTENCE><W>I</W><W>wish</W><W>the</W><W>headphone</W><W>jack</W><W>did</W><W>n&#39;t</W><W>get</W><W>in</W><W>the</W><W>way</W><W>of</W><W>the</W><W>cd</W><W>tray</W><W>.</W></SENTENCE><SENTENCE><W>I</W><W>also</W><W>wish</W><W>the</W><W>PCMCIA</W><W>card</W><W>adapter</W><W>was</W><W>easier</W><W>to</W><W>eject</W><W>.</W></SENTENCE><SENTENCE><W>The</W><W>included</W><W>DVD</W><W>viewing</W><W>software</W><W>is</W><W>clunky</W><W>,</W><W>but</W><W>it</W><W>works</W><W>.</W></SENTENCE><SENTENCE><W>Like</W><W>all</W><W>laptops</W><W>,</W><W>I</W><W>find</W><W>some</W><W>of</W><W>the</W><W>key</W><W>locations</W><W>awkward</W><W>.</W></SENTENCE><SENTENCE><W>The</W><W>eject</W><W>button</W><W>on</W><W>the</W><W>CD</W><W>tray</W><W>has</W><W>a</W><W>little</W><W>too</W><W>much</W><W>&#34;play</W><W>&#34;</W><W>in</W><W>it</W><W>.</W></SENTENCE><SENTENCE><W>The</W><W>keys</W><W>are</W><W>a</W><W>little</W><W>flimsy</W><W>,</W><C><W>and</W></C><W>I</W><C><cue ID="14" type="speculation"><W>suspect</W></cue></C><xcope ID="36"><ref ID="37" SRC="14"></ref><W>I</W><W>will</W><W>catch</W><W>one</W><W>of</W><W>them</W><W>with</W><W>the</W><W>edge</W><W>of</W><W>my</W><W>finger</W><C><W>and</W></C><W>break</W><W>it</W></xcope><W>,</W><W>eventually</W><W>.</W></SENTENCE><SENTENCE><W>But</W><W>that</W><W>also</W><W>happened</W><W>on</W><W>my</W><W>Thinkpad</W><W>.</W></SENTENCE><SENTENCE><W>I</W><W>do</W><W>n&#39;t</W><W>like</W><W>the</W><W>sliver/blue</W><W>design</W><W>--</W><W>what</W><W>was</W><W>wrong</W><W>with</W><W>grey</W><C><W>and</W></C><W>black</W><W>?</W></SENTENCE></P><P></P><P><SENTENCE><W>I</W><W>am</W><W>extremely</W><W>happy</W><W>with</W><W>my</W><W>purchase</W><W>.</W></SENTENCE></P></DOCUMENT>
