<?xml version="1.0" encoding="UTF-8"?>
<DOCUMENT><P></P><P><SENTENCE><W>I</W><W>bought</W><W>this</W><W>computer</W><W>almost</W><W>4</W><W>months</W><W>ago</W><W>.</W></SENTENCE><SENTENCE><W>Still</W><W>works</W><W>:</W><W>)</W><W>.</W></SENTENCE></P><P></P><P><SENTENCE><W>But</W><W>let</W><W>&#39;s</W><W>review</W><W>it</W><W>.</W></SENTENCE><SENTENCE><W>First</W><W>what</W><W>I</W><W>liked</W><W>about</W><W>this</W><W>model</W><W>is</W><W>that</W><W>it</W><W>is</W><W>really</W><W>everything</W><W>in</W><W>one</W><W>.</W></SENTENCE><SENTENCE><W>It</W><W>contains</W><W>all(still</W><W>,</W><W>computer</W><W>world</W><W>so</W><W>fast</W><W>changing</W><W>,</W><W>that</W><W>almost</W><W>everyday</W><W>there</W><W>is</W><W>more</W><W>invented</W><W>,</W><W>so</W><W>correct</W><W>me</W><C><cue ID="0" type="speculation"><W>if</W></cue></C><xcope ID="35"><ref ID="73" SRC="0"></ref><W>I</W><W>will</W><W>be</W><W>wrong</W></xcope><W>)</W><C><W>possible</W></C><W>media</W><W>readers</W><W>.</W></SENTENCE><SENTENCE><W>Well</W><W>someone</W><C><cue ID="1" type="speculation"><W>can</W></cue></C><xcope ID="36"><ref ID="74" SRC="1"></ref><W>wonder</W><W>why</W><W>there</W><W>is</W><W>floppy</W><W>disc</W><W>reader</W></xcope><W>?</W></SENTENCE><SENTENCE><W>i</W><W>mean</W><W>floppy</W><W>is</W><W>really</W><W>old</W><W>fashioned</W><C><W>and</W></C><C><cue ID="2" type="speculation"><W>probably</W></cue></C><xcope ID="39"><ref ID="77" SRC="2"></ref><W>will</W><W>be</W><W>gone</W><xcope ID="38"><ref ID="76" SRC="3"></ref><W>sooner</W></xcope><C><cue ID="3" type="speculation"><W>or</W></cue></C><xcope ID="37"><ref ID="75" SRC="3"></ref><W>later</W></xcope></xcope><W>.</W></SENTENCE><SENTENCE><W>But</W><W>meanwhile</W><W>,</W><W>there</W><W>is</W><W>people</W><W>who</W><W>will</W><W>use</W><W>it</W><W>.</W></SENTENCE><SENTENCE><W>Other</W><W>readers</W><W>include</W><W>Sony</W><W>Memory</W><W>stick</W><W>,</W><W>SD</W><W>card</W><W>,</W><W>Smart</W><W>Media</W><W>,</W><W>Compact</W><W>Flash</W><W>,</W><W>Pc</W><W>Card</W><W>slot</W><W>.</W></SENTENCE><SENTENCE><W>Well</W><W>ca</W><W>n&#39;t</W><W>forget</W><W>to</W><W>mention</W><W>that</W><W>there</W><W>is</W><W>4</W><W>USB</W><C><W>and</W></C><W>one</W><W>FireWire</W><W>port</W><W>.</W></SENTENCE><SENTENCE><W>Also</W><W>60</W><W>GB</W><W>hard</W><W>drive</W><W>...</W><W>my</W><W>god</W><W>,</W><W>this</W><W>computer</W><C><cue ID="4" type="speculation"><W>probably</W></cue></C><xcope ID="41"><ref ID="79" SRC="4"></ref><W>made</W><W>for</W><W>file</W><W>storage</W></xcope><W>...</W></SENTENCE><SENTENCE><W>But</W><W>I</W><C><cue ID="5" type="speculation"><W>must</W></cue></C><xcope ID="40"><ref ID="78" SRC="5"></ref><W>tell</W><W>that</W><W>is</W><W>computer</W><W>is</W><W>n&#39;t</W><W>perfect</W></xcope><W>.</W></SENTENCE><SENTENCE><W>First</W><W>-</W><W>display</W><W>.</W></SENTENCE><SENTENCE><W>It</W><W>is</W><W>advertised</W><W>as</W><W>extreme</W><W>brightness</W><C><W>and</W></C><W>wide</W><W>vieving</W><W>angles</W><W>,</W><W>at</W><W>least</W><W>sticker</W><W>on</W><W>computer</W><W>say</W><W>so</W><W>.</W></SENTENCE><SENTENCE><W>Well</W><W>it</W><W>is</W><W>bright</W><W>,</W><W>but</W><W>do</W><W>n&#39;t</W><W>forget</W><W>that</W><W>it</W><W>is</W><W>ONLY</W><W>XGA</W><W>!</W></SENTENCE><SENTENCE><W>I</W><C><cue ID="6" type="speculation"><W>can</W></cue></C><xcope ID="42"><ref ID="80" SRC="6"></ref><W>compare</W><W>this</W><W>computer</W><W>with</W><W>other</W><W>computers</W></xcope><W>,</W><W>with</W><W>xga</W><W>lcd</W><W>.</W></SENTENCE><SENTENCE><W>It</W><W>is</W><W>brighter</W><W>,</W><W>but</W><W>comparing</W><W>with</W><W>sxga</W><W>(</W><W>I</W><W>am</W><C><cue ID="7" type="negation"><W>not</W></cue></C><xcope ID="44"><ref ID="81" SRC="7"></ref><W>talking</W><W>about</W><W>uxga)it</W></xcope><W>is</W><C><cue ID="8" type="negation"><W>not</W></cue></C><xcope ID="43"><ref ID="82" SRC="8"></ref><W>so</W><W>good</W></xcope><W>.</W></SENTENCE><SENTENCE><W>I</W><W>mean</W><W>brightness</W><W>is</W><C><cue ID="9" type="negation"><W>not</W></cue></C><xcope ID="45"><ref ID="83" SRC="9"></ref><W>all</W></xcope><W>.</W></SENTENCE><SENTENCE><W>How</W><W>about</W><W>picture</W><W>detail</W><W>,</W><W>crispness</W><W>?</W></SENTENCE><SENTENCE><W>Besides</W><W>,</W><W>that</W><W>brightness</W><W>adjustment</W><W>button</W><W>is</W><C><cue ID="10" type="negation"><W>not</W></cue></C><xcope ID="48"><ref ID="85" SRC="10"></ref><W>necessary</W></xcope><W>.</W></SENTENCE><SENTENCE><W>When</W><W>you</W><W>turn</W><W>brightness</W><W>off</W><W>,</W><W>the</W><W>view</W><W>on</W><W>screen</W><W>is</W><W>dull</W><W>.</W></SENTENCE><SENTENCE><W>Well</W><C><cue ID="11" type="speculation"><W>might</W></cue></C><xcope ID="46"><ref ID="84" SRC="11"></ref><W>be</W><W>it</W><W>save</W><W>some</W><W>battery</W><W>life</W></xcope><W>...</W><W>Speaking</W><W>about</W><W>battery</W><W>.</W></SENTENCE><SENTENCE><W>Battery</W><W>&#39;s</W><W>life</W><W>is</W><W>too</W><W>short</W><W>to</W><W>call</W><W>this</W><W>computer</W><W>a</W><W>laptop</W><W>.</W></SENTENCE><SENTENCE><W>It</W><W>is</W><C><cue ID="12" type="negation"><W>not</W></cue></C><xcope ID="47"><ref ID="86" SRC="12"></ref><W>enough</W><W>mobile</W></xcope><W>.</W></SENTENCE><SENTENCE><W>By</W><W>the</W><W>way</W><W>,</W><C><cue ID="13" type="speculation"><W>if</W></cue></C><xcope ID="49"><ref ID="87" SRC="13"></ref><W>your</W><W>battery</W><W>is</W><W>fully</W><W>charged</W></xcope><C><W>and</W></C><W>you</W><W>turn</W><W>computer</W><W>on</W><W>,</W><cue ID="73" type="negation"><W>do</W><W>n&#39;t</W></cue><xcope ID="74"><ref COMMENTS="" ID="75" SRC="73"></ref><W>be</W><W>fooled</W></xcope><W>-</W><W>battery</W><W>monitor</W><W>show</W><W>that</W><W>you</W><C><cue ID="14" type="speculation"><W>can</W></cue></C><xcope ID="50"><ref ID="88" SRC="14"></ref><W>use</W><W>it</W><W>for</W><W>3</W><W>hours</W></xcope><W>,</W><W>but</W><W>after</W><W>about</W><W>5</W><W>minutes</W><W>,</W><W>it</W><W>show</W><W>that</W><W>only</W><W>a</W><W>little</W><W>bit</W><W>than</W><W>hour</W><W>left(</W><W>correct</W><W>time</W><W>)</W><W>.</W></SENTENCE></P><P></P><P><SENTENCE><W>Ok</W><W>,</W><W>I</W><C><cue ID="15" type="speculation"><W>can</W></cue></C><xcope ID="51"><ref ID="89" SRC="15"></ref><W>sacrifice</W><W>short</W><W>battery</W><W>life</W></xcope><W>-</W><W>my</W><W>laptop</W><W>is</W><W>used</W><W>as</W><W>desktop</W><W>replacement</W><W>anyway</W><W>,</W><W>so</W><W>I</W><W>am</W><W>happy</W><W>to</W><W>have</W><W>one</W><W>peace</W><C><W>instead</W></C><W>of</W><W>4-6</W><W>basic</W><W>ones</W><W>.</W></SENTENCE><SENTENCE><W>But</W><W>lets</W><W>continue</W><W>cons</W><W>list</W><W>.</W></SENTENCE><SENTENCE><W>ok</W><W>,</W><W>how</W><W>about</W><W>brand</W><W>name</W><W>?</W></SENTENCE><SENTENCE><W>It</W><W>is</W><W>made</W><W>by</W><W>Sharp</W><W>.</W></SENTENCE><SENTENCE><W>So</W><W>it</W><W>means</W><W>that</W><W>it</W><W>is</W><C><cue ID="16" type="negation"><W>not</W></cue></C><W>so</W><W>easy</W><W>to</W><W>find</W><W>this</W><W>laptop</W><W>in</W><W>every</W><W>store</W><W>,</W><W>by</W><W>the</W><W>way</W><W>,</W><W>recently</W><W>even</W><W>in</W><W>circuit</W><W>city</W><cue ID="17" type="speculation"><C><W>could</W></C><W>n&#39;t</W></cue><xcope ID="55"><ref COMMENTS="" ID="90" SRC="17"></ref><W>find</W><W>it</W></xcope><W>...</W><C><cue ID="18" type="speculation"><W>Must</W></cue></C><xcope ID="54"><ref ID="93" SRC="18"></ref><xcope ID="53"><ref ID="92" SRC="19"></ref><W>be</W><W>was</W><W>out</W><W>of</W><W>stock</W></xcope><C><cue ID="19" type="speculation"><W>or</W></cue></C><xcope ID="52"><ref ID="91" SRC="19"></ref><W>something</W></xcope></xcope><W>?.</W><W>.</W><W>Still</W><W>i</W><W>guess</W><W>that</W><W>other</W><W>brands</W><C><cue ID="20" type="speculation"><W>could</W></cue></C><xcope ID="56"><ref ID="94" SRC="20"></ref><W>charge</W><W>more</W><W>for</W><W>the</W><W>same</W><W>stuff</W></xcope><W>.</W></SENTENCE><SENTENCE><W>I</W><W>bought</W><W>it</W><W>for</W><W>more</W><W>than</W><W>1700</W><W>$</W><W>(with</W><W>a</W><W>100$</W><W>mail</W><W>in</W><W>rebate</W><W>,and</W><W>some</W><W>other</W><W>catches</W><W>:</W><W>)</W><W>)</W><W>but</W><W>now</W><W>it</W><W>cost</W><W>about</W><W>1300-1400</W><W>.</W></SENTENCE><SENTENCE><xcope ID="76"><ref COMMENTS="" ID="77" SRC="21"></ref><W>processor</W><W>speed</W></xcope><C><cue ID="21" type="speculation"><W>seems</W></cue></C><xcope ID="57"><ref ID="95" SRC="21"></ref><W>a</W><W>champion</W><W>when</W><W>you</W><W>look</W><W>at</W><W>the</W><W>data</W><W>sheet</W></xcope><W>(</W><W>pentium</W><W>4</W><W>,</W><W>2.8</W><W>ghz</W><W>)</W><W>,</W><W>but</W><W>when</W><W>you</W><W>use</W><W>a</W><W>laptop</W><W>,</W><W>it</W><C><cue ID="22" type="speculation"><W>seems</W></cue></C><xcope ID="58"><ref ID="96" SRC="22"></ref><W>it</W><W>is</W><W>a</W><W>little</W><W>bit</W><W>slower</W><W>than</W><W>it</W><C><W>suppose</W></C><W>to</W><W>be</W></xcope><W>.</W></SENTENCE><SENTENCE><W>Especially</W><W>when</W><W>you</W><W>turn</W><W>it</W><W>on</W><W>after</W><W>it</W><W>was</W><W>turned</W><W>off</W><W>.</W></SENTENCE><SENTENCE><W>I</W><W>use</W><W>a</W><W>password</W><W>to</W><W>protect</W><W>it</W><W>,</W><W>so</W><W>it</W><W>takes</W><W>couple</W><W>extra</W><W>seconds</W><W>,</W><W>but</W><W>when</W><W>it</W><W>is</W><W>on</W><W>,</W><W>I</W><W>ca</W><W>n&#39;t</W><W>use</W><W>any</W><W>programs</W><W>,</W><W>because</W><W>it</W><W>freeze</W><W>for</W><W>about</W><W>5</W><W>minutes</W><W>.unless</W></SENTENCE><SENTENCE><W>i</W><W>leave</W><W>a</W><W>program</W><W>running</W><C><W>and</W></C><W>close</W><W>lid</W><W>,</W><W>so</W><W>it</W><W>shuts</W><W>down</W><W>,</W><W>but</W><W>it</W><W>is</W><W>faster</W><W>to</W><W>start</W><W>it</W><W>.</W></SENTENCE></P><P></P><P><SENTENCE><W>Actius</W><W>rd10</W><W>is</W><W>locked</W><W>to</W><W>microsoft</W><W>windows</W><W>xp</W><W>home</W><W>edition</W><W>.</W></SENTENCE><SENTENCE><W>So</W><W>I</W><W>guess</W><W>it</W><cue ID="23" type="speculation"><C><W>would</W></C><W>n&#39;t</W></cue><xcope ID="59"><ref COMMENTS="" ID="97" SRC="23"></ref><W>be</W><W>popular</W><W>among</W><W>computer</W><W>pros</W></xcope><W>,</W><W>who</W><W>want</W><xcope ID="60"><ref ID="98" SRC="24"></ref><W>linux</W></xcope><C><cue ID="24" type="speculation"><W>or</W></cue></C><xcope ID="61"><ref ID="99" SRC="24"></ref><W>even</W><W>other</W><W>windows</W></xcope><W>...</W><W>My</W><W>opinion</W><W>is</W><W>that</W><W>windows</W><W>&#39;95</W><W>is</W><W>better</W><W>than</W><W>xp</W><W>.</W></SENTENCE><SENTENCE><W>But</W><W>I</W><C><cue ID="25" type="negation"><W>cannot</W></cue></C><xcope ID="62"><ref ID="100" SRC="25"></ref><W>mess</W><W>up</W><W>with</W><W>OS...</W></xcope><W>ussually</W><W>when</W><W>i</W><W>play</W><W>dvd</W><C><W>and</W></C><W>laptop</W><W>run</W><W>on</W><W>batteries</W><W>,</W><W>dvd</W><W>play</W><W>with</W><W>some</W><W>interupptions</W><W>.</W></SENTENCE><SENTENCE><W>It</W><W>is</W><W>like</W><W>running</W><W>on</W><W>pause</W><W>step</W><W>by</W><W>step</W><W>,</W><W>frame</W><W>by</W><W>frame</W><W>,</W><C><W>and</W></C><W>again</W><W>at</W><W>normal</W><W>speed</W><W>.</W></SENTENCE><SENTENCE><W>Burned</W><W>music</W><W>on</W><W>cds</W><W>sounds</W><W>metalish</W><W>like</W><W>music</W><W>was</W><W>performed</W><W>with</W><W>bad</W><W>equipment</W><W>,</W><W>even</W><W>using</W><W>other</W><W>cd</W><W>players</W><W>.</W></SENTENCE><SENTENCE><W>Upgrading</W><W>lovers</W><W>will</W><W>be</W><W>disappointed</W><W>when</W><W>they</W><W>find</W><W>out</W><W>that</W><W>memory</W><W>is</W><W>upgradable</W><W>only</W><W>256</W><W>mb</W><W>.</W></SENTENCE><SENTENCE><W>When</W><W>hard</W><W>drive</W><W>fills</W><W>up</W><W>coputer</W><W>slow</W><W>down</W><W>a</W><W>lot</W><W>.</W></SENTENCE></P><P></P><P><SENTENCE><W>Computer</W><W>fan</W><W>run</W><W>almost</W><W>all</W><W>the</W><W>time</W><W>,</W><C><W>and</W></C><W>it</W><W>is</W><W>louder</W><W>than</W><W>some</W><W>desktop</W><W>&#39;s</W><W>.</W></SENTENCE></P><P></P><P><SENTENCE><W>Ok</W><W>I</W><W>guess</W><W>I</W><W>said</W><W>enough</W><W>to</W><W>prevent</W><W>from</W><W>buying</W><W>this</W><W>item</W><W>.</W></SENTENCE><SENTENCE><W>But</W><C><cue ID="28" type="speculation"><W>if</W></cue></C><xcope ID="63"><ref ID="101" SRC="28"></ref><W>I</W><W>had</W><W>an</W><W>opportunity</W><W>to</W><W>choose</W><W>a</W><W>laptop</W><W>again</W></xcope><W>,</W><W>I</W><W>most</W><C><cue ID="26" type="speculation"><W>likely</W></cue></C><xcope ID="65"><ref ID="103" SRC="26"></ref><C><cue ID="27" type="speculation"><W>would</W></cue></C><xcope ID="64"><ref ID="102" SRC="27"></ref><W>buy</W><W>this</W><W>one</W><W>again</W></xcope></xcope><W>.</W></SENTENCE><SENTENCE><W>At</W><W>least</W><W>for</W><W>these</W><W>all</W><W>options</W><W>-</W><W>pentium</W><W>4(</W><W>2.8</W><W>ghz</W><W>)</W><W>,</W><W>bunch</W><W>of</W><W>media</W><W>readers</W><W>,</W><W>spacy</W><W>hard</W><W>drive</W><W>,</W><W>cd-rw/dvd</W><W>drive</W><W>,</W><C><cue ID="29" type="negation"><W>NOT</W></cue></C><xcope ID="66"><ref ID="105" SRC="29"></ref><W>shared</W><W>video</W><W>memory</W></xcope><W>,</W><W>I</W><C><cue ID="30" type="speculation"><W>can</W></cue></C><xcope ID="67"><ref ID="104" SRC="30"></ref><W>play</W><W>games</W><W>perfectly</W></xcope><W>.</W></SENTENCE><SENTENCE><W>It</W><W>has</W><W>wireless</W><W>802.11b</W><W>,</W><W>even</W><W>I</W><W>do</W><W>n&#39;t</W><W>use</W><W>at</W><W>all</W><W>,</W><W>but</W><W>it</W><W>is</W><W>nice</W><W>to</W><W>have</W><W>:</W><W>)</W><W>.</W></SENTENCE><SENTENCE><W>Laptop</W><W>do</W><W>n&#39;t</W><W>have</W><W>printer</W><W>port</W><W>,</W><W>so</W><W>you</W><W>will</W><C><cue ID="31" type="speculation"><W>either</W></cue></C><xcope ID="70"><ref ID="108" SRC="31"></ref><W>use</W><W>a</W><xcope ID="69"><ref ID="107" SRC="32"></ref><W>cord-adaptor</W></xcope><C><cue ID="32" type="speculation"><W>or</W></cue></C><xcope ID="68"><ref ID="106" SRC="32"></ref><W>one</W><W>of</W><W>4</W><W>usb</W><W>ports</W></xcope></xcope><W>.</W></SENTENCE><SENTENCE><W>You</W><C><cue ID="33" type="speculation"><W>can</W></cue></C><xcope ID="71"><ref ID="109" SRC="33"></ref><W>even</W><W>lock</W><W>this</W><W>computer</W><W>using</W><W>special</W><W>lock</W></xcope><W>.</W></SENTENCE></P><P></P><P><SENTENCE><W>I</W><W>bought</W><W>this</W><W>computer</W><W>as</W><W>a</W><W>desktop</W><W>replacement</W><W>,</W><W>after</W><W>I</W><W>study</W><W>other</W><W>computer</W><W>data</W><W>sheets</W><W>.</W></SENTENCE><SENTENCE><W>It</W><C><cue ID="34" type="speculation"><W>seems</W></cue></C><xcope ID="72"><ref ID="110" SRC="34"></ref><W>that</W><W>even</W><W>after</W><W>4</W><W>months</W><W>this</W><W>computer</W><W>is</W><W>more</W><W>advanced</W><W>than</W><W>others</W></xcope><W>,</W><C><W>and</W></C><W>price</W><W>is</W><W>attractive</W><W>.</W></SENTENCE></P></DOCUMENT>
