<?xml version="1.0" encoding="UTF-8"?>
<DOCUMENT><P></P><P><SENTENCE><W>HP</W><W>has</W><W>come</W><W>out</W><W>with</W><W>their</W><W>own</W><W>17</W><W>inch</W><W>widescreen</W><W>notebook</W><W>labeled</W><W>the</W><W>zd7000</W><W>which</W><W>is</W><W>the</W><W>customizabe</W><W>version</W><W>of</W><W>the</W><W>zd70XX</W><W>series</W><W>.</W></SENTENCE><SENTENCE><W>so</W><C><cue ID="0" type="speculation"><W>if</W></cue></C><xcope ID="3"><ref COMMENTS="" ID="6" SRC="0"></ref><W>you</W><W>see</W><W>other</W><W>notebooks</W><W>with</W><W>zd70XX</W></xcope><W>,</W><W>everything</W><C><cue ID="1" type="speculation"><W>would</W></cue></C><xcope ID="4"><ref COMMENTS="" ID="7" SRC="1"></ref><W>apply</W><C><W>except</W></C><W>for</W><W>certain</W><W>things</W><W>like</W><W>the</W><W>processor</W><W>speed</W></xcope><W>,</W><W>amount</W><W>of</W><W>ram</W><C><W>and</W></C><W>video</W><W>ram</W><W>,</W><W>size</W><W>of</W><W>the</W><W>harddrive</W><W>,</W><C><W>and</W></C><C><cue ID="2" type="speculation"><W>if</W></cue></C><xcope ID="5"><ref COMMENTS="" ID="8" SRC="2"></ref><W>the</W><W>wireless</W><W>option</W><W>is</W><W>installed</W></xcope><W>.</W></SENTENCE><SENTENCE><C><W>and</W></C><W>now</W><W>that</W><W>you</W><W>know</W><W>the</W><W>difference</W><W>,</W><W>lets</W><W>get</W><W>on</W><W>with</W><W>the</W><W>review</W><W>.</W></SENTENCE></P><P></P><P><SENTENCE><W>my</W><W>specs</W><W>are</W><W>:</W></SENTENCE></P><P></P><P><SENTENCE><W>3.2</W><W>ghz</W><W>processor</W></SENTENCE></P><P></P><P><SENTENCE><W>512</W><W>MB</W><W>ram</W></SENTENCE></P><P></P><P><SENTENCE><W>128</W><W>mb</W><W>nvidia</W><W>geforce</W><W>graphics</W></SENTENCE></P><P></P><P><SENTENCE><W>80</W><W>GB</W><W>4200</W><W>hard</W><W>drive</W></SENTENCE></P><P></P><P><SENTENCE><W>dvd+r</W><W>dvd</W><W>writer</W></SENTENCE></P><P></P><P><SENTENCE><W>i</W><W>wish</W><W>now</W><W>that</W><W>i</W><W>actually</W><W>opted</W><W>in</W><W>for</W><W>the</W><W>wireless</W><W>,</W><W>but</W><W>when</W><W>i</W><W>had</W><W>ordered</W><W>my</W><W>machine</W><W>,</W><W>i</W><W>was</W><W>under</W><W>the</W><W>impression</W><W>that</W><W>the</W><W>wireless</W><W>card</W><W>was</W><W>just</W><W>a</W><W>pcmci</W><W>card</W><W>which</W><W>i</W><W>already</W><W>had</W><W>,</W><W>this</W><W>was</W><W>because</W><W>on</W><W>the</W><W>HP</W><W>website</W><W>,</W><W>they</W><W>showed</W><W>a</W><W>pcmci</W><W>card</W><W>next</W><W>to</W><W>the</W><W>laptop</W><W>,</W><W>but</W><W>then</W><W>later</W><W>updated</W><W>the</W><W>image</W><W>to</W><W>show</W><W>a</W><W>mini</W><W>pci</W><W>card</W><W>which</W><W>is</W><W>correct</W><W>.</W></SENTENCE><SENTENCE><W>this</W><C><cue ID="11" type="speculation"><W>would</W></cue></C><xcope ID="16"><ref COMMENTS="" ID="32" SRC="11"></ref><W>work</W><W>better</W><W>since</W><W>embedded</W><W>behind</W><W>the</W><W>laptop</W><W>screen</W></xcope><W>,</W><W>there</W><W>are</W><W>antennaes</W><W>which</W><W>greatly</W><W>increase</W><W>the</W><W>effectiveness</W><W>of</W><W>the</W><W>wireless</W><W>.</W></SENTENCE><SENTENCE><W>but</W><W>i</W><W>was</W><W>mislead</W><C><W>and</W></C><W>now</W><W>i</W><W>suffer</W><W>for</W><W>it</W><W>.</W></SENTENCE><SENTENCE><C><W>and</W></C><W>dont</W><C><cue ID="12" type="speculation"><W>think</W></cue></C><xcope ID="18"><ref COMMENTS="" ID="31" SRC="12"></ref><W>that</W><W>you</W><C><cue ID="13" type="speculation"><W>can</W></cue></C><xcope ID="17"><ref COMMENTS="" ID="30" SRC="13"></ref><W>use</W><W>another</W><W>mini</W><W>pci</W><W>card</W></xcope></xcope><W>because</W><W>there</W><W>have</W><W>been</W><W>other</W><W>people</W><W>that</W><W>have</W><W>had</W><W>problems</W><W>doing</W><W>this</W><W>because</W><W>the</W><W>bios</W><W>checks</W><W>for</W><W>a</W><W>particular</W><W>brand</W><W>of</W><W>mini</W><W>pci</W><W>card</W><W>,</W><W>adn</W><W>they</W><W>have</W><C><cue ID="14" type="negation"><W>not</W></cue></C><xcope ID="21"><ref COMMENTS="" ID="29" SRC="14"></ref><xcope ID="20"><ref COMMENTS="" ID="28" SRC="10"></ref><W>been</W><W>able</W><W>to</W><W>change</W><W>the</W><W>bios</W></xcope><C><cue ID="10" type="speculation"><W>or</W></cue></C><xcope ID="19"><ref COMMENTS="" ID="27" SRC="10"></ref><W>anything</W><W>to</W><W>make</W><W>it</W><W>work</W></xcope></xcope><W>.</W></SENTENCE><SENTENCE><W>so</W><C><cue ID="9" type="speculation"><W>might</W></cue></C><xcope ID="22"><ref COMMENTS="" ID="26" SRC="9"></ref><W>as</W><W>well</W><W>be</W><W>safe</W><C><W>and</W></C><W>get</W><W>it</W><W>preinstalled</W><W>.</W></xcope></SENTENCE></P><P></P><P><SENTENCE><W>other</W><W>than</W><W>that</W><W>,</W><W>I</W><W>am</W><W>extremely</W><W>happy</W><W>with</W><W>this</W><W>laptop</W><W>.</W></SENTENCE><SENTENCE><W>its</W><C><cue ID="15" type="negation"><W>not</W></cue></C><xcope COMMENTS="" ID="24"><ref COMMENTS="" ID="25" SRC="15"></ref><W>quite</W><W>as</W><W>nice</W><W>as</W><W>my</W><W>apple</W><W>g4</W><W>17</W></xcope><W>but</W><W>then</W><W>what</W><W>is</W><W>?</W></SENTENCE></P><P></P><P><SENTENCE><W>so</W><W>here</W><W>&#39;s</W><W>the</W><W>run</W><W>down</W><W>:</W></SENTENCE></P><P></P><P><SENTENCE><W>screen</W></SENTENCE></P><P></P><P><SENTENCE><W>the</W><W>screeen</W><W>is</W><W>HUGE</W><W>!</W><W>17</W><W>inches</W><W>with</W><W>a</W><W>resolution</W><W>of</W><W>1440x900</W><W>.</W></SENTENCE><SENTENCE><W>thats</W><W>really</W><W>impressive</W><W>,</W><W>i</W><W>definitely</W><W>have</W><W>more</W><W>work</W><W>space</W><W>,</W><C><W>and</W></C><W>the</W><W>colors</W><W>are</W><W>crisp</W><W>,</W><W>although</W><W>it</W><W>will</W><C><cue ID="34" type="speculation"><W>seem</W></cue></C><xcope ID="37"><ref COMMENTS="" ID="40" SRC="34"></ref><W>a</W><W>bit</W><W>dull</W><W>under</W><W>flourescent</W><W>lighting</W></xcope><W>,</W><W>but</W><W>this</W><W>is</W><W>due</W><W>to</W><W>them</W><C><cue ID="35" type="negation"><W>not</W></cue></C><xcope ID="39"><ref COMMENTS="" ID="41" SRC="35"></ref><W>installing</W><W>a</W><W>protective</W><W>shield</W><W>like</W><W>the</W><W>toshiba</W><W>p25-s607</W></xcope><W>which</W><W>also</W><W>uses</W><W>this</W><W>screen</W><W>,</W><W>but</W><C><cue ID="33" type="speculation"><W>seems</W></cue></C><xcope ID="36"><ref COMMENTS="" ID="42" SRC="33"></ref><W>crisper</W></xcope><W>.</W></SENTENCE><SENTENCE><W>but</W><W>their</W><W>screens</W><W>dont</W><W>look</W><W>great</W><W>outdoors</W><W>.</W></SENTENCE><SENTENCE><W>so</W><W>its</W><W>a</W><W>trade</W><W>off</W><W>.</W></SENTENCE></P><P></P><P><SENTENCE><W>the</W><W>screen</W><W>is</W><W>bright</W><C><W>and</W></C><W>beautiful</W><W>,</W><W>especially</W><W>when</W><W>watching</W><W>dvds</W><W>.</W><W>it</W><W>just</W><W>blows</W><W>my</W><W>mind</W><W>how</W><W>great</W><W>it</W><W>looks</W><W>.</W></SENTENCE></P><P></P><P><SENTENCE><W>one</W><W>thing</W><W>that</W><C><cue ID="43" type="speculation"><W>would</W></cue></C><xcope ID="52"><ref COMMENTS="" ID="56" SRC="43"></ref><C><cue ID="44" type="speculation"><W>seem</W></cue></C><xcope ID="51"><ref COMMENTS="" ID="55" SRC="44"></ref><W>weird</W></xcope></xcope><W>is</W><W>that</W><W>the</W><W>screen</W><W>is</W><W>narrower</W><W>than</W><W>what</W><W>you</W><C><cue ID="45" type="speculation"><W>may</W></cue></C><xcope ID="50"><ref COMMENTS="" ID="59" SRC="45"></ref><W>be</W><W>used</W><W>to</W><W>with</W><W>other</W><xcope ID="49"><ref COMMENTS="" ID="58" SRC="46"></ref><W>laptops</W></xcope><C><cue ID="46" type="speculation"><W>or</W></cue></C><xcope ID="48"><ref COMMENTS="" ID="57" SRC="46"></ref><W>monitors</W></xcope></xcope><W>,</W><W>but</W><W>this</W><W>is</W><W>a</W><W>wide</W><W>screen</W><W>,</W><C><W>and</W></C><W>therefore</W><W>you</W><W>get</W><W>more</W><W>sideways</W><W>real</W><W>estate</W><W>but</W><W>also</W><W>lose</W><W>the</W><W>top-to-bottom</W><W>real</W><W>estate</W><W>.</W></SENTENCE></P><P></P><P><SENTENCE><W>all</W><W>in</W><W>all</W><W>,</W><W>the</W><W>screen</W><W>is</W><W>fantastic</W><W>.</W></SENTENCE><SENTENCE><W>I</W><W>have</W><W>been</W><W>able</W><W>to</W><W>work</W><W>with</W><W>2</W><W>full</W><W>windows</W><W>of</W><xcope ID="54"><ref COMMENTS="" ID="61" SRC="47"></ref><W>word</W></xcope><C><cue ID="47" type="speculation"><W>or</W></cue></C><xcope ID="53"><ref COMMENTS="" ID="60" SRC="47"></ref><W>excel</W></xcope><W>(</W><W>that</W><W>doesnt</W><W>mean</W><W>maximized</W><W>)</W><C><W>and</W></C><W>its</W><W>just</W><W>great</W><W>expecially</W><W>when</W><W>editing</W><W>documents</W><W>.</W></SENTENCE></P><P></P><P><SENTENCE><W>keyboard</W><C><W>and</W></C><W>touchpad</W></SENTENCE></P><P></P><P><SENTENCE><W>the</W><W>keyboard</W><W>is</W><W>also</W><W>cool</W><W>because</W><W>it</W><W>features</W><W>the</W><W>numeric</W><W>keypad</W><W>which</W><W>i</W><W>havent</W><W>seen</W><W>on</W><W>other</W><W>laptops</W><W>.</W></SENTENCE><SENTENCE><W>but</W><W>don;t</W><W>let</W><W>that</W><W>alone</W><W>be</W><W>the</W><W>reason</W><W>to</W><W>buy</W><W>this</W><W>.</W><W>the</W><W>keys</W><W>are</W><W>a</W><W>bit</W><W>stiff</W><C><W>and</W></C><W>springy</W><W>which</W><W>is</W><W>great</W><W>for</W><W>the</W><W>tactile</W><W>typers</W><W>,</W><W>but</W><C><cue COMMENTS="" ID="62" type="speculation"><W>if</W></cue></C><xcope COMMENTS="" ID="64"><ref COMMENTS="" ID="66" SRC="62"></ref><W>you</W><W>have</W><W>carpal</W><W>tunnel</W></xcope><W>,</W><W>like</W><W>i</W><W>do</W><W>,</W><W>it</W><W>does</W><W>tend</W><W>to</W><W>aggravate</W><W>it</W><W>somewhat</W><W>,</W><W>which</W><W>is</W><W>why</W><W>i</W><W>use</W><W>an</W><W>external</W><W>keyboard</W><W>that</W><W>has</W><W>softer</W><W>keys</W><W>.</W></SENTENCE></P><P></P><P><SENTENCE><W>the</W><W>keyboard</W><W>is</W><W>a</W><W>full</W><W>size</W><W>keyboard</W><W>,</W><W>which</W><W>is</W><W>great</W><W>with</W><C><cue COMMENTS="" ID="63" type="negation"><W>no</W></cue></C><xcope ID="65"><ref COMMENTS="" ID="67" SRC="63"></ref><W>real</W><W>odd</W><W>key</W><W>placements</W><W>like</W><W>some</W><W>laptop</W><W>vendors</W><W>do</W></xcope><W>.</W></SENTENCE><SENTENCE><W>you</W><W>also</W><W>get</W><W>a</W><W>full</W><W>size</W><W>backspace</W><W>key</W><W>too</W><W>which</W><W>comes</W><W>in</W><W>handy</W><W>a</W><W>lot</W><W>.</W></SENTENCE></P><P></P><P><SENTENCE><W>as</W><W>for</W><W>the</W><W>touchpad</W><W>,</W><W>one</W><W>annoying</W><W>design</W><W>issue</W><W>is</W><W>that</W><W>they</W><W>decided</W><W>to</W><W>make</W><W>the</W><W>touchpad</W><W>wide</W><W>,</W><W>so</W><W>when</W><W>i</W><W>do</W><W>type</W><W>through</W><W>the</W><W>keyboard</W><C><W>and</W></C><W>i</W><W>tend</W><W>to</W><W>rest</W><W>my</W><W>palms</W><W>on</W><W>the</W><W>laptop</W><W>,</W><W>my</W><W>hands</W><W>tend</W><W>to</W><W>somehow</W><W>glide</W><W>onto</W><W>the</W><W>touchpad</W><W>which</W><W>puts</W><W>the</W><W>cursor</W><W>somewhere</W><W>.</W></SENTENCE><SENTENCE><W>this</W><W>movement</W><W>is</W><W>annoyingh</W><W>especially</W><W>when</W><W>editing</W><W>documents</W><W>because</W><W>i</W><C><cue ID="68" type="speculation"><W>would</W></cue></C><xcope ID="73"><ref ID="74" SRC="68"></ref><W>accidentally</W><W>move</W><W>the</W><W>cursor</W><W>somewhere</W></xcope><W>so</W><W>that</W><W>when</W><W>i</W><W>do</W><W>look</W><W>at</W><W>the</W><W>screen</W><W>to</W><W>see</W><W>what</W><W>else</W><W>i</W><C><cue ID="69" type="speculation"><W>would</W></cue></C><xcope ID="72"><ref ID="75" SRC="69"></ref><W>need</W></xcope><W>,</W><W>i</W><C><cue ID="70" type="speculation"><W>would</W></cue></C><xcope ID="71"><ref ID="76" SRC="70"></ref><W>find</W><W>the</W><W>text</W><W>in</W><W>odd</W><W>places</W></xcope><W>.</W></SENTENCE><SENTENCE><W>This</W><W>is</W><W>definitely</W><W>annoying</W><W>,</W><W>but</W><W>I</W><W>havent</W><W>heard</W><W>of</W><W>any</W><W>other</W><W>complaints</W><W>.</W></SENTENCE><SENTENCE><W>even</W><W>decreasing</W><W>the</W><W>sensitivity</W><W>doesnt</W><W>completely</W><W>fix</W><W>the</W><W>solution</W><W>.</W></SENTENCE></P><P></P><P><SENTENCE><W>also</W><W>,</W><W>near</W><W>the</W><W>top</W><W>of</W><W>the</W><W>touchpad</W><W>,</W><W>it</W><W>does</W><W>tend</W><W>to</W><W>get</W><W>a</W><W>bit</W><W>warn</W><W>.</W></SENTENCE></P><P></P><P><SENTENCE><W>all</W><W>in</W><W>all</W><W>the</W><W>touchpad</W><W>is</W><W>responsive</W><C><W>and</W></C><W>sometimes</W><W>the</W><W>cursors</W><C><cue ID="77" type="speculation"><W>can</W></cue></C><xcope ID="79"><ref ID="81" SRC="77"></ref><W>jump</W><W>around</W><W>when</W><W>using</W><W>it</W></xcope><W>,</W><W>so</W><W>I</W><C><cue ID="78" type="speculation"><W>would</W></cue></C><xcope ID="80"><ref ID="82" SRC="78"></ref><W>recommend</W><W>using</W><W>an</W><W>external</W><W>mouse</W></xcope><W>,</W><W>like</W><W>the</W><W>logitech</W><W>mx700</W><W>.</W></SENTENCE></P><P></P><P><SENTENCE><W>sound</W></SENTENCE></P><P></P><P><SENTENCE><W>the</W><W>speakers</W><W>on</W><W>this</W><W>laptop</W><W>are</W><W>harmon</W><W>kardon</W><W>speakers</W><W>,</W><C><W>and</W></C><W>they</W><W>are</W><W>fanastic</W><W>.</W></SENTENCE><SENTENCE><W>i</W><W>have</W><W>n&#39;t</W><W>heard</W><W>sound</W><W>this</W><W>great</W><W>on</W><W>a</W><W>laptop</W><W>ever</W><W>.</W></SENTENCE><SENTENCE><W>i</W><W>had</W><W>a</W><W>bunch</W><W>of</W><W>mp3</W><W>from</W><W>my</W><W>last</W><W>computer</W><W>that</W><W>I</W><W>played</W><W>on</W><W>this</W><W>laptop</W><C><W>and</W></C><W>at</W><W>first</W><W>,</W><W>I</W><C><cue ID="83" type="speculation"><W>thought</W></cue></C><xcope ID="87"><ref ID="91" SRC="83"></ref><W>the</W><W>speakers</W><W>were</W><W>n&#39;t</W><W>any</W><W>good</W></xcope><W>because</W><W>of</W><W>the</W><W>tinny</W><W>sound</W><W>,</W><W>but</W><W>then</W><W>I</W><W>realized</W><W>that</W><W>it</W><W>was</W><W>because</W><W>of</W><W>the</W><W>bit</W><W>rate</W><W>encoding</W><W>,</W><W>it</W><W>was</W><W>encoded</W><W>at</W><W>96</W><W>bits</W><C><W>instead</W></C><W>of</W><W>128</W><C><W>or</W></C><W>196</W><W>for</W><W>cd</W><W>quality</W><W>.</W></SENTENCE><SENTENCE><W>once</W><W>i</W><W>popped</W><W>in</W><W>a</W><W>cd</W><W>,</W><W>the</W><W>sounds</W><W>came</W><W>alive</W><W>.</W></SENTENCE><SENTENCE><W>I</W><W>was</W><W>pleasantly</W><W>surprised</W><W>by</W><W>this</W><W>,</W><C><W>and</W></C><W>it</W><W>does</W><W>get</W><W>loud</W><W>,</W><W>unlike</W><W>some</W><W>laptops</W><W>where</W><W>even</W><C><cue ID="84" type="speculation"><W>if</W></cue></C><xcope ID="88"><ref ID="92" SRC="84"></ref><W>you</W><W>put</W><W>the</W><W>sound</W><W>at</W><W>the</W><W>highest</W><W>setting</W></xcope><W>,</W><W>you</W><W>still</W><C><cue ID="85" type="speculation"><W>can</W></cue></C><xcope ID="89"><ref ID="93" SRC="85"></ref><W>barely</W><W>hear</W><W>it</W><W>.</W></xcope></SENTENCE><SENTENCE><C><cue ID="86" type="negation"><W>Not</W></cue></C><xcope ID="90"><ref ID="94" SRC="86"></ref><W>with</W><W>these</W><W>speakers</W></xcope><W>.</W></SENTENCE><SENTENCE><W>I</W><W>actually</W><W>only</W><W>have</W><W>the</W><W>volume</W><W>at</W><W>2</W><C><W>or</W></C><W>3</W><W>bars</W><W>because</W><W>its</W><W>so</W><W>loud</W><W>.</W></SENTENCE><SENTENCE><W>One</W><W>this</W><C><W>missing</W></C><W>though</W><W>is</W><W>a</W><W>subwoofer</W><W>,</W><W>but</W><W>thats</W><W>a</W><W>small</W><W>price</W><W>to</W><W>pay</W><W>.</W></SENTENCE></P><P></P><P><SENTENCE><W>battery</W><W>life</W><W>...battery</W><W>life</W><W>...battery</W><W>life</W><W>...</W></SENTENCE></P><P></P><P><SENTENCE><W>it</W><cue ID="134" type="negation"><W>wont</W></cue><xcope ID="135"><ref COMMENTS="" ID="136" SRC="134"></ref><W>last</W><W>longer</W><W>than</W><W>2</W><W>hrs</W></xcope><W>,</W><W>but</W><W>you</W><C><cue ID="95" type="speculation"><W>can</W></cue></C><xcope ID="103"><ref ID="113" SRC="95"></ref><W>do</W><W>some</W><W>power</W><W>saving</W><W>things</W><W>such</W><W>as</W><W>reduce</W><W>the</W><W>brightness</W><W>of</W><W>the</W><W>screen</W></xcope><W>,</W><W>dont</W><W>use</W><W>the</W><W>dvd</W><W>drive</W><W>,</W><W>etc</W><W>,</W><W>but</W><W>then</W><W>whats</W><W>the</W><W>fun</W><W>?</W><W>this</W><W>is</W><W>definitely</W><W>meant</W><W>as</W><W>a</W><W>desktop</W><W>replacement</W><W>.</W></SENTENCE><SENTENCE><W>for</W><W>you</W><W>just</W><W>want</W><W>to</W><W>take</W><W>it</W><W>with</W><W>you</W><W>,</W><W>but</W><W>only</W><C><cue ID="96" type="speculation"><W>if</W></cue></C><xcope ID="108"><ref ID="114" SRC="96"></ref><W>there</W><W>is</W><W>a</W><W>deskt</W><C><W>and</W></C><W>an</W><W>outlet</W><W>available</W></xcope><W>.</W></SENTENCE><SENTENCE><W>otherwise</W><W>you</W><C><cue ID="97" type="speculation"><W>should</W></cue></C><xcope ID="107"><ref ID="118" SRC="97"></ref><W>purchase</W><xcope ID="105"><ref ID="117" SRC="98"></ref><W>extra</W><W>batteries</W></xcope><C><cue ID="98" type="speculation"><W>or</W></cue></C><xcope ID="106"><ref ID="116" SRC="98"></ref><W>one</W><W>of</W><W>those</W><W>solar</W><W>panels</W></xcope><W>that</W><C><cue ID="99" type="speculation"><W>can</W></cue></C><xcope ID="104"><ref ID="115" SRC="99"></ref><W>power</W><W>it</W><W>up</W></xcope></xcope><W>.</W></SENTENCE></P><P></P><P><SENTENCE><W>along</W><W>the</W><W>lines</W><W>of</W><W>battery</W><W>power</W><W>,</W><W>is</W><W>the</W><W>actual</W><W>power</W><xcope ID="110"><ref ID="120" SRC="100"></ref><W>converter</W></xcope><C><cue ID="100" type="speculation"><W>or</W></cue></C><xcope ID="109"><ref ID="119" SRC="100"></ref><W>brick</W></xcope><W>.</W></SENTENCE><SENTENCE><W>man</W><W>,</W><W>this</W><W>thing</W><W>is</W><W>heavy</W><W>.</W></SENTENCE><SENTENCE><W>its</W><W>slightly</W><W>larger</W><W>than</W><W>other</W><W>converters</W><W>too</W><W>.</W></SENTENCE><SENTENCE><C><W>and</W></C><W>its</W><W>also</W><W>a</W><W>3</W><W>prong</W><W>plug</W><W>going</W><W>into</W><W>the</W><W>brick</W><W>,</W><W>so</W><C><cue ID="102" type="speculation"><W>if</W></cue></C><xcope ID="111"><ref ID="121" SRC="102"></ref><W>you</W><W>plan</W><W>on</W><W>using</W><W>a</W><W>mini</W><W>power</W><W>surge</W><W>protector</W></xcope><W>,</W><W>belkin</W><W>has</W><W>a</W><W>nice</W><W>one</W><W>,</W><W>i</W><W>dont</W><C><cue ID="101" type="speculation"><W>think</W></cue></C><xcope ID="112"><ref ID="122" SRC="101"></ref><W>targus</W><W>makes</W><W>one</W></xcope><W>,</W><C><W>or</W></C><W>at</W><W>least</W><W>they</W><W>didnt</W><W>have</W><W>one</W><W>at</W><W>best</W><W>buy</W><W>.</W></SENTENCE></P><P></P><P><SENTENCE><W>over</W><W>all</W><W>impressions</W></SENTENCE></P><P></P><P><SENTENCE><W>my</W><W>overall</W><W>impression</W><W>of</W><W>the</W><W>laptop</W><W>is</W><W>two</W><W>thumbs</W><W>up</W><W>.</W><W>the</W><W>blue</W><W>lighting</W><W>is</W><W>very</W><W>mesmerizing</W><W>,</W><C><W>and</W></C><W>the</W><W>dvd</W><W>drive</W><W>is</W><W>very</W><W>responsive</W><W>.</W></SENTENCE><SENTENCE><W>i</W><W>havent</W><W>tried</W><W>burning</W><W>a</W><W>dvd</W><W>yet</W><W>,</W><W>i</W><W>have</W><W>to</W><W>find</W><W>some</W><W>tiem</W><W>to</W><W>buy</W><W>dvd</W><W>r</W><W>blanks</W><W>,</W><W>i</W><W>wish</W><W>it</W><W>were</W><W>a</W><W>multi</W><W>drive</W><W>,</W><W>but</W><W>ca</W><W>n&#39;t</W><W>have</W><W>everything</W><W>.</W></SENTENCE><SENTENCE><W>also</W><W>,</W><W>the</W><W>dvd</W><W>drive</W><W>is</W><W>a</W><W>4x</W><W>drive</W><W>,</W><W>the</W><W>included</W><W>roxio</W><W>software</W><W>lists</W><W>it</W><W>as</W><W>a</W><W>2.4x</W><W>but</W><W>when</W><W>I</W><W>installed</W><W>nero</W><W>6</W><W>,</W><W>it</W><W>read</W><W>it</W><W>as</W><W>a</W><W>4x</W><W>drive</W><W>.</W></SENTENCE></P><P></P><P><SENTENCE><W>the</W><W>media</W><W>slots</W><W>are</W><W>also</W><W>a</W><W>plus</W><W>.</W></SENTENCE><SENTENCE><W>they</W><W>let</W><W>you</W><W>use</W><W>your</W><W>smart</W><W>digital</W><W>,</W><W>memory</W><W>stick</W><W>,</W><C><W>and</W></C><W>3</W><W>others</W><W>which</W><W>i</W><W>dont</W><W>know</W><W>off</W><W>hand</W><W>,</W><W>but</W><W>those</W><W>are</W><W>the</W><W>ones</W><W>i</W><W>use</W><W>,</W><C><W>and</W></C><W>it</W><W>works</W><W>great</W><W>.</W></SENTENCE><SENTENCE><C><cue ID="123" type="negation"><W>no</W></cue></C><xcope ID="124"><ref ID="125" SRC="123"></ref><W>more</W><W>carrying</W><W>around</W><W>the</W><W>adapter</W><W>for</W><W>these</W></xcope><W>.</W></SENTENCE></P><P></P><P><SENTENCE><xcope ID="137"><ref COMMENTS="" ID="138" SRC="126"></ref><W>the</W><W>case</W></xcope><W>definitely</W><C><cue ID="126" type="speculation"><W>seems</W></cue></C><xcope ID="131"><ref COMMENTS="" ID="135" SRC="126"></ref><W>sturdy</W></xcope><W>,</W><W>there</W><W>is</W><C><cue ID="127" type="negation"><W>no</W></cue></C><xcope ID="130"><ref COMMENTS="" ID="134" SRC="127"></ref><W>flex</W><W>in</W><W>the</W><W>keyboard</W></xcope><W>,</W><W>at</W><W>least</W><C><cue ID="128" type="negation"><W>none</W></cue></C><xcope ID="133"><ref COMMENTS="" ID="137" SRC="128"></ref><W>that</W><W>i</W><C><cue ID="129" type="speculation"><W>can</W></cue></C><xcope ID="132"><ref COMMENTS="" ID="136" SRC="129"></ref><W>tell</W></xcope></xcope><W>(</W><W>i</W><W>dont</W><W>want</W><W>to</W><W>break</W><W>this</W><W>)</W><C><W>and</W></C><W>also</W><W>this</W><W>laptop</W><W>is</W><W>heavy</W><W>.</W></SENTENCE><SENTENCE><W>its</W><W>about</W><W>10</W><W>pounds</W><W>with</W><W>the</W><W>battery</W><C><W>and</W></C><W>the</W><W>adapter</W><W>.</W></SENTENCE></P><P></P><P><SENTENCE><W>there</W><W>are</W><W>4</W><W>usb</W><W>2.0</W><W>connections</W><C><W>and</W></C><W>a</W><W>firewire</W><W>conenction</W><W>,</W><W>the</W><W>small</W><W>one</W><W>,</W><W>parallel</W><W>port</W><C><W>and</W></C><W>vga</W><W>out</W><W>.</W></SENTENCE><SENTENCE><W>there</W><W>is</W><W>also</W><W>s-video</W><W>out</W><W>which</W><W>i</W><W>havent</W><W>tried</W><W>,</W><W>but</W><W>will</W><W>do</W><W>soon</W><W>.</W></SENTENCE></P><P></P><P><SENTENCE><W>downsides</W></SENTENCE></P><P></P><P><SENTENCE><W>some</W><W>of</W><W>the</W><W>design</W><W>problems</W><W>i</W><W>have</W><W>with</W><W>this</W><W>are</W><W>that</W><W>the</W><W>ac</W><W>plug</W><W>goes</W><W>into</W><W>the</W><W>back</W><W>left</W><W>of</W><W>the</W><W>laptop</W><C><W>instead</W></C><W>of</W><W>at</W><W>the</W><W>back</W><W>.</W></SENTENCE><SENTENCE><W>this</W><W>is</W><W>ok</W><W>,</W><W>but</W><W>annoying</W><W>.</W></SENTENCE></P><P></P><P><SENTENCE><W>the</W><W>placement</W><W>of</W><W>the</W><W>volume</W><W>buttons</W><W>being</W><W>on</W><W>the</W><W>top</W><W>of</W><W>the</W><W>keybaord</W><W>,</W><W>near</W><W>the</W><W>quick</W><W>launch</W><W>buttons</W><W>,</W><W>who</W><C><W>thought</W></C><W>of</W><W>this</W><W>?</W><W>i</W><W>guess</W><W>ive</W><W>been</W><W>spoiled</W><W>with</W><W>volume</W><W>buttons</W><W>being</W><W>on</W><W>the</W><W>sides</W><W>.</W></SENTENCE></P><P></P><P><SENTENCE><W>the</W><W>only</W><W>firewire</W><W>connection</W><W>is</W><W>on</W><W>the</W><W>left</W><W>side</W><W>which</W><W>is</W><W>also</W><W>weird</W><W>,</W><W>b/c</W><W>I</W><W>tend</W><W>to</W><W>just</W><W>leave</W><W>my</W><W>firewire</W><W>external</W><W>hdd</W><W>plugged</W><W>in</W><W>,</W><W>so</W><W>i</W><W>usually</W><W>have</W><W>this</W><W>plug</W><W>protruding</W><W>from</W><W>the</W><W>left</W><W>side</W><W>.</W></SENTENCE><SENTENCE><W>thats</W><W>somewhat</W><W>annyoing</W><W>.</W></SENTENCE></P><P></P><P><SENTENCE><W>the</W><W>size</W><W>of</W><W>the</W><W>beast</W><W>also</W><W>makes</W><W>it</W><W>difficult</W><W>to</W><W>purchase</W><W>bags</W><W>.</W></SENTENCE><SENTENCE><W>since</W><W>it</W><W>just</W><W>hit</W><W>the</W><W>market</W><W>,</W><W>most</W><W>bags</W><W>that</W><W>are</W><W>able</W><W>to</W><W>carry</W><W>it</W><W>are</W><W>bulky</W><C><W>and</W></C><W>ugly</W><W>.</W></SENTENCE><SENTENCE><C><W>and</W></C><W>the</W><W>ones</W><W>that</W><W>fit</W><W>the</W><W>G4</W><W>wont</W><W>fit</W><W>this</W><W>.</W></SENTENCE><SENTENCE><W>which</W><W>blows</W><W>because</W><W>now</W><W>i</W><W>have</W><W>to</W><W>find</W><W>another</W><W>bag</W><W>.</W></SENTENCE><SENTENCE><W>i</W><W>was</W><W>hoping</W><W>the</W><W>timbuk2</W><W>bag</W><W>which</W><W>just</W><W>came</W><W>out</W><W>for</W><W>the</W><W>g4</W><C><cue ID="138" type="speculation"><W>would</W></cue></C><xcope ID="141"><ref COMMENTS="" ID="142" SRC="138"></ref><W>fit</W></xcope><W>,</W><W>but</W><W>to</W><C><cue ID="139" type="negation"><W>no</W></cue></C><xcope ID="140"><ref COMMENTS="" ID="143" SRC="139"></ref><W>avail</W></xcope><W>.</W></SENTENCE><SENTENCE><W>it</W><W>was</W><W>made</W><W>to</W><W>tightly</W><W>fit</W><W>the</W><W>apple</W><W>.</W></SENTENCE></P><P></P><P><SENTENCE><W>another</W><W>thing</W><W>is</W><W>when</W><W>typing</W><W>with</W><W>this</W><W>on</W><W>yer</W><W>laptop</W><W>,</W><W>which</W><W>i</W><W>dont</W><W>recommend</W><W>since</W><W>you</W><W>will</W><W>be</W><W>covering</W><W>the</W><W>fan</W><W>inlets</W><W>,</W><W>the</W><W>positioning</W><W>the</W><W>keybaord</W><W>will</W><W>make</W><W>it</W><W>weird</W><W>to</W><W>type</W><W>.</W></SENTENCE><SENTENCE><W>that</W><W>definitely</W><W>takes</W><W>some</W><W>getting</W><W>used</W><W>to</W><W>,</W><C><W>and</W></C><W>the</W><W>heat</W><W>makes</W><W>it</W><C><cue ID="144" type="negation"><W>not</W></cue></C><xcope ID="146"><ref COMMENTS="" ID="148" SRC="144"></ref><C><W>feel</W></C><W>so</W><W>good</W></xcope><W>.</W></SENTENCE><SENTENCE><W>it</W><W>doesnt</W><W>get</W><W>as</W><W>hot</W><W>as</W><W>the</W><W>apple</W><W>,</W><W>but</W><W>it</W><W>gets</W><W>uncomfortably</W><W>warm</W><W>.</W></SENTENCE></P><P></P><P><SENTENCE><W>one</W><W>other</W><W>thing</W><W>is</W><W>that</W><W>this</W><W>laptop</W><W>doesnt</W><W>have</W><W>themedia</W><W>controls</W><W>that</W><W>many</W><W>other</W><W>laptops</W><W>have</W><W>,</W><W>that</W><W>allow</W><W>you</W><W>to</W><W>play</W><W>your</W><W>cds</W><C><cue ID="145" type="negation"><W>without</W></cue></C><xcope ID="147"><ref COMMENTS="" ID="149" SRC="145"></ref><W>turning</W><W>on</W><W>the</W><W>computer</W></xcope><W>.</W></SENTENCE></P><P></P><P><SENTENCE><C><W>conclusion</W></C></SENTENCE></P><P></P><P><SENTENCE><W>this</W><W>machine</W><W>is</W><W>great</W><W>.</W></SENTENCE><SENTENCE><W>its</W><W>definitely</W><W>an</W><W>investment</W><W>to</W><W>be</W><W>happy</W><W>with</W><W>.</W></SENTENCE><SENTENCE><W>i</W><W>especially</W><W>liked</W><W>the</W><W>fact</W><W>that</W><W>i</W><C><cue ID="150" type="speculation"><W>could</W></cue></C><xcope ID="152"><ref COMMENTS="" ID="154" SRC="150"></ref><W>customize</W><W>it</W><W>to</W><W>my</W><W>liking</W></xcope><W>,</W><C><W>and</W></C><W>when</W><W>yer</W><W>buying</W><W>a</W><W>laptop</W><W>,</W><W>especially</W><W>a</W><W>wintel</W><W>machine</W><W>,</W><W>you</W><W>want</W><W>to</W><C><W>think</W></C><W>about</W><W>the</W><W>future</W><C><W>and</W></C><W>what</W><W>you</W><W>&#39;ll</W><W>be</W><W>able</W><W>to</W><W>do</W><W>.</W></SENTENCE></P><P></P><P><SENTENCE><W>the</W><W>HT</W><C><W>or</W></C><W>hyperthreading</W><W>on</W><W>this</W><W>is</W><W>great</W><W>an</W><W>all</W><W>,</W><W>but</W><W>there</W><W>arent</W><W>that</W><W>many</W><W>applications</W><W>that</W><C><cue ID="151" type="speculation"><W>can</W></cue></C><xcope ID="153"><ref COMMENTS="" ID="155" SRC="151"></ref><W>take</W><W>advantage</W><W>of</W><W>that</W><W>just</W><W>yet</W></xcope><W>,</W><W>other</W><W>than</W><W>some</W><W>of</W><W>those</W><W>intensive</W><W>graphics</W><W>apps</W><C><W>and</W></C><W>database</W><W>apps</W><W>.</W></SENTENCE><SENTENCE><W>but</W><W>its</W><W>cool</W><W>to</W><W>have</W><W>!</W></SENTENCE></P><P></P><P><SENTENCE><W>also</W><W>the</W><W>128MB</W><W>of</W><W>video</W><W>ram</W><W>also</W><W>allows</W><W>me</W><W>to</W><W>play</W><W>future</W><W>games</W><W>as</W><W>well</W><W>as</W><W>todays</W><W>latest</W><W>.</W></SENTENCE><SENTENCE><W>i</W><W>havent</W><W>had</W><W>a</W><W>chance</W><W>to</W><W>load</W><W>up</W><W>some</W><W>graphics</W><W>heavy</W><W>games</W><W>,</W><W>but</W><W>from</W><W>what</W><W>i</W><W>saw</W><W>on</W><W>my</W><W>friends</W><W>with</W><W>only</W><W>64</W><W>mb</W><W>on</W><W>his</W><W>toshiba</W><W>p25</W><W>,</W><W>i</W><W>am</W><W>sure</W><W>mine</W><W>will</W><W>blow</W><W>his</W><W>away</W><W>!</W></SENTENCE></P></DOCUMENT>
