<?xml version="1.0" encoding="UTF-8"?>
<DOCUMENT><DESC></DESC><TIME>298</TIME><P></P><P><SENTENCE><W>I</W><W>have</W><W>been</W><W>looking</W><W>to</W><W>replace</W><W>our</W><W>aging</W><W>laptop</W><W>for</W><W>a</W><W>while</W><W>.</W></SENTENCE><SENTENCE><W>I</W><W>sat</W><W>down</W><C><W>and</W></C><C><W>thought</W></C><W>about</W><W>how</W><W>we</W><W>have</W><W>been</W><W>using</W><W>it</W><C><W>and</W></C><W>realized</W><W>that</W><W>we</W><W>really</W><W>did</W><W>n&#39;t</W><W>do</W><W>much</W><W>mobile</W><W>computing</W><W>;</W><W>I</W><W>mainly</W><W>used</W><W>it</W><W>as</W><W>a</W><W>home</W><W>base</W><W>when</W><W>we</W><W>traveled</W><W>.</W></SENTENCE><SENTENCE><W>Keeping</W><W>this</W><W>in</W><W>mind</W><W>steered</W><W>me</W><W>toward</W><W>a</W><W>desktop</W><W>replacement</W><W>type</W><W>of</W><W>laptop</W><W>.</W></SENTENCE></P><P></P><P><SENTENCE><W>As</W><W>far</W><W>as</W><W>desktop</W><W>replacements</W><W>go</W><W>this</W><W>one</W><W>is</W><W>at</W><W>the</W><W>top</W><W>of</W><W>the</W><W>pack</W><W>.</W></SENTENCE><SENTENCE><W>I</W><W>bought</W><W>the</W><W>zd7040</W><W>which</W><W>is</W><W>the</W><W>version</W><W>available</W><W>at</W><W>Best</W><W>Buy</W><W>.</W></SENTENCE><SENTENCE><W>Most</W><W>other</W><W>computer</W><W>stores</W><W>have</W><W>the</W><W>zd7020</W><W>,</W><W>the</W><W>only</W><W>difference</W><W>is</W><W>that</W><W>the</W><W>7040</W><W>has</W><W>a</W><W>60Gig</W><W>hard</W><W>drive</W><C><W>and</W></C><W>the</W><W>7020</W><W>has</W><W>an</W><W>80Gig</W><W>.</W></SENTENCE><SENTENCE><W>Best</W><W>Buy</W><W>had</W><W>a</W><W>great</W><W>18</W><W>month</W><C><cue ID="0" type="negation"><W>no</W></cue></C><xcope COMMENTS="" ID="24"><ref COMMENTS="" ID="48" SRC="0"></ref><W>interest</W><W>deal</W></xcope><C><W>and</W></C><W>the</W><W>extended</W><W>warranty</W><W>was</W><W>better</W><W>.</W></SENTENCE></P><P></P><P><SENTENCE><W>The</W><W>screen</W><W>has</W><W>to</W><W>be</W><W>seen</W><W>to</W><W>be</W><C><W>believed</W></C><W>.</W></SENTENCE><SENTENCE><W>It</W><W>is</W><W>17</W><W>diagonally</W><W>with</W><W>a</W><W>widescreen</W><W>ratio</W><W>.</W></SENTENCE><SENTENCE><W>This</W><C><cue ID="1" type="speculation"><W>could</W></cue></C><xcope ID="25"><ref COMMENTS="" ID="49" SRC="1"></ref><W>substitute</W><W>for</W><W>your</W><W>main</W><W>TV</W><W>in</W><W>a</W><W>pinch</W></xcope><W>.</W></SENTENCE><SENTENCE><W>The</W><W>contrast</W><W>is</W><W>very</W><W>good</W><C><W>and</W></C><W>the</W><W>images</W><W>are</W><W>very</W><W>sharp</W><W>.</W></SENTENCE></P><P></P><P><SENTENCE><W>The</W><W>processor</W><W>is</W><W>a</W><W>desktop</W><W>Pentium</W><W>4</W><W>at</W><W>2.8GHz</W><W>.</W></SENTENCE><SENTENCE><W>Different</W><W>models</W><C><cue ID="3" type="speculation"><W>may</W></cue></C><xcope ID="47"><ref COMMENTS="" ID="51" SRC="3"></ref><W>have</W><W>faster/slower</W><W>versions</W></xcope><W>.</W></SENTENCE><SENTENCE><W>I</W><C><cue ID="4" type="speculation"><W>think</W></cue></C><xcope ID="46"><ref COMMENTS="" ID="50" SRC="4"></ref><W>there</W><W>is</W><W>even</W><W>one</W><W>with</W><W>the</W><W>new</W><W>hyper</W><W>threading</W><W>processor</W><W>for</W><W>bigger</W><W>$</W><W>$</W><W>.</W></xcope></SENTENCE></P><P></P><P><SENTENCE><W>This</W><W>model</W><W>has</W><W>the</W><W>GeForce</W><W>to</W><W>go</W><W>FX</W><W>5600</W><W>chip</W><W>with</W><W>64Megs</W><W>of</W><W>RAM.</W></SENTENCE><SENTENCE><W>I</W><W>ran</W><W>3DMark2001</W><W>benchmarks</W><C><W>and</W></C><W>got</W><W>over</W><W>10000</W><W>!</W></SENTENCE><SENTENCE><W>My</W><W>older</W><W>desktop</W><W>with</W><W>a</W><W>GeForce</W><W>4</W><W>4200</W><cue ID="5" type="speculation"><C><W>could</W></C><W>nt</W></cue><xcope ID="45"><ref COMMENTS="" ID="52" SRC="5"></ref><W>get</W><W>that</W><W>high</W></xcope><W>.</W></SENTENCE><SENTENCE><W>This</W><W>thing</W><W>really</W><W>is</W><W>a</W><W>nice</W><W>desktop</W><W>crammed</W><W>into</W><W>a</W><W>portable</W><W></W><W>package</W><W>.</W></SENTENCE></P><P></P><P><SENTENCE><W>Dont</W><W>mislead</W><W>yourself</W><W>into</W><W>thinking</W><W>you</W><W>will</W><W>be</W><W>working</W><W>away</W><W>on</W><W>a</W><W>long</W><W>flight</W><W>.</W></SENTENCE><SENTENCE><W>This</W><W>thing</W><C><cue ID="6" type="speculation"><W>probably</W></cue></C><xcope ID="44"><ref COMMENTS="" ID="54" SRC="6"></ref><cue ID="7" type="negation"><W>wont</W></cue><xcope ID="43"><ref COMMENTS="" ID="53" SRC="7"></ref><W>even</W><W>fit</W><W>on</W><W>an</W><W>average</W><W>tray</W><W>table</W></xcope></xcope><W>,</W><W>it</W><W>is</W><W>that</W><W>big</W><W>.</W></SENTENCE><SENTENCE><W>It</W><W>weighs</W><W>about</W><W>10</W><W>pounds</W><W>with</W><W>the</W><W>AC</W><W>adapter</W><W>.</W></SENTENCE><SENTENCE><W>The</W><W>battery</W><W>life</W><W>is</W><W>also</W><C><cue ID="8" type="negation"><W>not</W></cue></C><xcope ID="42"><ref COMMENTS="" ID="55" SRC="8"></ref><W>that</W><W>great</W></xcope><W>.</W></SENTENCE><SENTENCE><W>I</W><W>worked</W><W>in</W><W>our</W><W>living</W><W>room</W><W>for</W><W>a</W><W>while</W><C><W>and</W></C><W>got</W><W>about</W><W>45</W><W>minutes</W><W>when</W><W>the</W><W>battery</W><W>read</W><W>50</W><W>%</W><W>,</W><W>so</W><W>I</W><W>am</W><W>guessing</W><W>about</W><W>1</W><W>½</W><W>hours</W><W>with</W><W>normal</W><W>use</W><W>.</W></SENTENCE><SENTENCE><W>I</W><C><cue ID="9" type="speculation"><W>think</W></cue></C><xcope ID="40"><ref COMMENTS="" ID="57" SRC="9"></ref><C><cue ID="10" type="speculation"><W>if</W></cue></C><xcope ID="39"><ref COMMENTS="" ID="56" SRC="10"></ref><W>you</W><W>are</W><W>playing</W><W>some</W><W>3D</W><W>games</W><W>it</W><W>will</W><W>be</W><W>less</W></xcope></xcope><W>.</W></SENTENCE><SENTENCE><W>Hey</W><W>,</W><W>at</W><W>least</W><W>you</W><C><cue ID="11" type="speculation"><W>can</W></cue></C><xcope ID="41"><ref COMMENTS="" ID="58" SRC="11"></ref><W>play</W><W>some</W><W>3D</W><W>games</W></xcope><W>.</W></SENTENCE><SENTENCE><W>This</W><W>graphics</W><W>chip</W><W>supports</W><W>Direct</W><W>X9</W><W>.</W></SENTENCE><SENTENCE><W>How</W><W>many</W><W>laptops</W><C><cue ID="12" type="speculation"><W>can</W></cue></C><xcope ID="38"><ref COMMENTS="" ID="59" SRC="12"></ref><W>say</W><W>that</W><W>!</W></xcope></SENTENCE></P><P></P><P><SENTENCE><W>There</W><W>are</W><W>ports-a-plenty</W><W>:</W><W>(</W><W>4</W><W>)</W><W>USB</W><W>2.0,</W><W>one</W><W>firewire</W><W>,</W><W>one</W><W>S-video</W><W>out</W><W>,</W><W>one</W><W>VGA</W><W>,</W><W>one</W><W>parallel</W><W>,</W><W>headphones</W><W>,</W><W>mic</W><W>,</W><W>10/100</W><W>Ethernet</W><W>,</W><W>modem</W><W>,</W><W>IR</W><W>,</W><W>5</W><W>different</W><W>digital</W><W>media</W><W>reader</W><W>(</W><W>compact</W><W>flash</W><W>,</W><W>SD</W><W>,</W><W>memory</W><W>stick</W><W>,</W><W>etc.</W><W>)</W><W>,</W><W>(</W><xcope ID="36"><ref COMMENTS="" ID="61" SRC="13"></ref><W>2</W><W>)</W><W>Type</W><W>I</W><W>PCMCIA</W><W>slot</W></xcope><C><cue ID="13" type="speculation"><W>or</W></cue></C><W>(</W><xcope ID="37"><ref COMMENTS="" ID="60" SRC="13"></ref><W>1</W><W>)</W><W>Type</W><W>II</W><W>slot</W></xcope><W>.</W></SENTENCE><SENTENCE><W>This</W><W>actually</W><W>has</W><W>more</W><W>ports</W><W>than</W><W>my</W><W>desktop</W><W>!</W></SENTENCE></P><P></P><P><SENTENCE><W>The</W><W>keyboard</W><W>is</W><W>full</W><W>sized</W><C><W>and</W></C><W>there</W><W>is</W><W>a</W><W>numeric</W><W>pad</W><W>on</W><W>the</W><W>right</W><W>(</W><W>the</W><W>Toshiba</W><W>model</W><W>that</W><W>also</W><W>uses</W><W>this</W><W>screen</W><W>does</W><W>nt</W><W>have</W><W>the</W><W>numeric</W><W>pad</W><C><W>and</W></C><cue ID="14" type="negation"><W>does</W><W>nt</W></cue><xcope COMMENTS="" ID="63"><ref COMMENTS="" ID="64" SRC="14"></ref><W>look</W><W>nearly</W><W>as</W><W>cool</W></xcope><W>)</W><W>.</W></SENTENCE><SENTENCE><W>The</W><W>touchpad</W><W>is</W><W>pretty</W><W>good</W><C><W>and</W></C><W>the</W><W>software</W><W>lets</W><W>you</W><W>do</W><W>some</W><W>neat</W><W>stuff</W><W>.</W></SENTENCE><SENTENCE><W>One</W><W>weird</W><W>thing</W><W>is</W><W>that</W><W>HP</W><W>has</W><W>the</W><W>tap-click</W><W>feature</W><W>(</W><W>that</W><W>everyone</W><W>else</W><W>uses</W><W>)</W><W>disabled</W><W>by</W><W>default</W><W>,</W><W>but</W><W>you</W><C><cue ID="15" type="speculation"><W>can</W></cue></C><xcope ID="34"><ref COMMENTS="" ID="62" SRC="15"></ref><W>change</W><W>it</W><W>in</W><W>the</W><W>settings</W></xcope><W>.</W></SENTENCE></P><P></P><P><SENTENCE><W>This</W><W>model</W><W>has</W><W>a</W><W>DVD</W><W>+R/RW</W><W>drive</W><W>but</W><W>I</W><W>have</W><W>nt</W><W>tried</W><W>it</W><W>out</W><W>yet</W><W>.</W></SENTENCE><SENTENCE><W>It</W><W>reads</W><W>CD</W><W>just</W><W>fine</W><C><W>and</W></C><W>plays</W><W>DVDs</W><W>great</W><W>.</W></SENTENCE></P><P></P><P><SENTENCE><W>The</W><W>sound</W><W>is</W><W>by</W><W>Harmon</W><W>Kardon</W><C><W>and</W></C><W>is</W><W>OK</W><W>.</W></SENTENCE><SENTENCE><W>I</W><W>have</W><W>Harmon</W><W>Kardon</W><W>in</W><W>my</W><W>car</W><C><W>and</W></C><W>I</W><W>am</W><C><cue ID="18" type="negation"><W>not</W></cue></C><xcope ID="26"><ref COMMENTS="" ID="65" SRC="18"></ref><W>overly</W><W>impressed</W></xcope><W>.</W></SENTENCE><SENTENCE><W>I</W><C><cue ID="16" type="speculation"><W>think</W></cue></C><xcope ID="28"><ref COMMENTS="" ID="67" SRC="16"></ref><W>Bose</W><C><cue ID="17" type="speculation"><W>would</W></cue></C><xcope ID="27"><ref COMMENTS="" ID="66" SRC="17"></ref><W>do</W><W>a</W><W>better</W><W>job</W></xcope></xcope><W>.</W></SENTENCE><SENTENCE><W>It</W><W>still</W><W>sounds</W><W>way</W><W>better</W><W>than</W><W>most</W><W>tinny</W><W>laptop</W><W>speakers</W><W>.</W></SENTENCE><SENTENCE><W>For</W><W>the</W><W>amount</W><W>of</W><W>room</W><W>they</W><W>had</W><W>to</W><W>work</W><W>with</W><W>though</W><W>,</W><W>I</W><C><cue ID="19" type="speculation"><W>would</W></cue></C><xcope ID="31"><ref COMMENTS="" ID="70" SRC="19"></ref><C><cue ID="20" type="speculation"><W>think</W></cue></C><xcope ID="30"><ref COMMENTS="" ID="69" SRC="20"></ref><W>they</W><C><cue ID="21" type="speculation"><W>could</W></cue></C><xcope ID="29"><ref COMMENTS="" ID="68" SRC="21"></ref><W>have</W><W>done</W><W>even</W><W>better</W></xcope></xcope></xcope><W>.</W></SENTENCE></P><P></P><P><SENTENCE><W>One</W><W>thing</W><W>that</W><W>is</W><W>bothersome</W><W>is</W><W>the</W><W>amount</W><W>of</W><W>power</W><W>it</W><W>consumes</W><W>.</W></SENTENCE><SENTENCE><W>I</W><W>cant</W><W>find</W><W>an</W><W>auto</W><W>adapter</W><W>to</W><W>power</W><W>it</W><W>.</W></SENTENCE><SENTENCE><W>It</W><W>looks</W><W>like</W><W>it</W><W>draws</W><W>about</W><W>120</W><W>watts</W><W>but</W><W>the</W><W>new</W><W>Targus</W><W>120</W><W>watt</W><W>auto</W><W>adapter</W><W>does</W><W>nt</W><W>say</W><W>it</W><W>supports</W><W>it</W><W>.</W></SENTENCE><SENTENCE><W>Maybe</W><W>in</W><W>a</W><W>few</W><W>months</W><W>the</W><W>situation</W><W>will</W><W>improve</W><W>.</W></SENTENCE></P><P></P><P><SENTENCE><W>Overall</W><W>I</W><W>am</W><W>very</W><W>happy</W><W>but</W><W>this</W><W>is</W><W>the</W><W>Hummer</W><W>of</W><W>laptops</W><W>.</W></SENTENCE><SENTENCE><W>For</W><W>what</W><W>it</W><W>was</W><W>built</W><W>to</W><W>do</W><W>it</W><W>does</W><W>very</W><W>well</W><W>.</W></SENTENCE><SENTENCE><W>Just</W><cue ID="23" type="negation"><W>do</W><W>n&#39;t</W></cue><xcope ID="33"><ref COMMENTS="" ID="72" SRC="23"></ref><C><cue ID="22" type="speculation"><W>think</W></cue></C><xcope ID="32"><ref COMMENTS="" ID="71" SRC="22"></ref><W>it</W><W>will</W><W>be</W><W>something</W><W>it</W><W>is</W><W>n&#39;t</W></xcope></xcope><W>(</W><W>like</W><W>light</W><W>)</W><W>.</W></SENTENCE></P><P></P><P><SENTENCE><W>Bradman</W></SENTENCE></P></DOCUMENT>
