<?xml version="1.0" encoding="UTF-8"?>
<DOCUMENT><P/><P><SENTENCE><W>I</W><W>just</W><W>barely</W><W>received</W><W>my</W><W>new</W><W>PowerMac</W><W>G5</W><W>.</W></SENTENCE><SENTENCE><W>It</W><W>&apos;s</W><W>the</W><W>1.6</W><W>ghz</W><W>model</W><W>with</W><W>a</W><W>little</W><W>more</W><W>than</W><W>standard</W><W>RAM</W><C><W>and</W></C><W>hard</W><W>drive</W><W>space</W><W>.</W></SENTENCE><SENTENCE><W>It</W><W>&apos;s</W><W>awesome</W><W>...</W></SENTENCE></P><P/><P><SENTENCE><W>The</W><W>blazing</W><W>speed</W><W>of</W><W>this</W><W>computer</W><W>is</W><W>amazing</W><W>.</W></SENTENCE><SENTENCE><W>I</W><W>am</W><W>on</W><W>a</W><W>budget</W><W>for</W><W>school</W><W>,</W><C><W>and</W></C><W>so</W><W>I</W><W>did</W><C><cue ID="0" type="negation"><W>not</W></cue></C><xcope ID="29"><ref ID="41" SRC="0"/><xcope ID="28"><ref ID="40" SRC="1"/><W>get</W><W>the</W><W>1.8</W></xcope><C><cue ID="1" type="speculation"><W>or</W></cue></C><xcope ID="27"><ref ID="39" SRC="1"/><W>the</W><W>2.0</W><W>ghz</W><W>models</W></xcope></xcope><W>.</W></SENTENCE><SENTENCE><W>But</W><W>I</W><W>ca</W><W>n&apos;t</W><W>see</W><W>how</W><W>anything</W><C><cue ID="2" type="speculation"><W>could</W></cue></C><xcope ID="26"><ref ID="44" SRC="2"/><W>get</W><W>faster</W></xcope><W>.</W></SENTENCE><SENTENCE><C><cue ID="3" type="negation"><W>Not</W></cue></C><xcope ID="25"><ref ID="43" SRC="3"/><W>only</W><C><cue ID="4" type="speculation"><W>can</W></cue></C><xcope ID="24"><ref ID="42" SRC="4"/><W>I</W><W>run</W><W>everything</W></xcope></xcope><C><W>and</W></C><W>anything</W><W>at</W><W>once</W><W>,</W><W>but</W><W>I</W><C><cue ID="5" type="speculation"><W>can</W></cue></C><xcope ID="23"><ref ID="45" SRC="5"/><W>do</W><W>it</W><W>with</W><W>such</W><W>incredible</W><W>stability</W></xcope><W>that</W><W>it</W><C><cue ID="6" type="speculation"><W>would</W></cue></C><xcope ID="22"><ref ID="46" SRC="6"/><W>make</W><W>any</W><W>window</W><W>&apos;s</W><W>user</W><W>cry</W></xcope><W>.</W></SENTENCE><SENTENCE><W>I</W><C><cue ID="8" type="speculation"><W>can</W></cue></C><xcope ID="21"><ref ID="47" SRC="8"/><W>literally</W><W>go</W><W>down</W><W>to</W><W>the</W><W>dock</W></xcope><W>(</W><W>containing</W><W>30+</W><W>items</W><W>)</W><W>,</W><C><W>and</W></C><W>click</W><W>on</W><W>every</W><W>program</W><W>there</W><W>,</W><C><W>and</W></C><W>they</W><W>will</W><W>all</W><W>start</W><W>up</W><W>fine</W><C><cue ID="7" type="negation"><W>without</W></cue></C><xcope ID="20"><ref ID="48" SRC="7"/><W>any</W><W>crashing</W><W>at</W><W>all</W></xcope><W>.</W></SENTENCE><SENTENCE><W>Find</W><W>a</W><W>PC</W><W>that</W><C><cue ID="9" type="speculation"><W>can</W></cue></C><xcope ID="19"><ref ID="49" SRC="9"/><W>do</W><W>that</W></xcope><W>.</W></SENTENCE><SENTENCE><W>It</W><W>is</W><W>truelly</W><W>awesome</W><W>.</W></SENTENCE></P><P/><P><SENTENCE><W>The</W><W>new</W><W>OS</W><W>that</W><W>is</W><W>bundeled</W><W>with</W><W>it</W><W>is</W><W>awesome</W><W>too</W><W>!</W></SENTENCE><SENTENCE><W>Panther</W><W>is</W><W>so</W><W>cool</W><W>!</W></SENTENCE><SENTENCE><W>I</W><W>have</W><W>Exposè</W><W>on</W><C><W>and</W></C><W>its</W><W>is</W><W>sooo</W><W>handy</W><W>!</W></SENTENCE><SENTENCE><W>You</W><C><cue ID="10" type="speculation"><W>can</W></cue></C><xcope ID="30"><ref ID="50" SRC="10"/><W>go</W><W>from</W><W>window</W><W>to</W><W>window</W><W>so</W><W>easily</W></xcope><W>,</W><W>seamlessly</W><W>,</W><W>flawlessly</W><W>,</W><C><W>and</W></C><W>quickly</W><W>,</W><C><cue ID="11" type="negation"><W>without</W></cue></C><xcope ID="33"><ref ID="53" SRC="11"/><W>any</W><xcope ID="32"><ref ID="52" SRC="12"/><W>clutter</W></xcope><C><cue ID="12" type="speculation"><W>or</W></cue></C><xcope ID="31"><ref ID="51" SRC="12"/><W>confusion</W></xcope><W>of</W><W>any</W><W>kind</W></xcope><W>!</W></SENTENCE><SENTENCE><W>Its</W><W>so</W><W>fast</W><W>too</W><W>!</W></SENTENCE><SENTENCE><W>You</W><C><cue ID="13" type="negation"><W>can</W></cue></C><xcope ID="35"><ref ID="55" SRC="13"/><W>have</W><C><cue ID="14" type="negation"><W>no</W></cue></C><xcope ID="34"><ref ID="54" SRC="14"/><W>windows</W></xcope><W>on</W><W>the</W><W>desktop</W><W>viewable</W></xcope><W>,</W><W>but</W><W>hit</W><W>the</W><W>option</W><W>key</W><W>(</W><W>in</W><W>my</W><W>case</W><W>anyway</W><W>)</W><W>,</W><C><W>and</W></C><W>bang</W><W>!</W></SENTENCE><SENTENCE><W>All</W><W>the</W><W>windows</W><W>that</W><W>you</W><C><cue ID="15" type="speculation"><W>might</W></cue></C><xcope ID="36"><ref ID="56" SRC="15"/><W>have</W><W>open</W></xcope><W>,</W><W>are</W><W>right</W><W>there</W><W>at</W><W>your</W><W>finger</W><W>tips</W><W>.</W></SENTENCE><SENTENCE><W>It</W><W>&apos;s</W><W>nothing</W><W>short</W><W>of</W><W>genius</W><W>.</W></SENTENCE></P><P/><P><SENTENCE><W>More</W><W>about</W><W>the</W><W>hardware</W><W>:</W><W>The</W><W>graphics</W><W>on</W><W>this</W><W>computer</W><W>are</W><W>great</W><W>.</W></SENTENCE><SENTENCE><W>Playing</W><W>Quake</W><W>3</W><W>,</W><W>Unreal</W><W>2024</W><W>,</W><W>All</W><W>the</W><W>high</W><W>end</W><W>,</W><W>graphically</W><W>demanding</W><W>games</W><W>glide</W><W>on</W><W>this</W><W>computer</W><W>.</W></SENTENCE><SENTENCE><W>I</W><W>get</W><W>more</W><W>frames</W><W>per</W><W>second</W><W>in</W><W>both</W><W>games</W><W>than</W><W>I</W><C><cue ID="16" type="speculation"><W>would</W></cue></C><xcope ID="37"><ref ID="57" SRC="16"/><W>ever</W><W>need</W></xcope><W>!</W></SENTENCE><SENTENCE><W>In</W><W>Quake</W><W>2</W><W>,</W><W>running</W><W>at</W><W>1600x1200</W><W>,</W><W>with</W><W>32-bit</W><W>color</W><W>,</W><W>maximum</W><W>texturing</W><W>etc</W><W>.</W></SENTENCE><SENTENCE><W>I</W><W>was</W><W>still</W><W>pulling</W><W>off</W><W>320</W><W>frames</W><W>per</W><W>second</W><W>.</W></SENTENCE><SENTENCE><W>Thats</W><W>just</W><W>amazing</W><W>.</W></SENTENCE><SENTENCE><W>I</W><W>do</W><W>n&apos;t</W><W>know</W><W>the</W><W>specific</W><W>number</W><W>of</W><W>frames</W><W>on</W><W>the</W><W>newer</W><W>games</W><W>,</W><W>but</W><W>in</W><W>Q2</W><W>I</W><W>was</W><W>getting</W><W>incredible</W><W>frames</W><W>.</W></SENTENCE><SENTENCE><W>I</W><W>have</W><W>the</W><W>second</W><W>rate</W><W>video</W><W>card</W><W>in</W><W>there</W><W>.</W></SENTENCE><SENTENCE><W>I</W><C><cue ID="17" type="speculation"><W>can</W></cue></C><xcope ID="38"><ref ID="58" SRC="17"/><W>only</W><W>imagine</W><W>what</W><W>the</W><W>faster</W><W>machines</W><W>get</W></xcope><W>.</W></SENTENCE></P><P/><P><SENTENCE><W>There</W><W>is</W><W>tons</W><W>of</W><W>free</W><W>software</W><W>that</W><W>comes</W><W>with</W><W>this</W><W>computer</W><W>!</W></SENTENCE><SENTENCE><W>iTunes4</W><W>,</W><W>iMovie</W><W>,</W><W>iPhoto</W><W>,</W><W>iChat</W><W>etc</W><W>.</W></SENTENCE><SENTENCE><W>They</W><W>are</W><W>all</W><W>so</W><W>useful</W><W>.</W></SENTENCE><SENTENCE><W>iTunes</W><W>let</W><W>you</W><W>LEGALLY</W><W>download</W><W>music</W><W>.</W></SENTENCE><SENTENCE><W>It</W><W>&apos;s</W><C><cue ID="18" type="negation"><W>not</W></cue></C><xcope ID="59"><ref ID="60" SRC="18"/><W>available</W><W>for</W><W>Windows</W></xcope><W>,</W><W>but</W><W>still</W><W>.</W></SENTENCE><SENTENCE><W>The</W><W>iTunes</W><W>music</W><W>store</W><W>is</W><W>a</W><W>way</W><W>for</W><W>both</W><W>the</W><W>record</W><W>companies</W><W>,</W><C><W>and</W></C><W>the</W><W>users</W><W>to</W><C><W>feel</W></C><W>satisfied</W><W>.</W></SENTENCE><SENTENCE><W>They</W><W>are</W><W>great</W><W>deals</W><W>.</W></SENTENCE><SENTENCE><W>$</W><W>10</W><W>for</W><W>most</W><W>CD</W><W>&apos;s</W><W>!</W><W>?</W><W>Thats</W><W>a</W><W>steal</W><W>compared</W><W>to</W><W>most</W><W>.</W></SENTENCE></P><P/><P><SENTENCE><W>The</W><W>Powermac</W><W>G5</W><W>is</W><W>a</W><W>great</W><W>computer</W><W>for</W><W>anyone</W><W>.</W></SENTENCE><SENTENCE><W>It</W><W>is</W><W>more</W><W>than</W><W>capable</W><W>for</W><W>any</W><W>task</W><W>thrown</W><W>at</W><W>it</W><W>,</W><C><W>and</W></C><W>it</W><W>has</W><W>power</W><W>to</W><W>spare</W><W>.</W></SENTENCE><SENTENCE><W>It</W><W>&apos;s</W><W>free</W><W>packaged</W><W>Software</W><W>are</W><W>a</W><W>plus</W><W>,</W><C><W>and</W></C><W>the</W><W>new</W><W>Operating</W><W>Sustem</W><W>is</W><W>brilliant</W><W>!</W></SENTENCE></P></DOCUMENT>