<?xml version="1.0" encoding="UTF-8"?>
<DOCUMENT><P></P><P><SENTENCE><W>I</W><W>have</W><W>had</W><W>my</W><W>G5</W><W>for</W><W>about</W><W>a</W><W>month</W><W>.</W></SENTENCE><SENTENCE><C><W>And</W></C><W>I</W><W>really</W><W>love</W><W>it</W><W>.</W></SENTENCE></P><P></P><P><SENTENCE><W>I</W><W>went</W><W>to</W><W>the</W><W>local</W><W>Apple</W><W>store</W><W>to</W><W>get</W><W>my</W><W>G5</W><W>.</W></SENTENCE></P><P></P><P><SENTENCE><W>I</W><W>got</W><W>the</W><W>Dual</W><W>2gHz</W><W>Model</W><W>with</W><W>512</W><W>Meg</W><W>memory</W><W>,</W><W>160</W><W>G</W><W>hard</W><W>drive</W><W>,</W><W>DVD</W><W>RW/R/CD-R/RW</W><C><W>and</W></C><W>Radeon</W><W>9600</W><W>.</W></SENTENCE></P><P></P><P><SENTENCE><W>OS</W><W>:</W><W>OSX</W><W>10.3</W><W>(</W><W>Panther</W><W>)</W></SENTENCE></P><P></P><P><SENTENCE><W>I</W><W>brought</W><W>it</W><W>home</W><W>,</W><W>made</W><W>my</W><W>connections</W><W>to</W><W>the</W><W>appropriate</W><W>periphials</W><W>,</W><C><W>and</W></C><W>turned</W><W>it</W><W>on</W><W>.</W></SENTENCE></P><P></P><P><SENTENCE><W>The</W><W>welcome</W><W>screen</W><W>came</W><W>up</W><W>within</W><W>a</W><W>matter</W><W>of</W><W>SECONDS.</W></SENTENCE><SENTENCE><W>This</W><W>was</W><W>the</W><W>first</W><W>clue</W><W>that</W><W>this</W><W>really</W><W>IS</W><W>a</W><W>fast</W><W>machine</W><W>.</W></SENTENCE></P><P></P><P><SENTENCE><W>I</W><W>registered</W><C><W>and</W></C><W>then</W><W>logged</W><W>in</W><W>.</W></SENTENCE></P><P></P><P><SENTENCE><W>After</W><W>I</W><W>loaded</W><W>all</W><W>of</W><W>my</W><W>software</W><W>(</W><W>which</W><W>took</W><W>me</W><W>about</W><W>2</W><W>hours</W><W>)</W><W>I</W><W>started</W><W>playing</W><W>around</W><W>with</W><W>it</W><W>.</W></SENTENCE></P><P></P><P><SENTENCE><W>I</W><W>have</W><W>a</W><W>lot</W><W>of</W><W>graphic</W><W>intensive</W><C><W>and</W></C><W>memory</W><W>hogging</W><W>software</W><W>such</W><W>as</W><W>Photoshop</W><W>,</W><W>Dreamweaver</W><W>,</W><W>Final</W><W>Cut</W><W>Pro</W><W>,</W><W>DVD</W><W>Studio</W><W>Pro</W><W>,</W><W>etc</W><W>.</W><W>ALL</W><W>of</W><W>them</W><W>it</W><W>handled</W><W>like</W><W>butta</W><W>!</W></SENTENCE></P><P></P><P><SENTENCE><W>The</W><W>Plusses</W><W>:</W></SENTENCE></P><P></P><P><SENTENCE><W>It</W><W>&#39;s</W><W>FAST.</W></SENTENCE><SENTENCE><W>This</W><W>machine</W><W>handles</W><W>processes</W><W>SO</W><W>efficiently</W><C><W>and</W></C><W>it</W><W>shows</W><W>because</W><W>moving</W><W>from</W><W>one</W><W>command</W><W>to</W><W>the</W><W>next</W><W>it</W><W>really</W><W>does</W><W>zip</W><W>.</W></SENTENCE><SENTENCE><W>Also</W><W>,</W><W>when</W><W>rebooting</W><W>,</W><W>it</W><W>reboots</W><W>within</W><W>15</W><W>seconds</W><W>-</W><C><cue ID="0" type="speculation"><W>if</W></cue></C><xcope ID="26"><ref ID="54" SRC="0"></ref><W>that</W><cue ID="24" type="negation"><W>does</W><W>n&#39;t</W></cue><xcope ID="25"><ref ID="53" SRC="24"></ref><W>tell</W><W>you</W><W>something</W><W>I</W><cue ID="1" type="negation"><W>do</W><W>n&#39;t</W></cue><xcope ID="23"><ref ID="52" SRC="1"></ref><W>know</W><W>will</W></xcope></xcope></xcope><W>!</W><W>!</W></SENTENCE></P><P></P><P><SENTENCE><W>It</W><W>&#39;s</W><W>FAST.</W></SENTENCE><SENTENCE><W>Burining</W><W>DVDs</W><C><W>and</W></C><W>CDs</W><W>are</W><W>LIGHTENING</W><W>fast</W><W>!</W></SENTENCE><SENTENCE><W>Seriously</W><W>,</W><xcope ID="28"><ref ID="56" SRC="2"></ref><W>within</W><W>3</W></xcope><C><cue ID="2" type="speculation"><W>or</W></cue></C><xcope ID="27"><ref ID="55" SRC="2"></ref><W>4</W><W>minutes</W></xcope><W>in</W><W>most</W><W>cases</W><W>.</W></SENTENCE><SENTENCE><W>It</W><W>&#39;s</W><W>incredible</W><W>.</W></SENTENCE></P><P></P><P><SENTENCE><W>It</W><W>&#39;s</W><W>EXPANDABLE.</W></SENTENCE><SENTENCE><W>It</W><W>&#39;s</W><W>true</W><W>that</W><W>the</W><W>G5</W><W>is</W><W>n&#39;t</W><W>as</W><W>expandable</W><W>as</W><W>one</W><C><cue ID="3" type="speculation"><W>would</W></cue></C><xcope ID="30"><ref ID="58" SRC="3"></ref><C><cue ID="4" type="speculation"><W>think</W></cue></C><xcope ID="29"><ref ID="57" SRC="4"></ref><W>for</W><W>a</W><W>machine</W><W>of</W><W>this</W><W>caliber</W><C><W>and</W></C><W>price</W></xcope></xcope><W>.</W></SENTENCE><SENTENCE><W>But</W><W>I</W><W>really</W><W>do</W><W>n&#39;t</W><W>find</W><W>it</W><W>necessary</W><W>.</W></SENTENCE><SENTENCE><W>You</W><C><cue ID="5" type="speculation"><W>can</W></cue></C><xcope ID="32"><ref ID="59" SRC="5"></ref><W>have</W><W>2</W><W>hard</W><W>drives</W></xcope><W>,</W><W>up</W><W>to</W><W>8</W><W>GB</W><W>of</W><W>memory</W><W>,</W><W>it</W><W>has</W><W>4</W><W>additional</W><W>PCI</W><W>slots</W><W>on</W><W>the</W><W>back</W><W>for</W><W>additional</W><W>expansion</W><W>cards</W><W>,</W><W>it</W><C><cue ID="6" type="speculation"><W>can</W></cue></C><xcope ID="31"><ref ID="60" SRC="6"></ref><W>have</W><W>only</W><W>one</W><W>CD</W><W>ROM/DVD</W><W>ROM</W><W>slot</W></xcope><W>but</W><W>why</W><W>do</W><W>you</W><W>need</W><W>more</W><W>than</W><W>one</W><W>anyway</W><W>?</W></SENTENCE><SENTENCE><W>It</W><W>has</W><W>4</W><W>USB</W><W>ports</W><C><W>and</W></C><W>3</W><W>firewire</W><W>ports</W><W>including</W><W>the</W><W>800</W><W>Firewire</W><W>.</W></SENTENCE><SENTENCE><W>Optical</W><W>Digital</W><W>input</W><C><W>and</W></C><W>output</W><W>.</W></SENTENCE><SENTENCE><C><W>And</W></C><W>more</W><W>.</W></SENTENCE><SENTENCE><W>I</W><C><cue ID="7" type="speculation"><W>would</W></cue></C><xcope ID="33"><ref ID="61" SRC="7"></ref><W>say</W><W>it</W><W>has</W><W>everything</W><W>you</W><W>need</W></xcope><W>.</W></SENTENCE><SENTENCE><W>I</W><W>do</W><W>a</W><W>lot</W><W>of</W><W>video</W><W>editing</W><W>as</W><W>well</W><W>as</W><W>design</W><C><W>and</W></C><W>I</W><W>use</W><W>everything</W><W>this</W><W>machine</W><W>has</W><C><W>and</W></C><W>I</W><W>have</W><W>n&#39;t</W><W>done</W><W>anything</W><W>to</W><W>expand</W><W>it</W><W>with</W><W>the</W><W>exception</W><W>of</W><W>additional</W><W>memory</W><C><W>and</W></C><W>a</W><W>pre-existing</W><W>Firewire</W><W>drive</W><W>I</W><W>had</W><W>.</W></SENTENCE></P><P></P><P><SENTENCE><W>It</W><W>&#39;s</W><W>Beautiful</W><W>:</W><W>It</W><W>is</W><W>as</W><W>sexy</W><W>as</W><W>a</W><W>machine</W><C><cue ID="8" type="speculation"><W>can</W></cue></C><xcope ID="34"><ref ID="62" SRC="8"></ref><W>get</W></xcope><W>.</W></SENTENCE></P><P></P><P><SENTENCE><W>Keeps</W><W>its</W><W>word</W><W>:</W><W>It</W><W>does</W><W>everything</W><W>they</W><W>say</W><W>it</W><W>will</W><W>do</W><C><W>and</W></C><W>more</W><C><W>and</W></C><W>does</W><W>it</W><W>fast</W><W>.</W></SENTENCE></P><P></P><P><SENTENCE><W>THE</W><W>CONS</W><W>:</W></SENTENCE></P><P></P><P><SENTENCE><C><cue ID="9" type="negation"><W>No</W></cue></C><xcope ID="36"><ref ID="63" SRC="9"></ref><W>Virtual</W><W>PC</W></xcope><W>:</W><W>I</W><W>only</W><W>ever</W><W>used</W><W>Virtual</W><W>PC</W><W>to</W><W>use</W><W>Microsoft</W><W>Access</W><W>which</W><W>is</W><W>unavailable</W><W>for</W><W>the</W><W>MAC.</W></SENTENCE><SENTENCE><W>You</W><C><cue ID="10" type="negation"><W>cannot</W></cue></C><xcope ID="35"><ref ID="64" SRC="10"></ref><W>use</W><W>Virtual</W><W>PC</W><W>on</W><W>a</W><W>G5</W><W>due</W><W>to</W><W>some</W><W>technical</W><W>stuff</W></xcope><W>-</W><W>the</W><W>G5</W><W>does</W><W>n&#39;t</W><W>posess</W><W>something</W><W>that</W><W>G4</W><W>&#39;s</W><W>had</W><C><W>and</W></C><W>which</W><W>VPC</W><W>ran</W><W>on</W><W>.</W></SENTENCE><SENTENCE><W>So</W><W>sorry</W><C><cue ID="11" type="speculation"><W>if</W></cue></C><xcope ID="37"><ref ID="65" SRC="11"></ref><W>you</W><W>depend</W><W>on</W><W>Virtual</W><W>PC</W></xcope><W>I</W><W>&#39;d</W><W>wait</W><W>until</W><W>Microsoft</W><W>comes</W><W>out</W><W>with</W><W>the</W><W>new</W><W>version</W><W>(</W><C><cue ID="12" type="speculation"><W>probably</W></cue></C><xcope ID="41"><ref ID="68" SRC="12"></ref><W>in</W><xcope ID="40"><ref ID="67" SRC="13"></ref><W>another</W><W>year</W></xcope><C><cue ID="13" type="speculation"><W>or</W></cue></C><xcope ID="39"><ref ID="66" SRC="13"></ref><W>so</W></xcope></xcope><W>)</W><W>as</W><W>they</W><W>are</W><C><cue ID="14" type="negation"><W>not</W></cue></C><xcope ID="38"><ref ID="69" SRC="14"></ref><W>releasing</W><W>a</W><W>patch</W></xcope></SENTENCE></P><P></P><P><SENTENCE><W>CRASHING</W><W>:</W><W>The</W><W>first</W><W>3</W><W>days</W><W>I</W><W>had</W><W>my</W><W>G5</W><W>it</W><W>crashed</W><W>A</W><W>LOT.</W></SENTENCE><SENTENCE><xcope ID="43"><ref ID="71" SRC="15"></ref><W>At</W><W>least</W><W>5</W></xcope><C><cue ID="15" type="negation"><W>or</W></cue></C><xcope ID="42"><ref ID="70" SRC="15"></ref><W>6</W><W>times</W><W>a</W><W>day</W></xcope><W>.</W></SENTENCE><SENTENCE><W>I</W><C><cue ID="16" type="speculation"><W>suspect</W></cue></C><xcope ID="44"><ref ID="72" SRC="16"></ref><W>that</W><W>it</W><W>was</W><W>because</W><W>of</W><W>software</W><W>compatability</W><W>issues</W></xcope><W>but</W><W>still</W><W>it</W><W>was</W><W>annoying</W><C><W>and</W></C><W>disconcerting</W><W>after</W><W>spending</W><W>$</W><W>3000</W><W>on</W><W>it</W><C><W>and</W></C><W>I</W><C><cue ID="17" type="negation"><W>never</W></cue></C><xcope ID="45"><ref ID="73" SRC="17"></ref><W>had</W><W>this</W><W>problem</W><W>on</W><W>my</W><W>Powerbook</W><W>G4</W></xcope><W>.</W></SENTENCE><SENTENCE><W>However</W><W>,</W><xcope COMMENTS="" ID="50"><ref COMMENTS="" ID="51" SRC="18"></ref><W>that</W><W>issue</W></xcope><C><cue ID="18" type="speculation"><W>seems</W></cue></C><xcope ID="47"><ref ID="75" SRC="18"></ref><W>to</W><W>have</W><W>subsided</W><W>as</W><W>it</W><C><cue ID="19" type="negation"><W>no</W></cue></C><xcope ID="46"><ref ID="74" SRC="19"></ref><W>longer</W><W>happens</W></xcope></xcope><W>.</W></SENTENCE><SENTENCE><W>Only</W><W>certain</W><W>programs</W><C><cue ID="20" type="speculation"><W>would</W></cue></C><xcope ID="49"><ref ID="77" SRC="20"></ref><W>crash</W><C><W>and</W></C><W>that</W><C><cue ID="21" type="speculation"><W>seems</W></cue></C><xcope ID="48"><ref ID="76" SRC="21"></ref><W>to</W><W>have</W><W>been</W><W>rectified</W><W>by</W><W>adding</W><W>more</W><W>memory</W></xcope></xcope><W>.</W></SENTENCE><SENTENCE><W>So</W><W>now</W><W>,</W><W>it</W><W>works</W><W>great</W><W>!</W></SENTENCE></P><P></P><P><SENTENCE><W>It</W><W>&#39;s</W><W>BIG</W><W>:</W><W>I</W><W>do</W><W>n&#39;t</W><W>really</W><W>consider</W><W>this</W><W>a</W><xcope ID="51"><ref ID="79" SRC="22"></ref><W>plus</W></xcope><C><cue ID="22" type="speculation"><W>or</W></cue></C><xcope ID="50"><ref ID="78" SRC="22"></ref><W>minus</W></xcope><W>but</W><W>I</W><W>&#39;m</W><W>putting</W><W>it</W><W>here</W><W>for</W><W>those</W><W>with</W><W>a</W><W>premium</W><W>on</W><W>space</W><W>.</W></SENTENCE></P><P></P><P><SENTENCE><W>It</W><W>&#39;s</W><W>EXPENSIVE</W><W>:</W><W>I</W><W>do</W><W>n&#39;t</W><W>mind</W><W>paying</W><W>a</W><W>lot</W><W>for</W><W>something</W><W>that</W><W>is</W><W>worth</W><W>it</W><C><W>and</W></C><W>this</W><W>machine</W><W>is</W><W>worth</W><W>it</W><W>but</W><W>it</W><W>was</W><W>still</W><W>A</W><W>LOT</W><W>even</W><W>with</W><W>my</W><W>student</W><W>discount</W><W>.</W></SENTENCE></P><P></P><P><SENTENCE><W>Guess</W><W>that</W><W>&#39;s</W><W>all</W><W>I</W><W>have</W><W>to</W><W>say</W><W>.</W></SENTENCE><SENTENCE><W>It</W><W>&#39;s</W><W>a</W><W>great</W><W>machine</W></SENTENCE></P></DOCUMENT>
