<?xml version="1.0" encoding="UTF-8"?>
<DOCUMENT><P></P><P><SENTENCE><W>At</W><W>the</W><W>end</W><W>of</W><W>July</W><W>,</W><W>I</W><W>found</W><W>it</W><W>necessary</W><W>to</W><W>replace</W><W>my</W><W>trusty</W><W>Dual</W><W>1GHz</W><W>G4</W><W>(</W><W>QuickSilver</W><W>2002</W><W>)</W><W>.</W></SENTENCE><SENTENCE><W>Since</W><W>I</W><W>&#39;ve</W><C><cue ID="0" type="negation"><W>never</W></cue></C><xcope ID="33"><ref ID="83" SRC="0"></ref><W>before</W><W>owned</W><W>a</W><W>&#34;</W><W>cutting</W><W>edge</W><W>&#34;</W><W>computer</W></xcope><W>,</W><W>always</W><W>choosing</W><W>to</W><W>buy</W><W>machines</W><W>that</W><W>were</W><W>near</W><W>their</W><W>&#34;end-of-life</W><W>,</W><W>&#34;</W><W>I</W><W>decided</W><W>to</W><W>take</W><W>a</W><W>chance</W><W>on</W><W>the</W><W>hottest</W><W>of</W><W>the</W><W>hot</W><W>,</W><W>the</W><W>Dual</W><W>2GHz</W><W>G5</W><W>.</W></SENTENCE></P><P></P><P><SENTENCE><W>So</W><W>,</W><W>I</W><W>ordered</W><W>one</W><W>.</W></SENTENCE><SENTENCE><C><W>And</W></C><W>waited</W><W>.</W></SENTENCE><SENTENCE><C><W>And</W></C><W>waited</W><W>.</W></SENTENCE><SENTENCE><C><W>And</W></C><W>waited</W><W>some</W><W>more</W><W>.</W></SENTENCE><SENTENCE><W>Apple</W><W>had</W><W>to</W><W>re-authorize</W><W>the</W><W>charge</W><W>on</W><W>my</W><W>card</W><W>twice</W><W>before</W><W>I</W><W>received</W><W>a</W><W>nice</W><W>e-mail</W><W>that</W><W>included</W><W>the</W><W>FedEx</W><W>tracking</W><W>number</W><W>.</W></SENTENCE></P><P></P><P><SENTENCE><W>Then</W><W>I</W><W>spent</W><W>another</W><W>week</W><W>waiting</W><W>,</W><W>checking</W><W>the</W><W>FedEx</W><W>tracking</W><W>website</W><W>for</W><W>progress</W><W>,</W><C><W>and</W></C><W>making</W><W>sure</W><W>someone</W><W>was</W><W>here</W><W>to</W><W>receive</W><W>the</W><W>package</W><W>when</W><W>it</W><W>arrived</W><W>.</W></SENTENCE></P><P></P><P><SENTENCE><W>Even</W><W>the</W><W>box</W><W>it</W><W>arrived</W><W>in</W><W>screams</W><W>,</W><W>&#34;</W><W>I</W><W>&#39;m</W><W>stylish</W><W>,</W><W>I</W><W>&#39;m</W><W>beautiful</W><W>,</W><C><W>and</W></C><W>GOOD</W><W>GRIEF</W><W>I&#39;M</W><W>FAST.</W><W>&#34;</W></SENTENCE></P><P></P><P><SENTENCE><W>Opening</W><W>the</W><W>black</W><W>cardboard</W><W>box</W><W>reveals</W><W>a</W><W>sheet</W><W>of</W><W>cardboard</W><W>over</W><W>the</W><W>accessories</W><W>,</W><W>including</W><W>the</W><W>keyboard</W><C><W>and</W></C><W>mouse</W><W>,</W><W>a</W><W>phone</W><W>cord</W><W>,</W><W>a</W><W>USB</W><W>extension</W><W>cable</W><W>(</W><W>nice</W><W>touch</W><W>,</W><W>Apple</W><W>!</W><W>)</W><W>for</W><W>those</W><W>who</W><W>&#39;d</W><W>like</W><W>their</W><W>keyboard</W><W>to</W><W>be</W><W>a</W><W>bit</W><W>farther</W><W>from</W><W>the</W><W>machine</W><W>,</W><C><W>and</W></C><W>the</W><W>power</W><W>cable</W><W>.</W></SENTENCE></P><P></P><P><SENTENCE><W>Removing</W><W>the</W><W>G5</W><W>from</W><W>its</W><W>cradle</W><W>of</W><W>styrofoam</W><W>,</W><W>I</W><W>just</W><W>had</W><W>to</W><W>stop</W><W>to</W><W>admire</W><W>the</W><W>work</W><W>.</W></SENTENCE><SENTENCE><W>The</W><W>case</W><W>is</W><W>made</W><W>of</W><W>plain</W><W>matte-finished</W><W>aluminum</W><W>with</W><W>an</W><W>Apple</W><W>logo</W><W>embossed</W><W>very</W><W>lightly</W><W>in</W><W>a</W><W>different</W><W>texture</W><W>.</W></SENTENCE><SENTENCE><W>Unless</W><W>you</W><W>have</W><W>the</W><W>light</W><W>just</W><W>right</W><W>,</W><W>you</W><W>wo</W><W>n&#39;t</W><W>even</W><W>see</W><W>it</W><W>.</W></SENTENCE><SENTENCE><W>All</W><W>of</W><W>the</W><W>seams</W><W>meet</W><W>perfectly</W><W>,</W><C><W>and</W></C><W>I</W><W>found</W><C><cue ID="1" type="negation"><W>no</W></cue></C><xcope ID="34"><ref ID="84" SRC="1"></ref><W>irregularities</W><W>at</W><W>all</W></xcope><W>.</W></SENTENCE></P><P></P><P><SENTENCE><W>Setting</W><W>the</W><W>computer</W><W>up</W><W>was</W><W>a</W><W>snap</W><W>.</W></SENTENCE><SENTENCE><W>I</W><W>set</W><W>it</W><W>on</W><W>my</W><W>desktop</W><W>(</W><W>fortunately</W><W>for</W><W>me</W><W>,</W><W>I</W><W>do</W><W>n&#39;t</W><W>use</W><W>one</W><W>of</W><W>the</W><W>&#34;</W><W>computer</W><W>cubbies</W><W>&#34;</W><W>so</W><W>popular</W><W>with</W><W>home-office</W><W>furniture</W><W>-</W><W>the</W><W>G5</W><W>very</W><C><cue ID="3" type="speculation"><W>likely</W></cue></C><xcope ID="36"><ref ID="86" SRC="3"></ref><cue ID="2" type="speculation"><C><W>would</W></C><W>n&#39;t</W></cue><xcope ID="35"><ref ID="85" SRC="2"></ref><W>fit</W></xcope></xcope><W>,</W><W>being</W><W>about</W><W>10</W><W>%</W><W>larger</W><W>than</W><W>my</W><W>old</W><W>Dual</W><W>G4</W><W>)</W><W>,</W><W>plugged</W><W>in</W><W>the</W><W>power</W><W>cable</W><W>,</W><W>the</W><W>USB</W><W>cable</W><W>for</W><W>the</W><W>keyboard</W><C><W>and</W></C><W>mouse</W><W>,</W><W>the</W><W>video</W><W>cable</W><W>to</W><W>the</W><W>monitor</W><W>,</W><C><W>and</W></C><W>the</W><W>network</W><W>cable</W><W>to</W><W>the</W><W>hub</W><W>.</W></SENTENCE><SENTENCE><W>As</W><W>a</W><W>show</W><W>of</W><W>workmanship</W><W>,</W><W>Apple</W><W>even</W><W>had</W><W>the</W><W>end</W><W>of</W><W>the</W><W>power</W><W>cable</W><W>molded</W><W>to</W><W>fit</W><W>perfectly</W><W>into</W><W>the</W><W>back</W><W>of</W><W>the</W><W>computer</W><W>to</W><W>leave</W><W>a</W><W>flat</W><W>surface</W><C><W>instead</W></C><W>of</W><W>the</W><W>normal</W><W>&#34;knobby</W><W>&#34;</W><W>look</W><W>that</W><W>computers</W><W>get</W><W>around</W><W>their</W><W>power</W><W>cords</W><W>...</W></SENTENCE></P><P></P><P><SENTENCE><W>Turning</W><W>the</W><W>machine</W><W>on</W><W>,</W><W>I</W><W>heard</W><W>the</W><W>familiar</W><W>Apple</W><W>chord</W><W>,</W><C><W>and</W></C><W>it</W><W>started</W><W>right</W><W>up</W><W>.</W></SENTENCE><SENTENCE><W>Seeing</W><W>a</W><W>welcome</W><W>screen</W><W>in</W><W>several</W><W>languages</W><W>,</W><W>I</W><W>proceeded</W><W>to</W><W>fill</W><W>in</W><W>the</W><W>little</W><W>forms</W><W>to</W><W>register</W><W>the</W><W>machine</W><W>...</W></SENTENCE></P><P></P><P><SENTENCE><W>The</W><W>last</W><W>week</W><W>has</W><W>been</W><W>a</W><W>blur</W><W>.</W></SENTENCE><SENTENCE><W>The</W><W>Dual</W><W>G5</W><W>is</W><W>n&#39;t</W><W>just</W><W>fast</W><W>.</W></SENTENCE><SENTENCE><W>It</W><W>&#39;s</W><W>*fast*</W><W>.</W></SENTENCE><SENTENCE><W>I</W><C><cue ID="4" type="speculation"><W>can</W></cue></C><xcope ID="37"><ref ID="87" SRC="4"></ref><W>rip</W><W>entire</W><W>CDs</W><W>to</W><W>MP3</W><W>in</W><W>approximately</W><W>four</W><W>minutes</W></xcope><W>,</W><C><W>and</W></C><W>according</W><W>to</W><W>the</W><W>CPU</W><W>Monitor</W><W>I</W><W>&#39;m</W><C><cue ID="5" type="negation"><W>not</W></cue></C><xcope ID="38"><ref ID="88" SRC="5"></ref><W>even</W><W>maxing</W><W>out</W><W>the</W><W>processors</W></xcope><W>.</W></SENTENCE></P><P></P><P><SENTENCE><xcope ID="39"><ref ID="90" SRC="6"></ref><W>The</W><W>Box</W></xcope><W>,</W><C><cue ID="6" type="speculation"><W>or</W></cue></C><W>&#34;</W><xcope ID="40"><ref ID="89" SRC="6"></ref><W>What</W><W>&#39;s</W><W>With</W><W>the</W><W>Giant</W><W>Cheese</W><W>Grater</W><W>On</W><W>Your</W><W>Desk</W></xcope><W>?</W><W>&#34;</W></SENTENCE></P><P></P><P><SENTENCE><W>More</W><W>than</W><W>one</W><W>reviewer</W><W>has</W><C><cue ID="7" type="speculation"><W>suggested</W></cue></C><xcope ID="41"><ref ID="91" SRC="7"></ref><W>that</W><W>the</W><W>G5</W><W>with</W><W>its</W><W>front</W><C><W>and</W></C><W>back</W><W>surfaces</W><W>covered</W><W>in</W><W>holes</W><W>looks</W><W>like</W><W>a</W><W>giant</W><W>cheese</W><W>grater</W></xcope><W>.</W></SENTENCE><SENTENCE><W>I</W><W>do</W><W>n&#39;t</W><W>see</W><W>that</W><W>close</W><W>a</W><W>resemblance</W><W>,</W><W>myself</W><W>-</W><W>it</W><W>looks</W><W>more</W><W>like</W><W>a</W><W>speaker</W><W>grille</W><W>to</W><W>me</W><W>.</W></SENTENCE><SENTENCE><W>There</W><W>are</W><W>so</W><W>many</W><W>holes</W><W>in</W><W>the</W><W>case</W><W>that</W><W>I</W><W>understand</W><W>the</W><W>actual</W><W>surface</W><W>area</W><W>to</W><W>be</W><W>reduced</W><W>by</W><W>about</W><W>35</W><W>%</W><W>-</W><W>65</W><W>%</W><W>of</W><W>it</W><W>is</W><W>aluminum</W><W>,</W><C><W>and</W></C><W>the</W><W>front</W><C><W>and</W></C><W>back</W><W>are</W><W>35</W><W>%</W><W>holes</W><W>.</W></SENTENCE></P><P></P><P><SENTENCE><W>The</W><W>gorgeous</W><W>aluminum</W><W>case</W><W>for</W><W>the</W><W>G5</W><W>houses</W><W>three</W><W>available</W><W>PCI-X</W><W>slots</W><W>,</W><W>the</W><W>AGP</W><W>slot</W><W>,</W><W>dual</W><W>processors</W><W>,</W><W>a</W><W>SuperDrive</W><W>(</W><W>DVD-R</W><W>,</W><W>CD-R</W><W>,</W><W>etc.</W><W>,</W><W>all</W><W>in</W><W>one</W><W>unit</W><W>)</W><C><W>and</W></C><W>a</W><W>160GB</W><W>hard</W><W>drive</W><W>.</W></SENTENCE></P><P></P><P><SENTENCE><W>The</W><W>back</W><W>panel</W><W>includes</W><W>ports</W><W>for</W><W>USB</W><W>2.0,</W><W>FireWire</W><W>400</W><W>,</W><W>FireWire</W><W>800</W><W>,</W><W>optical</W><W>digital</W><W>audio</W><W>in</W><C><W>and</W></C><W>out</W><W>,</W><W>analog</W><W>audio</W><W>in</W><C><W>and</W></C><W>out</W><W>,</W><W>Gigabit</W><W>Ethernet</W><W>,</W><W>a</W><W>phone</W><W>port</W><W>for</W><W>the</W><W>modem</W><W>,</W><C><W>and</W></C><W>two</W><W>little</W><W>connectors</W><W>for</W><W>internal</W><W>Bluetooth</W><C><W>and</W></C><W>Airport</W><W>Extreme</W><W>.</W></SENTENCE><SENTENCE><W>(</W><W>Bluetooth</W><W>is</W><W>only</W><W>available</W><W>as</W><W>a</W><W>build-to-order</W><W>option</W><W>,</W><C><W>and</W></C><C><cue ID="8" type="negation"><W>cannot</W></cue></C><xcope ID="42"><ref ID="92" SRC="8"></ref><W>be</W><W>added</W><W>internally</W><W>post-purchase</W></xcope><W>.</W><W>)</W></SENTENCE><SENTENCE><W>Also</W><W>on</W><W>the</W><W>back</W><W>panel</W><W>is</W><W>the</W><W>latch</W><W>to</W><W>open</W><W>the</W><W>case</W><W>-</W><W>which</W><W>is</W><W>padlockable</W><W>.</W></SENTENCE><SENTENCE><W>A</W><W>little</W><W>metal</W><W>tab</W><W>folds</W><W>out</W><W>through</W><W>the</W><W>latch</W><W>to</W><W>provide</W><W>a</W><W>padlock</W><W>hasp.</W></SENTENCE><SENTENCE><W>Much</W><W>more</W><W>effective</W><W>than</W><W>the</W><W>Kensington</W><W>&#34;</W><W>security</W><W>slot</W><W>,</W><W>&#34;</W><W>I</W><W>&#39;m</W><W>sure</W><W>.</W></SENTENCE></P><P></P><P><SENTENCE><W>The</W><W>front</W><W>panel</W><W>has</W><W>the</W><W>power</W><W>switch</W><W>,</W><W>a</W><W>headphone</W><W>jack</W><W>,</W><W>USB</W><W>2.0</W><C><W>and</W></C><W>FireWire</W><W>400</W><W>ports</W><W>.</W></SENTENCE><SENTENCE><C><cue ID="9" type="negation"><W>No</W></cue></C><xcope ID="45"><ref ID="95" SRC="9"></ref><W>longer</W><W>do</W><W>I</W><W>have</W><W>to</W><W>reach</W><W>around</W><W>the</W><W>back</W><W>of</W><W>a</W><xcope ID="44"><ref ID="94" SRC="10"></ref><W>machine</W></xcope><C><cue ID="10" type="speculation"><W>or</W></cue></C><xcope ID="43"><ref ID="93" SRC="10"></ref><W>USB</W></xcope><W>hub</W></xcope><W>to</W><W>plug</W><W>in</W><W>my</W><W>CompactFlash</W><W>card</W><W>reader</W><W>to</W><W>download</W><W>pictures</W><W>from</W><W>the</W><W>digital</W><W>camera</W><W>.</W></SENTENCE><SENTENCE><C><cue ID="11" type="negation"><W>Nor</W></cue></C><xcope ID="46"><ref ID="96" SRC="11"></ref><W>do</W><W>I</W><W>have</W><W>to</W><W>fumble</W><W>around</W><W>trying</W><W>to</W><W>connect</W><W>a</W><W>FireWire</W><W>cable</W><W>behind</W><W>the</W><W>machine</W><W>to</W><W>capture</W><W>video</W><W>.</W></xcope></SENTENCE></P><P></P><P><SENTENCE><xcope ID="47"><ref ID="98" SRC="12"></ref><W>The</W><W>Fans</W></xcope><W>,</W><C><cue ID="12" type="negation"><W>or</W></cue></C><W>&#34;</W><xcope ID="48"><ref ID="97" SRC="12"></ref><W>The</W><W>Sounds</W><W>of</W><W>Near-Silence</W></xcope><W>&#34;</W></SENTENCE></P><P></P><P><SENTENCE><W>The</W><W>Power</W><W>Macintosh</W><W>G5</W><W>has</W><W>multiple</W><W>&#34;</W><W>cooling</W><W>zones</W><W>&#34;</W><W>inside</W><W>the</W><W>machine</W><W>.</W></SENTENCE><SENTENCE><W>Remember</W><W>all</W><W>of</W><W>those</W><W>holes</W><W>in</W><W>the</W><W>front</W><C><W>and</W></C><W>back</W><W>?</W></SENTENCE><SENTENCE><W>They</W><W>&#39;re</W><W>designed</W><W>so</W><W>that</W><W>air</W><C><cue ID="50" type="speculation"><W>can</W></cue></C><xcope ID="49"><ref ID="99" SRC="50"></ref><W>move</W><W>from</W><W>the</W><W>front</W><W>of</W><W>the</W><W>machine</W><W>to</W><W>the</W><W>back</W><C><W>and</W></C><W>out</W><W>in</W><W>a</W><W>&#34;laminar</W><W>&#34;</W><W>flow</W></xcope><W>.</W></SENTENCE><SENTENCE><W>This</W><W>means</W><W>reduced</W><W>turbulence</W><W>inside</W><W>the</W><W>machine</W><W>,</W><W>resulting</W><W>in</W><W>better</W><W>airflow</W><W>-</W><C><W>and</W></C><W>quiet</W><W>.</W></SENTENCE><SENTENCE><W>Turbulence</W><W>means</W><W>noise</W><W>,</W><W>too</W><W>.</W></SENTENCE></P><P></P><P><SENTENCE><W>You</W><C><cue ID="15" type="speculation"><W>can</W></cue></C><xcope ID="52"><ref ID="101" SRC="15"></ref><W>remove</W><W>the</W><W>aluminum</W><W>side</W><W>panel</W><W>to</W><W>look</W><W>inside</W><W>the</W><W>box</W><W>while</W><W>it</W><W>&#39;s</W><W>still</W><W>running</W></xcope><W>,</W><W>but</W><C><cue ID="13" type="speculation"><W>if</W></cue></C><xcope ID="51"><ref ID="100" SRC="13"></ref><W>you</W><W>remove</W><W>the</W><W>clear</W><W>plastic</W><W>air</W><W>deflector</W></xcope><W>,</W><W>the</W><W>machine</W><W>will</W><W>automatically</W><W>go</W><W>to</W><W>sleep</W><W>so</W><W>that</W><W>it</W><W>does</W><W>n&#39;t</W><W>overheat</W><W>.</W></SENTENCE><SENTENCE><W>I</W><W>&#39;ve</W><W>heard</W><W>stories</W><W>from</W><W>other</W><W>people</W><W>who</W><W>say</W><W>that</W><W>the</W><W>fans</W><W>will</W><W>cycle</W><W>up</W><C><W>and</W></C><W>down</W><W>,</W><C><W>and</W></C><W>get</W><W>very</W><W>loud</W><W>-</W><W>I</W><W>set</W><W>the</W><W>machine</W><W>to</W><W>&#34;fastest</W><W>,</W><W>&#34;</W><C><W>and</W></C><W>the</W><W>fans</W><W>stay</W><W>on</W><W>all</W><W>the</W><W>time</W><W>,</W><C><W>and</W></C><W>the</W><W>box</W><W>is</W><W>still</W><W>quieter</W><W>than</W><W>my</W><W>old</W><W>Dual</W><W>G4</W><W>was</W><W>(</W><C><W>and</W></C><W>it</W><cue ID="14" type="negation"><W>was</W><W>n&#39;t</W></cue><xcope ID="53"><ref COMMENTS="" ID="102" SRC="14"></ref><W>a</W><W>WindTunnel/Mirrored</W><W>Door</W><W>Mac</W><W>,</W><C><cue ID="17" type="speculation"><W>either</W></cue></C></xcope><W>!</W><W>)</W></SENTENCE><SENTENCE><W>Even</W><W>the</W><W>SuperDrive</W><W>spinning</W><W>up</W><W>to</W><W>rip</W><W>a</W><W>CD</W><W>to</W><W>MP3</W><W>is</W><W>louder</W><W>than</W><W>the</W><W>fans</W><W>are</W><W>.</W></SENTENCE></P><P></P><P><SENTENCE><W>Music</W><W>,</W><C><W>or</W></C><W>&#34;</W><W>I</W><W>Paid</W><W>$</W><W>3000</W><W>For</W><W>A</W><W>3&#34;</W><W>Radio</W><W>Shack</W><W>Speaker</W><W>?</W><W>!</W><W>?</W><W>&#34;</W></SENTENCE></P><P></P><P><SENTENCE><W>The</W><W>G5</W><W>&#39;s</W><W>internal</W><W>speaker</W><W>is</W><W>,</W><W>well</W><W>,</W><W>wimpy</W><W>.</W></SENTENCE><SENTENCE><W>That</W><W>&#39;s</W><W>the</W><W>best</W><W>I</W><C><cue ID="18" type="speculation"><W>can</W></cue></C><xcope ID="54"><ref ID="103" SRC="18"></ref><W>say</W><W>about</W><W>it</W></xcope><W>.</W></SENTENCE><SENTENCE><W>Additionally</W><W>,</W><W>the</W><W>G5</W><C><cue ID="19" type="negation"><W>no</W></cue></C><xcope ID="55"><ref ID="104" SRC="19"></ref><W>longer</W><W>supports</W><W>the</W><W>Apple</W><W>Pro</W><W>Speaker</W><W>connector</W></xcope><W>,</W><W>so</W><W>I</W><cue ID="56" type="negation"><W>ca</W><W>n&#39;t</W></cue><xcope ID="57"><ref COMMENTS="" ID="105" SRC="56"></ref><W>use</W><W>the</W><W>Griffin</W><W>ProSpeaker</W><W>Cable</W><W>to</W><W>connect</W><W>speakers</W><W>to</W><W>the</W><W>machine</W></xcope><W>.</W></SENTENCE></P><P></P><P><SENTENCE><W>On</W><W>the</W><W>other</W><W>hand</W><W>,</W><W>the</W><W>optical</W><W>digital</W><W>audio</W><W>out</W><W>port</W><W>means</W><W>I</W><C><cue ID="20" type="speculation"><W>can</W></cue></C><xcope ID="60"><ref ID="108" SRC="20"></ref><W>plug</W><W>the</W><W>G5</W><W>directly</W><W>into</W><W>a</W><W>Dolby</W><W>5.1</W><W>Surround</W><W>Sound</W><xcope ID="59"><ref ID="107" SRC="21"></ref><W>amplifier</W></xcope><C><cue ID="21" type="speculation"><W>or</W></cue></C><xcope ID="58"><ref ID="106" SRC="21"></ref><W>receiver</W></xcope></xcope><W>,</W><C><W>and</W></C><W>have</W><W>more</W><W>audio</W><W>wattage</W><W>than</W><W>I</W><W>know</W><W>what</W><W>to</W><W>do</W><W>with</W><W>.</W></SENTENCE><SENTENCE><W>The</W><W>analog</W><W>audio-out</W><W>port</W><W>is</W><W>also</W><W>available</W><W>to</W><W>plug</W><W>in</W><W>a</W><W>regular</W><W>set</W><W>of</W><W>powered</W><W>speakers</W><W>.</W></SENTENCE></P><P></P><P><SENTENCE><xcope ID="62"><ref ID="110" SRC="22"></ref><W>Video</W></xcope><W>,</W><C><cue ID="22" type="speculation"><W>or</W></cue></C><W>&#34;</W><xcope ID="61"><ref ID="109" SRC="22"></ref><W>Prepare</W><W>For</W><W>Warp</W><W>Nine</W></xcope><W>&#34;</W></SENTENCE></P><P></P><P><SENTENCE><W>The</W><W>Dual</W><W>G5</W><W>comes</W><W>standard</W><W>with</W><W>an</W><W>ATI</W><W>Radeon</W><W>9600</W><W>,</W><W>64MB</W><W>of</W><W>VRAM</W><W>,</W><W>dual</W><W>output</W><W>connectors</W><W>...</W><W>yes</W><W>,</W><W>you</W><C><cue ID="23" type="speculation"><W>can</W></cue></C><xcope ID="63"><ref ID="111" SRC="23"></ref><W>connect</W><W>two</W><W>monitors</W><W>to</W><W>the</W><W>same</W><W>video</W><W>card</W></xcope><W>.</W></SENTENCE><SENTENCE><W>The</W><W>two</W><W>connectors</W><W>are</W><W>the</W><xcope ID="65"><ref ID="113" SRC="24"></ref><W>ADC</W></xcope><W>,</W><C><cue ID="24" type="negation"><W>or</W></cue></C><xcope ID="64"><ref ID="112" SRC="24"></ref><W>Apple</W><W>Desktop</W><W>Connector</W></xcope><W>,</W><W>which</W><W>supports</W><W>Apple</W><W>monitors</W><W>with</W><W>built-in</W><W>USB</W><W>hubs</W><W>,</W><C><W>and</W></C><W>a</W><W>DVI</W><W>connector</W><W>for</W><W>other</W><W>industry-standard</W><W>LCD</W><W>flat</W><W>panel</W><W>screens</W><W>.</W></SENTENCE><SENTENCE><W>The</W><W>ADC</W><W>connector</W><W>itself</W><W>supports</W><W>the</W><W>power</W><C><W>and</W></C><W>USB</W><W>signal</W><W>to</W><W>the</W><W>monitor</W><W>,</W><W>while</W><W>the</W><W>DVI</W><W>connector</W><W>provides</W><W>nothing</W><W>but</W><W>video</W><W>signal</W><W>.</W></SENTENCE></P><P></P><P><SENTENCE><W>Apple</W><W>thoughtfully</W><W>includes</W><W>a</W><W>DVI-to-VGA</W><W>adapter</W><W>in</W><W>the</W><W>box</W><W>so</W><W>one</W><C><cue ID="25" type="speculation"><W>can</W></cue></C><xcope ID="66"><ref ID="114" SRC="25"></ref><W>connect</W><W>a</W><W>non-DVI</W><W>flat</W><W>panel</W><W>screen</W></xcope><W>(</W><W>like</W><W>the</W><W>Samsung</W><W>171S)</W><W>,</W><W>as</W><W>well</W><W>as</W><W>regular</W><W>HD-15</W><W>VGA</W><W>monitors</W><W>.</W></SENTENCE></P><P></P><P><SENTENCE><xcope ID="68"><ref ID="116" SRC="26"></ref><W>Expansion</W><W>Slots</W></xcope><W>,</W><C><cue ID="26" type="speculation"><W>or</W></cue></C><W>&#34;</W><xcope ID="67"><ref ID="115" SRC="26"></ref><W>What</W><W>Do</W><W>I</W><W>Do</W><W>With</W><W>My</W><W>Old</W><W>Keyspan</W><W>SX</W><W>Pro</W><W>Serial</W><W>Card</W></xcope><W>?</W><W>&#34;</W></SENTENCE></P><P></P><P><SENTENCE><W>The</W><W>PCI-X</W><W>slots</W><W>in</W><W>the</W><W>G5</W><W>only</W><C><W>support</W></C><W>3.3v</W><W>signaling</W><W>.</W></SENTENCE><SENTENCE><W>This</W><W>means</W><W>that</W><W>a</W><W>rather</W><W>significant</W><W>number</W><W>of</W><W>PCI</W><W>cards</W><W>will</W><C><cue ID="27" type="negation"><W>not</W></cue></C><xcope ID="69"><ref ID="117" SRC="27"></ref><W>even</W><W>fit</W><W>into</W><W>the</W><W>slot</W></xcope><W>,</W><W>let</W><W>alone</W><W>function</W><W>.</W></SENTENCE><SENTENCE><W>So</W><W>,</W><W>I</W><W>need</W><W>to</W><W>upgrade</W><W>from</W><W>the</W><W>old</W><W>Keyspan</W><W>SX</W><W>Pro</W><W>to</W><W>a</W><W>four-port</W><W>USB-to-Serial</W><W>adapter</W><W>in</W><W>order</W><W>to</W><W>connect</W><W>my</W><W>other</W><W>machines</W><W>&#39;</W><W>console</W><W>cables</W><W>.</W></SENTENCE></P><P></P><P><SENTENCE><W>There</W><W>are</W><W>eight</W><W>memory</W><W>slots</W><W>in</W><W>the</W><W>G5</W><W>,</W><W>two</W><W>of</W><W>which</W><W>are</W><W>occupied</W><W>when</W><W>you</W><W>buy</W><W>it</W><W>.</W></SENTENCE><SENTENCE><W>This</W><W>makes</W><W>for</W><W>a</W><W>current</W><W>limit</W><W>of</W><W>8GB</W><W>of</W><W>RAM</W><W>,</W><W>assuming</W><W>you</W><W>remove</W><W>the</W><W>original</W><W>RAM</W><C><W>and</W></C><W>replace</W><W>it</W><W>with</W><W>eight</W><W>1GB</W><W>modules</W><W>(</W><W>2GB</W><W>modules</W><cue ID="28" type="speculation"><W>are</W><C><W>supposed</W></C></cue><xcope ID="70"><ref ID="118" SRC="28"></ref><W>to</W><W>become</W><W>available</W></xcope><W>,</W><W>but</W><W>I</W><cue ID="71" type="negation"><W>have</W><W>n&#39;t</W></cue><xcope ID="72"><ref COMMENTS="" ID="119" SRC="71"></ref><W>seen</W><W>any</W><W>yet</W></xcope><W>)</W><W>.</W></SENTENCE><SENTENCE><W>This</W><W>does</W><W>n&#39;t</W><W>even</W><W>come</W><W>close</W><W>to</W><W>the</W><W>maximum</W><W>RAM</W><W>addressable</W><W>by</W><W>the</W><W>processor</W><W>.</W></SENTENCE><SENTENCE><W>With</W><W>more</W><W>RAM</W><W>,</W><W>the</W><W>machine</W><W>does</W><W>n&#39;t</W><W>have</W><W>to</W><W>swap</W><W>things</W><W>in</W><C><W>and</W></C><W>out</W><W>of</W><W>virtual</W><W>memory</W><W>(</W><W>located</W><W>on</W><W>the</W><W>hard</W><W>disk</W><W>)</W><C><W>and</W></C><W>will</W><W>be</W><W>even</W><W>faster</W><W>than</W><W>it</W><W>was</W><W>in</W><W>the</W><W>first</W><W>place</W><W>.</W></SENTENCE></P><P></P><P><SENTENCE><W>There</W><W>&#39;s</W><W>one</W><W>extra</W><W>slot</W><W>inside</W><W>the</W><W>machine</W><W>for</W><W>an</W><W>additional</W><W>Serial</W><W>ATA</W><W>hard</W><W>drive</W><W>.</W></SENTENCE><SENTENCE><W>That</W><W>&#39;s</W><W>right</W><W>-</W><W>only</W><W>two</W><C><W>possible</W></C><W>slots</W><W>for</W><W>hard</W><W>drives</W><W>.</W></SENTENCE><SENTENCE><W>But</W><W>since</W><W>Serial</W><W>ATA</W><W>drives</W><W>come</W><W>in</W><W>flavors</W><W>up</W><W>to</W><xcope ID="74"><ref ID="121" SRC="29"></ref><W>200GB</W></xcope><C><cue ID="29" type="speculation"><W>or</W></cue></C><xcope ID="73"><ref ID="120" SRC="29"></ref><W>more</W></xcope><W>,</W><W>do</W><W>you</W><W>really</W><W>need</W><W>that</W><W>much</W><W>storage</W><W>space</W><W>?</W></SENTENCE></P><P></P><P><SENTENCE><W>The</W><W>Goodies</W><W>,</W><C><W>or</W></C><W>&#34;</W><C><cue ID="75" type="negation"><W>Not</W></cue></C><xcope ID="76"><ref ID="122" SRC="75"></ref><W>ANOTHER</W><W>One-Button</W><W>Mouse</W></xcope><W>!</W><W>&#34;</W></SENTENCE></P><P></P><P><SENTENCE><W>The</W><W>G5</W><W>comes</W><W>with</W><W>a</W><W>very</W><W>nice</W><W>keyboard</W><C><W>and</W></C><W>mouse</W><W>.</W></SENTENCE><SENTENCE><W>It</W><W>is</W><W>,</W><W>unfortunately</W><W>,</W><W>yet</W><W>another</W><W>clear-bodied</W><W>&#34;one-button</W><W>&#34;</W><W>Apple</W><W>Optical</W><W>Mouse</W><W>.</W></SENTENCE><SENTENCE><W>I</W><C><cue ID="30" type="negation"><W>never</W></cue></C><xcope ID="77"><ref ID="123" SRC="30"></ref><W>even</W><W>unwrapped</W><W>the</W><W>mouse</W></xcope><W>,</W><W>opting</W><W>to</W><W>install</W><W>my</W><W>Kensington</W><W>Turbo</W><W>Pro</W><W>Trackball</W><C><W>and</W></C><W>Nostromo</W><W>SpeedPad</W><W>n50</W><W>as</W><W>my</W><W>input</W><W>devices</W><W>.</W></SENTENCE><SENTENCE><W>(</W><W>Bonus</W><W>:</W><W>The</W><W>Nostromo</W><W>driver</W><C><cue ID="31" type="negation"><W>no</W></cue></C><xcope ID="78"><ref ID="124" SRC="31"></ref><W>longer</W><W>kernel</W><W>panics</W><W>the</W><W>machine</W></xcope><W>!</W><W>)</W></SENTENCE></P><P></P><P><SENTENCE><xcope ID="80"><ref ID="126" SRC="81"></ref><W>Software</W><W>Compatibility</W></xcope><W>,</W><C><cue ID="81" type="speculation"><W>or</W></cue></C><W>&#34;</W><xcope ID="79"><ref ID="125" SRC="81"></ref><W>The</W><W>Upgrade</W><W>Race</W></xcope><W>&#34;</W></SENTENCE></P><P></P><P><SENTENCE><W>So</W><W>far</W><W>,</W><W>I</W><W>&#39;ve</W><W>been</W><W>lucky</W><W>.</W></SENTENCE><SENTENCE><W>I</W><W>have</W><W>yet</W><W>to</W><W>find</W><W>any</W><W>of</W><W>my</W><W>current</W><W>software</W><W>rendered</W><W>useless</W><W>by</W><W>moving</W><W>to</W><W>the</W><W>G5</W><W>.</W></SENTENCE><SENTENCE><W>Virtual</W><W>PC</W><W>,</W><W>on</W><W>the</W><W>other</W><W>hand</W><W>,</W><W>is</W><W>something</W><W>that</W><W>a</W><W>number</W><W>of</W><W>my</W><W>friends</W><C><W>and</W></C><W>acquaintances</W><W>depend</W><W>on</W><W>for</W><W>specific</W><W>applications</W><W>.</W></SENTENCE><SENTENCE><W>The</W><W>G5</W><W>simply</W><W>wo</W><W>n&#39;t</W><W>run</W><W>it</W><W>-</W><W>yet</W><W>.</W></SENTENCE><SENTENCE><W>Supposedly</W><W>,</W><W>an</W><W>upgrade</W><W>is</W><W>on</W><W>the</W><W>way</W><W>,</W><W>but</W><W>since</W><W>it</W><W>will</W><W>require</W><W>a</W><W>ground-up</W><W>rewrite</W><W>of</W><W>the</W><W>application</W><W>,</W><W>I</W><cue ID="32" type="speculation"><C><W>would</W></C><W>n&#39;t</W></cue><xcope ID="82"><ref COMMENTS="" ID="127" SRC="32"></ref><W>hold</W><W>my</W><W>breath</W><W>waiting</W><W>for</W><W>it</W></xcope><W>.</W></SENTENCE></P><P></P><P><SENTENCE><W>(</W><W>Knock</W><W>on</W><W>wood</W><W>)</W><W>I</W><W>have</W><W>n&#39;t</W><W>even</W><W>managed</W><W>to</W><W>crash</W><W>this</W><W>one</W><W>yet</W><W>.</W></SENTENCE><SENTENCE><W>Mac</W><W>OS</W><W>X</W><W>10.2.8</W><W>(</W><W>G5</W><W>)</W><W>is</W><W>the</W><W>most</W><W>stable</W><W>iteration</W><W>I</W><W>&#39;ve</W><W>seen</W><W>yet</W><W>.</W></SENTENCE></P><P></P><P><SENTENCE><W>Speed</W><W>-</W><W>Enough</W><W>Said</W></SENTENCE></P><P></P><P><SENTENCE><W>Have</W><W>I</W><W>mentioned</W><W>how</W><W>fast</W><W>this</W><W>machine</W><W>is</W><W>?</W></SENTENCE><SENTENCE><W>In</W><W>the</W><W>course</W><W>of</W><W>writing</W><W>this</W><W>review</W><W>,</W><W>I</W><W>&#39;ve</W><W>also</W><W>ripped</W><W>another</W><W>13</W><W>CDs</W><W>to</W><W>MP3</W><W>,</W><W>dumping</W><W>them</W><W>into</W><W>the</W><W>iTunes</W><W>library</W><W>.</W></SENTENCE><SENTENCE><W>While</W><W>ripping</W><W>CDs</W><W>,</W><W>I</W><W>&#39;ve</W><W>also</W><W>been</W><W>using</W><W>iChat</W><W>AV</W><W>to</W><W>talk</W><W>to</W><W>a</W><W>friend</W><W>of</W><W>mine</W><W>(using</W><W>the</W><W>iSight</W><W>FireWire</W><W>camera</W><W>-</W><W>a</W><W>slick</W><W>little</W><W>piece</W><W>of</W><W>hardware</W><W>!</W><W>)</W><C><W>and</W></C><W>writing</W><W>at</W><W>the</W><W>same</W><W>time</W><W>.</W></SENTENCE><SENTENCE><W>It</W><W>&#39;s</W><W>fast</W></SENTENCE></P><P></P><P><SENTENCE><W>I</W><W>only</W><W>wish</W><W>Apple</W><W>were</W><W>as</W><W>fast</W><W>at</W><W>building</W><C><W>and</W></C><W>shipping</W><W>these</W><W>speed</W><W>demons</W><W>!</W></SENTENCE></P></DOCUMENT>
