<?xml version="1.0" encoding="UTF-8"?>
<DOCUMENT><DESC></DESC><DESC></DESC><TIME>580</TIME><P></P><P><SENTENCE><W>I</W><W>have</W><W>read</W><W>all</W><W>of</W><W>Grisham</W><W>&#39;s</W><W>books</W><W>and</W><W>this</W><W>was</W><W>by</W><W>far</W><W>the</W><W>most</W><W>boring</W><W>one</W><W>!</W></SENTENCE><SENTENCE><W>The</W><W>story</W><W>is</W><W>about</W><W>a</W><W>lawyer</W><W>who</W><W>gives</W><W>up</W><W>his</W><W>high</W><W>paying</W><W>job</W><W>to</W><W>help</W><W>the</W><W>homeless</W><W>in</W><W>an</W><W>office</W><W>staffed</W><W>by</W><W>2</W><W>other</W><W>people</W><W>.</W></SENTENCE><SENTENCE><W>There</W><W>is</W><cue COMMENTS="" ID="0" type="negation"><W>no</W></cue><xcope COMMENTS="" ID="1"><ref COMMENTS="" ID="2" SRC="0"></ref><W>mystery</W><W>to</W><W>the</W><W>story</W></xcope><W>.</W></SENTENCE><SENTENCE><W>Grisham</W><W>&#39;s</W><W>books</W><W>are</W><W>normally</W><W>mysterious</W><W>,</W><cue ID="14" type="negation"><W>can&#39;t</W></cue><xcope ID="4"><ref COMMENTS="" ID="15" SRC="14"></ref><W>wait</W><W>to</W><W>finish</W><W>it</W></xcope><W>,</W><W>a</W><W>&#34;</W><W>who</W><W>done</W><W>it</W><W>&#34;</W><W>style</W><W>.</W></SENTENCE><SENTENCE><W>This</W><W>book</W><W>does</W><cue COMMENTS="" ID="6" type="negation"><W>not</W></cue><xcope ID="7"><ref ID="8" SRC="6"></ref><W>have</W><W>any</W><W>surprises</W></xcope><W>,</W><W>its</W><W>dull</W><W>.</W></SENTENCE><SENTENCE><W>I</W><W>expected</W><W>a</W><W>book</W><W>like</W><W>other</W><W>books</W><W>(</W><W>f.i</W><W>.</W></SENTENCE><SENTENCE><W>Pelican</W><W>Brief</W><W>etc</W><W>)</W><W>he</W><W>has</W><W>written</W><W>.</W></SENTENCE><SENTENCE><W>It</W><W>definitely</W><W>was</W><cue COMMENTS="" ID="10" type="negation"><W>not</W></cue><W>!</W></SENTENCE><SENTENCE><W>I</W><cue ID="15" type="speculation"><W>would</W></cue><xcope ID="16"><ref COMMENTS="" ID="17" SRC="15"></ref><W>definitely</W><cue COMMENTS="" ID="11" type="negation"><W>not</W></cue><xcope ID="12"><ref ID="13" SRC="11"></ref><W>recommend</W><W>it</W><W>to</W><W>anybody</W></xcope></xcope></SENTENCE></P></DOCUMENT>
