<?xml version="1.0" encoding="UTF-8"?>
<DOCUMENT><P></P><P><SENTENCE><W>When</W><W>I</W><W>read</W><W>a</W><W>John</W><W>Grisham</W><W>book</W><W>,</W><W>I</W><W>do</W><cue COMMENTS="" ID="0" type="negation"><W>not</W></cue><xcope ID="1"><ref ID="2" SRC="0"></ref><W>expect</W><W>literary</W><W>greatness</W></xcope><W>as</W><W>one</W><cue ID="18" type="speculation"><W>would</W></cue><xcope ID="19"><ref COMMENTS="" ID="20" SRC="18"></ref><W>expect</W><W>when</W><W>picking</W><W>up</W><W>a</W><W>Charles</W><W>Dickens</W><W>tome</W></xcope><W>.</W></SENTENCE><SENTENCE><W>However</W><W>,</W><W>I</W><W>do</W><W>expect</W><W>a</W><W>mystery</W><W>thriller</W><W>to</W><W>keep</W><W>me</W><W>interested</W><W>for</W><W>at</W><W>least</W><W>a</W><W>couple</W><W>of</W><W>hours</W><W>.</W></SENTENCE><SENTENCE><W>Well</W><W>,</W><W>The</W><W>Street</W><W>Lawyer</W><W></W><W>disappointed</W><W>me</W><W>.</W></SENTENCE></P><P></P><P><SENTENCE><W>The</W><W>novel</W><W>evolves</W><W>around</W><W>Michael</W><W>Brock</W><W>,</W><W>a</W><W>workhaholic</W><W>attorney</W><W>and</W><W>rising</W><W>star</W><W>at</W><W>the</W><W>prestigious</W><W>law</W><W>firm</W><W>of</W><W>Sweeney</W><W>and</W><W>Drake</W><W>,</W><W>whose</W><W>life</W><W>was</W><W>forever</W><W>changed</W><W>when</W><W>a</W><W>homeless</W><W>man</W><W>took</W><W>him</W><W>and</W><W>a</W><W>couple</W><W>other</W><W>lawyers</W><W>hostage</W><W>at</W><W>the</W><W>office</W><W>.</W></SENTENCE><SENTENCE><W>The</W><W>intruder</W><W>was</W><W>shot</W><W>dead</W><W>but</W><W>the</W><W>incident</W><W>led</W><W>Brock</W><W>to</W><W>major</W><W>soul</W><W>searching</W><W>after</W><W>which</W><W>he</W><W>decided</W><W>to</W><W>leave</W><W>his</W><W>promising</W><W>career</W><W>to</W><W>become</W><W>a</W><W>public</W><W>interest</W><W>attorney</W><W>.</W></SENTENCE><SENTENCE><W>Along</W><W>the</W><W>way</W><W>,</W><W>Brock</W><W>discovered</W><W>that</W><W>his</W><W>firm</W><W>was</W><W>involved</W><W>in</W><W>the</W><W>wrongful</W><W>eviction</W><W>of</W><W>the</W><W>intruder</W><W>and</W><W>he</W><W>vowed</W><W>to</W><W>learn</W><W>the</W><W>truth</W><W>.</W></SENTENCE></P><P></P><P><SENTENCE><W>Unlike</W><W>many</W><W>of</W><W>his</W><W>other</W><W>novels</W><W>,</W><W>Grisham</W><W>failed</W><W>to</W><W>create</W><W>any</W><W>suspense</W><W>.</W></SENTENCE><SENTENCE><W>There</W><W>were</W><W>no</W><W>twists</W><W>in</W><W>the</W><W>plot</W><W>to</W><W>hook</W><W>a</W><W>reader</W><W>-</W><W>by</W><W>the</W><W>middle</W><W>of</W><W>the</W><W>book</W><W>,</W><W>the</W><W>reader</W><W>already</W><W>knew</W><W>what</W><W>the</W><W>ending</W><W>was</W><W>going</W><W>to</W><W>be</W><W>like</W><W>and</W><W>there</W><W>were</W><cue ID="3" type="negation"><W>no</W></cue><xcope ID="4"><ref ID="5" SRC="3"></ref><W>surprises</W></xcope><W>as</W><W>to</W><W>how</W><W>Michael</W><W>Block</W><W>got</W><W>there</W><W>.</W></SENTENCE><SENTENCE><W>The</W><W>climax</W><W>of</W><W>the</W><W>story</W><W>involves</W><W>lawyers</W><W>meeting</W><W>in</W><W>a</W><W>judge</W><W>&#39;s</W><W>chamber</W><W>to</W><W>discuss</W><W>a</W><W>settlement</W><W>.</W></SENTENCE><SENTENCE><W>Exciting</W><W>?</W></SENTENCE><SENTENCE><cue COMMENTS="" ID="7" type="negation"><W>Not</W></cue><xcope ID="8"><ref ID="9" SRC="7"></ref><W>really</W></xcope><W>.</W></SENTENCE></P><P></P><P><SENTENCE><W>Part</W><W>of</W><W>the</W><W>problem</W><cue ID="10" type="speculation"><W>may</W></cue><xcope COMMENTS="" ID="11"><ref ID="12" SRC="10"></ref><W>have</W><W>been</W><W>due</W><W>to</W><W>Grishams</W><W>overeagerness</W><W>to</W><W>educate</W><W>the</W><W>readers</W><W>about</W><W>the</W><W>plight</W><W>of</W><W>the</W><W>homeless</W></xcope><W>.</W></SENTENCE><SENTENCE><W>While</W><W>this</W><W>is</W><cue ID="13" type="negation"><W>no</W></cue><xcope ID="21"><ref COMMENTS="" ID="22" SRC="13"></ref><W>question</W><W>a</W><W>noble</W><W>cause</W></xcope><W>,</W><W>it</W><W>was</W><W>a</W><W>significant</W><W>detraction</W><W>to</W><W>the</W><W>development</W><W>of</W><W>the</W><W>story</W><W>.</W></SENTENCE><SENTENCE><W>The</W><W>subplots</W><W>about</W><W>the</W><W>homeless</W><W>characters</W><W>Block</W><W>encountered</W><W>ended</W><W>up</W><W>overwhelming</W><W>the</W><W>main</W><W>storyline</W><W>.</W></SENTENCE></P><P></P><P><SENTENCE><W>I</W><W>also</W><W>found</W><W>Block</W><W>&#39;s</W><W>transformation</W><W>from</W><W>a</W><W>money-hungry</W><W>associate</W><W>striving</W><W>to</W><W>make</W><W>partner</W><W>in</W><W>a</W><W>large</W><W>firm</W><W>to</W><W>an</W><W>idealistic</W><W>lawyer</W><W>hoping</W><W>to</W><W>change</W><W>the</W><W>world</W><W>a</W><W>bit</W><W>forced</W><W>and</W><W>somewhat</W><W>unconvincing</W><W>.</W></SENTENCE></P><P></P><P><SENTENCE><W>If</W><W>you</W><W>are</W><W>a</W><W>Grisham</W><W>fan</W><W>,</W><W>by</W><W>all</W><W>means</W><W>read</W><W>The</W><W>Street</W><W>Lawyer</W><W>.</W></SENTENCE><SENTENCE><W>But</W><W>prepare</W><W>to</W><W>be</W><W>disappointed</W><W>.</W></SENTENCE><SENTENCE><W>It</W><W>is</W><W>definitely</W><cue ID="16" type="negation"><W>not</W></cue><xcope ID="17"><ref ID="18" SRC="16"></ref><W>&#34;</W><W>The</W><W>Firm&#34;</W></xcope><W>.</W></SENTENCE></P></DOCUMENT>
