<?xml version="1.0" encoding="UTF-8"?>
<DOCUMENT><P></P><P><SENTENCE><W>I</W><W>always</W><W>used</W><W>to</W><W>be</W><W>a</W><W>loyal</W><W>Grisham</W><W>fan</W><W>,</W><W>but</W><W>this</W><W>book</W><W>changed</W><W>all</W><W>that</W><W>for</W><W>me</W><W>,</W><W>and</W><W>I</W><W>fell</W><W>I</W><W>have</W><cue ID="0" type="negation"><W>no</W></cue><xcope ID="2"><ref ID="3" SRC="0"></ref><W>choice</W><W>but</W><W>to</W><W>pan</W><W>this</W><W>book</W></xcope><W>.</W></SENTENCE><SENTENCE><xcope ID="23"><ref COMMENTS="" ID="24" SRC="4"></ref><W>This</W><W>book</W></xcope><cue ID="4" type="speculation"><W>seems</W></cue><xcope ID="22"><ref COMMENTS="" ID="23" SRC="4"></ref><W>to</W><W>be</W><W>the</W><W>turning</W><W>moment</W><W>when</W><W>he</W><W>simply</W><W>stopped</W><W>being</W><W>able</W><W>to</W><W>write</W><W>a</W><W>good</W><W>novel</W></xcope><W>.</W></SENTENCE><SENTENCE><W>The</W><W>best</W><W>thing</W><W>that</W><W>I</W><W>can</W><W>say</W><W>about</W><W>this</W><W>is</W><W>that</W><W>it</W><W>is</W><W>informative</W><W>.</W><W>.</W><W>.</W></SENTENCE><SENTENCE><W>that</W><W>&#39;s</W><W>it</W><W>!</W></SENTENCE><SENTENCE><W>It</W><W>does</W><cue ID="7" type="negation"><W>not</W></cue><xcope ID="8"><ref ID="9" SRC="7"></ref><W>even</W><W>attempt</W><xcope ID="12"><ref COMMENTS="" ID="13" SRC="10"></ref><W>to</W><W>be</W><W>captivating</W><W>in</W><W>any</W><W>way</W><W>like</W><W>his</W><W>previous</W><W>books</W></xcope></xcope><W>,</W><W>which</W><W>really</W><W>hook</W><W>you</W><W>,</W><cue ID="10" type="speculation"><W>or</W></cue><xcope ID="11"><ref COMMENTS="" ID="14" SRC="10"></ref><W>even</W><W>interesting</W><W>in</W><W>the</W><W>least</W></xcope><W>.</W></SENTENCE><SENTENCE><W>You</W><W>leave</W><W>this</W><W>book</W><W>feeling</W><W>as</W><W>if</W><W>you</W><W>have</W><W>just</W><W>gotten</W><W>out</W><W>of</W><W>a</W><W>five</W><W>hour</W><W>lecture</W><W>about</W><W>the</W><W>homeless</W><W>problem</W><W>in</W><W>the</W><W>United</W><W>States</W><W>.</W></SENTENCE><SENTENCE><W>This</W><W>work</W><W>has</W><cue ID="15" type="negation"><W>non</W></cue><xcope ID="16"><ref ID="17" SRC="15"></ref><W>of</W><W>Grisham</W><W>&#39;s</W><W>usual</W><W>suspense</W><W>and</W><W>thrill</W></xcope><W>which</W><W>have</W><W>always</W><W>made</W><W>his</W><W>books</W><W>a</W><W>pleasure</W><W>to</W><W>read</W><W>.</W></SENTENCE><SENTENCE><W>Skip</W><W>it</W><W>and</W><W>stick</W><W>to</W><xcope ID="21"><ref ID="22" SRC="18"></ref><W>A</W><W>Time</W><W>to</W><W>Kill</W></xcope><W>,</W><xcope ID="20"><ref ID="23" SRC="18"></ref><W>The</W><W>Rainmaker</W></xcope><W>,</W><cue ID="18" type="speculation"><W>or</W></cue><xcope ID="19"><ref ID="24" SRC="18"></ref><W>The</W><W>Runaway</W><W>Jury</W></xcope></SENTENCE></P></DOCUMENT>
