<?xml version="1.0" encoding="UTF-8"?>
<DOCUMENT><DESC></DESC><TIME>143</TIME><P></P><P><SENTENCE><W>I</W><W>got</W><W>this</W><W>book</W><W>,</W><W>because</W><W>it</W><W>was</W><W>a</W><W>Grisham</W><W>book</W><W>that</W><W>I</W><W>had</W><cue ID="0" type="negation"><W>not</W></cue><xcope ID="1"><ref ID="2" SRC="0"></ref><W>read</W></xcope><W>(</W><W>the</W><W>only</W><W>one</W><W>besides</W><W>The</W><W>Chamber</W><W>)</W><W>so</W><W>far</W><W>.</W></SENTENCE></P><P></P><P><SENTENCE><W>In</W><W>a</W><W>nut</W><W>shell</W><W>,</W><W>a</W><W>homeless</W><W>bum</W><W>gets</W><W>into</W><W>the</W><W>conference</W><W>room</W><W>of</W><W>an</W><W>upper</W><W>crust</W><W>law</W><W>firm</W><W>in</W><W>D.C.</W><W>and</W><W>holds</W><W>several</W><W>lawyers</W><W>hostage</W><W>for</W><W>several</W><W>hours</W><W>.</W></SENTENCE><SENTENCE><W>While</W><W>there</W><W>,</W><W>he</W><W>tries</W><W>to</W><W>lay</W><W>a</W><W>guilt</W><W>trip</W><W>on</W><W>the</W><W>lawyers</W><W>who</W><W>all</W><W>took</W><W>home</W><W>at</W><W>least</W><W>6</W><W>figures</W><W>last</W><W>year</W><W>,</W><W>yet</W><W>donated</W><W>almost</W><W>nothing</W><W>to</W><W>the</W><W>poor</W><W>.</W></SENTENCE><SENTENCE><W>Most</W><W>of</W><W>them</W><W>were</W><W>too</W><W>afraid</W><W>for</W><W>their</W><W>lives</W><W>to</W><W>feel</W><W>guilty</W><W>,</W><W>except</W><W>for</W><W>Michael</W><W>Brock</W><W>.</W></SENTENCE></P><P></P><P><SENTENCE><W>When</W><W>the</W><W>ordeal</W><W>is</W><W>over</W><W>,</W><W>Michael</W><W>&#39;s</W><W>career</W><W>takes</W><W>a</W><W>turn</W><W>.</W></SENTENCE><SENTENCE><W>He</W><W>become</W><W>determined</W><W>to</W><W>make</W><W>a</W><W>difference</W><W>.</W></SENTENCE><SENTENCE><W>He</W><W>and</W><W>his</W><W>wife</W><W>are</W><W>at</W><W>a</W><W>difficult</W><W>time</W><W>in</W><W>their</W><W>marriage</W><W>,</W><W>with</W><W>him</W><W>spending</W><W>as</W><W>much</W><W>as</W><W>18</W><W>hrs</W><W>at</W><W>the</W><W>office</W><W>,</W><W>she</W><W>fills</W><W>her</W><W>time</W><W>by</W><W>going</W><W>to</W><W>medical</W><W>school</W><W>,</W><W>and</W><W>becomes</W><W>a</W><W>doctor</W><W>,</W><W>now</W><cue ID="2" type="speculation"><W>neither</W></cue><xcope ID="3"><ref ID="4" SRC="2"></ref><W>has</W><W>the</W><W>time</W><W>for</W><W>the</W><W>other--and</W></xcope><W>divorce</W><W>is</W><W>inevitable</W><W>.</W></SENTENCE></P><P></P><P><SENTENCE><W>Michael</W><W>meets</W><W>up</W><W>with</W><W>Mordecai</W><W>Green</W><W>a</W><W>&#39;Street</W><W>Lawyer</W><W>&#39;</W><W>and</W><W>this</W><W>inspires</W><W>him</W><W>to</W><W>become</W><W>one</W><W>also</W><W>.</W></SENTENCE><SENTENCE><W>A</W><W>fighter</W><W>for</W><W>the</W><W>rights</W><W>of</W><W>those</W><W>who</W><W>society</W><W>has</W><W>cast</W><W>off</W><W>.</W></SENTENCE></P><P></P><P><SENTENCE><cue ID="5" type="speculation"><W>Perhaps</W></cue><xcope ID="41"><ref COMMENTS="" ID="43" SRC="5"></ref><W>it</W><W>is</W><W>because</W><W>I</W><cue ID="39" type="negation"><W>do</W><W>n&#39;t</W></cue><xcope ID="40"><ref COMMENTS="" ID="42" SRC="39"></ref><W>agree</W><W>with</W><W>most</W><W>of</W><W>the</W><W>political</W><W>views</W><W>of</W><W>the</W><W>main</W><W>players</W><W>of</W><W>the</W><W>book</W></xcope></xcope><W>,</W><W>but</W><cue ID="11" type="speculation"><W>seemed</W></cue><xcope ID="35"><ref COMMENTS="" ID="36" SRC="11"></ref><W>that</W><W>there</W><W>was</W><W>a</W><W>bit</W><W>too</W><W>much</W><W>whining</W><W>about</W><W>how</W><W>the</W><W>rich</W><W>and</W><W>the</W><W>government</W><W>tend</W><W>to</W><W>dismiss</W><W>the</W><W>homeless</W><W>as</W><W>riff-raff</W></xcope><W>.</W></SENTENCE><SENTENCE><W>(</W><W>this</W><W>is</W><cue ID="14" type="negation"><W>not</W></cue><xcope ID="15"><ref ID="16" SRC="14"></ref><W>the</W><W>place</W><W>for</W><W>me</W><W>to</W><W>get</W><W>on</W><W>a</W><W>soap</W><W>box</W><W>and</W><W>share</W><W>my</W><W>political</W><W>views</W></xcope><W>.</W><W>.</W><W>so</W><W>I</W><cue ID="37" type="negation"><W>wo</W><W>n&#39;t</W><W>)</W></cue><W>.</W></SENTENCE></P><P></P><P><SENTENCE><W>While</W><W>doing</W><W>the</W><W>research</W><W>for</W><W>a</W><W>law</W><W>suit</W><W>,</W><W>he</W><W>finds</W><W>that</W><W>his</W><W>former</W><W>firm</W><W>has</W><W>been</W><W>more</W><W>than</W><W>loosely</W><W>involved</W><W>in</W><W>illegal</W><W>activity</W><W>regarding</W><W>the</W><W>homeless</W><W>.</W></SENTENCE><SENTENCE><W>He</W><W>decides</W><W>to</W><W>take</W><W>on</W><W>the</W><W>world</W><W>(</W><cue COMMENTS="" ID="19" type="negation"><W>not</W></cue><xcope COMMENTS="" ID="20"><ref COMMENTS="" ID="21" SRC="19"></ref><W>unlike</W><W>in</W><W>Rudy</W><W>from</W><W>the</W><W>Rainmaker</W></xcope><W>)</W></SENTENCE></P><P></P><P><SENTENCE><W>Over</W><W>all</W><W>,</W><W>it</W><cue COMMENTS="" ID="22" type="speculation"><W>appears</W></cue><xcope ID="38"><ref ID="39" SRC="22"></ref><W>that</W><W>the</W><W>deadline</W><W>to</W><W>get</W><W>this</W><W>year</W><W>&#39;s</W><W>Grisham</W><W>book</W><W>came</W><W>a</W><W>bit</W><W>quick</W><W>for</W><W>John</W></xcope><W>,</W><cue COMMENTS="" ID="25" type="speculation"><W>either</W></cue><xcope ID="27"><ref COMMENTS="" ID="40" SRC="25"></ref><W>that</W></xcope><W>,</W><cue COMMENTS="" ID="26" type="speculation"><W>or</W></cue><xcope ID="28"><ref COMMENTS="" ID="47" SRC="26"></ref><W>he</W><W>was</W><W>specifically</W><W>looking</W><W>for</W><W>a</W><W>movie</W><W>contract</W></xcope><W>for</W><W>this</W><W>story</W><W>,</W><cue ID="44" type="speculation"><W>either</W></cue><xcope ID="45"><ref COMMENTS="" ID="46" SRC="44"></ref><W>way</W></xcope><W>,</W><W>it</W><W>was</W><cue ID="33" type="negation"><W>not</W></cue><xcope ID="34"><ref ID="35" SRC="33"></ref><W>his</W><W>best</W><W>work--but</W></xcope><W>it</W><W>still</W><W>held</W><W>my</W><W>attention</W><W>through</W><W>the</W><W>whole</W><W>book</W></SENTENCE></P></DOCUMENT>
