<?xml version="1.0" encoding="UTF-8"?>
<DOCUMENT><P></P><P><SENTENCE><W>Wow</W><W>.</W><W>Stephen</W><W>King</W><W>trying</W><W>to</W><W>write</W><W>a</W><W>fantasy</W><W>.</W></SENTENCE><SENTENCE><W>That</W><W>&#39;s</W><W>like</W><xcope ID="10"><ref ID="21" SRC="0"></ref><W>Britney</W><W>Spears</W><W>trying</W><W>to</W><W>rap</W></xcope><W>,</W><cue ID="0" type="speculation"><W>or</W></cue><xcope ID="11"><ref ID="22" SRC="0"></ref><W>Backstreet</W><W>Boys</W><W>trying</W><W>to</W><W>write</W><W>a</W><W>good</W><W>song</W></xcope><W>.</W></SENTENCE><SENTENCE><W>It</W><W>&#39;s</W><W>just</W><cue ID="1" type="negation"><W>not</W></cue><xcope ID="12"><ref ID="23" SRC="1"></ref><W>going</W><W>to</W><W>happen</W></xcope><W>A</W><W>medicore</W><W>fantasy</W><cue ID="2" type="speculation"><W>would</W></cue><xcope ID="13"><ref ID="24" SRC="2"></ref><W>be</W><W>the</W><W>best</W><W>of</W><W>his</W><W>ability</W></xcope><W>,</W><W>but</W><W>of</W><W>course</W><W>there</W><cue ID="3" type="speculation"><W>would</W></cue><xcope ID="14"><ref ID="25" SRC="3"></ref><W>be</W><W>bloody</W><W>killing</W></xcope><W>.</W></SENTENCE><SENTENCE><W>Basic</W><W>fact</W><W>of</W><W>life</W><W>:</W><W>I</W><cue ID="106" type="negation"><W>do</W><W>n&#39;t</W></cue><xcope ID="15"><ref COMMENTS="" ID="107" SRC="106"></ref><W>like</W><W>the</W><W>author</W></xcope><W>.</W></SENTENCE><SENTENCE><W>I</W><W>despise</W><W>Stephen</W><W>King</W><W>,</W><W>so</W><cue ID="129" type="speculation"><W>if</W></cue><xcope ID="130"><ref COMMENTS="" ID="131" SRC="129"></ref><W>you</W><W>love</W><W>him</W></xcope><W>,</W><W>as</W><W>in</W><W>you</W><cue ID="5" type="speculation"><W>would</W></cue><xcope ID="132"><ref COMMENTS="" ID="133" SRC="5"></ref><W>be</W><W>offended</W><cue ID="108" type="speculation"><W>if</W></cue><xcope ID="109"><ref COMMENTS="" ID="110" SRC="108"></ref><W>anything</W><W>bad</W><W>was</W><W>said</W><W>about</W><W>your</W><W>author</W></xcope></xcope><W>,</W><W>then</W><W>I</W><W>suggest</W><W>stopping</W><W>here</W><W>.</W></SENTENCE><SENTENCE><W>I</W><W>mean</W><W>,</W><W>he</W><W>&#39;s</W><cue ID="6" type="negation"><W>not</W></cue><xcope ID="16"><ref ID="31" SRC="6"></ref><W>even</W><W>that</W><W>good</W></xcope><W>,</W><W>and</W><W>he</W><W>&#39;s</W><W>got</W><W>all</W><W>these</W><W>terrible</W><W>best</W><W>selling</W><W>novels</W><W>,</W><W>I</W><W>&#39;ll</W><W>just</W><W>say</W><W>that</W><W>he</W><W>struck</W><W>it</W><W>rich</W><W>with</W><W>the</W><W>&#34;</W><W>thrills</W><W>and</W><W>chills</W><W>&#34;</W><W>crowd</W><W>that</W><W>likes</W><W>their</W><W>children</W><W>to</W><W>read</W><W>R.L.</W><W>Stine</W><W>.</W></SENTENCE><SENTENCE><W>Nothing</W><W>against</W><W>those</W><W>folks</W><W>,</W><W>but</W><W>I</W><W>just</W><cue ID="111" type="negation"><W>do</W><W>n&#39;t</W></cue><xcope ID="18"><ref COMMENTS="" ID="112" SRC="111"></ref><W>see</W><W>the</W><W>big</W><W>deal</W></xcope><W>about</W><W>this</W><W>guy</W><W>.</W></SENTENCE><SENTENCE><W>Hes</W><cue ID="8" type="negation"><W>no</W></cue><xcope ID="19"><ref ID="29" SRC="8"></ref><W>Ray</W><W>Bradbury</W></xcope><W>.</W></SENTENCE><SENTENCE><W>He</W><W>just</W><cue ID="9" type="negation"><W>cant</W></cue><xcope ID="20"><ref ID="30" SRC="9"></ref><W>reach</W><W>into</W><W>different</W><W>genres</W></xcope><W>.</W></SENTENCE><SENTENCE><W>Here</W><W>&#39;s</W><W>the</W><W>basic</W><W>rundown</W><W>:</W></SENTENCE></P><P></P><P><SENTENCE><W>The</W><W>Characters</W></SENTENCE></P><P></P><P><SENTENCE><W>King</W><W>Roland--a</W><W>king</W><W>that</W><W>is</W><W>basically</W><W>like</W><W>&#34;</W><W>I&#39;ll</W><W>do</W><W>whatever</W><W>the</W><W>evil</W><W>wizard</W><W>tells</W><W>me</W><W>to</W><W>do</W><W>.</W><W>&#34;</W></SENTENCE><SENTENCE><W>Typical</W><W>moron</W><W>in</W><W>these</W><W>types</W><W>of</W><W>novels</W><W>,</W><cue ID="32" type="negation"><W>not</W></cue><xcope ID="113"><ref COMMENTS="" ID="114" SRC="32"></ref><W>very</W><W>well</W><W>developed</W><W>in</W><W>the</W><W>time</W><W>he</W><W>is</W><W>in</W><W>the</W><W>book</W></xcope><W>,</W><W>which</W><W>is</W><cue ID="33" type="negation"><W>not</W></cue><xcope ID="41"><ref ID="43" SRC="33"></ref><W>really</W><W>that</W><W>much</W></xcope><W>,</W><W>but</W><W>still</W><W>...hes</W><W>your</W><W>typical</W><W>king</W><W>with</W><W>a</W><W>death</W><W>wish</W><W>.</W></SENTENCE></P><P></P><P><SENTENCE><W>Peter--The</W><W>ONLY</W><W>well-developed</W><W>character</W><W>in</W><W>the</W><W>book</W><W>.</W></SENTENCE><SENTENCE><W>I</W><W>hated</W><W>his</W><W>guts</W><W>,</W><W>of</W><W>course</W><W>(</W><cue ID="115" type="speculation"><W>if</W></cue><xcope ID="116"><ref COMMENTS="" ID="117" SRC="115"></ref><W>he</W><W>existed</W><W>,</W><W>I</W><cue ID="34" type="speculation"><W>would</W></cue></xcope><W>.</W></SENTENCE><SENTENCE><W>Unfortunatly</W><W>,</W><W>he</W><W>has</W><cue ID="36" type="negation"><W>no</W></cue><xcope ID="38"><ref ID="44" SRC="36"></ref><W>guts</W><W>to</W><W>hate</W></xcope><W>,</W><W>so</W><W>I</W><cue ID="134" type="speculation"><W>guess</W></cue><xcope ID="135"><ref COMMENTS="" ID="136" SRC="134"></ref><W>it</W><W>was</W><W>a</W><W>bad</W><W>choice</W><W>of</W><W>words</W></xcope><W>)</W><W>.</W></SENTENCE><SENTENCE><W>Naturally</W><W>,</W><W>hes</W><W>the</W><W>good</W><W>looking</W><W>good</W><W>guy</W><W>that</W><W>you</W><W>know</W><W>will</W><W>always</W><W>win</W><W>at</W><W>the</W><W>end</W><W>,</W><W>but</W><W>you</W><W>just</W><cue ID="37" type="negation"><W>dont</W></cue><xcope ID="40"><ref ID="45" SRC="37"></ref><W>know</W><W>how</W></xcope><W>.</W></SENTENCE><SENTENCE><W>The</W><W>first</W><W>son</W><W>of</W><W>King</W><W>Rolands</W><W>,</W><W>hes</W><W>destined</W><W>to</W><W>be</W><W>the</W><W>Prince</W><W>,</W><W>but</W><W>of</W><W>course</W><W>the</W><W>exact</W><W>same</W><W>evil</W><W>plot</W><W>to</W><W>stop</W><W>that</W><W>from</W><W>happening</W><W>happens</W><W>,</W><W>just</W><W>as</W><W>in</W><W>any</W><W>copycat</W><W>novel</W><W>.</W></SENTENCE><SENTENCE><W>Sigh</W><W>.</W></SENTENCE></P><P></P><P><SENTENCE><W>Thomas</W><W>the</W><W>choo</W><W>choo</W><W>train--Okay</W><W>,</W><W>just</W><W>Thomas</W><W>.</W></SENTENCE><SENTENCE><W>I</W><W>have</W><W>to</W><W>say</W><W>I</W><W>despised</W><W>this</W><W>character</W><W>also</W><W>.</W></SENTENCE><SENTENCE><W>The</W><W>second</W><W>son</W><W>of</W><W>King</W><W>Roland</W><W>,</W><W>hes</W><W>always</W><W>overlooked</W><W>.</W></SENTENCE><SENTENCE><W>Of</W><W>course</W><W>,</W><W>with</W><W>his</W><W>birth</W><W>,</W><W>the</W><W>Queen</W><W>Sasha</W><W>died</W><W>,</W><W>so</W><W>the</W><W>first</W><W>thought</W><W>is</W><W>that</W><W>he</W><W>is</W><W>the</W><W>bad</W><W>guy</W><W>.</W></SENTENCE><SENTENCE><W>Thats</W><W>partially</W><W>true</W><W>,</W><W>actually</W><W>.</W></SENTENCE><SENTENCE><W>Anyway</W><W>,</W><W>his</W><W>tragic</W><W>birth</W><W>was</W><W>made</W><W>possible</W><W>in</W><W>part</W><W>by</W><W>the</W><W>evil</W><W>wizard</W><W>,</W><W>Flagg</W><W>,</W><W>giving</W><W>Roland</W><W>an</W><W>overdose</W><W>of</W><W>crack</W><W>.</W></SENTENCE><SENTENCE><W>(</W><W>Okay</W><W>,</W><cue ID="118" type="speculation"><W>maybe</W></cue><xcope ID="119"><ref COMMENTS="" ID="120" SRC="118"></ref><cue ID="47" type="negation"><W>not</W></cue><xcope ID="50"><ref ID="53" SRC="47"></ref><W>crack</W></xcope></xcope><W>,</W><W>but</W><W>the</W><W>same</W><W>kind</W><W>of</W><W>stuff</W><W>.</W></SENTENCE><SENTENCE><W>Green</W><W>vodka</W><W>.</W></SENTENCE><SENTENCE><W>I</W><cue ID="48" type="negation"><W>dont</W></cue><xcope ID="51"><ref ID="54" SRC="48"></ref><W>know</W></xcope><W>,</W><W>but</W><W>it</W><W>s</W><cue ID="121" type="speculation"><W>probably</W></cue><xcope ID="122"><ref ID="123" SRC="121"></ref><W>illegal</W><W>in</W><W>all</W><W>forty</W><W>nine</W><W>states</W></xcope><W>.</W></SENTENCE><SENTENCE><W>California</W><W>is</W><W>going</W><W>to</W><W>fall</W><W>off</W><W>and</W><W>sink</W><W>into</W><W>the</W><W>ocean</W><W>,</W><W>so</W><W>Ill</W><W>count</W><W>them</W><W>off</W><W>now</W><W>)</W><W>.</W></SENTENCE></P><P></P><P><SENTENCE><W>The</W><W>evil</W><W>wizard</W><W>Flagg--GASP</W><W>!</W></SENTENCE><SENTENCE><W>Your</W><W>typical</W><W>,</W><W>demon</W><W>wizard</W><W>set</W><W>to</W><W>take</W><W>over</W><W>the</W><W>world</W><W>.</W></SENTENCE><SENTENCE><W>Need</W><W>I</W><W>say</W><W>more</W><W>,</W><W>because</W><W>I</W><cue ID="49" type="negation"><W>dont</W></cue><xcope ID="52"><ref ID="55" SRC="49"></ref><W>really</W><W>want</W><W>to</W></xcope><W>.</W></SENTENCE></P><P></P><P><SENTENCE><W>Dennis</W><W>the</W><W>menace--also</W><W>known</W><W>as</W><W>Dennis</W><W>the</W><W>Butler</W><W>.</W></SENTENCE><SENTENCE><W>He</W><W>finds</W><W>the</W><W>dead</W><W>body</W><W>of</W><W>a</W><W>rat</W><W>,</W><W>and</W><W>that</W><W>s</W><W>basically</W><W>his</W><W>huge</W><W>involvement</W><W>in</W><W>the</W><W>book</W><W>.</W></SENTENCE><SENTENCE><W>Unless</W><W>you</W><cue ID="56" type="negation"><W>would</W></cue><xcope ID="57"><ref ID="58" SRC="56"></ref><W>rather</W><W>me</W><W>spoil</W><W>the</W><W>ending</W></xcope><W>?</W></SENTENCE></P><P></P><P><SENTENCE><W>The</W><W>Plot</W></SENTENCE></P><P></P><P><SENTENCE><W>Cough</W><W>....cough</W><W>....uh</W><W>,</W><W>let</W><W>&#39;s</W><W>see</W><W>.</W></SENTENCE><SENTENCE><W>A</W><W>fat</W><W>little</W><W>king</W><W>named</W><W>King</W><W>Roland</W><W>was</W><cue ID="60" type="negation"><W>not</W></cue><xcope ID="124"><ref COMMENTS="" ID="125" SRC="60"></ref><W>a</W><W>bad</W><W>,</W><W>dictator</W><W>king</W><W>,</W><W>but</W><W>a</W><W>good</W><W>hearted</W><W>king</W></xcope><W>.</W></SENTENCE><SENTENCE><W>A</W><W>good</W><W>heart</W><W>,</W><W>we</W><W>soon</W><W>learn</W><W>,</W><W>does</W><cue ID="61" type="negation"><W>not</W></cue><xcope ID="126"><ref COMMENTS="" ID="127" SRC="61"></ref><W>help</W><W>you</W><W>much</W><W>in</W><W>life</W><W>when</W><W>you</W><W>are</W><W>trying</W><W>to</W><W>be</W><W>the</W><W>oh-so</W><W>powerful</W><W>king</W><W>of</W><W>this</W><W>little</W><W>land</W></xcope><W>.</W></SENTENCE><SENTENCE><W>His</W><W>main</W><W>advisor</W><W>,</W><W>whispering</W><W>his</W><W>every</W><W>move</W><W>into</W><W>his</W><W>ear</W><W>,</W><W>is</W><W>a</W><W>black</W><W>cloaked</W><W>wizard</W><W>named</W><W>Flagg</W><W>who</W><W>is</W><W>sooo</W><W>unsuspectable</W><W>when</W><W>he</W><W>gives</W><W>King</W><W>Roland</W><W>this</W><W>green</W><W>gunk</W><W>and</W><W>we</W><W>later</W><W>find</W><W>out</W><W>his</W><W>wifes</W><W>been</W><W>killed</W><W>by</W><W>it</W><W>.</W></SENTENCE><SENTENCE><W>Such</W><W>a</W><W>nice</W><W>guy</W><W>.</W></SENTENCE><SENTENCE><W>What</W><W>an</W><W>unpredictable</W><W>plot</W><W>.</W></SENTENCE><SENTENCE><W>Yippie</W><W>doo!</W></SENTENCE></P><P></P><P><SENTENCE><W>Anyway</W><W>,</W><W>after</W><W>deciding</W><W>Thomas</W><W>looked</W><W>sexier</W><W>than</W><W>Peter</W><W>,</W><W>he</W><W>decided</W><W>to</W><W>frame</W><W>Peter</W><W>for</W><W>killing</W><W>daddy</W><W>.</W></SENTENCE><SENTENCE><W>He</W><W>shows</W><W>Thomas</W><W>an</W><W>eyehole</W><W>,</W><W>where</W><W>you</W><W>can</W><W>peek</W><W>through</W><W>the</W><W>eyes</W><W>of</W><W>a</W><W>dead</W><W>dragons</W><W>head</W><W>,</W><W>through</W><W>the</W><W>wall</W><W>,</W><W>to</W><W>spy</W><W>on</W><W>dada</W><W>.</W></SENTENCE><SENTENCE><W>Anyway</W><W>,</W><W>after</W><W>King</W><W>Roland</W><W>flashing</W><W>the</W><W>dragon</W><W>while</W><W>Thomas</W><W>is</W><W>looking</W><W>through</W><W>the</W><W>eyehole</W><W>,</W><W>Thomas</W><W>decides</W><W>to</W><W>go</W><W>back</W><W>(you</W><W>horny</W><W>man</W><W>,</W><W>you</W><W>)</W><W>.</W></SENTENCE><SENTENCE><W>Anyway</W><W>,</W><W>he</W><W>sees</W><W>Fragg</W><W>giving</W><W>Roland</W><W>an</W><W>evil</W><W>drink</W><W>,</W><W>and</W><W>Fragg</W><W>devises</W><W>a</W><W>clever(</W><W>?</W><W>)</W><W>plot...poison</W><W>Roland</W><W>and</W><W>poison</W><W>a</W><W>rat</W><W>with</W><W>the</W><W>same</W><W>stuff</W><W>(</W><W>it</W><W>makes</W><W>smoke</W><W>come</W><W>out</W><W>of</W><W>your</W><W>ears</W><W>and</W><W>it</W><W>makes</W><W>your</W><W>body</W><W>suddenly</W><W>go</W><W>up</W><W>in</W><W>a</W><W>green</W><W>fire</W><W>,</W><cue ID="62" type="speculation"><W>maybe</W></cue><xcope ID="66"><ref ID="69" SRC="62"></ref><W>you</W><W>ve</W><W>heard</W><W>of</W><W>it</W></xcope><W>.</W></SENTENCE><SENTENCE><W>I</W><W>heard</W><W>listening</W><W>to</W><W>the</W><W>Backstreet</W><W>Boys</W><cue ID="63" type="speculation"><W>may</W></cue><xcope ID="67"><ref ID="70" SRC="63"></ref><W>cause</W><W>it</W></xcope><W>)</W><W>.</W></SENTENCE><SENTENCE><W>Anyway</W><W>,</W><W>put</W><W>the</W><W>dead</W><W>rat</W><W>in</W><W>Peters</W><W>room</W><W>behind</W><W>a</W><W>bookshelf</W><W>,</W><W>and</W><W>let</W><W>Dennis</W><W>find</W><W>it</W><W>.</W></SENTENCE></P><P></P><P><SENTENCE><W>Typical</W><W>,</W><W>typical</W><W>,</W><W>typical</W><W>.</W></SENTENCE><SENTENCE><W>I</W><W>do</W><cue COMMENTS="" ID="65" type="negation"><W>not</W></cue><xcope ID="68"><ref ID="71" SRC="65"></ref><W>like</W><W>this</W><W>plot</W></xcope><W>.</W></SENTENCE><SENTENCE><W>Do</W><W>you</W><W>?</W></SENTENCE><SENTENCE><W>Getting</W><W>bored</W><W>yet</W><W>?</W></SENTENCE></P><P></P><P><SENTENCE><W>The</W><W>Authors</W><W>Writing</W><W>Skills</W></SENTENCE></P><P></P><P><SENTENCE><W>Lets</W><W>just</W><W>say</W><W>that</W><cue ID="151" type="speculation"><W>if</W></cue><xcope ID="154"><ref COMMENTS="" ID="156" SRC="151"></ref><W>you</W><W>are</W><W>looking</W><W>for</W><W>a</W><W>corny</W><W>piece</W><W>of</W><W>writing</W><W>that</W><cue ID="152" type="speculation"><W>would</W></cue><xcope ID="153"><ref COMMENTS="" ID="155" SRC="152"></ref><W>have</W><W>gotten</W><W>a</W><W>C</W><W>in</W><W>sixth</W><W>grade</W><W>English</W><W>class</W></xcope></xcope><W>...then</W><W>I</W><W>highly</W><W>recommend</W><W>this</W><W>book</W><W>.</W></SENTENCE><SENTENCE><W>I</W><W>have</W><cue ID="72" type="negation"><W>nothing</W></cue><xcope ID="78"><ref ID="83" SRC="72"></ref><W>against</W><W>King</W></xcope><W>,</W><W>I</W><W>just</W><cue ID="137" type="speculation"><W>think</W></cue><xcope ID="138"><ref COMMENTS="" ID="139" SRC="137"></ref><W>he</W><cue ID="128" type="speculation"><W>should</W><W>nt</W></cue><xcope ID="79"><ref COMMENTS="" ID="129" SRC="128"></ref><W>be</W><W>selling</W><W>these</W><W>vulnerable</W><W>pieces</W><W>of</W><W>cr@p</W></xcope></xcope><W>that</W><cue ID="74" type="negation"><W>wont</W></cue><xcope ID="80"><ref ID="85" SRC="74"></ref><W>matter</W><W>in</W><W>three</W><W>months</W></xcope><W>,</W><W>while</W><W>these</W><W>great</W><W>writers</W><cue ID="76" type="negation"><W>never</W></cue><xcope ID="81"><ref ID="86" SRC="76"></ref><W>get</W><W>their</W><W>fair</W><W>share</W><W>of</W><W>the</W><W>pie</W></xcope><W>.</W></SENTENCE><SENTENCE><W>Its</W><W>always</W><W>like</W><W>that</W><W>is</W><W>nt</W><W>it</W><W>?</W></SENTENCE><SENTENCE><W>Even</W><W>on</W><W>Epinions</W><W>,</W><W>sometimes</W><W>it</W><W>s</W><W>one</W><W>of</W><W>the</W><W>worst</W><W>reviews</W><W>ever</W><W>...and</W><W>it</W><W>s</W><W>on</W><W>the</W><W>top</W><W>of</W><W>the</W><W>list</W><W>because</W></SENTENCE></P><P></P><P><SENTENCE><W>a)People</W><cue ID="77" type="negation"><W>dont</W></cue><xcope ID="82"><ref ID="87" SRC="77"></ref><W>care</W></xcope></SENTENCE></P><P></P><P><SENTENCE><W>b)(</W><W>S)he</W><W>got</W><W>easy</W><W>raters</W></SENTENCE></P><P></P><P><SENTENCE><W>c</W><xcope ID="89"><ref ID="91" SRC="88"></ref><W>)he</W><W>got</W><W>highly</W><W>recommended</W><W>by</W><W>an</W><W>advisor</W></xcope><W>,</W><cue ID="88" type="speculation"><W>or</W></cue></SENTENCE></P><P></P><P><SENTENCE><W>d</W><xcope ID="90"><ref ID="92" SRC="88"></ref><W>)he</W><W>is</W><W>an</W><W>advisor</W></xcope><W>.</W></SENTENCE></P><P></P><P><SENTENCE><W>Now</W><W>,</W><W>Im</W><cue ID="96" type="negation"><W>not</W></cue><xcope ID="98"><ref ID="101" SRC="96"></ref><W>giving</W><W>out</W><W>names</W></xcope><W>,</W><W>but</W><W>I</W><W>will</W><W>say</W><W>that</W><W>I</W><W>have</W><W>read</W><W>advisor</W><W>opinions</W><W>that</W><cue ID="95" type="negation"><W>arent</W></cue><xcope ID="99"><ref ID="102" SRC="95"></ref><W>worth</W><W>cleaning</W><W>the</W><W>toilet</W><W>with</W></xcope><W>.</W></SENTENCE><SENTENCE><W>Thats</W><W>life</W><W>,</W><W>and</W><W>as</W><W>much</W><W>as</W><W>I</W><W>hate</W><W>it</W><W>,</W><W>it</W><W>s</W><W>got</W><W>to</W><W>happen</W><W>.</W></SENTENCE><SENTENCE><W>How</W><W>come</W><W>the</W><W>game</W><W>Final</W><W>Fantasy</W><W>VIII</W><W>sold</W><W>millions</W><W>of</W><W>copies</W><W>when</W><W>it</W><W>s</W><W>the</W><W>most</W><W>boring</W><W>game</W><W>Ive</W><W>ever</W><W>played</W><W>,</W><W>and</W><W>Monster</W><W>Rancher</W><W>2</W><W>pretty</W><W>much</W><W>barely</W><W>made</W><W>it</W><W>past</W><W>the</W><W>price</W><W>they</W><W>paid</W><W>to</W><W>make</W><W>it</W><W>and</W><W>it</W><W>s</W><W>a</W><W>wonderful</W><W>game</W><W>?</W></SENTENCE><SENTENCE><W>How</W><W>come</W><W>Mystery</W><W>Men</W><W>basically</W><W>bombed</W><W>,</W><W>when</W><W>the</W><W>terrible</W><W>movie</W><W>Scream</W><W>3</W><W>was</W><W>a</W><W>big</W><W>hit</W><W>?</W></SENTENCE></P><P></P><P><SENTENCE><W>Its</W><W>just</W><W>an</W><W>unfair</W><W>world</W><W>out</W><W>there</W><W>is</W><W>nt</W><W>it</W><W>,</W><W>Charlie</W><W>?</W></SENTENCE><SENTENCE><W>Thats</W><W>how</W><W>it</W><W>is</W><W>with</W><W>Stephen</W><W>Kings</W><W>writing</W><W>ability</W><W>.</W></SENTENCE><SENTENCE><W>Hes</W><W>got</W><W>nothing</W><W>,</W><W>and</W><W>yet</W><W>every</W><W>other</W><W>book</W><W>becomes</W><W>a</W><W>movie</W><W>.</W></SENTENCE><SENTENCE><W>Its</W><cue ID="97" type="negation"><W>not</W></cue><xcope ID="100"><ref ID="103" SRC="97"></ref><W>justice</W></xcope><W>.</W></SENTENCE></P><P></P><P><SENTENCE><W>Overall</W></SENTENCE></P><P></P><P><SENTENCE><W>Just</W><W>pass</W><W>on</W><W>this</W><W>one</W><W>.</W></SENTENCE><SENTENCE><W>Im</W><cue ID="148" type="speculation"><W>not</W><W>sure</W></cue><xcope ID="149"><ref COMMENTS="" ID="150" SRC="148"></ref><cue ID="140" type="speculation"><W>if</W></cue><xcope ID="144"><ref COMMENTS="" ID="147" SRC="140"></ref><W>you</W><W>liked</W><xcope ID="143"><ref COMMENTS="" ID="146" SRC="141"></ref><W>Pet</W><W>Cemetary</W></xcope><cue ID="141" type="speculation"><W>or</W></cue><xcope ID="142"><ref COMMENTS="" ID="145" SRC="141"></ref><W>whatever</W></xcope></xcope></xcope><W>,</W><W>but</W><W>just</W><W>pass</W><W>on</W><W>this</W><W>shallow</W><W>plot</W><W>,</W><W>and</W><W>go</W><W>get</W><W>The</W><W>Doomsday</W><W>Book</W><W>by</W><W>Connie</W><W>Willis</W><W>for</W><W>a</W><W>much</W><W>better</W><W>plot</W><W>and</W><W>writing</W><W>talent</W></SENTENCE></P></DOCUMENT>
