<?xml version="1.0" encoding="UTF-8"?>
<DOCUMENT><P></P><P><SENTENCE><W>It</W><cue ID="100" type="negation"><W>wo</W><W>n&#39;t</W></cue><xcope ID="2"><ref COMMENTS="" ID="101" SRC="100"></ref><W>be</W><W>any</W><W>spoiler</W></xcope><W>to</W><W>the</W><W>literate</W><W>masses</W><W>to</W><W>say</W><W>that</W><W>this</W><W>classic</W><W>Gothic</W><W>horror</W><W>story</W><W>revolves</W><W>around</W><W>young</W><W>Doctor</W><W>Victor</W><W>Frankenstein</W><W>and</W><W>the</W><W>monster</W><W>that</W><W>he</W><W>brings</W><W>to</W><W>life</W><W>.</W></SENTENCE><SENTENCE><W>This</W><W>unnamed</W><W>creature</W><W>,</W><W>the</W><W>culmination</W><W>of</W><W>years</W><W>of</W><W>painstaking</W><W>work</W><W>by</W><W>Frankenstein</W><W>,</W><W>turns</W><W>murderous</W><W>after</W><W>experiencing</W><W>cruelty</W><W>and</W><W>persecution</W><W>in</W><W>his</W><W>every</W><W>encounter</W><W>with</W><W>humankind</W><W>.</W></SENTENCE><SENTENCE><W>Mary</W><W>Shelley</W><W>&#39;s</W><W>work</W><W>was</W><W>first</W><W>published</W><W>anonymously</W><W>in</W><W>1818</W><W>.</W></SENTENCE><SENTENCE><W>Significant</W><W>in</W><W>its</W><W>day</W><W>for</W><W>the</W><W>distillation</W><W>of</W><W>Gothic</W><W>literary</W><W>conventions</W><W>combined</W><W>with</W><W>an</W><W>original</W><W>and</W><W>imaginative</W><W>premise</W><W>,</W><W>the</W><W>book</W><W>is</W><W>still</W><W>widely</W><W>known</W><W>today</W><W>,</W><cue ID="102" type="speculation"><W>if</W></cue><xcope ID="103"><ref COMMENTS="" ID="104" SRC="102"></ref><cue ID="1" type="negation"><W>not</W></cue><xcope ID="3"><ref ID="5" SRC="1"></ref><W>quite</W><W>so</W><W>widely</W><W>read</W></xcope></xcope><W>.</W></SENTENCE></P><P></P><P><SENTENCE><W>I</W><W>was</W><W>fairly</W><W>surprised</W><W>to</W><W>find</W><W>that</W><W>I</W><W>did</W><cue ID="6" type="negation"><W>not</W></cue><xcope ID="12"><ref ID="17" SRC="6"></ref><W>at</W><W>all</W><W>enjoy</W><W>reading</W><W>this</W><W>book</W></xcope><W>.</W></SENTENCE><SENTENCE><W>In</W><W>fact</W><W>,</W><W>I</W><W>found</W><W>it</W><W>enormously</W><W>repetitive</W><W>and</W><W>tedious</W><W>.</W></SENTENCE><SENTENCE><W>Despite</W><W>the</W><W>brevity</W><W>of</W><W>the</W><W>story</W><W>,</W><W>I</W><W>still</W><W>thought</W><W>the</W><W>story</W><W>dragged</W><W>on</W><W>,</W><W>as</W><W>if</W><W>the</W><W>author</W><W>had</W><W>padded</W><W>the</W><W>story</W><W>heavily</W><cue ID="7" type="negation"><W>without</W></cue><xcope ID="13"><ref ID="20" SRC="7"></ref><W>adding</W><W>anything</W><W>of</W><W>substance</W></xcope><W>.</W></SENTENCE><SENTENCE><W>I</W><W>was</W><W>also</W><W>surprised</W><W>to</W><W>find</W><W>that</W><W>the</W><W>story</W><W>held</W><W>absolutely</W><cue ID="8" type="negation"><W>no</W></cue><xcope ID="14"><ref ID="18" SRC="8"></ref><W>suspense</W><W>for</W><W>me</W></xcope><W>,</W><cue ID="10" type="negation"><W>nor</W></cue><xcope ID="15"><ref ID="19" SRC="10"></ref><W>could</W><W>I</W><W>say</W><W>that</W><W>the</W><W>story</W><W>struck</W><W>me</W><W>in</W><W>any</W><W>way</W><W>as</W><W>&#34;</W><W>creepy</W></xcope><W>.</W><W>&#34;</W></SENTENCE><SENTENCE><W>Sort</W><W>of</W><W>a</W><W>disappointment</W><W>for</W><W>one</W><W>of</W><W>the</W><W>most</W><W>famous</W><W>Gothic</W><W>horror</W><W>stories</W><W>of</W><W>all</W><W>time</W><W>,</W><W>would</W><W>n&#39;t</W><W>you</W><W>say</W><W>?</W></SENTENCE><SENTENCE><W>Adding</W><W>insult</W><W>to</W><W>injury</W><W>were</W><W>the</W><W>leaden</W><W>dialog</W><W>,</W><W>a</W><W>completely</W><W>unsympathetic</W><W>main</W><W>character</W><W>and</W><W>the</W><cue ID="11" type="negation"><W>lack</W></cue><xcope ID="105"><ref COMMENTS="" ID="106" SRC="11"></ref><W>of</W><W>credibility</W><W>in</W><W>the</W><W>actions</W><W>and</W><W>thoughts</W><W>of</W><W>the</W><W>characters</W></xcope><W>.</W></SENTENCE></P><P></P><P><SENTENCE><W>Here</W><W>&#39;s</W><W>an</W><W>example</W><W>of</W><W>what</W><W>I</W><W>mean</W><W>when</W><W>I</W><W>say</W><W>the</W><W>dialog</W><W>is</W><W>leaden</W><W>.</W></SENTENCE><SENTENCE><W>The</W><W>scene</W><W>is</W><W>one</W><W>in</W><W>which</W><W>a</W><W>household</W><W>servant</W><W>of</W><W>the</W><W>Frankensteins</W><W>has</W><W>wrongfully</W><W>been</W><W>accused</W><W>of</W><W>a</W><W>murder</W><W>committed</W><W>by</W><W>the</W><W>monster</W><W>.</W></SENTENCE><SENTENCE><W>The</W><W>excerpt</W><W>is</W><W>typical</W><W>of</W><W>all</W><W>the</W><W>dialog</W><W>in</W><W>the</W><W>novel</W><W>:</W></SENTENCE></P><P></P><P><SENTENCE><W>&#34;</W><W>She</W><W>is</W><W>innocent</W><W>,</W><W>my</W><W>Elizabeth</W><W>,</W><W>&#34;</W><W>said</W><W>I</W><W>,</W><W>&#34;</W><W>and</W><W>that</W><W>shall</W><W>be</W><W>proved</W><W>;</W><xcope ID="23"><ref ID="24" SRC="22"></ref><W>fear</W></xcope><cue ID="22" type="negation"><W>nothing</W></cue><W>,</W><W>but</W><W>let</W><W>your</W><W>spirits</W><W>be</W><W>cheered</W><W>by</W><W>the</W><W>assurance</W><W>of</W><W>her</W><W>acquittal</W><W>.</W><W>&#34;</W></SENTENCE></P><P></P><P><SENTENCE><W>&#34;</W><W>How</W><W>kind</W><W>and</W><W>generous</W><W>you</W><W>are</W><W>!</W><W>every</W><W>one</W><W>else</W><W>believes</W><W>in</W><W>her</W><W>guilt</W><W>,</W><W>and</W><W>that</W><W>made</W><W>me</W><W>wretched</W><W>,</W><W>for</W><W>I</W><W>knew</W><W>that</W><W>it</W><W>was</W><W>impossible</W><W>:</W><W>and</W><W>to</W><W>see</W><W>every</W><W>one</W><W>else</W><W>prejudiced</W><W>in</W><W>so</W><W>deadly</W><W>a</W><W>manner</W><W>rendered</W><W>me</W><W>hopeless</W><W>and</W><W>despairing</W><W>.</W><W>&#34;</W></SENTENCE><SENTENCE><W>She</W><W>wept</W><W>.</W></SENTENCE></P><P></P><P><SENTENCE><W>&#34;</W><W>Dearest</W><W>niece</W><W>,</W><W>&#34;</W><W>said</W><W>my</W><W>father</W><W>,</W><W>&#34;dry</W><W>your</W><W>tears</W><W>.</W></SENTENCE><SENTENCE><W>If</W><W>she</W><W>is</W><W>,</W><W>as</W><W>you</W><W>believe</W><W>,</W><W>innocent</W><W>,</W><W>rely</W><W>on</W><W>the</W><W>justice</W><W>of</W><W>our</W><W>laws</W><W>,</W><W>and</W><W>the</W><W>activity</W><W>with</W><W>which</W><W>I</W><cue ID="25" type="speculation"><W>shall</W></cue><xcope ID="26"><ref ID="27" SRC="25"></ref><W>prevent</W><W>the</W><W>slightest</W><W>shadow</W><W>of</W><W>partiality</W></xcope><W>.</W><W>&#39;</W></SENTENCE></P><P></P><P><SENTENCE><W>-Surely</W><W>some</W><W>of</W><W>this</W><W>turgid</W><W>stuffiness</W><cue ID="28" type="speculation"><W>can</W></cue><xcope ID="31"><ref ID="34" SRC="28"></ref><W>be</W><W>attributed</W><W>to</W><W>the</W><W>time</W><W>period</W><W>in</W><W>which</W><W>Shelley</W><W>wrote</W></xcope><W>.</W></SENTENCE><SENTENCE><W>But</W><W>it</W><W>strains</W><W>credulity</W><W>to</W><W>suggest</W><W>that</W><W>intimate</W><W>family</W><W>members</W><cue ID="29" type="speculation"><W>would</W></cue><xcope ID="32"><ref ID="35" SRC="29"></ref><W>really</W><W>converse</W><W>with</W><W>each</W><W>other</W><W>in</W><W>this</W><W>way</W></xcope><W>,</W><cue ID="30" type="negation"><W>no</W></cue><xcope ID="33"><ref ID="36" SRC="30"></ref><W>matter</W><W>the</W><W>era</W></xcope><W>.</W></SENTENCE></P><P></P><P><SENTENCE><W>After</W><W>endowing</W><W>his</W><W>creation</W><W>with</W><W>life</W><W>,</W><W>Victor</W><W>Frankenstein</W><W>flees</W><W>his</W><W>laboratory</W><W>,</W><W>loses</W><W>track</W><W>of</W><W>the</W><W>monster</W><W>and</W><W>then</W><W>goes</W><W>about</W><W>his</W><W>miserable</W><W>life</W><W>for</W><W>two</W><W>years</W><W>,</W><W>apparently</W><W>uninterested</W><W>in</W><W>what</W><W>has</W><W>become</W><W>of</W><W>his</W><W>life</W><W>&#39;s</W><W>work</W><W>.</W></SENTENCE><SENTENCE><W>Is</W><W>this</W><W>plausible</W><W>?</W></SENTENCE><SENTENCE><W>His</W><W>role</W><W>during</W><W>this</W><W>time</W><W>consists</W><W>principally</W><W>of</W><W>languishing</W><W>in</W><W>nervous</W><W>fever-wracked</W><W>states</W><W>,</W><W>absolving</W><W>himself</W><W>of</W><W>all</W><W>responsibility</W><W>,</W><W>wallowing</W><W>all</W><W>the</W><W>while</W><W>in</W><W>self-indulgent</W><W>,</W><W>morbid</W><W>melancholy</W><W>and</W><W>revulsion</W><W>towards</W><W>the</W><W>work</W><W>of</W><W>his</W><W>own</W><W>hands</W><W>.</W></SENTENCE><SENTENCE><W>He</W><W>waffles</W><W>and</W><W>dithers</W><W>and</W><W>generally</W><W>acts</W><W>like</W><W>an</W><W>idiot</W><W>for</W><W>chapters</W><W>on</W><W>end</W><W>.</W></SENTENCE><SENTENCE><W>None</W><W>of</W><W>this</W><W>behavior</W><W>endeared</W><W>him</W><W>to</W><W>me</W><W>.</W></SENTENCE><SENTENCE><W>In</W><W>fact</W><W>,</W><W>the</W><W>monster</W><W>possesses</W><W>qualities</W><W>,</W><W>at</W><W>least</W><W>at</W><W>times</W><W>,</W><W>that</W><W>are</W><W>far</W><W>more</W><W>ennobling</W><W>than</W><W>any</W><W>his</W><W>creator</W><W>ever</W><W>displays</W><W>.</W></SENTENCE><SENTENCE><W>The</W><W>words</W><W>&#34;miserable</W><W>&#34;</W><W>and</W><W>&#34;misery</W><W>,</W><W>&#34;</W><W>&#34;gloom</W><W>&#34;</W><W>and</W><W>&#34;anguish</W><W>&#34;</W><W>appear</W><W>on</W><W>almost</W><W>every</W><W>page</W><W>,</W><W>sometimes</W><W>in</W><W>multiple</W><W>paragraphs</W><W>per</W><W>page</W><W>.</W></SENTENCE><SENTENCE><W>If</W><W>Shelley</W><W>was</W><W>trying</W><W>to</W><W>get</W><W>the</W><W>message</W><W>across</W><W>about</W><W>Victor</W><W>&#39;s</W><W>wretched</W><W>state</W><W>,</W><W>she</W><cue ID="37" type="speculation"><W>might</W></cue><xcope ID="107"><ref COMMENTS="" ID="111" SRC="39"></ref><W>have</W><W>had</W><W>a</W><W>little</W><W>more</W><W>faith</W><W>in</W><W>her</W><W>readers</W><W>&#39;</W><W>ability</W><W>to</W><W>absorb</W><W>that</W><W>message</W><W>the</W><xcope ID="42"><ref ID="49" SRC="38"></ref><W>first</W></xcope><W>,</W><xcope ID="43"><ref ID="50" SRC="38"></ref><W>second</W></xcope><W>,</W><xcope ID="44"><ref ID="51" SRC="38"></ref><W>third</W></xcope><cue ID="38" type="speculation"><W>or</W></cue><xcope ID="45"><ref ID="52" SRC="38"></ref><W>fourth</W><W>times</W><W>around</W></xcope></xcope><W>.</W></SENTENCE><SENTENCE><cue ID="39" type="speculation"><W>Or</W></cue><xcope ID="109"><ref COMMENTS="" ID="110" SRC="39"></ref><W>barring</W><W>that</W><W>,</W><W>she</W><cue ID="40" type="speculation"><W>might</W></cue><xcope ID="47"><ref ID="54" SRC="40"></ref><W>have</W><W>had</W><W>recourse</W><W>to</W><W>a</W><W>thesaurus</W><W>to</W><W>look</W><W>for</W><W>other</W><W>descriptive</W><W>terms</W></xcope></xcope><W>.</W></SENTENCE><SENTENCE><W>The</W><W>reader</W><W>is</W><W>asked</W><W>to</W><W>not</W><W>only</W><W>endure</W><W>,</W><W>but</W><W>to</W><W>care</W><W>about</W><W>and</W><W>empathize</W><W>with</W><W>the</W><W>neurotic</W><W>thoughts</W><W>and</W><W>behavior</W><W>of</W><W>Victor</W><W>Frankenstein</W><W>for</W><W>far</W><W>too</W><W>long</W><W>.</W></SENTENCE></P><P></P><P><SENTENCE><W>Yet</W><W>another</W><W>implausible</W><W>aspect</W><W>of</W><W>the</W><W>story</W><W>creeps</W><W>into</W><W>the</W><W>narrative</W><W>by</W><W>way</W><W>of</W><W>the</W><W>narrator</W><W>.</W></SENTENCE><SENTENCE><W>Frankenstein</W><W>is</W><W>actually</W><W>a</W><W>story</W><W>within</W><W>a</W><W>story</W><W>within</W><W>a</W><W>story</W><W>.</W></SENTENCE><SENTENCE><W>What</W><W>that</W><W>means</W><W>is</W><W>that</W><W>Victor</W><W>Frankenstein</W><W>is</W><W>relating</W><W>his</W><W>story</W><W>to</W><W>the</W><W>captain</W><W>of</W><W>an</W><W>exploratory</W><W>vessel</W><W>in</W><W>the</W><W>Arctic</W><W>,</W><W>who</W><W>is</W><W>in</W><W>turn</W><W>taking</W><W>the</W><W>tale</W><W>down</W><W>in</W><W>lengthy</W><W>letters</W><W>to</W><W>his</W><W>sister</W><W>.</W></SENTENCE><SENTENCE><W>And</W><W>when</W><W>Frankenstein</W><W>recounts</W><W>the</W><W>story</W><W>told</W><W>to</W><W>him</W><W>by</W><W>the</W><W>monster</W><W>,</W><W>yet</W><W>another</W><W>layer</W><W>is</W><W>added</W><W>to</W><W>this</W><W>tissue</W><W>of</W><W>boredom</W><W>.</W></SENTENCE><SENTENCE><W>But</W><W>I</W><W>digress</W><W>.</W></SENTENCE><SENTENCE><W>What</W><W>I</W><W>found</W><W>implausible</W><W>here</W><W>is</W><W>the</W><W>highly</W><W>favorable</W><W>impression</W><W>that</W><W>Victor</W><W>Frankenstein</W><W>-</W><W>at</W><W>this</W><W>point</W><W>a</W><W>dying</W><W>wreck</W><W>of</W><W>a</W><W>man</W><W>-</W><W>makes</W><W>upon</W><W>the</W><W>sea</W><W>captain</W><W>.</W></SENTENCE><SENTENCE><W>In</W><W>his</W><W>letters</W><W>,</W><W>the</W><W>captain</W><W>speaks</W><W>of</W><W>Frankenstein</W><W>&#39;s</W><W>nobility</W><W>of</W><W>soul</W><W>and</W><W>of</W><W>how</W><W>he</W><W>grows</W><W>to</W><W>love</W><W>the</W><W>good</W><W>doctor</W><W>as</W><W>a</W><W>brother</W><W>.</W></SENTENCE><SENTENCE><W>Knowing</W><W>Frankenstein</W><W>through</W><W>his</W><W>own</W><W>words</W><W>left</W><W>me</W><W>with</W><W>an</W><W>altogether</W><W>different</W><W>impression</W><W>of</W><W>the</W><W>man</W><W>and</W><W>I</W><W>fail</W><W>to</W><W>see</W><W>how</W><W>the</W><W>captain</W><cue ID="55" type="speculation"><W>could</W></cue><xcope ID="56"><ref ID="57" SRC="55"></ref><W>be</W><W>so</W><W>taken</W><W>with</W><W>his</W><W>acquaintance</W></xcope><W>.</W></SENTENCE></P><P></P><P><SENTENCE><W>It</W><W>has</W><W>been</W><W>and</W><cue ID="58" type="speculation"><W>can</W></cue><xcope ID="61"><ref ID="63" SRC="58"></ref><W>be</W><W>argued</W><W>that</W><W>Frankenstein</W><W>is</W><W>largely</W><W>a</W><W>moral</W><W>tale</W></xcope><W>.</W></SENTENCE><SENTENCE><W>To</W><W>reduce</W><W>the</W><W>moral</W><W>philosophy</W><W>of</W><W>the</W><W>tale</W><W>to</W><W>its</W><W>essence</W><W>,</W><W>kind</W><W>treatment</W><W>makes</W><W>people</W><W>good</W><W>;</W><W>cruel</W><W>treatment</W><W>,</W><W>revulsion</W><W>and</W><W>rejection</W><W>makes</W><W>them</W><W>wicked</W><W>.</W></SENTENCE><SENTENCE><W>Yet</W><W>this</W><W>idea</W><cue ID="112" type="negation"><W>does</W><W>n&#39;t</W></cue><xcope ID="62"><ref COMMENTS="" ID="113" SRC="112"></ref><W>even</W><W>hold</W><W>up</W><W>in</W><W>Shelley</W><W>&#39;s</W><W>tale</W><W>,</W></xcope><W>for</W><W>Victor</W><W>,</W><W>though</W><W>raised</W><W>by</W><W>benevolent</W><W>and</W><W>loving</W><W>parents</W><W>treats</W><W>his</W><W>own</W><W>creation</W><W>most</W><W>cruelly</W><W>.</W></SENTENCE><SENTENCE><W>And</W><W>the</W><W>monster</W><W>,</W><W>though</W><W>treated</W><W>most</W><W>cruelly</W><W>by</W><W>all</W><W>he</W><W>encounters</W><W>,</W><W>retains</W><W>an</W><W>innate</W><W>moral</W><W>compass</W><W>and</W><W>yearning</W><W>towards</W><W>goodness</W><W>even</W><W>as</W><W>he</W><W>continues</W><W>his</W><W>annihilation</W><W>of</W><W>Frankenstein</W><W>&#39;s</W><W>friends</W><W>and</W><W>family</W><W>.</W></SENTENCE></P><P></P><P><SENTENCE><W>Another</W><W>theme</W><W>that</W><W>Shelley</W><W>raises</W><W>but</W><W>does</W><cue ID="66" type="negation"><W>not</W></cue><xcope ID="114"><ref COMMENTS="" ID="115" SRC="66"></ref><W>satisfactorily</W><W>treat</W><W>is</W><W>the</W><W>idea</W><W>that</W><W>man</W><W>&#39;s</W><W>desire</W><W>to</W><W>master</W><W>nature</W><W>and</W><W>to</W><W>understand</W><W>the</W><W>world</W><W>in</W><W>which</W><W>we</W><W>live</W><W>is</W><W>futile</W><cue ID="67" type="negation"><W>without</W></cue><xcope ID="70"><ref ID="73" SRC="67"></ref><W>the</W><W>all-too-rare</W><W>qualities</W><W>of</W><W>self-mastery</W><W>and</W><W>understanding</W><W>of</W><W>human</W><W>desires</W><W>and</W><W>limitations</W></xcope></xcope><W>.</W></SENTENCE><SENTENCE><W>Frankenstein</W><W>&#39;s</W><W>fatal</W><W>immaturity</W><W>allowed</W><W>his</W><W>hubristic</W><W>faith</W><W>in</W><W>his</W><W>own</W><W>abilities</W><W>to</W><W>overreach</W><W>his</W><W>wisdom</W><W>and</W><W>his</W><W>compassion</W><W>.</W></SENTENCE><SENTENCE><W>The</W><W>monster</W><W>is</W><cue ID="68" type="negation"><W>not</W></cue><xcope ID="71"><ref ID="74" SRC="68"></ref><W>inherently</W><W>monstrous</W></xcope><W>,</W><W>but</W><W>becomes</W><W>so</W><W>through</W><W>his</W><W>creator</W><W>&#39;s</W><W>rejection</W><W>of</W><W>him</W><W>.</W></SENTENCE><SENTENCE><W>Had</W><W>the</W><W>young</W><W>doctor</W><W>had</W><W>the</W><W>wisdom</W><W>to</W><W>predict</W><W>his</W><W>own</W><W>reaction</W><W>to</W><W>his</W><W>creation</W><W>or</W><W>the</W><W>compassion</W><W>to</W><W>treat</W><W>it</W><W>benevolently</W><W>,</W><W>Shelley</W><W>suggests</W><W>,</W><W>the</W><W>disaster</W><W>could</W><W>easily</W><W>have</W><W>been</W><W>averted</W><W>.</W></SENTENCE><SENTENCE><W>Yet</W><W>this</W><W>message</W><W>is</W><W>merely</W><W>hinted</W><W>at</W><W>and</W><cue ID="104" type="negation"><W>not</W></cue><xcope ID="105"><ref COMMENTS="" ID="109" SRC="104"></ref><W>drawn</W><W>out</W></xcope><W>to</W><W>any</W><xcope ID="108"><ref COMMENTS="" ID="111" SRC="106"></ref><W>clear</W><W>explication</W></xcope><cue ID="106" type="speculation"><W>or</W></cue><xcope ID="107"><ref COMMENTS="" ID="110" SRC="106"></ref><W>moral</W></xcope><W>.</W></SENTENCE></P><P></P><P><SENTENCE><W>It</W><W>&#39;s</W><W>clear</W><W>that</W><W>Shelley</W><W>meant</W><W>to</W><W>play</W><W>upon</W><W>the</W><W>parallels</W><W>and</W><W>contrasts</W><W>between</W><W>the</W><W>creator</W><W>and</W><W>the</W><W>creature</W><W>in</W><W>her</W><W>novel</W><W>.</W></SENTENCE><SENTENCE><W>Each</W><W>of</W><W>them</W><W>is</W><W>made</W><W>miserable</W><W>by</W><W>the</W><W>existence</W><W>of</W><W>the</W><W>other</W><W>.</W></SENTENCE><SENTENCE><W>Each</W><W>of</W><W>them</W><W>seeks</W><W>to</W><W>master</W><W>the</W><W>other</W><W>.</W></SENTENCE><SENTENCE><W>Both</W><W>feel</W><W>cut</W><W>off</W><W>from</W><W>the</W><W>world</W><W>around</W><W>them</W><W>.</W></SENTENCE><SENTENCE><W>And</W><W>they</W><W>both</W><W>say</W><W>of</W><W>their</W><W>sufferings</W><W>&#34;</W><W>I</W><W>bore</W><W>a</W><W>hell</W><W>within</W><W>me</W><W>.</W><W>&#34;</W></SENTENCE><SENTENCE><W>Yet</W><W>their</W><W>differences</W><W>are</W><W>great</W><W>too</W><W>,</W><W>for</W><W>where</W><W>Victor</W><W>pursues</W><W>science</W><W>and</W><W>rationality</W><W>in</W><W>his</W><W>studies</W><W>,</W><W>his</W><W>reactions</W><W>devolve</W><W>into</W><W>hysterics</W><W>and</W><W>passivity</W><W>;</W><W>while</W><W>the</W><W>monster</W><W>,</W><W>who</W><W>comes</W><W>into</W><W>existence</W><W>with</W><cue ID="75" type="negation"><W>no</W></cue><xcope ID="82"><ref ID="94" SRC="75"></ref><W>learning</W></xcope><W>and</W><cue ID="76" type="negation"><W>no</W></cue><xcope ID="83"><ref ID="93" SRC="76"></ref><W>one</W><W>to</W><W>instruct</W><W>him</W></xcope><W>,</W><W>resorts</W><W>to</W><W>empirical</W><W>analysis</W><W>of</W><W>the</W><W>world</W><W>and</W><W>consistently</W><W>acts</W><W>vigorously</W><W>on</W><W>the</W><W>basis</W><W>of</W><W>his</W><W>analyses</W><W>.</W></SENTENCE><SENTENCE><W>In</W><W>these</W><W>contrasts</W><W>and</W><W>similarities</W><W>,</W><W>we</W><cue ID="77" type="speculation"><W>can</W></cue><xcope ID="116"><ref COMMENTS="" ID="118" SRC="77"></ref><W>detect</W><W>Mary</W><W>Shelley</W><W>&#39;s</W><W>background</W><W>as</W><W>the</W><W>daughter</W><W>of</W><W>a</W><W>philosopher</W><W>and</W><W>the</W><W>wife</W><W>of</W><W>a</W><W>poet</W></xcope><W>.</W></SENTENCE><SENTENCE><W>Unfortunately</W><W>,</W><W>this</W><W>after-the-fact</W><W>sort</W><W>of</W><W>literary</W><W>parsing</W><cue ID="117" type="negation"><W>does</W><W>n&#39;t</W></cue><xcope ID="85"><ref COMMENTS="" ID="119" SRC="117"></ref><W>make</W><W>up</W><W>for</W><W>the</W><W>anemic</W><W>and</W><W>long-winded</W><W>text</W><W>that</W><W>Shelley</W><W>left</W><W>us</W></xcope><W>.</W></SENTENCE></P><P></P><P><SENTENCE><W>This</W><W>is</W><W>the</W><W>first</W><W>time</W><W>in</W><W>my</W><W>memory</W><W>that</W><W>I</W><W>have</W><W>read</W><W>a</W><W>classic</W><W>piece</W><W>of</W><W>literature</W><W>and</W><W>found</W><W>virtually</W><cue ID="79" type="negation"><W>nothing</W></cue><xcope ID="88"><ref ID="91" SRC="87"></ref><W>to</W><W>commend</W><W>it</W></xcope><cue ID="87" type="speculation"><W>or</W></cue><xcope ID="89"><ref ID="92" SRC="87"></ref><W>repay</W><W>my</W><W>time</W><W>and</W><W>effort</W></xcope><W>.</W></SENTENCE><SENTENCE><W>It</W><W>surprises</W><W>me</W><W>that</W><W>a</W><W>book</W><W>of</W><W>such</W><W>a</W><W>reputation</W><W>falls</W><W>so</W><W>far</W><W>short</W><W>in</W><W>every</W><W>way</W><W>by</W><W>which</W><W>I</W><W>am</W><W>accustomed</W><W>to</W><W>judge</W><W>fiction</W><W>.</W></SENTENCE><SENTENCE><W>Sadly</W><W>,</W><W>I</W><cue ID="80" type="negation"><W>cannot</W></cue><xcope ID="97"><ref ID="98" SRC="80"></ref><W>recommend</W><W>this</W><W>book</W><W>to</W><W>anyone</W></xcope><W>.</W></SENTENCE><SENTENCE><W>I</W><cue ID="81" type="speculation"><W>suspect</W></cue><xcope ID="99"><ref ID="100" SRC="81"></ref><W>that</W><W>the</W><W>book</W><W>continues</W><W>to</W><W>be</W><W>read</W><W>today</W><W>largely</W><W>on</W><W>the</W><W>strength</W><W>of</W><W>its</W><W>popularity</W><W>in</W><W>the</W><W>era</W><W>of</W><W>its</W><W>publication</W></xcope></SENTENCE></P></DOCUMENT>
