<?xml version="1.0" encoding="UTF-8"?>
<DOCUMENT><DESC></DESC><DESC></DESC><TIME>1087</TIME><P></P><P><SENTENCE><W>I</W><W>&#39;ve</W><W>read</W><W>most</W><W>of</W><W>the</W><W>books</W><W>written</W><W>by</W><W>Mary</W><W>Higgins</W><W>Clark</W><W>and</W><W>have</W><W>enjoyed</W><W>them</W><W>.</W></SENTENCE><SENTENCE><W>Before</W><W>I</W><W>Say</W><W>Goodbye</W><W>is</W><W>her</W><W>22nd</W><W>book</W><W>and</W><W>my</W><W>least</W><W>favorite</W><W>of</W><W>all</W><W>of</W><W>them</W><W>.</W></SENTENCE><SENTENCE><W>That</W><cue ID="32" type="negation"><W>does</W><W>n&#39;t</W></cue><xcope ID="33"><ref COMMENTS="" ID="35" SRC="32"></ref><W>mean</W><W>I</W><cue ID="30" type="negation"><W>did</W><W>n&#39;t</W></cue><xcope ID="31"><ref COMMENTS="" ID="34" SRC="30"></ref><W>enjoy</W><W>it</W></xcope></xcope><W>,</W><W>I</W><W>just</W><W>felt</W><W>her</W><W>other</W><W>novels</W><W>were</W><W>much</W><W>more</W><W>exciting</W><W>and</W><W>interesting</W><W>.</W></SENTENCE></P><P></P><P><SENTENCE><W>I</W><W>read</W><W>the</W><W>back</W><W>cover</W><W>of</W><W>the</W><W>book</W><W>and</W><W>expected</W><W>something</W><W>completely</W><W>different</W><W>than</W><W>the</W><W>story</W><W>before</W><W>me</W><W>.</W></SENTENCE><SENTENCE><W>The</W><W>synopsis</W><W>indicated</W><W>that</W><W>Nell</W><W>MacDermott</W><W>had</W><W>lost</W><W>her</W><W>husband</W><W>,</W><W>Adam</W><W>,</W><W>when</W><W>a</W><W>bomb</W><W>blew</W><W>up</W><W>his</W><W>boat</W><W>.</W></SENTENCE><SENTENCE><W>She</W><W>had</W><W>so</W><W>many</W><W>unanswered</W><W>questions</W><W>.</W></SENTENCE><SENTENCE><W>When</W><W>a</W><W>woman</W><W>approached</W><W>her</W><W>with</W><W>psychic</W><W>powers</W><W>claiming</W><W>to</W><W>have</W><W>contacted</W><W>Adam</W><W>in</W><W>the</W><W>after-life</W><W>,</W><W>Nell</W><W>agrees</W><W>to</W><W>try</W><W>to</W><W>get</W><W>the</W><W>answers</W><W>through</W><W>this</W><W>medium</W><W>.</W></SENTENCE></P><P></P><P><SENTENCE><W>This</W><cue ID="36" type="negation"><W>was</W><W>n&#39;t</W></cue><xcope ID="9"><ref COMMENTS="" ID="37" SRC="36"></ref><W>the</W><W>story</W><W>line</W><W>at</W><W>all</W></xcope><W>-</W><W>there</W><W>was</W><W>a</W><W>hint</W><W>at</W><W>the</W><W>paranormal</W><W>and</W><W>psychic</W><W>abilities</W><W>,</W><W>but</W><W>only</W><W>a</W><W>hint</W><W>.</W></SENTENCE><SENTENCE><cue ID="7" type="speculation"><W>Maybe</W></cue><xcope ID="10"><ref ID="13" SRC="7"></ref><W>Clark</W><W>&#39;s</W><W>publicist</W><W>was</W><W>trying</W><W>to</W><W>draw</W><W>in</W><W>those</W><W>interested</W><W>in</W><W>the</W><W>paranormal</W></xcope><W>.</W></SENTENCE><SENTENCE><W>The</W><W>story</W><W>was</W><W>more</W><W>based</W><W>on</W><W>Nell</W><W>trying</W><W>to</W><W>clear</W><W>Adam</W><W>&#39;s</W><W>name</W><W>when</W><W>bid</W><W>rigging</W><W>and</W><W>construction</W><W>scams</W><W>are</W><W>investigated</W><W>by</W><W>law</W><W>enforcement</W><W>agencies</W><W>and</W><xcope ID="40"><ref COMMENTS="" ID="41" SRC="8"></ref><W>her</W><W>husband</W><W>&#39;s</W><W>name</W></xcope><cue ID="8" type="speculation"><W>seems</W></cue><xcope ID="11"><ref ID="14" SRC="8"></ref><W>to</W><W>be</W><W>at</W><W>the</W><W>center</W><W>of</W><W>it</W><W>all</W></xcope><W>.</W></SENTENCE><SENTENCE><W>Oh</W><W>and</W><W>did</W><W>I</W><W>mention</W><W>that</W><W>Nell</W><W>&#39;s</W><W>grandfather</W><W>(</W><W>who</W><W>raised</W><W>her</W><W>)</W><W>is</W><W>a</W><W>retired</W><W>congressman</W><W>who</W><W>wants</W><W>his</W><W>granddaughter</W><W>to</W><W>follow</W><W>in</W><W>his</W><W>political</W><W>footsteps</W><W>?</W></SENTENCE><SENTENCE><W>With</W><W>the</W><W>black</W><W>cloud</W><W>hanging</W><W>over</W><W>her</W><W>dead</W><W>husband</W><W>,</W><W>Nell</W><W>&#39;s</W><W>political</W><W>future</W><W>is</W><W>very</W><W>uncertain</W><W>.</W></SENTENCE><SENTENCE><W>Nell</W><W>goes</W><W>on</W><W>her</W><W>on</W><W>sleuthing</W><W>expedition</W><W>to</W><W>try</W><W>to</W><W>get</W><W>answers</W><W>and</W><W>ends</W><W>up</W><W>getting</W><W>more</W><W>than</W><W>she</W><W>bargained</W><W>for</W><W>and</W><W>it</W><W>&#39;s</W><W>a</W><W>race</W><W>against</W><W>the</W><W>clock</W><W>to</W><W>save</W><W>her</W><W>.</W></SENTENCE></P><P></P><P><SENTENCE><W>The</W><W>characters</W><W>are</W><cue ID="15" type="negation"><W>not</W></cue><xcope ID="21"><ref ID="28" SRC="15"></ref><W>very</W><W>well</W><W>described</W></xcope><W>,</W><W>but</W><W>only</W><W>vaguely</W><W>outlined</W><W>.</W></SENTENCE><SENTENCE><W>That</W><W>&#39;s</W><cue ID="38" type="speculation"><W>probably</W></cue><xcope ID="39"><ref COMMENTS="" ID="40" SRC="38"></ref><W>the</W><W>biggest</W><W>detriment</W><W>to</W><W>the</W><W>book</W></xcope><W>-</W><W>there</W><W>were</W><W>so</W><W>many</W><W>support</W><W>characters</W><W>that</W><cue ID="16" type="speculation"><W>could</W></cue><xcope ID="24"><ref ID="31" SRC="16"></ref><W>have</W><W>made</W><W>for</W><W>some</W><W>fantastic</W><W>subplots</W></xcope><W>and</W><W>the</W><W>opportunities</W><W>were</W><W>wasted</W><W>.</W></SENTENCE><SENTENCE><W>For</W><W>example</W><W>,</W><W>Nell</W><W>&#39;s</W><W>Great</W><W>Aunt</W><W>Gert</W><cue ID="17" type="speculation"><W>could</W></cue><xcope ID="23"><ref ID="29" SRC="17"></ref><W>have</W><W>an</W><W>entire</W><W>book</W><W>devoted</W><W>to</W><W>her</W><W>whimsical</W><W>character</W></xcope><W>.</W></SENTENCE><SENTENCE><W>She</W><W>&#39;s</W><W>fun</W><W>,</W><W>eclectic</W><W>and</W><W>loves</W><W>to</W><W>explore</W><W>the</W><W>supernatural</W><W>(</W><W>did</W><cue ID="18" type="negation"><W>n&#39;t</W></cue><xcope ID="27"><ref ID="30" SRC="18"></ref><W>Mary</W><W>Higgins</W><W>Clark</W><W>write</W><W>an</W><W>entire</W><W>book</W><W>for</W><W>another</W><W>support</W><W>character</W><W>with</W><W>the</W><W>same</W><W>fun</W><W>characteristics</W><W>?</W></xcope></SENTENCE><SENTENCE><W>Yep</W><W>,</W><W>remember</W><W>The</W><W>Lottery</W><W>Winner</W><W>?</W><W>)</W><W>.</W></SENTENCE><SENTENCE><W>Maybe</W><W>the</W><W>future</W><W>will</W><W>hold</W><W>a</W><W>book</W><W>on</W><W>Great</W><W>Aunt</W><W>Gert</W><W>,</W><W>which</W><cue ID="19" type="speculation"><W>should</W></cue><xcope ID="26"><ref ID="32" SRC="19"></ref><W>be</W><W>fun</W><W>to</W><W>read</W></xcope><W>.</W></SENTENCE></P><P></P><P><SENTENCE><W>Before</W><W>I</W><W>Say</W><W>Goodbye</W><W>is</W><W>an</W><W>average</W><W>book</W><W>,</W><W>but</W><W>definitely</W><W>not</W><W>on</W><W>the</W><W>top</W><W>of</W><W>Mary</W><W>Higgins</W><W>Clark</W><W>&#39;s</W><W>list</W><W>of</W><W>great</W><W>books</W><W>.</W></SENTENCE><SENTENCE><W>Before</W><W>I</W><W>Say</W><W>Goodbye</W><W>leaves</W><W>you</W><W>wanting</W><W>more</W><W>-</W><W>more</W><W>character</W><W>description</W><W>,</W><W>more</W><W>in-depth</W><W>plot</W><W>,</W><W>more</W><W>subplots</W><W>,</W><W>more</W><W>everything</W><W>!</W></SENTENCE><SENTENCE><cue ID="43" type="speculation"><W>I</W><W>&#39;d</W></cue><xcope ID="46"><ref COMMENTS="" ID="49" SRC="43"></ref><cue ID="42" type="speculation"><W>suggest</W></cue><xcope ID="45"><ref COMMENTS="" ID="48" SRC="42"></ref><W>it</W><W>only</W><cue ID="41" type="speculation"><W>if</W></cue><xcope ID="44"><ref COMMENTS="" ID="47" SRC="41"></ref><W>you</W><W>&#39;ve</W><W>read</W><W>all</W><W>of</W><W>her</W><W>other</W><W>books</W></xcope></xcope><W>,</W></xcope><W>but</W><W>until</W><W>then</W><W>,</W><W>leave</W><W>it</W><W>on</W><W>the</W><W>library</W><W>shelf</W><W>!</W></SENTENCE></P></DOCUMENT>
