<?xml version="1.0" encoding="UTF-8"?>
<DOCUMENT><P></P><P><SENTENCE><W>Dean</W><W>Koontz</W><W>is</W><W>one</W><W>of</W><W>my</W><W>favorite</W><W>horror/sci</W><W>fi</W><W>writers</W><W>.</W></SENTENCE><SENTENCE><W>In</W><W>the</W><W>past</W><W>,</W><W>his</W><W>books</W><W>have</W><W>been</W><W>very</W><W>easy</W><W>to</W><W>read</W><W>and</W><W>the</W><W>stories</W><W>believable</W><W>enough</W><W>to</W><W>fall</W><W>in</W><W>love</W><W>with</W><W>the</W><W>book</W><W>.</W></SENTENCE></P><P></P><P><SENTENCE><W>I</W><W>was</W><W>given</W><W>The</W><W>House</W><W>of</W><W>Thunder</W><W>as</W><W>a</W><W>gift</W><W>and</W><W>eagerly</W><W>began</W><W>reading</W><W>over</W><W>a</W><W>rainy</W><W>weekend</W><W>.</W></SENTENCE><SENTENCE><W>Even</W><W>though</W><W>,</W><W>the</W><W>book</W><W>jacket</W><W>says</W><W>that</W><W>is</W><W>was</W><W>written</W><W>by</W><W>Dean</W><W>Koontz</W><W>,</W><W>this</W><W>book</W><cue ID="0" type="speculation"><W>seemed</W></cue><xcope ID="51"><ref COMMENTS="" ID="53" SRC="0"></ref><W>to</W><cue ID="1" type="negation"><W>lack</W></cue><xcope ID="50"><ref COMMENTS="" ID="52" SRC="1"></ref><W>Dean</W><W>&#39;s</W><W>usual</W><W>flair</W></xcope></xcope><W>.</W></SENTENCE></P><P></P><P><SENTENCE><W>The</W><W>Beginning</W></SENTENCE></P><P></P><P><SENTENCE><W>The</W><W>story</W><W>begins</W><W>with</W><W>a</W><W>young</W><W>woman-Susan-awakening</W><W>in</W><W>a</W><W>hospital</W><W>bed</W><W>.</W></SENTENCE><SENTENCE><W>She</W><W>has</W><W>been</W><W>in</W><W>a</W><W>coma</W><W>for</W><W>so</W><W>long</W><W>that</W><W>she</W><W>does</W><cue ID="5" type="negation"><W>not</W></cue><xcope ID="10"><ref ID="19" SRC="6"></ref><W>remember</W><W>her</W><W>name</W></xcope><W>,</W><xcope ID="12"><ref ID="20" SRC="6"></ref><W>her</W><W>job</W></xcope><W>,</W><cue ID="6" type="speculation"><W>or</W></cue><xcope ID="11"><ref ID="21" SRC="6"></ref><W>what</W><W>caused</W><W>her</W><W>to</W><W>be</W><W>in</W><W>the</W><W>hospital</W><W>in</W><W>the</W><W>first</W><W>place</W></xcope><W>.</W></SENTENCE><SENTENCE><W>It</W><W>is</W><W>up</W><W>to</W><W>the</W><W>dr</W><W>.</W><W>to</W><W>tell</W><W>her</W><W>a</W><W>little</W><W>about</W><W>herself</W><W>;</W><W>that</W><W>she</W><W>was</W><W>a</W><W>physicist</W><W>at</W><W>a</W><W>drug</W><W>company</W><W>.</W></SENTENCE><SENTENCE><W>With</W><W>the</W><W>dr</W><W>&#39;s</W><W>help</W><W>,</W><W>Susan</W><W>begins</W><W>remembering</W><W>bits</W><W>and</W><W>pieces</W><W>about</W><W>her</W><W>past</W><W>.</W></SENTENCE><SENTENCE><W>She</W><W>does</W><cue ID="7" type="negation"><W>not</W></cue><xcope ID="13"><ref ID="22" SRC="7"></ref><W>remember</W><W>the</W><W>car</W><W>accident</W><W>that</W><W>has</W><W>placed</W><W>her</W><W>in</W><W>the</W><W>hospital</W></xcope><W>,</W><W>though</W><W>.</W></SENTENCE></P><P></P><P><SENTENCE><W>Although</W><W>Susan</W><W>can</W><cue ID="8" type="negation"><W>not</W></cue><xcope ID="14"><ref COMMENTS="" ID="54" SRC="8"></ref><W>remember</W><W>important</W><W>details</W><W>like</W><W>what</W><W>her</W><W>job</W><W>was</W><W>like</W></xcope><W>,</W><cue ID="9" type="speculation"><W>or</W></cue><xcope ID="15"><ref ID="26" SRC="9"></ref><W>the</W><W>sound</W><W>of</W><W>her</W><W>boss</W><W>&#39;s</W><W>voice</W></xcope><W>,</W><W>she</W><W>does</W><W>remember</W><W>one</W><W>important</W><W>fact</W><W>that</W><W>carries</W><W>through</W><W>the</W><W>whole</W><W>book</W><W>.</W></SENTENCE><SENTENCE><W>Susan</W><W>remembers</W><W>the</W><W>fraternity</W><W>brothers</W><W>who</W><W>were</W><W>responsible</W><W>for</W><W>her</W><W>fiance</W><W>&#39;s</W><W>hazing</W><W>death-and</W><W>their</W><W>revengeful</W><W>plan</W><W>to</W><W>get</W><W>her</W><W>back</W><W>.Susan</W><W>was</W><W>a</W><W>key</W><W>witness</W><W>in</W><W>getting</W><W>one</W><W>of</W><W>the</W><W>brothers</W><W>sent</W><W>to</W><W>prison</W><W>.</W></SENTENCE></P><P></P><P><SENTENCE><W>The</W><W>Middle</W></SENTENCE></P><P></P><P><SENTENCE><W>In</W><W>the</W><W>middle</W><W>section</W><W>of</W><W>the</W><W>book</W><W>,</W><W>Susan</W><W>begins</W><W>to</W><W>believe</W><W>that</W><W>two</W><W>of</W><W>the</W><W>frat</W><W>brothers</W><W>are</W><W>trying</W><W>to</W><W>kill</W><W>her</W><W>.</W></SENTENCE><SENTENCE><W>She</W><W>sees</W><W>two</W><W>orderlies</W><W>who</W><W>look</W><W>and</W><W>act</W><W>like</W><W>the</W><W>frat</W><W>boys</W><W>.</W></SENTENCE><SENTENCE><W>She</W><W>tries</W><W>to</W><W>convince</W><W>the</W><W>Dr.</W><W>,</W><W>that</W><W>the</W><W>orderlies</W><W>are</W><W>trying</W><W>to</W><W>kill</W><W>her</W><W>,</W><W>after</W><W>some</W><W>questioning</W><W>of</W><W>the</W><W>orderlies</W><W>,</W><W>it</W><W>is</W><W>stated</W><W>that</W><W>they</W><W>are</W><cue ID="27" type="negation"><W>not</W></cue><xcope ID="29"><ref ID="31" SRC="27"></ref><W>trying</W><W>to</W><W>kill</W><W>her</W></xcope><W>.</W></SENTENCE><SENTENCE><W>Susan</W><W>becomes</W><W>extremely</W><W>afraid</W><W>of</W><W>the</W><W>orderlies</W><W>due</W><W>to</W><W>thier</W><W>unique</W><W>likeness</W><W>to</W><W>the</W><W>frat</W><W>boys</W><W>and</W><W>the</W><W>malicious</W><W>pinches</W><W>,</W><W>etc</W><W>that</W><W>they</W><W>give</W><W>her</W><W>.</W></SENTENCE><SENTENCE><W>At</W><W>this</W><W>time</W><W>,</W><W>the</W><W>dr</W><W>and</W><W>nurse</W><W>believe</W><W>that</W><W>Susan</W><W>is</W><W>having</W><W>a</W><W>mental</W><W>setback</W><W>because</W><xcope ID="63"><ref COMMENTS="" ID="64" SRC="28"></ref><W>she</W></xcope><cue ID="28" type="speculation"><W>appears</W></cue><xcope ID="30"><ref ID="32" SRC="28"></ref><W>to</W><W>be</W><W>schizophrenic</W><W>in</W><W>her</W><W>&#39;unjust</W><W>&#39;</W><W>fear</W><W>of</W><W>these</W><W>two</W><W>orderlies</W></xcope><W>.</W></SENTENCE></P><P></P><P><SENTENCE><W>The</W><W>Ending</W></SENTENCE></P><P></P><P><SENTENCE><W>At</W><W>the</W><W>end</W><W>,</W><W>Susan</W><W>finds</W><W>out</W><W>that</W><W>she</W><W>is</W><W>part</W><W>of</W><W>a</W><W>Communist</W><W>plot</W><W>created</W><W>by</W><W>the</W><W>KGB.</W></SENTENCE><SENTENCE><W>The</W><W>hospital</W><W>and</W><W>town</W><W>where</W><W>she</W><W>is</W><W>at</W><W>does</W><cue ID="33" type="negation"><W>not</W></cue><xcope ID="37"><ref COMMENTS="" ID="55" SRC="33"></ref><W>exist</W></xcope><W>,</W><W>it</W><W>is</W><W>in</W><W>fact</W><W>just</W><W>a</W><W>storage</W><W>facility</W><W>that</W><W>has</W><W>been</W><W>created</W><W>to</W><W>resemble</W><W>an</W><W>hospital/town</W><W>.</W></SENTENCE><SENTENCE><W>The</W><W>KGB</W><W>has</W><W>researched</W><W>Susan</W><W>&#39;s</W><W>life</W><W>,</W><W>that</W><W>is</W><W>how</W><W>they</W><W>knew</W><W>what</W><W>her</W><W>fears</W><W>were</W><W>,</W><W>and</W><W>used</W><W>these</W><W>fears</W><W>against</W><W>her</W><W>.</W></SENTENCE></P><P></P><P><SENTENCE><W>I</W><W>feel</W><W>that</W><W>this</W><W>book</W><W>was</W><W>very</W><W>unrealistic</W><W>due</W><W>to</W><W>the</W><W>fact</W><W>that</W><W>Susan</W><W>was</W><W>a</W><W>physist</W><W>,</W><W>yet</W><W>she</W><W>was</W><cue ID="34" type="negation"><W>not</W></cue><xcope COMMENTS="" ID="56"><ref COMMENTS="" ID="57" SRC="34"></ref><W>a</W><W>spy</W></xcope><W>and</W><W>I</W><W>have</W><cue ID="38" type="negation"><W>no</W></cue><xcope ID="42"><ref ID="46" SRC="38"></ref><W>idea</W><W>why</W><W>the</W><W>KGB</W><W>would</W><W>be</W><W>that</W><W>interested</W><W>in</W><W>her</W><W>.</W></xcope></SENTENCE><SENTENCE><cue ID="58" type="speculation"><W>If</W></cue><xcope ID="66"><ref COMMENTS="" ID="68" SRC="58"></ref><W>Dean</W><W>had</W><W>continued</W><W>with</W><W>the</W><W>same</W><W>storyline</W><W>that</W><W>was</W><W>introduced</W><W>in</W><W>the</W><W>beginning</W><W>and</W><W>the</W><W>middle</W><W>,</W><W>the</W><W>book</W><cue ID="61" type="speculation"><W>would</W></cue><xcope ID="65"><ref COMMENTS="" ID="67" SRC="61"></ref><W>have</W><W>been</W><W>much</W><W>easier</W><W>to</W><W>read</W><W>and</W><W>believe</W></xcope></xcope><W>.</W></SENTENCE><SENTENCE><W>Instead</W><W>,</W><W>he</W><W>took</W><W>a</W><W>perfectly</W><W>good</W><W>story</W><W>,</W><W>slapped</W><W>on</W><W>a</W><W>fancy</W><W>ending-that</W><W>did</W><cue ID="35" type="negation"><W>not</W></cue><xcope ID="47"><ref ID="48" SRC="35"></ref><W>go</W><W>at</W><W>all</W><W>with</W><W>the</W><W>storyline</W><W>and</W><W>called</W><W>it</W><W>a</W><W>book</W></xcope><W>.</W></SENTENCE></P><P></P><P><SENTENCE><W>I</W><W>am</W><W>glad</W><W>this</W><W>book</W><W>was</W><W>a</W><W>gift</W><W>,</W><W>because</W><W>I</W><cue ID="36" type="speculation"><W>would</W></cue><xcope ID="49"><ref ID="50" SRC="36"></ref><W>have</W><W>been</W><W>disappointed</W><W>if</W><W>I</W><W>had</W><W>purchased</W><W>it</W></xcope></SENTENCE></P></DOCUMENT>
