<?xml version="1.0" encoding="UTF-8"?>
<DOCUMENT><P></P><P><SENTENCE><W>3</W><W>dead</W><W>!</W></SENTENCE><SENTENCE><W>56</W><W>wounded</W><W>!</W></SENTENCE><SENTENCE><W>Film</W><W>at</W><W>11</W><W>!</W></SENTENCE></P><P></P><P><SENTENCE><W>Well</W><W>actually</W><W>,</W><W>you</W><W>have</W><W>until</W><W>Saturday</W><W>Night</W><W>so</W><W>there</W><W>&#39;s</W><W>time</W><W>to</W><W>run</W><W>around</W><W>like</W><W>Sherlock</W><W>Holmes</W><W>on</W><W>speed</W><W>and</W><W>solve</W><W>the</W><W>mystery</W><W>just</W><W>minutes</W><W>before</W><W>the</W><W>news</W><W>media</W><W>puts</W><W>your</W><W>company</W><W>out</W><W>of</W><W>business</W><W>.</W></SENTENCE></P><P></P><P><SENTENCE><cue ID="0" type="negation"><W>Not</W></cue><xcope ID="1"><ref ID="3" SRC="0"></ref><W>exactly</W><W>Jurassic</W><W>Park</W><W>here</W></xcope><W>!</W></SENTENCE><SENTENCE><W>This</W><W>has</W><W>to</W><W>be</W><W>the</W><W>worst</W><W>I</W><W>&#39;ve</W><W>ever</W><W>read</W><W>from</W><W>Michael</W><W>Crichton</W><W>.</W></SENTENCE></P><P></P><P><SENTENCE><W>There</W><W>are</W><W>2</W><W>major</W><W>problems</W><W>with</W><W>this</W><W>book</W><W>.</W></SENTENCE></P><P></P><P><SENTENCE><W>The</W><W>first</W><W>is</W><W>Crichton</W><W>&#39;s</W><W>tendency</W><W>to</W><W>be</W><W>overly</W><W>technical</W><W>.</W></SENTENCE><SENTENCE><W>I</W><W>like</W><W>a</W><W>story</W><W>that</W><W>is</W><W>based</W><W>on</W><W>facts</W><W>.</W></SENTENCE><SENTENCE><W>And</W><W>learning</W><W>a</W><W>little</W><W>about</W><W>those</W><W>facts</W><W>along</W><W>the</W><W>way</W><cue COMMENTS="" ID="4" type="speculation"><W>can</W></cue><xcope ID="11"><ref ID="17" SRC="4"></ref><W>be</W><W>fun</W></xcope><W>.</W></SENTENCE><SENTENCE><W>But</W><W>we</W><cue ID="47" type="negation"><W>did</W><W>n&#39;t</W></cue><xcope ID="12"><ref COMMENTS="" ID="48" SRC="47"></ref><W>need</W><W>to</W><W>know</W><W>the</W><W>level</W><W>of</W><W>details</W><W>presented</W><W>here</W></xcope><W>to</W><W>appreciate</W><W>the</W><W>dilemma</W><W>the</W><W>heroin</W><W>was</W><W>dealing</W><W>with</W><W>.</W></SENTENCE></P><P></P><P><SENTENCE><W>Which</W><W>brings</W><W>me</W><W>to</W><W>the</W><W>other</W><W>major</W><W>problem</W><W>.</W></SENTENCE><SENTENCE><W>I</W><W>,</W><W>for</W><W>one</W><W>,</W><cue ID="49" type="negation"><W>did</W><W>n&#39;t</W></cue><xcope ID="13"><ref COMMENTS="" ID="51" SRC="49"></ref><W>really</W><W>care</W><W>about</W><W>the</W><W>dilemma</W></xcope><W>.</W></SENTENCE><SENTENCE><W>I</W><W>worried</W><W>about</W><W>the</W><W>fate</W><W>of</W><W>the</W><W>human</W><W>race</W><W>if</W><W>those</W><W>dinosaurs</W><W>managed</W><W>to</W><W>escape</W><W>from</W><W>Jurassic</W><W>park</W><W>.</W></SENTENCE><SENTENCE><xcope ID="53"><ref COMMENTS="" ID="55" SRC="9"></ref><W>But</W><W>I</W><cue ID="50" type="negation"><W>did</W><W>n&#39;t</W></cue><xcope ID="14"><ref COMMENTS="" ID="52" SRC="50"></ref><W>worry</W><W>that</W><W>this</W><W>highly</W><W>skilled</W><W>woman</W><W>was</W><W>going</W><W>to</W><W>lose</W><W>her</W><W>job</W></xcope></xcope><W>(</W><W>Oh</W><W>the</W><W>horror</W><W>of</W><W>it</W><W>all</W><W>)</W><W>!</W></SENTENCE><SENTENCE><cue COMMENTS="" ID="9" type="speculation"><W>Or</W></cue><xcope ID="54"><ref COMMENTS="" ID="56" SRC="9"></ref><W>that</W><W>a</W><W>Chinese</W><W>(</W><W>the</W><W>new</W><W>&#34;</W><W>Evil</W><W>Empire</W><W>&#39;?</W><W>)</W><cue COMMENTS="" ID="10" type="speculation"><W>would</W></cue><xcope ID="16"><ref ID="23" SRC="10"></ref><W>steal</W><W>an</W><W>American</W><W>wing</W><W>design</W></xcope><W>.</W></xcope></SENTENCE></P><P></P><P><SENTENCE><W>Less</W><W>important</W><W>but</W><W>still</W><W>distracting</W><W>from</W><W>the</W><W>story</W><W>is</W><W>Crichton</W><W>&#39;s</W><W>habit</W><W>of</W><W>throwing</W><W>his</W><W>own</W><W>prejudices</W><W>and</W><W>political</W><W>beliefs</W><W>into</W><W>his</W><W>stories</W><W>.</W></SENTENCE><SENTENCE><W>Beside</W><W>the</W><W>&#39;Evil</W><W>Empire</W><W>&#39;</W><W>we</W><W>get</W><W>a</W><W>one</W><W>sided</W><W>view</W><W>of</W><W>the</W><W>&#39;Evil</W><W>Media</W><W>&#39;</W><W>and</W><W>a</W><W>terrifying</W><W>portrait</W><W>of</W><W>the</W><W>&#39;Evil</W><W>Union</W><W>&#39;</W><W>.</W></SENTENCE></P><P></P><P><SENTENCE><W>I</W><W>&#39;m</W><cue ID="24" type="negation"><W>not</W></cue><xcope ID="29"><ref ID="37" SRC="24"></ref><W>a</W><W>fan</W><W>of</W><W>today</W><W>&#39;s</W><W>media</W></xcope><W>with</W><W>it</W><W>&#39;s</W><W>&#39;sound</W><W>bites</W><W>&#39;</W><W>and</W><W>&#39;shock</W><W>value</W><W>equals</W><W>ratings</W><W>&#39;</W><W>attitude</W><W>.</W></SENTENCE><SENTENCE><W>But</W><W>I</W><W>think</W><W>that</W><W>the</W><W>story</W><W>here</W><W>implies</W><W>that</W><W>every</W><W>media</W><W>person</W><W>has</W><W>a</W><W>100</W><W>%</W><W>disregard</W><W>for</W><W>anything</W><W>but</W><W>his/her</W><W>own</W><W>personnel</W><W>ego</W><W>.</W></SENTENCE><SENTENCE><W>I</W><W>find</W><W>that</W><W>hard</W><W>to</W><W>believe</W><W>.</W></SENTENCE></P><P></P><P><SENTENCE><W>I</W><W>&#39;m</W><W>also</W><cue ID="25" type="negation"><W>not</W></cue><xcope ID="30"><ref ID="38" SRC="25"></ref><W>a</W><W>fan</W><W>of</W><W>unions</W><W>with</W><W>mostly</W><W>short</W><W>term</W></xcope><W>,</W><W>selfish</W><W>goals</W><W>.</W></SENTENCE><SENTENCE><W>But</W><W>still</W><W>,</W><xcope ID="59"><ref COMMENTS="" ID="60" SRC="34"></ref><W>this</W><W>story</W><cue ID="26" type="speculation"><W>would</W></cue><xcope ID="31"><ref ID="39" SRC="26"></ref><W>have</W><W>us</W><W>believe</W></xcope><W>that</W><W>the</W><W>union</W><cue ID="27" type="speculation"><W>would</W></cue><xcope ID="57"><ref COMMENTS="" ID="58" SRC="27"></ref><W>take</W><W>any</W><W>opportunity</W><W>to</W><W>seriously</W><W>injure</W></xcope></xcope><cue ID="34" type="speculation"><W>or</W></cue><xcope ID="63"><ref COMMENTS="" ID="64" SRC="34"></ref><W>even</W><W>kill</W><W>a</W><W>middle</W><W>aged</W><W>single</W><W>Mom</W></xcope><W>who</W><W>has</W><cue ID="28" type="negation"><W>nothing</W></cue><xcope ID="36"><ref ID="43" SRC="28"></ref><W>to</W><W>do</W><W>with</W><W>their</W><W>actual</W><W>grievances</W></xcope><W>,</W><W>just</W><W>because</W><W>she</W><W>is</W><W>part</W><W>of</W><W>management</W><W>.</W></SENTENCE><SENTENCE><W>No</W><W>way</W><W>Mike</W><W>!</W></SENTENCE></P><P></P><P><SENTENCE><W>I</W><W>DO</W><W>like</W><W>Chrichton</W><W>.</W></SENTENCE><SENTENCE><W>And</W><W>there</W><W>were</W><W>a</W><W>few</W><W>riveting</W><W>moments</W><W>in</W><W>the</W><W>book</W><W>.</W></SENTENCE><SENTENCE><W>It</W><cue ID="44" type="speculation"><W>might</W></cue><xcope ID="46"><ref ID="47" SRC="44"></ref><W>even</W><W>make</W><W>a</W><W>good</W><W>movie</W></xcope><W>since</W><W>the</W><W>movies</W><W>tend</W><W>to</W><W>cut</W><W>out</W><W>all</W><W>the</W><W>technical</W><W>stuff</W><W>anyway</W><W>.</W></SENTENCE></P></DOCUMENT>
