<?xml version="1.0" encoding="UTF-8"?>
<DOCUMENT><P/><P><SENTENCE><W>Michael</W><W>Crichton</W><W>has</W><W>written</W><W>some</W><W>really</W><W>fun</W><W>,</W><W>engaging</W><W>,</W><W>and</W><W>interesting</W><W>stories</W><W>.</W></SENTENCE><SENTENCE><W>Unfortunately</W><W>,</W><W>&quot;</W><W>Airframe</W><W>&quot;</W><cue ID="0" type="negation"><W>is</W><W>n&apos;t</W></cue><xcope ID="2"><ref ID="3" SRC="0"/><W>one</W><W>of</W><W>those</W></xcope><W>.</W></SENTENCE><SENTENCE><W>He</W><W>&apos;s</W><W>also</W><W>written</W><W>some</W><W>really</W><W>bad</W><W>stories</W><W>,</W><W>and</W><W>it</W><cue ID="1" type="negation"><W>is</W><W>n&apos;t</W></cue><xcope ID="4"><ref ID="5" SRC="1"/><W>one</W><W>of</W><W>those</W><W>either</W></xcope><W>.</W></SENTENCE></P><P/><P><SENTENCE><W>&quot;</W><W>Airframe</W><W>&quot;</W><W>follows</W><W>the</W><W>usual</W><W>Crichton</W><W>pattern</W><W>of</W><W>a</W><W>suspense</W><W>story</W><W>whose</W><W>plot</W><W>revolves</W><W>around</W><W>a</W><W>piece</W><W>of</W><xcope ID="8"><ref ID="12" SRC="6"/><W>science</W></xcope><W>,</W><xcope ID="9"><ref ID="13" SRC="6"/><W>medicine</W></xcope><W>,</W><cue ID="6" type="speculation"><W>or</W></cue><xcope ID="10"><ref ID="14" SRC="6"/><W>technology</W></xcope><W>.</W></SENTENCE><SENTENCE><W>In</W><W>this</W><W>case</W><W>,</W><W>it</W><W>&apos;s</W><W>the</W><W>building</W><W>of</W><W>airplanes</W><W>that</W><W>takes</W><W>center</W><W>stage</W><W>.</W></SENTENCE><SENTENCE><W>We</W><W>have</W><W>the</W><W>plucky</W><W>heroine</W><W>,</W><W>an</W><W>executive</W><W>at</W><W>the</W><W>aircraft</W><W>company</W><W>determined</W><W>to</W><W>find</W><W>the</W><W>truth</W><W>behind</W><W>an</W><W>accident</W><W>.</W></SENTENCE><SENTENCE><W>We</W><W>have</W><W>some</W><W>bad</W><W>guys</W><W>,</W><W>including</W><W>union</W><W>goons</W><W>and</W><W>a</W><W>shameless</W><W>TV</W><W>reporter</W><W>.</W></SENTENCE><SENTENCE><W>We</W><W>learn</W><W>a</W><W>bunch</W><W>of</W><W>stuff</W><W>about</W><W>the</W><W>politics</W><W>and</W><W>engineering</W><W>of</W><W>airplanes</W><W>,</W><W>and</W><W>eventually</W><W>,</W><W>we</W><W>learn</W><W>what</W><W>happened</W><W>on</W><W>that</W><W>ill-fated</W><W>flight</W><W>.</W></SENTENCE><SENTENCE><W>The</W><W>only</W><W>problem</W><W>is</W><W>,</W><W>we</W><cue ID="7" type="negation"><W>do</W><W>n&apos;t</W></cue><xcope ID="11"><ref ID="15" SRC="7"/><W>really</W><W>care</W></xcope><W>.</W></SENTENCE></P><P/><P><SENTENCE><W>The</W><W>trouble</W><W>with</W><W>&quot;</W><W>Airframe</W><W>&quot;</W><W>is</W><W>that</W><W>the</W><W>stakes</W><W>are</W><W>too</W><W>small</W><W>.</W></SENTENCE><SENTENCE><W>In</W><W>&quot;</W><W>The</W><W>Andromeda</W><W>Strain</W><W>,</W><W>&quot;</W><W>the</W><W>fate</W><W>of</W><W>humanity</W><W>rested</W><W>on</W><W>finding</W><W>the</W><W>answer</W><W>.</W></SENTENCE><SENTENCE><W>In</W><W>&quot;</W><W>Airframe</W><W>,</W><W>&quot;</W><W>it</W><W>&apos;s</W><W>an</W><W>order</W><W>for</W><W>new</W><W>planes</W><W>.</W></SENTENCE><SENTENCE><W>In</W><W>the</W><W>most</W><W>suspenseful</W><W>moments</W><W>of</W><W>&quot;</W><W>Jurassic</W><W>Park</W><W>,</W><W>&quot;</W><W>we</W><W>wonder</W><W>how</W><W>the</W><W>humans</W><W>will</W><W>escape</W><W>the</W><W>dinosaurs</W><W>.</W></SENTENCE><SENTENCE><W>At</W><W>the</W><W>climax</W><W>of</W><W>&quot;</W><W>Airframe</W><W>,</W><W>&quot;</W><W>we</W><W>wonder</W><W>whether</W><W>the</W><W>TV</W><W>reporter</W><W>will</W><W>escape</W><W>being</W><W>airsick</W><W>.</W></SENTENCE><SENTENCE><W>(</W><W>As</W><W>Dave</W><W>Barry</W><cue ID="16" type="speculation"><W>would</W></cue><xcope ID="18"><ref ID="20" SRC="16"/><W>say</W></xcope><W>,</W><W>I</W><W>am</W><W>not</W><W>making</W><W>this</W><W>up</W><W>!</W><W>)</W></SENTENCE></P><P/><P><SENTENCE><W>If</W><W>you</W><W>like</W><W>the</W><W>Crichton</W><W>style</W><W>and</W><W>you</W><W>borrow</W><W>the</W><W>book</W><W>from</W><W>the</W><W>library</W><W>,</W><W>go</W><W>ahead</W><W>and</W><W>read</W><W>it</W><W>--</W><W>it</W><cue ID="17" type="speculation"><W>ought</W></cue><xcope ID="19"><ref ID="21" SRC="17"/><W>to</W><W>hold</W><W>your</W><W>interest</W><W>for</W><W>a</W><W>couple</W><W>of</W><W>hours</W></xcope><W>.</W></SENTENCE><SENTENCE><W>Otherwise</W><W>,</W><W>save</W><W>your</W><W>time</W><W>and</W><W>money</W><W>for</W><W>one</W><W>of</W><W>his</W><W>better</W><W>books</W><W>.</W></SENTENCE></P><P/><P><SENTENCE><W>[By</W><W>the</W><W>way</W><W>,</W><W>this</W><cue ID="22" type="negation"><W>is</W><W>n&apos;t</W></cue><xcope ID="24"><ref ID="26" SRC="22"/><W>a</W><W>children</W><W>&apos;s</W><W>book</W></xcope><W>by</W><W>any</W><W>stretch</W><W>of</W><W>the</W><W>imagination</W><W>!</W></SENTENCE><SENTENCE><W>I</W><W>&apos;m</W><cue ID="23" type="negation"><W>not</W></cue><xcope ID="25"><ref ID="27" SRC="23"/><W>sure</W><W>why</W><W>it</W><W>&apos;s</W><W>in</W><W>this</W><W>category</W></xcope><W>.</W></SENTENCE></P></DOCUMENT>