<?xml version="1.0" encoding="UTF-8"?>
<DOCUMENT><DESC></DESC><TIME>61</TIME><P/><P><SENTENCE><W>I</W><W>enjoyed</W><W>reading</W><W>Dean</W><W>Koontz</W><W>&apos;s</W><W>book</W><W>&quot;</W><W>Tick</W><W>Tock</W><W>&quot;</W><W>very</W><W>much</W><W>.</W></SENTENCE><SENTENCE><W>What</W><W>I</W><cue ID="0" type="negation"><W>did</W><W>n&apos;t</W></cue><xcope ID="4"><ref ID="7" SRC="0"/><W>enjoy</W><W>doing</W></xcope><W>,</W><W>however</W><W>,</W><W>was</W><W>listening</W><W>to</W><W>this</W><W>book</W><W>on</W><W>audiocassette</W><W>.</W></SENTENCE><SENTENCE><W>I</W><W>had</W><cue ID="1" type="negation"><W>never</W></cue><xcope ID="5"><ref ID="8" SRC="1"/><W>before</W><W>listened</W><W>to</W><W>a</W><W>book</W><W>on</W><W>tape</W></xcope><W>,</W><W>so</W><W>this</W><W>was</W><W>a</W><W>first</W><W>.</W></SENTENCE><SENTENCE><W>Just</W><W>because</W><W>I</W><W>give</W><W>my</W><W>opinion</W><W>of</W><W>this</W><W>book</W><W>on</W><W>audiocassette</W><W>a</W><W>bad</W><W>review</W><W>,</W><W>it</W><cue ID="3" type="negation"><W>does</W><W>not</W></cue><xcope ID="6"><ref ID="9" SRC="3"/><W>mean</W><W>I</W><W>&apos;m</W><W>bashing</W><W>audiocassette</W><W>books</W><W>in</W><W>general</W></xcope><W>.</W></SENTENCE><SENTENCE><W>I</W><W>&apos;m</W><W>sure</W><W>this</W><W>book</W><W>on</W><W>tape</W><W>has</W><W>got</W><W>to</W><W>be</W><W>one</W><W>of</W><W>the</W><W>worse</W><W>.</W></SENTENCE><SENTENCE><W>I</W><W>listened</W><W>to</W><W>the</W><W>taped</W><W>version</W><W>a</W><W>week</W><W>after</W><W>finishing</W><W>the</W><W>book</W><W>,</W><W>so</W><W>the</W><W>book</W><W>was</W><W>still</W><W>fresh</W><W>in</W><W>my</W><W>mind</W><W>.</W></SENTENCE></P><P/><P><SENTENCE><W>The</W><W>person</W><W>who</W><W>read</W><W>the</W><W>book</W><W>complete</W><W>stripped</W><W>the</W><W>personality</W><W>out</W><W>of</W><W>the</W><W>characters</W><W>by</W><W>his</W><W>interpretations</W><W>of</W><W>the</W><W>voices</W><W>.</W></SENTENCE><SENTENCE><W>As</W><W>I</W><W>read</W><W>the</W><W>book</W><W>,</W><W>I</W><W>got</W><W>the</W><W>impression</W><W>of</W><W>the</W><W>main</W><W>female</W><W>character</W><W>to</W><W>be</W><W>smart</W><W>,</W><W>clever</W><W>,</W><W>fun</W><W>and</W><W>sporadic</W><W>.</W></SENTENCE><SENTENCE><W>The</W><W>reader</W><W>,</W><W>however</W><W>,</W><W>made</W><W>the</W><W>female</W><W>&apos;s</W><W>voice</W><W>whiny</W><W>and</W><W>obviously</W><W>fake</W><W>.</W></SENTENCE><SENTENCE><W>His</W><W>reading</W><W>of</W><W>the</W><W>book</W><W>put</W><W>it</W><W>into</W><W>a</W><W>whole</W><W>new</W><W>perspective</W><W>,</W><W>and</W><W>not</W><W>a</W><W>likeable</W><W>one</W><W>either</W><W>.</W></SENTENCE><SENTENCE><W>He</W><W>instead</W><W>made</W><W>the</W><W>whole</W><W>book</W><W>sound</W><W>ridiculous</W><W>.</W></SENTENCE></P><P/><P><SENTENCE><W>I</W><W>am</W><W>a</W><W>very</W><W>big</W><W>fan</W><W>of</W><W>Dean</W><W>Koontz</W><W>books</W><W>,</W><W>therefore</W><W>I</W><W>would</W><W>hate</W><W>for</W><W>someone</W><W>who</W><W>has</W><cue ID="10" type="negation"><W>never</W></cue><xcope ID="25"><ref COMMENTS="" ID="26" SRC="10"/><xcope ID="12"><ref ID="17" SRC="13"/><W>read</W></xcope><cue ID="13" type="speculation"><W>or</W></cue><xcope ID="14"><ref ID="18" SRC="13"/><W>listened</W></xcope></xcope><W>to</W><W>a</W><W>Dean</W><W>Koontz</W><W>book</W><W>before</W><W>to</W><W>pick</W><W>&quot;</W><W>Tick</W><W>Tock</W><W>&quot;</W><W>on</W><W>audiocassette</W><W>as</W><W>their</W><W>first</W><W>choice</W><W>.</W></SENTENCE><SENTENCE><W>Should</W><W>that</W><W>happen</W><W>,</W><W>there</W><W>is</W><W>a</W><W>very</W><W>likely</W><W>chance</W><W>that</W><W>the</W><W>person</W><cue ID="19" type="speculation"><W>would</W></cue><xcope ID="28"><ref COMMENTS="" ID="30" SRC="19"/><cue ID="11" type="negation"><W>never</W></cue><xcope ID="27"><ref COMMENTS="" ID="29" SRC="11"/><W>again</W><W>try</W><W>any</W><W>piece</W><W>written</W><W>by</W><W>Dean</W><W>Koontz</W></xcope></xcope><W>.</W></SENTENCE></P><P/><P><SENTENCE><W>I</W><W>suggest</W><W>that</W><W>if</W><W>you</W><W>plan</W><W>on</W><W>listening</W><W>to</W><W>Dean</W><W>Koontz</W><W>&apos;s</W><W>&quot;</W><W>Tick</W><W>Tock</W><W>&quot;</W><W>on</W><W>audiocassette</W><W>that</W><W>you</W><W>read</W><W>the</W><W>book</W><W>first</W><W>,</W><W>for</W><W>it</W><W>is</W><W>much</W><W>different</W><W>even</W><W>though</W><W>it</W><W>is</W><W>exactly</W><W>the</W><W>same</W><W>.</W></SENTENCE></P><P/><P><SENTENCE><W>PS--Please</W><W>keep</W><W>in</W><W>mind</W><W>that</W><W>my</W><W>ratings</W><W>are</W><cue ID="23" type="negation"><W>not</W></cue><xcope ID="24"><ref ID="25" SRC="23"/><W>for</W><W>the</W><W>book</W><W>itself</W></xcope><W>,</W><W>but</W><W>for</W><W>the</W><W>book</W><W>on</W><W>audiocassette</W></SENTENCE></P></DOCUMENT>