<?xml version="1.0" encoding="UTF-8"?>
<DOCUMENT><P></P><P><SENTENCE><W>I</W><W>have</W><W>just</W><W>finished</W><W>skimming</W><W>a</W><W>few</W><W>of</W><W>the</W><W>other</W><W>reviews</W><W>for</W><W>this</W><W>novel</W><W>by</W><W>others</W><W>who</W><W>have</W><W>read</W><W>it</W><W>.</W></SENTENCE><SENTENCE><cue ID="0" type="negation"><W>No</W></cue><xcope ID="3"><ref ID="6" SRC="0"></ref><W>offence</W><W>to</W><W>those</W><W>who</W><W>enjoyed</W><W>this</W><W>pathetic</W><W>novel</W></xcope><W>,</W><W>but</W><W>Dean</W><W>Koontz</W><W>is</W><W>by</W><W>far</W><W>the</W><W>worst</W><W>horror</W><W>novelist</W><W>I</W><W>have</W><W>read</W><W>in</W><W>a</W><W>very</W><W>long</W><W>time</W><W>.</W></SENTENCE><SENTENCE><W>In</W><W>fact</W><W>,</W><W>he</W><W>is</W><W>so</W><W>bad</W><W>that</W><W>I</W><W>think</W><W>his</W><W>work</W><cue ID="1" type="speculation"><W>should</W></cue><xcope ID="4"><ref ID="7" SRC="1"></ref><W>be</W><W>removed</W><W>from</W><W>the</W><W>shelf</W></xcope><W>.</W></SENTENCE><SENTENCE><W>Take</W><W>this</W><W>novel</W><W>for</W><W>example</W><W>:</W><W>Tick</W><W>Tock</W><W>.</W></SENTENCE></P><P></P><P><SENTENCE><W>The</W><W>beginning</W><W>of</W><W>the</W><W>novel</W><W>starts</W><W>off</W><W>well</W><W>.</W></SENTENCE><SENTENCE><W>He</W><W>develops</W><W>an</W><W>intriguing</W><W>character</W><W>.</W></SENTENCE><SENTENCE><W>Manages</W><W>to</W><W>pull</W><W>off</W><W>some</W><W>plausible</W><W>dialogue</W><W>.</W></SENTENCE><SENTENCE><W>Develops</W><W>somewhat</W><W>of</W><W>a</W><W>plot</W><W>,</W><W>I</W><W>suppose</W><W>,</W><cue ID="27" type="speculation"><W>if</W></cue><xcope ID="28"><ref COMMENTS="" ID="29" SRC="27"></ref><W>you</W><cue ID="2" type="speculation"><W>can</W></cue><xcope ID="5"><ref ID="8" SRC="2"></ref><W>even</W><W>call</W><W>it</W><W>that</W></xcope></xcope><W>.</W></SENTENCE></P><P></P><P><SENTENCE><W>If</W><W>after</W><W>reading</W><W>this</W><W>much</W><W>of</W><W>my</W><W>opinion</W><W>piece</W><W>,</W><W>you</W><W>still</W><W>want</W><W>to</W><W>read</W><W>the</W><W>novel</W><W>,</W><W>here</W><W>is</W><W>the</W><W>plot</W><W>.</W></SENTENCE><SENTENCE><W>The</W><W>main</W><W>character</W><W>is</W><W>Tommy</W><W>Phan</W><W>.</W></SENTENCE><SENTENCE><xcope ID="11"><ref COMMENTS="" ID="12" SRC="9"></ref><W>He</W></xcope><W>is</W><W>a</W><W>Vietnamese-American</W><W>,</W><W>but</W><cue ID="9" type="speculation"><W>seems</W></cue><xcope ID="10"><ref ID="11" SRC="9"></ref><W>to</W><W>have</W><W>lost</W><W>adhesiveness</W><W>towards</W><W>his</W><W>native</W><W>origin</W></xcope><W>.</W></SENTENCE><SENTENCE><W>His</W><W>mother</W><W>,</W><W>on</W><W>the</W><W>other</W><W>hand</W><W>,</W><W>is</W><W>completely</W><W>reverent</W><W>to</W><W>Vietnamese</W><W>culture</W><W>and</W><W>customs</W><W>.</W></SENTENCE></P><P></P><P><SENTENCE><W>So</W><W>here</W><W>is</W><W>where</W><W>the</W><W>plot</W><W>&#34;</W><W>thickens</W><W>&#34;</W><W>.</W></SENTENCE><SENTENCE><W>Tommy</W><W>goes</W><W>home</W><W>to</W><W>find</W><W>an</W><W>absurd</W><W>little</W><W>minikin</W><W>on</W><W>his</W><W>front</W><W>doorsteps</W><W>.</W></SENTENCE><SENTENCE><W>Soon</W><W>after</W><W>he</W><W>brings</W><W>the</W><W>thing</W><W>in</W><W>,</W><W>it</W><W>turns</W><W>into</W><W>a</W><W>creature</W><W>of</W><W>some</W><W>sort</W><W>,</W><W>slowly</W><W>getting</W><W>bigger</W><W>,</W><W>and</W><W>more</W><W>repulsive</W><W>in</W><W>appearance</W><W>.</W></SENTENCE></P><P></P><P><SENTENCE><W>Eventually</W><W>,</W><W>he</W><W>flees</W><W>,</W><W>and</W><W>bumps</W><W>into</W><W>a</W><W>blonde</W><W>waitress</W><W>,</W><W>Del</W><W>Payne</W><W>,</W><W>who</W><W>had</W><W>served</W><W>him</W><W>earlier</W><W>.</W></SENTENCE><SENTENCE><W>The</W><W>minikin</W><W>,</W><W>which</W><W>has</W><W>now</W><W>transformed</W><W>into</W><W>a</W><W>monster</W><W>with</W><W>tentacles</W><W>(</W><W>sounds</W><W>like</W><W>something</W><W>that</W><W>came</W><W>out</W><W>of</W><W>a</W><W>cartoon</W><W>...&#34;oooh</W><W>scary</W><W>&#34;</W><W>)</W><W>begins</W><W>chasing</W><W>them</W><W>all</W><W>over</W><W>town</W><W>.</W></SENTENCE></P><P></P><P><SENTENCE><W>Meanwhile</W><W>,</W><W>we</W><W>get</W><W>to</W><W>know</W><W>Del</W><W>.</W></SENTENCE><SENTENCE><W>We</W><W>find</W><W>out</W><W>that</W><W>she</W><W>is</W><W>rich</W><W>beyond</W><W>anything</W><W>Tommy</W><W>can</W><W>even</W><W>being</W><W>to</W><W>fathom</W><W>.</W></SENTENCE><SENTENCE><W>She</W><W>starts</W><W>blowing</W><W>up</W><W>her</W><W>boat</W><W>throughout</W><W>the</W><W>chase</W><W>,</W><W>and</W><W>totalling</W><W>her</W><W>cars</W><W>,</W><W>while</W><W>being</W><W>indifferent</W><W>each</W><W>time</W><W>to</W><W>the</W><W>messes</W><W>.</W></SENTENCE><SENTENCE><W>And</W><W>I</W><W>&#39;m</W><W>sitting</W><W>here</W><W>the</W><W>whole</W><W>time</W><W>wondering</W><W>&#34;</W><W>What</W><W>on</W><W>earth</W><W>is</W><W>going</W><W>on</W><W>?</W></SENTENCE><SENTENCE><W>Why</W><W>am</W><W>I</W><W>reading</W><W>this</W><W>crap</W><W>?</W><W>&#34;</W></SENTENCE></P><P></P><P><SENTENCE><W>And</W><W>did</W><W>I</W><W>mention</W><W>that</W><W>the</W><W>whole</W><W>story</W><W>takes</W><W>place</W><W>within</W><W>the</W><W>frame</W><W>of</W><W>ONE</W><W>NIGHT</W><W>!</W></SENTENCE><SENTENCE><W>Dean</W><W>Koontz</W><W>must</W><W>be</W><W>the</W><W>master...the</W><W>master</W><W>of</W><W>overwriting</W><W>.</W></SENTENCE><SENTENCE><W>It</W><W>takes</W><W>him</W><W>forever</W><W>to</W><W>get</W><W>through</W><W>just</W><W>one</W><W>scene</W><W>in</W><W>the</W><W>book</W><W>,</W><W>as</W><W>if</W><W>he</W><W>&#39;s</W><W>describing</W><W>every</W><W>unimportant</W><W>minute</W><W>.</W></SENTENCE><SENTENCE><W>Only</W><W>one</W><W>word</W><W>for</W><W>Koontz</W><W>:</W><W>BORING</W><W>!</W><W>!</W><W>!</W></SENTENCE></P><P></P><P><SENTENCE><W>That</W><W>&#39;s</W><cue ID="12" type="negation"><W>not</W></cue><xcope ID="16"><ref ID="20" SRC="12"></ref><W>the</W><W>end</W><cue ID="30" type="negation"><W>either</W></cue></xcope><W>.</W></SENTENCE><SENTENCE><W>He</W><W>writes</W><W>about</W><W>300</W><W>pages</W><W>before</W><W>about</W><W>the</W><W>final</W><W>30</W><W>or</W><W>so</W><W>,</W><W>where</W><W>he</W><W>introduces</W><W>a</W><W>new</W><W>character</W><W>...a</W><W>new</W><W>character</W><W>who</W><W>is</W><W>behind</W><W>all</W><W>of</W><W>this</W><W>chaos</W><W>.</W></SENTENCE><SENTENCE><W>HELLO</W><W>DEAN?</W><W>?</W><cue ID="13" type="negation"><W>Could</W><W>n&#39;t</W></cue><xcope ID="17"><ref ID="21" SRC="13"></ref><W>you</W><W>find</W><W>a</W><W>more</W><W>suitable</W><W>ending</W></xcope><W>?</W></SENTENCE><SENTENCE><W>The</W><W>author</W><W>did</W><cue ID="14" type="negation"><W>not</W></cue><xcope ID="18"><ref ID="22" SRC="14"></ref><W>prepare</W><W>the</W><W>readers</W><W>for</W><W>this</W><W>whatsoever</W></xcope><W>,</W><W>and</W><W>it</W><W>&#39;s</W><W>as</W><W>if</W><W>he</W><cue ID="15" type="negation"><W>did</W><W>n&#39;t</W></cue><xcope ID="19"><ref ID="23" SRC="15"></ref><W>know</W><W>how</W><W>to</W><W>end</W><W>it</W></xcope><W>,</W><W>and</W><W>so</W><W>he</W><W>just</W><W>stuck</W><W>in</W><W>whatever</W><W>.</W></SENTENCE><SENTENCE><W>Then</W><W>Del</W><W>and</W><W>Tommy</W><W>run</W><W>off</W><W>and</W><W>get</W><W>married</W><W>,</W><W>after</W><W>only</W><W>having</W><W>known</W><W>each</W><W>other</W><W>for</W><W>a</W><W>few</W><W>hours</W><W>.</W></SENTENCE></P><P></P><P><SENTENCE><W>So</W><W>there</W><W>you</W><W>have</W><W>it</W><W>folks</W><W>.</W></SENTENCE><SENTENCE><W>I</W><W>just</W><W>told</W><W>you</W><W>the</W><W>whole</W><W>story</W><W>in</W><W>a</W><W>few</W><W>paragraphs</W><W>,</W><W>and</W><W>now</W><W>you</W><cue ID="25" type="negation"><W>do</W><W>n&#39;t</W></cue><xcope ID="26"><ref ID="27" SRC="25"></ref><W>have</W><W>to</W><W>read</W><W>it</W></xcope><W>.</W></SENTENCE><SENTENCE><W>Believe</W><W>me</W><W>,</W><W>I</W><W>just</W><W>did</W><W>you</W><W>a</W><W>favor</W><W>by</W><W>saving</W><W>you</W><W>time</W><W>.</W></SENTENCE></P></DOCUMENT>
