<?xml version="1.0" encoding="UTF-8"?>
<DOCUMENT><DESC></DESC><TIME>119</TIME><P></P><P><SENTENCE><W>Tom</W><W>Clancy</W><W>has</W><W>always</W><W>been</W><W>known</W><W>for</W><W>his</W><W>huge</W><W>,</W><W>compelling</W><W>stories</W><W>and</W><W>his</W><W>well-defined</W><W>characters</W><W>.</W></SENTENCE><SENTENCE><W>Clancy</W><W>writes</W><W>with</W><W>a</W><W>style</W><W>all</W><W>his</W><W>own</W><W>,</W><W>and</W><W>his</W><W>mastery</W><W>of</W><W>modern</W><W>military</W><W>tactics</W><W>and</W><W>technology</W><W>is</W><W>unparalleled</W><W>.</W></SENTENCE><SENTENCE><W>The</W><W>adventures</W><W>of</W><W>Jack</W><W>Ryan</W><W>are</W><W>followed</W><W>by</W><W>millions</W><W>of</W><W>readers</W><W>,</W><W>but</W><W>this</W><W>installment</W><W>to</W><W>the</W><W>series</W><W>-</W><W>while</W><W>it</W><cue ID="4" type="negation"><W>does</W><W>n&#39;t</W></cue><xcope ID="6"><ref COMMENTS="" ID="7" SRC="4"></ref><W>completely</W><W>disappoint</W></xcope><W>-</W><cue ID="1" type="speculation"><W>may</W></cue><xcope ID="5"><ref COMMENTS="" ID="8" SRC="1"></ref><W>leave</W><W>the</W><W>reader</W><W>with</W><W>a</W><W>sense</W><W>of</W><W>wondering</W><W>what</W><W>they</W><W>just</W><W>read</W></xcope><W>.</W></SENTENCE><SENTENCE><W>Clancy</W><W>&#39;s</W><W>stories</W><W>are</W><W>always</W><W>extremely</W><W>intricate</W><W>.</W></SENTENCE><SENTENCE><W>There</W><W>are</W><W>usually</W><W>multiple</W><W>subplots</W><W>going</W><W>on</W><W>in</W><W>the</W><W>background</W><W>of</W><W>the</W><W>main</W><W>story</W><W>,</W><W>and</W><W>they</W><W>are</W><W>usually</W><W>brought</W><W>together</W><W>by</W><W>some</W><W>climatic</W><W>(</W><W>and</W><W>often</W><W>catastrophic</W><W>)</W><W>final</W><W>event</W><W>.</W></SENTENCE></P><P></P><P><SENTENCE><W>In</W><W>&#34;</W><W>Debt</W><W>of</W><W>Honor</W><W>,</W><W>&#34;</W><W>Clancy</W><cue ID="4" type="negation"><W>does</W><W>n&#39;t</W></cue><xcope ID="10"><ref ID="11" SRC="4"></ref><W>deviate</W><W>from</W><W>this</W><W>proven</W><W>formula</W></xcope><W>.</W></SENTENCE><SENTENCE><W>All</W><W>of</W><W>his</W><W>most</W><W>familiar</W><W>characters</W><W>are</W><W>present</W><W>,</W><W>and</W><W>they</W><W>all</W><W>become</W><W>entangled</W><W>with</W><W>different</W><W>problems</W><W>(</W><W>which</W><W>are</W><W>all</W><W>linked</W><W>together</W><W>,</W><W>in</W><W>typical</W><W>Clancy</W><W>fashion</W><W>)</W><W>.</W></SENTENCE><SENTENCE><W>&#34;</W><W>Debt</W><W>of</W><W>Honor</W><W>,</W><W>&#34;</W><W>focuses</W><W>on</W><W>a</W><W>rising</W><W>conflict</W><W>with</W><W>the</W><W>Japanese</W><W>,</W><W>and</W><W>it</W><W>&#39;s</W><W>a</W><W>problem</W><W>that</W><W>most</W><cue ID="12" type="speculation"><W>likely</W></cue><xcope ID="20"><ref COMMENTS="" ID="23" SRC="12"></ref><cue ID="16" type="speculation"><W>would</W></cue><xcope ID="19"><ref COMMENTS="" ID="22" SRC="16"></ref><cue ID="17" type="negation"><W>never</W></cue><xcope ID="18"><ref COMMENTS="" ID="21" SRC="17"></ref><W>happen</W><W>in</W><W>reality</W></xcope></xcope></xcope><W>.</W></SENTENCE><SENTENCE><W>The</W><W>book</W><W>is</W><W>a</W><W>very</W><W>long</W><W>,</W><W>slow</W><W>read</W><W>,</W><W>and</W><W>there</W><W>is</W><W>often</W><W>too</W><W>much</W><W>dead</W><W>time</W><W>between</W><W>the</W><W>action</W><W>.</W></SENTENCE><SENTENCE><W>Clancy</W><W>has</W><W>always</W><W>written</W><W>this</W><W>way</W><W>,</W><W>but</W><W>he</W><W>usually</W><W>is</W><W>able</W><W>to</W><W>fill</W><W>the</W><W>dead</W><W>time</W><W>with</W><W>political</W><W>activities</W><W>and</W><W>insight</W><W>.</W></SENTENCE><SENTENCE><W>In</W><W>&#34;</W><W>Debt</W><W>of</W><W>Honor</W><W>,</W><W>&#34;</W><W>Clancy</W><W>unfortunately</W><W>focuses</W><W>on</W><W>a</W><W>part</W><W>of</W><W>the</W><W>government</W><W>that</W><W>is</W><W>foreign</W><W>to</W><W>most</W><W>people</W><W>-</W><W>economics</W><W>and</W><W>the</W><W>stock</W><W>market</W><W>.</W></SENTENCE><SENTENCE><W>A</W><W>good</W><W>economist</W><W>would</W><W>probably</W><W>be</W><W>able</W><W>to</W><W>make</W><W>sense</W><W>of</W><W>most</W><W>of</W><W>the</W><W>eco-jargon</W><W>,</W><W>but</W><W>the</W><W>average</W><W>reader</W><W>will</W><W>find</W><W>himself</W><W>wanting</W><W>to</W><W>skip</W><W>a</W><W>lot</W><W>of</W><W>pages</W><W>.</W></SENTENCE></P><P></P><P><SENTENCE><W>&#34;</W><W>Debt</W><W>of</W><W>Honor</W><W>,</W><W>&#34;</W><W>is</W><W>the</W><W>weak</W><W>link</W><W>in</W><W>the</W><W>Jack</W><W>Ryan</W><W>story</W><W>.</W></SENTENCE><SENTENCE><W>For</W><W>those</W><W>wanting</W><W>to</W><W>follow</W><W>the</W><W>exploits</W><W>of</W><W>America</W><W>&#39;s</W><W>most</W><W>famous</W><W>fictitious</W><W>CIA</W><W>operative</W><W>,</W><W>it</W><W>may</W><W>be</W><W>best</W><W>to</W><W>skip</W><W>this</W><W>book</W><W>and</W><W>read</W><W>the</W><W>next</W><W>in</W><W>the</W><W>series</W><W>.</W></SENTENCE><SENTENCE><W>But</W><W>if</W><W>you</W><W>&#39;re</W><W>a</W><W>die</W><W>hard</W><W>Clancy</W><W>fan</W><W>(</W><W>like</W><W>myself</W><W>)</W><W>,</W><W>pick</W><W>this</W><W>one</W><W>up</W><W>and</W><W>make</W><W>sure</W><W>your</W><W>schedule</W><W>is</W><W>clear</W><W>.</W></SENTENCE><SENTENCE><W>You</W><cue ID="14" type="negation"><W>wo</W><W>n&#39;t</W></cue><xcope ID="15"><ref ID="16" SRC="14"></ref><W>be</W><W>going</W><W>anywhere</W><W>for</W><W>a</W><W>long</W><W>time</W></xcope></SENTENCE></P></DOCUMENT>
