<?xml version="1.0" encoding="UTF-8"?>
<DOCUMENT><P></P><P><SENTENCE><W>Warning</W><W>:</W><W>Spoilers</W><W>in</W><W>this</W><W>,</W><W>but</W><W>the</W><W>story</W><W>sucks</W><W>so</W><W>bad</W><W>I</W><W>&#39;m</W><W>doing</W><W>you</W><W>a</W><W>favor</W><W>!</W><W>!</W></SENTENCE></P><P></P><P><SENTENCE><W>I</W><W>finished</W><W>reading</W><W>Jack</W><W>and</W><W>Jill</W><W>about</W><W>two</W><W>months</W><W>ago</W><W>,</W><W>the</W><W>reason</W><W>I</W><W>&#39;m</W><W>writing</W><W>this</W><W>review</W><W>is</W><W>that</W><W>the</W><W>sour</W><W>taste</W><W>in</W><W>my</W><W>mouth</W><W>that</W><W>I</W><W>received</W><W>reading</W><W>this</W><W>book</W><W>is</W><W>still</W><W>there</W><W>.</W></SENTENCE></P><P></P><P><SENTENCE><W>I</W><cue ID="0" type="speculation"><C><W>would</W></C><W>n&#39;t</W></cue><xcope ID="1"><ref COMMENTS="" ID="2" SRC="0"></ref><W>recommend</W><W>this</W><W>book</W><W>at</W><W>all</W></xcope><W>,</W><W>it</W><W>is</W><W>garbage</W><W>.</W></SENTENCE></P><P></P><P><SENTENCE><W>I</W><W>enjoyed</W><W>reading</W><W>Along</W><W>Came</W><W>a</W><W>Spider</W><W>,</W><W>another</W><W>James</W><W>Patterson</W><W>novel</W><W>about</W><W>Detective</W><W>Alex</W><W>Cross</W><W>.</W></SENTENCE><SENTENCE><W>Kiss</W><W>the</W><W>Girls</W><W>was</W><W>OK</W><W>,</W><W>but</W><W>there</W><W>were</W><W>too</W><W>many</W><W>unbelievable</W><W>points</W><W>about</W><W>it</W><W>that</W><W>made</W><W>it</W><W>a</W><W>bad</W><W>story</W><W>all</W><W>together</W><W>.</W></SENTENCE></P><P></P><P><SENTENCE><W>Jack</W><W>and</W><W>Jill</W><W>though</W><W>,</W><W>shows</W><W>how</W><W>desparate</W><W>James</W><W>Patterson</W><C><cue ID="3" type="speculation"><W>must</W></cue></C><xcope ID="4"><ref COMMENTS="" ID="5" SRC="3"></ref><W>be</W><W>to</W><W>keep</W><W>churning</W><W>out</W><W>cheap</W><W>thrills</W><W>in</W><W>order</W><W>to</W><W>make</W><W>a</W><W>buck</W></xcope><W>.</W></SENTENCE><SENTENCE><W>It</W><W>also</W><W>shows</W><W>how</W><W>repetitive</W><W>his</W><W>ideas</W><W>are</W><W>.</W></SENTENCE></P><P></P><P><SENTENCE><W>From</W><W>one</W><W>Alex</W><W>Cross</W><W>novel</W><W>to</W><W>another</W><W>,</W><W>the</W><W>same</W><W>theme</W><W>revolves</W><W>,</W><W>but</W><W>within</W><W>different</W><W>circumstances</W><W>:</W></SENTENCE></P><P></P><P><SENTENCE><W>Alex</W><W>Cross</W><W>is</W><W>still</W><W>bemoaning</W><W>his</W><W>fate</W><W>that</W><W>he</W><W>is</W><W>a</W><W>smart</W><W>accomplished</W><W>Black</W><W>detective</W><W>in</W><W>Washington</W><W>D.C.</W><W>,</W><W>working</W><W>around</W><W>a</W><W>bunch</W><W>of</W><W>stupid</W><W>white</W><W>people</W><W>.</W></SENTENCE><SENTENCE><W>He</W><W>distrusts</W><W>them</W><C><W>and</W></C><W>dislikes</W><W>them</W><W>.</W></SENTENCE><SENTENCE><C><cue ID="8" type="speculation"><W>If</W></cue></C><xcope ID="11"><ref COMMENTS="" ID="14" SRC="8"></ref><W>this</W><W>was</W><W>the</W><W>other</W><W>way</W><W>around</W><W>I</W><C><cue ID="7" type="speculation"><W>think</W></cue></C><xcope ID="10"><ref COMMENTS="" ID="13" SRC="7"></ref><W>they</W><C><cue ID="6" type="speculation"><W>would</W></cue></C><xcope ID="9"><ref COMMENTS="" ID="12" SRC="6"></ref><W>have</W><W>fired</W><W>him</W><W>by</W><W>now</W></xcope></xcope></xcope><W>.</W></SENTENCE></P><P></P><P><SENTENCE><W>He</W><W>still</W><W>mourns</W><W>the</W><W>death</W><W>of</W><W>his</W><W>wife</W><W>Maria</W><W>(</W><W>who</W><W>was</W><W>killed</W><W>in</W><W>a</W><W>drive-by-shooting</W><W>)</W><W>,</W><W>yet</W><W>he</W><W>falls</W><W>in</W><W>love</W><W>with</W><W>a</W><W>female</W><W>character</W><W>that</W><W>he</W><W>meets</W><W>(</W><W>just</W><W>like</W><W>in</W><W>Along</W><W>Came</W><W>a</W><W>Spider</W><W>and</W><W>Kiss</W><W>the</W><W>Girls)--</W><W>luckily</W><W>for</W><W>him</W><W>in</W><W>this</W><W>novel</W><W>,</W><W>the</W><W>husband</W><W>of</W><W>the</W><W>woman</W><W>he</W><W>falls</W><W>for</W><W>gets</W><W>offed</W><W>.</W></SENTENCE><SENTENCE><W>(</W><W>Read</W><W>future</W><W>Alex</W><W>Cross</W><W>novels</W><W>!</W><W>)</W></SENTENCE></P><P></P><P><SENTENCE><W>Last</W><W>,</W><W>he</W><W>is</W><W>torn</W><W>between</W><W>his</W><W>dedication</W><W>to</W><W>the</W><W>job</W><W>,</W><C><W>and</W></C><W>his</W><W>devotion</W><W>to</W><W>his</W><W>children</W><C><W>and</W></C><W>his</W><W>&#34;</W><W>Nana</W><W>Mama</W><W>&#34;</W><W>(</W><W>his</W><W>grandmother</W><W>)</W></SENTENCE></P><P></P><P><SENTENCE><W>In</W><W>Jack</W><W>and</W><W>Jill</W><W>,</W><W>a</W><W>mysterious</W><W>murderer</W><W>is</W><W>out</W><W>to</W><W>kill</W><W>President</W><W>Thomas</W><W>Byrnes</W><W>;</W><W>but</W><W>for</W><C><cue ID="17" type="speculation"><W>no</W></cue></C><xcope ID="21"><ref COMMENTS="" ID="22" SRC="17"></ref><W>obvious</W><W>reason</W><C><W>except</W></C><W>that</W><W>Byrnes</W><W>is</W><W>an</W><W>outsider</W><W>to</W><W>politics</W><C><W>and</W></C><W>to</W><W>Washington</W></xcope><W>(</W><xcope ID="20"><ref COMMENTS="" ID="28" SRC="16"></ref><W>he</W><W>is</W><W>a</W><W>former</W><W>CEO</W><W>of</W><W>Ford</W></xcope><C><cue ID="16" type="speculation"><W>or</W></cue></C><xcope ID="19"><ref COMMENTS="" ID="27" SRC="16"></ref><W>GM</W></xcope><C><cue ID="15" type="speculation"><W>or</W></cue></C><xcope ID="18"><ref COMMENTS="" ID="26" SRC="16"></ref><W>something</W></xcope><W>)</W><W>;</W><C><W>and</W></C><W>he</W><W>&#39;s</W><W>shaking</W><W>up</W><W>the</W><W>town</W><W>with</W><W>his</W><W>brand</W><W>of</W><W>politics</W><W>.</W></SENTENCE></P><P></P><P><SENTENCE><W>Yet</W><W>,</W><C><cue ID="29" type="negation"><W>no</W></cue></C><xcope ID="30"><ref COMMENTS="" ID="31" SRC="29"></ref><W>good</W><W>reason</W><W>exists</W><W>at</W><W>all</W><W>,</W><W>even</W><W>at</W><W>the</W><W>end</W><W>of</W><W>the</W><W>story</W><W>,</W><W>as</W><W>to</W><W>why</W><W>someone</W><W>was</W><W>going</W><W>out</W><W>of</W><W>their</W><W>way</W><W>to</W><W>murder</W><W>him</W></xcope><W>.</W></SENTENCE></P><P></P><P><SENTENCE><W>On</W><W>the</W><W>other</W><W>hand</W><W>,</W><W>in</W><W>the</W><W>&#34;black</W><W>&#34;</W><W>part</W><W>of</W><W>town</W><W>,</W><W>someone</W><W>is</W><W>killing</W><W>little</W><W>kids</W><W>near</W><W>the</W><W>school</W><W>where</W><W>Cross</W><W>&#39;</W><W>children</W><W>attend</W><W>.</W></SENTENCE><SENTENCE><C><cue ID="32" type="negation"><W>No</W></cue></C><xcope ID="35"><ref COMMENTS="" ID="37" SRC="32"></ref><W>one</W><W>gives</W><W>a</W><W>darn</W><W>it</W><C><cue ID="33" type="speculation"><W>seems</W></cue></C><xcope ID="34"><ref COMMENTS="" ID="36" SRC="33"></ref><C><W>except</W></C><W>for</W><W>Detective</W><W>Cross</W><C><W>and</W></C><W>his</W><W>friend</W><W>John</W><W>Sampson</W></xcope></xcope><W>.</W></SENTENCE></P><P></P><P><SENTENCE><W>So</W><W>in</W><W>the</W><W>book</W><W>Cross</W><W>also</W><W>bemoans</W><W>the</W><W>fact</W><W>that</W><W>he</W><W>has</W><W>to</W><W>protect</W><W>the</W><W>President</W><W>,</W><W>when</W><W>in</W><W>fact</W><W>he</W><C><cue ID="38" type="speculation"><W>would</W></cue></C><xcope ID="41"><ref COMMENTS="" ID="45" SRC="38"></ref><W>rather</W><W>be</W><W>searching</W><W>for</W><W>the</W><W>killer</W><W>of</W><W>the</W><W>children</W></xcope><W>....</W><W>it</W><W>sounds</W><W>throughout</W><W>the</W><W>novel</W><W>that</W><W>He</W><W>blames</W><W>the</W><W>white</W><W>guys</W><W>who</W><W>are</W><W>his</W><W>bosses</W><W>for</W><W>this</W><W>.</W></SENTENCE></P><P></P><P><SENTENCE><xcope ID="42"><ref COMMENTS="" ID="47" SRC="39"></ref><W>Now</W><W>is</W><W>it</W><W>just</W><W>me</W></xcope><W>,</W><C><cue ID="39" type="speculation"><W>or</W></cue></C><xcope ID="43"><ref COMMENTS="" ID="46" SRC="39"></ref><W>are</W><W>these</W><W>two</W><W>stories</W><W>completely</W><W>unrelated</W></xcope><W>?</W></SENTENCE></P><P></P><P><SENTENCE><C><cue ID="40" type="speculation"><W>If</W></cue></C><xcope ID="44"><ref COMMENTS="" ID="48" SRC="40"></ref><W>you</W><W>read</W><W>the</W><W>book</W><W>&#39;s</W><W>back</W><W>cover</W><W>it</W><W>says</W><W>something</W><W>like</W></xcope><W>,</W></SENTENCE></P><P></P><P><SENTENCE><W>&#34;</W><W>Only</W><W>Detective</W><W>Alex</W><W>Cross</W><W>realizes</W><W>that</W><W>the</W><W>two</W><W>different</W><W>murderers</W><W>wear</W><W>the</W><W>same</W><W>face</W><W>&#34;</W><W>....</W><W>does</W><W>n&#39;t</W><W>this</W><W>mean</W><W>that</W><W>the</W><W>same</W><W>person</W><W>is</W><W>stalking/VBG|NN</W><W>the</W><W>President</W><C><W>and</W></C><W>then</W><W>murdering</W><W>these</W><W>kids</W><W>?</W><W>?</W><W>?</W><W>?</W></SENTENCE></P><P></P><P><SENTENCE><W>That</W><W>&#39;s</W><C><cue ID="49" type="negation"><W>not</W></cue></C><xcope ID="54"><ref COMMENTS="" ID="58" SRC="49"></ref><W>the</W><W>case</W><W>at</W><W>all</W><W>,</W><C><cue ID="50" type="speculation"><W>if</W></cue></C><xcope ID="53"><ref COMMENTS="" ID="57" SRC="50"></ref><W>you</W><W>read</W><W>the</W><W>book</W></xcope></xcope><W>.</W></SENTENCE></P><P></P><P><SENTENCE><W>Turns</W><W>out</W><W>that</W><W>Some</W><W>Washington</W><W>insiders</W><W>wanted</W><W>the</W><W>President</W><W>dead</W><W>.</W></SENTENCE><SENTENCE><W>Ooooh</W><W>...</W><W>big</W><W>conspiracy</W><W>...</W><W>it</W><C><cue ID="51" type="speculation"><W>would</W></cue></C><xcope ID="56"><ref COMMENTS="" ID="60" SRC="51"></ref><W>be</W><W>nice</W><C><cue ID="52" type="speculation"><W>if</W></cue></C><xcope ID="55"><ref COMMENTS="" ID="59" SRC="52"></ref><W>James</W><W>Patterson</W><W>explain</W><W>why</W></xcope></xcope><W>.</W></SENTENCE></P><P></P><P><SENTENCE><C><W>And</W></C><W>the</W><W>child</W><W>murderer</W><W>is</W><W>some</W><W>nerdy</W><W>kid</W><W>who</W><W>stopped</W><W>taking</W><W>his</W><W>anti-depressant</W><W>.</W></SENTENCE></P><P></P><P><SENTENCE><xcope ID="63"><ref COMMENTS="" ID="64" SRC="61"></ref><W>This</W><W>second</W><W>storyline</W></xcope><C><cue ID="61" type="speculation"><W>seems</W></cue></C><xcope ID="62"><ref COMMENTS="" ID="63" SRC="61"></ref><W>to</W><W>have</W><W>been</W><W>added</W><W>just</W><W>to</W><W>add</W><W>extra</W><W>pages</W><W>to</W><W>the</W><W>weak</W><W>first</W><W>storyline</W></xcope><W>.</W></SENTENCE></P><P></P><P><SENTENCE><W>One</W><W>last</W><W>thing</W><W>that</W><W>bothered</W><W>me</W><W>is</W><W>that</W><W>the</W><W>book</W><W>was</W><W>written</W><W>around</W><W>1996-97</W><W>,</W><W>during</W><W>President</W><W>Clinton</W><W>&#39;s</W><W>term</W><W>in</W><W>office</W><W>,</W><W>yet</W><W>Thomas</W><W>Byrnes</W><W>is</W><W>supposedly</W><W>President</W><W>in</W><W>the</W><W>novel</W><W>(</W><W>the</W><W>novel</W><W>takes</W><W>place</W><W>in</W><W>the</W><W>present</W><W>)</W><W>......</W></SENTENCE></P><P></P><P><SENTENCE><W>..........</W><W>While</W><W>talking</W><W>about</W><W>conspiracies</W><W>involving</W><W>the</W><W>Whitehouse</W><W>,</W><W>James</W><W>Patterson</W><W>mentions</W><W>the</W><W>Whitewater</W><W>Scandal</W><W>.</W></SENTENCE><SENTENCE><W>How</W><C><cue ID="66" type="speculation"><W>can</W></cue></C><xcope ID="69"><ref COMMENTS="" ID="72" SRC="66"></ref><W>that</W><W>be</W><C><cue ID="65" type="speculation"><W>if</W></cue></C><xcope ID="68"><ref COMMENTS="" ID="71" SRC="65"></ref><W>Clinton</W><W>was</W><C><cue ID="64" type="negation"><W>never</W></cue></C><xcope ID="67"><ref COMMENTS="" ID="70" SRC="64"></ref><W>the</W><W>President</W><W>in</W><W>Patterson</W><W>&#39;s</W><W>story</W></xcope></xcope></xcope><W>?</W><W>?</W></SENTENCE></P><P></P><P><SENTENCE><W>It</W><W>is</W><W>garbage</W><W>.</W></SENTENCE></P></DOCUMENT>
