<?xml version="1.0" encoding="UTF-8"?>
<DOCUMENT><P></P><P><SENTENCE><W>Noah</W><W>Calhoun</W><W>is</W><W>a</W><W>wonderfully</W><W>romantic</W><W>poet</W><W>who</W><W>is</W><W>now</W><W>in</W><W>his</W><W>90s</W><W>and</W><W>living</W><W>in</W><W>a</W><W>creekside</W><W>nursing</W><W>home</W><W>in</W><W>New</W><W>Bern</W><W>,</W><W>North</W><W>Carolina</W><W>.</W></SENTENCE><SENTENCE><W>At</W><W>90</W><W>years</W><W>old</W><W>,</W><W>Noah</W><W>is</W><W>still</W><W>full</W><W>of</W><W>the</W><W>wit</W><W>and</W><W>wisdom</W><W>that</W><W>comes</W><W>from</W><W>having</W><W>lived</W><W>a</W><W>full</W><W>life</W><W>with</W><W>the</W><W>only</W><W>woman</W><W>he</W><W>had</W><W>ever</W><W>loved</W><W>,</W><W>and</W><W>the</W><W>four</W><W>children</W><W>they</W><W>raised</W><W>together</W><W>.</W></SENTENCE><SENTENCE><W>Noah</W><W>has</W><W>survived</W><W>being</W><W>shot</W><W>at</W><W>in</W><W>the</W><W>war</W><W>,</W><W>the</W><W>loss</W><W>of</W><W>his</W><W>beloved</W><W>wife</W><W>via</W><W>Alzheimers</W><W>,</W><W>and</W><W>even</W><W>two</W><W>strokes</W><W>of</W><W>his</W><W>own</W><W>.</W></SENTENCE><SENTENCE><W>Still</W><W>at</W><W>90</W><W>,</W><W>Noah</W><W>puts</W><W>one</W><W>foot</W><W>in</W><W>front</W><W>of</W><W>the</W><W>other</W><W>and</W><W>shuffles</W><W>on</W><W>.</W></SENTENCE></P><P></P><P><SENTENCE><W>Too</W><W>bad</W><W>,</W><W>author</W><W>Nicholas</W><W>Sparks</W><W>novel</W><W>&#34;</W><W>The</W><W>Wedding</W><W>&#34;</W><cue ID="58" type="negation"><W>is</W><W>n&#39;t</W></cue><xcope ID="3"><ref COMMENTS="" ID="59" SRC="58"></ref><W>a</W><W>story</W><W>about</W><W>Noah</W><W>Calhoun</W><W>at</W><W>all</W></xcope><W>.</W></SENTENCE></P><P></P><P><SENTENCE><W>Nicholas</W><W>Sparks</W><W>is</W><W>a</W><W>popular</W><W>romance</W><W>author</W><W>whose</W><W>novels</W><W>are</W><W>frequently</W><W>made</W><W>into</W><W>movies</W><W>,</W><W>which</W><W>explains</W><W>why</W><W>they</W><W>are</W><W>constantly</W><W>on</W><W>the</W><W>bestseller</W><W>lists</W><W>.</W></SENTENCE><SENTENCE><W>The</W><W>Nicholas</W><W>Sparks</W><W>movies</W><cue ID="1" type="negation"><W>are</W><W>n&#39;t</W></cue><xcope ID="4"><ref ID="7" SRC="1"></ref><W>bad</W></xcope><W>,</W><W>as</W><W>screenwriters</W><W>are</W><W>able</W><W>to</W><W>adapt</W><W>(</W><W>fix</W><W>)</W><W>flaws</W><W>in</W><W>the</W><W>plot</W><W>to</W><W>make</W><W>the</W><W>novels</W><W>palatable</W><W>for</W><W>the</W><W>screen</W><W>.</W></SENTENCE></P><P></P><P><SENTENCE><W>I</W><W>just</W><W>wish</W><W>somebody</W><cue ID="2" type="speculation"><W>could</W></cue><xcope ID="60"><ref ID="61" SRC="2"></ref><W>fix</W><W>the</W><W>flaws</W><W>in</W><W>the</W><W>novels</W><W>before</W><W>they</W><W>are</W><W>even</W><W>published</W></xcope><W>,</W><W>sparing</W><W>the</W><W>readers</W><W>many</W><W>pages</W><W>of</W><W>agony</W><W>.</W></SENTENCE></P><P></P><P><SENTENCE><W>I</W><W>&#39;ve</W><W>read</W><W>everything</W><W>he</W><W>&#39;s</W><W>done</W><W>,</W><W>and</W><W>his</W><W>latest</W><W>,</W><W>&#34;</W><W>The</W><W>Wedding</W><W>&#34;</W><W>is</W><W>definitely</W><W>his</W><W>worst</W><W>.</W></SENTENCE></P><P></P><P><SENTENCE><W>&#34;</W><W>THE</W><W>NOTEBOOK</W><W>&#34;</W><W>:</W><W>&#34;</W><W>The</W><W>Wedding</W><W>&#34;</W><W>is</W><W>a</W><W>sequal</W><W>to</W><W>&#34;</W><W>The</W><W>Notebook</W><W>,</W><W>&#34;</W><W>and</W><W>&#34;</W><W>Notebook</W><W>&#34;</W><W>was</W><W>the</W><W>first</W><W>novel</W><W>ever</W><W>written</W><W>by</W><W>author</W><W>Nicholas</W><W>Sparks</W><W>.</W></SENTENCE><SENTENCE><W>I</W><W>kind</W><W>of</W><W>slammed</W><W>&#34;</W><W>Notebook</W><W>&#34;</W><W>on</W><W>Amazon</W><W>,</W><W>but</W><W>now</W><W>after</W><W>having</W><W>to</W><W>endure</W><W>&#34;</W><W>The</W><W>Wedding</W><W>,</W><W>&#34;</W><W>&#34;</W><W>Notebook</W><W>&#34;</W><W>is</W><W>looking</W><W>pretty</W><W>good</W><W>.</W></SENTENCE><SENTENCE><W>&#34;</W><W>Notebook</W><W>&#34;</W><W>tells</W><W>the</W><W>story</W><W>of</W><W>Noah</W><W>and</W><W>Allie</W><W>,</W><W>the</W><W>romantic</W><W>star-crossed</W><W>lovers</W><W>;</W><W>spanning</W><W>the</W><W>decades</W><W>of</W><W>their</W><W>romance</W><W>through</W><W>their</W><W>love</W><W>letters</W><W>and</W><W>choppy</W><W>romance</W><W>scenes</W><W>,</W><W>right</W><W>up</W><W>to</W><W>the</W><W>bittersweet</W><W>end</W><W>of</W><W>their</W><W>legendary</W><W>romance</W><W>,</W><W>when</W><W>they</W><W>are</W><W>both</W><W>in</W><W>a</W><W>nursing</W><W>home</W><W>.</W></SENTENCE></P><P></P><P><SENTENCE><W>What</W><W>was</W><W>innovative</W><W>about</W><W>the</W><W>overly</W><W>choppy</W><W>and</W><W>clipped</W><W>&#34;</W><W>Notebook</W><W>&#34;</W><W>was</W><W>the</W><W>story</W><W>of</W><W>senior</W><W>citizens</W><W>in</W><W>their</W><W>80s</W><W>still</W><W>holding</W><W>onto</W><W>their</W><W>love</W><W>and</W><W>romance</W><W>even</W><W>with</W><W>assorted</W><W>medical</W><W>problems</W><W>,</W><W>at</W><W>the</W><W>end</W><W>of</W><W>their</W><W>lives</W><W>.</W></SENTENCE></P><P></P><P><SENTENCE><W>&#34;</W><W>NOTEBOOK</W><W>&#34;</W><W>VS</W><W>&#34;</W><W>WEDDING&#34;</W><cue ID="9" type="negation"><W>:</W><W>None</W></cue><xcope ID="61"><ref COMMENTS="" ID="62" SRC="9"></ref><W>of</W><W>that</W><W>innovation</W><W>is</W><W>evident</W><W>in</W><W>&#34;</W><W>The</W><W>Wedding</W><W>&#34;</W></xcope><W>as</W><W>there</W><W>are</W><cue ID="10" type="negation"><W>no</W></cue><xcope ID="13"><ref ID="16" SRC="10"></ref><W>new</W><W>letters</W><W>to</W><W>be</W><W>revealed</W></xcope><W>,</W><W>Noah</W><W>is</W><W>only</W><W>ten</W><W>years</W><W>older</W><W>(90</W><W>)</W><W>than</W><W>he</W><W>was</W><W>in</W><W>the</W><W>&#34;</W><W>Notebook</W><W>,</W><W>&#34;</W><W>and</W><W>the</W><W>&#34;</W><W>Wedding</W><W>&#34;</W><W>simply</W><W>fills</W><W>in</W><W>(</W><W>the</W><W>operative</W><W>word</W><W>being</W><W>&#34;filler</W><W>&#34;</W><W>)</W><W>the</W><W>period</W><W>of</W><W>time</W><W>when</W><W>Noah</W><W>and</W><W>Allie</W><W>were</W><W>raising</W><W>their</W><W>four</W><W>children</W><W>.</W></SENTENCE><SENTENCE><W>The</W><W>&#34;</W><W>Wedding</W><W>&#34;</W><cue ID="11" type="negation"><W>does</W><W>n&#39;t</W></cue><xcope ID="14"><ref ID="17" SRC="11"></ref><W>even</W><W>manage</W><W>this</W><W>very</W><W>well</W></xcope><W>,</W><W>as</W><W>Noah</W><W>and</W><W>Allie</W><W>&#39;s</W><W>child-rearing</W><W>is</W><W>glossed</W><W>over</W><W>in</W><W>favor</W><W>of</W><W>focusing</W><W>on</W><W>the</W><W>lives</W><W>of</W><W>90-year-old</W><W>Noah</W><W>&#39;s</W><W>married</W><W>daughter</W><W>.</W></SENTENCE></P><P></P><P><SENTENCE><W>&#34;</W><W>WILSON</W><W>AND</W><W>JANE</W><W>LEWIS&#34;</W><W>:</W><W>The</W><W>first-person</W><W>narrator</W><W>of</W><W>&#34;</W><W>The</W><W>Wedding</W><W>&#34;</W><W>is</W><W>the</W><W>son-in-law</W><W>(</W><W>Wilson</W><W>)</W><W>of</W><W>Noah</W><W>&#39;s</W><W>daughter</W><W>Jane</W><W>.</W></SENTENCE><SENTENCE><W>?</W><W>?</W><W>?</W><W>?</W><W>?</W><W>?</W><W>Talk</W><W>about</W><W>indirect</W><W>.</W></SENTENCE><SENTENCE><W>This</W><W>story</W><W>is</W><W>about</W><W>Noah</W><W>.</W></SENTENCE><SENTENCE><W>The</W><W>&#34;</W><W>Notebook</W><W>&#34;</W><W>was</W><W>about</W><W>Noah</W><W>.</W></SENTENCE><SENTENCE><W>Noah</W><W>is</W><W>the</W><W>one</W><W>with</W><W>a</W><W>love</W><W>of</W><W>poetry</W><W>and</W><W>nature</W><W>who</W><W>loved</W><W>only</W><W>one</W><W>woman</W><W>(</W><W>Allie</W><W>)</W><W>throughout</W><W>all</W><W>his</W><W>life</W><W>.</W></SENTENCE><SENTENCE><W>Noah</W><W>is</W><W>90-years</W><W>old</W><W>.</W></SENTENCE><SENTENCE><W>The</W><W>reader</W><W>might</W><W>like</W><W>to</W><W>hear</W><W>directly</W><W>from</W><W>a</W><W>90-year-old</W><W>what</W><W>life</W><W>is</W><W>like</W><W>at</W><W>that</W><W>stage</W><W>.</W></SENTENCE><SENTENCE><W>What</W><W>a</W><W>wonderful</W><W>opportunity</W><W>to</W><W>tell</W><W>a</W><W>senior</W><W>citizen</W><W>&#39;s</W><W>story</W><W>.</W></SENTENCE><SENTENCE><W>Who</W><W>gets</W><W>to</W><W>hear</W><W>the</W><W>private</W><W>thoughts</W><W>of</W><W>a</W><W>90-year-old</W><W>?</W></SENTENCE><SENTENCE><W>But</W><W>no</W><W>no</W><W>no</W><W>.</W></SENTENCE><SENTENCE><W>The</W><W>reader</W><W>is</W><W>left</W><W>with</W><W>the</W><W>quite-boring</W><W>blather</W><W>of</W><W>Noah</W><W>&#39;s</W><W>50-something</W><W>son-in-law</W><W>,</W><W>&#34;</W><W>Wilson</W><W>.</W><W>&#34;</W></SENTENCE></P><P></P><P><SENTENCE><W>Then</W><W>again</W><W>,</W><W>there</W><W>&#39;s</W><W>really</W><cue ID="18" type="negation"><W>nothing</W></cue><xcope ID="20"><ref ID="22" SRC="18"></ref><W>to</W><W>tell</W></xcope><W>,</W><W>and</W><W>no</W><W>particular</W><W>urgency</W><W>in</W><W>the</W><W>plot</W><W>.</W></SENTENCE><SENTENCE><W>Noah</W><W>is</W><W>90-years-old</W><W>and</W><W>still</W><W>living</W><W>in</W><W>the</W><W>nursing</W><W>home</W><W>.</W></SENTENCE><SENTENCE><W>Noah</W><W>&#39;s</W><W>son-in-law</W><W>(</W><W>Wilson</W><W>and</W><W>Jane</W><W>)</W><cue ID="19" type="negation"><W>are</W><W>n&#39;t</W></cue><xcope ID="21"><ref ID="23" SRC="19"></ref><W>as</W><W>romantic</W><W>as</W><W>they</W><W>would</W><W>like</W></xcope><W>,</W><W>and</W><W>Wilson</W><W>plans</W><W>a</W><W>big</W><W>ceremony</W><W>to</W><W>renew</W><W>their</W><W>vows</W><W>.</W></SENTENCE></P><P></P><P><SENTENCE><W>And</W><W>,</W><W>that</W><W>&#39;s</W><W>it</W><W>.</W></SENTENCE></P><P></P><P><SENTENCE><W>That</W><W>&#39;s</W><W>the</W><W>whole</W><W>plot</W><W>of</W><W>this</W><W>novel</W><W>:</W><W>Assorted</W><W>scenes</W><W>of</W><W>the</W><W>wedding</W><W>vow-renewal</W><W>ceremony</W><W>being</W><W>planned</W><W>;</W><W>repetitive</W><W>scenes</W><W>of</W><W>events</W><W>that</W><W>took</W><W>place</W><W>in</W><W>&#34;</W><W>Notebook</W><W>&#34;</W><W>;</W><W>90-year-old</W><W>Noah</W><W>talking</W><W>to</W><W>swans</W><W>out</W><W>by</W><W>the</W><W>creek</W><W>of</W><W>the</W><W>Creekside</W><W>Extended</W><W>Living</W><W>Center</W><W>(</W><W>nursing</W><W>home)----blah</W><W>blah</W><W>blah---All</W><W>told</W><W>through</W><W>the</W><W>eyes</W><W>of</W><W>&#34;</W><W>Wilson</W><W>&#34;</W><W>the</W><W>son-in-law</W><W>,</W><cue ID="24" type="negation"><W>not</W></cue><xcope ID="26"><ref ID="29" SRC="24"></ref><W>Noah</W></xcope><W>.</W></SENTENCE><SENTENCE><W>Again</W><W>,</W><W>our</W><W>Author</W><cue ID="25" type="negation"><W>does</W><W>n&#39;t</W></cue><xcope ID="27"><ref ID="28" SRC="25"></ref><W>give</W><W>the</W><W>90-year-old</W><W>Noah</W><W>a</W><W>voice</W></xcope><W>,</W><W>as</W><W>was</W><W>the</W><W>case</W><W>in</W><W>&#34;</W><W>Notebook</W><W>.</W><W>&#34;</W></SENTENCE><SENTENCE><W>And</W><W>the</W><W>reader</W><W>is</W><W>left</W><W>to</W><W>listen</W><W>to</W><W>the</W><W>dull</W><W>ruminations</W><W>of</W><W>son-in-law</W><W>Wilson</W><W>Lewis</W><W>.</W></SENTENCE></P><P></P><P><SENTENCE><W>MISSED</W><W>OPPORTUNITY</W><W>:</W><W>Before</W><W>Wilson</W><W>married</W><W>Jane</W><W>,</W><W>Wilson</W><W>was</W><W>an</W><W>atheist</W><W>.</W></SENTENCE><SENTENCE><W>Of</W><W>course</W><W>Jane</W><W>,</W><W>whose</W><W>parents</W><W>were</W><W>the</W><W>deeply</W><W>spiritual</W><W>and</W><W>romantic</W><W>Noah</W><W>and</W><W>Allie</W><W>,</W><W>is</W><W>highly</W><W>religious</W><W>.</W></SENTENCE><SENTENCE><W>Nicholas</W><W>Sparks</W><W>writes</W><W>that</W><W>shortly</W><W>after</W><W>Wilson</W><W>married</W><W>Jane</W><W>,</W><W>Wilson</W><W>accepted</W><W>Jesus</W><W>Christ</W><W>.</W></SENTENCE><SENTENCE><W>Yes</W><W>,</W><W>author</W><W>Nicholas</W><W>Sparks</W><W>writes</W><W>this</W><W>.</W></SENTENCE><SENTENCE><W>Ok</W><W>,</W><W>I</W><W>the</W><W>reader</W><W>am</W><W>thinking</W><W>,</W><W>now</W><W>this</W><W>could</W><W>get</W><W>interesting</W><W>.</W></SENTENCE></P><P></P><P><SENTENCE><W>But</W><W>,</W><W>no</W><W>no</W><W>no</W><W>.</W></SENTENCE><SENTENCE><W>Right</W><W>when</W><W>the</W><W>reader</W><W>&#39;s</W><W>interest</W><W>is</W><W>piqued</W><W>,</W><W>author</W><W>Nicholas</W><W>Spark</W><W>&#39;s</W><W>cuts</W><W>it</W><W>off</W><W>by</W><W>having</W><W>first-person</W><W>narrator</W><W>(</W><W>Wilson</W><W>)</W><W>refusing</W><W>to</W><W>say</W><W>anything</W><W>more</W><W>about</W><W>his</W><W>conversion</W><W>other</W><W>than</W><W>immediately</W><W>after</W><W>marrying</W><W>Jane</W><W>,</W><W>he</W><W>converted</W><W>to</W><W>Christianity</W><W>.</W></SENTENCE><SENTENCE><W>End</W><W>of</W><W>story</W><W>,</W><W>according</W><W>to</W><W>author</W><W>Nicholas</W><W>Sparks</W><W>.</W></SENTENCE></P><P></P><P><SENTENCE><W>An</W><W>author</W><W>who</W><W>brings</W><W>up</W><W>the</W><W>topics</W><W>of</W><W>atheism</W><W>and</W><W>Jesus</W><W>Christ</W><W>should</W><cue ID="30" type="negation"><W>not</W></cue><xcope ID="35"><ref ID="39" SRC="30"></ref><W>be</W><W>relegating</W><W>them</W><W>to</W><W>one</W><W>sentence</W></xcope><W>.</W></SENTENCE><SENTENCE><W>You</W><cue ID="40" type="negation"><W>do</W><W>n&#39;t</W></cue><xcope ID="41"><ref ID="42" SRC="40"></ref><W>open</W><W>up</W><W>that</W><W>can</W><W>of</W><W>worms</W></xcope><cue ID="33" type="negation"><W>without</W></cue><xcope ID="37"><ref ID="43" SRC="33"></ref><W>delving</W><W>into</W><W>it</W><W>further</W></xcope><W>.</W></SENTENCE><SENTENCE><W>Exactly</W><W>how</W><W>did</W><W>Wilson</W><W>&#39;s</W><W>conversion</W><W>take</W><W>place</W><W>?</W></SENTENCE><SENTENCE><W>What</W><W>influenced</W><W>Wilson</W><W>to</W><W>become</W><W>and</W><W>atheist</W><W>in</W><W>the</W><W>first</W><W>place</W><W>?</W></SENTENCE><SENTENCE><W>Would</W><W>Wilson</W><W>have</W><W>converted</W><W>had</W><W>he</W><W>not</W><W>married</W><W>Jane</W><W>?</W></SENTENCE><SENTENCE><cue ID="34" type="negation"><W>Do</W><W>n&#39;t</W></cue><xcope ID="38"><ref ID="44" SRC="34"></ref><W>count</W><W>on</W><W>Nicholas</W><W>Sparks</W></xcope><W>,</W><W>or</W><W>narrator</W><W>Wilson</W><W>Lewis</W><W>to</W><W>answer</W><W>these</W><W>questions</W><W>.</W></SENTENCE></P><P></P><P><SENTENCE><W>FIRST</W><W>PERSON</W><W>NARRATION</W><W>:</W><W>Thing</W><W>is</W><W>,</W><W>most</W><W>first-person</W><W>narrators</W><W>in</W><W>all</W><W>of</W><W>literature</W><W>are</W><W>hardly</W><W>shy</W><W>in</W><W>the</W><W>end</W><W>.</W></SENTENCE><SENTENCE><W>And</W><W>one</W><W>of</W><W>the</W><W>tenets</W><W>of</W><W>Christianity</W><W>is</W><W>to</W><W>tell</W><W>a</W><W>friend</W><W>and</W><cue ID="45" type="negation"><W>not</W></cue><xcope ID="46"><ref ID="47" SRC="45"></ref><W>keep</W><W>it</W><W>to</W><W>one</W><W>&#39;s</W><W>self</W></xcope><W>.</W></SENTENCE><SENTENCE><W>But</W><W>that</W><W>&#39;s</W><W>only</W><W>part</W><W>of</W><W>what</W><W>makes</W><W>&#34;</W><W>Wilson</W><W>&#34;</W><W>a</W><W>horrible</W><W>narrator</W><W>.</W></SENTENCE></P><P></P><P><SENTENCE><W>Doing</W><W>a</W><W>first-person</W><W>narration</W><W>is</W><W>tricky</W><W>,</W><W>and</W><W>readers</W><W>expect</W><W>lots</W><W>of</W><W>insight</W><W>and</W><W>revelations</W><W>if</W><W>an</W><W>author</W><W>is</W><W>going</W><W>to</W><W>do</W><W>it</W><W>well</W><W>.</W></SENTENCE></P><P></P><P><SENTENCE><W>In</W><W>classic</W><W>literature</W><W>,</W><W>the</W><W>first-person</W><W>narrator</W><W>in</W><W>Fitzgerald</W><W>&#39;s</W><W>&#34;</W><W>The</W><W>Great</W><W>Gatsby</W><W>&#34;</W><W>comes</W><W>off</W><W>as</W><W>delightfully</W><W>clever</W><W>and</W><W>evil</W><W>while</W><W>revealing</W><W>himself</W><W>little</W><W>by</W><W>little</W><W>.</W></SENTENCE></P><P></P><P><SENTENCE><W>One</W><W>of</W><W>the</W><W>greatest</W><W>first-person</W><W>narrations</W><W>of</W><W>any</W><W>modern</W><W>novel</W><W>is</W><W>in</W><W>2003</W><W>&#39;s</W><W>&#34;</W><W>All</W><W>He</W><W>Ever</W><W>Wanted</W><W>&#34;</W><W>by</W><W>author</W><W>Anita</W><W>Shreve</W><W>.</W></SENTENCE><SENTENCE><W>Author</W><W>,</W><W>Anita</W><W>Shreve</W><W>makes</W><W>her</W><W>first-person</W><W>narrator</W><W>extremely</W><W>insightful</W><W>and</W><W>artfully</W><W>revealing</W><W>through</W><W>varied</W><W>vernacular</W><W>and</W><W>wordplay</W><W>.</W></SENTENCE></P><P></P><P><SENTENCE><W>THE</W><W>ROMANCE</W><W>GENRE</W><W>:</W><W>This</W><W>is</W><W>why</W><W>romance</W><W>author</W><W>Anita</W><W>Shreve</W><W>writes</W><W>rings</W><W>around</W><W>author</W><W>Nicholas</W><W>Sparks</W><W>.</W></SENTENCE><SENTENCE><W>Romance</W><W>authors</W><W>like</W><W>Anita</W><W>Shreve</W><W>(</W><W>&#34;</W><W>All</W><W>He</W><W>Ever</W><W>Wanted</W><W>&#34;</W><W>)</W><W>and</W><W>Barbara</W><W>Delinsky</W><W>(</W><W>&#34;Flirting</W><W>with</W><W>Pete</W><W>&#34;</W><W>)</W><W>are</W><W>at</W><W>the</W><W>top</W><W>of</W><W>their</W><W>game</W><W>because</W><W>they</W><W>have</W><W>somehow</W><W>transcended</W><W>the</W><W>genre</W><W>and</W><W>would</W><W>probably</W><W>scoff</W><W>at</W><W>even</W><W>being</W><W>labeled</W><W>&#34;romance</W><W>&#34;</W><W>to</W><W>begin</W><W>with</W><W>.</W></SENTENCE><SENTENCE><W>Delinsky</W><W>&#39;s</W><W>romances</W><W>have</W><W>&#34;bite</W><W>&#34;</W><W>with</W><W>snappy</W><W>dialogue</W><W>and</W><W>feisty-offbeat</W><W>characters</W><W>.</W></SENTENCE><SENTENCE><W>Anita</W><W>Shreve</W><W>&#39;s</W><W>novels</W><W>have</W><W>such</W><W>flowing</W><W>language</W><W>and</W><W>bizarre</W><W>plots/characters</W><W>,</W><W>that</W><W>they</W><W>come</W><W>off</W><W>as</W><W>literary</W><W>classics</W><W>much</W><W>of</W><W>the</W><W>time</W><W>.</W></SENTENCE></P><P></P><P><SENTENCE><W>And</W><W>,</W><W>this</W><W>is</W><W>what</W><W>I</W><W>,</W><W>as</W><W>an</W><W>avid</W><W>romance</W><W>reader</W><W>,</W><W>expect</W><W>from</W><W>my</W><W>romances</W><W>:</W><W>an</W><W>author</W><W>so</W><W>creative</W><W>that</W><W>he/she</W><W>advances</W><W>,</W><W>and</W><W>goes</W><W>beyond</W><W>the</W><W>genre</W><W>,</W><W>such</W><W>that</W><W>I</W><cue COMMENTS="" ID="48" type="negation"><W>do</W><W>n&#39;t</W></cue><xcope ID="49"><ref ID="50" SRC="48"></ref><W>even</W><W>realize</W><W>that</W><W>it</W><W>is</W></xcope><W>,</W><W>in</W><W>fact</W><W>,</W><W>romance</W><W>I</W><W>am</W><W>reading</W><W>.</W></SENTENCE></P><P></P><P><SENTENCE><cue COMMENTS="" ID="51" type="speculation"><W>---Or</W></cue><xcope ID="52"><ref ID="62" SRC="53"></ref><W>at</W><W>least</W><W>a</W><W>good</W><W>Harlequin</W></xcope><cue ID="53" type="speculation"><W>or</W></cue><xcope ID="54"><ref ID="61" SRC="53"></ref><W>Danielle</W><W>Steel</W></xcope><W>,</W><W>which</W><W>,</W><W>I</W><W>&#39;m</W><W>sorry</W><W>to</W><W>say</W><W>,</W><cue ID="57" type="speculation"><W>would</W></cue><xcope ID="56"><ref ID="58" SRC="57"></ref><W>both</W><W>be</W><W>far</W><W>better</W><W>than</W><W>&#34;</W><W>The</W><W>Wedding</W><W>.</W><W>&#34;</W></xcope></SENTENCE></P></DOCUMENT>
