<?xml version="1.0" encoding="UTF-8"?>
<DOCUMENT><P></P><P><SENTENCE><W>A</W><W>few</W><W>days</W><W>ago</W><W>my</W><W>husband</W><W>and</W><W>I</W><W>crawled</W><W>into</W><W>bed</W><W>and</W><W>I</W><W>decided</W><W>I</W><cue ID="0" type="speculation"><W>would</W></cue><xcope ID="2"><ref ID="4" SRC="0"></ref><W>start</W><W>my</W><W>new</W><W>John</W><W>Grisham</W><W>book</W></xcope><W>,</W><W>A</W><W>Painted</W><W>House</W><W>,</W><W>before</W><W>falling</W><W>asleep.</W></SENTENCE><SENTENCE><W>I</W><W>am</W><W>a</W><W>John</W><W>Grisham</W><W>fan</W><W>and</W><W>I</W><W>always</W><W>rush</W><W>out</W><W>and</W><W>buy</W><W>his</W><W>books</W><W>as</W><W>soon</W><W>as</W><W>they</W><W>come</W><W>out</W><W>,</W><W>it</W><W>is</W><W>sort</W><W>of</W><W>an</W><W>indulgence</W><W>for</W><W>me</W><W>to</W><W>pay</W><W>the</W><W>price</W><W>for</W><W>a</W><W>hard</W><W>bound</W><W>book</W><W>but</W><W>I</W><W>enjoy</W><W>his</W><W>storytelling</W><W>and</W><W>since</W><W>it</W><W>is</W><W>usually</W><W>a</W><W>once/year</W><W>indulgence</W><W>I</W><cue ID="1" type="negation"><W>do</W><W>n&#39;t</W></cue><xcope ID="3"><ref ID="5" SRC="1"></ref><W>mind</W></xcope><W>.</W></SENTENCE></P><P></P><P><SENTENCE><W>Lying</W><W>in</W><W>bed</W><W>I</W><W>decided</W><W>to</W><W>annoy</W><W>my</W><W>husband</W><W>and</W><W>I</W><W>began</W><W>reading</W><W>the</W><W>book</W><W>aloud</W><W>.</W></SENTENCE><SENTENCE><W>I</W><W>did</W><W>this</W><W>for</W><W>about</W><W>4</W><W>minutes</W><W>with</W><W>him</W><W>saying</W><W>nothing</W><W>.</W></SENTENCE><SENTENCE><W>I</W><W>then</W><W>asked</W><W>if</W><W>I</W><W>was</W><W>bothering</W><W>him</W><W>,</W><W>and</W><W>he</W><W>said</W><W>&#34;</W><W>Nope</W><W>,</W><W>just</W><W>wondering</W><W>how</W><W>long</W><W>you</W><W>will</W><W>keep</W><W>reading</W><W>to</W><W>me</W><W>.</W><W>&#34;</W></SENTENCE><SENTENCE><W>I</W><W>took</W><W>that</W><W>as</W><W>a</W><W>challenge</W><W>to</W><W>continue</W><W>and</W><W>did</W><W>so</W><W>for</W><W>another</W><W>5</W><W>minutes</W><W>.</W></SENTENCE><SENTENCE><W>When</W><W>I</W><W>stopped</W><W>reading</W><W>my</W><W>husband</W><W>laughed</W><W>and</W><W>said</W><W>&#34;</W><W>That</W><W>is</W><W>the</W><W>most</W><W>boring</W><W>book</W><W>I</W><W>have</W><W>ever</W><W>heard</W><W>&#34;</W><W>.</W></SENTENCE><SENTENCE><W>I</W><W>shrugged</W><W>it</W><W>off</W><W>since</W><W>it</W><W>was</W><W>just</W><W>the</W><W>beginning</W><W>.</W></SENTENCE><SENTENCE><W>I</W><cue ID="6" type="speculation"><W>should</W></cue><xcope ID="7"><ref ID="8" SRC="6"></ref><W>have</W><W>listened</W><W>to</W><W>my</W><W>husband</W></xcope><W>and</W><W>put</W><W>the</W><W>book</W><W>down</W><W>.</W></SENTENCE></P><P></P><P><SENTENCE><W>A</W><W>Painted</W><W>House</W><W>is</W><cue ID="9" type="negation"><W>not</W></cue><xcope ID="10"><ref ID="11" SRC="9"></ref><W>a</W><W>typical</W><W>legal</W><W>thriller</W><W>from</W><W>John</W><W>Grisham</W></xcope><W>.</W></SENTENCE><SENTENCE><W>Instead</W><W>this</W><W>is</W><W>the</W><W>tale</W><W>of</W><W>Luke</W><W>Chandler</W><W>and</W><W>his</W><W>family</W><W>.</W></SENTENCE><SENTENCE><W>The</W><W>story</W><W>takes</W><W>place</W><W>in</W><W>the</W><W>50</W><W>&#39;s</W><W>and</W><W>does</W><W>transport</W><W>you</W><W>back</W><W>to</W><W>that</W><W>era</W><W>.</W></SENTENCE><SENTENCE><W>Grisham</W><W>does</W><W>a</W><W>fine</W><W>job</W><W>of</W><W>describing</W><W>the</W><W>time</W><W>.</W></SENTENCE><SENTENCE><W>However</W><W>,</W><W>in</W><W>other</W><W>areas</W><W>the</W><W>book</W><W>just</W><W>falls</W><W>flat</W><W>on</W><W>its</W><W>face</W><W>.</W></SENTENCE></P><P></P><P><SENTENCE><W>Luke</W><W>Chandler</W><W>lives</W><W>on</W><W>a</W><W>cotton</W><W>farm</W><W>in</W><W>Arkansas</W><W>with</W><W>his</W><W>Mom</W><W>,</W><W>Dad</W><W>,</W><W>Grandma</W><W>,</W><W>and</W><W>Grandpa</W><W>in</W><W>an</W><W>unpainted</W><W>house</W><W>.</W></SENTENCE><SENTENCE><W>Each</W><W>year</W><W>during</W><W>the</W><W>cotton</W><W>picking</W><W>season</W><W>the</W><W>family</W><W>goes</W><W>into</W><W>town</W><W>and</W><W>selects</W><W>its</W><W>help</W><W>for</W><W>the</W><W>season</W><W>.</W></SENTENCE><SENTENCE><W>This</W><W>year</W><W>the</W><W>family</W><W>selects</W><W>the</W><W>Spruills</W><W>,</W><W>a</W><W>family</W><W>from</W><W>the</W><W>hills</W><W>of</W><W>Arkansas</W><W>and</W><W>a</W><W>group</W><W>of</W><W>Mexicans</W><W>.</W></SENTENCE></P><P></P><P><SENTENCE><W>Things</W><W>are</W><W>different</W><W>this</W><W>time</W><W>around</W><W>and</W><W>right</W><W>from</W><W>the</W><W>beginning</W><xcope ID="67"><ref COMMENTS="" ID="68" SRC="65"></ref><W>the</W><W>Chandlers</W></xcope><cue ID="65" type="negation"><W>do</W><W>n&#39;t</W></cue><xcope ID="66"><ref COMMENTS="" ID="67" SRC="65"></ref><cue ID="13" type="speculation"><W>seem</W></cue><xcope ID="14"><ref ID="15" SRC="13"></ref><W>to</W><W>care</W><W>for</W><W>the</W><W>Spruills</W></xcope></xcope><W>but</W><W>they</W><W>need</W><W>the</W><W>help</W><W>so</W><W>they</W><W>do</W><W>whatever</W><W>they</W><W>can</W><W>to</W><W>keep</W><W>the</W><W>peace</W><W>.</W></SENTENCE><SENTENCE><W>The</W><W>Spruills</W><W>have</W><xcope ID="69"><ref COMMENTS="" ID="70" SRC="16"></ref><W>a</W><W>son</W><W>who</W><W>is</W><W>a</W><W>rather</W><W>large</W><W>bully</W></xcope><W>and</W><cue ID="16" type="speculation"><W>seems</W></cue><xcope ID="17"><ref ID="18" SRC="16"></ref><W>to</W><W>enjoy</W><W>that</W></xcope><W>.</W></SENTENCE><SENTENCE><W>He</W><W>causes</W><W>trouble</W><W>on</W><W>the</W><W>farm</W><W>as</W><W>well</W><W>as</W><W>in</W><W>town</W><W>.</W></SENTENCE></P><P></P><P><SENTENCE><W>I</W><cue ID="19" type="negation"><W>do</W><W>n&#39;t</W></cue><xcope ID="20"><ref ID="21" SRC="19"></ref><W>want</W><W>to</W><W>ruin</W><W>the</W><W>story</W></xcope><W>so</W><W>I</W><W>will</W><W>just</W><W>say</W><W>that</W><W>there</W><W>are</W><W>some</W><W>things</W><W>that</W><W>happen</W><W>and</W><xcope ID="71"><ref COMMENTS="" ID="72" SRC="22"></ref><W>Luke</W></xcope><cue ID="22" type="speculation"><W>seems</W></cue><xcope ID="30"><ref ID="38" SRC="22"></ref><W>to</W><W>bear</W><W>witness</W><W>to</W><W>all</W><W>of</W><W>them</W></xcope><W>.</W></SENTENCE><SENTENCE><W>This</W><cue ID="23" type="speculation"><W>probably</W></cue><xcope ID="31"><ref ID="39" SRC="23"></ref><W>is</W><W>because</W><W>the</W><W>child</W></xcope><W>,</W><W>he</W><W>is</W><W>7</W><W>,</W><W>is</W><W>somewhat</W><W>of</W><W>a</W><W>voyeur</W><W>.</W></SENTENCE><SENTENCE><cue ID="24" type="speculation"><W>Perhaps</W></cue><xcope ID="32"><ref ID="41" SRC="24"></ref><W>it</W><W>is</W><W>the</W><W>boring</W><W>life</W><W>on</W><W>the</W><W>cotton</W><W>farm</W></xcope><W>,</W><W>but</W><xcope ID="73"><ref COMMENTS="" ID="74" SRC="25"></ref><W>the</W><W>boy</W></xcope><W>just</W><cue ID="25" type="speculation"><W>seems</W></cue><xcope ID="33"><ref ID="40" SRC="25"></ref><W>to</W><W>enjoy</W><W>sneaking</W><W>around</W><W>into</W><W>everyone</W><W>&#39;s</W><W>business</W></xcope><W>.</W></SENTENCE><SENTENCE><W>He</W><W>sees</W><W>some</W><W>things</W><W>that</W><cue ID="26" type="negation"><W>no</W></cue><xcope ID="34"><ref ID="42" SRC="26"></ref><W>child</W></xcope><cue ID="27" type="speculation"><W>should</W></cue><xcope ID="35"><ref ID="43" SRC="27"></ref><W>see</W></xcope><W>and</W><W>is</W><W>more</W><W>or</W><W>less</W><W>forced</W><W>to</W><W>keep</W><W>a</W><W>series</W><W>of</W><W>secrets</W><W>from</W><W>everyone</W><W>.</W></SENTENCE></P><P></P><P><SENTENCE><W>The</W><W>story</W><W>starts</W><W>of</W><W>slowly</W><W>,</W><W>and</W><W>when</W><W>I</W><W>say</W><W>slowly</W><W>,</W><W>I</W><W>mean</W><W>very</W><W>slowly</W><W>.</W></SENTENCE><SENTENCE><W>I</W><cue ID="28" type="negation"><W>do</W><W>n&#39;t</W></cue><xcope ID="36"><ref ID="44" SRC="28"></ref><W>think</W><W>there</W><W>is</W><W>any</W><W>action</W><W>of</W><W>excitement</W><W>until</W><W>around</W><W>page</W><W>70</W></xcope><W>,</W><W>give</W><W>or</W><W>take</W><W>a</W><W>few</W><W>.</W></SENTENCE><SENTENCE><xcope ID="75"><ref COMMENTS="" ID="76" SRC="29"></ref><W>Grisham</W></xcope><W>really</W><cue ID="29" type="speculation"><W>seems</W></cue><xcope ID="37"><ref ID="45" SRC="29"></ref><W>to</W><W>take</W><W>a</W><W>lot</W><W>of</W><W>time</W><W>setting</W><W>the</W><W>scene</W><W>and</W><W>developing</W><W>the</W><W>characters</W></xcope><W>.</W></SENTENCE><SENTENCE><W>There</W><W>are</W><W>authors</W><W>that</W><W>neglect</W><W>to</W><W>do</W><W>this</W><W>but</W><W>I</W><W>felt</W><W>Grisham</W><W>really</W><W>took</W><W>too</W><W>much</W><W>time</W><W>here</W><W>.</W></SENTENCE><SENTENCE><W>I</W><W>had</W><W>a</W><W>hard</W><W>time</W><W>getting</W><W>into</W><W>the</W><W>book</W><W>and</W><W>at</W><W>one</W><W>point</W><W>found</W><W>myself</W><W>thinking</W><W>things</W><W>were</W><W>picking</W><W>up</W><W>.</W></SENTENCE><SENTENCE><W>I</W><W>got</W><W>a</W><W>little</W><W>excited</W><W>that</W><W>things</W><W>were</W><W>looking</W><W>up</W><W>only</W><W>to</W><W>find</W><W>out</W><W>that</W><W>it</W><W>really</W><W>was</W><W>nothing</W><W>.</W></SENTENCE></P><P></P><P><SENTENCE><W>When</W><W>the</W><W>story</W><W>does</W><W>finally</W><W>pick</W><W>up</W><W>a</W><W>little</W><W>bit</W><W>it</W><W>is</W><W>only</W><W>temporary</W><W>.</W></SENTENCE><SENTENCE><W>Up</W><W>we</W><W>go</W><W>and</W><W>right</W><W>back</W><W>down</W><W>.</W></SENTENCE><SENTENCE><W>I</W><W>told</W><W>my</W><W>husband</W><W>there</W><W>is</W><W>about</W><W>30</W><W>pages</W><W>of</W><W>boring</W><W>and</W><W>then</W><W>about</W><W>3</W><W>pages</W><W>of</W><W>excitement</W><W>.</W></SENTENCE><SENTENCE><W>I</W><W>found</W><W>it</W><W>to</W><W>be</W><W>rather</W><W>annoying</W><W>.</W></SENTENCE><SENTENCE><W>I</W><W>guess</W><W>that</W><W>is</W><W>my</W><W>major</W><W>issue</W><W>with</W><W>this</W><W>book</W><W>.</W></SENTENCE></P><P></P><P><SENTENCE><W>I</W><W>knew</W><W>when</W><W>I</W><W>purchased</W><W>this</W><W>book</W><W>that</W><W>it</W><W>was</W><cue ID="46" type="negation"><W>not</W></cue><xcope ID="48"><ref ID="52" SRC="46"></ref><W>a</W><W>legal</W><W>thriller</W></xcope><W>,</W><W>but</W><W>I</W><W>still</W><W>hoped</W><W>for</W><W>a</W><W>little</W><W>bit</W><W>of</W><W>mystery</W><W>,</W><W>there</W><W>was</W><cue ID="47" type="negation"><W>none</W></cue><W>!</W></SENTENCE></P><P></P><P><SENTENCE><W>The</W><W>ending</W><W>is</W><W>another</W><W>thing</W><W>that</W><W>falls</W><W>flat</W><W>.</W></SENTENCE><SENTENCE><W>There</W><W>were</W><W>so</W><W>many</W><W>different</W><W>roads</W><W>that</W><W>this</W><W>ending</W><cue ID="49" type="speculation"><W>could</W></cue><xcope ID="50"><ref ID="51" SRC="49"></ref><W>have</W><W>taken</W></xcope><W>and</W><W>although</W><W>the</W><W>ending</W><W>was</W><W>a</W><W>happy</W><W>one</W><W>,</W><W>it</W><W>was</W><W>also</W><W>a</W><W>little</W><W>sad</W><W>and</W><W>I</W><W>felt</W><W>let</W><W>down</W><W>.</W></SENTENCE></P><P></P><P><SENTENCE><W>I</W><W>am</W><cue ID="53" type="negation"><W>not</W></cue><xcope ID="59"><ref ID="65" SRC="53"></ref><W>impressed</W><W>with</W><W>this</W><W>particular</W><W>Grisham</W><W>novel</W></xcope><W>.</W></SENTENCE><SENTENCE><W>I</W><cue ID="55" type="speculation"><W>feel</W></cue><xcope ID="60"><ref ID="66" SRC="55"></ref><W>that</W><W>Grisham</W><W>spent</W><W>too</W><W>much</W><W>time</W><W>on</W><W>the</W><W>character</W><W>development</W></xcope><W>and</W><cue ID="54" type="negation"><W>not</W></cue><xcope ID="61"><ref ID="67" SRC="54"></ref><W>enough</W><W>time</W><W>making</W><W>the</W><W>story</W><W>exciting</W><W>for</W><W>the</W><W>reader</W></xcope><W>.</W></SENTENCE><SENTENCE><xcope ID="77"><ref COMMENTS="" ID="78" SRC="56"></ref><W>His</W><W>description</W><W>of</W><W>the</W><W>50</W><W>&#39;s</W></xcope><cue ID="56" type="speculation"><W>seems</W></cue><xcope ID="62"><ref ID="70" SRC="56"></ref><W>accurate</W></xcope><W>and</W><W>readers</W><cue ID="57" type="speculation"><W>might</W></cue><xcope ID="63"><ref ID="69" SRC="57"></ref><W>enjoy</W><W>the</W><W>trip</W><W>back</W><W>in</W><W>time</W></xcope><W>,</W><W>but</W><W>that</W><W>trip</W><cue ID="58" type="negation"><W>does</W><W>n&#39;t</W></cue><xcope ID="64"><ref ID="68" SRC="58"></ref><W>make</W><W>the</W><W>book</W><W>worth</W><W>reading</W></xcope><W>.</W></SENTENCE></P></DOCUMENT>
