<?xml version="1.0" encoding="UTF-8"?>
<DOCUMENT><P></P><P><SENTENCE><W>John</W><W>Grisham</W><W>,</W><W>of</W><W>legal</W><W>thriller</W><W>fame</W><W>,</W><W>has</W><W>attempted</W><W>a</W><W>pastoral</W><W>memoir</W><W>with</W><W>his</W><W>recent</W><W>book</W><W>,</W><W>A</W><W>Painted</W><W>House</W><W>.</W></SENTENCE><SENTENCE><W>I</W><W>read</W><W>the</W><W>book</W><W>cover</W><W>to</W><W>cover</W><W>,</W><W>enjoying</W><W>it</W><W>well</W><W>enough</W><W>in</W><W>spots</W><W>,</W><W>but</W><W>wincing</W><W>in</W><W>others</W><W>,</W><W>where</W><xcope ID="41"><ref COMMENTS="" ID="42" SRC="0"></ref><W>Grisham</W></xcope><W>just</W><cue ID="35" type="negation"><W>did</W><W>nt</W></cue><xcope ID="36"><ref COMMENTS="" ID="37" SRC="35"></ref><cue ID="0" type="speculation"><W>seem</W></cue><xcope ID="2"><ref ID="3" SRC="0"></ref><W>to</W><W>have</W><W>the</W><W>skills</W><W>to</W><W>convincingly</W><W>carry</W><W>the</W><W>story</W></xcope></xcope><W>.</W></SENTENCE></P><P></P><P><SENTENCE><W>I</W><W>will</W><W>apologize</W><W>in</W><W>advance</W><W>if</W><W>I</W><W>make</W><W>any</W><W>errors</W><W>in</W><W>this</W><W>review</W><W>,</W><W>as</W><W>the</W><W>book</W><W>was</W><W>a</W><W>library</W><W>loan</W><W>that</W><W>I</W><W>have</W><W>since</W><W>returned</W><W>.</W></SENTENCE><SENTENCE><W>It</W><W>is</W><W>certainly</W><cue ID="1" type="negation"><W>not</W></cue><xcope ID="4"><ref ID="5" SRC="1"></ref><W>a</W><W>book</W><W>I</W><W>need</W><W>to</W><W>own</W><W>for</W><W>my</W><W>personal</W><W>collection</W></xcope><W>.</W></SENTENCE></P><P></P><P><SENTENCE><W>Narrated</W><W>by</W><W>7</W><W>year</W><W>old</W><W>Luke</W><W>,</W><W>A</W><W>Painted</W><W>House</W><W>,</W><W>is</W><W>the</W><W>tale</W><W>of</W><W>one</W><W>cotton</W><W>picking</W><W>season</W><W>for</W><W>a</W><W>family</W><W>of</W><W>Arkansas</W><W>sharecroppers</W><W>.</W></SENTENCE><SENTENCE><W>Like</W><W>the</W><W>young</W><W>boy</W><W>in</W><W>Grishams</W><W>The</W><W>Client</W><W>,</W><xcope ID="43"><ref COMMENTS="" ID="44" SRC="6"></ref><W>Luke</W></xcope><cue ID="6" type="speculation"><W>seems</W></cue><xcope ID="11"><ref ID="14" SRC="6"></ref><W>much</W><W>older</W><W>than</W><W>his</W><W>years</W></xcope><W>,</W><W>and</W><W>speaks</W><W>quite</W><W>unlike</W><W>any</W><W>7</W><W>year</W><W>old</W><W>I</W><W>have</W><W>encountered</W><W>.</W></SENTENCE><SENTENCE><W>While</W><W>Grisham</W><W>constructs</W><W>decent</W><W>plots</W><W>,</W><W>Elmore</W><W>Leonard</W><cue ID="9" type="negation"><W>need</W><W>nt</W></cue><xcope ID="12"><ref ID="15" SRC="9"></ref><W>worry</W><W>about</W><W>his</W><W>status</W><W>as</W><W>dialogue</W><W>writer</W><W>supreme</W></xcope><W>.</W></SENTENCE><SENTENCE><W>I</W><W>was</W><W>also</W><W>perplexed</W><W>by</W><W>an</W><W>early</W><W>description</W><W>in</W><W>the</W><W>book</W><W>,</W><W>which</W><W>was</W><W>used</W><W>on</W><W>the</W><W>book</W><W>jacket</W><W>as</W><W>well</W><W>.</W></SENTENCE><SENTENCE><W>The</W><W>cotton</W><W>had</W><W>grown</W><W>to</W><W>the</W><W>fathers</W><W>waist</W><W>,</W><W>AND</W><W>over</W><W>Lukes</W><W>head</W><W>.</W></SENTENCE><SENTENCE><W>I</W><W>actually</W><W>took</W><W>my</W><W>soon-to-be</W><W>5</W><W>year</W><W>old</W><W>daughter</W><W>to</W><W>see</W><W>where</W><W>she</W><W>stood</W><W>when</W><W>placed</W><W>beside</W><W>me</W><W>.</W></SENTENCE><SENTENCE><W>Nearly</W><W>to</W><W>my</W><W>waist</W><W>.</W></SENTENCE><SENTENCE><W>So</W><W>,</W><cue ID="10" type="speculation"><W>apparently</W></cue><xcope ID="13"><ref ID="16" SRC="10"></ref><W>Luke</W><W>was</W><W>pretty</W><W>short</W><W>or</W><W>his</W><W>dad</W><W>was</W><W>pretty</W><W>tall</W></xcope><W>.</W></SENTENCE><SENTENCE><W>I</W><W>know</W><W>this</W><W>is</W><W>nit-picky</W><W>,</W><W>but</W><W>if</W><W>Grisham</W><W>is</W><W>going</W><W>for</W><W>memorable</W><W>descriptions</W><W>,</W><W>using</W><W>questionable</W><W>details</W><W>is</W><W>an</W><W>iffy</W><W>way</W><W>to</W><W>start</W><W>.</W></SENTENCE></P><P></P><P><SENTENCE><W>Living</W><W>with</W><W>his</W><W>mother</W><W>and</W><W>father</W><W>on</W><W>his</W><W>grandparents</W><W></W><W>farm</W><W>,</W><W>young</W><W>Luke</W><W>shares</W><W>the</W><W>annual</W><W>routines</W><W>related</W><W>to</W><W>the</W><W>cotton</W><W>harvest</W><W>.</W></SENTENCE><SENTENCE><W>Luke</W><W>watches</W><W>his</W><W>grandfather</W><W>Pappy</W><W>recruit</W><W>laborers</W><W>for</W><W>the</W><W>harvest</W><W>,</W><W>beginning</W><W>with</W><W>a</W><W>family</W><W>of</W><W>hill</W><W>people</W><W>(</W><W>a</W><W>nice</W><W>way</W><W>of</W><W>saying</W><W>hillbilly</W><W>)</W><W>,</W><W>the</W><W>Spruills</W><W>,</W><W>and</W><W>migrant</W><W>Mexicans</W><W>.</W></SENTENCE><SENTENCE><W>The</W><W>Spruills</W><W>are</W><W>a</W><W>ragged</W><W>bunch</W><W>,</W><W>straight</W><W>out</W><W>of</W><W>Steinbeck</W><W>,</W><W>and</W><W>the</W><W>Mexicans</W><W>are</W><W>,</W><W>well</W><W>,</W><W>Mexicans</W><W>,</W><W>I</W><W>guess</W><W></W><W>according</W><W>to</W><W>Grisham</W><W>,</W><W>they</W><W>pick</W><W>cotton</W><cue ID="17" type="negation"><W>without</W></cue><xcope ID="18"><ref ID="19" SRC="17"></ref><W>complaint</W></xcope><W>,</W><W>enjoy</W><W>a</W><W>lively</W><W>game</W><W>of</W><W>baseball</W><W>,</W><W>and</W><W>help</W><W>paint</W><W>a</W><W>house</W><W>.</W></SENTENCE><SENTENCE><W>A</W><W>good-natured</W><W>bunch</W><W>of</W><W>gringos</W><W>,</W><W>except</W><W>for</W><W>the</W><W>switchblade</W><W>brandishing</W><W>one</W><W>called</W><W>Cowboy</W><W>.</W></SENTENCE></P><P></P><P><SENTENCE><W>Thus</W><W>begins</W><W>a</W><W>summer</W><W>full</W><W>of</W><W>adventure</W><W>,</W><W>the</W><W>likes</W><W>of</W><W>which</W><W>I</W><W>have</W><W>yet</W><W>to</W><W>see</W><W>in</W><W>all</W><W>of</W><W>my</W><W>38</W><W>years</W><W>.</W></SENTENCE><SENTENCE><W>Luke</W><W>is</W><W>required</W><W>to</W><W>keep</W><W>so</W><W>many</W><W>secrets</W><W>,</W><W>he</W><W>will</W><W>undoubtedly</W><W>be</W><W>a</W><W>therapists</W><W>field</W><W>day</W><W>in</W><W>the</W><W>future</W><W>.</W></SENTENCE><SENTENCE><W>The</W><W>Spruills</W><W>have</W><W>brought</W><W>along</W><W>a</W><W>psychotic</W><W>behemoth</W><W>named</W><W>Hank</W><W>,</W><W>who</W><W>murders</W><W>a</W><W>young</W><W>punk</W><W>in</W><W>a</W><W>fight</W><W>,</W><W>during</W><W>a</W><W>Saturday</W><W>night</W><W>outing</W><W>into</W><W>town</W><W>.</W></SENTENCE><SENTENCE><W>Luke</W><W>witnesses</W><W>the</W><W>violence</W><W>,</W><W>of</W><W>course</W><W>,</W><W>and</W><cue ID="47" type="speculation"><W>must</W></cue><xcope ID="51"><ref COMMENTS="" ID="52" SRC="47"></ref><cue ID="48" type="negation"><W>not</W></cue><xcope ID="49"><ref COMMENTS="" ID="50" SRC="48"></ref><W>talk</W><W>about</W><W>it</W></xcope></xcope><W>for</W><W>fear</W><W>that</W><W>all</W><W>the</W><W>Spruills</W><W>will</W><W>leave</W><W>before</W><W>the</W><W>cotton</W><W>is</W><W>harvested</W><W>.</W></SENTENCE></P><P></P><P><SENTENCE><W>Also</W><W>in</W><W>the</W><W>Spruill</W><W>clan</W><W>is</W><W>a</W><W>hot</W><W>hillbilly</W><W>chick</W><W>,</W><W>Tally</W><W>(</W><W>does</W><W>that</W><W>rhyme</W><W>with</W><W>Sally</W><W>or</W><W>Paulie</W><W>?</W><W>)</W><W>,</W><W>who</W><W>Luke</W><W>lusts</W><W>after</W><W>in</W><xcope ID="45"><ref COMMENTS="" ID="46" SRC="20"></ref><W>a</W><W>way</W><W>that</W></xcope><cue ID="20" type="speculation"><W>seems</W></cue><xcope ID="22"><ref ID="24" SRC="20"></ref><W>a</W><W>bit</W><W>unlike</W><W>a</W><W>7</W><W>year</W><W>old</W></xcope><W>.</W></SENTENCE><SENTENCE><W>He</W><W>watches</W><W>her</W><W>bathing</W><W>nude</W><W>in</W><W>the</W><W>creek</W><W>,</W><W>and</W><W>I</W><W>half-expected</W><W>him</W><W>to</W><W>have</W><W>his</W><W>first</W><W>sexual</W><W>encounter</W><W>!</W></SENTENCE><SENTENCE><W>This</W><W>is</W><W>all</W><W>disconcerting</W><W>to</W><W>the</W><W>reader</W><W></W><W>while</W><W>a</W><W>touch</W><W>of</W><W>romance</W><cue ID="21" type="speculation"><W>might</W></cue><xcope ID="23"><ref ID="25" SRC="21"></ref><W>have</W><W>been</W><W>nice</W><W>for</W><W>the</W><W>story</W></xcope><W>,</W><W>Grisham</W><W>made</W><W>Luke</W><W>7</W><W>instead</W><W>of</W><W>,</W><W>say</W><W>,</W><W>15</W><W>.</W></SENTENCE></P><P></P><P><SENTENCE><W>Fans</W><W>of</W><W>John</W><W>Grisham</W><W>will</W><W>no</W><W>doubt</W><W>want</W><W>to</W><W>read</W><W>this</W><W>.</W></SENTENCE><SENTENCE><W>A</W><W>Painted</W><W>House</W><W>is</W><W>supposedly</W><W>based</W><W>on</W><W>some</W><W>of</W><W>Grishams</W><W>childhood</W><W>experiences</W><W>.</W></SENTENCE><SENTENCE><W>I</W><W>found</W><W>the</W><W>book</W><W>as</W><W>entertaining</W><W>but</W><cue ID="27" type="negation"><W>no</W></cue><xcope ID="28"><ref ID="29" SRC="27"></ref><W>better</W><W>than</W><W>the</W><W>average</W><W>movie</W><W>shown</W><W>on</W><W>cables</W><W>Lifetime</W><W>channel</W></xcope><W>.</W></SENTENCE></P><P></P><P><SENTENCE><W>Here</W><W>are</W><W>some</W><W>better</W><W>titles</W><W>for</W><W>your</W><W>summer</W><W>reading</W><W>list</W><W>,</W><W>in</W><W>my</W><W>humble</W><W>opinion</W><W>.</W></SENTENCE><SENTENCE><W>John</W><W>Grisham</W><W>,</W><W>consciously</W><W>or</W><W>unconsciously</W><W>,</W><W>borrowed</W><W>a</W><W>little</W><W>flavoring</W><W>from</W><W>some</W><W>of</W><W>these</W><W>better</W><W>works</W><W>to</W><W>spice</W><W>up</W><W>his</W><W>cotton</W><W>tale</W><W>.</W></SENTENCE></P><P></P><P><SENTENCE><W>1</W><W>)</W><W>The</W><W>Summer</W><W>of</W><W>42</W><W>,</W><W>Herman</W><W>Raucher</W><W>.</W></SENTENCE><SENTENCE><W>My</W><W>all-time</W><W>favorite</W><W>book</W><W>.</W></SENTENCE><SENTENCE><W>Makes</W><W>you</W><W>laugh</W><W>,</W><W>cry</W><W>,</W><W>and</W><W>yearn</W><W>for</W><W>those</W><W>bittersweet</W><W>days</W><W>of</W><W>adolescent</W><W>angst</W><W>.</W></SENTENCE></P><P></P><P><SENTENCE><W>2</W><W>)</W><W>Tobacco</W><W>Road</W><W>,</W><W>Erskine</W><W>Caldwell</W><W>.</W></SENTENCE><SENTENCE><W>A</W><W>grotesque</W><W>,</W><W>yet</W><W>funny</W><W>,</W><W>look</W><W>at</W><W>Southern</W><W>poverty</W><W>.</W></SENTENCE></P><P></P><P><SENTENCE><W>3</W><W>)</W><W>Of</W><W>Mice</W><W>and</W><W>Men</W><W>,</W><W>John</W><W>Steinbeck</W><W>.</W></SENTENCE><SENTENCE><W>Need</W><W>I</W><W>say</W><W>more</W><W>?</W></SENTENCE></P><P></P><P><SENTENCE><W>4</W><W>)</W><W>Tom</W><W>Sawyer</W><W>,</W><W>Mark</W><W>Twain</W><W>.</W></SENTENCE><SENTENCE><W>Magical</W><W>boyhood</W><W>adventures</W><W>,</W><cue ID="30" type="negation"><W>without</W></cue><xcope ID="31"><ref ID="32" SRC="30"></ref><W>all</W><W>the</W><W>cotton-picking</W><W>drudgery</W><W>of</W><W>Grisham</W></xcope><W>.</W></SENTENCE></P><P></P><P><SENTENCE><W>5</W><W>)</W><W>Dandelion</W><W>Wine</W><W>,</W><W>Ray</W><W>Bradbury</W><W>.</W></SENTENCE><SENTENCE><W>I</W><W>read</W><W>this</W><W>one</W><W>a</W><W>long</W><W>time</W><W>ago</W><W>,</W><W>but</W><W>there</W><W>are</W><W>scenes</W><W>of</W><W>an</W><W>idyllic</W><W>but</W><W>unusual</W><W>boyhood</W><W>summer</W><W>that</W><W>I</W><W>still</W><W>recall</W><W>.</W></SENTENCE></P><P></P><P><SENTENCE><W>Publishing</W><W>a</W><W>novel</W><W>is</W><W>a</W><W>brilliant</W><W>thing</W><W>,</W><W>and</W><W>something</W><W>I</W><W>dream</W><W>of</W><W>doing</W><W>one</W><W>day</W><W>.</W></SENTENCE><SENTENCE><W>But</W><W>,</W><W>as</W><W>with</W><W>any</W><W>form</W><W>of</W><W>art</W><W>,</W><W>when</W><W>you</W><W>experience</W><W>the</W><W>masters</W><W>(</W><W>the</W><W>above</W><W>5</W><W>)</W><W>,</W><W>it</W><W>makes</W><W>the</W><xcope ID="53"><ref COMMENTS="" ID="54" SRC="33"></ref><W>Grishams</W><W>of</W><W>the</W><W>world</W></xcope><cue ID="33" type="speculation"><W>seem</W></cue><xcope ID="34"><ref ID="35" SRC="33"></ref><W>less</W><W>spectacular</W></xcope><W>.</W></SENTENCE><SENTENCE><W>I</W><W>get</W><W>the</W><W>feeling</W><W>from</W><W>Grisham</W><W>,</W><W>Clark</W><W>,</W><W>King</W><W>and</W><W>others</W><W>,</W><W>that</W><W>quantity</W><W>has</W><W>become</W><W>more</W><W>important</W><W>than</W><W>quality</W><W>.</W></SENTENCE><SENTENCE><W>Ill</W><W>take</W><W>one</W><W>Herman</W><W>Raucher</W><W>over</W><W>ten</W><W>John</W><W>Grishams</W><W>any</W><W>day</W><W>.</W></SENTENCE></P></DOCUMENT>
