<?xml version="1.0" encoding="UTF-8"?>
<DOCUMENT><P></P><P><SENTENCE><W>Recently</W><W>I</W><W>have</W><W>been</W><W>very</W><W>interested</W><W>in</W><W>reading</W><W>fiction</W><W>books</W><W>.</W></SENTENCE><SENTENCE><cue ID="0" type="negation"><W>Do</W><W>n&#39;t</W></cue><xcope ID="1"><ref ID="2" SRC="0"></ref><W>ask</W><W>me</W><W>why</W></xcope><W>,</W><W>sometimes</W><W>the</W><W>desire</W><W>just</W><W>strikes</W><W>me</W><W>to</W><W>read</W><W>,</W><W>so</W><W>I</W><W>do</W><W>it</W><W>.</W></SENTENCE><SENTENCE><W>:</W><W>)</W><W>The</W><W>first</W><W>book</W><W>I</W><W>read</W><W>was</W><W>David</W><W>Baldacci</W><W>&#39;s</W><W>&#34;</W><W>Wish</W><W>You</W><W>Well</W><W>&#34;</W><W>(</W><W>a</W><W>great</W><W>book</W><W>by</W><W>the</W><W>way</W><W>)</W><W>,</W><W>then</W><W>John</W><W>Grisham</W><W>&#39;s</W><W>&#34;</W><W>A</W><W>Painted</W><W>House</W><W>&#34;</W><W>.</W></SENTENCE></P><P></P><P><SENTENCE><W>The</W><W>cover</W><W>of</W><W>this</W><W>book</W><W>has</W><W>beautiful</W><W>colors</W><W>.</W></SENTENCE><SENTENCE><W>The</W><W>sunset</W><W>in</W><W>the</W><W>cotton</W><W>fields</W><W>is</W><W>reflected</W><W>off</W><W>of</W><W>nearly</W><W>every</W><W>boll</W><W>of</W><W>cotton</W><W>on</W><W>the</W><W>left</W><W>hand</W><W>side</W><W>.</W></SENTENCE><SENTENCE><W>On</W><W>the</W><W>right</W><W>hand</W><W>side</W><W>,</W><W>there</W><W>is</W><W>a</W><W>larger</W><W>shady</W><W>area</W><W>where</W><W>the</W><W>sun</W><W>is</W><W>not</W><W>shining</W><W>.</W></SENTENCE><SENTENCE><W>This</W><cue ID="3" type="speculation"><W>may</W></cue><xcope ID="31"><ref COMMENTS="" ID="32" SRC="3"></ref><W>be</W><W>slightly</W><W>symbolic</W><W>and</W><W>revealing</W><W>about</W><W>the</W><W>book</W><W>&#39;s</W><W>plot</W></xcope><W>(</W><W>if</W><W>you</W><W>use</W><W>logical</W><W>deduction</W><W>and</W><W>reasoning</W><W>)</W><W>.</W></SENTENCE><SENTENCE><W>To</W><W>me</W><W>,</W><W>the</W><W>shade</W><W>in</W><W>this</W><W>cotton</W><W>field</W><W>represents</W><W>the</W><W>many</W><W>dark</W><W>secrets</W><W>held</W><W>throughout</W><W>.</W></SENTENCE><SENTENCE><W>Each</W><W>little</W><W>boll</W><W>of</W><W>cotton</W><W>could</W><W>be</W><W>one</W><W>secret</W><W>,</W><W>with</W><W>the</W><W>whole</W><W>field</W><W>turning</W><W>out</W><W>to</W><W>be</W><W>hundreds</W><W>and</W><W>hundreds</W><W>of</W><W>well-kept</W><W>secrets</W><W>.</W></SENTENCE></P><P></P><P><SENTENCE><W>This</W><W>book</W><W>is</W><W>set</W><W>in</W><W>the</W><W>early</W><W>1950</W><W>&#39;s</W><W>on</W><W>the</W><W>cottonfields</W><W>of</W><W>Arkansas</W><W>.</W></SENTENCE><SENTENCE><W>What</W><W>else</W><W>can</W><W>I</W><W>say</W><W>about</W><W>the</W><W>plot</W><W>?</W></SENTENCE><SENTENCE><W>Well</W><W>,</W><W>one</W><W>thing</W><W>&#39;s</W><W>for</W><W>sure</W><W>,</W><W>it</W><W>takes</W><W>a</W><W>HELL</W><W>of</W><W>a</W><W>lot</W><W>of</W><W>time</W><W>to</W><W>get</W><W>to</W><W>the</W><W>plot</W><W>.</W></SENTENCE><SENTENCE><W>I</W><W>had</W><W>to</W><W>read</W><W>about</W><W>50</W><W>pages</W><W>before</W><W>I</W><cue ID="4" type="speculation"><W>could</W></cue><xcope ID="7"><ref ID="10" SRC="4"></ref><W>find</W><W>out</W><W>just</W><W>exactly</W><W>what</W><W>the</W><W>point</W><W>was</W></xcope><W>.</W></SENTENCE><SENTENCE><W>Once</W><W>I</W><W>got</W><W>there</W><W>,</W><W>I</W><W>discovered</W><W>that</W><W>an</W><W>innocent</W><W>boy</W><W>by</W><W>the</W><W>name</W><W>of</W><W>Luke</W><W>Chandler</W><W>was</W><W>the</W><W>main</W><W>character</W><W>.</W></SENTENCE><SENTENCE><W>In</W><W>the</W><W>early</W><W>stages</W><W>of</W><W>the</W><W>book</W><W>,</W><W>Luke</W><W>and</W><W>his</W><W>father</W><W>(</W><W>or</W><W>grandfather</W><W>,</W><W>I</W><cue ID="5" type="negation"><W>ca</W><W>n&#39;t</W></cue><xcope ID="8"><ref ID="11" SRC="5"></ref><W>remember</W></xcope><W>)</W><W>go</W><W>out</W><W>and</W><W>look</W><W>for</W><W>workers</W><W>to</W><W>pick</W><W>the</W><W>cotton</W><W>.</W></SENTENCE><SENTENCE><W>They</W><W>look</W><W>for</W><W>Mexicans</W><W>in</W><W>particular</W><W>since</W><W>they</W><W>are</W><W>more</W><W>likely</W><W>to</W><W>work</W><W>for</W><W>lower</W><W>wages</W><W>.</W></SENTENCE></P><P></P><P><SENTENCE><W>In</W><W>any</W><W>case</W><W>,</W><W>the</W><W>beginning</W><W>stages</W><W>of</W><W>the</W><W>book</W><W>were</W><W>like</W><W>walking</W><W>in</W><W>waist-high</W><W>mud</W><W>.</W></SENTENCE><SENTENCE><W>It</W><W>was</W><W>boring</W><W>,</W><W>tedious</W><W>,</W><W>and</W><W>dull</W><W>.</W></SENTENCE><SENTENCE><W>I</W><cue ID="34" type="speculation"><W>felt</W><W>like</W></cue><xcope ID="35"><ref COMMENTS="" ID="36" SRC="34"></ref><W>I</W><W>had</W><W>to</W><W>force</W><W>myself</W><W>to</W><W>enjoy</W><W>the</W><W>book</W><W>at</W><W>this</W><W>point</W></xcope><W>,</W><W>which</W><cue ID="13" type="speculation"><W>should</W></cue><xcope ID="33"><ref COMMENTS="" ID="34" SRC="13"></ref><cue ID="15" type="negation"><W>NEVER</W></cue><xcope ID="16"><ref ID="18" SRC="15"></ref><W>be</W><W>done</W><W>while</W><W>reading</W></xcope></xcope><W>.</W></SENTENCE><SENTENCE><W>The</W><W>only</W><W>one</W><W>funny</W><W>point</W><W>I</W><W>remember</W><W>at</W><W>the</W><W>beginning</W><W>of</W><W>the</W><W>book</W><W>were</W><W>Luke</W><W>&#39;s</W><W>observances</W><W>of</W><W>how</W><W>his</W><W>grandfather</W><W>always</W><W>drove</W><W>his</W><W>truck</W><W>at</W><W>EXACTLY</W><W>37</W><W>miles</W><W>per</W><W>hour</W><W>.</W></SENTENCE><SENTENCE><W>Interesting</W><W>,</W><W>and</W><W>I</W><W>did</W><W>chuckle</W><W>a</W><W>few</W><W>times</W><W>.</W></SENTENCE><SENTENCE><W>But</W><W>chuckling</W><W>was</W><W>rare</W><W>in</W><W>this</W><W>book</W><W>.</W></SENTENCE></P><P></P><P><SENTENCE><W>Finally</W><W>,</W><W>after</W><W>going</W><W>through</W><W>Hades</W><W>,</W><W>I</W><W>get</W><W>to</W><W>some</W><W>interesting</W><W>points</W><W>.</W></SENTENCE><SENTENCE><W>Luke</W><W>meets</W><W>a</W><W>woman</W><W>by</W><W>the</W><W>name</W><W>of</W><W>&#34;</W><W>Tally</W><W>&#34;</W><W>who</W><W>he</W><W>is</W><W>at</W><W>least</W><W>a</W><W>little</W><W>attracted</W><W>to</W><W>.</W></SENTENCE><SENTENCE><W>Luke</W><W>also</W><W>meets</W><W>many</W><W>other</W><W>people</W><W>(</W><W>mostly</W><W>people</W><W>who</W><W>were</W><W>hired</W><W>by</W><W>his</W><W>grandfather</W><W>to</W><W>work</W><W>the</W><W>cottonfields</W><W>)</W><W>who</W><W>either</W><W>befriend</W><W>him</W><W>or</W><W>show</W><W>hostility</W><W>.</W></SENTENCE></P><P></P><P><SENTENCE><W>I</W><cue ID="19" type="negation"><W>do</W><W>n&#39;t</W></cue><xcope ID="23"><ref ID="26" SRC="19"></ref><W>wish</W><W>to</W><W>reveal</W><W>much</W><W>else</W><W>about</W><W>the</W><W>plot</W><W>because</W></xcope><W>I</W><cue ID="20" type="negation"><W>do</W><W>n&#39;t</W></cue><xcope ID="24"><ref ID="27" SRC="20"></ref><W>think</W><W>it</W><W>is</W><W>worth</W><W>mentioning</W></xcope><W>.</W></SENTENCE><SENTENCE><W>It</W><W>&#39;s</W><W>as</W><W>simple</W><W>as</W><W>this</W><W>.</W></SENTENCE><SENTENCE><W>Luke</W><W>Chandler</W><W>is</W><W>a</W><W>seven</W><W>year</W><W>old</W><W>boy</W><W>who</W><W>encounters</W><W>new</W><W>people</W><W>on</W><W>the</W><W>cotton</W><W>farm</W><W>who</W><W>either</W><W>like</W><W>him</W><W>or</W><cue ID="21" type="negation"><W>do</W><W>n&#39;t</W></cue><xcope ID="25"><ref ID="28" SRC="21"></ref><W>like</W><W>him</W></xcope><W>.</W></SENTENCE><SENTENCE><W>Regardless</W><W>of</W><W>whether</W><W>they</W><W>like</W><W>him</W><W>or</W><cue ID="22" type="negation"><W>not</W></cue><W>,</W><W>Luke</W><W>is</W><W>forced</W><W>to</W><W>keep</W><W>many</W><W>secrets</W><W>the</W><W>workers</W><W>have</W><W>told</W><W>him</W><W>or</W><W>made</W><W>evident</W><W>to</W><W>him</W><W>.</W></SENTENCE></P><P></P><P><SENTENCE><W>The</W><W>rest</W><W>of</W><W>the</W><W>story</W><W>drags</W><W>on</W><W>,</W><W>there</W><W>are</W><W>a</W><W>few</W><W>murders</W><W>here</W><W>and</W><W>there</W><W>,</W><W>with</W><W>rarely</W><W>a</W><W>laugh</W><W>,</W><W>if</W><W>none</W><W>at</W><W>all</W><W>.</W></SENTENCE></P><P></P><P><SENTENCE><W>The</W><W>bottom</W><W>line</W><W>is</W><W>this</W><W>:</W><W>If</W><W>you</W><W>&#39;re</W><W>used</W><W>to</W><W>John</W><W>Grisham</W><W>&#39;s</W><W>court</W><W>justice</W><W>books</W><W>,</W><cue ID="29" type="negation"><W>DON&#39;T</W></cue><xcope ID="30"><ref ID="31" SRC="29"></ref><W>read</W><W>this</W><W>one</W></xcope><W>.</W></SENTENCE><SENTENCE><W>It</W><W>&#39;s</W><W>way</W><W>off-topic</W><W>compared</W><W>to</W><W>his</W><W>others</W><W>.</W></SENTENCE><SENTENCE><W>If</W><W>you</W><W>are</W><W>interested</W><W>in</W><W>a</W><W>story</W><W>from</W><W>the</W><W>1950</W><W>&#39;s</W><W>and</W><W>cottonfields</W><W>and</W><W>the</W><W>hostility</W><W>between</W><W>workers</W><W>,</W><W>then</W><W>you</W><W>may</W><W>want</W><W>to</W><W>pick</W><W>this</W><W>up</W><W>.</W></SENTENCE><SENTENCE><W>I</W><W>find</W><W>that</W><W>the</W><W>story</W><W>is</W><W>just</W><W>too</W><W>dull</W><W>for</W><W>me</W><W>,</W><W>though</W><W>,</W><W>and</W><W>that</W><W>&#39;s</W><W>why</W><W>I</W><W>&#39;m</W><W>giving</W><W>it</W><W>a</W><W>2</W><W>stars</W><W>out</W><W>of</W><W>5</W><W>.</W></SENTENCE></P></DOCUMENT>
