<?xml version="1.0" encoding="UTF-8"?>
<DOCUMENT><P></P><P><SENTENCE><W>I</W><W>bought</W><W>and</W><W>read</W><W>&#34;</W><W>A</W><W>Painted</W><W>House</W><W>&#34;</W><W>as</W><W>soon</W><W>as</W><W>it</W><W>came</W><W>out</W><W>as</W><W>I</W><W>do</W><W>with</W><W>all</W><W>John</W><W>Grisham</W><W>books</W><W>.</W></SENTENCE><SENTENCE><W>I</W><W>was</W><W>interested</W><W>to</W><W>read</W><W>how</W><W>he</W><W>treated</W><W>a</W><W>story</W><W>that</W><W>did</W><cue ID="0" type="negation"><W>not</W></cue><xcope ID="5"><ref ID="6" SRC="0"></ref><W>revolve</W><W>around</W><W>a</W><W>legal</W><W>case</W></xcope><W>.</W></SENTENCE><SENTENCE><W>He</W><W>did</W><cue ID="1" type="negation"><W>not</W></cue><xcope ID="3"><ref ID="7" SRC="1"></ref><W>treat</W><W>it</W><W>well</W></xcope><W>,</W><W>and</W><W>I</W><W>will</W><cue ID="2" type="negation"><W>not</W></cue><xcope ID="4"><ref ID="8" SRC="2"></ref><W>buy</W><W>another</W><W>one</W><W>of</W><W>his</W><W>books</W></xcope><W>unless</W><W>it</W><W>is</W><W>a</W><W>legal</W><W>thriller</W><W>like</W><W>his</W><W>others</W><W>.</W></SENTENCE></P><P></P><P><SENTENCE><xcope ID="12"><ref COMMENTS="" ID="13" SRC="9"></ref><W>The</W><W>setting</W><W>of</W><W>the</W><W>story</W></xcope><cue ID="9" type="speculation"><W>seemed</W></cue><xcope ID="11"><ref ID="13" SRC="9"></ref><W>interesting</W><W>enough--a</W></xcope><W>rural</W><W>Arkansas</W><W>farming</W><W>town</W><W>during</W><W>the</W><W>Korean</W><W>War</W><W>.</W></SENTENCE><SENTENCE><W>The</W><W>story</W><W>takes</W><W>place</W><W>over</W><W>the</W><W>length</W><W>of</W><W>a</W><W>cotton-picking</W><W>season</W><W>.</W></SENTENCE><SENTENCE><W>It</W><W>is</W><W>an</W><W>observation</W><W>of</W><W>the</W><W>picking</W><W>season</W><W>as</W><W>told</W><W>by</W><W>a</W><W>seven</W><W>year</W><W>old</W><W>son</W><W>of</W><W>a</W><W>sharecropper</W><W>,</W><W>Luke</W><W>.</W></SENTENCE><SENTENCE><W>Luke</W><W>&#39;s</W><W>character</W><W>is</W><W>very</W><W>well</W><W>developed</W><W>,</W><W>and</W><W>his</W><W>is</W><W>the</W><W>only</W><W>character</W><W>that</W><W>is</W><W>.</W></SENTENCE><SENTENCE><W>There</W><W>are</W><W>many</W><W>other</W><W>characters</W><W>in</W><W>the</W><W>story</W><W>,</W><W>but</W><W>the</W><W>reader</W><W>is</W><cue ID="14" type="negation"><W>never</W></cue><xcope ID="15"><ref COMMENTS="" ID="16" SRC="14"></ref><W>given</W><W>enough</W><W>information</W><W>to</W><W>really</W><W>care</W><W>about</W><W>them</W></xcope><W>.</W></SENTENCE><SENTENCE><W>The</W><W>weak</W><W>character</W><W>definition</W><W>made</W><W>for</W><W>a</W><W>long</W><W>and</W><W>boring</W><W>read</W><W>,</W><W>as</W><W>I</W><W>really</W><cue ID="10" type="negation"><W>did</W><W>n&#39;t</W></cue><xcope ID="12"><ref ID="14" SRC="10"></ref><W>care</W><W>what</W><W>became</W><W>of</W><W>most</W><W>of</W><W>the</W><W>characters</W><W>in</W><W>the</W><W>story</W><W>.</W></xcope></SENTENCE></P><P></P><P><SENTENCE><W>The</W><W>book</W><W>was</W><W>a</W><W>very</W><W>long</W><W>read</W><W>.</W></SENTENCE><SENTENCE><W>The</W><W>one</W><W>redeeming</W><W>quality</W><W>was</W><W>that</W><W>it</W><W>was</W><W>very</W><W>descriptive</W><W>.</W></SENTENCE><SENTENCE><W>I</W><W>had</W><W>clear</W><W>visuals</W><W>of</W><W>what</W><W>the</W><W>characters</W><W>and</W><W>the</W><W>town</W><W>looked</W><W>like</W><W>.</W></SENTENCE><SENTENCE><W>The</W><W>descriptive</W><W>nature</W><W>of</W><W>the</W><W>story</W><W>,</W><W>however</W><W>,</W><W>was</W><cue ID="15" type="negation"><W>not</W></cue><xcope ID="18"><ref ID="21" SRC="15"></ref><W>enough</W><W>to</W><W>make</W><W>this</W><W>an</W><W>interesting</W><W>story</W></xcope><W>.</W></SENTENCE></P><P></P><P><SENTENCE><W>I</W><W>am</W><cue ID="16" type="negation"><W>not</W></cue><xcope ID="19"><ref ID="22" SRC="16"></ref><W>even</W><W>going</W><W>to</W><W>talk</W><W>about</W><W>the</W><W>plot</W></xcope><W>because</W><W>I</W><W>really</W><cue ID="17" type="negation"><W>do</W><W>n&#39;t</W></cue><xcope ID="20"><ref ID="23" SRC="17"></ref><W>see</W><W>a</W><W>point</W></xcope><W>.</W></SENTENCE><SENTENCE><W>To</W><W>paraphrase</W><W>Nike</W><W>,</W><W>&#34;</W><W>Just</W><W>Skip</W><W>It</W><W>!</W><W>&#34;</W></SENTENCE></P></DOCUMENT>
