<?xml version="1.0" encoding="UTF-8"?>
<DOCUMENT><P></P><P><SENTENCE><W>I</W><W>am</W><W>a</W><W>long</W><W>time</W><W>Grisham</W><W>fan</W><W>.</W></SENTENCE><SENTENCE><W>Since</W><W>the</W><W>Firm</W><W>,</W><W>through</W><W>Pelican</W><W>Brief</W><W>,</W><W>The</W><W>Rain</W><W>Maker</W><W>,</W><W>the</W><W>Chamber</W><W>(</W><W>highly</W><W>recommend</W><W>it</W><W>)</W><W>,</W><W>but</W><W>this</W><W>is</W><W>simply</W><cue ID="0" type="negation"><W>not</W></cue><xcope ID="1"><ref ID="2" SRC="0"></ref><W>his</W><W>best</W><W>work</W></xcope><W>.</W></SENTENCE><SENTENCE><W>It</W><W>is</W><W>too</W><W>predictable</W><W>and</W><W>political</W><W>in</W><W>a</W><W>way</W><W>.</W></SENTENCE><SENTENCE><W>Young</W><W>attorney</W><W>avoids</W><W>death</W><W>in</W><W>a</W><W>confrontation</W><W>with</W><W>a</W><W>homeless</W><W>man</W><W>and</W><W>eventually</W><W>goes</W><W>to</W><W>work</W><W>for</W><W>&#34;</W><W>the</W><W>people</W><W>.</W><W>&#34;</W></SENTENCE><SENTENCE><W>It</W><W>is</W><W>necessary</W><W>in</W><W>the</W><W>mean</W><W>time</W><W>for</W><W>him</W><W>to</W><W>realize</W><W>the</W><W>error</W><W>of</W><W>his</W><W>ways</W><W>for</W><W>having</W><W>taken</W><W>a</W><W>big</W><W>bucks</W><W>career</W><W>in</W><W>a</W><W>law</W><W>firm</W><W>when</W><W>he</W><W>was</W><W>needed</W><W>elsewhere</W><W>.</W></SENTENCE></P><P></P><P><SENTENCE><W>Not</W><W>to</W><W>preach</W><W>capitalism</W><W>to</W><W>you</W><W>,</W><W>but</W><W>he</W><cue ID="3" type="speculation"><W>might</W></cue><xcope ID="4"><ref ID="5" SRC="3"></ref><W>have</W><W>found</W><W>a</W><W>way</W><W>to</W><W>keep</W><W>his</W><W>job</W></xcope><W>,</W><W>give</W><W>monetary</W><W>as</W><W>well</W><W>as</W><W>legal</W><W>assistance</W><W>to</W><W>the</W><W>poor</W><W>,</W><W>and</W><W>everyone</W><W>is</W><W>better</W><W>off</W><W>.</W></SENTENCE><SENTENCE><W>No,</W><W>it</W><W>is</W><W>necessary</W><W>to</W><W>give</W><W>up</W><W>every</W><W>financial</W><W>benefit</W><W>in</W><W>order</W><W>to</W><W>cleanse</W><W>your</W><W>soul</W><W>of</W><W>the</W><W>corruption</W><W>incumbent</W><W>upon</W><W>money</W><W>.</W></SENTENCE></P><P></P><P><SENTENCE><W>Did</W><W>I</W><W>mention</W><W>that</W><W>this</W><W>is</W><W>not</W><W>my</W><W>favorite</W><W>Grisham</W><W>novel</W><W>?</W></SENTENCE><SENTENCE><W>If</W><W>you</W><W>are</W><W>into</W><W>a</W><W>preachy</W><W>novel</W><W>,</W><W>you</W><cue ID="6" type="speculation"><W>might</W></cue><xcope ID="7"><ref ID="8" SRC="6"></ref><W>just</W><W>enjoy</W><W>it</W></xcope><W>.</W></SENTENCE><SENTENCE><W>Happy</W><W>reading</W><W>.</W></SENTENCE></P></DOCUMENT>
