<?xml version="1.0" encoding="UTF-8"?>
<DOCUMENT><P/><P><SENTENCE><W>There</W><W>are</W><W>two</W><W>authors</W><W>I</W><W>&apos;ve</W><W>looked</W><W>forward</W><W>to</W><W>reading</W><W>when</W><W>they</W><W>have</W><W>a</W><W>new</W><W>book</W><W>out--Tom</W><W>Clancy</W><W>and</W><W>John</W><W>Grisham</W><W>.</W></SENTENCE><SENTENCE><W>After</W><W>A</W><W>Time</W><W>to</W><W>Kill</W><W>,</W><W>The</W><W>Firm</W><W>.</W></SENTENCE><SENTENCE><W>The</W><W>Pelican</W><W>Brief</W><W>,</W><W>The</W><W>Client</W><W>,</W><W>and</W><W>to</W><W>a</W><W>lesser</W><W>extent</W><W>The</W><W>Chamber</W><W>,</W><W>I</W><W>was</W><W>ready</W><W>for</W><W>the</W><W>next</W><W>from</W><W>Grisham</W><W>.</W></SENTENCE><SENTENCE><W>So</W><W>of</W><W>course</W><W>I</W><W>spent</W><W>the</W><W>money</W><W>for</W><W>the</W><W>hardback</W><W>version</W><W>of</W><W>The</W><W>Street</W><W>Lawyer</W><W>as</W><W>soon</W><W>as</W><W>I</W><cue ID="0" type="speculation"><W>could</W></cue><xcope ID="1"><ref ID="2" SRC="0"/><W>find</W><W>it</W></xcope><W>.</W></SENTENCE></P><P/><P><SENTENCE><W>As</W><W>usual</W><W>,</W><W>I</W><W>read</W><W>the</W><W>first</W><W>few</W><W>chapters</W><W>with</W><W>great</W><W>anticipation</W><W>.</W></SENTENCE><SENTENCE><W>But</W><W>somehow</W><W>,</W><W>the</W><W>interest</W><W>never</W><W>developed</W><W>.</W></SENTENCE></P><P/><P><SENTENCE><W>It</W><W>took</W><W>me</W><W>some</W><W>time</W><W>to</W><W>figure</W><W>out</W><W>what</W><W>the</W><W>problem</W><W>was</W><W>.</W></SENTENCE><SENTENCE><cue ID="3" type="speculation"><W>Maybe</W></cue><xcope ID="22"><ref COMMENTS="" ID="23" SRC="3"/><W>the</W><W>main</W><W>character</W><cue ID="6" type="negation"><W>was</W><W>n&apos;t</W></cue><xcope ID="14"><ref ID="23" SRC="6"/><W>developed</W><W>enough</W></xcope></xcope><W>?</W></SENTENCE><SENTENCE><W>No,</W><cue ID="5" type="negation"><W>not</W></cue><xcope ID="15"><ref ID="24" SRC="5"/><W>that</W></xcope><W>.</W></SENTENCE><SENTENCE><cue ID="7" type="speculation"><W>Maybe</W></cue><xcope ID="26"><ref COMMENTS="" ID="28" SRC="7"/><W>it</W><W>was</W><W>the</W><W>situation</W><W>that</W><cue ID="24" type="negation"><W>did</W><W>n&apos;t</W></cue><xcope ID="25"><ref COMMENTS="" ID="27" SRC="24"/><W>ring</W><W>true</W></xcope></xcope><W>?</W></SENTENCE><SENTENCE><cue ID="8" type="negation"><W>Not</W></cue><xcope ID="17"><ref ID="27" SRC="8"/><W>that</W></xcope><W>,</W><W>either</W><W>.</W></SENTENCE><SENTENCE><W>The</W><W>problem</W><W>was</W><W>simple--the</W><W>plot</W><W>.</W></SENTENCE><SENTENCE><W>There</W><W>was</W><cue ID="9" type="negation"><W>nothing</W></cue><xcope ID="18"><ref ID="26" SRC="9"/><W>engaging</W><W>about</W><W>it</W></xcope><W>.</W></SENTENCE><SENTENCE><W>It</W><W>dragged</W><W>on</W><W>,</W><W>and</W><W>began</W><W>to</W><W>take</W><W>on</W><W>the</W><W>character</W><W>of</W><W>a</W><W>reformer</W><W>&apos;s</W><W>sermon</W><W>.</W></SENTENCE><SENTENCE><W>The</W><W>whole</W><W>book</W><W>may</W><W>have</W><W>been</W><W>Grisham</W><W>&apos;s</W><W>charity</W><W>cause</W><W>.</W></SENTENCE></P><P/><P><SENTENCE><W>As</W><W>it</W><W>turned</W><W>out</W><W>,</W><W>I</W><W>only</W><W>got</W><W>halfway</W><W>through</W><W>the</W><W>book</W><W>.</W></SENTENCE><SENTENCE><W>I</W><W>&apos;m</W><cue ID="10" type="negation"><W>not</W></cue><xcope ID="19"><ref ID="28" SRC="10"/><W>one</W><W>who</W><W>likes</W><W>to</W><W>put</W><W>that</W><W>much</W><W>time</W><W>into</W><W>a</W><W>book</W><W>without</W><W>a</W><W>payoff</W></xcope><W>,</W><W>but</W><W>in</W><W>this</W><W>case</W><W>I</W><W>decided</W><W>to</W><W>cut</W><W>my</W><W>losses</W><W>.</W></SENTENCE><SENTENCE><W>I</W><W>just</W><cue ID="11" type="negation"><W>do</W><W>n&apos;t</W></cue><xcope ID="20"><ref ID="29" SRC="11"/><W>think</W><W>it</W><W>was</W><W>worth</W><W>the</W><W>time</W><W>to</W><W>finish</W></xcope><W>.</W></SENTENCE><SENTENCE><W>And</W><W>you</W><W>know</W><W>what</W><W>?</W></SENTENCE><SENTENCE><W>I</W><W>have</W><W>no</W><W>desire</W><W>to</W><W>find</W><W>out</W><W>what</W><W>happened</W><W>!</W></SENTENCE></P><P/><P><SENTENCE><W>And</W><W>I</W><cue ID="12" type="negation"><W>have</W><W>n&apos;t</W></cue><xcope ID="21"><ref ID="30" SRC="12"/><W>considered</W><W>investing</W><W>money</W><W>or</W><W>time</W><W>in</W><W>his</W><W>next</W><W>book</W></xcope><W>.</W></SENTENCE></P></DOCUMENT>