<?xml version="1.0" encoding="UTF-8"?>
<DOCUMENT><P></P><P><SENTENCE><W>I</W><cue COMMENTS="" ID="0" type="speculation"><W>must</W></cue><xcope ID="55"><ref COMMENTS="" ID="57" SRC="0"></ref><W>start</W><W>out</W><W>by</W><W>saying</W><W>I</W><W>have</W><cue COMMENTS="" ID="1" type="negation"><W>never</W></cue><xcope COMMENTS="" ID="5"><ref COMMENTS="" ID="56" SRC="1"></ref><W>read</W><W>a</W><W>John</W><W>Grisham</W><W>novel</W><W>until</W><W>now</W></xcope></xcope><W>...gasp.</W></SENTENCE><SENTENCE><W>I</W><W>&#39;ve</W><W>watched</W><W>the</W><W>movies</W><W>,</W><W>but</W><cue COMMENTS="" ID="2" type="negation"><W>never</W></cue><xcope COMMENTS="" ID="6"><ref COMMENTS="" ID="11" SRC="2"></ref><W>read</W><W>any</W><W>of</W><W>the</W><W>books</W></xcope><W>.</W></SENTENCE><SENTENCE><W>A</W><W>novel</W><cue ID="3" type="negation"><W>without</W></cue><xcope COMMENTS="" ID="7"><ref COMMENTS="" ID="12" SRC="3"></ref><W>all</W><W>the</W><W>lawyer</W><W>intrigue</W><W>appealed</W><W>to</W><W>me</W></xcope><W>,</W><W>so</W><W>I</W><W>gave</W><W>Grisham</W><W>a</W><W>shot</W><W>.</W></SENTENCE><SENTENCE><W>He</W><W>truly</W><W>does</W><W>know</W><W>how</W><W>to</W><W>tell</W><W>a</W><W>story</W><W>,</W><W>but</W><W>this</W><W>one</W><W>needed</W><W>something</W><W>more</W><W>.</W></SENTENCE></P><P></P><P><SENTENCE><W>The</W><W>novel</W><W>takes</W><W>place</W><W>in</W><W>the</W><W>rural</W><W>cotton</W><W>farming</W><W>country</W><W>of</W><W>Arkansas</W><W>in</W><W>the</W><W>1950</W><W>&#39;s</W><W>.</W></SENTENCE><SENTENCE><W>Little</W><W>Luke</W><W>Chandler</W><W>and</W><W>his</W><W>family</W><W>struggle</W><W>through</W><W>another</W><W>tough</W><W>picking</W><W>season</W><W>with</W><W>their</W><W>hired</W><W>hands</W><W>.</W></SENTENCE><SENTENCE><W>The</W><W>rest</W><W>of</W><W>the</W><W>Chandler</W><W>family</W><W>includes</W><W>Luke</W><W>&#39;s</W><W>mother</W><W>and</W><W>father</W><W>(</W><W>who</W><W>secretly</W><W>want</W><W>more</W><W>from</W><W>life</W><W>than</W><W>farming</W><W>)</W><W>,</W><W>Luke</W><W>&#39;s</W><W>pappy</W><W>and</W><W>grandmother</W><W>(</W><W>who</W><cue COMMENTS="" ID="14" type="speculation"><W>could</W><W>never</W></cue><xcope COMMENTS="" ID="17"><ref COMMENTS="" ID="20" SRC="14"></ref><W>think</W><W>of</W><W>doing</W><W>anything</W><W>but</W><W>farming</W></xcope><W>)</W><W>and</W><W>Luke</W><W>&#39;s</W><W>uncle</W><W>Ricky</W><W>(</W><W>who</W><W>is</W><W>off</W><W>fighting</W><W>the</W><W>war</W><W>in</W><W>Korea</W><W>instead</W><W>of</W><W>starting</W><W>trouble</W><W>in</W><W>his</W><W>hometown</W><W>)</W><W>.</W></SENTENCE><SENTENCE><W>Luke</W><W>is</W><W>a</W><W>bright</W><W>7</W><W>year</W><W>old</W><W>boy</W><W>that</W><W>dreams</W><W>of</W><W>escaping</W><W>his</W><W>life</W><W>on</W><W>the</W><W>farm</W><W>to</W><W>become</W><W>a</W><W>baseball</W><W>player</W><W>for</W><W>the</W><W>St</W><W>.</W><W>Louis</W><W>Cardinals</W><W>.</W></SENTENCE><SENTENCE><W>He</W><W>is</W><W>devastated</W><W>when</W><W>the</W><W>new</W><W>hired</W><W>hill</W><W>people</W><W>,</W><W>the</W><W>Spruill</W><W>&#39;s</W><W>,</W><W>set</W><W>up</W><W>camp</W><W>very</W><W>rudely</W><W>on</W><W>his</W><W>baseball</W><W>diamond</W><W>.</W></SENTENCE><SENTENCE><W>Luke</W><W>&#39;s</W><W>baseball</W><W>diamond</W><W>is</W><cue COMMENTS="" ID="15" type="negation"><W>not</W></cue><xcope COMMENTS="" ID="18"><ref COMMENTS="" ID="21" SRC="15"></ref><W>the</W><W>only</W><W>thing</W><W>the</W><W>family</W><W>ends</W><W>up</W><W>ruining</W></xcope><W>.</W></SENTENCE><SENTENCE><W>A</W><W>group</W><W>of</W><W>hard-working</W><W>Mexican</W><W>migrant</W><W>works</W><W>also</W><W>moved</W><W>to</W><W>the</W><W>farm</W><W>,</W><W>where</W><W>one</W><W>bad</W><W>apple</W><W>spoils</W><W>their</W><W>bunch</W><W>.</W></SENTENCE><SENTENCE><W>I</W><cue COMMENTS="" ID="16" type="negation"><W>do</W><W>n&#39;t</W></cue><xcope COMMENTS="" ID="19"><ref COMMENTS="" ID="22" SRC="16"></ref><W>want</W><W>to</W><W>give</W><W>anything</W><W>away</W></xcope><W>,</W><W>but</W><W>a</W><W>dangerous</W><W>man</W><W>in</W><W>each</W><W>of</W><W>these</W><W>two</W><W>groups</W><W>start</W><W>alot</W><W>of</W><W>trouble</W><W>on</W><W>the</W><W>farm</W><W>and</W><W>in</W><W>town</W><W>.</W></SENTENCE><SENTENCE><W>Trouble</W><W>that</W><W>ends</W><W>in</W><W>death</W><W>and</W><W>destruction</W><W>.</W></SENTENCE></P><P></P><P><SENTENCE><W>The</W><W>other</W><W>big</W><W>point</W><W>of</W><W>intrigue</W><W>in</W><W>town</W><W>revolves</W><W>around</W><W>a</W><W>very</W><W>poor</W><W>share-cropping</W><W>family</W><W>called</W><W>the</W><W>Lathchers</W><W>that</W><W>live</W><W>nearby</W><W>the</W><W>Chandlers</W><W>.</W></SENTENCE><SENTENCE><W>The</W><W>Latchers</W><W>have</W><W>a</W><W>full</W><W>house</W><W>of</W><W>shoeless</W><W>hungry</W><W>children</W><W>that</W><W>Luke</W><W>&#39;s</W><W>kind</W><W>mother</W><W>takes</W><W>food</W><W>to</W><W>on</W><W>a</W><W>regular</W><W>basis</W><W>since</W><W>it</W><W>is</W><W>the</W><W>&#34;</W><W>Christian</W><W>thing</W><W>to</W><W>do</W><W>.</W><W>&#34;</W></SENTENCE><SENTENCE><W>When</W><W>the</W><W>eldest</W><W>Lathcher</W><W>daughter</W><W>,</W><W>Libby</W><W>,</W><W>is</W><W>rumored</W><W>to</W><W>be</W><W>pregnant</W><W>,</W><W>the</W><W>ladies</W><W>in</W><W>the</W><W>Baptist</W><W>church</W><W>society</W><W>put</W><W>Luke</W><W>&#39;s</W><W>mother</W><W>up</W><W>to</W><W>the</W><W>task</W><W>of</W><W>finding</W><W>out</W><W>if</W><W>the</W><W>rumor</W><W>is</W><W>true</W><W>and</W><W>who</W><W>the</W><W>father</W><W>is</W><W>.</W></SENTENCE><SENTENCE><W>After</W><W>many</W><W>trips</W><W>to</W><W>the</W><W>Latcher</W><W>shack</W><W>,</W><W>Luke</W><W>&#39;s</W><W>mother</W><W>and</W><W>grandmother</W><W>are</W><W>asked</W><W>to</W><W>help</W><W>deliver</W><W>Libby</W><W>&#39;s</W><W>baby</W><W>.</W></SENTENCE><SENTENCE><W>The</W><W>birth</W><cue COMMENTS="" ID="23" type="negation"><W>not</W></cue><xcope COMMENTS="" ID="24"><ref COMMENTS="" ID="25" SRC="23"></ref><W>only</W><W>rocks</W><W>the</W><W>lives</W><W>of</W><W>the</W><W>Lathcher</W><W>&#39;s</W></xcope><W>but</W><W>the</W><W>Chandler</W><W>&#39;s</W><W>as</W><W>well</W><W>.</W></SENTENCE><SENTENCE><W>The</W><W>two</W><W>families</W><W>are</W><W>forced</W><W>to</W><W>come</W><W>together</W><W>when</W><W>a</W><W>shocking</W><W>secret</W><W>is</W><W>revealed</W><W>.</W></SENTENCE></P><P></P><P><SENTENCE><W>As</W><W>for</W><W>the</W><W>title</W><W>of</W><W>the</W><W>book</W><W>,</W><W>it</W><W>revolves</W><W>around</W><W>a</W><W>rather</W><W>small</W><W>portion</W><W>of</W><W>the</W><W>story</W><W>and</W><W>is</W><W>hard</W><W>to</W><W>quite</W><W>understand</W><W>the</W><W>significance</W><W>of</W><W>it</W><W>all</W><W>.</W></SENTENCE><SENTENCE><W>The</W><W>youngest</W><W>Spruill</W><W>child</W><W>,</W><W>Trot</W><W>,</W><W>who</W><W>is</W><W>handicapped</W><W>in</W><W>some</W><W>way</W><W>takes</W><W>a</W><W>liking</W><W>to</W><W>Luke</W><W>&#39;s</W><W>family</W><W>and</W><W>begins</W><W>painting</W><W>their</W><W>unpainted</W><W>home</W><W>(</W><W>this</W><W>is</W><W>not</W><W>a</W><W>give</W><W>away</W><W>,</W><W>it</W><W>is</W><W>made</W><W>very</W><W>clear</W><W>in</W><W>the</W><W>book</W><W>and</W><W>is</W><W>no</W><W>mystery</W><W>)</W><W>.</W></SENTENCE><SENTENCE><W>The</W><W>symbolism</W><W>of</W><W>this</W><W>act</W><W>is</W><W>rather</W><W>hard</W><W>to</W><W>get</W><W>to</W><W>the</W><W>bottom</W><W>of</W><W>,</W><W>but</W><W>makes</W><W>for</W><W>a</W><W>cute</W><W>side</W><W>story</W><W>and</W><W>helps</W><W>end</W><W>the</W><W>novel</W><W>...if</W><W>you</W><W>want</W><W>to</W><W>call</W><W>it</W><W>an</W><W>ending</W><W>.</W></SENTENCE><SENTENCE><W>The</W><W>ending</W><W>truly</W><W>leaves</W><W>you</W><W>hanging</W><W>and</W><W>it</W><W>&#39;s</W><cue COMMENTS="" ID="26" type="negation"><W>not</W></cue><xcope COMMENTS="" ID="29"><ref COMMENTS="" ID="32" SRC="26"></ref><W>in</W><W>a</W><W>good</W><W>way</W></xcope><W>.</W></SENTENCE><SENTENCE><W>I</W><cue COMMENTS="" ID="27" type="negation"><W>was</W><W>n&#39;t</W></cue><xcope COMMENTS="" ID="30"><ref COMMENTS="" ID="33" SRC="27"></ref><W>left</W><W>wanting</W><W>more</W></xcope><W>,</W><W>I</W><W>just</W><W>felt</W><W>cheated</W><W>by</W><W>how</W><W>it</W><W>all</W><W>ended</W><W>.</W></SENTENCE><SENTENCE><W>I</W><W>was</W><W>made</W><W>to</W><W>care</W><W>about</W><W>a</W><W>few</W><W>of</W><W>the</W><W>characters</W><W>in</W><W>the</W><W>novel</W><W>,</W><W>but</W><W>was</W><cue COMMENTS="" ID="28" type="negation"><W>not</W></cue><xcope COMMENTS="" ID="31"><ref COMMENTS="" ID="34" SRC="28"></ref><W>allowed</W><W>to</W><W>know</W><W>what</W><W>happened</W><W>to</W><W>them</W></xcope><W>.</W></SENTENCE></P><P></P><P><SENTENCE><W>At</W><W>times</W><W>there</W><W>is</W><W>much</W><W>repetition</W><W>in</W><W>this</W><W>novel</W><W>,</W><W>especially</W><W>when</W><W>it</W><W>comes</W><W>to</W><W>the</W><W>cotton</W><W>picking</W><W>scenes</W><W>.</W></SENTENCE><SENTENCE><W>I</W><W>just</W><W>wanted</W><W>to</W><W>tell</W><W>Grisham</W><W>that</W><W>I</W><W>get</W><W>it</W><W>already</W><W>,</W><W>they</W><W>&#39;re</W><W>picking</W><W>cotton</W><W>,</W><W>it</W><W>&#39;s</W><W>hot</W><W>and</W><W>it</W><W>&#39;s</W><W>hard</W><W>work</W><W>.</W></SENTENCE><SENTENCE><W>For</W><W>several</W><W>chapters</W><W>he</W><W>uses</W><W>the</W><W>same</W><W>wording</W><W>to</W><W>describe</W><W>different</W><W>days</W><W>in</W><W>the</W><W>field</W><W>where</W><W>the</W><W>same</W><W>things</W><W>happen</W><W>.</W></SENTENCE><SENTENCE><W>It</W><W>just</W><W>felt</W><W>like</W><W>dead</W><W>space</W><W>.</W></SENTENCE><SENTENCE><W>The</W><W>intrigue</W><W>that</W><W>involves</W><W>murder</W><W>,</W><W>illegitament</W><W>children</W><W>and</W><W>strange</W><W>house</W><W>painting</W><W>is</W><W>intersting</W><W>,</W><W>but</W><W>I</W><cue COMMENTS="" ID="35" type="negation"><W>never</W></cue><xcope COMMENTS="" ID="42"><ref COMMENTS="" ID="47" SRC="35"></ref><W>felt</W><W>on</W><W>the</W><W>edge</W><W>of</W><W>my</W><W>seat</W></xcope><W>.</W></SENTENCE><SENTENCE><W>My</W><W>major</W><W>complaint</W><W>about</W><W>these</W><W>aspects</W><W>of</W><W>the</W><W>novel</W><W>is</W><W>that</W><W>there</W><W>was</W><cue COMMENTS="" ID="36" type="negation"><W>never</W></cue><xcope COMMENTS="" ID="41"><ref COMMENTS="" ID="48" SRC="36"></ref><W>any</W><W>real</W><W>mystery</W><W>involved</W></xcope><W>.</W></SENTENCE><SENTENCE><W>The</W><W>answers</W><W>were</W><W>handed</W><W>to</W><W>me</W><W>instead</W><W>of</W><W>me</W><W>searching</W><W>for</W><W>them</W><W>.</W></SENTENCE><SENTENCE><W>Instead</W><W>of</W><W>giving</W><W>choices</W><W>of</W><W>who</W><W>killed</W><W>who</W><W>or</W><W>who</W><W>the</W><W>baby</W><W>&#39;s</W><W>daddy</W><W>was</W><W>,</W><W>they</W><W>were</W><W>made</W><W>obvious</W><W>.</W></SENTENCE><SENTENCE><W>I</W><cue COMMENTS="" ID="37" type="negation"><W>do</W><W>n&#39;t</W></cue><xcope COMMENTS="" ID="43"><ref COMMENTS="" ID="49" SRC="37"></ref><W>like</W><W>when</W><W>writers</W><W>hold</W><W>back</W><W>important</W><W>information</W></xcope><W>,</W><W>but</W><W>I</W><cue ID="58" type="speculation"><W>felt</W><W>like</W></cue><xcope ID="59"><ref COMMENTS="" ID="60" SRC="58"></ref><W>it</W><cue COMMENTS="" ID="38" type="negation"><W>did</W><W>n&#39;t</W></cue><xcope COMMENTS="" ID="44"><ref COMMENTS="" ID="50" SRC="38"></ref><W>need</W><W>to</W><W>be</W><W>all</W><W>laid</W><W>out</W><W>so</W><W>plainly</W></xcope></xcope><W>.</W></SENTENCE><SENTENCE><W>Especially</W><W>with</W><W>reading</W><W>a</W><W>Grisham</W><W>novel</W><W>I</W><W>expected</W><W>more</W><W>mystery</W><W>and</W><W>intrigue</W><W>.</W></SENTENCE><SENTENCE><W>I</W><W>also</W><W>felt</W><W>at</W><W>times</W><W>that</W><W>he</W><W>wrote</W><W>Luke</W><W>a</W><W>little</W><W>too</W><W>intelligent</W><W>and</W><W>resourceful</W><W>for</W><W>his</W><W>age</W><W>.</W></SENTENCE><SENTENCE><W>I</W><W>just</W><cue COMMENTS="" ID="39" type="negation"><W>do</W><W>n&#39;t</W></cue><xcope ID="61"><ref COMMENTS="" ID="62" SRC="39"></ref><W>believe</W><W>that</W><W>a</W><W>7</W><W>year</W><W>old</W><W>boy</W><W>in</W><W>rural</W><W>Arkansas</W><W>circa</W><W>1952</W><cue COMMENTS="" ID="40" type="speculation"><W>could</W></cue><xcope COMMENTS="" ID="46"><ref COMMENTS="" ID="52" SRC="40"></ref><W>really</W><W>have</W><W>some</W><W>of</W><W>the</W><W>thoughts</W></xcope></xcope><W>,</W><W>feelings</W><W>and</W><W>actions</W><W>that</W><W>he</W><W>did</W><W>.</W></SENTENCE></P><P></P><P><SENTENCE><W>Yet</W><W>the</W><W>novel</W><W>was</W><W>still</W><W>an</W><W>enjoyable</W><W>read</W><W>and</W><W>took</W><W>me</W><W>to</W><W>a</W><W>time</W><W>and</W><W>place</W><W>I</W><W>had</W><cue COMMENTS="" ID="53" type="negation"><W>never</W></cue><xcope COMMENTS="" ID="54"><ref COMMENTS="" ID="55" SRC="53"></ref><W>really</W><W>thought</W><W>about</W><W>before</W></xcope><W>.</W></SENTENCE><SENTENCE><W>The</W><W>characters</W><W>are</W><W>well</W><W>plotted</W><W>out</W><W>and</W><W>the</W><W>dialouge</W><W>is</W><W>written</W><W>well</W><W>,</W><W>there</W><W>are</W><W>just</W><W>some</W><W>unbelievable</W><W>moments</W><W>.</W></SENTENCE><SENTENCE><W>It</W><W>&#39;s</W><W>worth</W><W>a</W><W>read</W><W>,</W><W>though</W><W>,</W><W>so</W><W>give</W><W>it</W><W>a</W><W>try</W><W>.</W></SENTENCE></P></DOCUMENT>
