<?xml version="1.0" encoding="UTF-8"?>
<DOCUMENT><P></P><P><SENTENCE><W>A</W><W>Painted</W><W>House</W><W>is</W><cue ID="0" type="negation"><W>not</W></cue><xcope ID="2"><ref COMMENTS="" ID="58" SRC="0"></ref><W>so</W><W>much</W><W>a</W><W>novel</W></xcope><W>,</W><cue ID="1" type="speculation"><W>or</W></cue><xcope ID="3"><ref ID="5" SRC="1"></ref><W>even</W><W>so</W><W>much</W><W>an</W><W>attempt</W><W>by</W><W>John</W><W>Grisham</W><W>to</W><W>write</W><W>the</W><W>Great</W><W>American</W><W>Novel</W></xcope><W>,</W><W>as</W><W>it</W><W>is</W><W>a</W><W>memory</W><W>picture</W><W>,</W><W>a</W><W>long</W><W>last</W><W>look</W><W>at</W><W>a</W><W>childhood</W><W>in</W><W>the</W><W>rural</W><W>South</W><W>in</W><W>the</W><W>1950</W><W>&#39;s</W><W>.</W></SENTENCE><SENTENCE><W>A</W><W>Painted</W><W>House</W><W>is</W><W>lovingly</W><W>narrated</W><W>by</W><W>young</W><W>Luke</W><W>Chandler</W><W>,</W><W>age</W><W>7</W><W>,</W><W>as</W><W>he</W><W>looks</W><W>back</W><W>across</W><W>the</W><W>span</W><W>of</W><W>years</W><W>at</W><W>the</W><W>eventful</W><W>harvest</W><W>season</W><W>of</W><W>1952</W><W>in</W><W>Black</W><W>Oak</W><W>,</W><W>Arkansas</W><W>.</W></SENTENCE></P><P></P><P><SENTENCE><W>The</W><W>initial</W><W>problem</W><W>confronted</W><W>by</W><W>Luke</W><W>Chandler</W><W>and</W><W>his</W><W>family</W><W>is</W><W>one</W><W>of</W><W>economics</W><W>.</W></SENTENCE><SENTENCE><W>With</W><W>the</W><W>good</W><W>economic</W><W>times</W><W>we</W><W>&#39;ve</W><W>had</W><W>in</W><W>this</W><W>decade</W><W>,</W><W>we</W><W>&#39;ve</W><W>forgotten</W><W>that</W><W>economics</W><W>is</W><W>usually</W><W>described</W><W>as</W><W>a</W><W>&#34;dismal</W><W>science&#34;</W><W>,</W><W>and</W><W>dismal</W><W>is</W><W>one</W><W>word</W><W>that</W><W>describes</W><W>the</W><W>fortunes</W><W>of</W><W>the</W><W>Chandler</W><W>family</W><W>farm</W><W>.</W></SENTENCE><SENTENCE><W>The</W><W>situation</W><W>is</W><W>so</W><W>simple</W><W>that</W><W>the</W><W>seven-year-old</W><W>is</W><W>easily</W><W>able</W><W>to</W><W>grasp</W><W>it</W><W>.</W></SENTENCE><SENTENCE><W>Family</W><W>patriarch</W><W>Eli</W><W>Chandler</W><W>has</W><W>taken</W><W>out</W><W>his</W><W>annual</W><W>crop</W><W>loan</W><W>to</W><W>pay</W><W>for</W><W>the</W><W>cost</W><W>of</W><W>renting</W><W>the</W><W>land</W><W>and</W><W>running</W><W>the</W><W>farm</W><W>through</W><W>the</W><W>growing</W><W>season</W><W>.</W></SENTENCE><SENTENCE><W>Come</W><W>harvest</W><W>time</W><W>,</W><W>all</W><W>eighty</W><W>acres</W><W>of</W><W>the</W><W>cotton</W><W>crop</W><W>must</W><W>be</W><W>harvested</W><W>and</W><W>taken</W><W>to</W><W>the</W><W>cotton</W><W>gin</W><W>.</W></SENTENCE><SENTENCE><W>The</W><W>cotton</W><W>is</W><W>the</W><W>lifeblood</W><W>of</W><W>the</W><W>farm</W><W>.</W></SENTENCE><SENTENCE><W>If</W><W>it</W><W>rots</W><W>in</W><W>the</W><W>fields</W><W>,</W><W>if</W><W>floodwaters</W><cue ID="8" type="speculation"><W>shoud</W></cue><xcope ID="9"><ref COMMENTS="" ID="10" SRC="8"></ref><W>wash</W><W>it</W><W>away</W></xcope><W>,</W><W>if</W><W>the</W><W>cotton</W><W>brokers</W><W>up</W><W>in</W><W>the</W><W>sinful</W><W>city</W><W>of</W><W>Memphis</W><W>conspire</W><W>to</W><W>lower</W><W>prices</W><W>,</W><W>the</W><W>Chandler</W><W>family</W><W>faces</W><W>mounting</W><W>debts</W><W>.</W></SENTENCE><SENTENCE><W>Even</W><W>if</W><W>there</W><W>is</W><W>a</W><W>bumper</W><W>crop</W><W>of</W><W>cotton</W><W>,</W><W>that</W><W>&#39;ll</W><W>tend</W><W>to</W><W>lower</W><W>prices</W><W>and</W><W>yield</W><W>less</W><W>income</W><W>.</W></SENTENCE><SENTENCE><W>And</W><W>if</W><W>,</W><W>somehow</W><W>,</W><W>the</W><W>harvest</W><W>is</W><W>a</W><W>success</W><W>,</W><W>it</W><W>will</W><W>only</W><W>mean</W><W>a</W><W>few</W><W>more</W><W>luxuries</W><W>,</W><W>and</W><W>the</W><W>chance</W><W>to</W><W>do</W><W>it</W><W>all</W><W>over</W><W>again</W><W>next</W><W>spring</W><W>.</W></SENTENCE></P><P></P><P><SENTENCE><W>This</W><cue ID="11" type="speculation"><W>may</W></cue><xcope ID="13"><ref ID="15" SRC="11"></ref><W>make</W><W>the</W><W>novel</W><W>sound</W><W>grim</W></xcope><W>,</W><W>which</W><W>is</W><W>not</W><W>the</W><W>case</W><W>.</W></SENTENCE><SENTENCE><W>The</W><W>economic</W><W>realities</W><W>of</W><W>cotton</W><W>farming</W><W>primarily</W><W>serve</W><W>to</W><W>highlight</W><W>the</W><W>social</W><W>realities</W><W>of</W><W>cotton</W><W>farming</W><W>,</W><W>which</W><W>the</W><W>novel</W><W>addresses</W><W>from</W><W>its</W><W>first</W><W>sentence</W><W>.</W></SENTENCE><SENTENCE><W>Even</W><W>with</W><W>the</W><W>best</W><W>good</W><W>will</W><W>in</W><W>the</W><W>world</W><W>,</W><W>Luke</W><W>and</W><W>his</W><W>parents</W><W>and</W><W>grandparents</W><cue ID="60" type="speculation"><W>would</W></cue><xcope ID="61"><ref COMMENTS="" ID="63" SRC="60"></ref><cue ID="59" type="negation"><W>never</W></cue><xcope ID="14"><ref COMMENTS="" ID="62" SRC="59"></ref><W>be</W><W>able</W><W>to</W><W>pick</W><W>80</W><W>acres</W><W>of</W><W>cotton</W><W>by</W><W>themselves</W></xcope></xcope><W>.</W></SENTENCE><SENTENCE><W>Work</W><W>must</W><W>be</W><W>hired</W><W>in</W><W>order</W><W>for</W><W>the</W><W>harvest</W><W>to</W><W>come</W><W>in</W><W>successfully</W><W>,</W><W>and</W><W>in</W><W>northeastern</W><W>Arkansas</W><W>,</W><W>that</W><W>means</W><W>&#34;hill</W><W>people</W><W>&#34;</W><W>and</W><W>Mexican</W><W>migrant</W><W>laborers</W><W>.</W></SENTENCE></P><P></P><P><SENTENCE><W>The</W><W>South</W><W>has</W><W>always</W><W>had</W><W>a</W><W>class</W><W>structure</W><W>,</W><W>enough</W><W>so</W><W>that</W><W>one</W><W>wonders</W><W>if</W><W>Karl</W><W>Marx</W><cue ID="17" type="negation"><W>was</W><W>n&#39;t</W></cue><xcope ID="22"><ref ID="27" SRC="17"></ref><W>really</W><W>born</W><W>in</W><W>South</W><W>Carolina</W></xcope><W>and</W><cue ID="18" type="negation"><W>was</W><W>n&#39;t</W></cue><xcope ID="23"><ref ID="28" SRC="18"></ref><W>fooling</W><W>those</W><W>folks</W><W>over</W><W>in</W><W>Europe</W></xcope><W>.</W></SENTENCE><SENTENCE><W>The</W><W>Chandlers</W><W>are</W><W>somewhere</W><W>in</W><W>the</W><W>middle</W><W>;</W><W>as</W><W>Southern</W><W>Baptist</W><W>tenant</W><W>farmers</W><W>,</W><W>they</W><W>&#39;re</W><W>below</W><W>the</W><W>Methodist</W><W>shopkeepers</W><W>in</W><W>town</W><W>and</W><W>above</W><W>their</W><W>sharecropper</W><W>neighbors</W><W>.</W></SENTENCE><SENTENCE><W>(</W><W>We</W><cue ID="19" type="negation"><W>do</W><W>n&#39;t</W><W>meet</W></cue><xcope ID="24"><ref ID="29" SRC="19"></ref><W>any</W><W>African-Americans</W><W>until</W><W>later</W><W>in</W><W>the</W><W>book</W></xcope><W>;</W><W>Grisham</W><W>claims</W><W>that</W><W>blacks</W><W>were</W><W>rare</W><W>in</W><W>that</W><W>part</W><W>of</W><W>Arkansas</W><W>,</W><W>and</W><W>I</W><cue ID="20" type="negation"><W>do</W><W>n&#39;t</W></cue><xcope ID="25"><ref ID="30" SRC="20"></ref><W>have</W><W>any</W><W>way</W><W>to</W><W>know</W><W>if</W><W>he</W><W>&#39;s</W><W>cheating</W></xcope><W>.</W><W>)</W></SENTENCE><SENTENCE><W>The</W><W>Pentecostal</W><W>hillbillies</W><W>and</W><W>the</W><W>Catholic</W><W>Mexicans</W><W>rank</W><W>towards</W><W>the</W><W>bottom</W><W>of</W><W>that</W><W>structure</W><W>;</W><W>Luke</W><W>&#39;s</W><W>mother</W><W>feels</W><W>the</W><W>need</W><W>to</W><W>remind</W><W>people</W><W>from</W><W>time</W><W>to</W><W>time</W><W>that</W><W>the</W><W>Mexicans</W><W>are</W><W>human</W><W>beings</W><W>,</W><W>too</W><W>.</W></SENTENCE><SENTENCE><W>(</W><W>In</W><W>case</W><W>you</W><W>&#39;re</W><W>wondering</W><W>,</W><W>the</W><W>people</W><W>at</W><W>the</W><W>very</W><W>bottom</W><W>of</W><W>Southern</W><W>class</W><W>structure</W><W>are</W><W>Yankees</W><W>,</W><W>and</W><W>people</W><W>who</W><W>root</W><W>for</W><W>the</W><W>baseball</W><W>Yankees</W><cue ID="21" type="negation"><W>are</W><W>n&#39;t</W></cue><xcope ID="26"><ref ID="31" SRC="21"></ref><W>much</W><W>higher</W><W>on</W><W>the</W><W>list</W></xcope><W>.</W><W>)</W></SENTENCE></P><P></P><P><SENTENCE><W>But</W><W>it</W><cue ID="32" type="speculation"><W>would</W></cue><xcope ID="34"><ref ID="36" SRC="32"></ref><W>be</W><W>wrong</W><W>to</W><W>characterize</W><W>A</W><W>Painted</W><W>House</W><W>as</W><W>a</W><W>story</W><W>of</W><W>class</W><W>struggle</W></xcope><W>.</W></SENTENCE><SENTENCE><W>The</W><W>conflict</W><W>between</W><W>the</W><W>hill</W><W>people</W><W>and</W><W>the</W><W>Mexicans</W><W>is</W><W>just</W><W>one</W><W>of</W><W>a</W><W>mosaic</W><W>of</W><W>conflicts</W><W>that</W><W>the</W><W>novel</W><W>lovingly</W><W>illustrates</W><W>.</W></SENTENCE><SENTENCE><W>Grisham</W><W>shows</W><W>us</W><W>the</W><W>divisions</W><W>within</W><W>the</W><W>Chandler</W><W>family</W><W>itself</W><W>;</W><W>shows</W><W>us</W><W>the</W><W>endless</W><W>quiet</W><W>turf</W><W>battles</W><W>between</W><W>Luke</W><W>&#39;s</W><W>mother</W><W>and</W><W>grandmother</W><W>over</W><W>the</W><W>kitchen</W><W>and</W><W>garden</W><W>,</W><W>the</W><W>long</W><W>twilight</W><W>struggle</W><W>of</W><W>Luke</W><W>&#39;s</W><W>grandmother</W><W>against</W><W>her</W><W>ornery</W><W>husband</W><W>,</W><W>and</W><W>the</W><W>problems</W><W>left</W><W>behind</W><W>by</W><W>Luke</W><W>&#39;s</W><W>hellraising</W><W>Uncle</W><W>Ricky</W><W>before</W><W>he</W><W>went</W><W>off</W><W>to</W><W>war</W><W>in</W><W>Korea</W><W>.</W></SENTENCE><SENTENCE><W>Even</W><W>the</W><W>title</W><W>represents</W><W>an</W><W>intergenerational</W><W>conflict</W><W>between</W><W>those</W><W>who</W><W>want</W><W>the</W><W>Chandler</W><W>&#39;s</W><W>house</W><W>to</W><W>be</W><W>painted</W><W>for</W><W>the</W><W>first</W><W>time</W><W>and</W><W>those</W><W>who</W><cue ID="33" type="negation"><W>do</W><W>n&#39;t</W></cue><xcope ID="35"><ref ID="37" SRC="33"></ref><W>see</W><W>the</W><W>need</W></xcope><W>.</W></SENTENCE><SENTENCE><W>On</W><W>top</W><W>of</W><W>those</W><W>conflicts</W><W>,</W><W>Grisham</W><W>presents</W><W>the</W><W>ancient</W><W>divisions</W><W>between</W><W>town</W><W>and</W><W>farm</W><W>,</W><W>between</W><W>man</W><W>and</W><W>weather</W><W>,</W><W>between</W><W>boys</W><W>and</W><W>girls</W><W>,</W><W>between</W><W>innocence</W><W>and</W><W>experience</W><W>,</W><W>between</W><W>North</W><W>and</W><W>South</W><W>,</W><W>between</W><W>the</W><W>Cubs</W><W>and</W><W>the</W><W>Cardinals</W><W>.</W></SENTENCE><SENTENCE><W>(</W><W>It</W><W>is</W><W>to</W><W>Grisham</W><W>&#39;s</W><W>credit</W><W>that</W><W>Stan</W><W>Musial</W><W>and</W><W>Harry</W><W>Caray</W><W>are</W><W>characters</W><W>as</W><W>important</W><W>as</W><W>any</W><W>other</W><W>in</W><W>the</W><W>novel</W><W>.</W><W>)</W></SENTENCE></P><P></P><P><SENTENCE><W>The</W><W>conflicts</W><W>that</W><W>Grisham</W><W>creates</W><W>are</W><W>all</W><W>fairly</W><W>obvious</W><W>from</W><W>the</W><W>start</W><W>,</W><W>all</W><W>the</W><W>more</W><W>so</W><W>because</W><W>the</W><W>characters</W><W>in</W><W>the</W><W>novel</W><W>are</W><W>close</W><W>to</W><W>being</W><W>stereotypical</W><W>.</W></SENTENCE><SENTENCE><W>(</W><W>The</W><W>Claude</W><W>Rains</W><W>Principle</W><W>applies</W><W>here</W><W>;</W><W>stereotypical</W><W>characters</W><W>in</W><W>a</W><W>John</W><W>Grisham</W><W>novel</W><W>?</W></SENTENCE><SENTENCE><W>I</W><W>&#39;m</W><W>shocked</W><W>,</W><W>shocked</W><W>.</W><W>)</W></SENTENCE><SENTENCE><W>The</W><W>nice</W><W>thing</W><W>about</W><W>A</W><W>Painted</W><W>House</W><W>is</W><W>that</W><W>it</W><W>presents</W><W>and</W><W>resolves</W><W>these</W><W>conflicts</W><W>in</W><W>such</W><W>a</W><W>leisurely</W><W>manner</W><W>.</W></SENTENCE><SENTENCE><W>Far</W><W>from</W><W>being</W><W>a</W><W>thriller</W><W>,</W><W>A</W><W>Painted</W><W>House</W><W>moves</W><W>at</W><W>a</W><W>slow</W><W>,</W><W>unhurried</W><W>pace</W><W>that</W><W>is</W><W>entirely</W><W>appropriate</W><W>to</W><W>the</W><W>subject</W><W>matter</W><W>.</W></SENTENCE><SENTENCE><W>In</W><W>meteorological</W><W>terms</W><W>,</W><W>although</W><W>Grisham</W><W>sets</W><W>off</W><W>the</W><W>odd</W><W>tornado</W><W>here</W><W>and</W><W>there</W><W>,</W><W>the</W><W>real</W><W>tension</W><W>builds</W><W>up</W><W>like</W><W>slow-moving</W><W>floodwaters</W><W>rising</W><W>in</W><W>a</W><W>valley</W><W>.</W></SENTENCE></P><P></P><P><SENTENCE><W>What</W><W>moves</W><W>the</W><W>novel</W><W>along</W><W>,</W><W>surprisingly</W><W>,</W><W>is</W><W>not</W><W>so</W><W>much</W><W>the</W><W>Grisham</W><W>talent</W><W>for</W><W>storytelling</W><W>but</W><W>an</W><W>evocative</W><W>,</W><W>almost</W><W>lyrical</W><W>style</W><W>and</W><W>a</W><W>stunning</W><W>talent</W><W>for</W><W>observation</W><W>and</W><W>recollection</W><W>.</W></SENTENCE><SENTENCE><W>Luke</W><W>Chandler</W><cue ID="38" type="negation"><W>does</W><W>n&#39;t</W></cue><xcope ID="39"><ref ID="40" SRC="38"></ref><W>have</W><W>much</W><W>dialogue</W><W>in</W><W>the</W><W>novel</W></xcope><W>--</W><W>in</W><W>fact</W><W>,</W><W>most</W><W>of</W><W>the</W><W>story</W><W>involves</W><W>him</W><W>keeping</W><W>his</W><W>mouth</W><W>shut</W><W>--</W><W>but</W><W>his</W><W>descriptions</W><W>of</W><W>life</W><W>in</W><W>rural</W><W>Arkansas</W><W>are</W><W>wonderfully</W><W>detailed</W><W>and</W><W>insightful</W><W>.</W></SENTENCE><SENTENCE><W>Details</W><W>such</W><W>as</W><W>the</W><W>acts</W><W>at</W><W>the</W><W>town</W><W>carnival</W><W>,</W><W>the</W><W>Chandler</W><W>patriarch</W><W>&#39;s</W><W>theory</W><W>on</W><W>the</W><W>proper</W><W>speed</W><W>to</W><W>drive</W><W>a</W><W>pickup</W><W>truck</W><W>,</W><W>the</W><W>types</W><W>of</W><W>ice</W><W>cream</W><W>available</W><W>at</W><W>the</W><W>Baptist</W><W>church</W><W>picnic</W><W>,</W><W>and</W><W>a</W><W>thousand</W><W>other</W><W>little</W><W>gems</W><W>are</W><W>one</W><W>of</W><W>the</W><W>reasons</W><W>that</W><W>the</W><W>novel</W><W>sparkles</W><W>.</W></SENTENCE><SENTENCE><W>Here</W><W>&#39;s</W><W>Grisham</W><W>on</W><W>a</W><W>small</W><W>,</W><W>but</W><W>telling</W><W>subject</W><W>:</W></SENTENCE></P><P></P><P><SENTENCE><W>My</W><W>worst</W><W>chore</W><W>of</W><W>the</W><W>late</W><W>afternoon</W><W>was</W><W>in</W><W>the</W><W>garden</W><W>...</W></SENTENCE><SENTENCE><W>It</W><W>was</W><W>on</W><W>the</W><W>east</W><W>side</W><W>of</W><W>our</W><W>home</W><W>,</W><W>the</W><W>quiet</W><W>side</W><W>,</W><W>away</W><W>from</W><W>the</W><W>kitchen</W><W>door</W><W>and</W><W>the</W><W>barnyard</W><W>and</W><W>the</W><W>chicken</W><W>coop</W><W>.</W></SENTENCE><SENTENCE><W>Away</W><W>from</W><W>Pappy</W><W>&#39;s</W><W>pickup</W><W>and</W><W>the</W><W>small</W><W>dirt</W><W>drive</W><W>where</W><W>the</W><W>rare</W><W>visitor</W><W>parked</W><W>.</W></SENTENCE><SENTENCE><W>It</W><W>was</W><W>enclosed</W><W>in</W><W>a</W><W>wire</W><W>fence</W><W>four</W><W>feet</W><W>tall</W><W>,</W><W>built</W><W>by</W><W>my</W><W>father</W><W>under</W><W>my</W><W>mother</W><W>&#39;s</W><W>direction</W><W>,</W><W>and</W><W>designed</W><W>to</W><W>keep</W><W>out</W><W>deer</W><W>and</W><W>varmints</W><W>.</W></SENTENCE><SENTENCE><W>Corn</W><W>was</W><W>planted</W><W>around</W><W>the</W><W>fence</W><W>so</W><W>that</W><W>once</W><W>you</W><W>closed</W><W>the</W><W>rickety</W><W>gate</W><W>with</W><W>the</W><W>leather</W><W>latch</W><W>,</W><W>you</W><W>stepped</W><W>into</W><W>a</W><W>secret</W><W>world</W><W>hidden</W><W>by</W><W>the</W><W>stalks</W><W>.</W></SENTENCE></P><P></P><P><SENTENCE><W>My</W><W>job</W><W>was</W><W>to</W><W>take</W><W>a</W><W>straw</W><W>basket</W><W>and</W><W>follow</W><W>my</W><W>mother</W><W>around</W><W>as</W><W>she</W><W>gathered</W><W>whatever</W><W>she</W><W>deemed</W><W>ripe</W><W>.</W></SENTENCE><SENTENCE><W>She</W><W>had</W><W>a</W><W>basket</W><W>,</W><W>too</W><W>,</W><W>and</W><W>slowly</W><W>filled</W><W>it</W><W>with</W><W>tomatoes</W><W>,</W><W>cucumbers</W><W>,</W><W>squash</W><W>,</W><W>peppers</W><W>,</W><W>onions</W><W>and</W><W>eggplant</W><W>.</W></SENTENCE><SENTENCE><W>She</W><W>talked</W><W>quietly</W><W>,</W><cue ID="41" type="negation"><W>not</W></cue><xcope ID="42"><ref ID="43" SRC="41"></ref><W>necessarily</W><W>to</W><W>me</W></xcope><W>,</W><W>but</W><W>to</W><W>the</W><W>garden</W><W>in</W><W>general</W><W>.</W></SENTENCE></P><P></P><P><SENTENCE><W>&#34;</W><W>Look</W><W>at</W><W>the</W><W>corn</W><W>,</W><W>would</W><W>you</W><W>?</W></SENTENCE><SENTENCE><W>We</W><W>&#39;ll</W><W>eat</W><W>those</W><W>next</W><W>week</W><W>.</W><W>&#34;</W></SENTENCE></P><P></P><P><SENTENCE><W>&#34;</W><W>Yes</W><W>ma&#39;am</W><W>...</W><W>.</W><W>&#34;</W></SENTENCE></P><P></P><P><SENTENCE><W>My</W><W>mother</W><W>loved</W><W>this</W><W>little</W><W>plot</W><W>of</W><W>soil</W><W>because</W><W>it</W><W>was</W><W>hers</W><W>--</W><cue ID="44" type="negation"><W>no</W></cue><xcope ID="46"><ref ID="48" SRC="44"></ref><W>one</W><W>else</W><W>really</W><W>wanted</W><W>it</W><W>.</W></xcope></SENTENCE><SENTENCE><W>She</W><W>treated</W><W>it</W><W>like</W><W>a</W><W>sanctuary</W><W>.</W></SENTENCE><SENTENCE><W>When</W><W>the</W><W>house</W><W>got</W><W>crowded</W><W>,</W><W>I</W><cue ID="45" type="speculation"><W>could</W></cue><xcope ID="47"><ref ID="49" SRC="45"></ref><W>always</W><W>find</W><W>her</W><W>in</W><W>the</W><W>garden</W><W>,</W></xcope><W>talking</W><W>to</W><W>the</W><W>vegetables</W><W>.</W></SENTENCE><SENTENCE><W>Harsh</W><W>words</W><W>were</W><W>rare</W><W>in</W><W>our</W><W>family</W><W>.</W></SENTENCE><SENTENCE><W>When</W><W>it</W><W>happened</W><W>,</W><W>I</W><W>knew</W><W>my</W><W>mother</W><W>would</W><W>disappear</W><W>into</W><W>her</W><W>refuge</W><W>.</W></SENTENCE></P><P></P><P><SENTENCE><W>I</W><W>thought</W><W>very</W><W>highly</W><W>of</W><W>A</W><W>Painted</W><W>House</W><W>,</W><W>unfortunately</W><W>,</W><W>I</W><W>am</W><W>unsure</W><W>that</W><W>my</W><W>appreciation</W><W>of</W><W>the</W><W>novel</W><W>will</W><W>necessarily</W><W>be</W><W>shared</W><W>by</W><W>everyone</W><W>.</W></SENTENCE><SENTENCE><W>The</W><W>biggest</W><W>attraction</W><W>that</W><W>A</W><W>Painted</W><W>House</W><W>had</W><W>for</W><W>me</W><W>was</W><W>that</W><W>it</W><W>allowed</W><W>me</W><W>to</W><W>draw</W><W>parallels</W><W>between</W><W>my</W><W>own</W><W>childhood</W><W>experience</W><W>and</W><W>that</W><W>of</W><W>the</W><W>protagonist</W><W>.</W></SENTENCE><SENTENCE><W>I</W><cue ID="50" type="negation"><W>did</W><W>n&#39;t</W></cue><xcope ID="52"><ref COMMENTS="" ID="54" SRC="50"></ref><W>grow</W><W>up</W><W>picking</W><W>cotton</W></xcope><W>,</W><W>thank</W><W>goodness</W><W>,</W><W>but</W><W>I</W><W>did</W><W>grow</W><W>up</W><W>poor</W><W>and</W><W>Southern</W><W>Baptist</W><W>in</W><W>Mansfield</W><W>,</W><W>Texas</W><W>.</W></SENTENCE><SENTENCE><W>I</W><W>was</W><W>the</W><W>son</W><W>of</W><W>a</W><W>preacher</W><W>man</W><W>,</W><W>and</W><W>we</W><W>lived</W><W>on</W><W>the</W><W>parsonage</W><W>of</W><W>New</W><W>Hope</W><W>Baptist</W><W>Church</W><W>in</W><W>1974</W><W>,</W><W>with</W><W>a</W><W>big</W><W>garden</W><W>where</W><W>my</W><W>mother</W><W>grew</W><W>okra</W><W>.</W></SENTENCE><SENTENCE><W>My</W><W>father</W><W>preached</W><W>every</W><W>Sunday</W><W>and</W><W>spent</W><W>the</W><W>rest</W><W>of</W><W>the</W><W>week</W><W>working</W><W>in</W><W>a</W><W>scrap</W><W>metal</W><W>yard</W><W>to</W><W>make</W><W>ends</W><W>meet</W><W>.</W></SENTENCE><SENTENCE><W>We</W><cue ID="51" type="negation"><W>did</W><W>n&#39;t</W></cue><xcope ID="53"><ref COMMENTS="" ID="55" SRC="51"></ref><W>live</W><W>there</W><W>very</W><W>long</W></xcope><W>,</W><W>and</W><W>ended</W><W>up</W><W>moving</W><W>into</W><W>a</W><W>house</W><W>trailer</W><W>on</W><W>the</W><W>extreme</W><W>fringes</W><W>of</W><W>Dallas</W><W>County</W><W>,</W><W>where</W><W>my</W><W>father</W><W>pastored</W><W>another</W><W>struggling</W><W>Baptist</W><W>church</W><W>before</W><W>he</W><W>left</W><W>the</W><W>pulpit</W><W>for</W><W>a</W><W>teaching</W><W>career</W><W>.</W></SENTENCE><SENTENCE><W>I</W><W>remember</W><W>all</W><W>of</W><W>that</W><W>,</W><W>remember</W><W>what</W><W>it</W><W>was</W><W>like</W><W>growing</W><W>up</W><W>in</W><W>a</W><W>trailer</W><W>park</W><W>,</W><W>and</W><W>how</W><W>it</W><W>felt</W><W>to</W><W>move</W><W>into</W><W>a</W><W>real</W><W>house</W><W>of</W><W>our</W><W>own</W><W>for</W><W>the</W><W>first</W><W>time</W><W>.</W></SENTENCE></P><P></P><P><SENTENCE><W>And</W><W>I</W><W>thought</W><W>about</W><W>my</W><W>great-grandfather</W><W>,</W><W>the</W><W>first</W><W>Curtis</W><W>Edmonds</W><W>,</W><W>who</W><W>was</W><W>born</W><W>in</W><W>Alabama</W><W>almost</W><W>120</W><W>years</W><W>ago</W><W>,</W><W>and</W><W>who</W><W>assuredly</W><W>did</W><W>pick</W><W>cotton</W><W>there</W><W>,</W><W>and</W><W>on</W><W>a</W><W>dirt</W><W>farm</W><W>near</W><W>Milford</W><W>,</W><W>Texas</W><W>,</W><W>and</W><W>on</W><W>another</W><W>farm</W><W>in</W><W>Archer</W><W>County</W><W>.</W></SENTENCE><SENTENCE><W>I</W><W>thought</W><W>about</W><W>what</W><W>he</W><cue ID="56" type="speculation"><W>would</W></cue><xcope ID="57"><ref ID="58" SRC="56"></ref><W>think</W><W>of</W><W>where</W><W>I</W><W>live</W><W>and</W><W>what</W><W>I</W><W>do</W><W>for</W><W>a</W><W>living</W></xcope><W>.</W></SENTENCE><SENTENCE><W>And</W><W>I</W><W>thought</W><W>about</W><W>my</W><W>little</W><W>nephew</W><W>,</W><W>and</W><W>the</W><W>advantages</W><W>that</W><W>he</W><W>has</W><W>,</W><W>and</W><W>will</W><W>have</W><W>,</W><W>and</W><W>how</W><W>alien</W><W>and</W><W>far</W><W>away</W><W>the</W><W>world</W><W>that</W><W>Grisham</W><W>describes</W><W>will</W><cue ID="39" type="speculation"><W>seem</W></cue><xcope ID="40"><ref COMMENTS="" ID="41" SRC="39"></ref><W>to</W><W>him</W><W>when</W><W>he</W><W>grows</W><W>up</W><W>.</W></xcope></SENTENCE></P><P></P><P><SENTENCE><W>I</W><W>hope</W><W>that</W><W>he</W><W>will</W><W>read</W><W>A</W><W>Painted</W><W>House</W><W>,</W><W>and</W><W>think</W><W>about</W><W>it</W><W>.</W></SENTENCE></P></DOCUMENT>
