<?xml version="1.0" encoding="UTF-8"?>
<DOCUMENT><P></P><P><SENTENCE><W>The</W><W>first</W><W>thing</W><W>I</W><W>liked</W><W>about</W><W>this</W><W>book</W><W>before</W><W>reading</W><W>it</W><W>was</W><W>the</W><W>print</W><W>size</W><W>.</W></SENTENCE><SENTENCE><W>The</W><W>print</W><W>is</W><W>large</W><W>enough</W><W>to</W><W>read</W><cue COMMENTS="" ID="0" type="negation"><W>without</W></cue><xcope COMMENTS="" ID="1"><ref COMMENTS="" ID="2" SRC="0"></ref><W>getting</W><W>eye</W><W>strain</W></xcope><W>.</W></SENTENCE></P><P></P><P><SENTENCE><W>This</W><W>book</W><W>is</W><W>about</W><W>children</W><W>who</W><W>have</W><W>been</W><W>altered</W><W>through</W><W>gene</W><W>combining.The</W><W>children</W><W>are</W><W>raised</W><W>in</W><W>a</W><W>school</W><W>that</W><W>is</W><W>like</W><W>a</W><W>military</W><W>lab</W><W>controlled</W><W>compound</W><W>.</W></SENTENCE><SENTENCE><W>All</W><W>of</W><W>the</W><W>children</W><W>have</W><W>the</W><W>unique</W><W>ability</W><W>to</W><W>fly</W><W>but</W><W>are</W><W>discouraged</W><W>from</W><W>using</W><W>this</W><W>power</W><W>.</W></SENTENCE></P><P></P><P><SENTENCE><W>But</W><W>this</W><W>is</W><W>just</W><W>the</W><W>basis</W><W>on</W><W>which</W><W>the</W><W>book</W><W>is</W><W>written</W><W>.</W></SENTENCE><SENTENCE><W>The</W><W>real</W><W>theme</W><W>of</W><W>the</W><W>book</W><W>is</W><W>about</W><W>love</W><W>and</W><W>trust</W><W>.</W></SENTENCE><SENTENCE><W>There</W><W>is</W><W>your</W><W>man</W><W>meets</W><W>woman</W><W>,</W><W>but</W><W>the</W><W>two</W><W>people</W><W>who</W><W>are</W><W>thrown</W><W>together</W><W>in</W><W>many</W><W>thrilling</W><W>situations</W><W>fight</W><W>this</W><W>attraction</W><W>.</W></SENTENCE><SENTENCE><W>Later</W><W>on</W><W>they</W><W>give</W><W>into</W><W>their</W><W>feelings</W><W>and</W><W>open</W><W>up</W><W>to</W><W>each</W><W>other</W><W>.</W></SENTENCE></P><P></P><P><SENTENCE><W>They</W><W>find</W><W>out</W><W>they</W><W>have</W><W>been</W><W>betrayed</W><W>by</W><W>friends</W><W>,</W><W>co-workers</W><W>and</W><W>even</W><W>the</W><W>government</W><W>.</W></SENTENCE></P><P></P><P><SENTENCE><W>Tom</W><W>aka</W><W>Kit</W><W>Harrison</W><W>is</W><W>a</W><W>FBI</W><W>agent</W><W>who</W><W>has</W><W>lost</W><W>a</W><W>wife</W><W>and</W><W>two</W><W>little</W><W>boys</W><W>in</W><W>a</W><W>plane</W><W>crash</W><W>.</W></SENTENCE><SENTENCE><W>He</W><W>is</W><W>sent</W><W>on</W><W>a</W><W>vacation</W><W>because</W><W>he</W><W>is</W><W>being</W><W>overly</W><W>interested</W><W>in</W><W>a</W><W>case</W><W>and</W><cue COMMENTS="" ID="3" type="negation"><W>wo</W><W>n&#39;t</W></cue><xcope COMMENTS="" ID="5"><ref COMMENTS="" ID="7" SRC="3"></ref><W>go</W><W>with</W><W>the</W><W>conventional</W><W>ways</W><W>of</W><W>investigation</W></xcope><W>.</W></SENTENCE><SENTENCE><W>In</W><W>other</W><W>words</W><W>he</W><W>is</W><W>an</W><W>agent</W><W>who</W><W>is</W><W>obsessed</W><W>with</W><W>a</W><W>case</W><W>and</W><cue COMMENTS="" ID="4" type="negation"><W>wo</W><W>n&#39;t</W></cue><xcope COMMENTS="" ID="6"><ref COMMENTS="" ID="8" SRC="4"></ref><W>give</W><W>up</W></xcope><W>.</W></SENTENCE><SENTENCE><W>But</W><W>the</W><W>real</W><W>reason</W><W>is</W><W>that</W><W>he</W><W>is</W><W>getting</W><W>to</W><W>close</W><W>to</W><W>discovering</W><W>what</W><W>the</W><W>agency</W><W>wants</W><W>to</W><W>keep</W><W>a</W><W>secret</W><W>.</W></SENTENCE><SENTENCE><W>This</W><W>is</W><W>the</W><W>gene</W><W>altered</W><W>children</W><W>.</W></SENTENCE></P><P></P><P><SENTENCE><W>Frannie</W><W>is</W><W>a</W><W>veterinarian</W><W>that</W><W>rents</W><W>the</W><W>cabin</W><W>to</W><W>Kit</W><W>.</W></SENTENCE><SENTENCE><W>Frannie</W><W>is</W><W>the</W><W>widow</W><W>of</W><W>David</W><W>.</W></SENTENCE><SENTENCE><W>David</W><W>&#39;s</W><W>death</W><W>is</W><W>one</W><W>of</W><W>the</W><W>deaths</W><W>in</W><W>the</W><W>case</W><W>that</W><W>Kit</W><W>is</W><W>investigating</W><W>.</W></SENTENCE></P><P></P><P><SENTENCE><W>They</W><W>get</W><W>off</W><W>to</W><W>a</W><W>rocky</W><W>start</W><W>but</W><W>soon</W><W>fall</W><W>for</W><W>each</W><W>other</W><W>even</W><W>though</W><W>they</W><W>resist</W><W>the</W><W>feelings</W><W>that</W><W>they</W><W>have</W><W>for</W><W>each</W><W>other</W><W>.</W></SENTENCE></P><P></P><P><SENTENCE><W>Fannie</W><W>sees</W><W>Max</W><W>in</W><W>the</W><W>woods</W><W>one</W><W>night</W><W>.</W></SENTENCE><SENTENCE><W>Max</W><W>is</W><W>one</W><W>of</W><W>the</W><W>altered</W><W>children</W><W>.</W></SENTENCE><SENTENCE><W>She</W><W>and</W><W>her</W><W>brother</W><W>Matthew</W><W>escaped</W><W>the</W><W>compound</W><W>by</W><W>flying</W><W>over</W><W>the</W><W>fence</W><W>.</W></SENTENCE><SENTENCE><W>Max</W><W>has</W><W>learned</W><W>to</W><cue COMMENTS="" ID="9" type="negation"><W>not</W></cue><xcope ID="14"><ref COMMENTS="" ID="15" SRC="9"></ref><W>trust</W><W>anyone</W><W>especially</W><W>adults</W><W>who</W><W>have</W><W>done</W><W>nothing</W><W>but</W><W>tell</W><W>her</W><W>lies</W><W>all</W><W>of</W><W>her</W><W>eleven</W><W>years</W></xcope><W>.</W></SENTENCE></P><P></P><P><SENTENCE><W>Kit</W><W>and</W><W>Fannie</W><W>eventually</W><W>make</W><W>friends</W><W>with</W><W>Max</W><W>.</W></SENTENCE><SENTENCE><W>This</W><W>where</W><W>the</W><W>action</W><W>starts</W><W>.</W></SENTENCE><SENTENCE><W>Kit</W><W>and</W><W>Fannie</W><W>find</W><W>out</W><W>where</W><W>the</W><W>children</W><W>are</W><W>kept</W><W>and</W><W>make</W><W>a</W><W>daring</W><W>rescue</W><W>and</W><W>then</W><W>run</W><W>into</W><W>other</W><W>thrilling</W><W>adventures</W><W>.</W></SENTENCE></P><P></P><P><SENTENCE><W>Later</W><W>on</W><W>after</W><W>the</W><W>rescues</W><W>and</W><W>drama</W><W>the</W><W>children</W><W>are</W><W>united</W><W>with</W><W>their</W><W>birth</W><W>parents</W><W>.</W></SENTENCE></P><P></P><P><SENTENCE><W>This</W><W>book</W><W>has</W><W>all</W><W>that</W><W>anyone</W><cue COMMENTS="" ID="12" type="speculation"><W>could</W></cue><xcope COMMENTS="" ID="13"><ref COMMENTS="" ID="14" SRC="12"></ref><W>want</W></xcope><W>.</W></SENTENCE><SENTENCE><W>It</W><W>is</W><W>action</W><W>packed</W><W>with</W><W>murder</W><W>and</W><W>mystery</W><W>.</W></SENTENCE><SENTENCE><W>Love</W><W>and</W><W>romance</W><W>bloom</W><W>.</W></SENTENCE><SENTENCE><W>The</W><W>ending</W><W>is</W><W>as</W><W>it</W><W>should</W><W>be</W><W>.</W></SENTENCE><SENTENCE><W>A</W><W>closure</W><W>with</W><W>tears</W><W>and</W><W>good</W><W>feelings</W><W>.</W></SENTENCE></P></DOCUMENT>
