<?xml version="1.0" encoding="UTF-8"?>
<DOCUMENT><P></P><P><SENTENCE><W>I</W><W>have</W><W>been</W><W>a</W><W>John</W><W>Grisham</W><W>fan</W><W>since</W><W>1989</W><W>when</W><W>his</W><W>hit</W><W>A</W><W>Time</W><W>To</W><W>Kill</W><W>was</W><W>released</W><W>.</W></SENTENCE><SENTENCE><W>Grisham</W><W>was</W><W>a</W><W>master</W><W>of</W><W>courtroom</W><W>drama</W><W>.</W></SENTENCE><SENTENCE><W>For</W><W>some</W><W>reason</W><W>,</W><cue COMMENTS="" ID="0" type="speculation"><W>probably</W></cue><xcope COMMENTS="" ID="5"><ref COMMENTS="" ID="15" SRC="0"></ref><W>due</W><W>to</W><W>publisher</W><W>deadlines</W></xcope><W>,</W><W>I</W><cue COMMENTS="" ID="1" type="negation"><W>have</W><W>nt</W></cue><xcope COMMENTS="" ID="4"><ref COMMENTS="" ID="16" SRC="1"></ref><W>been</W><W>as</W><W>thrilled</W><W>with</W><W>Grishams</W><W>latest</W><W>works</W></xcope><W>.</W></SENTENCE><SENTENCE><W>This</W><W>February</W><W>,</W><W>A</W><W>Painted</W><W>House</W><W>was</W><W>set</W><W>to</W><W>be</W><W>released</W><W>.</W></SENTENCE><SENTENCE><W>Much</W><W>to</W><W>my</W><W>dismay</W><W>,</W><W>I</W><W>hear</W><W>it</W><W>is</W><cue COMMENTS="" ID="2" type="negation"><W>not</W></cue><xcope COMMENTS="" ID="6"><ref COMMENTS="" ID="17" SRC="2"></ref><W>a</W><W>legal</W><W>thriller</W></xcope><W>,</W><W>but</W><W>rather</W><W>a</W><W>fictionalized</W><W>childhood</W><W>memoir</W><W>.</W></SENTENCE><SENTENCE><W>There</W><W>will</W><cue COMMENTS="" ID="3" type="negation"><W>not</W></cue><xcope COMMENTS="" ID="7"><ref COMMENTS="" ID="101" SRC="8"></ref><W>be</W><W>one</W><W>lawyer</W></xcope><W>,</W><xcope COMMENTS="" ID="9"><ref COMMENTS="" ID="12" SRC="8"></ref><W>one</W><W>judge</W></xcope><W>,</W><cue COMMENTS="" ID="8" type="speculation"><W>or</W></cue><xcope COMMENTS="" ID="10"><ref COMMENTS="" ID="13" SRC="8"></ref><W>even</W><W>a</W><W>courtroom</W></xcope><W>in</W><W>Grishams</W><W>latest</W><W>novel</W><W>!</W><W>!</W></SENTENCE></P><P></P><P><SENTENCE><W>Of</W><W>course</W><W>,</W><W>hearing</W><W>it</W><W>is</W><cue COMMENTS="" ID="18" type="negation"><W>not</W></cue><xcope ID="25"><ref COMMENTS="" ID="31" SRC="18"></ref><W>a</W><W>usual</W><W>Grisham</W></xcope><cue COMMENTS="" ID="19" type="negation"><W>does</W><W>nt</W></cue><xcope ID="26"><ref COMMENTS="" ID="32" SRC="19"></ref><W>stop</W><W>me</W><W>from</W><W>getting</W><W>my</W><W>own</W><W>copy</W></xcope><W>.</W></SENTENCE><SENTENCE><W>I</W><W>have</W><cue COMMENTS="" ID="20" type="negation"><W>no</W></cue><xcope ID="27"><ref COMMENTS="" ID="33" SRC="20"></ref><W>problem</W><W>with</W><W>Grisham</W><W>trying</W><W>to</W><W>branch</W><W>out</W><W>into</W><W>other</W><W>genres</W></xcope><W>.</W></SENTENCE><SENTENCE><W>Just</W><W>because</W><W>he</W><W>is</W><W>a</W><W>great</W><W>legal</W><W>thriller</W><W>author</W><W>,</W><cue COMMENTS="" ID="21" type="negation"><W>does</W><W>nt</W></cue><xcope ID="103"><ref COMMENTS="" ID="105" SRC="21"></ref><W>mean</W><W>he</W><cue ID="102" type="speculation"><W>cant</W></cue><xcope ID="29"><ref COMMENTS="" ID="104" SRC="102"></ref><W>try</W><W>to</W><W>be</W><W>great</W><W>at</W><W>something</W><W>else</W></xcope></xcope><W>.</W></SENTENCE></P><P></P><P><SENTENCE><W>As</W><W>soon</W><W>as</W><W>I</W><W>get</W><W>my</W><W>copy</W><W>from</W><W>the</W><W>Literary</W><W>Guild</W><W>,</W><W>it</W><W>is</W><W>opened</W><W>and</W><W>I</W><W>begin</W><W>to</W><W>read</W><W>.</W></SENTENCE><SENTENCE><W>I</W><W>have</W><W>to</W><W>admit</W><W>,</W><W>I</W><W>was</W><cue COMMENTS="" ID="23" type="negation"><W>not</W></cue><xcope ID="30"><ref COMMENTS="" ID="37" SRC="23"></ref><W>expecting</W><W>such</W><W>a</W><W>wonderful</W><W>change</W><W>of</W><W>pace</W><W>from</W><W>the</W><W>usual</W><W>Grisham-style</W></xcope><W>.</W></SENTENCE></P><P></P><P><SENTENCE><W>A</W><W>Painted</W><W>House</W><W>is</W><W>about</W><W>a</W><W>seven-year-old</W><W>boy</W><W>,</W><W>Luke</W><W>Chandler</W><W>,</W><W>and</W><W>his</W><W>family</W><W>.</W></SENTENCE><SENTENCE><W>Luke</W><W>is</W><W>the</W><W>narrator</W><W>of</W><W>the</W><W>story</W><W>,</W><W>so</W><W>you</W><W>see</W><W>everything</W><W>through</W><W>a</W><W>childs</W><W>eyes</W><W>.</W></SENTENCE><SENTENCE><W>The</W><W>story</W><W>is</W><W>set</W><W>back</W><W>in</W><W>1952</W><W>in</W><W>Arkansas</W><W>.</W></SENTENCE><SENTENCE><W>There</W><W>is</W><W>a</W><W>cotton</W><W>crop</W><W>to</W><W>be</W><W>picked</W><W>and</W><W>Lukes</W><W>family</W><W>hires</W><W>hill</W><W>people</W><W></W><W>and</W><W>Mexicans</W><W>to</W><W>come</W><W>to</W><W>their</W><W>farm</W><W>and</W><W>pick</W><W>the</W><W>cotton</W><W>along</W><W>with</W><W>the</W><W>Chandler</W><W>family</W><W>.</W></SENTENCE></P><P></P><P><SENTENCE><W>The</W><W>Spruills</W><W>(</W><W>the</W><W>hill</W><W>people</W><W></W><W>hired</W><W>by</W><W>the</W><W>Chandlers</W><W>)</W><W>and</W><W>the</W><W>Mexicans</W><W>bring</W><W>excitement</W><W>and</W><W>controversy</W><W>to</W><W>the</W><W>Chandler</W><W>farm</W><W>for</W><W>young</W><W>Luke</W><W>.</W></SENTENCE><SENTENCE><W>Hank</W><W>Spruill</W><W>is</W><W>a</W><W>large</W><W>fellow</W><W>and</W><W>with</W><W>him</W><W>knowing</W><W>this</W><W>,</W><W>he</W><W>is</W><W>able</W><W>to</W><W>get</W><W>himself</W><W>into</W><W>some</W><W>trouble</W><W>.</W></SENTENCE><SENTENCE><W>The</W><W>local</W><W>sheriff</W><W>wants</W><W>him</W><W>on</W><W>a</W><W>murder</W><W>charge</W><W>for</W><W>killing</W><W>a</W><W>local</W><W>troublemaker</W><W>in</W><W>a</W><W>fight</W><W>.</W></SENTENCE><SENTENCE><W>However</W><W>,</W><W>the</W><W>sheriff</W><W>is</W><W>willing</W><W>to</W><W>let</W><W>him</W><W>stay</W><W>on</W><W>the</W><W>Chandler</W><W>farm</W><W>until</W><W>the</W><W>cotton</W><W>is</W><W>picked</W><W>to</W><W>help</W><W>the</W><W>Chandlers</W><W>out</W><W>during</W><W>the</W><W>pickin</W><W>season</W><W>.</W></SENTENCE><SENTENCE><W>Luke</W><W>is</W><W>terrified</W><W>of</W><W>the</W><W>large</W><W>Hank</W><W>Spruill</W><W>.</W></SENTENCE><SENTENCE><W>On</W><W>the</W><W>other</W><W>hand</W><W>,</W><W>Hanks</W><W>sister</W><W>,</W><W>Tally</W><W>,</W><W>a</W><W>seventeen-year-old</W><W>girl</W><W>,</W><W>has</W><W>Lukes</W><W>eye</W><W>.</W></SENTENCE></P><P></P><P><SENTENCE><W>To</W><W>Luke</W><W>ten</W><W>years</W><W>in</W><xcope COMMENTS="" ID="44"><ref COMMENTS="" ID="50" SRC="38"></ref><W>age</W><W>difference</W><W>is</W></xcope><cue COMMENTS="" ID="38" type="negation"><W>nothing</W></cue><W>.</W></SENTENCE><SENTENCE><W>Tally</W><cue COMMENTS="" ID="39" type="speculation"><W>could</W></cue><xcope COMMENTS="" ID="45"><ref COMMENTS="" ID="51" SRC="39"></ref><W>love</W><W>him</W></xcope><W>.</W></SENTENCE><SENTENCE><W>Tally</W><W>gives</W><W>Luke</W><W>the</W><W>thrill</W><W>of</W><W>a</W><W>seven-year-olds</W><W>life</W><W>.</W></SENTENCE><SENTENCE><W>Course</W><W>,</W><W>I</W><W>am</W><cue COMMENTS="" ID="40" type="negation"><W>not</W></cue><xcope COMMENTS="" ID="46"><ref COMMENTS="" ID="52" SRC="40"></ref><W>going</W><W>to</W><W>tell</W><W>you</W><W>what</W><W>it</W><W>isbut</W></xcope><W>,</W><W>I</W><W>have</W><W>to</W><W>admit</W><W>I</W><W>was</W><W>laughing</W><W>during</W><W>this</W><W>segment</W><W>of</W><W>the</W><W>book</W><W>.</W></SENTENCE></P><P></P><P><SENTENCE><W>The</W><W>Spruills</W><W>and</W><W>the</W><W>Mexicans</W><W>on</W><W>the</W><W>Chandler</W><W>farm</W><W>do</W><cue COMMENTS="" ID="41" type="negation"><W>not</W></cue><xcope COMMENTS="" ID="47"><ref COMMENTS="" ID="53" SRC="41"></ref><W>get</W><W>along</W></xcope><W>.</W></SENTENCE><SENTENCE><W>One</W><W>of</W><W>the</W><W>Mexicans</W><W>,</W><W>Cowboy</W><W>,</W><W>is</W><W>a</W><W>rough</W><W>one</W><W>too</W><W>.</W></SENTENCE><SENTENCE><W>Cowboy</W><W>and</W><W>Hank</W><W>are</W><W>rivals</W><W>and</W><cue COMMENTS="" ID="42" type="negation"><W>neither</W></cue><xcope ID="107"><ref COMMENTS="" ID="109" SRC="42"></ref><W>one</W><W>thinks</W><W>the</W><W>other</W><cue COMMENTS="" ID="43" type="speculation"><W>can</W></cue><xcope ID="106"><ref COMMENTS="" ID="108" SRC="43"></ref><W>take</W><W>him</W><W>on</W></xcope></xcope><W>.</W></SENTENCE></P><P></P><P><SENTENCE><W>Luke</W><W>sees</W><W>all</W><W>the</W><W>problems</W><W>on</W><W>the</W><W>farm</W><W>among</W><W>the</W><W>people</W><W>.</W></SENTENCE><SENTENCE><W>He</W><W>is</W><W>a</W><W>highly</W><W>intelligent</W><W>seven-year-old</W><W>,</W><W>in</W><W>my</W><W>opinion</W><W>.</W></SENTENCE><SENTENCE><W>Course</W><W>,</W><W>since</W><W>I</W><W>know</W><W>nothing</W><W>of</W><W>1952</W><W>,</W><cue COMMENTS="" ID="57" type="speculation"><W>maybe</W></cue><xcope COMMENTS="" ID="69"><ref COMMENTS="" ID="70" SRC="57"></ref><W>kids</W><W>were</W><W>smarter</W><W>then</W></xcope><W>.</W></SENTENCE><SENTENCE><W>I</W><cue COMMENTS="" ID="58" type="negation"><W>dont</W></cue><xcope COMMENTS="" ID="62"><ref COMMENTS="" ID="65" SRC="58"></ref><W>know</W><W>any</W><W>seven-year-olds</W><W>who</W><W>know</W><W>the</W><W>amount</W><W>of</W><W>information</W><W>Luke</W><W>Chandler</W><W>does</W><W>in</W><W>this</W><W>book</W></xcope><W>.</W></SENTENCE><SENTENCE><xcope ID="112"><ref COMMENTS="" ID="113" SRC="59"></ref><W>Luke</W><W>Chandler</W></xcope><cue COMMENTS="" ID="59" type="speculation"><W>seems</W></cue><xcope COMMENTS="" ID="63"><ref COMMENTS="" ID="66" SRC="59"></ref><W>to</W><W>understand</W><W>just</W><W>about</W><W>everything</W><W>the</W><W>adults</W><W>say</W><W>around</W><W>him</W></xcope><W>.</W></SENTENCE><SENTENCE><cue COMMENTS="" ID="60" type="negation"><W>Nothing</W></cue><xcope ID="111"><ref COMMENTS="" ID="113" SRC="60"></ref><cue COMMENTS="" ID="61" type="speculation"><W>seems</W></cue><xcope ID="110"><ref COMMENTS="" ID="112" SRC="61"></ref><W>to</W><W>get</W><W>past</W><W>young</W><W>Luke</W></xcope><W>.</W></xcope></SENTENCE></P><P></P><P><SENTENCE><W>Luke</W><W>loves</W><W>baseball</W><W>and</W><cue COMMENTS="" ID="71" type="speculation"><W>would</W></cue><xcope COMMENTS="" ID="74"><ref COMMENTS="" ID="77" SRC="71"></ref><W>love</W><W>to</W><W>spend</W><W>his</W><W>cotton</W><W>earnings</W><W>on</W><W>a</W><W>new</W><W>Cardinals</W><W>jacket</W><W>from</W><W>the</W><W>Sears</W><W>catalog</W></xcope><W>.</W></SENTENCE><SENTENCE><W>He</W><cue COMMENTS="" ID="72" type="speculation"><W>would</W></cue><xcope COMMENTS="" ID="75"><ref COMMENTS="" ID="78" SRC="72"></ref><W>be</W><W>the</W><W>envy</W><W>of</W><W>every</W><W>kid</W><W>in</W><W>the</W><W>town</W><W>of</W><W>Black</W><W>Oak</W></xcope><W>,</W><W>even</W><W>surrounding</W><W>towns</W><W>for</W><W>that</W><W>matter</W><W>.</W></SENTENCE><SENTENCE><W>In</W><W>fact</W><W>,</W><W>Lukes</W><W>dream</W><W>is</W><W>to</W><W>leave</W><W>the</W><W>farm</W><W>(</W><W>as</W><W>his</W><W>mother</W><W>wishes</W><W>)</W><W>and</W><W>play</W><W>for</W><W>the</W><W>St</W><W>.</W><W>Louis</W><W>Cardinals</W><W>when</W><W>he</W><W>gets</W><W>older</W><W>.</W></SENTENCE></P><P></P><P><SENTENCE><W>Overall</W><W>,</W><W>the</W><W>book</W><W>mainly</W><W>concentrates</W><W>on</W><W>the</W><W>problems</W><W>around</W><W>the</W><W>farm</W><W>with</W><W>the</W><W>cotton</W><W>crop</W><W>.</W></SENTENCE><SENTENCE><W>It</W><cue COMMENTS="" ID="73" type="speculation"><W>seems</W></cue><xcope COMMENTS="" ID="76"><ref COMMENTS="" ID="79" SRC="73"></ref><W>that</W><W>everything</W><W>,</W><W>and</W><W>I</W><W>mean</W><W>everything</W><W>,</W><W>surrounds</W><W>the</W><W>picking</W><W>of</W><W>the</W><W>cotton</W><W>this</W><W>season</W></xcope><W>.</W></SENTENCE><SENTENCE><W>The</W><W>Chandler</W><W>men</W><W>are</W><W>concerned</W><W>with</W><W>the</W><W>crop</W><W>.</W></SENTENCE><SENTENCE><W>The</W><W>women</W><W>just</W><W>try</W><W>to</W><W>get</W><W>along</W><W>and</W><W>make</W><W>it</W><W>through</W><W>and</W><W>listen</W><W>the</W><W>men</W><W>complain</W><W>all</W><W>the</W><W>time</W><W>.</W></SENTENCE><SENTENCE><W>Basically</W><W>,</W><W>it</W><W>all</W><W>borders</W><W>down</W><W>to</W><W>money</W><W>.</W></SENTENCE></P><P></P><P><SENTENCE><W>I</W><W>hate</W><W>to</W><W>tell</W><W>anything</W><W>else</W><W>about</W><W>the</W><W>story</W><W>because</W><W>I</W><cue COMMENTS="" ID="80" type="negation"><W>dont</W></cue><xcope COMMENTS="" ID="91"><ref COMMENTS="" ID="101" SRC="80"></ref><W>want</W><W>to</W><W>reveal</W><W>too</W><W>much</W></xcope><W>.</W></SENTENCE><SENTENCE><W>There</W><W>has</W><W>to</W><W>be</W><W>some</W><W>mystery</W><W>to</W><W>the</W><W>novel</W><W>before</W><W>you</W><W>start</W><W>reading</W><W>it</W><W>,</W><W>otherwise</W><W>what</W><cue COMMENTS="" ID="81" type="speculation"><W>would</W></cue><xcope COMMENTS="" ID="92"><ref COMMENTS="" ID="103" SRC="81"></ref><W>be</W><W>the</W><W>point</W></xcope><W>?</W></SENTENCE><SENTENCE><W>For</W><W>example</W><W>,</W><W>the</W><W>title</W><W>of</W><W>the</W><W>book</W><W>itself</W><W>,</W><W>I</W><cue COMMENTS="" ID="82" type="speculation"><W>cannot</W></cue><xcope COMMENTS="" ID="93"><ref COMMENTS="" ID="102" SRC="82"></ref><W>explain</W><W>to</W><W>you</W></xcope><W>.</W></SENTENCE><SENTENCE><W>It</W><W>is</W><W>an</W><W>important</W><W>aspect</W><W>of</W><W>the</W><W>story</W><W>that</W><W>you</W><W>need</W><W>to</W><W>discover</W><W>for</W><W>yourself</W><W>.</W></SENTENCE></P><P></P><P><SENTENCE><W>My</W><W>viewpoint</W><W>on</W><W>this</W><W>novel</W><W>:</W><W>I</W><W>feel</W><W>that</W><W>overall</W><W>the</W><W>book</W><W>was</W><W>a</W><W>wonderful</W><W>change</W><W>of</W><W>pace</W><W>for</W><W>Grisham</W><W>.</W></SENTENCE><SENTENCE><W>Personally</W><W>,</W><W>I</W><W>have</W><W>been</W><W>disappointed</W><W>a</W><W>little</W><W>more</W><W>each</W><W>time</W><W>I</W><W>read</W><W>his</W><W>new</W><W>releases</W><W>.</W></SENTENCE><SENTENCE><W>My</W><W>problem</W><W>is</W><W>that</W><W>I</W><W>compare</W><W>every</W><W>one</W><W>of</W><W>his</W><W>novels</W><W>with</W><W>his</W><W>first</W><W>release</W><W>,</W><W>A</W><W>Time</W><W>To</W><W>Kill</W><W>.</W></SENTENCE><SENTENCE><cue COMMENTS="" ID="83" type="negation"><W>Nothing</W></cue><xcope COMMENTS="" ID="94"><ref COMMENTS="" ID="105" SRC="83"></ref><W>compares</W></xcope><W>!</W><W>!</W><W>!</W><W>Some</W><W>have</W><W>come</W><W>close</W><W>to</W><W>that</W><W>greatness</W><W>,</W><W>but</W><cue COMMENTS="" ID="84" type="negation"><W>not</W></cue><xcope COMMENTS="" ID="95"><ref COMMENTS="" ID="104" SRC="84"></ref><W>many</W></xcope><W>.</W></SENTENCE><SENTENCE><W>I</W><W>enjoyed</W><W>this</W><W>novel</W><W>and</W><W>Grisham</W><W>even</W><W>had</W><W>me</W><W>laughing</W><W>at</W><W>one</W><W>point</W><W>in</W><W>time</W><W>with</W><W>Tally</W><W>and</W><W>Luke</W><W>as</W><W>I</W><W>mentioned</W><W>above</W><W>.</W></SENTENCE><SENTENCE><W>The</W><W>biggest</W><W>disappointment</W><cue COMMENTS="" ID="85" type="speculation"><W>would</W></cue><xcope COMMENTS="" ID="96"><ref COMMENTS="" ID="106" SRC="85"></ref><W>have</W><W>to</W><W>be</W><W>the</W><W>end</W><W>of</W><W>the</W><W>novel</W></xcope><W>.</W></SENTENCE><SENTENCE><W>It</W><W>leaves</W><W>the</W><W>reader</W><W>drawing</W><W>a</W><W>blank</W><W>and</W><W>wanting</W><W>to</W><W>know</W><W>what</W><W>else</W><W>happens</W><W>to</W><W>the</W><W>family</W><W>.</W></SENTENCE><SENTENCE><W>Personally</W><W>,</W><W>I</W><cue ID="116" type="speculation"><W>feel</W></cue><xcope ID="117"><ref COMMENTS="" ID="118" SRC="116"></ref><W>that</W><W>Grisham</W><cue COMMENTS="" ID="86" type="speculation"><W>may</W></cue><xcope ID="114"><ref COMMENTS="" ID="115" SRC="86"></ref><W>have</W><W>done</W><W>this</W><W>for</W><W>a</W><W>sequel</W><cue COMMENTS="" ID="87" type="speculation"><W>maybe</W></cue><xcope COMMENTS="" ID="98"><ref COMMENTS="" ID="108" SRC="87"></ref><W>at</W><W>some</W><W>point</W><W>in</W><W>time</W></xcope></xcope></xcope><W>.</W></SENTENCE><SENTENCE><W>He</W><cue COMMENTS="" ID="89" type="speculation"><W>may</W><W>not</W></cue><xcope COMMENTS="" ID="99"><ref COMMENTS="" ID="109" SRC="89"></ref><W>have</W><W>intended</W><W>to</W><W>write</W><W>a</W><W>sequel</W></xcope><W>,</W><W>but</W><cue ID="119" type="speculation"><W>if</W></cue><xcope ID="120"><ref COMMENTS="" ID="121" SRC="119"></ref><W>enough</W><W>of</W><W>his</W><W>fans</W><W>love</W><W>this</W><W>style</W></xcope><W>,</W><cue COMMENTS="" ID="90" type="speculation"><W>maybe</W></cue><xcope COMMENTS="" ID="100"><ref COMMENTS="" ID="110" SRC="90"></ref><W>he</W><W>will</W><W>write</W><W>a</W><W>follow-up</W><W>novel</W><W>to</W><W>the</W><W>Chandler</W><W>family</W></xcope><W>.</W></SENTENCE><SENTENCE><W>Who</W><W>knows</W><W>?</W></SENTENCE><SENTENCE><W>This</W><W>is</W><W>just</W><W>my</W><W>opinion</W><W>.</W></SENTENCE></P><P></P><P><SENTENCE><W>If</W><W>you</W><W>are</W><W>looking</W><W>for</W><W>a</W><W>nice</W><W>change</W><W>of</W><W>pace</W><W>,</W><W>pick</W><W>up</W><W>A</W><W>Painted</W><W>House</W><W>and</W><W>enjoy</W><W>.</W></SENTENCE><SENTENCE><W>I</W><W>personally</W><W>feel</W><W>this</W><W>is</W><W>one</W><W>of</W><W>Grishams</W><W>best</W><W>in</W><W>a</W><W>very</W><W>long</W><W>time</W><W>.</W></SENTENCE></P></DOCUMENT>
