<?xml version="1.0" encoding="UTF-8"?>
<DOCUMENT><P></P><P><SENTENCE><W>&#34;</W><W>A</W><W>Painted</W><W>House</W><W>&#34;</W><W>is</W><W>the</W><W>newest</W><W>book</W><W>by</W><W>my</W><W>favorite</W><W>author</W><W>,</W><W>John</W><W>Grisham</W><W>.</W></SENTENCE><SENTENCE><W>As</W><W>soon</W><W>as</W><W>his</W><W>books</W><W>hit</W><W>the</W><W>stands</W><W>,</W><W>I</W><W>have</W><W>to</W><W>buy</W><W>them</W><W>.</W></SENTENCE><SENTENCE><W>Even</W><W>if</W><W>I</W><W>am</W><W>in</W><W>the</W><W>middle</W><W>of</W><W>reading</W><W>another</W><W>book</W><W>,</W><W>that</W><W>book</W><W>gets</W><W>set</W><W>aside</W><W>so</W><W>I</W><cue ID="0" type="speculation"><W>can</W></cue><xcope ID="3"><ref COMMENTS="" ID="6" SRC="0"></ref><W>read</W><W>his</W><W>newest</W><W>work</W><W>of</W><W>art</W></xcope><W>.</W></SENTENCE></P><P></P><P><SENTENCE><W>While</W><W>this</W><W>book</W><W>is</W><W>totally</W><W>different</W><W>than</W><W>any</W><W>other</W><W>book</W><W>he</W><W>has</W><W>written</W><W>to</W><W>date</W><W>,</W><W>it</W><W>did</W><cue ID="1" type="negation"><W>not</W></cue><xcope ID="4"><ref COMMENTS="" ID="7" SRC="1"></ref><W>disappoint</W><W>me</W><W>at</W><W>all</W></xcope><W>.</W></SENTENCE><SENTENCE><W>I</W><W>have</W><W>read</W><W>some</W><W>(</W><W>few</W><W>)</W><W>reviews</W><W>that</W><cue ID="2" type="negation"><W>did</W><W>n&#39;t</W></cue><xcope ID="5"><ref COMMENTS="" ID="8" SRC="2"></ref><W>rate</W><W>this</W><W>book</W><W>kindly</W></xcope><W>,</W><W>but</W><W>I</W><W>felt</W><W>very</W><W>differently</W><W>.</W></SENTENCE><SENTENCE><W>While</W><W>I</W><W>have</W><W>loved</W><W>every</W><W>one</W><W>of</W><W>Grisham</W><W>&#39;s</W><W>books</W><W>,</W><W>sometimes</W><W>I</W><W>have</W><W>felt</W><W>that</W><W>they</W><W>were</W><W>so</W><W>detailed</W><W>and</W><W>technically</W><W>mind-boggling</W><W>with</W><W>legal</W><W>mumbo-jumbo</W><W>.</W></SENTENCE><SENTENCE><W>This</W><W>one</W><W>is</W><W>the</W><W>perfect</W><W>change</W><W>of</W><W>pace</W><W>from</W><W>that</W><W>.</W></SENTENCE></P><P></P><P><SENTENCE><W>The</W><W>setting</W><W>is</W><W>Arkansas</W><W>,</W><W>late</W><W>summer</W><W>of</W><W>1952</W><W>.</W></SENTENCE><SENTENCE><W>Luke</W><W>Chandler</W><W>is</W><W>a</W><W>7</W><W>year</W><W>old</W><W>boy</W><W>who</W><W>is</W><W>an</W><W>only</W><W>child</W><W>,</W><W>living</W><W>with</W><W>his</W><W>parents</W><W>in</W><W>his</W><W>paternal</W><W>grandparents</W><W>home</W><W>on</W><W>their</W><W>cotton</W><W>farm</W><W>.</W></SENTENCE><SENTENCE><W>They</W><W>are</W><W>very</W><W>poor</W><W>farm</W><W>folk</W><W>and</W><W>every</W><W>member</W><W>of</W><W>the</W><W>family</W><W>has</W><W>to</W><W>work</W><W>hard</W><W>to</W><W>bring</W><W>in</W><W>the</W><W>precious</W><W>cotton</W><W>crop</W><W>;</W><W>something</W><W>they</W><W>plan</W><W>for</W><W>and</W><W>depend</W><W>on</W><W>all</W><W>year</W><W>long</W><W>.</W></SENTENCE></P><P></P><P><SENTENCE><W>Luke</W><W>&#39;s</W><W>grandfather</W><W>(</W><W>&#34;</W><W>Pappy</W><W>&#34;</W><W>to</W><W>Luke</W><W>)</W><W>,</W><W>is</W><W>a</W><W>spirited</W><W>man</W><W>who</W><cue ID="9" type="negation"><W>does</W><W>n&#39;t</W></cue><xcope ID="11"><ref ID="13" SRC="9"></ref><W>tolerate</W><W>nonsense</W></xcope><W>.</W></SENTENCE><SENTENCE><W>I</W><W>get</W><W>a</W><W>kick</W><W>out</W><W>of</W><W>the</W><W>way</W><W>he</W><W>insists</W><W>that</W><W>his</W><W>old</W><W>truck</W><cue ID="10" type="speculation"><W>must</W><W>not</W></cue><xcope ID="12"><ref ID="14" SRC="10"></ref><W>be</W><W>driven</W><W>over</W><W>37</W><W>mph</W></xcope><W>.</W></SENTENCE><SENTENCE><W>He</W><W>worries</W><W>constantly</W><W>about</W><W>the</W><W>weather</W><W>and</W><W>how</W><W>it</W><W>will</W><W>affect</W><W>their</W><W>crops</W><W>.</W></SENTENCE></P><P></P><P><SENTENCE><W>When</W><W>it</W><W>&#39;s</W><W>picking</W><W>time</W><W>,</W><W>Pappy</W><W>goes</W><W>to</W><W>town</W><W>to</W><W>hire</W><W>Mexicans</W><W>who</W><W>have</W><W>arrived</W><W>in</W><W>a</W><W>trailer</W><W>,</W><W>all</W><W>scrunched</W><W>up</W><W>worse</W><W>than</W><W>cattle</W><W>.</W></SENTENCE><SENTENCE><W>He</W><W>hires</W><W>10</W><W>of</W><W>them</W><W>to</W><W>work</W><W>the</W><W>cotton</W><W>fields</W><W>.</W></SENTENCE><SENTENCE><W>On</W><W>the</W><W>same</W><W>day</W><W>he</W><W>also</W><W>hires</W><W>the</W><W>Spruill</W><W>family</W><W>.</W></SENTENCE><SENTENCE><W>Families</W><W>who</W><W>live</W><W>in</W><W>the</W><W>Ozarks</W><W>and</W><W>are</W><W>referred</W><W>to</W><W>as</W><W>&#34;</W><W>The</W><W>hill</W><W>people</W><W>&#34;</W><W>come</W><W>down</W><W>to</W><W>be</W><W>hired</W><W>on</W><W>to</W><W>the</W><W>cotton</W><W>farms</W><W>for</W><W>the</W><W>season</W><W>.</W></SENTENCE></P><P></P><P><SENTENCE><W>The</W><W>story</W><W>takes</W><W>us</W><W>through</W><W>the</W><W>short</W><W>season</W><W>and</W><W>all</W><W>the</W><W>ups</W><W>and</W><W>downs</W><W>this</W><W>poor</W><W>family</W><W>goes</W><W>through</W><W>trying</W><cue ID="15" type="negation"><W>not</W></cue><xcope ID="17"><ref COMMENTS="" ID="19" SRC="15"></ref><W>to</W><W>get</W><W>rich</W><W>from</W><W>their</W><W>labors</W></xcope><W>,</W><W>but</W><W>just</W><W>to</W><W>break</W><W>even</W><W>so</W><W>they</W><W>can</W><W>farm</W><W>another</W><W>year</W><W>.</W></SENTENCE><SENTENCE><W>This</W><W>has</W><W>some</W><W>meaning</W><W>to</W><W>me</W><W>because</W><W>my</W><W>Dad</W><W>is</W><W>a</W><W>farmer</W><W>and</W><W>although</W><W>times</W><W>are</W><W>different</W><W>now</W><W>than</W><W>they</W><W>were</W><W>50-60</W><W>years</W><W>ago</W><W>,</W><W>we</W><W>knew</W><W>plenty</W><W>of</W><W>years</W><W>where</W><W>there</W><W>was</W><W>barely</W><W>enough</W><W>to</W><W>scrape</W><W>by</W><W>and</W><W>feed</W><W>5</W><W>kids</W><W>.</W></SENTENCE><SENTENCE><W>It</W><W>&#39;s</W><W>amazing</W><W>how</W><W>resourceful</W><W>one</W><cue ID="16" type="speculation"><W>can</W></cue><xcope ID="18"><ref COMMENTS="" ID="20" SRC="16"></ref><W>be</W><W>when</W><W>the</W><W>situation</W><W>requires</W><W>it</W></xcope><W>.</W></SENTENCE></P><P></P><P><SENTENCE><W>Along</W><W>with</W><W>the</W><W>Spruill</W><W>family</W><W>comes</W><W>their</W><W>17</W><W>year</W><W>old</W><W>daughter</W><W>,</W><W>Tally</W><W>.</W></SENTENCE><SENTENCE><W>Luke</W><W>at</W><W>the</W><W>age</W><W>of</W><W>7</W><W>has</W><W>yet</W><W>to</W><W>discover</W><W>much</W><W>about</W><W>women</W><W>,</W><W>but</W><W>is</W><W>very</W><W>curious</W><W>about</W><W>Tally</W><W>.</W></SENTENCE><SENTENCE><W>He</W><W>thinks</W><W>that</W><W>a</W><W>10</W><W>year</W><W>age</W><W>difference</W><cue ID="21" type="negation"><W>is</W><W>n&#39;t</W></cue><xcope ID="24"><ref COMMENTS="" ID="27" SRC="21"></ref><W>too</W><W>much</W></xcope><W>.</W></SENTENCE><SENTENCE><W>Hank</W><W>Spruill</W><W>is</W><W>the</W><W>oldest</W><W>Spruill</W><W>boy</W><W>and</W><W>he</W><W>is</W><W>mean</W><W>.</W></SENTENCE><SENTENCE><W>He</W><W>gets</W><W>into</W><W>fights</W><W>and</W><W>is</W><W>even</W><W>involved</W><W>in</W><W>the</W><W>death</W><W>of</W><W>one</W><W>the</W><W>boys</W><W>from</W><W>another</W><W>farm</W><W>.</W></SENTENCE><SENTENCE><W>The</W><W>youngest</W><W>Spruill</W><W>member</W><W>is</W><W>a</W><W>young</W><W>boy</W><W>named</W><W>Trot</W><W>.</W></SENTENCE><SENTENCE><W>Trot</W><W>is</W><cue ID="22" type="negation"><W>not</W></cue><xcope ID="25"><ref COMMENTS="" ID="28" SRC="22"></ref><W>&#39;right</W></xcope><W>&#39;</W><W>as</W><W>he</W><W>has</W><W>some</W><W>physical</W><W>disabilities</W><W>.</W></SENTENCE><SENTENCE><W>(</W><W>This</W><W>was</W><W>before</W><W>the</W><W>days</W><W>of</W><W>political</W><W>correctness</W><W>.</W><W>)</W></SENTENCE><SENTENCE><W>Trot</W><cue ID="23" type="speculation"><W>would</W></cue><xcope ID="26"><ref COMMENTS="" ID="29" SRC="23"></ref><W>play</W><W>a</W><W>key</W><W>role</W><W>in</W><W>the</W><W>story</W></xcope><W>as</W><W>to</W><W>how</W><W>the</W><W>book</W><W>got</W><W>it</W><W>&#39;s</W><W>name</W><W>.</W></SENTENCE></P><P></P><P><SENTENCE><W>Along</W><W>with</W><W>the</W><W>Mexicans</W><W>comes</W><W>a</W><W>boy</W><W>named</W><W>Cowboy</W><W>.</W></SENTENCE><SENTENCE><W>He</W><W>too</W><W>is</W><W>a</W><W>mean</W><W>person</W><W>and</W><W>he</W><W>and</W><W>Hank</W><W>have</W><W>their</W><W>moment</W><W>late</W><W>in</W><W>the</W><W>book</W><W>.</W></SENTENCE><SENTENCE><W>Luke</W><cue ID="30" type="negation"><W>does</W><W>n&#39;t</W></cue><xcope COMMENTS="" ID="37"><ref COMMENTS="" ID="38" SRC="30"></ref><W>like</W><W>Cowboy</W><W>much</W></xcope><W>because</W><W>there</W><W>is</W><W>a</W><W>little</W><W>too</W><W>much</W><W>interest</W><W>between</W><W>Cowboy</W><W>and</W><W>Tally</W><W>.</W></SENTENCE></P><P></P><P><SENTENCE><W>This</W><W>book</W><W>has</W><W>reality</W><W>,</W><W>humor</W><W>,</W><W>scandal</W><W>,</W><W>sorrow</W><W>and</W><W>sentiment</W><W>.</W></SENTENCE><SENTENCE><W>It</W><W>is</W><W>written</W><W>through</W><W>the</W><W>eyes</W><W>of</W><W>a</W><W>seven</W><W>year</W><W>old</W><W>boy</W><W>and</W><W>how</W><W>he</W><W>views</W><W>the</W><W>world</W><W>.</W></SENTENCE><SENTENCE><W>While</W><W>there</W><W>are</W><W>parts</W><W>in</W><W>the</W><W>book</W><W>that</W><W>are</W><W>disturbing</W><W>because</W><W>there</W><W>is</W><W>death</W><W>or</W><W>financial</W><W>tragedy</W><W>,</W><W>I</W><W>found</W><W>the</W><W>book</W><W>to</W><W>be</W><W>light</W><W>hearted</W><W>and</W><W>often</W><W>funny</W><W>.</W></SENTENCE><SENTENCE><W>Grisham</W><W>had</W><W>a</W><W>way</W><W>of</W><W>making</W><W>Luke</W><W>&#39;s</W><W>character</W><W>quite</W><W>interesting</W><W>;</W><W>very</W><W>inquisitive</W><W>and</W><W>hugely</W><W>imaginitive</W><W>was</W><W>young</W><W>Luke</W><W>.</W></SENTENCE></P><P></P><P><SENTENCE><W>If</W><W>I</W><W>had</W><W>to</W><W>choose</W><W>something</W><W>that</W><W>I</W><cue COMMENTS="" ID="31" type="speculation"><W>would</W></cue><xcope COMMENTS="" ID="34"><ref COMMENTS="" ID="39" SRC="31"></ref><W>have</W><W>liked</W><W>to</W><W>be</W><W>different</W><W>about</W><W>the</W><W>book</W></xcope><W>,</W><W>I</W><W>think</W><W>,</W><W>as</W><W>others</W><W>have</W><W>mentioned</W><W>,</W><W>that</W><W>I</W><cue COMMENTS="" ID="32" type="speculation"><W>would</W></cue><xcope COMMENTS="" ID="36"><ref COMMENTS="" ID="40" SRC="32"></ref><W>have</W><W>liked</W><W>to</W><W>know</W><W>more</W><W>at</W><W>the</W><W>end</W><W>of</W><W>the</W><W>book</W></xcope><W>,</W><W>such</W><W>as</W><W>what</W><W>happens</W><W>to</W><W>the</W><W>family</W><W>.</W></SENTENCE><SENTENCE><W>But</W><W>then</W><W>,</W><W>this</W><W>book</W><cue ID="38" type="negation"><W>ca</W><W>n&#39;t</W></cue><xcope COMMENTS="" ID="35"><ref COMMENTS="" ID="39" SRC="38"></ref><W>go</W><W>on</W><W>forever</W></xcope><W>.</W></SENTENCE><SENTENCE><W>All</W><W>things</W><W>considered</W><W>,</W><W>I</W><W>think</W><W>the</W><W>author</W><W>chose</W><W>an</W><W>appropriate</W><W>place</W><W>to</W><W>end</W><W>the</W><W>book</W><W>.</W></SENTENCE></P></DOCUMENT>
