<?xml version="1.0" encoding="UTF-8"?>
<DOCUMENT><P/><P><SENTENCE><W>I</W><cue ID="26" type="speculation"><W>could</W></cue><xcope ID="30"><ref COMMENTS="" ID="43" SRC="26"/><cue ID="25" type="negation"><W>not</W></cue><xcope ID="8"><ref COMMENTS="" ID="42" SRC="25"/><W>put</W><W>this</W><W>book</W><W>down</W></xcope></xcope><W>.</W></SENTENCE><SENTENCE><W>I</W><W>bought</W><W>this</W><W>book</W><W>before</W><W>heading</W><W>out</W><W>on</W><W>a</W><W>2</W><W>day</W><W>bus</W><W>trip</W><W>back</W><W>to</W><W>one</W><W>of</W><W>the</W><W>states</W><W>I</W><W>grew</W><W>up</W><W>part</W><W>of</W><W>my</W><W>life</W><W>in</W><W>,</W><W>grand</W><W>Montana</W><W>!</W></SENTENCE><SENTENCE><W>It</W><W>took</W><W>2</W><W>days</W><W>to</W><W>get</W><W>there</W><W>and</W><W>I</W><W>really</W><W>dislike</W><W>Greyhound</W><W>and</W><cue ID="27" type="speculation"><W>if</W></cue><xcope ID="37"><ref COMMENTS="" ID="41" SRC="27"/><W>it</W><W>were</W><cue ID="31" type="negation"><W>not</W></cue><xcope ID="36"><ref COMMENTS="" ID="40" SRC="31"/><W>for</W><W>the</W><W>cheap</W><W>ticket</W><W>price</W></xcope></xcope><W>I</W><cue ID="3" type="speculation"><W>would</W></cue><xcope ID="34"><ref COMMENTS="" ID="39" SRC="3"/><cue ID="32" type="negation"><W>never</W></cue><xcope ID="33"><ref COMMENTS="" ID="38" SRC="32"/><W>take</W><W>it</W><W>anywhere</W></xcope></xcope><W>.</W></SENTENCE><SENTENCE><W>I</W><W>knew</W><W>the</W><W>trip</W><W>would</W><W>be</W><W>scenic</W><W>but</W><W>there</W><cue ID="4" type="speculation"><W>would</W></cue><xcope ID="12"><ref ID="17" SRC="4"/><W>be</W><W>times</W><W>that</W><W>I</W><W>wanted</W><W>to</W><W>get</W><W>away</W><W>from</W><W>it</W></xcope><W>all</W><W>and</W><W>settle</W><W>into</W><W>a</W><W>good</W><W>novel</W><W>.</W></SENTENCE><SENTENCE><W>Well</W><W>,</W><W>this</W><W>one</W><W>did</W><W>more</W><W>than</W><W>let</W><W>me</W><W>settle</W><W>...</W><W>I</W><W>took</W><W>me</W><W>by</W><W>the</W><W>&quot;tie</W><W>&quot;</W><W>and</W><W>jerked</W><W>me</W><W>under</W><W>!</W></SENTENCE><SENTENCE><W>I</W><W>just</W><cue ID="29" type="speculation"><W>could</W></cue><xcope ID="44"><ref COMMENTS="" ID="46" SRC="29"/><cue ID="28" type="negation"><W>not</W></cue><xcope ID="13"><ref COMMENTS="" ID="45" SRC="28"/><W>stop</W><W>reading</W><W>it</W><W>,</W></xcope></xcope><W>the</W><W>plot</W><W>of</W><W>all</W><W>his</W><W>books</W><W>are</W><W>the</W><W>best</W><W>of</W><W>almost</W><W>any</W><W>writer</W><W>out</W><W>there</W><W>.</W></SENTENCE><SENTENCE><W>He</W><W>and</W><W>Michael</W><W>Chrichton</W><W>are</W><W>among</W><W>the</W><W>best</W><W>I</W><W>have</W><W>ever</W><W>read</W><W>.</W></SENTENCE><SENTENCE><W>This</W><W>book</W><W>was</W><W>about</W><W>a</W><W>lawyer</W><W>who</W><W>worked</W><W>in</W><W>a</W><W>firm</W><W>as</W><W>a</W><W>litigator</W><W>and</W><W>was</W><W>around</W><W>the</W><W>most</W><W>defiant</W><W>and</W><W>high</W><W>up</W><W>men</W><W>there</W><W>were</W><W>in</W><W>the</W><W>city</W><W>.</W></SENTENCE><SENTENCE><W>He</W><W>had</W><W>it</W><W>all</W><W>,</W><W>money</W><W>,</W><W>car</W><W>,</W><W>a</W><W>beautiful</W><W>wife</W><W>,</W><W>till</W><W>one</W><W>day</W><W>a</W><W>homeless</W><W>man</W><W>came</W><W>and</W><W>crashed</W><W>it</W><W>all</W><W>in</W><W>front</W><W>of</W><W>his</W><W>eyes</W><W>.</W></SENTENCE></P><P/><P><SENTENCE><W>It</W><W>goes</W><W>from</W><W>his</W><W>high</W><W>life</W><W>to</W><W>one</W><W>of</W><W>the</W><W>lower</W><W>society</W><W>where</W><W>he</W><W>becomes</W><W>a</W><W>street</W><W>lawyer</W><W>after</W><W>being</W><W>fired</W><W>from</W><W>his</W><W>job</W><W>at</W><W>the</W><W>large</W><W>firm</W><W>.</W></SENTENCE><SENTENCE><W>And</W><W>goes</W><W>from</W><W>there</W><W>into</W><W>a</W><W>suspensful</W><W>plot</W><W>and</W><W>great</W><W>writing</W><W>techniques</W><W>conjure</W><W>up</W><W>all</W><W>kinds</W><W>of</W><W>a</W><W>perfectly</W><W>attuned</W><W>story</W><W>.</W></SENTENCE><SENTENCE><W>This</W><W>writer</W><W>knows</W><W>his</W><W>business</W><W>,</W><W>he</W><cue ID="19" type="speculation"><W>can</W></cue><xcope ID="22"><ref ID="25" SRC="19"/><W>take</W><W>you</W><W>from</W><W>fear</W></xcope><W>,</W><W>to</W><W>trust</W><W>and</W><W>back</W><W>again</W><W>in</W><W>the</W><W>blink</W><W>of</W><W>an</W><W>eye</W><W>.</W></SENTENCE><SENTENCE><W>I</W><W>have</W><cue ID="20" type="negation"><W>never</W></cue><xcope ID="23"><ref ID="26" SRC="20"/><W>been</W><W>able</W><W>to</W><W>stay</W><W>in</W><W>a</W><W>book</W><W>so</W><W>long</W><W>since</W><W>the</W><W>Hardy</W><W>Boys</W></xcope><W>,</W><W>haha</W><W>!</W></SENTENCE><SENTENCE><W>If</W><W>you</W><W>&apos;re</W><W>up</W><W>for</W><W>a</W><W>good</W><W>read</W><W>that</W><W>will</W><W>have</W><W>you</W><W>constantly</W><W>wanting</W><W>more</W><W>and</W><W>getting</W><W>it</W><W>sooner</W><W>or</W><W>later</W><W>,</W><W>than</W><W>heres</W><W>your</W><W>author</W><W>and</W><W>heres</W><W>your</W><W>book</W><W>.</W></SENTENCE><SENTENCE><W>Go</W><W>grab</W><W>one</W><W>from</W><W>the</W><W>local</W><W>newstand</W><W>now</W><W>...you</W><W>will</W><cue ID="21" type="negation"><W>not</W></cue><xcope ID="24"><ref ID="27" SRC="21"/><W>be</W><W>un-satisfied</W></xcope><W>!</W></SENTENCE><SENTENCE><W>Tell</W><W>em</W><W>the</W><W>most</W><W>avid</W><W>John</W><W>Grisham</W><W>reader</W><W>in</W><W>the</W><W>USA</W><W>told</W><W>you</W><W>to</W><W>come</W><W>,</W><W>and</W><W>they</W><W>will</W><W>know</W><W>what</W><W>to</W><W>get</W><W>you</W><W>:</W></SENTENCE></P></DOCUMENT>