<?xml version="1.0" encoding="UTF-8"?>
<DOCUMENT><P></P><P><SENTENCE><W>Have</W><W>you</W><W>ever</W><W>distractedly</W><W>picked</W><W>up</W><W>a</W><W>paperback</W><W>at</W><W>random</W><W>at</W><W>a</W><W>railway</W><W>station</W><W>or</W><W>an</W><W>airport</W><W>with</W><W>the</W><W>intention</W><W>of</W><W>idling</W><W>away</W><W>some</W><W>hours</W><W>with</W><W>reading</W><cue ID="0" type="negation"><W>not</W></cue><xcope ID="2"><ref COMMENTS="" ID="4" SRC="0"></ref><W>even</W><W>certain</W><W>that</W><W>you</W><W>will</W><W>finish</W><W>the</W><W>book</W></xcope><W>?</W></SENTENCE><SENTENCE><W>Have</W><W>you</W><W>ever</W><W>been</W><W>brought</W><W>up</W><W>short</W><W>by</W><W>a</W><W>story</W><W>so</W><W>breathtaking</W><W>in</W><W>its</W><W>subject</W><W>,</W><W>scope</W><W>and</W><W>pace</W><W>that</W><W>you</W><cue ID="1" type="negation"><W>have</W><W>nt</W></cue><xcope ID="3"><ref COMMENTS="" ID="5" SRC="1"></ref><W>been</W><W>able</W><W>to</W><W>put</W><W>it</W><W>down</W></xcope><W>?</W></SENTENCE><SENTENCE><W>This</W><W>was</W><W>my</W><W>introduction</W><W>to</W><W>John</W><W>Cases</W><W>first</W><W>novel</W><W>.</W></SENTENCE></P><P></P><P><SENTENCE><W>The</W><W>priest</W><W>&#39;s</W><W>musing</W><W>was</W><W>interrupted</W><W>by</W><W>a</W><W>familiar</W><W>noise</W><W>from</W><W>the</W><W>other</W><W>side</W><W>of</W><W>the</W><W>partition--the</W><W>sound</W><W>of</W><W>a</W><W>curtain</W><W>pushed</W><W>aside</W><W>,</W><W>followed</W><W>by</W><W>the</W><W>grunt</W><W>of</W><W>an</W><W>old</W><W>man</W><W>sinking</W><W>to</W><W>his</W><W>knees</W><W>.</W></SENTENCE><SENTENCE><W>Father</W><W>Azetti</W><W>composed</W><W>himself</W><W>and</W><W>opened</W><W>the</W><W>grille</W><W>with</W><W>a</W><W>brush</W><W>of</W><W>his</W><W>hand</W><W>.</W></SENTENCE></P><P></P><P><SENTENCE><W>&#34;</W><W>Bless</W><W>me</W><W>,</W><W>Father</W><W>,</W><W>for</W><W>I</W><W>have</W><W>sinned</W><W>.</W><W>.</W></SENTENCE><SENTENCE><W>.</W><W>&#34;</W></SENTENCE></P><P></P><P><SENTENCE><W>The</W><W>priest</W><W>listened</W><W>,</W><W>and</W><W>the</W><W>word</W><W>burst</W><W>from</W><W>him</W><W>in</W><W>a</W><W>gasp</W><W>:</W><W>&#34;</W><W>What</W><W>!</W><W>?</W><W>&#34;</W></SENTENCE></P><P></P><P><SENTENCE><W>Dr.</W><W>Baresi</W><W>repeated</W><W>what</W><W>he</W><W>&#39;d</W><W>said</W><W>,</W><W>speaking</W><W>in</W><W>a</W><W>hushed</W><W>and</W><W>urgent</W><W>voice</W><W>.</W></SENTENCE><SENTENCE><W>And</W><W>then</W><W>he</W><W>began</W><W>to</W><W>elaborate</W><W>,</W><W>so</W><W>that</W><W>there</W><cue COMMENTS="" ID="6" type="speculation"><W>could</W></cue><xcope ID="7"><ref COMMENTS="" ID="8" SRC="6"></ref><W>be</W><W>no</W><W>mistake</W><W>about</W><W>what</W><W>was</W><W>being</W><W>said</W></xcope><W>.</W></SENTENCE><SENTENCE><W>Listening</W><W>to</W><W>the</W><W>terrible</W><W>and</W><W>persuasive</W><W>details</W><W>,</W><W>Father</W><W>Azetti</W><W>felt</W><W>his</W><W>heart</W><W>lurch</W><W>in</W><W>his</W><W>chest</W><W>.</W></SENTENCE><SENTENCE><W>What</W><W>the</W><W>man</W><W>had</W><W>done--what</W><W>he</W><W>&#39;d</W><W>committed--was</W><W>the</W><W>most</W><W>spectacular</W><W>sin</W><W>imaginable</W><W>,</W><W>a</W><W>sin</W><W>so</W><W>deep</W><W>and</W><W>terminal</W><W>that</W><W>heaven</W><W>itself</W><W>might</W><W>never</W><W>recover</W><W>from</W><W>it</W><W>.</W></SENTENCE><SENTENCE><W>Was</W><W>it</W><W>even</W><W>possible</W><W>?</W></SENTENCE><SENTENCE><W></W><W></W><W>CHAPTER</W><W>1</W></SENTENCE></P><P></P><P><SENTENCE><W>So</W><W>begins</W><W>The</W><W>Genesis</W><W>Code</W><W>.</W></SENTENCE><SENTENCE><W>It</W><W>is</W><W>a</W><W>fast</W><W>paced</W><W>,</W><W>edge</W><W>of</W><W>the</W><W>seat</W><W>thriller</W><W>.</W></SENTENCE><SENTENCE><W>The</W><W>plot</W><W>remains</W><W>well</W><W>hidden</W><W>through</W><W>innumerable</W><W>twists</W><W>and</W><W>turns</W><W>and</W><W>comes</W><W>to</W><W>a</W><W>stunning</W><W>and</W><W>unexpected</W><W>climax</W><W>.</W></SENTENCE><SENTENCE><W>I</W><W>was</W><W>very</W><W>close</W><W>to</W><W>the</W><W>final</W><W>chapters</W><W>before</W><W>I</W><W>realised</W><W>the</W><W>full</W><W>magnitude</W><W>of</W><W>the</W><W>scenario</W><W>that</W><W>was</W><W>being</W><W>presented</W><W>to</W><W>me</W><W>.</W></SENTENCE><SENTENCE><W>There</W><W>are</W><W>a</W><W>few</W><W>holes</W><W></W><W>in</W><W>the</W><W>plot</W><W>(</W><W>why</W><cue COMMENTS="" ID="9" type="negation"><W>does</W><W>nt</W></cue><xcope ID="24"><ref COMMENTS="" ID="25" SRC="9"></ref><W>the</W><W>baddy</W><W>just</W><W>shoot</W><W>the</W><W>goody</W><W>in</W><W>stead</W><W>of</W><W>talking</W><W>at</W><W>him</W><W>and</W><W>then</W><W>letting</W><W>him</W><W>escape</W></xcope><W>?</W><W>)</W><W>but</W><xcope ID="27"><ref COMMENTS="" ID="28" SRC="12"></ref><W>these</W></xcope><cue COMMENTS="" ID="12" type="speculation"><W>seem</W></cue><xcope ID="26"><ref COMMENTS="" ID="27" SRC="12"></ref><W>irrelevant</W><W>as</W><W>the</W><W>roller</W><W>coaster</W><W>ride</W><W>across</W><W>two</W><W>continents</W><W>charges</W><W>along</W></xcope><W>.</W></SENTENCE></P><P></P><P><SENTENCE><W>The</W><W>hero</W><W>,</W><W>Joe</W><W>Lassiter</W><W>,</W><W>is</W><W>the</W><W>head</W><W>of</W><W>an</W><W>investigative</W><W>agency</W><W>.</W></SENTENCE><SENTENCE><W>When</W><W>his</W><W>sister</W><W>and</W><W>nephew</W><W>die</W><W>in</W><W>a</W><W>house</W><W>blaze</W><W>he</W><W>joins</W><W>the</W><W>investigation</W><W>.</W></SENTENCE><SENTENCE><W>Over</W><W>the</W><W>next</W><W>437</W><W>pages</W><W>,</W><W>he</W><W>becomes</W><W>increasingly</W><W>ensnared</W><W>in</W><W>a</W><W>world</W><W>populated</W><W>with</W><W>assassins</W><W>,</W><W>medical</W><W>experimentation</W><W>,</W><W>secret</W><W>societies</W><W>,</W><W>arson</W><W>,</W><W>the</W><W>church</W><W>hierarchy</W><W>,</W><W>myth</W><W>and</W><W>mysticism</W><W>,</W><W>and</W><W>multiple</W><W>murder</W><W>.</W></SENTENCE></P><P></P><P><SENTENCE><W>John</W><W>Case</W><W>is</W><W>the</W><W>pseudonym</W><W>for</W><W>an</W><W>investigative</W><W>journalist</W><W>.</W></SENTENCE><SENTENCE><W>Much</W><W>of</W><W>the</W><W>background</W><W>content</W><W>has</W><W>been</W><W>explored</W><W>in</W><W>meticulous</W><W>detail</W><W>.</W></SENTENCE><SENTENCE><W>I</W><cue ID="29" type="speculation"><W>would</W></cue><xcope ID="32"><ref COMMENTS="" ID="34" SRC="29"></ref><cue ID="28" type="negation"><W>not</W></cue><xcope ID="31"><ref COMMENTS="" ID="33" SRC="28"></ref><W>wish</W><W>to</W><W>give</W><W>away</W><W>anymore</W><W>of</W><W>the</W><W>plot</W></xcope></xcope><W>but</W><W>regardless</W><W>of</W><W>your</W><W>beliefs</W><W>,</W><W>convictions</W><W>and</W><W>persuasions</W><W>,</W><W>this</W><W>is</W><W>one</W><W>book</W><W>that</W><W>will</W><W>challenge</W><W>them</W><W>all</W><W>.</W></SENTENCE></P><P></P><P><SENTENCE><W>I</W><cue COMMENTS="" ID="19" type="speculation"><W>would</W></cue><xcope ID="23"><ref COMMENTS="" ID="24" SRC="19"></ref><W>agree</W><W>with</W><W>the</W><W>quotes</W><W>of</W><W>the</W><W>cover</W><W>from</W><W>Norman</W><W>Mailer</W></xcope><W>(</W><W>[It</W><W>]</W><W>is</W><W>one</W><W>of</W><W>the</W><W>few</W><W>science-mysteries</W><W>I</W><W>have</W><W>read</W><W>that</W><W>is</W><W>impeccable</W><W>in</W><W>plot</W><W>,</W><W>immaculate</W><W>in</W><W>story</W><W>resolution</W><W>and</W><W>moves</W><W>with</W><W>high</W><W>skill</W><W>from</W><W>locale</W><W>to</W><W>locale</W><W>and</W><W>from</W><W>suspense</W><W>to</W><W>suspense</W><W>)</W><W>and</W><W>Stanley</W><W>Pottinger</W><W>(</W><W>A</W><W>week</W><W>after</W><W>I</W><W>finished</W><W>reading</W><W>it</W><W>,</W><W>I</W><W>still</W><W>woke</W><W>up</W><W>at</W><W>three</W><W>in</W><W>the</W><W>morning</W><W>wondering</W><W>:</W><W>What</W><W>If</W><W>?</W><W>)</W><W>.</W></SENTENCE><SENTENCE><W>I</W><W>completed</W><W>the</W><W>story</W><W>six</W><W>months</W><W>ago</W><W>and</W><W>I</W><W>too</W><W>still</W><W>wonder</W><W></W></SENTENCE></P><P></P><P><SENTENCE><W>This</W><W>is</W><W>the</W><W>best</W><W>book</W><W>I</W><W>have</W><W>read</W><W>for</W><W>many</W><W>a</W><W>year</W><W>.</W></SENTENCE></P></DOCUMENT>
