<?xml version="1.0" encoding="UTF-8"?>
<DOCUMENT><P></P><P><SENTENCE><W>I</W><W>read</W><W>this</W><W>book</W><W>and</W><W>I</W><cue ID="34" type="speculation"><W>think</W></cue><xcope ID="36"><ref COMMENTS="" ID="37" SRC="34"></ref><W>if</W><W>was</W><W>wonderful</W></xcope><W>.</W></SENTENCE><SENTENCE><W>I</W><cue ID="0" type="negation"><W>do</W><W>n&#39;t</W></cue><xcope ID="21"><ref COMMENTS="" ID="23" SRC="0"></ref><W>know</W><W>why</W><W>you</W><cue ID="1" type="speculation"><W>would</W><W>n&#39;t</W></cue><xcope ID="20"><ref COMMENTS="" ID="22" SRC="1"></ref><W>read</W><W>this</W></xcope></xcope><W>...</W></SENTENCE><SENTENCE><W>It</W><W>is</W><W>fantastic</W><W>.</W></SENTENCE><SENTENCE><W>This</W><W>storie</W><W>is</W><W>about</W><W>a</W><W>little</W><W>boy</W><W>from</W><W>the</W><W>mid-evil</W><W>times</W><W>.</W></SENTENCE><SENTENCE><W>He</W><W>witnesses</W><W>his</W><W>fathers</W><W>murder</W><W>.</W></SENTENCE><SENTENCE><W>The</W><W>way</W><W>Stephen</W><W>King</W><W>writes</W><W>this</W><W>book</W><W>,</W><W>is</W><W>just</W><W>fantastic</W><W>.</W></SENTENCE><SENTENCE><W>It</W><W>is</W><W>like</W><W>you</W><W>are</W><W>really</W><W>there</W><W>.</W></SENTENCE><SENTENCE><W>I</W><W>started</W><W>to</W><W>read</W><W>this</W><W>book</W><W>,</W><W>I</W><cue ID="2" type="negation"><W>could</W><W>n&#39;t</W></cue><xcope ID="9"><ref ID="15" SRC="2"></ref><W>put</W><W>it</W><W>down</W></xcope><W>.</W></SENTENCE><SENTENCE><cue ID="38" type="negation"><W>Not</W></cue><xcope ID="44"><ref COMMENTS="" ID="45" SRC="38"></ref><W>unless</W><W>I</W><W>had</W><W>to</W><xcope ID="41"><ref COMMENTS="" ID="43" SRC="39"></ref><W>go</W><W>to</W><W>school</W></xcope><cue ID="39" type="speculation"><W>or</W></cue><xcope ID="40"><ref COMMENTS="" ID="42" SRC="39"></ref><W>to</W><W>bed</W></xcope></xcope><W>.</W></SENTENCE><SENTENCE><W>I</W><W>recommend</W><W>this</W><W>book</W><W>to</W><W>many</W><W>people</W><W>and</W><W>I</W><cue ID="46" type="speculation"><W>think</W></cue><xcope ID="49"><ref COMMENTS="" ID="51" SRC="46"></ref><W>that</W><cue ID="47" type="speculation"><W>if</W></cue><xcope ID="48"><ref COMMENTS="" ID="50" SRC="47"></ref><W>you</W><W>are</W><W>reading</W><W>this</W><W>you</W><cue ID="3" type="speculation"><W>should</W></cue><xcope ID="10"><ref ID="16" SRC="3"></ref><W>go</W><W>out</W><W>and</W><W>buy</W><W>it</W><W>.</W></xcope></xcope></xcope></SENTENCE><SENTENCE><W>I</W><W>was</W><W>told</W><W>to</W><W>read</W><W>this</W><W>book</W><W>by</W><W>my</W><W>mother</W><W>and</W><W>as</W><W>soon</W><W>as</W><W>I</W><W>started</W><W>it</W><W>I</W><W>just</W><cue ID="4" type="negation"><W>could</W><W>n&#39;t</W></cue><xcope ID="19"><ref ID="20" SRC="4"></ref><W>stop</W><W>reading</W><W>it</W><W>.</W></xcope></SENTENCE><SENTENCE><cue ID="24" type="speculation"><W>If</W></cue><xcope ID="27"><ref COMMENTS="" ID="29" SRC="24"></ref><W>I</W><cue ID="25" type="speculation"><W>could</W></cue><xcope ID="26"><ref COMMENTS="" ID="28" SRC="25"></ref><W>read</W><W>this</W><W>book</W><W>again</W><W>I</W><cue ID="5" type="speculation"><W>would</W></cue><xcope ID="11"><ref ID="17" SRC="5"></ref><W>read</W><W>it</W><W>.</W></xcope></xcope></xcope></SENTENCE><SENTENCE><W>I</W><cue ID="52" type="speculation"><W>hope</W></cue><xcope ID="53"><ref COMMENTS="" ID="54" SRC="52"></ref><W>you</W><W>go</W><W>out</W><W>and</W><W>get</W><W>the</W><W>book</W></xcope><W>....</W><W>it</W><W>is</W><W>fantastic</W><W>.</W></SENTENCE><SENTENCE><W>I</W><cue ID="30" type="speculation"><W>think</W></cue><xcope ID="55"><ref COMMENTS="" ID="56" SRC="30"></ref><W>I</W><W>said</W><W>that</W></xcope><W>but</W><W>I</W><W>just</W><cue ID="31" type="speculation"><W>thought</W></cue><xcope ID="32"><ref COMMENTS="" ID="34" SRC="31"></ref><W>that</W><W>you</W><cue ID="6" type="speculation"><W>should</W></cue><xcope ID="12"><ref ID="18" SRC="6"></ref><W>know</W><W>that</W><W>it</W><W>is</W><W>fantastic</W></xcope></xcope></SENTENCE></P></DOCUMENT>
