<?xml version="1.0" encoding="UTF-8"?>
<DOCUMENT><P></P><P><SENTENCE><W>You</W><cue ID="0" type="negation"><W>wont</W></cue><xcope ID="53"><ref COMMENTS="" ID="54" SRC="0"></ref><xcope ID="3"><ref ID="10" SRC="4"></ref><W>find</W><W>any</W><W>lawyers</W></xcope><cue ID="4" type="speculation"><W>or</W></cue><xcope ID="5"><ref ID="11" SRC="4"></ref><W>courtrooms</W></xcope><W>in</W><W>John</W><W>Grishams</W><W>newest</W><W>novel</W></xcope><W>,</W><W>A</W><W>Painted</W><W>House</W><W>.</W></SENTENCE><SENTENCE><cue ID="1" type="negation"><W>No</W></cue><xcope ID="6"><ref ID="12" SRC="1"></ref><W>sireebob</W></xcope><W>,</W><W>this</W><W>is</W><W>a</W><xcope ID="8"><ref ID="13" SRC="2"></ref><W>horse</W></xcope><cue ID="2" type="speculation"><W>(or</W></cue><W>,</W><xcope ID="7"><ref ID="14" SRC="2"></ref><W>house</W></xcope><W>)</W><W>of</W><W>a</W><W>different</W><W>color</W><W>.</W></SENTENCE></P><P></P><P><SENTENCE><W>It</W><cue ID="15" type="speculation"><W>seems</W></cue><xcope ID="18"><ref ID="21" SRC="15"></ref><W>the</W><W>attorney-turned-publishing</W><W>commodity</W><W>has</W><W>reached</W><W>the</W><W>point</W><W>in</W><W>his</W><W>career</W><W>where</W><W>the</W><W>annual</W><W>publication</W><W>of</W><W>an</W><W>automatically-bestselling</W><W>legal</W><W>thriller</W><W>is</W></xcope><W>,</W><cue ID="17" type="speculation"><W>perhaps</W></cue><W>,</W><xcope ID="19"><ref ID="22" SRC="15"></ref><W>getting</W><W>a</W><W>bit</W><W>old-hat</W></xcope><W>.</W></SENTENCE><SENTENCE><W>What</W><W>we</W><W>need</W><W>here</W><W>,</W><W>folks</W><W>,</W><W>is</W><W>something</W><W>completely</W><W>different</W><W>to</W><W>revive</W><W>routine</W><W>bloodsomething</W><W>like</W><W>,</W><W>oh</W><W>I</W><W>dunno</W><W>,</W><W>a</W><W>coming-of-age</W><W>tale</W><W>told</W><W>by</W><W>the</W><W>seven-year-old</W><W>son</W><W>of</W><W>an</W><W>Arkansas</W><W>cotton</W><W>farmer</W><W>;</W><W>something</W><cue ID="23" type="negation"><W>without</W></cue><xcope ID="24"><ref ID="25" SRC="23"></ref><W>legal</W><W>eagles</W></xcope><W>;</W><W>something</W><W>with</W><W>only</W><W>sporadic</W><W>thrills</W><W>;</W><W>something</W><W>to</W><W>show</W><W>the</W><W>world</W><W>that</W><W>even</W><W>though</W><W>Grisham</W><W>writes</W><W>airplane-ride</W><W>fiction</W><W>,</W><W>he</W><W>secretly</W><W>pines</W><W>to</W><W>be</W><W>accepted</W><W>as</W><W>a</W><W>serious</W><W>literary</W><W>author</W><W>.</W></SENTENCE></P><P></P><P><SENTENCE><W>Its</W><W>a</W><W>risky</W><W>move</W><W>.</W></SENTENCE><SENTENCE><W>Most</W><W>members</W><W>of</W><W>the</W><W>Rocket-Propelled</W><W>Bestsellers</W><W>Club</W><W>(</W><W>Tom</W><W>Clancy</W><W>,</W><W>Stephen</W><W>King</W><W>,</W><W>Sue</W><W>Grafton</W><W>,</W><W>et</W><W>al</W><W>)</W><W>rarely</W><W>stray</W><W>far</W><W>from</W><W>the</W><W>well-cropped</W><W>pastures</W><W>of</W><W>their</W><W>established</W><W>genres</W><W>.</W></SENTENCE><SENTENCE><W>Even</W><W>when</W><W>King</W><W>goes</W><W>legit</W><W>(</W><W>Different</W><W>Seasons</W><W>,</W><W>Hearts</W><W>in</W><W>Atlantis</W><W>)</W><W>,</W><W>there</W><W>remain</W><W>shades</W><W>of</W><W>darkness</W><W>and</W><W>monsters</W><W>.</W></SENTENCE><SENTENCE><W>So</W><W>,</W><W>you</W><W>ve</W><W>got</W><W>to</W><W>admire</W><W>a</W><W>fellow</W><W>like</W><W>Grisham</W><W>who</W><W>tosses</W><W>the</W><W>dice</W><W>with</W><W>a</W><W>book</W><W>like</W><W>A</W><W>Painted</W><W>House</W><W>.</W></SENTENCE><SENTENCE><W>Will</W><W>he</W><W>disappoint</W><W>long-time</W><W>fans</W><W>expecting</W><W>more</W><W>Southern-fried</W><W>justice</W><W>?</W></SENTENCE><SENTENCE><W>Will</W><W>he</W><W>recruit</W><W>readers</W><W>who</W><cue ID="26" type="negation"><W>would</W><W>nt</W></cue><xcope ID="55"><ref COMMENTS="" ID="56" SRC="26"></ref><W>ordinarily</W><W>pick</W><W>up</W><W>a</W><W>paperback</W><W>where</W><W>the</W><W>words</W><W>#</W><W>1</W><W>Bestseller</W><W></W><W>dominate</W><W>half</W><W>the</W><W>front</W><W>cover</W></xcope><W>?</W></SENTENCE><SENTENCE><W>Will</W><W>Clancy</W><W>decide</W><W>to</W><W>jump</W><W>in</W><W>the</W><W>fray</W><W>by</W><W>writing</W><W>a</W><W>bodice-ripping</W><W>romance</W><W>?</W></SENTENCE></P><P></P><P><SENTENCE><W>Only</W><W>time</W><W>(</W><W>and</W><W>a</W><W>blitz</W><W>of</W><W>hype</W><W>from</W><W>Grishams</W><W>publisher</W><W>)</W><W>will</W><W>tell</W><W>.</W></SENTENCE></P><P></P><P><SENTENCE><W>I</W><cue ID="29" type="speculation"><W>should</W></cue><xcope ID="57"><ref COMMENTS="" ID="58" SRC="29"></ref><W>mention</W><W>that</W><W>Ive</W><cue ID="33" type="negation"><W>never</W></cue><xcope ID="35"><ref ID="38" SRC="33"></ref><W>read</W><W>any</W><W>of</W><W>Mr.</W><W>Grishams</W><W>other</W><W>books</W></xcope><W>(</W><cue ID="30" type="negation"><W>not</W></cue><xcope ID="36"><ref ID="39" SRC="30"></ref><W>even</W><W>on</W><W>long</W><W>airplane</W><W>trips</W></xcope></xcope><W>)</W><W>.</W></SENTENCE><SENTENCE><W>Im</W><W>only</W><W>familiar</W><W>with</W><W>his</W><W>works</W><W>by</W><W>way</W><W>of</W><W>Hollywood</W><W>(</W><W>ranging</W><W>from</W><W>the</W><W>horrid</W><W>A</W><W>Time</W><W>to</W><W>Kill</W><W>to</W><W>the</W><W>excellent</W><W>The</W><W>Rainmaker</W><W>)</W><W>.</W></SENTENCE><SENTENCE><W>So</W><W>,</W><W>while</W><W>I</W><cue ID="59" type="negation"><W>cant</W></cue><xcope ID="60"><ref COMMENTS="" ID="61" SRC="59"></ref><W>tell</W><W>you</W><W>how</W><W>A</W><W>Painted</W><W>House</W><W>compares</W><W>to</W><W>The</W><W>Brethren</W></xcope><W>,</W><W>Im</W><W>happy</W><W>to</W><W>report</W><W>it</W><W>s</W><W>a</W><W>cotton-pickin</W><W>good</W><W>read</W><W>on</W><W>its</W><W>own</W><W>merits</W><W>.</W></SENTENCE><SENTENCE><W>It</W><W>will</W><cue ID="32" type="negation"><W>never</W></cue><xcope ID="62"><ref COMMENTS="" ID="63" SRC="32"></ref><W>reach</W><W>solid</W><W>gold</W><W>classic</W><W>status</W><W>like</W><W>Harper</W><W>Lees</W><W>To</W><W>Kill</W><W>a</W><W>Mockingbird</W></xcope><W>,</W><W>but</W><W>it</W><W>does</W><W>bring</W><W>to</W><W>life</W><W>a</W><W>time</W><W>,</W><W>a</W><W>place</W><W>and</W><W>a</W><W>set</W><W>of</W><W>characters</W><W>who</W><W>burn</W><W>bright</W><W>in</W><W>your</W><W>mindat</W><W>least</W><W>until</W><W>you</W><W>turn</W><W>the</W><W>final</W><W>page</W><W>and</W><W>move</W><W>on</W><W>to</W><W>the</W><W>next</W><W>book</W><W>waiting</W><W>patiently</W><W>on</W><W>your</W><W>bedside</W><W>table</W><W>.</W></SENTENCE></P><P></P><P><SENTENCE><W>A</W><W>Painted</W><W>House</W><W>is</W><W>the</W><W>story</W><W>of</W><W>a</W><W>single</W><W>harvesting</W><W>season</W><W>in</W><W>the</W><W>autumn</W><W>of</W><W>1952</W><W>when</W><W>the</W><W>Cardinals</W><W>are</W><W>trailing</W><W>the</W><W>Dodgers</W><W>by</W><W>five</W><W>games</W><W>(</W><W>baseball</W><W>,</W><W>that</W><W>easy</W><W>nostalgia</W><W>tool</W><W>of</W><W>writers</W><W>,</W><W>figures</W><W>prominently</W><W>)</W><W>.</W></SENTENCE><SENTENCE><W>The</W><W>narrator</W><W>is</W><W>pint-sized</W><W>Luke</W><W>Chandler</W><W>,</W><W>the</W><W>only</W><W>son</W><W>of</W><W>Jesse</W><W>and</W><W>Kathleen</W><W>and</W><W>grandson</W><W>to</W><W>Pappy</W><W>and</W><W>Gran</W><W>.</W></SENTENCE><SENTENCE><W>One</W><W>other</W><W>significant</W><W>family</W><W>member</W><W>,</W><W>Lukes</W><W>Uncle</W><W>Ricky</W><W>,</W><W>is</W><W>away</W><W>on</W><W>the</W><W>front</W><W>lines</W><W>of</W><W>the</W><W>Korean</W><W>Wara</W><W>constant</W><W>fret-and-worry</W><W>for</W><W>the</W><W>whole</W><W>family</W><W>.</W></SENTENCE><SENTENCE><W>Theyre</W><W>a</W><W>close</W><W>,</W><W>patriarchal</W><W>family</W><W>who</W><W>enjoy</W><W>the</W><W>rewards</W><W>of</W><W>hard</W><W>work</W><W>followed</W><W>by</W><W>Sunday</W><W>dinners</W><W>and</W><W>listening</W><W>to</W><W>Harry</W><W>Caray</W><W>announce</W><W>ball</W><W>games</W><W>on</W><W>nighttime</W><W>radio</W><W>.</W></SENTENCE></P><P></P><P><SENTENCE><W>From</W><W>the</W><W>start</W><W>,</W><W>I</W><W>realized</W><W>A</W><W>Painted</W><W>House</W><W>has</W><W>the</W><W>down-home</W><W>goodness</W><W>of</W><W>The</W><W>Waltons</W><W>and</W><W>contains</W><W>as</W><W>many</W><W>of</W><W>that</W><W>shows</W><W>gentle</W><W>pleasures</W><W>.</W></SENTENCE><SENTENCE><W>It</W><W>also</W><W>has</W><W>a</W><W>fair</W><W>share</W><W>of</W><W>flat-footed</W><W>prose</W><W>and</W><W>corny</W><W>sentiment</W><W>.</W></SENTENCE><SENTENCE><W>The</W><W>characters</W><W>have</W><W>the</W><W>depth</W><W>of</W><W>an</W><W>RC</W><W>Cola</W><W>bottle</W><W>(</W><W>half-drunk</W><W>,</W><W>no</W><W>less</W><W>)</W><W>and</W><W>they</W><W>move</W><W>in</W><W>ways</W><W>weve</W><W>all</W><W>seen</W><W>before</W><W>.</W></SENTENCE><SENTENCE><W>But</W><W>yet</W><W>,</W><W>gosh</W><W>durn</W><W>it</W><W>,</W><W>I</W><W>found</W><W>myself</W><W>getting</W><W>caught</W><W>up</W><W>in</W><W>their</W><W>simple</W><W>life</W><W>and</W><W>its</W><W>many</W><W>predicaments</W><W>.</W></SENTENCE></P><P></P><P><SENTENCE><W>The</W><W>story</W><W>opens</W><W>as</W><W>Pappy</W><W>hires</W><W>migrant</W><W>workersMexicans</W><W>and</W><W>hill</W><W>peopleto</W><W>pick</W><W>the</W><W>crop</W><W>on</W><W>the</W><W>struggling</W><W>farm</W><W>.</W></SENTENCE><SENTENCE><cue ID="44" type="negation"><W>No</W></cue><xcope ID="45"><ref ID="46" SRC="44"></ref><W>single</W><W>event</W><W>defines</W><W>the</W><W>plot</W></xcope><W>.</W></SENTENCE><SENTENCE><W>Instead</W><W>,</W><W>A</W><W>Painted</W><W>House</W><W>has</W><W>many</W><W>rooms</W><W>,</W><W>a</W><W>series</W><W>of</W><W>life</W><W>bookmarks</W><W></W><W>for</W><W>young</W><W>Luke</W><W>.</W></SENTENCE><SENTENCE><W>The</W><W>episodic</W><W>nature</W><W>of</W><W>the</W><W>novel</W><W>is</W><W>due</W><W>to</W><W>the</W><W>fact</W><W>it</W><W>was</W><W>first</W><W>serialized</W><W>in</W><W>Oxford</W><W>American</W><W>,</W><W>the</W><W>bi-monthly</W><W>magazine</W><W>the</W><W>author</W><W>publishes</W><W>.</W></SENTENCE><SENTENCE><W>In</W><W>the</W><W>space</W><W>of</W><W>six</W><W>weeks</W><W>and</W><W>400</W><W>pages</W><W>,</W><W>Luke</W><W>witnesses</W><W>two</W><W>murders</W><W>,</W><W>a</W><W>childbirth</W><W>,</W><W>a</W><W>tornado</W><W>,</W><W>a</W><W>flood</W><W>,</W><W>his</W><W>first</W><W>nekkid</W><W>girl</W><W>and</W><W>his</W><W>first</W><W>televised</W><W>baseball</W><W>game</W><W>.</W></SENTENCE></P><P></P><P><SENTENCE><W>Land</W><W>sakes</W><W>!</W></SENTENCE><SENTENCE><W>At</W><W>thirty-seven</W><W>,</W><W>I</W><W>realize</W><W>Ive</W><W>led</W><W>a</W><W>pretty</W><W>dull</W><W>life</W><W>by</W><W>comparison</W><W>.</W></SENTENCE></P><P></P><P><SENTENCE><W>Grisham</W><W>does</W><W>cram</W><W>a</W><W>lot</W><W>of</W><W>coming-of-age-isms</W><W></W><W>into</W><W>this</W><W>young</W><W>boys</W><W>life</W><W>and</W><W>the</W><W>tone</W><W>occasionally</W><W>adopts</W><W>a</W><W>too-sophisticated</W><W>veneer</W><W>,</W><W>but</W><W>it</W><W>s</W><W>all</W><W>in</W><W>the</W><W>name</W><W>of</W><W>easy-to-read</W><W>fiction</W><W>.</W></SENTENCE><SENTENCE><cue ID="47" type="negation"><W>Dont</W></cue><xcope ID="50"><ref ID="53" SRC="47"></ref><W>come</W><W>expecting</W><W>Great</W><W>Literature</W></xcope><W>on</W><W>the</W><W>order</W><W>of</W><W>that</W><W>other</W><W></W><W>Oxford</W><W>,</W><W>Mississippi</W><W>scribe</W><W>,</W><W>William</W><W>Faulkner</W><W>,</W><W>and</W><W>you</W><cue ID="48" type="negation"><W>wont</W></cue><xcope ID="51"><ref ID="54" SRC="48"></ref><W>be</W><W>disappointed</W></xcope><W>.</W></SENTENCE><SENTENCE><W>On</W><W>the</W><W>other</W><W>hand</W><W>,</W><W>if</W><W>youre</W><W>thinking</W><W>this</W><W>is</W><W>going</W><W>to</W><W>be</W><W>just</W><W>another</W><W>annual</W><W>Grisham</W><W>event</W><W>,</W><W>you</W><cue ID="49" type="speculation"><W>might</W></cue><xcope ID="52"><ref ID="55" SRC="49"></ref><W>be</W><W>pleasantly</W><W>surprisedkind</W><W>of</W><W>like</W><W>how</W><W>you</W><W>felt</W><W>that</W><W>moment</W><W>you</W><W>saw</W><W>your</W><W>first</W><W>nekkid</W><W>girl</W></xcope><W>.</W></SENTENCE></P></DOCUMENT>
