<?xml version="1.0" encoding="UTF-8"?>
<DOCUMENT><P></P><P><SENTENCE><W>Although</W><W>I</W><W>purchased</W><W>The</W><W>Da</W><W>Vinci</W><W>Code</W><W>by</W><W>Dan</W><W>Brown</W><W>almost</W><W>two</W><W>months</W><W>ago</W><W>,</W><W>I</W><W>just</W><W>got</W><W>around</W><W>to</W><W>reading</W><W>it</W><W>last</W><W>week</W><W>.</W></SENTENCE><SENTENCE><W>I</W><cue COMMENTS="" ID="0" type="speculation"><W>would</W></cue><xcope COMMENTS="" ID="1"><ref COMMENTS="" ID="2" SRC="0"></ref><W>have</W><W>liked</W><W>to</W><W>have</W><W>read</W><W>it</W><W>sooner</W></xcope><W>,</W><W>but</W><W>unfortunately</W><W>I</W><W>had</W><W>&#34;prior</W><W>commitments</W><W>&#34;</W><W>ranging</W><W>from</W><W>work-related</W><W>projects</W><W>to</W><W>Harry</W><W>Potter</W><W>.</W></SENTENCE></P><P></P><P><SENTENCE><W>I</W><W>became</W><W>interested</W><W>in</W><W>the</W><W>book</W><W>after</W><W>reading</W><W>the</W><W>book</W><W>flap</W><W>which</W><W>made</W><xcope ID="66"><ref COMMENTS="" ID="67" SRC="3"></ref><W>the</W><W>plot</W></xcope><cue COMMENTS="" ID="3" type="speculation"><W>seem</W></cue><xcope COMMENTS="" ID="5"><ref COMMENTS="" ID="7" SRC="3"></ref><W>like</W><W>it</W><W>was</W><W>about</W><W>the</W><W>exploits</W><W>of</W><W>this</W><W>secret</W><W>club</W></xcope><W>made</W><W>up</W><W>of</W><W>the</W><W>intellectual</W><W>heavyweights</W><W>from</W><W>the</W><W>last</W><W>five</W><W>hundred</W><W>years</W><W>.</W></SENTENCE><SENTENCE><W>While</W><W>my</W><W>initial</W><W>assessment</W><W>was</W><cue COMMENTS="" ID="4" type="negation"><W>not</W></cue><xcope COMMENTS="" ID="6"><ref COMMENTS="" ID="8" SRC="4"></ref><W>totally</W><W>off</W></xcope><W>,</W><W>I</W><W>was</W><W>both</W><W>surprised</W><W>and</W><W>pleased</W><W>to</W><W>find</W><W>out</W><W>what</W><W>the</W><W>book</W><W>was</W><W>actually</W><W>about</W><W>.</W></SENTENCE></P><P></P><P><SENTENCE><W>The</W><W>book</W><W>contained</W><W>so</W><W>many</W><W>plot</W><W>twists</W><W>and</W><W>spoilers</W><W>,</W><W>but</W><W>I</W><W>will</W><W>try</W><W>my</W><W>best</W><cue COMMENTS="" ID="9" type="negation"><W>not</W></cue><xcope COMMENTS="" ID="13"><ref COMMENTS="" ID="17" SRC="9"></ref><W>to</W><W>ruin</W><W>anything</W></xcope><W>.</W></SENTENCE><SENTENCE><W>The</W><W>plot</W><W>centers</W><W>around</W><W>Robert</W><W>Langdon</W><W>,</W><W>a</W><W>professor</W><W>of</W><W>symbology</W><W>at</W><W>Harvard</W><W>who</W><W>is</W><W>in</W><W>Paris</W><W>to</W><W>deliver</W><W>a</W><W>lecture</W><W>.</W></SENTENCE><SENTENCE><W>As</W><W>the</W><W>story</W><W>begins</W><W>,</W><W>Langdon</W><W>is</W><W>summoned</W><W>to</W><W>the</W><W>Louvre</W><W>during</W><W>the</W><W>dead</W><W>of</W><W>night</W><W>to</W><W>see</W><W>a</W><W>rather</W><W>peculiar</W><W>sight</W><W>.</W></SENTENCE><SENTENCE><W>One</W><W>of</W><W>the</W><W>curators</W><W>,</W><W>Jacques</W><W>Saunière</W><W>,</W><W>has</W><W>been</W><W>found</W><W>murdered</W><W>;</W><cue COMMENTS="" ID="10" type="negation"><W>not</W></cue><xcope COMMENTS="" ID="14"><ref COMMENTS="" ID="18" SRC="10"></ref><W>only</W><W>has</W><W>he</W><W>been</W><W>found</W><W>dead</W></xcope><W>,</W><W>but</W><W>the</W><W>manner</W><W>in</W><W>which</W><W>he</W><W>was</W><W>found</W><W>is</W><W>also</W><W>peculiar</W><W>.</W></SENTENCE><SENTENCE><W>Immediately</W><W>,</W><W>Langdon</W><W>must</W><W>evaluate</W><W>his</W><W>role</W><W>in</W><W>the</W><W>murder</W><W>because</W><W>it</W><W>quickly</W><W>becomes</W><W>apparent</W><W>that</W><W>Saunière</W><W>left</W><W>behind</W><W>clues</W><W>to</W><W>help</W><W>Langdon</W><W>.</W></SENTENCE><SENTENCE><W>Langdon</W><W>is</W><W>aided</W><W>in</W><W>his</W><W>quest</W><W>by</W><W>Sophie</W><W>Neveu</W><W>,</W><W>a</W><W>young</W><W>cryptologist</W><W>who</W><W>has</W><W>an</W><W>interesting</W><W>connection</W><W>to</W><W>the</W><W>case</W><W>.</W></SENTENCE><SENTENCE><W>You</W><cue COMMENTS="" ID="11" type="speculation"><W>might</W></cue><xcope COMMENTS="" ID="15"><ref COMMENTS="" ID="19" SRC="11"></ref><W>be</W><W>wondering</W><W>what</W><W>this</W><W>&#34;quest</W><W>&#34;</W><W>entails</W></xcope><W>and</W><W>you</W><W>might</W><W>be</W><W>surprised</W><W>to</W><W>find</W><W>that</W><W>Langdon</W><W>and</W><W>Neveu</W><W>are</W><cue COMMENTS="" ID="12" type="negation"><W>not</W></cue><xcope COMMENTS="" ID="16"><ref COMMENTS="" ID="20" SRC="12"></ref><W>out</W><W>to</W><W>find</W></xcope></SENTENCE></P><P></P><P><SENTENCE><W>Saunière</W><W>&#39;s</W><W>murderer</W><W>.</W></SENTENCE><SENTENCE><W>As</W><W>it</W><W>turns</W><W>out</W><W>,</W><W>that</W><W>is</W><W>the</W><W>least</W><W>of</W><W>their</W><W>problems</W><W>.</W></SENTENCE><SENTENCE><W>Instead</W><W>,</W><W>Langdon</W><W>and</W><W>Neveu</W><cue COMMENTS="" ID="21" type="speculation"><W>must</W></cue><xcope COMMENTS="" ID="26"><ref COMMENTS="" ID="30" SRC="21"></ref><W>follow</W><W>the</W><W>clues</W><W>that</W><W>Saunière</W><W>left</W><W>before</W><W>he</W><W>died</W></xcope><W>and</W><W>embark</W><W>on</W><W>what</W><cue COMMENTS="" ID="22" type="speculation"><W>can</W></cue><xcope COMMENTS="" ID="25"><ref COMMENTS="" ID="29" SRC="22"></ref><W>be</W><W>best</W><W>described</W><W>as</W><W>a</W><W>scavenger</W><W>hunt</W></xcope><W>.</W></SENTENCE><SENTENCE><W>Their</W><W>work</W><W>is</W><W>complicated</W><W>by</W><W>the</W><W>fact</W><W>that</W><W>they</W><W>have</W><W>the</W><W>police</W><W>chasing</W><W>them</W><W>and</W><W>they</W><W>are</W><W>racing</W><W>against</W><W>Saunière</W><W>&#39;s</W><W>murderer</W><W>,</W><W>an</W><W>albino</W><W>monk</W><W>named</W><W>Silas</W><W>,</W><W>a</W><W>member</W><W>of</W><W>Opus</W><W>Dei</W><W>(</W><W>which</W><W>is</W><W>a</W><W>prelature</W><W>of</W><W>the</W><W>Catholic</W><W>Church</W><W>)</W><W>who</W><W>has</W><W>been</W><W>sent</W><W>to</W><W>recover</W><W>the</W><W>same</W><W>thing</W><W>that</W><W>Saunière</W><W>was</W><W>trying</W><W>to</W><W>protect</W><W>.</W></SENTENCE><SENTENCE><W>It</W><cue COMMENTS="" ID="23" type="speculation"><W>seems</W></cue><xcope COMMENTS="" ID="27"><ref COMMENTS="" ID="31" SRC="23"></ref><W>that</W><W>Saunière</W><W>was</W><W>a</W><W>member</W><W>of</W><W>the</W><W>Priory</W><W>of</W><W>Sion</W></xcope><W>and</W><W>it</W><W>is</W><W>up</W><W>to</W><W>Langdon</W><W>and</W><W>Neveu</W><W>to</W><W>find</W><W>whatever</W><W>it</W><W>is</W><W>the</W><W>Priory</W><W>is</W><W>hiding</W><W>before</W><W>Silas</W><W>does</W><W>.</W></SENTENCE><SENTENCE><W>They</W><W>will</W><W>have</W><W>to</W><W>use</W><W>their</W><W>skills</W><W>to</W><W>follow</W><W>the</W><W>clues</W><W>that</W><W>have</W><W>been</W><W>left</W><W>for</W><W>them</W><W>and</W><W>look</W><W>for</W><W>help</W><W>from</W><W>the</W><W>few</W><W>they</W><cue COMMENTS="" ID="24" type="speculation"><W>can</W></cue><xcope COMMENTS="" ID="28"><ref COMMENTS="" ID="32" SRC="24"></ref><W>trust</W><W>in</W><W>a</W><W>crazy</W><W>race</W><W>against</W><W>a</W><W>mad</W><W>monk</W></xcope><W>.</W></SENTENCE></P><P></P><P><SENTENCE><W>If</W><W>the</W><W>plot</W><W>sounds</W><W>complicated</W><W>,</W><W>I</W><cue COMMENTS="" ID="33" type="speculation"><W>can</W></cue><xcope COMMENTS="" ID="41"><ref COMMENTS="" ID="48" SRC="33"></ref><W>assure</W><W>you</W><W>that</W><W>it</W><W>is</W></xcope><W>.</W></SENTENCE><SENTENCE><W>However</W><W>,</W><W>one</W><cue COMMENTS="" ID="34" type="speculation"><W>must</W></cue><xcope COMMENTS="" ID="42"><ref COMMENTS="" ID="49" SRC="34"></ref><W>keep</W><W>in</W><W>mind</W><W>that</W><W>I</W><W>just</W><W>summarized</W><W>a</W><W>450</W><W>page</W><W>book</W><W>in</W><W>one</W><W>paragraph</W></xcope><W>.</W></SENTENCE><SENTENCE><W>The</W><W>reader</W><W>starts</W><W>out</W><W>not</W><W>knowing</W><W>anything</W><W>and</W><W>slowly</W><W>,</W><W>over</W><W>the</W><W>course</W><W>of</W><W>the</W><W>book</W><W>,</W><W>more</W><W>and</W><W>more</W><W>is</W><W>revealed</W><W>.</W></SENTENCE><SENTENCE><W>As</W><W>the</W><W>story</W><W>progresses</W><W>,</W><W>it</W><W>forks</W><W>off</W><W>into</W><W>three</W><W>distinct</W><W>storylines</W><W>.</W></SENTENCE><SENTENCE><W>The</W><W>first</W><W>follows</W><W>the</W><W>perspective</W><W>Langdon</W><W>and</W><W>Neveu</W><W>on</W><W>their</W><W>quest</W><W>,</W><W>the</W><W>second</W><W>follows</W><W>Silas</W><W>the</W><W>albino</W><W>monk</W><W>and</W><W>the</W><W>third</W><W>follows</W><W>Bishop</W><W>Aringarosa</W><W>,</W><W>an</W><W>Opus</W><W>Dei</W><W>bishop</W><W>who</W><W>is</W><W>traveling</W><W>to</W><W>the</W><W>Vatican</W><W>and</W><W>seems</W><W>to</W><W>be</W><W>giving</W><W>Silas</W><W>his</W><W>orders</W><W>.</W></SENTENCE><SENTENCE><W>I</W><W>found</W><W>it</W><W>a</W><W>little</W><W>frustrating</W><W>to</W><W>have</W><W>these</W><W>three</W><W>storylines</W><W>-</W><W>every</W><W>time</W><W>something</W><W>good</W><W>was</W><W>about</W><W>to</W><W>happen</W><W>with</W><W>one</W><W>storyline</W><W>,</W><W>the</W><W>chapter</W><cue COMMENTS="" ID="36" type="speculation"><W>would</W></cue><xcope COMMENTS="" ID="43"><ref COMMENTS="" ID="50" SRC="36"></ref><W>end</W><W>and</W><W>the</W><W>perspective</W></xcope><cue COMMENTS="" ID="35" type="speculation"><W>would</W></cue><xcope COMMENTS="" ID="44"><ref COMMENTS="" ID="51" SRC="35"></ref><W>switch</W></xcope><W>.</W></SENTENCE><SENTENCE><W>This</W><cue COMMENTS="" ID="37" type="negation"><W>did</W><W>n&#39;t</W></cue><xcope COMMENTS="" ID="45"><ref COMMENTS="" ID="52" SRC="37"></ref><W>make</W><W>me</W><W>like</W><W>the</W><W>story</W><W>any</W><W>less</W></xcope><cue COMMENTS="" ID="39" type="negation"><W>nor</W></cue><xcope COMMENTS="" ID="46"><ref COMMENTS="" ID="53" SRC="39"></ref><W>did</W><W>I</W><W>find</W><W>it</W><W>hard</W><W>to</W><W>follow</W></xcope><W>-</W><W>the</W><W>frustration</W><W>I</W><W>felt</W><W>stemmed</W><W>from</W><W>wanting</W><W>to</W><W>know</W><W>what</W><W>came</W><W>next</W><W>!</W></SENTENCE><SENTENCE><W>Although</W><W>it</W><cue COMMENTS="" ID="40" type="speculation"><W>seems</W></cue><xcope COMMENTS="" ID="47"><ref COMMENTS="" ID="54" SRC="40"></ref><W>that</W><W>nothing</W><W>makes</W><W>sense</W></xcope><W>,</W><W>things</W><W>slowly</W><W>begin</W><W>to</W><W>come</W><W>together</W><W>.</W></SENTENCE></P><P></P><P><SENTENCE><W>In</W><W>addition</W><W>to</W><W>providing</W><W>a</W><W>first-rate</W><W>action-adventure/mystery</W><W>,</W><W>Brown</W><W>also</W><W>introduces</W><W>a</W><W>series</W><W>of</W><W>fascinating</W><W>theories</W><W>about</W><W>everything</W><W>from</W><W>art</W><W>to</W><W>history</W><W>to</W><W>religion</W><W>and</W><W>how</W><W>all</W><W>three</W><W>are</W><W>related</W><W>.</W></SENTENCE><SENTENCE><W>While</W><W>I</W><cue COMMENTS="" ID="55" type="speculation"><W>must</W></cue><xcope COMMENTS="" ID="61"><ref COMMENTS="" ID="67" SRC="55"></ref><W>point</W><W>out</W><W>that</W><W>very</W><W>few</W><W>(</W><W>if</W><W>any</W><W>)</W><W>of</W><W>these</W><W>theories</W><W>are</W><W>original</W></xcope><W>,</W><W>their</W><W>appearance</W><W>in</W><W>the</W><W>book</W><W>serves</W><W>as</W><W>really</W><W>great</W><W>plot</W><W>twists</W><W>and</W><W>Brown</W><W>has</W><W>woven</W><W>a</W><W>fascinating</W><W>story</W><W>.</W></SENTENCE><SENTENCE><W>Because</W><W>many</W><W>of</W><W>these</W><W>theories</W><W>are</W><W>treated</W><W>as</W><W>plot</W><W>twists</W><W>,</W><W>I</W><cue COMMENTS="" ID="56" type="negation"><W>do</W><W>n&#39;t</W></cue><xcope COMMENTS="" ID="62"><ref COMMENTS="" ID="68" SRC="56"></ref><W>want</W><W>to</W><W>give</W><W>too</W><W>much</W><W>away</W></xcope><W>.</W></SENTENCE><SENTENCE><W>I</W><W>know</W><W>that</W><W>I</W><W>personally</W><W>was</W><W>shocked</W><W>and</W><W>fascinated</W><W>by</W><W>many</W><W>of</W><W>these</W><W>theories</W><W>and</W><cue ID="68" type="speculation"><W>if</W></cue><xcope ID="69"><ref COMMENTS="" ID="70" SRC="68"></ref><W>I</W><W>had</W><W>known</W><W>about</W><W>them</W><W>in</W><W>advance</W></xcope><W>,</W><W>I</W><cue COMMENTS="" ID="57" type="negation"><W>do</W><W>n&#39;t</W></cue><xcope COMMENTS="" ID="63"><ref COMMENTS="" ID="69" SRC="57"></ref><W>think</W><W>they</W></xcope><cue COMMENTS="" ID="58" type="speculation"><W>would</W></cue><xcope COMMENTS="" ID="64"><ref COMMENTS="" ID="70" SRC="58"></ref><W>have</W><W>had</W><W>the</W><W>same</W><W>effect</W></xcope><W>.</W></SENTENCE><SENTENCE><W>Of</W><W>course</W><W>,</W><W>I</W><cue COMMENTS="" ID="59" type="speculation"><W>would</W></cue><xcope COMMENTS="" ID="65"><ref COMMENTS="" ID="72" SRC="59"></ref><W>also</W><W>like</W><W>to</W><W>pique</W><W>your</W><W>interest</W></xcope><W>,</W><W>so</W><W>here</W><W>goes</W><W>:</W><W>before</W><W>the</W><W>patriarchic</W><W>religions</W><W>appeared</W><W>,</W><W>goddess</W><W>worship</W><W>played</W><W>a</W><W>large</W><W>role</W><W>in</W><W>religion</W><W>but</W><W>this</W><W>dissipated</W><W>over</W><W>the</W><W>years</W><W>.</W></SENTENCE><SENTENCE><W>Or</W><W>did</W><W>it</W><W>?</W></SENTENCE><SENTENCE><W>What</W><W>if</W><W>the</W><W>Priory</W><W>of</W><W>Sion</W><W>was</W><W>devoted</W><W>to</W><W>goddess</W><W>worship</W><W>and</W><W>had</W><W>control</W><W>over</W><W>the</W><W>secret</W><W>of</W><W>the</W><W>most</W><W>powerful</W><W>relic</W><W>in</W><W>the</W><W>history</W><W>of</W><W>Christianityand</W><W>that</W><W>&#39;s</W><W>just</W><W>the</W><W>beginning</W><W>.</W></SENTENCE><SENTENCE><W>Frankly</W><W>,</W><W>the</W><W>book</W><W>flap</W><cue COMMENTS="" ID="60" type="negation"><W>does</W><W>n&#39;t</W></cue><xcope COMMENTS="" ID="66"><ref COMMENTS="" ID="71" SRC="60"></ref><W>do</W><W>the</W><W>book</W><W>justice</W></xcope><W>.</W></SENTENCE><SENTENCE><W>This</W><W>is</W><W>much</W><W>more</W><W>than</W><W>just</W><W>a</W><W>book</W><W>;</W><W>it</W><W>is</W><W>an</W><W>experience</W><W>.</W></SENTENCE></P><P></P><P><SENTENCE><W>If</W><W>you</W><W>are</W><W>a</W><W>fan</W><W>of</W><xcope COMMENTS="" ID="85"><ref COMMENTS="" ID="95" SRC="86"></ref><W>art</W><W>history</W></xcope><cue COMMENTS="" ID="86" type="speculation"><W>or</W></cue><xcope COMMENTS="" ID="84"><ref COMMENTS="" ID="94" SRC="86"></ref><W>history</W></xcope><cue COMMENTS="" ID="87" type="speculation"><W>or</W></cue><xcope COMMENTS="" ID="83"><ref COMMENTS="" ID="93" SRC="86"></ref><W>conspiracy</W><W>theories</W></xcope><cue COMMENTS="" ID="73" type="speculation"><W>or</W></cue><xcope COMMENTS="" ID="75"><ref COMMENTS="" ID="92" SRC="86"></ref><W>fictional</W><W>mysteries</W></xcope><W>,</W><W>then</W><W>Dan</W><W>Brown</W><W>&#39;s</W><W>The</W><W>Da</W><W>Vinci</W><W>Code</W><W>is</W><W>for</W><W>you</W><W>.</W></SENTENCE><SENTENCE><W>This</W><W>book</W><W>is</W><W>very</W><W>hard</W><W>to</W><W>put</W><W>down</W><W>but</W><W>it</W><W>is</W><W>well</W><W>worth</W><W>reading</W><W>.</W></SENTENCE><SENTENCE><W>You</W><W>will</W><cue COMMENTS="" ID="74" type="negation"><W>not</W></cue><xcope COMMENTS="" ID="76"><ref COMMENTS="" ID="80" SRC="74"></ref><W>be</W><W>disappointed</W></xcope><W>.</W></SENTENCE><SENTENCE><W>I</W><W>have</W><W>recently</W><W>discovered</W><W>that</W><W>Brown</W><W>has</W><W>written</W><W>another</W><W>book</W><W>that</W><W>features</W><W>Robert</W><W>Langdon</W><W>.</W></SENTENCE><SENTENCE><W>You</W><cue COMMENTS="" ID="77" type="speculation"><W>can</W></cue><xcope COMMENTS="" ID="78"><ref COMMENTS="" ID="81" SRC="77"></ref><W>bet</W><W>your</W><W>bottom</W><W>dollar</W></xcope><W>that</W><W>that</W><W>book</W><W>is</W><W>at</W><W>the</W><W>top</W><W>of</W><W>my</W><W>reading</W><W>pile</W><W>.</W></SENTENCE></P><P></P><P><SENTENCE><W>I</W><W>highly</W><W>recommend</W><W>The</W><W>Da</W><W>Vinci</W><W>Code</W><W>.</W></SENTENCE></P></DOCUMENT>
