<?xml version="1.0" encoding="UTF-8"?>
<DOCUMENT><P></P><P><SENTENCE><W>John</W><W>Grisham</W><W>is</W><W>one</W><W>of</W><W>my</W><W>favorite</W><W>bestselling</W><W>authors</W><W>,</W><W>and</W><W>I</W><W>have</W><W>read</W><W>almost</W><W>all</W><W>his</W><W>books</W><W>.</W></SENTENCE><SENTENCE><W>This</W><W>one</W><W>was</W><W>certainly</W><W>different</W><W>from</W><W>the</W><W>rest</W><W>of</W><W>them</W><W>in</W><W>my</W><W>opinion</W><W>,</W><W>in</W><W>both</W><W>good</W><W>and</W><W>bad</W><W>ways</W><W>.</W></SENTENCE><SENTENCE><W>On</W><W>the</W><W>negative</W><W>side</W><W>,</W><W>it</W><W>was</W><cue COMMENTS="" ID="0" type="negation"><W>not</W></cue><xcope COMMENTS="" ID="9"><ref COMMENTS="" ID="20" SRC="0"></ref><W>as</W><W>suspenseful</W><W>and</W><W>fast-paced</W><W>as</W></xcope><W>,</W><W>say</W><xcope COMMENTS="" ID="10"><ref ID="38" SRC="7"></ref><W>The</W><W>Pelican</W><W>Brief</W></xcope><cue COMMENTS="" ID="7" type="speculation"><W>or</W></cue><xcope COMMENTS="" ID="11"><ref ID="37" SRC="7"></ref><W>The</W><W>Firm</W></xcope><cue COMMENTS="" ID="8" type="speculation"><W>or</W></cue><xcope COMMENTS="" ID="12"><ref ID="36" SRC="7"></ref><W>his</W><W>other</W><W>courtroom</W><W>dramas</W></xcope><W>-</W><W>when</W><W>I</W><W>read</W><W>them</W><W>I</W><cue COMMENTS="" ID="1" type="speculation"><W>could</W></cue><xcope COMMENTS="" ID="13"><ref COMMENTS="" ID="27" SRC="1"></ref><W>scarcely</W><W>put</W><W>the</W><W>book</W><W>down</W><W>for</W><W>fear</W><W>that</W><W>something</W><W>was</W><W>going</W><W>to</W><W>happen</W><W>between</W><W>the</W><W>pages</W><W>in</W><W>my</W><W>absense</W></xcope><W>.</W></SENTENCE><SENTENCE><W>However</W><W>on</W><W>the</W><W>positive</W><W>side</W><W>,</W><W>this</W><W>book</W><W>contained</W><W>a</W><W>much</W><W>deeper</W><W>message</W><W>than</W><W>those</W><W>other</W><W>books</W><W>did</W><W>.</W></SENTENCE><SENTENCE><W>(</W><W>Which</W><cue COMMENTS="" ID="2" type="speculation"><W>probably</W></cue><xcope ID="39"><ref COMMENTS="" ID="40" SRC="2"></ref><W>explains</W><W>why</W><W>it</W><cue COMMENTS="" ID="3" type="negation"><W>was</W><W>n&#39;t</W></cue><xcope COMMENTS="" ID="15"><ref COMMENTS="" ID="30" SRC="3"></ref><W>all</W><W>about</W></xcope></xcope><W>write-an-awesome-story-to-sell</W><W>excitement</W><W>.</W><W>)</W></SENTENCE><SENTENCE><W>The</W><W>story</W><W>begins</W><W>when</W><W>a</W><W>bum</W><W>walks</W><W>into</W><W>a</W><W>rich</W><W>firm</W><W>and</W><W>holds</W><W>ten</W><W>attorneys</W><W>-</W><W>including</W><W>some</W><W>of</W><W>the</W><W>best</W><W>and</W><W>richest</W><W>in</W><W>the</W><W>firm</W><W>-</W><W>hostage</W><W>in</W><W>a</W><W>little</W><W>room</W><W>.</W></SENTENCE><SENTENCE><W>He</W><W>has</W><W>dynamo</W><W>strapped</W><W>to</W><W>his</W><W>body</W><W>and</W><W>is</W><W>holding</W><W>a</W><W>gun</W><W>.</W></SENTENCE><SENTENCE><W>He</W><W>asks</W><W>one</W><W>lawyer</W><W>to</W><W>give</W><W>him</W><W>the</W><W>facts</W><W>straight</W><W>of</W><W>the</W><W>IRS</W><W>reports</W><W>:</W><W>how</W><W>much</W><W>money</W><W>have</W><W>each</W><W>of</W><W>these</W><W>big-time</W><W>lawyers</W><W>donated</W><W>to</W><W>charity</W><W>?</W></SENTENCE><SENTENCE><W>By</W><W>charity</W><W>he</W><cue COMMENTS="" ID="4" type="negation"><W>does</W><W>n&#39;t</W></cue><xcope COMMENTS="" ID="17"><ref COMMENTS="" ID="31" SRC="4"></ref><W>mean</W><W>the</W><W>local</W><W>symphony</W><W>or</W><W>the</W><W>high-up</W><W>charities</W><W>they</W><W>give</W><W>money</W><W>to</W><W>in</W><W>order</W><W>to</W><W>get</W><W>their</W><W>name</W><W>mentioned</W></xcope><W>,</W><W>but</W><W>money</W><W>given</W><W>directly</W><W>to</W><W>the</W><W>poor</W><W>homeless</W><W>people</W><W>on</W><W>the</W><W>street</W><W>or</W><W>the</W><W>soup</W><W>kitchens</W><W>,</W><W>free</W><W>clinics</W><W>,</W><W>homes</W><W>,</W><W>etc</W><W>.</W><W>that</W><W>help</W><W>them</W><W>out</W><W>?</W></SENTENCE><SENTENCE><W>Of</W><W>course</W><W>the</W><W>lawyer</W><cue COMMENTS="" ID="5" type="speculation"><W>ca</W><W>n&#39;t</W></cue><xcope COMMENTS="" ID="18"><ref COMMENTS="" ID="32" SRC="5"></ref><W>give</W><W>a</W><W>very</W><W>big</W><W>figure</W></xcope><W>.</W></SENTENCE><SENTENCE><W>Although</W><W>no</W><W>harm</W><W>results</W><W>from</W><W>this</W><W>short</W><W>hostage-holding-session</W><W>(</W><W>except</W><W>to</W><W>the</W><W>bum</W><W>,</W><W>who</W><W>is</W><W>shot</W><W>by</W><W>a</W><W>sniper</W><W>outside</W><W>and</W><W>whose</W><W>brains</W><W>explode</W><W>all</W><W>over</W><W>the</W><W>lawyer</W><W>who</W><W>was</W><W>assisting</W><W>him</W><W>with</W><W>the</W><W>figures</W><W>)</W><W>and</W><W>it</W><cue COMMENTS="" ID="6" type="speculation"><W>seems</W></cue><xcope COMMENTS="" ID="19"><ref COMMENTS="" ID="33" SRC="6"></ref><W>like</W><W>the</W><W>bum</W><W>was</W><W>just</W><W>trying</W><W>to</W><W>make</W><W>a</W><W>point</W><W>instead</W><W>of</W><W>really</W><W>hurt</W><W>anyone</W></xcope><W>,</W><W>and</W><W>although</W><W>the</W><W>rest</W><W>of</W><W>the</W><W>attorneys</W><W>go</W><W>back</W><W>to</W><W>their</W><W>strenous</W><W>trying-to-get-on-top</W><W>schedule</W><W>,</W><W>the</W><W>laywer</W><W>who</W><W>was</W><W>asked</W><W>to</W><W>tell</W><W>the</W><W>bum</W><W>the</W><W>statistics</W><W>is</W><W>deeply</W><W>touched</W><W>by</W><W>this</W><W>episode</W><W>and</W><W>wants</W><W>to</W><W>find</W><W>out</W><W>more</W><W>.</W></SENTENCE></P><P></P><P><SENTENCE><W>The</W><W>lawyer</W><W>&#39;s</W><W>name</W><W>is</W><W>Michael</W><W>Brock</W><W>,</W><W>and</W><W>he</W><W>becomes</W><W>the</W><W>main</W><W>character</W><W>of</W><W>the</W><W>story</W><W>.</W></SENTENCE><SENTENCE><W>Although</W><W>he</W><W>is</W><W>a</W><W>rising</W><W>star</W><W>at</W><W>Drake</W><W>and</W><W>Sweeney</W><W>,</W><W>the</W><W>law</W><W>firm</W><W>,</W><W>he</W><W>gives</W><W>up</W><W>some</W><W>of</W><W>his</W><W>billing</W><W>hours</W><W>to</W><W>investigate</W><W>this</W><W>incident</W><W>.</W></SENTENCE><SENTENCE><W>This</W><W>decision</W><W>leads</W><W>him</W><W>to</W><W>helping</W><W>at</W><W>a</W><W>free</W><W>clinic</W><W>and</W><W>donating</W><W>his</W><W>time</W><W>at</W><W>a</W><W>homeless</W><W>shelter</W><W>.</W></SENTENCE><SENTENCE><W>When</W><W>he</W><W>finds</W><W>out</W><W>what</W><W>connection</W><W>the</W><W>firm</W><W>has</W><W>with</W><W>the</W><W>bum</W><W>,</W><W>he</W><W>leaves</W><W>it</W><W>,</W><W>and</W><W>takes</W><W>along</W><W>with</W><W>him</W><W>a</W><W>stolen</W><W>file</W><W>.</W></SENTENCE><SENTENCE><W>From</W><W>then</W><W>on</W><W>,</W><W>he</W><W>is</W><W>a</W><W>crook</W><W>,</W><W>and</W><W>a</W><W>street</W><W>lawyer</W><W>.</W></SENTENCE></P><P></P><P><SENTENCE><W>This</W><W>book</W><cue COMMENTS="" ID="34" type="negation"><W>was</W><W>n&#39;t</W></cue><xcope COMMENTS="" ID="35"><ref COMMENTS="" ID="36" SRC="34"></ref><W>only</W><W>another</W><W>good</W><W>John</W><W>Grisham</W><W>tale</W></xcope><W>,</W><W>but</W><W>a</W><W>touching</W><W>story</W><W>of</W><W>a</W><W>man</W><W>who</W><W>realized</W><W>his</W><W>life</W><W>had</W><W>been</W><W>shallow</W><W>and</W><W>he</W><W>wanted</W><W>to</W><W>make</W><W>a</W><W>difference</W><W>.</W></SENTENCE><SENTENCE><W>I</W><W>recommend</W><W>it</W><W>with</W><W>this</W><W>reason</W><W>.</W></SENTENCE><SENTENCE><W>If</W><W>you</W><W>want</W><W>a</W><W>fast-paced</W><W>court-room</W><W>drama</W><W>,</W><W>read</W><W>another</W><W>of</W><W>his</W><W>books</W><W>first</W><W>.</W></SENTENCE><SENTENCE><W>But</W><W>if</W><W>you</W><W>are</W><W>tired</W><W>of</W><W>that</W><W>sort</W><W>of</W><W>thing</W><W>but</W><W>what</W><W>something</W><W>different</W><W>and</W><W>deeper</W><W>,</W><W>read</W><W>The</W><W>Street</W><W>Lawyer</W><W>.</W></SENTENCE></P></DOCUMENT>
