<?xml version="1.0" encoding="UTF-8"?>
<DOCUMENT><P></P><P><SENTENCE><W>Airport</W><W>books</W><W></W><W>those</W><W>novels</W><W>purchased</W><W>in</W><W>desperation</W><W>by</W><W>bored</W><W>,</W><W>cranky</W><W>travelers</W><W>seeking</W><W>distraction</W><W>from</W><W>delayed</W><W>planes</W><W></W><W>get</W><W>a</W><W>bad</W><W>rap</W><W>.</W></SENTENCE><SENTENCE><W>Oh</W><W>,</W><W>sure</W><W>,</W><W>there</W><W>are</W><W>plenty</W><W>of</W><W>trashy</W><W>romances</W><W>and</W><W>Chicken-Soupy</W><W>self-help</W><W>guides</W><W>on</W><W>offer</W><W>in</W><W>airport</W><W>bookstores</W><W>,</W><W>but</W><W>on</W><W>the</W><W>whole</W><W>,</W><W>the</W><W>selection</W><cue COMMENTS="" ID="0" type="negation"><W>is</W><W>nt</W></cue><xcope COMMENTS="" ID="2"><ref COMMENTS="" ID="4" SRC="0"></ref><W>bad</W></xcope><W>.</W></SENTENCE><SENTENCE><W>When</W><W>I</W><W>have</W><W>time</W><W>to</W><W>kill</W><W>between</W><W>flights</W><W>,</W><W>I</W><W>like</W><W>to</W><W>wander</W><W>through</W><W>and</W><W>browse</W><W>(usually</W><W>leaving</W><W>a</W><W>trail</W><W>of</W><W>knocked-over</W><W>displays</W><W>in</W><W>the</W><W>wake</W><W>of</W><W>my</W><W>rolling</W><W>suitcase</W><W>)</W><W>.</W></SENTENCE><SENTENCE><W>One</W><W>of</W><W>the</W><W>books</W><W>Id</W><W>see</W><W>over</W><W>and</W><W>over</W><W>again</W><W>was</W><W>The</W><W>Da</W><W>Vinci</W><W>Code</W><W>,</W><W>and</W><W>each</W><W>time</W><W>I</W><W>saw</W><W>it</W><W>,</W><W>it</W><W>piqued</W><W>my</W><W>curiosity</W><W>a</W><W>bit</W><W>more</W><W>;</W><W>but</W><W>invariably</W><W>,</W><W>by</W><W>the</W><W>time</W><W>I</W><W>got</W><W>home</W><W>,</W><W>Id</W><W>forgotten</W><W>all</W><W>about</W><W>it</W><W>.</W></SENTENCE><SENTENCE><W>Finally</W><W>,</W><W>a</W><W>friend</W><W>loaned</W><W>it</W><W>to</W><W>me</W><W>,</W><W>and</W><W>although</W><W>Id</W><W>intended</W><W>it</W><W>as</W><W>an</W><W>in-flight</W><W>read</W><W>for</W><W>an</W><W>upcoming</W><W>trip</W><W>,</W><W>I</W><cue ID="34" type="negation"><W>could</W><W>nt</W></cue><xcope COMMENTS="" ID="3"><ref COMMENTS="" ID="35" SRC="34"></ref><W>resist</W><W>starting</W><W>early</W></xcope><W>.</W></SENTENCE></P><P></P><P><SENTENCE><W>Robert</W><W>Langdon</W><W>,</W><W>an</W><W>expert</W><W>in</W><W>religious</W><W>symbology</W><W>lecturing</W><W>in</W><W>Paris</W><W>,</W><cue COMMENTS="" ID="6" type="negation"><W>does</W><W>nt</W></cue><xcope COMMENTS="" ID="7"><ref COMMENTS="" ID="8" SRC="6"></ref><W>exactly</W><W>live</W><W>a</W><W>life</W><W>of</W><W>danger</W></xcope><W>;</W><W>he</W><W>works</W><W>the</W><W>lecture</W><W>circuit</W><W>,</W><W>writes</W><W>scholarly</W><W>books</W><W>,</W><W>and</W><W>keeps</W><W>his</W><W>nose</W><W>buried</W><W>in</W><W>ancient</W><W>tomes</W><W>.</W></SENTENCE><SENTENCE><W>So</W><W>it</W><W>s</W><W>something</W><W>of</W><W>a</W><W>surprise</W><W>when</W><W>the</W><W>police</W><W>come</W><W>banging</W><W>down</W><W>his</W><W>hotel-room</W><W>door</W><W>.</W></SENTENCE><SENTENCE><W>Jacques</W><W>Sauniere</W><W>,</W><W>a</W><W>curator</W><W>at</W><W>the</W><W>Louvre</W><W>,</W><W>has</W><W>been</W><W>shot</W><W>to</W><W>death</W><W>in</W><W>one</W><W>of</W><W>the</W><W>museum</W><W>galleries</W><W>;</W><W>in</W><W>his</W><W>last</W><W>moments</W><W>,</W><W>he</W><W>used</W><W>his</W><W>own</W><W>blood</W><W>and</W><W>a</W><W>marking</W><W>pen</W><W>to</W><W>arrange</W><W>his</W><W>body</W><W>in</W><W>a</W><W>bizarre</W><W>tableau</W><W>,</W><W>complete</W><W>with</W><W>a</W><W>coded</W><W>message</W><W>.</W></SENTENCE><SENTENCE><W>Langdon</W><W>has</W><W>ostensibly</W><W>been</W><W>called</W><W>upon</W><W>in</W><W>a</W><W>professional</W><W>capacity</W><W>to</W><W>help</W><W>solve</W><W>the</W><W>mystery</W><W>.</W></SENTENCE><SENTENCE><W>But</W><W>Agent</W><W>Sophie</W><W>Neveu</W><W>,</W><W>a</W><W>police</W><W>cryptanalyst</W><W>,</W><W>reveals</W><W>the</W><W>truth</W><W>:</W><W>Saunieres</W><W>dying</W><W>message</W><W>included</W><W>Langdons</W><W>name</W><W>,</W><W>and</W><W>the</W><W>police</W><W>are</W><W>about</W><W>to</W><W>wrongfully</W><W>arrest</W><W>him</W><W>as</W><W>the</W><W>killer</W><W>.</W></SENTENCE><SENTENCE><W>Neveu</W><W>believes</W><W>in</W><W>Langdons</W><W>innocence</W><W>,</W><W>and</W><W>she</W><W>has</W><W>a</W><W>special</W><W>reason</W><W>for</W><W>wanting</W><W>to</W><W>find</W><W>the</W><W>real</W><W>murderer</W><W>:</W><W>Sauniere</W><W>was</W><W>Neveus</W><W>estranged</W><W>grandfather</W><W>.</W></SENTENCE><SENTENCE><W>On</W><W>the</W><W>run</W><W>from</W><W>the</W><W>police</W><W>,</W><W>Neveu</W><W>and</W><W>Langdon</W><W>follow</W><W>a</W><W>trail</W><W>of</W><W>puzzles</W><W>and</W><W>clues</W><W>to</W><W>find</W><W>the</W><W>truth</W><W>behind</W><W>Saunieres</W><W>murder</W><W>,</W><W>and</W><W>the</W><W>knowledge</W><W>he</W><W>died</W><W>to</W><W>protect</W><W></W><W>information</W><W>that</W><W>reaches</W><W>back</W><W>through</W><W>the</W><W>centuries</W><W>to</W><W>a</W><W>secret</W><W>society</W><W>,</W><W>an</W><W>artistic</W><W>genius</W><W>,</W><W>and</W><W>a</W><W>priceless</W><W>historical</W><W>artifact</W><W>.</W></SENTENCE></P><P></P><P><SENTENCE><W>Ive</W><W>always</W><W>liked</W><W>books</W><W>that</W><W>invite</W><W>the</W><W>reader</W><W>to</W><W>solve</W><W>puzzles</W><W>along</W><W>with</W><W>the</W><W>characters</W><W>,</W><W>and</W><W>Code</W><W>has</W><W>them</W><W>in</W><W>spades</W><W>:</W><W>anagrams</W><W>,</W><W>numerical</W><W>cyphers</W><W>,</W><W>riddles</W><W>,</W><W>and</W><W>secret</W><W>scripts</W><W>(</W><W>at</W><W>one</W><W>point</W><W>,</W><W>a</W><W>character</W><W>offhandedly</W><W>comments</W><W>that</W><W>at</W><W>least</W><W>62</W><W>other</W><W>words</W><W>can</W><W>be</W><W>made</W><W>using</W><W>the</W><W>letters</W><W>of</W><W>the</W><W>word</W><W>PLANETS</W><W>,</W><W>and</W><W>I</W><W>had</W><W>to</W><W>stop</W><W>reading</W><W>and</W><W>try</W><W>it</W><W>out</W><W>for</W><W>myself</W><W>)</W><W>.</W></SENTENCE><SENTENCE><W>The</W><W>puzzles</W><W>range</W><W>in</W><W>difficulty</W><W>from</W><W>Instantly</W><W>Obvious</W><W>to</W><W>Unsolvable</W><W>Without</W><W>Being</W><W>Fluent</W><W>In</W><W>Greek</W><W>.</W></SENTENCE><SENTENCE><W>Theres</W><W>also</W><W>plenty</W><W>of</W><W>historical</W><W>information</W><W>,</W><W>which</W><W>is</W><W>integrated</W><W>smoothly</W><W>into</W><W>the</W><W>prose</W><W>;</W><W>remarkably</W><W>,</W><W>even</W><W>when</W><W>inserted</W><W>into</W><W>dialogue</W><W>,</W><W>the</W><W>explanatory</W><W>asides</W><cue COMMENTS="" ID="9" type="negation"><W>dont</W></cue><xcope COMMENTS="" ID="11"><ref COMMENTS="" ID="16" SRC="9"></ref><W>interrupt</W><W>the</W><W>flow</W></xcope><W>.</W></SENTENCE><SENTENCE><W>Brown</W><W>ensures</W><W>that</W><W>readers</W><W>who</W><W>are</W><W>unfamiliar</W><W>with</W><W>religious</W><W>iconography</W><W>and</W><W>cyphers</W><W>have</W><W>all</W><W>the</W><W>necessary</W><W>information</W><W>to</W><W>fully</W><W>enjoy</W><W>the</W><W>story</W><W>,</W><cue COMMENTS="" ID="10" type="negation"><W>without</W></cue><xcope COMMENTS="" ID="15"><ref COMMENTS="" ID="17" SRC="10"></ref><W>leaving</W><W>advanced</W><W>readers</W><W>feeling</W></xcope><xcope COMMENTS="" ID="13"><ref COMMENTS="" ID="19" SRC="12"></ref><W>bored</W></xcope><cue COMMENTS="" ID="12" type="speculation"><W>or</W></cue><xcope COMMENTS="" ID="14"><ref COMMENTS="" ID="20" SRC="12"></ref><W>patronized</W></xcope><W>.</W></SENTENCE><SENTENCE><W>Even</W><W>if</W><W>you</W><W>know</W><W>all</W><W>this</W><W>stuff</W><W>already</W><W>,</W><W>the</W><W>authors</W><W>concise</W><W>recaps</W><W>are</W><W>interesting</W><W>and</W><W>,</W><W>as</W><W>far</W><W>as</W><W>I</W><cue COMMENTS="" ID="21" type="speculation"><W>can</W></cue><xcope COMMENTS="" ID="22"><ref COMMENTS="" ID="23" SRC="21"></ref><W>tell</W></xcope><W>,</W><W>well-researched</W><W>and</W><W>factually</W><W>accurate</W><W>.</W></SENTENCE></P><P></P><P><SENTENCE><W>Brown</W><W>s</W><W>writing</W><W>is</W><W>clean</W><W>,</W><W>precise</W><W>,</W><W>and</W><W>detached</W><W>,</W><W>conveying</W><W>information</W><W>efficiently</W><W>and</W><W>minimizing</W><W>its</W><W>narrative</W><W>presence</W><W>in</W><W>the</W><W>story</W><W>.</W></SENTENCE><SENTENCE><W>The</W><W>plot</W><W>is</W><W>appropriately</W><W>full</W><W>of</W><W>twists</W><W>and</W><W>turns</W><W>,</W><W>with</W><W>plenty</W><W>of</W><W>cliff-hanging</W><W>action</W><W>and</W><W>a</W><W>highly</W><W>satisfying</W><W>resolution</W><W>,</W><W>although</W><xcope ID="33"><ref COMMENTS="" ID="34" SRC="24"></ref><W>some</W><W>of</W><W>the</W><W>inventions</W></xcope><cue COMMENTS="" ID="24" type="speculation"><W>seem</W></cue><xcope COMMENTS="" ID="29"><ref COMMENTS="" ID="34" SRC="24"></ref><W>a</W><W>bit</W><W>much</W></xcope><W>(</W><cue COMMENTS="" ID="25" type="negation"><W>not</W></cue><xcope ID="36"><ref COMMENTS="" ID="38" SRC="25"></ref><W>only</W><cue COMMENTS="" ID="26" type="speculation"><W>must</W></cue><xcope ID="35"><ref COMMENTS="" ID="37" SRC="26"></ref><W>there</W><W>be</W><W>a</W><W>self-mutilating</W><W>monk/assassin</W></xcope></xcope><W>,</W><W>but</W><W>he</W><cue COMMENTS="" ID="27" type="speculation"><W>must</W></cue><xcope COMMENTS="" ID="32"><ref COMMENTS="" ID="38" SRC="27"></ref><W>be</W><W>an</W><W>albino</W><W>self-mutilating</W><W>monk/assassin</W><W>to</W><W>boot</W></xcope><W>)</W><W>.</W></SENTENCE><SENTENCE><W>The</W><W>character</W><W>development</W><W>is</W><W>pretty</W><W>much</W><W>what</W><W>youd</W><W>expect</W><W>from</W><W>an</W><W>action-packed</W><W>thriller</W><W></W><W>which</W><W>is</W><W>to</W><W>say</W><W>,</W><W>minimal</W><W>,</W><W>unless</W><W>it</W><W>provides</W><W>an</W><W>excuse</W><W>for</W><W>more</W><W>ass-kicking</W><W>adventure</W><W>.</W></SENTENCE><SENTENCE><W>The</W><W>focus</W><W>is</W><W>upon</W><W>the</W><W>ingenious</W><W>puzzles-within-puzzles</W><W>that</W><W>Brown</W><W>has</W><W>devised</W><W>,</W><W>rather</W><W>than</W><W>the</W><W>characters</W><W>who</W><W>try</W><W>to</W><W>solve</W><W>them</W><W>;</W><W>for</W><W>this</W><W>type</W><W>of</W><W>story</W><W>,</W><W>that</W><W>s</W><cue COMMENTS="" ID="28" type="negation"><W>not</W></cue><xcope COMMENTS="" ID="33"><ref COMMENTS="" ID="39" SRC="28"></ref><W>a</W><W>problem</W></xcope><W>,</W><W>although</W><W>it</W><W>does</W><W>limit</W><W>the</W><W>book</W><W>to</W><W>entertainment</W><W>rather</W><W>than</W><W>literature</W><W>.</W></SENTENCE></P><P></P><P><SENTENCE><W>A</W><W>fast-paced</W><W>,</W><W>suspenseful</W><W>,</W><W>and</W><W>surprisingly</W><W>intelligent</W><W>thriller</W><W>,</W><W>The</W><W>Da</W><W>Vinci</W><W>Code</W><W>deserves</W><W>its</W><W>good</W><W>reputation</W><W>.</W></SENTENCE><SENTENCE><W>Its</W><W>fascinating</W><W>,</W><W>action-packed</W><W>,</W><W>and</W><W>itll</W><W>do</W><W>more</W><W>to</W><W>stimulate</W><W>your</W><W>mind</W><W>than</W><W>an</W><W>overpriced</W><W>mocha</W><W>at</W><W>the</W><W>Terminal</W><W>B</W><W>coffee</W><W>cart</W><W>.</W></SENTENCE><SENTENCE><W>If</W><W>youre</W><W>ready</W><W>to</W><W>let</W><W>your</W><W>powers</W><W>of</W><W>deduction</W><W>take</W><W>flight</W><W>,</W><W>give</W><W>this</W><W>first-class</W><W>airport</W><W>book</W><W>a</W><W>try</W><W>.</W></SENTENCE></P></DOCUMENT>
