<?xml version="1.0" encoding="UTF-8"?>
<DOCUMENT><P></P><P><SENTENCE><W>The</W><W>curator</W><W>of</W><W>the</W><W>Louvre</W><W>is</W><W>murdered</W><W>in</W><W>his</W><W>museum</W><W>and</W><W>leaves</W><W>a</W><W>cryptic</W><W>message</W><W>that</W><W>appears</W><W>to</W><W>point</W><W>to</W><W>Robert</W><W>Langdon</W><W>,</W><W>a</W><W>symbologist</W><W>from</W><W>Harvard</W><W>,</W><W>as</W><W>the</W><W>culprit</W><W>.</W></SENTENCE><SENTENCE><W>The</W><W>police</W><W>question</W><W>Langdon</W><W>pretending</W><W>to</W><W>need</W><W>his</W><W>expertise</W><W>but</W><W>really</W><W>hoping</W><W>to</W><W>catch</W><W>him</W><W>in</W><W>a</W><W>lie</W><W>.</W></SENTENCE><SENTENCE><W>In</W><W>jumps</W><W>Sophie</W><W>Neveu</W><W>,</W><W>a</W><W>police</W><W>code</W><W>breaker</W><W>who</W><W>warns</W><W>Langdon</W><W>of</W><W>his</W><W>danger</W><W>and</W><W>forces</W><W>him</W><W>into</W><W>an</W><W>escape</W><W>from</W><W>the</W><W>museum</W><W>.</W></SENTENCE><SENTENCE><W>Turns</W><W>out</W><W>,</W><W>Sophie</W><W>is</W><W>the</W><W>murdered</W><W>curators</W><W>granddaughter</W><W>.</W></SENTENCE><SENTENCE><W>She</W><W>knows</W><W>Langdon</W><W>is</W><W>innocent</W><W>and</W><W>needs</W><W>his</W><W>help</W><W>to</W><W>crack</W><W>the</W><W>messages</W><W>left</W><W>to</W><W>her</W><W>by</W><W>her</W><W>grandfather</W><W>.</W></SENTENCE><SENTENCE><W>What</W><W>follows</W><W>is</W><W>a</W><W>bizarre</W><W>romp</W><W>through</W><W>Paris</W><W>and</W><W>England</W><W>as</W><W>the</W><W>unlikely</W><W>pair</W><W>elude</W><W>the</W><W>police</W><W>,</W><W>a</W><W>vicious</W><W>albino</W><W>monk</W><W>,</W><W>and</W><W>the</W><W>true</W><W>puppet-master</W><W>who</W><W>orchestrated</W><W>it</W><W>all</W><W>.</W></SENTENCE></P><P></P><P><SENTENCE><W>The</W><W>Da</W><W>Vinci</W><W>Code</W><W>is</W><W>a</W><W>classic</W><W>thriller</W><W>with</W><W>an</W><W>intellectual</W><W>bent</W><W>.</W></SENTENCE><SENTENCE><W>Fact</W><W>and</W><W>fiction</W><W>are</W><W>woven</W><W>into</W><W>such</W><W>a</W><W>tight</W><W>pattern</W><W>of</W><W>conspiracy</W><W>that</W><W>it</W><W>becomes</W><W>difficult</W><W>to</W><W>see</W><W>where</W><W>one</W><W>ends</W><W>and</W><W>the</W><W>other</W><W>begins</W><W>.</W></SENTENCE><SENTENCE><W>It</W><W>had</W><W>me</W><W>running</W><W>to</W><W>my</W><W>art</W><W>books</W><W>with</W><W>some</W><W>astonishment</W><W>,</W><W>and</W><W>the</W><W>history</W><W>generally</W><W>rang</W><W>true</W><W>.</W></SENTENCE></P><P></P><P><SENTENCE><W>The</W><W>first</W><W>chapter</W><W>is</W><W>immediately</W><W>engrossing</W><W>and</W><W>hooks</W><W>the</W><W>reader</W><W>from</W><W>the</W><W>very</W><W>first</W><W>sentence</W><W>.</W></SENTENCE><SENTENCE><W>The</W><W>rest</W><W>of</W><W>the</W><W>story</W><W>fails</W><W>somewhat</W><W>to</W><W>live</W><W>up</W><W>to</W><W>the</W><W>potential</W><W>offered</W><W>in</W><W>that</W><W>first</W><W>chapter</W><W>.</W></SENTENCE><SENTENCE><W>The</W><W>plot</W><W>follows</W><W>a</W><W>rather</W><W>traditional</W><W>pattern</W><W>in</W><W>the</W><W>modern</W><W>thriller</W><W>,</W><W>and</W><W>though</W><W>it</W><W>has</W><W>been</W><W>done</W><W>again</W><W>and</W><W>again</W><W>(</W><cue ID="10" type="speculation"><W>if</W></cue><xcope ID="12"><ref COMMENTS="" ID="13" SRC="10"></ref><W>you</W><W>are</W><W>around</W><W>writers</W><W>for</W><W>any</W><W>length</W><W>of</W><W>time</W><W>you</W><W>will</W><W>discover</W><W>that</W><W>there</W><W>are</W><W>no</W><W>original</W><W>plots</W></xcope><W>)</W><W>,</W><W>the</W><W>perspective</W><W>offered</W><W>in</W><W>the</W><W>tale</W><W>is</W><W>fresh</W><W>enough</W><W>to</W><W>be</W><W>thoroughly</W><W>enjoyable</W><W>.</W></SENTENCE><SENTENCE><W>There</W><W>are</W><W>good</W><W>reasons</W><W>this</W><W>novel</W><W>is</W><W>on</W><W>the</W><W>bestseller</W><W>list</W><W>.</W></SENTENCE></P><P></P><P><SENTENCE><W>There</W><W>are</W><W>a</W><W>few</W><W>things</W><W>that</W><W>detracted</W><W>from</W><W>this</W><W>story</W><W>.</W></SENTENCE><SENTENCE><W>The</W><W>first</W><W>was</W><W>Brown</W><W>s</W><W>over-reliance</W><W>on</W><W>two</W><W>constructs</W><W>of</W><W>the</W><W>fiction</W><W>writer</W><W>.</W></SENTENCE><SENTENCE><W>When</W><W>he</W><W>needed</W><W>to</W><W>get</W><W>across</W><W>a</W><W>lot</W><W>of</W><W>background</W><W>information</W><W>(</W><W>and</W><W>there</W><W>is</W><W>an</W><W>enormous</W><W>amount</W><W>of</W><W>it</W><W>)</W><W>,</W><W>he</W><W>did</W><W>one</W><W>of</W><W>two</W><W>things</W><W>.</W></SENTENCE><SENTENCE><W>He</W><W>either</W><W>had</W><W>Langdon</W><W>flashback</W><W>to</W><W>a</W><W>lecture</W><W>he</W><W>gave</W><W>in</W><W>a</W><W>class</W><W>somewhere</W><W>(yawn</W><W>)</W><W>or</W><W>he</W><W>had</W><W>two</W><W>or</W><W>more</W><W>characters</W><W>discuss</W><W>the</W><W>issue</W><W>to</W><W>death</W><W>.</W></SENTENCE><SENTENCE><W>Fiction</W><W>writers</W><W>often</W><W>refer</W><W>to</W><W>this</W><W>as</W><W>maid</W><W>and</W><W>butler</W><W>talk</W><W></W><W>because</W><W>it</W><W>s</W><W>like</W><W>the</W><W>maid</W><W>and</W><W>the</W><W>butler</W><W>discussing</W><W>the</W><W>going</W><W>s</W><W>on</W><W>of</W><W>the</W><W>family</W><W>when</W><W>they</W><W>both</W><W>know</W><W>the</W><W>going</W><W>s</W><W>on</W><W>.</W></SENTENCE><SENTENCE><W>It</W><W>is</W><W>about</W><W>as</W><W>thrilling</W><W>as</W><W>watching</W><W>paint</W><W>dry</W><W>.</W></SENTENCE><SENTENCE><W>The</W><W>other</W><W>thing</W><W>that</W><W>was</W><W>a</W><W>disappointment</W><W>was</W><W>when</W><W>the</W><W>author</W><W>withheld</W><W>information</W><W>from</W><W>the</W><W>reader</W><W>.</W></SENTENCE><SENTENCE><W>I</W><cue COMMENTS="" ID="7" type="speculation"><W>presume</W></cue><xcope COMMENTS="" ID="8"><ref COMMENTS="" ID="10" SRC="7"></ref><W>this</W><W>was</W><W>to</W><W>create</W><W>tension</W></xcope><W>;</W><W>all</W><W>it</W><W>managed</W><W>to</W><W>do</W><W>was</W><W>create</W><W>aggravation</W><W>.</W></SENTENCE><SENTENCE><W>For</W><W>instance</W><W>,</W><W>why</W><W>keep</W><W>the</W><W>secret</W><W>ritual</W><W>in</W><W>the</W><W>basement</W><W>that</W><W>had</W><W>Sophie</W><W>so</W><W>upset</W><W>from</W><W>the</W><W>reader</W><W>?</W></SENTENCE><SENTENCE><W>He</W><W>kept</W><W>that</W><W>from</W><W>us</W><W>until</W><W>near</W><W>the</W><W>end</W><W>.</W></SENTENCE></P><P></P><P><SENTENCE><W>The</W><W>characters</W><W>also</W><W>needed</W><W>some</W><W>help</W><W>.</W></SENTENCE><SENTENCE><W>With</W><W>the</W><W>exception</W><W>of</W><W>the</W><W>albino</W><W>monk</W><W>and</W><W>the</W><W>police</W><W>chief</W><W>,</W><W>the</W><W>characters</W><W>were</W><W>too</W><W>good</W><W>for</W><W>their</W><W>own</W><W>good</W><W>,</W><W>and</W><W>failed</W><W>to</W><W>react</W><W>in</W><W>a</W><W>believable</W><W>manner</W><W>to</W><W>the</W><W>situation</W><W>.</W></SENTENCE><SENTENCE><W>No</W><W>one</W><W>had</W><W>a</W><W>nervous</W><W>breakdown</W><W>,</W><W>no</W><W>tempers</W><W>flared</W><W>.</W></SENTENCE><SENTENCE><cue ID="11" type="speculation"><W>If</W></cue><xcope ID="14"><ref COMMENTS="" ID="15" SRC="11"></ref><W>it</W><W>was</W><W>me</W><W>being</W><W>interrogated</W><W>by</W><W>the</W><W>police</W><W>and</W><W>someone</W><W>barged</W><W>in</W></xcope><W>,</W><W>took</W><W>the</W><W>bug</W><W>the</W><W>police</W><W>planted</W><W>in</W><W>my</W><W>jacket</W><W>and</W><W>tossed</W><W>it</W><W>into</W><W>a</W><W>moving</W><W>truck</W><W>thereby</W><W>making</W><W>it</W><W>look</W><W>like</W><W>I</W><W>was</W><W>running</W><W>,</W><W>a</W><W>fugitive</W><W>,</W><W>and</W><W>therefore</W><W>guilty</W><W>,</W><W>I</W><W>think</W><W>I</W><cue COMMENTS="" ID="6" type="speculation"><W>might</W></cue><xcope COMMENTS="" ID="9"><ref COMMENTS="" ID="11" SRC="6"></ref><W>be</W><W>just</W><W>a</W><W>little</W><W>peeved</W></xcope><W>.</W></SENTENCE></P><P></P><P><SENTENCE><W>However</W><W>,</W><W>the</W><W>layout</W><W>of</W><W>the</W><W>story</W><W>,</W><W>the</W><W>imminent</W><W>danger</W><W>they</W><W>kept</W><W>finding</W><W>themselves</W><W>in</W><W>,</W><W>and</W><W>the</W><W>amusing</W><W>aspect</W><W>of</W><W>the</W><W>puzzles</W><W>carried</W><W>the</W><W>book</W><W>.</W></SENTENCE><SENTENCE><W>I</W><W>am</W><W>looking</W><W>forward</W><W>to</W><W>more</W><W>from</W><W>Dan</W><W>Brown</W><W>.</W></SENTENCE></P><P></P><P><SENTENCE><W>Enjoy</W><W>.</W></SENTENCE></P></DOCUMENT>
