<?xml version="1.0" encoding="UTF-8"?>
<DOCUMENT><P></P><P><SENTENCE><W>I</W><W>am</W><W>a</W><W>slow</W><W>reader</W><W>,</W><W>but</W><W>compared</W><W>to</W><W>my</W><W>husband</W><W>,</W><W>I</W><W>&#39;m</W><W>a</W><W>veritable</W><W>Speedy</W><W>Gonazalez</W><W>.</W></SENTENCE><SENTENCE><W>He</W><W>starts</W><W>a</W><W>book</W><W>and</W><W>,</W><W>if</W><W>he</W><W>&#39;s</W><W>really</W><W>interested</W><W>,</W><W>he</W><W>finishes</W><W>it</W><W>three</W><W>weeks</W><W>later</W><W>.</W></SENTENCE><SENTENCE><W>So</W><W>when</W><W>he</W><W>finished</W><W>reading</W><W>The</W><W>Da</W><W>Vinci</W><W>code</W><W>in</W><W>three</W><W>days</W><W>,</W><W>I</W><W>was</W><W>impressed</W><W>.</W></SENTENCE></P><P></P><P><SENTENCE><W>&#34;</W><W>I</W><cue COMMENTS="" ID="0" type="speculation"><W>could</W><W>n&#39;t</W></cue><xcope COMMENTS="" ID="2"><ref COMMENTS="" ID="4" SRC="0"></ref><W>help</W><W>it</W></xcope><W>!</W><W>&#34;</W></SENTENCE><SENTENCE><W>my</W><W>husband</W><W>said</W><W>.</W></SENTENCE><SENTENCE><W>&#34;</W><W>It</W><W>just</W><W>sucks</W><W>you</W><W>in</W><W>.</W></SENTENCE><SENTENCE><W>I</W><W>started</W><W>and</W><W>before</W><W>I</W><W>knew</W><W>it</W><W>,</W><W>I</W><W>was</W><W>halfway</W><W>done</W><W>.</W></SENTENCE><SENTENCE><W>You</W><cue COMMENTS="" ID="1" type="speculation"><W>should</W></cue><xcope COMMENTS="" ID="3"><ref COMMENTS="" ID="5" SRC="1"></ref><W>read</W><W>it</W></xcope><W>!</W><W>&#34;</W></SENTENCE></P><P></P><P><SENTENCE><W>I</W><W>was</W><W>surprised</W><W>.</W></SENTENCE><SENTENCE><W>While</W><W>my</W><W>husband</W><W>is</W><W>fully</W><W>supportive</W><W>of</W><W>my</W><W>book</W><W>habit</W><W>,</W><W>he</W><W>rarely</W><W>goes</W><W>down</W><W>the</W><W>&#34;you</W><cue COMMENTS="" ID="6" type="speculation"><W>should</W></cue><xcope COMMENTS="" ID="9"><ref COMMENTS="" ID="12" SRC="6"></ref><W>read</W><W>it</W></xcope><W>&#34;</W><W>path</W><W>when</W><W>it</W><W>comes</W><W>to</W><W>his</W><W>books</W><W>that</W><W>he</W><W>likes</W><W>.</W></SENTENCE><SENTENCE><W>His</W><W>attempt</W><W>to</W><W>get</W><W>me</W><W>to</W><W>appreciate</W><W>Tom</W><W>Clancy</W><W>ended</W><W>in</W><W>loud</W><W>snores</W><W>on</W><W>my</W><W>part</W><W>.</W></SENTENCE><SENTENCE><W>The</W><W>covers</W><W>of</W><W>his</W><W>many</W><W>sci</W><W>fi</W><W>books</W><W>all</W><W>seem</W><W>pretty</W><W>much</W><W>the</W><W>same</W><W>to</W><W>me</W><W>.</W></SENTENCE><SENTENCE><W>And</W><W>I</W><W>am</W><W>rarely</W><W>tempted</W><W>to</W><W>snatch</W><W>one</W><W>of</W><W>the</W><W>books</W><W>off</W><W>his</W><W>&#34;</W><W>to</W><W>read</W><W>&#34;</W><W>pile</W><W>and</W><W>sneak</W><W>it</W><W>into</W><W>my</W><W>own</W><W>.</W></SENTENCE><SENTENCE><W>In</W><W>fact</W><W>,</W><W>with</W><W>the</W><W>exception</W><W>of</W><W>some</W><W>classics</W><W>from</W><W>Tolkein</W><W>and</W><W>C.</W><W>S.</W><W>Lewis</W><W>and</W><W>a</W><W>few</W><W>others</W><W>,</W><W>we</W><W>very</W><W>rarely</W><W>swap</W><W>books</W><W>.</W></SENTENCE><SENTENCE><W>I</W><W>know</W><W>him</W><W>and</W><W>his</W><W>tastes</W><W>(</W><W>and</W><W>he</W><W>mine</W><W>)</W><W>well</W><W>enough</W><W>to</W><W>know</W><W>that</W><W>he</W><cue COMMENTS="" ID="7" type="speculation"><W>would</W><W>n&#39;t</W></cue><xcope COMMENTS="" ID="10"><ref COMMENTS="" ID="13" SRC="7"></ref><W>insist</W><W>that</W><W>I</W><W>read</W><W>the</W><W>book</W></xcope><W>unless</W><W>he</W><W>really</W><W>believed</W><W>I</W><cue COMMENTS="" ID="8" type="speculation"><W>would</W></cue><xcope COMMENTS="" ID="11"><ref COMMENTS="" ID="14" SRC="8"></ref><W>like</W><W>it</W></xcope><W>.</W></SENTENCE></P><P></P><P><SENTENCE><W>Got</W><W>to</W><W>hand</W><W>it</W><W>to</W><W>the</W><W>man</W><W>.</W></SENTENCE><SENTENCE><W>Thirteen</W><W>years</W><W>of</W><W>marriage</W><cue COMMENTS="" ID="15" type="negation"><W>have</W><W>n&#39;t</W></cue><xcope COMMENTS="" ID="16"><ref COMMENTS="" ID="17" SRC="15"></ref><W>been</W><W>lost</W><W>on</W><W>him</W></xcope><W>.</W></SENTENCE><SENTENCE><W>He</W><W>was</W><W>right</W><W>!</W></SENTENCE></P><P></P><P><SENTENCE><W>The</W><W>Da</W><W>Vinci</W><W>Code</W><W>starts</W><W>off</W><W>with</W><W>a</W><W>bang</W><W>.</W></SENTENCE><SENTENCE><W>Jacques</W><W>Sauniere</W><W>,</W><W>curator</W><W>of</W><W>the</W><W>Louvre</W><W>Museum</W><W>,</W><W>is</W><W>trying</W><W>desperately</W><W>to</W><W>escape</W><W>his</W><W>attacker</W><W>.</W></SENTENCE><SENTENCE><W>Grabbing</W><W>a</W><W>painting</W><W>off</W><W>the</W><W>wall</W><W>,</W><W>Sauniere</W><W>trips</W><W>the</W><W>security</W><W>gates</W><W>,</W><W>which</W><W>close</W><W>behind</W><W>him</W><W>.</W></SENTENCE><SENTENCE><W>Still</W><W>,</W><W>his</W><W>attacker</W><W>catches</W><W>him</W><W>anyway</W><W>and</W><W>shoots</W><W>him</W><W>through</W><W>the</W><W>gaps</W><W>in</W><W>the</W><W>gate</W><W>.</W></SENTENCE><SENTENCE><W>Sauniere</W><W>knows</W><W>that</W><W>he</W><W>is</W><W>dying</W><W>,</W><W>and</W><W>he</W><W>knows</W><W>that</W><W>he</W><W>alone</W><W>holds</W><W>an</W><W>important</W><W>secret</W><W>that</W><W>has</W><W>been</W><W>passed</W><W>down</W><W>through</W><W>generations</W><W>.</W></SENTENCE><SENTENCE><W>So</W><W>in</W><W>what</W><W>he</W><W>knows</W><W>are</W><W>his</W><W>last</W><W>minutes</W><W>of</W><W>life</W><W>,</W><W>he</W><W>finds</W><W>a</W><W>way</W><W>to</W><W>leave</W><W>clues</W><W>to</W><W>the</W><W>secret</W><W>for</W><W>the</W><W>one</W><W>person</W><W>that</W><W>he</W><W>knows</W><cue COMMENTS="" ID="18" type="speculation"><W>can</W></cue><xcope COMMENTS="" ID="19"><ref COMMENTS="" ID="20" SRC="18"></ref><W>be</W><W>trusted</W><W>with</W><W>it</W></xcope><W>.</W></SENTENCE></P><P></P><P><SENTENCE><W>The</W><W>chief</W><W>suspect</W><W>in</W><W>Sauniere</W><W>&#39;s</W><W>murder</W><W>is</W><W>American</W><W>symbologist</W><W>Robert</W><W>Langdon</W><W>,</W><W>who</W><W>is</W><W>in</W><W>Paris</W><W>to</W><W>give</W><W>some</W><W>lectures</W><W>at</W><W>the</W><W>American</W><W>University</W><W>in</W><W>Paris</W><W>and</W><W>who</W><W>was</W><W>scheduled</W><W>to</W><W>meet</W><W>Sauniere</W><W>that</W><W>evening</W><W>.</W></SENTENCE><SENTENCE><W>Agent</W><W>Sophie</W><W>Nevue</W><W>,</W><W>a</W><W>cryptologist</W><W>for</W><W>the</W><W>Paris</W><W>police</W><W>,</W><W>is</W><W>unconvinced</W><W>of</W><W>his</W><W>guilt</W><W>.</W></SENTENCE><SENTENCE><W>Together</W><W>,</W><W>they</W><W>flee</W><W>from</W><W>the</W><W>police</W><W>interrogation</W><W>and</W><W>start</W><W>to</W><W>decipher</W><W>the</W><W>clues</W><W>to</W><W>discover</W><W>why</W><W>Sauniere</W><W>was</W><W>killed</W><W>and</W><W>to</W><W>figure</W><W>out</W><W>Sauniere</W><W>&#39;s</W><W>secret</W><W>.</W></SENTENCE><SENTENCE><W>They</W><W>are</W><W>pursued</W><W>by</W><W>an</W><W>overzealous</W><W>police</W><W>captain</W><W>,</W><W>the</W><W>albino</W><W>monk</W><W>,</W><W>a</W><W>scheming</W><W>bishop</W><W>,</W><W>and</W><W>a</W><W>mysterious</W><W>man</W><W>known</W><W>only</W><W>as</W><W>&#34;</W><W>the</W><W>Teacher</W><W>&#34;</W><W>.</W></SENTENCE></P><P></P><P><SENTENCE><W>As</W><W>my</W><W>husband</W><W>pointed</W><W>out</W><W>,</W><W>the</W><W>story</W><W>moves</W><W>along</W><W>at</W><W>a</W><W>fast</W><W>pace</W><W>.</W></SENTENCE><SENTENCE><W>The</W><W>chapters</W><W>are</W><W>short</W><W>(</W><W>sometimes</W><W>less</W><W>than</W><W>a</W><W>page</W><W>)</W><W>.</W></SENTENCE><SENTENCE><W>Author</W><W>Dan</W><W>Brown</W><W>rarely</W><W>deviates</W><W>from</W><W>the</W><W>mystery</W><W>.</W></SENTENCE><SENTENCE><W>There</W><W>is</W><cue COMMENTS="" ID="21" type="negation"><W>no</W></cue><xcope COMMENTS="" ID="25"><ref COMMENTS="" ID="29" SRC="21"></ref><W>flowery</W><W>dialog</W></xcope><W>,</W><W>and</W><W>time</W><cue COMMENTS="" ID="22" type="negation"><W>is</W><W>n&#39;t</W></cue><xcope COMMENTS="" ID="26"><ref COMMENTS="" ID="30" SRC="22"></ref><W>wasted</W><W>trying</W><W>to</W><W>establish</W><W>a</W><W>hot</W><W>relationship</W><W>between</W><W>the</W><W>two</W><W>lead</W><W>characters</W></xcope><W>.</W></SENTENCE><SENTENCE><W>Since</W><W>the</W><W>storyline</W><W>covers</W><W>a</W><W>period</W><W>of</W><W>less</W><W>than</W><W>24</W><W>hours</W><W>,</W><W>there</W><W>really</W><cue COMMENTS="" ID="23" type="negation"><W>is</W><W>n&#39;t</W></cue><xcope COMMENTS="" ID="27"><ref COMMENTS="" ID="31" SRC="23"></ref><W>much</W><W>time</W><W>for</W><W>that</W><W>romantic</W><W>schlock</W></xcope><W>.</W></SENTENCE><SENTENCE><W>But</W><W>that</W><W>&#39;s</W><W>OK</W><W>.</W></SENTENCE><SENTENCE><W>It</W><W>&#39;s</W><W>far</W><W>more</W><W>believable</W><cue COMMENTS="" ID="24" type="negation"><W>without</W></cue><xcope COMMENTS="" ID="28"><ref COMMENTS="" ID="32" SRC="24"></ref><W>it</W></xcope><W>!</W></SENTENCE></P><P></P><P><SENTENCE><W>The</W><W>Da</W><W>Vinci</W><W>Code</W><W>is</W><W>what</W><W>my</W><W>husband</W><W>calls</W><W>&#34;</W><W>a</W><W>geek</W><W>book</W><W>&#34;</W><W>or</W><W>,</W><W>to</W><W>be</W><W>more</W><W>exact</W><W>,</W><W>&#34;</W><W>a</W><W>geek</W><W>mystery</W><W>.</W><W>&#34;</W></SENTENCE><SENTENCE><W>Rather</W><W>than</W><W>relying</W><W>on</W><W>conventional</W><W>clues</W><W>(</W><W>like</W><W>footprints</W><W>in</W><W>the</W><W>flowerbed</W><W>,</W><W>lipstick</W><W>on</W><W>the</W><W>collar</W><W>,</W><W>and</W><W>fingerprints</W><W>on</W><W>the</W><W>wine</W><W>glass</W><W>)</W><W>,</W><W>the</W><W>mystery</W><W>follows</W><W>a</W><W>trail</W><W>of</W><W>riddles</W><W>and</W><W>symbols</W><W>.</W></SENTENCE><SENTENCE><W>Many</W><W>of</W><W>these</W><W>riddles</W><W>are</W><W>based</W><W>in</W><W>history</W><W>and</W><W>are</W><W>encrypted</W><W>using</W><W>a</W><W>variety</W><W>of</W><W>techniques</W><W>.</W></SENTENCE><SENTENCE><W>Mathematicians</W><W>are</W><W>sure</W><W>to</W><W>love</W><W>this</W><W>book</W><W>!</W></SENTENCE><SENTENCE><W>I</W><W>enjoyed</W><W>it</W><W>because</W><W>many</W><W>of</W><W>the</W><W>clues</W><W>involved</W><W>two</W><W>of</W><W>my</W><W>favorite</W><W>subjects</W><W>:</W><W>art</W><W>history</W><W>and</W><W>theology</W><W>.</W></SENTENCE></P><P></P><P><SENTENCE><W>According</W><W>to</W><W>a</W><W>one-page</W><W>intro</W><W>,</W><W>The</W><W>Da</W><W>Vinci</W><W>Code</W><W>involves</W><W>actual</W><W>groups</W><W>and</W><W>historical</W><W>events</W><W>.</W></SENTENCE><SENTENCE><W>The</W><W>Catholic</W><W>Church</W><W>,</W><W>which</W><W>has</W><W>enough</W><W>public</W><W>embarrassments</W><W>to</W><W>make</W><W>it</W><W>a</W><W>viable</W><W>topic</W><W>for</W><W>any</W><W>mystery</W><W>novel</W><W>,</W><W>and</W><W>Opus</W><W>Dei</W><W>,</W><W>which</W><W>received</W><W>much</W><W>attention</W><W>due</W><W>to</W><W>FBI</W><W>spy</W><W>Robert</W><W>Hanssen</W><W>,</W><W>figure</W><W>prominently</W><W>into</W><W>the</W><W>plot</W><W>.</W></SENTENCE><SENTENCE><W>Toss</W><W>in</W><W>lots</W><W>of</W><W>talk</W><W>about</W><W>the</W><W>Priory</W><W>of</W><W>Sion</W><W>and</W><W>Leonardo</W><W>da</W><W>Vinci</W><W>&#39;s</W><W>use</W><W>of</W><W>symbolism</W><W>in</W><W>his</W><W>art</W><W>,</W><W>and</W><W>you</W><W>have</W><W>a</W><W>conspiracy</W><W>theorist</W><W>&#39;s</W><W>wet</W><W>dream</W><W>.</W></SENTENCE></P><P></P><P><SENTENCE><W>This</W><W>leads</W><W>to</W><W>my</W><W>one</W><W>caution</W><W>about</W><W>this</W><W>book</W><W>.</W></SENTENCE><SENTENCE><W>The</W><W>Da</W><W>Vinci</W><W>Code</W><W>presents</W><W>some</W><W>alternative</W><W>interpretations</W><W>of</W><W>religious</W><W>history</W><W>and</W><W>involves</W><W>paganism</W><W>.</W></SENTENCE><SENTENCE><W>Ultra-conservative</W><W>Christians</W><W>(</W><W>or</W><W>those</W><W>who</W><cue COMMENTS="" ID="33" type="negation"><W>are</W><W>n&#39;t</W></cue><xcope COMMENTS="" ID="37"><ref COMMENTS="" ID="40" SRC="33"></ref><W>secure</W><W>in</W><W>what</W><W>they</W><W>believe</W></xcope><W>)</W><W>may</W><W>want</W><W>to</W><W>steer</W><W>clear</W><W>of</W><W>this</W><W>one</W><W>.</W></SENTENCE></P><P></P><P><SENTENCE><W>Since</W><W>I</W><W>finished</W><W>The</W><W>Da</W><W>Vinci</W><W>Code</W><W>,</W><W>I</W><W>&#39;ve</W><W>discovered</W><W>that</W><W>this</W><cue COMMENTS="" ID="34" type="negation"><W>is</W><W>n&#39;t</W></cue><xcope COMMENTS="" ID="38"><ref COMMENTS="" ID="41" SRC="34"></ref><W>the</W><W>first</W><W>Dan</W><W>Brown</W><W>novel</W><W>in</W><W>which</W><W>Robert</W><W>Langdon</W><W>has</W><W>appeared</W></xcope><W>,</W><cue COMMENTS="" ID="36" type="negation"><W>nor</W></cue><xcope COMMENTS="" ID="39"><ref COMMENTS="" ID="42" SRC="36"></ref><W>will</W><W>it</W><W>be</W><W>the</W><W>last</W></xcope><W>.</W></SENTENCE><SENTENCE><W>Langdon</W><W>first</W><W>appeared</W><W>in</W><W>Angels</W><W>and</W><W>Demons</W><W>(</W><W>2001</W><W>)</W><W>,</W><W>and</W><W>Brown</W><W>plans</W><W>to</W><W>write</W><W>more</W><W>books</W><W>with</W><W>Langdon</W><W>in</W><W>them</W><W>.</W></SENTENCE><SENTENCE><W>Lucky</W><W>for</W><W>us</W><W>geeks</W><W>!</W></SENTENCE></P><P></P><P><SENTENCE><W>The</W><W>Da</W><W>Vinci</W><W>Code</W><W>really</W><W>is</W><W>a</W><W>terrific</W><W>book</W><W>.</W></SENTENCE><SENTENCE><W>While</W><W>I</W><W>figured</W><W>out</W><W>some</W><W>of</W><W>the</W><W>clues</W><W>before</W><W>the</W><W>characters</W><W>in</W><W>the</W><W>book</W><W>did</W><W>,</W><W>I</W><W>was</W><W>still</W><W>surprised</W><W>and</W><W>fascinated</W><W>throughout</W><W>the</W><W>book</W><W>.</W></SENTENCE><SENTENCE><W>Take</W><W>my</W><W>advice</W><W>.</W></SENTENCE><SENTENCE><W>Heck</W><W>,</W><W>take</W><W>my</W><W>husband</W><W>&#39;s</W><W>!</W></SENTENCE><SENTENCE><W>Read</W><W>it</W><W>!</W><W>.</W></SENTENCE></P></DOCUMENT>
