<?xml version="1.0" encoding="UTF-8"?>
<DOCUMENT><P></P><P><SENTENCE><W>I</W><W>saw</W><W>The</W><W>Da</W><W>Vinci</W><W>Code</W><W>advertised</W><W>on</W><W>my</W><W>local</W><W>television</W><W>station</W><W>and</W><W>I</W><W>had</W><W>to</W><W>give</W><W>it</W><W>a</W><W>try</W><W>.</W></SENTENCE></P><P></P><P><SENTENCE><W>It</W><W>is</W><W>,</W><cue ID="1" type="negation"><W>without</W></cue><xcope ID="2"><ref ID="3" SRC="1"></ref><W>a</W><W>doubt</W></xcope><W>,</W><W>the</W><W>best</W><W>book</W><W>I</W><W>have</W><W>read</W><W>in</W><W>at</W><W>least</W><W>two</W><W>years</W><W>,</W><W>and</W><W>DEFINITELY</W><W>the</W><W>best</W><W>book</W><W>out</W><W>right</W><W>now</W><W>.</W></SENTENCE></P><P></P><P><SENTENCE><W>The</W><W>novel</W><W>focuses</W><W>on</W><W>Langdon</W><W>,</W><W>a</W><W>Harvard</W><W>Symbology</W><W>professor</W><W>,</W><W>who</W><W>has</W><W>traveled</W><W>to</W><W>France</W><W>in</W><W>order</W><W>to</W><W>receive</W><W>an</W><W>award</W><W>or</W><W>attend</W><W>a</W><W>conference</W><W>or</W><W>something</W><W>(</W><W>I</W><W>honestly</W><cue ID="4" type="negation"><W>do</W><W>n&#39;t</W></cue><xcope ID="5"><ref ID="6" SRC="4"></ref><W>remember</W><W>what</W><W>brought</W><W>him</W><W>to</W><W>France</W></xcope><W>)</W><W>.</W></SENTENCE></P><P></P><P><SENTENCE><W>He</W><W>called</W><W>on</W><W>by</W><W>the</W><W>French</W><W>police</W><W>in</W><W>order</W><W>to</W><W>give</W><W>his</W><W>opinion</W><W>on</W><W>a</W><W>recent</W><W>murder</W><W>.</W></SENTENCE><SENTENCE><W>The</W><W>murdered</W><W>also</W><W>happens</W><W>to</W><W>be</W><W>a</W><W>curator</W><W>for</W><W>the</W><W>Louvre</W><W>Museum</W><W>in</W><W>Paris</W><W>,</W><W>and</W><W>he</W><W>also</W><W>happens</W><W>to</W><W>be</W><W>a</W><W>man</W><W>that</W><W>Langdon</W><W>was</W><W>scheduled</W><W>to</W><W>meet</W><W>with</W><W>.</W></SENTENCE><SENTENCE><W>The</W><W>reason</W><W>behind</W><W>this</W><W>scheduled</W><W>meeting</W><W>is</W><W>one</W><W>of</W><W>the</W><W>many</W><W>mysteries</W><W>to</W><W>be</W><W>revealed</W><W>as</W><W>you</W><W>read</W><W>through</W><W>the</W><W>book</W><W>.</W></SENTENCE></P><P></P><P><SENTENCE><W>I</W><cue ID="7" type="negation"><W>do</W><W>n&#39;t</W></cue><xcope ID="8"><ref ID="9" SRC="7"></ref><W>want</W><W>to</W><W>give</W><W>much</W><W>of</W><W>it</W><W>away</W></xcope><W>,</W><W>because</W><W>the</W><W>book</W><W>is</W><W>written</W><W>in</W><W>several</W><W>&#34;phases</W><W>.</W><W>&#34;</W></SENTENCE><SENTENCE><W>Although</W><W>the</W><W>entirety</W><W>of</W><W>the</W><W>story</W><W>takes</W><W>place</W><W>within</W><W>just</W><W>over</W><W>48</W><W>hours</W><W>,</W><W>each</W><W>phase</W><W>reveals</W><W>more</W><W>information</W><W>,</W><W>and</W><W>slowly</W><W>the</W><W>story</W><W>unfolds</W><W>hour</W><W>by</W><W>hour</W><W>(</W><W>and</W><W>I</W><W>mean</W><W>that</W><W>quite</W><W>literally</W><W>)</W><W>.</W></SENTENCE></P><P></P><P><SENTENCE><W>The</W><W>murdered</W><W>man</W><W>leaves</W><W>behind</W><W>a</W><W>puzzling</W><W>code</W><W>,</W><W>and</W><W>as</W><W>the</W><W>reader</W><W>you</W><W>really</W><W>find</W><W>yourself</W><W>pondering</W><W>the</W><W>code</W><W>.</W></SENTENCE><SENTENCE><W>The</W><W>first</W><W>code</W><W>leads</W><W>to</W><W>a</W><W>second</W><W>code</W><W>,</W><W>and</W><W>so</W><W>on</W><W>and</W><W>so</W><W>forth</W><W>...and</W><W>as</W><W>the</W><W>book</W><W>progresses</W><W>you</W><W>find</W><W>yourself</W><W>trying</W><W>to</W><W>solve</W><W>the</W><W>codes</W><W>,</W><W>it</W><W>really</W><W>keeps</W><W>you</W><W>hooked</W><W>.</W></SENTENCE></P><P></P><P><SENTENCE><W>Once</W><W>you</W><W>figure</W><W>out</W><W>one</W><W>code</W><W>,</W><W>suddenly</W><W>you</W><W>&#39;re</W><W>thrown</W><W>into</W><W>another</W><W>phase</W><W>of</W><W>the</W><W>book</W><W>,</W><W>still</W><W>puzzled</W><W>with</W><W>the</W><W>mysterious</W><W>happenings</W><W>that</W><W>you</W><W>are</W><W>reading</W><W>about</W><W>.</W></SENTENCE></P><P></P><P><SENTENCE><W>This</W><W>book</W><W>is</W><W>wonderfully</W><W>written</W><W>and</W><W>is</W><W>so</W><W>obviously</W><W>well</W><W>researched</W><W>that</W><W>I</W><W>found</W><W>myself</W><W>amazed</W><W>at</W><W>the</W><W>small</W><W>details</W><W>.</W></SENTENCE><SENTENCE><W>They</W><W>say</W><W>to</W><W>write</W><W>what</W><W>you</W><W>know</W><W>,</W><W>and</W><W>Dan</W><W>Brown</W><W>&#39;s</W><W>knowledge</W><W>of</W><W>the</W><W>early</W><W>church</W><W>,</W><W>art</W><W>and</W><W>history</W><W>really</W><W>shines</W><W>through</W><W>in</W><W>this</W><W>tale</W><W>.</W></SENTENCE><SENTENCE><W>It</W><W>sparks</W><W>a</W><W>lot</W><W>of</W><W>thought</W><W>,</W><W>and</W><W>is</W><W>such</W><W>a</W><W>good</W><W>conversation</W><W>piece</W><W>...especially</W><W>for</W><W>those</W><W>of</W><W>us</W><W>who</W><W>have</W><W>a</W><W>lot</W><W>of</W><W>interest</W><W>in</W><W>the</W><W>history</W><W>of</W><W>the</W><W>Church</W><W>and</W><W>its</W><W>controversies</W><W>.</W></SENTENCE></P><P></P><P><SENTENCE><W>Although</W><W>the</W><W>book</W><W>was</W><W>engaging</W><W>and</W><W>an</W><W>overall</W><W>fast</W><W>read</W><W>,</W><W>there</W><W>were</W><W>a</W><W>few</W><W>minor</W><W>&#34;</W><W>complaints</W><W>&#34;</W><W>on</W><W>my</W><W>part</W><W>.</W></SENTENCE><SENTENCE><W>Many</W><W>of</W><W>you</W><W>will</W><W>feel</W><W>as</W><W>if</W><W>the</W><W>writer</W><W>is</W><W>underestimating</W><W>his</W><W>audience</W><W>,</W><W>in</W><W>that</W><W>some</W><W>clues</W><W>are</W><W>so</W><W>very</W><W>obvious</W><W>to</W><W>the</W><W>reader</W><W>,</W><W>you</W><cue ID="36" type="negation"><W>ca</W><W>n&#39;t</W></cue><xcope ID="37"><ref COMMENTS="" ID="38" SRC="36"></ref><W>help</W><W>but</W><W>want</W><W>to</W><W>smack</W><W>the</W><W>main</W><W>characters</W><W>aside</W><W>the</W><W>head</W><W>to</W><W>give</W><W>them</W><W>a</W><W>clue</W></xcope><W>.</W></SENTENCE><SENTENCE><W>Many</W><W>times</W><W>I</W><W>found</W><W>myself</W><W>thinking</W><W>something</W><W>,</W><W>and</W><W>then</W><W>putting</W><W>it</W><W>aside</W><W>because</W><W>it</W><cue ID="11" type="speculation"><W>seemed</W></cue><xcope ID="23"><ref COMMENTS="" ID="26" SRC="11"></ref><xcope ID="22"><ref COMMENTS="" ID="25" SRC="20"></ref><W>bit</W><W>too</W><W>obvious</W></xcope><W>,</W><cue ID="20" type="speculation"><W>or</W></cue><xcope ID="21"><ref COMMENTS="" ID="24" SRC="20"></ref><W>even</W><W>far</W><W>fetched</W><W>at</W><W>times</W></xcope></xcope><W>,</W><W>then</W><W>a</W><W>character</W><W>will</W><W>pipe</W><W>up</W><W>with</W><W>the</W><W>same</W><W>idea</W><W>and</W><W>suddenly</W><W>it</W><W>all</W><W>clicks</W><W>into</W><W>place</W><W>.</W></SENTENCE><SENTENCE><W>Also</W><W>,</W><W>I</W><cue ID="12" type="negation"><W>do</W><W>n&#39;t</W></cue><xcope ID="18"><ref ID="24" SRC="12"></ref><W>recommend</W><W>this</W><W>book</W><W>if</W><W>you</W><W>are</W><W>looking</W><W>for</W><W>a</W><W>novel</W><W>with</W><W>a</W><W>lot</W><W>of</W><W>character</W><W>development</W></xcope><W>,</W><W>the</W><W>bulk</W><W>of</W><W>this</W><W>book</W><W>is</W><W>spent</W><W>on</W><W>explaining</W><W>events</W><W>in</W><W>history</W><W>,</W><W>theories</W><W>,</W><W>and</W><W>describing</W><W>controversial</W><W>opinions</W><W>on</W><W>many</W><W>areas</W><W>...there</W><cue ID="13" type="negation"><W>is</W><W>n&#39;t</W></cue><xcope ID="19"><ref ID="25" SRC="13"></ref><W>a</W><W>lot</W><W>of</W><W>character</W><W>development</W></xcope><W>.</W></SENTENCE><SENTENCE><W>In</W><W>fact</W><W>,</W><W>I</W><W>think</W><W>the</W><W>best</W><W>developed</W><W>character</W><W>was</W><W>the</W><W>English</W><W>man</W><W>,</W><W>a</W><W>&#34;</W><W>supporting</W><W>role</W><W>&#34;</W><W>if</W><W>you</W><W>will</W><W>.</W></SENTENCE><SENTENCE><W>In</W><W>that</W><W>sense</W><W>,</W><W>you</W><cue ID="14" type="negation"><W>do</W><W>n&#39;t</W></cue><xcope ID="20"><ref ID="26" SRC="14"></ref><W>feel</W><W>as</W><W>if</W><W>you</W><W>&#34;know</W><W>&#34;</W><W>Robert</W><W>Langdon</W><W>by</W><W>the</W><W>end</W><W>of</W><W>the</W><W>novel</W></xcope><W>.</W></SENTENCE><SENTENCE><W>I</W><W>also</W><W>felt</W><W>there</W><W>was</W><W>sort</W><W>of</W><W>a</W><W>minor</W><W>problem</W><W>with</W><W>an</W><W>underdeveloped</W><W>sub-plot</W><W>(</W><W>I</W><cue ID="15" type="negation"><W>wo</W><W>n&#39;t</W></cue><xcope ID="21"><ref ID="27" SRC="15"></ref><W>give</W><W>it</W><W>away</W></xcope><W>,</W><W>but</W><W>we</W><W>know</W><W>what</W><W>sub-plots</W><W>usually</W><W>involve</W><W>)</W><W>.</W></SENTENCE></P><P></P><P><SENTENCE><W>Other</W><W>than</W><W>that</W><W>,</W><W>the</W><W>book</W><W>is</W><W>definitely</W><W>a</W><cue ID="28" type="speculation"><W>must</W></cue><xcope ID="32"><ref ID="36" SRC="28"></ref><W>read</W></xcope><W>,</W><W>and</W><W>I</W><cue ID="29" type="speculation"><W>would</W></cue><xcope ID="39"><ref COMMENTS="" ID="40" SRC="29"></ref><W>recommend</W><W>it</W><W>to</W><W>anyone</W></xcope><W>who</W><cue ID="30" type="negation"><W>does</W><W>n&#39;t</W></cue><xcope ID="34"><ref ID="39" SRC="29"></ref><W>have</W><W>a</W><W>problem</W><W>reading</W><W>about</W><W>the</W><W>controversial</W><W>issues</W><W>regarding</W><W>the</W><W>truth</W><W>of</W><W>the</W><W>Church</W></xcope><W>.</W></SENTENCE><SENTENCE><cue ID="41" type="speculation"><W>If</W></cue><xcope ID="42"><ref COMMENTS="" ID="43" SRC="41"></ref><W>you</W><cue ID="31" type="negation"><W>have</W><W>n&#39;t</W></cue><xcope ID="35"><ref ID="40" SRC="31"></ref><W>read</W><W>about</W><W>non-traditional</W><W>Church</W><W>history</W><W>already</W></xcope></xcope><W>,</W><W>the</W><W>book</W><W>may</W><W>actually</W><W>be</W><W>a</W><W>slap</W><W>in</W><W>the</W><W>face</W><W>.</W></SENTENCE></P></DOCUMENT>
