<?xml version="1.0" encoding="UTF-8"?>
<DOCUMENT><P></P><P><SENTENCE><W>First</W><W>of</W><W>all</W><W>let</W><W>me</W><W>say</W><W>that</W><W>I</W><W>am</W><W>a</W><W>die</W><W>hard</W><W>Grisham</W><W>fan</W><W>and</W><W>I</W><W>am</W><W>a</W><W>Mississippian</W><W>,</W><W>but</W><W>I</W><W>have</W><W>to</W><W>tell</W><W>you</W><W>that</W><W>I</W><W>was</W><W>very</W><W>disappointed</W><W>in</W><W>this</W><W>book</W><W>to</W><W>begin</W><W>with</W><W>.</W></SENTENCE></P><P></P><P><SENTENCE><W>It</W><W>is</W><W>very</W><W>far</W><W>removed</W><W>from</W><W>most</W><W>of</W><W>JG</W><W>&#39;s</W><W>work</W><W>and</W><W>I</W><W>was</W><cue COMMENTS="" ID="0" type="negation"><W>not</W></cue><xcope COMMENTS="" ID="2"><ref COMMENTS="" ID="4" SRC="0"></ref><W>prepared</W><W>for</W><W>it</W></xcope><W>!</W></SENTENCE></P><P></P><P><SENTENCE><W>The</W><W>story</W><W>-</W><cue COMMENTS="" ID="1" type="speculation"><W>seeming</W></cue><xcope COMMENTS="" ID="3"><ref COMMENTS="" ID="5" SRC="1"></ref><W>almost</W><W>autobiographical</W></xcope><W>-</W><W>focuses</W><W>on</W><W>a</W><W>seven</W><W>year</W><W>old</W><W>boy</W><W>&#34;</W><W>Luke</W><W>&#34;</W><W>and</W><W>his</W><W>family</W><W>the</W><W>&#34;</W><W>Chandlers</W><W>.</W><W>&#34;</W></SENTENCE><SENTENCE><W>Luke</W><W>was</W><W>born</W><W>and</W><W>raised</W><W>in</W><W>the</W><W>cotton</W><W>fields</W><W>and</W><W>at</W><W>seven</W><W>years</W><W>old</W><W>he</W><W>picks</W><W>almost</W><W>a</W><W>hundred</W><W>pounds</W><W>of</W><W>cotton</W><W>a</W><W>day</W><W>.</W></SENTENCE></P><P></P><P><SENTENCE><W>Farming</W><W>the</W><W>Delta</W><W>is</W><cue COMMENTS="" ID="6" type="negation"><W>not</W></cue><xcope COMMENTS="" ID="10"><ref COMMENTS="" ID="14" SRC="6"></ref><W>an</W><W>easy</W><W>thing</W></xcope><W>and</W><W>we</W><W>learn</W><W>through</W><W>this</W><W>tale</W><W>that</W><W>even</W><W>a</W><W>good</W><W>harvest</W><cue COMMENTS="" ID="7" type="speculation"><W>can</W></cue><xcope COMMENTS="" ID="11"><ref COMMENTS="" ID="15" SRC="7"></ref><W>be</W><W>doomed</W></xcope><W>!</W></SENTENCE><SENTENCE><W>The</W><W>passages</W><W>were</W><W>very</W><W>descriptive</W><W>and</W><W>interesting</W><W>for</W><W>the</W><W>most</W><W>part</W><W>.</W></SENTENCE></P><P></P><P><SENTENCE><W>In</W><W>the</W><W>story</W><W>,</W><W>Luke</W><W>is</W><W>witness</W><W>to</W><W>racial</W><W>tension</W><W>,</W><W>the</W><W>birth</W><W>of</W><W>his</W><W>illegitimate</W><W>cousin</W><W>,</W><W>the</W><W>murder</W><W>of</W><W>a</W><W>local</W><W>bully</W><W>(</W><W>out</W><W>behind</W><W>the</W><W>cotton</W><W>gin</W><W>)</W><W>and</W><W>the</W><W>murder</W><W>of</W><W>a</W><W>field</W><W>hand</W><W>.</W></SENTENCE><SENTENCE><W>There</W><W>are</W><cue COMMENTS="" ID="8" type="negation"><W>no</W></cue><xcope COMMENTS="" ID="12"><ref COMMENTS="" ID="16" SRC="8"></ref><W>court</W><W>room</W><W>scenes</W></xcope><W>as</W><W>he</W><cue COMMENTS="" ID="9" type="negation"><W>never</W></cue><xcope COMMENTS="" ID="13"><ref COMMENTS="" ID="17" SRC="9"></ref><W>tells</W><W>anyone</W></xcope><W>but</W><W>his</W><W>grandfather</W><W>what</W><W>he</W><W>has</W><W>witnessed</W><W>and</W><W>Grandpappy</W><W>deems</W><W>it</W><W>&#34;</W><W>their</W><W>little</W><W>secret</W><W>.</W><W>&#34;</W></SENTENCE></P><P></P><P><SENTENCE><W>Life</W><W>in</W><W>the</W><W>Delta</W><W>was</W><W>tough</W><W>and</W><W>the</W><W>passages</W><W>are</W><W>nostalgic</W><W>in</W><W>the</W><W>descriptions</W><W>of</W><W>sitting</W><W>on</W><W>the</W><W>porch</W><W>in</W><W>the</W><W>evening</W><W>heat</W><W>listening</W><W>to</W><W>the</W><W>ball</W><W>games</W><W>and</W><W>dreaming</W><W>of</W><W>being</W><W>a</W><W>Cardinal</W><W>Baseball</W><W>player</W><W>one</W><W>day</W><W>.</W></SENTENCE></P><P></P><P><SENTENCE><W>Lukes</W><W>mother</W><W>dreams</W><W>of</W><W>a</W><W>better</W><W>life</W><W>for</W><W>her</W><W>and</W><W>her</W><W>family</W><W>and</W><W>I</W><W>hope</W><W>that</W><W>they</W><W>got</W><W>it</W><W>-</W><W>and</W><W>I</W><cue COMMENTS="" ID="18" type="speculation"><W>would</W></cue><xcope COMMENTS="" ID="20"><ref COMMENTS="" ID="22" SRC="18"></ref><W>have</W><W>appreciated</W><W>finding</W><W>out</W></xcope><W>-</W><W>but</W><W>the</W><W>ending</W><W>is</W><W>rather</W><W>open</W><W>and</W><W>leaves</W><W>many</W><W>questions</W><W>...like</W><W>what</W><W>happened</W><W>to</W><W>Uncle</W><W>Ricky</W><W>-</W><W>did</W><W>he</W><W>make</W><W>it</W><W>back</W><W>from</W><W>the</W><W>war</W><W>?</W></SENTENCE><SENTENCE><W>Did</W><W>he</W><W>give</W><W>his</W><W>child</W><W>his</W><W>name</W><W>?</W></SENTENCE><SENTENCE><W>Did</W><W>Luke</W><W>and</W><W>his</W><W>family</W><W>find</W><W>the</W><W>&#34;</W><W>good</W><W>life</W><W>&#34;</W><W>after</W><W>they</W><W>moved</W><W>north</W><W>and</W><W>did</W><W>he</W><W>ever</W><W>get</W><W>that</W><W>Cardinals</W><W>jacket</W><W>?</W><W>?</W><W>?</W><W>?</W></SENTENCE></P><P></P><P><SENTENCE><W>It</W><W>is</W><W>an</W><W>interesting</W><W>book</W><W>if</W><W>you</W><W>can</W><W>look</W><W>at</W><W>it</W><W>with</W><W>out</W><W>expecting</W><W>the</W><W>Grisham</W><W>&#34;law</W><W>and</W><W>order</W><W>&#34;</W><W>style</W><W>.</W></SENTENCE><SENTENCE><W>But</W><W>given</W><W>the</W><W>content</W><W>,</W><W>this</W><W>is</W><W>one</W><W>I</W><cue COMMENTS="" ID="19" type="speculation"><W>would</W></cue><xcope COMMENTS="" ID="21"><ref COMMENTS="" ID="23" SRC="19"></ref><W>have</W><W>gotten</W><W>at</W><W>the</W><W>library</W></xcope><W>instead</W><W>of</W><W>spending</W><W>the</W><W>money</W><W>for</W><W>the</W><W>hard</W><W>back</W><W>for</W><W>my</W><W>Grisham</W><W>collection</W><W>.</W></SENTENCE></P></DOCUMENT>
