<?xml version="1.0" encoding="UTF-8"?>
<DOCUMENT><DESC></DESC><TIME>146</TIME><P></P><P><SENTENCE><W>Janet</W><W>Evanovichs</W><W>series</W><W>of</W><W>books</W><W>starring</W><W>Stephanie</W><W>Plum</W><W>,</W><W>an</W><W>inept</W><W>bounty</W><W>hunter</W><W>,</W><W>was</W><W>one</W><W>of</W><W>the</W><W>most</W><W>enjoyable</W><W>books</W><W>Ive</W><W>read</W><W>in</W><W>a</W><W>while</W><W>.</W></SENTENCE><SENTENCE><W>Things</W><W>get</W><W>moving</W><W>right</W><W>away</W><W>,</W><W>with</W><W>everything</W><W>happening</W><W>to</W><W>poor</W><W>Stephanie</W><W>.</W></SENTENCE><SENTENCE><W>But</W><W>,</W><W>I</W><W>found</W><W>myself</W><W>laughing</W><W>out</W><W>loud</W><W>many</W><W>times</W><W>while</W><W>reading</W><W>this</W><W>book</W><W>.</W></SENTENCE></P><P></P><P><SENTENCE><W>Stephanie</W><W>has</W><W>some</W><W>problems</W><W>that</W><W>have</W><W>cropped</W><W>up</W><W>over</W><W>and</W><W>over</W><W>in</W><W>all</W><W>the</W><W>books</W><W>in</W><W>this</W><W>series</W><W>:</W></SENTENCE></P><P></P><P><SENTENCE><W>She</W><W>has</W><W>too</W><W>many</W><W>hormones</W><W></W><W>and</W><W>they</W><W>make</W><W>her</W><W>lust</W><W>after</W><W>two</W><W>men</W><W>:</W><W>Joe</W><W>Morelli</W><W>,</W><W>the</W><W>cop</W><W>who</W><W>shes</W><W>known</W><W>since</W><W>childhood</W><W>,</W><W>and</W><W>Ranger</W><W>,</W><W>the</W><W>super</W><W>sexy</W><W>,</W><W>dangerous</W><W>and</W><W>mysterious</W><W>bounty</W><W>hunter</W><W>.</W></SENTENCE><SENTENCE><xcope ID="51"><ref COMMENTS="" ID="52" SRC="0"></ref><W>Both</W><W>men</W></xcope><cue ID="0" type="speculation"><W>seem</W></cue><xcope ID="6"><ref ID="10" SRC="0"></ref><W>interested</W><W>in</W><W>her</W></xcope><W>,</W><W>and</W><W>shes</W><cue ID="1" type="negation"><W>not</W></cue><xcope ID="7"><ref ID="11" SRC="1"></ref><W>too</W><W>sure</W><W>what</W><W>to</W><W>do</W><W>about</W><W>it</W></xcope><W>.</W></SENTENCE><SENTENCE><W>In</W><W>this</W><W>book</W><W>,</W><W>however</W><W>,</W><W>she</W><cue ID="2" type="negation"><W>does</W><W>nt</W></cue><xcope ID="43"><ref COMMENTS="" ID="45" SRC="2"></ref><cue ID="3" type="speculation"><W>seem</W></cue><xcope ID="42"><ref COMMENTS="" ID="44" SRC="3"></ref><W>to</W><W>get</W><W>much</W><W>chance</W><W>to</W><W>do</W><W>anything</W></xcope></xcope><W>,</W><W>even</W><cue ID="46" type="speculation"><W>if</W></cue><xcope ID="47"><ref ID="48" SRC="46"></ref><W>she</W><W>wanted</W><W>to</W></xcope><W>.</W></SENTENCE></P><P></P><P><SENTENCE><W>Something</W><W>keeps</W><W>happening</W><W>to</W><W>her</W><W>cars</W><W>.</W></SENTENCE><SENTENCE><W>The</W><W>only</W><W>car</W><W>Stephanie</W><cue ID="4" type="speculation"><W>can</W></cue><xcope ID="50"><ref COMMENTS="" ID="52" SRC="4"></ref><cue ID="5" type="speculation"><W>seem</W></cue><xcope ID="49"><ref COMMENTS="" ID="51" SRC="5"></ref><W>to</W><W>keep</W><W>undamaged</W><W>is</W><W>Big</W><W>Blue</W></xcope></xcope><W>,</W><W>the</W><W>big</W><W>old</W><W>boat</W><W>of</W><W>a</W><W>car</W><W>that</W><W>her</W><W>grandmother</W><W>lets</W><W>her</W><W>drive</W><W>when</W><W>she</W><W>is</W><W>out</W><W>of</W><W>a</W><W>vehicle</W><W>.</W></SENTENCE></P><P></P><P><SENTENCE><W>Stephanie</W><W>became</W><W>a</W><W>bounty</W><W>hunter</W><W>when</W><W>she</W><W>lost</W><W>her</W><W>job</W><W>.</W></SENTENCE><SENTENCE><W>She</W><W>is</W><W>absolutely</W><cue ID="16" type="negation"><W>not</W></cue><xcope ID="20"><ref ID="23" SRC="16"></ref><W>qualified</W></xcope><W>,</W><W>but</W><W>the</W><W>boss</W><W>is</W><W>her</W><W>cousin</W><W>.</W></SENTENCE><SENTENCE><W>Usually</W><W>,</W><W>she</W><W>gets</W><W>the</W><W>easy</W><W>jobs</W><W>.</W></SENTENCE><SENTENCE><W>But</W><W>this</W><W>time</W><W>,</W><W>her</W><W>boss</W><W>wants</W><W>her</W><W>to</W><W>go</W><W>after</W><W>Ranger</W><W>.</W></SENTENCE><SENTENCE><cue ID="17" type="negation"><W>No</W></cue><xcope ID="21"><ref ID="24" SRC="17"></ref><W>dummy</W></xcope><W>,</W><W>Stephanie</W><W>absolutely</W><W>refuses</W><W>,</W><W>even</W><W>though</W><W>that</W><W>means</W><W>her</W><W>archenemy</W><W>Joyce</W><W>will</W><W>get</W><W>the</W><W>job</W><W>instead</W><W>.</W></SENTENCE></P><P></P><P><SENTENCE><W>Stephanie</W><W>has</W><W>a</W><W>whole</W><W>new</W><W>set</W><W>of</W><W>problems</W><W>now</W><W>.</W></SENTENCE><SENTENCE><W>First</W><W>,</W><W>Joyce</W><W>is</W><W>convinced</W><W>that</W><W>by</W><W>following</W><W>Stephanie</W><W>,</W><W>she</W><W>will</W><W>find</W><W>Ranger</W><W>.</W></SENTENCE><SENTENCE><W>Some</W><W>other</W><W>people</W><W>also</W><W>think</W><W>Stephanie</W><W>will</W><W>lead</W><W>them</W><W>to</W><W>Ranger</W><W>,</W><W>and</W><cue ID="53" type="speculation"><W>if</W></cue><cue ID="18" type="negation"><xcope ID="54"><ref COMMENTS="" ID="55" SRC="53"></ref><W>not</W></xcope></cue><W>,</W><W>she</W><cue ID="19" type="speculation"><W>can</W></cue><xcope ID="22"><ref ID="25" SRC="19"></ref><W>be</W><W>used</W><W>as</W><W>a</W><W>hostage</W></xcope><W>.</W></SENTENCE><SENTENCE><W>Everywhere</W><W>she</W><W>goes</W><W>,</W><W>these</W><W>men</W><W>are</W><W>following</W><W>her</W><W>.</W></SENTENCE><SENTENCE><W>She</W><W>comes</W><W>up</W><W>with</W><W>some</W><W>interesting</W><W>methods</W><W>of</W><W>ditching</W><W>her</W><W>followers</W><W>.</W></SENTENCE></P><P></P><P><SENTENCE><W>One</W><W>of</W><W>the</W><W>skips</W><W>she</W><W>is</W><W>sent</W><W>to</W><W>bring</W><W>in</W><W>keeps</W><W>trying</W><W>to</W><W>kill</W><W>her</W><W>.</W></SENTENCE><SENTENCE><W>(</W><W>By</W><W>the</W><W>way</W><W>way</W><W>,</W><W>that</W><W>s</W><W>the</W><W>naked</W><W>guy</W><W>with</W><W>the</W><W>plastic</W><W>bag</W><W>on</W><W>his</W><W>foot</W><W>.</W></SENTENCE><SENTENCE><W>She</W><W>finally</W><W>had</W><W>to</W><W>shoot</W><W>him</W><W>.</W><W>)</W></SENTENCE><SENTENCE><W>She</W><W>has</W><W>more</W><W>problems</W><W>with</W><W>the</W><W>all</W><W>of</W><W>her</W><W>skips</W><W>.</W></SENTENCE></P><P></P><P><SENTENCE><W>Stephanie</W><W>also</W><W>winds</W><W>up</W><W>with</W><W>two</W><W>unwanted</W><W>and</W><W>uninvited</W><W>roommates</W><W>:</W><W>Grandma</W><W>Mazur</W><W>and</W><W>a</W><W>dog</W><W>named</W><W>Bob</W><W>.</W></SENTENCE><SENTENCE><W>Grandma</W><W>is</W><W>one</W><W>of</W><W>my</W><W>favorite</W><W>characters</W><W>.</W></SENTENCE><SENTENCE><W>She</W><W>is</W><W>a</W><W>little</W><W>old</W><W>lady</W><W>who</W><W>just</W><W>wants</W><W>to</W><W>have</W><W>fun</W><W>.</W></SENTENCE><SENTENCE><W>She</W><W>has</W><W>her</W><W>own</W><W>gun</W><W>and</W><W>wants</W><W>to</W><W>be</W><W>involved</W><W>in</W><W>Stephanies</W><W>cases</W><W>.</W></SENTENCE><SENTENCE><W>Shes</W><W>also</W><W>on</W><W>the</W><W>lookout</W><W>for</W><W>a</W><W>new</W><W>boyfriend</W><W>.</W></SENTENCE><SENTENCE><W>The</W><W>dog</W><W>ends</W><W>up</W><W>in</W><W>her</W><W>life</W><W>accidentally</W><W>,</W><W>when</W><W>she</W><W>promises</W><W>to</W><W>dog</W><W>sit</W><W>to</W><W>help</W><W>out</W><W>a</W><W>friend</W><W>,</W><W>and</W><W>gets</W><W>stuck</W><W>with</W><W>the</W><W>dog</W><W>.</W></SENTENCE></P><P></P><P><SENTENCE><W>She</W><cue ID="26" type="negation"><W>cant</W></cue><xcope ID="27"><ref ID="28" SRC="26"></ref><W>get</W><W>a</W><W>good</W><W>nights</W><W>sleep</W></xcope><W>,</W><W>because</W><W>either</W><W>Grandma</W><W>is</W><W>snoring</W><W>or</W><W>somebody</W><W>is</W><W>breaking</W><W>into</W><W>her</W><W>house</W><W>and</W><W>waking</W><W>her</W><W>up</W><W>.</W></SENTENCE></P><P></P><P><SENTENCE><W>And</W><W>,</W><W>of</W><W>course</W><W>,</W><W>she</W><W>just</W><W>has</W><W>to</W><W>find</W><W>at</W><W>least</W><W>one</W><W>dead</W><W>person</W><W>,</W><W>and</W><W>be</W><W>attacked</W><W>at</W><W>least</W><W>a</W><W>few</W><W>times</W><W>to</W><W>keep</W><W>things</W><W>moving</W><W>.</W></SENTENCE></P><P></P><P><SENTENCE><W>This</W><W>book</W><W>brings</W><W>in</W><W>two</W><W>new</W><W>characters</W><W>who</W><W>are</W><W>sure</W><W>to</W><W>become</W><W>as</W><W>popular</W><W>as</W><W>Grandma</W><W>Mazur</W><W>.</W></SENTENCE><SENTENCE><W>Mooner</W><W>is</W><W>a</W><W>bond</W><W>skipper</W><W>who</W><W>she</W><W>was</W><W>sent</W><W>to</W><W>pick</W><W>up</W><W>.</W></SENTENCE><SENTENCE><W>He</W><W>keeps</W><W>popping</W><W>in</W><W>and</W><W>out</W><W>of</W><W>her</W><W>life</W><W>,</W><W>and</W><W>is</W><W>a</W><W>total</W><W>stoner</W><W>,</W><W>dude</W><W>.</W></SENTENCE><SENTENCE><W>He</W><W>shows</W><W>up</W><W>in</W><W>the</W><W>middle</W><W>of</W><W>the</W><W>night</W><W>to</W><W>drop</W><W>something</W><W>off</W><W>,</W><W>having</W><W>picked</W><W>the</W><W>lock</W><W>so</W><W>he</W><cue ID="29" type="speculation"><W>would</W><W>nt</W></cue><xcope ID="30"><ref ID="31" SRC="29"></ref><W>disturb</W><W>her</W></xcope><W>.</W></SENTENCE></P><P></P><P><SENTENCE><W>Dougie</W><W>the</W><W>Dealer</W><W>is</W><W>another</W><W>new</W><W>friend</W><W>she</W><W>inherits</W><W>through</W><W>Mooner</W><W>.</W></SENTENCE><SENTENCE><cue ID="32" type="negation"><W>No,</W></cue><W>Dougie</W><W>does</W><cue ID="33" type="negation"><W>not</W></cue><xcope ID="34"><ref ID="35" SRC="33"></ref><W>deal</W><W>drugs</W></xcope><W>(</W><W>except</W><W>Metamucil</W><W>)</W><W>,</W><W>but</W><W>he</W><W>does</W><W>deal</W><W>in</W><W>everything</W><W>else</W><W>.</W></SENTENCE><SENTENCE><W>He</W><W>helps</W><W>Stephanie</W><W>a</W><W>bit</W><W>in</W><W>this</W><W>book</W><W>,</W><W>and</W><W>even</W><W>sells</W><W>her</W><W>grandma</W><W>a</W><W>red</W><W>Corvette</W><W>.</W></SENTENCE></P><P></P><P><SENTENCE><W>If</W><W>it</W><W>s</W><cue ID="36" type="negation"><W>not</W></cue><xcope ID="39"><ref ID="42" SRC="36"></ref><W>one</W><W>thing</W></xcope><W>,</W><W>it</W><W>s</W><W>another</W><W>for</W><W>poor</W><W>Stephanie</W><W>.</W></SENTENCE><SENTENCE><W>She</W><W>just</W><cue ID="56" type="negation"><W>cant</W></cue><xcope ID="57"><ref COMMENTS="" ID="58" SRC="56"></ref><W>get</W><W>a</W><W>break</W></xcope><W>.</W></SENTENCE><SENTENCE><W>If</W><W>you</W><W>like</W><W>a</W><W>good</W><W>laugh</W><W>with</W><W>your</W><W>mysteries</W><W>,</W><W>this</W><W>is</W><W>the</W><W>book</W><W>for</W><W>you</W><W>.</W></SENTENCE><SENTENCE><W>I</W><W>suggest</W><W>reading</W><W>these</W><W>books</W><W>in</W><W>order</W><W>,</W><W>but</W><W>if</W><W>you</W><W>start</W><W>out</W><W>with</W><W>this</W><W>one</W><W>,</W><W>youll</W><W>be</W><W>able</W><W>to</W><W>follow</W><W>whats</W><W>going</W><W>on</W><cue ID="38" type="negation"><W>without</W></cue><xcope ID="41"><ref ID="44" SRC="38"></ref><W>knowing</W><W>the</W><W>background</W><W>of</W><W>the</W><W>other</W><W>books</W></xcope><W>.</W></SENTENCE></P></DOCUMENT>
