<?xml version="1.0" encoding="UTF-8"?>
<DOCUMENT><P></P><P><SENTENCE><W>I</W><cue ID="0" type="negation"><W>was</W><W>nt</W></cue><xcope ID="1"><ref ID="2" SRC="0"></ref><W>sure</W><W>what</W><W>to</W><W>expect</W><W>with</W><W>Hot</W><W>Six</W></xcope><W>,</W><W></W><W>the</W><W>first</W><W>of</W><W>Janet</W><W>Evanovichs</W><W>Stephanie</W><W>Plum</W><W>novels</W><W>that</W><W>Ive</W><W>read</W><W></W><W>although</W><W>it</W><W>is</W><W>not</W><W>the</W><W>first</W><W>book</W><W>in</W><W>the</W><W>series</W><W>.</W></SENTENCE><SENTENCE><W>Im</W><W>still</W><cue ID="62" type="speculation"><W>not</W><W>sure</W></cue><xcope ID="63"><ref COMMENTS="" ID="64" SRC="62"></ref><W>what</W><W>the</W><W>significance</W><W>of</W><W>the</W><W>title</W><W>is</W></xcope><W>but</W><W>I</W><W>do</W><W>know</W><W>that</W><W>all</W><W>the</W><W>Stephanie</W><W>Plum</W><W>novels</W><W>have</W><W>titles</W><W>with</W><W>numbers</W><W>in</W><W>them</W><W>;</W><W>the</W><W>next</W><W>book</W><W>after</W><W>Hot</W><W>Six</W><W></W><W>is</W><W>Seven</W><W>Up.</W><W></W></SENTENCE></P><P></P><P><SENTENCE><W>In</W><W>any</W><W>event</W><W>,</W><W>Hot</W><W>Six</W><W></W><W>is</W><W>a</W><W>delightful</W><W>laugh-out-loud</W><W>story</W><W>of</W><W>bumbling</W><W>bounty</W><W>hunter</W><W>Stephanie</W><W>Plum</W><W>,</W><W>who</W><W>plies</W><W>her</W><W>trade</W><W>among</W><W>the</W><W>common</W><W>crooks</W><W>in</W><W>Trenton</W><W>,</W><W>N.J</W><W>.</W></SENTENCE><SENTENCE><W>Even</W><W>as</W><W>she</W><W>finds</W><W>and</W><W>attempts</W><W>to</W><W>apprehend</W><W>bail</W><W>jumpers</W><W>,</W><W>she</W><W>deals</W><W>with</W><W>a</W><W>variety</W><W>of</W><W>personal</W><W>problems</W><W>that</W><W>include</W><W>a</W><W>spunky</W><W>grandmother</W><W>,</W><W>a</W><W>policeman/boyfriend</W><W>,</W><W>a</W><W>mysterious</W><W>man</W><W>who</W><W>pushes</W><W>all</W><W>the</W><W>right</W><W>buttons</W><W>on</W><W>Stephanie</W><W>,</W><W>and</W><W>a</W><W>large</W><W>zit</W><W>on</W><W>her</W><W>chin</W><W>.</W></SENTENCE><SENTENCE><W>She</W><W>also</W><W>has</W><W>very</W><W>bad</W><W>luck</W><W>with</W><W>cars</W><W>.</W></SENTENCE></P><P></P><P><SENTENCE><W>Ms.</W><W>Plum</W><W>is</W><W>around</W><W>30</W><W>years</W><W>old</W><W>and</W><cue ID="3" type="negation"><W>does</W><W>nt</W></cue><xcope ID="6"><ref ID="9" SRC="3"></ref><W>give</W><W>much</W><W>of</W><W>a</W><W>description</W><W>of</W><W>her</W><W>looks</W></xcope><W>,</W><W>but</W><W>she</W><cue ID="4" type="speculation"><W>must</W></cue><xcope ID="7"><ref ID="10" SRC="4"></ref><W>be</W><W>among</W><W>the</W><W>better</W><W>lookers</W><W>to</W><W>justify</W><W>the</W><W>attention</W><W>she</W><W>gets</W></xcope><W>.</W></SENTENCE></P><P></P><P><SENTENCE><W>The</W><W>book</W><W>starts</W><W>with</W><W>Stephanie</W><W>talking</W><W>an</W><W>old</W><W>female</W><W>acquaintance</W><W>down</W><W>from</W><W>jumping</W><W>off</W><W>a</W><W>bridge</W><W>,</W><W>telling</W><W>the</W><W>would-be</W><W>jumper</W><W>that</W><W>her</W><W>body</W><W>just</W><cue COMMENTS="" ID="5" type="negation"><W>wont</W></cue><xcope ID="8"><ref ID="11" SRC="5"></ref><W>look</W><W>good</W><W>in</W><W>a</W><W>dress</W><W>when</W><W>it</W><W>s</W><W>found</W></xcope><W></W><W>wearing</W><W>slacks</W><W>is</W><W>the</W><W>right</W><W>way</W><W>to</W><W>dress</W><W>for</W><W>this</W><W>particular</W><W>form</W><W>of</W><W>suicide</W><W>.</W></SENTENCE><SENTENCE><W>Her</W><W>first</W><W>bounty-hunter</W><W>case</W><W>is</W><W>to</W><W>track</W><W>down</W><W>the</W><W>Mooner</W><W>,</W><W></W><W>a</W><W>drugged-out</W><W>modern-day</W><W>hippie</W><W>who</W><W>manages</W><W>to</W><W>avoid</W><W>work</W><W>even</W><W>as</W><W>he</W><W>takes</W><W>lifes</W><W>ups</W><W>and</W><W>downs</W><W>in</W><W>stride</W><W>.</W></SENTENCE><SENTENCE><W>Mooner</W><W>simply</W><W>forgot</W><W>to</W><W>show</W><W>up</W><W>for</W><W>his</W><W>court</W><W>appointment</W><W></W><W>as</W><cue ID="67" type="speculation"><W>if</W></cue><xcope ID="68"><ref COMMENTS="" ID="70" SRC="67"></ref><W>he</W><cue ID="65" type="speculation"><W>could</W></cue><xcope ID="66"><ref COMMENTS="" ID="69" SRC="65"></ref><W>ever</W><W>remember</W></xcope></xcope><W></W><W>and</W><W>peacefully</W><W>goes</W><W>to</W><W>the</W><W>police</W><W>station</W><W>with</W><W>Stephanie</W><W>.</W></SENTENCE><SENTENCE><W>While</W><W>there</W><W>,</W><W>he</W><W>manages</W><W>to</W><W>torch</W><W>Stephanies</W><W>car</W><W>but</W><W>cheerfully</W><W>offers</W><W>to</W><W>find</W><W>her</W><W>another</W><W>car</W><W>.</W></SENTENCE></P><P></P><P><SENTENCE><W>The</W><W>next</W><W>case</W><W>is</W><W>Morris</W><W>Munson</W><W>,</W><W>who</W><W>failed</W><W>to</W><W>appear</W><W>on</W><W>homicide</W><W>charges</W><W>.</W></SENTENCE><SENTENCE><W>He</W><W>proves</W><W>easy</W><W>enough</W><W>to</W><W>find</W><W>but</W><W>much</W><W>more</W><W>difficult</W><W>to</W><W>snag</W><W>,</W><W>and</W><W>there</W><W>is</W><W>much</W><W>comedy</W><W>as</W><W>Stephanie</W><W>and</W><W>friend</W><W>try</W><W>to</W><W>corner</W><W>Munson</W><W>.</W></SENTENCE><SENTENCE><W>But</W><W>the</W><W>most</W><W>intriguing</W><W>case</W><W>is</W><W>that</W><W>of</W><W>Carlos</W><W>Ranger</W><W></W><W>Manoso</W><W>,</W><W>who</W><W>taught</W><W>Stephanie</W><W>her</W><W>trade</W><W>as</W><W>a</W><W>bounty</W><W>hunter</W><W>and</W><W>who</W><W>is</W><W>now</W><W>wanted</W><W>for</W><W>questioning</W><W>in</W><W>regard</W><W>to</W><W>the</W><W>murder</W><W>of</W><W>a</W><W>local</W><W>mobsters</W><W>son</W><W>.</W></SENTENCE><SENTENCE><W>There</W><W>is</W><W>something</W><W>going</W><W>on</W><W>that</W><cue ID="12" type="negation"><W>does</W><W>nt</W></cue><xcope ID="71"><ref COMMENTS="" ID="72" SRC="12"></ref><W>smell</W><W>right</W><W>with</W><W>this</W></xcope><W>,</W><W>and</W><W>both</W><W>Stephanie</W><W>and</W><W>Ranger</W><W>work</W><W>to</W><W>gather</W><W>information</W><W>on</W><W>the</W><W>case</W><W>.</W></SENTENCE></P><P></P><P><SENTENCE><W>Meanwhile</W><W>,</W><W>Grandmother</W><W>Mazur</W><W>moves</W><W>in</W><W>with</W><W>Stephanie</W><W>,</W><W>turning</W><W>Stephs</W><W>sex</W><W>life</W><W>upside</W><W>down</W><W>and</W><W>banishing</W><W>her</W><W>to</W><W>the</W><W>couch</W><W>.</W></SENTENCE><SENTENCE><W>Various</W><W>people</W><W>,</W><W>from</W><W>Ranger</W><W>to</W><W>Munson</W><W>,</W><W>break</W><W>into</W><W>Stephanies</W><W>apartment</W><W>as</W><W>she</W><W>attempts</W><W>to</W><W>sleep</W><W>on</W><W>the</W><W>couch</W><W>,</W><W>keeping</W><W>her</W><W>tired</W><W>and</W><W>grumpy</W><W>through</W><W>the</W><W>day</W><W>.</W></SENTENCE><SENTENCE><W>Grandma</W><W>Mazur</W><W>wakes</W><W>up</W><W>only</W><W>at</W><W>the</W><W>end</W><W>of</W><W>the</W><W>activities</W><W>,</W><W>complaining</W><W>that</W><W>Stephanie</W><W>is</W><W>running</W><W>a</W><W>nuthouse</W><W>with</W><W>all</W><W>these</W><W>late-night</W><W>visitors</W><W>.</W></SENTENCE></P><P></P><P><SENTENCE><W>Then</W><W>there</W><W>is</W><W>her</W><W>boyfriend</W><W>,</W><W>Joe</W><W>Morelli</W><W>,</W><W>a</W><W>vice</W><W>cop</W><W>with</W><W>the</W><W>Trenton</W><W>Police</W><W>Department</W><W>.</W></SENTENCE><SENTENCE><W>Even</W><W>as</W><W>he</W><W>gets</W><W>increasingly</W><W>frustrated</W><W>that</W><W>there</W><W>is</W><cue ID="15" type="negation"><W>never</W></cue><xcope ID="30"><ref ID="31" SRC="15"></ref><W>a</W><W>quiet</W><W>moment</W><W>to</W><W>spend</W><W>with</W><W>Stephanie</W></xcope><W>,</W><W>she</W><W>becomes</W><W>an</W><W>important</W><W>conduit</W><W>for</W><W>information</W><W>between</W><W>the</W><W>police</W><W>and</W><W>Ranger</W><W>.</W></SENTENCE><SENTENCE><W>Stephanie</W><W>is</W><W>feeling</W><W>the</W><W>frustration</W><W>too</W><W>,</W><W>but</W><W>youre</W><cue ID="16" type="negation"><W>never</W></cue><xcope ID="75"><ref COMMENTS="" ID="77" SRC="16"></ref><W>quite</W><W>sure</W><cue ID="73" type="speculation"><W>if</W></cue><xcope ID="74"><ref COMMENTS="" ID="76" SRC="73"></ref><W>it</W><W>s</W><xcope ID="21"><ref ID="26" SRC="19"></ref><W>Morelli</W></xcope><cue ID="19" type="speculation"><W>or</W></cue><xcope ID="22"><ref ID="27" SRC="19"></ref><W>Ranger</W></xcope><W>she</W><W>lusts</W><W>after</W></xcope></xcope><W>.</W></SENTENCE><SENTENCE><W>I</W><W>had</W><W>the</W><W>feeling</W><W>that</W><W>either</W><cue ID="17" type="speculation"><W>would</W></cue><xcope ID="80"><ref COMMENTS="" ID="82" SRC="17"></ref><W>make</W><W>Steph</W><W>happy</W><W>,</W><cue ID="78" type="speculation"><W>if</W></cue><xcope ID="79"><ref COMMENTS="" ID="81" SRC="78"></ref><W>only</W><W>Grandma</W><W>Mazur</W><cue ID="18" type="speculation"><W>would</W><W>nt</W></cue><xcope ID="24"><ref ID="29" SRC="18"></ref><W>stick</W><W>her</W><W>nose</W><W>into</W><W>the</W><W>wrong</W><W>place</W><W>at</W><W>the</W><W>wrong</W><W>time</W></xcope></xcope></xcope><W>.</W></SENTENCE></P><P></P><P><SENTENCE><W>Finally</W><W></W><W>as</W><cue ID="58" type="speculation"><W>if</W></cue><xcope ID="59"><ref COMMENTS="" ID="60" SRC="58"></ref><W>she</W><cue ID="32" type="negation"><W>did</W><W>nt</W></cue><xcope ID="33"><ref ID="34" SRC="32"></ref><W>have</W><W>enough</W><W>going</W><W>on</W></xcope></xcope><W></W><W>Stephanie</W><W>is</W><W>saddled</W><W>with</W><W>a</W><W>large</W><W>omnivorous</W><W>dog</W><W>named</W><W>Bob</W><W>,</W><W>who</W><W>becomes</W><W>the</W><W>um</W><W>,</W><W>butt</W><W>of</W><W>many</W><W>of</W><W>the</W><W>books</W><W>jokes</W><W>.</W></SENTENCE><SENTENCE><W>And</W><W>this</W><W>book</W><W>has</W><W>LOTS</W><W>of</W><W>jokes</W><W>,</W><W>many</W><W>of</W><W>which</W><W>are</W><W>laugh-out-loud</W><W>funny</W><W>.</W></SENTENCE></P><P></P><P><SENTENCE><W>There</W><W>is</W><W>a</W><W>fine</W><W></W><W>and</W><W>mostly</W><W>unexpected</W><W>twist</W><W></W><W>at</W><W>the</W><W>end</W><W>and</W><W>the</W><W>book</W><W>came</W><W>to</W><W>a</W><W>satisfying</W><W>conclusion</W><W>,</W><W>leaving</W><W>many</W><W>smiles</W><W>in</W><W>its</W><W>wake</W><W>.</W></SENTENCE><SENTENCE><W>This</W><W>is</W><W>a</W><W>very</W><W>fun</W><W>story</W><W>that</W><cue COMMENTS="" ID="35" type="speculation"><W>should</W></cue><xcope ID="83"><ref COMMENTS="" ID="84" SRC="35"></ref><W>be</W><W>enjoyed</W><W>by</W><W>any</W><W>fans</W><W>of</W><xcope ID="39"><ref ID="44" SRC="37"></ref><W>Sue</W><W>Grafton</W></xcope><cue ID="37" type="speculation"><W>or</W></cue><xcope ID="40"><ref ID="45" SRC="37"></ref><W>Sarah</W><W>Paretsky</W></xcope><W>novels</W></xcope><W>.</W></SENTENCE><SENTENCE><W>In</W><W>fact</W><W>,</W><W>Hot</W><W>Six</W><W></W><W>is</W><W>considerably</W><W>wittier</W><W>than</W><W>those</W><W>other</W><W>fine</W><W>novels</W><W>and</W><W>Stephanie</W><W>Plum</W><W>is</W><W>a</W><W>more</W><W>sexually</W><W>straightforward</W><W>character</W><W>than</W><W>V.</W><W>I.</W><W>Warshawsky</W><W>or</W><W>Kinsey</W><W>Milhone</W><W>.</W></SENTENCE><SENTENCE><W>Stephanie</W><W>is</W><cue COMMENTS="" ID="36" type="negation"><W>never</W></cue><xcope ID="42"><ref ID="46" SRC="36"></ref><W>far</W></xcope><W></W><W>in</W><W>spirit</W><W>,</W><W>anyway</W><W></W><W>from</W><W>a</W><W>tumble</W><W>with</W><W>one</W><W>of</W><W>her</W><W>chosen</W><W>guys</W><W>and</W><W>she</W><W>gets</W><W>more</W><W>eager</W><W>as</W><W>the</W><W>possibility</W><W>keeps</W><W>eluding</W><W>her</W><W>.</W></SENTENCE></P><P></P><P><SENTENCE><W>And</W><W>a</W><W>tumble</W><W>with</W><W>Stephanie</W><W>sounds</W><W>terrific</W><W>to</W><W>this</W><W>red-blooded</W><W>guy</W><W>,</W><W>as</W><W>she</W><W>is</W><W>smart</W><W>,</W><W>funny</W><W>,</W><W>human</W><W>and</W><W>sexy</W><W>.</W></SENTENCE><SENTENCE><W>Since</W><W>my</W><W>wife</W><W>and</W><W>I</W><W>listened</W><W>to</W><W>Hot</W><W>Six</W><W></W><W>as</W><W>an</W><W>unabridged</W><W>book</W><W>on</W><W>tape</W><W>,</W><W>I</W><W>looked</W><W>at</W><W>my</W><W>wife</W><W>from</W><W>time</W><W>to</W><W>time</W><W>and</W><W>saw</W><W>that</W><W>she</W><W>was</W><W>enjoying</W><W>the</W><W>story</W><W>every</W><W>bit</W><W>as</W><W>much</W><W>as</W><W>I</W><W>was</W><W>,</W><W>proving</W><W>to</W><W>me</W><W>that</W><W>Stephanie</W><W>Plums</W><W>humanity</W><W>and</W><W>wit</W><W>transcends</W><W>the</W><W>sexes</W><W>and</W><W>appeals</W><W>to</W><W>any</W><W>lover</W><W>of</W><W>action/detective</W><W>novels</W><W>.</W></SENTENCE></P><P></P><P><SENTENCE><W>There</W><W>is</W><W>a</W><W>lot</W><W>of</W><W>talk</W><W>of</W><W>sex</W><W>in</W><W>this</W><W>book</W><W>and</W><W>there</W><W>is</W><W>a</W><W>fair</W><W>amount</W><W>of</W><W>rough</W><W>language</W><W>between</W><W>the</W><W>various</W><W>characters</W><W>,</W><W>many</W><W>of</W><W>whom</W><W>are</W><W>criminals</W><W>who</W><cue COMMENTS="" ID="47" type="speculation"><W>probably</W></cue><xcope COMMENTS="" ID="50"><ref COMMENTS="" ID="51" SRC="47"></ref><W>seldom</W><W>consult</W><W>a</W><W>dictionary</W></xcope><W>.</W></SENTENCE><SENTENCE><W>And</W><W>there</W><W>is</W><W>a</W><W>grope</W><W>or</W><W>two</W><W>but</W><W>no</W><W>actual</W><W>sex</W><W>.</W></SENTENCE><SENTENCE><W>This</W><W>book</W><cue COMMENTS="" ID="48" type="speculation"><W>would</W></cue><xcope COMMENTS="" ID="49"><ref COMMENTS="" ID="52" SRC="48"></ref><W>be</W><W>appropriate</W><W>for</W><W>anyone</W><W>from</W><W>a</W><W>mature</W><W>16-year-old</W><W>on</W><W>up</W></xcope><W>,</W><W>although</W><W>many</W><W>of</W><W>Stephanies</W><W>problems</W><W>are</W><W>rooted</W><W>in</W><W>human</W><W>nature</W><W>with</W><W>which</W><W>a</W><W>teen</W><W>has</W><W>little</W><W>experience</W><W>.</W></SENTENCE></P><P></P><P><SENTENCE><W>I</W><cue ID="53" type="speculation"><W>probably</W></cue><xcope ID="61"><ref COMMENTS="" ID="62" SRC="53"></ref><cue ID="54" type="speculation"><W>should</W></cue><xcope ID="56"><ref COMMENTS="" ID="59" SRC="54"></ref><W>have</W><W>started</W><W>this</W><W>series</W><W>of</W><W>books</W><W>with</W><W>an</W><W>earlier</W><W>title</W></xcope></xcope><W>but</W><W>I</W><W>felt</W><W>that</W><W>I</W><cue ID="55" type="negation"><W>have</W><W>nt</W></cue><xcope ID="57"><ref COMMENTS="" ID="60" SRC="55"></ref><W>missed</W><W>anything</W><W>by</W><W>starting</W><W>in</W><W>the</W><W>middle</W></xcope><W>.</W></SENTENCE><SENTENCE><W>As</W><W>it</W><W>is</W><W>,</W><W>there</W><W>are</W><W>lots</W><W>of</W><W>memorable</W><W>scenes</W><W>in</W><W>Hot</W><W>Six</W><W></W><W>that</W><W>I</W><W>still</W><W>recall</W><W>with</W><W>a</W><W>smile</W><W>,</W><W>including</W><W>Bob</W><W>(</W><W>the</W><W>dog</W><W>)</W><W></W><W>er</W><W>,</W><W>unloading</W><W>in</W><W>a</W><W>car</W><W>with</W><W>two</W><W>hitmen</W><W>and</W><W>Stephanie</W><W>tackling</W><W>a</W><W>naked</W><W>Morris</W><W>Munson</W><W>after</W><W>she</W><W>flushes</W><W>him</W><W>out</W><W>of</W><W>the</W><W>shower</W><W>.</W></SENTENCE></P><P></P><P><SENTENCE><W>Hot</W><W>Six</W><W></W><W>is</W><W>a</W><W>very</W><W>fun</W><W>book</W><W>that</W><W>will</W><W>have</W><W>you</W><W>smiling</W><W>at</W><W>the</W><W>antics</W><W>of</W><W>Stephanie</W><W>Plum</W><W>,</W><W>one</W><W>of</W><W>the</W><W>most</W><W>smartly</W><W>written</W><W>and</W><W>human</W><W>characters</W><W>that</W><W>Ive</W><W>seen</W><W>in</W><W>casual</W><W>fiction</W><W>.</W></SENTENCE><SENTENCE><cue ID="85" type="speculation"><W>If</W></cue><xcope ID="86"><ref COMMENTS="" ID="87" SRC="85"></ref><W>the</W><W>other</W><W>books</W><W>in</W><W>this</W><W>series</W><W>are</W><W>as</W><W>good</W><W>as</W><W>this</W></xcope><W>,</W><W>Im</W><W>in</W><W>for</W><W>a</W><W>fun</W><W>ride</W><W>.</W></SENTENCE></P><P></P><P><SENTENCE><W>Im</W><W>giving</W><W>this</W><W>book</W><W>4.5</W><W>stars</W><W>,</W><W>rounded</W><W>off</W><W>to</W><W>four</W><W>in</W><W>this</W><W>case</W><W>.</W></SENTENCE><SENTENCE><W>After</W><W>all</W><W>,</W><W>it</W><W>takes</W><W>a</W><W>truly</W><W>exceptional</W><W>book</W><W>to</W><W>make</W><W>it</W><W>to</W><W>five</W><W>stars</W><W>.</W></SENTENCE></P><P></P><P><SENTENCE><W>Since</W><W>I</W><W>listened</W><W>to</W><W>this</W><W>book</W><W>as</W><W>a</W><W>book</W><W>on</W><W>tape</W><W>,</W><W>please</W><W>forgive</W><W>me</W><W>if</W><W>I</W><W>misspell</W><W>a</W><W>name</W><W>.</W></SENTENCE><SENTENCE><W>The</W><W>story</W><W>was</W><W>exceptionally</W><W>well</W><W>read</W><W>by</W><W>C.J.</W><W>Critt</W><W>,</W><W>and</W><W>her</W><W>dramatic</W><W>reading</W><W>brought</W><W>another</W><W>dimension</W><W>of</W><W>enjoyment</W><W>to</W><W>this</W><W>novel</W><W>.</W></SENTENCE></P></DOCUMENT>
