<?xml version="1.0" encoding="UTF-8"?>
<DOCUMENT><P></P><P><SENTENCE><W>This</W><W>is</W><W>the</W><W>sixth</W><W>book</W><W>in</W><W>the</W><W>Stephanie</W><W>Plum</W><W>series</W><W>.</W></SENTENCE><SENTENCE><cue ID="37" type="speculation"><W>If</W></cue><xcope ID="38"><ref COMMENTS="" ID="39" SRC="37"></ref><W>you</W><W>have</W><cue ID="0" type="negation"><W>never</W></cue><xcope ID="3"><ref ID="6" SRC="0"></ref><W>had</W><W>the</W><W>fun</W><W>of</W><W>reading</W><W>a</W><W>book</W><W>in</W><W>this</W><W>series</W></xcope></xcope><W>do</W><cue ID="1" type="negation"><W>not</W></cue><xcope ID="4"><ref ID="7" SRC="1"></ref><W>start</W><W>with</W><W>this</W><W>one</W></xcope><W>.</W></SENTENCE><SENTENCE><W>Go</W><W>to</W><W>the</W><W>library</W><W>and</W><W>start</W><W>with</W><W>One</W><W>For</W><W>The</W><W>Money</W><W>and</W><W>work</W><W>your</W><W>way</W><W>up</W><W>to</W><W>Hot</W><W>Six</W><W>.</W></SENTENCE><SENTENCE><W>Each</W><W>book</W><W>has</W><W>the</W><W>same</W><W>characters</W><W>,</W><W>but</W><W>there</W><W>are</W><W>fringe</W><W>characters</W><W>that</W><W>are</W><W>in</W><W>some</W><W>of</W><W>the</W><W>books</W><W>and</W><cue ID="2" type="negation"><W>not</W></cue><xcope ID="5"><ref ID="8" SRC="2"></ref><W>in</W><W>others</W></xcope><W>.</W></SENTENCE></P><P></P><P><SENTENCE><W>To</W><W>begin</W><W>with</W><W>,</W><W>Stephanie</W><W>is</W><W>a</W><W>bounty</W><W>hunter</W><W>.</W></SENTENCE><SENTENCE><W>She</W><W>was</W><W>down</W><W>on</W><W>her</W><W>luck</W><W>and</W><W>needed</W><W>a</W><W>job</W><W>and</W><W>went</W><W>to</W><W>work</W><W>for</W><W>a</W><W>relative</W><W>than</W><W>owns</W><W>this</W><W>agency</W><W>.</W></SENTENCE><SENTENCE><W>Is</W><W>she</W><W>qualified</W><W>for</W><W>this</W><W>job</W><W>?</W></SENTENCE><SENTENCE><cue ID="9" type="negation"><W>No,</W></cue><xcope ID="11"><ref ID="12" SRC="10"></ref><W>of</W><W>course</W></xcope><cue ID="10" type="negation"><W>not</W></cue><W>.</W></SENTENCE><SENTENCE><W>That</W><W>&#39;s</W><W>part</W><W>of</W><W>the</W><W>fun</W><W>.</W></SENTENCE></P><P></P><P><SENTENCE><W>Stephanie</W><W>has</W><W>two</W><W>love</W><W>interests</W><W>that</W><W>she</W><W>is</W><W>having</W><W>a</W><W>problem</W><W>choosing</W><W>between</W><W>.</W></SENTENCE><SENTENCE><W>One</W><W>of</W><W>them</W><W>is</W><W>a</W><W>Trenton</W><W>vice</W><W>cop</W><W>,</W><W>Joe</W><W>Morelli</W><W>.</W></SENTENCE><SENTENCE><W>She</W><W>has</W><W>known</W><W>him</W><W>since</W><W>childhood</W><W>.</W></SENTENCE><SENTENCE><W>The</W><W>second</W><W>is</W><W>Ranger(</W><cue ID="13" type="negation"><W>not</W></cue><xcope ID="14"><ref ID="15" SRC="13"></ref><W>his</W><W>real</W><W>name</W></xcope><W>)</W><W>,</W><W>who</W><W>is</W><W>also</W><W>a</W><W>bounty</W><W>hunter</W><W>but</W><W>is</W><W>a</W><W>man</W><W>of</W><W>mystery</W><W>.</W></SENTENCE><SENTENCE><W>He</W><W>has</W><W>saved</W><W>Stephanie</W><W>on</W><W>more</W><W>than</W><W>one</W><W>occasion</W><W>.</W></SENTENCE><SENTENCE><W>What</W><W>&#39;s</W><W>a</W><W>girl</W><W>to</W><W>do</W><W>?</W></SENTENCE></P><P></P><P><SENTENCE><W>In</W><W>Hot</W><W>Six</W><W>,</W><W>Ranger</W><W>becomes</W><W>the</W><W>hunted</W><W>.</W></SENTENCE><SENTENCE><W>The</W><W>son</W><W>of</W><W>an</W><W>international</W><W>black-market</W><W>arms</W><W>dealer</W><W>has</W><W>been</W><W>murdered</W><W>and</W><W>Ranger</W><W>was</W><W>caught</W><W>on</W><W>tape</W><W>leaving</W><W>the</W><W>scene</W><W>.</W></SENTENCE><SENTENCE><W>He</W><W>is</W><W>wanted</W><W>for</W><W>questioning</W><W>and</W><W>Stephanie</W><W>refuses</W><W>the</W><W>case</W><W>.</W></SENTENCE><SENTENCE><W>This</W><W>does</W><cue ID="16" type="negation"><W>not</W></cue><xcope ID="18"><ref COMMENTS="" ID="20" SRC="16"></ref><W>mean</W><W>that</W><W>she</W></xcope><cue ID="17" type="negation"><W>wo</W><W>n&#39;t</W></cue><xcope ID="19"><ref COMMENTS="" ID="26" SRC="16"></ref><W>become</W><W>very</W><W>involved</W></xcope><W>.</W></SENTENCE></P><P></P><P><SENTENCE><W>One</W><W>of</W><W>my</W><W>favorite</W><W>characters</W><W>in</W><W>this</W><W>book</W><W>is</W><W>Stephanie</W><W>&#39;s</W><W>maternal</W><W>grandmother</W><W>.</W></SENTENCE><SENTENCE><W>She</W><W>is</W><cue COMMENTS="" ID="22" type="negation"><W>not</W></cue><xcope COMMENTS="" ID="24"><ref COMMENTS="" ID="27" SRC="22"></ref><W>your</W><W>typical</W><W>grandmother</W></xcope><W>.</W></SENTENCE><SENTENCE><W>Her</W><W>favorite</W><W>hobby</W><W>is</W><W>checking</W><W>the</W><W>obituaries</W><W>and</W><W>visiting</W><W>the</W><W>deceased</W><W>in</W><W>a</W><W>particular</W><W>funeral</W><W>home</W><W>.</W></SENTENCE><SENTENCE><W>She</W><W>also</W><W>carries</W><W>a</W><W>gun</W><W>that</W><W>she</W><W>picked</W><W>up</W><W>at</W><W>a</W><W>garage</W><W>sale</W><W>.</W></SENTENCE><SENTENCE><W>Does</W><W>she</W><W>know</W><W>how</W><W>to</W><W>use</W><W>it</W><W>?</W></SENTENCE><SENTENCE><xcope COMMENTS="" ID="25"><ref COMMENTS="" ID="28" SRC="23"></ref><W>Of</W><W>course</W></xcope><cue COMMENTS="" ID="23" type="negation"><W>not</W></cue><W>.</W></SENTENCE></P><P></P><P><SENTENCE><W>In</W><W>Hot</W><W>Six</W><W>she</W><W>decides</W><W>to</W><W>leave</W><W>Stephanie</W><W>&#39;s</W><W>mother</W><W>and</W><W>father</W><W>&#39;s</W><W>home</W><W>and</W><W>move</W><W>in</W><W>with</W><W>Stephanie</W><W>.</W></SENTENCE><SENTENCE><W>As</W><W>if</W><W>that</W><cue COMMENTS="" ID="29" type="negation"><W>is</W><W>n&#39;t</W></cue><xcope COMMENTS="" ID="30"><ref COMMENTS="" ID="31" SRC="29"></ref><W>enough</W></xcope><W>,</W><W>Stephanie</W><W>is</W><W>asked</W><W>to</W><W>take</W><W>care</W><W>of</W><W>a</W><W>huge</W><W>dog</W><W>that</W><W>eats</W><W>everything</W><W>in</W><W>sight</W><W>.</W></SENTENCE><SENTENCE><W>Stephanie</W><W>&#39;s</W><W>sex</W><W>life</W><W>is</W><W>ruined</W><W>.</W></SENTENCE></P><P></P><P><SENTENCE><W>I</W><W>chose</W><W>to</W><W>read</W><W>Hot</W><W>Six</W><W>on</W><W>the</W><W>deck</W><W>in</W><W>my</W><W>swing</W><W>on</W><W>a</W><W>glorious</W><W>day</W><W>.</W></SENTENCE><SENTENCE><W>As</W><W>usual</W><W>my</W><W>German</W><W>shepard</W><W>was</W><W>with</W><W>me</W><W>.</W></SENTENCE><SENTENCE><W>All</W><W>of</W><W>a</W><W>sudden</W><W>he</W><W>was</W><W>so</W><W>excited</W><W>and</W><W>trying</W><W>to</W><W>get</W><W>on</W><W>the</W><W>swing</W><W>with</W><W>me</W><W>.</W></SENTENCE><SENTENCE><W>I</W><W>wondered</W><W>what</W><W>got</W><W>him</W><W>started</W><W>when</W><W>I</W><W>realized</W><W>I</W><W>was</W><W>laughing</W><W>out</W><W>loud</W><W>.</W></SENTENCE><SENTENCE><W>There</W><W>is</W><W>humor</W><W>,</W><W>some</W><W>of</W><W>it</W><W>wicked</W><W>on</W><W>every</W><W>page</W><W>.</W></SENTENCE></P><P></P><P><SENTENCE><W>This</W><W>is</W><W>a</W><W>fast</W><W>paced</W><W>story</W><W>that</W><W>you</W><W>&#39;ll</W><cue COMMENTS="" ID="32" type="negation"><W>not</W></cue><xcope COMMENTS="" ID="33"><ref COMMENTS="" ID="34" SRC="32"></ref><W>want</W><W>to</W><W>put</W><W>down</W></xcope><W>.</W></SENTENCE><SENTENCE><W>If</W><W>you</W><W>are</W><W>offended</W><W>easily</W><W>by</W><W>off</W><W>color</W><W>language</W><W>or</W><W>humor</W><W>this</W><W>book</W><W>is</W><W>not</W><W>for</W><W>you</W><W>.</W></SENTENCE></P><P></P><P><SENTENCE><W>Move</W><W>over</W><W>Sue</W><W>Grafton</W><W>and</W><W>make</W><W>way</W><W>for</W><W>Janet</W><W>Evanovich</W><W>.</W></SENTENCE><SENTENCE><W>I</W><cue COMMENTS="" ID="35" type="speculation"><W>ca</W><W>n&#39;t</W></cue><xcope COMMENTS="" ID="36"><ref COMMENTS="" ID="37" SRC="35"></ref><W>wait</W><W>for</W><W>book</W><W>#</W><W>/#</W><W>7.</W></xcope><W>Enjoy</W><W>!</W></SENTENCE></P></DOCUMENT>
