<?xml version="1.0" encoding="UTF-8"?>
<DOCUMENT><P></P><P><SENTENCE><W>My</W><W>first</W><W>epinion</W><W>since</W><W>the</W><W>passing</W><W>of</W><W>Epinions</W><W>great</W><W>...</W><W>Hard_to_Please</W><W>aka</W><W>Mark</W><W>,</W><W>and</W><W>since</W><W>the</W><W>terrorist</W><W>attacks</W><W>on</W><W>September</W><W>11th</W><W>.</W></SENTENCE><SENTENCE><W>I</W><W>was</W><W>gone</W><W>,</W><W>just</W><W>needed</W><W>some</W><W>time</W><W>away</W><W>.</W></SENTENCE></P><P></P><P><SENTENCE><W>Ready</W><W>?</W><W>?</W><W>?</W></SENTENCE></P><P></P><P><SENTENCE><W>Thanksgiving</W><W>dinner</W><W>,</W><W>my</W><W>older</W><W>sister</W><W>Colleen</W><W>tells</W><W>me</W><W>the</W><W>new</W><W>James</W><W>Patterson</W><W>book</W><W>featuring</W><W>my</W><W>beloved</W><W>Dr.</W><W>Detective</W><W>Alex</W><W>Cross</W><W>came</W><W>out</W><W>Tuesday</W><W>.</W></SENTENCE><SENTENCE><W>I</W><W>had</W><cue ID="0" type="negation"><W>no</W></cue><xcope ID="5"><ref ID="9" SRC="0"></ref><W>idea</W></xcope><W>!</W><W>!</W><W>!</W></SENTENCE><SENTENCE><W>The</W><W>next</W><W>day</W><W>,</W><W>BLACK</W><W>FRIDAY</W><W>!</W><W>!</W><W>!</W><W>,</W><W>I</W><W>,</W><W>being</W><W>the</W><W>brave</W><W>,</W><W>adventurous</W><W>,</W><W>and</W><W>loopy</W><W>chick</W><W>that</W><W>I</W><W>am</W><W>,</W><W>ran</W><W>to</W><W>the</W><W>mall</W><W>!</W><W>!</W><W>!</W><W>!</W><W>!</W><W>!</W><W>!</W><W>!</W></SENTENCE><SENTENCE><W>I</W><W>bought</W><W>a</W><W>few</W><W>gifts</W><W>,</W><W>and</W><W>one</W><W>for</W><W>myself</W><W>,</W><W>which</W><W>kinda</W><cue ID="1" type="speculation"><W>seems</W></cue><xcope ID="6"><ref ID="10" SRC="1"></ref><W>selfish</W></xcope><W>,</W><W>it</W><W>being</W><W>the</W><W>season</W><W>of</W><W>GIVING</W><W>!</W><W>.</W></SENTENCE><SENTENCE><W>However</W><W>,</W><W>I</W><W>rationalized</W><W>!</W></SENTENCE><SENTENCE><W>Yes</W><W>,</W><W>I</W><W>sooo</W><W>wanted</W><W>to</W><W>read</W><W>&#34;</W><W>Violets</W><W>are</W><W>Blue</W><W>,</W><W>but</W><W>it</W><W>&#39;s</W><W>really</W><cue ID="2" type="negation"><W>NOT</W></cue><xcope ID="13"><ref ID="14" SRC="2"></ref><W>just</W><W>for</W><W>me</W></xcope><W>,</W><W>both</W><W>of</W><W>my</W><W>sisters</W><W>want</W><W>to</W><W>read</W><W>it</W><W>too</W><W>!</W></SENTENCE><SENTENCE><W>Therefore</W><W>,</W><W>it</W><W>&#39;s</W><cue ID="3" type="negation"><W>not</W></cue><xcope ID="7"><ref ID="11" SRC="3"></ref><W>selfish</W></xcope><W>,</W><W>because</W><W>it</W><cue ID="4" type="negation"><W>was</W><W>n&#39;t</W></cue><xcope ID="8"><ref ID="12" SRC="4"></ref><W>JUST</W><W>for</W><W>me</W></xcope><W>...but</W><W>the</W><W>three</W><W>of</W><W>us</W><W>:</W><W>)</W></SENTENCE></P><P></P><P><SENTENCE><W>...and</W><W>on</W><W>to</W><W>the</W><W>review</W><W>....</W></SENTENCE></P><P></P><P><SENTENCE><W>Violets</W><W>are</W><W>Blue</W><W>,</W><W>the</W><W>James</W><W>Patterson</W><W>novel</W><W>is</W><W>like</W><W>many</W><W>of</W><W>his</W><W>others</W><W>starring</W><W>the</W><W>infamous</W><W>Alex</W><W>Cross</W><W>.</W></SENTENCE><SENTENCE><W>Many</W><W>previous</W><W>characters</W><W>from</W><W>prior</W><W>books</W><W>show</W><W>up</W><W>again</W><W>.</W></SENTENCE><SENTENCE><W>Patterson</W><W>,</W><W>does</W><cue ID="15" type="negation"><W>not</W></cue><xcope ID="17"><ref ID="20" SRC="15"></ref><W>expect</W><W>you</W><W>to</W><W>know</W><W>who</W><W>they</W><W>are</W></xcope><W>,</W><W>so</W><W>he</W><W>gives</W><W>background</W><W>on</W><W>each</W><W>,</W><W>so</W><W>you</W><cue ID="18" type="negation"><W>are</W><W>n&#39;t</W></cue><xcope ID="19"><ref ID="21" SRC="18"></ref><W>lost</W></xcope><W>,</W><cue ID="47" type="speculation"><W>if</W></cue><xcope ID="48"><ref COMMENTS="" ID="49" SRC="47"></ref><W>this</W><W>is</W><W>the</W><W>first</W><W>book</W><W>of</W><W>his</W><W>that</W><W>you</W><W>happen</W><W>to</W><W>pick</W><W>up</W></xcope><W>.</W></SENTENCE><SENTENCE><W>---woohooo</W><W>Flyers</W><W>just</W><W>scored----</W><W>oops</W><W>,</W><W>sorry</W><W>,</W><W>I</W><W>&#39;m</W><W>watching</W><W>tv.--</W></SENTENCE></P><P></P><P><SENTENCE><W>Alex</W><W>Cross</W><W>whom</W><W>is</W><W>a</W><W>Washington</W><W>D.C.</W><W>homicide</W><W>detective</W><W>and</W><W>psychologist</W><W>,</W><W>and</W><W>is</W><W>also</W><W>a</W><W>liaison</W><W>with</W><W>the</W><W>FBI</W><W>,</W><W>is</W><W>being</W><W>called</W><W>in</W><W>again</W><W>,</W><W>by</W><W>High</W><W>ranking</W><W>FBI</W><W>guy</W><W>,</W><W>and</W><W>friend</W><W>,</W><W>Kyle</W><W>Craig</W><W>.</W></SENTENCE><SENTENCE><W>This</W><W>time</W><W>around</W><W>,</W><W>the</W><W>dead</W><W>are</W><W>hung</W><W>upside</W><W>down</W><W>,</W><W>drained</W><W>of</W><W>most</W><W>of</W><W>their</W><W>blood</W><W>,</W><W>bitten</W><W>,</W><W>and</W><W>bitten</W><W>,</W><W>and</W><W>bitten</W><W>again</W><W>.</W></SENTENCE><SENTENCE><W>People</W><W>are</W><W>dying</W><W>,</W><W>all</W><W>over</W><W>from</W><W>these</W><W>killers</W><W>.</W></SENTENCE><SENTENCE><W>The</W><W>case</W><W>takes</W><W>Alex</W><W>to</W><W>California</W><W>where</W><W>he</W><W>meets</W><W>San</W><W>Fransisco</W><W>Inspector</W><W>Jamilla</W><W>Hughs</W><W>,</W><W>where</W><W>he</W><W>learns</W><W>of</W><W>the</W><W>Vampire</W><W>theory</W><W>,</W><W>where</W><W>he</W><W>researches</W><W>,</W><W>and</W><W>talks</W><W>to</W><W>so</W><W>called</W><W>REAL</W><W>Vampires</W><W>.</W></SENTENCE><SENTENCE><W>Alex</W><W>is</W><W>of</W><W>course</W><W>skeptical</W><W>,</W><W>I</W><W>mean</W><W>,</W><W>come</W><W>on</W><W>,</W><W>VAMPIRES</W><W>?</W><W>?</W><W>?</W><W>?</W><W>Patterson</W><cue ID="22" type="negation"><W>does</W><W>n&#39;t</W></cue><xcope ID="23"><ref ID="24" SRC="22"></ref><W>expect</W><W>you</W><W>to</W><W>believe</W><W>in</W><W>Vampires</W></xcope><W>,</W><W>but</W><W>you</W><W>will</W><W>believe</W><W>in</W><W>those</W><W>that</W><W>want</W><W>to</W><W>be</W><W>vampires</W><W>,</W><W>and</W><W>live</W><W>their</W><W>lives</W><W>impersonating</W><W>the</W><W>dark</W><W>,</W><W>fanged</W><W>,</W><W>murderous</W><W>creatures</W><W>.</W></SENTENCE></P><P></P><P><SENTENCE><W>As</W><W>if</W><W>trying</W><W>to</W><W>find</W><W>the</W><W>killers</W><W>of</W><W>these</W><W>brutal</W><W>blood</W><W>draining</W><W>attacks</W><cue ID="25" type="negation"><W>were</W><W>n&#39;t</W></cue><xcope ID="26"><ref ID="27" SRC="25"></ref><W>enough</W></xcope><W>,</W><W>Alex</W><W>is</W><W>being</W><W>stalked</W><W>,</W><W>via</W><W>cell</W><W>phone</W><W>by</W><W>a</W><W>man</W><W>that</W><W>calls</W><W>himself</W><W>the</W><W>MASTERMIND.</W></SENTENCE><SENTENCE><W>The</W><W>Mastermind</W><W>threatens</W><W>Alex</W><W>,</W><W>and</W><W>his</W><W>family</W><W>(</W><W>his</W><W>grandmother</W><W>&#34;nana-mamma&#34;</W><W>,</W><W>his</W><W>three</W><W>children</W><W>,</W><W>Damon</W><W>,</W><W>Jannie</W><W>,</W><W>and</W><W>lil</W><W>Alex</W><W>)</W><W>,</W><W>and</W><W>everyone</W><W>he</W><W>loves</W><W>.</W></SENTENCE><SENTENCE><W>The</W><W>Mastermind</W><W>taunts</W><W>him</W><W>,</W><W>and</W><W>he</W><W>is</W><W>always</W><W>One</W><W>Step</W><W>Ahead</W><W>.</W></SENTENCE><SENTENCE><W>He</W><W>knows</W><W>where</W><W>Alex</W><W>is</W><W>at</W><W>every</W><W>moment</W><W>,</W><W>and</W><W>He</W><W>wants</W><W>Alex</W><W>dead</W><W>!</W></SENTENCE></P><P></P><P><SENTENCE><W>When</W><W>you</W><W>first</W><W>open</W><W>the</W><W>book</W><W>,</W><W>reading</W><W>the</W><W>Prologue</W><W>,</W><W>it</W><W>grips</W><W>you</W><W>,</W><W>right</W><W>then</W><W>,</W><W>right</W><W>there</W><W>,</W><W>so</W><W>early</W><W>on</W><W>,</W><W>you</W><W>have</W><cue ID="28" type="negation"><W>no</W></cue><xcope ID="29"><ref ID="30" SRC="28"></ref><W>choice</W></xcope><W>but</W><W>to</W><W>read</W><W>,</W><W>quickly</W><W>,</W><W>with</W><W>anticipation</W><W>,</W><W>knowing</W><W>in</W><W>your</W><W>heart</W><W>that</W><W>Alex</W><W>has</W><W>to</W><W>be</W><W>triumphant</W><W>!</W><W>,</W><W>does</W><W>n&#39;t</W><W>he</W><W>?</W></SENTENCE></P><P></P><P><SENTENCE><W>I</W><W>was</W><W>trying</W><W>to</W><W>find</W><W>clues</W><W>,</W><W>in</W><W>the</W><W>text</W><W>I</W><W>was</W><W>reading</W><W>,</W><W>the</W><W>scenes</W><W>I</W><W>created</W><W>in</W><W>my</W><W>head</W><W>from</W><W>the</W><W>words</W><W>Patterson</W><W>wrote</W><W>,</W><W>I</W><W>too</W><W>was</W><W>a</W><W>detective</W><W>,</W><W>a</W><W>profiler</W><W>,</W><W>a</W><W>psychologist</W><W>,</W><W>a</W><W>puzzle</W><W>solver</W><W>of</W><W>sorts</W><W>.</W></SENTENCE><SENTENCE><W>Who</W><W>is</W><W>the</W><W>Mastermind</W><W>?</W></SENTENCE><SENTENCE><W>Where</W><W>are</W><W>the</W><W>bloodsucking</W><W>killers</W><W>,</W><W>how</W><W>do</W><W>I</W><W>stop</W><W>them</W><W>.</W></SENTENCE></P><P></P><P><SENTENCE><W>As</W><W>with</W><W>Patterson</W><W>&#39;s</W><W>previous</W><W>books</W><W>,</W><W>there</W><cue ID="31" type="negation"><W>is</W><W>n&#39;t</W></cue><xcope ID="34"><ref COMMENTS="" ID="38" SRC="31"></ref><W>any</W><W>graphic</W><W>sex</W></xcope><W>,</W><W>or</W><W>much</W><W>foul</W><W>language</W><W>.</W></SENTENCE><SENTENCE><W>It</W><cue ID="48" type="speculation"><W>may</W></cue><xcope ID="49"><ref COMMENTS="" ID="52" SRC="48"></ref><cue ID="47" type="negation"><W>not</W></cue><xcope ID="35"><ref COMMENTS="" ID="51" SRC="47"></ref><W>even</W><W>be</W><W>something</W><W>the</W><W>normal</W><W>person</W></xcope><cue ID="36" type="speculation"><W>would</W></cue><xcope ID="37"><ref COMMENTS="" ID="50" SRC="36"></ref><W>even</W><W>pick</W><W>up</W></xcope></xcope><W>.</W></SENTENCE></P><P></P><P><SENTENCE><W>Patterson</W><W>&#39;s</W><W>gift</W><W>to</W><W>the</W><W>public</W><W>,his</W><W>fans</W><W>,</W><W>us</W><W>readers</W><W>,</W><W>is</W><W>his</W><W>consistent</W><W>,</W><W>mind</W><W>boggling</W><W>,</W><W>adrenaline</W><W>pumping</W><W>,</W><W>realistic</W><W>novels</W><W>of</W><W>the</W><W>chase</W><W>of</W><W>a</W><W>madman</W><W>,</W><W>or</W><W>madmen</W><W>,</W><W>blood</W><W>,</W><W>murders</W><W>,</W><W>cases</W><W>to</W><W>be</W><W>solved</W><W>.</W></SENTENCE></P><P></P><P><SENTENCE><W>-Note-</W><W>If</W><W>you</W><W>have</W><cue ID="42" type="negation"><W>never</W></cue><xcope ID="43"><ref ID="44" SRC="42"></ref><W>read</W><W>a</W><W>Patterson</W><W>book</W><W>featuring</W><W>Doctor</W><W>Detective</W><W>Alex</W><W>Cross</W></xcope><W>,</W><W>but</W><W>have</W><W>seen</W><W>one</W><W>or</W><W>both</W><W>of</W><W>the</W><W>movies</W><W>,</W><W>&#34;</W><W>Kiss</W><W>the</W><W>Girls</W><W>&#34;</W><W>,</W><W>and/or</W><W>&#34;</W><W>Along</W><W>Came</W><W>a</W><W>Spider</W><W>&#34;</W><W>.</W></SENTENCE><SENTENCE><W>Please</W><W>,</W><W>dismiss</W><W>them</W><W>.</W></SENTENCE><SENTENCE><W>READ</W><W>the</W><W>books</W><W>,</W><W>read</W><W>this</W><W>book</W><W>.</W></SENTENCE><SENTENCE><W>Because</W><W>as</W><W>you</W><W>and</W><W>I</W><W>know</W><W>99</W><W>%</W><W>of</W><W>the</W><W>time</W><W>the</W><W>movies</W><W>are</W><cue ID="45" type="negation"><W>never</W></cue><xcope ID="46"><ref ID="47" SRC="45"></ref><W>as</W><W>good</W><W>as</W><W>the</W><W>books</W><W>that</W><W>they</W><W>are</W><W>adapted</W><W>from</W><W>.</W></xcope></SENTENCE></P><P></P><P><SENTENCE><W>READ</W><W>IT</W><W>,</W><W>READ</W><W>IT</W><W>,</W><W>READ</W><W>IT</W><W>,</W><W>READ</W><W>IT</W><W>,</W><W>READ</W><W>IT</W><W>,</W><W>READ</W><W>IT...(annoying</W><W>,</W><W>are</W><W>n&#39;t</W><W>I?</W><W>)</W><W>:</W><W>)</W></SENTENCE></P><P></P><P><SENTENCE><W>PEACE</W></SENTENCE></P></DOCUMENT>
