<?xml version="1.0" encoding="UTF-8"?>
<DOCUMENT><P></P><P><SENTENCE><W>Im</W><W>a</W><W>huge</W><W>Stephen</W><W>King</W><W>fan</W><W>,</W><W>so</W><W>when</W><W>he</W><W>came</W><W>out</W><W>with</W><W>Eyes</W><W>of</W><W>The</W><W>Dragon</W><W>,</W><W>I</W><W>was</W><W>ecstatic</W><W>with</W><W>happiness</W><W>.</W></SENTENCE><SENTENCE><W>Eyes</W><W>of</W><W>the</W><W>Dragon</W><W>,</W><W>first</W><W>off</W><W>,</W><W>is</W><cue ID="0" type="negation"><W>not</W></cue><xcope ID="1"><ref ID="2" SRC="0"></ref><W>a</W><W>horror</W><W>book</W></xcope><W>like</W><W>SK</W><W>is</W><W>known</W><W>for</W><W>,</W><W>it</W><W>s</W><W>a</W><W>fairy</W><W>tale/science</W><W>fiction/fantasy</W><W>book</W><W>that</W><W>is</W><W>more</W><W>into</W><W>wizards</W><W>and</W><W>heroes</W><W>than</W><W>monsters</W><W>and</W><W>blood</W><W>.</W></SENTENCE></P><P></P><P><SENTENCE><W>In</W><W>Eyes</W><W>of</W><W>the</W><W>Dragon</W><W>,</W><W>SK</W><W>proves</W><W>again</W><W>(</W><W>as</W><W>he</W><W>does</W><W>in</W><W>all</W><W>of</W><W>his</W><W>books</W><W>)</W><W>that</W><W>he</W><W>is</W><W>at</W><W>the</W><W>top</W><W>of</W><W>his</W><W>game</W><W>still</W><W>at</W><W>his</W><W>old</W><W>age</W><W>.</W></SENTENCE><SENTENCE><W>Even</W><W>though</W><W>,</W><W>he</W><W>has</W><W>retired</W><W>,</W><W>his</W><W>memory</W><W>still</W><W>lives</W><W>on</W><W>through</W><W>his</W><W>wonderful</W><W>stories</W><W>.</W></SENTENCE><SENTENCE><W>Eyes</W><W>of</W><W>the</W><W>Dragon</W><W>shows</W><W>,</W><W>yet</W><W>again</W><W>,</W><W>that</W><W>he</W><cue ID="3" type="speculation"><W>can</W></cue><xcope ID="5"><ref ID="7" SRC="3"></ref><W>jump</W><W>from</W><W>genre</W><W>to</W><W>genre</W></xcope><W>as</W><W>hes</W><W>always</W><W>done</W><W>.</W></SENTENCE><SENTENCE><W>For</W><W>example</W><W>,</W><W>he</W><W>jumped</W><W>from</W><W>horror</W><W>(</W><W>Carrie</W><W>)</W><W>to</W><W>romance/drama</W><W>(</W><W>Dolores</W><W>Claiborne</W><W>)</W><W>to</W><W>fantasy</W><W>(</W><W>The</W><W>Dark</W><W>Tower</W><W>)</W><W>and</W><W>did</W><W>it</W><W>well</W><cue ID="4" type="negation"><W>without</W></cue><xcope ID="6"><ref ID="8" SRC="4"></ref><W>controversy</W></xcope><W>.</W></SENTENCE></P><P></P><P><SENTENCE><W>THE</W><W>STORY</W></SENTENCE></P><P></P><P><SENTENCE><W>When</W><W>King</W><W>Roland</W><W>dies</W><W>,</W><W>his</W><W>kingdom</W><W>is</W><W>in</W><W>turmoil</W><W>because</W><W>one</W><W>of</W><W>his</W><W>sons</W><W>,</W><W>Peter</W><W>,</W><W>is</W><W>framed</W><W>for</W><W>murdering</W><W>him</W><W>while</W><W>his</W><W>other</W><W>son</W><W>,</W><W>Thomas</W><W>,</W><W>takes</W><W>the</W><W>throne</W><W>knowing</W><W>that</W><W>his</W><W>brother</W><W>is</W><W>innocent</W><W>and</W><W>that</W><W>the</W><W>wizard</W><W>,</W><W>Flagg</W><W>,</W><W>killed</W><W>his</W><W>father</W><W>,</W><W>but</W><W>he</W><cue ID="9" type="negation"><W>does</W><W>nt</W></cue><xcope ID="11"><ref ID="13" SRC="9"></ref><W>care</W></xcope><W>because</W><W>his</W><W>father</W><cue ID="10" type="negation"><W>did</W><W>nt</W></cue><xcope ID="12"><ref ID="14" SRC="10"></ref><W>love</W><W>him</W><W>anyway</W></xcope><W>so</W><W>his</W><W>father</W><W>deserved</W><W>his</W><W>death</W><W>.</W></SENTENCE><SENTENCE><W>Will</W><W>Peter</W><W>become</W><W>King</W><W>like</W><W>he</W><W>rightfully</W><W>should</W><W>?</W></SENTENCE><SENTENCE><W>Will</W><W>Flagg</W><W>get</W><W>his</W><W>deserved</W><W>punishment</W><W>?</W></SENTENCE><SENTENCE><W>Will</W><W>Thomas</W><W>apologize</W><W>to</W><W>his</W><W>fathers</W><W>grave</W><W>and</W><W>to</W><W>his</W><W>imprisoned</W><W>brother</W><W>?</W></SENTENCE><SENTENCE><W>FIND</W><W>OUT</W><W>AND</W><W>BUY</W><W>THE</W><W>BOOK</W></SENTENCE></P><P></P><P><SENTENCE><W>The</W><W>book</W><W>itself</W><W>moves</W><W>rather</W><W>fast</W><cue ID="15" type="negation"><W>without</W></cue><xcope ID="17"><ref ID="19" SRC="15"></ref><W>leaving</W><W>the</W><W>reader</W><W>in</W><W>the</W><W>dust</W><W>about</W><W>the</W><W>character</W><W>s</W><W>past</W></xcope><W>.</W></SENTENCE><SENTENCE><W>Usually</W><W>in</W><W>Kings</W><W>books</W><W>,</W><W>he</W><W>writes</W><W>slowly</W><W>and</W><W>boringly</W><W>so</W><W>that</W><W>all</W><W>it</W><W>does</W><W>is</W><W>get</W><W>me</W><cue ID="16" type="negation"><W>NOT</W></cue><xcope ID="18"><ref ID="20" SRC="16"></ref><W>interested</W><W>in</W><W>one</W><W>of</W><W>his</W><W>books</W></xcope><W>(</W><W>for</W><W>example</W><W>,</W><W>IT</W><W>was</W><W>sort</W><W>of</W><W>like</W><W>that</W><W>and</W><W>so</W><W>was</W><W>Insomnia</W><W>FOR</W><W>ME)</W><W>,</W><W>but</W><W>in</W><W>a</W><W>couple</W><W>books</W><W>,</W><W>he</W><W>writes</W><W>them</W><W>really</W><W>well</W><W>and</W><W>makes</W><W>me</W><W>interested</W><W>his</W><W>characters</W><W>(</W><W>for</W><W>example</W><W>,</W><W>Bag</W><W>of</W><W>Bones</W><W>,</W><W>Misery</W><W>,</W><W>Salems</W><W>Lot</W><W>,</W><W>and</W><W>Pet</W><W>Sematary</W><W>)</W><W>.</W></SENTENCE></P><P></P><P><SENTENCE><W>The</W><W>only</W><W>real</W><W>thing</W><W>that</W><W>I</W><cue ID="21" type="negation"><W>did</W><W>nt</W></cue><xcope ID="22"><ref ID="23" SRC="21"></ref><W>AT</W><W>ALL</W><W>like</W><W>about</W><W>this</W><W>book</W><W>is</W><W>that</W><W>the</W><W>ending</W><W>was</W><W>horribly</W><W>rushed</W></xcope><W>.</W></SENTENCE><SENTENCE><W>It</W><W>spent</W><W>about</W><W>20</W><W>pages</W><W>setting</W><W>up</W><W>the</W><W>ending</W><W>and</W><W>then</W><W>it</W><W>took</W><W>about</W><W>three</W><W>pages</W><W>to</W><W>pull</W><W>it</W><W>off</W><W>and</W><W>it</W><W>was</W><W>awfully</W><W>unfinished</W><W>and</W><W>fast</W><W>.</W></SENTENCE><SENTENCE><W>It</W><W>sucked</W><W>because</W><W>you</W><W>dedicated</W><W>380</W><W>pages</W><W>to</W><W>all</W><W>of</W><W>the</W><W>characters</W><W>and</W><W>then</W><W>the</W><W>ending</W><W>just</W><W>sucks</W><W>.</W></SENTENCE><SENTENCE><W>MAN</W><W>!</W></SENTENCE></P><P></P><P><SENTENCE><W>One</W><W>of</W><W>the</W><W>coolest</W><W>parts</W><W>about</W><W>this</W><W>book</W><W>is</W><W>the</W><W>artwork</W><W>every</W><W>couple</W><W>of</W><W>chapters</W><W>.</W></SENTENCE><SENTENCE><W>The</W><W>chapters</W><cue ID="24" type="negation"><W>arent</W></cue><xcope ID="25"><ref ID="26" SRC="24"></ref><W>really</W><W>long</W><W>like</W><W>most</W><W>of</W><W>Kings</W><W></W><W>books</W></xcope><W>(</W><W>which</W><W>is</W><W>a</W><W>good</W><W>thing</W><W>for</W><W>readers</W><W>on</W><W>the</W><W>go</W><W>)</W><W>,</W><W>but</W><W>the</W><W>artwork</W><W>is</W><W>amazing</W><W>.</W></SENTENCE><SENTENCE><W>I</W><W>only</W><W>artist</W><W>I</W><W>really</W><W>like</W><W>is</W><W>H.R.</W><W>Giger</W><W>,</W><W>but</W><W>Im</W><W>really</W><W>giving</W><W>David</W><W>Palladini</W><W>,</W><W>because</W><W>his</W><W>sense</W><W>of</W><W>textures</W><W>and</W><W>shading</W><W>is</W><W>pretty</W><W>amazing</W><W>and</W><W>his</W><W>art</W><W>catches</W><W>the</W><W>visual</W><W>side</W><W>of</W><W>the</W><W>reader</W><W>and</W><W>is</W><W>really</W><W>enthralling</W><W>.</W></SENTENCE></P><P></P><P><SENTENCE><W>Overall</W><W>,</W><W>his</W><W>character</W><W>development</W><W>is</W><W>good</W><W>,</W><W>but</W><W>I</W><cue ID="27" type="negation"><W>did</W><W>nt</W></cue><xcope ID="29"><ref ID="31" SRC="27"></ref><W>really</W><W>get</W><W>to</W><W>know</W><W>Flagg</W><W>as</W><W>much</W><W>as</W><W>I</W><W>wanted</W><W>to</W></xcope><W>,</W><W>so</W><W>it</W><W>sort</W><W>of</W><W>sucks</W><W>because</W><W>I</W><W>sort</W><W>of</W><W>wanted</W><W>to</W><W>know</W><W>his</W><W>past</W><W>,</W><W>what</W><W>his</W><W>childhood</W><W>was</W><W>like</W><W>.</W></SENTENCE><SENTENCE><W>It</W><W>was</W><W>sort</W><W>of</W><W>disappointing</W><W>to</W><W>get</W><W>to</W><W>the</W><W>end</W><W>of</W><W>the</W><W>book</W><W>and</W><W>not</W><W>know</W><W>all</W><W>of</W><W>the</W><W>characters</W><W>as</W><W>much</W><W>as</W><W>you</W><W>wanted</W><W>,</W><W>but</W><W>it</W><W>s</W><cue ID="28" type="negation"><W>no</W></cue><xcope ID="30"><ref ID="32" SRC="28"></ref><W>biggie</W></xcope><W>.</W></SENTENCE></P><P></P><P><SENTENCE><W>If</W><W>you</W><W>are</W><W>a</W><W>big</W><W>Stephen</W><W>King</W><W>fan</W><W>and</W><W>love</W><W>his</W><W>work</W><W>,</W><W>but</W><W>want</W><W>a</W><W>sort</W><W>of</W><W>break</W><W>from</W><W>his</W><W>horror/sexual</W><W>stories</W><W>,</W><W>then</W><W>you</W><cue ID="33" type="speculation"><W>should</W></cue><xcope ID="38"><ref ID="39" SRC="33"></ref><W>definitely</W><W>check</W><W>out</W><W>Eyes</W><W>of</W><W>the</W><W>Dragon</W></xcope><W>because</W><W>it</W><W>is</W><W>appropriate</W><W>(</W><W>he</W><W>wrote</W><W>it</W><W>for</W><W>his</W><W>daughter</W><W>and</W><W>I</W><cue ID="34" type="negation"><W>DONT</W></cue><xcope ID="39"><ref COMMENTS="" ID="40" SRC="34"></ref><xcope ID="35"><ref ID="42" SRC="36"></ref><W>THINK</W><W>that</W><W>there</W><W>is</W><W>that</W><W>many</W><W>cuss</W><W>words</W></xcope><cue ID="36" type="speculation"><W>or</W></cue><xcope ID="37"><ref ID="41" SRC="36"></ref><W>any</W><W>sexual</W><W>tension</W><W>at</W><W>all</W></xcope></xcope><W>)</W><W>and</W><W>the</W><W>story</W><W>is</W><W>sensational</W><W>and</W><W>unfolds</W><W>at</W><W>a</W><W>fast</W><W>,</W><W>smooth</W><W>pace</W><W>.</W></SENTENCE><SENTENCE><W>Buy</W><W>it</W><W>,</W><W>you</W><W>owe</W><W>it</W><W>to</W><W>yourself</W><W>and</W><W>thanks</W><W>for</W><W>reading</W><W>.</W></SENTENCE></P><P></P><P><SENTENCE><W>JiggyJay</W></SENTENCE></P></DOCUMENT>
