<?xml version="1.0" encoding="UTF-8"?>
<DOCUMENT><P></P><P><SENTENCE><W>Once</W><W>upon</W><W>a</W><W>time</W><W>,</W><W>Stephen</W><W>King</W><W>wrote</W><W>a</W><W>fairy</W><W>tale</W><W>.</W></SENTENCE><SENTENCE><W>The</W><W>eyes</W><W>of</W><W>the</W><W>Dragon</W><W>is</W><W>a</W><W>truly</W><W>mesmorizing</W><W>and</W><W>fascinating</W><W>story</W><W>.</W></SENTENCE><SENTENCE><W>A</W><W>fairy</W><W>tale</W><W>for</W><W>adults</W><W>,</W><W>but</W><W>I</W><W>think</W><W>this</W><cue ID="0" type="speculation"><W>could</W></cue><xcope ID="3"><ref ID="10" SRC="0"></ref><W>be</W><W>for</W><W>older</W><W>children</W><W>also</W></xcope><W>.</W></SENTENCE><SENTENCE><W>It</W><cue ID="2" type="negation"><W>does</W><W>n&#39;t</W></cue><xcope ID="4"><ref ID="11" SRC="2"></ref><W>have</W><W>the</W><W>customary</W><W>violence</W></xcope><W>and</W><W>language</W><W>that</W><W>most</W><W>Stephen</W><W>King</W><W>novels</W><W>have</W><W>,</W><W>and</W><W>it</W><cue ID="6" type="negation"><W>is</W><W>n&#39;t</W></cue><xcope ID="8"><ref ID="12" SRC="6"></ref><W>so</W><W>intense</W><W>that</W><W>it</W><W>will</W><W>frighten</W><W>you</W><W>.</W></xcope></SENTENCE><SENTENCE><W>&#34;</W><W>Why</W><W>then</W><W>would</W><W>I</W><W>want</W><W>to</W><W>read</W><W>it</W><W>?</W><W>&#34;</W></SENTENCE><SENTENCE><W>You</W><cue ID="7" type="speculation"><W>may</W></cue><xcope ID="9"><ref ID="13" SRC="7"></ref><W>be</W><W>asking</W><W>yourself</W></xcope><W>.</W></SENTENCE><SENTENCE><W>Well</W><W>you</W><W>want</W><W>to</W><W>read</W><W>it</W><W>because</W><W>it</W><W>is</W><W>a</W><W>great</W><W>novel</W><W>.</W></SENTENCE></P><P></P><P><SENTENCE><W>The</W><W>story</W><W>is</W><W>set</W><W>in</W><W>an</W><W>ancient</W><W>kingdom</W><W>called</W><W>Delain</W><W>.</W></SENTENCE><SENTENCE><W>The</W><W>story</W><W>centers</W><W>around</W><W>two</W><W>young</W><W>boys</W><W>,</W><W>princes</W><W>,</W><W>the</W><W>son</W><W>of</W><W>the</W><W>King</W><W>.</W></SENTENCE><SENTENCE><W>The</W><W>two</W><W>brothers</W><W>are</W><W>Peter</W><W>and</W><W>Thomas</W><W>.</W></SENTENCE><SENTENCE><W>Peter</W><W>,</W><W>the</W><W>oldest</W><W>,</W><W>is</W><W>in</W><W>line</W><W>to</W><W>be</W><W>the</W><W>next</W><W>king</W><W>.</W></SENTENCE><SENTENCE><W>Peter</W><W>is</W><W>the</W><W>perfect</W><W>child</W><W>.</W></SENTENCE><SENTENCE><W>Everyone</W><W>loves</W><W>Peter</W><W>,</W><W>he</W><W>is</W><W>handsome</W><W>,</W><W>intelligent</W><W>,</W><W>and</W><W>caring</W><W>.</W></SENTENCE><SENTENCE><W>Thomas</W><W>,</W><W>on</W><W>the</W><W>other</W><W>hand</W><W>is</W><W>none</W><W>of</W><W>these</W><W>.</W></SENTENCE><SENTENCE><W>He</W><W>is</W><W>a</W><W>lonely</W><W>little</W><W>boy</W><W>disliked</W><W>and</W><W>ignored</W><W>by</W><W>all</W><W>,</W><W>even</W><W>his</W><W>father</W><W>.</W></SENTENCE><SENTENCE><W>Thomas</W><W>is</W><W>ignored</W><W>by</W><W>all</W><W>,</W><W>that</W><W>is</W><W>,</W><W>except</W><W>for</W><W>one</W><W>person</W><W>:</W><W>the</W><W>kings</W><W>magician</W><W>Flagg</W><W>.</W></SENTENCE><SENTENCE><W>Flagg</W><W>has</W><W>been</W><W>in</W><W>the</W><W>kingdom</W><W>for</W><W>years</W><W>;</W><W>as</W><W>long</W><W>as</W><W>anyone</W><cue ID="14" type="speculation"><W>can</W></cue><xcope ID="15"><ref COMMENTS="" ID="16" SRC="14"></ref><W>remember</W></xcope><W>.</W></SENTENCE></P><P></P><P><SENTENCE><W>Before</W><W>Peter</W><cue ID="17" type="speculation"><W>can</W></cue><xcope ID="19"><ref ID="21" SRC="17"></ref><W>become</W><W>King</W></xcope><W>,</W><W>his</W><W>father</W><W>is</W><W>murdered</W><W>and</W><W>he</W><W>is</W><W>framed</W><W>for</W><W>it</W><W>.</W></SENTENCE><SENTENCE><W>Since</W><W>Peter</W><W>is</W><W>royalty</W><W>,</W><W>he</W><cue ID="18" type="negation"><W>ca</W><W>n&#39;t</W></cue><xcope ID="20"><ref ID="22" SRC="18"></ref><W>be</W><W>killed</W></xcope><W>,</W><W>so</W><W>he</W><W>is</W><W>sent</W><W>up</W><W>into</W><W>a</W><W>tower</W><W>to</W><W>live</W><W>out</W><W>the</W><W>rest</W><W>of</W><W>his</W><W>life</W><W>.</W></SENTENCE><SENTENCE><W>The</W><W>only</W><W>people</W><W>he</W><W>sees</W><W>are</W><W>his</W><W>guards</W><W>.</W></SENTENCE><SENTENCE><W>The</W><W>only</W><W>thing</W><W>Peter</W><W>has</W><W>to</W><W>pass</W><W>his</W><W>time</W><W>is</W><W>his</W><W>dollhouse</W><W>that</W><W>he</W><W>played</W><W>with</W><W>when</W><W>he</W><W>was</W><W>little</W><W>,</W><W>the</W><W>only</W><W>other</W><W>convience</W><W>he</W><W>was</W><W>allowed</W><W>was</W><W>a</W><W>napkin</W><W>to</W><W>eat</W><W>with</W><W>,</W><W>these</W><W>he</W><W>specially</W><W>asked</W><W>for</W><W>.</W></SENTENCE></P><P></P><P><SENTENCE><W>Thomas</W><W>is</W><W>now</W><W>the</W><W>King</W><W>.</W></SENTENCE><SENTENCE><W>However</W><W>,</W><W>Thomas</W><W>is</W><W>young</W><W>and</W><W>needs</W><W>someone</W><W>to</W><W>help</W><W>rule</W><W>the</W><W>kingdom</W><W>.</W></SENTENCE><SENTENCE><W>Who</W><W>would</W><W>that</W><W>be</W><W>?</W></SENTENCE><SENTENCE><W>Why</W><W>Flagg</W><W>of</W><W>course</W><W>.</W></SENTENCE><SENTENCE><W>Thomas</W><W>knows</W><W>a</W><W>secret</W><W>that</W><cue ID="23" type="speculation"><W>could</W></cue><xcope ID="27"><ref ID="32" SRC="23"></ref><W>destroy</W><W>him</W><W>and</W></xcope><W>is</W><W>slowly</W><W>driving</W><W>him</W><W>mad</W><W>.</W></SENTENCE><SENTENCE><W>This</W><W>secret</W><cue ID="24" type="speculation"><W>could</W><W>not</W></cue><xcope ID="28"><ref ID="33" SRC="24"></ref><W>only</W><W>destroy</W><W>him</W></xcope><W>,</W><W>it</W><cue ID="25" type="speculation"><W>would</W></cue><xcope ID="29"><ref ID="34" SRC="25"></ref><W>definitely</W><W>destroy</W><W>Flagg</W></xcope><W>.</W></SENTENCE><SENTENCE><W>What</W><W>is</W><W>this</W><W>secret</W><W>?</W></SENTENCE><SENTENCE><W>Read</W><W>the</W><W>story</W><W>:</W><W>find</W><W>out</W><W>.</W></SENTENCE><SENTENCE><xcope ID="30"><ref ID="36" SRC="26"></ref><W>Will</W><W>Peter</W><W>ever</W><W>get</W><W>out</W></xcope><W>,</W><cue ID="26" type="speculation"><W>or</W></cue><xcope ID="31"><ref ID="35" SRC="26"></ref><W>will</W><W>he</W><W>die</W><W>in</W><W>the</W><W>tower</W></xcope><W>?</W></SENTENCE><SENTENCE><W>Once</W><W>again</W><W>read</W><W>the</W><W>story</W><W>find</W><W>out</W><W>.</W></SENTENCE></P><P></P><P><SENTENCE><W>I</W><W>love</W><W>Stephen</W><W>King</W><W>.</W></SENTENCE><SENTENCE><W>The</W><W>scarier</W><W>the</W><W>story</W><W>the</W><W>better</W><W>.</W></SENTENCE><SENTENCE><W>However</W><W>,</W><W>this</W><W>is</W><W>just</W><W>about</W><W>my</W><W>favorite</W><W>Stephen</W><W>King</W><W>story</W><W>.</W></SENTENCE><SENTENCE><W>It</W><cue ID="48" type="negation"><W>is</W><W>n&#39;t</W></cue><xcope ID="38"><ref COMMENTS="" ID="49" SRC="48"></ref><W>scary</W></xcope><W>,</W><W>but</W><W>it</W><W>is</W><W>enthralling</W><W>.</W></SENTENCE><SENTENCE><W>For</W><W>the</W><W>more</W><W>avid</W><W>King</W><W>readers</W><W>out</W><W>there</W><W>;</W><W>check</W><W>out</W><W>the</W><W>reference</W><W>to</W><W>this</W><W>story</W><W>in</W><W>the</W><W>Dark</W><W>Tower</W><W>series</W><W>,</W><W>Roland</W><W>mentions</W><W>some</W><W>of</W><W>the</W><W>characters</W><W>in</W><W>this</W><W>story</W><W>that</W><W>passed</W><W>through</W><W>his</W><W>town</W><W>when</W><W>he</W><W>was</W><W>young</W><W>.</W></SENTENCE></P><P></P><P><SENTENCE><W>For</W><W>anyone</W><W>out</W><W>there</W><W>who</W><W>just</W><W>wants</W><W>to</W><W>read</W><W>a</W><W>good</W><W>story</W><W>,</W><W>check</W><W>out</W><W>this</W><W>book</W><W>.</W></SENTENCE><SENTENCE><W>It</W><cue ID="50" type="negation"><W>is</W><W>n&#39;t</W></cue><xcope ID="44"><ref COMMENTS="" ID="51" SRC="50"></ref><W>violent</W></xcope><W>(</W><W>well</W><W>there</W><W>are</W><W>a</W><W>few</W><W>parts</W><W>,</W><W>but</W><cue ID="41" type="negation"><W>not</W></cue><xcope ID="45"><ref ID="49" SRC="41"></ref><W>usual</W><W>King</W><W>violence</W></xcope><W>)</W><W>.</W></SENTENCE><SENTENCE><W>It</W><cue ID="42" type="negation"><W>is</W><W>n&#39;t</W></cue><xcope ID="52"><ref COMMENTS="" ID="53" SRC="42"></ref><xcope ID="46"><ref ID="51" SRC="43"></ref><W>vulgar</W></xcope><cue ID="43" type="speculation"><W>or</W></cue><xcope ID="47"><ref ID="52" SRC="43"></ref><W>sexual</W></xcope></xcope><W>.</W></SENTENCE><SENTENCE><W>It</W><W>is</W><W>just</W><W>a</W><W>great</W><W>read</W><W>.</W></SENTENCE><SENTENCE><W>I</W><W>recommend</W><W>this</W><W>to</W><W>anyone</W><W>and</W><W>everyone</W><W>.</W></SENTENCE></P></DOCUMENT>
